58mhz,1
12mhz,1
Kehukokuumeen,1
Julkikäyttöön,1
Kantsusätkä,1
Julkikäyttö,1
Kannabissavulta,1
Radiotekniikoiden,1
Välimieshyökkäystä,1
Nettitilaajien,1
Keskuudessaä,1
Valmisteverotuksessa,1
Jälkiverotusaika,1
Verkkovendorin,1
Päätelaitekaan,1
Coherentresources,1
Bt3_monitor,1
Radiorajapintojen,1
Protokollatasojen,1
Nimihierarkian,1
Tdma,1
Fdma,1
Hannaamisen,1
Viinailmio,1
Pwwl0qvsyvw,1
Viinilaatikkoon,1
Veronmaksukaavake,1
Perilläoleva,1
Poliisikuluina,1
Putkakeikan,1
Siallahan,1
Fistaushommiin,1
Nobodys,1
21siemens,1
Slavemäinen,1
Vallanko,1
Työasematietokoneella,1
Rastaväreihin,1
Varusteltuiksi,1
Ammattirikollisiltako,1
Flightplanet,1
21__2755,1
Fishbed,1
Huumekoiraseulonnan,1
Hedgerahastollaan,1
Lamaliemessä,1
Jälkiverotus,1
Uuniteltiin,1
A1418700802953,1
Unikkokuvio,1
Maabrandi,1
Työtoveritkin,1
Kohtuuttomuudella,1
Consleg,1
2008l0118,1
Määräjäsenvaltio,1
Räjäsenvaltioon,1
Dattanut,1
Roiden,1
Paikallissotilaista,1
Arkipolttelijoita,1
Laittomuudestahan,1
Elokuvajulistetta,1
Odotustilojen,1
Normal_20120610_img_7274,1
Eritavallakin,1
Ljmhjgw,1
Nettikauppoilta,1
Contracostatimes,1
Ci_27148829,1
Ark6gvq,1
Kunnallisdemokratialla,1
Katteluksella,1
Keskitysleirinuotio,1
3ubbva_fdr4,1
Rautalankaselitys,1
Bcn4qaz,1
Valetukiasemaksi,1
Spesiaaliartikkelin,1
Muksuluurin,1
Miesurheilijoistakin,1
Helliteltäviksi,1
Haukkumismyräkkää,1
Huumesäteilyn,1
Astraalioppaan,1
Juoksusuoritukset,1
A1373333662950,1
Rillipaat,1
Alkoot,1
Sportscom,1
Keuhkosairauskuvia,1
Taajuusjakotaulukko_31122013,1
Taajuutemme,1
Sivukoodin,1
Uhrivuohen,1
Talousblogiin,1
Tasapainoisimmasta,1
Vaki_vahattelee_puunpolton_terveysriskeja,1
Valistuskampanjathan,1
Pedofiliakeissit,1
Parthiasta,1
Konsensuksettomia,1
Sähkölaittteeni,1
Sähköstaattista,1
Suodatinkasetin,1
Alumiinilevypakasta,1
Kiistellyissä,1
Aikajakoinen,1
Mouly,1
Pautet,1
Aliframea,1
Koodekin,1
Kanavakoodaus,1
Aliframe,1
A14187356502549,1
Eduskuntavaalit_1995,1
Eniten_,1
A4_saaneet_valitut_ehdokkaat,1
Salamatkustus,1
Matkatavaratilassa,1
Dwizkmd,1
Åboriginaalien,1
Luettelo_eduskuntavaalien_,1
A4niharavista,1
Valtiorahoitettu,1
Persuntorjuntaministeriö,1
Kynttilöille,1
Kynttiläpakkauksiin,1
Ulkokyltit,1
Pakuteippauksetkin,1
Kansalaille,1
Vaaratuotteita,1
Vihakommentoijista,1
Virkamiestavan,1
Pomottamatta,1
Oikoluvustakin,1
Internetkauppa,1
Pakkauslistasta,1
Valveutumattomia,1
Kokoomusyrittäjä,1
Tullausasioihin,1
Matalapalkkahommastaan,1
Patonkimaut,1
Tusarin,1
Liikevaihtoverolain,1
Kehitysaluelainsäädännön,1
Etupolitiikkana,1
Punasininen,1
Laitapuolue,1
Nuorsuomalaisille,1
Kynttilätön,1
Kuvabin,1
Jh8jex,1
Lanseerasin,1
Naurukissa,1
Koodereilla,1
Videopuhelijärjestelmä,1
Jkastaa,1
Tinapaperiin,1
Tusig,1
Umuku,1
Tilastotiedehän,1
Hedelmäpuodin,1
Nylkyttelyyn,1
Mentäsis,1
Saunansytykkeenä,1
Gourmondopaketissa,1
Ooppiumissa,1
Päihdekokeiluihin,1
Postihenkilön,1
Lainamenoilla,1
1700eur,1
Byrokratiaportaaseen,1
Jauhepusseja,1
Gourmondokos,1
Visitoineena,1
Hofbräuhausin,1
Augustinerissa,1
96drg2zgnh0,1
Uyfiso89zui,1
Aaaaaaaad5c,1
E5czrtqbois,1
W1461,1
Img_0057,1
Kaipuutasi,1
Index_31_7_2014,1
Rajahdyksessa,1
Tekijasta,1
Paremminvointipolitiikkaa,1
Amrbonite,1
Maailmanvalloitusviestiä,1
Intid,1
Kor_primer,1
Op_prime,1
Wpah0hx,1
Henkilökuntalainaa,1
Sisääntulosi,1
24pl,1
Nykyotsikointia,1
Tyosuhdelaina,1
Nylkyttelyn,1
Euroswap,1
Swappeihin,1
Viitekorkojen,1
Eläkefirmassa,1
A2236092,1
Kannabislaillistusaallon,1
Raportoiminenkin,1
Suuririskisempiin,1
Korkosalkkuihin,1
Luomupiretelö,1
Kateltuakaan,1
Harmaasusia,1
Bass_brewery,1
Averill,1
Mark_cases,1
Brand_licensing,1
Media_franchise,1
Registered_trademark_symbol,1
Trademark_symbol,1
Trademark_look,1
Postimyyntiliikettä,1
Havaitsemille,1
Seksivälinekaupoissa,1
337kb,1
4xha3mt8n,1
141218_luonnos_suomen_susikannan_hoitosuunnitelmaksi,1
Vähimmäiskanta,1
Riistahallinto,1
Hölmölämäisyydestä,1
Mieselittävä,1
Sontaherra,1
Ravintovalmiste,1
Korahduksissaan,1
Kevassahan,1
Lakitietä,1
Ambronitekin,1
Eläkesuunnitelmalta,1
Kirkastuonnin,1
Pikkuhepeniä,1
Brewdogit,1
Korsnasin,1
Eurooppalaistuisi,1
Alkoholiverotilastot,1
Palajastit,1
2pl27b,1
Til_the_finnish_police_fired_its_gun_6_times_in,1
Rltä,1
Idäntuonti,1
Hamstrausleikkiin,1
Hanapakkaukset,1
Peruspete,1
Khähhäää,1
Metsästyskoiriensa,1
Jääkiekkotaustaista,1
Nettotulojakauma,1
Perseenreijistä,1
Byrokstanian,1
Otettuanikaan,1
Kioskimyyntiä,1
Hakuehdota,1
Seksivälinekauppaa,1
Nettimyymälöitä,1
Riskikkäämmän,1
Yritysidealle,1
Valmiusmuodostelmaan,1
Puulakistakin,1
Saatavuusteorian,1
Juopompia,1
Artikelid,1
Matalalampi,1
Ensikertailaisuuden,1
Alkoholiveroeuroja,1
Räsäslandiassa,1
Ehitää,1
Rotii,1
Kassatyöskentelijät,1
Tusinakysymyksen,1
Lanseeraisia,1
Kannabisjutun,1
Irvailevatko,1
Baarikävijöiden,1
Keräilylaatikko,1
Drh0qyi,1
Size_homer,1
Lapikulkuala,1
A2176505,1
Shoppailijana,1
Lastensairaalalta,1
Ideoikaas,1
Naisparkki,1
Bruuveriha,1
Funstuffcafe,1
Amsterdam03,1
Paskaleidit,1
Anarkistipätkä,1
Upouudessa_koulussa_taas_sisailmaongelmia__altistunut_johtaja_penaa_rakennuttajan_vastuuta,1
Oppipaikasta,1
Henkilökuntatiedotteessaan,1
Autoverotusjohtaja,1
Autontuojilla,1
Autontuojaa,1
Snell,1
Provoilupätkä,1
Fzcv3tn,1
Jouluruuankin,1
Salajoulupukkini,1
Oluenpanokitillä,1
N4cmsqq,1
Profiilinteossa,1
62scmj4,1
Covereilla,1
Ärrsuamelle,1
Dpokcwpeom0,1
Kulkusversioinnin,1
M459chzucbu,1
Suurnavetta,1
A1384310941374,1
Keräilykohteeksi,1
Melkeinalkoholisoitumisesta,1
Aloitetekstiä,1
Burgrr,1
Ostarithan,1
Kukkenhaimiakin,1
Hinttihipsteriksi,1
Kasvisuutejuomaa,1
Käyttökatottomat,1
Urbanlan,1
Isäntäpariskunnalle,1
7p1r736imf0,1
Pitoisuuksineen,1
Ey4bfdf,1
Webseissä,1
Lainelautailla,1
Yliopistokorttelissa,1
Raidienjälkeisenä,1
Pättyivät,1
Iltapaskassakaan,1
Ruokakaupparajoitus,1
Googlepublicpolicy,1
Mpaas,1
Keikkasuunnitelmat,1
Chillailuiltamaan,1
Vinipullon,1
Aineenvaihdunnassani,1
Medialinkiksi,1
Pitimän,1
Ubk8myj5ixq,1
Teppotuppuraiset,1
Sannasuhmurat,1
Elonkaaremme,1
Saattamisessakin,1
Maisterintutkielmaan,1
Suomennostani,1
Historiankuvailu,1
Kuubion,1
Hyllynpää,1
Automatisointisopimusta,1
Nousumalassa,1
Amerikkahenkinen,1
Velipojjaan,1
Dokaamiselleen,1
Apinointien,1
Suunnitelmiä,1
Änäriversiossa,1
Aleboksissa,1
Mainosheijastimet,1
Terveysintoilijamummoihin,1
Elämäätuhoavia,1
Tautitesteihin,1
Amatöörivirhettä,1
Suurkäytöstä,1
Kadunvarsikioskissa,1
Megapikseliksi,1
Mainoskondomi,1
Kinectittömän,1
Perusmentaliteetiltaan,1
Sääntöjentarpeella,1
Nainenturhakkeiden,1
Rahattomuuttani,1
Dynkky,1
Kortitjakirjeet,1
Jouluavautuja,1
Wbinmicb54s,1
Joululauluväännelmätkin,1
4cxzvhf8,1
20tulla,1
20ikkunan,1
20taa,1
Pakettipalvelut_yksityisille,1
Laheta_paketti,1
Kauppiastoimintaa,1
Eläintalosta,1
Kinectist,1
Kalasaaressa,1
Hintadifferoinnista,1
Vapaarahoitteeseen,1
Tontinvuokrassa,1
Hitasit,1
Asuntotuotantotoimikunnan,1
Eslistat,1
Tiptapista,1
Nzyardjumz4,1
Lottoyhteiskunta,1
Vakkarityypin,1
I5vuy8l83,1
Img_20141220_192212,1
Luokkaretkeläinen,1
Mietityttäne,1
Nhl15,1
Konsolipahvilaatikkoon,1
Turvanarulla,1
Remux,1
Nollatuntilaiset,1
Pientalotontteja,1
Kokonaisala,1
Asuntotuotantotoimikunta,1
Att_2014,1
20_asuntk_9_pk,1
B52122a1,1
A36c62213082,1
Asunto_oy_helsingin_polariksen_pysakointihallin_,1
Rakennutuskustannukset,1
Korttelipiha,1
Asuinkerrostalojen_rakentamisen_ohjauksen_kustannustarkasteluja_verkko,1
Bruttoala,1
Huoneistoalasta,1
Bruttoalan,1
Škodia,1
Youpoopissa,1
Wanhahko,1
Radioscanner,1
Aviarecords,1
File15437,1
Palveluallalla,1
Vakiduunissakin,1
Minimiliksasta,1
4vxy3,1
Solntse,1
Opiskelijaääniä,1
Skanneriharrastajien,1
Posmotusta,1
Tunnistustehtäväänsä,1
Ep11,1
Virvoittamista,1
Nollasopparithan,1
Aikaistyöllistetyiksi,1
Maaorjasopimusta,1
Loikittu,1
Expressenistä,1
Riskiperusteisuus,1
Etukynnyksen,1
Ansojakaan,1
Erityistarkastuksilla,1
Arvomaailmaista,1
Erokäyrän,1
Nettipostauksesta,1
Pintaliidostaan,1
Totuudenvastaisella,1
Kylvetyksi,1
Halukkaampaa,1
Voittostudiota,1
Mälsille,1
Huumeyhdisteitä,1
Vapaahentoisena,1
Taistelijanalulle,1
Animaatiokurssin,1
Aleksanterihan,1
Ponnistuspohjaksi,1
Uusiutuvan_energian_tuet,1
Tytäryhtiömanööveristä,1
Sähköntoimitusketjun,1
Nettitrollijahtiin,1
Ympäristötuhoministeriön,1
Uc43ttve8kw_2kjlu6d0t24q,1
Äänisampo,1
Häväytä,1
Yhteiskuntaopinkirja,1
Ylätuulen,1
Msh8edrxx1m,1
Xg7jseppgvy,1
Burz21qnyds,1
8h7eym387im,1
Tlfme_0j2fk,1
Kjjtyitqdcu,1
Ripi,1
Korkeapainetilanne,1
Tietoyhteiskuntapuolueelle,1
Hjrjm8ox3,1
A1419215630306,1
Pienryhmäkeskusteluihin,1
Paivi_kyltti_laaka,1
Maarakennusfirmaan,1
Juonittelunsa,1
Röllijuttuihin,1
H5stg,1
Konepuuhailua,1
Supercop,1
Huumesoturit,1
Taustahahmoiksi,1
Kummatin,1
Erityisasemanne,1
Jonottelussa,1
Erillismatkassa,1
Ennakkopäätöstuomioistuimena,1
Hallintolainkäyttöasioissa,1
Vakiintuneestakaan,1
Kielikylpymäiseen,1
Hakukertaan,1
Motivoinen,1
Kulttuuriperinteihin,1
Vankentuu,1
Paikoittaisten,1
Venäläiskielisten,1
Biopolttoainetoimittaja,1
__nexbtl__,1
Renewable_diesel,1
Vegetable_fats_and_oils,1
Ioavrvm,1
Elaeis_guineensis_oil_palm_fruit_portoviejo_ecuador,1
Vegetable_oil_refining,1
Biofuel_policy_of_malaysia,1
Viranomaisasiointioikeus,1
Cykla,1
Puolipisteelle,1
Nykytekniikkakin,1
Verkkovälitteisenä,1
Kirkkauksiin,1
Ledivalaisimissa,1
Energiansäästölampussa,1
Ledilampussa,1
54w,1
Virtalähteissänne,1
Elektrolyyttikonkkia,1
Virkamiesruotsi_on_ongelma_ammattikorkeakouluissa,1
Myyntikateminimit,1
Syöksykiidossa,1
Smfei0txxle,1
Representera,1
Kieliagnostisempi,1
Scumbagstubb,1
Totalitäristejä,1
Tvangssvenska,1
Perlis,1
Commatose,1
Emansipoitua,1
Puolipisteetöntä,1
Naturistina,1
Bonusperusteena,1
Myyntikatteista,1
Unstructured_basic,1
Saksankielisiltäkin,1
Villasukanvarret,1
Bootycall,1
Guzzlers,1
Galleriaakin,1
Vähhemistökielistä,1
Kielioppiopetus,1
Idiomaattisella,1
Itseopettelu,1
Loisteputkessa,1
Himmennetään,1
Uudenmaalaisena,1
Ruotsiini,1
Ruotsinjakaksikielisetkunnat,1
Arvosoppaan,1
Potilasraportin,1
Ongjelma,1
Hintavakausmekanismeilla,1
Listaerottimena,1
Joulunatsaus,1
Musiikkilinkki,1
Aleksil,1
Postias,1
Joului,1
Alkibiades,1
Opiskelijakanavilta,1
Kansalaisverotuksessa,1
Lobbauskyky,1
Kiemurtelevät,1
Akademiavähemmistöjä,1
Salajuoneja,1
Öljykartellina,1
Öljytuotantoennätys,1
Lisäyskapasiteetin,1
Nohhhhh,1
Kiitollisutesi,1
Valkkaisitkin,1
Opiksesti,1
Äidinkielenopettajalleni,1
Puolituisesta,1
Lapsijauhe,1
Nemado,1
Näkökantaerokin,1
Ajattelumaailmalla,1
Hallintoviranomaistenkin,1
Grammarnatsina,1
Paikallisjärjestöä,1
Toimittanevatko,1
Kiihkoilijavuosien,1
Suomalaistanut,1
Perhoskedossa,1
Pakkomatematiikkaakin,1
Argumentaatiotyyppi,1
Lainsäädätnö,1
Laitteistollinen,1
Latenssirajoissa,1
Kannabidiolilla,1
Luomuhatseja,1
Kärmekielellään,1
Mojauttavat,1
Seutufantasioissaan,1
Välikieli,1
Ilmailukieli,1
Aviation_english,1
Lihasjäykkyden,1
Pilvessäolo,1
Polttelukokemuksestasi,1
Yksikielistymistä,1
Sujuvakaan,1
Mainitttiinpa,1
Antifascistien,1
Hommameininkiä,1
Surkahupaisuudessaan,1
Foliohattuilussaan,1
Kielitilanteen,1
Ankkalammikkonsa,1
Rennommille,1
Leimaveroja,1
Kieliseparatistisella,1
Närppiöstä,1
Pedersörestäkö,1
Svekomaanisia,1
Sortotoimena,1
Anarkistihakkeri,1
Vihapuhekommenttien,1
Hashattaua,1
Sähköpostikenttää,1
Disqusia,1
Ahhahahhahahahahhaheheh,1
Aahahahahahahaa,1
Natsifoorumeita,1
Maltilisen,1
Triathlonistit,1
Seikkailijaperheenisä,1
Puhujanuraa,1
Pakkoruotsittajavetoisen,1
Käsittelylistan,1
Avioliittolakialoitteen,1
Maiwwo,1
Behalainen,1
Ko_taimi,1
Tunnevetoomukset,1
Pedofiilijengeistä,1
Eliittimyyttiä,1
Ostosaamisilla,1
Keskustanuorille,1
Hartiapankkiin,1
Rimpuilemme,1
Transaktiohaittoja,1
Rakennusluvatkin,1
Veroshoppailua,1
Veromaita,1
Onqr4he,1
Tolattomalle,1
Tietäisiin,1
Sähkötupakkapilvinesteen,1
Veroshoppailijat,1
Beyondchronic,1
Mbm,1
Talouspään,1
Kivunlievittäjää,1
Cracka,1
Barçan,1
Palvelusvelvoliselle,1
_ja_vapaa,1
Vasemmallaseisovien,1
Ca1uyiveo2q,1
Veropuljailut,1
Rahansiirtelystä,1
Velkakikkailuihin,1
Yhteiskuntavastuusertifikaatin,1
Veronkierätäjät,1
Maltillisuudeksi,1
Tulipalokommarismia,1
Valuaatiopuheisiin,1
Lääkerikkomus,1
Lääkerikossyyte,1
Terveydensuojeluohje,1
Ayr_ymp,1
B6terveys_labra,1
A4terveydenhuolto,1
20elintarvikehuoneiston,1
20suunnitteluohje,1
Valmistuskeittiössä,1
Kaksialtaisen,1
Elintarvikehuoneistoasetuksen_soveltamisesta_13,1
2014_nettiversio,1
Minoriteetille,1
Kivein,1
Perinnönsaanti,1
Vanhemmillanne,1
Brittivakoilu,1
Echeloniin,1
Niqu,1
Epäpolaarista,1
Propyleeni,1
Glygoli,1
Drippailu,1
Atomisaattoreissa,1
Apartheidillä,1
Talouspää,1
Kuseviin,1
Jääpatsaisiin,1
1903155_1903156_1903152,1
The_theory_of_the_leisure_class,1
Perintöveromätky,1
Lahtariperheelle,1
Hallinoituun,1
Kk_716_2014_p,1
Metallijalostamoista,1
Ohjelmistofirmoihin,1
Vuokrasijoituksena,1
Kulutuskäytössä,1
Hitteriä,1
Promilletuottokin,1
Syöjäänsä,1
Terveystarkastukseksesta,1
Läpipääsemättömästä,1
Paskaleipomostaan,1
Vesipisteessä,1
Ajelehtijoita,1
Esiintyneenä,1
Yrityskokemuksen,1
Professoreistamme,1
Professoriemme,1
Yliopistorankingissä,1
Laatuamme,1
Yliopistoympäristön,1
Ofqualin,1
Edexcelin,1
Opiskelijoidemme,1
Graduarvosanaan,1
Vakuutumme,1
Pääsyvaatimuksemme,1
Disintegroituvaa,1
Lisääntymisohjelma,1
1sjj1r,1
Four_different_methods_for_making_ecig_juice_in,1
Työtoimintapajoja,1
Työvalmennussäätiö,1
Työhönvalmentajan,1
Perusamisduunia,1
Kasisatasiksi,1
Diagnoidusta,1
Turhautuko,1
Leipomolaatua,1
Hhhelsinki,1
Päivi2015,1
Paitsikirkkoviini,1
Aikailin,1
Paistotunnin,1
Maistuvaisia,1
Turkikas,1
Rapsutteluakin,1
Dataversioinakin,1
Tormenttia,1
Joulupeliä,1
Joulutapoja,1
Tuhertaneet,1
Käyttöönottoajasta,1
Höläjätä,1
Tankeroruotsillani,1
Sentientti,1
80teuron,1
Desiilitason,1
Reisivaltimoa,1
Laatujoulu,1
Sananvalintojasi,1
U1g2b3k,1
Japanese_adult_adoption,1
Modern_practice,1
Joulutarinoiden,1
Hurrieliittiä,1
Alanoottina,1
Allhailtheblackmarket,1
Ogimg,1
20lamb,1
Handlattavissa,1
Mutsinkaan,1
Jouskarisankaria,1
Jouskariheebo,1
Minsciä,1
Avaruushamsteristaan,1
Leivinuunisa,1
Teknoperkeleellä,1
Tohtoriopiskelijaa,1
Jouluhaasteeseen,1
Öljyriippumattomiksi,1
Öljyintensiivisiä,1
Nurmijärveksi,1
Sheikeille,1
Tuottajakartellin,1
Kuluttajakartelli,1
Öljyveroja,1
Öljyverojen,1
Bg2sta,1
Yoshimo,1
Jouluruikutus,1
Leipomotilat,1
Munkinmuovaustekniikasta,1
Arvotulkintoihin,1
Oikeudenmukaisimmasta,1
Pakkotasapäistämistä,1
Huippuöljystä,1
Pyöröovikikkailuista,1
Eväspatukat,1
Tarkastuspöytäkirjasta,1
Itkemisissä,1
Hemape,1
Keskeytätkö,1
Protestiperseitä,1
Punaviineillä,1
Brûléeitä,1
Öljynfräkkääjien,1
Aurajokirantaan,1
Silakanne,1
Mainontakielloin,1
Höpäjävät,1
Äidinkielellänsä,1
Konsernilainasta,1
Teurastajilta,1
Joulumessuun,1
Loppuaatoksi,1
Voimavirtakaapeli,1
Kateusveronsa,1
Yritysjärjestelyin,1
Minkänimiseen,1
Maksuhetki,1
231214a,1
Ryöstöveroa,1
Perintöveroasia,1
Perilinen,1
Suosikkisubejani,1
Kz2wx,1
Hapettuneessa,1
Gdgsn32,1
Joulutervehdystekstiviestit,1
Joulutekstarin,1
6omdwbj,1
Vtqyoli,1
Houwtan,1
Edistystäkö,1
Silleissä,1
Hyvitysmaksuvarojen_jako_2014,1
7isia7z,1
1kez0,1
Kylmäsavussa,1
Jälkiruoaksikin,1
Foodgasmista,1
Jevles,1
K14xftm,1
Lättytilauksen,1
Wellwelldone,1
Perhetraditio,1
Salottisipulit,1
O4a9dax,1
Talousaktiivisuus,1
Petrothoughts,1
Röslingin,1
Silakkasysteemeihin,1
Pcebr0r,1
Tuontyylisesti,1
Jouluiloksi,1
Kylmäsavulohiherraskansa,1
Fizzlille,1
Katkarapusalaatilla,1
Asoijfmtxos,1
Lahjojenvaihdon,1
Evörlaastia,1
Tuplabasarikomppauksen,1
Megatunarit,1
Joululahjottua,1
Sinappiohjetta,1
Lempparimuumihahmo,1
Colemans,1
Sinappiseoksen,1
Jähmenemään,1
Perunamonttuun,1
Vatkuloit,1
Sinappihöyry,1
Sinappiohje,1
2qanlx,1
A4isen_sinkun_joulup,1
Cn4pbtt,1
Joulusafkaa,1
Nälkäpäiväkeräyksillä,1
Kynsilakkapa,1
Munatotiin,1
Saksanmäyräpaimen,1
Mäyräpaimenkoira,1
Mäyräsaksa,1
Syvälläyoutubessa,1
Suurtuloista,1
Trafi_d605,1
Uhkailuu,1
Kostopolitiikka,1
Savuaromijauhetta,1
Väistötilanne,1
Heijastimettomana,1
Hejiastinkaan,1
Risteysonnettomuuksissa,1
J30hevz,1
Vientiautojen,1
Tuontipäätöksestä,1
Vientiautoa,1
Viinaverojen,1
Mainoksettomalla,1
Hiilisilakkaa,1
Cuisinen,1
Miljoonasuvun,1
Arvomaiseman,1
Myyntilistaa,1
Kotikopiointivääryydestä,1
Nettisoittoihinsa,1
Kotikopioinnin,1
Heijastumattoman,1
Strobiledifikkarit,1
Juhilsta,1
Kusetuspajan,1
Artikkelikuvat,1
Logokisa,1
Hengissäselviämiseni,1
Rantau,1
Rantautumisetuoikeutesi,1
Joutupeen,1
Hormonikimppu,1
Avainkouluttaja,1
Jarrutusmatkalaskuri,1
Vuoteenomina,1
Liipaisinsanani,1
Mielitoverini,1
Naisyrittämistä,1
Yleisrajoitukselta,1
Edessäheiluja,1
Jäänniltä,1
Keräämiämme,1
Kuolemantuottamuskone,1
Tillannenopeudessaan,1
Jalankulkijaonnettomuuksista,1
Päävalojen,1
Omenanpalasen,1
Kuolemankaltaisesta,1
Läpikulkualue,1
Sotilasmaaleja,1
Ydinasemaali,1
Sujahtaako,1
Taajamaalueen,1
Kävelylinjaa,1
Olevallani,1
Eksyttäis,1
Kotitiestä,1
Kotiteitä,1
Ohikulkuun,1
Liikennemoottoriteitä,1
Tasavertoiseksi,1
Karvaterska,1
Horistontistaan,1
Iywjczn,1
Mind_arson,1
_homeless_joe_,1
2qdhtw,1
Wow_i_dont_even_wow,1
Bulkkituotettujen,1
Ketjumyymälöiden,1
Pikkuväliin,1
Varavakuutus,1
Liikennevalojenkin,1
Koikkeloihtemaan,1
Palvelijoitten,1
Neppien,1
Elvytysinvestoinnit,1
Alasajettuihin,1
Developereiksi,1
Teollisuustaajamiin,1
Pukeutumislahko,1
Värivihaajaäidit,1
Leluosastoilta,1
Maallikkoblogisteihin,1
Krugmaninkaan,1
Aseturmista,1
Ruumitahan,1
Metsästysonnettomuuksiakin,1
Tienpenkka,1
Lumileikeissä,1
Möyrytessä,1
Värivihaaja,1
Säästäväisemmältä,1
Ekologisemmalta,1
Crimeagainstnature,1
2rtahzmk,1
Viikonloppuketjua,1
Jouluketju,1
Tietojenkäsittelyjärjestelmän,1
Mustalaisprinsessan,1
1z88vc1oyvu,1
Mooncry,1
Plbyocmjsygqhlpnsylod_6tpowv_rsihr,1
Easylistening,1
Lelujatsiksi,1
Uohpaph62os,1
Teekuuri,1
Lahjaliput,1
Promolevyltään,1
Aamukutoselta,1
Siltäpaikoin,1
Koettaakkaan,1
Moottoriteit,1
Mckenzies,1
Veblw3ijeba,1
Plzn1jtpqyphgvyr0ly92yvff_tg,1
Pyjamasta,1
Middään,1
Ahbnyawn,1
Yrittäjäkenttä,1
Mc_tmimjnw0,1
Nuorleijonien,1
Pelinkusemisia,1
Joululangan,1
Jyvääskyllääst,1
Ylivedettävä,1
Juoluaattona,1
Kaitafilmiltä,1
Palomiesarja,1
Muuttunukkaan,1
Suklaajoulukalanteri,1
Lähtöporteille,1
Löhdössä,1
Ydinsotadokumentteja,1
Huosussa,1
Hartiakappaleen,1
Tapanindancet,1
Tusinabloggareita,1
Ineternetin,1
Talousselvänäkijänä,1
Likatkin,1
Lastenlehti,1
Fruktoosivedenalainen,1
Kartoonari,1
Puuhaklassikko,1
8ierbaf,1
2qj6hs,1
B6_ne_tappaa_minut_saatana,1
Fiilstrip,1
B4_kpba4sky,1
Bailutunnelmia,1
Rapellossa,1
Sipsilähetyksen,1
Kantarellisipsit,1
Sipsuissa,1
Mausteyhdistelmäkin,1
Myllyverkkareissa,1
Ravettamiseen,1
Kaikukammiomeininki,1
Pakkasenkestävästi,1
Napostelupussissa,1
Sipsimonsteri,1
Megapussillisen,1
Metsäsienten,1
Tuliaiskassissa,1
Ruohosipulisipsejä,1
Estrellallekin,1
Laktoosivammaisena,1
Hapankermasipsien,1
Laktoosiflatulensseja,1
Napostelupussit,1
Megapussyn,1
Rancheja,1
Yrjöttämään,1
Sipsihimo,1
Enemmistöoppositio,1
Hengitetävässä,1
Livemiittejä,1
Varaattomalle,1
Liikennemoottoritiet,1
Laukeamiskuvan,1
Avaruuskikkelit,1
Livemeetit,1
Meetitkin,1
Hybridimeettejä,1
Suomimeetin,1
Suomiredditmäistä,1
Anonyymihkösti,1
Vanhanainenhunningolla,1
Nzl165wdjda,1
Yhdyssanavirheitäkin,1
Statesindex,1
Lay8z4b,1
Avaruuskopoti,1
Grivances,1
Viranomaisuudella,1
Jähmetetty,1
Paskakeskittymän,1
Penistissi,1
2qljtv,1
Nisäkuusi,1
Fenrisdesigns,1
Wikkipeedia,1
Arvonimenään,1
Oheiskamat,1
Tulitukan,1
Viidakkohampaat,1
Seven_dirty_words,1
20dirty,1
__seven,1
Words__,1
George_carlin,1
Bleep_censor,1
Terrestrial_television,1
Federal_communications_commission_v,1
_pacifica_foundation,1
Hujqrna,1
Seven_dirty_words_wbai,1
Wbai,1
Carlin_at_carnegie,1
George_carlin_at_usc,1
Family_reunion_,1
182_song,1
Cantonese_profanity,1
Meymey,1
Kassapöytineen,1
Paistopisteineen,1
Suomalaisketjujen,1
Tuorepaistopisteiden,1
Kappalehinnoin,1
Kassapöytien,1
Spliter,1
Tavaranpakkaajia,1
Kahtiajakautuneesti,1
Bonuskorttiasiakkaat,1
Kurantinta,1
Ddossaamisen,1
Einesmarketti,1
Kultafoliolla,1
Pakkauspöydässä,1
Kukkahattutekstittäjiä,1
Sättikeskustelussa,1
Kaunokirjalliset,1
Uhripististeiden,1
Pikkutyttölaumaa,1
Hakkereina,1
Räknailla,1
Hikoilijoita,1
__bielefeld,1
Conspiracy__,1
Ufo_conspiracy_theory,1
March_14,1
Koodarityttöjen,1
Viileähyllyssä,1
Aloitekyvytyn,1
Työtovereistani,1
Rikastumisuskovaiset,1
Mielipidekirjoituksestaan,1
Halpahallikamiina,1
Huumevalistajille,1
Tero_nieminen,1
Yöohjelmiston,1
Lainrikkeillä,1
Paheilla,1
Ryyppyputkina,1
Kasvimateriaa,1
Tupakkafiltteriä,1
Suosikkibloginsa,1
Polttelukokemus,1
Polttelukokeiluihin,1
Piirein,1
Vastanapa,1
Huippuaine,1
Vauvavaatteet,1
Halpahallivaatteet,1
Vauvavaateteollisuuden,1
Eroamissivut,1
Päänään,1
Päältäotot,1
Kuulostavavan,1
Huumepoliisi_kannabiksesta_ei_kannata_vaitella_nuoren_kanssa,1
Pappiskunnassa,1
Nopeusongelma,1
Ylinopeusrikoksesta,1
Ratakilpailuihin,1
Vauhtiaddiktiksi,1
Ajamisiaan,1
Huumehuumekannabistapiikilläsilmämunaan,1
Käytäväsokkelosta,1
Kynttilöilläkin,1
Arkkipiispamme,1
Kännykkäläheinen,1
Kateellisuusmielikuvaa,1
Jouluviikko,1
Hirsimökillä,1
Valopetrolilämmittimestä,1
Työleiriksikin,1
Halkoliiterillä,1
Kairanreiästä,1
Mobiiliclienteistä,1
Ruotsalastaa,1
Eocqi9i,1
Pirunmuna,1
Phallus_impudicus,1
Impudicus,1
20impudicus,1
___phallus,1
Impudicus___,1
Stinkhorn__,1
__dickes,1
Nipes__,1
Mulched,1
Fruiting,1
Mushroom_poisoning,1
Iie9ebd,1
Phallus_impudicus_lc0235,1
Phallus_,1
Pygmaeus,1
Phallus_pygmaeus,1
Tammiparketit,1
Ksv_2009,1
02_kslk_11_el,1
542f8043,1
4b8fa277f87b,1
Autopaikkatyoryhman_loppuraportti,1
Autopaikkaosakkeet,1
Konrolloima,1
Autopaikattomuus,1
Kytkentämahdollisuutta,1
Kirkollisverotus,1
Taysremonttiin,1
A2271179,1
Tienvarsipaikka,1
Keskusvarastoaan,1
Asukaspysäköintilapulla,1
Asukaspystäköinti,1
Neliähinta,1
Bottiverkkodossaus,1
Autopaikolle,1
Tonttiosuudesta,1
Maankaivuusta,1
Väestörekisteritehtäviä,1
Liikevoittoprosentiksi,1
Asuntoneliöinä,1
Autohallipaikkoja,1
Softaprojektina,1
Sockettien,1
Marioteeman,1
Hakemusmailin,1
Väestönsuojavaatimuksesta,1
Puhdaspppinen,1
Uusiorakentamista,1
Asuntohankkeet,1
Kuolemapalveluja,1
Asukaspysäköintipaikkoja,1
Messerschmitt_kr,1
Urakkanaan,1
Cd1e9182,1
Persuustaan,1
Markkinointiaineistosta,1
Neljöhintoja,1
Neljöhintaa,1
Jumalakortteja,1
Työmatkareittien,1
Karakuunpääseminen,1
Maist_vrk_1_70etu,1
Uiahksb,1
Uwocl5g,1
U4a9wa3,1
Kirjakansi,1
Upvotatuimmaksi,1
Tiwrig,1
Tiiviissäkin,1
Mittaamaassa,1
Jenyahammer,1
Caredit,1
Emigranttiveroja,1
Gdhkwv2b4qm,1
Xzx9zyi,1
Xjc,1
Kampanjoikin,1
Pysähtymiskäskyn,1
Autorysissä,1
Pyörärysissäkin,1
Pikkujouluisin,1
Sakkorysillä,1
Minihallista,1
Neulekuvioita,1
Villakoirasta,1
S1349777676984,1
Pöhköjukkia,1
Jekkupettereitä,1
Novitatubesta,1
Skundeista,1
52u710fcp34,1
Xkcd_transcriberin,1
Jeremysimpson,1
Redditbot,1
Xkcdbotin,1
Mattster42,1
Xkcdbot,1
Kihlauksensa,1
Dåmbossin,1
Miehekkäimpinä,1
Ukkotuomari,1
Hedelmäsuolalla,1
Jyylekyylereiden,1
Tekonenät,1
Muutosrekisteröintivelvoite,1
Rubyksi,1
Sisennystason,1
Sinkkunörttimiehiä,1
Ruupin,1
Kabinettipäätöksiinsä,1
Venäjänsuhteiden,1
Puolustuksestä,1
Zachrison,1
Nerjordet,1
Neulontatähtinä,1
A1411741473811,1
Katumerkinnöillä,1
Polkupyöräkoulu,1
Ar2008031304353,1
Norjalaisneule,1
Lusekofte,1
Selbu,1
Py4d4l2,1
Lyhentäjistä,1
Rekisteröintikilpi,1
2qpo18,1
Choo_choo_motherfker,1
Mo9vlt5tgwy,1
Inflates,1
Vwueai8uxjg,1
Toriissa,1
Massiivipuisesta,1
Littyneitä,1
Joulupallokirjan,1
Jeesuspelleille,1
Harvinasuudessaan,1
Pyöräratsioita,1
Autorivien,1
Vinopysäköinnillä,1
Siivouspyyhkeitä,1
Kassapöytä,1
Mammuttiostoksia,1
Pöyhkeilyksi,1
Terveysuutisoinnista,1
Suunnattavia,1
Mellastuksesta,1
Välienpurku,1
Suomalaisparat,1
Stratforin,1
2koibl,1
Propagandan_abc,1
Cloz1h8,1
Lähennelläkseni,1
Lumiongelmiin,1
Voimalankojen,1
Irtorisut,1
Ykh9xk1,1
Suomettumislinjan,1
32007l0058,1
Konsensushelvetti,1
Medvedev_venaja_ei_ole_koskaan_luvannut_ukrainalle_koskemattomuutta,1
Ohjuslavettiensa,1
Harhaluulojenne,1
Työttömyystöitähän,1
Lex_lepp,1
Seisomakäymälöitä,1
20sagan,1
Lynn_margulis,1
Dorion,1
Dorion_sagan,1
Jeremy_sagan,1
Salzman,1
Linda_salzman_sagan,1
Nick_sagan,1
Ann_druyan,1
Democritus,1
Carl_sagan_medal,1
Carl_sagan_memorial_award,1
Carl_sagan_award_for_public_understanding_of_science,1
Comet_,1
Musiikkiamakuaan,1
Congilta,1
Squarepusher,1
Sodanlieksontaa,1
Tärvelyhalukkuuta,1
Ylimielisyydessänne,1
Hurskaudessanne,1
Bilateraaliselta,1
Saatananpalvontamaisesta,1
Alisubgenrejen,1
Radioreddit,1
Tigerdrottningen,1
Plhattmwkziaamzlbucopmkfqahfrqrtjy,1
Kiinityksii,1
Kakkamatafaka,1
Kakkmaddafakka,1
Metallipainoitteinen,1
Örinäpuolella,1
Pianojazzsoundtrackeja,1
Kehäkettusta,1
Soitinrunkkaus,1
Perunakellaribläkki,1
Kuuntelulostalla,1
Mr2psmwnzns,1
Rzxhwqxwsbq,1
Iivsxoce6yy,1
Hzogyvabzq4,1
Appelsiiniharhoissaan,1
Kuorineista,1
Tarinoitte,1
Maustanne,1
Vastalöydettyä,1
Assertivefluttershy,1
Skybound,1
Purkkapoppi,1
Lordella,1
Ysärituotannon,1
Viimeajoista,1
Bittimusasta,1
Hardstylea,1
Kainiitävoimuutenkinkuinjoulunakuunnella,1
Cn9a0y6,1
Cn9idke,1
Cn9asvh,1
Cn9fl44,1
Cn9jptu,1
Cn9b3bz,1
Cn9b757,1
Cn9hqme,1
Cnb42dt,1
Cn9h21m,1
Cn9a09s,1
Cn9g2k5,1
Cn9jxa7,1
Cn9hnrd,1
Star20at,1
Verkkotestaustyökalun,1
Skriptapennut,1
Kiddieistä,1
Kannabisrinkirunkkausta,1
Hacker_definition_controversy,1
Securen_mikko_hypponen_hakkeroinnista_tietoliikenteen_hairinta_on_rikos,1
Ydinosaamisena,1
Eoyc,1
Puolirasistisesta,1
Yleistysmölystä,1
Íänikuisesta,1
Broodille,1
28computer_security,1
Lentokonelevyseppähitsaaja,1
Vuorotteluvapaankorvaus,1
Hateiksi,1
Filessä,1
Teetaidetta,1
Onnellisessaasemassaweb,1
Ryanilla,1
Musatottumuksia,1
Logginsia,1
Nx5q2_k8nsi,1
Senareita,1
Finfood,1
Veden_kierto,1
Crustpunkia,1
Enpystymäärittelemään,1
Musamaut,1
Minimalistisuudessaan,1
Surffirock,1
Rockalalajit,1
Olhcgioo6gk,1
Gtaastakin,1
Digable,1
Ystävyyskansojen,1
Ammstein,1
Ky0bujf0yq8,1
Frontalotia,1
Jwrhe6n5ytm,1
Wordburglar,1
Udcyxejf844,1
Mobya,1
Molokoa,1
Elektricityä,1
Qy7xqlpxol8,1
Kristallikulhoja,1
Yuzwu_eiqhs,1
Lyriikoistakin,1
Ukendt,1
Kunstner,1
5ex78vciia3g4a6tbdv5n3,1
Rögsignaler,1
Gklgek1e,1
Blakeyn,1
Messengersien,1
Moanin,1
3_3xvxpauia,1
Suomalaisjannusta,1
12foc5,1
Cobralle,1
Masseist,1
Fridgestä,1
Mielikuvaanhan,1
Pumppaukseenkin,1
Somatotyypit,1
Nimen_paljastaminen_karkotti_sukusolujen_luovuttajia,1
Nolonakaan,1
Oppimistyylikäsityksen,1
N3jat6akie8,1
_5wg32p82lg,1
Ccz8esmuouc,1
Genitaalikarvat,1
Ruokakultuurista,1
Mummoty,1
Vatsahorisontin,1
Rahoitustal,1
Venäjätuntijaerityisasemamyytti,1
Öljynhinnannousua,1
Venäjäerityisasemaamme,1
Uutispostauksille,1
Suihkutuokkoset,1
Ristipylväs,1
2quzbm,1
Ristipylväs_rsuomi_suihkuajatus_aerosmith_on,1
Auditiviseen,1
Opintopsykologeihin,1
Opintoneuvojiin,1
Oppimistaitokursseihin,1
Oppismistyylit,1
Laiminlyövällä,1
Aistimodaliteetilla,1
Normaaliaistiset,1
Oppimistyyliteorian,1
Oppimistyyliään,1
Äkkiselle,1
Aijjoolle,1
Riipaisevimpia,1
Epäonnistusimiani,1
Klinikkakohtaisia,1
Tutunpiirteinen,1
Nistisedät,1
Pönttömietteet,1
Pavalmentaja,1
Murinen,1
Sukukainalo,1
Ylittivat,1
Eukeskiarvon,1
A2161459,1
Multinationales,1
Saastaisimpia,1
Saalistajakalat,1
Erikoisherkulliset,1
Dioksiinipetokalat,1
Lasinkierrätystä,1
Töölöläisittäin,1
B6c4lyciyaqqjum,1
Kc0bxqb,1
2qwk1n,1
Keulakuvasta,1
Sydantasarkevaa,1
Kierrätyslasikelpoista,1
Lasimöykyn,1
Lorukirjoja,1
Satupuusta,1
Laji_lasi,1
Klikinsäästölyhynnelmä,1
Keskipäästöiseltä,1
Kristallissa,1
Lasin_koostumus_ja_raaka,1
Lyijyoksidia,1
Lyijykristallilla,1
Boorisilikaattilasilla,1
Peruslasiin,1
Filosofoinnilta,1
Sotatarviketuotanto,1
Soluttautumispolitiikasta,1
Sokkelosivun,1
Foreign_trade_of_the_soviet_union,1
__soviet,1
Trade__,1
Soviet_economy,1
Gross_national_product,1
Economic_aid,1
Council_for_mutual_economic_assistance,1
Rgxsv2i,1
Donau_bank,1
Vladimir_potanin,1
Index_of_soviet_union,1
Related_articles,1
Handelsbank,1
West_handelsbank,1
Veronvähennyksinä,1
Byrokratiaratkaisu,1
M_a_numminen_joulupukki_puree_ja_lyo_26305,1
Länsipankit,1
Atmozfears,1
Frontliner,1
Audiofrq,1
Kove,1
Spectrasoul,1
Lavice,1
Images4,1
__cb20130127230120,1
4chanmusic,1
Sunn_o,1
29_jukebox,1
Pöydillemme,1
Askartelemme,1
Paskartelemme,1
Demilitarisuutta,1
Loiskahduksena,1
Trokaamistakin,1
Parannusehdotuksiksi,1
Sozialpartnerschaft_mission_en,1
Lakkoluvut,1
Bensapistoolit,1
Maljakkokaan,1
Yläkantsurinkiin,1
Bongers,1
Ammattidiilerikaverit,1
Pössöttämistä,1
Higherperspective,1
Xxx420smokeweederridayxxx,1
Ruiskukkapeltoa,1
Nimikkoyliopiston,1
Dioin,1
Sisäistämäni,1
Ojshzapwbz0,1
Viherjuuren,1
Niina__r,1
Piirityslamautin,1
Kannabiskielteisestä,1
Hevosmieheltä,1
Hookahcompany,1
Prd1,1
Suihkuseurapiirit,1
Tiesmiten,1
Diisselitankkiin,1
Psykopaattinarsisteilta,1
Naismenestystään,1
Rypyläpintaista,1
Finlandiapulloa,1
Energialimppaa,1
Ilmapuolustuksellisesti,1
Hoyrystettäviä,1
Selekkääs,1
Uudenvuodenkotibileisiin,1
Josssei,1
Ropistelee,1
Etelä_pohjammaalta,1
Rakettiaki,1
Klaymidia,1
Taevaalle,1
Iltapäevälehtien,1
Alakuvuojesta,1
Herkistelkää,1
K_1votfgnlu,1
Turvautukaa,1
Slaavikyykkyhallituksen,1
Konetulitahdilla,1
Äännögt,1
Googlkrrst,1
Taattfdh,1
Känngkkä,1
Pelipurkkiin,1
Teiniporukalta,1
Alkoholisairauteen,1
Viinapositionsa,1
Tilastokäyriä,1
Teul,1
Teul_2014_10_2014,1
10_kuv_001_fi,1
Uudenvuodenlupauksetkin,1
Erikoisikouluja,1
Logiikaalla,1
D800e,1
Itämerenalueen,1
Eeeeeiiiiii,1
Kokoomuksestako,1
Suomalaisuuspolitiikka,1
Laatutakeita,1
Pelasivatkohan,1
Ponytailin,1
Värjäävänsä,1
Kannabisrinkirunkkauksessa,1
Smokeweedeveryday420marilizekantsublazeit,1
Kcuu7te,1
Karmannälkäisiä,1
Onvest,1
A2284720,1
Tietoenatorille,1
Etupiirikamppailu,1
__madman,1
Executive_,1
Communist_bloc,1
White_house_chief_of_staff,1
_haldeman,1
Frzkezn,1
Nixon_30,1
0316a,1
Operation_giant_lance,1
Ellery_queen_,1
House_name,1
Myyntiprojektit,1
Gb3a9zfjrvk,1
Sähkötupakkahommat,1
Sekoituksineen,1
Badilta,1
Hävittävääkää,1
Voimaantulevaan,1
Panimosopijapuolen,1
Marttyyroisi,1
Teippauttaisi,1
Pyhätöinä,1
Tuotantolaitoksemme,1
Valtionputiikki,1
Onnistuneita_projekteja,1
Rantaviivoihin,1
Asumattomiin,1
Salopalstalla,1
Pienmaat,1
Nimityskuvioihin,1
Veroäyriäsi,1
Jyriltä,1
Henkilökuvahaastattelun,1
Kokeilemisenarvoinen,1
Valtionvarainministerinkin,1
Yritysjohtopesti,1
Häpeäpaaluunhan,1
Vastuussaolevat,1
Reittausjärjestelmä,1
Rinnakkaismerkitys,1
Viattomienkin,1
Elämämkolun,1
Remonttikohukaan,1
Virkauskottavuus,1
Nelivuotistavoitteisiin,1
Kansandedustajaksi,1
Urapolitikointi,1
Hyvävelidiilit,1
Reseptikäyttöä,1
Käyttöturvallinen,1
Uudistuksellakin,1
Salaamisista,1
Poliitikonketkuista,1
Valtakunnanoikeuksia,1
Irvikissat,1
Sättäämässä,1
2qwwri,1
Eng_colorado_myy_34_miljoonalla_kannabista_34,1
Cnbjj0c,1
Uoren,1
Heinähangossa,1
Talikoissa,1
Vaalibudjetteja,1
Reanimoitava,1
Kuohujuomalla,1
Edustuskautensa,1
Nudgeen,1
Naukkasee,1
Hippivuosista,1
Laajamittaisuudesta,1
Aloitteluhuume,1
Pikkupahe,1
Jatkokausien,1
Devalvoituvassa,1
Töhertelyllä,1
Eurouskovia,1
Lunnasvaatimuksiin,1
Palvelunestohyokkaykset_opta_kohtaan_jatkuvat__poikkeuksellisen_voimakkaita,1
Hiiskuttaisi,1
Mukahumoristinen,1
Childhood_cancer,1
__childhood,1
Oncology__,1
Incidence_,1
7xjezon,1
Trying_out_hats_to_wear_after_chemotherapy_,1
Wilms,1
Learning_problems_in_childhood_cancer,1
American_childhood_cancer_organization,1
Help_fight_childhood_cancer,1
Childhood_cancer_parents_alliance,1
Neukkupanssareita,1
Korpelapetri,1
Seurantasivut,1
Nordean_verkkopankissa_hitautta__hairion_syyta_selvitetaan,1
Childhood_cancer_may28_10,1
Järkeellisyyteen,1
Ympäristönormeista,1
Äärifennomaanit,1
Samppanjahuuruiset,1
Eritysasemassa,1
Hyvävelijärjestöjä,1
Lääkitsijöitä,1
Trippaamisen,1
Mielipidekirjoituksina,1
Terveysvaivoista,1
Kuolinriskejä,1
Rajattun,1
Lleviäisi,1
Janttereillaan,1
Kieliopetuskokeilun,1
Auralainen,1
Ulkoilmasäiliöiden,1
Uudelleenteippauksilla,1
Holhousvirastojen,1
Kampanjoiksi,1
Otsikkokysymyksenä,1
Keskiarvopalkkaan,1
Hätäraketilla,1
Merenkäyntiaikaa,1
Uudelleenreitittyvä,1
Reittijä,1
Salailevasti,1
A1305912430161,1
Noppaluku,1
Paviaanikin,1
Siirrytäisiinkö,1
Puoluetyön,1
A1381470887747,1
Itseorganisoidusti,1
Vastalääkkeitä,1
Sotilasmusiikkiin,1
Honotusta,1
Alikapellimestari,1
Ottavaat,1
Tty_ulkopolitiikka,1
Laskuvarjoraketti_punainen,1
Umpiruotsinkielisessä,1
Littlesis,1
Klikkihuoralinkit,1
Tehdasyrittäjä,1
Internetmedia,1
Suuryrityspropagandaa,1
Henkilöverot,1
Internetmediaa,1
Internetmediavau,1
V307,1
Scientificamerican0912,1
54_bx1,1
Kamppanioinnista,1
Ympäristölaeissa,1
Maanpuhdistuksesta,1
Asiankuuluvia,1
Spesialistifirmalla,1
Vakiolämpötilaa,1
Sekoittuvuustietoja,1
Ci3jjzf99cicfuidcwod63aayq,1
Luokkakerrostumiin,1
Kohottavista,1
Levynvalmistajan,1
Otsikkokandidaatti,1
Sukupolvistamme,1
Vientivetoistuminen,1
Hajoinneista,1
Veneilyseurat,1
Harjoitustapahtumia,1
Testikeissinä,1
Teostoksi,1
Jonnesuomea,1
Laukaisseensa,1
Anarkokeskustalaisuus,1
Äsäsdeestä,1
Flässilevystä,1
Kielenhuoltajilla,1
Heittovaihtotiedostosta,1
270mt,1
Haistatta,1
Kateviä,1
Soveliaimpana,1
Stream2watch,1
Stureplania,1
Hetkelläjotain,1
Paskamittarit,1
Koulukiusaajauran,1
Gristus,1
Varmuuskopioinnista,1
Junnuturnauksissa,1
Pihtitaktiikkaa,1
Pöykystä,1
Liksapäivänä,1
Hölskyen,1
A23xhh8,1
20t1_cncj487,1
Grrlscientist,1
Raitapaitaiset,1
Verkkohyökkää,1
Oftia,1
Mirkkisoturit,1
Jonottmaan,1
Pikkunäpräyksen,1
Amatsonialainen,1
Kansanase,1
Tajuuttehan,1
Verkkoversiot,1
Pääuutiskamaa,1
Pääuutiskamaksi,1
Yksiselitteisyyttään,1
Jähmön,1
Myöntämisjärjestelmät,1
Hömppätaloustieteen,1
Ekonomiahömppää,1
Valtiosääntöhistoriaa,1
Valtiopäiväjärjestykseen,1
Kermakukkaraksi,1
Päättäjäiseksi,1
Tionvlszfuocygooyilicw,1
Veronkoroutukset,1
Takatukalta,1
Pyroslavia,1
Quotelmoquot,1
Quotpahkasianquot,1
Lightningkaluston,1
A1020569,1
Hörhöimpiä,1
Foliohattuiluita,1
Koepistoja,1
Vuotisuran,1
Ääritapauksina,1
Onvirhe,1
Paveway,1
Toimittaavuoden,1
Seriski,1
Oletodellinen,1
Ontodella,1
Ontärkeä,1
Alkoholikasvatus,1
Teollisuusveturiksi,1
Ymmäretyn,1
Nettiklippejä,1
Notkelmat,1
Gripeninkään,1
Rynnäkköhävittäjille,1
Leluintoa,1
Chengdu_j,1
Syrjääntymisriskissä,1
Itseasasiassa,1
Varhaiseläkkeisiin,1
Rakenneongelmaan,1
Vakavammissakin,1
Superihmisenkin,1
Itselleenvalehtelusta,1
Alamaiskansan,1
Kokonaistuottavuudelle,1
Jenkkipresidenttien,1
Amerikkavihassaan,1
Pääpointtin,1
Väitteliöillä,1
Alasivuksi,1
Kliseily,1
Vuosilomiin,1
Välineellisiä,1
Kampanjarekvisiittaa,1
Pikkuriikkisiin,1
Käännösredditteihin,1
Viikonloppunumerot,1
Lbtzsvqx6ky,1
Talebaaneihin,1
Aarniometsävaiheeseen,1
Lehtipuitakin,1
Jeesuskallis,1
Yliatlantilliselle,1
Konsennuspolitiikka,1
Kokonaistumma,1
Läpivietävissä,1
35siin,1
Talebaaneillakin,1
Suomalaispilotit,1
29mrd,1
Kriisiyttämisen,1
Neuvottelulipun,1
Siivousmielessä,1
Superhornetista,1
Päivitysversion,1
F35superhavittaja,1
A889918,1
Rynnäkkökoneista,1
Blokikirjoitukset,1
Alkoholiakatemia,1
Mainontagallupraportti_2012,1
Kultakentät,1
Luokkakäyttäytymisessä,1
Jälkijättöisyyteni,1
Kulttuurikontekstuaalisessa,1
Yhteensopivuudeksi,1
Tehostaakin,1
Maavoimiakin,1
Saveshow,1
Korjausliikkeidenkin,1
Fukattu,1
Ptargs_0_2712_573_300_2882_43,1
B6sivut,1
A4n_synty,1
Uudellenrakentaminen,1
Sukupuolitermien,1
Rekrytointivirheitä,1
Pärstäkertoimien,1
Opportnistisia,1
Hanhiparvista,1
Havainnoitavuutta,1
Kimoilevien,1
Orjaroduksensa,1
Valloitusretkilleen,1
Kiroitusvire,1
Rustokalasta,1
Ohjainkortti,1
Dfdvn,1
Libertaarinuorten,1
Kokoomusnourten,1
Interessiien,1
Tuohtumusmeemejä,1
Sedatiivisia,1
Lääkekäyttömielessä,1
Gradienttikarttoja,1
Kulmakunta,1
Kannabidroidit,1
Siksikai,1
Selkärankareaktiota,1
Vanhollisilla,1
Illassaki,1
Farmakologi,1
Hopkinssista,1
Nyrkkirysäksi,1
Tilastotutkimukset,1
Grannystormcrowslist2014,1
Tutkareista,1
Tt2125653,1
8md2wnqqxtq,1
Ifeqrgwc,1
I2qfdb8lexo,1
J1ixv35gapy,1
Huumemalli,1
Yuluyvzoxri,1
7qbtyy4hfow,1
Sasvxlmcjx8,1
Tapamaisuuteen,1
Uutislistaan,1
Tapamaisuuden,1
Koukuttavuutena,1
Att_228015_en_gps,1
Lmp_proportion,1
20daily,1
Pankkihyokkaysten,1
A89dd31b91bc53f3196fba258818db10,1
Karrikoideusti,1
Lobbausprosessiin,1
Potentiaalikin,1
Pirstalereddittiin,1
Henkilöstövalinnoista,1
Seikkaahan,1
Katalogiluonteinen,1
Herpaderpa,1
Oininvaara,1
Innemäki,1
Lottovoittolause,1
Äitiysidentiteettiä,1
Subreddiitti,1
Hohdoiksi,1
Ammatiyhdistys,1
Kikkatyöllistettyjä,1
Aktivointipajoihin,1
Tyrkkäämassä,1
Sotilaspoliiseitä,1
Kouluttaneessa,1
Varusmiesjohtajatkaan,1
Normitöhöilyitä,1
Huutaavat,1
Ottoäitejä,1
Sijaisäit,1
Ylitösosiaalinen,1
Erikaverilta,1
Alikersanteistasi,1
Täyttämisiä,1
Perusaselajiin,1
Kilpaurheilutaustaisena,1
Voimistelutyyppisen,1
Varustejonossa,1
Ensijakelussa,1
Käskytetäänkin,1
Nalleasun,1
Marssiharjoituksissa,1
Matalapalkkaisita,1
Kasvussani,1
Kotisten,1
Spolkista,1
Itteks,1
Erottusin,1
Moottorialiupseerilinjalle,1
Huonokuntoisimmasta,1
Nelosjoukkueesta,1
Uhkakseen,1
Kaupungissaanhan,1
Pullamössötouhua,1
Varustuksessakaan,1
Pullamössötaistelijat,1
Makkaranpaistoleirit,1
Herrantuutelit,1
Ryppykullit,1
Herroitteli,1
Aamiaismuroissa,1
Rautakettingin,1
Kermaperseopistoluutnantti,1
Veljenpojanpoikansa,1
Sotilasvalapäivänä,1
Autokuskinakaan,1
Kuskikurssilla,1
Loistamatta,1
Kuskikurssi,1
Insisnööripuolella,1
Epäoptimaalisten,1
Sekosäännöillä,1
Eliezer,1
Yudkowsky,1
Uholtaan,1
Rintamakarkuruudeksi,1
Ssksalaisessa,1
44e87edb83469b9980eaf0b1804c6106,1
Alikersanttiaikana,1
Iltavahvuuslaskennasta,1
Raskaanaolon,1
Tavallisimminhan,1
Raskausprosessin,1
Halltaan,1
Esityskalenterimuoto,1
Luettelomaista,1
Fläskökötyskerroksen,1
Alaisenani,1
Tarralenkkareissa,1
Alokastuvalle,1
Viestijoukkueeseen,1
Viestihommiin,1
Viestipäivystäjiä,1
Auktoriteettikammon,1
Topaasin,1
2r8ywp,1
Armeija_ja_henkiset_ongelmat,1
Hauskilta,1
Pakotussysteemi,1
Inttijuttugeneraattoria,1
Amerikkaihannoinnista,1
Minukaan,1
Esitysaikoja,1
Asennoiduit,1
Lyhennyksetöntä,1
Ybfvtgeo,1
Jumppatunnin,1
Koivistonauto,1
Pikavuorolippujen,1
Microdata,1
Yliviivaustyökalun,1
Liikevierastaan,1
Sotilaskurissa,1
Aliarvoisessa,1
Telttavarustus,1
Viidenkymmenenkuuden,1
Supertiheänä,1
Harjoitusmanööverimme,1
Vaaranrinteiden,1
Rakkakivikot,1
Tulistelupaikan,1
Kynttiläkuusi,1
Moikuna,1
Kolmihuippuinen,1
Palvelusaikamme,1
Liennytti,1
Tuimien,1
Kotiliesien,1
Metsäretkellemme,1
Huolestuakin,1
Kvintessenssi,1
Kömyän,1
Valeaurinko,1
Ampiaisparven,1
Metallimehiläiset,1
Sekuniksi,1
Sairalan,1
Kuumankosteat,1
Suihkutuumailut,1
Hampunkäytöstä,1
Ärfunnymaisesti,1
Kreikankaltaisen,1
Roskalainavaltion,1
Liittov,1
Bussihinnat,1
Taloustyyppien,1
Vapaamaista,1
Politista,1
Kuntopuolta,1
Ydinfysiikaa,1
Purkamaam,1
Nollatuntisopimuksille,1
Bussiliikennepalvelujen,1
Kokemujs,1
Aihekuvitus,1
Potilastietorekisteri,1
Vihjerekistereihin,1
Motivointuneimpia,1
Äfäärejä,1
Rötvempi,1
Rötväsivät,1
Hakeudeu,1
Kaukokaapeliryhmään,1
Turveporilla,1
Ensmmäisten,1
Siviiilipalveluksessa,1
Paperikenraalit,1
Yrjänästä,1
Käsittteistä,1
Odottaessamme,1
Äitibloggaajien,1
Tuhahduksista,1
Stalkkaajilta,1
Valokuvaliikeet,1
Kehitettäviksi,1
Fotoalbumeilla,1
Rötväilisi,1
Rupattelisi,1
Piereskelisi,1
Ehtisipä,1
Rynsesteriäkin,1
Ammuskelemaankin,1
Alikorkoisilla,1
Kouluapulaisena,1
Suurillmalle,1
Pakkopalveluksia,1
Onnenvuotesi,1
Sissisotakin,1
Varusmiesarmeijalla,1
Kirjastohommille,1
Keskusessa,1
Yläastutetuksi,1
Astuttaen,1
Suuseksist,1
Vkpcncuudqu,1
Räjäyttäjäkorttin,1
Kenttäkeittäjät,1
Pakollisuudet,1
Öljyntorjuntaa,1
Islamvastaisuudesta,1
Kauppaans,1
Jämätaloudet,1
Julkisuuslinjan,1
Taaperoistaan,1
Pseudoprivaatit,1
Penikoistaan,1
Lapsuusvuosinansa,1
Jäädytystyökortti,1
Takaaladattavan,1
Maataisteluita,1
Sulkeisjärjestyksessä,1
Sammutuskin,1
Ymmörtönyt,1
6jq5u_vvbzk,1
Kierouttamisen,1
Rahanhankintaketjun,1
Lammasmeininki,1
Kiihkotontako,1
Suurmyymälöiden,1
Vihertotalitarismia,1
Biletukikohta,1
Sunnuntaikauppa,1
Pilaantuen,1
Yhteismarkan,1
Kertaajalle,1
Yleismentaliteetin,1
Iveestä,1
Maihinlaskujen,1
Viimesotien,1
Tuuheimmiksi,1
Vittumaisemmiksi,1
Kaupunkisisseily,1
Kielijuuri,1
Skandinaaviaassa,1
Toimikielenään,1
Hmeh,1
Päättäisivätkö,1
Eroammeko,1
Haaveluihin,1
Bariteetissa,1
Pankkijatti,1
Pariteettiin,1
Tuonnehhan,1
Rakennuksem,1
Naurettavatkin,1
Segmentteihinsä,1
Perähikiäkunnat,1
Joyten,1
Yksittäisostokset,1
Varastovirheen,1
Kiinneollessa,1
Inttiperseilyt,1
Lastentiedekysymykset,1
Kuluttajatuotteessa,1
Kuulalaakeribisneksessä,1
Filmitekniikan,1
Toimittajiinsa,1
Vasteajassa,1
Työntekijäkorvauksia,1
Rahannosto,1
Kuljetuskustannuksetkin,1
Noloooooo,1
Kieltolakihurmoksensa,1
Opetetettaisiin,1
Voittomariginaaleja,1
Landerna,1
Pyrkitään,1
Vihollistoimija,1
Hiihtokolareista,1
Pwp6if8,1
Taulukkomuuttuja,1
Iterointimuuttuja,1
Inttinimeksi,1
Inttinimigeneraattoria,1
Huoltoreitteihin,1
Hippipäisiä,1
Sotavoimastaan,1
Elsalla,1
Rahankeruuvaiheessa,1
Tupakkitauoilla,1
Samuelilla,1
Smalltalkissa,1
Sparky,1
Romp,1
Turpiinottaja,1
Demogruuppi,1
Ostoslistani,1
Kmv_alkaa__kysy_julkkiksilta_ihan_mita_vaan,1
Inttinimesi,1
Moninpelituki,1
Adjectiiveja,1
Ojrogd8,1
Vilkaisevani,1
Arabiankatu,1
Y4w6qqd,1
6prk,1
Qoghdzt,1
Msdos_moonstone_,1
_a_hard_days_knight_1992,1
Xwxs2,1
Käyttäjäsivusi,1
Goodnightin,1
Bxkzapo,1
J0hnzgj,1
Pirtäminen,1
Kutnoilu,1
Huumegrammalla,1
Hasisbusinessia,1
Tikkasentappopeli,1
Ekstremmly,1
Hiilivetytuotteet,1
Lisärakentamiskampanja,1
Ihmisuhkia,1
Aluekeskuskaupunkeihin,1
Budjettiarvoja,1
Investointienkin,1
Tulevaisuudenvisiossa,1
Raateen,1
Hintakuilu,1
Lukihäröisesti,1
Omics,1
Vousikymmenen,1
Kodinaskareita,1
Peruskapasiteetin,1
Salamannopeille,1
Vertailusysteemille,1
Standardiostoskori,1
Crowdsourcingin,1
Rakennusnopeudeksi,1
_pohjola,1
2ri3gh,1
Op_pohjola,1
2r2f5e,1
A4ykset_opta_kohtaan_jatkuvat,1
Cnc1edt,1
Ddossauksesta,1
Hakkeriporukoiden,1
Hotelliasuminen,1
Vaihtoiehtoisia,1
Xblzznb,1
Yritysjohtajakyselyssämme,1
Viivästyttäneen,1
Suuryllätys,1
Dekstroosilla,1
Tahrisin,1
Geokätköpurkin,1
Kötkö,1
9x1j5j1,1
03id0tl,1
Exportskin,1
Perinteikkäillä,1
Talvisoturit,1
Alpillisissa,1
Xlfwxxpom7i,1
Kätköilyn,1
Hömlöyttään,1
Hintatietojaan,1
Harvalukuisiksi,1
Kuittiskannausidean,1
Kynnysongelmat,1
Ýdinvoima,1
Superhakkerointi,1
Vähemmistölaatikostaan,1
Kolumnipaikan,1
Oraldent,1
Palatsitalojen,1
Kokkelinenien,1
Farmariaudit,1
Sääntelyvouhotuksessa,1
Tragikoomillista,1
Pesäpallolta,1
Tooltipissä,1
Kamppanjoinnin,1
Nukkekansaa,1
Kamppanjarahoituksella,1
Omistettavana,1
Harrastuksenpaskoja,1
Amerikkalaisoituneessa,1
Vaihtoehtotuoton,1
Nominatiiviseen,1
Virkamiesvihaajat,1
Telehäkkyröistä,1
Vierasvalinnoista,1
Kiitämm,1
Freudilaisiin,1
2013102517650465_uu,1
Käyttönsäkin,1
Eversti_puolustusvoimat_kykenee_helikopteriosastolle_annettuun_tehtavaan,1
Osuuskassalla,1
Maryania,1
Imaam,1
Ahmedane,1
Kaksi_tarinaa_huivin_alta_106986,1
A1420434325550,1
Chehah,1
Imaamiahmedane,1
Instituutionalisiin,1
Naismyönteistä,1
Vakioasukas,1
Kätköilijöiden,1
31dd9b9eb5ef19e3c2257dc5004c9988,1
Länsiyhteisöön,1
Vuotiskorjaussuunnitelmaa,1
Viemäriliittymästä,1
Intressisotia,1
Remoteista,1
Myymässään,1
Tuhovehkeitä,1
Kokonaisrahoitustarve,1
Viemäriliittymistä,1
Hakuisemmalla,1
Yhdenmukaistavia,1
Betoniinkiin,1
Pinoteksia,1
Seksualisoivalle,1
Ruoansulatusasiat,1
Käännään,1
Jälkiajatukselta,1
Hoivakotihinnasto,1
Lastulevymössönä,1
Pohjapiirroksessahan,1
Pitkatukat_parturiin_46389,1
Markkinapaikoissa,1
Esitteellä,1
Kaverikerhoyritysten,1
Vilungissa,1
Määrittelytyön,1
Proxit,1
1_2012_erillisliite,1
Terveysprojektin,1
Makropilotin,1
Ajanvarausrajapinnan,1
Petipuuhii,1
Viemäriyhteenliittymä,1
Mainekkaista,1
Hysytellään,1
Hyväntahdoisen,1
Etumerkinnästä,1
Bassoklarinetti,1
2rej0c,1
Big_game_traileri_jalmari_helanderin_uusin_elokuva,1
Pitkälettiset,1
Mututuntumansa,1
Sähköpostihälytys,1
Tempputyölistämishankkeilla,1
Kepeydestä,1
Assimiloitumismahdollisuuksia,1
2rmimq,1
Keskiviikkopäivään,1
20litigation,1
__frivolous,1
Litigation__,1
Legal_merit,1
Tax_protester,1
Franchise_termination,1
Discrediting_tactic,1
Tappamisosuudesta,1
Juhaidi,1
Käsienkatomisineen,1
Ääripiirteitä,1
Amisheja,1
Ramaramadingdong,1
Ristiriidasa,1
Erimieliyyksiä,1
Pappahommien,1
Suufeista,1
Islamninuskoisten,1
Napataankin,1
Ylistyksetkään,1
Dokkarisasrjaan,1
Tt0430484,1
Länsimaalaistumiseen,1
Katollisissakin,1
Kunignashuonettakin,1
Iduskbn0jv1m120141217,1
Wahabbism,1
Byrobdssolaiva,1
Säntöttömyys2015,1
Harkkitsemme,1
Likeata,1
Foodfinderfi,1
Päänsahausvideota,1
Ravisutteleva,1
Silminnäkijävideoiden,1
Ählämisuuntauksen,1
2rmgza,1
A4_muslimeille_pit,1
A4_lopettavat,1
Vauhkon,1
Uutisteen,1
Jihadistejakaan,1
Muutoshenkisesti,1
Surfailuvuoden,1
Turtuvani,1
Pompsahtelevat,1
Jäljittelyrikos,1
Ryötäneet,1
Joutilaselon,1
Tuloverotuskohde,1
Automatisointisuunnittelun,1
Äärikepulaisista,1
Poliittitisten,1
Kiihkeine,1
Saunailloissakaan,1
Jäähdyttelytaukoa,1
Autometroprojektissa,1
Cyberpunkkaava,1
Salipyöräily,1
Tyypittämistä,1
Kroolivedon,1
Softakomponentti,1
Epätarkkakin,1
Päiväkirjanpidosta,1
Tyypittäminen,1
Stressikausia,1
Sensoripotentiaalista,1
Satunnaisurheilijalle,1
Troolamasta,1
Silinterihattuisina,1
Jatkuuvuden,1
Demoshelsinki,1
A1420598793097,1
6f1c16bf244f963ac47ada3d0f05c4e7,1
Llwhyjl,1
Rasvamössöähän,1
Valmispizzassa,1
Valmismakaronilaatikossa,1
Karotenoidien,1
Wlchryk,1
Sunnis,1
Shias,1
Ateistisella,1
Ääriliikehdinnältä,1
Etuoikeuttansa,1
Koulufilosofia,1
A1305913843706,1
Erikoispoikkeuslait,1
R3qn82o,1
Hankaluuksaa,1
Lämpöjään,1
Yhteishyvästä,1
Osallaakin,1
Islamistimaissakin,1
Läläläläskiksihän,1
Pitseeriaan,1
Hiihtoladulta,1
Citronbleu,1
Teloitusmeininki,1
Kyberalalla,1
Lääkekuuriaan,1
Jenkkitiedustelupiirien,1
Jumaltodistus,1
Lynkkausketjutkin,1
Hckt36e,1
Pgxth8a,1
Maailmataloudesta,1
Virusperäisiin,1
Iltalenkiksi,1
Teloituspätkä,1
Teloituspätkää,1
Vassarisuvakkipropagandaa,1
Vassarisuvakkipropagandaksi,1
Shiita,1
Teixobaktiini,1
Lääketestauksen,1
Sosiaalisekonomisista,1
Terroristihyökkäyksista,1
__terrorism,1
Union__,1
European_commissioner_for_justice,1
_fundamental_rights_and_citizenship,1
Terrorism_in_norway,1
Gijs,1
Gijs_de_vries,1
Counter_terrorism_centre,1
Islamistiradikalismia,1
Testikyltin,1
Loanheittotyökaluna,1
Nähtävilläni,1
Microbewiki,1
Growth_promoting_antibiotics_for_animals,1
Lääketeollisuudellehan,1
Pitkittäisivät,1
Motssa,1
Lihankasvattamot,1
Cdwtyh1,1
Ääripersulaiset,1
Organisaatiokaavioita,1
Pisarasuojia,1
Byrokratiaohjeistusta,1
Lovehotellit,1
Luistelukaukalo,1
Highmemit,1
Kaljapalkinnon,1
Biljardivuoroon,1
Seisomatyöskentelyasentoon,1
Julkispavelun,1
Jalankulkukypäriä,1
Idioottiturvalliseksi,1
Sisäänpääsylipun,1
Tervetulijaismaljaa,1
Seebaotia,1
Kartoituskyselyyn,1
Tšan,1
Himemit,1
Cdfin,1
Brenthtml,1
Buranapurkissa,1
Pehmeäpäisistä,1
Snuukkerin,1
Häppäreillä,1
Buildaamaansa,1
Äänestysclinua,1
Nollatietotodistus,1
Varmenteenmyöntäjän,1
Epäonnistuneitavaltioita,1
Numerointijärjestelmästä,1
Viistoistakymppiä,1
Siirtomaatoimintansa,1
Väkivallanteoilta,1
Perusopintokokonaisuus,1
Vesivaraintoihin,1
Työllisyyspolitiikassakin,1
Kyniäkö,1
Opintolinjoillehan,1
Työläämmän,1
Nytkinhän,1
Pääsykoetuurilla,1
Lahjakkuuserolla,1
Keikkakorvauksesta,1
Mielentuhoavaa,1
Heittiä,1
Tukikuoppaan,1
Toimikorttisysteemillä,1
Juteltava,1
Webcrypto,1
Maailmankaikkeudellinen,1
Kuratoisi,1
Vetykset,1
Ansaittemat,1
Jesuischarlie,1
Virtualnes,1
Virtualatari,1
2pkniu,1
Noora_toivo_v,1
A4n_n,1
B6inen_urheilijaksi,1
H0mma,1
Viinasleikkauksien,1
Tulovaikeudet,1
Kopiojuttu,1
Laiskapaskalle,1
A1420606801605,1
68ea0faa1ea87dfb4158c59991b34c1a,1
Faktuaallisesta,1
Koturi,1
Joutolainen,1
28yhteiskunta,1
Keskivertovirkamieheksi,1
Hairahtuisi,1
Sisäänottokiintiöt,1
Piirustelijat,1
Pyllistelevistä,1
Uimapukuisista,1
Räpäytteli,1
Pätkätyökään,1
Tukibyrokraattiset,1
Palaus,1
Libertaaripaskan,1
Pnahszfhrdo,1
Ayjvfd5wrhe,1
Sairaalakeittiössä,1
Ulkomaanosioita,1
Quayle,1
Juunoei,1
Loukkautumattomuuteen,1
Sosiaalioikeudellisesti,1
Medschools,1
Howtoapply,1
Irtisanomissuojakielto,1
Irtisanomissuojilta,1
Ulostettava,1
Toimitsijakiellot,1
Heittovaraa,1
Kilpailutuskierroksiin,1
Turvevoimaloihin,1
Standardisoinneilla,1
Verannollisina,1
Valinnaisempi,1
Ammaattiliiton,1
Asuinkiinteistöstä,1
Oivalluksissa,1
Riistoehtoiset,1
Työnvälitysohjelmat,1
Sisäkkövälityksessä,1
Alexander_aan,1
Terrorismiepäilyissä,1
Puutteellisempaa,1
Hoitotyötähän,1
Vastaanlaiselle,1
Kansalaisliikehdinnälle,1
Suhteellisuustajunsa,1
Perusoikeusherkkä,1
Kunnianloukkausyhteiskunta,1
Peräsiä,1
Idioteja,1
Alotetaisiin,1
Lisätäisii,1
Äitikommentissa,1
Barbaarimaisempi,1
Vakiotyösuhteessa,1
Puhaltamisena,1
Työnseurannassa,1
Rentoutumispäiviäkin,1
Resarchin,1
Mi8yuwopj4,1
Bronymiehistä,1
Penetroimassa,1
Kutsuillesi,1
Semioc,1
Pommiuutisen,1
Vakisopimuksiin,1
Juspee,1
Kamppanijoida,1
Lamelta,1
Paalasella,1
Laakelaitoksen_uutiset_uutissivu,1
Muutoksia_eraiden_itsehoitolaakkeiden_myyntirajoituksiin,1
Sammutusautomatiikan,1
Metroliikenteestä,1
Eurooppakouluhan,1
Muuttumiskyvyn,1
Vuokratyöntekijäsysteemi,1
Biltemakin,1
Autonvaraosat,1
Itsemurhapommitukseen,1
Aituri,1
Bryggarelle,1
Ulkonakopaineista_avautunut_aituri_vastaa_arto_bryggarelle_et_tieda_minusta_mitaan,1
20ess,1
Kajanderimainen,1
Qdgters14ps,1
Pihlavassa,1
Kaksiakkuisen,1
Pääakun,1
Pilakuvienpiirtäjät,1
Nelinpelit,1
Jenkkistailin,1
Iablogi,1
Tykata,1
Mainostoimintaan,1
Medialinkkinä,1
_rs_n3jvtpe,1
Autopommihyökkäyksessä,1
Öljyläikille,1
Syömispuoli,1
Olutpierunhaistelijana,1
Rzfizum1prq,1
Bbmhwn4gxes,1
0ntlma8jha8,1
2m8s9,1
Passiivisaggresiivinen,1
Vastauslitanja,1
Overworld,1
Vh8mqrxemuo,1
Tunnarilinjalla,1
Astrophe,1
Msdos_tom_and_jerry_cat,1
Astrophe_1990,1
Stuntsia,1
Loppupuolet,1
4eaxqdhlqc8,1
Palapelilaatikko,1
Sinkonsa,1
Vietostani,1
Picassoakaan,1
Kakkafetissit,1
Deliveratorillaan,1
Sössötellä,1
Mielikuvitusolennoistaan,1
2enqga,1
16_of_french_citizens_support_isis_poll_finds,1
5kmih4x7wtk,1
3pcibrqxofg,1
Msdos_stunts_1990,1
Reformsection5,1
3m20s,1
Yksilöönkohdentamatonta,1
Kiihoittamina,1
Juutalaiskeskeisyys,1
A5x9gsayrpa,1
Cniswec,1
Cnivi0e,1
Pyykkipäivän,1
14h03m20s,1
2rrp4r,1
Hallaaho_muutama_sana_pariisista,1
Cnip486,1
Uusiojulkaisusta,1
Pääosapari,1
Lempinäyttelijöideni,1
Perusjuonikin,1
Hb9h6lhygn0,1
19940304_052,1
The_franklin_coverup_child_abuse,1
5_euro_kolikot,1
Maakuntaraha,1
Keräilysarjaa,1
Nihilisteiltä,1
Perseenpyörityshittien,1
Agraarisesti,1
Pullamössöilystä,1
Sirpaileisiin,1
Lamaisi,1
Mckonahiin,1
Rustyn,1
Mieskyyneleen,1
8jlvd1svooa,1
Kulttuurienvälisestä,1
Länsimaistamalla,1
Ahvenanmalla,1
Vedonlyöjillä,1
Harrelsonia,1
Metalegenda,1
Sikaniskajunttiroolin,1
Sivusävyillä,1
Vaughnin,1
Farrellillakin,1
Rutiinirooleja,1
Irkkuaksentin,1
Pääosanäyttelijöiden,1
Peaksiksi,1
Kotirintamillakin,1
Malariaviidakoihin,1
Monsuunisateeseen,1
Lautapelihässäkkää,1
Vcxdt,1
Mbph4,1
Lerppurallin,1
Korkeakoulujenkkifutiksen,1
Dayssejä,1
Sid_reminder,1
Muslimileiriin,1
Likettämässä,1
Tubettelu,1
Tiristävän,1
Ruudunpäiviitys,1
Läntätyt,1
Kuvaamattomuudesta,1
Jnjhmk0bbli,1
Vaughnia,1
Farrelista,1
Skut6z3q2kq,1
Kolikkokeräilysettejä,1
Bimetal,1
Tulitustarkkuus,1
Samowar,1
Ihmeellinenkin,1
Adulthitterille,1
Nallinsa,1
Pew_research_center,1
Inedin,1
Institut_national_d,1
A9tudes_d,1
A9mographiques,1
Institut_national_de_la_statistique_et_des_,1
A9tudes_,1
A9conomiques,1
Orjakahleiden,1
Kf32drg9opa,1
Räjäytebloggaaja,1
5iedä,1
Ndom,1
Räjäy44t,1
Itseäkö,1
Types_coins_en,1
Musliimeista,1
Veikkauskertoimet,1
Kunpitäisi,1
Nostalgiapelit,1
Entryni,1
48dz6wtm1go,1
Qiybzngh0ty,1
20m15s,1
Uskonnonpilkkapykälää,1
Upturns,1
Lionizing,1
Äääääähägähgähgähgh,1
Karprintissä,1
Huonomaineeseen,1
Huhmarista,1
2hf85o,1
Kadotettu_vuosi,1
Kolikkokeräilysetit,1
Shanghaiattua,1
Everstinkuvalla,1
Cognisnews,1
Cidewnewcarton1,1
Patikointisimulaatiossa,1
Himopelaamiseni,1
Päheimmiten,1
Kuteeni,1
Patikkapelissä,1
Medialinkkikin,1
Krsio_rv9q4,1
O5c0g9ol7_q,1
Jackrabbitille,1
Keenille,1
Zh5_h5iowgc,1
Wikings,1
Zopcsqv_y88,1
Moraalirelavistinen,1
Moraalikäsityksiimme,1
Progelle,1
Diskolle,1
Soitinvirtuoosimasturbaatiolle,1
Studiosoundeille,1
Atonaalinen,1
Antitonaalinen,1
Iskelmällisyydelle,1
Iskelmällisyydellään,1
Oopperalaulutyyli,1
Gggp9jky1pk,1
Fcnmcuzq3ws,1
Harvinaisuusrahalla,1
Suomalaissyntyisestä,1
Bodytreeni,1
Ekoelo,1
Luontaisterveys,1
Senioriterveys,1
Talomestari,1
Mielikuvatiedottamista,1
Buddhalaisvanhempien,1
Karprintilla,1
Latvalahokin,1
Jakelumarkkinat,1
Fanaattisemmiksi,1
Kääreissäkin,1
Mainontakiellot,1
Mainosteipatuille,1
Vastuussaolevan,1
Autotiedostot,1
Sijaintivaltiossa,1
Rekisteröintivaltioon,1
Kauhistuttavilta,1
Foresterissa,1
Starttiakkuun,1
Sammutusautomatiikkaa,1
Fundismuslimeja,1
Johtajalääkäriin,1
Omistsamaa,1
Kuuluisatkin,1
Habron,1
Nykyteknologioita,1
Hgohm9po4ho,1
Kuljetustoimeksianto,1
Välge,1
Läpikulkuliikenteessä,1
Alkoholiylitarkastaja,1
Oikeusoppisuunnista,1
Salafafistit,1
Hanbalilaiset,1
Päivystystykseen,1
Miljoonatusinaa,1
Talomestariin,1
Yhteisrahoin,1
Hiilidioksidpäästöistä,1
Ridea,1
Kaupunkilaishiipparit,1
Eurohaaveilu,1
Sikaukkelit,1
Viitelinkkejä,1
Tenojokeen,1
Carcosa,1
Taisiki,1
Ligottilta,1
Tiivistempoisempia,1
Lautapläjäyksiä,1
Islamistifanaatikkoja,1
Lipunkuvia,1
Viihdelaitteena,1
Advia,1
Prioriteettilistoille,1
Uxmagazine,1
Barbarian_,1
Palace_software,1
The_great_escape_,1
Oudonmuotoinen,1
Vankileirirutiineiden,1
Rakenteluu,1
Tietokoneeltas,1
Viinalainsäädäntöä,1
Liberaalimpaankin,1
Erkanevatko,1
Byreokratiana,1
Sääntövapaasta,1
Ek24,1
Stokeen,1
Vanhaintanssit,1
Anssit,1
Hepenein,1
Kihertävät,1
Samettipenkillä,1
Diktatuurivaltioista,1
Puuttumminen,1
Voittoehto,1
Voittopistekortteja,1
Charb,1
Natonal,1
Edellemainituille,1
Etelapohjalainen,1
Suoristanu,1
Ohjausvirheestäsi,1
Komulkauutisten,1
Sessioajatkin,1
Paisune,1
Mammuttipeliä,1
Luodinreiki,1
Tarpeeksiläheltä,1
Teippaushinta,1
Avaruusteippiä,1
Teippausfirmoilla,1
Markkinatalousko,1
Kommissaarihaaveille,1
Hampaattomampia,1
Tiedonsaantitarpeet,1
Tiedonsaantihalu,1
Sb124562668777335653,1
Tuotantohyödykkeisiin,1
Tavarantarkastajat,1
Verkkolaitteistovalmistajan,1
Aateyhtäläisyydet,1
Salakuuntelusfotat,1
Myyntiastioihin,1
Lukitusjärjestelmää,1
Aluehallintoviranomaiselle,1
Avaamistilaisuudessa,1
Pelkoset,1
Leguaaninkin,1
Massaverkkovalvonnasta,1
Viestiliikenteeksi,1
Uudelleenjärjesteltäviksi,1
Harjuskalastajien,1
Loivenevat,1
Muillaka,1
Laillisuuspuolueelle,1
A1305753788001,1
Enkeliretriitissä,1
Astrologilla,1
Homeopaatilla,1
Eläinkommunikointikurssilla,1
Blogein,1
Kalastusasiaa,1
Seisovavetisten,1
Voimalaitosaltaiden,1
Xilelle,1
Kaljapullosirpalepuolue,1
Reittitimien,1
Veronmaksueuro,1
Yhteiskunnantukieuro,1
Realisimiin,1
Kollektiivimuutoksessa,1
Delfiinienergiamatriisin,1
Valokehokentässä,1
Delfiinimatriisikoodit,1
Delfiiniparviperhe,1
Iloenergiaa,1
Ilomallin,1
Valokoodit,1
Delfiiniperheelle,1
Energiakoodeja,1
Energiasiirtoina,1
Delfiiniperheeltä,1
Delfiinimatriisista,1
Holograafisten,1
Mahdollisuusmallin,1
Taajuuksillaan,1
Delfiinienergialähetykset,1
Harmonisoituaksenne,1
Aktivoidaksenne,1
Egoenergioista,1
Maaäidin,1
Tuhoprofetiat,1
Kollektiivitietoisuudestanne,1
Homoantipaattisia,1
A1420781411562,1
942396a735309fa26379f40d81591c55,1
Kaljakuormien,1
Autoverovapaata,1
Sotatoimiksikin,1
Farmaritodellisuutta,1
Veornmaksueuron,1
Sukupuoliperusteisista,1
Teveysalalle,1
Päämääränämme,1
Heikompiosiaisia,1
Heikompitulosia,1
Heikompitulosiia,1
Keskipainoja,1
Keskustelulistalle,1
Raflaamalla,1
Huolestuttavampiakin,1
Rukoustilanteessa,1
Viestintaministeri,1
Epäonnistuakkaan,1
Laique,1
Muslimimerkit,1
Arabitaustaiselle,1
Seksiminna69,1
Ääneenmaininta,1
Tavismuslimien,1
Profiloituihin,1
Lomakepaperille,1
Edellisen_viikon_numero,1
Viestintäarkistoon,1
Kypäräpappiosastoa,1
Siivessäkin,1
Kannatusa,1
Enemmstö,1
Vastuisi,1
Palkkatiedothan,1
Ositteita,1
Lautapelivihaaja,1
Verkkovakoilua,1
Kidei,1
Imaalit,1
Äärioikeistojäseniä,1
Hanbalilaisista,1
Uskontulkinnalla,1
Järkyttävimpien,1
Lappulausahduksien,1
Pcifsxskc4c,1
Pyhäpaikkanamme,1
Vastablogit,1
Paljastettu4,1
Sonnanheittosotaa,1
Terroisteiksi,1
Headlinin,1
Huhuojaa,1
Ihmelliset,1
Enkeliretriittiä,1
Finley,1
Päätepisteitäkin,1
Sciics,1
Ajanmittauspuolue,1
Nordichan,1
Arvonlisäverotkin,1
20karelian,1
__east,1
Camps__,1
Finnic_peoples,1
Qtyfyqr,1
Fi_suomalaisen,1
Aanislinnassa,1
Säännöstelyannokset,1
Säännöstelyannoksilla,1
Vanginvartioiksi,1
Partioparista,1
Tsygobaatti,1
Evästekikkailu,1
2rufzd,1
Arab_newspapers_around_the_world_react_to_charlie,1
Arabilehdet,1
Tanskanlipunpolttajaporukkaa,1
Yemeniläiset,1
Lennokkiohjus,1
Jihadistiryhmänä,1
Paikalliskaverin,1
Haramilla,1
Heimotaisteluissa,1
Räpissähän,1
Sirpaloituneisuuteen,1
Katolaisuuden,1
Odettelinkin,1
Poliittishaluista,1
Islamrealismiksi,1
Tukisenttiä,1
Islaminuskoisella,1
Sarkavaatteet,1
Clasohlsonilla,1
Myymäläpakkauksen,1
Vaajalle,1
Tajunkin,1
Nimikäännökselle,1
Maaseutulaiskannattajat,1
Hadidth,1
Koulutusjaksossa,1
Kirjavirityksistä,1
Lohkaistaisiinkin,1
Ekstrapreemioita,1
Kirjankustannuksen,1
Kustannusjakaumasta,1
Suhdeverkostoa,1
Keplottautua,1
Järkipestiin,1
Työkokemustahan,1
Manninenkos,1
Hassiksenpolttotapausta,1
Suojeltunut,1
Maksamadon,1
Varustelakalla,1
Kusettajafirmat,1
Vaippakerhon,1
Kassajärjetelyt,1
Pirusa,1
Noutopöytähintaan,1
Vakipysäkkilistalla,1
Teräsmukeja,1
Sotaretkilläni,1
Kiviesinettä,1
Kivikirvestä,1
Kivitalttaa,1
Lautapelitapahtumiin,1
Kiviesine,1
Kivivasarakin,1
Lautapelejen,1
Vasaria,1
Pöhpöhpöö,1
Yrjänälle,1
Onislam,1
Radikaalirekryyttejä,1
Ylikuivia,1
Pyyherullat,1
Siisteydessäkin,1
Boonuskorttikahvila,1
Kyläverkoston,1
Pienenempien,1
Nepparikiristyksellä,1
Kumiremmeillä,1
Teollisuusjäteviemärinvihreä,1
Anywayz,1
Apsiutumista,1
Kyläkeskustojen,1
Rahastukseltahan,1
Kärrylläni,1
Tasalukemassa,1
Liikennöintivälineensä,1
Hazardeihin,1
20htm,1
Suomipalaa,1
C0027077,1
Cloudfiles,1
Rackspacecloud,1
01ac749d14949b2c075f842779c2c696_l,1
Tiedosteluviranomaiset,1
Erillaistahan,1
Ankeutussuomi,1
Identiteettikompastelu,1
Vastaanottaviksi,1
Österlandista,1
Lastensatuhistoriaa,1
Lähivuosisatojen,1
Kulttuurihistoriakin,1
Ristiriitos,1
Pubexchange,1
Holhoamisväitteen,1
Elvytyspolitiikalta,1
Myötän,1
Temppuiluvittuiluviritelmäksi,1
Kalasnikovien,1
Snapchatisä,1
Threemassa,1
Hebdoamassa,1
Pahvipakettiin,1
2s79c1,1
David_cameron_has_today_revealed_his_intention_to,1
Cnn3vdd,1
Postisalaisuuskin,1
Steganografisia,1
Yleisvasemmistolaisia,1
Facistisiiin,1
Blogausten,1
Aiheuttavatkohan,1
Olemassaolevisat,1
Salaliittovideota,1
Sockpuppetti,1
Kolahteleeko,1
Atstrid,1
2015011319012934_fd,1
Kampakeramiikasta,1
Kiviröykkiöistä,1
Auktorisoimaton,1
Surffaajaa,1
Muuallat,1
Ihmisoikeussopimusjutuista,1
Fanereilla,1
Sisältöproxyn,1
Kommunisminpunaisin,1
Terroristilistaosumat,1
Viranomaisläpinäkyvyydestä,1
Keskivertomuslimina,1
Krokotiilikyynelehtimisestä,1
Realistikin,1
Vasemmistolaisblogit,1
Liberaalisuudessa,1
Pääpuoluettaan,1
Oushit,1
Sotilaiskohteiden,1
Crimesofwar,1
Berberejä,1
Läpykäthän,1
Shokeeraudu,1
Vaivaudi,1
Työarkaa,1
Server_name_indication,1
20indication,1
__server,1
Indication__,1
__sni__,1
Transport_layer_security,1
Client_,1
Public_key_certificate,1
Ip_address,1
Tcp_port,1
Types_of_servers,1
Virtual_hosting,1
Pound_,1
Internet_information_services,1
Facebooksivut,1
Upvotettamaan,1
2s9ybc,1
Pelastakaa_lapset_ryn_pedofiileille_apua_tarjoava,1
2s9jmh,1
Otanvastuunfi,1
Kyyräilevät,1
Hostausfarmiin,1
Hääshtägäillyt,1
Urkkijalta,1
Professori_11,1
Pakoittain,1
Tilaratkaisuihin,1
Tupakkahuoneista,1
Lastenhuoneisiin,1
Terveyspalelut,1
Paraatiportistaan,1
Erillisryhmiin,1
Vonadler,1
2rxgpk,1
Serious_i_want_to_know_what_swedes_in_general,1
Cnkg35v,1
Rakennuttakoot,1
Erityiskämppänsä,1
Tuplasisäänkäynteineen,1
Tabuistaan,1
Pakkomielteistään,1
Dhalmannin,1
Vonadlerin,1
Somaliverkoston,1
Perheryhmien,1
Asuntostandardista,1
Pedonmetsästäjien,1
Painelitte,1
Setaahan,1
Klikkailuistaan,1
Uudisasukasperheitä,1
Koronottamisen,1
Seurantaohjelmia,1
Tilinhoitopalkkioista,1
Sivustojahan,1
Refererit,1
Nsa_n_4059827,1
Parmyolson,1
Vaalihommaa,1
Kohdiatui,1
Vammaispalvelu,1
Toivetilasta,1
Fiilispohjailuun,1
Esteettömyyspakko,1
Sotaanne,1
Ovivahtien,1
Homogeenistämisprojekti,1
Murteidenpuhujien,1
Nettipankkiliikennettä,1
Rullailkoon,1
2012042715507583_an,1
A1305562102558,1
Hukkatilalla,1
Muslimikavereillesi,1
Qnqxkqdifgo,1
Enemmistökulttuurista,1
Shabbat_elevator,1
Ranskalaismuslimi,1
Työvaihdolla,1
Kaljarahastasi,1
Masturbatoorion,1
Hotboxin,1
Filtteröintiproxyn,1
Nuuskintaan,1
Avainneuvottelu,1
Ephemeraalisilla,1
Amerikkalaistettiin,1
Kotouttamispolitiikalta,1
Rotokollat,1
0sggmj3mf88,1
Iltasanomain,1
2sba82,1
Syntt,1
A4ritempaus_yksille_kiinaan_ja_takaisin,1
Bimbada,1
Angloväestöön,1
Korttelinsa,1
Jiddisiä,1
Italialaistunnut,1
Katolilaistunnut,1
Sulauttamisyritykset,1
Orivesihän,1
Turismimiljoonat,1
Tälläisiniä,1
Musiikkikilpailuna,1
Fctcvhjcz28,1
Plwnhfxjfezvooug_laaffsbka0xvq62cl,1
Televisioima,1
Snobbailee,1
Teempäs,1
Komelluksista,1
Palveluhotelliksi,1
Reaktioltaan,1
Viisuedustajaksi,1
Viisufaneilla,1
Yleishyödöllisyys,1
Kontrahointipakko,1
Tekstiviestiäänestykset,1
Finnisih,1
Naimisiinmennessäänkin,1
Suomalaisämmien,1
Euroviisuammattilainen,1
Euroviisufoorumilaisilta,1
Vellipersepoliitikkomme,1
Pikkuvahingosta,1
Ujxdxlh5yua,1
Motivaatiokoulutusta,1
8patfsjy5q0,1
Hyva_mieli,1
Voiko_hotellissa_asua_pysyvasti_lue_naisesta_joka_asuu,1
Juma_lauta,1
Motivointikoulutus,1
Veroalejärjestelmää,1
Liikuntareseptin,1
Olevasssa,1
Mittainnen,1
Geomagnetic_reversal,1
20reversal,1
Reversal__,1
Interchanged,1
Alternated,1
Glacial_period,1
Geomagnetic_excursion,1
Cismlpf,1
Nasa_54559main_comparison1_strip,1
Matuyama_reversal,1
2012_phenomenon,1
Ripulioksennukselta,1
Yyyyyylistäkää,1
Meemukuvasi,1
Kuumankosteita,1
Meimeitä,1
Sammlataa,1
Huumorilehteen,1
Vanhustyöpuolella,1
Vapaapäivältään,1
Koodiapinatoimistossa,1
Parhaallaki,1
Koodiapinatarhassa,1
Kauhufirmaa,1
Krapulapoissaoloista,1
Maahanmuuton_hinta_51424,1
Hassuttelupopulismi,1
Laitostuneessa,1
Urheiluihmisiä,1
Eläkeläisjoukoille,1
Bntzoxcieamtyvz,1
Normaalipainoinoiselle,1
Ruokavaliovalistusta,1
Kakkamaisteri,1
Läpimurtovuosi,1
Pilapiiroksista,1
Verkkoylläpitäjät,1
Tunkattavia,1
9dpaskaa,1
Nakoisen,1
Heterotoivotus,1
Qscrl,1
0i19,1
5j5,1
Msedr,1
Spki3qpvtk4,1
Tietotekniikkataitojen,1
Kaksnaamaisempaa,1
Sananvapaiksi,1
Arkiminääni,1
Sanamuoden,1
Kuukausirahoillaan,1
Multikulttuuriuutinen,1
Elektroniikkaosaaminen,1
Räpläystaidot,1
Sysadmi,1
Windowsverkko,1
Proxyosoitteet,1
Säätiöjengiin,1
Tiilenkantaja,1
Pedofiileus,1
Hakumaihin,1
Vuorakaudenaikarajoitusten,1
Pertti_kurikan_nimipaivat_uskoo_umk,1
Voittoon_softengine_parjasi_miksi_emme_mekin,1
Seuraamisevääksi,1
Juhlarahastoa,1
Motivaatiokoulutuksen,1
Motivaatiokoulutus,1
Ulkomusiikillisin,1
Kehitysvammaisillekin,1
Ähhähhäh,1
1j2zxie,1
Roskaluukkuja,1
Tietotekniikkaopetus,1
Gg3y70d,1
Oikeustalossa,1
Nautintokieltoja,1
Konjamiinipaukkuja,1
Suomiräptä,1
Öljybarreleiden,1
Järjenseisauttavaa,1
Kuntorajoista,1
Huonompikuntoisille,1
Wind_power,1
Solar_cells,1
Xau82bm,1
Wind_power_plants_in_xinjiang,1
China_village_electrification_program,1
China_township_electrification_program,1
China_clean_energy,1
Rakenusalalla,1
Dopingaineeksi,1
Sulautumishaluttomuus,1
Päätyövälineenään,1
Hippeileen,1
Motivaatiokoulutuksesta,1
Nettishoppailulle,1
Nettishoppaajat,1
Osittaiskieltolakijärjestelmä,1
Talviklassikkoa,1
Peruslähiöpubilta,1
Kantapaikalta,1
Moottoripyöräkerholaisille,1
Asunnonostoikää,1
Äkkilisen,1
Läiskässeet,1
Kokonaiskertymän,1
Työläiskaupunginosissa,1
Neliöhintaja,1
Kaupunginkeskustaan,1
2f22112012,1
2fauttamisohjelma,1
397185b9dadb18b3c22570270045740e,1
Tiedesivuille,1
Päivärahamaksuihin,1
Yritysjulkaisu,1
French_law_on_secularity_and_conspicuous_religious_symbols_in_schools,1
Varatoimena,1
Tz2pkev7mac,1
Burkas,1
Ixzz0zx1ubeir,1
Constitutionality,1
Arslan,1
Wilj,1
Ragep,1
Powell_final,1
Carnivals,1
Debasement,1
Promulgated,1
Paperityösään,1
Ansiosidonaisen,1
Yritysjulkaisukenttään,1
Rpelit,1
Tuplapotti_2004,1
Social_assistance,1
Puukkonatsit,1
Retroasiaa,1
Boingbeing,1
Kirppari_kutsu,1
Tietojärjestelmäpuolelta,1
Eihänkään,1
Henkirikoksista_epailty_kiinni_oulussa,1
Takoon,1
Vaijeripampulla,1
Helpoittamisen,1
Journalistilin,1
Paperijulkaisuun,1
Tavsn,1
Kuluissasäästämisestä,1
Ajanvietemusiikkia,1
Työsssään,1
Suomenurheilugaala,1
A4yhteisty,1
Vastuullisuussetistä,1
Nettisivustoaan,1
Robodockia,1
Myllyojallata,1
Turvallisuusvaahtoon,1
Janoatko,1
Yq5xmlj,1
Viiiina,1
Kiiirves,1
Peeerhe,1
Luuuumihanki,1
Poliiiisi,1
Eeeerhe,1
Kirvesmurhatut,1
Kotouttamiskursseilla,1
Piirustaisi,1
Homouusnatsia,1
Kahnaa,1
Paatero_oulun_poliisin_aseenkaytosta_nayttaa_selvalta_hatavarjelulta,1
A1305917502925,1
Tiilitiellä,1
201501150081128_uu,1
Bussejamme,1
Jesuispubtuisku,1
Äärivanhoillisista,1
Somalihan,1
Poliisi_ampui_aseen_kanssa_heilunutta_helsingin_keskustassa,1
Uudenmaansyyttajanvirasto,1
Nastolassaampuma,1
Asettakayttaneenpoliisintoiminnastaaloitetaanesitutkinta,1
Clonks,1
Käsikirjastani,1
Ranskalaismalilainen,1
Sovietpootis,1
Dumpter,1
Dumpsters,1
Patriarkkaattista,1
_mielipiteitä_,1
Hihhu,1
Ryhmäjohtajaksi,1
Ylävartaanoon,1
Oleittas,1
Epaillyssa,1
Raamattujuhla,1
Kaareli,1
Parkkima,1
Uusperheriidoista,1
Kappaleenjakoa,1
Starczewskista,1
453c0c8a466f468cee2655ab0081017d,1
Eurooppanne,1
A1420951852080,1
44d8f55fb68089fe7df317ebeb244b49,1
Nighcrawler,1
X8kydqan8bw,1
Tohtorinlakistaan,1
Debunkanneet,1
Lempivälle,1
Seksiäänien,1
Paikalliskokouksissa,1
Kreationistihörhöt,1
Pyöriinyt,1
Logollansa,1
Vex4000,1
Tripshow,1
Thwurlsave,1
Vex6000,1
Löyttyniemi,1
Kiihkosuomalaisuudessa,1
Luostarioluiden,1
Dobbelbockien,1
Tilaviiniksi,1
Tavistenkaan,1
Hippeilyfestarit,1
Moraalibarometrista,1
Viinimyynnistä,1
Esittelypuheenvuoroa,1
Prosenttisiin,1
Kokonaislainsäädäntöön,1
Mielen_terveys_historia,1
Alkoholilainsäädönnöstä,1
Editorikseni,1
Kameralasit,1
Kuuskakkosella,1
Hallituscombo,1
Tulirokoilla,1
Sahapalot,1
Puuteheinää,1
Laimennettuihin,1
Prosenttisina,1
Potilastovereista,1
Ääniharhoista,1
2bb23523,1
Pasi_vainikka,1
Vtt_energy_brochure_tablet_2013,1
Teknologiakonsepteille,1
Hierontakampanja,1
Vitamiinpillereitä,1
Yuttutubesta,1
Kulutusarvoilla,1
Nox42,1
Kengitetty,1
2015011519027242_uu,1
Maanselka,1
Horhopuheille,1
Hörhöpuheille,1
Viiperö,1
Miesä,1
Murharituaalit,1
Tietoverkkoympäristöstä,1
Säädösperustan,1
Siviililuontoisia,1
Tietoliikennetiedusteluun,1
Ulbrichts,1
En_zenturio05,1
Crosspromo,1
Bruttotilastojen,1
Mielenterveysongelmatkinhan,1
2013070917243473_uu,1
Valkosipuliesanssi,1
Mielensäpahoittamattomuuteen,1
Talouspoliikka,1
Mätämuniensa,1
Switchailua,1
Huulitulppaa,1
Internetpaskamyrsky,1
Olutfirmojen,1
Alkoholiverojenkin,1
Uutistuutithan,1
Chadizzy1,1
Terveysmyyttien,1
Syöpämääriä,1
Toistatuhattavuotta,1
Hanuristivitsitkin,1
Lappilais,1
Punapäävitsit,1
Huomaamiseenkin,1
Ripqpie4_qy,1
Subpope,1
___b,1
Apparakraattinen,1
Erittyisen,1
Hiussävy,1
Versprach,1
Potkus,1
Fe4732859cefb763e51e9148f99733da,1
Rasismirikoksiin,1
Silmanrapayksessa,1
Iyv7isf,1
Koivistollakaan,1
Purijasadistin,1
Lainattavalle,1
Belgan,1
Deadlinellä,1
Kommentointilanka,1
Arvolibeeraalina,1
Kolumnimainen,1
Homokostoihin,1
Sekosivut,1
Conffikaa,1
Hörhöpuheet,1
Kieltolakipelleilyihinsä,1
Opiaattilääkkeet,1
Upperit,1
Huumett,1
Pilleritalo,1
Perusrahkasta,1
Keinomakeutettua,1
Polyvinyylialkoholi,1
Tikkukirjaimiksi,1
Gagball,1
Luonnehtisivat,1
Sonera_fiber,1
Vaahterakin,1
Detail_verviers,1
Pienpanija,1
Viikolloppua,1
Exponenttifunktioiden,1
Hooooooom,1
Tnudpjpg,1
Otsikkotypoista,1
Amatöörreille,1
Mullas,1
Sccugztl,1
Limupohjaiset,1
Pötypuhettakin,1
Mokkapalavuoro,1
Työpolitiikkajargonia,1
Sekasisin,1
Lim744h,1
Bjoguou,1
Shzey8z,1
Q6xcrrh,1
8qkqila,1
Lbdfr6l,1
Ekspodentiaalisesti,1
Herkutteluhetkiin,1
Perusrahka,1
Ksh1uwl,1
Yhhys,1
Cokjbp7y,1
Maatiaskissojen,1
Dtraivi,1
Skyristä,1
Kaupanrahka,1
Wiboja,1
Proteiinirahkoihin,1
Tuhlailupolitiikkaa,1
Katukyselyihin,1
Fnfvulg,1
Smilies,1
Icon_salut,1
Tuhlailupolitiikka,1
Kantumisesta,1
Livekasinolla,1
Draiviksi,1
Tehdaskierroksella,1
Dlbytsph,1
Tutukimustyöstä,1
Cq4rfhpodsq,1
Twkvvqdokpi,1
Aaaaaaaaadm,1
Wq4xcjt2dam,1
Img_3717,1
Hämrän,1
Koulupainotteisesti,1
Loskatkin,1
2prxno2,1
Yhdistelmäajoneuvokuljettajan,1
Sinikauluksellisista,1
Valkokauluksiin,1
Yksinpärjäämistä,1
Antikkalan,1
Hiihtohissimäkeä,1
Penthousebaari,1
Starcewskin,1
Hapatteena,1
Runkkupiiriä,1
Selänkääntötemppu,1
Viimevisiitillä,1
Teinipennut,1
Vilkaisat,1
Lepuuttaessa,1
Kdjjgkb,1
Agenttitavaraa,1
Hiilikaivosjätkä,1
Eroharkintaan,1
Builderit,1
Mexicolaiset,1
Laborersit,1
Normal_lapset_lumikammi_fi,1
Suuntailla,1
Uskonnonkurssiin,1
Finlayssonissa,1
Lopsautetaan,1
Rippiäisten,1
Sublimoivat,1
Kivemmaks,1
Olusistani,1
Flaiereitansa,1
Panimoravintolaan,1
Kylkijäiseksi,1
Typottelun,1
Internetinkäyttäjä,1
Cpg3fvu,1
Autowikibotin,1
Munkeja,1
Huuhaasiivelle,1
Puolustusyhteistyöprojektien,1
Leikkisodittu,1
Sotakeskuksen,1
Neukkuromut,1
Sotakabinetti,1
Klikkausmagnetti,1
2015011519026557_fd,1
2015011519025559_fd,1
Jumanklaare,1
Buukmark,1
Khxiouky8ho,1
Xeeasr7hvha,1
8vt,1
Cj2k,1
Eropäätökselle,1
Ankealtahan,1
Strib,1
20atheist,1
Trustwo,1
Wiki_past_coming_out_stories_that_didn,1
27t_go_well,1
Jenkkiateistien,1
Pelitunneistasi,1
Röllisodal,1
Ensivaikutteet,1
Kielioppisystsem,1
Dnkroz,1
Sairaanhoitajankoulutuksensa,1
3_filename,1
Tiedostonimiä,1
Uskonjuttuja,1
Kolmeenhan,1
Koskettelijoilla,1
Vankeinhoitojärjestelmässämme,1
Lynkkausjoukoista,1
Nykyiseltäkään,1
Plainmilch,1
Paholaisjuoma,1
Eroaturusta,1
4deli,1
Pispalakin,1
Japanilaistyyliseen,1
Nomuun,1
Kaauppahalli,1
Cafepispala,1
Kainkein,1
Seksillähän,1
Kertoisinkaan,1
Ateistivanhusten,1
Xnaqhg4,1
Xsrucbz,1
Ngquvc0,1
Dncashman,1
Vehnäiseltä,1
Sanvalintoja,1
Minämhm,1
Pelastuspostia,1
Täysraittiilla,1
Vesileimapaperi,1
Valuuttareformilla,1
Pfenningiin,1
Valuuttareformia,1
Pleikkarihuoneessa,1
Raskaajilla,1
Jakelujavastaanotto,1
Mustcarryelisiirtovelvoite,1
Tuomiovaihtoehtoja,1
Sulkemisuutisia,1
Vangittunapitämiseen,1
Suojeluosastolle,1
Eristyssellivankeina,1
Hipsteritermeillä,1
Rippitilaisuus,1
Puutarhastudio,1
Internernetin,1
Rullalautailukin,1
Sampleria,1
Karprintin,1
Lehtialaa,1
Ohjelmistokopioiden,1
Suollettava,1
Eye_of_providence,1
Kopiopastarunko,1
Matinkallio,1
Westendintie,1
Tänätiistaina,1
Lätkämatsii,1
Dumaroitavana,1
Liennyttelijöitä,1
Maailmanmuokkausta,1
Alistumattomuus,1
Irveän,1
Uskoivatkaan,1
Nuivistelijoita,1
Kimoa,1
Lantatalikko,1
Mahometeille,1
Illumiunativillitys,1
4aobh29,1
Ulkomuotoihin,1
Muurareihin,1
Kastekynttilän,1
D932c4b185620b72c225702200405e36,1
Tehohoidetulta,1
Tukkimetsältä,1
Naavaakaan,1
Puidenrangoilla,1
Arviointisääntöjä,1
Iltapäivänokosilla,1
Valtiopäiväsalissa,1
Xj58tavoiqg,1
Metallisahasta,1
Fffyit,1
Tsfsfs,1
Thomaselfgren,1
Spesifikaatioiden,1
Lähiharjoitusalue,1
Varoalueella,1
Puueriä,1
Olutpariksi,1
Yleenstä,1
Luonnonsuojelukeskustelun,1
Kaiikkin,1
Merkittävästäi,1
Räätälöintiprojekteista,1
Puhelintukihenkilö,1
Uvpmfxk,1
Metsäkonet,1
Samanlaisensa,1
Karhunpoikanen,1
Kadunkulmatapaamiseen,1
Kandinaattia,1
Itsestäänselvyksiä,1
Pankkihuuman,1
Työtuntitilastot,1
Ministerikokemukseen,1
Jälleenkehitysasioista,1
Lapualaisen,1
Egomanian,1
Hullaannuttamana,1
Roikottele,1
Paskansietokyvyssä,1
Inhimmilliseksi,1
Lumenluomisista,1
Traktoriurakoitsija,1
Lumenluontiyrittäjä,1
Blogboog,1
Puljuineen,1
Talkkarisarjan,1
Osasysteemejä,1
Viikonloppumenojani,1
Humalanjälkeisessä,1
Täytteleviä,1
Muuttaviksi,1
Metsässäpatikointisimulaattoria,1
Th03,1
Dayz_wallpaper___want_some_baked_beans__by_blackcan1122,1
D6yyx7e,1
Vapautuvana,1
Järkkääntyi,1
Simputtaakaan,1
Ketteröiden,1
Korkeatasoisiksi,1
Vaatimusdokumentin,1
Toimittajariippumattomuudelle,1
Sulkisvuoroon,1
Alkoholimainontakeskustelu,1
Hemswortheja,1
Keuruulla_hakkuut_pysaytettiin_mielenosoituksella,1
Kakkosnäytön,1
Dzeims,1
Defalt,1
Kovapanosampumaleirejä,1
Eric_x_li_a_tale_of_two_political_systems,1
Forestmarketinformation,1
Alle180,1
Metsävastaava,1
Suojeluesityskin,1
Sm8zbcs11n0,1
Oksidiksi,1
Nestehapen,1
Ukkosreaktio,1
Luonnonlakieni,1
Olomuodoista,1
Luonnonlaeissa,1
Perintötekijän,1
Kasvukulmaa,1
Käänteisreaktio,1
Kateetin,1
Ihanski,1
Pihallaololla,1
Kiihkovaisia,1
Aateklimppejä,1
Teollisuuskapteeniksi,1
Edustajapohjalla,1
Pääkohdille,1
Printtaako,1
Hegehän,1
Edustusvaimoa,1
Lumilinkoon,1
Näsäviisaissa,1
Blogisteissa,1
Productivity_and_real_median_family_income_growth_in_the_united_states,1
Sotkujasi,1
Juppejen,1
Viheliäästi,1
Ääripääjoukkueet,1
Sosiaaliturvauudistukseen,1
Kompuroivia,1
Autoverottomilla,1
2sq9ky,1
Romanit_lumihommissa_henri_heikkinen,1
Raikon,1
Ylikuormittuneina,1
2rqdam,1
Mielenterveysongelmat_ajavat_nuoria_el,1
15683091073_25805b9534_b,1
Luoteiskulmaukseen,1
Kävelyretkeäsi,1
Marjakuusen,1
Harppitunnus,1
Ornamenteissa,1
Suunnittelukilvan,1
Fasadeja,1
Karhumotiivit,1
Kivimetaforaa,1
Initiaatin,1
Eteläesplanadi,1
Jyhkeästä,1
Graniittikivestä,1
Kiviornamentit,1
Ornamenteista,1
Kiertyviksi,1
Käärmemäisiksi,1
Keskusosan,1
Siitinluun,1
Eteisholvin,1
Seinäpaneloinnin,1
Koristekuvioinnissa,1
Vapaamuurariviitteeseen,1
Kaikkinäkevään,1
Vapaamuurarisymboliikkaa,1
Julkisivussaan,1
Koristelussaan,1
Kuvainraastovuosina,1
Eläinteemaa,1
Leijonanpäät,1
Karhuhahmot,1
Porttikäytävän,1
Suorakulmakaiverrus,1
Taikamerkistä,1
Viisikanta,1
Kyhmyiset,1
Kaunosielua,1
Taskunpohjan,1
Tupakanpuruissa,1
Krapulaysköksissä,1
Lohkeilleen,1
Dilabuntur,1
Granatenhielm,1
Koostuneeseen,1
Walhallan,1
Onnensoturina,1
Puhaltaneisiin,1
Weishauptin,1
Jägerhorniin,1
Culdaiſen,1
Cuningan,1
Cämmenelä,1
Pakanatapojen,1
Karhutematiikan,1
Esikristillisetkin,1
Nervanderin,1
Maakuntaretkelle,1
Taidehistoriallisesta,1
F3pbv1j,1
Viisikulman,1
Vähemmäx,1
Värkkäilyy,1
Finnoonojan,1
Virtausreitin,1
Kalakannanpalautustyön,1
Kalastuksenhoito,1
Persuhenkisillä,1
Mamututtuja,1
Rakenteluoluiden,1
Asennushärdelliä,1
Kriisiapunsa,1
Äänestämissysteemin,1
Rähmälläänolleita,1
Mudassapiehtaroivia,1
Lustroida,1
Traumojamme,1
Työmiesyys,1
Jäkikasvukin,1
Filiasta,1
Henkilöturvatunnustasi,1
Vaietessaan,1
Sisäpiirinäkemyksiäkin,1
Mekaanisavusteisen,1
Kokoonpanotyö,1
Vicepresident,1
Uustyöttömistä,1
Itikanpaskaa,1
Robottidroonin,1
Tulitusnappulaa,1
Prokastroituneena,1
Riemuissas,1
Diviisionaa,1
Pleikkanetin,1
Runkotolppa,1
Tanzuloimaan,1
Tanzumestaan,1
Robolangassa,1
Selloisesta,1
Maarittelevien,1
Pappametsä,1
Pleikkahuoneessa,1
Pääryhmissä,1
Petosrikoksissa,1
Petosrikollisuus,1
Rikollisuustilanne2012,1
Esj5icjj9,1
Prekarisoituminen,1
Tukkimetsiin,1
Xd44g,1
Sivurajoitusten,1
Vastaesitysten,1
Ennakkotorjunnoiksi,1
Kurkkuina,1
Diktatuuriiin,1
Fellaksen,1
Msborea,1
Rauhanvastainen,1
Tyrannivaltio,1
Hipsterilesta,1
Kinostava,1
Ysae4xz,1
Rauhansanalaiset,1
Tasaarvokeskustelu,1
Syrjätään,1
Esiintymisrakkaita,1
Gjjvjlp,1
Auraamis,1
Gendertimes,1
Lumenauraustöitä,1
Pmc3715949,1
Tacca124000016,1
A1421549978292,1
Ce16ff4f70fffdc789eb96881cd08405,1
A1421550686715,1
E0e5f04798934b543037bfb6467d5422,1
Valintalot,1
Hck9prh,1
Osuuskauppamaisempaahan,1
Kansanjakaja,1
Suojaseksi,1
Euromarketteja,1
Sectioncontact,1
Konsernirypäs,1
Nurkanvaltaajapörssiyritys,1
Miesmäisiksi,1
Eikshän,1
Kolmansitettu,1
Kannabisuute,1
Todelly,1
Otsiskosta,1
Marsalkansauvaa,1
Kilpailutekninen,1
Obatra8,1
Luvatunkaltaisesti,1
Lajineutraalius,1
Tuohosi,1
Vesikenkää,1
Mozzarellapitsaa,1
Joukkorahoittajan,1
A1393484397211,1
Irtosilpun,1
Kommarimenneisyys,1
Ilmaismainokset,1
Rahaankeruujärjestöjen,1
Rahankeruulakiin,1
Joulurahakeräys,1
Patakeräys,1
Perinteisempienkin,1
Kolmannettu,1
Pieksemisrangaistuksista,1
Keräysfirman,1
Kakkaparonit,1
Titlenä,1
K4r_izrzylw,1
Fasistipuolueeks,1
Juustomaku,1
Maitosopimukset,1
Venäjänlaajentumiseen,1
Kotimaanlaajennuksetkin,1
Ulkomaantuotteisiin,1
Maksuvaluuttana,1
Tuotealennuksiin,1
Jäljempiin,1
2015011819043785_uu,1
Ntbquoz,1
Keskuskaupan,1
Ostosparatiiseihinsa,1
Nylkyhinnat,1
Zyskovizch,1
Jeesuskerho,1
Jeesusmassa,1
Hipsternuorten,1
Leipäveitselläkin,1
Talouskonservatiivisen,1
Tavoiteohjelmana,1
Ruokakauppoina,1
Bingokavereiden,1
8mi58qqcvs0,1
Asiakkuusomistajuutta,1
Emännöinnillä,1
Redditeeraa,1
Muassani,1
Naamakirjailla,1
Taidekäsitykseen,1
Tyylitellympää,1
Spesiaaleilla,1
Jäätäsärkevä,1
Faceryhmän,1
Hei_me_miitataan_hey_we_like_meetups_3112015,1
Kännyköistäkään,1
Kokovartaloaltistuksesta,1
Tasoaallosta,1
Tasostakaan,1
Eteispesäkkeitä,1
Ekonomistikyselyssä,1
Mittaluokaksi,1
A1421471906526,1
Da57bd46aa67a40f34c28c6775ce553,1
J63,1
Feministipuoluesta,1
Kuvakerronnaltaan,1
Seikkailusarjakuva,1
Tekstimassaekspositio,1
Sanomalehtistripeissä,1
Kisussa,1
Tserep,1
Vitsisarjoissa,1
Gägiä,1
Ihmiskeon,1
Jäljentämiseen,1
Seikkailusarjakuvan,1
Ruokottomuuksien,1
Viihdesarjakuvan,1
Pikkusievien,1
Reipashenkisten,1
Säikyttelemisellä,1
Ruokottomalla,1
Rappiosaarnaaja,1
Feministisarjakuvan,1
Festariohjelmat,1
Etuotsalohkoväkeen,1
Narttumainen,1
Palkkaussopimuksen,1
Valtioneuvoston_viikko,1
2012_16,1
Prosenttiliikkeen,1
Oopsiedaisie,1
Tserepistä,1
Taustapiirtäjästä,1
Piirrostyylissä,1
Aurinkoaluksesta,1
Amerikkalaissarjakuvat,1
Siltojenpolttelun,1
Puupäähattua,1
Sarjakuvatoimijat,1
Aktiivisukupolvien,1
Karileppanencomics,1
Hatpage,1
Kualemia,1
A1305628260393,1
Toimenpidelistallahan,1
Civs,1
Lapsikylässä,1
Reaalipalkojen,1
Lohdutuksina,1
Esimerkkituotteista,1
Ruokakoriini,1
Substituoituu,1
Lihatiskeistä,1
2sxfg3,1
Rouvan_uskomattoman_huono_tuuri_osti_30_pilleri,1
Aboud,1
Runoilijanvikaa,1
Saudilähettiläässä,1
V9djzvyl0rq,1
Veneessään,1
Asymmetrisellä,1
Loppuyhteyttä,1
Pgpn,1
Avamet,1
Aand,1
Cnsy8vs,1
Tehokkainen,1
A2265602,1
U_tektal,1
9uiwbvz,1
Deltour,1
Lautapuhetapa,1
Pcwebshop,1
Tlsa,1
Rfc6698,1
Ruokakun,1
Wdhcopg,1
Kecrxzm,1
Pronominejäni,1
Bhg2b20,1
Laskupotentiaali,1
Sijoitusarvon,1
Fotojournalisti,1
Sotavalokuvaaja,1
Aktiivibloggaaja,1
Lisasopeutustoimet,1
Bestoffin,1
Dicked,1
Ristipostaamisen,1
Kännykkäpuheluita,1
Arvetkertovatkissoista,1
Slapfight,1
Ruiners,1
Koventuen,1
Turhuusveron,1
Tyå,1
Mikromortin,1
Ekstaasitabletilla,1
Hasisöljyistä,1
Kannabiskulutuksesta,1
Ekstraktiomuodoissa,1
2svh9o,1
Zysse_murjaisee_vitsin,1
Cntrkv4,1
Kosketusraiskauksen,1
Alennusilmoituksen,1
Vientikandidaatteja,1
Tusinavalaisinta,1
Belidin,1
Hömppäkulttuuria,1
Puolivillaisine,1
Ääliöohjelmineen,1
Sarjispiirtäjille,1
Pakkorahastointi,1
Yrittäjäpositiivisen,1
Alkuajoistaa,1
Demaritonttuja,1
Oppilasjakson,1
Eyp,1
Kuvailko,1
Hakuihinne,1
Pasterino,1
Alkaa_tekemaan_tiedote_pvm,1
Salaliittoteoriablogi,1
Bisnensmallin,1
Säästäväthän,1
Tuotteleilla,1
Tekstimassoilla,1
Luulotautisille,1
Luulotaudille,1
20canary,1
__warrant,1
Canary__,1
Communications_service_provider,1
_title_v,1
National_security_authorities,1
Usa_patriot_act,1
Zxuowmr,1
Antipat4,1
Jessamyn,1
Warrant_,1
Luminaatti,1
Tukkupakkausten,1
Loginittuna,1
Eeceelle,1
Dibaa,1
Naamarättiä,1
Huumeöljyn,1
Teostoverotetut,1
Tietotekniikkamyymälästä,1
Maahantulijana,1
Kolminkertaistuvaan,1
Ahettua,1
Myymaloita,1
Ranskalaiskaupat,1
2aj3h0,1
What_happened_with_the_boston_bomber_that_reddit,1
Civnj9u,1
Irtotavarassa,1
Omoon,1
Riippumattomissakin,1
Turvakesä,1
Turvakesän,1
Yritysveroratkaisua,1
Lylylla,1
Rugzrhyc,1
Urztw2incwm,1
Persehärmän,1
Maisteritutkijoiden,1
Opiskelevät,1
Simpsonithan,1
Vuuuuuosia,1
Lckrzmy,1
Verokkiaan,1
Yksinhallitus,1
Kesätyöhakijota,1
Puhelinkyselyjä,1
Omanlaises,1
Uutella,1
Käyttörikoksiakaan,1
Supercritical_carbon_dioxide,1
__supercritical,1
Dioxide__,1
Critical_temperature,1
Critical_pressure,1
Dry_ice,1
Critical_point_,1
Extraction_,1
Denaturing,1
Denaturation_,1
D0qfbpy,1
Carbon_dioxide_pressure,1
Temperature_phase_diagram,1
Rose_oil,1
Green_chemistry,1
Täääydellistä,1
Ajattelijayhdistykset,1
Hihhuliseutujen,1
Sinensiksestä,1
Divetyoksidiin,1
Teekkarinretkuna,1
Noutokoppi,1
Huuhaatuntinsa,1
Uuttamismekanismeja,1
Kotikokkilinjalle,1
Kannabisnarkkareita,1
2r5pw3,1
Til_suomessa_on_j,1
A4ljell,1
A4_luonnontilaisia_metsi,1
Usus,1
Kilosa,1
Piispankallioon,1
Mielensekoitus,1
Pakottamattomuudelle,1
Ruokarukoiluun,1
Julistatuttanut,1
Kalifaattimeininkiä,1
Vainoskenaarioilla,1
Aamunavauskuulutuksen,1
Ajatuksenhautojahenkilöiden,1
Polkuharmoonin,1
Päiväpostille,1
Bibelbälte,1
Raakapähkinöiden,1
Kontaktipintansa,1
Pikkumaksuissa,1
Pakettiautolastit,1
Bonuskortissakin,1
Elektronissani,1
Etälukupuolella,1
Venäläistaistelijoita,1
Huumepidätyksiä,1
Kauppiaalleen,1
Terrorismissahan,1
Turvallisuussirkukseen,1
Loosesta,1
Pakaria,1
Persustereotypia,1
Persuhenkilö,1
Citysuvaitsevaston,1
Homomagiaa,1
Brookeriin,1
Newswipe,1
Muovipussintapaiseen,1
Takintaskuun,1
Lettorahkasammalta,1
Vl46cvlbhwu,1
Raskausvelvollisuuden,1
Siviilipalveluksia,1
C948409857932906453,1
Kuolemisharjoittelua,1
Nippelisääntöjä,1
Lestadiolaisuudestakin,1
Selänkäännöstä,1
Nälkämaanlaulu,1
Keijunsa,1
Near_field_communication,1
Radiotaajuuskenttä,1
Nfctä,1
Televisiokäyttöominaisuuksia,1
Mediaanituottoa,1
Huippusta,1
Toteuttamistavoissa,1
Masterracea,1
Puolikelvoton,1
Puolueryhmittäin,1
Sulkkia,1
S5wpmpg,1
Munatohtori,1
Viljelijöillehän,1
Haukifaktat,1
Haukifaktoja,1
Ummmmmm,1
Ommmmm,1
Discordianismia,1
Ainaisilta,1
Sityvihreille,1
Ekstaasilta,1
Uskonparantajalle,1
Uwbldh0,1
Vaalimateriaaliksi,1
Yskanlaake,1
Konedippainsinööri,1
Arkivaatetuksella,1
Omaperäisemmällä,1
Aktialaisena,1
Lähimaksamisella,1
Huoleks,1
Liikkeenhohdon,1
A1305676878033,1
Pirikippo,1
Sumppiinsa,1
Tämansuuntaista,1
Tuumimani,1
Vauhtikahvi,1
Vertailukoreja,1
Luksuskori,1
Sohvaongelman,1
Bloggaajaporukan,1
Sateenkaarivärjääminen,1
Euroviisufaniudella,1
Kirjallisuustieteilijänä,1
Farmaseuttityttöä,1
Giltsin,1
Jääkiekkotarrat,1
Vs0zrmn,1
Työllistymisateisti,1
Barbituraattinarkkari,1
Diilerilääkärin,1
Nistimummopiireissä,1
Latvukselta,1
Naaraskasvi,1
Paistopistetuotteista,1
Leeta,1
Pitkobrändille,1
Vaihtoehtolehden,1
Kannatusvyöhykettä,1
Elämäntyylion,1
Byrokratialaitosta,1
Pelottavammin,1
Supermoraaliset,1
Työhalunsa,1
Fataalilta,1
History_of_radiation_therapy,1
Radium_baths,1
Rxhomeo,1
Viewprod,1
Pname,1
Bromatum,1
Työpaikkajutuille,1
Tunnustautuvii,1
Alareddiitille,1
Höhän,1
Vkolopputhread,1
Haukikalat,1
Salmoniformes,1
Filibusterina,1
Lunnina,1
Juupelispuupelikselta,1
2s9nyr,1
Me_ja_ne_eli_miksi_charlie_hebdon_pilapiirrosten,1
Cnnjvjk,1
Perustulouskovaisena,1
Majoituskuluissa,1
Tosikoodaajat,1
Tuplavahvan,1
Kastaen,1
Positioitakin,1
Vastaavaanlaiseen,1
Työllisyyskierre,1
Kälättäjillä,1
Insinöröityjä,1
Suorasanaisuudestanne,1
Lihahyllyineen,1
Kalatiskeineen,1
Lihafirman,1
Valmismöhnässä,1
2squc6,1
Tutkijat_huolissaan_teko,1
A4lyn_vaaroista_jakautuuko,1
Työtaisteluinto,1
Vapaaehtoistyöprojekteihin,1
Juustomakaroneja,1
Spagettikurpitsa,1
Koristetuotteiden,1
Erikoisvihannekset,1
Erikoishedelmät,1
Jogurttituottajien,1
Massastapoikkeavaa,1
Pystyynruostuneista,1
Kaivonpumpuista,1
Pelloillehajonneista,1
Lahjoitustraktoreista,1
Pumpuntiivisteitä,1
Cheeeek,1
Lentokoneprototyyppejä,1
Huoltopoliisin,1
Pompittaa,1
Vaihtoehtohoidoissakin,1
Uskonparannukselle,1
Weeceeseen,1
Korttitalolta,1
Suosikkipaikaksi,1
Professori_huumeiden_kriminalisointi_on_ollut_virhe,1
Putkinäköisestä,1
Pirituote,1
Pervitinejä,1
Lukemisilleni,1
Ilmestymisajankohtana,1
Vetku,1
Kasvatushuoneeseen,1
Shopriten,1
Elava_arkisto_pervitiini_vauhditti_sodanjalkeisen_suomen_mm,1
Hiihtajia,1
Kipulääkkeeni,1
Baarinsumuiseen,1
Reseptilääkkeeni,1
Rottinginlla,1
Qwghlm,1
Hankkiutuneiden,1
Syvällle,1
Hassisviljelmillä,1
Itaevzo,1
Spagettihirviörukouksen,1
Hallintokuluin,1
Givedirectlylle,1
Sukuvaakunan,1
Jenkkifutaajat,1
Ed174337,1
Greif,1
S0148068580922812,1
Quarterlyn,1
Jenkkifutarin,1
Linjamiehistä,1
Maatalousyrittäjyyttäkin,1
Pihjana,1
Iltapontto,1
Ilmiantopalvelu,1
Asutustilojen,1
Tiettömiin,1
Ylijäämäjengin,1
Pahvitaloihin,1
Syanidinappi,1
Aatelismiehestä,1
Kaartely,1
Psykofysiologisina,1
Ulkoministerion_virkamies_20_vuoden_kehitysyhteistyohankkeet_menneet_taysin_hukkaan,1
Haukifakta2,1
Suomalaiskortti,1
Massatyönantajat,1
Cintymarketeista,1
Kirjaviennistä,1
Sijamuodolta,1
Ylivuoteen,1
Agriculturea,1
Askeettistahan,1
Nettoansiotulo,1
Energiakuluttavuudella,1
Oppisuoritukset,1
Työjärjestykset,1
Huokuteltua,1
Laulattajia,1
Dyykkauspaikka,1
Hilighti,1
12m8s,1
Lukituttuun,1
Roskisdyykkauksen,1
27hkxmo6qk0,1
Kissarobotti,1
We3fmfttp9g,1
Yksityiskaupoista,1
Starsoftiinkin,1
Puttumatta,1
Ulotus,1
Tappokoneistaan,1
Alleviation,1
E7b9370e170850b88ef129fa625b13c4,1
Multiplikatiivinen,1
Virkistysmahdollisuuksineen,1
Merkkipakasteiden,1
Pakakastemaissien,1
Yölehti,1
Artifkatit,1
Saaplari,1
Yöjutun,1
Senkertaisista,1
Verhoutuneen,1
Kimulin,1
Päivitykään,1
Wilmapilasielamani,1
Tziljardi,1
Kokonaisvalikoimissa,1
Cottoneihin,1
Aiheenvierestys,1
Ruokalistasoftaa,1
Ivalolaiseen,1
Punakynäarmeijalta,1
Pääomasiirtoja,1
Kauppatieteelliseltä,1
X_1sopqm_va,1
Lajitteluroboteille,1
Notewagon,1
Ostoskorillani,1
Obigwuono,1
Yhtyevaunuun,1
Natsisivat,1
Allitteroi,1
Ennakkotarkistamaan,1
Projektityöryhmän,1
Fannin,1
Kimppaliittoon,1
Joukkonainnin,1
Naimatriiseja,1
Rajoitummeko,1
Mormonnien,1
Tekstimuodoissa,1
Moniavoisessa,1
Clusterfuckien,1
Naikkuhimmeleitä,1
Infosecpoikkeuksetjarajoitukset,1
Tekijänoikeuslakireformin,1
Tekijänoikeussopparista,1
Tekijänoikeusehdotuksetkaan,1
Avioliittokeskusteluun,1
Lanttulasseille,1
Summis,1
Streeva,1
Nurjahtanut,1
Murtumajälkien,1
Murtumajäljet,1
_ah0zjio8gq,1
Kanpunginvaltuusto,1
Palkanmaksujärjestelmässä,1
Mieltäkiihottavat,1
Oppilaitosjärjestelmiin,1
Rahaliikennejärjestelmät,1
Kuntapalvelusi,1
Viljelijöihinkin,1
Raporttiluonnos,1
Suomalaispiirtajan,1
Luentomuistioiden,1
Opettajisa,1
Opiskeluaikananikin,1
Kurssimonisteita,1
Kopiointimaksulla,1
Assareilla,1
Vuosituhattavoitteista,1
Kameranappi,1
Mobiiliappsi,1
Uhxiakn,1
Pikaviestinäkymä,1
Scrollattavissa,1
Yhteydenottotiedot,1
Kaljapullonpohjista,1
Putkiteipistä,1
Tasoskannereita,1
Europes_last_pirate_gets_busy,1
Tekijänoikeussuojansa,1
Skriibailla,1
Kurssimateriaalistaan,1
Suhruja,1
Perhepiirissäkin,1
Suokupuolta,1
Suunitelmallisesti,1
Mestausmateriaalia,1
Perseenvemputusvideota,1
Alipaavi,1
Ilmoittainut,1
Luentomatskuja,1
Tiedostonjakopalvelun,1
Tietoyhteiskuntaterminaattori,1
Keinujenkin,1
Iskunvaimennushiekkaa,1
Ikäsensuuri,1
Penikoidensa,1
Nettisensuurit,1
Kilpailutöitä,1
Homoliitoon,1
Eduskuntakeskuskustelussa,1
Pahvilaatikkojutut,1
Uusnatsijunttien,1
Mestausvideon,1
Siilautuu,1
Juolavehnää,1
Kierrätysrobottia,1
Kliimaksiinsa,1
Vtzrkr4,1
Petrimi,1
Sufismista,1
Ltk9jtl,1
Putleristista,1
Kurssisivuilla,1
Laskaritilaisuuden,1
Arkistosivulta,1
Mallivastauksiakin,1
Lähestymiselläkin,1
Sääennustukselta,1
Wrapperilla,1
Ontologialla,1
Piirräpersu,1
Heittöydyn,1
Videotaltiot,1
Sekavimmasta,1
Readerillä,1
Verkkokirjastoa,1
Kirjoisa,1
Heilleki,1
Tuulimyyllyjä,1
Entistäkinjulmempihuvi,1
Viivattomien,1
Tressistä,1
Lentovalmis,1
Lentopaikkakin,1
Lehressä,1
Pilliinpuhkujia,1
Uewz5q4sdhs,1
Uupmeqv0knp6cuprrdj3fcwa,1
Pedovitsejä,1
Wuuurrldstaaah,1
Oikeusapupäätöstä,1
_xh8zj8tbrjs,1
Todiiwvg3yi,1
Aaaaaaaadf0,1
Quy_fjsa0um,1
Lippuäänestykset,1
Aanestyssirkus,1
Pyoritti,1
Minplaniin,1
Seventhworldproblems,1
Blogit1,1
Yhteisasumislaki,1
Roboting,1
Vitsisubeja,1
Thestopgirl,1
Semivapaata,1
Catfishit,1
Tallaamisella,1
Ilmaantumisilla,1
Kannatuslomaketta,1
Kansanpuolueita,1
Kansanpuolueilla,1
Surkastuivat,1
Hiilikuitulapanen,1
Hiilikuitulapa,1
Muovilavoilla,1
Nakemattomia,1
Mekaaniikoita,1
Stopgirlia,1
Clanseissa,1
Toplistojen,1
Rtsoft,1
Dinkkiä,1
Korttikerääjilleen,1
Viskigatella,1
Sääntelykauhistelulla,1
Loisteputkivaloa,1
Lasikulhosta,1
Tuuheiden,1
Silmänalustensa,1
Pehmustamattomilla,1
Penkeillään,1
Poskiansa,1
Tahrien,1
Niistääkseen,1
Punastuvansa,1
Vasemmansiiven,1
Elämänvaiheissanne,1
Äidinkieliki,1
Eit2,1
Ruottinkielisiä,1
Reiviliikkeet,1
Np9_vseh330,1
A1421905976463,1
123d4f80fe3240a093ffff55bd096571,1
Ruotsalaiset_rikoskirjailijat,1
Säätökynnystä,1
Kuntakentässä,1
Suuperkon,1
