Keksikkö,2
Rosvosakin,2
Kertaluontisia,2
Slovakialta,2
Rappeuttamassa,2
Kiinittämättä,2
Tasavaltalaiseen,2
Terapiatarvetta,2
Сша,2
Arvokamaa,2
Maantiekuljetukset,2
Perstuntumaveikkaus,2
Luistinradoilla,2
Uusimaat,2
Cyberhyökkäys,2
Stabiileita,2
Verkkareidensa,2
Pilviverhon,2
Ihimeesä,2
Leimaamia,2
Kuullaksemme,2
Ostetty,2
Iorin,2
Kuluuttua,2
Huolettavana,2
Aseeseesi,2
Liittymätarjoukset,2
Saunasolmun,2
Votkalle,2
Votkia,2
Pahennakaan,2
Elintasosiirtolaisiin,2
Naistenpyörää,2
Läheteneet,2
Puolustuskykyiset,2
Ydinalueiltaan,2
Kuljettuasi,2
Санкт,2
Armeijakuntatason,2
Käyttöominaisuuksien,2
Ohjailukykyä,2
Laskiaspullan,2
Puolustustoiminnasta,2
Uudelleenasentaminen,2
Kuluttajakone,2
Virkistyksellä,2
Hävittäjäehdokkaat,2
Hevostoimiston,2
Suhdet,2
Bugikasoja,2
Kaatuilemalla,2
Harjavalla,2
Väkivaltauhan,2
Menettämistään,2
Eef6,2
Tripletti,2
Vasallivaltioon,2
Tuommoiseenkin,2
200th_separate_motor_rifle_brigade,2
Päävoimat,2
5f32b248c542b037,2
Hunajapurkilta,2
Propagandasivuilla,2
Uutisvideota,2
Salaisemmista,2
Majoitan,2
Rasistisuomalaisten,2
Sotakuvista,2
Lamaantuneeksi,2
Majottamisesta,2
Riippuviaisia,2
Rykimisen,2
Matoilta,2
Työllistymisongelmista,2
Puolustustakaan,2
Epäviehättävyys,2
Vaalimaata,2
Terveysongelmiakin,2
Salamaakin,2
Laiteoperaattori,2
Marjatiloille,2
Vahvistamis,2
Kotiyhteisön,2
Pakkovärväyksestä,2
Strategioitakin,2
Persreikijä,2
Puuhevosesta,2
Kaareville,2
Pyöritettävät,2
Aikailu,2
Pohjoissuomea,2
Venäläisvalmisteisilla,2
Sivareillakin,2
Serbiakin,2
Lentokoneestaan,2
Siviilipopulaatiosta,2
Kiertolaisiksi,2
Strukturoimaan,2
Varasisäministeri,2
Kakkijasta,2
Ruoeaa,2
Peruspalvelukseen,2
Minkätasosta,2
Vannoutuu,2
Reserviläishommissa,2
Kolmiosairaalan,2
Heimokieliä,2
Kellomalli,2
Alistujana,2
Palveluksenne,2
Maastamuuttona,2
Shotteihin,2
Vaihtariopiskelijoille,2
Hyväntekeväisyyskohteelle,2
Lumenvastaanottopaikat_kartta_2021,2
Huollollisia,2
The_works_of_the_rev,2
_jonathan_swift,2
Volume_16,2
Kauppatavaransa,2
Lipastettiin,2
Viholliskosketukseen,2
Reaktiivipanssariin,2
Verhottujen,2
Prutkuja,2
Vedenvirtauksen,2
Kulkuneuvojaan,2
Rakastamiasi,2
Raiskaajajengi,2
Erilaisuuksiaan,2
Narkomaaninatsien,2
Iltalehdellähän,2
Kiinalaisa,2
Kandidaatintutkielmaa,2
Selitteisesti,2
Kiintoisaksi,2
Vaunupuolella,2
Lapsiaines,2
Miellekkääksi,2
Slat_armor,2
Kotimaitansa,2
Oranssinväristä,2
Kolmipäiväiseen,2
Keittiöapulaisia,2
Varustamassa,2
Koulutushaarakoulutus,2
Kusetti_,2
Kameleonttina,2
Itsestäänselvyyskin,2
Äärityhmälistön,2
Taistelutoverille,2
Ketjuravintolaan,2
Hävittäjissään,2
120a,2
Rikkauksistaan,2
Firasista,2
Mestizo,2
Vihollisenkin,2
Sigmauros,2
Hiomasarja,2
Selviytyneistä,2
Tosinajattelijoita,2
Shakkisetin,2
Vaalikuninkuus,2
Ratsusotilaan,2
Vapautusliikkeet,2
Kiemurtelemasta,2
Filosofiatkin,2
Seurapelinä,2
Hieroglyfeissä,2
Välitysfirmaan,2
Kansanelakeindeksi,2
Khi_2022_01_2022,2
Kertakessi,2
Patonkikin,2
Miljoonaiselta,2
Pikkupennosia,2
Harmonisoituun,2
Suodatinkankaita,2
Kasvustrategioita,2
Palkkaavatkaan,2
Osuisivatkin,2
Työkulttuurit,2
Vesivaa,2
Hyväksyttyäkin,2
Mainitsinpahan,2
Laakella,2
E35aqk014ti,2
Lisällisiä,2
Ilveelläkään,2
Lähimmäisiämme,2
Konsortiumia,2
Israelhayom,2
Palkanmaksajalleen,2
Premiumeista,2
Pikaäänestys,2
Vastuunvälttelijät,2
Perheidemme,2
Virastojenkin,2
Ajosuoritteilla,2
Huumoriporukkaa,2
Poitsua,2
Kivihiileltä,2
Allekirjoitusvaiheessa,2
Palkollisilleen,2
Lavrovit,2
Poliisivoimillaan,2
Ontelokranaattien,2
Sytytysmekanismi,2
Ylityömaksut,2
Vaikuttamiskampanjan,2
Kuollettavasti,2
Univie,2
Vuokratyöyrityksen,2
Kiinteistönhuoltohommissa,2
Poimijoiksi,2
Softonic,2
Huomautaa,2
Tiedusteluupseeri,2
Katalamman,2
Bayraktarilla,2
Muovimaisen,2
Valintaperusteilla,2
Vaietakko,2
Kädelliselle,2
Infrarakennus,2
Hermostuneilta,2
Sotajoukossa,2
Turvalupaus,2
Osuneilla,2
Lopunki,2
Samankokosta,2
Tahraten,2
Aittoina,2
Sähköpöydälle,2
Saehkoepoeydaet,2
Autosektorilla,2
Skarsta,2
Ensimmäisisä,2
Lääpällää,2
Kissaki,2
Deadlinin,2
Potilasjärjestöjen,2
Syömisongelmien,2
Ihmisoikeusliikkeet,2
Lukiosaapumiserästäni,2
Siirtyjistä,2
Mopol,2
Kentauriin,2
Kierrätyspaikoista,2
Käytösnumeroon,2
Turvallisuusarvioon,2
Johtajuuspulasta,2
Toimistopöytää,2
Istumakorkeus,2
Omalaatusia,2
Toella,2
Traktorikuskeille,2
Työskentelyasentoa,2
Suluttamassa,2
Kysymysmerkiltä,2
Muistunu,2
Katkasusta,2
Sankarivainaja,2
Ykköskirjoittajana,2
Oikeankäden,2
Laboratoriotyöstä,2
Piirustusohjelmalla,2
Tuoloin,2
Naperoon,2
Antiklimaattisia,2
Hintarallia,2
Peilikuvalleni,2
Läävältä,2
Uutiskuplasi,2
Komponenttivideo,2
Aljaksander,2
Hyökkäystoimet,2
Lannoitemarkkinoilla,2
Sabotoidusta,2
Varareksi,2
Kasvomaskejakin,2
Ologia,2
Esikoisteoksen,2
Parimateria,2
Rakkaudenosoituksen,2
Kevätkylvöt,2
Ryhmäläisille,2
Autetaa,2
Lukasenkaa,2
Ikätarkastuksen,2
Kolmipyttyinen,2
Perustaneilla,2
Diiseliveroa,2
Mörinät,2
Erikoiskykynsä,2
Juutalaisvihansa,2
Juutalaisvähemmistöä,2
Sairaalaiskussa,2
Martelalle,2
Aloituspostaukselle,2
Yhteistapahtumissa,2
Loppuosiossa,2
Hbuk1hxcz1k,2
Invaation,2
Peltikuori,2
Lähiluennolle,2
Ennustamansa,2
Huomailee,2
Komentajatkaan,2
Hämmentämisessä,2
Dieselautoille,2
Testataksee,2
Jakasin,2
Tuhoamisprosessi,2
Vakuttunut,2
Pitkäkantoisesti,2
Rikotakkaan,2
Ilmastoimattomissa,2
Jakelualuetta,2
Kotipäivän,2
Postitoimipaikkojen,2
Vertausarvioitu,2
Ansaitsemattomiksi,2
Saarrettuun,2
Rikastamassa,2
Lentopommin,2
Jatkella,2
Mielipidettäsikään,2
Vasallimaan,2
Linnunpesää,2
Menec,2
Erikoispuhelimen,2
Pickuppiin,2
Automattisia,2
Prosessoija,2
Vakiomittaiset,2
Räpistely,2
Raapaisupintaa,2
Jauhoseoksissa,2
Tuomastanne,2
Lakkotoimenpiteet,2
Menopausal,2
S0890623820302926,2
T3b,2
Hienostuneempiakin,2
Selailtava,2
Hitunenkaan,2
Teurastukseksi,2
Puuttumattomuudellaan,2
Ovipahvit,2
Matalaoktaanista,2
Hiilivoimalaitokset,2
Huolittais,2
Saaliiseensa,2
Ylileveän,2
Lannoitetarpeisiin,2
Kyperturvallisuus,2
Kartanoksi,2
Rivakastikin,2
Kierroslukua,2
Olympiahopeasta,2
Bambergissa,2
Vääntävämmällä,2
1973_oil_crisis,2
Sissimarssille,2
Mobilisoituneena,2
Kirjaimistosta,2
Muurmansk,2
Väestörekisterien,2
Kylvettäessä,2
Kommaripetturit,2
Sisämokkulana,2
Roskikseenkin,2
Nastarenkaisella,2
Moposkootterin,2
Uuninluukku,2
Laitetoimittajia,2
Tuotantokapasiteettinsa,2
Perusvaihtoehdot,2
Hallavuosina,2
Hukkumisvaaran,2
Bioaseohjelmasta,2
Meingeissä,2
Puurinnat,2
Rönsyillen,2
Spedeilyjä,2
Tekeään,2
Ailahteluilta,2
Stressiå,2
Limuihi,2
Kannibalisoimalla,2
Saappaannuolijaa,2
Viisikertaisesti,2
Polttoaineeseensa,2
Tietokonepöytänä,2
Ravinnut,2
Peruskestävyysliikuntaa,2
Kaasuläppä,2
Kukistettuaan,2
Laustaan,2
Yhteiskuntapolitiikaksi,2
Tekemättäjättäminen,2
Alatteko,2
Kielimestari,2
8a8bee9e,2
A0a1,2
Db5f6c4e3def,2
Ad19,2
Siperianhuskyn,2
Ohittaneeseen,2
Puollosta,2
Tienataa,2
Perspanoa,2
Kaappitilasta,2
Panolta,2
Kutsumusprojekti,2
Puukeppejä,2
Tuotantohäiriö,2
Jalostuskustannukset,2
Paikalliskeskuksia,2
Hyväntekeväisyyslafka,2
Vaihdettaville,2
Kaappiautoja,2
Numeroissaan,2
Pettuun,2
Tskia,2
10200e,2
Pidättäs,2
Ainoosta,2
Etelänaapuria,2
Ongelmakautta,2
Pallerolle,2
Kroatialaiseen,2
Huoltovarmuudellekaan,2
Kauhistuttaakin,2
Linkouksella,2
Kaksinkertaistumisen,2
Eläinlääkäriopiskelija,2
Porsitushäkissä,2
Porsimista,2
Niitäkii,2
Loivissa,2
Lähetellää,2
Karsimaankin,2
Kannattamaltaan,2
Jakelunkin,2
Polttoaineidenkin,2
Alhasesta,2
Appelssiineja,2
Lapataa,2
Pilkkuvirheeseen,2
Facekirppiksillä,2
2850e,2
Ridiculum,2
Riskiluokitukseen,2
Sympaattisuus,2
Kilpailykykyisen,2
Maanpuolustahto,2
Päiväkirjojaan,2
Boysseihin,2
Ääntöpaikka,2
Sähköperämoottoria,2
Epämäärisiin,2
Callata,2
Sykkerölle,2
Diessel,2
Tonnihintaan,2
Heikommaltakin,2
Kännikaloilta,2
Selainplugarista,2
Domista,2
Juomakelpoisina,2
27kwh,2
Uimarakkoa,2
Fikkareita,2
Heilunnat,2
Tarjoaisimme,2
Ukrainanpuisto,2
Kuivakamaa,2
Ensiostajat,2
Lukivaikeutta,2
Kiljumestarin,2
Kyvykkyydellään,2
F237145d,2
Feikkisignaali,2
Lohjalaisilla,2
Mömmööntyy,2
Pisimmille,2
Lämmitäisin,2
Takkapuut,2
Kaadas,2
Valikoivakin,2
Ruuvinvääntimet,2
Valloittavalta,2
Blessedimages,2
Osinkoveroetu,2
Oikeudenmukaisemmalle,2
Jasenmaksuilla,2
Kuukautissiteistä,2
Satelliittipaikannusjärjestelmä,2
Mehukattitonkka,2
Pääomatuloveroprosentit,2
Natolinjaa,2
Mehukattipullon,2
Rahoitustoiminnan,2
Jäsenyhdistyksissä,2
Sohvaperunointia,2
87af,2
Nahkeaksi,2
Astroturffaukseen,2
15bn,2
Tahdeille,2
Kiinteistösijoitusyhtiöihin,2
Frakkipalvelunam,2
Kankeudellaan,2
Huoltomiehestä,2
Maasen,2
Valemmistoliiton,2
Kelpotella,2
Sarjalaisille,2
Kaupunkiseudusta,2
Nopeutu,2
Wp_k8prlfso,2
Ensisijoittajille,2
Tirskuin,2
Kiljuni,2
Degli,2
Pavol,2
Ján,2
Hulluden,2
Ammoista,2
Lautetaan,2
Autoplaylla,2
Kokkarikalkkunat,2
Mutrusuinen,2
Tt2020,2
Saavuttanevat,2
Sabotoinnilla,2
Ideologiatkin,2
Venäläispartion,2
Villakalsarit,2
Windsorien,2
Automaateistakin,2
Energiasyöpöin,2
Witcheria,2
Smirklaa,2
Kisapuiston,2
Jammauksen,2
Rauhanturvaamistehtävä,2
Jossista,2
Aamista,2
Pesuohjelmien,2
Turvallisuuspalvelussa,2
Pesuajat,2
Tyhjäkäyttämällä,2
Imvestoimatta,2
Lorpen,2
Paloturvallisuusriskiksi,2
Työsukat,2
Maksuehtoihin,2
Julkisimmista,2
Järvivedelläkin,2
Pueni,2
Johtohallinta,2
Ravinnetarpeet,2
Pekonipastaan,2
Infiltroituu,2
Pixabaystä,2
Nypyt,2
Tykkäättekin,2
B6verolaskuri,2
Sidosteen,2
_consumer,2
_goods,2
Price_levels_for_food,2
Helsinginvillasukkatehdas,2
Pitkavartiset,2
Minimaallista,2
Eläinruoasta,2
Ravinnemäärää,2
Urheilusukista,2
Hiostu,2
Skeittikaupat,2
Olenaisena,2
Kuivaatte,2
Merinoisia,2
Shelbyn,2
Palavampia,2
Valmistelette,2
20x30,2
Kiihtyvältä,2
Elintärkeys,2
Ruokaostoista,2
Lähitilojen,2
Myöntävälle,2
Froteepohja,2
Fennistiikassa,2
Maalasitkin,2
Tvkään,2
Kuivausrummulle,2
Rakennusaikataulujen,2
Yskänen,2
Kesälahti,2
Soltutkin,2
Hyökkäisisi,2
Olkuluodon,2
Esityöstä,2
Toimittajaverkoston,2
Pudotessani,2
Ökyautoilla,2
Lavoillakin,2
Pikajärjestelyin,2
Bankruptia,2
Rakentamas,2
Supistais,2
Kirjakieleks,2
Alkoholinjuonti,2
Ulvonnasta,2
Sulautuakseen,2
Kasvinruokaa,2
Tutkimusasettelu,2
Elättä,2
Liitytäkkään,2
Redditryhmä,2
Kuuntelukerroilla,2
Rahoitusjärjestelyihin,2
Härövarustuksen,2
Kaksitasokoneita,2
Autoremontteja,2
Roihuavaan,2
Seisomapöydällä,2
Ohjusasemien,2
Köyhyysrajallakin,2
Tulevanakin,2
Pettymyksia,2
Päästääki,2
Mukaasihan,2
Antonoveja,2
Hankintayhtiötä,2
Rajallensa,2
Puuhailtaisi,2
Iltaannos,2
Bambuista,2
Työssäkäyntialueista,2
Huomioipa,2
Kirkkaampiin,2
Kumotti,2
Kengältä,2
Madvillainy,2
Sisäänostohinnaltaan,2
Toisenlaisissakin,2
Tienattavan,2
Samsarasta,2
Tumputella,2
Lirkutteleen,2
_hiljent,2
Paskaotsikoiden,2
Villapesuainetta,2
Vesitiiviyden,2
Eustore,2
Hakemusprosessista,2
Powerslaven,2
Valkovenäläisestä,2
Raharössejä,2
Ulkomaantuesta,2
Rinkirunkkulanka,2
Hirmuisat,2
Autoharrastamiseen,2
Jäsenneuvotteluihin,2
Tahmein,2
Asekauppiaiden,2
Tukenamme,2
Jäsenneuvottelujen,2
Khomaniac,2
Assasioida,2
Vuorottelin,2
Oligarkkius,2
Kuukasipalkka,2
Kommenttiosioksi,2
Lopputyövuoro,2
Myymälävastaava,2
Väläyttelyjä,2
Bendejä,2
Zapadeihin,2
Soskuun,2
Yksityiskohdilta,2
Muovilenkkarit,2
Takaremmin,2
Kanvaasilla,2
Väläyksessä,2
Plantaarifaskiitin,2
Keskiarvovertailussa,2
Isännöitsijäksi,2
Vuokratalli,2
Apprentices,2
Moottorijahti,2
Konventionaalisena,2
Olgatokariuk,2
Dralakbarov,2
Tappamisfantasioita,2
Erillisliitto,2
Nauhoitettavaa,2
Kuvakäsittely,2
Gojiralle,2
Konsulttimaisesti,2
Staliniakin,2
Avittamiseen,2
Lähestymistapoina,2
Ammattejakin,2
Kuvakäsittelyä,2
Kamerapuolella,2
Tulollisesti,2
Risuaidasta,2
Kansanomaisella,2
Nousupaineessa,2
Galeevilta,2
Vatnikeille,2
Eläkelaskuriin,2
Budjettipuhelimet,2
Karsivien,2
Juuselasta,2
Murtovakuutus,2
Etelärajaa,2
Eissäkin,2
Majesticsunflower343,2
Täysaikasena,2
Häirinta,2
Joukkoliikennelippujen,2
6000kbps,2
Makselusta,2
Helpdeskinä,2
Natokantansa,2
Eläkesäästämisensä,2
Taistolaisaktiivi,2
Ekolokeroa,2
Osallistunee,2
Tukipyynnöt,2
Läiskäyttää,2
Byrogratiaa,2
Pelittääkin,2
Gojiralta,2
Nauhotuksista,2
Ruoassakaan,2
Citizenillä,2
Ed824e0a,2
Fe334f15f463,2
Turvallisuusyhteistyöstä,2
Sysäämättä,2
Intelektuaalit,2
Hidastellessaan,2
Iaisen,2
Pääsihterillä,2
Msää,2
Mineraalilasi,2
Jalkavaivasena,2
Mihailo,2
Luettelemiseen,2
Sirppikin,2
Masennusoireesi,2
Insinööriaivoni,2
Lottatoiminnan,2
Lilluttelu,2
Rauhanvälittäjä,2
Lagstadin,2
81st,2
Kiiruhtamisesta,2
Koulutuspuolta,2
Tuntentu,2
Jaris,2
Kisajohdon,2
Kurinpidollisten,2
Titaanilevyt,2
Concordessa,2
Ajatuksellä,2
Nykyaikaistamiseen,2
Peruttaisiinko,2
Pystyssäpitämiseen,2
Suhtautunee,2
Raatamiselle,2
Mamelukkien,2
Korkeastikkin,2
Luotu1234,2
Reppumiehiä,2
Toimintakaavio,2
Ukrainian_air_force,2
Current_inventory,2
Hätävarjelulainsäädännön,2
Vastainasettelua,2
Lindgrenille,2
Sylistäni,2
Pilkahda,2
Rekisteröintitietoja,2
Tunnesisältöihin,2
Koulutaustaa,2
Saattajasi,2
Kenttäteoriaa,2
Pankkitilillekin,2
Liikakastelun,2
Kesyttäjät,2
Ajettunakin,2
Dieettaamaan,2
Transnitria,2
Kohoilla,2
Kastelujen,2
Uunikala,2
Lämminsavu,2
Perivihollisen,2
Zelenskyihin,2
Suolankäyttö,2
Saamattomuudestani,2
Zemmourin,2
Katkaravulla,2
Teriyakikana,2
Siivi,2
Vastaansanomattomat,2
Kalalaatikkoa,2
Katastrofisointi,2
Kalaöljykapseleita,2
Kahteenviikkoon,2
Ihmisoikeusrikoksistaan,2
Asetellusta,2
Kikhernepullat,2
Oikeistopiireihin,2
Keräyslippaan,2
Halloumikuutiot,2
Sakerhetspolitiska,2
Vuokaruuat,2
Shakshukaa,2
Antai,2
Oltermanniahan,2
Vladivostokia,2
Keitettyna,2
Pöytäkattaus,2
Eronneetkaan,2
Sukkulointia,2
Kohdistetumpi,2
Pilpottuna,2
Kauramuroja,2
Maapähkinärouhetta,2
Grillikana,2
Isännöinnillä,2
Natsopelti,2
Hygieniajutut,2
Grieffaamista,2
Pränkit,2
Viilennystarkoitukseen,2
Pimentävän,2
Realistininen,2
Lemppareiden,2
Maanpuolustusikäisiä,2
Kalastatko,2
Helvtin,2
Chiliconcarne,2
Fishiä,2
Miljärdööri,2
Mielyttämässä,2
Rypäleillä,2
Liharuoilla,2
Mopeista,2
Menestymisprosentti,2
L6p87,2
Kysyisivätkin,2
Huokailuja,2
Vasalleilla,2
Tupakeittiössä,2
Vuoropuheluita,2
Omeletit,2
Venäläistuttavani,2
Kaasuputkihankkeella,2
Änkyröitiin,2
Japchae,2
Tiedustelujoukkoja,2
Lanais,2
Heittotähdellä,2
Raamatunkohdalla,2
Fanijoukot,2
Meemityyppi,2
Faneillensa,2
Huuteletteko,2
Merrymaking,2
Liima89,2
Maanpuolustusosaamistasi,2
Rynnäkkökiväärimieheksi,2
Ruokarytmillä,2
Isännöitsijätodistukset,2
Kiintiömusta,2
Edelleeniin,2
Preppaamassa,2
Puolueettomuuspolitiikkaan,2
Metanarratiivia,2
Ammattipoliitikoilta,2
Tietävinänne,2
Kauralastut,2
Topics_8189,2
Huonekorkeudella,2
Valmisverhot,2
Arabella,2
Frittikanat,2
Maastoharjoitusten,2
Loppuviikkoina,2
Kusinäytteestä,2
Häppener,2
Kasviksiinkin,2
Hienostuneelle,2
Tietynikäisiä,2
Liittoutumisia,2
Vasemmistohallituksemme,2
Fundamentaalisimmat,2
Rämpyttämiseen,2
Mallidemokratia,2
Hihittelystä,2
Gghladr23lm,2
Ripulilääkkeiden,2
Hajoamisenkin,2
Nautasikaa,2
Aiheuttamissaan,2
Sisäpuolisista,2
Sesamöljy,2
Chimichurrilla,2
Lähetnyt,2
Epähalutun,2
Puolustusvelvollisuudesta,2
Valkosuklaaversio,2
F1tvpro,2
Maailmallemme,2
Luusoppa,2
Lisäkuitua,2
Skyrriä,2
Vähemmistöhahmoja,2
Perusvalikoimasta,2
Kiintoavaimia,2
Rajajääkärikomppania,2
Halpahintaisella,2
Ojasa,2
Lihapullana,2
Takarajoista,2
Patalappuina,2
Tapaamispäivää,2
Ehdottelijaa,2
Muunnansanos,2
Luudalle,2
Massatuhoamista,2
Tätenhän,2
Äärioikeistojuttu,2
Liittymi,2
Mielipidevaikuttamisensa,2
Wokekommunismia,2
Paskapersepillupornolehti,2
Valtiovelkansa,2
Eurooppaisiin,2
Vasalliuteen,2
Mahdollisemmin,2
Otsikossani,2
Basilikanlehti,2
Share_sheet,2
Vakoojaelokuvia,2
Herännäisiä,2
Juustolätyn,2
Pihkovassa,2
Suihkukoneista,2
Oileita,2
Jabbed,2
Iyjie2ghedm,2
Ruuvimeisselisarja,2
Vakoilujutut,2
Likaisempaan,2
Puolutusyhteistyö,2
Alkuperäisestö,2
Hunderte,2
Esittelyineen,2
Harjumetsät,2
Ylivahvan,2
Suojakenttää,2
Pimeämmistä,2
Säähavainnoista,2
Kazakhstani,2
Ratifioinneilla,2
Peruslukemiin,2
Saveecobot,2
Kehkeytyykin,2
Hakkuuintensiteetti,2
Tasaikäiskasvatus,2
Kulttuurivaikuttamisella,2
Syventäny,2
Combotettuna,2
Soseki,2
Hylkäämältä,2
Verkkaisuus,2
Kattorajat,2
Turvemailta,2
Yksikköjärjestelmää,2
Kantahenkilökunnaksi,2
Maailmanloppuakin,2
Denisovitsin,2
Piposi,2
Pukumieheltä,2
Pessimismistään,2
Strugatskien,2
Aryalaisia,2
Painotaloihin,2
Muistinvirkistykseks,2
Inttimuonaa,2
Muokkauskin,2
Muokanneita,2
Valtionrajoilla,2
Valloitusyritystä,2
Angelosta,2
Waltareista,2
Äänikirjaversiota,2
Paikkojani,2
Smalltalkki,2
Sekundääriseen,2
Puuduttavasti,2
Tilannearvioista,2
Ramppikuumeesta,2
Jetsoneita,2
Brandolinin_laki,2
Siviilisäätyjä,2
Yövuorolaisille,2
Ahdistuneisuushäiriöksi,2
Lokeroaan,2
Itsediagnoosiin,2
Pyöräileekö,2
Ahdistumasta,2
Etäisä,2
Tiskaajia,2
Rukkasiksi,2
Porakoneissa,2
Kissoistakaan,2
Viheriän,2
Tuupakka,2
Kultivoiminen,2
Vakituiseks,2
Hämmentymisestä,2
Muovaamana,2
42ec,2
Epäluottamuksensa,2
Observointia,2
Tovereistaan,2
Tössäyttää,2
Countterin,2
Julkisuuslainsäädäntö,2
Diagnooseillaan,2
Mustamaalaamisekseen,2
Keskustelunhan,2
Pihkalat,2
Fightforua,2
Laskelmointikykyä,2
Spookia,2
Juttukumppani,2
Establishmentissä,2
Työsuunnitelmia,2
Sukupuolieron,2
Turistioppaat,2
Tungettuina,2
Epäuskottavuudesta,2
Syöpöllä,2
Tsernobyliksi,2
Uunijuuresten,2
Mustapaputäytteellä,2
Tiedeuskovaisuudella,2
Kiihdytyskilpailu,2
Taloushommiin,2
Henkilökuvauksia,2
Myytäneen,2
Ensiautokseen,2
Pääteoksista,2
Hintaennuste,2
Perussarjan,2
Viihdepalveluihin,2
Tehotutkimuksessa,2
389d780a,2
379b,2
553d2bbadc57,2
Toimintaluvut,2
Heittämine,2
13ndxiaa65e,2
Posahtamisesta,2
Tankkerillisen,2
Järvenrantaa,2
Taxikorttia,2
Suuhengittäjiin,2
Ylöskirjattua,2
Pumppuhinnalla,2
Surrealismiksi,2
Vanhemmpien,2
Arkkivelho,2
Kolmepäiväiseen,2
Ilmoituksiani,2
Negatiivisuuten,2
Eksistenttiaaliseen,2
Taiteenmuotonsa,2
Rannikkokylää,2
Lässyttävässä,2
Rahakkaammalta,2
Erikoismaa,2
Sitcomeihin,2
Jättivoiton,2
Käännöstäkään,2
Lämäyttämällä,2
Nrammin,2
Lomanne,2
Selviytymisvinkkejä,2
Eläkepolitiikalla,2
Luonnonlääkkeistä,2
Alaketjuissa,2
Itsetekemät,2
Suosittamista,2
Mottipäitä,2
Sähköpeliin,2
Ajautumisella,2
Pakkovääntää,2
Kusimulukku,2
Hyväntekeväisyyskonsertissa,2
Niksutellaan,2
On_the_historical_unity_of_russians_and_ukrainians,2
Bensaverotusta,2
Kiovassahan,2
Poliitkoilta,2
Aisaparinsa,2
Todettuu,2
Postitoimistolla,2
Blogialustoja,2
Etanolikonversio,2
Marjasopan,2
Päärapu,2
Folioidut,2
Länkisääristä,2
Piehtaroineet,2
Torikaupasta,2
Energiateknologioita,2
Eikaisse,2
Grammatic,2
Hammasjuttuja,2
Raivonneeni,2
Erikoishammaslääkäriä,2
Hutilyöntiä,2
Etanoliakin,2
Pepsodenthymy,2
_sota,2
Lainailulla,2
Turvallisuusjärjestelyihin,2
Korvaust,2
Немедленно,2
Chungking,2
Pölöpölön,2
Ikeapöytä,2
Kuuntelulaitetta,2
Suosituksiini,2
Edustajiamme,2
Kylmähermoista,2
Berwick,2
Päätäntövallan,2
Kolonialisista,2
Sukulaisesikaan,2
Rahastuksessa,2
Tenavasti,2
Luokallisesta,2
Hyväuskosille,2
Veikkauskuponkia,2
Kenoo,2
Paskalehtiin,2
Vapautuisikin,2
Lonkkavaivoja,2
Epikurolaiseen,2
Mitotuksia,2
Raksalaisille,2
Suikaleilla,2
Filttereitten,2
Kierrokse,2
Varaisilla,2
Siedettävimmästä,2
Feikkaako,2
Legitimisoitua,2
Pyörinevät,2
Kituuttaako,2
Poseeraajat,2
Powerstroke,2
Enlargement_of_nato,2
Fantasiaakaan,2
Soulssista,2
Ruisleipäni,2
Suomikorea,2
Happivarkaat,2
20tonnilla,2
Tuotavalla,2
Karjalanpiirakkani,2
Venäläisjoukoilla,2
Säästövapaata,2
Verojuridiikka,2
Saattoki,2
Paperivanan,2
Definently,2
Ruummillistuma,2
Nool,2
Hallituksiamme,2
Mielipidepalstoillaan,2
Kääntäjäni,2
Moottorijarrutuksesta,2
Työntäneensä,2
Farkkuvolvolla,2
Vääräuskosta,2
Nurmiporiin,2
Ajoneuvoineen,2
Maiskuttaja,2
Pyoranosat,2
Lähimmäin,2
8f2c,2
Maksukyvyttomyytta,2
Linjaakin,2
Suhareiden,2
Kalustetappiot,2
Folihatuksi,2
Johtopoppoo,2
Legionellariskin,2
Terroriaseena,2
Postituspäivämäärästä,2
Patruševia,2
Möläyttelemässä,2
Katsomusopetusta,2
Pihanmaata,2
Uskontostatuksesta,2
Täyelline,2
Yksityine,2
Kotinsahan,2
Todellisuudestakaan,2
_everyone,2
Opetussuunnitelmansa,2
Puhistamaan,2
Käskyni,2
Monitulkinnalliset,2
Pääkysymyksistä,2
Гражданам,2
Uskonnollisesten,2
Dlivlum,2
Veljeskansalla,2
Sinkulana,2
Leeveiltä,2
Kairannu,2
Käännytysyrityksiä,2
Prhalwfdtwi,2
Poistutakkaan,2
Juuttuneesta,2
Tunnuksettomasti,2
Hajautettuhankintaturvaamyosol3npolttoaineentoimitukset,2
Enusa,2
Virkavalinnoissa,2
Punahilkkasatua,2
Ultranationalistisesta,2
Fasistihallituksesta,2
Petromaana,2
Kyrvänsyylälle,2
Ihmisoikeuskysymystä,2
Ulkorakennusten,2
Löllöltä,2
Oppositioineen,2
Huoltovarmuudelta,2
Shekkejään,2
Kesäkuukausia,2
Aef6,2
Kuskeillakaan,2
Miesoletettujakin,2
Maililistalle,2
Indoktrinoiduksi,2
Puolustustahan,2
Pakolaisstatusten,2
Reaalisemmin,2
Yrittävällä,2
_drops,2
Valitusvirreltä,2
Setelipainojen,2
Perustamisia,2
Nappaimistosta,2
Jouksemaan,2
Lentokalustoon,2
Anonopsse,2
Sotaturismi,2
Suojapaikoista,2
Täysylläpidon,2
Hattunen,2
Asepaketista,2
Lisätarinat,2
Ukrainalaispakolaista,2
Selvitettäneen,2
Vahvistussähköpostit,2
Tuplajuustoburgerin,2
Vituttikohan,2
Luilleen,2
Venäläistän,2
Kehyskunnissakaan,2
Pidättämisiä,2
Strela,2
Vispasin,2
Roskasivuston,2
Totuudenmukasia,2
Ditte,2
Itsesaastutukseen,2
Vähäpätöisistäkin,2
Mustapippurit,2
Venkslailun,2
Maanosakin,2
Ajovoima,2
Rinkirunkkaavia,2
Liikkumisvero,2
Kotitalouvähennystä,2
Midge,2
Jyminää,2
Käärmeissä,2
Ammattiauttajaan,2
Groznyissä,2
Edunsaajiksi,2
Ryssitellyt,2
Öljyoligarkit,2
Vastaoffensiiveja,2
Käsitelleeksi,2
Isäjutut,2
Tihenevää,2
Turvapaikkka,2
Yatäviä,2
Konemieheksi,2
Hätäkäyttöä,2
Tarkkuustyökalu,2
Verisuonitautiset,2
Menettääkseni,2
Nälkäpakolaisia,2
Tykistötulitusta,2
Puoskarihoidoista,2
Lenkkeilet,2
Valkovenäläisetkään,2
Saunovalle,2
Kasvissyöntibuumi,2
Koukeroisempaa,2
Kalkhoff,2
Turvatakuihin,2
Kamerakulmaa,2
Nominal_rigidity,2
Tyhmyttää,2
Näennii,2
Hähmäisyyttä,2
Rengaspaineista,2
Työsopimuksiakaan,2
Alkuperäisenkään,2
Ulkosaaristo,2
Aesti,2
Pyyhkiytyny,2
Jäsennyydestä,2
Pyöräedun,2
Säällähän,2
Poluillakin,2
Vastatykistötoiminnalla,2
Kännipuheluita,2
Painomäärällä,2
Nohhhh,2
Merimiinoite,2
Nykyhallituksellakin,2
Porvarihallituksenkin,2
Muistojesi,2
Lihotan,2
Tulenjohtajalta,2
Toimio,2
Tehoillakaan,2
Venäläistankeista,2
Koppavalle,2
Viisipäisen,2
Höperöharjulla,2
Kenttätykkiin,2
Tsushiman_meritaistelu,2
Rakettitykistöllä,2
Perussuomalisiin,2
Clickaa,2
Noun_2,2
Etätöihinkin,2
Saksam,2
Valkoisempaan,2
Paapatus,2
Eläkkeellle,2
Kotilauta,2
Varastoiminenkin,2
Vakiopelinä,2
Aamuhölkkä,2
Kohennuttua,2
Jn_sd,2
Joudutaanki,2
Opintoasteelle,2
Vanhakantanen,2
Seikkailustaan,2
130keur,2
Tulenohjaukseen,2
Puolustussuunnittelu,2
Siviilikaluston,2
Määräylivoima,2
Nettisurffaus,2
Sotilasmuoti,2
Vetreyttä,2
Kivikkoisia,2
Lähtötapaa,2
Rohjake,2
Kuikuilin,2
Kaupunkilaispoika,2
Vasallivaltiot,2
Tervendenhuollon,2
A11a,2
Torssosella,2
Kylmiöissä,2
Jotenkinkutenkin,2
Pitkaaikaistyottomien,2
Tado,2
Alempiinkin,2
Museokama,2
Vesijuoksemaan,2
Suonenvedon,2
Räkäisemmin,2
Kokonaispituudeltaan,2
Poikkitein,2
Telefunken,2
Hiihtäköön,2
Huutavaksi,2
Pistekerroin,2
Miekkailukohtaukset,2
Keleil,2
Väsyvän,2
Tartuttamiskykyisen,2
Sevä,2
Erinnäisin,2
Ilmastoasiasta,2
Hätärepun,2
Lyhytaaltoradio,2
Olkiluotojen,2
Dieselkäyttöinen,2
Koruompelu,2
Tunteko,2
Cagli_2vqpg,2
Liittymärampin,2
Lennokkailla,2
Ostokrapulaa,2
Ostoimpulssia,2
Levyasemia,2
Opiskeluvaihdossa,2
Tektityksissä,2
12tuntia,2
Työllistääkkin,2
Kannustindenialistinen,2
Minimalists,2
Puunoksaan,2
Käärintä,2
Sulissa,2
Tykimeis,2
Henkilökohtasemmin,2
Pommituksissakin,2
Remonttihommista,2
Yhtiörakenne,2
Liiketulokseen,2
Kolaripaikoilla,2
Alushousissa,2
Iscao35jyw0,2
Aanessa,2
Hologrammeista,2
Asiointitunnuksen,2
49e2,2
Asuntonumero,2
_rfh7c3vkk4,2
Maastoliikuntapolut,2
Laillisuusperiaatteiden,2
Valehtelevammaksi,2
Nilikki,2
Amputoidusta,2
Seittemänkymppinen,2
Korjattavina,2
Suolapatsas,2
Pelastaksensa,2
Uudelleensuljettavissa,2
Hengissäpitämisen,2
Häiriökäyttäytymistäkään,2
Täyttyneitä,2
Pikkupolut,2
Vastaanottohan,2
Suomaisilla,2
Kirilin,2
Rakennuttaakseen,2
Vuotson,2
Stabiileimmista,2
Huonoimmillakin,2
Mielikuvitusviivojen,2
Laittaaks,2
Ohjuksiinsa,2
Elitistisin,2
Usemamman,2
Avuntarpeensa,2
Transhahmoa,2
Kissankarvojen,2
Puistokaljat,2
Abbeyn,2
Pääosaroolia,2
Diakonnissalaitokselta,2
Loukkaantuneesti,2
Latteudelta,2
Yhteissävel,2
Julkisorganisaatioiden,2
Korruptiossakin,2
Poijilta,2
Leijonakantinen,2
Roidmin,2
Naurattaaa,2
Autettaviaan,2
Kovakouranen,2
Misogyynin,2
Maahanmuuttajanaisilta,2
Instrumentaaliarvona,2
Kansallisuuskysymyksen,2
Lurjusmaisuuden,2
Kommentoimaton,2
Alueesen,2
Doomscrollausta,2
Pakolaismiehestä,2
Ulospäinkään,2
99e2,2
Jenkkipatriootit,2
Luovemmassa,2
Kiteyttäisit,2
Ylpeilyksi,2
Misogynistisellä,2
Kamerakulman,2
Hitmixiltä,2
Arvauksiani,2
Päihteidenkäyttötavat,2
Rockii,2
Opiskelijaystävällisiä,2
Sekaasi,2
Kädentaitajien,2
Paheellisena,2
Turkulaisenakin,2
Sairaslomarahoilla,2
Avuntarjonnan,2
Unileveriltä,2
Useaks,2
Lentokenttähenkilöstön,2
Kokemuksinaan,2
Swirled,2
Työasunnossa,2
Teloit,2
Videovastaus,2
Unelmasuklaa,2
Rintamakarkuria,2
Superpremium,2
Monarchical,2
Kannatatettava,2
Kielikuvanakin,2
Siliconvalley,2
Naamarajan,2
Yleisrokote,2
Kosmetiikkapuoli,2
Kiekkoradio,2
Verkostoitumishaasteisiin,2
Kurjistamispolitiikkaansa,2
Jenkinsit,2
Tarpeellisemmalta,2
Päivähoitohakemuksen,2
Rokotteillahan,2
Tietosuojauudistuksen,2
Multitalentteja,2
Kompasteltu,2
Perseempään,2
Pelottelijoiksi,2
Rekrytyyppien,2
Huumekuskin,2
Pikkupaikkakunnallakin,2
Radioaikaa,2
Visiittiään,2
Kännikolarin,2
Risingiin,2
Suklaisin,2
Lähisukuni,2
Musaohjelmat,2
Kolapulloja,2
Puolitettavat,2
Vituttaas,2
Smörgäri,2
Lietsovassa,2
Sketchyjä,2
Paapalta,2
Monenlaisina,2
Muttakoot,2
Datacentteriä,2
Äänisysteemiin,2
Spekulaatiokin,2
Kaustisten,2
Kauppiasvetoisia,2
Videohaastis,2
A4_aina,2
Äppejään,2
Älytelkkuja,2
Uudelleenkäyttöönotto,2
Listasijoituksissa,2
Bassokin,2
Ensitalveksi,2
Leipäviipaleen,2
Toast_sandwich,2
Keskeisien,2
Harrastuneisuutesi,2
Sildi,2
Edellisempi,2
Jatkokierroksille,2
Marmeladina,2
Metsästitkö,2
X90j,2
Kenraalimajurin,2
Sorono,2
Tilausnapin,2
Jätskeillä,2
Tyhmäsaarta,2
Äidinmaidonkorvikkeiden,2
Saaristolaisleivät,2
Tummennettuina,2
Rämpimisiä,2
Tyytyväisyyten,2
Jättiksiä,2
Demovideot,2
Valtoita,2
Säätäkään,2
Varaamiani,2
Laajamerkityksinen,2
Tunnekuolleisuus,2
Ikkunal,2
Taikasanoiksi,2
Feudi,2
Ransitti,2
Kammotukset,2
Alisteisempia,2
Paikale,2
Panssarointiin,2
Kahvimarkkinoilla,2
Kahviautomaateissa,2
Tiskil,2
F280,2
Änkri,2
Paavolaa,2
Korka,2
Itänaapuriinkin,2
Kosmonautteja,2
Pistäää,2
Hautalassa,2
Lacksuu,2
Minttuista,2
Älytoiminnoista,2
Härkiskastiketta,2
Taisteltais,2
Ahda,2
Hamstraavista,2
Häkämieheen,2
Älyohjuksia,2
Miinatkin,2
Luonnonvarakeskuksessa,2
Russotrolli,2
Välituotteena,2
Papumuhennoksen,2
Tutkintokertaa,2
Tuotantoomme,2
Poiskääntyminen,2
2c_polen,2
Liekeissa,2
Motionissa,2
Suomen_rauhanpuolustajat,2
Tilannetietoisia,2
Saappaannuolijana,2
Karikatyyrihahmo,2
Oppoturnistisia,2
Sepitellään,2
Ääriporukoita,2
Juutalaisongelmansa,2
Vaniljatuutti,2
Jalliteta,2
Ootahhan,2
Propagandavaikuttamista,2
Tökeröydestään,2
Miljoonajahtien,2
Bzzr19,2
Dmitry_utkin,2
Niinisaaresta,2
Poksuvia,2
Älytelkka,2
Sivalteleva,2
Erroreihin,2
Telkkarifirmat,2
Sotakautta,2
Separtisti,2
Froneria,2
Suomenjaatelo,2
969e,2
Kirjoituskursseille,2
Mimmonenhan,2
Tikkujäätelöt,2
Vohvelisuklaa,2
_fvmfr6q8wm,2
Babuskojen,2
Paperipinot,2
Juoksulenkilläkin,2
Kipattuna,2
Tuoremehuun,2
Msedgntp,2
Nettidigiboksi,2
Johtotulokseen,2
Erillisselvitykset,2
Euroaasukas,2
Säilyvyysajan,2
Ihanneammatti,2
Lävistäjän,2
Yöttömänä,2
Levysepiksi,2
Pamphlets,2
Ageconsearch,2
Suojarajoja,2
Lykitty,2
Clarkehan,2
Passiviisesti,2
Osuudestahan,2
Politiikkamuutoksilla,2
Vahaisempi,2
Panssaritkin,2
Avustajatkaan,2
Tonihalmeet,2
Nakkarijonossa,2
Faabelina,2
Äänivaltaisista,2
Kahvitta,2
Aluetuissa,2
Scenaariolle,2
Käsiaseperhe,2
Näkymi,2
Erinäisistiä,2
Nimioikeudet,2
Dippailtiin,2
Tuentaa,2
Kalipeerilla,2
Aikatehokasta,2
Resurssienkulutus,2
Propper,2
Tehk,2
Tukeakkaan,2
Kiiväri,2
2_s_l_vvcu8,2
Ruokavalikoimassa,2
Kotikuri,2
Määritään,2
Taistelumuonaa,2
Ilmastohistorian,2
Asekehitysprojekti,2
Suomiredditoristi,2
Pistetäänkös,2
Average_human_height_by_country,2
Paperipeliä,2
Pajatettu,2
Pamputtajia,2
Myyräilyään,2
Sotapornoa,2
Karvakäpälä,2
Paikkaajaa,2
Palkkalaisena,2
Haistaakseen,2
Bassosoundi,2
Änkällä,2
Etuvartioasema,2
Lahjuksiakin,2
Herzegovinassa,2
Oprussia,2
Taipunevat,2
Voisa,2
Kookkaaksi,2
Salaamattomilla,2
Xfr9iy5y94s,2
Amerikkalaiselokuvia,2
Uutuussarjoista,2
Pikkuveljeksi,2
Viemärilaitteistoista,2
Saehkoeskootterit,2
Saehkoepotkulaudat,2
Lenkkarissa,2
Puhaltaisimme,2
Aselavetin,2
Pisnesmiehiä,2
Sairastitko,2
Siivoamattomat,2
Selustoihin,2
Panssarituki,2
Prikaatikaupalla,2
Väsytyssotaan,2
Undergroundissa,2
Korotuspalan,2
Lautasi,2
Nistimiseen,2
Pikanuudelia,2
Translitteraatioissa,2
Lippista,2
Franakviacorka,2
Eduskunnille,2
Kadunnimillä,2
Celebratory,2
Pääsivuston,2
Siltavuorensalmi,2
Näkinkuja,2
Peruspiiriin,2
Desanteilta,2
Keskiarvomatti,2
Laskuvaiheessa,2
Valkovenäläisiltä,2
Jäätelötoiminnan,2
Meinaanki,2
Tippaaakaan,2
Pesulahommista,2
Somefoorumeilla,2
Einespyörykät,2
Eläkeläispapan,2
Punapapu,2
Kytis,2
Teloittaakseen,2
Ilmatieteilijän,2
Dieselvetureissa,2
Silimillä,2
Olemansaolonsa,2
Strastuit,2
Thesauruses,2
Lähitaisteluksi,2
Limenvihreää,2
Lisävaatetta,2
Höntyilyyn,2
Nimelliselle,2
Seuratulle,2
Tuotantoalueiden,2
Ikinää,2
Aiheutuis,2
Pigmentation,2
Samantekevänä,2
Tableaun,2
Kauppaehtoihin,2
Kalenterinäkymään,2
Lukitushomma,2
Jyräksi,2
306b,2
Ac49,2
Politiikkajuttu,2
Uudelleenväritys,2
Tnksllk52ss,2
Assosioitavia,2
Nykytilanteeseenkin,2
Viljavuosi,2
Mulkoilit,2
Ilmankuivaimet,2
Politicshome,2
Vaatekaapillani,2
Rakennusyrityksiltä,2
Puoltaessaan,2
Marienburg,2
Fossiiliautoille,2
Packeina,2
Oikeekätisiä,2
Nälkäsen,2
Kukkea,2
Premised,2
Vihdi,2
Reumatologi,2
Leukaniveleni,2
Vasaroidessa,2
Törkyperse,2
Mettäänsä,2
Groznyssä,2
Biosaatava,2
Sugardating,2
Compatriots,2
Suomuurainhillo,2
Tiedusteluelimiltä,2
Suunitellusti,2
Häikkiä,2
Pöllerin,2
Keskivertokansalaisille,2
Colman,2
Liikahikoilusta,2
Hengästyisin,2
Compostability,2
Compostable,2
Neliömassa,2
Vaihteitten,2
Niskajumeja,2
Tietojenkäsittelijöitä,2
Liikennealueet,2
Uudelleenvärityksestä,2
Kätisyydelläkin,2
Lohjenneita,2
Morgues,2
Myyntisopimukseen,2
Suomaisessa,2
Shieldsin,2
Robsonin,2
Tipahtaneensa,2
Herraparatkoon,2
F8zqblcivw0,2
Miehistymään,2
Vanhemmillle,2
Kroonistuisi,2
Tulkinnanvaraakin,2
Odottavainen,2
996_working_hour_system,2
Kävikää,2
Hämärempää,2
Valtausyrityksiä,2
Haikailtaisi,2
Pimulla,2
Kolonisoijien,2
Ruuvipenkkiä,2
Lattaan,2
Mentaaligymnastiikka,2
Tuplaydin,2
Ooppeleista,2
Rengaspalo,2
Syanidikapseleita,2
Nettovelkaantumisaste,2
Papereistasi,2
Neliösentiltä,2
Posahtelemaan,2
Takalinjoja,2
Rusentumatta,2
Nighterit,2
Snipun,2
9fpu4f,2
Ajh8,2
Vakuudellisen,2
Pelastuksella,2
Maastokelpoisuus,2
Kansata,2
Eristykissä,2
Apuosastot,2
Reservipoliisilla,2
Twiittajien,2
Korruptoituneihin,2
Lykätyn,2
Obligaatioilla,2
Osavalloista,2
Avaruusmiehen,2
Leukaosa,2
Hyöry,2
Lääkintäalan,2
Nwss,2
Bassoelementti,2
Kollegoillekin,2
Fantastisille,2
Radia,2
82a,2
Nelkun,2
Muotibrändit,2
Vaikeuksiini,2
Yllettäisi,2
Kotialueillaan,2
Betonitolppien,2
Työsuhdeasioita,2
Polttoainetukiin,2
Sosiaalikoe,2
Kalabaliikista,2
4a72,2
Ilovaiskin_taistelu,2
Hämärimmillä,2
Papittaa,2
Mehiläislaji,2
Tutkituttaneet,2
N24,2
Kofeinia,2
Resilientimpi,2
Njc,2
Suomen_ja_ven,2
A4linen_l,2
A4hialueyhteisty,2
Ohittelija,2
Sellunkeitosta,2
Kunniamitalit,2
Provax,2
Radioviestintä,2
Simät,2
Persenaamaiset,2
Delusionaalisia,2
Kuulosteli,2
Hillintätoimet,2
Testausvaihetta,2
Kaivostunneleiden,2
Kiireisemmän,2
Uravaihtoehdoista,2
Muuntotukea,2
Lottoriveillä,2
Voimalaitosreaktorit,2
Liukuhihnatuotanto,2
Celicalla,2
Pystyasento,2
Asiakastoive,2
Vuokranmaksut,2
Energianjakelussa,2
Hienomotorisen,2
Viheltämisessä,2
Palkankorotusrahat,2
Joussain,2
Perinnekäsitöitä,2
Kehitysyhteistyövarat,2
Jauhelijaa,2
Muuille,2
Neljännesvuosisadalla,2
Seonneelle,2
Leiriydy,2
Pärisemästä,2
07_tau_039_fi,2
Oikeudenpäätöksellä,2
Kilautetaanko,2
Harrastusprojektiin,2
Megavoimaloihin,2
Vaikena,2
Hyväksyttämiseksi,2
Tuottoisamman,2
Aukinaisella,2
Paikkailtaisiin,2
Kertoakkaan,2
Senseroida,2
Vesialtaasta,2
Olympialaisuima,2
Oikeistoliberalismista,2
Perkelevittu,2
Tulosraportin,2
Ilmastorahastojen,2
Myttäät,2
Näönalenema,2
Rosgvardiyan,2
Naustasm,2
A4llen,2
Jatkettiinkin,2
Ohjussiilosta,2
Ydinfyysikoista,2
Miessukupuolella,2
Kuiskuteltu,2
Ruuvinkantoja,2
Työvelvollisuuteen,2
Värisyttäen,2
Ilmastotuki,2
Asiakkaillekkaan,2
Aitouttaan,2
Aattellisesta,2
Afganissa,2
Tiedusteluorganisaatioilla,2
Klikkimäinen,2
Jonkulaisia,2
Kaukolämpöö,2
Tsheljabinskin,2
Maailmossa,2
Elektroniikkakomponentin,2
Markkinadominanssin,2
Erityisaloilla,2
Zokian,2
Viisvuorolaiset,2
Muutuitko,2
Vuodepaikoilla,2
Toimeettomuus,2
Rivihoitaja,2
Euto,2
Orjuuttamatta,2
Viisipaikkainen,2
Talonyhtiönetti,2
Soppelilta,2
Fuusioidu,2
Taivaanporteilla,2
Terroripommituksen,2
Lippumaksuja,2
Ruksuttamassa,2
Kalustomenetyksiä,2
Megatavut,2
Superaseilla,2
Lähiesimieheksi,2
Hansateinit,2
Nuokkujia,2
Nuokkaria,2
Hansaa,2
Punalappuista,2
Talavesta,2
Maahanmuuttotaustaan,2
Nopeusdataa,2
Operaattoreillakin,2
Maagisille,2
Dispositive,2
Nörtteillään,2
Valinnallakin,2
Räpäten,2
Eberhard,2
Aluepomon,2
Palautemekanismi,2
Korrektoituna,2
Dinosaurusmehun,2
Venejällä,2
Kuljetusaloilla,2
Ominaishajua,2
Lentoasemayhtiö,2
Hiukkassuodattimella,2
59bd,2
Aloittajallakin,2
Kaasuautoks,2
Harrasteautoni,2
Kiihdyttelevä,2
Superautoissa,2
Krematorionsa,2
Enteilleet,2
Riippuvaisuussuhde,2
Polachekin,2
Motivaatiokuviin,2
Hoitajaminimiä,2
Db3e,2
Mehupuristimia,2
Kulutustieto,2
Kotiuttamisella,2
Epäjärkeväksi,2
Vesiskoottereille,2
Viihtyvätkin,2
Reichskommissariat,2
20often,2
20said,2
Innostuvalle,2
Rahakäyttäytymistä,2
Mediaaniansiolla,2
Veroparatiisifirmat,2
Painonappeja,2
Mosureiden,2
Puuroutuminen,2
Jarruttelujen,2
Reagointimahdollisuudet,2
Ryömintävauhtiin,2
Ilmenevyys,2
Välaikainen,2
Lääkärintodistuksilla,2
Aseistautuneilta,2
Potkiminenhan,2
Kulkiessanne,2
Ruosteläjä,2
Sihteerihommia,2
Kulmasoutuja,2
Shakkikelloa,2
Surmaako,2
Kiireisiäkin,2
Sotilashallintoa,2
Maahanmuuttajajengistä,2
Yhdenmukaistamassa,2
Myöntöperusteita,2
Roskaamisongelmaa,2
Kestävyysjuoksijoita,2
Ajoittaen,2
Vesimassaan,2
Kaukolämpövoimaloista,2
Saakelinmoista,2
535d,2
Kaduiltakin,2
Giovanna,2
Vuokratyösuhteisiin,2
Sivistymisestä,2
Asianajajatkin,2
Masennusepisodi,2
Terveysvakuutusmalli,2
Juustopullat,2
Tiedustelukyvyn,2
Seuranalla,2
Kholmogoryyn,2
Asiointilatausta,2
_fill,2
_faces,2
Radiomelua,2
Dubh,2
Bensallaki,2
Järkipäätösten,2
Pahoinvointilääkettä,2
Polttoainemäärästä,2
Webdeviä,2
Luolamiesmentaliteetin,2
Kuukausikulujen,2
Mässäri,2
_kuva1,2
Merdonald,2
Ohituskohta,2
Gigoista,2
Yleisöluennon,2
Pahennettaisiin,2
B671,2
Velttoiluna,2
Lässyttäkö,2
Jenkkikorttia,2
Vuoromestari,2
Täyttelemiseen,2
Riitauttamassa,2
Jonnempi,2
Tilastonoususta,2
Roimi,2
Kialta,2
Valonvahvistinta,2
Selventyi,2
9urb,2
Tjvohw,2
Meriohjuksia,2
Cuckata,2
54tkm,2
Maamon,2
Ensinkänä,2
Asepalvelustakin,2
Lähikaupungit,2
Etupaino,2
Kainalokarvoihin,2
Kirjoittamattomille,2
Toivotellu,2
Sähköautopalstoja,2
4fc7,2
Poliisitapausten,2
Workkii,2
Kokoushuoneissa,2
Valtavähemmistön,2
Pusla,2
Vaggilaista,2
Erikoissuhde,2
Krematorioihin,2
Loppuasiakkaiden,2
Jauhajaa,2
Mcdolans,2
Linnoituksien,2
Provoomisen,2
350mm,2
Painopeitosta,2
Propagandajulisteista,2
Verkkosivuiltamme,2
Brittikavereiden,2
Venäläisiks,2
Aivomuutoksiin,2
Taistelupanssarivaununkin,2
Puolisosialistinen,2
Vakivaltaisilla,2
Inttipudokkailla,2
Omistajajäsenille,2
Treenivaiheessa,2
Kartoituskäynnin,2
Demilitarisoivat,2
188e,2
Varuspalvelukseen,2
Macca,2
Suvunjatko,2
Karkumatkaa,2
Taulukauppoja,2
84df,2
Nutellat,2
Manailleen,2
Mediakasvatukseen,2
Midn,2
Vienninkin,2
Esiintyessäsi,2
Arvoperustein,2
Värivallankumoukset,2
Aatemaailmana,2
Katukoiraa,2
Julkkismieheen,2
Luikkisivat,2
Tähystämällä,2
Путем,2
Perusaskareista,2
Syyllistytte,2
Erikoisohjelman,2
Lepoviikko,2
Hallituspuolueidemme,2
Pösilöimmät,2
Päästökauppakompensaatio,2
Maantieteemme,2
Tryptomax,2
Pääjuna,2
Säästämäänsä,2
Nimikointi,2
Lainanhakua,2
Skitsotypaalinen,2
Loppuosalle,2
Festarimatkaa,2
Silmämääräsiä,2
Myönteistäkin,2
Terästyötä,2
Tietäjänsä,2
Höyryät,2
Ihannoidakseen,2
A660,2
Chornobaivka,2
Asemallista,2
Terveydenhoitoyhtiöiden,2
Vovalta,2
Hippijortsut,2
Koirapilliinsä,2
Suoratoistavat,2
Arkineen,2
Lääkärimaksun,2
Tosisan,2
Katteettomaksi,2
Tuotii,2
Lääkekäyttäjillä,2
Hulppeata,2
Kuponkimuodossa,2
Porukankaan,2
Tehokkaimmaks,2
Vannooko,2
Vierailijaksi,2
Recordsiin,2
Peräjärveltä,2
Vientimääriä,2
Shoiguakaan,2
80uk,2
Katsantotapa,2
Vahinkotilanteessa,2
Persoonallisuustyyppeihin,2
Sosiaalitapauksina,2
Painatuttaa,2
Modernisoidulla,2
Ekslusiivisiä,2
Asumispäivystyksessä,2
Varjoteatteria,2
Kertasitko,2
Huomiohuoraamiseksi,2
Runnuttanut,2
Siivottomuuteen,2
Kannabiskäytöstä,2
Fantasioimasta,2
Sylkäsemässä,2
Venytessä,2
Ärkeä,2
Työmatkakorvauksista,2
Pilvenkäyttäjä,2
Sanomalehdessäkin,2
Naarmuisesta,2
Kynänpyörittelijä,2
Paperilennokkia,2
Äänimaailmoineen,2
Thefrenchwhispererasmr,2
Joulla,2
F8b62cf8,2
517d,2
8a25,2
944389e03893,2
Kaipaamisesta,2
Tavanomaisuutta,2
Läskimahainen,2
Äännestys,2
Bottomeita,2
Arpomisia,2
Mediaohjelmallaan,2
Peruspoppi,2
Taidepelit,2
Homojuttu,2
Leppymättömästi,2
Massayhteiskuntaa,2
Unirutiini,2
Istumatyöläinen,2
Objektivointia,2
Kulutuspäätöksensä,2
Kainalontuulettelijoiden,2
Rönsyilty,2
Roiskeessa,2
Hyväksymisvaltuuksien,2
Jakopaikka,2
Somefeedi,2
Ponyja,2
Maakoodista,2
Yhteyksii,2
Perjantaidokkarin,2
Makaamme,2
Muutemkin,2
Sellable,2
Ucraina,2
Satsinsa,2
Terveydenhuoltoalasta,2
Yksilöitävästi,2
Raskausarviksi,2
Beenikset,2
Yhteiskuntasektorin,2
Läpimätinä,2
Senioritutkijat,2
Haistelevaa,2
Kameramiehille,2
Infovaikuttamiseen,2
Lippaallisesta,2
Dp85v8,2
Climbing_the_ladder,2
Tyhämää,2
Kurssitarjottimien,2
Luonnosteluun,2
Figman,2
Opetustyönsä,2
Visiirilehti,2
Lisaresursseja,2
Binääriroskaa,2
Yhteishaastattelussa,2
Diasulkeisia,2
Poriseeko,2
Tusaa,2
Projektei,2
Webbipuolta,2
Laatuan,2
Kultaistanoutajaa,2
Sukupolvikohtaisesti,2
Körhöm,2
Sekakäyttökin,2
Törmättävä,2
Arkipolitiikan,2
Sotilassanaston,2
Apuaineena,2
Nimellisiltä,2
Yksinpuheluna,2
Siviilikäytöstä,2
Epämuodikkaista,2
Endorfiinipiikkiä,2
Sidonnaisuusilmoituksista,2
Palohaava,2
Leki,2
Elavana,2
Nokkosten,2
Ihmisvihamielisten,2
Risteyttänyt,2
Lightsia,2
Työssäkäyntikuluja,2
Rivikansalaisellekin,2
Pituusrajoihin,2
Streitattua,2
Vesilinnuissa,2
Sorsissa,2
Virpoi,2
Ulkonäköihanteita,2
Maisemahissi,2
Nytkähtäen,2
Maisemahissistä,2
Lakkopäivät,2
Äänisaastaa,2
Ohikuulemaan,2
Zavidovosta,2
Leninkö,2
Pullantuoksuisten,2
Miljoonaprojekteihin,2
Ruuanlaittotaitoja,2
Verrokkiväestöä,2
Puolustusliittokin,2
Sisäfutista,2
Vahinkoilmotuksen,2
Paljastavilla,2
Verrokkiryhmässäkin,2
Leasingmaksut,2
Kaikennäköisien,2
Kabuki,2
Sotahomma,2
Arvonaleman,2
Tosisaa,2
Sorsalintu,2
Puolitettavissa,2
Matkatavaraksi,2
Rikkoutumassa,2
Avainlukujen,2
Tuloss,2
Asevelvollisuusikäisiä,2
Sylkeään,2
Kasvihuoneviljelystä,2
Kiinteistöihinsä,2
Kaupunkiversio,2
Kainalontuulettelijoita,2
Verotarkastajia,2
Rankaisunyrkkiä,2
33kk,2
Kähminnöissä,2
Kapeimpia,2
Sairaalakeikkoja,2
Juttu_,2
Läpsykkäät,2
Promenadi,2
Huorittelevan,2
Vaihdokkien,2
Palvelinylläpidossa,2
Suojeluskuntapiirin,2
Vähäisimmänkään,2
Lihottajia,2
20advertising,2
Turkimustieto,2
Ketodieetissä,2
Notkuville,2
Pöytäsokerissa,2
Ylipainoisin,2
Fasismillekin,2
Lautasellisesta,2
Ultraprosessoidusta,2
Kusetusmahdollisuus,2
Jämärillä,2
Coctaileissa,2
Suolistomikrobien,2
Sanomma,2
Pulleiden,2
Ilonpilkahdusta,2
Sourz,2
Poriki,2
Rehevämpi,2
Rantapallojen,2
Faqsta,2
Fysiikankirjan,2
Kyseenalaisuudet,2
Minäkuvaamme,2
Vaihjeessa,2
Onttoudesta,2
Xpost2,2
Riskeraamaan,2
Porvaripresidentti,2
Ahtauttaa,2
Lihatuotteitakin,2
Riskeerattavana,2
Vaaralisempaa,2
Ossn,2
Yhtävahvojen,2
Kryptolouhintaan,2
Yksilökohtasia,2
Ränttään,2
Varustautumiselle,2
Slärps,2
Approovaan,2
Markkinointitavat,2
Lyhemmässä,2
Siirreltäis,2
Johtajiaa,2
Sotilasreservi,2
Yksityisliisaus,2
Jyppilän,2
Vaivattomuudella,2
Sähköturvallisuudesta,2
Ylipainosii,2
Millista,2
Urputin,2
Iet,2
Kuuntelivatko,2
Enyaqit,2
Diakoniatoimiston,2
Fantasionut,2
Kolarivakuutuksen,2
Ässinä,2
Renegotiation,2
Kuriksi,2
Opiskelijatoverinsa,2
Corneriin,2
Lasinpesunestettäkin,2
Billboardia,2
Verisuoneni,2
Videoneuvottelussa,2
Pelastusarmeijassa,2
Lättänämpiä,2
Seksikkäimmillään,2
Gopej0e,2
Aseistamattomalta,2
Muratit,2
Sitruunaviipaleella,2
Katkeroista,2
Täyttelemättä,2
Opiskelualat,2
Hauskanpidoksi,2
Vasteetta,2
Valtailla,2
Armeijalaitos,2
Kovistelivat,2
Viivytelleet,2
Livepornoa,2
Ulosottomiehille,2
Perseydessään,2
Alavaa,2
Kyselykierroksella,2
Kitukasvuiseen,2
Kustannusvaikuttavaa,2
Rissasta,2
Tuotantokuntoon,2
Tukevaisuudessakin,2
Yksityiskohtaisempiakin,2
Poljettaviksi,2
Kuoleentuvat,2
Johtoviritys,2
Korkessa,2
Huristelevia,2
Lautojaan,2
Sukupuolisidonnaisissa,2
Jemmailee,2
Ulkoiluvaate,2
Poljettavissa,2
Sariinit,2
Montuilla,2
Tilannehuonetta,2
Kesättalvet,2
Ydinongelmaksi,2
Erikoisvarusteet,2
Näennäisoppositiota,2
Puhteet,2
Sunnittelin,2
Krišjãnis,2
Rosgvardiya,2
Kulkeakkaan,2
Vastaanottopalveluiden,2
Lomailijoihin,2
Pystyisimmekin,2
Turvapaikanhakuvaiheessa,2
Tbilisin,2
Kehitelemään,2
Elintasosairauksina,2
Naistem,2
Tilanjakoa,2
Tissejäsi,2
Lähtes,2
Potentiaalienergiat,2
Alennuskoodeineen,2
Finlandina,2
Häviäviltä,2
Vaahtoatte,2
Kokeilevana,2
Apistä,2
Valvontamahdollisuuksia,2
Sadekuori,2
Materialismina,2
Antirealismiin,2
Tuotearvosteluita,2
Naapurivaltiolle,2
Onalin,2
Puutarhafirmassa,2
Kylvätte,2
Alkuperäisturkulaisen,2
Tuotearviointia,2
Ruokailukaan,2
Kruunapuolella,2
Painikkeeks,2
Huipputehokkaat,2
_onpas,2
Kammoani,2
Piipahtaessani,2
Maihinnousualuksista,2
Naisjohtoinen,2
Tartet,2
Sotilasversio,2
Tappaaksemme,2
Roadmaniin,2
Liityntäparkin,2
Persuvastaisuudesta,2
Hyymörin,2
Panssarijoukko,2
Citymaasturissa,2
Gjjuviiypte,2
Lukioiän,2
Lähikatujen,2
Investoidessa,2
Pysäköintitalosta,2
Hankkimasa,2
Latausruuduista,2
Mekkojaan,2
Somerummutuksen,2
Kuujuttu,2
Perusintti,2
Silmäniskuna,2
Yliäänilentäminen,2
Unrelenting,2
Näköpuhelin,2
Zhytomyr,2
Ruohonleikkuribensalla,2
Sairausluokituksen,2
Tulipaloina,2
Matkustajakoneisiin,2
Kokoomuskansanedustajat,2
Harkintaoikeuden,2
Muljuttamaan,2
Suolahdelle,2
Korjauskehotukset,2
Sairastuvassa,2
Transliteroituna,2
Otsaluu,2
Hiccups,2
Frauds,2
Kouluttautujat,2
Liitävistä,2
Kelluttiin,2
Haavesta,2
Maglevin,2
Yritystulosta,2
Aerogeelistä,2
Rippeillekin,2
Köpöttelen,2
Synnyinkaupunkiini,2
Degxzsc,2
Vattalaukku,2
Imagohaitalle,2
Punertavasti,2
Kisapaikaksi,2
Ysärilamasta,2
Pyörätilat,2
Tekke,2
Saavutettiinkin,2
Kylvämiä,2
Varallisuuksista,2
Huonotuloisin,2
Vuodenki,2
Kusimulkkujen,2
Majoitellaan,2
Äänestäjistöstä,2
Kunnallispalveluita,2
Liputtanutkaan,2
Hiiapilla,2
Pidempiaikainenkin,2
Kruununvuorenranta,2
Lirkutellaan,2
Sumutuskampanjoita,2
Lapsilisistäkin,2
Vuokrahuoneessa,2
Ruokakoomassa,2
Sr50,2
Lisaako,2
Hattuässästä,2
Bolsevikkeinä,2
Pronomineissä,2
Ruokavarantoja,2
Vammauttaen,2
Кремль,2
Puremiselle,2
Piiroksen,2
Seksualisoituna,2
Kauhumusiikkia,2
Ruokakauraan,2
Ruokatalojen,2
Krovaan,2
Sähkötraktoreita,2
Kakkosasunnossa,2
Zetoria,2
Asunnotonkin,2
Karppanen,2
Kabajeva,2
Tuvalaisten,2
Jatkokysymykseksi,2
Ilkitekojaan,2
Asumiskelvollinen,2
Tyrkyty,2
Normaalikuntoiselle,2
Argumenttissasi,2
Pirskahtelevaa,2
Reddittaajaa,2
Persepystyssä,2
Kituuttelet,2
Lääkekokeiluihin,2
Siemenestettä,2
Energiakriiseistä,2
Pitkänäköisesti,2
Kokonaistaloudellisuudesta,2
Lainanottokykyä,2
Yhistät,2
Paloriskiin,2
Kautaa,2
Toimvn,2
Keskinopeutesi,2
Lisättää,2
Yleisivistävät,2
Maskittaa,2
Ääriryhmältä,2
Autokuormallista,2
Koronnousulla,2
Suomalaisnatsi,2
Hirmuvaltion,2
Feministiyhteisöä,2
Jaloudestasi,2
Kakkosasunnoista,2
Mökkiläisiltä,2
Rakennelmiakin,2
Paskatutkimuksen,2
Leikkauskia,2
Ddrää,2
Ikuisuuskarenssilla,2
Newfoundlandiin,2
Käännöksessäkin,2
Kasvihuonekasvatuksen,2
Tahriman,2
Rasistisimmassa,2
Tanooki,2
Nousoo,2
Materiaaliensa,2
12litran,2
Lisäneliöille,2
Toimielimien,2
Myötäs,2
Veroalueensa,2
Omaisus,2
Periaatteelisesti,2
Muutosilmoitusta,2
Mylsää,2
Azerbajzan,2
Rivivirkamiehelle,2
Alkoholisoituneeseen,2
Traktorillani,2
Riihiä,2
Kollektivistisena,2
Kakkakasoja,2
Handlesta,2
Petikko,2
Keskittymishäiriöni,2
Cpwyccnwrbs,2
Lähtökynnyksen,2
Karatekat,2
Meditaatiohuone,2
Trendisanaa,2
Videopelimäistä,2
Seetoo,2
Kaakoo,2
Kaanee,2
Kaakuu,2
Kaasee,2
Kaakasi,2
Kaaysi,2
Kooyy,2
Kookaa,2
Soitinliikkeessä,2
Kantoapuna,2
Hitches,2
Keravaltahan,2
Lanssikuskin,2
Active_measures,2
Yksilökapitalismi,2
Luksusasuntoa,2
Milläslailla,2
Remppoi,2
Vartijapalvelut,2
Damagementin,2
Perehdykään,2
Sodanvastustusta,2
Ykstoist,2
Haastellisuus,2
Insitutionaalinen,2
Sesonkijuttu,2
Pituushyppylankkujen,2
Päätetyössä,2
Markkinointipomo,2
Huumatuista,2
Kehityskeskusteluissakin,2
Gladion,2
Kohteistä,2
Epäsuvaitsevaisia,2
Pönkittäisin,2
Eläintenhoitajaa,2
Tuulisille,2
Toivoajattelua,2
Seuraajakin,2
Järvilaivan,2
Ilmaismatkoja,2
Kuljetusalusta,2
Belgioluita,2
Potkiskelin,2
Lahjojani,2
Asennustakin,2
Cakewalkin,2
Saapumisaikoihin,2
Tehomittarit,2
Kielenpuhuja,2
Zeniitissä,2
Käteisnostoilla,2
Tekstityksenä,2
Nukkumisajan,2
Nykyisestäni,2
Koordinoitu_yleisaika,2
Vähittäiskaupalta,2
Pikagooglen,2
Elävyyteen,2
Sykyisin,2
Vaatimusksia,2
Taivaankappaleihin,2
Muistna,2
Politiiikan,2
Valkokaulusduunaria,2
Korkkarilta,2
Kaamosoireilun,2
Päivähommina,2
Harrastusvälineestä,2
Kalenteriohjelmat,2
Tietokoneissamme,2
Vuorokausikin,2
Tallustelun,2
Hoitovastikkeisiin,2
Pituuspiirejä,2
Ilmastokuormituksella,2
Puolustusministereiden,2
Ympärileikkaamattomat,2
Webberille,2
Työkyvyttömyydeksi,2
Miinuslaskulla,2
Uhkapeliongelmaisilta,2
Avustusjarjestelma,2
Kellojensiirrosta,2
Sopivimmalle,2
Naapurimaittensa,2
Negistelet,2
Trokattavaksi,2
Kaarevasta,2
Lääkintärukkiin,2
Arvoistas,2
Ylenemis,2
Kommenttikentästäkin,2
Yövahtina,2
Roskatunkiolle,2
Joutokäynnille,2
Edistyn,2
Vtox6dw_0vu,2
Pensasaitoja,2
Ensimmäistäkä,2
Talousjohtamisen,2
Leikkipyssyjä,2
Coffeeordie,2
Vaaliorganisaationa,2
Ajojärjestyksestä,2
Sotaisuuteen,2
Kenthän,2
Muististasi,2
Yltänyttä,2
Ss8zendkedc,2
Keskipäiväksi,2
Jalostustuotteista,2
Lasiseksi,2
Poismuuttaneista,2
Sukupuolijakautuminen,2
Kokoonpanijoita,2
Jokaikisenä,2
Resurssipuutteiden,2
Alkoholikauppiaasta,2
Kaksoisstandardisuus,2
Miettikääpähän,2
Ilmapiiriksi,2
Sortuis,2
Viihdelaitteita,2
Jauhannu,2
Takuueläkejärjestelmä,2
Suolakalan,2
Saapuvatkin,2
Ammattiopinnoista,2
Työelämäänkään,2
Tyco,2
Scotman,2
Vastaavasssa,2
Ajastanikin,2
Pottunsa,2
Henkilökohtaisemmasta,2
Pyykää,2
Systeeminne,2
Taistellaakseen,2
Hajaitusta,2
Tosikeissi,2
Bongaavan,2
Aikahommaa,2
Ruoankulutus,2
Kiihdyttimien,2
Kokoaikais,2
Asutuimmilla,2
Robotil,2
Talost,2
Imuris,2
Pellekursseille,2
Potuta,2
Lopettua,2
Pöytäpinnat,2
Usemmastakin,2
Vikkeläjalkainen,2
Natuviinejä,2
Unsatisfying,2
Kokkailaan,2
Kolmikymppisissä,2
Ammattikoulutodistuksella,2
Sorbitolista,2
Apteekkituote,2
Irtisanomisaikahan,2
Raavitut,2
Culture_shock,2
Tarhassakaan,2
Tarhaikäisillä,2
Pöis,2
Tylpillä,2
Selkäsärkyihin,2
Fabrelta,2
Mahdutettiin,2
810th,2
Paneehan,2
Varikkotytöt,2
Supliikkius,2
Ammattiyhdistystoimintaan,2
Leipäpuoti,2
Alkukesät,2
Somemaailmasta,2
Taskuradion,2
Korkeakouluaikana,2
Venäjänvenäläisten,2
Vegetatiivisen,2
Tiskaamisella,2
Nyhväämään,2
Läheisimpänä,2
Silmiinnähden,2
Kasvatustavan,2
Stoppaus,2
Biiffeihin,2
Uusnatsikaan,2
Ilktye,2
Lobbauspuheita,2
Erillistutkimuksissa,2
Alkoholitapauksia,2
Virvoittavien,2
Maasillasta,2
Pääideanahan,2
Paskans,2
Ehdollistamassa,2
Paskasarjoja,2
Kompensaatiosi,2
Varaman,2
Turvaamistahan,2
Spontaaniudessa,2
Työturvallisuuskorttikurssilla,2
Omaksukaa,2
Maksamyrkytys,2
Kuopissaan,2
Nettijuoruja,2
Lastentarhassakin,2
Vahvistusharhoissaan,2
Kodinhuollon,2
Abramovits,2
Äärikonservatiivia,2
Abramovichin,2
Kaapelikiinnike,2
Animaatiohahmoista,2
Strategikot,2
Elämänopit,2
Kipuhoitoon,2
Uravaihtoehdoissa,2
Nollautuminen,2
Viikonalkua,2
Samentanut,2
Homouttaa,2
Jälkiläisille,2
Potkijana,2
Ympäriinä,2
Nimigeneraattorista,2
Läntee,2
Arabikansan,2
Vastenmielisemmistä,2
Shakkimestariksi,2
Siistiyttä,2
Käsintiskauksen,2
Tykättävän,2
Vitsikkääseen,2
Ameriikasa,2
Teoreettisemmalta,2
Liehuvaa,2
Liikehuoneisto,2
Sympatisoimalla,2
Azovia,2
Päivystäisin,2
Ihannemaahansa,2
Minidokkareita,2
Taunted,2
Pelkeleet,2
Täydellisemmäksi,2
Persuleille,2
Infoähkyä,2
Puolisollas,2
Kolmittain,2
Pelotttaa,2
Ossetiasta,2
Peruuttuu,2
Kaytamme,2
Rooliemme,2
Nuolinäppäimiin,2
Muututtais,2
Natsihakaristi,2
Harrastelijakokki,2
Tähänkä,2
Puhelinkeskukset,2
Meemeiletkö,2
Tulkitaa,2
Vakioporukassa,2
Perinneasussa,2
Demokratialiikettä,2
Blacksitea,2
Lakkoiluista,2
Mielistelijöiden,2
Piippuista,2
Kremlkin,2
Synnytysosastojen,2
Vuoristokylissä,2
Rommeihin,2
Luokittelumallia,2
Hdco,2
Esiteltävässä,2
Vasaali,2
Yöpymisavustuksia,2
Ajka,2
Rakettitiedekään,2
Tiviisti,2
Cocktailinsa,2
Maukkaina,2
Inkiväärioluesta,2
20them,2
Ahdistuspäissäni,2
Tutkahäirintään,2
Määrämittoihin,2
Kamelilta,2
Höyrytislaamalla,2
Mocktaileihin,2
Pääuutislähetyksessään,2
Irtisanomisajankohta,2
Kohopenkin,2
Monilajisiin,2
Rekisterimerkintöihin,2
Luettelemiin,2
Aids_in_russia,2
Organisoitumisella,2
Kirpaisevatkin,2
Mocktaileissa,2
Viinattomassa,2
Musisoidaan,2
Kofeiinilliseen,2
Rusinalla,2
Henkilökuntaamme,2
Oppositioedustajat,2
Ideaaleihinsa,2
Johdannaisvaikutusten,2
Naturaalit,2
O3l9p1,2
Työttömyystilastossa,2
Äärimmäisemmin,2
Ragnarokia,2
Pahoiteltaisiin,2
Laittettaisiin,2
Nappikorviksen,2
Tutkaheijastus,2
Valeosto,2
Niivvittu,2
Nollatuloisena,2
Hemoglobiiniarvoni,2
A08f,2
9ac40ec201b6,2
Työnhakuilmoitusta,2
Kaunistunut,2
Pyntättyjä,2
Kotipalvelutyö,2
Tonttitehokkuutta,2
Nurmikkona,2
Lihamyllyihin,2
Hxn5dk4gywa,2
Baggit,2
Kriisinsietokyvyn,2
Fiksauksesta,2
Sellunkeittäjät,2
Yleisavaimien,2
Avaavas,2
Heinäcs,2
Arveluttavampiin,2
Sovellusidea,2
Korvantakana,2
Valoisuudet,2
Kuljettelet,2
Salaryexpert,2
Epamiellyttava,2
Hommissaa,2
Hummelin,2
Sotakorvauksiksi,2
Sisuuntuminen,2
Jonglööraan,2
Työntekokyky,2
Viskipaukkua,2
Aviation24,2
Kuukaudenki,2
Polttajilta,2
Lempattua,2
Selvitetyissä,2
Hotdogs,2
Verestäkin,2
Aikaportaali,2
Competizione,2
Uudelleenpelattavampi,2
Pelleilemättä,2
Alikoulutetuiksi,2
Edellytyksetkään,2
Lemmpari,2
Flunssatartuntoja,2
Rustlings,2
Heinänuhaan,2
Sinitukkien,2
Sulattamisella,2
Kilkuttelu,2
Liitännäisyyksiä,2
Moninkertasen,2
Kaatoikin,2
Pankitettu,2
Välittömösti,2
Koluttava,2
Tähtikuvaajien,2
Alasäänestyksiä,2
Tyhmäsaari,2
Manaava,2
Alueloukkauksia,2
Lentotukialukseni,2
Saatolta,2
Kuormaliinaa,2
Sätkyily,2
Hengittäköön,2
Soulsseja,2
Rekrytoinnistä,2
Tunnettakaan,2
Palkkalistoilleni,2
Tatuoimalla,2
Moottoriteinä,2
Opeuksen,2
Finanssitieteen,2
Pääkartan,2
Työllisyysprosenttien,2
Miljoonahan,2
Riemuitsisi,2
Kalevalahan,2
Liirumlaarumissa,2
Patrollia,2
Lihasjumiin,2
Käyttämätöntäkin,2
Majesteettiset,2
Wargamet,2
Matalaoireista,2
Aikalaislähdettä,2
Mettäleirille,2
Kääpiöplaneettana,2
Monitahoisuudesta,2
Meeeelko,2
Kusipäämulkero,2
Mulkeroutta,2
Halstin,2
Varainkeruujärjestönä,2
Kehuttuaan,2
Sortumia,2
Peräreijän,2
Pohjadatan,2
Teknisest,2
Jaba,2
Etelasta,2
Speedruneja,2
Minuutttia,2
List_of_wars_between_democracies,2
Reaktioketjuja,2
Lyijyäkään,2
Kuutkin,2
Galaxeja,2
S0927537110000126,2
Isompiherra,2
Lomaleirille,2
Spesiaalipaikka,2
Johtamismallissa,2
United_kingdom_football_sexual_abuse_scandal,2
Selostaneen,2
Verkostoituivat,2
Suunnittelemaasi,2
Kurkota,2
Joshworth,2
Pixelspace,2
Pixelspace_solarsystem,2
Murentajana,2
Syrjäyttäessään,2
Törpännyt,2
Erkaannuttava,2
Demograafia,2
Suvereenisuudelle,2
Käyttäytymisongelmista,2
Imurisi,2
Lihakasan,2
Pätkätyöalojen,2
Percieved,2
Seksuaalikulttuuriin,2
Naisimaamia,2
Zonta,2
Meliniä,2
Detolf,2
Omavaltaiset,2
Asentamat,2
Hunajamarinadista,2
997d,2
Turvotettuna,2
Esilläpidosta,2
Kieltosääntö,2
Sortovaltioiden,2
Hevonkuusen,2
Pamflettikin,2
Tuften,2
Kanwa,2
Homogeenisella,2
Vuosipalkkiota,2
Vegetaristeiksi,2
Kotitaloushommia,2
Esityskiellon,2
Kikkakirjasta,2
Ranskanpullaa,2
Luomistyökalut,2
Ahdistelty,2
Vaatimustenkin,2
Tiilin,2
Karttamerkintöjä,2
Tulitiilet,2
Väitteiteni,2
Virransäästöllä,2
Kiihotatko,2
Veläkin,2
Sopimuspuolille,2
Tysonille,2
Autistinakin,2
Summersin,2
Luettelointia,2
Standiä,2
Vintiöille,2
Kokoojan,2
Jalkapallomaailmasta,2
Leikkaisikin,2
Böllin,2
Työyksikkö,2
Työnantajaleiriin,2
Karkinsyöntiä,2
Tukialusten,2
Kiinnikkeissä,2
Beetasäteilyä,2
Värjöttelet,2
Suikaleeseen,2
Talutteli,2
Hiirenpierun,2
Moniltakaan,2
Pukeutumiselleni,2
Rennompiin,2
Kritstittyjä,2
Temotodochi,2
Uiguurimuslimien,2
Lihakarjana,2
Proffankin,2
Takoilla,2
Epäkohteliaalle,2
Viidessäkään,2
Rauhattomampaan,2
Syöpäriskinä,2
Etääntymisellä,2
Järjestelyvaraerä,2
Vetyatomi,2
Räjähdysteho,2
Limpparinkin,2
Henkilökohtaselta,2
Prepanneet,2
Katutasollakin,2
Pomotaistelut,2
Ilmanraikastimen,2
Hypokloriitilla,2
Desinfiointiaineilla,2
Näkyvil,2
Vicesta,2
Vihmahan,2
Roskastakin,2
Taidenäyttelytilan,2
Tuntimäärässä,2
Sekakäyttötilassa,2
Maustakaa,2
Maustamia,2
Työkokouksen,2
Kuvantunnistuksessa,2
Teitittelemättä,2
Päivätyötänsä,2
Semikova,2
Omistaneelle,2
Sisäilmamittausta,2
Hedelmäisessä,2
Poiken,2
Kopioisikin,2
Vaikuttamispyrkimys,2
Ruskibotti,2
Työsuojelulle,2
Miːm,2
Flikkana,2
Ydinkärkeen,2
Sentrifugien,2
Sairastaminenkin,2
9c29,2
Naapuruuteen,2
Kahvikapseleita,2
Klubikortti,2
Muurmannista,2
Päniköitä,2
Ugrilaiset_kansat,2
Ruskistumista,2
Luetteloinut,2
Virkaehtosopimusten,2
Veikkauskratiasta,2
Itäkarjalainen,2
Peruspalkatkin,2
Jokerman,2
Ilveksiltä,2
Ownailla,2
Ristilippua,2
Kuveilemasi,2
Murskalukuja,2
Pintapehmeyttä,2
Päävaltio,2
Unidatat,2
Tyyppimerkintä,2
Uusintajulkaisu,2
Pyörisivätkin,2
Mielipidett,2
Lyhyess,2
Työnjohdollisen,2
Dissaillaan,2
Kirjoittessani,2
Säilömistäkin,2
Viemäriputkelle,2
Diaesitystä,2
Kyseenalaistenkin,2
Selkävaivoissa,2
Jäykemmistä,2
Jalostakaa,2
Hämysti,2
Biologiaksi,2
Tähtiorkesteri,2
Dobrii,2
Historiankäsitykseen,2
Pomittanut,2
Haavoihinsa,2
Lestafirmalta,2
Harkovalle,2
Talvipalatsissa,2
Maavallia,2
Voitontapaista,2
Tarkotuskaa,2
Jalkapohjii,2
Striimauskulttuuria,2
Pikkuhutikassa,2
Sparrailen,2
Viskoelastisesta,2
Mukanatulevaa,2
Megamoskeija,2
Artikkelimäärän,2
Paskaleffojen,2
Kapselille,2
8s7nmml_,2
Suihkutuksia,2
Ediittiin,2
Sotaleskiä,2
Painiskeltiin,2
Joustinpatjaa,2
Opiskelko,2
Lisäkuolleisuutta,2
Vääristäkin,2
Reklamoisi,2
Irtisanoitua,2
Ajatan,2
Leikkuujätteen,2
Äimisteltiin,2
Suobbis,2
Ncos,2
Ehdittiinköhän,2
Kaupparekkariin,2
Prokuristi,2
Erikoisajoneuvo,2
Komentoyhteydet,2
Kiistämisiä,2
Herskalla,2
Starttiluokka,2
Perusosuuden,2
Törsäysrahaa,2
Tsombi,2
Finlish,2
Selkäoireet,2
A8yahj2fuga,2
Mustalaisina,2
408px,2
Romanijamppa,2
Tyypilläkin,2
Kalisuttelee,2
Incurs,2
Rysäpöksy,2
Kipollista,2
Hälyytyksiä,2
Ilallla,2
Satutaankaan,2
Romanitaustastaan,2
Sementiksi,2
Jeesailin,2
Sanottasko,2
Demokraatiset,2
Nivusii,2
Sieventämiseen,2
Tasogeometriaan,2
Perustietojasi,2
Koejärjestelmän,2
Puolitäyttä,2
Kierrätyksistä,2
30000mk,2
Meemeilen,2
Sahaterän,2
Konnatkin,2
Velttoilijat,2
Quijoteksi,2
Gjöra,2
Takavarastosta,2
Psypolin,2
Elämänhallinassa,2
Pahvipuristin,2
Hyrräämää,2
Nuukaile,2
Tielllä,2
Potilasturvatyöstä,2
Tiilikattoa,2
Etiikkakin,2
Ensikertalaisuuttaan,2
Palautusosoitetta,2
Sotateollisuuteensa,2
Miksaamisesta,2
Työehtosopparissa,2
Rahasäkkiä,2
Hoitajaliitojen,2
Markkinataloudessamme,2
Hienohelmailua,2
Tulehduttaisi,2
Ällistyny,2
Romaanikulttuurissa,2
Kiertolaisina,2
Seisomiselta,2
Aselaatua,2
Ronskimpana,2
Krautilta,2
Pesuhallin,2
Pakkomyynyt,2
Snnan,2
Ongelmiinkaan,2
Maskuliinisuudelleen,2
Luetettavuudesta,2
Tomupilven,2
Siivuissa,2
Hyväa,2
Kansanpukuun,2
Lähihoidon,2
Tatuoitiin,2
Kaksittaiset,2
Perustietotaitoa,2
Seniorikehittäjiä,2
Huonossakunnossa,2
Yliopistoalan,2
Ec0xkhahr5i,2
Raht,2
Nykyisellää,2
Kasvattiminen,2
Paskapalkkaiset,2
Johtamisopintoja,2
Kuluttavuuteen,2
Maksunumeroon,2
Kulttuurreissa,2
Korkeakoulututettuja,2
Emävaleen,2
Sairaanhoitajapohjalta,2
Deside,2
Alastakaan,2
Alakohtaisestihan,2
Uraanitkin,2
Näyttötutkintoja,2
Huviloistaan,2
Erillishaun,2
Kupattavia,2
Hiharavistus,2
Murenemisena,2
Nykykonfliktin,2
Nurmiporalle,2
Joustotunteina,2
Työtiimin,2
Pelloiltamme,2
Romanipariskunnan,2
Palkkakuria,2
Hoitotieteellinen,2
9e2cdb79,2
C77319c8ff5b,2
Seksitautitestit,2
Väitöskirjatkin,2
Ruoansulatuselimistöön,2
Suunnitteluosaston,2
Mirreille,2
Suoritusmuotoja,2
Vapaatoiveet,2
Komentoinut,2
Tinkauksella,2
Verkkohäirintää,2
Eriytyneisyyden,2
Yhteydessään,2
Partikulaari,2
Pyörälukon,2
Junttidiskon,2
Valkokaulustyöläisiä,2
Kankaanpäälle,2
Täystyöllistynyt,2
Yksipuoleisissa,2
Äärioikeistoryhmiä,2
Ilkeämielisyyttään,2
Roikuttelu,2
Posereiksi,2
Palkkataisteluista,2
Oirekuvaasi,2
Ministerikierrätystä,2
Vsu,2
Tukihakemuksesi,2
Hiljainenmaito,2
Yksiöösi,2
Vierittely,2
Pahapoika,2
Ilmaisullaan,2
Elokuvatähteä,2
Erityisvälineitä,2
Raskaanteollisuuden,2
Vandalisoinnit,2
84ij,2
Neuvostotankkeja,2
Bottiesi,2
Enkefalopatia,2
Bändilleen,2
Biofaijan,2
Kolmivuoroja,2
_halutaan_,2
Seulaks,2
Twiittauksista,2
Liikekannellepano,2
Rikoskäsittely,2
Laitelaa,2
Kehnohkolla,2
Lasejakin,2
Litemods,2
Takarontista,2
Effecti,2
Vahamaiselta,2
Naisystävältä,2
Äiree,2
Twiitattua,2
Korvillensa,2
Patalijoonan,2
Palkkoa,2
Yhydysvaltojen,2
Reagoitiinko,2
Legacypaskasta,2
Onanoitiin,2
Ikkunaremppaa,2
Pitsapäivä,2
Virkettäni,2
Valaistakseen,2
Hunajapurkeista,2
Lannisterin,2
Hevinkää,2
Irtonaisuudesta,2
Eurotilille,2
Uudelleenrakentavat,2
Bebaa,2
Pimiöön,2
Kommunikointikanavaa,2
Ryhmätyöprojekti,2
Yhtenäisempään,2
Hoitus,2
Putkitutkintoihin,2
Surusävelen,2
Toilailulta,2
98zg9,2
Laivareitiltä,2
85ke_green,2
Sotahuudon,2
Rakennusinsinööreihin,2
Tekstiilikierrätykseen,2
Lähmimään,2
Kehittämisprojektit,2
Viileydessä,2
Sotehommat,2
Mystine,2
Kansankiihotukselle,2
Kebabkastikkeet,2
Homoseksuaalisuden,2
Lakanoihi,2
Kirjasitte,2
Projektipääliköksi,2
Hernekeittopizza,2
Sotelaista,2
Jauhomäärä,2
Ryyppäysillan,2
Loparin,2
Griefauksen,2
Minunkaltaisille,2
Militaarista,2
Tiedostavuutensa,2
Hajoittama,2
Glacen,2
Z55,2
Maksuviiveestä,2
Vuoroanne,2
Frederikistä,2
Kamuineen,2
Nettipiuhalle,2
Räsäinen,2
Päänsisällään,2
Tilanteenikin,2
Laskivatkin,2
Tuotetasolle,2
Käydähän,2
Kaatopaikkamaksut,2
Osastonsihteerien,2
Porttii,2
Hectorillakaan,2
Yleiskaapelointi,2
Hyrysysyllä,2
Virtaamistaan,2
Osuuskuntatyyppisiä,2
Seurantavuoden,2
Gorbatshoville,2
Valkosenki,2
Matalatuloisissa,2
Hirmumyrskyyn,2
Ukrainalaissyntyinen,2
Julkkisjuoruihin,2
Juorutkin,2
Ennakkokäsitystensä,2
Ukrainalaislähde,2
Kazakhistan,2
Arvostusasteikon,2
Kokalehteä,2
Kutsumusammattissa,2
Turistiporukka,2
Vessanseinään,2
Hermeneuttis,2
Ydinsiilot,2
Poistetetaan,2
Pikkukaupassakin,2
Tg799xtreme,2
Kaganovich,2
Prokofijev,2
Korealaisvähemmistö,2
Kolmantenatoista,2
Mobilisoidun,2
Repästyillä,2
Kynsiäs,2
Käsittelyajoille,2
Cxk2yh5entu,2
Saostetaan,2
Saostamalla,2
Parivuosikymmentä,2
Rahanpesusyytteen,2
Kissemisse,2
Eurofederalistina,2
Biotiittia,2
Tiedotetut,2
Laatupyörää,2
Jollojn,2
Työtehokkuudesta,2
Itämaiselta,2
Muovilätkät,2
Tuhlaakaan,2
Päätösprosesseista,2
Lukitulta,2
Viimesijaisin,2
Stabilisaation,2
Necklacing,2
Ruumispussia,2
Lukutaitoakin,2
Toistakuukautta,2
Paskasivuista,2
Pudottajalla,2
Fuusioreaktorilla,2
Työtaisteluissaan,2
Asevarustelulle,2
Dealbreakereitä,2
Pillerii,2
Suhailua,2
Canvaksella,2
Nytkkisääntö,2
Inflaatiolaskurista,2
Harvuuteen,2
Johtaijien,2
Alhasiin,2
Pölyttämiselle,2
Ksikkia,2
Rangena,2
Hintasissa,2
Perheenpäähän,2
Huikkailla,2
North_crimean_canal,2
Hybriditekniikkaan,2
Vahvistettujakin,2
Konkurssiasiamiehen,2
Sekåän,2
Ihmissaastoihin,2
Selkiydyttyä,2
Haminassakin,2
Kapselitkin,2
Epäraamatullista,2
Ilmavoimaansa,2
Minibosseja,2
Tiiimiä,2
Ikäistyvälle,2
Voltec,2
Venäläisarmeijan,2
Parisuhdeihminen,2
Lapsijuttu,2
Maantieajolla,2
Detroid,2
Mustä,2
Agafia_lykova,2
Optimistejä,2
Falsetilla,2
Kynäää,2
Ilmatiivisti,2
Oleksandrovych,2
Työprofiililla,2
Karmittomien,2
Etupäivystys,2
Sotaakäymättömien,2
Oikikseenkaan,2
Pwesidentti,2
Mahdollisuuksiä,2
Seksiset,2
Piharoskikseen,2
Hyökkäyskohteesta,2
Tsemppiviesteillä,2
Varkaudenestoa,2
Posliinikuppi,2
Koivosto,2
Valituselimet,2
Sutinat,2
Lcczx5i7tp0,2
Brieniltä,2
Koodifirmat,2
Palkkaleikkauksen,2
Alltogether,2
Häirintäänsä,2
Evakuoinneille,2
Ollekaa,2
Dirikkojen,2
84dd,2
6vkoa,2
Tipahtamalla,2
Pulverimaista,2
Haloskasta,2
Kepuloinneista,2
Työmarkkinakentän,2
Lopputokseen,2
Mainostavalla,2
Uskontopolitiikka,2
Tavittaisiin,2
Miehityksien,2
Johtamisasemassa,2
Maahatulokielto,2
Tavjaa,2
Käyöstä,2
Siviilitkään,2
Palaneeksi,2
Eukoista,2
Arvotuskysymys,2
Kadehtivia,2
Rottamiehiä,2
Raijannu,2
Kesärenkaiksi,2
Orjajuhtia,2
Paikallispuolustusjoukkoihin,2
Nuhjuisilla,2
Avainjärjestelmää,2
Keskustelumahdollisuutta,2
Vuorotyöntekijä,2
Exoskeletoneja,2
Yhteisknnan,2
Elämäatä,2
Henkilökuljetuksessa,2
Liitytäänkin,2
Mutustamassa,2
Yritysketju,2
Ohjusarsenaalia,2
Piharempat,2
Hissiremontit,2
Ruskettamaan,2
Pattijoelle,2
Merimaali,2
Peaceen,2
Yhteenottoina,2
Legalistiseen,2
Pääsääntöjä,2
Nykyliberalismi,2
Romantisoimalla,2
Spontaanisen,2
Petraavat,2
Vapautussotaa,2
Raiskaavatkin,2
_uutinen,2
Palveluntuotannosta,2
Umpparit,2
Läksynne,2
Virstanpylväät,2
Ystävällismielisille,2
Ampumavalmiudessa,2
Piirustellaan,2
Juoksulenkeille,2
Sanomanani,2
Rotujalostuksesta,2
Lakanafirman,2
Nettilehdeksi,2
Nettilehdille,2
Puhdistaneena,2
Rauhantulon,2
48d1,2
Tableteita,2
Nettimainonnassa,2
Käytöksestämme,2
Ylivirtasuojaus,2
Klikkihuorailua,2
Rempattavia,2
Kummosemmat,2
Kohduton,2
Ääninauhotteita,2
Paaluttamisesta,2
Pyöristetyksi,2
Kuinja,2
Julkisivurempasta,2
Tavoittelemattomiin,2
Juhasipilöitä,2
Koronapassiksi,2
Rokottajille,2
Leveeltä,2
Diplomaatillekin,2
Tiedotustoimisto,2
Länttäämässä,2
Markkinointikikkoihin,2
Läpimurtoyrityksiä,2
Regiiminvaihto,2
Saarrostus,2
Makkarakebab,2
Siitettyjen,2
Marginaaliryhmistä,2
Tahda,2
Baittailla,2
Palvelusajaltani,2
Juoksuhaudoistaan,2
Kurkaamassa,2
Sisäsivut,2
Väestönhallinnassa,2
Propagandayritykset,2
Vuotajiksi,2
Kohdentais,2
Epämääräine,2
Maksavaaa,2
Läheisyytensä,2
Injektorin,2
Kartoissakin,2
Tšernihiv,2
Uutisorganisaatiossa,2
Toimituksellisella,2
Tutkimallahan,2
Kastroitaisiin,2
Assistweekly1348,2
Seitsämällä,2
Sosiaalikrediittejä,2
Sydänosastot,2
Maksimointiinkaan,2
Verkkopistokkeesta,2
Palikkamallinen,2
Maksimiosa,2
Kustannustehokkuusasia,2
Laivantorjuntaohjuksia,2
Hochlandin,2
Nykysuuntaukset,2
Valutuksen,2
Rainbowiin,2
Muovineen,2
Kiljumisella,2
4ee7,2
Asiointeihin,2
Äidiksesi,2
Kosh,2
Pikselimäärällä,2
Menestyksestäkin,2
Tutkinnonosa,2
Arkistointitunnuksen,2
Malliimme,2
Asymmetrisessä,2
Menostakin,2
Miehetkää,2
Luopuneissa,2
Paperilippua,2
0b3du_3o66psmu1nqx1n2s25ia28,2
Ylemmyydentuntoasi,2
Työmarkkinaosapuolista,2
Isvn,2
Ambivalence,2
Hitlerite,2
Ukrainization,2
Rossotrudnichestvo,2
Memorials,2
Kokkikartanolla,2
Apuaukrainaan,2
Ummistamisesta,2
Zaporizzja,2
Säilytysajalla,2
Herkullisina,2
Uuspakanismi,2
Uhkailtavissa,2
Asiantuntemusalueeseen,2
Ideologiesti,2
822f05d6,2
377d,2
Bffb,2
2197198e41b0,2
Pienipalkkasissa,2
Velotuksilla,2
Rekryissään,2
Soisissa,2
Kiinabisneksiä,2
Ryöstösaaliit,2
Käyttääksemme,2
Meeminteko,2
Ilmatiiveyttä,2
Konsolipelaajiin,2
Stealthi,2
Hyödynnys,2
Konsultoitavissa,2
Polttoainekuljetukset,2
Neuvolantädin,2
Suolojakin,2
Elostani,2
Klikkihuorausotsikoista,2
Muutosverokorttiin,2
Valmisannoksia,2
Nielastu,2
Vslitettavasti,2
Jätevirtojen,2
Pohjavesitutkimusta,2
Teket,2
Bellincat,2
Saunotti,2
Huoltosuhdepommi,2
Purnukalla,2
Merkitsemis,2
Piinkovalla,2
Lihasuikale,2
Hygieniatasoon,2
Säilyvyysaikaa,2
Täsmäiskuun,2
Tupakkamainokset,2
Kastikemuodossa,2
Elastisesti,2
Bezzerwizzer,2
Lasinpesunesteellä,2
Salaliittohihhuleiden,2
Saumauslämpötila,2
Varallisuuttamme,2
Ikuisuuslainoja,2
Persuhenkisiä,2
Löpsis,2
Puhaltelivat,2
Toennäkösesti,2
Väestövakioitu,2
Kunnaliselle,2
Tajulle,2
500x401,2
Emc1pqlwmaa5,2
B6tiedostot,2
Tanssimistakaan,2
Inventaarioo,2
Potilasturvallisuustilannetta,2
Vallottaan,2
Somekäyttäjien,2
Myöhäiskeskiajasta,2
Peilauksen,2
Pakkausmuovissa,2
Ritualisoidusta,2
Pohjasyyt,2
Hauskaki,2
Upottaakin,2
Kkden,2
20pysynyt,2
Langanpaksuudesta,2
Taktisuutta,2
Länsijohtajilla,2
357a3so9cbsnfbbgfyacgvxxs6tmadoa1p,2
Livetapahtumiin,2
Vinyylilevyihin,2
Turistiripulin,2
Myontama,2
Uusityöntekijä,2
Propagandakoneistoineen,2
Tötöilet,2
Lisäsakko,2
Europuoluetta,2
Lasis,2
Kausityöläiseksi,2
Köyhääkään,2
Suomirahastoa,2
Nipottaisin,2
Nenäkkäälle,2
Rahanpesulainsäädännön,2
Opiskelijaboxissa,2
Aikeeksi,2
Rastapehko,2
Ilmaiseekin,2
Tarjoomisen,2
Vihollistoimi,2
Sileämpää,2
Maahantuloprosessi,2
Skodalle,2
Mikroruoan,2
Ateljeet,2
Sijoituskultaa,2
Kivihiilikasaa,2
Apulaisprofessorilla,2
Erillistaloon,2
Kipurajaan,2
Sopiakaan,2
Tunnelatautuneesta,2
Läpikäyvälle,2
Nimimerkkii,2
Tunteitaa,2
Itseaiheutetuilta,2
Pakkaajien,2
Baring,2
Perustarpeisiinkin,2
Doktriinikin,2
Välttelevälle,2
Nettihuumoria,2
Miinanraivaajan,2
Dieselautonsa,2
Ydinvoimapelkoa,2
Päästäämään,2
Suomalaisomistuksen,2
Sovitettuina,2
Printtailet,2
Nyrkinkokosia,2
Kirjaseksi,2
Repäisemäsi,2
Hiilivapaasuomi,2
Patogeenisten,2
Kielilävistyksen,2
Palvelusasuun,2
Työeläkeläisiltä,2
130me,2
Psykeelle,2
Communityihin,2
Jalostettavien,2
Tuhokoneistossa,2
Hävittäjähankinnoilla,2
Valitsemattoman,2
Hunnilauman,2
Erottuupa,2
Minimalisesti,2
Näytönohjainsukupolven,2
Pesispeliä,2
Valtionmedioissa,2
3kymppinen,2
Palkkattiin,2
Sisäviljelty,2
Lisätilalla,2
Epätyytyväisenä,2
Yhteinäisiä,2
Pidäkkeestä,2
Kirkkaanakin,2
Pöhinäkulttuuria,2
Maapähkinävoikastike,2
Osinkotulovero,2
Asumisoikeudet,2
Kookkaiksi,2
Normaalikokoiseen,2
Kuormaautossa,2
Kaasuntuottajana,2
Joukkoona,2
Hirmotekoja,2
Näpertelytyö,2
Kolminaisuudelle,2
Vähäkulutteisella,2
Hautajaistilaisuutta,2
Toudellakin,2
Tehoviljelystä,2
Fatbikeistä,2
Kirjotetuilla,2
Halvimmaks,2
Sivilejä,2
Itsekeskeisyytenä,2
Kostroma,2
Toimittajapuolen,2
Alkuarvion,2
Toiveikkaisiin,2
Leveyksistä,2
Venäläisviranomaisille,2
Esikeitän,2
Sytytysapuna,2
Ennätysvoiton,2
Sähköläskejä,2
Kiivihedelmien,2
Kioskitkin,2
Asiakasvirroista,2
Tuntiarviot,2
Kyydittiin,2
Kuvaavammasta,2
Ihmiskuorma,2
Hovihankkijaa,2
Mielyttävillä,2
Matkustajajunan,2
Omapainosta,2
Detaljimpaa,2
Kooditermi,2
Jahtaajilta,2
Lekottelun,2
Pyörintävastus,2
Yksinvaltaisuus,2
Strongmanien,2
Laventamisen,2
Synnyinvuoden,2
Grammasen,2
Kohkaako,2
Vihapuhelainsäädännölle,2
Parannustöitä,2
Lakitieteellisessä,2
Siivuiks,2
Boryspilin,2
Valmisruokapakkaukset,2
Hhvän,2
Pörissyt,2
Kokemusken,2
Venymisistä,2
Velkasuossa,2
Mahalaskut,2
Lastenannosten,2
Kurvailu,2
Arkipäiväistyi,2
Harratuksena,2
Budjettiylityksistä,2
Dekadentista,2
L_afhrzsbrm,2
Sijoittalta,2
Ottokalustona,2
7w4rg3ucsgi,2
Mielipuolisuuteen,2
Lätisen,2
Kykenetkin,2
Ceeveineen,2
Testikeissiä,2
Ilmavoimillakin,2
Dronejakin,2
Saudiarabialaisella,2
Kasvuyhtiöstä,2
Velkaeriä,2
Maksurahaa,2
Väitelläkkään,2
Theoffice,2
Ohituspaikkojen,2
Ilmasuudesta,2
Vongu,2
Tietopalveluna,2
Edellyttävässä,2
Hirmuhallitus,2
Sivistymättömältä,2
Pitäiti,2
Hintalapulta,2
Psyopin,2
Asunnossanne,2
Veemäisyyttä,2
Suostuakaan,2
Vastiikkeetta,2
Meritullinkadulla,2
Wifebeateriin,2
Ajokiksi,2
Panostukselleen,2
Pastalevyjen,2
Ärsyttäisivätkin,2
Suurusteet,2
Bbs01,2
Käytetyty,2
Tuhoavalta,2
Teapots,2
Supertarjousta,2
Käräjätuomioita,2
Indeksileikkuri,2
Eläkeaikaa,2
Suostuteltava,2
Yrtt_2019_2020,2
Firmwarella,2
Tytärlevy,2
Audiokamaa,2
Käräjäsihteerillä,2
Hiekkapimppejä,2
Varakaasusta,2
Siperiantiikereitä,2
Aloittelijaystävällisempi,2
150a,2
Metalliämpäri,2
Palosuoja,2
Laksua,2
Hikkoja,2
Digiasioiden,2
Työkäsineitä,2
Konvertterin,2
Ruokarahasta,2
Reaaliajasta,2
Pisaroitaan,2
Yksipuoleisuudesta,2
Painetilanteessa,2
Tolkuntonta,2
Leukaluihin,2
Modernitaide,2
Purserina,2
Maksuhäiriömerkintäisen,2
Porulta,2
Askarteluliima,2
Yksittäisluovutuksia,2
Velkasuhteena,2
Työaikajärjestelyiltään,2
Vakuutuksenlaista,2
Parantavassa,2
Jaksotetun,2
Auttamina,2
Vihkolla,2
Luulevatkaan,2
Luottoehtoihin,2
Verkkojohdolla,2
Hitsanneena,2
Ajanmukaisemman,2
Pitimessä,2
Asenolla,2
Lainsoveltamiskysymys,2
Puikkohitsi,2
Kaasunhinnan,2
Nostalgiaharha,2
Leimahtaakin,2
Puikkohitsari,2
Commisioned,2
Rauhoittelijat,2
Rauhankyyhkyt,2
Luottotietomerkinnällä,2
Osakesäästäjää,2
Yhdysvailtojen,2
Taitekohtien,2
Karhennus,2
Maksulaiminlyönnistä,2
Luottosopimuksessasi,2
Lakkautettiinkin,2
Laatulupausten,2
Stingrays,2
Hilat,2
Froniuksen,2
Lankakoneella,2
Maanpuolustustahdoista,2
Pätevyystasolla,2
Täytelankoja,2
Ruuistakin,2
Sukkaparista,2
Puutettakin,2
Jemassa,2
Hostelleita,2
Kirjottaakaan,2
Perustoiminnallisuudet,2
Kurittajaksi,2
Huitelua,2
Sumutinpulloon,2
Hermopäätteiden,2
Nuolennan,2
250a,2
Sotakelpoista,2
Pipana,2
Lirpaketta,2
Metsästysrikoksesta,2
Sulanapitokaapelin,2
Asioija,2
Adelet,2
Pikavippikorkoja,2
Tinkimis,2
Maksuhaluttomuudesta,2
Hetkettäisen,2
Hukkareissua,2
Matkakaiutinta,2
Kiinaversiot,2
Qualcom,2
Qcc3008,2
Kilpailevistakin,2
Tulivoimaiset,2
Ainiinjuu,2
Liittymäkaupassa,2
Kausivaloille,2
Leipäveitseen,2
Hivelystä,2
Lukashenkokaan,2
Kesälomarahoista,2
Induktioliedetkin,2
Läpykkä,2
Pyykinkuivaustelineitä,2
Tingannu,2
Rikastakin,2
Maisemaikkunat,2
Lukeneesta,2
19000e,2
Normihuoltojen,2
Tarkottaisko,2
Eläinlääkärikustannukset,2
Käytössäolevasta,2
Itsehoitovinkkejä,2
Huonekaluketjut,2
Keskustelujesi,2
Supertarjoukset,2
Ylirasitustilassa,2
Mafioina,2
Juustokimpale,2
Tingattiin,2
Kansanmurhahyökkäys,2
Poikuuttani,2
Basements,2
Boilers,2
Aikuistuessasi,2
Orbaneille,2
Koiratappelun,2
Sarvimakaroni,2
Rataverkkomme,2
Älypuhelinvalmistajat,2
Bayraktarista,2
Epärehti,2
Työttömyysongelmiin,2
Johdollisessa,2
Downvotetettavaa,2
Kabineiteissa,2
Polttavissa,2
Valvontafirmalla,2
Kutsumusduuni,2
Edenneissä,2
Poisssulje,2
Kiinanpaskan,2
Vellomasta,2
Siviilirekisterissä,2
Maksuhäiriörekisteriä,2
Vatulointinsa,2
Ulkotarha,2
Tyhmäilty,2
Akunhallinta,2
314e,2
Klimppiytyy,2
Talella,2
Vaahtosammuttimien,2
Väärinkäytösriskiä,2
Spinnattaisi,2
Lähiaikaiset,2
Haxattu,2
Menopaluut,2
Logiikallesi,2
Hipsterikahviloita,2
Bussiinsa,2
Kesälomakohde,2
Aivokopassaan,2
Kinasteltaisiin,2
Varmistuksilla,2
Huoltiksilta,2
Tukemattomuuteen,2
Vapohan,2
Vähenemää,2
Perhekuvaus,2
Ulkokoirat,2
Sidonnaisuusrekisterit,2
Anoma,2
Perusosien,2
Järeämmistä,2
Sekoilijoilta,2
Järjetelmän,2
Lainanmyöntämisistä,2
Hippikommuunia,2
Kulutusverotuksella,2
Hankalampiinkin,2
Avaamisoikeus,2
Sotilasteknisiä,2
Mourunnut,2
Koirakuolemista,2
Eläinrakkautta,2
Ostoilmoituksessa,2
Sijoitelleet,2
Eroavalta,2
Uhrejasi,2
Ammattidieseliä,2
Johtopätös,2
Äänestysluvuilla,2
Harkkapaikkaan,2
Hinan,2
Newsweekillä,2
A0b2,2
Tarkastamattomana,2
Puolalaisuus,2
Embargoon,2
Lorotettua,2
Vankilennot,2
Jösenyyttä,2
Papereistas,2
Vakuutuksestakaan,2
Näppäryytesi,2
S1200b,2
Mykolajiv,2
Завели,2
Mansikoissakin,2
Vuorovaikutustilanteesta,2
Reaaliresurssien,2
Picha,2
Lwc,2
Brittilarppaus,2
8e31,2
4e63,2
Merkkilisän,2
Dq_ujlvw4aa3um9,2
Lämpövarastoilla,2
Päänsärkymme,2
Känseliä,2
Hyökkäysliitossa,2
Kaivataakin,2
Naapurikielestä,2
Murkulaan,2
Markomihkelson,2
Kauppakumppanistamme,2
Petits,2
Kalustettiin,2
Maanpuolustustöihin,2
Perusmuodoksi,2
Valoaan,2
Kaupunkimatkalle,2
Elintasokustannuksiin,2
Turvallisuusavusta,2
Piiskaamiset,2
Säästöpossuilla,2
Ansiosidonnainenkaan,2
Lähentelyksi,2
Tavuttaessa,2
Persoonallisuushäiriöidensä,2
Tautiaaltoja,2
Kyseisesessä,2
Auktoritäärisistä,2
Käsikaasut,2
Surumielisen,2
Huolilleen,2
Turnipsin,2
Orgioille,2
_stonks,2
Hyperkorrektiota,2
Kokkaavalle,2
Jauhoisin,2
Yönäkökiikarit,2
Paiskaavansa,2
Kahelkymmenel,2
Kuiskita,2
Jäännöslopukkeen,2
Koronanjälkeiseen,2
Puhekieles,2
Lavertelisi,2
Zvckj5b9nz8,2
Extrakulu,2
Kenttämuonaa,2
Päänkatkaisuvideot,2
Lähimetässä,2
Epäselvemmistä,2
Vaapaehtoisesti,2
Vuojoen,2
Veriläikkä,2
Torjumaa,2
Revitistä,2
Kummitustarina,2
Himangan,2
Ystavystyi,2
Kylytti,2
Toimitushinnoilla,2
Putsautuu,2
Valkolan,2
Virtsaputket,2
Sekopäisemmäksi,2
8d41,2
Teetättämällä,2
Koronatouhuja,2
Lyöttä,2
Yläkerroissa,2
Kallos,2
Auttelivat,2
Käänteissään,2
Elenskyi,2
Sakaraisen,2
Enäjän,2
Höykätä,2
Hoofed,2
Kytkeytyvässä,2
Salatunneli,2
Kokkolanteatteri,2
Kävijöillekin,2
Pippelii,2
Rivisotilaaksi,2
Vakiokikka,2
Palkkajoustot,2
Pyöräks,2
Herätitte,2
Syyshämärällä,2
Klikkaappas,2
Kakkaleikkejä,2
Seikatkin,2
Asuttaneen,2
Rapilla,2
Kanttarelliksi,2
Verenseisauttaja,2
Jalostomoiden,2
Kettoo,2
Tykitää,2
Merkittävämmätkin,2
Perillisiäkään,2
Kinkshame,2
Sybianin,2
Stalkkerista,2
Erilaajuisia,2
Ainereserviä,2
Metsätilkusta,2
Polttoainerekkoja,2
Metsästysalueelta,2
Vastarannankiiskeksi,2
Kirjoitustarvikkeet,2
Maailmsta,2
Mulkaistaan,2
Broidii,2
Mooseksenpalavapensasta,2
Finderissä,2
Tuojottanut,2
404ään,2
Vanmoofin,2
Pikatoimituksen,2
Munasyndit,2
Otsalohkorappeuma,2
Takapillu,2
Metsäks,2
Tikuilta,2
4ea6,2
Sähkövioissa,2
Energianmyynnin,2
Liikakalastettua,2
Estottomaksi,2
Antiliberalisti,2
Siivettömälle,2
Houkuttavuudella,2
Ohjuskilveksi,2
Halauskulttuuria,2
Suklaapavuista,2
Ntena,2
Adrenaliinipiikkejä,2
Pöristä,2
Kärkitilastoissa,2
Kokonaismatkassa,2
Sinimultahallitus,2
Skannerien,2
Pirteämpää,2
Kuntoisuuslomapäivä,2
Tapolaa,2
Rappusi,2
Puumamummo,2
Dt7bx,2
B1mg,2
Snapmaker,2
Virtuaalipeniksen,2
Eleettömän,2
Naapurikaistalta,2
Laiminlyönneen,2
Ajanvaraustakin,2
Kuntoisuuslomien,2
Vauhtierolla,2
Hiustenkuivaajahan,2
Etelävaltioden,2
Kylppärissähän,2
Ruuissahan,2
Täyspakkausmarssi,2
Hävittäjäpilotti,2
Pussittivat,2
Karvanpoistolaite,2
Erimerkkisen,2
Kruununjalokivistä,2
Bordellilaitoksen,2
Perhefarkkuja,2
Sotapakolaisen,2
Naisekseen,2
Mieskuskin,2
Arvoväitteet,2
Suhmuroivien,2
Cyberhyökkäyksestä,2
Vuohelle,2
Suoriutuvani,2
Hoitamme,2
Itsekäskin,2
Suunnattomissa,2
Provosoitumisesi,2
Makolan,2
Isomunaiset,2
Sporttiauto,2
Sanallaakaan,2
Nykytöissä,2
Esihenkilöasemaan,2
Sijoitusleirien,2
Huippueläkkeitä,2
Henkilöstövajeiden,2
Työehtosi,2
Merikäärme,2
Tyyppitapausta,2
Fiatti,2
Katastettu,2
Kyrvästään,2
Lumenpaskaa,2
Kyllastyttiin,2
Henkilostopulaan,2
Tayttyivat,2
Schott,2
Vuosikymmenneen,2
Milleniaalisukupolvien,2
Vahtimana,2
Potilaidenhan,2
Salamavaalien,2
Vellonutta,2
Tykityksellään,2
Alkuhujakoilla,2
Pöpövainoharhaisia,2
Kommenttejaki,2
Seinänraossa,2
Kansallisruokia,2
Ateriain,2
Vakkarikin,2
1a5ea127,2
Afc4,2
B36c69a9026f,2
Hämäräporukoita,2
Kaupankäyntien,2
Lastenvaunulla,2
Saarnanneen,2
Sheikkaan,2
Reppufirman,2
Equitystä,2
Häftig,2
Hotades,2
Laskutettavalla,2
Alkuperäissarjat,2
Irpen,2
Menovesiä,2
Asuinkeskuksien,2
Heikkovoima,2
Kärpäsenkakkoja,2
Survaisu,2
Ruksimisesta,2
Manageeraamassa,2
Ammatiksenikin,2
2c137,2
Henkilöstöongelma,2
Kieltomuodossa,2
Esoteerisempaa,2
Vuosikauden,2
Varustautumalla,2
Vuotiaasti,2
Tötöiltäisiin,2
Ylläpitosiivoukset,2
Somekanavilta,2
Kiinnoosta,2
Aamutyö,2
Puolustelemaankaan,2
Paskaisimpia,2
Epätevä,2
Tahdikkuudella,2
Yksittäishintaan,2
Kakkosgolffi,2
Paskapytystä,2
Pippurisumuja,2
Kauppalaivoilta,2
Ammuttujakin,2
Olympiamestari,2
Ylityövuoroissa,2
Taksikoppeja,2
Liitollaan,2
Nuorisorikollisena,2
Keikkalaisista,2
Kertoviksi,2
Nauruist,2
Maksimitulosta,2
Peruskansalaisesta,2
Sotaoperaatiot,2
Raaistuvan,2
Mukaviisas,2
Yököttäny,2
Liberaalipaskaa,2
Pukeutumistilaan,2
Peseytymätön,2
Maineessaan,2
Sanoituksessaan,2
Vahaamista,2
Palkkasummassa,2
Ilkeitten,2
Johtamisrakennetta,2
Paukautan,2
Lukittumisen,2
Insinööreillekään,2
Samansuuruisilla,2
Hoitopalveluja,2
Brocialist,2
Esimiesjohtamiseen,2
Gvozdika,2
Väiiä,2
Korvailemaan,2
Pirautettu,2
Nallipyssyillä,2
Hintataulu,2
Pelituolille,2
Ylistettu,2
Toimistotyöllä,2
Kuulapyssyillä,2
Professoritasolta,2
Laudanpätkistä,2
Puupyssyt,2
Tienattaviin,2
Lisäpohjaisia,2
Hormoniohjattu,2
Biomekaanisista,2
Valtapositioihin,2
Tyyppäsin,2
Kansanjoukoissa,2
Rauhanpuolesta,2
D3d,2
Perdon,2
Rakentamiansa,2
Ikkunanhallinta,2
Lokalisoin,2
Inkscapea,2
Tietomallit,2
Intensifieras,2
Taksalaitteisto,2
Sovelluspohjainen,2
Jättiläisvaalit,2
Surkuhupaisammaksi,2
Höpläytti,2
Lokamaan,2
Zaefhgfas,2
Syvänolennon,2
Ylipainoisellekaan,2
Lakerikengissä,2
Damaskoslaiset,2
Riippumattomatta,2
Rottaryhma,2
Paatoksista,2
Rottaryhmä,2
Jääkiekkoilulle,2
Posrkuttaa,2
Junnuasiasta,2
Europelaajia,2
Forgeonline,2
Mätäpoliisien,2
Homoparat,2
Elämäntapabsa,2
Sanakirjamääritelmällisestä,2
Mxrtpmb,2
Mtfj0lu,2
Roomalaiskirjettä,2
Ruokakorivertailuissa,2
Karkipaikka,2
Pussittomat,2
Luostaripretanodon,2
Orjuuyta,2
Julkaistukseen,2
Defiant,2
Dfwxeue,2
Bolshevisation,2
Tiedolliseti,2
Pääkallojensa,2
Ain07d,2
This_is_cry_for_help,2
Kitisemää,2
Ylese,2
Opastamine,2
Kanapaskaa,2
Pirirahaa,2
Aadamille,2
Lukuvalona,2
Osterikojusta,2
Hermota,2
Feikkinimissään,2
Ydinvoimantuotannossa,2
Paskahömppädraamaa,2
Biofaktaa,2
Sortotieteistä,2
Kaksospareilla,2
Parodiakirjoituksia,2
Autetaankunvoidaan,2
Mielari,2
Vastakkainaseteltiin,2
Dejargonisoisi,2
Valtiomahtiin,2
Velkomusasioiden,2
Taksihintaindeksi,2
Korinttolaiskirjeet,2
Vihervasemmistosalaliitot,2
Vihapuhevero,2
Aloitusargumenttiasi,2
Kemikaaliaalloilla,2
Lastenoikeusajattelun,2
Omistajaasi,2
Perisyntistä,2
Huuhaakategoriasta,2
Klotriptyliä,2
Tosiasiapohjaisen,2
Kykypuheen,2
Sukpuolentutkimus,2
Radikaalifeministiainesta,2
Värittääkseen,2
Alikategoria,2
Planeetallakin,2
24df21e5042f4b609f98a6807a5f4b67,2
Peluuksi,2
Analyysikyvykkyys,2
Henkilöjohtajaksi,2
Faktakeskeinen,2
Anaalyysikeskeinen,2
Luottohenkilöistään,2
Meriitinkeräysmahdollisuuksia,2
Innottomasta,2
Sylkäseen,2
Tasahyötyinen,2
Tasahyötyä,2
Transhumanismissa,2
Dystopialaaksoon,2
Mansikkamehukin,2
Myötäsyntyisiä,2
Natsivallankaappausyrityksen,2
Somehistoriaa,2
Ympärysvallatkin,2
Oliivinvärisiä,2
Raivouhriutui,2
Raudantuotannosta,2
Isolationisminsa,2
Kolmoisentente,2
Mereltäkin,2
Hyökkäysvaiheessaan,2
Sodankaynnista,2
Rusettiratkaisuja,2
Suosikkilimun,2
Tuotepaallikko,2
Adoptoineita,2
Kostomielelle,2
Saksalaistan,2
Kansanmurhansodan,2
Laajamittaisenkin,2
Kansallistunteensa,2
Ihmishengiltä,2
Bulcin,2
Aiheuttaneina,2
Viihdekulttuuria,2
Wellintentionedextremist,2
Väestönvaihtofantasioista,2
Syrjäytyminenkään,2
Päädymmeko,2
Poliittisiille,2
Mielipidefiltterillä,2
Ajatusrikoslainsäädäntönä,2
Ziwawrhehruboa,2
Ziwawrhehruboa_,2
36294ukaeyqm,2
Gif_humalajuominen,2
Karikatyyriversio,2
Islamisoitumisella,2
Yliherkkänahkaisuus,2
Todistustaakkajutulla,2
Sammaloituneeseen,2
Hommassakaan,2
Fj0cfwb,2
Sovelluskieli,2
Vientimyyjäksi,2
Sovellusarkkitehdiksi,2
Lisääntymispuuhiin,2
Syrjäisempänä,2
Pienpalkkaisille,2
Päivystysjonossakin,2
Valtimoverenvuoto,2
Yrittäjävuosistaan,2
Ilmaisunvapaudestaan,2
Eläköityneideen,2
C2tb9p,2
Tilavuusyksikköä,2
Pueissa,2
Lehdestys,2
Ongalmaan,2
Luottovisan,2
Motivaatioansa,2
Työllisyystarve,2
Vartijako,2
Leuankaan,2
Vaahtosuisista,2
Rasistirajakeille,2
Sumutteleen,2
Johtöpäätöksiä,2
Venäläislehden,2
Kansallisromantikot,2
Neurokirurgisissa,2
Liukuhihnaleikkauksen,2
Shampagne,2
C6u0z6i,2
Duskunnan,2
Vaeltavimman,2
Lta4h,2
Vaginaseksikin,2
Ulosliuskahduksia,2
Huolistuttiin,2
Swits,2
Yksinelättäjäksi,2
Minimipääomaa,2
Symbolosoi,2
Sieluntutkiskelun,2
Ponttoonilla,2
Kasvatuskulttuurille,2
Massalisääntyminen,2
Keskimanageri,2
Rutiinipäätös,2
Pyramidihuijausmaista,2
Muurahaisenkusi,2
Konktekstia,2
Pankkiirikirurgit,2
Ankeauttakaan,2
Muurahaisenmunia,2
Nousujuhlat,2
Postipisteestä,2
Banaanilastut,2
Ulosmyyty,2
Pidp446722512,2
Kohdistettavana,2
