Itsevarmoiksi,4
Olkiukkoargumentista,4
Kertomuksiinsa,4
Yksinumeroisen,4
Näätkin,4
Järjestelynsä,4
Ravintolahommiin,4
Kaapeliliittymä,4
Automekaanikkona,4
Feministiyhteisöissä,4
Täyspakkausta,4
Kelpoisuusluokan,4
Painotaloa,4
Redditoreihin,4
Tulostivat,4
P9yruqm1ggc,4
Kenttäänsä,4
Kiilusilmäisen,4
Nesillä,4
Backmaniin,4
Realmsissa,4
Rakastettuun,4
Jäänestä,4
Kafubun,4
Rakettikirurgin,4
Fiksautunut,4
Perusteltavissakin,4
Vartiointityöntekijät,4
Yritysomistuksia,4
2c3,4
2c9,4
Repia,4
Bugiseksi,4
Naurettaavaa,4
Catalytic,4
Saunanlämmittäjän,4
Reiätkin,4
Hessin,4
Nahastaan,4
Tuhotakseni,4
Avuntarjoajia,4
Tunaroinnillaan,4
92g,4
Kustannustekijöiden,4
Typo3temp,4
Juonikuviota,4
Polttoainesauvoihin,4
Tukekoon,4
Shutterstockissa,4
Työosuuskunnan,4
Teollinentuotanto,4
Markkinakorkoja,4
Matkustamisensa,4
Sotaväelle,4
Pohjanlahdesta,4
Työntekosi,4
Tasalaatuisempia,4
Paluuehto,4
Katastrofileffa,4
Kalaöljyn,4
Traumatisoimana,4
Anonyymiuden,4
Kehumasta,4
Baswaren,4
Häveliäisyyttään,4
Nauhottamassa,4
Vaitonaisena,4
Ansiopaivaraha,4
Bcbits,4
Headsettiin,4
4dnq43,4
Suunnittele_uusi_snoo_,4
A4rsuomelle_my,4
B6s_linkkej,4
Suomiredditti,4
Ylikuumentuneilla,4
Käännynnäisen,4
Kännykkäliittymästä,4
Purskeina,4
Silviissiin,4
Youd,4
Pukkasin,4
Luotottajan,4
Etyylialkoholin,4
Kysessa,4
Lineaariselta,4
Sylkiessä,4
Nipistely,4
Remulta,4
Puitaan,4
Destiaksi,4
Finnpilot,4
Erehdyksissään,4
Koskeneissa,4
Konkurssipesät,4
Matalariskistä,4
Katastrofeille,4
Spessuu,4
Vittupäisyyttä,4
Kustannussyiden,4
Downloadia,4
Kuluttajat_ja_markkinat,4
Hankintayksiköstä,4
Energiaitsenäisyyttä,4
Yhteysnopeuden,4
Tullat,4
Polkuriippuvuuden,4
Turbulenssissa,4
Työkkäreihin,4
Maahanmuuttajavastaisen,4
Odotamassa,4
Puhelinpiuhat,4
Liputtajat,4
Reagointinsa,4
Toimitusaikataulusta,4
Kohdallla,4
Piiloteltuna,4
Sulautettava,4
Vastaanottokyky,4
Kiekkojaan,4
Siger,4
Vaalipiiriinsä,4
Arttikelin,4
Leafillakin,4
Täyteaineet,4
Kirjoitushistoriaasi,4
Musulmaania,4
Vaeltavien,4
Henkilötarina,4
Alasuutari,4
Swedenreport,4
Keskusteluaiheiden,4
Turvauduit,4
Denoting,4
Vakoilijaa,4
Silmäilty,4
Epäeettista,4
Kretiinejä,4
Akkurat,4
Purkajia,4
Kevarillakin,4
Valmistuskapasiteetin,4
Creekin,4
Jumputtamassa,4
Kierrätettään,4
Emigranttien,4
Päälekkäisyyksiä,4
Dubstepistä,4
Kulutetuilla,4
Toisenvärisiä,4
Polttoainepumppua,4
Raippaveroilla,4
Värkkäilyä,4
Testosteronilta,4
Karvalakkimalliin,4
Odottaakseen,4
Omistamis,4
Turvapaikanhakijaryhmien,4
Huivittomia,4
Vastaanottajamaata,4
Shunned,4
Taitetut,4
Sosiopatiaan,4
Räkivä,4
Loppupistettä,4
Liikennesakkoja,4
Polttoainemittari,4
Käyttösäteen,4
Matkanopeudesta,4
Reply_comment_id,4
Hinnoitteluista,4
Henkilöstörakenne,4
Liitoksilla,4
Merkitysjärjestelmä,4
Pörssiosakkeista,4
Laajentuisivat,4
Nyökkäämään,4
Nakyvyytta,4
Shitfinnssay,4
Poliisimieheltä,4
Perähikiöistä,4
Sijoittavalla,4
Tarttuisikaan,4
Pakolaisryhmää,4
Tasapohjainen,4
Sushibuffettiin,4
Profetoimaan,4
Alttein,4
Tunkannut,4
Sushipaikassa,4
Layerissa,4
Ylihinnoiteltujen,4
Tuotantokausilla,4
Finanssialasta,4
Työparista,4
Itämurteisiin,4
Vitsilläkin,4
Mikrobikasvusto,4
Jynssäämistä,4
Jaavuoren,4
Filis,4
Ämpärini,4
Huippupalkoista,4
Dysfunktionaalisessa,4
Moottoripyöräkerholaisia,4
Topstories3,4
Syyrialaispakolaisia,4
Wordejä,4
Viikkotuntimäärän,4
Voimiakin,4
Hiilidioksidipullo,4
Säädäntöihin,4
Muuttamiselta,4
Palvelumaksujaan,4
Loppuunkäsiteltynä,4
Kiinnityssysteemi,4
Kiertokeino,4
Päivinäsi,4
Mielenvikaisuuttaan,4
Värähteli,4
Blaine,4
Keskusteluusi,4
Keskipakovoima,4
Selkes,4
Telttailessa,4
Isommastakaan,4
Downvotatkaa,4
3dq0ph,4
Ravintolaarvostelu_vol_2_kujan_brunssi_helsinki,4
Testosteroonin,4
Tutkintakynnyksen,4
Hääränneet,4
Alkana,4
Tekijältään,4
Hiilihapotus,4
Sähköiskuilla,4
Ärsytyksenä,4
Torre,4
Taksipalveluun,4
Infroista,4
Kermaisessa,4
Turvallisuushaittaa,4
Vuoristoradoista,4
Epäonnistujiin,4
Sturenkadulla,4
Porisevat,4
Toimintaterapiaan,4
Kartellihinnoittelun,4
Punaniskoille,4
Veijjari,4
Keskinopeusvalvonnan,4
Autenttisista,4
Tullukin,4
Raasulle,4
Hukuttautumalla,4
Työharjoittelussakin,4
Muniakin,4
Panostanutkaan,4
Kohdefirman,4
Tuntisopimuksia,4
Stockholm_syndrome,4
Ymmärretyin,4
Pikkuyrittäjät,4
Palkkausriskiä,4
Tunnepohjaisten,4
Skrivasin,4
Nähteet,4
Asiakasyrityksiä,4
Subiinne,4
Poliisijoukot,4
Pikkukämppä,4
Kertahankinnat,4
Minimitukia,4
Vakipaikassa,4
Virkamiestehtävissä,4
Epäterveemmäksi,4
Leimataankin,4
Oleskelevaksi,4
Heräämiseksi,4
Lämmitetyillä,4
Järjestemässä,4
Punastuvat,4
Tasapäistämis,4
Kaihtavan,4
Leikeille,4
Kääntöpaikkaa,4
Lahjakaampi,4
Unredditin,4
Ghettoutumisessa,4
Toimintaprosessit,4
Metallitanko,4
Filtteriltä,4
Käyään,4
Ilmoittautuneesta,4
Vain_osan_ika_testataan_valtaosa_alaikaisena_turvapaikkaa_hakevista_on_alaikaisia_66998,4
Eläinsuojelussa,4
Eriteltäisi,4
Kirjauduttaisiin,4
Metelöimässä,4
Yksityisopetuksen,4
Kustannussäästön,4
Ulkoishyötyjä,4
Hengitysongelmiin,4
Suomimiehiä,4
Tornberg,4
Därifrån,4
Feminismissäkin,4
Saamattomasti,4
Soittotuntien,4
Hevonvitunkaan,4
Polttoainetankkeihin,4
Nykytuotannosta,4
Elimiensä,4
Nimenomasessa,4
Keskustelupuuhun,4
Konttoriverkko,4
Empiiriseltä,4
Kassatätien,4
Lisenssinsä,4
Tukipäätöksessä,4
Irtaantumiselle,4
Naisjohtajiin,4
Uskonmies,4
Klähmiä,4
Pyramidikusetuksen,4
Infantiilisti,4
Punakallio,4
Työelämälähtöisyyttä,4
Humputukseen,4
Kasvusopimuksessa,4
Bruttovelka,4
Rauhoitetuksi,4
Subliminaalisia,4
Lennätettyjä,4
Ajantasaisella,4
Atrioisen,4
Optimoija,4
Oikaisupyynnöt,4
Ubt8qbdz0ga,4
Eläinkuolemia,4
Työllistyjä,4
Paahtoivat,4
Pöytätuuletinta,4
Cooppia,4
Vedoksesta,4
Modetoimi,4
Gallen_kallela_the_aino_triptych,4
Pilkutettu,4
Laponnut,4
Yrittäjiks,4
Lisäiltyä,4
Viriketoimintaa,4
Hommahomot,4
Elinkeinotoiminnasta,4
Kunnaneläinlääkäri,4
Tilalliselta,4
Katkerissa,4
Armahtamiseen,4
Työttömyyskierteen,4
Moranin,4
Refrained,4
Lapsukaisista,4
Issuers,4
Keikkaamalla,4
Vaatekoot,4
Edistäny,4
Värioppia,4
Linjathan,4
Maanpäällisiin,4
Kohtalos,4
Vivuttamalla,4
Tuotteis,4
Akphoto4,4
Tippuakin,4
Ylläpitävillä,4
Hyvänmaun,4
Patronen,4
Alitajuntaisella,4
Tuotantoteollisuuteen,4
Kynttilätkin,4
Satuhahmot,4
Siloittelee,4
Lisäpöytäkirjoineen,4
Lääketiedekään,4
Koluamista,4
Tietynlaisesti,4
Verkkoneutraliteetista,4
Sonerassa,4
5hengen,4
Kaartilta,4
Rubens,4
Romuiksi,4
Muuntautumiskykyä,4
Tiskatessaan,4
Nyrpistyy,4
Välipalapatukka,4
Peteliukselle,4
Huumorivitsejä,4
Emomaasta,4
Armeijatason,4
Uudistuviin,4
Implanteista,4
Bussireittiä,4
Suhaillaan,4
Gigerin,4
Nimitetäänkin,4
Spammikoriin,4
Parkkikiekkojen,4
Energialähteellä,4
Valittamistakaan,4
Häirii,4
Interbankin,4
Sarjiksilla,4
Sompailevat,4
Erisävyinen,4
Lemminkainen,4
Liisteriin,4
Yleisesitys,4
Junaillessa,4
Uhriutumiskulttuuriin,4
Mainoslauseelta,4
Kulttuuriyhteisöön,4
Mittarihinnalla,4
Hintalapulle,4
Huijaustaan,4
Vilistävät,4
Hyväksikäyttöään,4
Verovilpin,4
Jonottais,4
Meluisampi,4
Räimitty,4
Porokyydillä,4
Taksiasemalla,4
Suurinen,4
Vararahastoa,4
Lähettämästään,4
Näyttelytila,4
Uudentyyppiset,4
Capische,4
Vuohipaimen,4
Maaukkeleiden,4
Sadasosiin,4
Flamewar,4
Käyttötarpeista,4
Puhuttavankaan,4
Nettisisällöstä,4
Muistikortista,4
Paperinivaskaa,4
Videovuokraamoista,4
Huokeammilla,4
Baarielämästä,4
Tarkoitttaa,4
Myyntimäärissä,4
Napsuuko,4
Huffpon,4
Tt_03_06_hinnat,4
Uudelleenrahoitetaan,4
Capitalismia,4
Stereotypisoit,4
Kynänjälkeä,4
Asuinympäristöön,4
Duunivuoron,4
Ajettaviin,4
Juomatyyppien,4
Kulutuksineen,4
Peitteisessä,4
Asiantuntijatehtävää,4
Pysäköintipaikkoihin,4
Mutkikkaasta,4
Arvostaviin,4
Tuunauksia,4
Laittaminenhan,4
Yhteiskunnilta,4
Vakaantui,4
Idiootissa,4
Kilometrilta,4
Kanditutkintoon,4
Kdopbp9vuza,4
Logistiikkakeskuksien,4
Panettaan,4
Katsantonsa,4
Veropakolaisuudesta,4
Katkenneiden,4
Rikollisryhmille,4
Seutuliikenteessä,4
Maisterinopintoihin,4
Tienpätkille,4
Ajoreittiä,4
Navigointijärjestelmät,4
Nettoveronmaksajilla,4
Saateita,4
Harhaisuudessaan,4
Hiekkateiden,4
Asemapaikalle,4
Nimivalinnasta,4
Perheyksikköä,4
Valtionyhtiöön,4
Maahanmuuttajamiehen,4
Viranomaisillakaan,4
Huntupäisiä,4
Hyväksyäkään,4
Kiertoaikaa,4
Vastaan_,4
Kilometriperusteiseksi,4
Portaankorva,4
Nikotiinittomien,4
Merkitsevyydellä,4
Taustavaikuttajaa,4
Deletellä,4
Upotetulla,4
Fisti,4
Sähkövoimasta,4
Hofman,4
Longed,4
Iskukohteita,4
Verkkon,4
Polkuauto,4
Mamuvastaista,4
Perheneuvonnasta,4
Keskittinyt,4
Muistikuvasta,4
Dogmaattisiin,4
Enkryptausta,4
Medinaan,4
Vaikuttajalta,4
Sähköntuotantotavoista,4
Displayabstract,4
Frompage,4
Narttunsa,4
9huwlxfa1s,4
Nollakommenttiasi,4
Koodiini,4
Pilottitakkinen,4
Polttimoihin,4
Tarralapulla,4
Evakuoituu,4
Layouts,4
Konventioihin,4
Rahakasat,4
Hakemuksenne,4
Laskutetaankin,4
Hyljeksi,4
Kokonaisansioksi,4
Lämmönsäätelyyn,4
Uudelleensyntyneenä,4
Suomijunttien,4
Jumalaisin,4
Maaseutualueet,4
Taksiyrittäminen,4
Maahanmuuttokriittisimpiä,4
Prisinformation,4
Muslimisukupolvet,4
Gööttiä,4
Aikaile,4
Rekistereistään,4
Sinkkiarkku,4
Sekstailua,4
Haavoittuvuudella,4
Huvivenettä,4
Hieromiset,4
Ducaton,4
Pysäköintiluola,4
Asuntosäästötili,4
Guerin,4
Merkittävyydelle,4
Pusakkaa,4
Näättää,4
Jököttävät,4
Sivunneen,4
Mosinien,4
Seik,4
Harmonisoisi,4
Flecktarn,4
Disrespecting,4
Minunlaisilla,4
Ryhmiteltiin,4
Telvisiota,4
Moottoriturpia,4
Ammattirikollisiin,4
Kädenpuristukseen,4
Selvinneestä,4
Kutosista,4
Piiloviestinä,4
Möllikkä,4
Ankkuroitumaan,4
Bodattuja,4
Kauniainenhan,4
Suoriutumistaso,4
Paskaviihde,4
Moottoripyöräharrastajien,4
Hispaanojen,4
Kohteliaimmalla,4
Tarkistuslistaa,4
Koitteessa,4
Koneistonsa,4
Atriaan,4
Kansallisuuksilta,4
Asumisalueiden,4
Heiluteltaisiin,4
Happanemista,4
Pelleilylinjalle,4
Vokaaliyhdistelmä,4
Huastellaan,4
Tottuakseen,4
Jouva,4
Fiiniksi,4
Transkriptioita,4
Katkeamispisteeseen,4
Kirjainpari,4
Halako,4
Harjottelisit,4
Klikkijournalismissa,4
Poistamisekseen,4
Kummalline,4
Innostuikin,4
Lyhyeessä,4
Murreilmaisuja,4
Giält,4
Ulostuksia,4
Koukeroineen,4
Hehkuvasta,4
Kättelemistä,4
Sanoist,4
Kelpaatte,4
Puhals,4
Epäjohdonmukaiseksi,4
Lepposampi,4
Korkeakoulutuettuja,4
Soluiksi,4
Tiedonkulusta,4
Adrianmeren,4
Myyntisuunnitelmat,4
Kirsikanpoiminnalta,4
Särähtäny,4
Mobiileilla,4
Laskeumassa,4
Kilpailukykyongelmien,4
Odotusaulaan,4
Itellassa,4
Mutustellaan,4
Viherrä,4
Pohjahintaa,4
Sairaalajärjestelmän,4
Työnäytteeksi,4
International_baccalaureate,4
Rakenteisia,4
Moderointityyliä,4
Pyärä,4
Biltemalla,4
Lifecarea,4
Asemapaikkansa,4
Tilausnumeroita,4
Nahkaisessa,4
Magneettikortin,4
Asekieltoa,4
Teknikmagasinet,4
Pääsykokeidenkin,4
Edustuu,4
Käpertynyttä,4
Paluukyydin,4
Sisältörajoitukset,4
Liittokohtaisia,4
Heatmapit,4
Parempitasoista,4
Kategorioinnissa,4
Tulkinnallisesta,4
Pahitteksi,4
Topikkeja,4
Pieksämiseen,4
Sivallettaisiin,4
Takataskun,4
Symbolihan,4
Dramaattisemmat,4
Teräväkulmainen,4
Leikkisältä,4
Todistuksellaan,4
Altistettua,4
Keskustelukynnyksen,4
Tyhjäs,4
Lompsalla,4
Kiinnostamaton,4
Muslimivähemmistöissä,4
Samanlainan,4
Nourgamin,4
Kimpoilevat,4
Lyhytkatseisten,4
Raapustettuna,4
Hyppysissämme,4
Lumikuopassa,4
Pakoitettiin,4
Tamponeihin,4
Kolmisentoista,4
Jaksatteko,4
Poseeraukseen,4
Yliopistolinjat,4
Modernisoimiseksi,4
Pakinansa,4
Neuvostolainen,4
Taisteluhelikopteriin,4
Taivutettaisiin,4
Vakoojalle,4
Räppivideoita,4
Autokorrekti,4
Julkaisemattomasta,4
Terveyskeskuksenkin,4
Selviytymistaidot,4
Koituivat,4
Senttisestä,4
Meikeläisellä,4
Prime101,4
Prime232_fi,4
Nuorisoporukka_hakkaa_ikatovereitaan_helsingissa,4
Kehitysalustana,4
Tunaroit,4
Voimantunteen,4
Oikeusyhteiskuntaan,4
Pomoineen,4
Tietoa_muualla,4
Räväkämmät,4
Saabismista,4
Fluffia,4
Aikarajoitusten,4
Älypuhelinsovellusta,4
269fb84e,4
Aikamuotoon,4
Säkeisiin,4
Muuntautui,4
Genetiikkansa,4
Nysvätessä,4
Lähetyssaarnaajaksi,4
Piileksimään,4
Suomalainenverkkokauppa,4
Epänormaaleista,4
Pilaillut,4
Halkeilleen,4
Ylipistoon,4
Messagen,4
Kanonista,4
Elinkeinoministeriöllä,4
Monimutkaisemmatkin,4
Ripustimiin,4
Maassaoleskelijoista,4
Faraon,4
Heimoyhteisöjä,4
Giffeihin,4
Hostiileja,4
Tantraseksiä,4
Prostituoidulta,4
Yhteiskuntateoriaan,4
Likaseksi,4
Tönäsin,4
Ruumispussi,4
Pipuli,4
Konstaapeliin,4
Fitzpatrick,4
Ostosähkön,4
Hippimies,4
Meteorologeja,4
Vierastyövoiman,4
Yhdistyshän,4
Pohtimani,4
Luokkataustaa,4
Tilastotieteellisiin,4
Asukokonaisuuksista,4
Ikäistyy,4
Odottelemista,4
Kallelaa,4
Luomumenetelmiä,4
Tarjollakin,4
Tottumiskysymyskin,4
Knopit,4
Nom5g7ukww,4
Utilitaristisia,4
Luontaantyöntäviä,4
Rekrytoitavaksi,4
Rumaltahan,4
Lukutilassa,4
Viikkovauhtia,4
Ajattelemattomalta,4
91k,4
Goota,4
Valjastamisesta,4
Puollustajista,4
Kehitystyönsä,4
Harjoittelevien,4
Puhelinbisnes,4
Kehnokin,4
Palja,4
Päästävähennyksiksi,4
Energiaverkkoja,4
Puuhastelisin,4
Nielaiseminen,4
Hylänneenä,4
Selittynevät,4
Päästöoikeutensa,4
Astronomiassa,4
Länsiosista,4
Korvataksesi,4
Skanskalta,4
Rhkojjkui8m,4
Sykähdyttävät,4
Pitäneistä,4
Duuneis,4
Läntättiin,4
Nautittavampaa,4
Kuvallisissa,4
Suhtautumistavat,4
Lehtimyyjänä,4
Peräänne,4
36cm,4
Tuotteistuksessa,4
Rakennustehokkuudet,4
Rakennustehokkuudella,4
Kulutukseesi,4
Takaisinmaksulle,4
Täyspuiset,4
Tarjouslippuja,4
Lempiharrastuksiin,4
Kilotavuissa,4
Fotaroi,4
Ehdollistetusta,4
Jenkkimeiningistä,4
400x400,4
Rasvapinta,4
Vln9d81eo60,4
Puristivat,4
Kirjottaakin,4
Lumikkoja,4
Pakkinsa,4
Suolahipun,4
Kasvatuspsykologia,4
Pankissasi,4
Veropakolaisten,4
Oikaisevan,4
Oikaisuihin,4
Poutainen,4
Kauppisopiskelijoiden,4
Referoimassa,4
Hangaroundien,4
Maisterinkin,4
Lisensiaattia,4
Hajotusta,4
Ragegar,4
Soveltamiskykyä,4
Ärsyttävissä,4
Kokeessani,4
Nähneenikin,4
Vierustat,4
Napistaan,4
Viipyvä,4
Stravinsky,4
Seilaavista,4
Makroteoriaa,4
Oltermannissa,4
Kartankin,4
Ohilento,4
Paskantärkeyden,4
Poliittisellä,4
Epäisänmaallisen,4
Sijoittautuneet,4
Likemmä,4
Koulutusohjelmalla,4
Erityistarkkailun,4
Passivoivaksi,4
Jälleenvientiä,4
Tarkeimmaksi,4
Kaavoittamasta,4
Omavaraistaloudella,4
Palvelualueet,4
Kaivinkoneenkuljettaja,4
Puikkohitsaus,4
Veripankki,4
Pilottilasit,4
Valtiojärjestelmästä,4
Toukokuussakin,4
Työtunnilla,4
Keskieurooppalaisiin,4
List_of_countries,4
51tg18tzc8k,4
Skippaili,4
Säteilyaltistusta,4
Zpsmrhj,4
Völjy,4
Ruokalautasesta,4
Pylpyrä,4
Tuntipalkkaansa,4
Aksenttiamme,4
Veritekoa,4
Lähtettiin,4
Kertalaukauksella,4
Kohuttuihin,4
Pakolaisvakoilusta,4
67073_2015_supo_fin,4
Fasistisuudesta,4
Omaisuusmassa,4
Edeltäjillään,4
Tunneistani,4
Hämärimmät,4
Räppärinimi,4
Ksenofobiseen,4
Pompottaisi,4
Kampanija,4
Aloituspäivää,4
Indoktrinoitunut,4
Pärähdys,4
Lyöda,4
Mielialanvaihtelut,4
Tuittuilua,4
Tämänhetkisesti,4
Sisustusvinkkejä,4
Mutsikaan,4
Iltaruskon,4
Polia,4
Kartoituksiin,4
Huumeseulojen,4
Blueprintit,4
Suorituserot,4
Perussoinnut,4
Sisäistäneeni,4
Nikottelun,4
Ehdoituksesta,4
Rauhattomalle,4
Mukahienoja,4
Turvallisuusviranomaisilta,4
Haaskalintujen,4
Sopvia,4
Fetisistit,4
Kiivaimmassa,4
Tuotantotavoitteita,4
Pääomasijoitusyhtiöiden,4
Bokserisillaan,4
Ekstroina,4
Tuulivoimahankkeet,4
Lauhdevoimaa,4
Tuontikapasiteetti,4
Tammiseen,4
Homovastaisiksi,4
Rätyyn,4
Mediatilaisuudessa,4
Glamourista,4
Feikeillä,4
Tyylittely,4
Meikälaisten,4
Neonvärinen,4
Välitystilin,4
Tapatettiin,4
1v5kk,4
Leskirouville,4
Alijäämähyvitystä,4
Suorituksiaan,4
Vanhemmila,4
Juoksutuksen,4
Ymmärrettin,4
Asiavaltuuden,4
Idiomissa,4
Poskiani,4
Avustettavaksi,4
Töinään,4
Koskiin,4
Sisäänotoilla,4
Dissosiatiivisia,4
Lakitoimistoa,4
Newtonilaista,4
Greepeacen,4
Elonmerkki,4
Vispilöiden,4
Terdel,4
Finaalisarjassa,4
Infrastuktuuriin,4
Tasaarvovaje,4
Valliriutta,4
Kevaa,4
Muistutuskirjeitä,4
Sikamaisuutta,4
Kapasiteettitekijä,4
Turvauduttua,4
Hyoedyt,4
Siitae,4
Tietaeae,4
Kotelotuuletinta,4
Spontaanimpia,4
Bulkkilagereihin,4
Kampissahan,4
Maittaneet,4
Rinkilä,4
Klovneiksi,4
Hämäräpuuhia,4
Jarrumiehiä,4
Erikoisjaksoa,4
Loukkaajia,4
Statet,4
Jahdattaisi,4
Japanin_kuplatalous,4
Kouliintuu,4
Täydempään,4
Paljousalennukseen,4
Ueaodfvyps0,4
Nettisurffailun,4
Washintonin,4
Mielipuolisista,4
Juoksennelleet,4
Itseluottamukselle,4
Kuntapaikkoja,4
Pontto,4
Valtarakennelmat,4
Puhtaimman,4
Ideologisuudella,4
Vähäpätöisellä,4
Johtaneelle,4
Golly,4
Affiliaatio,4
Ilmastonmuutoskysymys,4
Uraltasi,4
Myhäilyä,4
Lapsivaimonsa,4
Rapella,4
Lapsimorsianten,4
Ihmismuistin,4
Kouluainetta,4
Kustuna,4
Sluibailtu,4
Myötätuntoakin,4
Vinosilmäistä,4
Pakkokäännytystä,4
Diskoista,4
Heute,4
Pakomatkasta,4
Patinoima,4
Kukoistuksessa,4
Väistelijöitä,4
Filosofeiksi,4
Kettinkien,4
Mahdollistuivat,4
Viinaksissa,4
Duunariäänestäjistä,4
Lähioikeuden,4
Hajaantumisen,4
Kinkkuihin,4
Lettutaikinaa,4
Aihees,4
Existant,4
Olemmalla,4
Seasonista,4
Ylävartaloonsa,4
Keskivaihella,4
Kielioikeuksia,4
Aktivisteistä,4
Verovirkailijat,4
Verovirkailijoita,4
Sv_,4
Perääntymisiä,4
Kirjalliselle,4
Suvaitsevaisuuskasvatusta,4
Aijoissa,4
Käkri,4
Timuria,4
Poliisipomojen,4
Alensit,4
Raimolla,4
Virkavallassa,4
Täysstoppi,4
Kirjaaja,4
Rapsahtavat,4
Saneerauskohteissa,4
Tuhlailevat,4
Veroepäselvyyksiä,4
Iskostetut,4
Vääristääkin,4
Kantojamme,4
Siistilt,4
Kytköksinen,4
Tuotantotekijät,4
Tuotantotekijöiden,4
Koulupenkillä,4
Nuoleskelijoiksi,4
Ruumiinkulttuurin,4
Juotavaks,4
Ruoskita,4
Siirtomaapolitiikasta,4
Hintavempia,4
Lähteittensä,4
Maratonjuoksu,4
Yleispätevämpään,4
Tapaturmavakuutukseen,4
Rikkomattomuus,4
Vuodettuun,4
Polttelevista,4
Carlssonin,4
Kaivaakseen,4
Taistolaisaikoihin,4
Irtisanoutunu,4
Isafin,4
Ymmärrysvaje,4
Vinosilmää,4
Tukipilareihin,4
Kiinteistösijoituksista,4
Ympäripyörää,4
Turvattavana,4
Ylemmyydentunnosta,4
Ristiriidoille,4
Ruokamellakoista,4
Nollahintaista,4
Puolpäivää,4
Myyntitilastoista,4
Lihapitsa,4
Asuntolatyyppinen,4
Lnk,4
Kylppärissään,4
Tenttimisen,4
Sopivammilta,4
Venajän,4
Toimintavaltuuksien,4
Kopioidu,4
Jakoavaimilla,4
Minityöt,4
Avót,4
Huolestuttavammalta,4
Raiskaustuomiossa,4
Julkaisuvapaus,4
Islaminvastaisen,4
Kuseskelemassa,4
Huomispäivää,4
Konserttimestari,4
Viskoneet,4
Eräilijä,4
Lemmikkiruokaa,4
Materiaalitiedettä,4
Valtiomahdiksi,4
Valtiomahtien,4
Myyntipotentiaalia,4
Edustit,4
Laitevalmistajaa,4
Mellastava,4
Tutkielmankin,4
Vapaahetki,4
Joilleikkin,4
Tilannenopeuksissa,4
Laatijoidensa,4
Kuulolaitteesta,4
Seuraamussuhde,4
Lattiaremontti,4
Mustajoen,4
Ahtojäissä,4
Puheenaihena,4
Irrationaaliluku,4
Statiikasta,4
Opintosuuntauksissa,4
Polymeerien,4
Räjäyttäjää,4
Nuorisoryhmien,4
Läpimärkää,4
Esitutkintalaissa,4
Määrättävää,4
Oikeistoväkivaltaa,4
Anderssonkaan,4
Huppumies,4
Valehdelleesi,4
Muslimijärjestön,4
Naisasiajärjestö,4
Anteeksipyytävästi,4
Mäkheen,4
Rikosseuraamislaitoksen,4
Liippaavien,4
Excelia,4
Konserttisaleissa,4
Shamppanjasta,4
Ryökäleen,4
Messynessychic,4
Toleration,4
Tietotasostasi,4
Meikkilaukun,4
Freude,4
Kuoppanne,4
Entisenlaista,4
Lastensuojelutyöhön,4
Hyvävelijärjestöjen,4
Internetliittymää,4
Työtuntimäärää,4
Sairaustapauksen,4
Pasties,4
Gracefully,4
Maidonkulutus,4
Kokonaisedullisin,4
Ikivanhalta,4
Pituuskasvusta,4
Römyämään,4
Oksennuskuntoon,4
Parades,4
Pyytäjien,4
Palkanlaskijaksi,4
Palkanlaskuun,4
Saadessamme,4
Iskiä,4
Kutienkaan,4
Sopivanlaisen,4
Kirjastostaan,4
Tarkkaila,4
Saakutisti,4
Investointipankkiirien,4
Hypertekstiä,4
Vuokratyöläiseksi,4
Esikaupunkeja,4
Webbiselaimen,4
Sheetsillä,4
Trekiin,4
Tyrol,4
Ressaan,4
Ongelmakulutusta,4
Acronyms,4
Somematskua,4
Swn9tw8,4
Pilvipalveluina,4
Mikanyyssola,4
Oppilashuoltoon,4
Lowercase,4
Gullible,4
Synnynäistä,4
Islamophobe,4
Bileiksi,4
Fillariliikkeessä,4
Läskistyt,4
Channeling,4
Incarnation,4
Koulutuspaikkana,4
Puolalanmäelle,4
Gylling,4
Smolnaan,4
Kiisteli,4
Valtuuksiinsa,4
Sikäläiseltä,4
Itsenäistymisemme,4
Makutiiviste,4
Konsolisukupolvea,4
Mailini,4
Kaksipuoliset,4
Ulkokumit,4
Ulkorengas,4
Rengasrikot,4
Steamstatic,4
Oikeuttaessaan,4
Eturenkaassa,4
Täyspainoista,4
Teloneet,4
Ärtyminen,4
Googledocs,4
Pinen,4
Nettisovelluksella,4
Vastaanottanu,4
Sisennys,4
Ylpiä,4
Kahdeksasosaa,4
Softaversion,4
Käyttötaidosta,4
Jenkkiläkään,4
Desktoppi,4
Luparuljanssi,4
Bayerische,4
Autoritäärisuus,4
Paralleeleja,4
Fuusioitumaan,4
Fuskaamaan,4
Funtsimisen,4
Henkilömäärälle,4
Jakomäärä,4
Lezyne,4
Rapaiset,4
Liittämät,4
Suurempiakaan,4
Spoileriksi,4
Teinipojalla,4
Pyörähtäen,4
Kommuuneilla,4
Asennne,4
Neckbeardi,4
Nostalgiansa,4
Emuloitu,4
Paloiteltaisiin,4
Tallennusmediat,4
Kansalaisjärjestöiltä,4
Draamakomediaa,4
Rundien,4
Könteistä,4
Swarmeihin,4
Cyclocrossarin,4
Mukavammiksi,4
Taakanjakomekanismi,4
Moottorisahoilla,4
Suojeluasemaa,4
Huutavalta,4
Tajuamaa,4
Identtiselle,4
Syrjäytymisvaarasta,4
Taustoistani,4
Estokin,4
Humanistipiireissä,4
Paskavaltioihin,4
Rauenneen,4
Kiinnostuksenkohteistani,4
National_front_,4
Blunders,4
Mairittelevalta,4
Rintavarustuksesta,4
Iltalukemisiksi,4
Kylvämä,4
Hitsinpimpula,4
Tyollistymisesta,4
Ryöstetyiksi,4
Hämmentäviltä,4
Kommenttisa,4
Maksettavaksemme,4
Nälkiinnyttämällä,4
Kreit,4
Selanneet,4
Äimistelee,4
Ettäon,4
Inmusic,4
Monopolistinen,4
Huijauskirjeen,4
Ymmärtämättömästi,4
Nykyopetusta,4
Acquainted,4
Arranges,4
Aasiakkaan,4
Sokeuttamat,4
Pedofiilipappi,4
Häärivälle,4
Virtaansa,4
Sapista,4
Tieran,4
Liisää,4
Brändääjä,4
Valtakunnallisilta,4
Avusteisella,4
Googleteltuani,4
Ostotarjouksessa,4
Hankkimistaan,4
Kustannushyödyt,4
Liipaistuvan,4
Asennekoulutusta,4
Lyhytvideo,4
Palinista,4
Tonicci,4
Analytiikat,4
Mielensäpahoittamiset,4
Tietovirtojen,4
Punnersi,4
Eekkeriä,4
Tarjotan,4
Osavastuun,4
Huomiominen,4
Gyrot,4
Annettavaakin,4
Arvovaltaisena,4
Nimbyillään,4
Kääriydytään,4
Laillistu,4
Shortista,4
Luottoluokittajilta,4
Joukkovelkakirjalla,4
Pinosi,4
Kutuaikaan,4
Tajuutteks,4
Vinjetointia,4
Kyltis,4
Tulituen,4
Hörönauru,4
Hloasiakas,4
Ylemmyydentunnolla,4
Syyttelemästä,4
Vaihdettaisin,4
Merkittävämmistä,4
Seksuaalisväritteistä,4
Niñon,4
B1o,4
Monisteista,4
Murteidenkin,4
Metienataantällä,4
Fläshiä,4
Nett,4
Kasvattamilla,4
Maahanmuuttomyönteiseksi,4
Särjistä,4
Perkuu,4
_4bka9y2gj0,4
Särjelle,4
Väkilannoitteita,4
Luonnonkiertoon,4
Suojakseni,4
Kokoontumisilla,4
Lomakohteen,4
Näetty,4
Miljardibisnekset,4
Vähälapsisuuden,4
Esoteerinenmaantiede,4
Rosentteja,4
Äiteydestä,4
Oluttyypit,4
Qasndgca,4
Lisäoikeudet,4
Ahvenien,4
Ravinneköyhiä,4
Lääkkeellisistä,4
Pätkäduunit,4
Tiilimuuria,4
Hedelmällisyydellä,4
Ikävalvonta,4
Sinist,4
Noutopalveluna,4
Pieksäisi,4
Emasculated,4
Lähiapteekin,4
Perustarina,4
Laadukaita,4
Vegetuotteen,4
Tusinatavara,4
Järjestäytyneisyydellä,4
Pilsnereitä,4
Kummoiseenkaan,4
Talousjätti,4
Storre,4
Kaartanut,4
Jyväsjärveen,4
Kolikkosi,4
Heteroperheitä,4
Soutuveneet,4
Sallittuakaan,4
Tempaavaa,4
Tuholaistorjujalle,4
Kiitospaidat,4
Rakastavina,4
Kaduntallaajakin,4
Keuhkorakkuloita,4
Ajoakin,4
Äänentasot,4
Lääkehappea,4
Täyteohjelmaa,4
Asteemme,4
Oppimishaluisia,4
Monivammaisia,4
Jäsenyyshakemukseen,4
Tuhoamien,4
Käpylehmistä,4
Käännetää,4
Aggressiivisa,4
Meemunsa,4
Ryteiköstä,4
Harmaanruskea,4
Hyötykäyttöasemalle,4
Mönkivät,4
Humaloiduista,4
Ajovuoroja,4
Asuttas,4
M9x52lmmk1g,4
Kekenkään,4
Tietämyyttä,4
Suolistossaan,4
Blight,4
Kuhun,4
Nikkasen,4
Suussansa,4
Peltisellä,4
Geenienkin,4
Likaisemmassa,4
Asuinmaahasi,4
Kiireeltä,4
Romanttisilla,4
Lapsenhankinnan,4
Haukasta,4
Noukita,4
Tietojenkäsittelijöille,4
Suptg,4
Thisisnotatrueending,4
Arjensankarit,4
Zirkonium,4
Kopioituihin,4
Leipäläpeen,4
Katselumääriä,4
Kug_ceezv6w,4
Imagopolitiikkaan,4
Sisäsiittoisella,4
Socialbladen,4
Vahingosa,4
Epäonnisiin,4
Eurovaaliehdokkaat,4
Kesäkurssia,4
Varageneraattorin,4
Ylihinnoitellussa,4
Intensiiviseksi,4
Energiankulutuksestaan,4
Lihoakseen,4
Kellonympärys,4
Alepakin,4
Teknisemmillä,4
Kotivanhemman,4
Igbo,4
Torkkumista,4
Äidinkielten,4
Puubiomassa,4
Energiapuuhun,4
Artikkeliini,4
Tarkenteen,4
Ripustautuvat,4
Väittämieni,4
Diftongia,4
Hyvinvoinnistamme,4
Dyykkaaja,4
Keinosiementämällä,4
Luolastani,4
Tärskyt,4
Äänipotista,4
Kotimantereella,4
Marketable,4
Hydrocarbons,4
Deplete,4
Musujen,4
Annoskoilla,4
Laitosruuan,4
Nälkäisestä,4
Wooster,4
Sivutuotteille,4
Prionit,4
Agressiivisina,4
Ohivirtaus,4
Nipotin,4
Kiihkeydellä,4
Tuubilla,4
Vieraaksemme,4
Monimutkaistumisesta,4
Erittyvät,4
Lisävitamiineja,4
82npy8r,4
Ahdistelutapauksiin,4
Sivuiltansa,4
Pullasorsien,4
Tjumenin,4
Keinotekoisempia,4
Senioreissa,4
Muuntautumiskykyisiä,4
Vaalimenestyksessä,4
Holmalla,4
Professorikaan,4
Kiristyspolitiikka,4
Luolasukellusta,4
Merkkikohtainen,4
Ifo,4
Juankoskella,4
Musaskenessä,4
Naurahdella,4
5bn,4
400px,4
Kotikatsomoon,4
Amatöörimaisia,4
Toimintakohtauksista,4
Sarjalipusta,4
Toimintakohtausta,4
Räpsäistä,4
Armeijahenkinen,4
Kausiksi,4
Nytkähtelevät,4
Siveettömät,4
Silmänruoaksi,4
Esineellistämisessä,4
Vakutusta,4
Kehonkoostumusmittauksessa,4
Korvaamattomuudesta,4
Umpinaisella,4
Kaukaloissa,4
Täytejuttu,4
Sähköautokantaan,4
Jarruremontin,4
Ilmakuplien,4
Summal,4
Lisähelpotuksia,4
Marlow,4
Teettäminenkin,4
Petaamisen,4
Irroitteluun,4
Hävittäjänä,4
Takajarrujen,4
Momenttiavainta,4
Maskeeraajan,4
Ambulanssilentoa,4
Jokuvuosi,4
Moraalikadoksi,4
Kymmenkertaistuessa,4
Minnä,4
Valvontatoimia,4
Ulkomaalasilta,4
Tärissy,4
Aluettansa,4
Syöttönsä,4
Ihannoinniksi,4
Filleriksi,4
Niitannut,4
Aggregator,4
Myyntihetkeä,4
Värjötteleville,4
Punoi,4
Freudilaiset,4
Kansanpettureita,4
Provosoiduttiin,4
Irrottaen,4
Viiksekkäistä,4
Homonäkökulmasta,4
Valtiossahan,4
Arkipäiväisellä,4
Liikenteseen,4
Kuvituksineen,4
Appropriaatioon,4
Alkuperäiskulttuurista,4
Evangelist,4
Lypsämiseltä,4
Narvikissa,4
Suosikkipaikat,4
Minimalistiseksi,4
Saavutushan,4
Kokkaako,4
Sähkösinä,4
Työstetä,4
Rumahko,4
Taikomista,4
Pyörätuolillakin,4
Nesteetkin,4
Alkeellisiakaan,4
Hintavuus,4
Ilmaisjakelulehdista,4
Jääväksi,4
Saddukeuksilta,4
Neuvonpitoon,4
Keskisormien,4
Innostuneisuuden,4
Viipurin_puhdistus_1918,4
Tupakkakoppeihin,4
Asuntojen_tupakansavu,4
Kuulustelluista,4
Kriminaaleiksi,4
Innehålla,4
Kommunal,4
Yksinäänkään,4
Mummoltaan,4
Kommuuniaan,4
Varusteltujen,4
Breadcrumb,4
Nuukaksi,4
Sairasen,4
Tuotteliaisuuden,4
Viesteillesi,4
Kulttuuriryhmästä,4
Ethnic_groups_in_london,4
Survomisen,4
Helppouskoisilta,4
350mb,4
Gatesilta,4
Tutkimusresurssit,4
Anigif_enhanced,4
Ympäristöarvoihin,4
Hyökkäyshelikopteriksi,4
Eristäytyvien,4
Nykyisissäkään,4
Sisälämpötiloissa,4
Putoilevia,4
Järeistä,4
Paason,4
550d,4
Vähemmistöalueet,4
Tyrkyttäen,4
Polttomoottoriteknologia,4
Tonnistakin,4
Bruttotuloina,4
Laakkeista,4
Nördet,4
Imartelevasta,4
Kaikukammiossasi,4
Turpakeikka,4
Vihkiikö,4
Vastuunkannossa,4
Faijaltaan,4
Niskatuella,4
Havannoidaan,4
Kehityspotentiaalia,4
Tieteentekijöihin,4
Palkkasen,4
Pelottelemiseksi,4
Päristelisi,4
Omakotialueiden,4
Huristellut,4
Hutsuja,4
Pyörteistää,4
Toivottamana,4
Runkkuringissä,4
Rioter,4
Temppelissään,4
Pulmusen,4
Liikuntaväline,4
Uppinsa,4
Stickerit,4
Pergamentilla,4
Muistiinpanoa,4
Lukiomatematiikkaan,4
Kärsimykseensä,4
Maanisesta,4
Petrified,4
Furtively,4
Exasperation,4
Flailing,4
Pique,4
Tyhjentyneestä,4
Graafisiin,4
Taidekorkeakouluun,4
Poismyyntiä,4
Ausairpower,4
Selkeitäkin,4
Kuzco,4
Tshadista,4
Kuulokyky,4
Umpikuuro,4
Haluttavuutensa,4
Propagandafilmin,4
Pergamentti,4
Helsingin_yliopisto,4
Bille,4
Rouhittuja,4
Kurkullasi,4
Testiajossa,4
Juonikkaat,4
Federleyn,4
Parrain,4
Tutkimuspeltoja,4
Kampuksessa,4
Silmäkulmiin,4
Jasminriisiä,4
Kyröskosken,4
Painottamiset,4
Sauceja,4
Hooper,4
Halveksuttuja,4
Taatulta,4
Flopilta,4
Huudahdan,4
Pornojuttuja,4
4000mg,4
Viestintätoimistoon,4
Hurjemman,4
_nainen_,4
Hajanaisella,4
Kumppaineiden,4
Heterosexuals,4
Pizzanpyörittäjä,4
Valittanutkin,4
Kusaisi,4
Etukäteisvaroitusta,4
Limuviinoilla,4
Johtoportaassakin,4
Kannattajajäseneksi,4
Todisteluna,4
Huumaamalla,4
Oswalt,4
Ilmaisjakelulehdistä,4
Läpsäyksen,4
Näytönsuojia,4
Elektroniikkakauppojen,4
Norppasähköä,4
Rajaamaa,4
8dbscgwvvic,4
Tahtaimella,4
Rokotuksiakaan,4
Konsulenttina,4
18_001,4
Nollailla,4
Huumeis,4
Lähestymistavallasi,4
Pilkanteon,4
Langassakaan,4
Kajaanisa,4
Ruumiinosalla,4
Epävakaudessa,4
Seurausi,4
Pesiytyneiden,4
Päättyvältä,4
Etupenkeille,4
Baselissa,4
Kilpailja,4
Freetown_christiania,4
Nimikirjaimesi,4
Isxvxittlly,4
Planetsidessä,4
Favorablewateryjerboa,4
Valehtelijaan,4
Varhaiskeskiajalta,4
Sytyttäis,4
Islamofoobikon,4
Vauhdittava,4
Loodan,4
Kyhäilyä,4
Viholliskoneen,4
Juustokerros,4
Adoptioperhe,4
Fssc,4
Ammattisotilaaseen,4
A3c3,4
Pesköön,4
Timppakin,4
Pelkistävää,4
Armeijakäytössä,4
Sotilasmusiikki,4
Sormejäljet,4
Otetty,4
Sarvina,4
Tahtoomme,4
Siirtomaavalloista,4
Volatiiliksi,4
Paistuneet,4
Takaterassilla,4
Pallogrillistä,4
Dotteu_kvwu,4
Pyöritetyt,4
Keikkalääkäristä,4
Pukeutumisetiketti,4
Teriyakikastiketta,4
Läpällään,4
Putoilivat,4
Höystäen,4
Investointiympäristö,4
Huolehtiminenkin,4
Päivättäin,4
Popkulttuurista,4
Valtionavustuksilla,4
Kohujutun,4
Miesaktivistien,4
Kuluttamistani,4
Manaamista,4
Kuvanut,4
Mulkerolle,4
Taikinajuurta,4
Huolimattomuudessa,4
Ydinvoimahankkeen,4
Tarvitsemiin,4
Lassehan,4
Vänkkääminen,4
Postimyyntimorsiamen,4
Syntyikään,4
Minimipalkkalaista,4
Laiskoi,4
Tatuoitava,4
Eläkejärjestöjen,4
Pusikoitumaan,4
Nuorisopullistuma,4
Rahoituksellaan,4
Kotikonetta,4
Vetävämpää,4
Pannessaan,4
Baijerilaisesta,4
Hyvinvointitason,4
Rapsoista,4
Aidonnäköisen,4
Parveilua,4
Perunamaat,4
Kolnissa,4
Feikkiversio,4
Dry_county,4
Tuttaisi,4
Risteytät,4
Yliopistoväestä,4
Tuttavaperheissä,4
Kerskuminen,4
Holdingyhtiöille,4
Käsivarressaan,4
Arkipäiväistää,4
Venäläisrahoitteisten,4
Vihaavassa,4
Suurieleistä,4
Pakolaisjärjestelmässä,4
Erinomaisiakin,4
Epäonnistumisetkin,4
Navigaattorikin,4
Kuuluisuutensa,4
Uskontotieteilijöitä,4
Käyttelyssä,4
Suorittajina,4
Valheestasi,4
Syömäkelpoiselta,4
Hämärtäneet,4
Mökkiäni,4
Soribrewing,4
Liturgiaansa,4
Järjestysmiehenä,4
Yrityselämälle,4
Jaostosta,4
Keräämistäni,4
Kansakunnallinen,4
Järkkäriks,4
Suhteitani,4
Voittaneilla,4
Jihadistiryhmiä,4
Tulisieluisia,4
Investointikohteet,4
Kirkkoverot,4
Hyväntekeväisyysorganisaatio,4
Varaenergiaa,4
Nojaavilta,4
Zeukseen,4
Pommejaan,4
Tiedostomuodon,4
Paperitulosteen,4
Katetuiksi,4
Ammattitaidottomiksi,4
Jossittella,4
Kohentavan,4
Ateistejakin,4
Ruiskullisen,4
Ajettukaan,4
Pysytellen,4
_george,4
Kimmoten,4
Shiftannut,4
Rasahtaneet,4
Singa,4
Symppaavaa,4
Halkonut,4
Aliarvioinu,4
Riitatapaukset,4
Juhlittavaksi,4
Àla,4
Haltiakorvia,4
Ehtine,4
Hiekkakuopan,4
Alkuvaiheessakin,4
Hedelmällisinä,4
Ajankohtaisemmiksi,4
Verstehen,4
Hinter,4
Asiakastilanteita,4
Työntelemällä,4
Ennelta,4
Lainsäätämisvaiheessa,4
Särkylääkkeestä,4
Kähmimällä,4
Teeskentelija,4
Väestönrakenteeseen,4
Valtiorahoitteisten,4
Keuhkosyöpäpotilaan,4
Koulutustasoihin,4
Virheistänsä,4
Pikkunilkin,4
Tyytväinen,4
Josus,4
Kiukkuisiin,4
Ristiriidattomat,4
Urarikollinen,4
Gaabo,4
Kunnioitakaan,4
Urarikolliset,4
Ostrakisoida,4
Mamuporukat,4
Lätkämaajoukkue,4
Talousliberaaliuden,4
Kotouttamistoimenpiteet,4
Aktiivikäyttäjän,4
Suomipolitiikan,4
Pummittu,4
Pottupelto,4
Sjuhlrobl8m,4
Siirtolapuutarhojen,4
Humanistialat,4
Musiikkiesitys,4
Säännölllisesti,4
Keskiviikkoilta,4
Isävitsejä,4
Talousosaamisella,4
Säästetyssä,4
Pyromaanien,4
Luomueläinten,4
Louien,4
A4rien,4
Sivuainekokonaisuutta,4
Syrjäkuntiin,4
Leimailua,4
Kimpasta,4
Leikolakin,4
Realityohjelma,4
Supisuomalaisilta,4
Nimittelin,4
Prda,4
Exposén,4
Seulomiseksi,4
Kattohuoneistosta,4
Internetoperaattorit,4
Jenkkikulttuurista,4
Särkyville,4
Ylityöllistetyn,4
Yhteentörmäyksiin,4
Metaanikaasut,4
Hellahuoneessa,4
Kaksioni,4
Pomppulinnassa,4
Pihavajan,4
Ruuhkaisimman,4
Kokonaiskoosta,4
Päästöihisi,4
Saivartelematta,4
Homogeenisissa,4
Kisalla,4
Aamumuroja,4
Paskenevat,4
Siltarumpurahaa,4
Maatumatonta,4
Hyvaksytyt,4
Styroxi,4
Suomalaissukuisia,4
Etuoikeudelta,4
Merikadun,4
Älyvapaissa,4
Scouts,4
Sponsoroiminen,4
Vallankumouksellisessa,4
Sässä,4
Itseessään,4
Epätosista,4
Ostovoimallaan,4
Kehäpäätelmien,4
Ansaitsemismahdollisuuksia,4
Muokattuina,4
Arvovaltuutettujen,4
Savolaistaustainen,4
Peräreiässä,4
Suosimaansa,4
Pakkokeinosta,4
Käyttäjäkokemuksella,4
Pyöräilykaupunkina,4
Mainostavassa,4
Toivein,4
Danzigista,4
Takavarikoiduksi,4
Nyyhkytin,4
Syndaleniin,4
Vuokraemännän,4
Minunkaltaisen,4
Sininenzeppeliini,4
Valottaisitko,4
Delftin,4
Saantomuutos,4
Kyhäiltiin,4
Leikkikouluja,4
Identifoidut,4
Siirtynytkään,4
Siivoustehtäviin,4
Vihanti,4
Pukuhuonetiloissa,4
Naissiivojia,4
Luuttuamassa,4
Erillistilat,4
Takahuoneisiin,4
Monipuoluemalli,4
Äänestyslappuni,4
Lehdykän,4
Kuntosalilaitteita,4
Jalkovälissään,4
Rehtoreina,4
Pahvilaatikoittain,4
Vähimmin,4
Poytakirjat,4
Assistentteina,4
Päällekäisen,4
Risovat,4
Itseopittua,4
Lisäkurssi,4
Pihtailee,4
Korttikurssit,4
Palkkatoiveesta,4
Tietomassa,4
Välierän,4
Kreaa,4
Linuxfoundation,4
Pokerikäden,4
Kvartaalitaloudesta,4
Brandina,4
Pihkaiselta,4
Kadonneille,4
Kuljettajaks,4
Mouserista,4
Väärinymmärrettävän,4
Tasausmaksu,4
Jälleenrakennettu,4
Käyminenkään,4
Ihoväriä,4
Terveellisemmässä,4
Pistelaskuri,4
Informoimista,4
Käveleskeli,4
Lääkäripulakin,4
Olutravintoloissa,4
Sunnuntaimyynti,4
Kommentojan,4
Koulutusmaksun,4
Moltonia,4
Kahdentamaan,4
Bongannutkaan,4
Sopimusmaiden,4
Vastuukaan,4
Maalaamiselta,4
Kokkailuihin,4
Bomben,4
Aromiaineita,4
Kanaliemeen,4
Kepsua,4
Suurielkeisesti,4
Yksilöliikuntaa,4
Nolostuneen,4
Erikoisolueiden,4
Siskoihin,4
Kokatessani,4
Eriskummallisimmilla,4
Painotuotteiden,4
Tyhjennettyään,4
Freedums,4
Machiavellista,4
Sähköallergikkojen,4
Maistaako,4
Karhumäessä,4
Kuroneet,4
Pelkäätkin,4
Kesäkurssilla,4
Keltarauhashormoni,4
Korkillisesta,4
Bottomin,4
Palvelleesta,4
Ohjelmapalaute,4
Täydennysmieheksi,4
Vaaliliittona,4
Optimaaleja,4
Avajaistarjouksia,4
Valkopikselöity,4
Tiistainen,4
Kalmot,4
Perjantairuuhkassa,4
Tuntuisena,4
Helsvettiin,4
Tieteitten,4
Sekaantujiin,4
Ginipohjaista,4
Nykäisystä,4
Kumartelusta,4
Mallivastauksen,4
Campbellia,4
Skumpasta,4
Lumenvalkoinen,4
A4isess,4
Kulttuurikokemuksen,4
Hoitelisi,4
Mainost,4
Maanpetossyytteen,4
Mielleen,4
Degenerative,4
Hymyilyttään,4
Aliraportoitu,4
Tituleeraavista,4
Normaaliolotila,4
Pakkoruotsikeskustelun,4
Liehuttavat,4
Alkoholijuomassa,4
Antiseptinen,4
Perheinensä,4
L7p29,4
Uskonnollisemmaksi,4
Divetymonoksidihuijaus,4
Kansallisarmeija,4
Sivusuuntaista,4
Dudesonit,4
Pulloteta,4
Suunnillleen,4
Raiskauspilli,4
Arkeologisissa,4
Leipätyöstään,4
2m10s,4
Valkkariakin,4
Kenraaleiden,4
Peruskoulumme,4
Kemistille,4
Rikkoontuneita,4
Ryssittelyt,4
Maaherrojen,4
Jutikkala,4
Henkisyydelle,4
Alkuosalla,4
Monimedia,4
Merelliset,4
Isäim,4
Messevältä,4
Saasyoda,4
Ruokah,4
Huumeidenvastaista,4
Hapsburgien,4
Puolijoukkueteltasta,4
Niqabien,4
Ovetshkin,4
Metallipölyä,4
Riisilläkin,4
Sunlainen,4
Henkilöturvatunnuksen,4
Kiljuvien,4
Tarton_rauha,4
Kotimatkoilla,4
Elokuvateatterille,4
Fangs,4
Jalanjälkien,4
Bulkkilageri,4
Sortavasti,4
Vallakumousta,4
Maatalousmaiden,4
Insiderit,4
Sunpoint,4
Hötömölöä,4
Kampanjakoneisto,4
Kaksinaismoraalit,4
Hunnuksi,4
Oikeudenjakoa,4
Koviksien,4
Amberlan,4
Iñárritu,4
Aidsmap,4
Lastenleikiltä,4
Kotitalojen,4
Kartoittaen,4
Sovittelulle,4
Momentary,4
20violence,4
Viljelyaloja,4
Iss2,4
Nettokulutus,4
Paukkulaakeri,4
Peluutettiin,4
Sundinin,4
Kiusaamismuoto,4
Cherryltä,4
Nykymuotoisiin,4
Munasuoja,4
Sotamaalaukset,4
Jänikseen,4
Kanadastakin,4
Alyttömän,4
Pelityylissä,4
Koepäivät,4
Ettonet,4
Rantasaunoja,4
Roastaaminen,4
Kolmosvuonna,4
Sanavalmiilta,4
Voitettii,4
Myyntiargumentit,4
Sanderon,4
Härväsin,4
Viimeisenpäälle,4
Entrances,4
Haahuilusta,4
Holisteja,4
Lössinä,4
Keskustely,4
Työmaakopeissa,4
Jätevesiputki,4
Peurakolari,4
Seittemänkymppiä,4
Tekojärviin,4
Kommentiensa,4
Pyjamaan,4
Go_x4dkwa_q,4
Hk7n_xa40v8,4
Valerie_solanas,4
Kyyneleeni,4
Entisaikoijen,4
Robertsonin,4
Pokissa,4
Sanojakaan,4
Paahaa,4
Rekkamiehille,4
Putkimaisesti,4
Ohittajalla,4
25kph,4
Säilörehu,4
Ajokilla,4
Tökeröyttä,4
Tohtoriohjelmaan,4
Markettienkin,4
Rappiolliseen,4
Objektiivisuudestaan,4
Kantoikin,4
Salaoperaatio,4
Neljänneslitran,4
Pahvipakkauksen,4
Nurmilla,4
Luokkajuttu,4
Käyttäjämäärältään,4
Kasvirasvoihin,4
Homehtumisen,4
Lataustekniikka,4
Liikennekapasiteettia,4
Vastuullisuusasiat,4
Pohjoimaista,4
Tienpinnassa,4
Maailmankarttaan,4
Marvaniassa,4
Mikrokontrollerien,4
Bruttokorotuksen,4
Seksinnälkää,4
Näpytteleen,4
Omakehuun,4
Riipaisemaan,4
Kgpfxcpaqhi,4
Muksujenkin,4
Taivutusluokkia,4
Läsnäolona,4
Johtimena,4
200a,4
5kv,4
Luokkiinsa,4
Peruuteltiin,4
Feministiporukan,4
Toljotus,4
Nettisivuillakaan,4
Humanistialoja,4
Vaatekaappisi,4
Rienauksen,4
Sianlihaton,4
Bondilta,4
Demoniensa,4
890e,4
Seeproilla,4
Mainostarkoitukseen,4
Perämettillä,4
Tahota,4
Meetti,4
Alaluokkaisen,4
Mainostilaksi,4
Heiluteltua,4
Vertaisapua,4
Olemis,4
Lautaverhoilu,4
Sovitetulla,4
Türkei,4
Korjauskelvottomiksi,4
Korjausrakentamista,4
Lisenssoinut,4
Mobiilikäyttöjärjestelmä,4
Pieneä,4
Palkoistanne,4
Kaksinumeroisista,4
Ajokortittomalle,4
Tarth,4
Kommunistipuolueeksi,4
Pertinent,4
Genotoxicity,4
Keskinkertaisenkin,4
Ratakadun,4
Rahoitusväline,4
Harppauksista,4
Toistaessaan,4
Uudistushaluisia,4
Thepoke,4
Mielikuvituksettomuus,4
Mätkinnän,4
Älypuhelinmarkkinoille,4
Taustameteliksi,4
Heittelehtiminen,4
Lähiörakentamisen,4
Kykenevissä,4
Tulikivenkatkuinen,4
Mediabisnestä,4
Avorivi,4
Välimerellisen,4
Lähekkään,4
Kuvottavuuden,4
Brändisi,4
Kausityöntekijä,4
Täppärin,4
Astiasarjaa,4
Latoivat,4
Pyyhkimiselle,4
Salaattibaariin,4
Kiertoilmauksesta,4
Hautauksista,4
Ohjelmistoprojektin,4
Pänttäämässä,4
Tunteisiinvetoava,4
Rahakoneen,4
Digilähetykset,4
Peruskanavat,4
Ärsytysreaktion,4
Suntion,4
Raatoni,4
Ihmismäärillä,4
Ulkoreunoille,4
Castaa,4
Risteyksenä,4
Pistekirjoitus,4
Kajn,4
Juustohöyläämällä,4
Liksakaan,4
Vaitiolosopimuksia,4
Ukotusta,4
Vaestorekisteri,4
Hätämajoitusyksikköön,4
Livestreamit,4
Speedruneissa,4
Macy,4
Kävelyretkiä,4
Työtarkoituksiin,4
100gigaa,4
Viriilinä,4
Finanssivalvoja,4
Talokaupan,4
Syyrialaispakolaiset,4
Väliks,4
Korkeakoulutet,4
Multikultismiin,4
Liivijengille,4
Kyselijällä,4
Romanikerjäläisiin,4
Kotipesää,4
Nössöllä,4
Vetelehtimisen,4
Hyörinyt,4
Nykytuotantoa,4
Perityksi,4
Terminologisen,4
Puhelinlaskuihin,4
Päivätaksalla,4
Isoisääsi,4
Kavaltamiseen,4
Pitkälla,4
Kittas,4
Ohjussiiloja,4
Raflaafa,4
Kastikekauha,4
Puhelinkauppias,4
Kivijalkamyymälöistä,4
Toimitellut,4
Asteestani,4
Kansallislaulukseen,4
Natsilarpista,4
Mankunut,4
1y1ya,4
Yf35g,4
Ravinnerikkaan,4
Castaaminen,4
Kaipaisitte,4
Kuuullut,4
Progressed,4
Hyväksymiskirjeen,4
Mäskiin,4
Eksoottistakin,4
Meijereillä,4
Feattaamaan,4
Trailerpark,4
Järvenpohja,4
Käheällä,4
Uomiaan,4
Glorifioimiseksi,4
Lempipelin,4
Serkkuihinsa,4
Liuenneiden,4
Siunaantua,4
Hälytystehtävistä,4
Ratsastustalli,4
Ryyppylaulu,4
Rakennuspuolelle,4
Ominaispiirteestä,4
Sormenpäitäni,4
Vegaanitkaan,4
Bruttoverrattavaa,4
Palvelusväestä,4
Järjeltään,4
Sormellakin,4
Resoluutiokin,4
N93,4
Luvuillla,4
Sisärakenteet,4
Autoritaarisille,4
Luterilais,4
Juotavalta,4
Hankintaprosessit,4
Lecterin,4
Suomalaisperheessä,4
Slaaveilta,4
Skinareista,4
Kasvistuotteilla,4
My8cnbfkj3s,4
Lahjoittelemaan,4
Poliitikoilleen,4
Majatalot,4
Kevytmielisyyttä,4
Warts,4
Proteiinilähteen,4
Untuvia,4
Marginaalisina,4
Elämänfilosofiasta,4
Ääninäyttelijöinä,4
Silmälasiensa,4
Päälaji,4
Shakir,4
Pärskyen,4
Täsmäävää,4
Historiografiasta,4
Kampataan,4
Consang,4
Uskomustasi,4
Geeniperämä,4
Regressiivien,4
Mellastivat,4
Hartauteen,4
Pakanallisuuden,4
Panttasivat,4
Kerrotteko,4
Kiihkonsa,4
Valtapeleihin,4
Ristiretkissä,4
Itsepetoksesi,4
Bysantille,4
Absolutistisia,4
Absoluuttisempia,4
Kääntyneeseen,4
Tosiaaan,4
4z,4
Kotisiivoojan,4
Paavalilta,4
Suvakoimaan,4
Petäistön,4
Kuohinut,4
Iltalööppeihin,4
Turhauduttu,4
Typpipitoinen,4
Arvosteluperusteena,4
Suunniteltu_vanheneminen,4
Uutisoita,4
Thenewatlantis,4
List_of_wars_and_anthropogenic_disasters_by_death_toll,4
Käännepisteessä,4
Paalaimella,4
Paalaimen,4
Osuuskuntamuotoisesti,4
Hinnoittelumalliin,4
Kurditaistelijoita,4
Amatööritkin,4
Maiseksi,4
Sivuutettavan,4
Heikkenevistä,4
Konsumerismiin,4
Kaeyttaevaet,4
Hionneet,4
Hikosivat,4
Rauhallisempiin,4
Farssimainen,4
Yritysrypästä,4
Pakettihinnoittelu,4
Pakettitoiminnan,4
Laatimiset,4
Talouskuplaa,4
Mansikille,4
Palaanko,4
Liudasta,4
Markkinaohjausta,4
Nollavoitolla,4
Tuhatviisisataa,4
Bännäämällä,4
Virtsanäytettä,4
Kuolemansuudelma,4
Ruususuolaa,4
Oppineelta,4
Downvoteaja,4
Esittämälleni,4
Vertaisteni,4
Quijoten,4
Khymos,4
Teloitustuomio,4
Pörssijärjestelmä,4
Opiskelumenestystä,4
Tekokuitu,4
Aluspaidat,4
Sukkalaatikon,4
Monitoroinnin,4
Yhtiöitetyt,4
Yhdyssanalta,4
Vispasi,4
Pärjäämis,4
Paihoinpitely,4
Rajatilanteen,4
Silmälääkäreitä,4
Devinä,4
Poliittisemmaksi,4
Mittaamaa,4
Juraj,4
Surmaamat,4
Lakikirjansa,4
Madhhab,4
Osumistarkkuus,4
Deathgrind,4
Koristeista,4
Monistu,4
Neuvoillaan,4
Reshape,4
Muslimiyhteisöistä,4
Resistiivisellä,4
Tilannettä,4
Mielekästäkään,4
Hälytystoiminnassa,4
Koulutustoimintaa,4
Kaulankatkoja,4
Webbipalvelimella,4
Vaikuttajiksi,4
Sisustaltaan,4
Kanonisoitiin,4
Kasikymppisiä,4
Auliaasti,4
Päivittäneensä,4
Aikaansaannoksissa,4
Velkavetoista,4
Perheasioiden,4
Realiteet,4
Kapinoidakseen,4
Lyhytnäköisyydellään,4
Yhtiöittensä,4
Prosenttejakin,4
Massaluennoille,4
Uskonnoissaan,4
Vankkureihin,4
Misleads,4
Apeana,4
Oikeistovoimat,4
Huijaussivustolla,4
Papereillahan,4
Muuttoaallosta,4
Sopiessaan,4
Lääkärinluvat,4
Uskoissa,4
Kuuliaisille,4
Työprojekteissa,4
Hakioita,4
Desejä,4
Myönetty,4
Underligt,4
Maavuokra,4
Uskonsotien,4
Käräytettiin,4
Hyysäsivät,4
Parkkiluolasta,4
Pelitalossa,4
Megamarketit,4
Pelisivustojen,4
Rajotusalueella,4
Käyttöaikansa,4
Gameplaytä,4
Rauenneista,4
Peligenren,4
Tekstinkäsittelyohjelmaa,4
Peruskäyttäjästä,4
Torvee,4
Riihimaella,4
Omaamattomat,4
Kalskahda,4
Maassaololle,4
Varotellut,4
Nettiadresseja,4
Pyöräisillä,4
Paistatellessa,4
Vaappuva,4
Pakkauskoneita,4
Painatuksen,4
Työläismuurahaisia,4
Diletanttien,4
Xhr,4
Harvinaisii,4
Jarrutteleva,4
Suugn,4
P5c1m,4
Kyvyssäsi,4
Tietyömaille,4
Neularoskiksia,4
Junaturmassa,4
Yokohaman,4
Ajurista,4
Ylevällä,4
Hierarchically,4
Salatessaan,4
Valheeni,4
Muslimialueilla,4
Keveään,4
Määritelmässäni,4
Kantsupiikki,4
Sensuurijärjestelmää,4
Mehukkaasti,4
Sellukattiloihin,4
Viistä,4
Mikroaaltolinkkejä,4
Laupeutta,4
Kiloiseksi,4
Kärkkyvä,4
Tieverkostojen,4
Kohtalotoveria,4
Markkinointitarkoituksia,4
Louhokselta,4
Enempänä,4
Kohottaneet,4
Rinnastuvaa,4
Nojautuisi,4
Informaatiokin,4
28nominal,4
Heiluttajan,4
Miekkavalaan,4
Kentat,4
Harrastuneisuudestaan,4
Purkaudun,4
Jessicalle,4
Saksalaisita,4
Kierrellessään,4
Weewee,4
Teppokin,4
Kiusaukseksi,4
Kurkoja,4
Venäläistivät,4
Lumota,4
Asiakasprojekti,4
Vartalostani,4
Muslimimaailmasta,4
Lempeämpää,4
Tunkia,4
Pyrkimyksiltä,4
Karjalanpiirakoille,4
Kalakukolle,4
Ilmaiskonsertti,4
Jatkokierrokselle,4
Vierineen,4
Automurto,4
Peggingiä,4
Henkilökustannuksiin,4
Positiiviksi,4
A1karl,4
Lastenkirjallisuuden,4
Vaanitaan,4
Öljyesiintymistä,4
Pätkässäkin,4
Kaihertanut,4
Hongankolistaja,4
Segregaatiolle,4
Henkilötyöpäivän,4
Palveluntuottajista,4
Viisikymppiseltä,4
Ruttoja,4
43a,4
Pakotettunakaan,4
Vaivaannutti,4
Annantalon,4
Vesiongelmia,4
Yorkille,4
Itäaasialainen,4
British_asian,4
Arvuutellut,4
Verorangaistus,4
Uskottavinta,4
Liipaistuttiin,4
Rotherdamin,4
Docina,4
Elostelemaan,4
Pysayttaisi,4
Oppimisprosessissa,4
Polvitaipeesta,4
Homojärjestöjen,4
Sammaltamista,4
Homotusta,4
Terveyslobbarit,4
Hintanousun,4
Ryöstökalastamaan,4
Ravintosisältöjen,4
Puolikkaansa,4
Vaitiolovelvollisuuttaan,4
Minkäänarvoinen,4
Kidutusmurhan,4
Ravintolaruuat,4
Vääntyneenä,4
Hiihdettävä,4
Luistelutyylillä,4
Lähdöillä,4
Kirjanaan,4
Argumenttiakaan,4
Pilee,4
Kuvankäsittelyohjelman,4
Laadukkaimmasta,4
Pääintressi,4
Homineja,4
Maistajan,4
Aikaistyöttömiä,4
Fiilispohjaisen,4
Kannustatte,4
Etsimassa,4
Hirveämmän,4
Ruukaat,4
135g,4
Soijamaidoista,4
Reseptikirjaa,4
Kuunellessa,4
Perustelemattomasti,4
Tietämyksestään,4
Omatekoisiin,4
Tukkukauppias,4
Ammattiajoluvan,4
Syyrialaismiestä,4
Viittaamissa,4
Hummukseen,4
Piimältä,4
Kaatajia,4
Syönny,4
Kiinnijääntiä,4
Tutkimusmatkana,4
Elijät,4
Rakennusjätteet,4
Supattamalla,4
Haukkujasta,4
Rikille,4
Taikinareseptiä,4
Hiiliproomu,4
Bussiturmasta,4
Luistettaisiin,4
Kulinaarisia,4
Outoihinkin,4
Korvikeruokia,4
Tangentially,4
Insituutin,4
Kampittava,4
Naisvastaajista,4
Soijapeltojen,4
Tekopyhyyksiä,4
Terroristiteon,4
Secretaries,4
Middling,4
Terrorismiepäilyjä,4
Ounli,4
Cancerous,4
Muotivillitysten,4
Digitaaliselta,4
Kummiseta,4
Instill,4
Päällimmäiseks,4
Lainarahoin,4
Wiki_,4
E4nest,4
E4misen_suhteen,4
Ammattimaisemmalta,4
Hahmottavia,4
Ympäripyöreämpiä,4
Kirjelaatikoiden,4
Arvauksiaan,4
Kunnossapidolle,4
Redditiläisiä,4
Tiedoksiantona,4
Epäsuosittukin,4
Kertalainen,4
Elinalla,4
Eksplisiittisten,4
Feministilesbotaiteilijan,4
Ahmedeille,4
Uusimisprosenttien,4
Lisärikin,4
Brittihallinnon,4
Bigstory,4
Haaroväliään,4
Manejä,4
Oet,4
Tumpelokin,4
Uayoq_ics6k,4
Tehdasuuteen,4
Komentaen,4
4m40s,4
Reserviläisjärjestöön,4
Epäjohdonmukaiseen,4
Kaksoiskytkinvaihteisto,4
Digitilaukseen,4
Pukeutuvalle,4
Katolisuutta,4
Tuollaisi,4
Tuntityöskentelyyn,4
Sijotan,4
Kalkkunanakkeja,4
Vaerak_2015_2016,4
Vakiokysymys,4
Järjestettyinä,4
Fillaroitsijoita,4
Oppimallaan,4
Intelligencestä,4
Ajokorttikoulutus,4
Kasvaamaan,4
Jähmettyisi,4
Naturalistinen_virhep,4
Rekryäjien,4
Pantissa,4
Summaamiseen,4
Loppupäätökseen,4
Äksiä,4
Uusi_matematiikka,4
Massatuhoase,4
Mahdollistaan,4
Funktiolaskimen,4
Mukahieno,4
Uskonlahkona,4
Puhdistetuksi,4
Kudosvaurio,4
Hommaboteille,4
Unimaskia,4
Kompleksilukujen,4
Päätettävään,4
Käyttötaitoa,4
Työkalulaatikko,4
Perheenyhdistämishakemuksia,4
Ennatyksen,4
Kirvaa,4
Vaahdotin,4
Määrittellä,4
Uusavuttomuudelta,4
Hidastaamaan,4
Väistäjän,4
Hanhilta,4
Matkaavana,4
Tekomaan,4
Banhammeri,4
Agenttiensa,4
Hyväkuntoset,4
Ammattikääntäjät,4
Olemassaolevalta,4
Xing,4
Sosiaalipummausta,4
Talouskurssi,4
Jujutsun,4
Puulattialle,4
Kano,4
72t,4
Tilanneista,4
Keskisemmässä,4
Trilogioiden,4
Menestyksekkäimmistä,4
Retkahtamisen,4
Liisoilla,4
Pikakatsauksella,4
Asiasanaa,4
Leivonnaiseen,4
Kemppistä,4
Kassaneidistä,4
Sykkeesi,4
110s,4
Isoeleisesti,4
Patriarkkiaa,4
Paperisotkun,4
Kaijossa,4
Adressikin,4
Asetyypeistä,4
Saniaisen,4
Mafiana,4
Luottopuolta,4
Kusessaan,4
Vittulua,4
Kamerakännykkää,4
Lehahdus,4
Puheenjohtajavaaliin,4
Metalliesine,4
Panoksille,4
Tunnelirakentamisen,4
Eturauhassyöpiin,4
Paistuminen,4
Korhonenhan,4
Syljeskelevän,4
Aaronsonin,4
Kannatusalue,4
Puksuttava,4
Kortena,4
Mustatukkainen,4
Doverin,4
Eristäytyneeltä,4
Sivukujalta,4
Paastosi,4
Aidantolppia,4
Taipumaa,4
Kypsentämättömiä,4
Miljonaariksi,4
Osakesalkkuihin,4
Absintit,4
Kuvittaminen,4
Riskisempi,4
Innostavaksi,4
Turvapaikkapäätöksiin,4
Epähalutut,4
Alpha61,4
Primenumbershittingbear,4
Testausmenetelmät,4
Menestyjissä,4
Osakeindekseihin,4
Bensasyöpöt,4
Työmarkkinaosapuolia,4
Peralta,4
Yksikaistaiseksi,4
Soittamia,4
Kaheskymmenes,4
Asiakaspalvelu1,4
Hysteerikoiden,4
Paskatkirppisloydot,4
Pikkurikollisuuteen,4
Ohjauslaitteella,4
Vänkyrälle,4
Sillanrakentajan,4
Grammamääräisesti,4
Kuivattuihin,4
Hintalaatusuhdetta,4
Tukialuetta,4
Hellekelit,4
Opetuskokonaisuus,4
Aukikirjoittaminen,4
Harhaluuloisesti,4
Lavrovhan,4
Shere,4
Takapakkina,4
Seksuaalikulttuuri,4
Ylipäätänsään,4
Hiljaisinta,4
Lé,4
Rakensikin,4
Trat,4
Liiketoimensa,4
Vähemmistöosakkaaksi,4
Lugeda,4
Maahanmuuttajavähemmistöjä,4
Nykypalkka,4
General_election_trump_vs_sanders,4
Muud,4
Metalliselle,4
Markkinatalousmallin,4
Kutistuisivat,4
Näinud,4
Vähem,4
Keelest,4
Kuukap,4
Tõnis,4
Lätti,4
Emailing,4
Tahattomuudella,4
Savuluita,4
Palvilihaa,4
Landscape_large,4
Hedelmäisestä,4
Fruktoosisiirapilla,4
Qarty12,4
Naputtamasta,4
2400mm,4
Umbes,4
Sosialistipuoluetta,4
Kapakalaa,4
Ammattipoliitikkoihin,4
Kannatusprosenteilla,4
Joukkokanteiden,4
Paiskimista,4
Ropeltamaan,4
Ruaksi,4
Ratsastavana,4
Hapless,4
Luuskia,4
Perot,4
Pyhimpien,4
Ammuskeleminen,4
Nyrjäyttänyt,4
Vaalitilaisuudesta,4
Törmäillen,4
Hoarded,4
Squandered,4
Multitudes,4
Yhisti,4
Vitsailulta,4
M29073,4
Ammattisotilaalla,4
Jemmaamista,4
Ryöstäessä,4
Autolinjalle,4
Starta,4
Manniskor,4
Driva,4
Red_herring,4
Cx93hzlkte4,4
Työttömyysjaksolla,4
Yrittäjäriskiin,4
Nauhoitettuun,4
Kehumiseksi,4
Tulkintatavalla,4
Teholatureita,4
Taloussuhdannetta,4
Odottelijoita,4
Valonheittimillä,4
Vesitystä,4
Jaliksen,4
Superpesistä,4
Lähialueeseen,4
Mahalaukkuja,4
Keskittäessä,4
Kohdistaessa,4
Lesoili,4
Gehen,4
Varakapteeni,4
Juonnosta,4
Minigolfrata,4
Kontaktoitu,4
Näköyhteydessä,4
Inlineimage,4
Sukurutsaamisen,4
Urheiluohjelmien,4
Keikahdus,4
Tovereitasi,4
Lähdematskua,4
Feediäni,4
Brained,4
Kärkipuolue,4
Tehdaspaikkakuntien,4
Pesäpaikkaa,4
Mielensäpahoittamis,4
Aikaisempiinkin,4
Scouttaavat,4
Nykyisine,4
Kapitalisointia,4
Vaateliikkeeseen,4
Varmistuivat,4
Rautakanslerin,4
Croshaw,4
Nimipäiväkalenterin,4
Workingpapers,4
Tuulevan,4
Shalimarin,4
Jääkalikkana,4
Nahoissamme,4
Ajotunteihin,4
Päästörajoituksissa,4
Kerjäyksen,4
Popliinitakki,4
Työasennon,4
Kaitsijaa,4
Pienituloisinta,4
L8p61,4
Syyspäivä,4
Markkinamme,4
Palvelutaloudesta,4
Sivutöiden,4
Rekisterihallinnon,4
Peperone,4
Sakiampi,4
Kuluttavani,4
Sheetti,4
Sähkökuluja,4
Romanikerjäläistä,4
Aaltopellistä,4
Kaivosfirmoihin,4
Teoriatuntien,4
Robotiikalle,4
Nörttipoikien,4
Hiustenleikkuulla,4
Nuhruinen,4
Huiskimaan,4
Objektifiointia,4
Vittuiluni,4
Demokratiamalli,4
Syöpäinstituutti,4
Loistavinta,4
Arvoiminen,4
Metallitekniikka,4
Lepuutettu,4
Auliimpia,4
Tirauta,4
Favourably,4
Dimensioihin,4
Pakittelee,4
Kiisteltäisi,4
Naistarjoilijaa,4
Epäsovinnaiset,4
Tilikautensa,4
Vähänpuoleisesti,4
Vehnäleivästä,4
Lentokelpoinen,4
Linssimuhennosta,4
Grillimakkaraan,4
Mukavuudenhaluiselle,4
Ferment,4
Proteiinikoostumus,4
Ateriakin,4
Rintarauhasten,4
Luukato,4
Oheisvaikutuksista,4
Työläimpiä,4
Partiolaisista,4
Kovalaatuinen,4
Floatti,4
Fanaattisin,4
Ionipumppujen,4
Suomen_perustuslaki,4
Pohjallasi,4
Pacit,4
Hsts,4
Hienojakoisempi,4
Foreign_support_of_finland_in_the_winter_war,4
Liharuokaakin,4
Palaverointiin,4
Rapissu,4
Epäjumalanpalvelusta,4
Itsenäisyysäänestyksen,4
Tiimiimme,4
Intensifioituminen,4
500keur,4
Kerhotilaa,4
Lämmitelläkseen,4
Tutustumispäivänä,4
Romppeille,4
Vasemmistoanarkismia,4
Ilkivallantekijöiden,4
Risaseksi,4
Sairasosastolla,4
Hiirenpaskan,4
Sputum,4
Ylityörahat,4
Tuntimääräksi,4
Ojennellaan,4
Jalkapalloilua,4
Varjoaineen,4
Isonkaan,4
Valvontajärjestelmiin,4
Radiopaedia,4
Pitkäkestoisuutta,4
Sinisimpukoita,4
Metrokaan,4
Rappioitunutta,4
Papui,4
Tiedonjaolla,4
Antosaa,4
Keskikoosta,4
Ventissä,4
Myyntipalkkiot,4
Umpirasistisen,4
Pöljemmäksi,4
Luovutakaan,4
Jauhelihasoossia,4
Tunnistettud,4
Liikeideoiden,4
Typerimmällä,4
Tulew,4
Lakitieteellistä,4
Väkertään,4
Parannushanke,4
Asuntoneliöitä,4
Synnytettyään,4
Testivideon,4
Laillistetaa,4
Kuluttajatutkimusta,4
Hitsaava,4
Peurakin,4
Laukkoo,4
Utus,4
Proteiininlähteiden,4
Alaäänestäneille,4
Eläinoikeusajattelun,4
Ottamaasi,4
Osaomistusasunnot,4
Tietokoneestani,4
Asiassakaan,4
Tottumattomuus,4
Prässistä,4
Tahtoisia,4
Kyseenalaistais,4
Jännittyneessä,4
Kyllöseltä,4
Skandaalihakuinen,4
Taivuttamiseen,4
Lisensioi,4
Tastyn,4
Kuuntelinpa,4
Ilmastoennusteet,4
Kiinnostumattomien,4
Rautatieverkosta,4
Urheiluihminen,4
Työkiireisiin,4
Liipaistumiseen,4
Tekijänoikeuslaeissa,4
Nuolessa,4
Tattipää,4
Maallisempia,4
T450,4
Qbdyewofcly,4
Superpöpöt,4
Piirry,4
Aluetoimistojen,4
Lepoaikaan,4
Selkääntaputusta,4
Materialisoitumista,4
Työkuormaani,4
Läsnäolostasi,4
Pehmentävää,4
Oleennaiseen,4
Kahjoilla,4
Sisävesiristeily,4
Pilkotulla,4
Lyhentämiset,4
Yksikkökustannuksista,4
Heijastevaikutukset,4
Materiaalisena,4
Avajaisviikolla,4
Rakennusbuumia,4
Linkkuveitset,4
Kantasuomalaisenkaan,4
Vaalipiirikohtaiset,4
Likaantunutta,4
Kosketusnäytöille,4
Hienotunteisempaa,4
Olien,4
Kosmopoliittista,4
Voittomahdollisuuksien,4
Pikkukadulla,4
Kertatuleen,4
Heilahtelivat,4
Schwartzin,4
Tuonnäköinen,4
Paukuttaisi,4
Cowell,4
Huononnuksen,4
Habermasin,4
Massahysteriasta,4
Oohon,4
Kerroinvaikutusta,4
Luentomonisteita,4
Nettiarkistosta,4
Tientenkään,4
Paukuttavan,4
Harhakuvitelmasi,4
Statweb,4
Ylihoidosta,4
Loog,4
Davidguetta,4
Terroristilistalta,4
I7vmcmjbjd4,4
Riisipelloista,4
Pikkusinisiipi,4
Haihdutettuna,4
Satutuokiossa,4
Synttäreillesi,4
Vowfp8,4
Oodissa_laaja_poliisiteht,4
A4_drag_queenin,4
Keskimaitoo,4
Ohjailukyky,4
Seksialakulttuuria,4
Prakrti,4
Devilsien,4
Dominaan,4
Geenijätettä,4
Aromaterapiateline,4
Rannaksi,4
Milwaukeella,4
Leveragena,4
Kanaranskalaiset,4
Päihdehöyryissä,4
Sysata,4
Nalanhadan,4
Underscorebot,4
Luottokorttilomakkeen,4
Morjo,4
Salikamppeet,4
Suositusia,4
Arvonsiirtoverkon,4
Lainamarkkinaan,4
Luvun_suomalaisista_elokuvista,4
Fuxianyi,4
Rowlla,4
Irs2mar02,4
Sääkarttojen,4
Kope,4
Duo16722,4
Dodikin,4
Mursusaaga,4
Vangitsemismetodi,4
Ehdhonalainen,4
Hillosilmät,4
Maahanmuuttajamiehiin,4
Valtakunnantyötä,4
Rheem,4
Shakkirobotti,4
Jatkokysymyksiäkin,4
Anoreksiatausta,4
Fillaritkin,4
Pyynikissä,4
Vuokralaatikoihin,4
Kurjenmiekka,4
Houser,4
Llpsi,4
Everlook,4
Korkkilattian,4
Kohdunulkoisten,4
List_of_mass_shootings_in_the_united_states_in_2022,4
Kerrostalolähiötä,4
Sammakkofoorumien,4
Sisätutkimuksen,4
Sakkomenettelyyn,4
Condescension,4
Minuata,4
Pizzaboksi,4
Heikentäväksi,4
Herätettäis,4
Viilentimen,4
Ööp,4
Pelokkuuttaan,4
1l2ef1cp,4
Mindedly,4
Koisat,4
B6pumppu,4
Tyrkiye,4
Luovutuspyyntöjen,4
Ikäisillekin,4
Tytöteltäisiin,4
Paskanjauhamiselle,4
Valumaefektistä,4
Kihlasormukset,4
Kylmäkallella,4
Hampurilaisketjujen,4
Kihla,4
Mellanmjölk,4
Technoa,4
Meikkaavaa,4
Zbdwdw9f3mc,4
Turvallisuuspuutteen,4
Turrikulttuuria,4
Jakaneeseen,4
5bfile,4
Lämpökilpi,4
Hiussiirteen,4
Psychiatrictimes,4
Kanti,4
Ketkuttamisesta,4
Painossasi,4
Murroiän,4
Järjestyssääntöön,4
Cska,4
Maratoonit,4
Ylijäämätavara,4
Kojelautakameralla,4
Takalaa,4
Legitiimejäkin,4
Papaattia,4
Diomede,4
Saavutettavuudessa,4
Epäsoveltuva,4
Mepcon,4
Normituloinen,4
Kiusoitteleva,4
Tykinpiippujen,4
Liikkuneille,4
Validaattorit,4
Validaattoreita,4
Nippard,4
Miinuskaloreita,4
Pelialustaa,4
Alustataloudesta,4
Jousipatja,4
96a111dd,4
Bc8a,4
66fc,4
A8aa7991a31e,4
Veroetuudet,4
Cbcd,4
Saviano,4
Meller,4
Napolilaisten,4
Säädösvalmistelu,4
Tunntuu,4
Formulakisan,4
Alkoholiliikkeitä,4
Lanssikyyti,4
Hirudoid,4
Viranomaisuutiset,4
A292cf00,4
B905236a7909,4
Peruskestävyyslenkkejä,4
Keittiökamat,4
Minipillereillä,4
Rasvamäärän,4
Ukrainamyönteisiä,4
Bensaturistit,4
Nummenmäki,4
Aa90,4
Efesos,4
Ehdotona,4
Hedelmäpilttejä,4
Nälkiintymisestä,4
Sk7p_t5so68,4
Airships,4
Nahoiksi,4
Kekomuurahaiset,4
Ylivuotona,4
Nokkakärryä,4
Väärinsukupuolittamisesta,4
Penkinlämmittimestä,4
Vesipostit,4
Pontikkasinappia,4
Karpaloa,4
_________________________________________,4
Opiskelurauhasta,4
Kasvitiedettä,4
Deontologiaan,4
Ehkäisyvalmisteet,4
Dystooppisempaa,4
Tarkkuusohjuksia,4
Murkuloiden,4
Fiksautuminen,4
700ml,4
Tulistu,4
Tennismailalla,4
Kuulostaaksesi,4
Eksplisiittiseksi,4
Hoitotoimenpiteeseen,4
Ratatöistä,4
Sanoituksissaan,4
Työterveydenhuollolle,4
Päällekäisyyksistä,4
Ylihoitoa,4
Puolustuspäässä,4
Korvaamattomalla,4
Kebabrullasta,4
Velkaantuneisuuteen,4
Leivontatarvikkeita,4
Cale,4
Soutuveneillä,4
Pampulta,4
Monsuunit,4
Teoreettisemmaksi,4
Eristelevyn,4
Pöhöttimen,4
Kuivalihasta,4
Vapaaehtoisuutensa,4
Poked,4
Vedes,4
Ke8skw,4
Vieraspyyhe,4
Kooditonta,4
Tekotapoihin,4
Mellakkapoliisilla,4
Katkoissa,4
Minishortsit,4
Huudelta,4
Kutvanaa,4
Rumpukonetta,4
Livekeikalla,4
Taltioinnit,4
Extraditions,4
Korvausilmat,4
Livetaltioinnit,4
Hyvistellä,4
Neuvolakäynnistä,4
Valloittamiksi,4
Rajapintansa,4
Ottavalta,4
Uutisseurannassa,4
Syöttölässä,4
Muistuttaja,4
Radiaattorin,4
Turpoaisi,4
Pillaging,4
Kaksisuuntaisiksi,4
Vaistaa,4
Mediakampanjoinnin,4
Lihapihvi,4
Samantyylisten,4
Onnekkaammat,4
Simpuisto,4
Simsafari,4
Villiyrtit,4
Hnvspkftnho,4
Kerryttäneenä,4
Maittavuutta,4
Vaikutuspiiristään,4
Romuvarastoon,4
Murhatuilla,4
Selviytymisesi,4
Kiduttamiselta,4
Kouluttauduit,4
Dannylla,4
Demolevy,4
Legitimisointia,4
Pöyristelevät,4
Sediksi,4
Loukkaamistarkoituksesta,4
Vannovassa,4
Pikalataukselle,4
Perspektiiviksi,4
Joustokykyä,4
Mammuttimaisia,4
Puoluekannastani,4
Kullittanut,4
Inttis,4
Rumimmasta,4
Hiilihappovesi,4
Päänojan,4
Postilaatikkoo,4
Makarooniloota,4
Spydäriin,4
Vaaditulta,4
Kustannusrasitetta,4
Siviililentokoneita,4
Queenina,4
Hinnoillahan,4
Terrorismisyyte,4
Carolan,4
Akkadian,4
Dimly,4
Ilmanottoa,4
Lastenmusiikki,4
Mitenkäään,4
Kisapaikalle,4
Kovaäänisemmät,4
Päihderiippuvaisilla,4
Palvelukassan,4
Henkilöstötarvetta,4
Paakallo,4
Suohirviöitä,4
Paikkakuntasidonnainen,4
Pääkalloilla,4
20eiv,4
Näkyleipä,4
Kattaan,4
Jakaneella,4
Etupiirillä,4
Roskajoukkoa,4
Jengitiloissa,4
Varastimme,4
Ansaintakeinona,4
Indoktrinoitua,4
Kansanaanestys,4
Vuotiast,4
Henkilökuvansa,4
Wokeismissa,4
Kapsaisiiniä,4
Lohkastu,4
Finglishiltä,4
Uskomusjärjestelmissä,4
Racialized,4
Muistioksi,4
Yläosien,4
Arkimeikki,4
Tulikartta,4
Riskirajojen,4
Lookkeja,4
Pohjaratkaisultaan,4
Yugoslaviasta,4
Kestettäväksi,4
Puuteroitu,4
Ruiskuu,4
Ojentajat,4
Avustusrahoilla,4
Enari,4
Nakuranta,4
Vastustinkin,4
Korkeavyötäröisiä,4
Vaikuttavimpiin,4
Milläään,4
Valtiorahoitteisessa,4
Mikrotransaktioiden,4
Yrityskauppavalvontaa,4
Nakurannalla,4
Äkkisyvää,4
Flyersin,4
Katujengirikollisuuteen,4
Minimivarustuksella,4
Npjw567fqek,4
Valtionkassan,4
Taisteluvaunu,4
Asehullun,4
Hälyttivät,4
61t,4
Viitatar,4
Pyykkitelineitä,4
Modifikaatioilla,4
Kauppislaisen,4
Asiakasmäärälle,4
Peruslenkkarit,4
Hiljainenkin,4
Sportteja,4
Vdhr50,4
Limaisessa,4
410g,4
Universit,4
Kiekkolegendan,4
Noman,4
Clientissa,4
Verkkoliikenteesi,4
Päihderiippuvaisilta,4
Itäukrainassa,4
Mainostajaksi,4
Theotherdanishguy,4
Trollifirmat,4
Harjoituskerralla,4
Pommiuhkausta,4
Generoiduissa,4
Säädyllisempää,4
Vuokratyöfirmoilla,4
Mouthiin,4
Puutukkiset,4
Puoliautomaateista,4
Asetyypistä,4
Tulinopeuteen,4
Patenttilait,4
Megatrendeissä,4
Thorri,4
Sanoes,4
Attribuutiota,4
Pyörätuolis,4
Sikaloista,4
Meppipaikkaa,4
Huiputkaan,4
Vjatsheslav,4
Vinyylilevyn,4
Syväsukellusta,4
Sotabudjettiin,4
Jälkeenjääneisyyteen,4
Käyttäjävirheen,4
Rasvapommeja,4
Tälleenkin,4
Suurennoksiin,4
Vuosimaksujen,4
Typpilaskeuma,4
Metsienterveys,4
Paikallispuudutusta,4
Nykyisenlaajuista,4
Inejiro,4
Lisähuoneen,4
Punakaarteihin,4
Kalkkunamaan,4
Liukulukuja,4
Hiiviskelevä,4
Asanuma,4
Liinu,4
Kaalisopan,4
Viejille,4
Täräyttävän,4
Toimenpidemaksuja,4
Telomaksi,4
Saippuavedessä,4
Pestyistä,4
Kakuttaa,4
Tyykkäävät,4
Wefn,4
Leipälautanen,4
Urkainan,4
Epäsensitiivistä,4
Sarastiaa,4
Esiteltäviä,4
Tekareihin,4
Rivitekijänä,4
Kellotetun,4
Palkanmaksujärjestelmän,4
Uusivien,4
Trafi2,4
Lähiautomaattiin,4
Vertaisverkkoon,4
Rulettipöytään,4
Helsinginlipputehdas,4
Kryptovaluutatkin,4
Turunseurakunnat,4
Oikeanelämän,4
Koulutusuudistukset,4
20reported,4
Osittais,4
Puolirikollista,4
Liikkumistapaan,4
Rasittamalla,4
Treenikaveriksi,4
Lehdistötiedotteiksi,4
Perusliikkeiden,4
Miinuskaloreille,4
Kuoriaisista,4
Vaihdonvälineenä,4
Jakoisen,4
Rosteripannua,4
Peruskulutuksesta,4
Moonilaisten,4
Rikastuisikin,4
Terveyshistoriaan,4
Tulppaanimaniaan,4
Seisoaltaan,4
Ruskistukseen,4
Taksijärjestelmästä,4
Takaisinvaltaamisesta,4
Prost,4
Liikumista,4
Vuokraustoiminnasta,4
Hekvetin,4
Halajavalle,4
Jadesoturin,4
Amppia,4
Uudelleenfilmatisointeja,4
Rahoitteisesta,4
Riskilainoja,4
Palveluin,4
Pankkiunionissa,4
Kysymyksissäni,4
Asuntolainamarkkinoilla,4
Doneksi,4
Työsuhdepyörät,4
Sijoituslainaan,4
Kuntaosuuden,4
Toolon,4
Kesäduunaria,4
Ruuhkamaksujakaan,4
Turvallisuustarpeet,4
Aseistua,4
Jotter,4
Qpkkqnijnsm,4
Yrityslainsäädäntöä,4
Päässälaskutaidon,4
Tutkimusmaailman,4
Rakennusvirhepankki,4
Insidentin,4
Lahjoittamisella,4
Uutisextran,4
Elähtäneeltä,4
Tsihanouskaja,4
Sosialistisimmista,4
Historiakirjoitus,4
Suomettumalla,4
Puntareita,4
Kiihkouskovaisuutta,4
Lähituottajat,4
Sivistymättömyyttäni,4
Tilipussien,4
Vaihtoehtoinenkin,4
Putkihankkeeseen,4
Fp_yleisohjelma,4
1er,4
Mammalomalle,4
Tuoteryhmälle,4
Efektiivisten,4
Käyttöönotettava,4
Tagliatelle,4
Enintaan,4
Uspenski,4
Sarkisailyke,4
Hoitovälineet,4
Karolina,4
Huoltokatkon,4
La_petite_mort,4
Raivokkaaksi,4
14_kat_004_fi,4
Nielaiset,4
Samanlaisiks,4
Huumehörhöihin,4
Kofeiinitablettien,4
Somersault,4
Golfpiste,4
Seljankaa,4
Rajoituspäätös,4
Brändituotteisiin,4
Irstaasta,4
Siveästä,4
Puuvillalakanat,4
Napsimisen,4
Oikislaiset,4
Bensarallista,4
Tarkistettais,4
Kuolemansairaana,4
Desia,4
Nimbyilevät,4
Syyttävillä,4
Seteissään,4
Lääkäritalossa,4
Saunavihdan,4
Selina,4
Leasingautoja,4
A4ksyy,4
Lainalyhennyksiin,4
Laitetoimittajaksi,4
Lyhytnäköisyydelle,4
Käyttöhuoneena,4
Kymmentuhatkertaisesti,4
Kiljunenhan,4
Ylläpidettyy,4
Ylläpidetyssä,4
Siirtokyky,4
Valmisateriaa,4
Globaalikapitalismin,4
Harjuksen,4
Ydinjätteeltä,4
Omenalimppari,4
Suolaisilta,4
Rantavedestä,4
Minipilleriä,4
Tasoluokka,4
Paavalikko,4
Laulunkin,4
Kivunhoidollinen,4
Elämänlaatumme,4
Luonnonvihaajat,4
Ihmiskauppaakin,4
Ffr,4
Kädenulottuvilla,4
Sotaoperaatioiden,4
Kypsennykseen,4
Mursuille,4
Rauhanturvaamisoperaation,4
Reaalikustannuksista,4
Subventoinnille,4
Pysköinti,4
Cktsqixmo720e0b000if3drcy,4
Sirren,4
Kaupunkisuunittelua,4
Telenko,4
Bussiakin,4
Muuntohuumeille,4
Serbitasavalta,4
B6llinen_s,4
Uvaldessa,4
Suhaten,4
Katuverkosta,4
Päätöksentekijöissä,4
Kosmetiikkana,4
Havainnoillistetaan,4
Hysterisoidaan,4
Kemialtaan,4
Varavirtalähteenä,4
Uudia,4
Basaarikauppiaiden,4
Etupainotteista,4
Sairastumisille,4
Cawthorn,4
Asumislupa,4
Powermag,4
Rahanpainamiselle,4
Kyseisem,4
Korpivaara,4
Nelikulmion,4
Kaupunkivihreiden,4
Kreuzbergissä,4
Faktapohjaisempi,4
Harjannekin,4
Xicrnilqgyc,4
Nukutukset,4
Estranged,4
Ganoush,4
Harrasteväline,4
Ohjevideot,4
Vakuutuspalvelut,4
Taiteellisuuteen,4
Tuntitehokkuus,4
Sotilaskarkurin,4
Stalked,4
Eläkeiätkin,4
Tukimallien,4
Pirulan,4
Huomiovärillä,4
Alatiesynnytyksessä,4
Bonnen,4
Sektioita,4
Tosiasn,4
Makusiirappi,4
Käyttötunti,4
Vasemmistokupla,4
Liftasivat,4
Lyhennetyillä,4
1krs,4
Kalliimpaankaan,4
Hienontaa,4
54g,4
Beccs,4
Metsämaaksi,4
Hintapiikeiltä,4
Talutettavan,4
1d7,4
Nappaimistohatut,4
Kamiinoiden,4
Metanolille,4
Koostetutkimuksia,4
Liiketilatkin,4
Miestenvälistä,4
Traktaatin,4
Tribaalinen,4
Admissible,4
Stigmatizing,4
Orbánilla,4
Normeilta,4
Jehoviksi,4
Lähipiiriläisten,4
Päivänpolttavissa,4
Sairastavuusindeksi,4
Oveltasi,4
3apinterest,4
Kinkkukiusaukseen,4
Theyn,4
Valtakunnansalilla,4
Ministeripestistään,4
Tervedenhuoltoa,4
Oililla,4
Rantakivikossa,4
Kanawokkia,4
Siliävät,4
Insinöörihenkiset,4
Merkintävirheen,4
Rasismivapaata,4
Uskontotunti,4
Runoilijaan,4
Majoittajan,4
Gabbas,4
Gorbatshovista,4
Viisumihakemuksiin,4
Ruokamäärillä,4
Kaloritiheitä,4
Ravintoterapeuteilla,4
Ruokavaa,4
Pakkoverotus,4
Työtätekemättömät,4
Saxenda,4
Mihailin,4
Mx5,4
Polttelijana,4
Hiekotetut,4
Todistellessa,4
233e,4
Kirkossamme,4
Katkuilla,4
Kissanpissa,4
Tsirra,4
Ohitustilanteeseen,4
Reunemmassa,4
Orjatyöjärjestelmä,4
Alkuperäisamerikkalaisten,4
Hopeakaivoksissa,4
Pfomvgdy8hk,4
Yrttiseltä,4
Hankintalakihan,4
Nokkakärryyn,4
Multako,4
Lisälääkkeenä,4
Mppt,4
Sopimuslaskutus,4
Spicearoma,4
Venäläisellekin,4
Kolesterolini,4
Mikrotransaktioihin,4
Lisävarusteissa,4
Siltkään,4
Elämäntapamuutokselle,4
Ruokailutilasta,4
Arbiträäri,4
Pyramidikusetuksesta,4
Paistopistetuotteen,4
Vyoturkiskuoriainen,4
Harjutori,4
Tukkukamaa,4
Jäinkään,4
Palautevayla,4
Vaaleaihoisiksi,4
Kassahenkilökunnan,4
Ystävystymättä,4
Stealthiin,4
Roolipelaamisesta,4
Sitouttaisivat,4
Pizzerianapoli,4
Ericasta,4
Pakolaisnuoria,4
Hiitola,4
Samaistettu,4
Naapurileirin,4
Henkilölläni,4
Aukomisella,4
Mursuilta,4
Grilliruoat,4
Tonnikaloihin,4
Varovaisessa,4
Jjp73uzl5cq,4
Tilannnetta,4
Accelerando,4
1kj,4
Ekufi,4
Alivakuuttaneet,4
Eläkevakuutusmaksuihin,4
Tuontienergialla,4
Ohlpmxltxpw,4
Länkkäriltä,4
Kokannu,4
Glasnostgone,4
Kuraakaan,4
Vessaani,4
Keskeytyneen,4
Rajatapauksien,4
Ymmärtäessäni,4
Lisääntymisterveydestä,4
Avokadopastaa,4
Fariseuksille,4
Jänikseltä,4
Luonnonsuojelijoilla,4
Taustatarkastuksia,4
Marinadeilla,4
Käypäisen,4
Leijonakanta,4
Pinkeitä,4
Salaatinkastikkeen,4
Republikaanejakin,4
Elinluovutusta,4
Rakennusohjeet,4
Tallennuskapasiteettia,4
Marinoiduilla,4
Kommentaarista,4
Keskilämmölle,4
Paistetuilla,4
Sopimusperusteinen,4
Sotinee,4
Ihmispersoonan,4
Virtsaputkea,4
Edistyksellisimmistä,4
Päätetylle,4
Naturellit,4
Jalkapallopelejä,4
Sekottaen,4
Followia,4
Abortoijia,4
Uhanalaisilla,4
Elinalueeltaan,4
Kettuakaan,4
Levinneeltä,4
Norppakantaa,4
Feikkeihin,4
Ahdistaviakin,4
Säädeltävä,4
Rahastamisella,4
Tinaan,4
Tanya,4
Siittämishetkestä,4
Maateitä,4
Raskausviikkoja,4
Teinki,4
Selättäisi,4
Pleikkaohjaimen,4
Iloitsevansa,4
Lääkitsivät,4
Aakkosjärjestystä,4
Tilaihmeitä,4
Lillutella,4
Tiluksilta,4
Idoleiltaan,4
Yhdenlaisten,4
Puhumistasi,4
Hakkeroitumaan,4
Mielensairaudet,4
Pahoinpitelevää,4
Rimaansa,4
Ruuhkauttaneet,4
Kallehan,4
Siipeilee,4
Äänittäisi,4
Trolleineen,4
Äärivasemmistolais,4
Erittelinkin,4
Personallisuushäiriö,4
Kutisevan,4
Nykykäsitystä,4
Realisoimattomia,4
Liiskautuu,4
Kukoistaessa,4
Vaarantumisella,4
Kulkumatka,4
Ilmastopsykoosista,4
Selittäisitte,4
Pilkussa,4
Pöllöltä,4
Verko,4
Likaistenvarpaitteni,4
Arvokonservatiiville,4
Asiateksteihin,4
Ihmistuntijoita,4
Oligarkioita,4
Bongauksia,4
Alapäiden,4
Rnnen,4
Pikkusieluisena,4
Sakkomenettelyä,4
Tuomarinsa,4
Multikulttuurillinen,4
Kondensaattoreista,4
Purnannut,4
Kevytkermaa,4
Rationaalin,4
Kierrättä,4
Vähemmistöämme,4
Akateemisemmalta,4
Tulostava,4
Oikeudenmukaisuusteorian,4
Hanssonin,4
Miesartisteja,4
Lehtihyllyn,4
Excl,4
Kuulutuksiin,4
Palveluntuottajaan,4
Puhelinfirman,4
Puhelinaspan,4
Duunattiin,4
Salaattiakaan,4
Painepesureilla,4
Mausteseoksesta,4
Puhdistautumaan,4
Väylävirastossa,4
Pakotetan,4
Aborttimyönteinen,4
Puolijoukkuetelttoihin,4
Isotöisempi,4
Metsänhoitosuositusten,4
Replete,4
Buzzing,4
Hurled,4
Paused,4
Sammakkofoorumi,4
Juomatölkkejä,4
Kuupahtaa,4
Raskauksilla,4
Ravintoketjuihin,4
Vaatikaan,4
Kopiointimaksu,4
Savyt,4
Tsen,4
Tiimityönä,4
Storhaugin,4
Homokansa,4
Vastaanottoajoista,4
Aktivointitoimista,4
Sydänlääkettä,4
Sosiaalipuolta,4
Vastaanottokäyntiä,4
Kritsoidaan,4
Realistisimpana,4
Metallihommat,4
Dddddddddddddddddddd,4
Säännöstelyillä,4
Teknisyyden,4
Hipaisua,4
Vedenottopaikkoja,4
Etunojan,4
Päälauseeseen,4
Hitsaavat,4
Digimuotoon,4
Epäviehättävistä,4
Reissunne,4
Jääkiekkoilijana,4
Ilmatorjuntamies,4
Yhtääb,4
Vaelluskengistä,4
Conflated,4
Autovakuutuksesi,4
Vaativissakin,4
Reittisuunnitelmaa,4
Kuulutusten,4
Annoksissaan,4
Päiväkulutukseen,4
Energiatiivistä,4
Huitomiset,4
Hyttyskarkoitetta,4
Järvenrannassa,4
Turise,4
Tasakentällisin,4
Kirreä,4
Ruokaisaan,4
Pastakoneella,4
Tekstiartikkeleita,4
Pienpalkkaisilla,4
Leffalipulla,4
Sairaslomalapun,4
Opeteltuani,4
Ferritiinistä,4
Kirvelevät,4
Picnicille,4
Logistiikkaongelmien,4
Lyhdyllä,4
Löytymäänkään,4
Abortinvastustajia,4
Metsistäni,4
20nopea,4
Tavaroilta,4
Tuotemääräysten,4
Divaritason,4
Kylmähylly,4
Nykyselläänkään,4
Lisätät,4
Selkäsaunasta,4
Heilahdin,4
Idealistisin,4
Dakotat,4
Uslakes,4
Starboja,4
Paikkaajaksi,4
Jähmeän,4
Viinirypäleillä,4
Radioverkon,4
Järjestämisvastuussa,4
Energiakaan,4
Ruokasia,4
Pahvikin,4
Oletussubeihin,4
Pimahtavat,4
Festarikeikkaa,4
Rakennusluvissa,4
Kirkonkyliä,4
Karnevalisoinnin,4
Kylmäpussin,4
Toimistotyöaikaan,4
Suvaitsemattomana,4
Ekspertiltä,4
Kattamia,4
Pensalan,4
Raapustelen,4
Ajtuksen,4
Raiskaaville,4
Selkeytettiin,4
Sanansaattajiksi,4
Aanikirjat,4
Kirottaisiin,4
Toimittaisiinkin,4
Heinäkenkiä,4
Leikkokukkia,4
Järkyttävimmistä,4
Aborttina,4
Pallihien,4
Ahdistelukohu,4
Näyttämisenhalua,4
Helveltin,4
Vetoavulla,4
Pakettikoneesta,4
Upottamisella,4
Piskiin,4
Retkipatjaa,4
Pätsistä,4
Koronakoiria,4
Vesikuppi,4
Siirtävään,4
Lämpötasapaino,4
Pintaverenkierto,4
Erikoisjuomia,4
Kiisseleitä,4
Junavaunusta,4
Viimevuotisissa,4
Rakennustapaa,4
Redditläiset,4
Hoidos,4
Vinksahtaneeseen,4
Imeväiset,4
Keräysastioita,4
Pumputkin,4
Ilppien,4
Kannellessa,4
Lössähtää,4
Näppäinlukkoa,4
Kurvilla,4
Puhaltimelle,4
Isoruokainen,4
Tyhmempäänkin,4
Netoksi,4
Vetehen,4
Isäntäväelle,4
Viilentäessä,4
Välikin,4
Ruokapöytäänsä,4
Uloimpaan,4
Italialaistenkin,4
5kymppinen,4
Tervettäkään,4
Käyttöasennossa,4
Siedettävämpänä,4
Yliotteesta,4
Varustautumisensa,4
98s,4
Heijastimena,4
Vesivoimayhtiöitä,4
4fe2,4
Ac67,4
Polleista,4
Tenkasta,4
Sacrebleu,4
Huonekoko,4
Kannuksilla,4
Degeneroituneet,4
Purkuvaiheessa,4
Ulkohuusi,4
Avautumistani,4
Ratakiskoille,4
Seikkailuhattu,4
Hyllyen,4
Junanvaunuissa,4
Pöllien,4
Epäinhimillistämiseen,4
Suhteinen,4
Maistamistani,4
Kansalliskaartista,4
Paikallispoliisit,4
Liimailemalla,4
Asemoidut,4
Kaapattavaksi,4
Nakukuva,4
Leuhkimisena,4
Muuttokustannuksista,4
Sanallinenkin,4
Lakipätkän,4
Alaikäisillekkin,4
Puheissakin,4
Ympärileikkauskin,4
20service,4
Jatkomahdollisuudet,4
Haistelivat,4
Kylmähyllyjen,4
Puhelinkyselyyn,4
Perheoikeuksia,4
Liittyjälle,4
Saatetekstein,4
Lihapihviä,4
5000kpl,4
Nöyryytettävä,4
Treenauksella,4
Holillinen,4
Fotorealistista,4
Metallipäänä,4
Ukkoskuuro,4
Jääkaappiani,4
Nauttiessani,4
Infernaalisella,4
Sihteerihommat,4
Märkivät,4
Jalostamoihin,4
Lobbya,4
Artistejakin,4
Normikokoiset,4
Tienestiensä,4
Äklöttää,4
Paskafirmaan,4
Gamerantimages,4
Hipiällä,4
93_vapaus_valita,4
Lapsiinkaan,4
Naishenkilöistä,4
Tissikuvista,4
Näkemyksiäkin,4
Quandary,4
Läpätys,4
Kynäpaperi,4
Saapumisilmotus,4
Tavanomaisemmat,4
Pitkähihasia,4
Sanojamme,4
Rauhansuunnitelmaa,4
Pidentääkö,4
Analyysiäsi,4
Veroluonteisiksi,4
Kausaalipäättelyä,4
Soittajaksi,4
Hanaoluen,4
Ujopissan,4
Oikeiin,4
Peniskateutta,4
Bändiki,4
Rosentin,4
Musiikintunneille,4
Vanhoillisinta,4
Linjastotyöntekijät,4
Sanoittajaksi,4
Veroisensa,4
Cheatterit,4
Seisahti,4
Tuotantotyöntekijänä,4
Suojakumin,4
Ryssäläistä,4
Raflaafia,4
Teinimenoa,4
Sumeena,4
Olusten,4
Tuomisista,4
Rässä,4
Pirstoo,4
Lauhduttimet,4
Kotiaskareen,4
Pedofiililta,4
Säteilijä,4
Viihdekäyttöarvoa,4
Valtionpropagandaa,4
Venäläisvastaisia,4
Tarkotuksel,4
Konstantinopolissa,4
Sointukierto,4
Insinööritutkinnolla,4
Tähdätyn,4
Kebabeläimestä,4
Tähtet,4
Tapaniaan,4
Terrorisminvastaisia,4
Terrorisminvastaisessa,4
Kreatiinitasot,4
Keinoteikoista,4
Kierukassa,4
Socialisation,4
Hörähdyksestä,4
Kosteuspyyhkeellä,4
Ikiset,4
Pahansuovan,4
Älynä,4
Luopioiksi,4
Headcanon,4
Lupautunu,4
Ihmisnainen,4
Sarumania,4
Kuvajaisia,4
Ylitunnollisia,4
Jazztupakkaa,4
Huippusuorittajat,4
Viileemmässä,4
Raiskaushalujen,4
Mukahauskoihin,4
Siviilivahinkoja,4
Asianmukaisempi,4
Vaimeampi,4
Kiskurihintaa,4
Karvapeite,4
Häiriöitähän,4
Ristiretkeilijät,4
Marxsismi,4
Ruokavideon,4
Moderointijonoon,4
Säveltämisessä,4
Postimerkissä,4
Kamppaan,4
Yukonin,4
Smuutti,4
Majoittavansa,4
Tiilikerroksen,4
Törmäilevän,4
Maanpuolustaja,4
Maahanmuuttajajoukko,4
Puolueeseesi,4
Lutkun,4
Lindroth,4
Runkovaurioita,4
Epäluonnollisuuden,4
Lähentymiseen,4
Ratifiointiprosessin,4
Antasi,4
Mutkua,4
Sauhuat,4
Kommenttiä,4
Keskenkasvuiselta,4
Niskavaivat,4
Minttii,4
Vuotokohtaan,4
Hölkälle,4
Nettikielessä,4
Nyhjätään,4
Biokomponentit,4
Aviottomasta,4
Ceicdata,4
Laajempa,4
Monipuolisuutensa,4
Smuuttia,4
Äpiksi,4
Häiriöitäkin,4
Muistuttelivat,4
Puhelinverkoissa,4
Kevlarista,4
Vanhemmal,4
Ilahduttaakin,4
Teikältä,4
Valitsevilla,4
Lahjansaajalle,4
Porsastelun,4
Kasvispainotteisesta,4
Eheytymis,4
Lentotuhkaa,4
Rivendel,4
Podettua,4
Myönnytykseen,4
Murhaamiselta,4
Mokellusta,4
Sopimuspaperia,4
Tekohengitetyt,4
Niskuroivan,4
Päiselle,4
Lajistossa,4
Maisemalle,4
Vaatimuksiensa,4
Jars,4
Puliveivaukseen,4
Vibrantti,4
Kontaktointiin,4
Kieltolistalta,4
Mölynsä,4
Rekkamieheltä,4
Ällöttävään,4
Kananugeteista,4
Oheistyötä,4
Talvilomasta,4
Kasvisvaihtoehtona,4
Comppi,4
Kuulustelukertomuksia,4
Ihmisteni,4
Erikoisruokia,4
Pieniruokaisen,4
Hypetetyin,4
Jauhelihasoosi,4
Nisteile,4
Rypevälle,4
Toimittamilla,4
Työpaikkakulttuuriin,4
Vitamiinivaje,4
Normatiiviseksi,4
Ruhjeesta,4
Höttöisesti,4
Mielihalulla,4
Kasvissyöjäks,4
Öyhöön,4
Aatteeton,4
Kohokohtien,4
Kohdalles,4
Ääliöintiä,4
Kehittymä,4
Hiillostetut,4
Käyttäkään,4
Piereskelevistä,4
Nääntymättä,4
Juomapakkausveron,4
Grahamlihapiirakka,4
Kärpäslätkää,4
Väliinpitämättömyyttään,4
Ärsyyntyjiä,4
Helmalla,4
Sinapinsiemeniä,4
Tökkäis,4
Ääripäissään,4
Kuminpala,4
Irvaillen,4
Menestyksin,4
Sähköfillariin,4
Kuluttajatesteissä,4
Korkeuttakaan,4
Eläintuotteen,4
Legitimaation,4
Human_rights_of_kurdish_people_in_turkey,4
Kyläkeskusten,4
Eläinpohjaisia,4
Henkeäsalpaavan,4
Larrya,4
Korottomasti,4
Ryöstellen,4
Kaasulleen,4
Kummilapsensa,4
4ozgmwzyhac,4
Arvostettavat,4
Landista,4
Urputtaan,4
Haihatusta,4
Väkivallattomiin,4
Toimistotyökin,4
Nhl95,4
Sokerilimu,4
Kuuloetäisyydelle,4
Apilat,4
Osmankäämin,4
Kotiloilla,4
Suolakiveä,4
Kassapalveluita,4
Syvyyskartat,4
Murresanojen,4
Sotarikoksilta,4
Oligarkialta,4
Vallankumousyrityksestä,4
Erityistapauksista,4
Pankinjohtajaan,4
Harhakäsityksistä,4
Luonnonjärjestyksen,4
Liikaaa,4
Tuplalaskutus,4
Röykkiöt,4
Valtionosa,4
Sukupuoliaspektia,4
Laatuisten,4
Ylipirteitä,4
Hinattavia,4
Vitseistäkin,4
Viitsimme,4
Kätköily,4
Heräilevän,4
Suhinaan,4
Kääriytymään,4
Warcraftit,4
Pelikertaan,4
Sulkemishetkellä,4
Energiakristalleja,4
Lihansyöjään,4
Suurisilmäinen,4
Kasvisruokavaihtoehdosta,4
Aamupuurolla,4
Lumimiestä,4
Moderneillakin,4
Vaihtoisesti,4
Hyljeksimäksi,4
Samastu,4
Väkivahvan,4
Raunin,4
Känselöimässä,4
Sisarilla,4
Häkkikanan,4
Tulokulmaansa,4
Ällöinä,4
Jatkajina,4
Tiedevastaiseen,4
Loatakseen,4
Translakien,4
Olosuhteena,4
Calmari,4
Foobikon,4
Omaisuuten,4
Kesälomamatkat,4
Cancelloinnin,4
Takaamiselle,4
Ykköskeino,4
Suomileffoista,4
Aktivismityötä,4
Kolmosoluita,4
Lisäselityksiä,4
Puhetyylissä,4
Tölkkiversio,4
Parkkipaikallaan,4
Pakottas,4
Pehmeäpäisten,4
Joutomaasta,4
Itärintamaa,4
Jumiutuneisiin,4
Haukkumanasanana,4
Uusiutuneet,4
Haitallisuutensa,4
Tavoitellulla,4
Lahjoitimme,4
Friteerataan,4
Sympaattiseen,4
Hintahtava,4
Puollustava,4
Palautustuotteita,4
Lämpötolppaan,4
Jakelukierros,4
Huomattuu,4
Latausajalla,4
Ryvettämistä,4
Asennuksensa,4
Kukkahattutätiin,4
Ampeerilla,4
Liharuuilla,4
Värimäärittelyyn,4
Poikkeuksestta,4
Metsäsuomalainen,4
Suurlähettiläspäivillä,4
Kansalaisyhteiskuntatoimintaa,4
Kaasuputkihankkeet,4
Sähkötolpista,4
Puollettava,4
Meemeilijä,4
Organisatorista,4
Tehokone,4
Sisätilanlämppäriä,4
Periodicals,4
Moreenin,4
Paskapalkkaisten,4
Ottamattomuuden,4
Pilkkauksen,4
Lisäämistäkään,4
Lapsipornofiltterin,4
Pöljään,4
Markkinavoimasta,4
Hallitusviisikossa,4
Massatuotetusta,4
Noudattelemaan,4
Patriarkaateista,4
Nuanssilla,4
Epäoptimaalisissa,4
Infrastruktuureja,4
Mielenilmaisijoita,4
Puumerkkejä,4
Sähkökeskukseen,4
Johdatteleviin,4
Tuohia,4
Lataustolpasta,4
Kauppapalveluita,4
Stydimpi,4
Etunahan,4
Uhriutuessa,4
Täydellistymä,4
Muuttoliikenteeseen,4
Erinlaisesta,4
Eritetään,4
Erdogaani,4
Luettavaakin,4
Kumppareihin,4
Nuuskakiekot,4
Golffilla,4
Tietoisestä,4
Kaliperin,4
B33e55b4,4
03c07b4b2afb,4
Komposteista,4
Sdpeen,4
Varhaiskaalia,4
Tupalaisesi,4
Jalkaas,4
Kulttuuritäti,4
Kaatelemassa,4
Käypäiseltä,4
Herkullisessa,4
Hyytävällä,4
Värväykseen,4
Iltavahvari,4
Maiharini,4
Laumasieluisuutta,4
Verkonhaltija,4
Kauhuskenaarioissa,4
Taisteluvyön,4
Halpatyömaan,4
Kaivelisivat,4
Lostprophets,4
Puhdistusvälineet,4
A4hdysonnettomuus,4
Selvittiinkin,4
Kossuvissystä,4
Kummastuttaakin,4
Johtokeskusta,4
Diplomaatteina,4
Sormuksiin,4
Aluueelle,4
Laskemisena,4
Salamurhalla,4
Huudattaisi,4
Dominoivana,4
Ratsumiesten,4
Pykkäävät,4
Protokollilla,4
Käskynantajan,4
Rinnastanu,4
Sirra,4
Valokurin,4
Johdetuiksi,4
Vapaustaistelijaa,4
Jäähdytyslaitteen,4
Välttii,4
Hapatetta,4
Reisitaskuhousujen,4
Grillikiskalta,4
Huippusalaisten,4
Raumalaisille,4
Ilmastolinjauksista,4
Tarkasteltujen,4
Pitsanpyörittäjät,4
Kuivemmilla,4
Eläköitymisestään,4
Tykilläkin,4
Remusin,4
Moottoriöljyjen,4
Dialoginpätkää,4
B6ik,4
Pyyheliinan,4
Linjapapereita,4
Takapakkiakin,4
Korkoputket,4
Eräpuukko,4
Aliupseerioppilaat,4
Latausasemasta,4
Kiinteen,4
Hevostalleilla,4
Nervously,4
Häpäistyn,4
Pakastepussirulla,4
Raanan,4
Nyrkkipyykille,4
Metsäkäyttöön,4
Patterikäyttöinen,4
Nintendoo,4
Väestötietovirastolta,4
Kivikovan,4
Juomarakon,4
Leirioloissa,4
Tetsaamiseen,4
Patruunapesästä,4
Kovakromattu,4
Ryttää,4
Pitäidi,4
Ylläkuvattua,4
Nukuttaisiin,4
Sähköasennuksen,4
Vklpn,4
Paskataudit,4
Digitalisoituja,4
Vidduku,4
Mökkijuttuja,4
Naperolle,4
Kustannustehokkuudelle,4
Oluselle,4
Tarpeettomuuteen,4
Pärjäisitte,4
Matkustavani,4
Näyttäiski,4
Kuormapyörällä,4
Romuautojen,4
Viikonloppureissuille,4
Yleisotilaisuudet,4
Töräyttelevät,4
Hengiteltyä,4
Yhteiskäyttöauton,4
Hevostallit,4
Poliisiyksikköä,4
Karhukainen,4
Grillaajia,4
Ripauskin,4
Häpeätahrat,4
Tilannekohtaisella,4
Määräämisvaltaa,4
Liikenneongelmiin,4
Släbäreissä,4
H_1800,4
Verotetakaan,4
Brandyn,4
Piilottaakseni,4
Roter,4
Jalosella,4
Frederikille,4
Ranskalaisempaa,4
Lähitulevaisuudelle,4
Kissakorvat,4
Päälimmäisinä,4
Kaupunkitaajamassa,4
Kuullostakkaan,4
Darüber,4
Tuotepakkauksista,4
Tuokiota,4
Saattui,4
Futispeleihin,4
Baghin,4
Käsikirjoitukseksi,4
Levyi,4
Tyttömäisen,4
Sämpläystä,4
Dekkareiden,4
Huohotuksen,4
Lihatuotteessa,4
Kaulaparroista,4
Vetovoimaisuudesta,4
Teatterikin,4
Pirstoa,4
Lumikinoksia,4
Määritelmällään,4
Grillaisin,4
Kokoomuslaisistakin,4
Paleltumisriski,4
Kulutusmaitoa,4
Jututtaan,4
Plätyn,4
Räiskäleen,4
Turvalline,4
Loikoilemassa,4
Miesmäisesti,4
Virkistävällä,4
W_1600,4
Mittauspisteissä,4
Ilmavirtaan,4
Avaruushomoluksuskommunismiin,4
Mökkikuntaan,4
Sähköpyöräilyyn,4
Ammuskelukin,4
Panssaroituun,4
Teatterikulttuuri,4
Hakijamaa,4
Kuppikuntainen,4
Kasvimaidon,4
Kauramaidoksi,4
Suomiversiot,4
Einin,4
Jaottelemme,4
Osoittaisikin,4
Huonelämmintä,4
Turvakeinot,4
Vinguttamista,4
429b,4
Lyyrisellä,4
Huitassu,4
Kiertelyksi,4
Päikkäri,4
Syrjätyneiden,4
Someryhmien,4
Sätkäpapereita,4
Tippuisivatkin,4
Varikkosonni,4
Lahopäinen,4
Konsensuspäätöstä,4
Kotikouluttaa,4
Mopoillut,4
Käännösbiisejä,4
Heteronormista,4
Simppeleimmät,4
Suomennavigaatioliitto,4
Hinkkautuu,4
Julkituoda,4
Kudoin,4
Teknikaali,4
Third_gender,4
Instructs,4
Iconography,4
