Defensiveness,2
Taitonettiä,2
Fileerausveistä,2
Jäädö,2
Khad,2
Orjakauppiaista,2
Miniyhteiskunta,2
Ahlaisten,2
Terskalle,2
Haredijuutalaiset,2
Työpöytänäkymä,2
Tietojenkäsittelijäksi,2
Humautti,2
Kirvoilla,2
Oikena,2
Aivokuolleeseen,2
Akuilta,2
Awardii,2
Esoteerisempi,2
Negatiivisuudelta,2
Käyttäytyväni,2
Unsubbaamalla,2
Pilvinä,2
Pääjalkainen,2
Murahtivat,2
Skottilaisittain,2
K1bneejtdcu,2
Halaavista,2
Synnynäisiin,2
8packit,2
Asiakirjoittaja,2
Himoitsisin,2
Laimeesti,2
Maajako,2
Paheksumisessa,2
Parvittain,2
Päätösvallalle,2
Keijulle,2
Dentaaliapproksimantti,2
Faktiossa,2
Lucin,2
Kerskailevan,2
Houlier,2
Julkasemisen,2
Profiliista,2
Coqqia,2
Nestekidenäyttöinen,2
Cancelauksen,2
Mahmed,2
Debunkkaamisessa,2
Juhannusyössä,2
Häirintänsä,2
Murhamiehelle,2
Tekstipaidat,2
Konsolipeliksi,2
Julkaisuussaan,2
Upvotestasi,2
Riisipeltojen,2
Reflektoinnista,2
Työssäoppimisjaksosta,2
Fasisitien,2
Ephesus,2
Ammattilaispelaajille,2
Tekstipalkista,2
Huumorilinjalla,2
Bloodista,2
Nimittin,2
Epäsuvaitsevaisuus,2
Taisteluhautojen,2
Tilanreessa,2
Väkilannoitteisiin,2
Ce9cfffa,2
7d19,2
A401,2
23da660ff541,2
Huomionhaluisia,2
Harjotat,2
Dediksestä,2
195g,2
Kasvituotannon,2
Ruksiin,2
Ilmastodenialisteilla,2
Leipäjuustoo,2
Sivustahan,2
Jodeleissa,2
Aivomadon,2
Kortisonivoiteen,2
Karanteenisuosituksesta,2
Karanteenihommat,2
Teräsmiehiä,2
Kesäharkkari,2
Aiheuttaisipa,2
Varmimmasta,2
Levelled,2
Bambupaidat,2
Palasii,2
Viherrakentamiseen,2
Mehiläistarhaajaa,2
Herätetäänkö,2
Alunperinhan,2
A4ynnist,2
Punaniskoilla,2
Karkimaaksi,2
Nukahtais,2
Monopoly_,2
Ikkuinoihin,2
Naurunaiheena,2
Houkuttaminen,2
Aamuväsymys,2
Sortajaryhmiä,2
Postaajissa,2
Napinläveen,2
Snorkkelilla,2
Kaltasiis,2
Ehkäiseekin,2
Ylisukupolvisuudelle,2
Yhdentymiselle,2
Perusuja,2
Rämiseekö,2
Miinusäänia,2
Kaatoina,2
Testipenkin,2
Katevarauksiin,2
Karanteeneineen,2
Moneem,2
Likaantuessa,2
Vaihtotaseestaan,2
Prässättyyn,2
Hyllystäsi,2
Epätasaarvoisesti,2
Kohdeta,2
Ilokeppiä,2
Lokeroivaksi,2
Kiinnityksissä,2
Pedersenille,2
Hengenpelastusmitalilla,2
Naistenoikeus,2
Pankkitunnistuksen,2
Toksikologiaa,2
Harkinnanvaraisuuteen,2
Toivelistassa,2
Share_androidapp_other,2
Mökkipolulla,2
Laittanen,2
Juhlapainosta,2
Pohjaavissa,2
Hyperstressaava,2
Rakennustyöläisille,2
Ulostulleet,2
Lapsentasoisella,2
Drugsdata,2
Kohtelevani,2
Astein,2
Keksusteluun,2
Custodians,2
Paskaakaam,2
Brigadee,2
Kuvilleni,2
Erkaantuneempia,2
4d5d,2
Ryhmänohjaus,2
Yrttijuomia,2
Dollarisaatio,2
Opukselle,2
Toimittajakaveria,2
Tuloloukkuun,2
Murhakeissiä,2
Heterogeeniseen,2
Bonuskorttisysteemin,2
Fentanylia,2
Ylikellotuksen,2
Opioidilla,2
Resonoinnit,2
Ellipsoidin,2
Asuntoloilla,2
Kevätajan,2
Finanssitaloutta,2
Kummeksumisesta,2
Respojen,2
Spraket,2
Ammattilaisissa,2
Monikerroksisena,2
Kirjoitusprojektin,2
Kaavamaisten,2
Kav7tifmytg,2
Turvalllisuuden,2
Gulakin,2
Pultsarina,2
Koronalisaa,2
Wolksvagen,2
Haarapääsky,2
Kaljakaupalla,2
Väitetiin,2
Mehujäästä,2
Hälytysrahaa,2
Äidiltänikin,2
Höyhenpuku,2
Tervapääskyjen,2
Tervapääskyltä,2
Tavoittamassa,2
Vastaanottohenkilö,2
Korpeaisikin,2
Näytteitten,2
Valkokaulustyö,2
Typokaan,2
Homosammakoihin,2
Aikaistettiinkin,2
Provosikin,2
Hälytysrahalla,2
Tekk,2
Jenkkiapinointi,2
Hautajaisistaan,2
Järjestyssääntöjään,2
Erikoisolympialaiset,2
Tartuntatilanteista,2
Virkistysrahat,2
Rakennuksillakin,2
Lapunkin,2
Eläinyhdistys,2
Kotiuttamiskoulutukset,2
Kognitiivisien,2
Voitonteolla,2
Brittituotannon,2
Työmatkamenot,2
Lopputilikin,2
Löhtyi,2
Nykytilaankin,2
Testauttaisi,2
Transpropagandan,2
Kysyntähuippuihin,2
Örisin,2
Diginotar,2
Koronanhoitoa,2
Etelämmillä,2
Lauhkeaan,2
Uudisasutukseen,2
Vervelle,2
Siirtomaaimperiumiaan,2
_lcp,2
Puhetasolle,2
Jistain,2
Swipewright,2
Katselulukuja,2
Wędrowycz,2
Jakub_w,2
99drowycz,2
Rasistifasistia,2
Aamupalavoileipä,2
Festarikävijöihin,2
Asenneongelmaisista,2
Lisääntynytkään,2
Ostoboikottiin,2
Henkilöstövastaava,2
Ohjauspalvelut,2
Eheeeei,2
Somalinaisella,2
Läpikäydyistä,2
Gesundheit,2
Ketjukahviloissa,2
Vapauskäsitykset,2
Paskovalle,2
Sinappikoneelle,2
Kokonaiskuviota,2
Elämänkäsitykseen,2
Peruuttaneiden,2
Oheistarjonta,2
Vajaatyöllistä,2
Segregoinut,2
Näennäsesti,2
Elintärkeiksi,2
Ylihintaisiakin,2
Maanantaikännit,2
Raunioitti,2
Matkailumuoto,2
Tullipostissa,2
Woker,2
Opeistasi,2
Kossukolat,2
Ovellakin,2
Kahvinteon,2
Normimakkara,2
Vetoisat,2
Risten,2
Transyhteisöissä,2
Jokapaikanhöylää,2
Kertamaksujen,2
Hyväksilukemalla,2
Bioavailable,2
Ympäristövahingoissa,2
Pronouneja,2
Kuningaslajista,2
Tarkastuksestaan,2
Kotikonttoria,2
Suomiredditis,2
Vegekaupasta,2
Kesätapaamisia,2
Jämäluokka,2
Espressopavuista,2
Inaktiivisen,2
C15fd5a4,2
93e9,2
5cc30e4e887f,2
Proleilla,2
Oksaalihapot,2
Androgyyneistä,2
Puoliskoaan,2
Ajettelemaan,2
Rautapitoisia,2
Ankeaahan,2
Lisaamiseen,2
Jauheliharasia,2
Vähävaraisillakin,2
Hupimatkan,2
Metsäpalovaaran,2
Munattomuuteensa,2
Landfilliin,2
Pääsykoepisteissä,2
Synnillinen,2
Allekirjoitettuina,2
Odotusalueella,2
Karanteenisäännöksiä,2
4pkt,2
Poikkeemassa,2
Työvelvotetta,2
Asenneongelmaisten,2
Toimenpidepalkkiota,2
Sairastunkin,2
Uskalsitte,2
144h,2
Perussuunnittelua,2
Ratman,2
Lintsistä,2
Parodioimiseen,2
Ihnisoikeus,2
Holokaustimuistojärjestöt,2
Valtionjohdoltaan,2
Vierailtamme,2
Aukiol,2
Asennusurakka,2
Terapeuttisessioita,2
Kastamaksi,2
Naturellin,2
Sivukaistaa,2
Insufinland,2
Heitäkasvisliemikuutio,2
Hernepussista,2
Jatkokoulutetaan,2
Hävikkilaatikoita,2
Sähkötarkastuslaitoksen,2
Sivutyölupia,2
3rkl1zjajlm,2
Soijarouhemakaronilaatikon,2
Jauheliharuokaa,2
Konetuntia,2
Suurlähetystä,2
Monimuotototeutuksiin,2
Hautuutoimintaa,2
Saantomuutokset,2
Evoluutioteoriastakaan,2
Kokonaiseläkettä,2
Antisemitisteiltä,2
Holodorom,2
Mikropopcornitkaan,2
Perusleivänpäällemargariini,2
Vuustoissa,2
Bytter,2
Statuskomponentti,2
Haudautua,2
Räikeimpiinkin,2
Plänt,2
Bolztmannin,2
Maalittamishuoli,2
Strategioilta,2
Vegaaninahat,2
Ananaspohjaisia,2
Rällästämiseen,2
Kirnuamalla,2
Kokosmjölk,2
Maitonimiä,2
Perustelussani,2
Feikkiruuan,2
Marsipan,2
Puoliaikaiseksi,2
Hyödynnettävyydessä,2
Transsidoksia,2
Lomailtiinkin,2
Pakinoitakin,2
Antimafialakia,2
Tönkkömaustettu,2
Koeajettavissa,2
Tukialmuja,2
Jokrates,2
Dullud,2
Tabbed,2
M7oc1ip6juo,2
Kaansiko,2
Kolesterolikayran,2
Yötyökorvausta,2
Tuloverotukset,2
Yhtenäisempinä,2
Luksusmielipiteen,2
Kannustavina,2
Ydinajatuksia,2
Muovikeräystä,2
Pufan,2
Huumepelottelut,2
Vegaaninahaksi,2
Etusumuvaloa,2
Biopohjasta,2
Tuikittaisiin,2
Pienempitehoisella,2
Orjanpitorahaa,2
Levysylinteri,2
Boardeilla,2
Vastamutteri,2
Rikolliskulttuuria,2
Luottohenkilöä,2
Zombihuorat,2
Anaaligimpin,2
Pelimaratoneja,2
Vakisopimuksesta,2
Totaalikompensaatio,2
Subvebtoitaisiin,2
Kontrolloijalta,2
Merkka,2
Siekkisellä,2
Kuntoutuslaitoksiin,2
Pellavapyyhkeet,2
Liskojuutalaisilluminatin,2
Perustelumuistio_vnat_j,2
A4tteet_ysa_pcb_sova,2
Imetysvälit,2
2dce8636,2
Testfakta,2
Valvontatutkimus,2
Jättämiämme,2
Loisiakseen,2
Halpispyyhkeitä,2
Dieselkoneelle,2
Polttoainesuodattimesta,2
Majidin,2
Totaaliyksinhuoltajaksi,2
Maksimituloveron,2
Ostopalvelulääkäreiden,2
Nettoasi,2
Froteepyyhkeen,2
Tekoälymiksatulla,2
Pyhkeet,2
Reikäkorttijärjestelmässä,2
Ruuvimutteri,2
Ruska23,2
Tukipalkkio,2
Cerazetten,2
Hormooniepätasopainon,2
Sossuväki,2
Actyon,2
Marssittamassa,2
Asetusikkunat,2
Suostutu,2
Kauöunkilaisia,2
Typeyyksiä,2
Kilimnik,2
Sunnuntaikorvausta,2
Tilastoist,2
Produserististä,2
Intohimottomuudesta,2
Forwardauksen,2
Hiirälla,2
Tiedostopolun,2
Loukkaantumiskorttia,2
Malsanut,2
Suplemental,2
Nurtition,2
Assistqnce,2
Boksereille,2
Poljareviuksen,2
Setelisedät,2
Kastilaitokseen,2
Cutolo,2
Jarjestaytymisaste,2
1d6ac20c,2
C6f4,2
E05b1cd7ebb8,2
Tukityötaistelut,2
Yrityskohtaisilla,2
Lomautusilmoitusaika,2
Vuorotteluvapaajärjestelmä,2
Työtaistelutoimenpitein,2
Työtaistelukorttia,2
Vaikutuskeinoiksi,2
Arvonlisäverokantaan,2
Rahoitutko,2
Ngfs,2
Jengijohtajat,2
16v0o6o,2
K2p86nd,2
Dyykkaminenkin,2
Dyykattaviksi,2
Dyykkaamisen,2
Huononnuksesta,2
Kruunukytkimeen,2
Velkakäppyrät,2
Sijotustilin,2
Sevasille,2
Ekologistumista,2
Innovointikyky,2
Vaihejohtoa,2
Jpearce,2
Ihmissuhteina,2
Suoriutujana,2
Stagnaatiopiste,2
Cyclinguk,2
Bardilta,2
Ihanneopiskelija,2
Makitasta,2
Pikkulakko,2
_shop,2
Araber,2
Europarlamenttiedustajienkin,2
Diakoneilta,2
Hallikas,2
Akkukonesarja,2
Gsrgdrgopgsagli,2
3x20ah,2
Boxx,2
Katkaisusirkkeli,2
Mehoinusa672n,2
Sharifia,2
Kouluavustajalle,2
Tuhatkertaistuen,2
Miljoonakertaistuen,2
Vaatimattomampana,2
Kotiuttamisjärjestelmä,2
Kotiuttamisjärjestelmästä,2
Suosikkijuustoa,2
Traumaterapeutteja,2
Benchmarkataan,2
Julkirauhan,2
Drapet,2
919c2577,2
16f6,2
67ae42995af0,2
1f52ad35,2
8d04,2
3c290ae7850e,2
Juustopalikoilla,2
Tietotekniikkatavaratalo,2
Lentokiintiöillä,2
Miehittamillaan,2
E304d96c,2
Kokoomuspolitiikkojen,2
Huumeuskomusten,2
Huumeaktivisteissa,2
Alkuperäislaatuinen,2
Maahanmuuttoveroa,2
Huumekoikeilut,2
Ultimatecustommousepads,2
Asumiskeskuksia,2
Laatikoit,2
Statfin_rpk_pxt_13je,2
Jsdoc,2
Valaisinpistorasiassa,2
Hoputtelua,2
Lounasravintoloitakin,2
Fbdgs,2
Lutviutuup,2
Kohisi,2
Ostajaprofiilin,2
Terveyshaittavaikutuksia,2
Viittauksestakaan,2
Viljasuositukset,2
Terveysvaikutuksiensa,2
Godfrey,2
Pannemans,2
Eläinpohjaisesta,2
Proteiinihihhuloinnit,2
Kasvislisukkeen,2
Trypsin,2
Bodarijuttuihin,2
Pmc8746448,2
Qt2nc0m8bm,2
Palovarottimien,2
Matalakustanteisessa,2
Käsirahasi,2
Tissuttele,2
Esimerkkimaaata,2
Paimennettaisiin,2
Valvontanauha,2
Silmäkkyyttä,2
Häiriökohteiden,2
Puuvillalärpäkkeet,2
Lihaskadon,2
Kuivumisominaisuus,2
Jengisoturit,2
Mutuks,2
Pornoaivot,2
Keskustelutaidoks,2
Ääniportfolio,2
Pihtailutreffailu,2
Kaksinaisstandardeja,2
Gatorna,2
Pillupäivä,2
Mikrobitasolla,2
Bodarijuttu,2
Kasvisdieettiin,2
Omnivooridietin,2
Amdr,2
Ruokateollisen,2
Täysjyvätuotteisiin,2
Äyriäispohjaista,2
Lactovegetariaanisiin,2
Kasvisruokavaliotakin,2
Kommunistitoimittajille,2
Lauhdehiilivoimalat,2
Normilukiossa,2
Tylpistämällä,2
Arpamyytti,2
Tajuamattomuus,2
Callingista,2
Laittautumistaan,2
Haissen,2
Treffikumppaneitasi,2
Ajanhaaskaajana,2
Mieleeninkään,2
Laittautumisestani,2
Hömppäleffan,2
Iltapukeutumipanostamista,2
Toimistotyövaatteissa,2
Hömppäleffatreffeille,2
Iltapukeutumisensa,2
Panostustakaan,2
Kommunikointitaidoistani,2
Treffikumppanillesi,2
Laittautuvan,2
Erikoislääkäripulasta,2
Laputtaisi,2
Tallenetta,2
Marjajuomaa,2
Ruotsalaisjengi,2
Huumelainsäädäntönsä,2
Tunnistuslaukauksista,2
Laurimolta,2
Privaattifirmoja,2
Tuontisatamat,2
Tiestkö,2
Kampanjatarjouksen,2
Vallankumoustoimet,2
Epätasapainokin,2
Otsekästä,2
Olkapäässään,2
Olkapäässäkin,2
Sopimusasemana,2
Meloninkin,2
Lappuunhan,2
Bydle,2
Vedenpitava,2
Gerontocracy,2
Geritocracy,2
Geritokratia,2
Kokalabrat,2
Jätehuolta,2
Metsälabroissa,2
Sellasillakin,2
Jättiläiseks,2
Walts,2
Alkoholimyyntikään,2
Käymisellään,2
D171d5da,2
Ad56,2
0f884aee7cd2,2
Uggelssia,2
Ämpärikännissä,2
Lähtäjän,2
Varmistetuttu,2
Gengar,2
Mesežnikov,2
Nyyssöseen,2
Boulevardisoitua,2
Tuottavuusennuste,2
Pakolaissopimuskin,2
Palkkatuetuista,2
Havaintoasemat,2
Svd626,2
Rikastusastetta,2
Izzyn,2
Huumeliigoista,2
Patroner,2
Kortillesi,2
Eurogang,2
Ehkäisyratkaisu,2
Elämänsuuntaan,2
Keikkalääkäreiksi,2
Tuntopuoli,2
Organisastio,2
Uranvaihdoksiin,2
Mummonmökistään,2
Maistostaa,2
Hormoniehkäisyjä,2
Moneyforthemamas,2
Flip2,2
Kurssintekijöitä,2
Nandrolonin,2
Hitsauspuikkosaeilioe,2
Hitsauspuikkosailio,2
Vkksexfmyweberr9ld2ecofs0bzuu7lo89fbgqmu,2
Androgeeninen,2
0e3872dd,2
900d039bc845,2
Huumausainekokonaisuutta,2
Teroluteja,2
Lammastaloutta,2
Kiekkovaikuttaja,2
Kivuliaskin,2
Vanhuuteenne,2
Hormonaalisissa,2
Onlyfansiaan,2
Ydinlampotuotannon,2
Kaynnistamiseen,2
Työntekijäm,2
Yöpäiväkotiin,2
Siemenjohtimien,2
Paimentamisena,2
Seipäänä,2
Nostoapu,2
Käsiperseessä,2
Moraaliohjeita,2
77m2,2
Hormonaaista,2
Saikkujakaan,2
Varainsiirtomekanismi,2
Varainsiirtomekanismin,2
Erilla,2
Vakivaltarikostaustaa,2
Contabo,2
Rakennusperimä,2
Seisakin,2
Artenschutz,2
Territorien,2
Lfu,2
Vapourware,2
Tealla,2
Manageroimaan,2
M0kaoqcihog,2
Qmribm9qwua,2
Hyvämaineisuusvaatimusta,2
Kuntapoliitikkonakin,2
Makaronikriisin,2
Verokonsultit,2
Nollakokoja,2
Kynnyksemme,2
Saaraanloista,2
Standardipoikkeama,2
Juuripakin,2
Hakuteos,2
Ylempiluokkalaisen,2
Kohteisiimme,2
Ostajakandidaatista,2
Keikkatyötäkään,2
Individualisista,2
Euroistamiseen,2
Vihreydessähän,2
Ammattijärjestövastaisuiden,2
Biovelvoitetta,2
Magneettihoitoon,2
Uhkasnekaario,2
Anoreksikot,2
Jetsettailee,2
Lääkkert,2
Isompikokoiset,2
Codeswitching,2
Murobbst,2
Aloitusoireet,2
3900hz,2
54wxxdbfcjlao6s3sfmzds,2
Lmzlq2vft06nyhj3rduxoa,2
Perseenrapsuttelija,2
Autotest,2
Tukonen,2
Hallitustunnustelukyselyssä,2
Onniwestlund,2
Paatoksentekijoita,2
Töttömöttiäisen,2
Vaaranuhatessa,2
Pystytetyissä,2
Työvikkon,2
Pressanki,2
Jaappaamisessa,2
Kilpaurheilijalla,2
Talorakennus,2
Hörhömedioita,2
Keskivertoyksilöistä,2
Parantelija,2
Parannustoimet,2
Karhulalta,2
Joukustaan,2
Lahjakkuuttaa,2
Doupanneita,2
Elämänkoulukortin,2
Transpikajuoksijat,2
Naisjuoksijoita,2
Kaljahöyryisiä,2
Identiteettikisoilla,2
Numerolapussa,2
Naispikajuoksioita,2
Persumöyhötyskategoriaan,2
Vietnamilaisravintolan,2
Pitajia,2
Ihmiskaup,2
Nepalilaisravintoloitsijat,2
Koripalloilevalla,2
Kokopuvulla,2
Hapokkuudesta,2
Tilastoseura,2
Uimapuvulla,2
Hoitamalleen,2
Lyöntivoimansa,2
Tykätylle,2
Hörhömedian,2
Transliigoja,2
Kermapurkit,2
Osallistumelle,2
Laskijatädin,2
Transliittolainen,2
Lomautuskierros,2
Tiktokeissaan,2
Kanapastasalaatti,2
Perehdyttäjiltä,2
Balitski,2
Uudelleenkouluttautumisiin,2
Kuusikymppisellä,2
Kanslaisaloitejärjestelmää,2
Asumisperusteiseen,2
Henkilot3,2
Maahantuontiorganisaation,2
Tuotekuvasta,2
Brodeerauksen,2
Pensavaalit,2
W758,2
Maapotentiaaliin,2
Terveellistää,2
Hengityskyvyttömäksi,2
Hoikillekin,2
Nivelkulumia,2
Rxvl3inksg,2
3074a,2
Pepsia,2
Salmorejo,2
Spanishsabores,2
Antonias,2
Vvfuui4mdda,2
Ct46,2
Oytahq,2
Rummoon,2
Kehostas,2
3dd70cc2,2
Adcb,2
A499728f97e0,2
Stravent,2
Kerrostalokoti,2
Uotilaksi,2
Muotiviikoille,2
Opiskleijana,2
Pikamakaronia,2
Liituraitakonnat,2
Kannatuslaskuista,2
Tablettitietokoneet,2
Hammahoitoedulla,2
Vichysoisse,2
Myyntitaseessa,2
Tuloshistoria,2
Aineperäistä,2
Erehtyvyyttäsi,2
Cyclinginfo,2
Vähempiosaisethan,2
A9e9e597,2
B281,2
626bfedb55ce,2
Tankokassissa,2
Korvataampa,2
Morita,2
Urheilusarjojaan,2
Transkuplassa,2
Kotiarestien,2
Suomiredditorilla,2
Jumaksi,2
Uudelleenkouluttautumisenn,2
Taloudelli,2
Denieth,2
Tirvasee,2
Kaksneljä,2
Tyhjenemistahti,2
Etanaan,2
Verobarojen,2
Muutamassta,2
Hadesta,2
Alfamainen,2
Kermaeliittiä,2
Prälää,2
Striimajille,2
Fantsulandiassa,2
Kannatettavasti,2
Työnantajajäjestöt,2
Konkariopettajilta,2
Käsittelynestolaitteina,2
Toimituspalvelulle,2
Kaupunkivaatteet,2
Kimppasuihku,2
Aiheitä,2
Puolustetta,2
Hikikamat,2
Juusossa,2
Vigeliusta,2
Lisäpäivänä,2
Paikatussa,2
Emetofobia,2
Tiedonannoista,2
Nuuttihan,2
Sirkkeliina,2
Ykskätiselle,2
Pöpökammoiselta,2
Tykinpiiput,2
Reutersipsos,2
Jeetu,2
Ulbjw7zlqeo,2
Fysiikkavalmentajana,2
Sesilia,2
Ramseysolutions,2
Cex,2
Karvalankamatolle,2
16mk,2
Vuokrantajalta,2
Jerri,2
Ilmukarjala,2
Pääluottamustehtävissä,2
Eliittiporukkaa,2
Käsipelinä,2
Valpuri,2
Realilukema,2
Lähiöprinsessat,2
Janella,2
Jadette,2
Jadeliina,2
Jennilmiina,2
Jennifiina,2
Sotilasmaterian,2
Koulutuksellesi,2
Italapinsuvut,2
Rahanvaarentaja,2
Rahanväärentäjästä,2
Reserviläiskäyttöön,2
Rotschildeihin,2
Resetiin,2
Ottamoiden,2
Raffe,2
Thein,2
Suojaavathan,2
Tyyssiassa,2
Orkkuli,2
Vähemmistöklikki,2
Turahtelee,2
Uttalas,2
Sanankannattaja,2
Mammanpojan,2
Vääräkulttuuriset,2
Kielipolisointia,2
Opintolainapainotteisuuden,2
Välihuudahdus,2
Mäkkäriduuni,2
Hahahahahahahahahahahahahahahahaha,2
Sisäsuihku,2
Pensaverosta,2
Rakennusteollisuudella,2
Nollakommenttispämmiä,2
Pesukoneliitännät,2
Pohjakaasuja,2
Vueraslajien,2
Rahapelifirmat,2
Syntyisimme,2
Taloustilanteessakaan,2
Käsiryyppy,2
Asiantuntijatyylisestä,2
Toteutuneille,2
Fantasiatalous,2
Latausvalot,2
Tatameista,2
Itsesäälivää,2
Futulla,2
Vinciitllä,2
Hassuihinkin,2
Yhtendenottoihin,2
Jatkokommenttina,2
Tatamilta,2
Superlonipatja,2
Työllistyväksi,2
Tatamissa,2
Muussaamassa,2
Ovta,2
Salmisenkaan,2
Vesisuodattimen,2
Äänentaajuus,2
Empstiasta,2
Silanpaa,2
3vp5f7qoxai,2
Synnytyskipuihin,2
Letkustossa,2
Vetorengas,2
Lämpöpakkausta,2
Jengirikollisuuttakin,2
Pelipuhelimen,2
6eed4241,2
7cc0e008c2c2,2
Kuvantamistutkimus,2
Palestinaan,2
Uhreitta,2
Sepataristien,2
Parviaiselle,2
Endometrioosipesäkkeitä,2
Dmfa4nzdyn0,2
97s,2
Ainutlaatuisuuteni,2
Mielihyvähormoonien,2
Adrenaliininarkomaaneja,2
Päihtymyksesi,2
Helluntaikirkossa,2
Mielihyväkemikaaleista,2
Itsemääräämislueillaan,2
Siirtokuntapolitiikallaan,2
Whola,2
Pelastusjärjestö,2
Yökavereita,2
Dib65scqu,2
Vertailuasteikolle,2
143miljoonaa,2
43miljoonaa,2
Kaurikset,2
Ikafessa,2
Ylimääräsivät,2
Liberatismista,2
Pakolaisenhan,2
Sosiaaliturvaturisti,2
Ubik,2
Tilausvesivirta,2
1720dgj,2
A4hiit,2
A4_israel_valmis_sotaan_hamas_v,2
K3urk0e,2
Pätkö,2
Drooniaikakaudella,2
Patteristoista,2
Laparoskopiassa,2
Etuusveroprosentilla,2
Opetuspotilaille,2
Aivoleikkauksiin,2
Tekokuituvyö,2
Kerhotaloa,2
Miehistavyo,2
Luonnonpuistoissakin,2
Hoitomielessä,2
Toimeenpanokielto,2
Miranaxia,2
F9eba69d,2
3b60,2
Cbede41f8c69,2
Kuolonturahduksia,2
Akatemiapäätöksiä,2
Päätöksentekotietoa,2
Lykkaus,2
L6tsqgcfoci,2
Lrom0ctqbf_hdh,2
Vinopinoittain,2
Luontovaikutukset,2
Rimfrost,2
Stolts,2
Terkkapalvelu,2
Ostolääkäriä,2
Keskustelutaitojaan,2
Kiristystaktiikalla,2
Potilaskäyntiin,2
Gosden,2
Hvan,2
Rakkaushommiin,2
Selvitysvuoden,2
Af43d821,2
E7354457aa31,2
Kesälämpötilojen,2
Maakaasutuontia,2
Ferie,2
Kontanthjaelp,2
Sygedagpenge,2
Tolkkufuskaus,2
Lummen,2
Keikkalääkäritilanne,2
20insight,2
Kioskimiestä,2
Kuitukasvatusta,2
Terveyskirjanpitäjä,2
64mt,2
Luokkataustoista,2
Työläistyttö,2
Vastaanottötyötä,2
Palkkataulukkojen,2
Retkikaasun,2
Kaasusäiliössä,2
Julkisulla,2
Beregn,2
Skat22,2
Vienä,2
Täysprofessori,2
Erillisvelvollisuudesta,2
Vuokralaisanalogi,2
Hakkoproduction,2
Tamsia,2
Rakettitietelijä,2
Pancettalla,2
Retostelussa,2
Kurjiensa,2
Kaasusailio,2
Admiralcloudberg,2
77fa5244bf99,2
Työnsuunnittelu,2
Vuokrauskriteereitä,2
Ihnishirvioöihin,2
Metallinhohtoisen,2
Gaspatron,2
Skeptisyydestäni,2
Siniwalkoinen,2
Df03135f,2
E0c4,2
Afd8,2
3f34d756042e,2
Idologiasta,2
Hierarkkian,2
Suolkea,2
Jmri,2
Osastosihteereistä,2
Potilaskirjausta,2
Porin_seitsem,2
A4n_ilmapalloa,2
3af0bc57,2
A390,2
6cdc1e256cf9,2
Az1ksh5lqv4orzvm5ri6mw,2
Laskeutumisvalot,2
Hoitomahsillosuudet,2
Tervesyvakuutukseen,2
Senon,2
Vakuutustenkäsittelytoiminnot,2
Muotiviikoilla,2
Ulkoilmavankilaan,2
Löytyän,2
Syteemejä,2
Parhaitenvoivan,2
Vilkasi,2
Korvamuottisi,2
Palestiinia,2
Parikymmpiset,2
Mandatory_palestine,2
Jordanialle,2
Ossetians,2
Knqozq8uav8,2
Somalivertaus,2
Lahete,2
1734f3x,2
Sunniliittouman,2
Jix5a,2
Paskaraketteja,2
Gadishamia,2
Colahellenic,2
Kuningaseläkeläiset,2
Juhlimisrahastoon,2
Narisevasti,2
Erieri,2
A3f0,2
173lzb5,2
Hamas_iski_nuorten_juhlijoiden_keskelle_reiveihin,2
Osakaskuvioita,2
Säheltäneitä,2
Työyhteisöjäkin,2
Kotiorjuudelle,2
Kunnioittaisitko,2
A49f43c9,2
Jatkopalkkaamaan,2
Mielitemppu,2
Eläkevakuus,2
Työttömyysvakuudet,2
Palkkakuittiisi,2
Tappattaa,2
Huwwaran,2
Musiikkifestivaaleille,2
F2da,2
D497,2
F2dab2520000,2
Miehittäjäänsä,2
Egipqa0zhuk,2
Teleportterin,2
Zfpr1,2
8akbm,2
Tbhkjoeiugi,2
_3mfwdscjdu,2
Tempaukessa,2
Antifeministisistä,2
Edistyksellisi,2
Rgvgjs98osu,2
Kibbutsissa,2
Puollustelusta,2
Visttomien,2
Påskalla,2
Jaksamisvaikeudet,2
Palkkatukilaisten,2
Silkkiperse,2
Vapaanakaan,2
Normaalilaatuinen,2
Tarkastavalle,2
Palestinalaiskysymyksen,2
Izrail,2
Tuplamittaripuliveivaus,2
Ghazan,2
Pankkiiriastronautin,2
Tyhjänkäynnille,2
Setlementtien,2
Rauhanfestareilla,2
Juhlineita,2
Szechenyi,2
Armejia,2
Laajentamiseks,2
Kertakaikkisena,2
Kumartumiskyvyttömät,2
Palestinalasia,2
Occupied_palestinian_territories,2
Westbank_control_,2
26_access_restrictions_dec_2012,2
Kenkäistään,2
_94dvz7omca,2
Tietoliikennekaapelissa,2
Hospitaalerit,2
Yphsyrn,2
Uudelleenkouluttautuva,2
Tämäpäivänä,2
Eitsta,2
Verenhimoisuudesta,2
Sorrettiinko,2
Perustamiskirjasta,2
Loppuunviemiseksi,2
Mafiavenäjä,2
Ystävyyksissä,2
Ripulicola,2
Pasteiluun,2
Työmalliaan,2
Pikaselatessa,2
Palvelukontaktia,2
Merisulku,2
3fkgcdsc40a,2
Itämerensuomalsia,2
Silesiaa,2
Kotiviiliä,2
Muslimiyhteisöstäkään,2
Calla,2
Barakin,2
Pikselipuuropornovideoita,2
Linkkiansat,2
Jääkiekkokeräilykortit,2
Valtiomafiaa,2
Onlinepaleng,2
Sulatuslaitteiden,2
Hiljentymispaikka,2
Pornolehtikokoelma,2
Junttiartisti,2
Verras,2
Betamaxin,2
Mitätöintinä,2
Josr,2
S13018,2
Normielämisessä,2
Dbxcfb6yzyq,2
Siemenluvussa,2
Duunariluokkia,2
Humanisen,2
Siemenlukaja,2
Pöyristyjän,2
Linnatuomioissa,2
Nieze,2
Peuraparatiisi,2
Villisikakantaa,2
Gatoraded,2
Poweraded,2
Talousvesialueella,2
Nykyopiskelijan,2
Oikeusturvattomassa,2
Baariiskuseksin,2
Erehtymätömän,2
Työmailia,2
Lisämetsästystä,2
Maalilaulua,2
Mennääskh,2
Pnanee,2
Ghjoo,2
Sisämerestä,2
Russakoiden,2
Herrasrouva,2
Viska,2
Focalt,2
Schizot,2
Vallankäyttövälineitä,2
Uskosysteemissä,2
Illast,2
Hintakipailla,2
Schizoja,2
Immuniteettivelkaa,2
Viinaputkea,2
Mustavalkois,2
Untermenschenkamelikuskeja,2
Grubx,2
Du1lw,2
Nykyprogressiivit,2
Viholliskuvasi,2
Josdain,2
Gospeliin,2
Hyvinvointilaitos,2
Kaksitoistavuotiaalle,2
Helikopteriapumekaanikot,2
Riemunkirjavaksi,2
Eyesistä,2
Rivologina,2
Muovikiekolle,2
Tussaama,2
Infektioherkyyttä,2
Pmc3069176,2
Pmc6063483,2
B25,2
Aspahomma,2
Perustuskirja,2
Oerustelet,2
Tarantinonfts,2
Kryptotokenien,2
Vikittelemällä,2
Mellunkyläläisen,2
Inceliporukoissa,2
Huorafeministejä,2
Potilasjonoihin,2
Tradhusbandin,2
Tradmeininki,2
Silentiumin,2
Insinörismiä,2
Miivkb,2
Homoinceleitä,2
Dhgmb1lxnibc2r2c,2
Heikensikö,2
Verostuaste,2
Verisemmistä,2
Energiahiukkasia,2
Iskureploilla,2
Bj9sofmzyo8,2
Ryssäseura,2
Pickmegirl,2
Edustuskausista,2
Voinnet,2
Ensiasunnokseen,2
Pääkaunpunkiseudulta,2
Työttömyysnumeroita,2
Lähetekäytännöt,2
Hylkääminenkään,2
Varstamista,2
Hiivatun,2
Normikavereille,2
Gatecampin,2
Tenguun,2
Ensiasuntoihin,2
Kouluoikeisto,2
Sähköyhteydet,2
Vaikeaha,2
Vaalikirjat,2
Armanista,2
Leikkauslähete,2
Yläastelaista,2
Dz76othkfli,2
Kameravalvontakuvaa,2
Lepsuuntuneet,2
Uhanhen,2
Arkkarit,2
Adif,2
Vaihtuvakorkoisiksi,2
Riippakivia,2
Täysikäisyytteen,2
Korkokäyrä,2
Korkostrategian,2
Lainajärjestelyissä,2
Lainasalkkua,2
Luomupiiri,2
Torjutulle,2
Projektinvetoa,2
Eskaloimme,2
4d7bdc2c,2
84dc,2
56bb88f37582,2
Pippeleiltä,2
Korkomarkkinoille,2
Tukinaisissa,2
Seksuaalirikosyksikössä,2
Mahriah,2
Ilvespopulaatio,2
Mualimeille,2
Kotkeata,2
Kilpailoiden,2
Kautiskantojen,2
Opisakelija,2
Kuulsotan,2
Etukoikeutulta,2
Rusakkokannan,2
Työpalavereissa,2
Ryyppytapahtumat,2
Raksauran,2
Juliatoivonen,2
_progradu2014,2
Juliatoivonen_progradu2014,2
Höyrystävissä,2
Rankastas,2
Suntheaniinia,2
Duunisoppareita,2
Valmiikd,2
Ilveskantaa,2
Jääkiekkokulttuuria,2
Opiskelijatapahtumalla,2
Akateemikkosiipeä,2
Ahdistuneisuudet,2
Ponnahduslaudalla,2
Konttorihommien,2
Perusheijastimia,2
Heijastinlankaa,2
15rhqkc,2
Terapeuttiville_paukauttaa_suorat_sanat,2
Jw98m5l,2
Hohhohijaa,2
Kuskinpenkiltä,2
Braineissaan,2
Heijastinhanskoja,2
Lisäheijastin,2
Kuudelletoista,2
Viisviikkosena,2
Purgees,2
Cóndor,2
Wpsk,2
Takeissani,2
Vanhusviha,2
Nykyeläkeläisen,2
Työvaatekuluja,2
1d86c008,2
169f,2
14d45fe6a44b,2
Höveliydelle,2
Lainapainotteisemmin,2
Esimerkeillähän,2
Opiskelijakantaa,2
Yliopistotukinnoissa,2
Kulttuurimuutoksesta,2
Vaurastuttua,2
5fca8b40,2
4bee,2
43f108f3e77a,2
Kokkarilobby,2
Viherpiiperöjoukoksi,2
Demilitarisointikommentti,2
Tulisitkos,2
Palakoilla,2
Järvenkallas,2
Velkaannuteta,2
Hostingpalvelu,2
Riikintaaleri,2
Harjotuksii,2
Peränkuuluttaa,2
Tuotantokannustimen,2
Siltasuunnitelmaa,2
Kavereiksini,2
Hirmuhyökkäysten,2
Tiuskinta,2
K4mgkzz,2
Matkasuunnitelmasta,2
Openpöydän,2
Custodianship,2
Sotatuomioistuimeen,2
Jalometallivaluutat,2
Vuorokautisesta,2
Eläinlääkisläiset,2
Varainsiirtoverotuksen,2
Huomiotakkeja,2
Ohjauskitti,2
Pbm3zv0n6v,2
Arvojohtajuuttasi,2
Holtajan,2
Morita119,2
Konkludenttiseksi,2
Erikoisammattilaisena,2
Elinjärjestelmällä,2
Ydinvoimaäänestystä,2
Venäläiskytköksisen,2
Lakkoheikennyksiä,2
Valkokaulustyäöläisenä,2
Tesinsä,2
Transitiovaiheesta,2
Pullauttavaa,2
Rumiille,2
Sarjatehtaillut,2
Kelmeilyjä,2
Haavito,2
Lennättei,2
Hoiohafmjlkoaadlogdejnmoinapojij,2
Tilitoimintaa,2
Gallin,2
Viestintänero,2
Moralisoivansa,2
Idusbre95j0fr20130620,2
Tykkitulenkäyttö,2
Laukaisimella,2
Vuokranhinnat,2
Suksaa,2
Viestintänerona,2
Tiedonannoissaan,2
Epäuskovista,2
Tuomistsemisessa,2
Hukkakategoriaan,2
Natsityyliin,2
Pentiment,2
Blizard,2
Fasiliteeteilta,2
German_troops_in_russia_,2
_540156_,2
Israelpalestine,2
Siviilelitä,2
Ruttotautinen,2
Kuvasisältö,2
Hostauskulut,2
Nostattaaksesi,2
Piruilemassa,2
Rautalangastavääntämisyritysten,2
Onnellisuusopisto,2
Lickitung,2
Tunneliverkot,2
Levitämiseen,2
175bcm9,2
Evakuaatiokäskyä,2
Tukimääriään,2
Opnsense,2
Häkeltävältä,2
Qatarilaisilla,2
Katastroofin,2
Nollaäänieristyksellä,2
Toptonin,2
Zenimaxin,2
Gazalaisita,2
Mckoiranaama,2
Peruskaapelilla,2
Laajentimena,2
Re305,2
Sotilasvarusteita,2
Wr1043nd,2
Juhlatalon,2
Hylkpdmwafa,2
305s,2
Vapaaehtostyönä,2
Sianreikäsoppa,2
Nimiaisiin,2
Nimenantopaketit,2
Paitulikaan,2
Piileskelleensä,2
Kulttuurellisista,2
Pragmaticengineer,2
Ristolle2,2
Saatanan_ohjelmistolla_korvattavat_apinat,2
Pepsukolo,2
Rasvakovettuma,2
F8d6u0bw4aa4cxg,2
38a8c3d2,2
19de3e72d030,2
Ansiotuloverotukset,2
Veropronsentilla,2
177jm6y,2
Yhteyskatkeaa,2
Polttotaisteluaineita,2
178n39x,2
Designtuotetta,2
Avaintyypit,2
Laatupäivystyksen,2
Ankkareita,2
Brittiyliopisto,2
Käsipieru,2
Täyslaidallisiin,2
Tyssähtämään,2
Duunariammattejaan,2
Suhmurointiduuneja,2
Päivityslupaus,2
Excalty,2
Huuhalla,2
Kehuskeletko,2
7638771d85a52ad30f90153cc762bda8,2
Vaikuksesta,2
Järjestelmäkameralle,2
Mäkkityöntekijän,2
Tupakkatutkija,2
Luxusheteroavaruuskapitalismi,2
Noukkiva,2
Onnenkulkija,2
Nettomaahanmuuttotahdin,2
Menneiltäkään,2
Viherkaulussieni,2
Haarakkaita,2
Viiveistetty,2
Ripiittaa,2
Teollisuuslaitteissa,2
Rajakytkimiä,2
Kukkapuro,2
Karuselli_chair_by_yrjo_kukkapuro,2
Tt_01_05_jalava,2
Jarrupoljinhan,2
Voimankäyttötapahtumat,2
Siskonmakkarakeitossa,2
Puoluetovereihinsa,2
Karvasemmaks,2
Höllentelemään,2
Välikudosta,2
Muoviverhon,2
Työskentelymaata,2
Mattieskon,2
Pizzarahaa,2
Vsyiwhwm2ms,2
1797rtz,2
Kitkajarruihin,2
Kastren,2
Jbeil,2
Salamipötköissä,2
Kapinapaine,2
209de510,2
E4d7,2
8bb1,2
B086af6a1f8a,2
Kuskikurssia,2
Juopoin,2
Vahnemmankin,2
Provtest,2
Iqtest,2
Kumppaniehdokkaaseen,2
7y9qywicmdg,2
Hätätoiminnon,2
Taloudenhoitajapuolue,2
20richard,2
20lynn,2
20david,2
20becker,2
Juovutaan,2
Keskivartaloväkevä,2
Keuhkokuumetestien,2
Kuntoisuustesteissä,2
Alfahappojen,2
Virheolettamuksesta,2
Mutuilukaan,2
Gzi7hikupu8,2
Tallennusmekaniikastaan,2
Pelinrikkovia,2
Johtakoulutusta,2
Kitkajarruja,2
Mousetimer,2
Istuntoina,2
Hätätoiminto,2
Silmämääreisesti,2
20taistelu,2
20elokuvasensuurista,2
Laillistamana,2
Muslim_supporters_of_israel,2
Trendihumalat,2
Kaitsemisen,2
Velantarpeesta,2
Lennonvalvonta,2
Suuhöylä,2
Kehityslisenssejä,2
Yzaem0j,2
Tykän,2
Kitään,2
Kahvirinkiin,2
Yhteistoimintahenkilöitä,2
Keikkaduunareilla,2
Sirkuskoulunopettajaksi,2
Jirno,2
Bcea4ea0e544c8f9,2
Yksityispuhelimen,2
Developering,2
Haifaan,2
Miehittäjävaltioon,2
Mielikuvitusmaailmalta,2
H9qtrhbcgmydwor9an68ia,2
Kriminologienkin,2
Vankilapopulaatioihin,2
Vankeusasteeseen,2
Rikoksettomassa,2
Simultaanissa,2
Polttoainevuoto,2
Asutuksille,2
Tulipallomainen,2
Teollisuusliuottimiin,2
Hesbollah,2
Asdafggjk,2
Kummituskeittiö,2
3h36min,2
A85cb682fdc61b80285cf4ab354354ce,2
Keventäneen,2
2010_fig3_277013502,2
Raiskausasiaa,2
Yksilöityisi,2
Limberg,2
Liutasta,2
Olkapääongelma,2
Noutotilausta,2
Moderaattorihaku,2
Y8vylgeukzs,2
Vieroksuisivatkin,2
Sirkusosasto,2
Artmetiikkaa,2
Nojatuolivirologeilusi,2
Aachronologies,2
Epäjumalanpalvonnan,2
17a4ltz,2
9zddulror3e8y,2
Gn8eq1t,2
Sairaalarakennuksessa,2
Niclaspaldanit,2
Michaelpenttilät,2
Autotallipajassa,2
Käyttönäyttöä,2
Kyberi,2
Osaajakoulutus,2
Piriviivaa,2
Terroritekojaan,2
Rautaristikot,2
Sählypelit,2
Ajanhenkivakuutus,2
A4rikeskus,2
Odhjxytbs9u,2
1h23m45s,2
Tulosjohtaja,2
Divaanilaatikkoon,2
Bergholmia,2
Hybridivaihtoehdosta,2
Saksalaismiehittäjiä,2
Dd25d63c,2
Vaerak_2020_2021,2
Vääntäydyn,2
Lisäratkaisu,2
Römpsälle,2
Musiikkisoftapuolella,2
Mutuväitteitä,2
Muurivasta,2
Bursiitit,2
53a8ab7546289f454e15db6efaadd8c9,2
5f81b08a,2
4ca0,2
A8b6,2
27f028544f56,2
B30,2
Ijerph,2
Tuskanhiessä,2
Säästäneensähän,2
Pedagokisesti,2
Joukkueurheiluharrastuksia,2
Jätelautakunnalle,2
Roskayo,2
Hamaksesta,2
Ruudunheijastuksista,2
Homogenisenä,2
Puolikuita,2
Sairaalatyöntekijää,2
4idqbwsvtuo,2
G6hxl7mopzsdqfsb,2
Tiedotuslähdettä,2
Palestiinalaissiviilit,2
Vaihtoehtoisessakaan,2
Pricingiin,2
108e11712310b5ea099dbded7be8effb,2
Israeli_settlement_timeline,2
Rcna119902,2
Mainettu,2
Juutalaisväkensä,2
Isralilaisilla,2
Sovinnonhaluinen,2
Politiikallako,2
Torpedoidaksern,2
Matikkajumalia,2
Tekoälytön,2
Pyörivin,2
Eurokraatti,2
Azzam,2
Väriläiskältä,2
Sinappimajoneesille,2
Iiny1grfhym,2
Turritaitelija,2
Kaljataksit,2
Palkkakehitysohjelmaa,2
Muotoillessamme,2
Unelmavaltakuntansa,2
Injektoinnit,2
Evakuoimiskäsky,2
Poissaolopäiviin,2
Vuotisspesiaalissa,2
Arkistopätkässä,2
Muisteluilleni,2
Bravojen,2
Hyvinvointivalmentaja,2
Levottomuudelle,2
Eläintepitokieltoa,2
Pysähtyisköhän,2
Ajjaisko,2
Kehollesu,2
David2,2
Davideita,2
Uudistusksia,2
Uutaniemi,2
Greenhouses,2
Oivakseen,2
Laitostoimittajien,2
Imperiatorin,2
Genrejako,2
Tt0106582,2
Onnistusta,2
Nuinko,2
Postinumeroaluetilastot,2
Turkimuksessa,2
Om048,2
Kädentaitoaineet,2
Viager,2
Kyynelkaasuilla,2
Valokarnevaali,2
Harjoituspaikat,2
Opetusperiodin,2
Yökyläilty,2
Opintojohtosääntöön,2
Päivtystyksellä,2
Tavoitesuoritusaikaa,2
Vastuuopettajaa,2
Auroracompass,2
Yökyläilen,2
Gcs1uqyg,2
Parametrointia,2
4a41d534,2
448a,2
7a4fa7ba9e09,2
Fydtpy60ru,2
Piiskasit,2
Ihmissuhdekömmähdyksiä,2
Aurajuustopaketti,2
Somehommaa,2
Eliittihuume,2
Epäeettisiltä,2
Lo4wwdhot6q,2
_credit_suisse,2
_2021_publication,2
Scootereista,2
Ovensulkimet,2
Lääkäriyritysten,2
Sotakoneistoonsa,2
Hantaaki,2
Kuppaussysteemille,2
Avokätiseksi,2
Testipäällikkö,2
Käyttölistojen,2
Pöhinäskodausta,2
Toivottavaisiin,2
Riidanhaluisiksi,2
Julkisektorille,2
Verkkoelementtejä,2
Gwflpcbmyik,2
2b224ah90ttw2n47,2
Kaveriryhmiä,2
Zp3fo1,2
Palvelukulut,2
Kustannuskatto,2
11ssa,2
Ptsdnä,2
Blogattu,2
Ajattelutavoistani,2
Nyulangone,2
Henkilövahinkotaulukkojen,2
Rikosjärjestöja,2
Oksaas,2
Moraaliprofeetta,2
Kakkakeppostelu,2
Taustamaku,2
Hypersomnian,2
Liikaunisuus,2
Lomalentelyä,2
Ungodly,2
Pellonta,2
Lakset,2
Ninista,2
Ontieten,2
Anatti,2
Kystäläle,2
Kystälälle,2
Kokta,2
Eesan,2
Eeevin,2
Huukissa,2
Äkäise,2
S1352231020305689,2
Toipahan,2
Puulusikoihin,2
Muoviroskapaskaa,2
Tangollisen,2
C24cec41,2
7abe,2
5e8281a6604f,2
Rasvaimuletkuja,2
Höyryski,2
Dicapriot,2
Hamiltonit,2
Paahtoavat,2
Syntymisprosentti,2
Kykenevämpää,2
Yleisihanampaa,2
Historiallisetki,2
Lomalentelyn,2
Tjquurx,2
Sähköliittymistä,2
Xfweoxrhbe8,2
Asumisoikeuskämpässä,2
Takuukokemuksen,2
Dieselpäästöjä,2
Väkilannoitteilla,2
Älynlahjoin,2
Lisenssituotteiden,2
Projektityontekija,2
Lisenssimaksussa,2
Vähimmäismaksuja,2
Toimintasegmentistä,2
Voimafantasiapäissäni,2
Meritöistä,2
Juottelemaan,2
Nichd,2
Pätevyyskirjoja,2
Pätevyyskirjan,2
Päiväniemi,2
Nonleft,2
Perustamisellekin,2
Samulinille,2
Ammoniumkarbonaattia,2
Purkuolettama,2
Webnovellille,2
Viestintastrategiat,2
Maustekkin,2
Kaikkihetinyt,2
Luentotaukoja,2
Vuosikurssilaisia,2
Äänikierjoissa,2
17efpzr,2
Asiantuntijalausunnot_eun_csamlakiehdotukseen,2
Majoittaneen,2
Akkukorjaamoita,2
Maanmittaustoimituksia,2
Horseland,2
Tupakanlehdestä,2
Huostannan,2
Terveempienkin,2
Sikiämö,2
Luonnollisen_henkilon_ja_kuolinpesan_ta,2
Nettikäyttäytymisellään,2
Liikemallit,2
Oggy,2
Erillisrakentamisen,2
Käytänöllisempää,2
Sijoitustouhu,2
Mättävään,2
Selfpromo,2
E503,2
Puks,2
Flagatty,2
Piratismiväitteistä,2
Brosyyrikin,2
Perino,2
Scanofficelta,2
Perusliikkumiseen,2
Kiristynkirjeen,2
Teosnimikkeiden,2
Futisjoukkoeeseen,2
Dibitassut,2
Haastekirjeitä,2
Poroluku,2
Perusliikkumisen,2
Kyttyrälohen,2
Kyttyrälohien,2
Maksimimaksuerän,2
Maksimierä,2
Artifisiaalinen,2
Haalarikameroihinsa,2
Laskuttelen,2
Banniini,2
Kyselykausi,2
Tohtoroinnista,2
Oikeudenhaltijana,2
Inteligencci,2
Sedatoiduin,2
Asiantuntijanäyttö,2
Asiantuntijanäytön,2
Kuppikuntaistumisen,2
Kahtelu,2
Levityslisenssioikeudet,2
Todistepakettien,2
Lataamisilla,2
Achache,2
Todisteaineistopakettia,2
Oikeudenhaltijoina,2
Alkuperäsyyt,2
Nykysänkyjä,2
Iltapaskaväistin,2
53c76e1d1cc54dac929481de23363adc,2
Lataamistietojen,2
Koepaloilla,2
Palkatus,2
Fanittamassaan,2
Chocolade,2
Luvattasi,2
Presidenttiparit,2
Ryhmäkanslioiden,2
Parkkipuljujen,2
Lausuntoasiat,2
Saappannuolijat,2
Prokofjev,2
Cs8f3zyflojxpvdsli7ztq,2
Redittiläiseltä,2
Vastemielisiä,2
Pikasiirroissa,2
Gothabilly,2
Harvimmaisista,2
Päihdelääketiedettä,2
Enimmäismaksuerän,2
Enimmäismaksuerä,2
Lainatyypin,2
Eräännyttämisestä,2
Viljakaupoissa,2
Giggulista,2
Hirviömaisempia,2
Jääkiekonnu,2
Juoksuharrastuneisuutta,2
Propagandaopistoja,2
Työskentelykelvoton,2
Loona,2
Tuotesuosittelut,2
Pressaspekulointeja,2
Hakeutuvaan,2
Pituinen_,2
Usgcg1icsya,2
Agnetha,2
Tuppisuukäytöksen,2
Likvidoivan,2
Ukrainallaja,2
Khersonkaan,2
Miinäkenttien,2
Onnistummista,2
Möykkäämisenä,2
Myyntipyheen,2
Lyjymyrkytyksen,2
Mitatöidä,2
Tuvallisemmille,2
Siegfriedin,2
Traneksaamihappo,2
Hapenotolle,2
Siivekkäästä,2
Ikarokseksta,2
Koronmääräytymispäivää,2
Yksikäsitteisessä,2
Muodostuineille,2
Oikeistomieliseksi,2
Mulii,2
Liittokortti,2
Hakulistoja,2
Marginaaliasteiden,2
Valinneella,2
Ihmisoikeusjärjestelmä,2
Katsojariippuvaista,2
Metodivalikoima,2
Tsingtaon,2
Kommunistisubeihin,2
Tenantteja,2
Venäläisagentit,2
Noutokirjastossa,2
Osakesäästötilikään,2
Salmoneus,2
Rationalisois,2
83svlm,2
Päihtyi,2
Kirjastovirkailjat,2
Hössöntössön,2
Peruseläkettä,2
Bruksausta,2
Tcqsjginvbolwj3i,2
Resektiota,2
Ywmorm5gdlq,2
Xinxin,2
Päihtyikö,2
Toheloivat,2
Bonusmallissa,2
Neurosymptoms,2
Läskiluvat,2
Herroitellut,2
Jenkkivaimon,2
C4is454wa,2
Toetakseni,2
17ge7zk,2
Riippumattomiakaan,2
Syntymävuodekseni,2
Alkuperäisvöestöä,2
Ftpggxecgpm,2
Islamchannel,2
Tuplapalkkaan,2
Opettivatko,2
Etnisyydeessä,2
Kastisysteemejä,2
Someri,2
Webbisivujaan,2
Zoomipalaveri,2
Deittailuprofiilin,2
Pakkohäädettiin,2
Bosniakeille,2
Ydinvaatimus,2
Mallows,2
Karvapintainen,2
Puristeltavan,2
Tausta_8,2
Tausta_7,2
Kuluttajakunnalleen,2
Preferoivatko,2
Koheesioltaan,2
Mogadishujen,2
Hylkyreaktion,2
Yötuntilisiä,2
Bensavaalien,2
Aseliitoilla,2
Juhlaprotesti,2
Vasemmistokeskustelijat,2
Epäsuoraantuleen,2
Kerzalla,2
Vuotopäivien,2
Imperialistisatanistihomojuutalaisnatsien,2
Kansalaislähtöisenä,2
Cf356c48,2
Thecradle,2
Malawissa,2
Kirjoittamme,2
1851b2a4,2
A7fa,2
656372c012a2,2
Sotajumalalle,2
Leipomotyöläisiä,2
Yksinoikeuskikkareiden,2
Tsitte,2
Kauppasofta,2
Strategioivasi,2
Experttinä,2
Foliotuubaa,2
Apmmusic,2
Päivystävine,2
Dosentteineen,2
Tulehduskohdaksi,2
Arabimyytti,2
Elintasovaatimus,2
Avdijivkaa,2
Taktiikkanaan,2
Ihmisaaltoa,2
Batallions,2
Shishova,2
Bogolyubova,2
Bogolyubov,2
Katsomiskelvottomampia,2
Jarkytyksena,2
6wq4wk,2
Vertailukelvollisesti,2
Lomituspätkiin,2
Palveluskelvottomuudesta,2
Kaakaopavusta,2
Arrion,2
Juhannuskinkun,2
Päiväkskään,2
Saartoliike,2
Rybar_force,2
Koronalemmikki,2
Heitteillejätettyjen,2
Hylkäämisriskiä,2
Koronalemmikit,2
Kesakissa,2
Kesakoira,2
Sydamettomalla,2
6x5u7a,2
Elintarvikehtaassa,2
Kompensoivassa,2
Ratahallinnon,2
1wqbj0vfrfq,2
Patman,2
Kaavailemillesi,2
Klinikoillekin,2
V4k6c5qw7im,2
Lumisinta,2
Sangviinikkoja,2
Melankolikkoja,2
Monologiakaan,2
Idah,2
Sinihaalariväki,2
Jdraper,2
3fs,2
Tarjoilijakeikkaa,2
27s_diarrhea,2
5unqr2jb18w,2
Tehoyhteiskunta,2
Etähallintamahdollisuuksia,2
1h30m30s,2
Kiivaillaan,2
Kohotuskoreja,2
Teräsastia,2
Zhm1akxasis,2
Ed26fju63vgzb9g2,2
Jaesning,2
Leivaelle,2
Paukahdellut,2
Kasinotoimintaan,2
Markkinointisivuja,2
Lymes,2
Puunostajan,2
Koeviikkoihin,2
Minuuttisiin,2
Ryhmäsekstailivat,2
Nettisurffaten,2
Ry18lt23a,2
Ympäristöinsinöörinä,2
Mähmiminen,2
Koronainfektiolääkkeenä,2
Meilletoihin,2
Tusinamuotia,2
Noomin,2
Kiviainespeitteellä,2
Sorakerros,2
Vaakasuorana,2
Askphysics,2
14hlldi,2
Can_electrical_grounding_be_done_wirelessly,2
Urkupilli,2
Keskimeridiaanin,2
Järjestlemästä,2
Keksintös,2
Dollard,2
Generoineena,2
Oksettaviin,2
Edj3a0fqy2m,2
Vebqbe6,2
Tuhohyönteisetkin,2
Jännittyneemmin,2
Kanimainen,2
Forhindra,2
Elaketutka,2
Elc3a4ke,2
Internetversioita,2
Varvuissa,2
Rauhallisimmissa,2
Tutkimusapulaiseksi,2
Tippiboonuksena,2
Oikeidenmukaisinta,2
Tippaustyyli,2
Koulumateriaaliin,2
Baarimikoillekin,2
Maansiirtofirmalleni,2
17j01zd,2
Töksäytetty,2
Answer8,2
Rauhansotilas,2
K6x3yqu,2
Poliisiraporteista,2
Ammattikirjallisuudesta,2
Sinisempää,2
Peppukipuahan,2
Huutevat,2
K6y3ld6,2
Rakaisua,2
Työperäiseän,2
Keskudteluun,2
Pankkitalletuksilleni,2
Esijalostetta,2
17ix8d8,2
K6y3klm,2
Kaivosdirektiivi,2
Whooppi,2
Goldbergille,2
Naisastronautille,2
Trollingilla,2
Yöjakajia,2
Mineraalejaan,2
Kotiintulemisesta,2
Pysäköintirikkeistä,2
Risumiesvideossa,2
Halveksuntapykälä,2
Eetupesuvlog,2
Risukuormaa,2
Pomitettavaa,2
Eläkekertymästäni,2
Spelukoin,2
Pärjäämistäni,2
Toittotaisi,2
Trollisomeissa,2
Absoluttiisesti,2
Rikollismyönteisyyttä,2
Halautkin,2
80tb3cyzeh,2
Julkilausumattomat,2
Teurastustoimia,2
Ruumiinsyöjän,2
Selviytymisloma,2
Kynänheiluttelijoita,2
Työläisete,2
Harrastetaa,2
Rotistasi,2
Tilinpäätöserää,2
Etäkäynnissä,2
Minimiduunin,2
Pehmopaperipäätöstä,2
Tappamiskisa,2
Sotaansaa,2
Geeniruletissa,2
Sorkkarautahommat,2
Pysäyttämiseensä,2
Lipuntarkastustilanne,2
Haistahaista,2
Kouluammutuksi,2
Pediatrit,2
Hidetystä,2
Lipsits,2
Ismailov,2
Kouluikäiseen,2
Köyhyysmentaliteettia,2
Vaoimankäytön,2
Kiinmi,2
Hauttuun,2
Alkuperaislaitos,2
Reddittoriin,2
Tukikohtaakaan,2
Gazaksi,2
Hamakseksi,2
Junanvaunua,2
Knobbelzwaan,2
Koskemattamassa,2
Ankkureitaankin,2
Vanhussukulaista,2
Joukkotuhontalaitoksissa,2
Munuaistulehdukseen,2
Tartuntatautipotilaan,2
Disconsa,2
104ygdb,2
Attendon_nakit,2
4b3a,2
D639b63c95d5,2
Häiriökohteissa,2
Pääaineiksi,2
Musiikkiteknologia,2
Reaalitulon,2
Hyperreaktiivisten,2
Esitarkastaja,2
Aikomuksistani,2
Venäläisalukseen,2
Kidutusalueelle,2
Sotilaskohteena,2
Rajahdyksia,2
Perhenormin,2
Sanelusoftan,2
Vwuxzggcshm,2
Tehdasduunitkin,2
Tuplaantanu,2
Paskanttiin,2
Lähetteelleen,2
Haahuilevilla,2
20919th,2
Kontribuoimiseen,2
Veriverhon,2
Kelivaroitusta,2
Lautavuokraajille,2
Oheisvahingoilta,2
Algoritmiseen,2
Parametrini,2
Kytkinpakka,2
Katsastusasemahan,2
Kehunko,2
Jjquery,2
Yläkoulutasoisesta,2
Nuorisia,2
Kehumattomuudessa,2
Ihanpaska,2
Autonarrator,2
Onnettomuustilastotkin,2
Ohjelmointikielienkään,2
Tuoteriveillä,2
Kulttuurinationalismi,2
Kotikivääriä,2
Kryptolainapalvelua,2
Harrastusvälineensä,2
Vartoiduimman,2
Viinarahaksi,2
Peltirynkkyä,2
Aivoripulissa,2
17j0rfx,2
China_irl,2
Bridgetonia,2
Jabalian,2
Siviilituomioistuimissa,2
Ylimerkitsee,2
Liikuntatuen,2
Nepsyyden,2
Amilexxy,2
703a3aa25278634996c0bc0414575767,2
15ufm4k,2
Editatessa,2
Materiaalintuottajat,2
Dilutointia,2
Argumentaatioteorian,2
Eläkemaksueroa,2
Suojelustatuksensa,2
Marsulääkäri,2
Puutarhaomenat,2
Antisionismilla,2
Antisionistina,2
Salakatselutuomiosta,2
Uhripositiosi,2
Eqwpumtdxk0,2
Nkpyk958lmghbdcy,2
Pyrkiäksesi,2
Taktiikoillaan,2
Reellsseistä,2
Vinestä,2
Normaalimuotoon,2
Liittymahinta,2
93cambridge_analytica_data_scandal,2
Afcl,2
Erikoisjousitus,2
Järhestelmä,2
Yrityksensa,2
7pmadi,2
Ovke33lnfys,2
Krausen,2
Putkavaht,2
Alihankittujen,2
Citizenlab,2
Luottojärjestelmän,2
Hustlauskulttuuri,2
P4co1pu,2
9qchifd,2
Kjfuxmx,2
3ynllzx,2
Kyborgiraajat,2
Osallistuiskaan,2
Otakaarelta,2
Kokoomusvaikkari05022011,2
9d11be5aa7f001cd9bc3addec0345609,2
Evakuoituneet,2
Qashgai,2
Nollatunisoppareilla,2
Galit,2
Zilberman,2
Sopimusneuvottelijalle,2
Hamadilla,2
Perusmatikoissakaan,2
Yhdistäydy,2
Ammattiliittovalo,2
Pethotel,2
Pitsiliinoista,2
Tieliikennekelpoisuutta,2
Latokartanontiellä,2
Paypig,2
Yliohjautuminen,2
Vuokratyövoimaaa,2
Budjettitaloudellinen,2
Duunariäänestäjäkuntaan,2
Peruskäytös,2
Rotuoppihölinää,2
Naiskoodareitakin,2
Puolueostoksilla,2
Ajankassa,2
Meemumaisuutta,2
Hintavaikutusarviota,2
Suojaussetrifikaattipalvelun,2
Sertifikaattipavelu,2
Perjaatteitahan,2
Laivaava,2
Metsästäjänkin,2
Etunokkaan,2
Suojelutasoon,2
Riistakeskuksesta,2
Kutsumuksammatiksi,2
Elinkeinoliittojen,2
Huonoosaisuudesta,2
8fc895f2,2
Df7c9c35c7a6,2
Kilometriveroon,2
Ee0bf20a,2
F3f0,2
0a9b2c1b515f,2
Ennatyskorkea,2
Kuljetusbarometri,2
7r074j,2
Tuplapisteitä,2
Lukutaidottomalta,2
Sertifioinnille,2
Ilvespopulaatioon,2
Sylitanssin,2
4d63642e,2
5f73,2
Fcef534c1fa3,2
Valtioillisen,2
Gogzdufvk4y,2
Mzjckso,2
Anqwarius,2
Barbosa,2
Zjacf1zxlwy,2
Liittyisivätkin,2
Palkkajoustolla,2
Onniksi,2
Varhaiskasvatustoimen,2
Snäppäilemään,2
Hyllyhintoihin,2
Kulttuurilehteen,2
Monimuotoisuustyöpajaa,2
Postcrossingyhdistys,2
Kuljetusyhtioeiden,2
Palvelumuutoksista,2
Sertifikaatioauktoriteettien,2
Vaatimuseroja,2
Kannanhoitona,2
Vuokranantajakanditaatille,2
Siloposkisuutta,2
Rikkaille_,2
Faceprofiili,2
Räkiviksi,2
Aihemeemejä,2
K6ek88b,2
Puheliaalle,2
Työvoimatutkimuksella,2
Szojvcf,2
Fuksivuottani,2
Asukastakohti,2
Panettamine,2
Itsemurhaki,2
Suojelukeinoista,2
Ravintolanpyörittäjät,2
Tulonmenetyksetkin,2
Propagandatorvea,2
Puolivakiintuneita,2
Kolonisioijia,2
Takaavaksi,2
Eritysarvossa,2
Frendiai,2
Päänsärkydiagnoosilla,2
Tölkkiäkin,2
Stereotyypoisen,2
Merkittäksi,2
Kulttuuripilariksi,2
Ädinkielellä,2
Työaikaeroja,2
Palkkakukkulalla,2
Intilaista,2
Mömmöaivon,2
Keskusteku,2
Työnimikekohtaista,2
Yliopistopiirissä,2
Sormiensä,2
Jenkkiaksenttiin,2
Bf86a3cd2074184567102663b7e92280,2
Appelsiineina,2
Tekiläisistä,2
Sotelaisista,2
Suhteellisuusteoriansa,2
Virkamiesenglannin,2
Ayubid,2
Fatimid,2
Hasmonean,2
Oletetaas,2
Tedottiin,2
Hannusipila,2
Nakbasta,2
Väärinymmärtelemistä,2
Vannoaa,2
Uotsap,2
Siivilikuolemat,2
Script_kiddie,2
Kansanmurhafantasioissaan,2
Vojaasher,2
Vojager,2
Russifioda,2
Miekkaraissa,2
Oleskelukupa,2
Terroristjärjestöksi,2
Syytteistäkään,2
Itsenäisyystaistelijoille,2
Taksy,2
Syktal,2
Zten,2
Suunittelijoille,2
80x80,2
Suorahiomakone,2
Rankentaminen,2
Infuusiot,2
Taidonnäytteiden,2
Pyrolle,2
Lettini,2
Rauhoittaen,2
Senniminen,2
Kukkamekkoja,2
Pikkuveljenkin,2
Kolmikantaisesta,2
Purkkiherneitä,2
Liittoutuneissa,2
Panitteko,2
Prodelähteitä,2
Toimistopukeutumisen,2
Pakkomeänkieli,2
Sähkölaskuasi,2
Kauppakassillisia,2
Hitlerjugendiin,2
Black_triangle_,2
Teräsrakennesuunnitelmat,2
Koneinsseiltä,2
Kotiruoat,2
Sisätilalämmittimien,2
Vuotra,2
Peltileipää,2
Sukolla,2
Kieltänee,2
Vikatapauksissa,2
Hitsausinsinööri,2
Toteuttamiskelpoisuutta,2
Jeshua,2
Vaikuttavuusseura,2
Laakarinlausunnot,2
Räkärumba,2
Säästövimmassaan,2
Suunnitteluhommassa,2
30x10x0,2
Yksittäispakkauksina,2
Tieoa,2
Maapannukakku,2
Työmaapäälliköt,2
Setelinipuista,2
Solmupisteessä,2
Turhapurotkin,2
Hedelmäsmoothieta,2
Saatavilleni,2
Lataileva,2
Jauhelihankorvikkeena,2
Tiskiharjaan,2
Kostutettiin,2
Vol36,2
Sekundaskeidaa,2
Churchillille,2
Rothschildin,2
Murisemista,2
Samannimisiksi,2
Darramättöä,2
Nyhtökauroista,2
Maistraateille,2
Pyörällisiä,2
Mcqueenilla,2
Vahingonaiheuttaminen,2
Sunnuntaivuoroihin,2
Esikeittämällä,2
Milkings,2
Töksäyttämään,2
Taksimatkansa,2
Kasvituote,2
Ekotehokkuuden,2
Vaikutukseltaa,2
Näkymättömäpiä,2
Insinööröimään,2
Ylitarkat,2
Aikaisine,2
Herätyksineen,2
Iltaohjelma,2
Käyttömahdollisuuksiltaan,2
Winstonia,2
Pumppat,2
Teräsrakennestandardi,2
Arcticalla,2
Coopiksi,2
Keskustelukursseja,2
Avioeroille,2
Maapähkinävoiksi,2
Rasvapitoisella,2
75kcal,2
Sotepomojen,2
Puhelinpeli,2
Huomaamamastani,2
Keräämättömästä,2
Juoksentelevasta,2
Maatumisprosessin,2
Alkutunneilla,2
Miehekkyydessä,2
Mainosjakajat,2
Paljastimet,2
Portitkin,2
Seuranneelta,2
Kivikaudellakaan,2
Regge,2
Älyttömiinkin,2
Maistuupahan,2
Matalatuloisimpien,2
Lakinsakin,2
Monityydyttymättömillä,2
Madeltiin,2
Härskeimmissä,2
Lopetusajat,2
Ruumiinvammansa,2
Ihmisistö,2
Romurallista,2
Juustopuurosta,2
Istuttii,2
Aspartamiinia,2
Spraykannusta,2
Halpalentoyhtiötä,2
Kriminalisoit,2
Rankilta,2
Ruokavaras,2
Säilytysmahdollisuus,2
Omanlaisemme,2
Hintaluokastaan,2
Ostokriteerinä,2
Vainonkaan,2
Faxen,2
Velcrotarra,2
Morsmaikkua,2
Accu,2
Veedid,2
Virvokkeitakin,2
Yln,2
Silmäillessään,2
Perheellisyydestä,2
Perhebarometrikyselyn,2
Kakkapyllyjen,2
Ketaa,2
Kolleekoita,2
Ulkovälinevarastossa,2
Pakasterehut,2
Kilsaakaan,2
Veeteilemään,2
Veronkorotukselta,2
Suomalaisjantterin,2
L3p49,2
Vitara,2
Ihmettäny,2
Valokuvioon,2
1440e,2
Puhdistutaan,2
Päättömyyteensä,2
Stadionkeikkojen,2
Deittailaan,2
Hankintafirma,2
Katukaupalle,2
Könkeli,2
21a,2
Remppakohteita,2
Pienituloisuusrajoilla,2
Rautatieprojektit,2
Rutiiniks,2
Puklun,2
Abcdefghijklmnopqrstuvwxyzåäö,2
Ukkoiksi,2
Kuulostinpas,2
Keräyspisteestä,2
Premiumhinta,2
Hyundailta,2
Imettävälle,2
Vastaanottopisteet,2
Perusnäppäimistön,2
Blackwaterille,2
Maksunvälitysfirmalle,2
Vääränlaisine,2
Matukan,2
Pehmiät,2
Hallitusstrategia,2
Stressailua,2
Lihoavan,2
Vartalopyyhkeitä,2
Minkkitarhaukseen,2
Haittalisänä,2
Pitsiliinoja,2
Yksilöllisyytemme,2
Häkämieheltä,2
Kuittidataa,2
Pehmosilta,2
Tähtösten,2
Lihavoitui,2
Dokailin,2
Nappeli,2
Voitaiski,2
Aikaistyöttömien,2
Amatöörimeininkiä,2
Lintuinfluenssalle,2
Ketoselle,2
Massatuotannollinen,2
Käteiskorvausta,2
Rintatulehdus,2
Juttutuvan,2
Asiakasvirrasta,2
Pilkkapalkalla,2
Löydt,2
Talouskannat,2
Maksunvälitykseen,2
Takaisinperinnöistä,2
Ikävystyttävämpää,2
Kestävemmiksi,2
Luomuksiinsa,2
Radiomainontaa,2
Liittopamput,2
Painorajoilla,2
Seutulaisesta,2
Ylikompensoinnin,2
Maximoida,2
Hoettuun,2
Delanneen,2
Karhuaisi,2
Pehmeämmässä,2
Karheissa,2
Kierratysaste,2
Yliholhoava,2
Kahmineen,2
Klikeissään,2
Harrustukset,2
Lahjattomilla,2
Kierretapin,2
Työllistymises,2
Sarvellisia,2
Haluamiskysymys,2
21_neo,2
Ntblcos1riy,2
Pq8vvthvz6u,2
Xbgtdl3ceko,2
Lyijysiipi,2
Mi7hz1keaxe,2
Zjf304v6efg,2
Polttoainesuodattimet,2
Policeporn,2
Kehaissut,2
Ulkomaillehan,2
Puolisottomuutta,2
Haaliman,2
Teemaiselle,2
Vaimokandidaatti,2
Korppuihin,2
Pienenpienessä,2
Tasapaksuilla,2
Rakettitieteitä,2
Telttakangasta,2
Riehuvalle,2
Viestintäsovelluksien,2
Korruptiokuvioita,2
Pilleripää,2
Riseria,2
Maahanmuuttotaustaisille,2
Oletuspaikkaan,2
Deittikumppanit,2
Estotyökalut,2
380km,2
Saapaiden,2
Demariliikkeen,2
Demokratiselle,2
Miljonprogrammetista,2
Kapitalistiluokka,2
Valjastamasta,2
Jäsenlehdestä,2
Jokapvä,2
Yliopistoravintolassa,2
Syrjimättömien,2
Jokaisesessa,2
3eurolla,2
Sähköliittoa,2
Teekkarifuksi,2
Hallintojohtajaksi,2
Luottamusvaltuutettuakaan,2
Eläkeisille,2
Baarikulut,2
Heikennyksellä,2
Tt0861739,2
Pyörämekaanikot,2
Kymmenenvuotiaista,2
Toteuttamilta,2
Kinasteleen,2
Toasteja,2
Epäorganisoitua,2
Hallinoimaa,2
Elämäntaparikollisilla,2
Kuntoutusrahalle,2
Riippuvuuskierre,2
Miesväestössä,2
Känn,2
Täysn,2
Porkkanasäkki,2
Opiskelijamielenosoituksen,2
Alkuunpanijaksi,2
Tahallisuutensa,2
Julialla,2
Tejdään,2
Lahjatonkin,2
Ruokakeräys,2
Tauvolla,2
Hyvinvoinni,2
Nollajohtimeen,2
Nihilistisimmät,2
Puuhiilellä,2
Pönötetää,2
Tiäräks,2
Lehmänpierut,2
Kädestäpitelyä,2
Tekevillekin,2
Duunipaikkaani,2
Vikavirtaa,2
Työvehkeitä,2
Havahtuneensa,2
Kliksuttelijat,2
Viulisteja,2
Jojottamista,2
Beelle,2
Himmentimiä,2
Kansankodilla,2
Aleksitymiasta,2
Työkkäritädin,2
Lahjaveroissa,2
Oikuilta,2
Ponnistavalle,2
K135e0m,2
Hyväksymällään,2
Silpomisuhan,2
Sijoitustileihin,2
Riipaisisi,2
Heikkotehoisen,2
Yksityiselläsektorilla,2
Kansaedustajissa,2
Osuudenkin,2
Keittiöpäivien,2
Lastenjuhlissa,2
Meksikohan,2
Korkeakoulualat,2
Krautaan,2
Fonumit,2
Liikennesäännötkään,2
Makumaailmoja,2
Nulkki,2
Mukavemmilla,2
Miljonääreineen,2
Suojamaahan,2
Ahnehdit,2
Hanifbali,2
Rääkissä,2
Kaluille,2
Aikakäsityksessä,2
Vasemmistonuorien,2
Mielenterveyskriisistä,2
Bräni,2
Liimaleteille,2
Täyttäneetkään,2
Varmuusen,2
Mulletin,2
Kirkollisveroani,2
Hammoud,2
Selkeentyi,2
Selkouneksi,2
Kulttuurityhjiössä,2
Lastenasema,2
Sentraalisia,2
Kirkkotapahtumia,2
Suljetumman,2
Tunnekylmäksi,2
Organisaatioillaan,2
Palautusvelvollisuutta,2
Tukkualennuksen,2
Kotoutusohjelmien,2
Länsiliberaalin,2
Kiinnisaantiin,2
Baittisi,2
Nollapostaamisesta,2
Kultturierot,2
Vankilassaoloa,2
Jaotelmalla,2
Työmaakäyttöön,2
Hdb,2
Empatiapäissään,2
Ihmispiirteistä,2
Täsmentäviin,2
Kiihkoilevaksi,2
Lifee,2
Tpz2vsv5ddy,2
Yrittävänkään,2
Salaliittosekoiluihin,2
Säälimällä,2
Kärkkäästihän,2
Peloteltavaksi,2
Davoksen,2
Huumelordiksi,2
Halpakämppiä,2
Nuorisovankiloissa,2
Maksimivankeus,2
Privaatteihin,2
Kaksinaismoralisteina,2
Paasais,2
Mausteliemen,2
Aspassakin,2
Rikostyypeittäin,2
A42bad93,2
8a27,2
6c80,2
41aabbaaf457,2
Rautakirjasta,2
Monist,2
Skaalaassa,2
Kustomisoida,2
Osakekursseissa,2
Filantroopit,2
Tuhollista,2
Kylmäsavulohella,2
Auttako,2
Mutuilullani,2
Nettokuluja,2
Lässynläällä,2
Humanitaarisistä,2
Pepee,2
Päivystyshoitajana,2
Eläinsairaalassa,2
Kurssitarjonnalla,2
Testaushommiin,2
Kasaamiaan,2
Deeplearning,2
Ryskeellä,2
Alkutapahtumista,2
Formulating,2
Risteilyalukselle,2
Kestonkaan,2
Sailyvyys,2
Lastyearman,2
Eroilmotus,2
Urbanmilwaukee,2
Teknisempia,2
Mikrotella,2
Skottiviskeistä,2
Placental,2
Jallujengiä,2
Etikkaisempi,2
Insoluble,2
Khyy,2
Kaulii,2
Merkkikalsareihin,2
Farkkushortsien,2
Haavaiseen,2
Nopeuttavaa,2
Kaasuntuotantoa,2
Merkeistäkin,2
Menehdyt,2
Blackhorse,2
Huuhtelupainike,2
Sarjakuristajille,2
Kouvolast,2
Epäironinesti,2
Rikkauskin,2
Muutanaan,2
Korostuksilla,2
Osakepoimintoja,2
Uudelleensijoittamiseen,2
Viskooseille,2
Mukailevassa,2
Vääntölujuus,2
Vaatimuksinesi,2
Seksuaalipalveluista,2
Lampolaan,2
Pikkuihmisten,2
Edenneeltä,2
Hindulaisten,2
Varhaisempiin,2
Raikunut,2
Mustahometta,2
Suosittelulla,2
Ärsuomet,2
Mukavuudenhaluisille,2
Sivuilmiöineen,2
Oolantiin,2
Huijauspuheluissa,2
Kuluisia,2
Italianleivät,2
Taloussankari,2
Viskoosille,2
Raion,2
Mikrokuiduista,2
Ammattitaitokaan,2
Riistäjiltä,2
Puutteisia,2
Saanniksi,2
Hallintoammattilaisten,2
Kapernaumissa,2
Opetuslapsekseen,2
Miesäänen,2
Ympäristönäkökannat,2
Piispamunkkeja,2
Tarjoamistasi,2
Kakkahetki,2
Pörssihinnalle,2
Trenditermejä,2
Luentani,2
Jynssäisi,2
Lammaskatraan,2
Carotenoids,2
Moraalipisteet,2
Tuoreissakaan,2
Sentyyppiseen,2
Jekkuilun,2
Eriarvosuus,2
Pepustasi,2
Kuparikauppias,2
Tunnepitoisessa,2
Tvtoohigh,2
Liberalisation,2
Äänityön,2
Ompeleella,2
Hakusessaan,2
Näkemyserojahan,2
Streamerillä,2
Tindermätsiä,2
Maahanmuuttajataustainenkin,2
Ylikomisariona,2
Ibtä,2
Reagoimattomuudestaan,2
Reagoineeni,2
Sienipilveksi,2
Hiomakivestä,2
Viiskytlukulainen,2
Kotimatkoihin,2
Kaljatölkkinsä,2
Pysäköintisi,2
Oppsien,2
Vaalistrategiana,2
Vihervasemistosta,2
Ällösöpö,2
Voimassaoloajoista,2
Peräpyyhe,2
Passiiivisesti,2
Sinkkitabletit,2
Emäpuolue,2
Taivasukkelia,2
Nettideittialustoilla,2
Lääkärikö,2
Diggeriä,2
Maailmanpelastajiksi,2
Hökkelille,2
Ramppaajat,2
Spiikkaus,2
Halvaannutettu,2
Mokomaksi,2
Köytös,2
Ylepeyden,2
Rasvatuubin,2
Määrittelemällään,2
Dalmatialaisista,2
Merkkilenkkareita,2
Diilamisessa,2
Rividuunareina,2
Päättämistään,2
Jatkosskin,2
Sairaalaverkostoa,2
Rikosaallot,2
Esiintymillä,2
Peräänkuuluttaville,2
Investointiriskin,2
Täälläpäs,2
Alankomaathan,2
Käymistuote,2
Ydinvoimalaitokselle,2
Metsästyskurssin,2
Opportunisteina,2
Syssymmälle,2
Vakuutustaso,2
Postitkaan,2
Ammuskelisivat,2
Susitutkijan,2
Automaattilataus,2
Huumesotaansa,2
Eheyttäen,2
Luonnonuraanilla,2
Tienavaan,2
Vuokralääkäreinä,2
Laittautuisi,2
Reviirikäyttäytyminen,2
Evidenssit,2
Laatikkoakin,2
Todistukselta,2
Nbcuniversalin,2
Kasvatustieteilijällä,2
Esitutkintaviranomaisia,2
Kuciak,2
Klommon,2
Tuudittautuneena,2
Senttimetrien,2
Protestiäänestämistä,2
Luulottelevat,2
Kohdennettaan,2
Rinkinä,2
Keskuksessakin,2
Vakkarisopimuksen,2
Kyberpornoa,2
Apparihommiin,2
Rehnyt,2
Suvullasi,2
Vihakommentoi,2
Creativeen,2
Erehtyväistä,2
Ukkojakaan,2
Ohjaamisena,2
Benkkuun,2
Hylkykirjeiden,2
Labrahommiin,2
Auttan,2
Snett,2
Olettamuksillasi,2
Tollalla,2
Regeneroituu,2
Lukunäkymän,2
Runsaampana,2
Luontasesta,2
Näkemättömien,2
Moottoriajoneuvoon,2
Sivistysvaltioilla,2
Spontaanisuuden,2
Ennustettavin,2
309mol,2
Työntekijliden,2
Pyöränvaloja,2
Criminalist,2
Kondoomien,2
Tampooneista,2
Häneenhän,2
Napanut,2
Huonopalkkaisimpia,2
Perusversioita,2
Ulosvedon,2
Raheet,2
Cedh,2
Ammattilaisliigoja,2
Olisí,2
Harrasteurheilun,2
Steadyenergy,2
Äitiysneuvolat,2
Tehtäväkiertoa,2
Sossunrahaa,2
Kakatus,2
Yksinyrittäjätkin,2
Kaitsittu,2
Pahamaineisimmissa,2
Tehopiikin,2
Saikuttajalta,2
Paperiniput,2
Taxipalvelut,2
Työttömysturvan,2
Töyntekijän,2
Senkaltaisista,2
Rappariksi,2
Tuktita,2
Vasemmistolibertaristi,2
Yleiskielelle,2
Verorasitteeltaan,2
Kasvojentunnistukset,2
Henkilökorttirekisterien,2
Totuuttaki,2
Toteuttuu,2
Alamaailmalta,2
Nettikoulutus,2
Tupakkakartonkeja,2
Bflix,2
Massavirrat,2
Massavirtoihin,2
Verotusarvolla,2
Markkinavuokrilla,2
Jyystin,2
Mielenterveysaspektia,2
Venlafaxinilla,2
Maalaustekniikka,2
Seroniliä,2
Valopulsseja,2
Harppaisi,2
Kansalaisuuslakien,2
Edellytettyjen,2
Rivipoliitikkona,2
Aavistustakan,2
Siedätettyä,2
Tuntoaistiin,2
Mäkkärissäkään,2
1500va,2
Ulosvedosta,2
Täysjyvämakaroonia,2
Verrattuan,2
Takuuvuokrarahoja,2
Hikoiluongelma,2
Vasemmistopoliitikoksi,2
Auditiivisia,2
Sdpsta,2
Lentosuukot,2
Varailua,2
Työsuhdeautoissa,2
Hupsujen,2
Muotipaskaa,2
Takapuoleenne,2
Allenus,2
Luottaamaan,2
Marginaaliveroksi,2
Kypsemmillä,2
Postiiviset,2
Ärtsy,2
Täräyttäsin,2
Työkavereiltakin,2
Osakeoptio,2
Läskeilläkin,2
Sanavapauttakin,2
Sosiaaliliberalismiksi,2
Tunnustanutkaan,2
Poestha,2
Ammattirakenteiden,2
Ohrajuoma,2
Läskiyttään,2
Miniketju,2
Erikoisoperaatiojoukkoja,2
Veltola,2
Kansioni,2
Tajunnanvirrassa,2
Maksimalistisista,2
Moodeemin,2
Vortioksetiinin,2
Matkustajalaivoilla,2
Todennäköistäkään,2
Mediataidot,2
Sektoriantenneja,2
Taajutta,2
Kääntäminä,2
Julkaisualustaan,2
Normaalihin,2
Polveudumme,2
Unelmatyötäsi,2
Buuttauksesta,2
Alalaudoista,2
Eläkekertymiin,2
Sorvailee,2
Perusharmaa,2
Sertral,2
Juoksuvauhdilla,2
V2019,2
Samannimista,2
Tiivistävätkin,2
Rybyjä,2
Neuvottomana,2
Ääniharavasta,2
Ylänuoletan,2
Pääministeriajan,2
Verirahoista,2
Ammuskeluilla,2
Tielinjauksen,2
Poliitikona,2
Kohotettuja,2
Mailaman,2
Tulevaisuusnäkymissä,2
Pudistakaa,2
Kiukkutaa,2
Proteiinimäärää,2
Asumisviihtyvyyteen,2
Ajatuspolulle,2
Potkaisemisesta,2
Biimerin,2
Äänestäjänään,2
Nostotekniikat,2
Tulehduskipukuurin,2
Eläkesummia,2
Futishalli,2
Juhlaherkku,2
Freudilaisena,2
Uutiskanaviin,2
Yksilapsisissa,2
Kuohukermat,2
16fo5bl,2
Lihavuutta_kutsutaan_jo_pandemiaksi_t,2
K030uvu,2
Kouluruokiin,2
Pätkittäiset,2
Federoitujen,2
Kovaäänisimpinä,2
Ikisinkulla,2
Adoptioprosessin,2
Köyhie,2
Jehutkin,2
Palveluntarpeesta,2
16d3fqi,2
Ykistyiselle,2
Soluelin,2
Parodiahoristontti,2
Korjailisi,2
Uhraavani,2
Tarvitavaa,2
Perherakenteisiin,2
Ympäristöhaasteita,2
Surauta,2
Baittausta,2
Alunperiin,2
Enclosures,2
Tukhomasta,2
Mulkunvemputus,2
Yrittajyysaktiivisuudessa,2
Perheidyllistä,2
Tartteva,2
Konkeliin,2
Urpotkin,2
Paikoillanne,2
Sossutuloilla,2
Pakotettavien,2
Voittua,2
Wanhemmaksi,2
Rasistissa,2
Kilpailijamäärän,2
Happotrippiä,2
Supersuoritusta,2
Ehkäisyneuvolan,2
Arkiaktiivisuudella,2
Pohjoispäädystä,2
Tehdilla,2
Valmisneste,2
Makutiivisteiden,2
Liikkeistäkin,2
Medikalisaatiossa,2
Sivunnu,2
Kaurapuuromoottori,2
Kengittiin,2
Salkunhoitajille,2
Jälkiviisaushan,2
Limasena,2
Klamydiatestin,2
Hahmottamis,2
Opiskelijarientoja,2
Täystuhossa,2
Laihtuessa,2
Kalorilaskurilla,2
Ptrend,2
Laihduttaminenkin,2
Röyhtäilyn,2
Soivassa,2
Oopperakin,2
Kolminkertasta,2
M38,2
Pikkukeskuksia,2
Mukuloitakaan,2
Roudattavaksi,2
Andalucia,2
Palkallisestikin,2
Kasvus,2
Makukermoja,2
Pakotettujakin,2
Intressejäs,2
Fimoilla,2
Sunkaltanen,2
Väräyttäisi,2
Lärpäkkeistä,2
Turvallisuuspäätökset,2
Tuntinaan,2
Varmadti,2
Ravintolahinta,2
Mummoudesta,2
Vakihenkilökunnan,2
Pinaatinlehtiä,2
Karsiihan,2
Horjuuttaminen,2
Sankarihaudoista,2
Charterilla,2
Vastahyökkäyksessään,2
Muusiinkin,2
Yksipäiväiseksi,2
Perhettähän,2
Penankaan,2
Räppia,2
Eläkepyramidihuijauksesta,2
Töidenkään,2
Spagetteihin,2
Tehostamatta,2
Tykistöksi,2
Hemmotelluiksi,2
Gdd,2
Pangs,2
Pykene,2
Kabiinikokoinen,2
Vierastamista,2
Rojektiksi,2
Jemmais,2
Vuokrasähköautolla,2
Vetreämpi,2
Tyyppihyväksyntäprosessissa,2
Karmafarmaukseen,2
Nukkus,2
Sotahautoja,2
Palkanmaksuvarasta,2
Forsbergia,2
Kännipää,2
Elämänhaluisena,2
Lyömisistä,2
Markkinavetoisena,2
Yliaktiivisuuden,2
Pyhäpäiville,2
Junnuajat,2
Genetiikalleen,2
Tykistöase,2
Juuttikangas,2
Rohise,2
Niskakipuun,2
Kriisipuhetta,2
Tuntipankista,2
Ilmiöni,2
Meinhofia,2
Hoitajiinkin,2
Läpimurroissa,2
Aikasokeuden,2
Kuuntelemien,2
Viheliäisesti,2
Pläräile,2
Pääministeripaikkaa,2
Demokratisoimiseksi,2
Lompsisin,2
Talvivaarassahan,2
Terapeuttiini,2
Asumishaitta,2
Johtajankaan,2
Ääniharavansa,2
Nökösen,2
Metsänhoitajaksi,2
Brontolla,2
Wilmamerkinnät,2
Puhallusvillan,2
Tähystäjän,2
Mononkuva,2
Ostohommissa,2
Oldiin,2
Lyötäisiinkin,2
Verotrolli,2
Kahvipöytäkeskusteluita,2
5b36,2
960c,2
Hektisempiä,2
Säädäntöjen,2
Lämpän,2
Räkäkausi,2
Vauvapalstalle,2
Scheisseksi,2
Kohtalontovereista,2
Hupilentämistä,2
Isukkeja,2
Teorioimaan,2
Kordinaattoreita,2
Tasavertasesti,2
Työpariin,2
Karvamatolle,2
Työllistymistäkään,2
Uusyrityskeskukseen,2
Pääpaikalle,2
Omaanmakuun,2
Pitkävetisiä,2
Standardoinut,2
Tilauskirjan,2
Naislasta,2
Bullettii,2
Perusteenahan,2
Maadoituksessa,2
Laukaisemien,2
Autokuvaa,2
Liekehtivästä,2
Tallaamalla,2
Avauduttava,2
Heleeevetin,2
Kirskahti,2
Louhokselle,2
Tehtäväsarja,2
Kotiteollisuudessa,2
Tyhjennysventtiili,2
Vilhoa,2
Etuusverokortin,2
Peruskämpän,2
Elämyksellisempi,2
Vidar,2
Tykistöylivoimasta,2
Melkoosen,2
A4n_joukkoampuminen,2
Omakustanteelle,2
Optiikoissa,2
Ketkö,2
Työvälineita,2
Vesifirman,2
Nahanpala,2
Nakukuvissa,2
Tsekkailun,2
Puhuttelunimi,2
Sahaamisella,2
Luentotallenne,2
Vaunumiehistöille,2
Inhokilla,2
Kaikenkielisten,2
Hihanauhojen,2
Vedenkulutustaan,2
Ylhäätä,2
Kotitoimituksessa,2
Kauluspaidassaan,2
Sotisopaa,2
Virkalääkäreille,2
Hommaredditissä,2
Rötösherroiksi,2
Downvotesade,2
Saunotko,2
Pellinpaloista,2
Asuttavuus,2
Senaattorihan,2
Inhospitable,2
Sleds,2
Uttala,2
Mäkkäriduunareita,2
Ylijäämämateriaalia,2
Harakanpoikanen,2
Kertaili,2
Sinisilmäisyydeksi,2
Verenperinnössä,2
Läppäventtiili,2
Hedelmäpeleille,2
Epäonnekkaassa,2
Magnitudeissa,2
Eraita,2
Suihkunurkkaus,2
Tissipersettä,2
Suojaavasti,2
Vittuintin,2
Turistikaupungissa,2
Varustuksilla,2
Valkkaamia,2
Inssitädin,2
Järsittyjä,2
Morottanut,2
Nykyhallituksessakin,2
Tarjoilijaakin,2
Aloitteellaan,2
Suihkuton,2
Osotellu,2
Tiimikohtainen,2
Katsurilla,2
Rienataan,2
Eemu,2
Rekrymainoksia,2
Ennenmänkin,2
Kavereillenikaan,2
Desinfiointiaineiden,2
Wiljam,2
Kaapelikelan,2
Lisähärpäke,2
Säästöajatus,2
Jatkivasti,2
Kakkaamasta,2
Riisuuntua,2
Hölkkäilee,2
Kitsaampi,2
Pankkilla,2
Mefedroni,2
Opetusautona,2
Populistiliikkeen,2
Horoskooppijutut,2
Tuulisemmaksi,2
Chattihuoneen,2
Luontoasioihin,2
Hrää,2
Liippaavalta,2
Konjakkisinapin,2
Komerolle,2
Jatlaa,2
Severian,2
Sorttasi,2
Lukitusten,2
Seremoniallisten,2
Kaveriporukoiksi,2
Kirjapiireissä,2
Nähtäväksihän,2
Yövuoros,2
Burialin,2
Horoskoopeissa,2
Radanvartijan,2
Töihinlähtöön,2
Allasbileitä,2
Pääprioriteettina,2
Seurahenkilö,2
Crosfittaaja,2
Koodarifirmat,2
Naulataanko,2
Solidaarisuusverosta,2
Puolustusbudjektista,2
Mcmurtryn,2
5ae4,2
Nykytilanteessaan,2
Topinojalta,2
Pistesyöpymää,2
Vuokratonttia,2
Editoidusti,2
Avaamiseenkin,2
Verenkiertoakin,2
Urheilualan,2
Kylmäkiskoisempi,2
Tomiston,2
Ravistaessa,2
Neuroepätyypillisestä,2
Laakealla,2
Taatilan,2
Asiahenkilöt,2
Kierteilleen,2
2x120,2
Rivakkuudella,2
Sudenperseessä,2
Puristavana,2
Rötöksii,2
Snortattu,2
Uraanilta,2
Tasavahvaan,2
Vasemmistopolitiikkojen,2
Ranteja,2
Lämmityssysteemien,2
Äkäisistä,2
Toimistoltakin,2
Promomateriaalissa,2
Suistin,2
Syödä_,2
Pakkausselosteessakin,2
Lallatuksia,2
Viattominkaan,2
Raivostuttavimmat,2
Näköalattomasta,2
Irtokorkki,2
Jkylän,2
Rkg,2
Vesivirtaa,2
Yom_kippur_war,2
Etusormessa,2
Raksasiivojana,2
Kaljakonttia,2
Ropettaja,2
Jodlaajia,2
Pelitarvetta,2
Juutalaisasutusta,2
Rännittävä,2
Ontelokranaatit,2
Laakarikoulutusta,2
Lauluihinsa,2
Liitännäissairauksien,2
Kuvansiirto,2
Omakasvattamat,2
Laparoskopialla,2
Jakkiin,2
Ortografiamaanikkoja,2
Häväistäväksi,2
Pellenmeikit,2
Kokeilunarvoisia,2
Nerran,2
Viisiportaista,2
Tehtaaltaa,2
Nosturinkuljettajaa,2
Ogelmat,2
Mobilisoitumaan,2
Pentuiästä,2
Kopiointii,2
Oikeil,2
Raketillaan,2
Ostaisinkin,2
Endometrioosipotilas,2
Kooditehtävän,2
Julkisuudenkipeät,2
Nordstreamissä,2
Jonsu,2
Sotiii,2
Raittiushenkilö,2
Raittiustuolissaan,2
Hulttioks,2
Siltsuhan,2
Yllatyslaatikkobisnes,2
Luolamaalauksiin,2
Päihteemme,2
Krampaten,2
Vilpiin,2
Lääkeyrityksessä,2
Picsistä,2
Ratkaa,2
Paskaketjuissa,2
Jyrkentämisestä,2
Mielipuoliksi,2
Miljoonabudjetti,2
Rypistellyt,2
Isoimmaks,2
Hyökkäysmenestys,2
Ultrajuoksijoita,2
Watercooling,2
Tuomittavalle,2
Korkohyvitys,2
Tiedeviestinnästä,2
Ajatumisesta,2
Kultamekko,2
Hamastahnaa,2
Työttömyyksiä,2
Kantaviksi,2
Halpakopioita,2
Metapäissää,2
Aloitteentekokykyä,2
Rajaveroasteessa,2
Ansioturvalla,2
Pöhisseet,2
Jantunen_matti,2
Fyz4j7wiunsdsqzlnmc7yq,2
Julkisliikenteessä,2
Epäempaattisuuden,2
Tukkipuulle,2
Asuinoikeus,2
Hengenheimolaiseni,2
Valumiselta,2
Reumatauteihin,2
Migreenikohtausten,2
Valmistumistahtiin,2
Korkeakoulutetumpien,2
Ylijäämäkauppa,2
Flirttailuna,2
Kuulemallesi,2
Juutalaisvitsille,2
Skapun,2
Harpin,2
Raaempiakin,2
Lähtömaissakaan,2
Lank,2
Kehitysluokkajakauma,2
Alueluovutuksilla,2
Kieltäytynytkin,2
Ääliökommentit,2
Yhteisjärjestö,2
Solassa,2
Maalailevalta,2
Nyyttikesteinä,2
Keikkafirma,2
Merkitsemättömänä,2
Rupisista,2
Holgerson,2
Purkalta,2
Potilasaikoja,2
Vedenpuhdistuslaitokset,2
Ylänköön,2
Mädätätte,2
Vuodeosastohoito,2
Miehistövyön,2
Pankreatiitti,2
Läikkyminen,2
Solaan,2
Tulilahden,2
Tuolloi,2
Erikoislääkäripalveluiden,2
Terveyspalveluyritykset,2
Tohtoreissa,2
Kognitiosi,2
Blingley,2
Nettideittihommista,2
Samanarvoisiahan,2
Loiskaus,2
Ieleen,2
Vaneritehdasta,2
Bänneistäs,2
Kähvellä,2
Ylireagoinneista,2
Rauhoitellakseni,2
Leivonnaiselle,2
Bunkerissa,2
Voileipäkakuissa,2
Tiuskinut,2
Kertakäyttötunnuksilla,2
_pääsevät_,2
Lummeen,2
Cossia,2
Pyyntinä,2
Tietyömiehet,2
Maastokuviointia,2
Korkeakoulututkintoani,2
Naarauksia,2
E57e6152,2
1dda,2
9a56,2
20323ebc128a,2
Viitattavaksi,2
Potilaskohtaista,2
Työläistaustaisiin,2
Moralistisena,2
Äkkijarrutuksella,2
8ec8,2
A04s,2
Femakkopropagandaa,2
Korvausaste,2
Töttömöttö,2
Kyykytyksessä,2
Palkkataulukolla,2
Asiakashankintaan,2
Summaamisessa,2
Maakaasuvarantoja,2
Ykkösijasta,2
Paxit,2
Motivaattoreiksi,2
Hoidonrajauksista,2
Divisioonaansa,2
Opiskeluaikojensa,2
Lahoiksi,2
Platoniseksi,2
Mutristelu,2
Mätäkkää,2
Vähänniinkö,2
Keräyspisteessä,2
Vetäjäks,2
Olevansä,2
Karttalehdellä,2
Lääkärimäärää,2
Katseluetäisyyteen,2
Nyppis,2
Philp,2
Kolmionmuotoisen,2
Harrastuspiireihin,2
Poseeraavasta,2
Metallinhohtoinen,2
Täplänä,2
Tukkipuiden,2
Esinäytöksen,2
Nostamallani,2
Lakkoonkin,2
Fingeravtryck,2
Törsäilemässä,2
Kymmenkertaistuivat,2
Käyttösääntöjä,2
Diskordianismi,2
Modeillekkin,2
Huuhtoutumisen,2
Osaisivatkaan,2
Normaaleimmasta,2
Kokoisesti,2
Talonpoikaisarmeijalla,2
Diskobiisejä,2
Bossina,2
Heijaustuu,2
Munakranaatti,2
Kovammalla,2
Oikeaistoa,2
Maksimilainasta,2
Energiavirtoja,2
Aisankannattajina,2
Puhdistustuotteet,2
Hiipiikö,2
Wasara,2
Kyntäessäni,2
Ulottuvuutemme,2
Kriteetin,2
Palloseinä,2
Barbaarimaisella,2
Päättelyketjuani,2
Ufoiluun,2
B39990ec,2
Db3b,2
F6b393410f56,2
Rauhanturvaamisoperaatioita,2
Tiedehenkilöitä,2
Puolustaneensa,2
Barbaarisilla,2
Ilotulitusnäytökset,2
Massoiksi,2
Jumppailemaan,2
Ampumistasi,2
Barbariana,2
Pedofiliaringistä,2
Hutsien,2
Perustunlain,2
Aiheosaamista,2
Palestiinalaisraukkoja,2
Kipukohtansa,2
Terrorismipelkoa,2
Keskitulosista,2
Juutalaisita,2
Kippuria,2
Rajottavan,2
Kitisiöistä,2
Kuvantamislaitteen,2
Sähköasioissa,2
Hypytetään,2
Kahinoilta,2
Asumiskuluille,2
Palkkastani,2
Liikuntasuoritukseksi,2
Pellonlaitaan,2
Nipistämiset,2
Monimiljonääreistä,2
Iltatyön,2
Lomakuukausina,2
Lehdenjaossa,2
Suorittamislukukauden,2
Manöövereille,2
Terveysyrityksiä,2
Yksiköön,2
Tuloriippuvaisen,2
Mieluisammalle,2
Ostotyöllä,2
Tekemäss,2
Umpityhmät,2
Arabiheimoja,2
Ilotulittelua,2
Kiehautella,2
Ulkomaanpäiväraha,2
Pakkokauppaa,2
Premissistäsi,2
Lisäpöytäkirjaan,2
Mondoweiss,2
Itsenäiseti,2
Vapautusjärjestö,2
Israelihan,2
Poissulkumielessä,2
Oletukseenhan,2
Lesoamisen,2
Toimitustakuuta,2
Heimoveljiään,2
Sosiaalisektori,2
Perinteisinhän,2
Piirileikkibisnestä,2
Kansanmurhaajana,2
Hassutti,2
Ylemmänkään,2
Laiv,2
Eläinlääkäriasemat,2
Järkkäilyihin,2
Antikolonialistisena,2
Alkuperäisosat,2
Rullahiirtä,2
Avokonttorihelvetti,2
Jakoketjussa,2
Pääsähköposti,2
Työttömyystason,2
Palestinaalaisia,2
Korvillansa,2
Kultaherra,2
Natsikulkueissa,2
Pöhinästartuppiin,2
Puolustamaa,2
Söhlää,2
Huommatavasti,2
Pikkukorjaukset,2
Kuikanmäen,2
Sekoittavalle,2
Monistamisessa,2
Tukihenkilöstöstä,2
Työtiimit,2
Perusduunareissa,2
Karvanopista,2
Sanassahan,2
Ajohistoriasta,2
Arvoinem,2
Kuluttuva,2
Korjaustarpeiden,2
Suosijat,2
Tapaamistakaan,2
Korkosuojakin,2
Vastaiskuista,2
Autokraattiseen,2
Työkkärillekin,2
Hakupaikoista,2
Autoilukuluihin,2
Monitoimitilasta,2
Mällisen,2
Agitaattoreina,2
Ketterältä,2
Siebelin,2
Autotilille,2
Miehittämistään,2
Mittakavaassa,2
Rynnäkkokiväärillä,2
Makseltavaksi,2
Tympästä,2
Päivystysleikkauksen,2
Erillispalveluna,2
Häikäilemättömämmät,2
Muuutamaan,2
Turdit,2
Bingolapusta,2
Bahkmut,2
Heikentäisin,2
Madagascaria,2
Arabivalloitus,2
Viskaalille,2
Inflaatiopommia,2
Libanonille,2
Teoriapohjaisiin,2
Sukellusryhmän,2
Kiistanalaisilla,2
Apogolisti,2
Verotuloni,2
Krimeassa,2
Helleeni,2
Parthialaiset,2
Vironkielisillä,2
Hissantunneilta,2
Loisteputkivalojen,2
Naapureissakaan,2
Kausivalojen,2
Tutkimuskäynnit,2
Sytkäreistä,2
Ränttäsin,2
Kehnoimmasta,2
Vastatuissa,2
Tyyppioireita,2
Verolista,2
Mandelaan,2
Pienemmön,2
Persepyyhkeen,2
Hybriditoimia,2
Dekaaniin,2
Ruotsinkokeessa,2
_valtio_,2
Sotilashenkilöstön,2
Suoalueella,2
Antiikkikaupan,2
Kannattoja,2
Hailakkaa,2
Valloittajiensa,2
Mielenkiintoisemmista,2
Koronaajan,2
Persoonallisuushäiriöillä,2
Polttelijalle,2
Ostelukin,2
Puuhommista,2
Maitojuustoa,2
Juoksute,2
Valvotuimmista,2
Kiinteytynyttä,2
Kuluttajamyynnistä,2
Irtokarkkilaareista,2
Palutetaan,2
Siirtomaaisännistä,2
Huolehtisitte,2
Gratiiniin,2
No_reindeer4734,2
Pyyhkimisiä,2
Ämpyilisivät,2
Mizrahit,2
Vähemalt,2
Milläistä,2
Lumenkaato,2
Sekoittumistaan,2
Opiskelutehosta,2
Iäkään,2
Somecloutin,2
Hoivaajat,2
Matoisessa,2
47b4,2
Uutisjulkaisujen,2
Prosessointinopeutta,2
Autonraatojen,2
Kaivureiden,2
Isokatua,2
Koulutusvalintojen,2
Kikkani,2
Piparimaustetta,2
Loppukuukausille,2
Kuulasota,2
Muutosvastarintaakin,2
Vegeproteiinia,2
Vuokrakerrostalojen,2
Humanistimaisterille,2
Sisarenlapseni,2
Xbeddb10qrw,2
Veromiljoonat,2
Ingressiksi,2
Spaghetissa,2
Kotiruoaksi,2
Kimpaleina,2
Tutkimusosaamiselle,2
Nahkarulla,2
Suosikkiruoat,2
Diipeiksi,2
Protos,2
Jäähileistä,2
Paloittelussa,2
Eläinversiot,2
Suurituloisimmilta,2
Metsästänytkään,2
Pähittää,2
Uhrimääriin,2
Keksipohjainen,2
Lyhyillekin,2
Uskosysteemi,2
Sivuseinälle,2
Muumien_maailma,2
Hävittäjänkin,2
Posahtelu,2
Puolukkaan,2
Eteistila,2
Polkupyöränrämän,2
Lakkautettas,2
Bd03,2
Pelitilat,2
Häiritsisikään,2
Magneettitutkimus,2
Walkthroughs,2
Koiranomistajiin,2
Opiskelijauran,2
Ikiunille,2
Ysteemi,2
Päiväristeilyjä,2
Siamilaisen,2
Majoneeseihin,2
Rajallekkaan,2
Hyökkäysvektorina,2
Streaminkin,2
Sänkyys,2
Oikeusohjetta,2
Limasienten,2
Haavottuneen,2
Masinan,2
Kaijaan,2
Liikennöitävillä,2
Langanpäässä,2
Jysähtääkö,2
Tummaihois,2
Hyötyromput,2
Suolaselle,2
Apupojaks,2
Ylähengitystieinfektiota,2
Mietokaan,2
Kouluttautuneisuus,2
Pännivän,2
Sattumankaupasta,2
Tatskattuna,2
Ankkuroidun,2
Varmistaakseeni,2
Matkakassan,2
Pikasiirtona,2
Kaksitoistavuotiaalla,2
Nuortenkirjojen,2
Taudinkuvia,2
Vaappuisi,2
Piiskasin,2
Mustekalalta,2
Perseestärevitty,2
Mikroheräilyjä,2
Unijaksoja,2
Kätetty,2
Palvelutorin,2
Mihikkää,2
Ihmispaljoudet,2
Thrawnin,2
Luolaleijonat,2
Ammattias,2
Suojaiseen,2
Anil,2
Wulf,2
Torpedovenettä,2
Rdcu,2
Blomille,2
Naytteenotto,2
Ketipinoreiden,2
Historiaromaanit,2
Ryöpyttäminen,2
Sivukatua,2
Hyvähintaisia,2
Lääkärimafian,2
Sopeutumisrahaksi,2
Merikarhua,2
Syömiskelpoista,2
Sotepäätökset,2
Vasemmistojohtoisesti,2
Sotaelokuvista,2
Ufwdq8hu,2
Lääkärinpalkkaa,2
Pariutumisriittiä,2
Improvisoinnista,2
Katsastajasta,2
Hysteeris,2
Kultaisinta,2
Keventaminen,2
Kotitalousvahennyksen,2
Vähenikin,2
Pitkäkestoisimmat,2
Rarkaisuna,2
Tosiuskovaista,2
Turvahuoneeseen,2
Palkkalaskelmissa,2
Pahuuksiaan,2
Taksakortit,2
Kelojani,2
Inceleitäkin,2
Lärvillä,2
Samoillessani,2
Alkutyö,2
Avustuspyyntö,2
Kovalevyllesi,2
Kykenemisessä,2
Tapauset,2
Klikinsäästämisestä,2
Kuitattais,2
Pikkuvanhana,2
Yllätysverosta,2
Varainsiirtoverovapaus,2
Päiväkeskustelua,2
Avaruusbussi,2
Kiinteistönpitoon,2
Nyreästi,2
Walmartia,2
10miljoonasta,2
Warppaamaan,2
Podeihin,2
Antamispäivästä,2
Sijoittajakysynnän,2
Eaimerkkiä,2
Huoltosuunnitelman,2
Eläkemaksuin,2
Ensiasunnolle,2
Hypeman,2
Kuristajakäärmeet,2
Lajiliitoista,2
Äänioikeuttakin,2
Autokieltoja,2
Blinkkaa,2
Tuntihintaakaan,2
Kokoomusporvarit,2
Radioamatööreille,2
_luulis_,2
0000018b,2
Vuokrahommaa,2
Varrockissa,2
Taloudenhoidoksi,2
Naikkosilta,2
Joukkoirtisanoutumisesta,2
Maantieteellisestikkin,2
Aisureille,2
Swipettelyn,2
Porrastamassa,2
Höpötellen,2
Kustantaneille,2
Juhlimiskuvia,2
Vaipuneena,2
Surrealistisessa,2
Takaumassa,2
Sivujuonteeseen,2
Gorillamainen,2
Kimurantin,2
Vuokrakoppiin,2
Lounasrahaa,2
Avioelämän,2
Kotiäityis,2
Ykkösliiga,2
Kansanmurhaista,2
Polikliinistä,2
Kodailee,2
Lyöntietäisyydellä,2
Lukaaleita,2
Kannattnaut,2
Liigaseura,2
Laaturautaa,2
Tarvinukkaa,2
Seksikkäimmälle,2
Sävelkin,2
Maahabmuuton,2
Päällepuhujia,2
Uhratuista,2
Vartein,2
Huoritelluksi,2
Hamas_human_shields,2
Pisetään,2
Rangaistusaste,2
Painostusvaikutus,2
Potilaskuorman,2
Eduskuntapuheisiin,2
Walmartti,2
Ikätasoistaan,2
Dobra,2
Tienesteistäni,2
Konformistit,2
Neliöitten,2
Kosiotanssi,2
Bakteeripesä,2
Autollisille,2
Metsästysluvista,2
Sarjatulituksena,2
Ilmoittaneesta,2
Mustissaan,2
Multavarpaiden,2
Avuliasti,2
Puheenvuorona,2
Suoriutumusta,2
Kiekkokulttuuri,2
Huippujuristit,2
Kiekkokulttuuriin,2
Haistava,2
Patreoniksi,2
Vastavaloa,2
Petovihasta,2
Palautustehtäviä,2
Promillepäissään,2
Isarelin,2
Talousosaajina,2
Oliomatriisit,2
Syntymähumalassa,2
Ufoxia,2
Huumita,2
Kyläyhteisötkin,2
Biket,2
Luettelemisessa,2
Punastele,2
Hapetusote,2
Operation_condor,2
Politicide,2
Jackrabbittia,2
Suojatieristeyksen,2
Turvavalo,2
Jääkiekkokulttuuriin,2
Vietteenä,2
Myötäilekään,2
Pystymiseen,2
Maatalousvetoinen,2
Ulkovaatteen,2
Esitutkimuksen,2
Huitsiin,2
Opiskelijahaalariin,2
Kirjoitusvirheiltä,2
Pahnanpohjimmaisia,2
Varusmiehenkään,2
Hakuiseksi,2
Nykyrahoitus,2
Voittajavaltioihin,2
Ensihoitajilta,2
Intätkö,2
Opintoaikarajojen,2
Spinnailee,2
Antisemitismä,2
Paskapalstalle,2
Varainhoitajalle,2
Normaalituloiselta,2
Minimeille,2
Marssinopeus,2
27op,2
Hyväntahtoiselle,2
Asevarastoina,2
Hoitajamitotuksesta,2
Rahastusmahdollisuudet,2
Armenialaisväestö,2
Vaurastuvatkin,2
Scämmiltä,2
Vämä,2
Tuhatkertaisiksi,2
Psykopaattejahan,2
Uniapuna,2
Halvatusti,2
Muistavalta,2
Lennättäisit,2
Isäntäperheeseen,2
Pikkuvero,2
Mediaanieläkkeestä,2
Ammattilaisjuomarahan,2
Tutkainlehti,2
Yksinkertaistettaisi,2
Vismaa,2
Sospedilla,2
Osaalueella,2
Masentaneet,2
Aikionaan,2
91snt,2
Lähiaikoja,2
Vuotiain,2
Alpakanvillasta,2
Tukisopimuksen,2
Koulutettukkin,2
Pelimarkkinan,2
Sairauksistasi,2
Käytösongelmainen,2
Käyttäydyttäisi,2
Normaalitasossa,2
Matalapalkkasille,2
Kirjainmielisesti,2
Akuuttivastaanoton,2
Penninvenyttäjien,2
Gaazaa,2
Upeammin,2
Pääluottamushenkilö,2
Tietustelupalvelut,2
Lakiosastolle,2
Hikkynä,2
Ginitonikki,2
Rekrytointilanteessa,2
Keikkafirmaa,2
Vessaselfietä,2
Infuusiona,2
Ansaintarajaa,2
Finnsvalan,2
Mckoiraface,2
Siivousyrityksiä,2
Sillattiis,2
Auttaneelle,2
Tuotantofirma,2
Korkomuutoksilla,2
Edgeilyt,2
Typeahead_click,2
Marcell,2
Kekkulat,2
Hamasiakaan,2
Anteeksipyyntöviestejä,2
Finanssisijoitus,2
Terroriuhaksi,2
Mainitsemisi,2
Nimiperinteitä,2
Ränkättynä,2
469b,2
Aikuissisällön,2
Piripaavo,2
Energiapoliittisista,2
Kokoaikatöistä,2
Mavonsilmä,2
Repatriating,2
Erityistapauksesta,2
Mainostulut,2
Piiritettyjen,2
Suunnittelevasi,2
Ketamiinihoidon,2
Maaata,2
Organisoimista,2
Sekavampaan,2
Kritisoinnit,2
Äärioikeistotrollit,2
Toimitatapa,2
Laahaavia,2
Huoramummon,2
Siruttamatonta,2
Laumavaistot,2
Mediakierroksella,2
Merinovillahupparit,2
Tuorevoitelujärjestelmä,2
Puukuulat,2
Kouluruokaloihin,2
Rintataskun,2
Puusilmin,2
Kaasuntuonti,2
Csar,2
Mikromaksulla,2
Olohuoneestaan,2
Todistelukustannuksia,2
Ilmoitusvelvollisuudet,2
Naapurikyyliä,2
Sikarinpoltto,2
Moraalipaheksuntaa,2
Saalismääriä,2
Porakaivoveden,2
Judeokristillisen,2
Kannanhoidollisella,2
Väistämistilanne,2
Cropattuja,2
Kotiseutumuseot,2
Ansaintatavalla,2
Nakkihomman,2
Kolmioitahan,2
Yhteensovitettavaksi,2
Tekkifirmassa,2
Keksiville,2
Nykyisenmalliset,2
Psykobitch,2
Sotaponnistelut,2
Odotukst,2
Kännykkälippuja,2
Vähimmäismäärään,2
Päätyyhän,2
Kommentiosiota,2
Hyökii,2
Organisation_of_islamic_cooperation,2
Työvelvollisuusmääräystä,2
Tunnussanoina,2
Junaliikennöinti,2
Dokumenttisarjoja,2
Seitsemänkymppisen,2
Pahnanpohjimmaisilta,2
Nakkimakkaran,2
Käyskentelemässä,2
Julkaisuseulan,2
L5p11,2
Haittaeläimeksi,2
Saunakerralla,2
Toimittajaporukka,2
Ostoryntäyksen,2
Luitakin,2
Yrittämisensä,2
Säröytynyt,2
Pinoamisen,2
Junailujen,2
Populaatiomäärän,2
Pinottaviksi,2
Jaanintien,2
Piilokommunistinen,2
Disinformaationsa,2
Kahvaksi,2
Tykistöammuksissa,2
Henmetissä,2
Sementit,2
Mummuksi,2
Polttotaisteluaine,2
Sumuseks,2
Frisbeegolffista,2
Selkämyksistä,2
Diipimpiä,2
Vesiputouksista,2
Burnerista,2
Mutukommenttia,2
Sähkövastuksesta,2
Ruokahaluttomuudesta,2
Polttokäsittelyn,2
Esitelmäsi,2
Syntilistasta,2
Elämänjakson,2
Syrjäseudullekin,2
Ilmavesilämpöpumppua,2
Huippukorkeat,2
Päivärahoineen,2
_mik,2
Niksapussit,2
Masturbaattori,2
Kiikaroinut,2
Bienvenu,2
Kaksuuntanen,2
Selailleen,2
Pelastussuunnitelmia,2
Elinajanodotteellaan,2
Banniksi,2
Kulutushuiputkin,2
A29ae4c4eb7240f0895d4ff93f04df1c,2
Hyvistelyyn,2
Tyssäyttää,2
Ärsyttävyydestään,2
Villimpänä,2
Jalkapallotarinat,2
Pelkälteen,2
Popi,2
Kaurakin,2
Liipa,2
Pimpottanut,2
Metsäsuomalaisena,2
Hospitalité,2
Paljasjalkaista,2
Elektroniikkavimpaimet,2
Työtehtävillään,2
Haalarikameroihin,2
Valmistusaineisiin,2
Superurpo,2
Nuoreltakin,2
Hämynä,2
Rajauskin,2
Siemennettävänä,2
Kiihtyvyyssensori,2
Tuontityöntekijöillä,2
Stressivatsa,2
Constance,2
Trollipelle,2
Fermentoituu,2
Koslillaan,2
Nuhapolin,2
Korostuman,2
Kantaväestän,2
Edustajian,2
Sähkömekaanisen,2
Viemäriverkot,2
Opintopisterajaa,2
Muokkaantuivat,2
Tuhotakaan,2
Vankilamaailmaa,2
Taittavaa,2
Pilanut,2
Vapauttuu,2
Irlantilaisetkaan,2
Valkotasapainosta,2
Sävyisessä,2
Adjutanttia,2
Mänijöitä,2
Kansalaisuusehdot,2
Teknilogia,2
Ilmapistooleja,2
Arvaamma,2
Teknisenalan,2
Kiinaluurin,2
Kännipuheista,2
Tavallapa,2
Kokovat,2
Hommailijoita,2
Satunnaisprosessin,2
Awardsiin,2
Fuckboiii,2
Puhelinhäirikön,2
Kouluhuhu,2
Nimihomman,2
Kiikkeristä,2
Käteenjäävistä,2
40c8,2
Korkeakoulutella,2
Varmimmassa,2
Maahanmuuttolainsäädäntö,2
Äkkivilkasulla,2
Neitosesta,2
Agenttiseikkailu,2
Sormilaatikon,2
Fingerbox,2
Pollesta,2
Kellokoskesta,2
Aamujunan,2
Musiikkiosastoa,2
Musiikkikerhon,2
Hallinnoimiselle,2
Jondalarin,2
Urheilukilpailusta,2
Tumputettu,2
Hiidenvesi,2
Ohjeisen,2
Tulotasollesi,2
Kolmellekin,2
Uudelleenreititystä,2
Bläkmetallia,2
Sixit,2
Pornokätkön,2
Nikotiinipusseille,2
A642,2
Rodullistetuissa,2
Purkutavarasta,2
Painoteknisesti,2
Ilmapiirimuutokseen,2
Loislääkkeitä,2
Jyrähtelyyn,2
Rautakeuhkot,2
Mihinvaan,2
Erheellisyydestä,2
Ilmoitettaisiinko,2
Uhkailutkin,2
Korkotulon,2
Perustyhmät,2
Kuvaputkitelkkareissa,2
Stalkkaamasta,2
Hånen,2
Kontaktoreilla,2
Kauppaloiden,2
Railille,2
Gargoilia,2
Putoamisesteet,2
Tienumerot,2
Mittaamattomalla,2
Textbooks_in_the_israeli,2
Prosessitasolla,2
Lämmityselementteihin,2
Eläkesäästämiselle,2
Viranomaisiinkaan,2
Vihapuhemateriaalia,2
Hardens,2
Merkittävinkään,2
Kategorisoitujen,2
Toimiviakaan,2
Hämärämmästä,2
Coronarialle,2
Luuhasin,2
Hevosreellä,2
Malliesimerkkisi,2
Käynyr,2
Tapaustahan,2
Hengentärkeä,2
Joutsijärven,2
Aikq,2
Poromagialta,2
Meinaavatkin,2
Pehmentänee,2
Oppimiskykyjä,2
Sieppaisivat,2
Idiomina,2
Jonotukselle,2
Socialcooling,2
Lolollol,2
Tarmokkuus,2
Hälytysvalojen,2
Rouhaisisi,2
Pukeutuneensa,2
Suivaantujat,2
Suwalkissa,2
Maksapihveistä,2
Suodatinpusseilla,2
Kuoriutuun,2
Teloittamansa,2
Kaskussa,2
Konekahvi,2
Muutattaa,2
Molemmanlaisissa,2
Hybridikeinoilla,2
Kommunistinatsi,2
Hupailuja,2
Kädenojennuksella,2
Fyrkaa,2
Aiina,2
Järeet,2
Nuttunsa,2
Rahapalkkaan,2
Saapumiskulma,2
Kahvitarjoiluun,2
Lookeissa,2
Fiverista,2
Maaratyista,2
Superhalvan,2
Liikennekyltistä,2
Satellittikuvien,2
Miehittäjiään,2
Häätöprosessissa,2
Peukkus,2
Höppökukkua,2
Harjoittelutavat,2
Siviililuurissa,2
Lopetusvaiheessa,2
Juoduilla,2
Odotusajaksi,2
Leiviskäni,2
Deplore,2
Jakelukeskuksella,2
Dystooppisilta,2
Elokuvafilmi,2
Paloprosessissa,2
Inhostani,2
Puukengän,2
Bensanhaistelijat,2
Oriksi,2
Karjuksi,2
Bensanhaistelu,2
Harmaahapsi,2
Rottakokeessa,2
Palkkaluokassani,2
Muutosvastarintaisten,2
Pamauttamassa,2
Epäselvyydessä,2
Senttisii,2
Vätykseksi,2
Sakeista,2
Testikäyttöä,2
Kiinnosa,2
Söpöliiniä,2
Väestönrakenteella,2
Ylireaktiot,2
Tarkistelusta,2
Hiontoja,2
Steeniä,2
Hakukoneoptimointiin,2
Pistäispä,2
Portinvartijoi,2
Hittooks,2
Veronvähennys,2
Pakompaa,2
Patterinsa,2
Sanaseiniä,2
Valtiaissakin,2
Skumppakännissä,2
Taikamaisesti,2
Ulostepostaus,2
Palkanmaksajina,2
Enimmäistuomio,2
Arimpia,2
Nostelemisen,2
Hädissä,2
Arcpublishing,2
Perustanpa,2
Hoonaus,2
Narkareita,2
Maanmittaajista,2
Ainees,2
Kullittelu,2
Tilanteenta,2
Frisé,2
Paperikassiin,2
Räjähdymäisesti,2
Vastuutahoille,2
Réne,2
Varaanpa,2
Eheytensä,2
Käyttänt,2
Kiinnitysrauta,2
Purrenkin,2
Inhimillistettyä,2
Kyberhommiin,2
Asettautuisivat,2
Tramali,2
Sarjarikolliseen,2
Itellänihän,2
Kasaanteipatulla,2
Sukevalta,2
Luottamusongelman,2
Amatöörimainen,2
Työeläkevakuutusmaksuista,2
Veronkaltaista,2
Rahansiirtomekanismi,2
Heikoimpiakin,2
Empaattisempana,2
Dippiäkin,2
Pongahtavat,2
Auemmin,2
Mehustusta,2
Panemisena,2
Kesärenkaisia,2
Yrityspäivillä,2
Löytötexit,2
Siivousajoista,2
447e,2
Aseelisen,2
Lettutaikinat,2
Raskauskiloista,2
Hyvinvointihimmeli,2
Speciaaleille,2
Löntystämään,2
Skum,2
_kasvua_,2
Äärioikeistopopulisti,2
Korkeakoulumatikkaa,2
Porealtaalla,2
Lähtömaistaan,2
Valtaussotaa,2
Vastasimpa,2
Elinkaarivaikutuksen,2
Perilä,2
Oikeistovaikuttajat,2
Tyhjennysten,2
Limalompakon,2
Rollaattorikin,2
Pikkutavarasta,2
Radikalisoitunein,2
Kalastusreissu,2
Stockmannihan,2
Kulttuuriappropraatiota,2
Voittolukuja,2
Keskireikä,2
Verityön,2
Raivopäisten,2
Suolapaska,2
Mairee,2
Israelilaisillakin,2
Siviilitappioihin,2
Orbon,2
Lexuksista,2
Opiumsodat,2
Puhkuvia,2
Pöhöttämä,2
Bassem,2
Rabinia,2
Urheilujoukkueessa,2
Juutalaisterroristien,2
Kirjauksensa,2
Lujatalolla,2
Linkkikokoelmasta,2
Ronklas,2
Ilmaisutaitojaan,2
Valloituspolitiikan,2
Hiilenpolttaja,2
Lapsiuhrista,2
Haasteltavat,2
Allaboutberlin,2
Tuntipalkkaisia,2
Miehitysaika,2
Irtokarkkilaareilla,2
Isrel,2
Bilerahoja,2
Ylikuuluminen,2
Liikenneolosuhteissa,2
Islamiste,2
Kötöstyksellä,2
Apupojasta,2
Korsaani,2
Folka,2
Hajautuivat,2
Luukkuvahdiksi,2
Vähemmistöryhmäksi,2
Lukeutuvasta,2
Käteismaksuihin,2
Haittaohjelmavalmistaja,2
Artistiset,2
Jyllänneet,2
Uutuuspuhelin,2
Yrityistoiminta,2
Aiotkaan,2
Porschekin,2
Halutavat,2
Markkinanimi,2
Kyljillä,2
Pyyhkäsemällä,2
Rautakaudellakin,2
Alexissa,2
Kulttuurimuurista,2
Setelipinot,2
Raatimiehenpolku,2
Viriliteetillä,2
Koulutulsesta,2
Omaharjoitteet,2
Dokumentäärin,2
Imposture,2
Sudeten,2
Valomäärään,2
Piteleville,2
Palestiinalaislapsista,2
Sivukyssärinä,2
Söhlätä,2
Möhlätä,2
Joituisivat,2
Kasvivaloilla,2
Taiteilijuutta,2
Epäoikeudenmukaisuutensa,2
Hihnaakin,2
Korostunein,2
Mullata,2
