Taidan,3164
Kyseisestä,3163
Eurooppaa,3163
Suomalaisilla,3163
Uskonut,3160
Kiloa,3159
Osaisi,3158
Laajasti,3158
Hyökkää,3158
Lopputuloksena,3158
Äänen,3157
Lukeminen,3157
Asiallista,3157
Kerrottu,3154
Tietoon,3154
Todellisuudesta,3154
Enintään,3154
Armeijaan,3154
Nopeus,3154
Kunnat,3154
Työpaikat,3153
Tekevän,3152
Objektiivisesti,3151
Riittänyt,3150
Seksuaalinen,3150
Omana,3149
Järjen,3148
Valot,3148
Kuuma,3147
Ruotsalaiset,3147
Kok,3145
Viestit,3143
Heikentää,3142
Isomman,3141
Tuomiot,3141
Ks,3141
Luovuttaa,3140
Tasaisesti,3140
Oikeiston,3138
Ip,3138
Nehän,3137
Taidetta,3136
Hoitajat,3135
Uutisten,3135
Muistelen,3135
Osaat,3134
Sanasta,3133
Kulutuksen,3133
Määritellään,3132
Hirveesti,3132
Kohdella,3131
Biisi,3131
Ajatuksena,3130
Olevista,3129
Suurinta,3129
Hiton,3128
Asumisen,3127
Kohteeksi,3126
Asiansa,3126
Rikosten,3125
Ennalta,3123
Tapauksesta,3122
Koirat,3122
Mt,3122
Kapitalismin,3121
Veikkauksen,3120
Lyhyesti,3117
Toistensa,3116
Tällaisten,3116
Kommenteista,3114
Kannattavat,3113
Sallia,3112
Valkoisia,3112
Elämme,3112
Youtubesta,3111
Want,3110
Np,3110
Maahanmuutosta,3110
Korostaa,3108
Sellaisesta,3108
Itelle,3108
Syödään,3107
Syövät,3106
Noille,3106
True,3106
Väliltä,3104
Käsittelee,3104
Haavisto,3104
Elokuvan,3104
Porukasta,3103
Kriisi,3103
Luulisin,3103
Uutiseen,3101
Kysymykset,3101
Rokotteet,3101
Olettaisin,3101
Muutin,3100
Perustuva,3099
Normaaliin,3099
Nuoriso,3099
Terrori,3098
Haet,3098
Kansalaisuuden,3098
Hoidettu,3097
Motivaatiota,3095
Ohjelman,3095
Kaikkiaan,3095
Pidin,3095
Meininkiä,3094
Tylsää,3094
Tavallisen,3094
Aloitin,3093
Syntyä,3090
Kirjoittamaan,3090
Kurssi,3090
Lapsien,3090
Epäselvää,3089
Lopu,3088
Osti,3088
Nuoren,3088
Kappaletta,3086
Kodin,3086
Relevantti,3086
Johtua,3085
Seuraus,3085
Kansainvälinen,3084
Argumenttia,3083
Kahdeksan,3083
Saunan,3083
Muutamat,3083
Julkiset,3083
Aikamoista,3083
Suusta,3082
Pakollista,3082
Alkon,3082
Taidat,3082
Kiitoksia,3081
Viimein,3080
Action,3080
Jatko,3080
Saunassa,3079
Olut,3079
Ajantasa,3078
Norja,3077
Sietää,3076
Vastuuseen,3076
30v,3075
Ovi,3074
Klassinen,3074
Haluaisivat,3073
Helpolla,3072
Näinkin,3072
Muutetaan,3072
Seuraavalla,3071
Aineet,3069
Alueiden,3068
Seassa,3066
Turvallista,3066
Rupeaa,3066
Naurettava,3066
Videolla,3066
Maksut,3065
Uudesta,3064
Tekniikan,3064
Vastaukset,3063
Stop,3063
Laskun,3062
Lääkäreitä,3062
Ilma,3061
Between,3060
Josko,3060
Sielä,3059
Syntyvyys,3059
Kieltäytyä,3058
Teon,3058
Against,3058
Satu,3058
Väitteesi,3058
Modet,3058
Muotoon,3057
Lopun,3057
Hoitajien,3057
Vuotiaat,3056
Suosittele,3056
Koiraa,3056
Odotetaan,3056
Koht,3055
Varautua,3054
Erilaisten,3054
Europa,3054
Sivulla,3054
Otsikossa,3054
Olevaan,3053
Homoja,3053
Ainahan,3052
Yleisiä,3050
Ohessa,3050
Kommentista,3049
Höpö,3049
Kovalla,3048
Best,3048
Kurssin,3046
Halvemmaksi,3046
Jalat,3046
Aseet,3046
Istumaan,3045
Sellaisessa,3045
Idässä,3045
Vaihdoin,3045
Arvata,3043
Mainostaa,3043
Vaikutuksen,3043
Kestänyt,3042
Ilmaa,3042
Alasta,3041
Huudella,3040
Kommenttiin,3040
Sairaalaan,3040
Lopetin,3040
Tuloista,3039
Take,3039
Asumistuki,3039
Äänestänyt,3038
Puolustus,3038
Jotenki,3038
Vaatimuksia,3037
Oireet,3037
Lisäys,3037
Kustantaa,3036
Professori,3036
Mitata,3035
Ympäristössä,3034
Matkaan,3034
She,3034
Päivään,3032
Käyny,3032
Kääntyy,3031
Vitussa,3031
Muutti,3031
Näyttö,3031
Sisäinen,3030
Taisin,3029
Tulojen,3028
Sakkoja,3028
Mielensä,3027
Merkkejä,3026
Kassalla,3026
Sukupuolten,3026
Vihaan,3025
Oi,3025
Kaverille,3024
Säästöjä,3022
Full,3022
Näkisi,3021
Työntekijöille,3021
Does,3021
Kylmän,3021
Kalliimpi,3020
Listaa,3020
Rangaista,3019
Pointin,3018
Harvassa,3018
Valkoisen,3017
Romahtaa,3016
Mainitsin,3016
Viitataan,3015
Rajalle,3015
Uusiin,3015
Paremmaksi,3014
Lämmittää,3014
Italian,3014
Aloitti,3013
Norjassa,3013
Suomalaisesta,3012
Hassu,3012
Rikkoa,3011
Japanissa,3011
Lyhyellä,3009
Myyntiin,3008
Sairaalassa,3008
Vievät,3006
Arvoisia,3004
Jutuista,3002
Pyrin,3002
Numerot,3001
Source,3001
Huolen,3000
Tekoja,3000
Version,3000
Melkeinpä,2998
Pystytään,2997
Korjattu,2995
Co2,2995
Päiviä,2994
Luulis,2993
Huvikseen,2992
Tuonut,2991
Jatketaan,2991
Arvioi,2990
Tuotetaan,2990
Tutkimukseen,2990
Omistajat,2990
Sairas,2989
Naisiin,2987
Sairasta,2987
Piste,2987
Sarjaa,2986
Leipää,2986
Redd,2985
Tutkimusten,2984
Ensimmäisessä,2984
Oleellinen,2983
Voimia,2983
Painetta,2982
Teoria,2982
Language,2980
Li,2980
Tahdo,2979
Potilas,2979
Nopealla,2978
Elänyt,2977
Ladata,2977
3d,2975
Kouluttaa,2972
Leikkaukset,2972
Tekisin,2972
Sivut,2972
Muissakin,2971
Termin,2971
Tuntuisi,2971
Kummallista,2971
Myöhään,2970
Kasa,2970
Kummemmin,2969
Maksamatta,2969
Itseensä,2969
Mielenkiintoisia,2969
Ilmenee,2968
Menivät,2968
Suurimmaksi,2968
Lähdin,2968
Verottaa,2967
Rangaistuksen,2967
Lisääminen,2966
Laske,2965
Countries,2964
Yö,2964
Suunnitella,2963
La,2963
Vuotiaita,2962
Vastauksesta,2962
Mustaa,2962
Joissakin,2962
Ostamassa,2961
Täydellistä,2961
Johtaisi,2960
Kirjoitetaan,2960
Tuollaiseen,2960
Suunnitelma,2959
Kjeh,2959
Huhhuh,2959
Perehtynyt,2958
Nähny,2958
Ääri,2958
Negatiivista,2957
Konsepti,2957
Tunnetta,2956
Karkuun,2956
Kyseiseen,2956
Laillinen,2956
Lapsensa,2955
Kylmää,2955
Teknologian,2954
Kattoa,2953
Lisääntyy,2952
Hajua,2951
Rahansa,2951
Räsänen,2951
Kätevä,2951
Päättävät,2950
Päättyy,2949
Lainsäädännön,2949
Persu,2949
Edut,2948
Sosiaalisia,2944
Meneekö,2944
Paskaksi,2943
Avun,2943
Urheilu,2942
Ohittaa,2941
Häneltä,2941
Länsimaat,2940
Unohtuu,2939
Sitäpaitsi,2939
Maksumuurittoman,2939
Korkeat,2938
Voima,2938
Työntekijää,2937
Liitto,2937
Mainitsemasi,2936
Kaduilla,2935
Pohjimmiltaan,2935
Helpoin,2935
Jonkinlaisen,2934
Omaisuus,2934
Mille,2934
Mainittiin,2933
Suuntaa,2933
Tilin,2933
Pysäyttää,2932
Yötä,2932
Koneet,2932
Sisällöstä,2930
Henkilöstä,2930
Mikähän,2930
Tahtia,2929
Ilmoitti,2929
Rikollisia,2929
Kusessa,2929
Tehtäviin,2928
Etänä,2928
Vedä,2928
Luettavaa,2926
Kärsiä,2925
Paremmalta,2925
Viel,2925
Kuukausia,2923
Still,2923
Kysymään,2922
Ryhmää,2921
Nykyisellä,2921
Edusta,2920
Palkkojen,2920
Hiljattain,2919
Pisteitä,2918
Eläimet,2918
Henk,2918
Rikollisuutta,2917
Parilla,2917
Pohjaa,2916
Suuremman,2916
Öljyä,2916
Uskomattoman,2916
Minkälaisia,2916
Palvelusta,2915
Ilmastonmuutosta,2915
Rikollinen,2915
Työvoiman,2914
Ystävä,2914
3kk,2912
Liberaali,2912
Mummo,2912
Laji,2911
Perusteluja,2910
Lapsesta,2910
Satunnaisesti,2910
Kummempaa,2909
Tehtävät,2909
Läheltä,2909
Puhelimessa,2909
Same,2909
Koskevat,2908
Yliopistoon,2908
Semmoista,2908
Saatava,2907
Juttuun,2907
Stat,2906
Puolustusvoimien,2906
Pitkässä,2905
Esittänyt,2904
Myynnissä,2902
Pankit,2902
Tekemä,2901
Kaupunkia,2901
Muillakin,2901
Testi,2901
Käyttäytyä,2900
Konkreettisesti,2899
Rikokset,2899
Puutteesta,2896
Tuleekin,2896
Korvausta,2895
Erillinen,2895
Toimeentulotukea,2895
Väkivaltaan,2894
Haastattelussa,2894
Tutkijat,2894
Ironista,2894
Naimisiin,2893
Koskea,2892
Luodaan,2892
Nappaa,2891
Tyytyväisiä,2890
Sukupuolesta,2890
Vastainen,2889
Skenaario,2889
Olennaista,2887
Johda,2886
Hyödyllinen,2886
Todennäköistä,2884
Kengät,2884
Tiukka,2884
Oleminen,2881
Omaksi,2881
Korruptiota,2881
Ylempänä,2881
Pätkä,2880
Kaikenmaailman,2880
Free,2880
Used,2879
Viimeiseen,2879
Puolustamaan,2878
Rasisteja,2878
Lääke,2878
Mukavia,2878
Kysynnän,2878
Oudolta,2877
Puolueesta,2877
Ostavat,2876
Vanhukset,2876
Olosuhteissa,2875
Pysynyt,2875
Hallinnon,2875
Matkustaa,2874
Langan,2873
Briteissä,2872
Tilastojen,2871
Ve,2870
Kieliä,2870
Johdon,2870
Parhaan,2870
Joukosta,2869
Systeemin,2869
Nälkä,2869
Open,2869
Saatossa,2867
Tuetaan,2867
Back,2867
Kylkeen,2865
Järjestö,2865
Tavoitteet,2864
Nouse,2863
Väitettä,2862
Jäseniä,2862
Opetuksen,2862
Kumpaakaan,2862
Riitti,2861
Seksi,2861
Keskustellaan,2860
Rinne,2860
Niitäkin,2860
Myöhäistä,2859
Älyttömän,2859
Absurdia,2859
Ii,2859
Vapauden,2858
Facebookissa,2857
Touhu,2856
Pärjätä,2855
Ikinen,2855
Kiellä,2855
Sosiaaliset,2855
Puhelimella,2853
Ottaisin,2853
Nostamaan,2852
Mielipiteensä,2852
Menoja,2852
Tilastollisesti,2852
Juutalaiset,2852
Ideologiaa,2851
Seksuaalista,2851
Riippuvainen,2850
Sopisi,2850
Purra,2850
Uskomatonta,2850
Kaltaisia,2849
Päätynyt,2848
Takasin,2848
Kusipää,2848
Sanalla,2848
Kohtuu,2848
Vaarallisia,2847
Alettiin,2846
Virossa,2845
Tekis,2845
Taistella,2844
Jalkaan,2844
Hetkessä,2843
Lopputulokseen,2843
Useampia,2843
Tilillä,2843
Yksityiset,2843
Konteksti,2843
Järjestelmässä,2842
Sosiaali,2842
Tesla,2842
Linjoilla,2841
Ilmaisia,2839
Ongelmallista,2839
Juha,2839
Tehdyt,2838
Voimalla,2837
Sosiaalisesti,2837
Innolla,2837
Kirjoittajan,2837
Yksittäisten,2837
Estämään,2836
Julkisessa,2834
Elikkä,2834
Systeemiä,2833
Puuta,2833
Puhelimeen,2833
Useat,2833
Huomion,2832
Kaltaiset,2831
Työnantajat,2831
Toimivaa,2830
Kohtalaisen,2830
Vanhemman,2829
Hanki,2828
Kuuntelemaan,2826
Tapahtumat,2826
Ajattelet,2826
Kritisoi,2825
Kd,2825
Game,2824
Ihmisoikeuksia,2823
Laittoi,2823
Subin,2823
Pr,2822
Iltalehden,2822
Tuovat,2820
Tullessa,2819
Susta,2819
Muslimi,2819
Ek,2819
Uhalla,2817
Toteutuu,2816
Näkyvyyttä,2816
Laista,2815
Päästöjen,2814
Yläpuolella,2812
Takaperin,2811
Tavannut,2811
Metsä,2810
4g,2809
Artikkelit,2808
Uskontoa,2808
Matematiikan,2808
Syönyt,2806
Katsot,2806
Käyttämällä,2805
Kansanryhmää,2804
Venäjään,2804
Peräti,2803
Kriisin,2803
Ynnä,2802
Laiska,2802
Leffa,2802
Saattanut,2801
Elämiseen,2800
Kotimaista,2800
Opetusta,2799
Pitäisin,2798
Ensiksi,2798
Koulua,2797
Maksumuurin,2797
Search,2796
Btw,2796
Taaksepäin,2795
Luomaan,2794
Puolestani,2794
Hajoaa,2793
Ansaitsee,2793
Heihin,2793
Neutraali,2793
Wikipedian,2793
Julkisuuteen,2792
Leikkauksia,2792
Maine,2791
Nousseet,2790
Käsissä,2790
Kohu,2790
Woke,2790
Litraa,2789
Valuu,2789
Kaverilla,2788
Kahvin,2787
Olemassaolo,2786
Ratkaisut,2786
Tulikin,2786
Kriittinen,2785
Rehellinen,2783
End,2783
Luet,2782
Ratkaisee,2781
Olennainen,2781
Muuttuneet,2780
Lauseen,2780
Käyttämättä,2779
Fuck,2779
Kuvittelet,2778
Sovellus,2778
Yksiselitteisesti,2777
Artikkeleita,2777
Järkyttävän,2777
Duunissa,2776
Nykyisten,2776
Eläkkeet,2776
Pidetä,2775
Tulokseen,2775
Tuuri,2775
Juuh,2775
Hommata,2773
Ydin,2773
Linkkejä,2773
Miehelle,2773
Luonnollinen,2772
Sallii,2771
Rasismista,2770
Vakuutus,2770
Toimenpiteitä,2768
Vihollinen,2768
Itsenäisesti,2767
Identiteetti,2767
Koulutettu,2766
Molempiin,2766
Puolustusvoimat,2766
Virka,2765
Viro,2765
Katsottuna,2764
Asentaa,2764
Mukaansa,2763
Huonosta,2763
Ukrainaa,2762
Mieluiten,2762
Bussi,2761
Kehä,2761
Vasemmistolainen,2759
Nukkua,2758
Vuosiin,2755
Päästy,2754
Käyneet,2753
Kuvata,2753
Oletin,2753
Kasvun,2752
Ulkomaalaisten,2752
Maanantaina,2752
Tarjonta,2751
Red,2751
Päihteiden,2750
Meilläkin,2748
Peliin,2746
Talven,2746
Uudella,2746
Tulevia,2745
Auttoi,2745
Pointtia,2744
Mukamas,2744
Ottaminen,2743
Hidastaa,2743
Naurattaa,2743
Parisuhteessa,2742
Tarkoitatko,2742
Ottaneet,2741
Neuvoa,2741
Laskuun,2740
Ulkomaalaisia,2740
Kamera,2739
Poistaminen,2737
Uskot,2737
Ihmisoikeudet,2737
Aineiden,2736
Arvokasta,2736
Järjetön,2736
Huomauttaa,2735
Potilaan,2735
Laitteen,2735
Tukemaan,2734
Puolison,2734
Lidlin,2734
Ylpeä,2733
Tyhjää,2733
Siirtynyt,2732
Vetoa,2731
Järkeviä,2731
Since,2731
Kilpailla,2730
Pyöri,2730
Non,2730
Karkeasti,2730
Selittämään,2729
Opettajien,2729
Positiivisesti,2728
Pahoittelut,2728
Jotai,2727
Huumoria,2727
Poikkeuksia,2727
Ylivoimaisesti,2727
Äänesti,2723
Kohdan,2723
Ulkoa,2722
Kaverini,2722
Tyypillinen,2721
Isäni,2721
Eur,2721
Piirteitä,2719
Käyttäytyy,2719
Ryhmien,2719
Monimutkainen,2719
Yhteisen,2719
Yritettiin,2719
Korvaus,2719
Uusisuomi,2718
Omistajan,2718
Keskiarvo,2718
Pyörimään,2717
Aion,2717
Summan,2716
Saatat,2716
Tunkea,2715
Tilan,2715
Vapaan,2715
Government,2715
Argumentoida,2714
Taitoja,2714
Papereita,2714
Kategoriaan,2713
Ystäviä,2712
Firmalle,2711
Netflix,2711
Kerrottiin,2710
Hidas,2710
Maito,2709
Tuntunut,2708
Päivinä,2707
Kuriin,2707
Suihkussa,2707
Vanhusten,2707
Datan,2706
Oppilaat,2706
Muukaan,2705
Liittyi,2705
Äitini,2705
Great,2705
Työelämään,2704
Kuun,2703
Taidot,2702
Avoimen,2702
Löytämään,2701
Vakavaa,2701
Huomioiden,2701
Sunnuntaina,2701
Eläkettä,2700
Ehdoton,2700
Pitäny,2699
Hahmo,2699
Kilometriä,2698
Amerikkalainen,2698
Myyty,2697
Pidettiin,2697
Videot,2697
Vaikken,2697
Mielipiteiden,2696
Kekkonen,2696
Rikkaita,2695
Luotettava,2695
Väyrynen,2694
Vahinko,2694
Sääli,2694
Ehdot,2693
Tarvitset,2693
Näkemyksiä,2691
Täysillä,2691
Tarkkoja,2691
Espoon,2691
Ryhmässä,2690
Syyttäjä,2690
Varmaankaan,2689
Ymmärrys,2688
Haastaa,2687
Pakoon,2687
Pizza,2687
Sweden,2687
Tyhjän,2686
Etenee,2685
Toivossa,2685
Ammatti,2685
Olevasta,2684
Suosittelisin,2684
Tutkimaan,2683
Onnellinen,2683
Need,2683
Home,2683
Mulkku,2682
Viittaat,2682
Reilun,2682
Yleensäkin,2682
Edellisessä,2681
Pahimmassa,2680
Este,2679
Tukevat,2679
Syytetään,2677
Annoin,2677
Product,2676
Rikokseen,2675
Suositus,2675
Käsistä,2674
Vinkkejä,2674
Vitut,2674
Maistu,2673
Iloinen,2673
Viittasin,2673
Halvempia,2672
Timo,2671
Reagoi,2670
Ryhmät,2669
Soi,2669
Euroopasta,2669
Alojen,2667
Ura,2667
Aiheuttama,2666
Paikkoihin,2666
Taloudessa,2666
Juon,2666
Korttia,2665
Asiakkaalle,2665
Kaupungit,2665
Voinu,2663
Minkäänlaisia,2663
Olosuhteet,2663
Opi,2663
Soita,2662
Iltana,2661
Pahimmat,2661
Tapauksista,2660
Melkeen,2659
Kanava,2658
Seurausta,2657
Kepun,2656
Lukua,2655
Osapuolen,2655
Idästä,2655
Tutkitaan,2653
Huolella,2652
Yksilöitä,2652
Moinen,2652
Reagoida,2651
Stubb,2651
Rajusti,2650
Liikuntaa,2650
Noniin,2650
Tarpeeks,2649
Julkisten,2649
Lähtemään,2648
Äkkiseltään,2648
Oh,2648
Halusivat,2647
Duuni,2647
Kestävä,2647
Tullen,2646
Monelta,2646
Kävelee,2645
Vuokralla,2645
Mustat,2645
Kutsuu,2644
Poistuu,2644
Her,2643
Lapissa,2643
Itselläkin,2643
Tappamaan,2642
Samoihin,2642
Moi,2642
Yhteisö,2640
Mitkään,2640
Maaseudun,2640
Ehdoilla,2639
Näkyi,2637
Sivusta,2637
Väki,2637
Sektori,2636
Talouteen,2636
Ravintolassa,2636
Järkevämpää,2636
Kuvaus,2635
Helppoja,2635
Pituus,2635
Tollanen,2635
Sisältyy,2634
Miljardeja,2634
Etenkään,2634
Rinnalla,2633
Paljastaa,2633
Tiesin,2633
Taskussa,2631
Määritelmän,2631
Usan,2630
Koiria,2629
Määrittelee,2628
Nautin,2628
Mika,2628
Nice,2628
Insinööri,2627
Keho,2627
Ikkunasta,2625
Seuraamaan,2624
Tunnista,2624
Kriteerit,2624
Ovet,2624
Paperi,2624
Pienenä,2624
Ltä,2623
Vähentäminen,2623
Pahinta,2623
Jotakuta,2622
Sakkia,2621
Kauppojen,2621
Liikunta,2621
Tulevien,2620
Contact,2620
Science,2619
Konkurssiin,2618
Toistuvasti,2618
Hakenut,2617
Tehtävissä,2617
Tavallisia,2617
Sarkasmia,2617
Löytyvän,2616
Saatetaan,2615
Mukaanlukien,2615
Law,2615
Ry,2615
Yksikin,2615
Kiinnittää,2614
Nopeaa,2614
Tekniikka,2614
Autoilun,2614
Nousisi,2613
Ohjelmaa,2613
Hyväksytty,2611
Uran,2611
Äärioikeiston,2611
Kovempaa,2610
Suhteet,2610
Opiskelun,2610
Tanskassa,2609
Turvapaikan,2609
Toisena,2609
Keskusteluissa,2607
Lakkaa,2607
Laitteet,2606
Koitetaan,2606
Kenellä,2606
Liki,2605
Study,2605
Haltuun,2604
Läppä,2603
Työnantajalle,2603
Rangaistukset,2602
Suolaa,2602
Sittenhän,2602
Tunnustaa,2601
Jakso,2601
Lopetetaan,2601
Paskapuhetta,2601
Luottamusta,2600
Ihanaa,2600
Image,2599
Ajettu,2598
Kymmenien,2598
Peruskoulussa,2598
Times,2598
Haista,2598
Tietokoneen,2597
Jutella,2596
Kansalaisille,2596
Uutena,2596
Tekstissä,2596
Miehellä,2595
Suoranaisesti,2594
Kättä,2594
Taholta,2593
Muutamaan,2593
Hyväksyttävä,2592
Turvallisuutta,2591
Kadonnut,2591
Pandemian,2591
Pätkääkään,2590
Är,2590
Tekemisen,2588
Vuokran,2588
Luonnossa,2588
Virallista,2587
Taito,2586
Muistin,2586
Tilasin,2586
Pelannut,2585
Äänestäjiä,2585
Sukupuoleen,2585
Subject,2584
Tuomitaan,2583
Löytyvät,2582
Vittuilua,2581
Numeroita,2581
Tehokasta,2581
Henkilöön,2580
Vanhemmille,2580
Sallittu,2579
Hidasta,2579
Yksilöiden,2579
Siel,2578
Kasva,2576
Perjantaina,2576
Tupakka,2575
Pettää,2574
Tarinaa,2574
Osataan,2574
Kurssit,2574
Henkilöllä,2574
Siitähän,2574
Palveluja,2573
Lukiessa,2573
Mtvuutiset,2572
Stressiä,2572
Hus,2572
Johdu,2571
Viha,2571
Hankkimaan,2570
Nostettu,2570
Tausta,2570
Suurinpiirtein,2569
Piiloon,2568
Tanskan,2568
Haastavaa,2567
Täytyisi,2567
Lisätty,2567
Tarjoamaan,2566
Hoitaja,2566
Kommentoin,2566
Theguardian,2565
Toistaa,2565
Asumistukea,2565
Saudi,2564
Kasvoi,2562
Laitettiin,2562
Onpas,2562
Viikonlopun,2561
Jäin,2561
Kysymystä,2560
Laitteita,2560
Tekisivät,2560
Kissan,2560
Minuutissa,2559
Validi,2559
Kausi,2559
While,2559
Välttämätöntä,2558
Tiukasti,2558
Pala,2558
Puoliksi,2558
Termejä,2557
Olkiukko,2557
Aspx,2556
Käsiksi,2556
Veron,2556
Tyypillistä,2556
Alkuperäisessä,2556
Virkamies,2555
Ihana,2555
Jospa,2555
Salaa,2554
Tärkeämpi,2554
Joukkoja,2553
Valehtelee,2553
Tanska,2553
Tommonen,2552
Odota,2551
Keskustasta,2550
Kristinuskon,2548
Puu,2548
Täs,2548
Vedota,2545
Korkein,2545
City,2543
Shtml,2542
Taannoin,2542
Group,2542
Usb,2542
Uskomaan,2541
Kysyttiin,2541
Pienten,2540
Samoista,2538
Kreikan,2538
Negatiivisesti,2537
Lähteen,2537
Pelien,2537
Olemassaolon,2536
Etsii,2535
W,2535
Miljoonien,2534
Polttoaineen,2534
Mäkin,2534
Eduksi,2533
Verrattain,2533
Suostunut,2532
Makuun,2532
Valtakunnan,2532
Seuraan,2532
Ideaa,2530
Kunto,2530
Tarjoa,2529
Lähin,2529
Puuhaa,2528
Vaatinut,2528
Myyvät,2528
Jokatapauksessa,2528
Tutkinnon,2527
Tupakkaa,2526
Myyjän,2526
Last,2526
Elämässään,2525
Kasvaneet,2524
Lopullisesti,2524
Ostaminen,2524
Homot,2524
Palveluista,2523
Ampuu,2522
Poliitikkoja,2522
Väitteet,2522
Firmoja,2521
Tämmöistä,2520
Hommassa,2519
Help,2519
Poliittisten,2519
Sanoivat,2519
Saksasta,2519
Sites,2518
Vakavia,2518
Leikkaa,2518
15v,2517
Henkinen,2517
Utm_source,2516
Ongelmasta,2516
Mieluusti,2516
Kysynyt,2515
Kasassa,2514
Pussiin,2514
Tuhoa,2514
Uutista,2514
Hyökkäyksen,2512
Hiljalleen,2512
Tälläisiä,2512
Turvallisesti,2511
Nauttimaan,2510
Kiristää,2510
Says,2510
Iski,2510
Vuokrat,2510
Äläkä,2508
Perusta,2507
Tarvittavat,2506
Piirtein,2505
Perhettä,2505
Lisääntynyt,2505
Looginen,2505
Tiedämme,2505
Kämpässä,2504
Sijoitus,2504
Juutalaisten,2504
Ennustaa,2503
Cum,2503
Irakin,2503
Valvonta,2502
Periaate,2502
Seuraavassa,2502
Jottei,2501
Ulkomaalaiset,2501
Köyhyys,2500
Mie,2500
Paikalta,2499
Pointtisi,2499
Kusee,2497
Asetta,2497
Vuosikausia,2496
Tuttua,2496
Tiedätkö,2496
Kultaa,2495
Isoissa,2495
Haluaako,2495
Tahi,2494
Levy,2494
Lähtökohta,2494
Kiinaan,2494
Pyhä,2494
Taata,2493
Poistua,2493
Sekoittaa,2493
Löytyykö,2493
Alalta,2492
Espoossa,2492
Tapahtumista,2491
Vanhasta,2491
Laskisi,2490
Muutamalla,2490
Sosiaaliturvan,2490
Nurin,2489
Kuuntelee,2489
Voikin,2489
Play,2489
Biologinen,2488
Kuullu,2487
Yhdistelmä,2487
Aikuisia,2487
Osakkeita,2486
Yritykselle,2486
Tavoilla,2485
Rikosta,2485
Aitoa,2485
Monopoli,2485
Loputtomasti,2484
Linjalla,2482
Saisit,2482
Saamme,2481
Tunnetaan,2481
Työpäivän,2480
Bensaa,2480
Taatusti,2480
Pilalle,2479
Toimivia,2479
Oikeasta,2479
Onnistua,2478
Veroista,2478
Syntyneet,2477
Oikealta,2477
Part,2477
Paine,2476
Mielipiteesi,2476
Lta,2475
Story,2475
Normaalit,2475
Lähteenä,2475
Kaltaista,2474
Työkalu,2474
Tähden,2474
Alkuperäistä,2474
Tuurilla,2474
Oppilas,2474
Paina,2474
Tuloksena,2474
Väitätkö,2474
Päivi,2473
Osui,2473
Pestä,2472
Pelistä,2472
Haitta,2472
Kotimainen,2472
Huomaamatta,2471
Kasvamaan,2470
Oikeuttaa,2470
Brittien,2470
Tukeminen,2469
Koitin,2469
Päässeet,2467
Haku,2467
Muslimeja,2467
Väitetään,2467
Tapahtuman,2467
Suurten,2467
Ylellä,2467
Upload,2466
Kritiikin,2466
Metsän,2466
Japanin,2466
Muistakaa,2466
Osasta,2465
Kuraa,2464
Siistiä,2464
Korvaamaan,2463
Luetaan,2463
Selvinnyt,2461
Matalan,2461
Operaatio,2461
Taasen,2460
Kädestä,2460
Perustuen,2460
Toivo,2460
Tosissasi,2459
Menetetty,2459
Kielto,2459
Valitettavan,2459
Tueksi,2458
Summia,2458
Jonossa,2458
Hyvissä,2458
Keksit,2458
Blog,2457
Oloa,2456
Jollekkin,2456
Feminismin,2456
Vanhassa,2456
Neuvotella,2455
Kirkkoon,2455
Puheen,2455
Argumentin,2454
Valinnut,2453
Maun,2453
Henkilökohtaista,2453
Aseiden,2453
Valo,2453
Report,2453
Eläkeläiset,2453
Erona,2453
Tiedosta,2452
Sotia,2452
Hauskoja,2452
Ihmiskunta,2452
Aiheista,2451
Yksityiselle,2449
Tilanteet,2449
Tartuntoja,2448
Kauhea,2448
Tekoäly,2448
Shit,2447
Olevasi,2446
Politics,2446
Ikäänkuin,2446
Hukassa,2445
Seksin,2445
Ahaa,2444
Voimin,2443
Hallita,2442
Hatusta,2442
Laskut,2442
Monista,2442
Kuuden,2442
Huomioi,2442
Firmaa,2441
Jäsenyys,2441
Muuttavat,2440
Rakennus,2440
Vaikeuttaa,2439
Moderni,2439
Death,2439
Isku,2438
Ilmaisen,2438
Yes,2438
Kärsimään,2437
Johtavat,2437
Aiemminkin,2437
Star,2437
Eikai,2437
Olikohan,2437
Todistamaan,2436
Samoissa,2436
Makua,2435
Sellaisella,2435
Market,2435
Törkeä,2434
Puuttuminen,2433
Realistista,2432
Ylläpito,2432
System,2432
Luotu,2431
Velan,2431
Il,2430
Vetänyt,2429
Ajallaan,2429
Kerätään,2429
Vastapuolen,2429
Lopulla,2428
Tarkoitukseen,2428
Heikkoa,2428
Kansalaisuus,2428
Facebookin,2428
Tykkäävät,2427
Vaikeeta,2427
Ilmoituksen,2427
Nykypäivän,2427
Sankari,2426
Might,2426
Ylimääräinen,2426
Maailmalle,2425
Työllä,2425
Default,2425
Öljy,2425
Questions,2424
Olematon,2424
Lämmin,2424
Diili,2423
Kannan,2423
Vastustaminen,2422
Puhuttaessa,2422
Kohdellaan,2421
Katsoi,2421
Huonossa,2421
Based,2421
Valitse,2421
Toivoo,2420
Ehti,2418
Aikaisin,2417
Valoa,2417
Hoitajia,2417
Itsestä,2417
Lehdet,2417
Samaten,2417
Tuloksen,2416
Amerikkalaiset,2416
Ikäviä,2415
Something,2415
Melkoista,2415
States,2415
Kulttuurissa,2414
Bisnestä,2414
Aloite,2414
Tilaisuus,2413
Kiinnostus,2413
Nykyäänkin,2413
Hetkeen,2412
Lämpöä,2412
Vuotaa,2411
Ajatuksella,2411
Oppi,2411
Mitenkäs,2411
Aallon,2411
Osoittanut,2410
Edustajia,2410
Näkyvät,2409
Voisko,2409
Läsnä,2408
Htm,2408
Täydellisen,2408
Tuloa,2407
Kohtuullinen,2407
Name,2407
Pidemmällä,2407
Huume,2406
Got,2406
Sininen,2406
Lääkärille,2405
Pelkästä,2404
Vähänkin,2404
Oulu,2404
Sivussa,2403
Bisnes,2403
Aikuisen,2402
Pitäiskö,2402
Nosti,2401
Fysiikan,2400
Kiven,2400
Pakota,2399
Varjolla,2398
Väitti,2398
Luottamus,2398
Kokeilin,2398
Pienillä,2397
Kerrot,2397
Alueille,2396
Katto,2395
Pääomaa,2394
Hyväksytään,2394
Näyttänyt,2393
Määrällä,2393
Mielekästä,2393
Turvassa,2393
Myyntiä,2393
Pohjalle,2393
Pakettia,2393
Verotetaan,2393
Pelaaminen,2393
Älytöntä,2393
Kansanedustajat,2393
Uskonnot,2393
Toimija,2392
Nih,2392
Keskustaa,2392
Jälkeenkin,2391
Odotella,2391
Ll,2391
Siltikään,2391
Point,2391
Työkkärin,2391
Huomaan,2391
Viimeisin,2391
Katoin,2391
Tyttöjä,2390
Tappaminen,2390
Muuttuisi,2389
Must,2389
Tiukkaa,2388
Toisaalla,2387
Johtajat,2386
Johtuvat,2385
Heitto,2385
Työttömäksi,2385
Parikymmentä,2384
Tautia,2383
Before,2383
Suljettu,2382
Coronavirus,2382
Tarttis,2382
Kuuntele,2382
Tietäisi,2381
Liekö,2381
Vuodet,2380
Kamalaa,2380
Pienemmällä,2378
Lähtisin,2378
Sodasta,2377
Rangaistusta,2376
Pohjoismaissa,2376
Viemään,2375
Läski,2375
Ihmisoikeuksien,2375
Keskeinen,2375
Sopivia,2374
Turvapaikanhakijoiden,2374
Paikkeilla,2373
Valehdella,2373
Kuvaan,2373
Vihapuhetta,2373
Kansainvälisen,2373
Tapahtuvan,2372
Asiantuntijoita,2372
Homojen,2372
Mukavan,2372
Saksaan,2372
100km,2371
Ilmiötä,2370
Onnistuisi,2369
Tuollaisesta,2369
Poislukien,2369
Suurimmalla,2369
Opiskeluun,2368
Järjestelmään,2367
Ratkaisun,2367
Asukkaat,2367
Huonolla,2367
Pitkästä,2367
Päivällä,2367
Jolta,2366
Nousua,2366
Ilmassa,2366
Ville,2366
Hyväksymään,2364
Lujaa,2364
Keskustelut,2364
Kommunismia,2364
Välittämättä,2363
Tavoitteita,2363
Juoksussa,2362
National,2362
Poliittisesta,2361
Tuollaisessa,2361
Kiinalaiset,2361
Piilossa,2360
Unohdetaan,2360
Loogisesti,2360
Haettu,2359
Säästöt,2359
Kaunista,2359
Heittämällä,2358
Käytettynä,2358
Luvassa,2358
Vaarassa,2357
Kymmentä,2357
Viruksen,2357
Lukuun,2356
Huumori,2356
Vaatimaan,2355
Kehon,2355
Yhteiskunnallinen,2355
Sanoma,2355
Puutetta,2354
Laskua,2354
Silloinhan,2354
Hah,2354
Nälkään,2352
Ulkopuolinen,2352
Olisikohan,2352
Vähitellen,2351
Cnn,2351
Nenään,2350
Sivua,2350
Epätodennäköistä,2350
Mustia,2350
Vedät,2350
Roolissa,2349
Maininnut,2349
Lähiaikoina,2349
Silkkaa,2349
Under,2349
Mitenköhän,2349
Painoa,2348
Tupakan,2347
Näkemystä,2346
Ainetta,2345
Seurassa,2345
Laadun,2345
Oletat,2345
Laski,2344
Vahvoja,2344
Hyvien,2344
Kuuluukin,2343
Ammattilainen,2343
Italiassa,2343
Virkamiehet,2343
Kriittisesti,2342
Jätin,2342
Biden,2341
Koitan,2341
Pysymään,2340
Toimitaan,2340
Laadusta,2340
Suurelta,2340
Rankkaa,2340
Vaaraa,2339
Lukuisia,2339
Vähentynyt,2338
Vessassa,2338
Tehokkaammin,2335
Paikoista,2335
Maskia,2334
Pl,2334
Todisteet,2333
Sotilaita,2332
Alhaalla,2332
Paskalla,2332
Rahoituksen,2331
Kumppani,2331
Minimi,2330
Molemmista,2330
Juusto,2330
Verkkokauppa,2330
Sellaisten,2329
Ottamalla,2329
Pointteja,2328
Hallituksesta,2328
Nähtiin,2328
Nappia,2327
Kumppanin,2327
Rahallisesti,2327
Äsken,2327
Osoittamaan,2326
Väistää,2326
Pula,2326
Akun,2326
Human,2326
Vähennetään,2325
Puun,2325
Lievästi,2325
Lähden,2325
Yt,2325
Opetettu,2324
Päätetään,2324
Rokotteita,2324
Asevelvollisuus,2324
Annos,2323
Motiivi,2323
Itsemurha,2323
Huomiotta,2322
Ryhmiä,2322
Sidottu,2321
Tavat,2321
Selvittämään,2320
Ennestään,2320
Seudun,2320
Valkoisten,2320
Musk,2320
Nl,2320
Gps,2320
Haukkua,2318
Otettava,2318
Kalustoa,2318
Väittävät,2318
Jatkoon,2317
Ainoana,2317
Koskien,2315
Kaikkialle,2315
Paskasta,2315
Lisä,2315
Pienistä,2315
Äärioikeisto,2315
Tuilla,2314
Kolmesta,2314
Going,2313
Yleisin,2313
Kiinnostuneita,2312
Yksityisten,2312
Häh,2312
Utm_medium,2311
Liittää,2311
Vertailu,2311
Teollisuus,2311
Keitä,2311
Kappas,2311
China,2311
Muotoa,2310
Epäonnistunut,2310
Tarjoavat,2310
Aivojen,2310
Torille,2310
Mainiosti,2309
Aiheuttaisi,2309
Pojan,2309
Lukematta,2309
Opiskellut,2308
Eläminen,2308
Molemmille,2308
Globaali,2308
Tätäkin,2308
Nousemaan,2307
Päätetty,2307
Yleiseen,2307
Järjestetään,2307
Tekstistä,2307
Mistäs,2307
Joukot,2306
Peiliin,2306
Päätyä,2305
Laajentaa,2305
Jaksaisi,2305
Maksuja,2305
Paikallista,2305
Global,2305
Ilmaan,2304
Siviilejä,2304
Laitos,2304
Ekat,2304
Jatka,2304
Pielessä,2303
Sekuntia,2303
Lapsuuden,2303
Ajella,2302
Tuore,2302
Poisto,2301
Rikolliset,2301
Suomalaiselle,2301
Jatkamaan,2300
Elättää,2300
Itkeä,2300
Luokka,2300
Pystytä,2299
Puheeksi,2299
Asenteella,2299
Ihmiseen,2299
Arvioidaan,2298
Tavalliset,2298
Kiusaaminen,2298
Kysytty,2297
Setä,2296
Toimintaansa,2295
Väestöä,2295
Mielenterveyden,2295
Opiskelijan,2294
Valko,2294
Liittyvän,2293
Putoaa,2293
Pahempaa,2293
Jari,2293
Kokonaisuus,2292
Perinteistä,2292
Koronaan,2292
Idiootit,2292
Pikkasen,2292
Pitänee,2292
Kuole,2291
Yleisön,2291
Päivittää,2290
Käsitelty,2290
Sekunnin,2290
Ruma,2290
Ruotsalainen,2290
Mitataan,2289
Paremmalla,2289
Bussilla,2289
Tälleen,2289
Työntää,2288
Eläkkeitä,2288
Lähetetään,2288
Verotuloja,2287
Vaihdetaan,2286
Toimitusjohtaja,2286
Juosta,2285
Tarpeellista,2285
Yksilöt,2285
Tietokone,2285
Tällaisissa,2285
Kouluja,2284
Valinnan,2284
Maahanmuuttoon,2284
Rikollisuuden,2284
Absoluuttinen,2284
Korea,2284
Vastusta,2283
Syvällä,2283
Lainsäädäntöä,2283
Masennuksen,2283
Aloille,2282
Neuvoja,2282
Käsittely,2282
Kuluessa,2281
Loputtomiin,2281
Rikollista,2281
Paljo,2281
Children,2281
Maalle,2280
Henkistä,2280
Raskas,2280
Hommasta,2279
Saksaa,2279
Nostanut,2278
Edustavat,2278
Tervettä,2278
Suu,2278
Small,2278
Better,2278
Siinäpä,2278
Terveisin,2277
Intti,2276
Soitin,2276
Turvaa,2275
Sijaitsee,2275
Tiet,2275
Tykkäsin,2275
Jonnet,2275
Katsomatta,2274
Tartunnan,2274
Muutenhan,2274
Viitata,2273
Päätyvät,2273
Luvulle,2272
Terveydenhuoltoa,2272
Jonnekkin,2272
Työkaluja,2271
Naiselle,2271
Tarttua,2270
Yksinomaan,2270
Pyysi,2270
Täytä,2270
Tahdon,2270
Pidettyä,2269
Tutustumaan,2269
Vaikutuksesta,2269
Sosiaalisessa,2269
Korjataan,2269
Tekijöiden,2268
Julkiseen,2268
Viina,2268
Verkossa,2267
Sijainti,2267
Hoidossa,2266
Pahasta,2266
Livenä,2266
Katon,2266
Parisuhde,2266
Haitallisia,2265
Tarjonnan,2265
Äänestetään,2265
Kaupungilla,2265
Huolestuttavaa,2265
Varallisuutta,2264
Idean,2264
Rahojen,2264
Vähemmistöjen,2264
Rautalangasta,2264
Lopettamaan,2263
Käyttäjistä,2263
Korreloi,2263
Viimeisenä,2263
Tunneilla,2262
Own,2262
Pöydälle,2260
Kommenttien,2259
Analyysi,2259
Both,2259
Selitä,2259
Kuinkahan,2259
Hard,2257
Linux,2257
Kertyy,2256
Välit,2256
Hirveää,2256
Haluaisit,2255
Tottahan,2255
Tapahtumien,2254
Murha,2254
Saavutettu,2253
Nimensä,2253
Nuorista,2252
Britit,2252
Soitti,2251
Ohje,2251
Documents,2251
Tarkoitusta,2250
Tulevaa,2250
Tarttuu,2250
Vitutti,2250
Oispa,2250
Ä,2250
Miltei,2249
Kavereille,2248
Applen,2248
American,2248
Nauttii,2247
100k,2247
Koneita,2246
Korjaus,2246
Tekoa,2245
Budjetin,2245
Strategia,2245
Kaa,2245
Tavara,2245
Nbsp,2244
Found,2244
Ominaisuudet,2243
Varallisuus,2243
Viis,2243
Lähelläkään,2242
Korvataan,2242
Käännös,2242
Ovelle,2241
Työntekijälle,2241
Perheessä,2241
Krimin,2241
Asiantuntijoiden,2241
Perustuslaki,2241
Syvälle,2240
Tavaran,2240
Viety,2239
Todiste,2239
Vähentämään,2238
Kenellekkään,2238
Hiukset,2238
Opiskelijana,2238
Minkäs,2238
Tehtyjä,2237
Rasistisia,2237
Moraalinen,2237
Tykännyt,2236
Kohtuullista,2236
Voimakas,2236
Tutustunut,2235
Alhainen,2235
Lämpötila,2235
Tehdessä,2234
Sivusto,2234
Öljyn,2234
Unelma,2234
Party,2234
Raamatun,2234
Rauhaa,2233
Leivän,2232
Lääkkeiden,2232
Di,2232
Mitenkä,2231
Aiempaa,2230
Relevanttia,2230
Videossa,2230
Lapsilla,2230
Dollaria,2229
Tiedostaa,2229
Tuppaavat,2228
Cdn,2228
Kaasua,2228
Oluen,2228
School,2228
Tiedettä,2227
Äänestäjien,2227
Kotimaan,2227
Rangaistuksia,2226
Osapuolet,2226
Usassa,2226
Etsi,2226
Tieltä,2225
Pääsyä,2224
Pyöräilijä,2224
Tarjous,2223
Mitäköhän,2223
Asiakkaille,2222
Peleissä,2222
Projektin,2222
Näytön,2222
Junalla,2222
Näiltä,2222
Kerrostalossa,2222
Sanaan,2221
Useampaan,2221
Ruotsiksi,2220
Tuottavuus,2220
Lausunto,2220
Joulun,2220
Laadukasta,2219
Voidaanko,2219
Kalliimpia,2218
Työntekijöistä,2218
Kyytiin,2217
Tavarat,2217
Stm,2217
Pahentaa,2216
Paikkakunnalla,2216
Mietityttää,2216
Italia,2215
Säästöön,2214
Kotimaassa,2214
Oletuksena,2214
Kysely,2212
Vanhemmilla,2212
Vanhuksia,2211
Uudelle,2211
Pullo,2211
Ajo,2210
Kevään,2210
Hyötyvät,2209
Prosessin,2209
Käsitä,2208
Ympäriinsä,2208
Tulo,2208
Tod,2208
Euroon,2207
Hyvinvointivaltion,2207
Oisin,2207
Toisi,2206
Tappiota,2206
Koirien,2206
Tarkoitit,2206
Osuutta,2205
Historiaan,2205
Hakemuksen,2205
Less,2205
Valitetaan,2205
Syöminen,2205
Research,2205
Toteuttamaan,2204
Laskevat,2204
Virtaa,2204
Todellisia,2204
Kommunismin,2204
Money,2204
Demokratiassa,2203
Määritelmää,2202
Around,2202
Blm,2202
Pyöriä,2201
Suhteita,2201
Suosiolla,2200
Raiskauksesta,2200
Thing,2200
Vasemmistoa,2200
Päädyin,2200
Ensimmäisestä,2199
Klassikko,2199
Ärsuomen,2199
Aiheita,2198
Vedoten,2197
Varastaa,2197
Osoite,2197
Keskusteluja,2196
Sanomalla,2196
Vapaat,2196
Ajoittain,2195
Perustulon,2195
Real,2195
Kasvuun,2194
Suoja,2194
Valvontaa,2194
Parhaaksi,2193
Iin,2193
Jännästi,2193
Saamatta,2192
Budjetista,2192
Päihteitä,2192
Juomaan,2191
Verkon,2191
Perjantai,2191
Minnekään,2190
Teosta,2189
Place,2189
Noloa,2189
Kontekstia,2188
Seksuaalisen,2188
Yliopistojen,2188
Myynnin,2187
Miehiin,2187
Pelataan,2187
Kansalaisen,2186
Työpaikkojen,2186
Inflaation,2185
Törmää,2184
Tapetaan,2184
Näinpä,2184
Tämäkään,2184
Luopumaan,2183
Jakamaan,2183
Kohteita,2183
Tunnilla,2183
Fact,2183
Sarjassa,2183
Yrittäjät,2183
Muuttumaan,2181
Pienenee,2181
Konkreettisia,2181
Saatavuus,2181
Siirto,2181
Kassa,2181
Kuvien,2181
Kärsi,2180
Käynti,2180
Tätähän,2180
Find,2179
Lapsiin,2179
Seuraavalle,2178
Muisti,2178
Sattumaa,2178
Nosta,2178
Korruptio,2178
Vaihda,2178
Yhdistettynä,2177
Ehdotuksia,2177
Housut,2177
Verottaja,2177
Periksi,2176
Sivuun,2176
Uhriksi,2176
Vaihtoon,2176
Juutalaisia,2176
Lukeneeni,2175
Armeijaa,2175
Väri,2175
Things,2175
Kevyt,2175
Saksalaiset,2175
Elokuvia,2174
Globaalisti,2174
Postaa,2174
Rikoksiin,2173
Havaittu,2172
Ajattelun,2172
Tehtävän,2172
Haluttiin,2172
Odotin,2172
Absurdi,2171
Alt,2171
Liikettä,2170
Erillistä,2170
Noinkin,2169
Luokassa,2169
Olemalla,2169
Linkistä,2167
Investointeja,2166
Täyden,2166
Support,2166
Kuhan,2166
Asukkaan,2165
Kasvatus,2165
Ensimmäisellä,2165
Millon,2165
Päivänjatkoa,2163
Ongelmansa,2163
Tuottoa,2163
Suhteutettuna,2163
Ilmiön,2163
Venäläistä,2163
Yksittäiset,2163
Mielin,2161
Kaudella,2161
Aloittanut,2161
Asumistuen,2161
Hyödyllisiä,2160
Soinin,2160
Järjestön,2160
Vauhdilla,2159
Autoilijat,2159
Eläimen,2158
Unohdin,2158
Alkaneet,2157
Väkivaltainen,2157
Person,2156
Github,2156
Youtubessa,2156
Vapauttaa,2155
Tietyssä,2155
Vääräksi,2154
Kuorma,2154
Auringon,2154
Sanottua,2153
Äärellä,2153
Tehoa,2153
Sauli,2153
Aiheuttamaan,2152
Pistettä,2152
Silmiin,2152
Todellisuuden,2152
Semi,2152
Toisilla,2152
Leikkaus,2151
Haluu,2150
Syyrian,2150
Ulkomaalainen,2149
Luonnostaan,2148
Valkoista,2148
Jään,2148
Esitys,2147
Raiskauksen,2147
Pysyvä,2146
Tismalleen,2146
Kävelemään,2145
Järkeen,2145
Ruvetaan,2145
Maskeja,2145
Keksitään,2144
Ainiin,2144
Yrittäisi,2143
Menettänyt,2143
Perkeleesti,2143
Agenda,2143
Rajoitusten,2143
Viestisi,2143
Online,2143
Siellähän,2143
Harhaanjohtava,2142
Naisena,2142
Islamia,2142
Kuvaamaan,2141
Eläke,2141
Unohda,2141
Vastasit,2141
Hengessä,2140
Jalassa,2140
Taloja,2140
Itsenäinen,2140
Kuvio,2140
Muistetaan,2140
Without,2139
Muuttaisi,2138
Raportti,2138
Mikset,2138
Opintoja,2137
Him,2136
Markkinatalous,2136
Tylsä,2135
Luokalla,2134
Luontoon,2134
Uskonnollinen,2134
Realistisesti,2134
Aloitetaan,2134
Tarpeelliseksi,2133
Luulevat,2133
Hamas,2133
Pitääpä,2133
Ironisesti,2133
Kaupungista,2132
During,2132
Handle,2131
Älytön,2131
Ruokavalio,2131
Liput,2131
Tulille,2130
Mallissa,2130
Kerron,2130
Love,2130
Kristinusko,2130
Elokapina,2130
Tuomaan,2128
Julkaisu,2128
Feministi,2128
Yliopistolla,2128
Suunnalta,2127
Säädetty,2127
Jälkeä,2127
Päätyi,2127
Vertailla,2126
Jäivät,2126
Lehdessä,2126
Asukas,2126
Kansallinen,2126
Koski,2126
Kohtuutonta,2125
Ama,2125
Kohdistaa,2124
Hen,2124
Autoista,2124
Alkuperäiseen,2124
Koin,2124
Suunnasta,2123
Löydetty,2123
Kiltisti,2123
Kolmea,2123
Vaihtelua,2123
Bitcoin,2123
Teknologiaa,2122
Title,2122
Kaupunkeihin,2121
Ylinopeutta,2121
Comment,2121
Työkokemusta,2120
Maksimissaan,2120
Vanhalla,2120
Plussaa,2120
Tekosyy,2119
Argumenttisi,2119
Pieneen,2118
Espoo,2118
Välttämään,2117
Kauemmin,2117
Tuhlata,2117
Syöpää,2117
Kulunut,2117
Itsekseen,2117
Kylän,2115
Sosiaaliturva,2115
Hengiltä,2114
Kielessä,2114
Naamaan,2114
Seisoo,2114
Nytkään,2114
Laajempi,2114
Sanonta,2114
Again,2113
Jakaminen,2112
Verorahoilla,2112
Kyseisellä,2112
Siisti,2112
Venäjästä,2112
Voitte,2112
Äänestän,2112
Vihdoinkin,2112
Kirjasta,2111
Käsittämättömän,2111
Vaikutuksista,2110
Selität,2110
Miinus,2110
Viranomainen,2110
Swedish,2110
Bussin,2109
Hakata,2108
Kolmatta,2108
Pohtimaan,2107
Tarjontaa,2107
Ekalla,2107
Police,2107
Agendaa,2106
Ihmiseltä,2106
Oppivat,2106
Siirtyminen,2106
Uusista,2106
Valikoima,2105
Ohjelmassa,2105
Uutisesta,2105
App,2105
Karjalan,2105
Twitterin,2105
Veronmaksajat,2104
Kunnioittaa,2103
Auttavat,2103
Pakotettu,2103
Kontekstista,2103
Komppaan,2103
Paskaan,2102
Katsovat,2102
Entisen,2102
Suurimpia,2101
Kiinaa,2101
Jälki,2100
Pyydä,2100
Äo,2099
Hakemus,2098
Johtajan,2098
Useiden,2098
Mielenosoitus,2098
Problem,2098
Halunneet,2097
Oppilaiden,2097
Tieteellistä,2096
Luulla,2095
Päinvastainen,2095
Suosikki,2095
Tästähän,2095
Terveellistä,2094
Saatika,2094
Listalle,2093
Laajalti,2092
Naapurissa,2092
Joihinkin,2092
Osaatko,2092
Ihmetellyt,2091
Huhtasaari,2091
Mielenterveys,2091
Lähdet,2089
Renkaat,2089
Tuplasti,2088
Elämisen,2088
Konetta,2088
Rasvaa,2088
European,2088
Instagram,2088
Poistamaan,2087
Pitäen,2087
Osuuden,2087
Typeriä,2087
Mikko,2087
Läppää,2086
Ohjelmia,2086
Maahanmuuttajista,2086
Tyyli,2086
Puola,2086
Järjestyksessä,2085
Numeron,2085
Kenkää,2085
Vuosikymmen,2085
Tieteellinen,2085
Lakko,2085
Luettua,2084
Suhtautuu,2084
Kovaan,2084
Vaikeaksi,2083
Kysyt,2083
Joulua,2082
Asuva,2081
Pitkäksi,2079
Asukasta,2079
Tilasto,2079
Pelle,2079
Siltikin,2079
Tiimoilta,2078
Kokemaan,2078
Rauhaan,2078
Nostavat,2078
Taide,2078
Nosto,2077
Turvapaikanhakijoita,2077
Liittynyt,2076
Vauhdissa,2076
Sentin,2076
Viihdettä,2076
Vihollisen,2076
Tunteiden,2076
Jäsenyyttä,2075
Massiivinen,2075
Gender,2075
Arvoon,2074
Varattu,2074
Kappaleen,2074
Puolueista,2072
Taloudellisen,2072
Opit,2071
Japani,2071
Teslan,2071
Uusin,2071
Nojaa,2071
Wikipediasta,2071
Different,2070
Materiaali,2070
Bussissa,2069
Meet,2069
Julistaa,2068
Vetävät,2068
Ilmastonmuutoksesta,2068
Miljardi,2068
Ali,2068
Tekemästä,2067
Tietokoneella,2067
Infra,2067
Kovempi,2066
Syöt,2066
Aiheuttamat,2065
Tyyppinen,2065
Every,2065
Lataa,2065
Suostuu,2064
Ncbi,2064
Lähteneet,2064
Perseeseen,2063
Taloon,2063
Punaista,2063
Kana,2063
Tuommoinen,2063
Painoarvoa,2062
Muillekin,2062
Jatkuvan,2062
Usean,2062
Nlm,2061
Vauva,2061
Come,2061
Muokata,2060
Juttuihin,2060
Valitsemaan,2059
Kiinnostavan,2059
Tunteen,2059
Mainio,2059
Voipi,2059
Olikaan,2058
Vuosikymmenten,2058
Pahoinpitely,2058
Saapuu,2057
Otsikkoa,2057
Pienin,2057
Parhaillaan,2057
Pienissä,2057
Pilata,2056
Juoksee,2056
Pääoman,2056
Lama,2056
Mainitsit,2056
Sanota,2055
Tahto,2055
Paikallisia,2055
Heikosti,2055
Lukemalla,2055
Täh,2055
Nettiä,2054
Velat,2054
Epäselväksi,2054
Harvinainen,2054
Syrjintä,2054
Käteistä,2053
Maski,2052
Vuotiaiden,2051
Paita,2051
Nätisti,2051
Opettajia,2051
Sellasia,2051
Tonni,2051
Voisimme,2051
Taiteen,2051
Lidl,2051
Kuvittelevat,2050
Syöpä,2050
Change,2050
Suurimmassa,2050
Oleville,2049
Seikka,2049
Kilpailun,2049
Ärsyttävää,2049
Kannattaja,2048
Tulkitaan,2048
Kolmeen,2048
Baariin,2048
Sallitaan,2048
Jumissa,2046
Toimiston,2046
Kaupoista,2046
Level,2046
Tarvis,2046
Suomenkielinen,2046
Maps,2046
Pyytänyt,2045
Uppoaa,2045
Blogi,2045
Kummatkin,2045
Ostaisi,2044
Unta,2044
Palveluihin,2043
Yhen,2043
Vastapuoli,2042
Menisin,2042
Haluttaisiin,2041
Poliittiseen,2041
Arvion,2041
Heitti,2041
Tekijöistä,2040
Tutkimuksesta,2040
Hyvillä,2040
Abortin,2040
Äänestäminen,2040
Katsos,2040
Mahdollisuuksien,2039
Huonoin,2039
Pankkien,2039
Päättämään,2037
Hävetä,2037
Tuotteista,2037
Tilastoissa,2037
Paikallisten,2037
Kiusaamista,2037
Lääkäriin,2037
Tälläiset,2037
Tarkoittaako,2037
Väkivallasta,2036
Mamut,2036
Yrittäjän,2036
Si,2036
Perehtyä,2035
Massia,2035
Valtavia,2035
Vieras,2035
Teos,2035
Autoilu,2035
Liikkumaan,2034
Varoja,2034
Opiskelua,2034
Myytiin,2034
United,2034
Juttujen,2033
Kameran,2033
Cm,2033
Lauantaina,2033
Palveluun,2032
Veteen,2031
Ref,2031
Hyötyjä,2031
Jotakuinkin,2031
Itään,2031
Kansanedustajan,2031
Paljastuu,2030
Mielipiteistä,2030
Lappu,2030
Jeesuksen,2030
Toteutettu,2029
Markkinoilta,2028
Myönnetään,2028
Natoa,2028
Miellytä,2027
Rokotteiden,2027
Teininä,2027
Valtioneuvosto,2027
Vaikeasti,2026
Rivien,2026
Niinkun,2026
Kuningas,2026
Aikavälin,2025
Uskontojen,2025
Ehdotan,2024
Kirjassa,2023
Luitko,2023
Heitän,2023
Ihon,2022
Vantaan,2022
Pelaan,2022
Yhteiskunnallisesti,2021
Katastrofi,2020
Normaaleja,2020
Through,2019
Vihapuhe,2019
Suoritus,2018
Muutettu,2018
Hakevat,2018
Hävettää,2018
Kuolevat,2017
Keskimääräistä,2017
Korvaukset,2017
Kuullostaa,2017
Etta,2016
Jutuissa,2016
10k,2016
Ylimääräisiä,2015
Lopullinen,2015
Cs,2015
Britannian,2014
Salaliitto,2013
Ml,2013
Kännykän,2013
Metsien,2013
Yrityksestä,2012
Haasteita,2012
Service,2012
Mestari,2012
Markkinoita,2011
Kotia,2011
Sukupolvien,2011
Hakijoita,2011
Nopeesti,2011
Rajoitettu,2010
Otettaisiin,2010
Valtioneuvoston,2010
Alkua,2009
Haju,2009
Kuvittele,2009
Kommentoimaan,2008
Firmasta,2008
Wikimedia,2007
Oikeuta,2006
Tehtävään,2006
Ravintolat,2006
8h,2005
Kuvattu,2005
Vihreää,2005
Word,2005
Eläkeläisten,2004
Moraali,2004
Korean,2004
Sex,2004
Afrikasta,2004
Mitätön,2003
Yhdeksi,2003
Yhteisiä,2003
Toimijat,2002
Tekemiä,2001
Toisiin,2001
Aineen,2001
Ristiin,2000
Hyödyttää,2000
Välttämätön,2000
Hex,1999
Päästöistä,1999
Jäsenyyden,1999
Vaiva,1999
Vaihe,1999
Unohtui,1999
Saatanasti,1998
Mökillä,1998
Miltään,1997
Susi,1997
Kantilta,1996
Lopetti,1996
Nauti,1996
Sotilaat,1995
Sovitaan,1995
Uutisointi,1994
Nykyaikana,1994
Tyylinen,1993
Low,1993
Kirjattu,1992
Etujen,1992
Noudata,1992
Julkiselle,1992
Tämäpä,1992
Ympäristöä,1991
Velvollisuutta,1990
Kannattajia,1990
Paskasti,1990
Fine,1990
Vaara,1990
Vitsin,1989
Lähestulkoon,1989
Juttelemaan,1988
Siirtyvät,1988
Vieraan,1988
Vanhoista,1988
Valmista,1988
Perustellaan,1987
Korotus,1987
Taloudesta,1987
E2,1987
Saanko,1987
Avaamaan,1986
Saavutetaan,1986
Lisäarvoa,1986
Rahoista,1986
Asunnosta,1986
Tilanteisiin,1985
Katsottu,1985
Tilat,1985
Epäile,1984
Toimittajien,1984
Far,1984
Torilla,1984
Rajattu,1983
Moraalista,1983
Selän,1983
Vapaita,1983
Mainitsi,1983
Kuuntelen,1983
Jee,1983
Huolissani,1982
Poliitikon,1982
Harrastukset,1982
Mittaan,1981
Paperia,1981
Pandemia,1981
Versiota,1980
Lähtivät,1980
Nuorilla,1980
Tuotu,1979
Ehdokasta,1979
Nämäkin,1979
Kuvitellaan,1979
Ukrainalaiset,1979
Oppimaan,1978
Tutkii,1978
Riittävät,1978
Osoitus,1978
Huonoon,1978
Laillisia,1978
Kustannus,1978
Kohdallaan,1977
Jatkunut,1977
Toimistolla,1977
Kuolleet,1977
Näk,1975
Valtioita,1975
Archive,1975
Sydän,1975
Eun,1975
Kyetä,1974
Edu,1974
Mittaa,1973
Leipä,1973
Oikeestaan,1972
Laittaisi,1971
Avointa,1971
Liittoon,1971
Kuulen,1971
Länsimainen,1971
Näköisiä,1970
Concerns,1970
Vastinetta,1970
Palveluksen,1970
Törkeän,1970
Huoneessa,1969
Osaamisen,1969
Väkivallalla,1969
Perinteiset,1969
Valmistuu,1968
Vaihtoehdon,1968
Peleistä,1968
Perua,1967
Vankeutta,1967
Viimeistä,1967
Uudenmaan,1967
Pääasia,1967
Sujuu,1966
Leffan,1965
Häpeä,1965
Parantunut,1964
Onnistuneet,1964
Jäämään,1963
Näkökulmaa,1963
Toimiin,1963
Tienaavat,1963
Tarpeeseen,1963
Lämmintä,1962
Autoilija,1962
Autowikibot,1962
Huonompia,1961
Äänistä,1961
Vastaavaan,1961
Yksityisiä,1961
Taustaa,1961
Virallisen,1961
Sähköautojen,1961
Suhdetta,1960
Siivota,1960
Paljolti,1960
Tämmöstä,1960
Matematiikka,1960
Mieltään,1959
Poistettiin,1959
Hakkaa,1959
Kuluttajan,1959
Olkiluoto,1959
Epäilemättä,1959
Toteudu,1958
Kuplassa,1958
Sinuun,1958
Epäsuorasti,1958
Kirjojen,1958
Suunnattu,1957
False,1957
Videos,1957
Ruuat,1956
Tietämättä,1956
Söin,1956
Sa,1956
Suvun,1955
Julkisissa,1955
Tammikuussa,1955
Spotify,1955
Porukassa,1954
Vuosikymmenien,1954
Subi,1954
Toivoisi,1954
Vastauksena,1954
Laskussa,1953
Ikuinen,1953
Tuuli,1953
Katotaan,1953
Pohjoismaiden,1953
Kartta,1952
Sähköauton,1952
Organisaatio,1951
Tytön,1951
Metsät,1951
Mielivaltaisesti,1950
Elokapinan,1950
Mutku,1950
Terroristi,1949
Ilmestyy,1948
Tuntien,1948
Kaikelle,1948
John,1948
Nostaminen,1947
Sivulta,1947
Lähestyä,1946
Pintaan,1946
Haaste,1946
Haluamme,1946
Tartuntaa,1945
Linnaan,1945
Kilpailemaan,1944
Lippua,1944
Voittanut,1944
Maksua,1944
Jättävät,1944
Virheellinen,1944
Edetä,1943
Osunut,1943
Lakkauttaa,1943
Ajattelit,1942
Tälläisen,1942
Tasosta,1941
Harrastuksia,1941
Katselin,1941
Käsittelyyn,1940
Radikaalisti,1940
Litran,1940
Kerrota,1939
Kadulle,1939
Parit,1939
Obama,1939
Perustelemaan,1938
Unionin,1938
Maksettavaksi,1937
Kiistää,1937
Ihonvärin,1937
Lopettaminen,1937
Aiheena,1937
Kivan,1937
Mode,1937
Muna,1937
Kolmessa,1936
Lievä,1936
Mustan,1936
Kulkevat,1935
Tunnit,1935
Johdolla,1934
Kielten,1934
Selvitys,1934
Saahan,1934
Esittämään,1933
Tavata,1933
Merkittävän,1933
Mainitut,1933
Tinder,1933
Pahoittelen,1933
Selitystä,1932
Juustoa,1932
Ilmoittanut,1931
Rakenne,1931
Ymmärtäminen,1931
Pyydetään,1931
Kuskin,1931
Sanomista,1931
Ostaisin,1931
Nimeltään,1930
Urheilua,1930
Opiskelijoille,1930
Kansainvälistä,1930
Haastattelu,1930
Syöttää,1929
Heikompi,1929
Korkoa,1929
Minuun,1929
History,1929
Vm,1929
Hiiltä,1928
Joksikin,1927
Ukrainalle,1927
Syytön,1927
Oikeuksista,1926
Tuskaa,1926
Maksun,1926
Ammutaan,1926
Ilmeisen,1926
Ahvenanmaan,1926
Ajamassa,1925
Tarkastaa,1925
Oleellisesti,1925
Kuolleita,1925
Jatkoa,1925
Ikävästi,1924
Clinton,1924
Jenkeistä,1924
Enhän,1924
Alettu,1923
Tilalla,1923
Iltaisin,1922
Energy,1922
Pitäähän,1922
Moninkertaisesti,1921
Kestävää,1921
Asui,1921
Kusta,1921
Pelaaja,1921
Kansallisen,1921
Rip,1921
Maksettua,1920
Rajoitetaan,1920
Propagandan,1920
Jäljiltä,1919
Perinteisen,1919
Puolan,1919
Silmin,1918
Ollessaan,1918
Merkityksen,1918
Temppu,1918
Päästäisiin,1918
Toinenkin,1918
Paikoilla,1917
Miksikään,1917
Tuloilla,1917
Läpällä,1917
Vuosituhannen,1917
Nuorison,1917
Asenteet,1917
Taksi,1917
Puolueessa,1916
Sähköt,1916
Huutista,1916
Suuntiin,1915
Sivuuttaa,1915
Pysyisi,1915
Selkään,1915
Menetys,1915
Yhteiskunnallista,1915
Kattava,1915
Käsittelemään,1914
Useaan,1914
Päästiin,1914
Etelässä,1914
Sale,1914
Arjen,1913
Rinteen,1913
Ostaja,1913
Elisa,1913
Tiktok,1913
Hoidettua,1912
Kuuluva,1912
Kuuluisa,1912
Öö,1912
Ehdin,1911
4k,1911
Yhteyden,1910
Koodia,1910
Keskitytään,1910
Luvuilla,1909
Elämässäni,1909
Ymmärretään,1909
Samanlaisen,1909
Kampanja,1909
Kallellaan,1908
Annoksen,1908
Toimeentulotuen,1908
Kortit,1907
Loppuisi,1907
Persuista,1906
Tarkentaa,1905
Vienyt,1905
Johdossa,1905
Aate,1905
Junan,1905
Sakko,1905
View,1905
Kala,1905
Feministien,1904
Kurissa,1903
Fiksuja,1903
Sharia,1903
Oikeistolainen,1902
Kivi,1902
Let,1902
Varata,1901
Ratkaise,1901
Commons,1901
Suljetaan,1901
Pienentää,1899
Tollasta,1899
Samanaikaisesti,1899
Kansalaisaloite,1899
Yläasteen,1898
Little,1898
Ovesta,1897
Julkaisut,1897
Vakuutukset,1897
Uraa,1896
Ikäisenä,1895
Kehittyä,1895
Kuljettaa,1895
Projekteja,1895
Rasistiksi,1895
Räsäsen,1895
Autoissa,1895
Yhtiöt,1894
Jatkua,1893
Olemassakaan,1893
Ddd,1893
Unohtanut,1892
Hyödyksi,1892
Fyysisen,1892
Abc,1892
Ahdistusta,1891
Vantaalla,1891
Kulta,1891
Näköistä,1890
Korottaa,1890
Korkealle,1890
Järjettömän,1890
Uskottava,1890
Lyödään,1890
Väitellä,1889
Olennaisesti,1889
Harvinaisia,1889
Vedellä,1889
Oikeilla,1889
Tutkimuksissa,1889
Kamala,1889
Arvioimaan,1888
Ajaisi,1888
Uhria,1888
Kevyesti,1888
Osoittavat,1886
Keksintö,1886
Meneillään,1886
Autoilla,1886
Huolto,1885
Passi,1885
Haen,1885
Eurooppalaiset,1885
International,1885
Mainosta,1884
Firmaan,1884
Lääkärien,1884
Kirjoita,1884
Naamaa,1883
Nojalla,1882
Säädetään,1882
Selvästikään,1882
Viimeaikoina,1882
Vahvat,1881
Normaalista,1879
Trumpia,1879
Viikonloppuisin,1879
Pinnalla,1878
Näytetään,1878
Hyvistä,1878
Ilmapiiri,1878
Avain,1878
Unkari,1877
Left,1877
Age,1877
Donald,1877
Hankkiminen,1876
Osallistuu,1876
Korkeammalla,1876
Toimenpide,1876
Military,1876
Kovassa,1875
Kyseenalainen,1874
Kannatuksen,1874
Sellaisiin,1874
Vaaleihin,1874
Face,1874
Amerikkalaisten,1874
Lukioon,1873
Surullinen,1873
Parane,1872
Uusille,1872
Baltian,1872
Finns,1872
Lattialle,1871
Kulje,1871
Päteviä,1871
Kestävät,1871
Matikan,1871
Selkeesti,1871
Tuossahan,1871
Tekoon,1870
Jatkavat,1870
Kilon,1870
Ensimmäiseen,1870
Toimeentulotuki,1870
Saavan,1869
Itsellään,1869
Lähellekään,1869
Tulevaisuudesta,1869
Niinistön,1869
Keksin,1869
Vinkistä,1868
Virheet,1868
Vaadita,1867
Syntyisi,1867
Sukua,1867
Antamalla,1867
Youtuben,1867
Aamuna,1866
Kyselemään,1866
Loppumaan,1866
Merkitsee,1866
Eettisesti,1866
Palataan,1866
Logiikan,1865
Uudistuksen,1865
Cd,1865
Periaatteella,1864
Ansaitse,1864
Suomalaisiin,1864
Keskiluokan,1863
Elävä,1863
Hölmöä,1863
Vastustan,1863
Tekijää,1862
Aiempi,1862
Mullakin,1862
Vittuakaan,1861
Virkamiesten,1861
Uskaltanut,1860
Lisäisi,1860
Tehdas,1860
Ulko,1860
Check,1860
Ylilauta,1860
Oleviin,1859
Setti,1859
Joutuneet,1858
Myytyä,1858
Paketissa,1858
Rikollisten,1858
Tldr,1858
Lukemista,1857
Ovella,1857
Sotilas,1857
Todistettu,1856
Osasi,1856
Vuosisadan,1856
Rydman,1856
Epäilty,1856
Oikeutettua,1855
Siirtyi,1855
Palvelee,1855
Infraa,1855
Lupia,1855
Maksimi,1855
Vähennä,1855
Turvapaikanhakijat,1855
Sähköauto,1855
Justiinsa,1855
Köyhille,1854
Syyllistynyt,1853
Levitä,1853
Silloinkaan,1853
Puolessa,1853
Information,1853
Automatically,1852
Jäljessä,1852
Lähteestä,1852
Länsimaisen,1852
Kreikka,1852
Hyvinvointivaltio,1852
Investoida,1851
Uskontoon,1851
Presidentiksi,1851
Roolia,1850
Aikaansa,1850
Raiskaa,1850
Pienemmän,1850
Kansainvälisesti,1850
Avioliitto,1850
Meta,1850
Sanomat,1850
Haiskahtaa,1850
Hankkii,1849
Vuorokauden,1849
Korko,1849
Eliitti,1849
Jossei,1849
Häiritse,1848
Rajoittaminen,1848
Viikkoja,1848
Ollakseen,1848
Lukemisen,1848
Kokeiltu,1848
Ongelmahan,1848
Perustuvaa,1847
Lainata,1847
2v,1847
Viestiin,1847
Tarttee,1847
Suomalaisella,1847
Tehtävää,1846
Näkemykset,1846
Pakolla,1846
Potentiaalisesti,1846
Hattua,1846
Petteri,1846
Vastaisesti,1845
Liiku,1845
Vastaavassa,1845
Kielet,1845
Kuluttajat,1845
Voittoja,1844
Perseessä,1844
Opittu,1844
Vakio,1843
Kuulokkeet,1843
Logo,1843
Testin,1842
Esimies,1842
Edellytykset,1841
Valitusta,1841
Inttiin,1841
Vanhempana,1840
Self,1840
Suosio,1839
Stalin,1839
Mukaa,1838
Minunkin,1838
Villi,1838
File,1838
Ymmärtävän,1837
Ajatteluun,1837
Valtiossa,1837
Arvokas,1837
Pelkäävät,1837
Naapurit,1837
Kuulosti,1837
Tiloissa,1836
Matalampi,1836
Kortilla,1836
Subjektiivinen,1836
Uhrien,1836
Itekki,1836
Lisäks,1836
Tekeekö,1836
Riittääkö,1836
Hallinnassa,1835
Joilta,1835
Byrokratiaa,1835
Luotan,1835
Levinnyt,1834
Voitaisi,1834
Johtui,1834
Avoimia,1834
Link,1834
Natossa,1834
Liikkeet,1833
Häneen,1833
Tutulta,1833
Henkilökunta,1833
Jaahas,1833
Venäläisen,1833
Tilannut,1831
Somen,1831
Parhaista,1830
Tonne,1830
Kulttuurien,1830
Annettaisiin,1829
Pöydän,1829
Muutto,1829
Jouluna,1829
Elät,1829
Kaikkihan,1829
Kehitykseen,1828
Varovainen,1828
Rotu,1828
Arki,1828
Olematta,1827
Halvinta,1827
Semmosia,1827
Karhu,1827
Maksaminen,1826
Vuosikymmentä,1825
Vähätellä,1825
Seinän,1825
Epäironisesti,1825
Matalalla,1824
Masennusta,1824
Olisimme,1824
Siirrytään,1824
Tappoi,1823
Uhrit,1823
Terrorismin,1823
Leikattu,1822
Nuorta,1822
Verkko,1822
Markkinatalouden,1822
Korjasin,1822
Ketjuun,1821
Rajallinen,1821
Vegaani,1821
Population,1821
Syömässä,1820
Elintasoa,1820
Rokotettu,1820
Ottivat,1820
Kremlin,1820
Maskit,1820
Pop,1820
Tm,1820
Oikeisiin,1819
Diagnoosin,1819
Piikki,1819
Talot,1819
Harmillista,1819
Raamattu,1819
Nähtävissä,1818
Syvemmälle,1818
Kohdat,1818
Always,1818
Toimiiko,1818
Palvelukseen,1817
Vähentäisi,1817
Moniin,1817
Oikeuslaitos,1817
Tahon,1816
Kannattava,1816
Moka,1816
Kokemuksella,1816
Termit,1816
Parisuhteen,1816
Tutun,1816
Another,1816
Tilasta,1815
Pärjäävät,1815
Äänestys,1815
Markkinointi,1815
Aattelin,1815
Hyödyn,1814
Polttoainetta,1814
Maineen,1813
Ohjelmat,1813
Toteutetaan,1813
Wordpress,1813
Pääasiallinen,1813
Uskallan,1813
Blogspot,1812
Performed,1812
Tarpeisiin,1812
Omansa,1812
Vähäinen,1812
Suurimmalle,1812
Aasian,1812
Koneeseen,1811
Vähemmistön,1811
Tehokkaampaa,1811
Britannia,1811
Sillee,1811
Uutisoida,1810
Katosi,1810
Käsiä,1810
Jenkki,1810
Sanoneet,1809
Painottaa,1809
Julkaistaan,1809
Kirjottaa,1809
Neuvo,1809
Brexit,1809
Sarjoja,1808
Avataan,1808
Sotien,1808
Thanks,1808
Loukkaa,1807
Vaadittu,1807
Paremmassa,1807
Pm,1807
Linjalle,1806
Henkilökohtaisen,1806
Hetero,1806
Pj,1806
Repiä,1805
Suureksi,1805
Hoituu,1805
Ikkunan,1805
Laittavat,1805
Osu,1805
Satunnainen,1805
Terroristeja,1804
Puita,1804
Saunaan,1804
Käsitykseni,1804
Maksoin,1804
Odottamassa,1803
Sujuvasti,1803
Moderators,1802
Nousussa,1802
Siihenkin,1802
Rauha,1802
Lännessä,1802
Tienoilla,1801
Raportin,1801
Toisilleen,1800
Suussa,1800
Selkeitä,1800
Tuloerot,1800
Vakuuttunut,1799
Kanssani,1799
Alentaa,1799
Sanoilla,1799
Vastaavalla,1799
Muistelisin,1799
Iskuja,1798
Hoitavat,1798
Hampaat,1798
Uutisista,1798
Viittaus,1798
Olemasta,1797
Vähempää,1797
Wolt,1797
Hyväkseen,1795
Päätteeksi,1795
Yhteistyö,1795
Laskin,1795
Ha,1795
Merkkiä,1794
Mailla,1794
Pettynyt,1794
Rohkeasti,1794
Uber,1794
Purkamaan,1793
Kielestä,1793
Mustien,1793
Tärkeänä,1792
Täysiä,1792
Lajin,1792
Jäät,1792
Abortti,1792
Hypätä,1791
Lehtiä,1791
Start,1791
Tuliko,1791
Hetkellisesti,1790
Sympatiaa,1790
Softa,1790
Kissat,1790
Iphone,1790
Kuuluvan,1789
Heikkenee,1789
Julki,1789
Opposition,1789
Sisäistä,1788
Number,1788
Tarkempaa,1788
Kommentoija,1788
Tuollaisella,1788
Täyttyy,1787
Iskun,1787
Rupee,1787
List,1787
Aloja,1786
Nopeampaa,1786
Nopeutta,1786
Naisella,1786
Kts,1786
Lukujen,1785
Välin,1784
Kusettaa,1784
Lisäämällä,1784
Sovelluksen,1784
Monenlaisia,1783
Teholla,1783
Samanlaiset,1783
Pohjan,1783
Look,1783
Odotellaan,1783
Pakolliset,1782
Sosialismi,1782
Linkata,1781
Ihmettelee,1781
Kohdallani,1781
Ryhmästä,1781
Img,1781
Kulutukseen,1781
Räjähtää,1780
Tavataan,1780
Malleja,1779
Artikkeliin,1779
Keneltäkään,1779
Ruuhka,1779
Esität,1779
Neekeri,1779
Pistin,1779
Tapahtumassa,1778
Kauppoja,1778
Poliittisessa,1778
Kasvava,1778
Järkyttävää,1778
Bonuksena,1778
Kyennyt,1777
Itkee,1777
Työpaikassa,1776
Työllistää,1776
Päätösten,1776
Ilmankin,1776
Ainoita,1776
Eläkkeellä,1776
Tuottavuuden,1776
Eurosta,1776
Potkia,1775
Vahvan,1775
Products,1775
Väkisinkin,1775
Löyty,1775
Ajateltuna,1774
Hinnoilla,1774
Numeroa,1774
Valvoo,1774
Duuniin,1774
Ratkaisuna,1774
Menisivät,1774
Kristityt,1773
Food,1773
Original,1773
Paljoakaan,1772
Tarkoittavat,1772
Lähteistä,1772
Korkeammat,1772
Sivuston,1772
Byrokratia,1772
Jahas,1772
Kestäisi,1771
Vaihtaminen,1771
Kaleva,1771
Peittää,1770
Sure,1770
Someone,1770
Haloo,1770
Hakkarainen,1769
Reilut,1769
Vedän,1769
Minään,1768
Sotimaan,1768
Pitäisikin,1768
Reitti,1768
Lisäämään,1767
Poliittisista,1767
Hakemuksia,1767
Kari,1767
Yleistää,1766
Yksinkertaisia,1766
Yksityiskohtia,1766
Väittänytkään,1765
Viikkoon,1765
Tuotteesta,1765
Todellisuuteen,1765
Käsillä,1765
Tykkäät,1765
Maamme,1765
Katoa,1764
Kulujen,1764
Kuullutkaan,1763
Linjassa,1763
Hoitanut,1763
Oppilaita,1763
Väsynyt,1763
Rakentamisen,1763
Evidence,1763
Huonona,1763
Diesel,1763
Pakkoruotsi,1763
Ollakin,1762
Kuukaudeksi,1762
Viikoksi,1762
Ehdokkaita,1762
Sunnuntai,1762
Talouskasvu,1762
Otsikosta,1762
Paskaakaan,1761
Rajoitus,1761
Kulkemaan,1760
Taloa,1760
Haaviston,1760
Loputon,1760
Lapsella,1760
Huomasi,1759
Olemassaoloa,1758
Capita,1758
Aikasemmin,1758
Nuorempi,1758
Keneltä,1758
Näyttäis,1758
Hakeutua,1757
Vanhemmista,1757
Todistetusti,1757
Lehmä,1757
Pelaajat,1757
Lapsellista,1757
Liksaa,1756
Rautaa,1756
Fazerin,1756
Elän,1756
Hahmottaa,1755
Myynnistä,1755
Lippuja,1755
Halvan,1755
Meemit,1755
Kirjoitan,1755
Siks,1755
Car,1754
Erillään,1753
Varat,1753
Aloita,1753
Lisään,1753
Tp,1752
Taistelemaan,1751
Ruokia,1751
Tapahtuneen,1751
Opiskelee,1751
Aste,1751
Kassaan,1751
Sulaa,1751
Tehokkaampi,1751
Reikä,1751
Kaapissa,1751
Sähköllä,1751
Radikaali,1751
Todennäköisempää,1751
Jakson,1750
Kapasiteetti,1750
Siin,1750
Varmoja,1749
Actually,1749
Viihde,1749
Ampumaan,1748
Todellisen,1748
Taistelu,1748
Next,1748
Ottamassa,1747
Uskottavuutta,1747
Kohteen,1747
Kokoa,1747
Tekstit,1747
Jalka,1747
Faktojen,1747
Sokea,1747
Ikkunat,1747
Nopeampi,1746
Ymmärrettävästi,1746
Kokonaisuutta,1745
Kiinalainen,1745
Varalle,1744
Ympäristöön,1744
18v,1744
Uskoisi,1744
Att,1744
Alkuperäisestä,1744
Ss,1744
Osaako,1744
Karsia,1743
Järkevältä,1743
Koulutettuja,1743
Valittavat,1743
Subissa,1743
Lähetti,1743
Arjessa,1743
Eräässä,1743
Puuttumaan,1742
Pätkän,1742
Kohtelu,1742
Ministerin,1742
Kirjoituksen,1742
Lot,1741
Kentällä,1741
Tehtaan,1741
Xkcd,1741
Onnistuttu,1740
Vähemmistöjä,1740
Microsoft,1740
3a,1740
Viestini,1739
Englannissa,1739
Perustetta,1738
Rintamalla,1738
Kusi,1738
Ilmiöstä,1737
Tapaukseen,1737
Hävisi,1737
Matematiikkaa,1737
Britanniassa,1737
Andersson,1737
Kiinteä,1737
Etelän,1737
Vertailun,1737
Toimista,1736
Ovea,1736
Maton,1736
Kasvattaminen,1736
Epäreilua,1736
5k,1736
Byrokratian,1736
Laman,1736
Pay,1736
Suur,1736
Säästyy,1735
Kehittämään,1734
Päiväksi,1734
Haukkuu,1734
Tehtävänä,1734
Alaääniä,1734
Pelottavaa,1734
Ajoista,1733
Kaupunkeja,1733
Investointi,1733
Sokeri,1733
Soimaan,1732
Vaivalla,1732
Uutisoidaan,1732
Saavutus,1732
Aatteen,1732
Paperin,1732
Värit,1732
Taloudelliset,1732
Sukupolvet,1731
Potilaita,1731
User,1731
Keskiluokka,1731
Harrasta,1730
Ilmaisu,1730
Liikkuminen,1730
Korkeasti,1730
Rokotukset,1730
Ol3,1729
Odotettavissa,1728
Laillistaa,1727
Tyylistä,1727
Kirjoitat,1726
Incel,1726
Kirjoitit,1726
Tarpeellinen,1725
Suunnitelmia,1725
Palkkaan,1725
Fortum,1725
President,1725
Kiitokset,1725
Korkeita,1724
Luonnosta,1724
Rakastan,1724
Hitaammin,1723
Pelkät,1723
Oppositiossa,1722
Investoinnit,1722
Yhdeksän,1722
Mutu,1722
Aukeaa,1721
Valittiin,1721
Vastassa,1721
Tilaus,1721
Etsitään,1721
Hiljainen,1721
Kannatti,1721
Kolmanneksi,1721
Leviämistä,1720
Oikee,1719
Lehdissä,1719
Kutsu,1719
Parhaansa,1718
Sika,1718
Ruotsalaisten,1718
Tulli,1718
Pahalla,1717
Mainitsee,1717
Hallitukselle,1717
Osansa,1717
Puhuit,1717
Kiinnostuksen,1716
Sohvalla,1716
Merkit,1716
Kouluihin,1716
Järkyttävä,1716
Kertomatta,1715
Laulaa,1715
Väärällä,1715
Toimien,1715
Ongelmallinen,1715
Suunnitelmat,1715
Uskotaan,1715
Flairi,1715
Redditistä,1715
Tekstejä,1714
Prosessia,1714
Taitoa,1714
Kaverilta,1714
Tekemisestä,1713
Esitti,1713
Ihmisoikeus,1713
Muodostunut,1712
Vapaaksi,1712
Million,1712
Massa,1712
Valtavat,1712
Tarkkana,1712
Salli,1711
Pahat,1711
Nimetä,1710
Kokoon,1710
Kylässä,1710
Vastineeksi,1710
Security,1710
Call,1710
Iskeä,1709
Omistuksessa,1709
Facto,1709
Tuotantoon,1709
Annosta,1709
Rakastaa,1709
Ilmiselvää,1709
Ystäväni,1709
Elikkäs,1709
Rakentamista,1708
Toimisto,1708
Työllisyys,1708
Ukrainasta,1708
Nähneet,1707
Itsestäänselvyys,1707
Kyydissä,1707
Monin,1707
Though,1707
Liikunnan,1707
Heitin,1707
Nollaa,1706
Masentunut,1706
Tunarit,1706
Loistavaa,1706
Käytettäisiin,1705
Pienempää,1705
Haki,1705
Suku,1705
Prosentilla,1704
Pysähtyä,1704
Hakeminen,1704
Yllättää,1704
Vastustajat,1704
Rupea,1704
Itsekkään,1704
Seuraavissa,1704
Tuossakin,1704
Jauhaa,1703
Kieltäytyy,1703
Kansainväliset,1703
Olipas,1703
Sävyyn,1702
Uutisoi,1702
Testit,1702
Kyselyn,1702
Johtopäätös,1702
Retoriikkaa,1701
Pysähtyy,1701
Järjestelmät,1701
Ymmärrettävä,1701
Aasiassa,1701
Pyysin,1701
Yleisestä,1700
Vihainen,1700
Pvl,1700
Kuvittelisin,1700
Valitus,1699
Yrittivät,1699
Le,1699
Identiteetin,1698
Perussuomalaisia,1698
God,1698
Kämppää,1697
Rintamalle,1697
Terveydenhuoltoon,1697
Och,1697
Hirveen,1697
Itsestäni,1697
Kansanedustajien,1697
Väitit,1697
Ma,1697
Pakollisia,1696
Vihreän,1696
Nousun,1695
Feature,1695
Ilmoitettu,1695
Lyhyitä,1695
Paikoin,1695
Menestys,1695
Resepti,1695
Vanhemmilta,1694
Jeps,1694
Iran,1694
Ellen,1694
Oecd,1693
Kesk,1693
According,1693
Äänellä,1692
Ehdotti,1692
Vastine,1692
Yrittäjiä,1692
Pankkiin,1692
Jyväskylän,1692
Bro,1692
Tuottanut,1691
Huomioidaan,1691
Raskaana,1691
Suhteellisesti,1691
Ampuma,1691
Liberaalit,1691
Saksalainen,1691
Sepä,1691
Ihmettelisi,1690
Tykätä,1690
Vuodelle,1690
Enough,1690
Epäselvä,1690
Kauempana,1690
Leikkaaminen,1690
Lehtien,1690
Elin,1690
House,1690
Julkaisee,1689
Tutkimuksiin,1689
Mainoksen,1689
Työttömyyden,1689
Löytäminen,1688
Muitten,1688
Yksityistä,1688
Suoria,1688
Hereillä,1687
Päästäkseen,1687
Perinne,1687
Useimmissa,1687
Päätään,1686
Pariksi,1686
Elämäsi,1686
Nykymaailmassa,1686
Perustua,1685
Arkipäivää,1685
Infran,1685
Pirkka,1685
Asemasta,1684
Kykenevät,1684
Kipua,1684
Meemejä,1684
Oloissa,1683
Kaupaksi,1683
Kauemmas,1683
Yhteyksiä,1683
Aktiivista,1683
Vasen,1683
Maksumuuri,1683
Turvata,1682
Lasit,1682
Hyppää,1682
Ilmiselvästi,1682
Työttömän,1682
Liittyvistä,1681
Erityisemmin,1681
Epäillään,1681
Demokraattisesti,1681
Putinia,1681
Kesäisin,1681
Nykyisillä,1681
Kantamaan,1680
Kuunnellut,1680
Yrityksistä,1680
Kriittistä,1680
Verotulot,1680
Seppo,1680
Sovellu,1679
Sisällään,1679
Rajata,1679
Velvoittaa,1679
Ajatuksesta,1679
Luovat,1679
Kompromisseja,1679
Perustettu,1679
Sormien,1678
Laitoksen,1678
Moottori,1678
Tuhannet,1678
Supo,1678
Hyökkäystä,1677
Päästetään,1677
Länsimaista,1677
Öisin,1677
Hitlerin,1677
Pääsemään,1676
Olon,1676
Vantaa,1676
Nothing,1675
Terrorismi,1675
Olevassa,1674
Ytimessä,1674
Uskonnosta,1674
Estänyt,1673
Kko,1673
Saamelaiset,1673
Nsfw,1673
Ikäisiä,1672
Toimintansa,1672
Puolueelle,1672
Jaksat,1672
Taktiikka,1672
Epidemian,1672
Rahoitetaan,1671
Among,1671
Vitutus,1671
Tori,1671
Opetettiin,1670
Valmistunut,1670
Viiniä,1670
Harvoja,1670
Elämääni,1669
Haukutaan,1669
Mustavalkoinen,1669
Text,1669
Ulkonäkö,1669
Pohdin,1669
Kuvittelin,1669
Terveyttä,1668
Ehdokkaat,1668
Asetetaan,1668
Proteiinia,1668
Erityinen,1668
Esi,1667
Jätät,1667
Koronavirus,1667
Tohtori,1667
Least,1666
Päätökseen,1666
Rikosilmoituksen,1666
Hekin,1666
Myyjät,1666
Työskennellä,1665
Siirretty,1665
Liiketoimintaa,1665
Hankittu,1665
Huomataan,1665
Osasto,1665
Kilo,1665
Mallilla,1664
Tuntevat,1664
Suuremmalla,1664
Ratkaistu,1663
Löysi,1663
Ihonväri,1663
Stressi,1663
Rikkomisesta,1662
Ehtoja,1662
Päätöksistä,1662
Häirintää,1662
Kalaa,1662
Paikallisesti,1662
Osallistu,1662
Kohdistuva,1661
2kk,1661
Piilottaa,1661
Riittävää,1661
Avaimet,1661
Konkreettinen,1661
Risk,1661
Nojoo,1661
Saatte,1661
Antaminen,1660
Julkaisi,1660
Means,1660
Kaatui,1660
Lihasta,1660
Linkit,1660
Eläkkeiden,1660
Todelliset,1660
Control,1660
Persuilla,1660
Saralla,1659
Haittaisi,1659
Vapaaehtoista,1659
Lisääntyminen,1659
Älykäs,1659
Wc,1659
Törkeästä,1658
Cool,1658
Lgbt,1658
Aamusta,1657
Intressejä,1656
Naamalla,1656
Kahvit,1656
Valmistumisen,1656
Modeille,1655
Menestystä,1655
Estetään,1655
Päättäjien,1655
Harvat,1655
Luonut,1654
Ihmisinä,1654
Uutisointia,1654
Meteliä,1654
Asiakasta,1654
Päätöksestä,1654
Lähitulevaisuudessa,1654
Istu,1654
Kokonainen,1654
Pienikin,1654
Lauseessa,1653
Neljäs,1653
Sisältävät,1652
Polven,1652
Tuotettu,1652
Tilauksen,1652
Sanomien,1652
Fake,1652
Tuulettimeen,1651
Varustettu,1651
Lähtöisin,1651
Hankinta,1651
Ehdokkaan,1651
Kuumaa,1651
Päätettiin,1651
Three,1651
Sähköautot,1651
However,1651
Ärsuomessa,1651
Toimineet,1650
Lankaan,1650
Miehestä,1650
Isosti,1650
Doesn,1650
Janne,1649
Vieläkö,1649
Ehdottanut,1648
Aiheellista,1648
Palkataan,1648
Voitais,1648
Onnistuneesti,1647
Kirje,1647
Io,1647
Upea,1647
Vaihtanut,1646
Tulisivat,1646
Erilaisiin,1646
Eliitin,1646
Vasemmistolaiset,1646
Säästä,1646
Pelossa,1645
Sektorilla,1645
Varallisuuden,1645
Hienon,1645
Jäbä,1645
Sopimusten,1644
Oppiminen,1644
Intia,1644
Etsin,1644
Kumpuaa,1643
Myi,1643
Toimenpiteet,1643
Kurssilla,1643
Page,1643
Nhl,1643
Format,1642
Hätä,1642
Koronasta,1642
Artikla,1642
Omaavat,1641
Käyttäytymistä,1641
Pakon,1641
Tarinat,1641
Asioilla,1641
Soininvaara,1641
Ketjua,1640
Äärettömän,1640
Tällaisella,1640
Järjestetty,1639
Julkaistiin,1639
Tekijänä,1639
Vaikuttava,1639
Jalan,1639
Pyörää,1639
Pykälä,1639
Maidon,1639
Korrelaatio,1639
Rankasti,1638
Käytetyn,1638
Tekemät,1637
Tultu,1637
Isoon,1637
Demokraattinen,1637
Vihreillä,1637
Valittamaan,1636
Kohtelua,1636
Korkeamman,1636
Sairaalan,1636
Political,1636
Yliopistot,1636
Taloussanomat,1635
Matkat,1635
Sosiaalisten,1635
Laura,1635
Täys,1635
Bill,1635
Hups,1635
Osallistumaan,1634
Antaneet,1634
Apuun,1634
Väärät,1634
Kävely,1634
Nimim,1634
Matkoja,1633
Paranna,1633
Pyörivät,1633
Terrorismia,1633
Varmana,1633
Minähän,1633
Riippuvaisia,1632
Valheita,1632
Paketit,1632
Ihmeellinen,1632
Katos,1632
Liikkeitä,1631
Googlella,1631
Olot,1630
Oikeiden,1630
Todennäköisimmin,1630
Tiedoksi,1630
Yrityksessä,1629
Feminismiä,1629
Pussi,1629
Samojen,1629
Eipäs,1629
Tahojen,1628
Muistanut,1628
Syynsä,1628
Muodostavat,1628
Tulkintaa,1628
Hölmö,1628
Laittaisin,1628
Mainitsematta,1627
Vanhempaa,1627
Toteutus,1627
Pikaisesti,1627
Tilastokeskuksen,1627
Työskentelee,1626
Jakavat,1626
Tiloja,1626
Kellekään,1626
Fortumin,1626
Koskemaan,1625
Ehdolla,1625
Mittarilla,1624
Rakentamiseen,1624
Parista,1624
Esimerkit,1624
Oppositio,1624
Elon,1624
Tietävän,1623
Puhtaan,1623
Germany,1623
Porukkaan,1622
Liikenteeseen,1622
Laskeminen,1622
Konflikti,1622
Kulttuurit,1622
Kadun,1622
Tiettyihin,1621
Oppilaan,1621
Large,1621
Loppunut,1620
Sontaa,1620
Äänestämättä,1620
Climate,1620
Reittiä,1619
Jpeg,1619
Ammattilaiset,1619
Elleivät,1619
Keinoa,1618
Called,1618
Katsoen,1618
Vietiin,1618
Henkilökuntaa,1618
Mietit,1618
Kummallinen,1618
Maille,1617
Taloudelle,1617
Mahdollisista,1617
Syyllisiä,1617
Fani,1616
Otsikoita,1616
Tekniikkaa,1616
Postauksessa,1616
Suorittamaan,1614
Hyödy,1614
Tyylillä,1614
Kauanko,1614
Pelon,1613
Kalliit,1613
Kalja,1613
Kommunisti,1612
Otit,1612
5h,1611
Näkyviin,1611
Hintoihin,1611
Nykyisiä,1611
Vapaaehtoinen,1611
Tiliä,1610
Muistakin,1610
Valmistajan,1610
Vuokranantaja,1610
Oiva,1610
Ymmärrätkö,1610
Espanjan,1610
Es,1610
Informaatiota,1609
Journalismia,1609
Kannanotto,1609
Kellon,1609
Paljastui,1609
Selvityksen,1609
Useissa,1609
Loukata,1608
Hävinnyt,1608
Kiistä,1608
Tulkinnan,1608
Silläkin,1608
Anyway,1608
Kääntyä,1607
Totaalisesti,1607
Rinnalle,1607
Sairauden,1607
Valoja,1607
Sormet,1607
Pelasin,1607
Leimata,1606
Ostamatta,1606
Kurssia,1606
Kaistaa,1606
Ainuttakaan,1606
Vessaan,1606
Tiivistää,1606
Rikkaille,1606
Tällaisista,1605
Heitetty,1604
Tasapuolisesti,1604
Asioille,1604
Kaloreita,1604
Negatiiviset,1604
Hallituksella,1604
Kärsinyt,1603
Kollektiivisesti,1603
Luonne,1603
Vähissä,1603
Hiljaista,1603
Puretaan,1603
Baareissa,1603
Vaikee,1603
Kapasiteettia,1602
Yllätti,1602
Joulukuussa,1602
Press,1602
Vitsit,1602
Myrkkyä,1601
Erilaisista,1601
Kauppias,1601
Hakija,1600
Meikäläisen,1600
Economic,1600
Mutulla,1600
Itseltään,1599
Merkityksessä,1599
Puheenvuoro,1599
Passin,1599
Kuljettaja,1599
Puhelimet,1599
Seis,1599
Rock,1599
Kustannusten,1598
Valmistus,1598
Ärsyttävä,1598
Suurinosa,1598
Syötyä,1597
Ulospäin,1597
Lyhyempi,1597
Days,1597
Kevät,1597
Jääny,1596
Munaa,1596
Tappiot,1596
Perustuslakia,1596
Give,1596
Vallankumous,1596
Yrittäjien,1596
Mobile,1596
Ylläpitoon,1595
Työkalut,1595
Join,1595
Huoh,1595
Erinomaisesti,1594
Viinan,1594
Ensimmäiseksi,1594
Puutteen,1593
Een,1593
Muistoja,1593
Tekninen,1593
Intiassa,1593
Fbi,1593
Toisinsanoen,1593
Pidempää,1592
Lääketieteen,1592
Turkuun,1592
Parhaassa,1592
Lainaan,1592
Nähä,1591
Edustajien,1591
Ilmoitetaan,1591
Pullon,1591
Perusteilla,1590
Ansainnut,1590
Suosituksia,1590
General,1590
Tehdyn,1589
Liitot,1589
Kommunistit,1589
Oloinen,1588
Budjettia,1588
Pienelle,1588
Isoista,1588
Täti,1588
Lähetä,1588
Ankka,1588
Dark,1588
Tiennytkään,1587
Pohjoisessa,1587
Iii,1587
Tupakointi,1587
Pistän,1587
Harjoitella,1586
Tietoisia,1586
Asukkaita,1586
Sekasin,1586
Firmalla,1586
Sanoista,1585
Materiaalin,1585
Valmistaja,1585
Mahdollisesta,1584
Vastaavasta,1584
Selkä,1584
Tartunnat,1584
Syntyvyyden,1584
Unohdit,1584
Rajoissa,1583
Kuluttajien,1583
Pahimpia,1583
Words,1583
Systemaattisesti,1582
Käytöksen,1582
Herkkua,1582
Stalinin,1582
Itku,1582
Fasismi,1582
Det,1582
Reuters,1582
Tippaakaan,1581
Iho,1581
Ideologinen,1581
Nä,1581
Taka,1581
Kumpaa,1581
Kaikella,1581
Muuhunkin,1580
Maksaneet,1580
Ikäluokat,1580
Kivalta,1580
Työnteko,1580
Karjala,1580
Käyttäneet,1579
Voittaja,1579
Suomalaisena,1579
Haettua,1578
Kumota,1578
Havaittavissa,1578
Ano,1578
Etninen,1578
Vartija,1578
Osallistunut,1577
Seen,1577
Semmoset,1577
Jumiin,1576
Kunnassa,1576
Kommentissani,1576
Seurataan,1576
Han,1576
Vituttamaan,1575
Leimataan,1575
Valmistettu,1575
Konsensus,1575
Väkiluku,1575
Sodat,1575
Välityksellä,1574
Mainintaa,1574
Edellisestä,1574
Metro,1574
Menkää,1574
Toimijoita,1573
Joustaa,1573
Odottanut,1573
Pinnan,1573
Tutkitusti,1573
Liittovaltion,1573
Helsinkiä,1573
Raamattua,1573
Tapella,1572
Korvauksen,1572
Odotukset,1572
Yleisö,1572
Käsittämätön,1572
Vittumainen,1572
Syytetty,1572
Kätevää,1572
Kiitollinen,1571
Tuijottaa,1571
Rodun,1571
Tiukat,1571
Mamu,1571
Vassarit,1571
Hienot,1571
Kosketa,1570
Sängyssä,1570
Teistä,1570
Tietynlainen,1570
Tämmöisiä,1570
Seura,1570
Soittamaan,1569
Synnyttää,1569
Puutu,1569
Postauksia,1569
Julkisuutta,1569
Raiskauksista,1569
Tarjosi,1569
Kuskit,1569
Kusetusta,1569
Sakon,1569
Havaita,1568
Päässy,1568
Keräämään,1568
Panna,1568
Iltaa,1568
Silmä,1568
Espanjassa,1568
Maagisesti,1567
Koittanut,1567
Tavaroita,1567
Potentiaalia,1567
Julkisuuden,1567
Elokuvat,1567
Opiskelen,1567
Sääliksi,1567
Vakuuttaa,1566
Lämpimästi,1566
Tarkottaa,1566
Lähetetty,1566
Lomalla,1566
Työmatka,1566
Laillistaminen,1566
Tekevä,1565
Term,1565
Kustannuksista,1565
Päädytään,1565
Arvioitu,1565
Eurooppalaisten,1565
Ilo,1565
Eurooppalainen,1565
Ms,1565
Ohjataan,1564
Yhdentekevää,1564
Polttaminen,1564
Kouvola,1564
Kannattais,1564
Ymmärretä,1563
Vankeuteen,1563
Suhtaudutaan,1563
Pisteen,1563
Taloudellisia,1563
Arkea,1563
Aiheet,1563
Ravintoloissa,1563
Kelpaisi,1563
Taloustieteen,1563
Estäisi,1562
Rehellisiä,1562
Turvallisuudesta,1562
Perusteluita,1562
Raskaaksi,1562
Äidinkielen,1562
Pääoma,1562
Sossun,1561
Kännykällä,1561
Society,1561
Model,1561
Päihde,1560
Lääkäreiden,1560
Amerikka,1560
Pyrkinyt,1559
Huoletta,1559
Luokkaan,1559
Verkkoon,1559
Huomattu,1559
Ajaessa,1559
Merkin,1559
Sellaiselle,1559
Kuvissa,1559
30min,1558
Lukkoon,1558
Osoitti,1558
Osastolla,1558
Litra,1558
Riisiä,1558
Perusteena,1558
Ylempi,1558
Demokraatit,1558
Heittämään,1557
Lausuntoja,1557
Vahvempi,1557
Älyllisesti,1557
Suhteellinen,1557
Tietyillä,1557
Vedin,1557
Cis,1556
Myynyt,1555
Sulkeminen,1555
Sanktioita,1555
Yhteydet,1555
Modernin,1555
Tax,1555
Ajokortti,1555
Varoitus,1555
Pahoin,1555
Air,1555
Kämppään,1554
Tekojen,1554
Tutkijoiden,1554
Siirtymään,1553
Lopettanut,1553
Laajaa,1553
Suurimmista,1553
Hyväksyntää,1553
Kulu,1553
Kassalle,1553
Turhat,1553
Persuille,1553
Kuuntelin,1553
Hankalampaa,1552
Miljoonalla,1552
Alasti,1552
Suun,1552
Työelämän,1552
Lääkettä,1551
Hyvälle,1551
Liittyminen,1551
Ravintolan,1551
Rauhallinen,1551
Kotimaisen,1551
Maskin,1551
Ahvenanmaa,1551
Tutkinut,1550
Vakavissaan,1550
Tunnet,1550
Duunari,1550
Postissa,1550
Tarpeet,1549
Kohtalo,1549
Koon,1549
Kirjoittaminen,1549
Omistajien,1548
Omani,1548
Onkos,1548
Käräjäoikeus,1548
Elämästään,1547
Puolueena,1547
Maksettiin,1547
Haitallinen,1547
Totean,1547
Palkoista,1546
Kyseisiä,1546
Sähköstä,1546
Kapitalismia,1546
Työtään,1545
Nostaisi,1545
Kesää,1545
Selvinpäin,1545
Syyriassa,1545
Paskin,1545
Omituista,1545
Identiteettiä,1544
Motivoi,1544
Few,1544
Tavallisten,1544
Sinunkin,1544
Laadukas,1544
Taidetaan,1544
Välttyä,1543
Koskeva,1543
Veroprosentti,1543
Intian,1543
Onnittelut,1543
Asetettu,1542
Tuomittiin,1542
Henkilökohtaisia,1542
Naiivi,1542
Rakennuksen,1542
Elisan,1542
Yönä,1541
Tutkintoa,1541
Osallistuminen,1541
Vapaalla,1541
Ahdistus,1541
Todista,1541
Space,1541
Rataa,1540
Sukupuuttoon,1540
Luvattu,1540
Absoluuttisesti,1540
Hanke,1540
Diagnoosi,1540
Äänestämällä,1540
Kännykkä,1540
Syntymään,1539
Teoista,1539
Syyttäjän,1539
Emmä,1539
Tiedetty,1538
Sekunnissa,1538
Rangaistaan,1538
Hullua,1538
Tulkitsee,1537
Tuista,1537
Retoriikka,1537
Ajamista,1536
Silmiä,1536
Poliisiin,1536
Tuomari,1536
Mr,1536
Myöntämään,1534
Tottuu,1534
Selventää,1534
Luvat,1534
Siviilien,1534
Aloitteen,1534
Tuottaminen,1533
Hankalaksi,1533
Harmaa,1533
Kasvaisi,1532
Yhtiöiden,1532
Harhaanjohtavaa,1532
Törkeää,1532
Pyydän,1532
Kiertämään,1531
Henkilöistä,1531
Itsestäsi,1531
Huonompaan,1531
Järjestelmästä,1531
Tabu,1530
Suurena,1530
Köyhän,1530
Sak,1530
Nimimerkki,1530
Ajava,1529
Osoitettu,1529
Eroavat,1529
Suotavaa,1529
Asennetta,1529
Ampui,1529
Iranin,1529
Uni,1529
Huutamaan,1528
Kokemusten,1528
Sokeasti,1528
Uhkana,1528
Hesarissa,1528
Hyväksynyt,1527
Pistänyt,1527
Sairauksia,1527
Osoitteen,1527
Geenit,1527
Store,1527
Lehdistö,1527
Extra,1527
Menikö,1527
Kummempia,1526
Todeksi,1526
Lähestymistapa,1526
Seksuaalisesta,1526
Lähdössä,1525
Käskee,1525
Kympillä,1525
Jotku,1525
Itseltä,1525
Pitävän,1524
Ostokset,1524
Näennäisesti,1524
Ilmasta,1524
Peterson,1524
Premium,1524
Seurauksista,1523
Vanhentunut,1523
Baari,1523
Jättämään,1522
Ikänsä,1522
Pohdintaa,1522
Lähtis,1522
Mediasta,1522
Sakkoa,1522
Nimitys,1522
Vuokraan,1522
Googlesta,1522
Työllistyä,1521
Maksettaisiin,1521
Lukiosta,1521
Amazonin,1521
Luoja,1521
Tahdilla,1520
Määrätty,1520
Talvena,1520
Mean,1520
Ilmastonmuutokseen,1520
