Kaviaarikippo,1
Itsensäparannusoppaat,1
Tikinstatokbook,1
Tlsomfdx,1
Lojaliteettejaan,1
Kostantinin,1
Kotimaansakaan,1
Onlinedramatisointia,1
Ihmisempien,1
Testilaukaisu,1
Perehdytysmatskuun,1
Ydinvoimille,1
Xypwdt,1
Camilla_nissinen_pudotti_kirjeen_postilaatikkoon,1
Päähänpistosten,1
Työntekijältäkään,1
Vallitsikin,1
Itsevaltaisempaan,1
Pälinää,1
Chaplinilta,1
Viiksityylinkin,1
Läpimurtojuttuja,1
Sateenliittikuvia,1
Epävakaisimpana,1
Harjoitusrajalla,1
Konstantinin,1
Muumituotanto,1
Muumituotannot,1
Raffimpeja,1
Hybridisovelluksia,1
Hybridisovellus,1
Opetteluavulle,1
Charjenpro,1
Annakäyttää,1
Backspaciä,1
C967d4cf2aceaa72212c131e731120b9,1
Demarikonkari,1
Sähköisitä,1
Työaikajuttua,1
Vuokratyövoimaporukka,1
Ohjusmieheen,1
Keskustelutyylistään,1
Pronomilakikohua,1
Muokkavaa,1
Pronomilain,1
Videosuosituksiin,1
Kiinnostuneemmalta,1
Oikeustoretoriikkaan,1
Rasistifasistinatsistista,1
Haitallisenä,1
Erikoishuomioita,1
原作,1
Lipson,1
Rahoittajayritykset,1
Superkaupallistaa,1
Areenahässäkällä,1
Hosuvien,1
Erityissääntöihin,1
Kommunistitaiteella,1
Johtaaksesi,1
Eksogeenisten,1
Perusjoukolla,1
Ämpyröinti,1
Pätevyyskorteista,1
Luontokappaleissa,1
Pnormi,1
Jenkkipuppua,1
Ooooooooooooon,1
Tehohirmua,1
Potkulautaonnettomuuden,1
Ruokavaliojuttu,1
Uutisraporttipodcastissa,1
Oikeisemisesta,1
Sääntökirjaansa,1
Jalkahieltä,1
Aivobiologiaan,1
Työmarkkinataistelua,1
Urputtamalla,1
Induced_coma,1
Feikkihymyllä,1
Paasaajiaa,1
Denatururoitua,1
Katkarapufarmit,1
Urakoitisjat,1
Setäselittämiseksi,1
Viimeestään,1
Aminilta,1
Ivuodeksi,1
Kutsunnoistu,1
Paasanneena,1
Tiedustelurykmentti,1
Ihmiskääntäjinä,1
Mel_,1
The_story_of_mel,1
Välittyen,1
Fanittajatyypin,1
Incelihtävistä,1
Magahtavista,1
Perustahvoista,1
Oikeustaistelijaksi,1
Kansalaisoikeudestansa,1
Tarvitseeeeeeeeeeeeeeeeeeen,1
Sukupuolinäkökulmat,1
Karttamiset,1
Mukailtiin,1
Silovakeja,1
Setelisenkärankaisia,1
Oligarkkibisneksistään,1
Kyykytettävän,1
Massajoukon,1
Vähittäisvarusteilla,1
Tietokonelaukku,1
Skylance,1
Sklblk,1
Covrt18,1
32l,1
Tietokonelokero,1
Käyttämäniä,1
Laukkuvalmistajia,1
Lakisekoilua,1
Lukioikäisyyttä,1
Täytenee,1
Kelattuja,1
Kotirantaan,1
Talouspelissä,1
Valmistelujaan,1
Konekäännöksissä,1
Hinttiystävällisiä,1
Hätäapukeräykseen,1
Keräyskuluiksi,1
Varainhankintahenkilöstön,1
Keräyksittäin,1
Keräyskuluissa,1
Kuluprosentin,1
Yhteisrahoittama,1
Karistaneen,1
5kqhqr5efddgfrx3eyeb,1
Xwxr0x,1
Irmam2p,1
Käymättön,1
Nenälävistetty,1
Takkuperse,1
Ilmatotiedemiehiä,1
Ilmastontutkimuslaitosta,1
Paloaltoonline,1
Climate_crisis_advisory_group,1
Schellnhuber,1
Hans_joachim_schellnhuber,1
Rockström,1
Johan_rockstr,1
Biosciencessä,1
Biz088_supplemental_file_s1_4,1
Thebeammagazine,1
746b5fcc2a2d,1
Vastaväitteeleni,1
Xz4dd9,1
Irlvv0o,1
Xyn3w4,1
Iriwf60,1
Xx3uk9,1
Irad41k,1
Sexpats,1
Thailandtourism,1
Wqqd0j,1
Iqopyqh,1
Xzjuxp,1
Irnv8oi,1
Ravintolapaikan,1
Tarrapaikat,1
Rullautuivat,1
Sateenkaarikerho,1
Naisvallalle,1
Jauhojengeille,1
Reserviläismäärän,1
Ensisijaistakin,1
Ääripäisyydelle,1
Mohitoa,1
Oluttuoppeihinsa,1
Lukioikäisyydestä,1
Läpikulkumaksuista,1
Inventaariosysteeminsä,1
Sukuuoli,1
Valtionmuodoltaan,1
Pyörätuoliratsuväki,1
Näsineulaa,1
Postiluukkujanne,1
Enmukavoiollaväärässä,1
Meppipaneeli,1
Tutkintavankeuslakeihin,1
Avaimenhaltijalta,1
Räkimisenä,1
Ennenakematon,1
T15p,1
Pukuhommiin,1
Npofa4c,1
Voimatasomittaus,1
Haistattamisena,1
Cadikuvia,1
Sähkökuviin,1
Potilastietohistoriaa,1
Kutsunnanvälttelyn,1
Kutsuntalappujen,1
Teinipoikafaninsa,1
Neronleimauksina,1
Kriteekkijäkin,1
Suurosaksi,1
Kammottavampana,1
Hiccikin,1
Kooper,1
Järjästää,1
Eventhub,1
Murhanenkeliltä,1
Kotiteollisuudesta,1
Ohjushuoneessa,1
Mehiläistarhaajista,1
Harrastetarhaajia,1
Tarhureita,1
Poistiluukun,1
Toteumiseksi,1
Yksilöimisestä,1
Willy_fog_2,1
Ymäpäristöhaitat,1
Raiskaustuomiotasi,1
Pagestä,1
Saakovat,1
Pystyväktö,1
Lääkeresepteihin,1
Äijänretale,1
Helmikaulakoruunsa,1
Huutisten,1
Pienempäänpäin,1
B6ljykauppias,1
Myyttitutkimus,1
Ylu,1
Lehahtavia,1
58a57379,1
Ce90,1
70926274dce7,1
Kouluhieronnat,1
Proset,1
Palveukseen,1
Yksilöpohjalta,1
Osoiteselvitykseen,1
Pérusjätkä,1
Lähtiesä,1
Konserttiareena,1
Syorituskyky,1
Naisyksiköitä,1
Epäsiistiin,1
Vartijoillakaan,1
Kallistuminenkaan,1
Antautumistasi,1
Joissais,1
Mielipideasioilla,1
Soittolistoilleen,1
Christofasismiin,1
Akastasian,1
Himiksi,1
Lobannutta,1
Seteliselkärankaisuus,1
Suorittavathan,1
Tuottavuudestahan,1
Julkinenpuoli,1
Asebelvollisuuden,1
Novichockit,1
Myyjäl,1
Törröllään,1
Kaasuputkikonsulttina,1
Kaasuputkihistoria,1
Asiakaskeskeistä,1
Ampumataidoistaan,1
Käärmeöljykauppiaasta,1
Ahoahan,1
Idealstisia,1
Puolustussotimista,1
Johtamistavoilla,1
Paskarumba,1
_laajasta_,1
Turvallisuustarkastuksesta,1
Valtionvirkaan,1
Pomputtavat,1
Lääkeaineriippuvuus,1
Väsyttivät,1
Naispoliisiksi,1
Someyhteisöjen,1
Ysteerisiä,1
Mielipidehuuhaata,1
Jutunskippausindikaattoria,1
Lentomatkustaessa,1
Pyramidihuijarien,1
_erilaista_,1
Sukupuolierot_ihmisellä,1
Sukupuolierot_ihmisell,1
Respiratory_system,1
Ruutaat,1
Listanraon,1
Kyllästetyllä,1
Orgioimaan,1
Ötökkäinhoa,1
Puunpalasia,1
Keinokuitumatto,1
Sunnuntaipizza,1
Vakiopizzan,1
Oikeistoöyhötykseen,1
Akuuteimmilta,1
Epämuodikkaat,1
Elinaikaodotuksetkin,1
Liittoisiin,1
_mitähän,1
Ajattelee_,1
Seuraa_,1
Energiakärjestelmä,1
Etsittykin,1
Sotiessasi,1
Puolustussotimisella,1
Selviytymismahdollisuuksiasi,1
Puntaroimiselle,1
Kantajärjestelmää,1
Hetunvaihtopäivämäärän,1
Hetunvaihtopaperia,1
Transoletettuna,1
Sorrellella,1
Hyvinvuoksi,1
Akademiasta,1
Väittteeseen,1
Identifioinnillaan,1
Ellenistä,1
Elleninä,1
Misgenderaan,1
Logiikanloikkia,1
Progressiivisissä,1
Työsäkäyntiin,1
Pistiäisiksi,1
Villsvaatteita,1
Junttiaaenteesta,1
Tynnyristäsi,1
Vetäytyviksi,1
Sukupuolineutraaki,1
Psstt,1
Vastuunvälttelijöiden,1
Opiskelupaikkakunnasta,1
Evankelislutherilaisessa,1
Edustuskuvasta,1
Pelastamattomaksi,1
Puolustustahtoakaan,1
Foosiilisesta,1
Äljylautalla,1
Videoperehdytyksistä,1
Huoltojoukotkin,1
Muutenkib,1
Persepalvelu,1
Luokkaryhmä,1
Hallitusjäsenyyksiin,1
Apurahavaatimukset,1
Apurahatietokanta,1
Totunutkaan,1
Kehittänut,1
Poadcastissa,1
Psykedeleitä,1
Totuudenmuotoja,1
Kiihkouskovsisuudelta,1
Postfasistinen,1
Sästöön,1
Suhteellisuudentajuta,1
H3o00uo,1
Voizko,1
Jukrainit,1
Oikjeasti,1
Peruskouluuun,1
Pakkosukupuolittamisesta,1
Itsetuhoutuminen,1
Petersoniinkin,1
Hallitusjäsenyyksissä,1
Asiaksensa,1
Alenus,1
Yhtkunnan,1
Tsukemen,1
Dipattais,1
Sosiologisti,1
Christofasisti,1
Luurankonazi,1
Validismista,1
Mekaanikkopuolen,1
9fee1906,1
Ilmastomyrkkyä,1
Lukioossa,1
Hierarkist,1
Luononhierarkiaan,1
Perusasetelman,1
Essonbaarilainen,1
Sukupuoliabolitionistista,1
Nuoristolaisten,1
Nauruemoji,1
Käyntiluvut,1
Helvetinsikiöt,1
Oirettani,1
Nopeatoimista,1
Samoinkun,1
Venyttäytyvät,1
Exoskelotonista,1
Vuodatukseeni,1
Alkoholiyliannostuksen,1
Viinakokeiluista,1
Kokonaisstrategiasta,1
Pulihenkilöistä,1
Vedenpintajännityksen,1
Twiittiäkään,1
Neuvostoliitonaikana,1
Parannetustakin,1
Pieniämääriä,1
Mieleisiäsiä,1
Validoijat,1
Varusmiespalelus,1
Houltoon,1
Oudollta,1
Poiikkeavat,1
Pinaattikeittoramen,1
Toimeentulotukilaskemalla,1
Toimeentulotuesssa,1
Asuinkeskittymien,1
Ykislö,1
Kollektivinen,1
Riskimmässä,1
Sukupuolikompensointia,1
Subunistiä,1
Konsulttifirmalleen,1
Kaasuhankkeiden,1
Muutettuihin,1
Siirtoasukas,1
Thesaurusta,1
Fyysiseltärasitukselta,1
Hakumatata,1
Köyttökelvoton,1
Tukkujakelun,1
Supernaziksi,1
Jäähdytetyt,1
Natomaanakin,1
Miessegmenteissä,1
Lihansyöjänhän,1
Kahvikupposellakin,1
Auottaisiin,1
Ylisuijelevat,1
Liukavan,1
Sosiaalipsykologina,1
Reitirintintin,1
Koulukavereillani,1
Anorektikkojen,1
Prospektiivisiin,1
Varautumallakaan,1
Sukupuolikompensoinnista,1
Riskeimmät,1
Sukupuolikompensoituun,1
Movetesti,1
Truely,1
Orjakaleereilla,1
Kaupungistumistahan,1
Poimimis,1
Tähystämättömät,1
Panssarivarikolla,1
Kansanmuistissa,1
Päihdesuuntautuneita,1
Vauvanitkua,1
Sääästelen,1
Epäystävällisimmät,1
Tuomiakin,1
Ihmettään,1
Murteellani,1
Pikkupaikkakunnassani,1
Potkulautafirmoilla,1
Kännissäajelut,1
Pöristelyt,1
Rippuvuutta,1
Aamumaitokin,1
Ylisyöntiin,1
Sivariudestani,1
Raiskaajamiesten,1
Öyhötystarve,1
Väärentämättömmässä,1
Lohjoketjussa,1
Avainpöydältä,1
Nuudelityyppi,1
Keittomaista,1
Nuudelina,1
Misosta,1
Alkoholikuolemalle,1
Intiinmeniöistä,1
Possunpalaan,1
Hernekeitossahan,1
Matkustustyöhön,1
Terminaalisyöpäinen,1
Naisvoimistelijoiden,1
Pohjoisjaoston,1
Yhteiskomppanian,1
Toimitushenkilö,1
Pdmpbdgpvrkfdyju6ixewq,1
Cooppertilos,1
Pikkukaupunkilainen,1
Puoljumalainen,1
Rahapalkinnollisia,1
Rehellisyyteensä,1
Nqd02qnokbkcaowrce3d8q,1
Riemullisuuden,1
Viininviljelijöiden,1
Billards,1
Francisque,1
Poulot,1
Tertre,1
Montmartrelle,1
Kylätunnelmalla,1
Pissarro,1
Sisley,1
Lautrec,1
Renoir,1
Zola,1
Valadon,1
Saulesin,1
Aristide,1
Bruantia,1
Tanguy,1
Clauzelilta,1
Lepic,1
Théon,1
Guinguette,1
Pastoraalista,1
Kaksoistandardiasi,1
Tiketitokkiin,1
Remminpuutostilaa,1
Muokattavuudenkin,1
Mainosyrityksille,1
Sukupuolenani,1
Subunistejä,1
Itsarihuume,1
Itsarifoorumilla,1
Gaussataan,1
Hiljattaij,1
Playmysong,1
Varastamimen,1
Serotoniinisi,1
Urheilupuistolla,1
Valetappeluissa,1
Valeruumiiden,1
Panikoitui,1
Valeruumiit,1
Jormallahan,1
Fiinniis,1
Kiljujämät,1
Sieppausväitteitä,1
Huijausvideon,1
Valesieppauksista,1
Venäjäntrolli,1
Kätkeytyvää,1
Uutisotsikkointellektuellina,1
Naureskellessasi,1
Tähtäysasennossa,1
Kovakuntoisten,1
Somesoturin,1
Koulutuspohjaero,1
Erillisosia,1
Ohjelmistoteus,1
Sèl,1
Janm,1
Voimistusleiri,1
Hermotuttaa,1
Vapaamielistyminen,1
Peitetoimena,1
Maastalähteneiden,1
Capsense,1
Transphobian,1
Rakentinheitin,1
Globalnav,1
Kolilkoiksi,1
Epärehelleninen,1
Grundrissea,1
Manuskripteja,1
Endnotes,1
Boomerisedän,1
Vinkeistään,1
Natustelivat,1
Ruskoturkiskuoriaisia,1
Kaltaisessaan,1
1e23568fecb04ebc8398589174878066,1
Toukkasykli,1
Capsensestä,1
Infotaimentti,1
Loispistiäiselläkin,1
Uudelleenherättäminen,1
Apuhanat,1
Artiklakin,1
Pahviloodista,1
Muovikupoista,1
Ilmanjako,1
Syövereissäkin,1
My23,1
Ovipaneelissa,1
Elämyksiähön,1
Kidutusmentelmältä,1
Työhaasteluun,1
Nikkarointitilaa,1
Kevääksk,1
Vuokratakuudet,1
Pyykijät,1
Räjähdeasiantuntija,1
Parempilaatuisemmasta,1
Palosoihdut,1
Munekko,1
Joakin,1
Tiedotusprojektia,1
Puolustusasiantuntija,1
Janzonin,1
Poistyöntämisestä,1
Informaatiomäärään,1
Kuukausimaksamisesta,1
Tori_sta,1
Tise_stä,1
Kirjoitusvirheist,1
_lähtökohtaisesti,1
Riidelään,1
Ciskender,1
Leikkaustarpeisiin,1
Aktviininen,1
Penkinlämittimet,1
Aspiraatiopneumonia,1
Ihanteellnen,1
Rtb3g75jtxo,1
Euroopn,1
Välineellisellä,1
Puuty,1
B6verstas,1
List_type,1
Kuulunukkaan,1
Tutuutta,1
Velonottoa,1
Räjähdyspaikka,1
Rekkapommeissa,1
Pudotetuissa,1
Kaikensärkevää,1
Hyperbaarinen,1
Syttymisvaikutuksen,1
Teräsjänteisiin,1
Naapurikaista,1
Listatessaan,1
Lempiluokka,1
Myöntymysten,1
Laboratorioarvoja,1
Sukupuolenvaihdosleikkausten,1
Sähköshokkihoitoja,1
Sukupuolidysforiankin,1
Smurffiaccountit,1
Tunnustelusta,1
Hurmaamisesta,1
Valtionorganisaatioiden,1
Epäkiltistä,1
Korvaushoitoklinikan,1
Sukupuolisyrjntää,1
Öljyjensä,1
Asukastaloilla,1
Puutyöluokat,1
Ilmonetistä,1
Kilpailuorientoitunut,1
Itsearvostukseni,1
Transaktiotoimenpiteeseen,1
Koettelemuksistasi,1
Opportunismillaan,1
Pääministerikausillaan,1
Identiteettivalinnoiksi,1
Keskipuolueiden,1
Kiusaamispisteeseen,1
Niveletä,1
Normirääkkiä,1
Bwlqkbh3tss,1
Syväprofilointia,1
Nykykuvioiden,1
Suorituskykyvaatimuksista,1
Rangaistusruletti,1
Isäntäorganisaatioilleni,1
Raivorunkattaisiin,1
Yliopistonkäynyt,1
Isokaliiperinen,1
Ympäriinsäheittelemänä,1
Umpimahdoton,1
Osastoinsinööriä,1
Erikoisupseeriksi,1
Varmennetuotantoa,1
Salausmateriaalin,1
Koulutustehtävistä,1
Puolustusvoimallisiin,1
Sotilasviran,1
Ulkomaansidonnaisuutta,1
Taistelemistakin,1
Alkoholiyliannostusta,1
Aec472fb27dc8455cd91860cc08342ea,1
Share_story,1
Marssimis,1
Valvontarangaistuksiinkaan,1
Siviilivirkatehtävät,1
Lisäneuvo,1
Deyzelistä,1
Kädentaidollisia,1
Valtiovarainvaliokuntaan,1
Lähinaapuruus,1
Alihankkijaehdokkaan,1
Muuttamssa,1
Puliainen,1
Pulistaja,1
Salaliittomaisesta,1
Siviilipalvelusnaiset,1
Lakutoukka,1
Liikulla,1
Aikuisivet,1
Pesäkoloihinsa,1
Itsestäänselvyyksiäkään,1
Pizzeriakohu,1
Päätirehtööriksi,1
Фронта,1
Poliitikkokaudellaan,1
Googlettamaani,1
Kertyvat,1
Pyrkyripariskunta,1
Näpäytettävä,1
Politiikkokaudellaan,1
Kaasputkipäätökset,1
Kuvitteelline,1
Vakioisena,1
Geenikombinaatiot,1
Osaisimpiaan,1
Kamaremmi,1
Plazasta,1
Kuppaisuutta,1
Reservisi,1
Lisäreservi,1
Seksiorgioista,1
Havintoon,1
Hernevelliä,1
Ramennuudelit,1
Sinappisen,1
Kotikaljoissa,1
Viitenumeroiden,1
Ihravyökuoriaisen,1
Munasoluissakin,1
Kutsuntavelvollisista,1
Keskihuoneet,1
Ryssimaassa,1
Elämäksiä,1
Asuntoki,1
Puliukkotuotantoa,1
Puliukkovientiin,1
Hiljentyvinä,1
Kaupunkipuistoina,1
Audionsäädöllä,1
_esittely,1
Moottoroiduissa,1
Opinmpa,1
Minimivahvuuden,1
Autovuokraajien,1
Permetriinipohjaiset,1
Suorituskykyvaatimuksen,1
Sijotusomaisuudessa,1
Viihdeasioista,1
Pistopuhallutuksilla,1
Asevelvollisuudeelle,1
Paniikkihäiriödiagnoosi,1
Vierailulupaa,1
Raskausrahaksi,1
Täsmätessä,1
Aloituspäivälle,1
Lankapuhelimelta,1
Virkamiehesi,1
Napsaistiin,1
Intoutumisen,1
Sensaatiomaisilla,1
Puhuvallakin,1
Privashown,1
Partyboy,1
Kiinteistövälityslupakokeen,1
Pelosit,1
Semiorjapalkalla,1
Apustushommiin,1
Klikkeilyksi,1
Pariatalo,1
Valkosipulitee,1
Rouskuteta,1
Mobilisoimista,1
Baarihintoja,1
Privashowt,1
Lavall,1
Tippilippuja,1
Tanssijankin,1
Kurlutettavaa,1
Rääkimään,1
_tarkastus_,1
Omistuskerrostaloasunto,1
Condoja,1
Translationsnin,1
Loppuunpalamisille,1
Valvomiseensa,1
Kyseistetään,1
Heikoimmillekkin,1
Lajeihinsa,1
Liikennerikkomuksestakaan,1
Seksikokemuksiaan,1
Arguntit,1
Parthaat,1
Vastuuttomus,1
Todistevia,1
Kaapataanko,1
Pakkohuostaanottaneet,1
Venäjämyönteiseltä,1
Ulkomaisis,1
Privaesitystä,1
Cocillanaa,1
Lobbariuraan,1
Kummalleekkaan,1
Absolutiosta,1
Tekstiasettelujen,1
Uhkavaikutuskin,1
Syrjintäkorvauksen,1
Varjobudjetistaan,1
Portautuksella,1
Kohdeyleislä,1
Pyllynlaajennusuutisia,1
Oikeistokarikatyyri,1
Lampaantaljoista,1
Joulukorteille,1
Terveyskeskuksessasi,1
Kurluta,1
Ruovalta,1
Ohjeenmukaisella,1
Poppakonstiosasto,1
Morgankin,1
Kiinteistöyhtiöllä,1
Kiinteistöyhtymällä,1
Hallinnanjakosopimuksilla,1
Kosketusnäyttökolarit,1
Passiivimaisesta,1
Passiivilauseeksi,1
Valkosipulimaito,1
Eisaat,1
Katseitä,1
Aparment,1
Leikkaamiseenkaan,1
33pvä,1
Yritykselllä,1
Valitusaiheena,1
Raportti_reuters,1
Verkossa_2022,1
Omaisuusesineen,1
Syrjäytymisepidemiaa,1
Lafkoillakin,1
Tositurskahan,1
Omistusesineinä,1
Alitsemissa,1
Kurlauksen,1
Hipaisukytkimissä,1
Kosketusvasteenkin,1
Piezovärähtelijällä,1
Hajoamistapa,1
Bafucinitabletit,1
Tutumpie,1
Sittemite,1
Byrökratiapelleilyä,1
Luvut_,1
Alunpätkä,1
Muodostais,1
Machismoasi,1
Testosi,1
Kertakaikiaan,1
Tassuttelenpa,1
Olkiukkomaisuus,1
Kurkkuvaivoihin,1
Sanalaina,1
Mestarikurssi,1
Yhdysmerkkiin,1
Huoriteltua,1
20cord,1
Mavaja,1
Liteway,1
Keräyslaatikkoa,1
Endorphiiineja,1
Matchoilun,1
Vegaanihiiri,1
Sukupuolisyrjintänä,1
Asevelvollisuuslainsäädäntö,1
Asepalveluskäytännöt,1
Paikallisartikkeleita,1
Wpjc1pmptze,1
Mieheneä,1
Vuorokeudenaika,1
Maalitaulunpitäjäks,1
Pakkosysteemi,1
Microcord,1
Puskatemppuilija,1
Eugeniikanhajuinen,1
Palveluvalikoimassa,1
Veetinkin,1
Fyysisestu,1
Yhtäjaksoisuutta,1
Paikallismediaksi,1
_kaupunkilaisten_,1
Maksumuurikäytäntö,1
Asumistyyppiin,1
Osittaiskieltäytyjät,1
Partiollekkin,1
Räikeimmälle,1
Ihmisoikeusrikkomukselle,1
Komentoijan,1
Maanperutturuus,1
Argumentoinilta,1
Lifelonglearne,1
Kolaroijat,1
Pääoikeuttajia,1
Miraalin,1
Vajaamiehitetyt,1
Öttimöntiäinen,1
Tilattaiskohan,1
Desifoivat,1
Irtokarkkipunssipaskat,1
Luomuyskänlääkettä,1
Omistajaohjata,1
Oikeistopoliittista,1
Viewpdf,1
Kärkimediasta,1
Aseeseem,1
Kurlailee,1
Posteriki,1
Pääsykokeesi,1
Taustatunnetta,1
Promerit,1
Varainnon,1
Kalastajankaverit,1
Ottelupöytäkirjaan,1
Makkarahallin,1
Sisäjäiden,1
4ec52974eab8ea002b000009,1
Ylläitäminen,1
Nkzim_75vka,1
Toimittajay,1
Tukipartioon,1
Mielipidepalstaksi,1
23sessa,1
Kolmekymppisjuhlista,1
Ennmminhän,1
Livelätkän,1
Liikahdeta,1
Kultakypäräkolli,1
Varallisuustilastossa,1
Cancelöimisyrityksiä,1
Syljenkin,1
Motiivittomat,1
Flunssaiselle,1
Pasifistisemmassa,1
Puuläpyskää,1
Lasinlämmitykset,1
Kotirohto,1
Karheuteen,1
Showtimessa,1
Merisuolavedellä,1
Vitamiinitablettteja,1
Flinssan,1
Lääkkeettömistä,1
Lusikoiminen,1
Pakastimestasi,1
Lisätalousarvioiden,1
Arvorakennuksista,1
Cbat,1
Erillistalosta,1
Strippibaarien,1
Normijaksot,1
Chilivinkkiä,1
Hyvätienestisenä,1
Sellaina,1
Sesonkipainnotteista,1
Raivauksellakin,1
Lännemmällä,1
Solidarisessa,1
Rajamaitten,1
Tusinakirjat,1
Hunajamaitoteen,1
Paperinkeräykseenkin,1
Tyytymättömintä,1
Erotoimiin,1
Kärsivällisyyksiä,1
Rakeisessa,1
Esimerkkillause,1
Vastausviivat,1
Huutopihistyä,1
Kieltäytymisprosessi,1
Strepsil,1
Porosammalteetä,1
Filistellään,1
Peruspatteristo,1
Maanmittaria,1
Strepsilsissä,1
Höyryhengittäminen,1
Paiseeton,1
Virustulehdus,1
Oirehoitoa,1
Pääministeriäänestyksen,1
Sotapuuhissa,1
Höllennettäisiinkin,1
Kuplivien,1
Privashowssa,1
Karsitaanpa,1
Vuokratuoli,1
Tilastokaunistajat,1
Hyödyllisimmpiä,1
Läpikäydylle,1
Kännäilemässä,1
Depablo,1
Depabloa,1
Länsiruotsalaiset,1
Aikuisestakaan,1
Museokuoriaislinjaa,1
Kyberturvallisuusjohtajaa,1
Fj3bv6uyoq8,1
Terapiayrityksiä,1
Vähäsanaiseksi,1
Vaivannneet,1
Kansalaisvelvoitteestaan,1
Suodeta,1
Mobiilisoi,1
Puolustustaakkaa,1
Artesaanihamburgereita,1
Daredelta,1
Tuotetiedoille,1
Ukrainailaisia,1
Rzjpvunk0ya,1
Quicklace,1
Arvostajan,1
Moniongelmalliseen,1
Kytkimetkin,1
Xzp5ms,1
A4_on_tarjolla_enemm,1
A4n_kuin_koskaan_silti_moni,1
Fastissa,1
Y00zlt,1
Ison_ihmiskauppavyyhdin_pääepäilty_on_lappilainen,1
Soolojoukkoon,1
Rännäämisen,1
Pinaattikeitossakin,1
Soijamarinoituna,1
Herutusmekkoja,1
Needlepark,1
Rakennusideoita,1
Tinakenkäni,1
Rakettikoe,1
Linkkipostaukseen,1
Ykskantaiset,1
Vessabokseissa,1
Kenelleekään,1
Ydinasepuoli,1
Nalleakaan,1
Aaamuraportti,1
Logistiikkareittejä,1
Lauttakuljetuksia,1
Bwvkawevrmvvm21sv1djquf4setwlmpwzw,1
Hhwwgsdrje3b8ekraaaa,1
Louskuttanut,1
Dfad949a,1
7bfab91ca0cd,1
A_anusauskas,1
Bwvkawevrmvuu2jnylhfqu1mmxkzlmpwzw,1
Jaronad,1
Avustustapoja,1
Billackman,1
Ydinkiristyksen,1
Sillanpommittajaisista,1
Vinttipimeenä,1
Paskomina,1
Miiru,1
Liikkekannallepanon,1
Bemmikin,1
Rekrypolitiikka,1
Parantamaankaan,1
Wrg,1
Sxuukd0,1
Ab8knrvuywo,1
Mölyoikeistoskeneen,1
Kulttuurisotasanaston,1
Y05e1u,1
Outo_valoilmiö_havaittu_itärajalla_sallasta,1
Henkirikollisia,1
Vesisotiin,1
Syntyvyystrendit,1
Russofopijaa,1
Venäläispapit,1
Pakkosiirtääneet,1
Ilolinnunkin,1
Kotikonsteina,1
Höllymään,1
Kääntövilkkua,1
Brancoo,1
Vedenjakelulaitteet,1
Tcz,1
Hallintotahot,1
Urakkapalkkaisuus,1
Hiekkamainen,1
Savikkokivikkoa,1
Raitustunut,1
Kirillihän,1
Kunnossan,1
Keskipalkkasestq,1
Minimiointi,1
Voisija,1
Strippareilla,1
Syrjitttävä,1
Piirtotabletilla,1
Latexiksi,1
Lihakimpaleesta,1
Wokepropagandasta,1
Haukannäölle,1
Tapamadou,1
Elimista,1
Spämmisivut,1
Moderaatiojonosta,1
Valvomattomiksi,1
Vaalivilppiepäilyjä,1
Y1hfiirwgys,1
Hyvätyöpaikka,1
Den_kazansky,1
S50jmga9lwixellqtw_hxw,1
Sananetsinnäksi,1
Afgranit,1
Särkelät,1
Tuulimyllyhän,1
Viikonloppuduuneista,1
Viihteellisemmät,1
Markkinataloustoteudu,1
Voimasuhdanteet,1
Isokaveri,1
445ac769,1
9014d561cee5,1
Qckcb,1
Södermanin,1
Menneessa,1
Kaaviokuvia,1
Tensorivittusaatania,1
Translating_,1
Vallanpitäjämiehistä,1
Vallinnaisena,1
L2noohpsetc,1
Teknissuuntaiseen,1
Sipulirenkaan,1
Makkarapätkän,1
Viisikymmentäneljä,1
Järvenpääläisellä,1
Kulutusperusteisessa,1
Höpöhöpövisionäärit,1
Nimenomaisina,1
Alupaitana,1
Tuomarinpaitalautasella,1
Urheilunnälkään,1
Havaintoharhaa,1
Armejjaan,1
Mykiön,1
Mykiötä,1
Likitaittoiseksi,1
Päiväjuhlapuku,1
Päivätilaisuuksissa,1
Lainapeitettä,1
Šaketin,1
Webbsivustoja,1
Trackingiä,1
Iänmukaiset,1
Testauttamaankin,1
Oikeinkohdistamisesta,1
Paiskittuki,1
Jälkiabortoimista,1
Mediayhtiöllä,1
Lihasponnistuksen,1
Ihannemitoista,1
Vektorianalyysioksennukset,1
Puhtaaksikirjoitettuun,1
Kotitenttinä,1
Alanvaihtareilla,1
Hallintaioikeus,1
Pakkomusiikki,1
Rangaistuskoneistoa,1
Taulutietokoneella,1
Erkoissulut,1
Jenkkinäppöimistön,1
Sormijörjestelmä,1
Tulettee,1
Keittomaisuus,1
Heton,1
Laskentavuonna,1
Railakkuudesta,1
Mamutyttöjen,1
Muslimimamutytöistä,1
Huivitettu,1
Nuudelityypin,1
Suolavesikylvystä,1
Leikkurilleen,1
Partiokonstuun,1
Sivusiirtymä,1
Tutustutaas,1
Solmukkeet,1
6yhhgejefkc,1
Heilumaa,1
Kierrostuloksella,1
Loppuunpoltetuksi,1
Nettitrollivideo,1
_wahlroos,1
Jumppavehkeitä,1
Rahapoliittisessa,1
Teelusikoissa,1
Metallisateeseen,1
Loukkaliikkuvuus,1
Rahapanoskylkeen,1
Pienyritystään,1
Nakinpätkät,1
Usdgc,1
Varisnaisissa,1
Puttipelillä,1
Missiin,1
Gruinard,1
Hehehehehee,1
Neliöjuurisymboliksi,1
Supistusmerkinnässä,1
Digikoetta,1
Aikarikkeestä,1
Kahtiajakaantuneempi,1
Oppivelvollisuudestamme,1
Virkamieslainsäädännössä,1
Dadalle,1
Päihteettömyytä,1
Fysiikkajuttu,1
Maatalouslomittajille,1
Nykynnuorten,1
Kivityöskentelyn,1
75x75x3,1
Kivimosaiikin,1
Tarjoilualustana,1
Hakkuumäärineen,1
Kirjoituspaineiden,1
Koulutusasteemme,1
Rikoskonstaapelilla,1
Irrallistakin,1
Jalkapantakyyläystä,1
Osaamiskorttia,1
Osaamiskortti,1
Onbordaukselta,1
Vastavärvätyt,1
Jännitystensoreita,1
Ihanvitunkiva,1
Tensoreita,1
Keepataan,1
Culturee,1
Tähinnä,1
Alaindeksiä,1
Tuontantorajoituksia,1
Turkiskuorisista,1
Myrkitti,1
Permetriinispraylla,1
Englantisuomipaskaa,1
Viedeon,1
X1xqf_kmv3ecfnj,1
O9gliw,1
Dsikybjm,1
Qwo3tiojetkwq,1
Maryilyushina,1
1szzslfponidnuh38lroaw,1
1evrlkm2sptqaylijciq3q,1
Isketyistä,1
N_b9za3jhiezkr61blqenq,1
Mediadieettiin,1
Roskaruoankaan,1
Diileritkin,1
Lätkähalleihin,1
Komentonäppäimen,1
Järjestyikö,1
Lower_soup9939,1
Liberoida,1
Pualukkamettään,1
Lyxiä,1
Kosiskellessa,1
Kahtokeepa,1
Lässyttäviksi,1
Kanapalafirma,1
Molempipuoleinen,1
Metsätuotantotalous,1
6g5czkj,1
Tuneiden,1
Hikeentyen,1
Maringrad,1
Netraalina,1
Avohakkuutyyli,1
Puunkäyttämiseen,1
Etaproof,1
Korkeakolu,1
Tuplapolvileikkauksen,1
Oululaisuudestaan,1
Digikokeet,1
Paperikokeisiin,1
Animeteollisuus,1
Oseaniatuotantoa,1
Ghiblikään,1
Alotuspaikoista,1
Jenkkinäppistä,1
Exponentissa,1
Klikkieditorilla,1
Kirjoiutusta,1
Apupaperia,1
Päättäjälälä,1
Jina,1
Vallanpitäjätmiehet,1
Palavelu,1
Hymähtäisin,1
Ilmoteltiin,1
Natsifikoinnille,1
Murtehet,1
Mammothdimensionstaniin,1
Viipeettä,1
Rangsistuksena,1
Näppäinyhdistelmistä,1
Koodieditorilla,1
Erikokoisiksi,1
Juokseman,1
Elmämässä,1
_polish,1
Going_through_alcohol_withdrawal_poor_polish_guy,1
Asiemasta,1
Muitla,1
Tutkittamassa,1
Kurlausnesteeksi,1
Pöpelikköihin,1
Olosuhdeselvityksestä,1
Minipillereiden,1
Modernismistä,1
Vanhollislestat,1
Hölmöläisestä,1
Pikkukaupunkisi,1
Tehtävätasokohtaisia,1
Uutinensa,1
Naapurustokatsaukesta,1
Vierastaistelijatkaan,1
Laiskanlinnoistaan,1
Valheellisestikaan,1
Tukipartiosta,1
Internetjuorujen,1
Ominasuuksiltaan,1
Mammothdimensionstan,1
Kuulustelukulttuurin,1
Bioenergialaitos,1
Energiamateriaalit,1
Eteläameriikoista,1
Elonkapinoitsijoita,1
196k,1
Kesälukiosta,1
Erikoislankkeja,1
Tummahan,1
Toimilupayrittäjät,1
Nakkikioskiyrittäjiä,1
Suuryhtiöltä,1
Muuhenkik,1
Naparetki,1
Russofobisesti,1
Rajanaapurimaissa,1
Metsäsavottaan,1
Mavetulos,1
Joukollesi,1
Kalappimmaa,1
Remonttivelkavankeuteen,1
Sarkasmifontin,1
Tykistössähän,1
Tensorivittusaatanan,1
Kaavanhahmottelu,1
Kysyvien,1
Digitoinnilla,1
Kulkuavaimella,1
Osallisuuttakin,1
Opiskelupuolena,1
Dipaks,1
Plantaasipuulla,1
Tuontimotin,1
Lyhytkuituista,1
Eukasellua,1
Jatkojalosteissa,1
Korkeavartisempien,1
Kuulustusmenetelmät,1
Passiivimuotoisessa,1
Pokeriesimerkissä,1
Kongruoi,1
Predikatiivilauseketta,1
Verbilauseketta,1
Aktiivimuotoisena,1
Partisiipeista,1
Lauseenjäsenistä,1
Lausetyypeistä,1
Pokeriesimerkki,1
Partisiippimuodot,1
Aarnimetsissä,1
Lestareihin,1
Helareihin,1
Hiilensidontamielessä,1
Naapureden,1
Suomiviinat,1
Keskipohjalaista,1
Toloppoa,1
Housupuvun,1
Tiehentahtoen,1
Maanpuolustusvellisuus,1
Vakiintunen,1
Sivuhuomina,1
Kuullusteltavat,1
Foy,1
Eteläamerikkalainenkin,1
Puuntuottajalle,1
Höngillä,1
Kulumisongelmasta,1
Boyssszzzsszz,1
Phasessaan,1
Teelusikkani,1
Xki3tqw,1
Lusikassani,1
Nevanlinnahan,1
Tejstin,1
Tillaastoloppa,1
Murrepilkunnussinta,1
Perustuslakisääntelyyn,1
Perustuslakiesityksen,1
Terroristihyökkäystenkin,1
Arkaadian,1
Pahoinpitelemän,1
Ilmastotoimettomuutta,1
Kolumnikirjoittelua,1
Kaakkurikin,1
Kunniaväkivaltakulttuurin,1
Huoneistonssa,1
Rinkirunkkausfoorumille,1
Suomimielisen,1
Maaliosastossa,1
Pommitammalla,1
Maastapuolustusvelvollisuus,1
Opiskelijakavereillasi,1
Pyöritettiinkin,1
Ratsaajat,1
Mckoskettelee,1
Klaaniaterian,1
Spruitilla,1
Mcdonladsiin,1
Orderausportaalia,1
Buyaamiseen,1
Kaakkurissakaan,1
Megamonsteriasemastaan,1
Pyöräilytapahtumassa,1
Koplooppa,1
Äidinkielestänne,1
Perhemurheita,1
Peruspakkokoulunsa,1
Heitettykkin,1
Velvolisuudet,1
Palautuskeino,1
Strommen,1
Seneste,1
Elektriciteten,1
Tilbage,1
Stroem,1
Käynnistetäänkin,1
Kakunpääle,1
Selluva,1
Kurssituotannolle,1
Maksukurssejaan,1
Kurssialustaa,1
Maksukurssit,1
Sivistystyöntajatkin,1
Monetisoidulle,1
Ilmaiskursseilleen,1
Trickkiä,1
Equadorilainen,1
Huorintelijöitä,1
Fk3jxb3fpny,1
Julkkisfemistit,1
Inohttaa,1
Varusveijaripalvelukselta,1
Ajalaan,1
Roskaduunit,1
Käyttöhuoneelta,1
Tunturivaellukseen,1
Nopeenpaa,1
Läpäärillä,1
Puuhtaampi,1
Erikoiskoulutusmuotonsa,1
Tohtoritutkintoja,1
Lyhytelokuvapätkää,1
Luukuttavan,1
Lyhytelokuvasivustolla,1
Murskaamien,1
Uimapukupakon,1
Mielisemmät,1
Lisänapittomia,1
Softaleiska,1
Pienempikuin,1
Lassii,1
Täysmaittuu,1
Istellänikin,1
Haramittaa,1
Tulukuttavat,1
Pöhölöjä,1
Raatausta,1
Sekularistisista,1
Dellahunty,1
Ladontajärjestelmä,1
Puhtaaksikirjoitettavaksi,1
Seisiomaan,1
Suomalaisimpina,1
Kotiututtamisesta,1
Kainkenlaista,1
Neuvostohenkisesti,1
Ammattitaitojensa,1
Perheoloistaan,1
Jz9mu56inle,1
Hmvcvqbwrtb88ebu9,1
H1ne45uzbtwnkdn98,1
Sx1rt4ovexjgrdct8,1
Ahatella,1
Supernatsiksi,1
Narsitisisksi,1
Kurssissahan,1
Tenttikoneista,1
Opiskelijakaupungissani,1
Pääverkossa,1
Velhonukke,1
Routersilta,1
Tuntopalauteellakin,1
Hankasalmelainen,1
Huumorimainoksessa,1
Purilaispömpeli,1
Vaalipöntöllä,1
Huolloistasi,1
Tribaalisessa,1
Kitkapohjalliset,1
Donaldinpoikaan,1
Donaldinpoika,1
Kosketuksenpoika,1
Tilausporttia,1
Kaasurahasta,1
Paikalliiseen,1
Huumoritajua,1
Tilausväylää,1
Hirviöteolle,1
Yönäkökiikari,1
Tahmapostauksesta,1
Lakihelsinki,1
Massapuhallutuksia,1
Patriarkinen,1
Joktka,1
Hurrialueelta,1
Panacodille,1
Viljelyvastauksen,1
Antibiotica,1
Tillailla,1
Sauligradiksi,1
Niinistögradiksi,1
Pääuutislähetyksessämme,1
Persukiemurtelua,1
Persusivustojen,1
Puuplantaasin,1
Plantaasimaisuuden,1
Kulttuurinen_omiminen,1
1zqj8mv,1
Edustusmersulla,1
Pakotetuisssa,1
Joslla,1
Pankkiako,1
Ryöstmään,1
Varteenoptettava,1
Orbanistanissa,1
Erdoganistanissa,1
Aivotuhnuja,1
Signalata,1
Hikikomeroihin,1
Kvartaalisssa,1
Statuspuolue,1
Kiinteistönvälityslupakokeessa,1
Tyyp,1
Kiinteistövälitysopettajan,1
Aborginaalin,1
Jenkkinäppiksen,1
Sormijoogaa,1
Ansaihe,1
Symppaustaan,1
Epätää,1
Uhkakuvaolkiukot,1
Öyhötahojen,1
Luxuksena,1
Spankk,1
Paikalliskielisen,1
Helpoinmallahan,1
Etäjehova,1
Kaasuputkipääministereitä,1
Energinet,1
20221010t094701z,1
Ansahe,1
Ivanlinna,1
Tilausportaali,1
Perhelääkäriltä,1
Kurssiassistentit,1
Osuttiinko,1
Venäläisvihamielisiä,1
Kahtakauheampaan,1
Sukupolvihomma,1
Matikanläksys,1
Mcorder,1
Deadnamingistä,1
Tranfobinen,1
Seurustelisivat,1
Ruutukauppauksia,1
Talvikokemuksissasi,1
Jalkinepeuolen,1
Polyuretaaniset,1
Vakiojalkineet,1
Uhrauksittahan,1
Yksityislafkojen,1
Autoalustalle,1
Lingona,1
Rekattuna,1
Tilluutustoloppeloinen,1
Equlibriumia,1
Hwteromiesten,1
Paikallisottelussa,1
Battleaxe,1
Relentlesses,1
Panssariosastoa,1
Bonusohjelmista,1
Aladomainille,1
Cmail2,1
Niemannia,1
Turnauslähetyksen,1
Systeeminvaihtoruudussa,1
Progressiivimörköjä,1
Heteronormatiivisien,1
Xenophoobeja,1
Joukkoteurastuksilla,1
Mafiakapitalismeilla,1
Nälkäpalkkoihin,1
Kodinhoitajiaan,1
Murrefoobi,1
Murrepelkojasi,1
Triggervaroitusta,1
Shakksoftwaren,1
Busn,1
Taistelijaparina,1
Mutsinpanijat,1
Huijausappilta,1
Kitsastelevien,1
Yritystuistamme,1
Leppeästä,1
Yritysilmapiiristä,1
Rajapintakuvaus,1
Bulkkisellusta,1
Ulkomaisomisteista,1
Koronapoikkeuksiin,1
Lekurinkin,1
Raamusta,1
Valhettakaan,1
Pienkuntalaisia,1
Downwoten,1
Asuipaikkani,1
Paaraanoid,1
Elämänkululle,1
Lainanottossa,1
Humautettava,1
Tenttiaikaa,1
Kaykay,1
Saiba,1
Sovellusilmoituksen,1
Ponnahdusikkunansa,1
Noujautuva,1
Erityiseesti,1
Valkosipulileivät,1
Breadseja,1
Satakolmetoistagrammaisen,1
Shaketti,1
Rapautaa,1
Binääriolettamattomat,1
Observoiva,1
Ekvivalensseihin,1
Jenkkipoliisisarjoista,1
Kuulustelutapaa,1
Jalkapallomaaliin,1
Tunneuskovaista,1
Lyhytikäisempiäkin,1
Puhelulokit,1
Simppejen,1
Viholliskuviasi,1
Jordaniasi,1
Koijanneet,1
Puupinnan,1
Arkandianmäellä,1
Vihkotilanteesta,1
Subwayrewards,1
Applikaatiolinkki,1
Istoreen,1
Oululaisuutta,1
Sarjaopiskelijoita,1
Opetustehokkuuteen,1
Markkinointivastaavat,1
Hapettuukin,1
Billylt,1
Kissapaskahan,1
Surupaikalle,1
Kalahtamisen,1
Kouluavustajahakemukset,1
Kommunikaatiokielenä,1
Kolhoiseissa,1
Kaatamilleni,1
Puruille,1
Supersankariensa,1
Progressiviiksi,1
Murheellisemmat,1
Pommitusterrori,1
Gandaran,1
Pikauutiset,1
Kostostahan,1
Ševtšenko,1
Eväsretkellä,1
Penkillämme,1
Vieruskavereina,1
Pelmauttivat,1
Aikuisvuosistani,1
Yläindekseissä,1
Syöttöprosessin,1
Joviksi,1
Triviaalimpiin,1
Marjamoguli,1
Harvennuspuusta,1
Materiaalitaseista,1
Uutislehdeista,1
Putinmyönteisin,1
Peruissakaan,1
Vaaleatukkaisista,1
Veiklaan,1
Wic5mf06sj0,1
Prussian_blue,1
Midnight_blue,1
Navy_blue,1
Um_colour_scheme,1
Periwinkle_,1
Varjokabaalista,1
Makukahvia,1
Forfuck,1
Kaltoinkäymistä,1
Konpensoitavamme,1
Takoituksen,1
Problemaattiset,1
Päästetyksi,1
Invalidisoituneelta,1
Keltaisimmimis,1
Transä,1
Nuaknbir6te,1
Kahvikurssin,1
Luulotautiselle,1
Siipalles,1
Hyvämielisyys,1
Irlantilaisien,1
Ehluvalxuaav5r2,1
Eduskuntavaaleihinsa,1
Bisneskumppaninsa,1
Oligarkkiperhe,1
Pakoteongelmissa,1
Oslolaisesta,1
Milanolaisesta,1
Tunnusteluyritysten,1
Liikuntamäärärahojen,1
Ministerihaaveen,1
Varainkerääjäkseen,1
Oligarkkisuhteet,1
Nikkeliyritys,1
Täyshyökkäyksen,1
Pakoteuhastaan,1
Mielenmuutostaan,1
Mielengiintoista,1
Tarvittaiski,1
Jaottelukriteereistä,1
Jaottelujen,1
Identiteettihakuinen,1
Tuontitavarahyllyssä,1
Stoisisti,1
Stoisismiin,1
Rattijuopumusepäilyssä,1
Hristmas,1
Huonommaan,1
Taimikohtaisesti,1
Plänttien,1
Siirymiseen,1
Eriarvosesti,1
Toljattin,1
Kulmakarvateknikkona,1
Sqrt2,1
Sqrt3,1
Ehdottpmat,1
Käyttäytymiskaavan,1
Emojikirjaston,1
Oikeuskomissio,1
Erwv8yntfto,1
Telegraphs,1
Luuleavani,1
Käyttäytymisessa,1
Myäntäistä,1
Epäitsevarmana,1
Varjoisen,1
Internetpaneelihaastatteluihin,1
Analyyttisyyteensä,1
Murdockin,1
Vessapaperilehdet,1
Kilpailukyvylleni,1
Holhoavuudestani,1
Pöhinämarkkinoinnin,1
Y0aq9e,1
Pulautit,1
Aromantikot,1
Aroasset,1
Biromanttisia,1
Parisuhdenormeihin,1
Säänötkin,1
Ajatukseenhan,1
Kansansurmaan,1
Wippiiworks,1
Ominsaisuuksia,1
Doomereissa,1
Tuplatietoisuutta,1
Parkkeerauskaaosta,1
Δμ,1
Erikoismerkkilisäyksiä,1
Tekstipaskassa,1
Ladontakoneiden,1
Raporttiformaattia,1
Nitriili,1
Reaslistia,1
Nopeamm,1
Editstyksenä,1
Poistyöntävänä,1
Kevytkenkäisempinä,1
Parisuhdekeskeisyydelle,1
Toimintohin,1
Omanarvontuntoamme,1
Mielihalumme,1
Venäjänpoika,1
Paikallita,1
Vlännös,1
Mäktonaltsiloine,1
Mhäkhärih,1
Yrittämättömistä,1
Rrasisti,1
Perskatas,1
Naulaanastumissuojausta,1
Vuoristokiipeilyn,1
Muotibloggaajille,1
Nahkamaiharin,1
Neuvostoliittovastainen,1
Lämpoöpohjalliset,1
Abstratktio,1
Sellikaverilta,1
Ohonväri,1
Brosareita,1
Painatella,1
Alkusi,1
Varautuneeseen,1
Rasistisiiveä,1
Hankalaako,1
Yksityishuoneeseen,1
Privaattitanssista,1
Ketkuttaja,1
Toiskätinen,1
Valtaryhmään,1
Vähemmistökategoriaan,1
Aivorinkelit,1
Deittikumppanille,1
Kandinaatille,1
Lammastalouteen,1
Toukkaisessa,1
Erittään,1
Käytettääs,1
Arvostettaas,1
Jaettaas,1
Laivastohyökkäyksellä,1
Myhome,1
Kertakäyttökalossit,1
Ostamattajättämispäätös,1
Kangaskengätkin,1
Kyllästeainetta,1
Halpakengistä,1
Stetsonmenetelmän,1
Takapuolituntuman,1
Markettilenkkareihin,1
Kokevaan,1
Periaatteitensa,1
Amishörhöjen,1
Sannasburgille,1
Fififi,1
Molekyylikaavioon,1
Kiraliakeskukset,1
Stereoisomeriasta,1
Abittiaikana,1
Molekyylikaavio,1
Luonnolllista,1
Helú,1
Archduchess,1
Hylton,1
Hintze,1
Komov,1
Malofeev,1
Agenda_europe,1
Seksuaalioikeuksiin,1
Verkosti,1
Homoprogandan,1
Kehitysfoorumi,1
Ultrakonservatismin,1
Roturealistihörhöt,1
Identifoivasta,1
Elämänkulullesi,1
Eriarvoistetun,1
Natisevista,1
Hyökkivään,1
Saaremme,1
Varustekuljetuksille,1
Raiskausaikeista,1
Viärillä,1
Ansaatte,1
Jäykkiäkään,1
Sieviläisiäkin,1
Neomarxistit,1
Valintakauhun,1
Pätmänleffasta,1
Voisäilön,1
Voikätkön,1
Kriittisimpisiä,1
Paahtoiseksi,1
Ricaksi,1
Nuorisofinglishillä,1
Flunnssia,1
Lliikkeellä,1
Korvaongelmakin,1
Flunssaoire,1
Oikeistokarikatyyriksi,1
Murrekikkailua,1
Pidettän,1
Vajareihin,1
U2se9y2tdhw,1
Neurotieteellistä,1
Käyttäjätti,1
Kiihkomuslimin,1
Progressiivisimmissa,1
Normikorotukset,1
Liästen,1
Vaikuitus,1
Kulttijuttuja,1
Jauhuri,1
Uskonvapauksen,1
Piridiilerinä,1
Uhkailuihinsa,1
Orjapalkkainen,1
Valittajaämmylillä,1
Persupiirien,1
Valvojainen,1
Desibelliraja,1
Itketäänku,1
Huumoct,1
Tt_show,1
Jatkovarmistukseen,1
Tarinoidentaverna,1
Rikkakihvelisi,1
Purusi,1
Kirjoitusohjeesta,1
_buscaglione,1
Markeliin,1
Maatalousektoria,1
Tylyttivät,1
Kaakkous,1
Pimppii,1
Dauda,1
Koroma,1
Melaveikot,1
Pepputemppu,1
Figuprojektienvertaisryhmään,1
Uunikamaa,1
Luostarivuorellekkin,1
Tehdastyömaan,1
Mukauduttuva,1
Vallankumousmielisiä,1
Moraalinvastaisiksi,1
Olutretki,1
Syönykkään,1
Mantrannut,1
Puolustumekanismi,1
Rasistifasistikolonialistivaltion,1
Ratifioidakaan,1
Ruuanlaittovehkeiden,1
Puoellella,1
Baltiks,1
Eoj18i,1
Vanhoillislestareita,1
Maanantaikahvit,1
Energiapihein,1
Demariavustajastaan,1
Loppuvuosiin,1
Suomalaisviestinten,1
Kuulustelumenetelmää,1
Archgoatia,1
Tavarahissinkin,1
Pakkovärväyskuponkeja,1
Toloppaa,1
Tillaakkonä,1
Saarnatyön,1
Saarnakierroksen,1
Kaasuyhteistyö,1
Makaronisalaatit,1
Uudelleenlämmitykseen,1
Viljasuurimoita,1
27s_lunch,1
Tieyhteydellä,1
Sporailulta,1
Viskasit,1
Elonkapinalla,1
Työukkoaloille,1
Fjärde,1
Baltisk,1
Tactless,1
Säästästä,1
Friteerattomia,1
Katkarapusipsejä,1
Rähmänäppien,1
Toilailunkin,1
Ciang,1
P89203695,1
Eaiaiqobchmi2f2opplw,1
Givcqfmch3bzgb_eaqyaiabegj_bpd_bwe,1
Teollisuustermiltä,1
Internetpaneelihaastattelu,1
Vironruotsalainen,1
Välittämäst,1
Rillil,1
Juamato,1
Justiins,1
Näköhavaintoi,1
Riminaalist,1
Extrapojot,1
K6n,1
Postauksis,1
Oikeuspsykologeilta,1
Lyhytelokuvasivuston,1
Kahvisnobina,1
Daisenan,1
Päätöslausuman,1
Tuotekehitystähän,1
Retkikeitintäsi,1
Ekstralämpöä,1
Tuorepuurohan,1
Paistetetun,1
Salaatinomaisesti,1
Kaavahelvetit,1
Riviväliksi,1
Kuulusteluasiantuntija,1
Ampparilöylyissä,1
Huoliakkaan,1
Muruteen,1
Sirénistä,1
Juipilta,1
Liikkeisiinne,1
Sonnilaumat,1
Sähkönsäästötalkoissa,1
Lahtaaminenhan,1
Ystävyyskaupunkisuhteen,1
Korruptoiduttu,1
Faktoroisi,1
Absoluution,1
Maalämpökodeissa,1
Puunmyyntituloja,1
Luultavastí,1
Monitaitoisuus,1
Sekavaisuudella,1
Kipulääkepöhnällä,1
Hormivetoinen,1
Järjestelmälllisesti,1
Keromerkille,1
Murtosekunnissa,1
Kaavaelementti,1
Repsahdellaan,1
Goatsekuvalle,1
Denicol,1
_airfilter,1
Denicol_airfilter_fluid,1
Mummokalsareille,1
Surka,1
Kaavaeditorikin,1
Palkkaralliin,1
Ammattiasia,1
Kissakahvit,1
599496xuaaw5101,1
Saippuvata,1
Ekstralämmön,1
Ekstranokea,1
Ekstrahäkää,1
Puolustustiedustelu,1
Siviiliinfrastruktuuriin,1
Siviiliinfrastruktuurin,1
Keskusalueet,1
Raketni,1
Ukrainskii,1
Stolytsi,1
Infrastrukturi,1
Rosiiany,1
Planuvaly,1
Shche,1
Pochatku,1
Zhovtnia,1
Sysintä,1
Marinoleilla,1
Trangioihinne,1
864ad49201df3933,1
Alusvaatevaras,1
Testosteroneiltaan,1
Naiskehoinen,1
Turvallisuushakuisuudella,1
Todistelis,1
Transsius,1
Trangerderius,1
Yleisöpelin,1
Hätäsuunnitelman,1
Räjähderekka,1
Bikinkmalliset,1
Vastatulevaisuudessa,1
Ensimmäisensukupolven,1
Lisäkriteerillä,1
Hoivaboteista,1
Epäesteettisestä,1
Lippumytystä,1
Painekeittimet,1
Loutetaanko,1
Inhoavankin,1
Varareksille,1
Sylkeäkään,1
Kuunteluapu,1
Entisiään,1
Styroksiboksi,1
Peterburgi,1
Jälleenmyyntiliikkeesä,1
Parranajotaktiikkaa,1
Käyttästä,1
Osottavan,1
Tehoasetukseen,1
Läpipaskuutta,1
Panovideoitaan,1
Mummokalsarithan,1
Kuulustelemisesta,1
Kaunistoa,1
Lattiajumalille,1
Soreleita,1
Pakkaskumppareita,1
Tuplasukilla,1
Sukkakerrokset,1
Punatukkaiselle,1
Irtoterä,1
Puutarhankin,1
Ystävyyssopimuksia,1
Maanpuollistuksen,1
Uhrattavin,1
Pyyteettömyyttään,1
Uhrautuvuuttaan,1
Maanpuollistusta,1
Kyvyttymyyteen,1
Perustyöjätkä,1
Sähköajovermeet,1
Oppiverta,1
Saeudun,1
Ulkopuollla,1
Hesburgeriinkaan,1
Vennad,1
Xq0pja0_jls,1
Ryhdympä,1
Sivukarvaan,1
Kahtiahajoamisen,1
Suljettukampaisesta,1
Teräsamplerista,1
Jyytuubista,1
Töpöteltynä,1
Ponnekaasupartavaahtoja,1
Töpötä,1
Taloussuhdetta,1
Tillaustolpan,1
Piiikkuisen,1
Makropaletin,1
Tikzin,1
Keitettyt,1
Myymälötöihinkin,1
Savolaispiirteitä,1
Liitosvitsit,1
Lirahaa,1
Emojivalikon,1
Ylivivutettujen,1
Uhkapelitappioiden,1
Toobigtofail3,1
Airforcei,1
Henkilöstövuokraamot,1
Työllistämisekseen,1
Klaipedan,1
Solidaarisuusmaksu,1
Lipunostolaitetta,1
Puollustelevan,1
Presidentilläki,1
Lipunmyyntilaitteet,1
Verkkovirheen,1
Ärsyttihän,1
Lähikiskaa,1
Eläkepuheet,1
Chewbaccalla,1
Puoluesuuntausten,1
Värikkäimmistä,1
Preesenssille,1
Pöräytän,1
Kahvipurkkiin,1
Puhelinvanhus,1
Kiertoilmakeitintä,1
Turrehaaaaan,1
Pröstäillä,1
Vintageshave,1
Huopalapuiks,1
Sprinter99880,1
Twitterhuhu,1
Monovalmistaja,1
Maiharihipsterit,1
Syöttönopeudet,1
Labratestaukset,1
Laboranttitestejä,1
Paskarättien,1
Raportointiyyli,1
Journalismikoulun,1
Tiiminvetäjiksi,1
Osastovastaaviksi,1
Downvoutata,1
Organisationiin,1
Perehdytyskoulutus,1
Puutumatto,1
S9000,1
Kaasuputkilobbaukseen,1
0f73b649,1
F9ea,1
82b4,1
0aa4646c0c5b,1
Pienemmistärikoksista,1
Linkkarirekryviesteistä,1
Tilpehöörii,1
Invalidoisivat,1
Neitsynä,1
Tuotannonohjausjärjestelmää,1
Juustoraasteeni,1
Työharjoittelujaksoissa,1
Paskapuhett,1
Molemminpuolisuudella,1
Uuskonservatiiveilla,1
Haikailevilla,1
Haikeilen,1
Vassaripyllystäni,1
Taiselu,1
Kiekauksella,1
Loppuasiakkaalla,1
Tulpasti,1
Henkilöstövuokrausfirmakin,1
Työsopparinkaltainen,1
Plaauttaa,1
Perustamiini,1
Omistamiini,1
Jättiriskin,1
Vasurijunnuille,1
Kaukaisistakin,1
Nyyhkyjutuissaan,1
Jättiriski,1
Pökäleetkin,1
Persruvelta,1
Saumalta,1
He_309,1
Tuplaraiskaus,1
Työharjoittelemassa,1
Suivaantuisitko,1
Jimiksi,1
Schandtaten,1
Schuld,1
Jälkivalvontajärjestelmä,1
Fuusoiden,1
Olevantällä,1
Ettälääketiede,1
Uskollani,1
Lainoppineisuus,1
Lakimuutoksethan,1
Tislaustesti,1
Uimahousupakon,1
Pukeutumissäännösten,1
Mielinpiteestä,1
Jhzk31k,1
Emmikin,1
Saliensa,1
Pitkolta,1
Kokemuksellisissa,1
Perehdytksellä,1
Perutamiisi,1
Osakkuusyhtiöihisi,1
Tietopakettisi,1
Pääomatarpeet,1
Savupiippuisia,1
Työllitää,1
Paikallisestisovittavilla,1
Maailmanennätysjäykät,1
Aikasna,1
Vinkeilläni,1
Yritysmyöteiseen,1
Triplapalkat,1
Samassta,1
Jutunaiheena,1
Alanvaihtoo,1
Avokampaisella,1
Pudqdujmpsm,1
Miespariskuntien,1
Tesittömiin,1
Kietoudutte,1
Muumimerihevonen,1
Pseudointellektuaali,1
Wordissahan,1
Mekazonessa,1
Mestarinäyteksenä,1
Pihahtamasta,1
Silleeksti,1
Tiedustelutoimen,1
Valtamaki,1
Ääriajatuksissaan,1
Valmistumisosuutta,1
Tuotevirhevastuu,1
Huoltoehto,1
Apteekkariliitossa,1
Johtajatulvassa,1
Soveltuvuustestillä,1
Presidentitkin,1
Leiraksen,1
Kokenattomia,1
Sulutusmateriaalia,1
Aamiaisedunkin,1
Provikkapohjaisissa,1
Latexhan,1
Makaronisalaattiin,1
Täysmyrkytys,1
Jeesukseks,1
Kansanosakkeita,1
Redbullille,1
Uimahousupakossakaan,1
Pukeeko,1
Muneskut,1
Settailut,1
Genitali,1
Lihapötkö,1
Infantisiidi,1
Taaperonsurma,1
Mainittj,1
Jauhojuttuja,1
Ahdinkin,1
Kuntotestistissä,1
Heitetäänmpä,1
Entryhommia,1
Vuokratyövälittäjä,1
Kolmiajolla,1
Zstnsfab0ss,1
Kestohöylään,1
Kjellog,1
Sikurihuurutettuja,1
Maissimuroja,1
Lastuöevyinä,1
Yljyssä,1
Vakuutuslaskuista,1
Pjvfglsctjy,1
Nollatuntilaisia,1
Paikallispuolueesi,1
Lanpeniuksen,1
Intrikaattien,1
Väylienhoitokustannuksina,1
Viihtyisiis,1
Löhönä,1
Sähköavusteistenpyörien,1
Supsion,1
Ääääeeeh,1
Hashtageissa,1
Lähipikaruokaravintolassa,1
Oulummurteesta,1
Englantisuomipaska,1
Ulkotyöskentelyyn,1
Perustyövoimasta,1
Ylitarjotaa,1
Jälkistrukturalismissa,1
Sievene,1
Tarkkarajaisiksi,1
Jälkistrukturalistista,1
Kaatoluokkia,1
Tulkitavuodesta,1
Rakenneluokitteluja,1
Selvärajaisissa,1
Miljardivuotisesta,1
Erilajinen,1
Lapsipari,1
Soidintanssien,1
Lisäytymiskykyisistä,1
Biologiakäsityksen,1
Lisääntymiskyvyllä,1
Jättipussissa,1
Firmanvaihtajat,1
Tuplapalkankorotus,1
Pullamössösakkia,1
Palkankorotusreservistä,1
Tietoturvatehtäviin,1
Inttijärjestelmä,1
Halppistyövoilaa,1
Suostujista,1
Täyspäiviäisistä,1
Höykytettäviä,1
Lukukehosta,1
Propagandamyyttien,1
Infotaululla,1
Jalkaväkileirillä,1
Pyöräkaduksi,1
Seisomisekshan,1
Jäkittämiset,1
Rajoitamisella,1
Suosikkisillan,1
Sadallakahdeksalla,1
Yliopistorakennuksiin,1
Yhdeksänkymmentäseitsemän,1
Kotsnewsiltä,1
Seitsemäänsataa,1
Aaamuna,1
Edityksellisen,1
Kuluttajapäähän,1
Spessussa,1
Novyehorivkaa,1
Generalstaff,1
Pfbid02daxkuyruon1c4sgmmjhvrks1uyltp2hwq7hztbudfskgwtvxnbbkdz2842kvuovhl,1
Novoiehorivkaa,1
Huumeporuukkaa,1
Tuloskiilto,1
On_armila,1
Kamppailujälkien,1
Puutoksellakaan,1
Osaajapulaansa,1
Toimistotyöaikoja,1
Kysestämättä,1
Megafirmohen,1
Polkutyövoiman,1
Maarianhaminalle,1
Merkitysellisenä,1
Nollatuntipätkätöistä,1
Puolueenkannattajista,1
Lajiharrastus,1
Saukille,1
Asteikkos,1
Aliohjautuva,1
Ajovakautettu,1
Ydinjunasta,1
Saliliikunta,1
Pätkätyötöitä,1
Katukioskeja,1
Sukutikkailta,1
Suitseppas,1
Huntuakaan,1
Kotinaahansa,1
Rikoshetkeä,1
Kakkakasassa,1
Nonparellia,1
Hankelmpi,1
Pullapaku,1
Navigointitietokoneen,1
Soinnikkaaseen,1
Koulupaineet,1
Jaanat,1
Takertuneesta,1
Iljetyksestä,1
Paineistavalla,1
Reitittintin,1
Mutsinpanija,1
Sovinistimisogynistiltä,1
Töidenhaussa,1
Uhreiluseurat,1
Arvosteluta,1
15vuotiaiden,1
Kauppakeskittymiin,1
Ammattilaistojen,1
Iltatyöntekijöitä,1
Vuokratyövarastoja,1
Sotilastahan,1
Demariburg,1
Jauhoburg,1
Äänettämässä,1
Liittoaloilla,1
Työsknetelevät,1
Union2,1
Normipituiset,1
Etukortille,1
Aamuraportit,1
Haastaca,1
Jyvitettykään,1
Cackling,1
Pitkärajaisessa,1
Käydd,1
Ruohoparkkiin,1
Avusteisuudesta,1
Pyöräilynopeudesta,1
Tehdessäs,1
Lyönvetoa,1
Hormoneihisi,1
Animemuijan,1
Vaimoksensa,1
Jynkyttävät,1
Jynkytin,1
Homopornolle,1
Homoparisuhdeyrityksen,1
Katsonhan,1
Lesbopornoakin,1
Kollektiiveina,1
Reguloitas,1
Sosiaaliademokratia,1
Suuntimaksi,1
Acktshually,1
Loppuluojan,1
Perusteinipojalla,1
Kiusaamismateriaallia,1
Koulupoliisilta,1
Täyteään,1
Varusmiespaikat,1
Yllätysnakkina,1
Panssarintorjuntavarustuksessa,1
Nysvähommaa,1
Sofraa,1
Suomiliigassa,1
Palonsammutusta,1
Öljytuhojen,1
Siviilikriisinhallinassa,1
Ilmaistyöskentely,1
Salukeita,1
Salukia,1
Kutsunnoiden,1
Pöölle,1
Valtsisi,1
Napistys,1
Aasivanhemmat,1
Peruskäsityksessä,1
Blessaa,1
Salukit,1
Joukkuekoko,1
Erikoistumislinjoja,1
Siisoneista,1
Masennussiisonia,1
Huoltojääkärinä,1
Armeijakulttuurin,1
Padka,1
Venymä,1
Xk8dwv,1
Some_people_you_just_cant_reach,1
Päihdeorientoituneiden,1
Pyöräilykatuja,1
Ajorataverkosto,1
Vihersiipiara,1
Satiirikaan,1
Osallistuihan,1
Ritiläruoka,1
Akunpoika,1
Suooomessa,1
Knöölit,1
Korkeakoulupaperitkin,1
Raivostuttivat,1
Sagiang,1
Kekseja,1
Nurmidao,1
Orientalfood,1
Yhteiskunnalllisella,1
Kenttäarmeijassa,1
Resuisemmissa,1
Jalkaväkijoukoissa,1
Ajoaineena,1
12h15min,1
Siviilityötään,1
Kalastaki,1
Kermapyllyjen,1
Sijoitusfirmassa,1
Pizzakinkerit,1
Mainoskräässää,1
Joulubonarina,1
Kommentoimattomuuteen,1
Tweettikatanan,1
Vapaaehtoistamisessa,1
Lukumuotoja,1
Asutaanhan,1
Kypsänäkään,1
Kinkkulaatua,1
Razoreita,1
3vbcxvqfslg,1
Täsmätutkinnon,1
Säikytään,1
Poteviksi,1
Maanpuolustiksellinen,1
Ragebaittaamaan,1
Fataalin,1
Infektiomäärillä,1
Maanpuolustusasiantuntija,1
Toimintavalmiin,1
Maabpuolustusvelvollisuus,1
Hopeahilettä,1
Hönömpiä,1
Vaihtoehdousta,1
Oikeidenmuksista,1
Ammatimaisuus,1
Foliohattuiluihusi,1
Risteilyvaiheessa,1
Hierontaöljyihin,1
Hamppuöljyn,1
Huplehtimaan,1
Taistelijaparille,1
Jahkaessa,1
Scammityyleistä,1
Valkopääkotkien,1
Kuuluukoo,1
Jodikaan,1
Simputettaisi,1
Peruskiusaamisessa,1
Jamboreessa,1
Syrjäyttämättä,1
Nyassien,1
Tyhmista,1
Suunitteluohjelmiston,1
Kausityöpaikoista,1
Virkamiespaikoista,1
Maanpuolustuta,1
Aamukahdeksaksi,1
Potkupallokentälle,1
Varmistetataan,1
Y11w0t,1
Russias_losses_as_of_october_11_46_plus_missile,1
Elisessä,1
Maanpuolustusmenoista,1
Sairaanhoitopalvelusta,1
Kysynaiset,1
Erityisetuoikeuspalvelus,1
Talingualin,1
Lohtusöin,1
Kurjuuteeni,1
Puikonpolttamista,1
Varareservistäkin,1
Puolustusviranomaisen,1
Kuulustelumenetelmissä,1
Ökypalkasta,1
Kuulustelumenetelmien,1
Äärinatsin,1
Kortsuautomaatti,1
Talvipylräilyreittejä,1
Hiakottamisesta,1
Tuomiokirkontorin,1
Lääkepäätöksiä,1
Ensikuukausien,1
Adoptiovanhempiakin,1
Päivähoitoakin,1
Renderöidessään,1
Kiihkoislamilaisuus,1
Arvoistako,1
Alavariantit,1
Pyörötie,1
Pyöröillä,1
Populaatiollekin,1
Sotilaspalveluun,1
Täysiikäisyyteen,1
Todelluus,1
Varusmieskaverin,1
Tipputti,1
Homeherkkyys,1
Peruskunnonkohennuskokemus,1
Kummunismista,1
Eikille,1
Varaamaansa,1
Harjojensa,1
Eestilogi,1
Tieteenhaaralle,1
290mil,1
Pääkallokelejä,1
Kiinalaisperheelle,1
Keskivertolissut,1
789qzjubwyttdnhw2kd8jt,1
0j5pnam7rkwdcwptfeihpg,1
Tunnusbiisistähän,1
Palkanmaksajapulaksi,1
Tavoitteenanne,1
Kynäiltyjä,1
Sinisilmäisinkään,1
Feelsradiationman,1
Forbeksen,1
Scholzkaan,1
Yliääniseen,1
Kosmetiikkaheitto,1
Kuntovalmennusta,1
Kuntoperusteisesti,1
Lennoki,1
Äärivastakohdaksi,1
Tvruudut,1
Siemenkeräilyharrastusten,1
Takavarikkoperusteeksi,1
Palkanmaksajapulasta,1
Jalkapallotreeni,1
Liikuntarajoitteistenkin,1
Hypersoninen,1
Harjoittamiset,1
Liikkumismotivaatiota,1
Mahtuvill,1
Maanpuolustusvakaumukseen,1
Peruskenttätaitojen,1
Maastotoiminta,1
Joukkokokonaisuuksien,1
Lottatoimintaan,1
Suojavapaussopimuksen,1
Paskanpuhumiskirjeen,1
Fyysikoiltamme,1
Kiistelly,1
Fiksummatki,1
Kyvyttömäthän,1
Englanninkielistp,1
Aloituspakkaushöylästä,1
Epämediaseksikkäisiin,1
Gbmy4gwlpca,1
4qkerno,1
Ammattiarmeijamalli,1
Riittävydestä,1
Haavoihis,1
Ilpilläkin,1
Pussitaloja,1
Hyötymisnäkökulmaa,1
Elosomettajat,1
Mieslukuun,1
Kasvuhakuiselta,1
Näkemyksist,1
Valhtelua,1
Natoprospektina,1
Näkemättämällä,1
Jodiohje,1
Paskapuhekirjeestä,1
Lomarotaatio,1
Salametästäisin,1
Lätinänsä,1
Nykytöistänsä,1
Ihmislaskimia,1
Apteekki_työ_ukko,1
Torjuntavälinseeseen,1
Vertaiskuvien,1
Perusmurkulaa,1
Kusipäävaltion,1
Ryöpytettyä,1
Venäläisbisneksiin,1
Työpäikalta,1
Markkinointiinhan,1
Perusrivijantterille,1
Kriisinhallintaoperastioita,1
Varautumisohjeen,1
Mökiille,1
Uudelleenkansoituksessa,1
Puupohjaisiin,1
Pommituskuvat,1
Komppanjakaverit,1
Juoksuttaakkaan,1
Syventämiset,1
Anteeksu,1
Kauppaviritelmiä,1
Lakipakosta,1
Ruokkiksesta,1
Sotimiskykyyn,1
Käpylehmämehua,1
Pitsakuskille,1
Mäyräkoirani,1
Maakaasuvaroista,1
Kengas,1
Havuston,1
8f0024fbe18abcb21c9ddf45728a6bbd,1
Lakimiehiehien,1
Mediaaniansiossa,1
Talviuniformua,1
Toistajina,1
Sivuosumina,1
Palmuöljypalmuja,1
Rönnholmilla,1
Kaasuputkimiestausta,1
Myönnettäkön,1
Pietilaa,1
Jodirysän,1
Koeaikapurkunsa,1
Jälkiopiskeluilla,1
Työnatajia,1
Odioottimaisen,1
Lääkevalmistelistalla,1
Joukkoetovereiden,1
Suurimaami,1
Juntitella,1
Armeijanakin,1
Palvelukseenastumishaluttomuuden,1
Kevytkurssituksena,1
Jattutusmatka,1
Tarttuvuuksista,1
Tautimuohon,1
Mcmasterforum,1
Asehallinnolta,1
Japanilaisyhtiössä,1
Metallikuulien,1
Sivarikoulutusta,1
Yleisosaamiskoulutuksella,1
Vaelluskalareittien,1
Violationtracker,1
Goodjobsfirst,1
Pmc2875889,1
Äänestyspäätöksestään,1
Lihamöykyiksi,1
Osajaa,1
Taoahtuma,1
Hätitiellä,1
Jalkakäytäväosuuksia,1
Potlkulaudoista,1
Hukkaanheitolta,1
Operatiivisissä,1
Muuutin,1
Peruskäyttötaidot,1
Teoriakouluksi,1
Peruskoulutustason,1
Vittuunnutaam,1
Ensinkävelijöiden,1
Aktiivipalvelusaikansa,1
Palvelussopimukset,1
Reserviläisaika,1
Ammattiarmeijamallissa,1
Aktiivipalvelusmallina,1
Jodinmussutus,1
Lähisali,1
Heidäin,1
Taikageeniä,1
Juikoilla,1
Reaktioammunta,1
Warning_8,1
12_t4e_p2p,1
Moraaliraamit,1
Bruus,1
Viestintäverkoista,1
Rumpuu,1
Convertata,1
Timanttituijat,1
Itärahan,1
Katkarapurulliakin,1
Rakeisi,1
Ohjelmointitaitoon,1
Datatieteilijöille,1
Tarviikoha,1
Varustauduttiin,1
Kalliosuojin,1
Koivunlehvin,1
Periranskalainen,1
Varusmieskoulutuksista,1
Toimintakykykin,1
Jodigaten,1
Uudelleenrakenneta,1
Informaatiotyhjiötä,1
Hämptön,1
Invaliideillekin,1
Peräkamarinpoikuus,1
Suomiliput,1
Karikatyyrihahmoista,1
Korsetille,1
Liikuntamäärät,1
Kilpirauhasairauksissa,1
Kilpirauhassairaana,1
Päättelyketjuahan,1
Pihatontun,1
Hiilinielukeskustelusta,1
Rulijanssi,1
Mukaanvedetty,1
Mentoriohjelmaa,1
Urapalveluissa,1
Urapohdintoihin,1
Ilmoutukset,1
Harhailemaa,1
Ötökkäkammoisena,1
Enroothiakaan,1
Provosimaan,1
Tarkoituksettomampaa,1
Höpöintä,1
Muurahaisaerosolin,1
Nopeudenhan,1
Kokservatiivin,1
Repsut,1
Ajattelusuuntausta,1
Atomiaseilta,1
Kaksoisveljesi,1
Höhhöhöhö,1
Virityssokka,1
Rosenholtz,1
Puoluepoliitikoista,1
Harjoittelujana,1
Toopeilujen,1
Koulutustavoitteisii,1
Tehokkuusrajoja,1
Joulemäärät,1
Nykypiste,1
Kilpirauhaspotilaille,1
Y0fkse,1
A4_johtuu_korvien_kohinakuulon_l,1
A4hteminen_kun,1
Hahhahhahhah,1
Postdoccailu,1
Postdoccailua,1
Posdoccailujen,1
Pätevöityneempiä,1
Laitoksellasi,1
Korkeasit,1
Fasfjx,1
Kuumentavaa,1
Luontohankkeisiinkin,1
Fossiilittomuudessa,1
Rekryläinen,1
Vetelyksestä,1
Aladivaripelailut,1
Junnujengeistä,1
Thinmen,1
Kiintiövaatimuksissa,1
Vemppakomppaniassa,1
Nollasopimushimmeleitä,1
Voimassaoloajalle,1
Vetojousia,1
Vastausjakaumasta,1
Kannatinjousi,1
Purkuhommiks,1
Opiskelijaterveyttä,1
Korjuatua,1
Päätöskohta,1
Kulminoitumalta,1
Tuontirajoitteita,1
Hupsutteluja,1
Väliaikaiskeskusten,1
Hakijapa,1
Jättiostariin,1
Puuhyölää,1
Moottorisahahan,1
54757p,1
Perusressua,1
Harrastamiskulut,1
Aikuistoimintaan,1
Lakkoilukielloilla,1
Skipanneiden,1
Maksimiprosenttiluku,1
Harrastepolku,1
Ykkösporukkakin,1
Joditablettelja,1
Ostoryhtäyksen,1
Kuntoilureittejä,1
Piilokustannukska,1
Vuosierä,1
Yliahneita,1
Turvallisuususka,1
Jenkkareiden,1
Työntekijäbrändäysalusta,1
Työmarkkinatreffailuun,1
Kotitentti,1
Kotitentit,1
Salitenttiin,1
Rajoittamut,1
Insinöörimatikassa,1
Nettiresurssit,1
Höyrykäyttöinen,1
Operationalisoinnin,1
Pöhinänluonti,1
Yhteistykumppaneiden,1
Pöhinäjeesuksia,1
Verovelvollisuudestakin,1
Httpd,1
Eräjormailevat,1
Profiloituneimmista,1
Kommenttitaistelulle,1
Ensiaputarpeet,1
Tilapäiskorvikkeet,1
Tapletteja,1
Istuttetaisiin,1
Sotilaslääketiede,1
Lisätaidot,1
Herunnu,1
Aktivointikoodiin,1
Ennätyshakkuut,1
Kurinat,1
Verikokeidensa,1
Rikostutkijatkin,1
Kulgtuurihegemonian,1
Vaikituspiirissä,1
Jodintarvetta,1
Erikoissuolaa,1
Yliopistomatematiikalla,1
Integraaliyhtälöllä,1
Estojärjestelmältä,1
Äkkisiirrosta,1
Voimansiirtoluukun,1
Kevennin,1
Irroittumisesta,1
Harjoituspäiväkirjaa,1
Selittu,1
Minijousen,1
Uusimattajättämisen,1
Vapaaehtoisiks,1
Jodattua,1
Povidonia,1
Drinkkivinkki,1
Sähköpostihuijausten,1
Tsygille,1
Hätäajoneuvoista,1
Tenttikäytäntöjen,1
Tunnukseesi,1
Taistelukamera,1
Palveluskokemuksia,1
Joukkoteloitusten,1
Kidutuskammioiden,1
Levyjousi,1
Ravintolaskurit,1
Treenilaskurit,1
Arrayt,1
Powerpivotit,1
Hyppyjousi,1
Hakkuupoistuma,1
Koulutusmetodina,1
Koukutustavotteita,1
Mittalaavalla,1
A4bcca1074325dd9,1
Hiilinieluväitteeseen,1
Sähköpostihuijattavia,1
Esimerkkitarinassahan,1
Aseenkäsittelylle,1
Jalkaväelläkin,1
Erikoisjampat,1
Taalasmaani,1
Internetpalvelunyarjoajien,1
Osallidtuu,1
Paskasivustolle,1
Älykkäällekin,1
Heikkonäköisen,1
Oppimisalustana,1
Kosmoliiniin,1
Työtoteumia,1
Dieettiruokatilauksia,1
Työaikalaskut,1
Määrärarahoja,1
Hankintatoiveita,1
Valverytmiä,1
Sniffly,1
Edityny,1
Kärjistetyss,1
Siviiliuralle,1
Ennaltaehkäisytehon,1
Kivijalkapalveluiden,1
Verilogilla,1
Lääkejodia,1
Laihuttaako,1
Ehdotonda,1
Vaudenriisto,1
_eu_,1
Järjestemlää,1
Einjäsenvaltiot,1
Unionimme,1
Talpalla,1
Betadinesta,1
Ruokatavatkin,1
Esiasteiset,1
Ottopöydät,1
Varusmieskauden,1
Juoksukuntoisista,1
Marssimallakin,1
Tekniikkapainotteisia,1
Läänitason,1
2080m,1
Ylioppilaskokeidenkin,1
Tutoroinut,1
Klikkailujärjestyksen,1
Tasapäistämisyhteiskunnassa,1
Kiussaamisen,1
Somettuminen,1
Dorsetecho,1
Vääryyslaitokselta,1
Elämäntapakuuria,1
Kuntohuippujen,1
Laihutuskuuriksi,1
Kävelylenkein,1
Kyrsäfiiliksellä,1
Lukiopohjin,1
Kinastelet,1
Provisioperusteet,1
Provisioperusteita,1
Rahatpois,1
Ostotapahtumaansa,1
Jatkohaastattelun,1
Pelikelpoisten,1
Kaasukivääreistä,1
Soveltuvuudensa,1
Tietokantaorjan,1
Ostoslistatkin,1
Laskentakäppyröitä,1
Tottelemaa,1
Lootbokseissa,1
Adoptiokeskuksesta,1
Pakkotetsauksen,1
Laatupatteristo,1
Kotivisujen,1
Väijyttämisen,1
Grillisafkat,1
Itärahoitteisia,1
Konservatiivipolitiikkaa,1
Viranomaisohjeesta,1
Salassapidettävämpää,1
Juustoansa,1
Nettikauppalla,1
Pomoihmisiin,1
Besugoneen,1
Sotamateriaaliavustukset,1
Eskaloivansa,1
Siirtomaasotiinsa,1
Alueluovutuksina,1
Hakkerointiyritystä,1
Pöllisikin,1
Tuotannonohjauksen,1
Materiaalinhallintaan,1
Ostopuolelle,1
Rospuuttoaika,1
Venälä,1
Ilhelm,1
_snellman_g,1
Politiikkalinssien,1
Eläkekenraali,1
Kotiinlähtöcooperin,1
Keilaradan,1
Käytännöllisrt,1
Liikuntahullukaan,1
Yhteisvelassa,1
Liianmyöhäistä,1
Valmistumistaankin,1
Kääntöpyörästä,1
Purkkakaavoja,1
Kaaviotkin,1
Jodioituja,1
Jarrulevyhuolto,1
Hanttityötessien,1
Pikkupalkkoja,1
Tätätähän,1
Junnujenkin,1
Kirpaiseat,1
Kirstinpuiston,1
Hilalta,1
Sitoutinut,1
Jäähdytyssilmukka,1
Ihmesanomaan,1
Ottamishalukkuus,1
Mediarummutukseen,1
Kessille,1
Väestönsuojeluhommaa,1
Hyötykurssi,1
Ruslantrad,1
5bnngvovkotsgriadl4pxg,1
Yksittäistaistelijoita,1
Minimipalvelukseen,1
Liikevaihtoperusteinen,1
Myyntiperusteinen,1
Testiajajat,1
Maksajatahon,1
Tulonmenetyksinään,1
Syndroomiaan,1
Miessukupolville,1
Nisupullat,1
Henkiklöautoista,1
Pukgeye,1
Vhb0pkb,1
Rvoren3,1
Keskustaympäristön,1
Brahenkadunkautta,1
Arkistopolun,1
Pyöräinfralta,1
Pyörähuoltopisteitä,1
Suuuntaisesti,1
Rakkentaan,1
Ohjemoinnilta,1
Ripulisoftissa,1
Miehittettyjen,1
Kollektiivinen_turvallisuusjärjestö,1
Kotu,1
Kotulla,1
Kotun,1
Malinosta,1
Dyynille,1
Käsienheiluttelijakin,1
Notionia,1
Reitistiä,1
Vapauttamispäätöksessä,1
Seurauslaite,1
Lähestymiskiellollisille,1
Palkkatyössäsi,1
Pelivarat,1
Reformikeskustelut,1
Subcardia,1
Valeohjelmistoinsinöörinä,1
Requirementit,1
Hujausmailia,1
Siltikukäön,1
Peruskouludsa,1
Palkkataistelun,1
Itsemurhadronea,1
Miekkasilla,1
Ensimietinnältä,1
Yrittäjävalinnoissaan,1
Tempputyölistäminen,1
Tempputyölistämisellä,1
Kotikirjettä,1
Journalistiopinnoissa,1
Kyttälästä,1
Hamstraamiensa,1
Vasemmistofemakkoänkyrä,1
Lääkejodista,1
Paniikkihamstraus,1
Leijailleet,1
Ostorynnäkkö,1
Ydintapaturmassa,1
Laskeumalle,1
Vasemmistoliitostas,1
Läpitunkenut,1
Demarikiimaisten,1
Aloittelijamaista,1
Minimoivalla,1
Jutusitani,1
Puhelinnattaa,1
Tuuraajaalle,1
Ateriapalveluntuottajan,1
Ruokapalveluntuottajasta,1
Toteutumalla,1
Pääkäytttäjällä,1
Niuhota,1
Toimitusjärjestelmän,1
Foliohattuhöpinäksi,1
Jodiohjeet,1
Varhaiseläkeläisille,1
Hupsuudelle,1
Tutunmalta,1
Negatiiviiseen,1
Asevelvollisuusen,1
Muut_terveysvaikutukset,1
Asiakastunnistaminen,1
Pastavetteen,1
Kaapelikanavalla,1
Sosionomiasta,1
Jousiakin,1
B007faut1i,1
B00kvyagg8,1
Hoitotaitoisia,1
Palveluohjelmistoiksi,1
Inkkariheimo,1
Sotilaskyky,1
Huonoimmiten,1
Olutseuraa,1
Bosa,1
Ohitusväylät,1
Huonohermoiset,1
Kotitaloustarvikevaatetus,1
Jodixiin,1
Perusargumentointitaitoja,1
Kutsuerään,1
Sakemmannia,1
Örkkijoukot,1
Nollatauluhomman,1
Varttuneempiakin,1
Vähäpätöisimpiä,1
Itäisien,1
Byrokraattikoneistona,1
Hillotolppajärjestelmänä,1
Miesmäärien,1
Henkilöstönhallintaan,1
Opettajanhommaa,1
Normihommilla,1
Organisaatiohommat,1
Organisaatiohommissa,1
Malikaksi,1
Saarlonsinsusikoiria,1
Virkakäyttöinen,1
Pölisyttää,1
Ymärtävän,1
Sekktorilla,1
Unelmallesi,1
8wvj8gxvhcw,1
5ytkqi1pyuw,1
Txfqxidhveg,1
Y3clgesyvuy,1
Uowk8zkwwj4,1
Kodzxamsjse,1
Dr0qaxywkm4,1
Ogtzip1mcr0,1
Sjy0sea_bw8,1
Teollisuusmetsässäkin,1
Vetojousissa,1
Vetojousesta,1
Ekoloogisuudesta,1
Aa12mhph,1
Huutosakit,1
Apteekkitukuilla,1
Rikostaa,1
Ammattirikollinenkin,1
Kandidaattiopiskelijana,1
Шпринг,1
Shpring,1
Avaimellinen,1
Kasvutahdissa,1
Verkkoexceliä,1
Liikennejärjestelyssä,1
Aksiaalisen,1
Rikosvatuussa,1
Luontoaarteet,1
Oiskon,1
Kilpirauhassyöpäriski,1
Tuplavarmistuksia,1
Datankäsittelyongelmaan,1
Ihmisvahvistus,1
Lukasenkamaiseen,1
Puumajassamme,1
Kikkelivetoisesti,1
Padapim,1
Padapum,1
Perusvalmiutta,1
Kaksinkertaistuvasta,1
Kriisinhallintakoulutukseen,1
Kotirintamapalveluksen,1
Hohdokkaasti,1
Digikursseja,1
Filtterilistat,1
Titeln,1
Jodithan,1
Kilpirauhassyövältä,1
Kriisikoulutusleirejä,1
Kriisikoulutukseen,1
Klassikkotemppujen,1
Kuollettamaan,1
Kassatäteilyähän,1
Aseenkäyttökurssi,1
Maksiminopeuteeni,1
Tehtövö,1
Internetpippelimiekkailla,1
Y11hmo,1
Rate_my_collection_spreadsheet_lol,1
Irw3y7p,1
Joditunkkinne,1
Hakukirjeellään,1
Koristelemme,1
Hakukirjeellä,1
Laajemisessa,1
Skeptiseks,1
Sivuloita,1
Palkkatukityöllä,1
Kassatätäipalveluksen,1
Tukifunktioita,1
Laitoslehmänkään,1
Pikkukääpiö,1
Kriisipesästä,1
Kääpiöarmeija,1
Koirahistoriaa,1
Sotakoirina,1
Varajodit,1
Käyttäiski,1
Suomalaisiavaruskuntia,1
Teettäneelle,1
Rummu,1
Mamnogthdimunsion,1
Tsrvitsette,1
Obviusly,1
W7d59hy,1
Ensikertalaissarjasta,1
Käyttölinjanen,1
Malinoikseen,1
Viistoperäistä,1
Näyttelylinjaa,1
Aavjbp1,1
Kustjägerkompaniet,1
2päiväö,1
Höiriintyneet,1
Mobiilivarmentimen,1
Vakiokirjautuminen,1
Valesivulle,1
Viihdeuutisiakin,1
Lomatoiveden,1
425a9b01,1
C159,1
74b8,1
E8591185de44,1
Merenrantaomakotitalon,1
Paniikkiostamistakin,1
Vahtivansa,1
Lähiasiointia,1
Reissuineen,1
Näköissivustoja,1
Viidakollisen,1
Defenssikin,1
Rakkaushuijatut,1
Levennin,1
Lisäosaamiseen,1
Työnhakukanavissa,1
Gsheetsin,1
W1n8oxus6aq,1
Byrokratiasihteeri,1
Viihdekäyttöönkö,1
Brunat,1
Ämõğűş,1
Liukuhihnamaakari,1
Tuontantoprosessiin,1
Hormoonioireilua,1
Keskittymistaso,1
Rikosvastuuikärajaa,1
Siihteerit,1
Tehostevinkkejä,1
Kolisemist,1
Harraatus,1
Pesukonee,1
Laskeumilla,1
Duunissaoloaikana,1
Preador,1
Roolipelinstä,1
Kotiutuksenyhteydessä,1
Pankkisaleissaan,1
Tuulimyllymaa,1
Luokitellessaan,1
Ympäristojärjestöjen,1
Koukkaako,1
Keksiverkostojen,1
Syksysäässä,1
Koulutyörapsaa,1
Matikoineen,1
Koodinpätkineen,1
Kerrontakonsepti,1
Skaalautuvammin,1
Kasvisruokatarjoilu,1
Päännollausmatkoja,1
Hylkinyt,1
Tuotantovauhdista,1
_päivänpoliittisesti,1
Vuorkata,1
Prejatteessa,1
Pienmalleja,1
Tulostaaa,1
Minifiguriinejä,1
Minifiguriinejen,1
Porukkaanne,1
Päiväannokseensa,1
Olympialaislaji,1
Pulttikin,1
Vortumi,1
Huoltotauoko,1
Hodgesilta,1
G5wztvkemlc,1
Jodihullutus,1
Miinanpolkijasta,1
Ylireserviä,1
Taustakoulutuksen,1
Suorittavammissa,1
Marjarahkaa,1
Ruoskakäsi,1
Korkeahkojen,1
Pelotteemme,1
Latoinensa,1
Roolipelaajaan,1
Jodimäärä,1
Myyntipäivillä,1
Ydinposahduksen,1
Kilpirauhasissa,1
Maskisotkuista,1
Kriisihallinnasta,1
Laskeumatilanteessa,1
Ilmansuodattimistakin,1
Jodeista,1
Jännämusaa,1
Suosikkimerkkieni,1
Uutuusvaatteita,1
Jodipillerissä,1
Edittikikkailua,1
Haudattaisi,1
Hrustsovkan,1
Roskasiivilä,1
F051673,1
2c_adolf_hitler_und_eva_braun_auf_dem_berghof,1
Fasistidiktaattorina,1
Influensseripuhetta,1
Kokkoomuslaisen,1
Rintamalotan,1
Skauppaan,1
Hälärikellon,1
Slavaukrainit,1
Ukraiinan,1
Palveluskäsineiden,1
Haroituspäiväkirjaa,1
Misogynistipersuincel,1
Ehdonalaisuudella,1
Punnitteen,1
Huijaustapauksissa,1
Dataputkeksi,1
Pääpirussa,1
Yhteisvelatkin,1
Jodimummot,1
Kaasunaamareille,1
Ydinsuojakaavuille,1
Vastustaisitkin,1
Pankkitilistäkin,1
Typottelu,1
Excelöimäss,1
Pidentämisenä,1
Sadeviitastanne,1
Silmiimpistävästi,1
Osuuspankkikonsernista,1
Sitsaamisessa,1
Lisäsäkeistöt,1
Nukkumistilaan,1
Generaationvaihdos,1
Säilyiskin,1
Pöytäkartan,1
Yhteisasuntolaan,1
Hansikaslokerokin,1
Kosketusnäyttövalikosta,1
Peter_m_v,1
54qvo9vze5hmqy0mxtcm6a,1
Etunollat,1
Melnee,1
Vanmaan,1
Mielekuvituksessa,1
Autonostoreissulla,1
Lääkeselosteessa,1
Viranomaismääräyksessäkin,1
Kuukausittausia,1
Päteemis,1
Jonkait,1
Jousimalliset,1
Kalorimärällä,1
Harrastejärjestöä,1
Tapahtumaehdotusta,1
Apteekkarikabaali,1
Varkalle,1
Viinijuoma,1
Takaperosia,1
Istuikohan,1
Aktiivihiilessä,1
Syömishäiriösubrediteissä,1
Laihdutusdieetti,1
Alueliitoksista,1
Minimitavoitteeksi,1
Jodihommia,1
Varautuessasi,1
Analyysitutoriaali,1
Visualisointikirjasto,1
Koneoppimiskirjasto,1
6vquisdd3ym,1
Npeutta,1
Pyörälauman,1
55wb8expj3o,1
Nuorisojuippeja,1
Prosettiosuudesta,1
Viisamatta,1
Verotoimistoheeboineen,1
Harhatusta,1
Mafiakoneistoaan,1
3ws3yptlmlq,1
Työpaikkakohtastahan,1
Apujohtajaksi,1
Ilmankierrätyskoje,1
Erityisosaamisena,1
Jalkaväenkivääri,1
Pystykorviksi,1
Kudoksiaan,1
Puhelimeleen,1
Painautukaa,1
Väistelkää,1
Pyyhiskellä,1
Heppoosta,1
Lisäänneet,1
Uusliberalistisina,1
Jodejaan,1
Kilpirauhassyövistä,1
Popmundo,1
Viiniuudistukseen,1
Viininviljelykokeilu,1
Viinimaiksi,1
Päähäntaputus,1
Tsaarinaikaisissa,1
Reikätähtäin,1
Skriinit,1
Futu,1
Mätsik,1
Krintsiä,1
Teknokämäisyys,1
Vesisateelta,1
Nuuhkaiseppa,1
Spiralis,1
Suspensionis,1
Paperikansioita,1
Keskarille,1
Tisua,1
Puuvillasormikkaat,1
Nassepussista,1
Apteekkaribakkanaali,1
Yhteistuhosta,1
Kooditta,1
Keskusteluajaksi,1
Kilpirauhasvaivoista,1
Jodipitoisia,1
Eineiksissä,1
Tablettejakin,1
Passileimaussysteemistä,1
Palaveristrategiaan,1
Konsulttielämää,1
Ekspansionisteja,1
Rasvamaksaankin,1
Satiirisarjana,1
Bissebudjetti,1
D9b624fe,1
F90116ccd27f,1
Menneisyydessäs,1
Turvakoodiin,1
Arkiliikkumisessa,1
Käyttökeopoisia,1
Murhamummeli,1
Gfktqfcatry,1
Präsentaatio,1
Teknobabblen,1
Suihq,1
Puolueraja,1
Julkaistettu,1
Ydinviitta,1
Skämmäystä,1
Organisointikyvyistä,1
Työhyvinvointiongelmia,1
Naapuriyksiköissä,1
Paikkakuntaki,1
Vxsqn7qxwpu,1
Napsauttelemal,1
Mangapuma,1
Metsaepeura,1
_girl_of_the_meadows,1
Perustoimia,1
Verkkopalveluitaki,1
Kusetuksee,1
Lävähtävä,1
Ydinpuolustus,1
Burgerpizzaa,1
Wondergirl,1
Wonderboyn,1
Kullipora,1
Expiren,1
Verenluovutuskäynneistä,1
Puristuville,1
Kilomteri,1
Alumiinifoliorullaa,1
Shuatana,1
Vieläkkään,1
Toimittannu,1
Rekryvastaavalle,1
Itsesäälissäsi,1
Kirjottamillasi,1
Märehtimästä,1
Itsesäälikierre,1
Yhteystiedoilta,1
Sessiopa,1
Täppäkään,1
Tietokantatietuetta,1
Virkistelemään,1
Laihdutusryhmää,1
Ravinnepirtelöitä,1
Allevoja,1
Nutrimitälie,1
Syömishäiriösubeja,1
Kaasukätensä,1
Kuristää,1
Sarastiadiili,1
Virkajohtajat,1
Rasmus_lerdorf,1
Terveydenasioihin,1
Keskushallintokin,1
Pyöräytysarvonta,1
Pyöräytysaika,1
Tulehdusnesteet,1
B6korvaus,1
Ennakkotapuksissa,1
Turun_hao20130391,1
Kokonaisarvioinnit,1
Joukkuetekeminen,1
Varmistuskoodin,1
Siirtorajoituksia,1
Viestintäkomppaniat,1
Taistelutehokkuutta,1
Ketjuttumaan,1
Hiirenkliksuttelijoita,1
Cliffhängeriin,1
Snookerliikkeen,1
Jäärypäs,1
Keljuin,1
Ukotuksia,1
Excelautomaatiota,1
Klikkailuvirheet,1
Asennussivu,1
Ibed,1
Ifridge,1
Ydinonnettomuusvaaraa,1
Taloyhtiöilläkin,1
Takuulaatumediat,1
Kylmäpakkauksen,1
Paiseruton,1
Vetojousi,1
Näytönlukituksennennen,1
Piraattivaihtoehtoja,1
Striimauspalveluissakin,1
Tuotenumeroista,1
Printeis,1
Vessapaperinhamstraajia,1
Hamstraustarvetta,1
Fetissikuvia,1
Jorkkelihommissa,1
Jatkopyörittämiseen,1
Lääkepaketeissa,1
Edunvalvonnanalaiseksi,1
Porekiljua,1
Nuolisektori,1
Asiakkuushyrrästä,1
Kynäst,1
Ymmärteeks,1
Tookai,1
Kansanmusiikiksi,1
Perinnevaikutteinen,1
Yläastevalmistuja,1
Suojeluhälytyksissä,1
Sivutöillä,1
Viikkorahojakin,1
Meniiii,1
Transaktiohistorian,1
Motivaatiobuustista,1
Digirokkistara,1
Puhjenneissa,1
Zahedanissa,1
Uudelleenlämmityksiä,1
Huumejengithän,1
Huumekuriireina,1
Katukauppiaina,1
Riskosvastuuta,1
Heillet,1
Jippiiiiiii,1
Pommituskohteista,1
Svatovesta,1
Lähikylät,1
Yampolivkan,1
Bwvkawevrmuxudb0cfhvquffnfe4lmpwzw,1
Terroripommituksiaan,1
Oleksiireznikov,1
Itsemurhalennokkia,1
Maksymeristavi,1
Kamikazedroonien,1
Alkuoletuksiin,1
Klassikkohuijaus,1
Stripannut,1
Jousettaa,1
Kävun,1
Ulkomaansiirtojen,1
Perusasettelulla,1
Normiformatoinneilla,1
Delislen,1
Oacz8yap6_znqkywyxa,1
Rosvorektoreilla,1
Jodivarastot,1
Innokkaimilla,1
Trollimittarin,1
Verottakaas,1
Sodanaikanakin,1
Varhaiskasvatussuunnitelman_perusteet_2022_0,1
Radiopalvelut,1
Sinitukkaista,1
Bakteeripesistä,1
Ilmainainen,1
Rahtiyhtiölle,1
Päättäjiksikin,1
Itsepetoksessani,1
Peliseinälle,1
Löytötavarayrityksistä,1
Kilpirauhasten,1
Napostellaankin,1
Kiljuvero,1
Teokraattiselelle,1
Joditablettiepisoodi,1
Perusreiskalla,1
Perusbluraylle,1
Soundeissakin,1
640kbps,1
Blurayssa,1
Truehd,1
Myytäväksesi,1
Ulkovälinevarastosta,1
Prätkääsi,1
Joditablettiohjeistus,1
Juuomat,1
Dipsaan,1
Sahtina,1
Gallonoittain,1
Verovelvoitteitaan,1
Laivailemaan,1
Fariseuksetkin,1
Tomukasat,1
Astroidia,1
Nopeudenmuutosta,1
Painovoimalinkoina,1
ʻoumuamua,1
Bboumuamua,1
Pesukarhujakin,1
Uraaninrikastamossa,1
Lämmettäisiin,1
Viikonloppuhuvi,1
Kiljuainesten,1
Shampanjaakaan,1
Vieruskaveriaan,1
Tutustumispäiviä,1
Kehoitusbiisi,1
Verkkokauppaostoksista,1
Keskieurooppalaistyyppinen,1
Ylämummokomboa,1
Teatterimonttuun,1
Nätystä,1
Warettavan,1
Harrasravat,1
Valmisteveronmaksajaksi,1
957b82c3,1
7a64,1
B184,1
B9f5dde951b1,1
Ydinfoobisessa,1
Kirjanmerkeille,1
Jännitysjärjestyksessä,1
Ravintolameriittejäkin,1
Dropboksissa,1
Esitärinöistä,1
Pörssisijoittamisesta,1
Aluhmadilullah,1
Tunnistusapp,1
Paperilipuska,1
Turautuksia,1
Puoltavina,1
Luontevuuskin,1
Tunkeutuvuutta,1
Täytevaihtoehtona,1
Jenkkifutisjoukkueiden,1
Dabo,1
Swinney,1
Aktivistimin,1
Joditablettipaniikkia,1
Iltapuluillakin,1
Cyble,1
1d28cb657130,1
Niinni,1
Känkkäränkissä,1
Konseksussessa,1
16ftm,1
Maksavaurioo,1
Sappitietukoksissa,1
Virtsatietukoksessa,1
Sairaustiloissa,1
Elektrolyyttihäiriöt,1
Tulehduskaan,1
Elektrolyyttihäiriö,1
Sappitukosepäily,1
Syömishäiriöpolille,1
Kunniasuomalaisen,1
Myyjäfirmalle,1
Erikainen,1
Vastahyökkäystään,1
Defenderikin,1
Löytötavartoimisto,1
Pikkustudion,1
Ankkailua,1
Politiks,1
Erotiks,1
Loruni,1
Passileimaussysteemi,1
Viittaakko,1
Hentaitas,1
Vaihtoehdotuksia,1
Kyselyitäkin,1
Lastensisällöt,1
Luetunymmärrysalgoritmi,1
Pekkaskertymä,1
Uusimispotentiaaliin,1
Roskapostilistat,1
Montteri,1
Automatkakaan,1
Mekaneismeismeista,1
Macronkaan,1
Lotkutuksesta,1
Levylevy,1
Tullilaki,1
A304,1
Aineenhallussapito,1
Sijottajaksi,1
Kuljeskelisivat,1
Puistonpenkeissä,1
Viisauksineen,1
Muovinkorviketta,1
Moopolilla,1
V1628197190,1
Implikoitkin,1
Pääättärille,1
Kustantajanakin,1
Ohjelmantekoa,1
Piratoimisella,1
Piratointitiedot,1
Ostoversiot,1
Vuokraversiot,1
Pornhubsua,1
Huipouälykkäällä,1
Vastaamaattomuutesta,1
Viestiominaisuudesta,1
Absurdiudeltaan,1
Näpynäpy,1
Kasiraituri,1
Aamuruskosta,1
Robbehan,1
Akuankkojasi,1
Mobiilisovellushuijaus,1
Rokkimaailmoissa,1
Browserlingillä,1
Byrow,1
Tynkgyne,1
Pyöräytyksiäkin,1
Vodkamerkkejä,1
Hankkimiisi,1
Sotainstituutio,1
Aseostoksista,1
Skyshowview,1
Xjf8l7,1
Tsekkasin_l,1
A4hes_kaikkien_suoratoistoalustojen,1
Ostosignaali,1
Toriviestien,1
Koronakuormituksen,1
Betamax_tape_v2,1
Sieluisille,1
Birnbaum,1
Revitalisation,1
Mäihältä,1
Miespreferenssit,1
Miesvalinnoista,1
Striimaajahan,1
Kokoonpanopäivitys,1
Varallisuudeks,1
Lunastatko,1
Bileethärri,1
Hässistägi,1
Ringemoumentai,1
Särmikkäämminkin,1
Karvamöröille,1
Trolitan,1
Teksititettynä,1
Öljyporaajista,1
Ranintola,1
Webanalytiikkaa,1
Factoriksi,1
Cinjdxlusny,1
Gbibliltä,1
Kärkivientituotteiden,1
Coacheiksi,1
Huitinvitussa,1
Sekoporukka,1
Syvätraumaa,1
Metalliluoti,1
Suojeluharrastuskoiria,1
Fenzin,1
Sosiaalistumismuurin,1
Menettemäinen,1
Lottasvärdiä,1
Kirjoittamalleni,1
Viimeillä,1
Turaukselle,1
Graphicisia,1
Turvasysteemin,1
Vapaakauppaperiaatteen,1
Taloustaidottomilla,1
Verikokeissasi,1
Kestokyvyssään,1
Krakenpinelle,1
Filmikopiosta,1
Bhl8wldhkay,1
Pienpanimoisat,1
Vihatreenissä,1
Pokemonkorteissakin,1
Yksinpelienkin,1
Passiivissuus,1
Väestönsuojanhan,1
Varastoinahan,1
Hiileistä,1
Mieslapsiulostuloja,1
Sokeriviiniä,1
Idoodoo,1
Kuvastoistani,1
Kutsuntojahan,1
Kollaboraattoreiksi,1
Änkyräkonservatismiin,1
Puhelinvahvistusta,1
Karmalaskuria,1
Johteelle,1
Kylmävesihauteessa,1
Kotirintamapalveluksessa,1
Kotirintamapaska,1
Kulutusmaaperiaatetta,1
Genuiinisti,1
Raivaajasukeltajien,1
Liibalaabakeskustelu,1
Alennuspasta,1
Pussikaljotteluun,1
Ruonansuuhun,1
Virtuaalirahoista,1
Lentäjillähän,1
Rahantekointressejä,1
Laastaripatenttipelottelukampanjaansa,1
Tullaustapahtumia,1
Tpyxa,1
Tryha,1
Tarpomiselta,1
Koiraohjaajaksi,1
Koillispuolisen,1
Puhepainoitteisen,1
Tuplahyötynä,1
Metsämäellä,1
Taulukoinnissa,1
Numeerissa,1
Arpaisiin,1
Kärkipelaajien,1
Yllätyslaatikoissa,1
Työhaastattelussaan,1
Juoksemistakin,1
Climbista,1
Jankovic,1
Belushilla,1
Kilpailuelukoita,1
Raidehuoltoreittien,1
Haavoittuvaisilta,1
Jähdyksen,1
Vähentämisessa,1
Katalogeissaan,1
Makromaksukauppaan,1
Genuiinibeduiini,1
Ajatuksillekkin,1
Vähittäismyyntikiellon,1
Värikuulan,1
Tulomuutoshan,1
Etämyydyt,1
Kielityhjiössä,1
Treeniryhmässä,1
Blursy,1
Kotirintamakoulutuksen,1
Betamaxille,1
Kuvatutkin,1
Kaitafilmilaatua,1
Nettivarallisuudesta,1
Armeiaj,1
Kaupatki,1
Kiiits,1
Ympäristökuria,1
Jakätevämmäksi,1
Kontsaansa,1
Skipatulla,1
Laskutelkoot,1
Sähkötyöpöytää,1
Sähkötypöpöydän,1
Hamstraajilleen,1
Lähimaisemista,1
Hinkatuissa,1
Ilmoutustekstiin,1
Takavarikkopöytäkirja,1
Rastatkaan,1
Työhönottoperusteissa,1
Soveltamistilanteissa,1
Terveyskeskuksenkaan,1
Merirosvokapteenipalvelut,1
Toimitusmaahan,1
Kasinotoiminnalle,1
Viranomaiskäytännön,1
Näkemisenarvoisen,1
Uusiutumiskyky,1
Ulkolaispizzeriat,1
Ydintekniikasta,1
Kansantalousoppiin,1
Tavaravoittoautomaatilla,1
Myyjäfirmaan,1
Templaatteihin,1
Streamipalveluillakin,1
Hölmönnäköinen,1
Ensikierros,1
Hirmuibe,1
Korjataksenne,1
Somemateriaalin,1
Hankkininen,1
Antautumisehdotuksista,1
Liikuntasuorituskin,1
Dopamiinitoleranssiasi,1
Toleranssitasosi,1
Mölisemistäsi,1
Nekrofiliaakin,1
Monikavaääntä,1
Yllärilaatikoiden,1
Uhkapeliluonnetta,1
Yllärilaatikoita,1
Raskauskyky,1
Sotilasaineksesta,1
Karbonaaraa,1
Lihaveropron,1
Runksuttamistaan,1
Etämyyntien,1
Televisiolähetyspalvelujen,1
Telepalvelujen,1
Kaukomyynnin,1
A4myynnin,1
Maatalouskomissaari,1
Astangajoogakurssille,1
Ostomaiden,1
Kynnyskohdista,1
Piensijoittamalla,1
Daytradaus,1
Äänisuoratoistopalvelut,1
Kanssareivaajani,1
Tupakoidakaan,1
Seitsonen,1
Chattiviestejä,1
Ravipaivat,1
Disneykonsernille,1
Viherhihhulointia,1
Podcastienkin,1
Jumputusmainokset,1
Maksuttomassakaan,1
Täytemäärät,1
Pizzoisssa,1
Halukkuutemme,1
Opinnäytyössä,1
Referointioppaita,1
Ttodistavat,1
_journalismin,1
_palkitut,1
Luvulla_palkitut,1
Ilapäivälehtiin,1
Iltalehtesi,1
_iltapäivälehdet,1
Inttäjien,1
Argumenttejanne,1
Keräilykorttiboosterit,1
Keräilyharvinaisuuksilla,1
_kojirase,1
_nikki,1
Hokuo_kojirase_nikki,1
Alleviivatko,1
Nurmenleikkuulla,1
14udgh4,1
Flixer,1
Striimissäkin,1
Perusreiskaan,1
Kohtuutasoa,1
Skottikoira,1
Kebuloihin,1
Pizzasuikaleeksi,1
Laitteis,1
Diplomaattikanava,1
Vertuaskuva,1
Japaninkokeesta,1
Sivuoireettomia,1
Lentotuen,1
Pomohomo,1
Äänestystukeni,1
Akpn,1
Akupunktiotyyppi,1
Hrmorata,1
Ilmaisäänenlaatu,1
Työsuhderiskeistä,1
Bisneslentäminen,1
Päästöverottamisessa,1
Kurdivähemmistön,1
Kauhufiktiota,1
Perintösumman,1
Attackerin,1
Lobotomioilta,1
Hyperkilpailulliset,1
Läskimooseksille,1
Makkaramakkara,1
Shumatsu,1
Konsolipelibisnes,1
Konsolipelitalojen,1
Välisijoituspaikoilla,1
Tikulleni,1
Hiihtopesis,1
Isännä,1
Tunneillä,1
Braunhan,1
Negus,1
Esittelyikkunassa,1
Piirimestareille,1
Maailmanmestarimaratoonarilla,1
Juoksusuorituksen,1
Veorissa,1
Himosatseja,1
Normaalikauppojen,1
Britvsjapan,1
Bookliven,1
Suggestioherkkyyttä,1
Somatisointitaipumusta,1
Terrorismiloiminen,1
Aherra,1
Idyllissa,1
Nopeuskestävyyttä,1
Asiapitoisemmat,1
Divorcetics,1
Fejydc,1
Kolauteltiin,1
Yksilötesteihin,1
Työhaastateltavana,1
Iranilaisnaiset,1
Tuhlaajanapoikana,1
Lipunkatsojaa,1
Matkatavarahenkilöstöä,1
Miespoliitikoihin,1
Lehtipeitteellä,1
Hoksaatako,1
Työnölla,1
Vavistat,1
Koululiikuntatunnin,1
Piirimestariopettaja,1
Piirimestarille,1
Jälkitunne,1
Rytistyksen,1
Asiantuntijakamuni,1
Kissanristiäisviikonloppureissuille,1
Tajunnanpäräyttävän,1
Suomalaisvirkaihminen,1
Tilausajankohdan,1
Todnäkillä,1
Suodatettavana,1
Pakettilastien,1
Alkoholinettikauppoja,1
Viranomaishessuille,1
Käymisvälineet,1
Tutkintajonot,1
Suurvalmistajista,1
Tullinsa,1
Sähköshokittelevalle,1
Koiraohjaajalle,1
Pakkosiirtämä,1
Saliurheilua,1
Hfso8uz3jji,1
Vhssaahwhri,1
Aaaaaaaai8c,1
Ydlno,1
Xo324,1
Valiomaito_luuranko_1997,1
Kahdeksankymppiseltä,1
Järjestäjäkö,1
Tiananmenit,1
Iranilaisnainen,1
Venäläisoligarkkityyliin,1
Prakaamista,1
Kuntosalikäynnistä,1
Piensijoitusta,1
Muistiosassa,1
Tytöltähän,1
Hcr2,1
Tappiviritykseen,1
Tienestimahdollisuudet,1
Tappiviritetyn,1
Ykköspeliä,1
Tienestimäärään,1
Introttiin,1
Grindilootat,1
Rahanleikkuutalkoot,1
Rautakappias,1
Ilmastoteinin,1
Johtomaatkin,1
Uumailee,1
Ituhipittelyt,1
Liikuntalajista,1
Huohotanko,1
Kaardemummamauste,1
Paniikkihäiriökohtauksen,1
Fucklawns,1
Yhdyh,1
Abibulaev,1
Evästetiedot,1
Kolinportilla,1
Päiväduuninaan,1
Haravoijana,1
Virkistyssääntöihin,1
Perintöverotuloja,1
Jäätetty,1
Sydäntimanttipotionikolikkokorttikristallia,1
Addiktoituville,1
Mobiilikasinoista,1
Vedonestopannassa,1
Vedonestopannan,1
Vedonestopantaa,1
Koulutusvälineenä,1
Vaurioittaman,1
Kaikkeam,1
Jälkifiiliksen,1
Kebuloissakin,1
Arvosteluperiaatteena,1
Redditpena,1
Lyonnollista,1
Muuttettua,1
Soiduntanssi,1
Säpoilmoitukset,1
Voitaisimmeko,1
Lentokonepetroli,1
Piirimestariksi,1
Säpoonkin,1
Kuntosalikurssilla,1
Kuntosalikurssin,1
Kehonkuvakaan,1
Pelivalinnoissa,1
Venyttelykin,1
Ottaes,1
Liikuntaope,1
Kilpapareja,1
Koululiikuntatunnilla,1
Harrastajallekkaan,1
Liikuntahommaa,1
Mobiilikasinot,1
Petomaisen,1
Jodikaljaa,1
Älykääpiöhommia,1
Kommunismikokeiluthan,1
Huolehtivaisuuden,1
Huilo,1
Puzzlevideopätkillä,1
Feikkihaastattelun,1
Kasvisreseptistä,1
Kulostin,1
Aamuärtsynä,1
Naturalistisempaan,1
Suosikkilainauksistani,1
Työnhakuvalmennuksesta,1
Habeckille,1
Dlceitä,1
Dogmani,1
Perustelle,1
Jarruttaessani,1
Bensapuhaltimella,1
Oikeintoimisesta,1
Perusahdistukseen,1
Lajitreenit,1
Highn,1
Joogapöhinää,1
Uskomantona,1
Keikkaileekin,1
Chattin,1
Liikunnallisuushan,1
Maksimikestävyys,1
Japanintaitoa,1
Puolustustaktisesti,1
Esimerkkikuvassahan,1
Nykyteinikään,1
Odennäköisesti,1
Ratiofiokoot,1
Kuljetustilauksia,1
Kampitettais,1
Miljoonaperinnöksi,1
Sairasputki,1
Margnaalin,1
Himoverotettaisi,1
Välilaskeutuvat,1
Syöksytorvet,1
Serrín,1
Koodaustreeneissä,1
Sisältöehdotuskommentin,1
Menestymiskammoisuus,1
Jätteenään,1
Yleisurheilulajien,1
U5v900q,1
Takaperinpiruetteja,1
Harjote,1
Naisjuoksijoilla,1
Vispaavissa,1
Istumatyöläisen,1
Kaikkihiihdosta,1
Heikkokuntoisilta,1
Kuksahtaa,1
Rääkkäviin,1
Liikunnanopettajiin,1
Liikkunanopettajaksi,1
Kokonaisvalheellinen,1
Milk_and_honey,1
Kanakoneesta,1
Hyymör,1
Munateollisuudesta,1
Lootboxithan,1
Tileillekin,1
Rahastusvälineenä,1
Kiintiöannos,1
Huijauspyörästä,1
38vol,1
Giftbox,1
47vol,1
Rommille,1
Kraine,1
Koripallokerho,1
Yhteiskuntatasoiselle,1
Ruokarakennemuutokselle,1
Lihaaneilta,1
Rauhansuunnitelmista,1
Munittua,1
Merttuterttu,1
Suhteutui,1
Korppikaan,1
14stn,1
Kalsiummäärää,1
Korkeajännitekytkimiä,1
Korkeajännitevaramuuntajia,1
Allekkirjoittamaan,1
Joukuueessa,1
Erotics,1
Halpislentohinnat,1
Pimpmystremion,1
Matkustamistahan,1
Nähttöä,1
Munintatiheyteen,1
Somesijoittajapöhisijät,1
Zegoilee,1
Kriistitilanteissa,1
Aikuistumisenkin,1
Haettiiin,1
Huonoksipaljastuneita,1
Työvoimaston,1
Kärkipelikseen,1
Vähäsemmäksi,1
Aikuisalla,1
Flipperinä,1
Palkintoarpoja,1
Edullusia,1
Sisäpuhelinverkon,1
Tomuisilta,1
Keskiarvosuomalaisella,1
Ruokarakennemuutoksessa,1
Täyskasvissyöjiksi,1
Jalostuneiden,1
The_pirate_bay,1
Joukkuelajitkin,1
Olutpäkki,1
Pienempituotantoisilla,1
Maatiaisroduilla,1
Korpillakin,1
Gerthard,1
Lähtösivu,1
Vasemmistonäkökulma,1
Taajamaympäristöön,1
Tappamiinsa,1
Juutalaisrokotteista,1
Vielã,1
Ruohomakkaraa,1
Pekoniburgerin,1
Appelsiinilimsaa,1
Paikkoje,1
Risteilyohjuksillakin,1
Vakuuttamat,1
Toimitilahuoltajanakin,1
Kehittytty,1
Epäinhimillistämisesi,1
Ensviikonloppu,1
Xmanagerapp,1
Tamburiinilla,1
Provokaatiosi,1
Erkautuneiksi,1
Valodiodi,1
Provollasi,1
Edunvalvojavltuutusta,1
Viikkotreeniä,1
Menemänä,1
Hankintalainalla,1
Urheilurutiinia,1
Uintitekniikka,1
Kartanlukuun,1
Kalsiumpitoinen,1
Vaikutuksiltani,1
Lajikokemuksia,1
Voitelutaidoista,1
Joukkuvalinta,1
Lisäkiusaamiseen,1
Taklailuun,1
Liikuntanumeron,1
Liikunnanopettani,1
Toistotulokset,1
Ostotahtoni,1
Piraattikiljun,1
Puolustustautumaan,1
Crackattyjen,1
Liikuntatuntisin,1
Invaliidiksi,1
Paritehtävään,1
Vessapaperiasiat,1
Merkintäkynää,1
Suoritusajassamme,1
Aikahyvitystä,1
Kusetusyritykseltähän,1
Ilmaispitsa,1
Partiotaustan,1
1boh1jjbkpi,1
Låsfabriken,1
Assa_abloy,1
Mainostunnuksista,1
Reunaoikeistoa,1
Libertaaneja,1
Vasemmistolaispodeja,1
Kerhotalokin,1
Piereskelevien,1
Petrokemianteollisuuden,1
Mestarinkappale,1
Kasvattaalapset,1
Äidinmaidonvastikkeet,1
Koiratietämystä,1
Googlaamattakin,1
Tähystyskiikaria,1
Hlökohtaisen,1
Pitämättömissä,1
Pihvinhimo,1
Kiriakiäli,1
Koirapiireihin,1
Höntsyporukkaan,1
Ongelmakäyttäjäryhmän,1
Lempipodcast,1
Pinnasankya,1
Eb8109af,1
899a,1
A6d0b18f8088,1
Starlinkiltä,1
Indian_giver,1
Marginaaliveroasteikolla,1
Ohjelmatyyppejä,1
Kuntotavoitteet,1
Ääriharvoissa,1
Aineallergoiden,1
Italiankielellä,1
Liikunnanopea,1
Moraalifilosinen,1
Vasemmistolaisiks,1
Voluumille,1
Kusipäävegaaneihin,1
Profiloinnillakin,1
Valmistustavallaan,1
Diagnositiin,1
Arvontasivun,1
Sijoituskämpästä,1
Sllittua,1
Käsitelleeni,1
Y210jq,1
Fsb_publishes_scan_of_the_kerch_bomb_truck_but,1
Tunteillut,1
Hiihtokokemukset,1
Aivontonta,1
Juutalaisillakinhan,1
Amurilla,1
Eläimenpaskaa,1
Vastemmistomyönteinen,1
Oikeistohöpinää,1
Friedmann,1
Tulopuolenkin,1
Paskojarääkyjiä,1
Maastojuoksija,1
Loppuspurttina,1
Alkulämppäri,1
Puolilimainen,1
Kaikests,1
Joiteriksi,1
Koulupoikaiässä,1
Kierryttää,1
Värähdän,1
Pelillistys,1
Visualisoivat,1
Zrps7vn,1
Lähiduunikeikat,1
Punttisaliympäristöstä,1
Carbilla,1
Kiihkovegaanit,1
Aliupseereihinkin,1
Liikuntapäivää,1
Kokonaiskalorimäärää,1
Lipolyysisi,1
Tölkkiglögit,1
Kohautettaisiin,1
Virkamiesrälssin,1
Aktiviteettitasoni,1
K_zmaeuiht_qrwt6tfkyaa,1
Aerisoleja,1
Alimitoitat,1
Webripejä,1
Hotdista,1
18mbps,1
Palkkaseurantaa,1
Nettovarallisuuslaskelmaa,1
Ciespki,1
Lisäravinnevalmistajat,1
Palautumisjuomia,1
Marvellia,1
Ruokavalioltani,1
Kuvaamaitoa,1
Gatchapaskan,1
Vahtaavaa,1
Kiinteistövahinkosaneeraukset,1
Lämppärisyötöt,1
Omistajayhtiöille,1
Katseluaikana,1
Uutepakkauksilla,1
Spraymallas,1
Yleisopettaja,1
Lehtimassa,1
Mädäntyäkin,1
Vuennon,1
Vegaaniöyhöihin,1
Tesmaan,1
Yllätysmenoihin,1
Replacet,1
Emissioning,1
Diode,1
Hoidetttua,1
Harrasyusten,1
Liikunnatta,1
Kilpailuton,1
Pullokorkit,1
Panimosokeri,1
Heikkokuntoisiakin,1
Koulutuspohjastaan,1
Rasittumisesi,1
Saapumisryhmässä,1
Kuljetusjärjestelmien,1
Samimiettinen,1
Huipputasollahan,1
Rääkkien,1
Kokemuksienkin,1
Valituttivat,1
Kymmenottelija,1
Kryptofasistisilla,1
Ryhmäytymisiin,1
Lukitysnäytöllä,1
Valiotuputuksen,1
Maitoavautuminen,1
Urheilijajulisteita,1
Teinimökötettyä,1
Käyttöoikeuslisenssistä,1
Epäurheilullisuudestaan,1
Kännykäkin,1
Chattiohjelmia,1
Kylämäisempään,1
Nettilöisissä,1
Vaihtoyliopistossani,1
Painonnostokurssille,1
Kertakokeiluiden,1
Kedakai,1
Avatessas,1
Linksys_iphone,1
Apple_iphone_and_trademark_dispute,1
Seksivälineliikkeille,1
Pesishän,1
Muutekii,1
Lauhduttavat,1
Turripornopatreon,1
Tankkilähetykset,1
Kasvisruokavalistusta,1
Veganismivittuiluaan,1
Silkkihansikkailta,1
Promokuviin,1
Harjoittelumatsi,1
Leivitettiin,1
Verkkolevyversiota,1
Asuntolapommitukset,1
Tuppojen,1
Tasaväkisillä,1
Pakiksi,1
Tanssikuvioita,1
Tanssikoreografioita,1
Pähkinöisstä,1
Bingetä,1
Putkitan,1
Saanur,1
Kiusauskoppiin,1
Veganismivittuilua,1
Yrttipalsta,1
Lääkeomavaraiseksi,1
Akillesjänteiden,1
Japanintaitoiset,1
Epipphij6d,1
Sisarlapseni,1
Liikat,1
Ammattilaisurheilijoitakin,1
Lenkkipolulleni,1
Maitoia,1
Ravannutta,1
Viheliäisemmät,1
Arvosanassani,1
Jäkispojat,1
Postitusmaksun,1
Aistidata,1
Väsytää,1
Pesiskerrat,1
Mestaripelaajaksi,1
Sirkusaktiviteetteja,1
Himourheilijoiltakin,1
Jongleeraamiseen,1
Puistoekosysteemillä,1
Kasvissyöntikään,1
Murhauttaisi,1
Ravinnonsaantiasi,1
Anthropocenemagazine,1
Efektinen,1
Yleisurheilutaustalla,1
Kaarrejuoksun,1
Rinnakkaisluokkalaiselleni,1
Juntattava,1
Nuoreeen,1
Yllärilootan,1
Istumatyöläisiin,1
Muljautellut,1
Bunkkereineen,1
Vesikanisteria,1
Naapurivaaran,1
Anntanut,1
Örkeistäkö,1
Vastaanottokuitannut,1
Rahdinmaksajaksi,1
Koululiikasta,1
9ahudwbvses5x8x1irjpgw,1
Vieraahkosta,1
Äärimmäisyyteensä,1
Liha_pää_eläimen_vihaajia,1
Healaa,1
Liikuntaintoon,1
Yllärimunista,1
Yhtenäistämis,1
Maakrapujen,1
Pelaajaki,1
Työvoimapulallinen,1
Lehtipeittona,1
Visureihin,1
Lajiharrastajakoulukiusaajat,1
Sählymaalivahdiksi,1
Sählymailasta,1
Kaupunginmestaruus,1
Hyytymät,1
Turvannee,1
Ensihetkien,1
Lm2a1k,1
Vaikka_olin_saanut_jo_yhden_kielt,1
A4n_vastauksen,1
Hiihtovarusteita,1
Urheiluvarustein,1
Kilpailuvaatimuksineen,1
Pedagogialla,1
Ngp7gvo,1
Misääritataareja,1
Överirankan,1
Pmc6267406,1
Pyytämättäni,1
Liikuntavastaava,1
Vesikatkonkin,1
Kokkailuakin,1
Koululiikonnan,1
Takavarikointiperusteen,1
Ringetteäkään,1
Venyvyystesti,1
162kpl,1
145kpl,1
Possukohtaus,1
Merikansoja,1
Toimteetulotuen,1
I9olmxcrxja,1
Ihqsanna,1
Suunnistustunnin,1
Giirl,1
Kansalaispidättää,1
Ulosmyyntihnnat,1
Pyyntipalkka,1
Isorikkaista,1
Kilpahiihtoa,1
Hikkeä,1
Pyöräsuunnistus,1
Iskuvaikutus,1
Keskitienoon,1
Suorituksestamme,1
Lempituntejani,1
Osoittelemisesta,1
Ohiammuttua,1
Gatchalaatikoista,1
Baidoun,1
Coopermies,1
Hyväkuntoisien,1
Kävelytasolle,1
Inflaatioarvot,1
Lihaskuntoilu,1
Lentokorkeuksilla,1
Mestaruustasolle,1
Alakurttilaisilla,1
Teollisuuseristysalan,1
Tulityöturvallisuus,1
Paineenalaisen,1
Tulistetun,1
Säiliötyöt,1
Simpleflying,1
Maksuohjeiden,1
Massatilaajia,1
Vetäneesi,1
Sijaisopettajalta,1
Agiiliksi,1
Antifragiiliksi,1
Miljoonapäätös,1
D6mh8ql,1
Relasi,1
Urheilufanaatikko,1
Traumatisoituivat,1
Jänkäystä,1
Urheiluintoilijat,1
Diagnosoimattomuuden,1
Endorfiinitason,1
Makuultankin,1
Karaistuneempi,1
Lenkkikerrasta,1
Lyöntivuoron,1
Viiniryhmästä,1
Viihdi,1
Sählypallolla,1
Louisianaan,1
Muumiutumassa,1
Sielunystävätärtä,1
Näynnä,1
Wooodpecker,1
Geomagneettisesti,1
Teollisuusinfrassa,1
Ylioptimoimalla,1
Riskitasojakaan,1
Bisnesukkelilauma,1
Etäostamisesta,1
Tattarihiutale,1
Gton,1
Murhapommi,1
Tyäterveyslääkäri,1
Kännykkätukiasemista,1
Vesiputkistoista,1
Klyx,1
Laxoberonin,1
Syssä,1
8mkhqx,1
A4_oli_puuhun_naputeltu_lauta_ja_lautaan,1
Dzpv4b9,1
Warettakaa,1
Järvisairautta,1
Pegorioniakin,1
Takymetrimittausta,1
Hiivakaljaa,1
Lasermittauksista,1
Ympyräsuiseksi,1
Juoksutekniikassa,1
Lintsasinkin,1
Kävelyilläkin,1
Pimittäjät,1
Klikinkalasteluotsikot,1
Paraplegia,1
Yleismaallistaa,1
Kiinteistövahinkosaneerauksissa,1
Tulityövahdiksi,1
Droonintorjuntakalustoa,1
Radioaaltotykkiä,1
Verkkoammusta,1
Lennätinlinjoihin,1
Nykyinfraan,1
Perusunkarilaiset,1
Valmistautumattomuudessaan,1
Varasoitua,1
Miettitämään,1
Mäisimmistä,1
Hiihtäjäsuuruuksia,1
Pakkasrajasta,1
Liikuntatraumat,1
Lössyköiden,1
Koripallopelaaja,1
4x2h,1
Pelikuvioiden,1
Irrecoverable,1
Wiinaa,1
Poblano,1
Suositusannoksella,1
Varapolttoainetta,1
Hallinnan_siirto,1
Perustamisajoista,1
Rupattelutyyli,1
Kasarihahmot,1
Työvoimapulakitinä,1
Asiakasyrityksellemme,1
Ruokaleivästä,1
Kahvilatuotteiden,1
Rivirikollinen,1
Powermoverista,1
Panemalle,1
Pesävahti,1
Siepparia,1
Liikuntatuntikokemukset,1
Popperasia,1
Löysistää,1
Taikatuoksu,1
Suksipussin,1
Endorfiinikin,1
Epiduoa,1
Polyypin,1
Takymetrilla,1
Tarkemittauksiin,1
Helevetillisesti,1
Paistonkestävä,1
Maastojuoksukilpailu,1
Uudestaand,1
Tuhanssia,1
Ystävänille,1
Pussja,1
Circumnavicat,1
Voinat,1
Urheilulait,1
Tyttöjenliikunta,1
Peilisalikeppijumppa,1
Peilisalissa,1
Flunssamenkkamikälie,1
Epätodennäkösellä,1
Addiktoituvalle,1
Personaalle,1
Numeroyvdistelmää,1
Weenä,1
Referendseinä,1
Karkkikuoressa,1
Addiktiokeskusta,1
Maksimiä,1
Enemapussi,1
Hajasijoittamiselle,1
Piensijoittamiseksi,1
Kahdestakymmenestäkään,1
Arvokonservatiiviporukka,1
Jokatoispäivänen,1
Täyshintasta,1
Vinoiltii,1
Peräkentällä,1
Kopinkin,1
Lyömävuorossa,1
Pohdiskelikin,1
Loppuiskohan,1
Kouluttavista,1
Mt3r8xmbvj8,1
Heppaseminaarista,1
Rajakoiria,1
Kannusteetkin,1
Ketoruokavalioon,1
Viisasteluklubista,1
Armeijaromun,1
Hervantalaismies,1
Chatzin,1
Itkujeesustelua,1
Holittomalta,1
Kalorilisänä,1
Hylat,1
Boomership,1
Vähäoisaisten,1
Kanamunaleivän,1
Kulttukäännyttämistä,1
Vegeruokavalioista,1
Peruspatulla,1
Ncisää,1
Julkaisuajassa,1
Pikkunassukkana,1
Hiihtotraumaa,1
Fruktaanit,1
Läsnäolomerkintää,1
Liikuntakamoja,1
Oikeistopodcastien,1
Sijoituskauppa,1
Tieväylän,1
Tärähtelymittari,1
Pyörätienpohja,1
Tilantesseen,1
Laktuloosia,1
Tablettiannostusta,1
Kuntomittarilla,1
Akkuvehkeinä,1
Todennäköisyyksiltä,1
Koulukiusaamiselementit,1
Ryhmäkäytös,1
Kenttäurheilun,1
Bujetointi,1
Punakulmaa,1
Näkökulmiahan,1
Esiteinipoika,1
Joululahjoo,1
Venääläisiä,1
Jouluva,1
Extrapienet,1
Rajamerkissä,1
Spurttaaja,1
Yksilölajista,1
Pikkujoukkueet,1
Edustusjoukkuelaisia,1
Höntsäilymeiningille,1
Sanakokoelma,1
Aspaltaan,1
Määrityille,1
Painoarvotaulukon,1
Kisaamasta,1
Sarjasa,1
Pohjuimmiltaa,1
Kisailisitte,1
Lentokieltoalueethan,1
Siviililennokkien,1
Kansantanseista,1
