Rahoitussopimuksia,2
Operointikustannuksista,2
Selkäjumin,2
Huuhaahoitoon,2
Viuhtomaan,2
Riseneistäni,2
Pastersteinia,2
Selkeyttäisivät,2
_vähentämään_,2
Kasatuille,2
Rakentelisivat,2
Laboratoriokokein,2
Yhtistäminen,2
Päätteellinen,2
Toimian,2
Opiskelijaedustajan,2
Toteutussuunnitteluvaiheessa,2
Käytäjillä,2
Kuluttajakäytös,2
Nöyrtyykö,2
Vuosilippuun,2
Käsittelykertaa,2
Turhanpäiväisempi,2
Vehnäsato,2
Rauhoittamattomaan,2
Takametsää,2
Koirapelkoon,2
Terroristimaiden,2
Kopioisikaan,2
Korkeakoululaisena,2
Tissikalenteria,2
Ammattikorkeakoulukin,2
Puistokaduilla,2
Liitämistä,2
Läis,2
Pikkupusseista,2
Samoajat,2
Repäisisi,2
Työntekijäliitoille,2
Tukilainen,2
Sytyminen,2
Asiantuntijani,2
Teksteissäni,2
Ohjelmistokehityspuolelta,2
Hehkuttaneen,2
Liidit,2
Uozxy2,2
About_erdogans_comments_that_we_are_not_favorable,2
_paljastavat,2
Elämäntavoistasi,2
Synnytystalkootkin,2
Ujutettavan,2
Kopoita,2
Suurvaltias,2
Gridded,2
Kansanlaakintaseura,2
Mörrimöykkyjä,2
Jankkaamistaan,2
Alkuarvot,2
Ortopediseen,2
Pyydystäjä,2
Vitsakimput,2
Horssaa,2
Kustannuserästä,2
Rapers,2
Lainaneuvotteluaika,2
Muistutusviestiä,2
Maksujutut,2
Kiropraktiikkaan,2
Vaativine,2
Raskaine,2
Helompaa,2
Prefektuureilla,2
Haves,2
Nassia,2
Moskovits,2
Aloittasivat,2
Kampee,2
Nelihenkinenkin,2
Pönkittämis,2
Thas,2
Iskelmäkansa,2
Esiinnostamiasi,2
Huoliteorialle,2
Sisäilmatutkimus,2
Ruokatilauksista,2
Satunnaistettu_vertailukoe,2
Turkkilaisetkaan,2
Aatelisarvojen,2
Seppisen,2
Kunniamerkillä,2
Hälfäässätä,2
Battör,2
Haimalla,2
Karhumarkkinoiden,2
Paremmon,2
Opiskeluaikaisen,2
Samantapaisille,2
Aikakytkimellä,2
Dowiin,2
Tuotantovoimat,2
Avainasiahan,2
Hygieniatavaroita,2
Undonen,2
Pikkutuhmilla,2
Pelkkkä,2
Pystykuvattu,2
Prefektuureissa,2
Edesautettua,2
Kansalaispidätyksiä,2
Boottasit,2
Ratsaako,2
Työpaikkapolitiikkaa,2
Aatelisnaisilla,2
Vakutuusyhtiö,2
Kesäkurpitsalasagne,2
Spaghettivuoka,2
Parsakaalipasta,2
Pakastelohesta,2
Torikokoukseen,2
Julistikin,2
Hintapiikkeihin,2
Opintoohjauksessa,2
Casted,2
Diktaattoreineen,2
Bylaws,2
Jatkoopiskeluun,2
Teitittelyt,2
Rauhottuivat,2
Oliivipurkin,2
Ajankäyttökysymys,2
Noutoruokia,2
Kuinnoittava,2
Napostelulle,2
Transporttereilla,2
Takahikiää,2
Alkusta,2
Roskattomuudesta,2
Kalapuikkopäivä,2
Ruokapäivinä,2
Savuhaitan,2
Ravintolakulut,2
Menetänkin,2
Solisluuni,2
Uskontososiologiaa,2
Paljastettavan,2
Seriffien,2
Vihatakaan,2
Suurrimmaksi,2
Raaputusarpoihin,2
Postipisteen,2
Pettuleipääkään,2
Tissiposkeilut,2
Tietosuojasi,2
Siiloutuneita,2
Kuljetusyksikön,2
Lippupäivän,2
Renkipojaksi,2
Mikrobimäärää,2
Hätäkeskustyöntekijän,2
Käyttäjäehdoista,2
Juho9001,2
Hoitotarvikkeita,2
Vastaanottotila,2
Dunkerque,2
Kiinalaistakaan,2
Kyselyihini,2
Terveysvaikutteita,2
Osteopaattinen,2
Itämaisena,2
Sähkömiehiin,2
Kestoahdistus,2
Vientiliittojen,2
Huoliteoria,2
Merentakaisista,2
Lahdessahan,2
Hankintasi,2
Makaronimöyhyä,2
Raastaisi,2
Tähtäinristikko,2
Kaupunkipyörittelyt,2
Kotilatauksilla,2
Armomurhaaminen,2
3800kcal,2
Amatöörimäisistä,2
Näkymisellä,2
Munkkikin,2
Hämynen,2
Aiheuttaamaa,2
Totutulle,2
Kotiinkuljetettavaksi,2
Lisäveroprosentista,2
Veronkaltaisiin,2
Liikeneteen,2
Ekonomikin,2
Anniskelupassit,2
Tälllaseen,2
Ratifoineet,2
Jackrussellinterrieri,2
Väliaikaseksi,2
Paikallla,2
Varastoillakin,2
Natsiviitteitä,2
Jouhevia,2
Kissaltakin,2
Kaksitonnisten,2
Hinausyhtiön,2
Silmäätekevillä,2
Vyöhykerajoista,2
Työmaaruokalaan,2
Kuulostavissa,2
Puhdistaakin,2
Kertaapa,2
Roskaisuudesta,2
Harrastevehkeillä,2
Minuuttirajat,2
Työnantajapuolien,2
Aiana,2
Terhoja,2
_kysytyt,2
_kysymykset,2
Noudoksi,2
Kadotettuina,2
Oikkuilla,2
Meritoituu,2
Manuaalitarkennuksella,2
Hietamiehen,2
Teddyja,2
Viikonloppusafkaa,2
2kissaa,2
Kokkailtuja,2
Leikkikaverista,2
Mahdollisuta,2
Pimpottavat,2
Etätyöpolitiikka,2
Puhelinohjauksella,2
Infosit,2
Häviöttömästä,2
Levottomampaan,2
Haurastumisen,2
Säteelläkin,2
Lyriikoitasi,2
Väjelle,2
Japsiautoista,2
Kaposen,2
Einesruokaan,2
Modattava,2
Sementtisäkit,2
Kasvutavoite,2
Kaupunkivertailussa,2
Remont,2
Vuosikausienkin,2
Päätyneetkin,2
Keskuspankkipolitiikan,2
Piriltä,2
Alakoulus,2
Riekaleille,2
Kirveenvarsien,2
Ketjuttuu,2
Bäkkäreillä,2
Artistinimeä,2
Vellamossa,2
Fennoskandimetallia,2
Koputteluun,2
Valkosipulii,2
Rosenilla,2
Grau,2
Tämänsisältöinen,2
Portaanpieleen,2
Clarityä,2
Vientiteollisuushan,2
Bentsiini,2
Epäteräviä,2
Pinaattilettua,2
Koeliikenne,2
Aluemenetyksistä,2
Maisteriani,2
Unelmaduuneista,2
Pullahtelee,2
Raiteensa,2
Puikkelehdi,2
Hevoskyytiä,2
Palvelukulttuuriin,2
Herrasfiilis,2
Hipistelyihin,2
Shutteri,2
Focusissa,2
Erottavasi,2
Harventumisen,2
Fujilla,2
Leffaviittaus,2
Karhuntassujen,2
Nahkakypärä,2
Mediaaniliksoja,2
Fairyveteen,2
Ideaalikuva,2
Lausunnoistani,2
Hysteriani,2
Lässytetä,2
Roskavaltioon,2
Fixien,2
Lokittanut,2
Höyrypuhdistimella,2
Levyjarruista,2
Ranskiksien,2
Liikuntaelinvaivojen,2
Hengitysrytmi,2
Osteopatiakin,2
Ortopedisissä,2
Kikyäkin,2
Prinsiipistä,2
Inhottavammalta,2
Hyvittelyyn,2
Pmcs,2
Sakkorajalle,2
Tienkäytössä,2
Lasittuneet,2
Shelleiltä,2
Sandurz,2
Teräksentuotantoa,2
Kannattvaa,2
Vastuuosineen,2
Vastuuvakuus,2
Vaihtoehtoishoitoihin,2
Energiahoidoilla,2
Takakiekko,2
Plussapuolelta,2
Puristusmekanismi,2
Kustannuksissaan,2
Blavatskyn,2
Teosofiat,2
Maanviljelyt,2
Tenniskyynärpäitä,2
Lenolta,2
Pupeltamista,2
Puuukolla,2
Tahallisuuskynnyksen,2
Paparazzikuvia,2
Rakennusyrityksestä,2
Rahanarvomuuntimella,2
Kesatyopaikat,2
Tilperhööriä,2
Onkivapaan,2
A4neiden,2
Peltomäkeen,2
Tankkaushommissa,2
Orso,2
Maanrakennustöistä,2
Hajustakaan,2
Muahahahaa,2
Työmäistä,2
Lomafiiliksissä,2
Valloitusreissuun,2
Ansaitsemantonta,2
Lopettaaksemme,2
Sateenkariväki,2
Toimeliaina,2
Buuttaillut,2
Lastenleirit,2
Kerhonvetäjän,2
Doublesteve,2
Massapostituksen,2
Lepytystä,2
Itsenäisyysliikkeiden,2
Noljakan,2
Nykyhinnasta,2
Pöytäkirjassakin,2
Putiniahan,2
Vinkkaatte,2
Sähköterapia,2
Etujarruna,2
Katupyörää,2
Kippurasarvinen,2
Vihottelemaan,2
Ajoasentojen,2
Syykoodit,2
Laskuyksikkö,2
Auditoitaisiin,2
Contenteista,2
Luonnonusko,2
Rumpujarrua,2
Jarruletkuun,2
Käsijarruihin,2
Tarjomat,2
Raiskaustutkimuksiin,2
Piirustuksiaan,2
Finla,2
Transfoobisena,2
Vioittuessaan,2
Soittamas,2
Monako,2
Jöllejä,2
Reportoineet,2
Nykylääkkeillä,2
Tutkimuspotilaiden,2
Kirpparilöytöihin,2
Kappalehakutulos,2
Hurskahtelu,2
Lesbonaiseen,2
Swattausten,2
Ehkäisypetokset,2
Olevampia,2
Piinatut,2
Voimisteluun,2
Alituotantoon,2
Valtioelimiä,2
Käytänölliset,2
Puolustuvoimilta,2
Söderfjärden,2
Nysvättiin,2
Oikeusmaassa,2
Miestuttuni,2
Neuvostokaliiberien,2
Tykistönammukset,2
Kepparit,2
Incelkuplassa,2
Kiväärikään,2
Liikennöintimahdollisuudet,2
Työterveyshoidon,2
Kisankin,2
Kolarikorjaamo,2
Terveysvaarojen,2
Petralla,2
Asemiltakin,2
Suruihin,2
Tasamaahan,2
Ikonisinta,2
Aloitteisella,2
Varallaolot,2
Korjaamoalan,2
Vanginvartioiden,2
Lisävammoja,2
Amatööripoliitikot,2
Hianohan,2
Hääpukua,2
627k,2
Asumistakaan,2
Ragusealla,2
Fentanyylilaastari,2
Vittuiltavan,2
Raastoitko,2
Tuomionannossa,2
Vakauttamalla,2
Läpsyistä,2
Gaslightaukset,2
Aharistaa,2
Raunojen,2
Potilainen,2
Fermentoinnilla,2
Syydetyn,2
Mössöjäitä,2
Foliojutuissa,2
Sepitysten,2
Viittaajasta,2
Oikeustoimintaan,2
Jännäillään,2
Jysäyttäjät,2
Mehujuomaa,2
Keppareita,2
Vasteaikojen,2
Poliisihenkilökunnan,2
Lisälämmöstä,2
Kaasukuplien,2
Negatiivisiakaa,2
Lämmönvaihteluista,2
Pilaantumattomia,2
Leveyspiireissä,2
Himoittais,2
Piirroksillaan,2
Maankäyttösektorista,2
Värijärjestys,2
25gp,2
Hallintotuomioistuimeen,2
Downvotetitko,2
Peltipizzaa,2
4dcb,2
Ba27,2
Tippauskäytäntöä,2
Ruokaperunan,2
Osatoilla,2
Nokkosihottumalta,2
Kopeekoita,2
Ahdituksen,2
Symmetrisiksi,2
Lahjoissakin,2
Kitsaiksi,2
Ylimenneen,2
Fysiologi,2
Syynääjä,2
Tuotekatalogia,2
Päänsärkykohtaukset,2
Hypothesised,2
Kohtauslääkettä,2
Pottuvarpaasi,2
Ihmiskeskeisempää,2
Insinöörikulttuuri,2
Yhteiskuntatieteelliselle,2
Muotoilualat,2
Konkr,2
Paakkuuntumaan,2
Kiinnostavuuttaan,2
Vesitiiviiseen,2
Sel241,2
Hoitomuotoina,2
Liikekohtaisia,2
Halveta,2
Mutisevaa,2
Kontrolissa,2
Oikeusturvaakin,2
Yhdessätekemistä,2
Kylmälaarista,2
Nukkumisasentoon,2
Poranterien,2
Tuhteihin,2
Heteroseksuaalisuudenkin,2
Nykyräppiä,2
Buranoiden,2
Placebossa,2
Pörssihallituksiin,2
Automaattijärjestelmään,2
Korttimaksutapahtuman,2
Tililille,2
Keksitvät,2
40veenä,2
Karttakirjojen,2
Kohotetulla,2
Vaivaantumatta,2
Yleiskoneeseen,2
Falskeja,2
Puremis,2
Aihettavia,2
Hallusinogeeneistä,2
Cisheterot,2
Jälkittää,2
Keikkakamat,2
Myynnitkin,2
250mil,2
Liikuntaelinsairaus,2
Tärähdyksestä,2
Lepäämisellä,2
Tappaakkin,2
Joviaalilla,2
Tippaajan,2
Järjestelmähankintojen,2
Keräysjärjestelmä,2
Pakanneena,2
Valitusrinki,2
Ilmatiloihin,2
Tuotekokoa,2
Yksityisjettiä,2
Airueiden,2
Täysosumia,2
Heterolippuja,2
Palloillessani,2
Antihomo,2
Jenkkiasennetta,2
Rangaistusmuotojen,2
Rikosalan,2
Amerikanpaskaa,2
Kakaduja,2
Papun,2
Provikkapalkkoihin,2
Videonpätkästä,2
Kuljetuslaatikosta,2
Vanhentumisaikoja,2
Siristelet,2
Syrjintäminen,2
Tulletkin,2
Säästyypi,2
Somehuomion,2
Speedillä,2
Etukiekko,2
Lidi,2
Scapula,2
Kompelo,2
Kauheimmalta,2
Tummatukkaisia,2
Ignooratkaa,2
Valonarkuutta,2
Piletillä,2
Rummutuskin,2
Pidättäytyväisyyttä,2
Hallintokoneistolle,2
Perusrafloissa,2
Nutpicking,2
Heteropropagandaa,2
Korttipäätteellä,2
Lemmikkilintuja,2
Kalenteristamme,2
Vakuuttelevan,2
Trollejahan,2
Opiskelojoiden,2
Kerätkö,2
Lumihiutaleitten,2
Aukkoni,2
Lisäämine,2
Ihmispaskoihin,2
Verojousto,2
Tekivisivät,2
Ropotin,2
Tommosiksi,2
Voimafantasioitasi,2
Satuttavasi,2
Naaraaseen,2
Solitary_confinement,2
Pakkotippaus,2
Esillö,2
Henkäyksensä,2
Sekoittumisia,2
Maailmalliset,2
Ojitetussa,2
Seniorikoodari,2
Äänityspaikkana,2
Inflammable,2
Viihdekeskukseksi,2
Laahaan,2
Alottaakkaan,2
Sortamattomien,2
Luitki,2
Kolmivarpainen,2
Ravintolapalvelua,2
Homopakotusta,2
Turriuden,2
Lapsuuskokemusten,2
Unettomuuskin,2
Absraktia,2
Lisärikoksia,2
Kiinnisjäämisriskin,2
Heteroseksuaaleina,2
Emonkin,2
Jenkkipainotteista,2
Pandemiavakuutuksen,2
Tilausruualla,2
Kiviäni,2
Vuolukiven,2
Nuuskapeke,2
Puhumattomuudeksi,2
Suosikkisäkeeni,2
Yhteiskunnallisessakin,2
Laaoz,2
_ynfc,2
Mittakannun,2
Kuljetustoiminnasta,2
Skippaamisella,2
Suihkutteleen,2
Kehityshelvetissä,2
Kritisoiduimmista,2
Loikittua,2
Kököttivät,2
Kokonaismääräinen,2
Heterosuhteisiin,2
Koetaankaan,2
Huomaaki,2
Kohdellakkaan,2
Juhlarahoille,2
Atomium_eur1937,2
Day_eur30346,2
Maaoperaatioita,2
Sepaat,2
Huudahdella,2
Surulaulua,2
Punasteli,2
Sopeutumiskyvyttömien,2
Maalamisesta,2
Jaatelotuutti,2
Pohjavireeksi,2
Deittaileminen,2
Comps,2
Useampivuotisia,2
Letturesepti,2
Kuoletkin,2
Nollatyösopparilla,2
Hylkäjää,2
Manteret,2
Naistarjoilijat,2
Skippaillaan,2
Kilpailukieltosopimuksella,2
Keskituntiansion,2
Akkat,2
Downvotettako,2
Seksuaalirikosjutuissa,2
Juttunsakin,2
Palvelumaksuhinnasto,2
Kiharrinta,2
Sukupuolittama,2
Maskuliinisuuten,2
Vuosilomapäivät,2
Kirjanpitofirmassa,2
Puolustautuvaan,2
Lusivia,2
Pakoja,2
Kokemuslisineen,2
Vuosilomalakiin,2
Normikäytännöistä,2
Karttaprojektiota,2
Uutistalon,2
Sakotettavana,2
Perinnereseptit,2
Juhlistettava,2
Olemainittu,2
Vuosilomapäivien,2
Meennä,2
Generoimisessa,2
Ulostusta,2
Perhekäytössä,2
Suorasuuntaustykki,2
Stubbilaiset,2
Istuvampia,2
Naiskuvakin,2
Suikaan,2
Veronkerääjät,2
Mutavyöryihin,2
Itäreunan,2
Ylisääntelyä,2
Ruuantuottajista,2
Tuntilaisena,2
Lovebombing,2
Raakalaismaisella,2
Päivittämiin,2
Huoltovarmuustavoitteisiin,2
Tyoelamanpelisaannot,2
Paatuu,2
Naitava,2
Vehnänviljelyn,2
Seksiluolaan,2
Särährää,2
Maakuntayliopistoilla,2
Uceb0l9ga3e014ydsgo1ufcq,2
Venäläislehdelle,2
Kalibroinneilla,2
Kuukausipalkkaasi,2
Hallinneessa,2
Ranttasi,2
Työväenpuolueensa,2
Dx3u,2
Hz7m,2
Lyhytkatseisuuden,2
Kesälomapäiviä,2
Maalaisjunttia,2
Triplatuplana,2
Valmiimpana,2
Työmäärällään,2
Vaativammin,2
Fokusoituneemmin,2
Piirtyisi,2
Tunneperustainen,2
Punaniskaisuutta,2
Viihdekäyttöönkin,2
Yliannostuukseen,2
Seksitreffisivustoja,2
Väsyttävään,2
Rahotuspohja,2
Illume,2
Syysviljaa,2
Maaseudunkin,2
Mittarivirheellä,2
Päihdepsykologian,2
Rangaistuspolitiikasta,2
Simulacra,2
Keskirivissä,2
Takie,2
Rankaset,2
Tulisille,2
Keskivertopuhelinta,2
Pienehköiksi,2
Datalta,2
Lausunnoilta,2
Latailemalla,2
Ulkomaalaisesti,2
Makumieltymyksesi,2
Änkyröintinä,2
Jyrkkiö,2
Kirjauttanut,2
Subupäät,2
Vähnee,2
Tasauslaskut,2
Pikkurikolliseen,2
Vannoville,2
Kebulalle,2
Käännöksestään,2
Inspiroiko,2
Hienoimmilta,2
Paperipusseihinsa,2
Mustapohjaiset,2
Ruumiinaukot,2
Lukutaitosia,2
Heraldisella,2
Loppukoneen,2
Subunarkki,2
Tutkimusasetelmissa,2
Viinitarjonta,2
Arkkienkeleiden,2
Piirrettävistä,2
Vaakunista,2
Liplattava,2
Lesbopariskunnissa,2
140l,2
Arvostelutapa,2
Kilpailuhaitta,2
Hindunationalistisen,2
Ibnmajah,2
Kiirekkin,2
Räpyttämällä,2
Värähdellen,2
Muhammedissa,2
Enimmäiskuormitus,2
Klassisempiin,2
Kusetussivu,2
Nuolenkantaman,2
Hoitokynnyksen,2
Mariakaan,2
Lakiesityksenä,2
Tehdastuotetun,2
Toritapahtumaan,2
Fleurs,2
Lalliin,2
Flag_of_liberia,2
Katekoriassa,2
Pääelementit,2
Magneettirannekkeet,2
_symbols,2
Profeetalleen,2
Lumisokeuden,2
Metsäteihin,2
Nähtävyytensä,2
Hankekehitys,2
Ametistit,2
Ylisääntely,2
Alkukuukauden,2
Verikoirien,2
Skeneukko,2
Witchery,2
Aggressiivisemmiks,2
Solvausviestejä,2
Levyhyllylleen,2
Pääfiguurit,2
Osapuoliskolle,2
M142,2
Tukihässäkkä,2
Soottaa,2
Yhteisöllinenkin,2
Sekopäisimpiin,2
Ylöjärvihän,2
Vaihtelevuudessa,2
Fundamentaalimmasta,2
Reseptikirjoista,2
Lihakääryleresepti,2
Terveystiedossakin,2
Metaanivuodoista,2
Putkestaan,2
Filesuikale,2
Kopioidensa,2
Lamarckistinen,2
Deittiappia,2
Ylimielisyyttäsi,2
Ruokatilauksessa,2
Pakettijäätelöstä,2
Vehnäpainoitteinen,2
Rikollisuusluvuissa,2
Lebanons,2
Valmistuneiksi,2
Tietokantaratkaisuin,2
Polichat,2
Finassikriisissä,2
Alttaripoika,2
Suoralataukset,2
Tiphati,2
Biosun,2
Uudelleenintegroitua,2
Nykypäiväisiä,2
Pizzalapioon,2
Geneerisella,2
Tuttien,2
Kyklooppia,2
Asvassa,2
Teräslevylle,2
Contextissa,2
Tuherruksista,2
Tuherratte,2
Viiniviljelmänsä,2
Fmllä,2
Laakkeellinen,2
Erityisosaamistaan,2
Tyrehtymistä,2
Kuulkaahan,2
Vääräuskoisuudella,2
Kaupat2,2
Näyttäytyisikin,2
Päättelyketjulta,2
Esiolettamaa,2
Virheelliseksikään,2
Numeraalista,2
Reseptinkirjoitusoikeuksia,2
Ruohonjuurelle,2
Rahanpesuskandaaleista,2
Höpöpuheista,2
Terveysväitteillä,2
Tuotepakkaukseen,2
Upotettavaksi,2
Palvelumielessä,2
Tankkerillinen,2
Kyytinä,2
Lohkopottu,2
Iniö,2
Lopettaisikaan,2
Skaahan,2
Chakrojeni,2
Thermacelliin,2
Ylistyksin,2
Verokiimaisessa,2
Spraymaalausta,2
Ravintolaliiketoiminnan,2
Päiväkotitätinä,2
Terveysfirmakavereille,2
Aee8,2
Työpaikkavalinnat,2
Johtajasmies,2
Stormakstiden,2
Toimijoiltaan,2
Hallitustrion,2
Kangaskasseissa,2
Vientikaupan,2
Hectic,2
Lecturers,2
Kehitysyhteistyörahoituksella,2
Yhteensovittamalla,2
Kehitystukien,2
Bensanvero,2
Inssiopiskelijan,2
Ansioeläkkeisiiin,2
Ansioeläkkeiden,2
Markkinoilletulokkaat,2
Alkuperäiden,2
Karkoittimia,2
Sääntöuudistukset,2
Kendaren89,2
Elintarviketurvallisuusviranomainen,2
Kritisoivalta,2
Homofobias,2
Ruotsalaisnuorten,2
Kauhugalleria,2
Hengenlahjoistasi,2
Ryssäfasistien,2
Ratkaisemiksi,2
Kansallissankariin,2
Sayers,2
Vaakunahan,2
Soppeenmäki,2
Jarruttelulle,2
Tuskitta,2
Ennakkotarjoukset,2
Tekohengitettään,2
Jälkilämmöstä,2
Köpenhaminassa,2
Pienentyneenä,2
Piripäältä,2
Rikkoontumiseen,2
Laiska_saunatonttu,2
Hyttyseksi,2
Rahanpesuista,2
Pitsalapiota,2
Sudenkorentojen,2
Lämpimähköjä,2
Multimediaviestinä,2
Kevenivät,2
Antroposofinen,2
Kovaaha,2
Parm,2
Dykes,2
Klo23,2
Loppuyönä,2
Pussukoitaan,2
Ravintolayrittäjänä,2
Asumuksiksi,2
Sotalogistiikka,2
Työttömyysrahallakin,2
Uudelleenlämmitettynäkin,2
Roskaruokana,2
Savoyn,2
Thespruceeats,2
Autenttisilla,2
Ikäluoka,2
Sosialistisiä,2
Tulisuudelmassa,2
Mindfulnesiin,2
Sedgwick,2
Placebotasolla,2
Hyttyisiä,2
Miljardööreja,2
Korkeakoulukampus,2
Maakuntakaupunkia,2
Petoksina,2
Ruokakeskustelu,2
Vegaaniversioita,2
Uskontotutkimuksen,2
History_of_pizza,2
Arvoaluetta,2
Haudutellen,2
Luunpalaa,2
Märkälämpötilaa,2
Jenkkituttua,2
Ruuanpuutteen,2
Luokkasegregaatiota,2
Kurjuuseroja,2
Perintövarallisuuden,2
Saavutettavampiin,2
Eriytymiskehitystä,2
Hajaäänin,2
567a,2
A23b,2
Skaalahaittoja,2
Idänihme,2
Nukkumistani,2
Eteentulevaa,2
Eriytymiskehityksestä,2
Tulosidonnaisista,2
Taksikuljetus,2
Vajfbu,2
Määrittelytapaa,2
Laskaa,2
Segregaatiokehityksen,2
Olettujen,2
Musiikkijuhlat,2
Eristäny,2
Hajautella,2
Antreasta,2
Radiomainoksista,2
Pastiksen,2
Sosiaaliturvareformi,2
Tarveharkinnaiset,2
Aikatyöläisiltä,2
Lihasuikaleista,2
Spesifisestä,2
Nimeäviä,2
Tasaako,2
Öljyrahastoon,2
Fuksisuunnistuksessa,2
Sivistyspalveluiden,2
Junnilaisen,2
Evvm,2
Kulttuurišokkeja,2
Portinvartioita,2
Neuvostoaikaisilta,2
Karjalanpaistikin,2
Kulttuuririkos,2
Reseptituotteita,2
Kolhossa,2
Makumaailmansa,2
Keppirangaistuksen,2
Keittöitä,2
Keskituloisuutta,2
Maankäyttöpolitiikalla,2
Erityisjärjestelyllä,2
Mokkis,2
Vesuvio,2
Käristyksensä,2
Lainauskuntoon,2
Makla,2
Jätevesilaitosten,2
Snapen,2
Taikaliemi,2
Haaveilemaankaan,2
Paperikannet,2
Pakottetaan,2
Jasenyydelle,2
Kirjoitettii,2
Lähettämöä,2
Sanojen_alkuperasta_j,2
Soklistakin,2
Varausilmoituksen,2
Osakepainot,2
Määrälaskentaa,2
Sotatuomioistuin,2
Jakeleekin,2
Merkkaustapa,2
Arvonlisäverollisesta,2
Tavoitellutkin,2
Sienillähän,2
Acceding,2
Clemensin,2
Tuopilliset,2
A217,2
Kirjastokirjojen,2
Maintsemaani,2
Summarya,2
Paskamidas,2
Paktin,2
Työntakijät,2
Isollakirkolla,2
Säälimättömyys,2
Käsitelessä,2
Puppuaan,2
Ujelsivat,2
Hälyttimissä,2
Märkäkuulan,2
2hbtqtvct_s,2
Pastaruoka,2
Colorised,2
Pettykö,2
Highlightaaminen,2
Jailbreakannut,2
Luokita,2
Värähtelevän,2
Viettotapoja,2
Yksityisjetteihin,2
Pelottelustrategiaa,2
Vuokrahelvetin,2
Painstaking,2
Naurunalaistavaa,2
Lehtikielen,2
Nahkatakkimiehiä,2
Piemä,2
Olevinan,2
Kesätyöläisiksi,2
Käyttökustannusta,2
Tenttikirjoihin,2
Syöväreissä,2
20jotain,2
Sateenkaaripoppoon,2
Ilmastonmuutostavoitteiden,2
Jettaan,2
C1rz0xgds9m,2
Pipedipapedivittua,2
Flairiahan,2
Ohjaustangot,2
Polkijasta,2
Pyöräkärryyn,2
Sotepiiriä,2
Yhteisrangaistusta,2
Mukuloilleni,2
Rinnakkaina,2
Subreddejä,2
Akkupaketeista,2
Rogeria,2
Peltolammi,2
Pitkähihaiseen,2
Kumitit,2
Charmikkain,2
Bannattuun,2
Päästettiinkin,2
Zaragoza,2
Wattitunneista,2
Aineissani,2
Eteenpäinmenoa,2
Punneruksilla,2
Lihaksikkaamman,2
Vierasmaalaisina,2
Suomalaisnationalismi,2
Blackend,2
Leukatanko,2
Behmeällä,2
Arvopuolta,2
Viittaakiin,2
Vatsalihasliikkeellä,2
Selkäliikkeitä,2
Käsilihakset,2
Painonnostotangolla,2
Leikkikeittiö,2
Kausaalitutkimukseen,2
Hössäkästä,2
Osashan,2
Rivoudesta,2
Litiumeja,2
Parantumisprosessia,2
Celsiusasteina,2
Mahdottomampia,2
Hitsailua,2
Brytas,2
Läskikerros,2
Itsehuijausta,2
Laihdutit,2
Vipareita,2
Pursimiehenkadun,2
Rakennusperinteen,2
Vienankarjalainen,2
Heimosotureista,2
Aloituskirjoja,2
Vatsalihastreeniä,2
Näkörajoitteisille,2
Rehabilitatiivinen,2
Numerokyltti,2
Viipurinkarjalaksi,2
Karjalaismurteiksi,2
Ortodoksiväestö,2
Varsinaiskarjalan,2
Uhkaamaksi,2
Ilojaan,2
Pakkososialisointi,2
Adrenaliiniryöpyssä,2
Egokeskeisiä,2
Kukistuisi,2
Vahtijana,2
Piipaat,2
Äläkkähän,2
Raiskausasioissa,2
Maalipurkkiin,2
Ilmarosvoja,2
Suosikkiravintolaa,2
Fillarillahan,2
Länsipanssareiden,2
Järviö,2
Hassutteluita,2
Sitoutumishaluisia,2
Palautuspaikat,2
Autoila,2
Sähköautomalleissa,2
Putkenpätkän,2
Kukkahattuhenkilöt,2
Fantasiamainen,2
Hymyhän,2
Kannustepalkkiot,2
Oheiskuluista,2
Räjähätää,2
Huitaisseen,2
Hallintaohjelmaa,2
Työntekijöitää,2
Nykyarvoksi,2
Napolissakin,2
Autenttisempaan,2
Korjaajalta,2
Salasanakentän,2
Kirotusvireen,2
Vihakommenteissa,2
Palautustoimintoa,2
Tietoturvastasi,2
Nostelisivat,2
Satutaanko,2
Dikkaavat,2
Käyttökerralta,2
Akkuvian,2
Akkumoduulin,2
Hitsailut,2
Korkeajännitelinjojen,2
Lihaksetonta,2
7ab77582,2
D7dbef503191,2
Paskanjauhamiselta,2
Hallintasovellus,2
Muistilappua,2
Ydinmuistoja,2
Ab2da8,2
Hslua,2
Vähäpätöisetkin,2
Meluisuus,2
Kinostavan,2
Työputket,2
Jotkunhan,2
Hyllyntäyttö,2
Talonpuolesta,2
Hakemuksesa,2
Amisopettaja,2
Sanaripuli,2
Kulttuurinomija,2
Märehtimättä,2
Viereltäni,2
Lappalaisilta,2
Kaveaattina,2
Silmälääkäriksi,2
Nollapollana,2
Ulostuonnin,2
Väheksynnälle,2
Kolmeksikin,2
Massatyöttömyydelle,2
Taantumalle,2
Oppimiskyvyttömiä,2
_tulkinta,2
_input,2
Reseptisivuilla,2
Omistautumalla,2
Naisedustuksen,2
Jälleensyntynyt,2
Odoteltukkin,2
Laskenpa,2
Muksuistani,2
Asiantuntijatehtävissäkin,2
Ehfdpefx4aaw2nz,2
Muistutusteksti,2
Periville,2
Pienyrittäjissä,2
Tyhjyyttaan,2
Luokkakokoon,2
Märehtinyt,2
Kuntouttavampi,2
Lailliseksikin,2
Jousipuristimilla,2
Vehjestä,2
Bränikkä,2
Randomgeneroidun,2
Neuvotun,2
Kalenterimerkintöjen,2
Kalenterimerkinnät,2
Saliapulaiseksi,2
Puhkeemas,2
Käytösongelman,2
Rasavillimpi,2
Sovinnaisempaa,2
Alikehitykseen,2
Uddestaan,2
Sairastelulla,2
Lateksihousuja,2
Varatuilta,2
Johtajavalinnan,2
Joustanu,2
Kehotyypistä,2
Ihimettelin,2
Irtisanomismaksu,2
Yksittäislippuja,2
Skeittaripojat,2
Kääräise,2
Viihtyisistä,2
Videohaastatteluilla,2
Kulkutietoja,2
Kaati,2
Pysäköintiehdoilla,2
Epämukaviakin,2
Luettavampia,2
Etälaukaisin,2
Luvuittain,2
Lisärangaistukset,2
Etenivissä,2
Wetterin,2
Käyttäjävirheeltä,2
Palokju,2
Mielipiteellistä,2
Ajatusrypäs,2
Raketoidaan,2
Hallintataitoja,2
Lehtihaastatteluihin,2
4cf8,2
Backupattuna,2
Kalakukkoihin,2
Kertakäyttökoodeja,2
Shokeilla,2
Piikitelleet,2
Salasanamanagereissa,2
Turvasatamiin,2
Vartalomallilla,2
Harvakaan,2
Natsitaustainen,2
Yrityskohtaisina,2
Hekottelevat,2
Polttoainehintoihin,2
Syynäävän,2
Norkua,2
Tunnistautumistapoja,2
Alipainoisten,2
Oikeinkirjoitussääntöihin,2
Neuvotellaankin,2
Vaihtelevuushypoteesin,2
Painomustetta,2
Bachus,2
Pikakertauksen,2
Klikinkalastelusta,2
Mielipidevaikuttajiksi,2
Mielikuvittelu,2
Huanosti,2
Työlaitteet,2
Erisuuntainen,2
Ajettelun,2
Kuulosuojaimissa,2
Eeuun,2
Fobit,2
Natiivipuhujana,2
Tankanneet,2
Eläinetiikan,2
Murteis,2
Väärikäyttö,2
Jkaa,2
Turvatiloissa,2
Jahdeille,2
Sended,2
Sitrakin,2
Polltoaineen,2
Ajokilometreilla,2
Häiriintyneemmältä,2
Juoksuttamisena,2
Seisottamisena,2
Deittailumarkkinat,2
Kissanaisia,2
Yliopistomiehistä,2
Seksuaalivähemmistöasioista,2
Bemarii,2
Potkittavina,2
Aeedlanqbl0,2
Varoituksestasi,2
Harhasuutta,2
Matelijaan,2
100kertaa,2
Opintotukiaan,2
Syrjintätapauksiin,2
Rasvakertymästä,2
Marginaaleille,2
Vaalimenestyksensä,2
Veitikoiden,2
Kimaraksi,2
Kuuskymppisillä,2
Presedenssi,2
Salimakelta,2
Palonaiset,2
Kohtaloonne,2
44a3,2
Miljardifirmoja,2
Hämmästellessäni,2
Biometriikkaa,2
Steretypia,2
Porilaisuuteen,2
Kumppanuudelta,2
Tuleensa,2
Liiketoimintaedellytyksiä,2
_ketä_,2
Henkilökuntamäärällä,2
Mamupizzaa,2
Sujahtelee,2
Monellaa,2
Henkilökohtaistamista,2
Karenssitkin,2
Hakuvelvoitteen,2
Bubsgpd,2
Lookism,2
Mobikin,2
Heppaisella,2
Kiihdytinkin,2
Kiilasin,2
Essenssin,2
Kuulostelu,2
Digipalveluissa,2
_troll,2
Positivisia,2
Jalapeeno,2
Koslalle,2
Kertomattajättämisen,2
Turkkipizzeriasta,2
Odotustemme,2
Opiminen,2
Sukupuolierottelusta,2
Tehellisesti,2
Sporista,2
Sähköautoalan,2
Tilannekomediasta,2
Pecos,2
Myhäilyllä,2
Cryptattuja,2
Aikuisopintotuen,2
Alareunalla,2
Äidinkielenopettajalta,2
Apparille,2
Scoottien,2
Jalostamokapasiteetista,2
Tulipeltiin,2
Hidastelisi,2
Ryhmäperusteisesti,2
Uusiokäyttämään,2
Töhrintään,2
Takomisella,2
Ulokkeineen,2
Mummopöksyt,2
Haluaks,2
Mielelestäni,2
Näkökentästäni,2
Keskipituiselle,2
Hosenin,2
Mielenilmauksiaan,2
Hävikkiruokakauppa,2
Webbisivuun,2
Taksvärkkiin,2
Siiryin,2
Pohjaliksaa,2
Meikäläisistäkin,2
Tislausprosessissa,2
_ehdottomasti,2
Rasvaselle,2
Informaatiosotaansa,2
Klubeineen,2
Naapuriheimoihin,2
Akif,2
Kılıç,2
Baareillessa,2
Aikovista,2
Oopperalaulua,2
Yhteisteos,2
Ihmiskauppavirta,2
Premiumautolla,2
Leukemiapotilaan,2
Pahoittaen,2
Taulusieniä,2
Punastelisi,2
Hintahälytyksen,2
Mammakerhot,2
Rajoitusnopeuteen,2
Tarvinnukaan,2
Emppiiristä,2
Leffatähtien,2
Valehtevalle,2
Maantietokin,2
Koostumusanalyysi,2
Ylipainoinenkaan,2
Montero,2
Järkevimpään,2
Inhimmilliselle,2
Bloombergissä,2
Abruptchaos,2
Uupumisessa,2
Vastaillutkaan,2
Pölähdys,2
Läskeytesi,2
Varoitusmerkintä,2
Leikkirahasta,2
Neuvostomeiningistä,2
Hindunationalistinen,2
Moskeijoiksi,2
Kavelykengat,2
Tietmättömyyden,2
Tuotantoyksikköön,2
Luksuskurtisaaneilla,2
Kymmeniseen,2
Projektitoimisto,2
Yleispuolueita,2
Pakottteet,2
Radiohistoria,2
Tahtisella,2
Palveluammatin,2
Ryömineitä,2
Soitinko,2
Asiakaskuntia,2
Puoluevaihtoehtoja,2
Päivämääräväliä,2
Myymäl,2
Yksinkertaisuudessan,2
Tositarinat,2
Rasvakertymä,2
Senttine,2
Piipittävällä,2
Nauttiessamme,2
Pulloani,2
Markkinointikanavia,2
Lajejahan,2
Vyönkiristykseen,2
Enkelihoitajaksi,2
Karheammalta,2
Laiduttaa,2
Räjähtämättömillä,2
Suuttuikin,2
Valmislasagnea,2
Äänenkään,2
Lammastilalla,2
Leukoi,2
Kissatyyppi,2
Perhevaltakirjalla,2
Haamujäseniä,2
Haamujasenia,2
Jasenyydestaan,2
Mummakin,2
Käsittelypuolella,2
Iltapäiväkahveja,2
Ostoksillani,2
Tarvikekuljetukset,2
Syrjiäkseen,2
Laitosasumisen,2
Räjähtämätöntä,2
Kokoväestöstä,2
Treenaamisena,2
Näkökentällä,2
Fasilitaattorina,2
Lobbauskoneistojen,2
Tuotantolinjaksi,2
Näykkinyt,2
Parahtaen,2
Dasvidaniya,2
Ikkunoilta,2
Destabilisoinnilla,2
Hammasväleistä,2
Toimituspalvelua,2
Sotataktista,2
Nouser,2
Lampaantaljoja,2
Avauslaini,2
Ruoantarpeesta,2
Rasvasolun,2
Tapauskuvauksen,2
Taistelevassa,2
Penninvenytyksestä,2
Risuna,2
Stigmatisaatiota,2
Kaikrn,2
Langataan,2
Mieeen,2
Liittymämyyjälle,2
Moottoritienopeus,2
Ylläpidettävältä,2
Pätkäpaastoilua,2
Kalorilaskentaa,2
Havainnointu,2
Yleiskuntoaan,2
Jomottelut,2
Kuoppaiseksi,2
Kyinka,2
Juopottelukin,2
Silmiähivelevä,2
Käsitteistää,2
Lakaasemaha,2
Laattioita,2
Sannamari,2
Maitokahvien,2
Kilomäärää,2
Pörräile,2
Huoltolinja,2
Kasvishyllyt,2
Kuntosalikortista,2
Kotiinmenoa,2
Maatalouskulttuurista,2
Paikkallista,2
Salasananhallintasovelluksen,2
Huoltovaltimo,2
Prostituutiojärjestelmä,2
Ylentävän,2
Ölisevään,2
Halvemaa,2
Vieraskieliseltä,2
Voimapoliitikko,2
Harhauttamisella,2
Toimistoduunari,2
Idioottikuski,2
Sentinvenytystä,2
Pihtailua,2
Irtomyyntinä,2
Pasilastahan,2
Postamisella,2
Nenäliinalaskelma,2
No7,2
No8,2
Karahkalla,2
Vararavinnon,2
Ekoystävällisiä,2
Pömpöösejä,2
Juhlamokkien,2
Wieninleikkeet,2
Nordeallakaan,2
Työkyvyttömyysvakuutuksesta,2
Vastikettakaan,2
Teeveet,2
Kaistana,2
Mullitella,2
Kiusaamisestakaan,2
Tekoälyhypeä,2
Räväkimmät,2
Postaamistani,2
Hoitokodeissakin,2
Pikanuudelien,2
Hengästyttävältä,2
Lauenneeksi,2
Maarittelemaan,2
Perustelamaton,2
Duuninhakuun,2
Luotaantyöntävinä,2
Kulhoista,2
Turpakäräjissä,2
Naivinen,2
Hierontalaite,2
Validimpeja,2
Hyppääviä,2
Rästä,2
Ruohonleikkurien,2
Markaksi,2
Uusintaotteluun,2
Mutamaista,2
Istuuduin,2
Lysähtänyt,2
Polvieni,2
Housuilleni,2
Puolentusinan,2
Ymmärsti,2
Saleillakaan,2
Prezidenta,2
Kuljailuksi,2
Lankaamalla,2
Alottama,2
Pompottaminen,2
Liikennevakuutuksiin,2
45d9,2
Räpeltään,2
Tehokoneella,2
Ehtiiki,2
Sysäämisen,2
Kotieläinpihalle,2
Päätöksentekotaitoja,2
Uuninsa,2
Öljysyöpöt,2
19be,2
8d99,2
Persekannikat,2
Bilehatun,2
Hitachia,2
Istumistyötä,2
Kartuttava,2
Lirkuttelemassa,2
Lisänimike,2
Turvallisuuspolitiikaksi,2
Seksityöläisestä,2
Marginaalinäkemys,2
Kunnalisella,2
Vehnäjauhoille,2
Ylläkuvaamaani,2
Leukanivelten,2
Cockki,2
Duplikaateista,2
Punavihertää,2
Irtokarkkikulttuuri,2
Tapahtuupas,2
Tietynsorttisen,2
Päivystyshommana,2
Irtokarkkihyllyihin,2
Leipäkoreista,2
Säästöpaineissa,2
Röökitoppaa,2
Amatööripoliitikon,2
Markkinamiehellä,2
Keskinäisinä,2
Uljaus,2
Hassutteluihin,2
Sähköjutuissa,2
Kakkoskuvaa,2
Osoittelijat,2
Napsuttelijat,2
B6ajanseuranta,2
Tytötellyt,2
Ammattiosaamistani,2
Vesipatteriin,2
Mitoituksiin,2
Niinkauvan,2
Ruokaanhan,2
Hammaskirurgilla,2
Takahammasta,2
Muovipaikka,2
Palkkasuhdetta,2
Prosessoriydintä,2
Peruutusturvasta,2
Sukankutominen,2
Todenäköisyydella,2
Lastenlapsiaan,2
Uskollisuudenvalan,2
Riistakamerasta,2
Nettitunnarit,2
Harmillisuus,2
Sananvapudella,2
Rapisevaksi,2
Hiekkatieksi,2
Freshimpi,2
Piraattiradiot,2
Haastaneita,2
Kouluvihkot,2
Yhteiskunallisia,2
Monitoimimiehen,2
Kiitettävästikin,2
Sairastelulle,2
Neroutesi,2
Haittakasvit,2
Vesiesteistä,2
Sotilassairaalasta,2
Jompien,2
Tässäkun,2
Xbj0rz621r291,2
F27600e9609f53eeea2b1b7697fa29d947813af9,2
Eosznzx54bt81,2
Be68fe08b8b2e23f348ceb2162ea448b970a4eb3,2
Liikuttavalla,2
Naapuruussopimusta,2
Vuotisjuhlavuotta,2
Raadettaisiin,2
Perushyvinvointi,2
Omaishoitajiin,2
Grundigin,2
Esitysajasta,2
Kenellekki,2
Pomppais,2
Realisoitaviksi,2
Leipätyöhön,2
Vaikeudetta,2
Soyjakia,2
Käteissiirrot,2
Diligencyä,2
Tarpeellisuutesi,2
Repercussion,2
Cookille,2
Kokkaajalla,2
Suolistossani,2
Peräaukostani,2
Kotir,2
Oikaiseva,2
Suvultasi,2
Toimitusvelvollisista,2
Asiakasmassaa,2
Keissessä,2
Kelllään,2
Monikäyttöisimmistä,2
Markkinointitekstien,2
_talvi,2
_asiantuntijoiden,2
Tavaraliikettä,2
Kaavavarannosta,2
8bab,2
Närvänderit,2
Aliurakoitsijoilleen,2
Asenettiin,2
Poistovesiputki,2
Suunittelijalle,2
Galluplukemat,2
Laatusuhteet,2
Metalliromuun,2
Rivarille,2
Sarjanumeroineen,2
Videokuvaamiseen,2
Huoltamoyrittäjän,2
Markkinointikulu,2
Arvoväite,2
Lahjoitustavaraa,2
Patenttiratkaisuihin,2
Urakiituri,2
Dyykattaisi,2
Hermossa,2
Täysvesi,2
Valmistusmetodeilla,2
Vettähylkiväksi,2
Virhevastuut,2
Yhteispituudeksi,2
Sahkotarjoukset,2
Pesusienenä,2
Intopiukeat,2
Valkolistata,2
Murheessa,2
Oppisopimushomma,2
Fiskaalielvytys,2
Lammastahnaa,2
Äänikirjastojen,2
Köyhile,2
Vakoilutoiminnot,2
Tienaanko,2
Vastuuvapauslausekkeilla,2
Tonkiessaan,2
Sellaisissakaan,2
Brändivaatteissa,2
Erkolla,2
Kulutuselektroniikalta,2
Vaihtoiässä,2
Mx7g79jh66k,2
Ylikansallisempi,2
Rasvanäpit,2
Palautusmäärät,2
Jälleenmyyjissä,2
Määlämpö,2
Mittanauhoilla,2
Korkomerkki,2
Konsultoimaa,2
Joukkotuholta,2
Mikrofirma,2
Keskushallinolla,2
Hiekoitetut,2
Netscapesta,2
Itelläniki,2
Ryssärölli,2
Koneensuunnittelu,2
Roja,2
Maah,2
Ydinv,2
Oimaa,2
Paluukyydit,2
Speakilla,2
Asiakkaal,2
Parannusehdotuksineen,2
Kotiavustajan,2
Kainsainvälisissä,2
Sukupolvikuilun,2
_make,2
_true,2
Skumppia,2
Siirtolapuutarhamökin,2
Vähäsuolaisesta,2
Hivemindinä,2
Koiranhäkin,2
Vosihan,2
Terästehtaille,2
Askelmäärää,2
Urheiluseuranta,2
Värikuulia,2
Uintityylit,2
Maksuominaisuuden,2
Lähimaksurajoja,2
Vertauskelpoiset,2
Pikkuvikaisten,2
Laatuvirheen,2
Päryytti,2
Activessa,2
Rommeissa,2
Halpiksien,2
Valtamerilaivalla,2
Ryhmittäydytä,2
Tupruttelijana,2
Yhteiskuntamoraalia,2
Tutustumisjakso,2
Alykello,2
Verikoira,2
Pääkaupunkiseutulaisella,2
Erityispiirteiltään,2
Varaumin,2
Andiamon,2
Tikannut,2
Katsastamattomilla,2
Lisäeristykset,2
Kehitysjärjestöille,2
Kehitysrahoituksesta,2
Väärinkäytösepäily,2
Lastenjärjestö,2
Tarkottanukkaan,2
Pikkutiloja,2
Pikkutilaa,2
Asiakaspaikoilla,2
Rangaistukseksikin,2
Hukkumisissa,2
Kaikenmoisilta,2
Vauvaprojektin,2
Korvatulehduskierteet,2
Takseiltakin,2
Pikkelöin,2
Pyreet,2
Opintovaatimuksia,2
Maanittelemassa,2
Syketasoja,2
Metsämieheltä,2
Syydetää,2
Pommittavaa,2
Merenrantahotelli,2
Konsentraatioilla,2
Urheiluominaisuuksia,2
Kuvisluokalla,2
Taskunauriit,2
Talousratkaisuksi,2
Taksilainsäädäntöä,2
Kakkosnelosiin,2
Kiinikkeitä,2
Pellittää,2
Poistoleikkaus,2
_storage,2
Paskentumisesta,2
Voipoppareita,2
Ruusunpunaisesta,2
Suomalaistutkimuksesta,2
Puolueaktiiveilta,2
Hinnottelupolitiikka,2
Palvelusetelissä,2
Fiiliksillesi,2
Vaasanhovioikeus,2
Hovioikeudenratkaisut,2
Sanallisina,2
Valetussa,2
Pikkunilkille,2
Hintasääntelyyn,2
Venevajojen,2
Uudistushaluista,2
Sekundääripiiri,2
Patikoinnit,2
Tunnella,2
Aukomiset,2
Klobbenin,2
Uutisketjuja,2
Huhmareessa,2
Nettikeskustelukulttuuri,2
Käyttäjilä,2
Sijaistamisesta,2
Perivasemmistolainen,2
Traumatisoidutaan,2
Takuutöinä,2
Tilanjakajaa,2
Digimateriaaleilla,2
Hakuvaihtoehdon,2
Suolattuihin,2
Todistuksiinsa,2
Arviointikäytäntöjä,2
Koesali,2
Päästönlähteistä,2
Pyöräkatoksia,2
Vanhempaintapaamiset,2
Kysymystö,2
Lisälupaa,2
Kuntosaliohjelmaa,2
Epävarmuuksiesi,2
Saaristostakin,2
Uutislankoja,2
Uutiskattausta,2
Valtionosuuteen,2
Parannuksina,2
Oppimistuloksina,2
Äidissään,2
Lapsivoimalla,2
Kolttua,2
Rettujen,2
Opetussuunnitelmalle,2
Ryvettiin,2
Kloonatulla,2
Realistisa,2
Keisseiksi,2
Edistyksellisyyttään,2
Epähauskat,2
Muovipillikieltoon,2
Naitettaisiin,2
Cruisailu,2
Pakkomyymällä,2
Häiriökäyttäytyvälle,2
Ylennysmahdollisuudet,2
Opetussunnitelmien,2
Virkaukkoja,2
Devaluointi,2
Velkavipuna,2
Opiskelutilanteessa,2
Ajatustas,2
Happaneen,2
Kuivasaunat,2
Katsastamattomien,2
Avotilaa,2
Saapasmaata,2
Seetripuu,2
Jumitettiin,2
Opetusministereiden,2
Yläkoulussakaan,2
Kotinäppäintä,2
Jaskahan,2
Poksahtaneita,2
Sitkeiksi,2
Popkorneista,2
Lempiaineensa,2
Kompromissihakuisuus,2
Opettussuunnitelman,2
Jenkkielokuvista,2
Myöhäisnuori,2
Neliskanttiseksi,2
Kuusikulmio,2
Valmistuneetkin,2
Kaistanvaihdoksi,2
Pastareseptejä,2
Mitäsköhän,2
Luonnotieteet,2
Aliarvostettukin,2
Pöhköin,2
Juomalistan,2
Garminilta,2
Nuoruusvuosiltaan,2
Enevimimmissä,2
Jousenkaaren,2
Diginatiiviuteen,2
20access,2
20nearly,2
Kuristamaa,2
Riskipreemiot,2
Työnantajapuoleltakin,2
Kassakuitit,2
Ylästeelle,2
Kasvattamaankaan,2
Seireenejä,2
Romahtaan,2
Kilonpuiston,2
Lintulaakson,2
Fixittiin,2
Puhumattomalle,2
Suuntasit,2
Puukkotappeluihin,2
Platinablondit,2
Ulostekasaa,2
Spermanäytteen,2
Meikämansikka,2
Notkuessa,2
Referoimien,2
Koulutaitojen,2
Asennetu,2
Vesileikkurit,2
Kikatettua,2
Ibutabs,2
Kakkosvuodesta,2
Abstraktoituna,2
Adf2,2
Verrokeilleen,2
Tuntikäyttäytymiseen,2
Muodinmukaista,2
Selaimestaan,2
Syrjäytymiskuopasta,2
Autokantansa,2
Kateltava,2
Ruumisarkuksi,2
Karttakirjan,2
Sienirihmastot,2
Kaappivassari,2
Yksinäisyytesi,2
Vankilastasi,2
Luokkaopetukseen,2
Vedenkiertoon,2
Inkluusiomallin,2
Myyntikelpoiset,2
Eksponentteja,2
Seosaineita,2
Perusaineesta,2
Elvytettäisi,2
Kerryttelet,2
Hanakalaa,2
Helpooa,2
Viiltelivät,2
Sotkusen,2
Käyttökuntoiseksi,2
Ovulaatiotestit,2
Voinmakua,2
Kuolevathan,2
Kommenttitulvaan,2
Ihmisvetoisiin,2
Crackien,2
Ruoantuotantoketju,2
Liioittelemasta,2
Huipuillaan,2
Minibusseina,2
Tuotemäärää,2
Pärinäjonnet,2
Hitsailtu,2
Tuleviakaan,2
Pikkukopit,2
Perityvyys,2
Sukusoluissa,2
Ejakulaatiossa,2
Luokkamuotoisesta,2
Hoitopuolelta,2
Akkumateriaalin,2
Murahtelen,2
Mielentahto,2
Kehopositiivisin,2
Ysipuolen,2
Stacyn,2
Harmivain,2
20overweight,2
20sperm,2
Osioksi,2
Suunnot,2
Resurssiopettajan,2
Pikaratkaisuilla,2
Tiil,2
Tervehdytään,2
Pätkimisten,2
Latausauto,2
Latausauton,2
Age_and_female_fertility,2
Leijailu,2
Rinnakkaisluokat,2
Yläpainotteiseksi,2
Lainanhoitokyky,2
Vapaamittainen,2
Painineeni,2
Huonotuloisemmille,2
Ripustautuen,2
Erottuisin,2
Kyydittäjän,2
Ylittämättömiä,2
Jutunjuuri,2
Estoistaan,2
Tuontipuusta,2
Liimapuuksi,2
Velkapiirakka,2
Uiskenteluun,2
Ikärajatun,2
Radahn,2
Takaaksemme,2
Ratioo,2
Vapauttamiselta,2
Kummaksunut,2
Nirsoilija,2
Notallheroeswearcapes,2
Sosiaalisoturi,2
Jumppaliikkeillä,2
Inkluusio_,2
Alconquinin,2
S0921800918308097,2
Tutkijaprofessorit,2
Neurokemiaa,2
Paskauskontoja,2
Ajatusprosessini,2
Googlamaan,2
Erikoistapahtumissa,2
Näppäimii,2
Käyttökelpoisille,2
Kattelemisesta,2
Juovilta,2
Vessapaperihylsyjä,2
Tuontikaljaa,2
Kehitystuiksi,2
Kuvamateriaalien,2
R76tskwg1zk,2
Hurjemmiksi,2
Eduskuntavaalikampanjaani,2
Oudoimmin,2
Hurjempiin,2
Jakamassaan,2
Hilltä,2
Salaattiotin,2
Hunajapontikkaa,2
Loistotavaraa,2
Ylätasoille,2
Nörttipiirien,2
Cursorina,2
Näppäinhatun,2
Luonnolliseati,2
Miehityspolitiikka,2
Egalitaristista,2
Kuitulevyä,2
Läpikäytäessä,2
Päivässään,2
Opetussysteemiä,2
Todentava,2
Tökkäilet,2
Normisuolan,2
Pippureihin,2
Välimuodoista,2
Tapahtunjt,2
Elektroniikkasuunnittelun,2
Epäilyttikin,2
Irtosuhdekeskeiseen,2
Nimetäkään,2
Tukivaroja,2
Enkelihoitajalle,2
Pelehtiessä,2
Postipaten,2
Pääosaamisen,2
Peräkammarinpojilta,2
Mobiiliäpistä,2
Tipauttamassa,2
Logistiikkakeskukselta,2
Löpöissä,2
Remonttipäätöksiä,2
A4nmaallinen_kansanliike_,2
Asuintalojakin,2
Mieleenpalautus,2
Etevien,2
Puolikkaille,2
Italiaakin,2
Oikeistopainoitteinen,2
Barebone,2
Generalisteina,2
Numpadissa,2
Keränneillä,2
Käyttöönottoprojekteissa,2
Eksiään,2
Aerodynaamisilta,2
Stoutista,2
Parodiasivustolta,2
Röyhkeämmät,2
Ahkeriakin,2
Numpadistä,2
Nuolinäppäimien,2
Kohtuuhintaisissa,2
Kebuannokset,2
Miljardirahoituksella,2
Mielekkyyteni,2
Vuokratalolla,2
Välttämäättä,2
Nanometriluokan,2
Selvittelykeskuksen,2
Jolphi,2
Khra,2
Aloittamistaan,2
Antabuskuurilla,2
600x450,2
Lankojensa,2
Lainpuolustaja,2
Oikeudenaloilta,2
Mörköpötköksi,2
Kongressikeskus,2
Asianajajanakin,2
Palveluammatteissa,2
Natsikulta,2
Saksikytkin,2
Huippusuorituksista,2
Tavallsen,2
Aivoaaltoihin,2
Ikikiersiö,2
Ankkakuvia,2
Krumme,2
Kouluruotsinsa,2
Kohdekohtaista,2
Julkisivumateriaalit,2
Roinatko,2
Deppiltä,2
Pitkae,2
Marmoriseinä,2
Kuvioinniltaan,2
Röntgensäteiden,2
Yliopistorankingia,2
Tusinapersut,2
Kirjoitamielipidekirjoitus,2
Servicellä,2
Tuupakkaan,2
Toteuttajilta,2
Pavunvartta,2
Kilpailetulla,2
Hahmoinaan,2
Muovituotannon,2
Papukoivat,2
Peruskuntosi,2
Aaniijoo,2
Kuupersut,2
Karttapohjalla,2
Paparazzikuva,2
Pytingille,2
Väkivallantekojaan,2
Jallituksen,2
Laadukaskaan,2
Täyspitkään,2
Teatteriohjaajan,2
Kulttuuripolitiikassa,2
Ikeoita,2
Tbilisiin,2
Ongrlmista,2
Sunilla,2
Herjaukseksi,2
Lenkkeilemästä,2
Kemiönsaaresta,2
Kultturillisen,2
Arvokuljetuksia,2
Säteilytehoon,2
Forgottenfronts,2
Alaäänittänyt,2
Pikkupuusta,2
Puusukupolven,2
Pysähtymispaikat,2
Pikkupaikalta,2
Iraq_war_documents_leak,2
Assanges,2
Arvotte,2
Taijotain,2
Sämpyläpussi,2
Ammuntaleirillä,2
Seisomapotero,2
Patistin,2
Korteiksi,2
Abikeväänä,2
Julistetusta,2
_democratic,2
_email,2
2016_democratic_national_committee_email_leak,2
Merimaisemista,2
Irtaantumiset,2
Paremmuudentuntoa,2
Poikakoulua,2
Halkaisemista,2
Ölppöset,2
Kaivertakaa,2
Tutkintavankeudeksi,2
Gustaffssonin,2
Myyntiyhtiön,2
Leo_wesker,2
Maisematkaan,2
Vuokrasaunaan,2
Työttömyyslukemien,2
Pirtelökoneen,2
Pehmiskonetta,2
Solvauksessa,2
Puusähkö,2
Datahubi,2
Lentomatkustelee,2
Haudoiksi,2
Usernamecheksout,2
Saunakauhaa,2
Lomaviikonloppuna,2
_quo,2
Vinkkeistä,2
Rajottuukin,2
Ruuttaus,2
Voileipäkurkku,2
Hampurilaissampyla,2
Alaisuudella,2
Asetuttaisi,2
Julkisivullaan,2
Röökinhimon,2
Circular_reporting,2
Reseptisivusto,2
Joulukuussakaan,2
Hirmuliskoja,2
Sijotusta,2
Приговор,2
Luuliskin,2
Oikeaoppinut,2
Osuudessaan,2
Auditoivat,2
Porin_voimalaitos,2
Hadiassa,2
Massakääntyminen,2
Todistajanaitiossa,2
Valamiehen,2
Käännösjuttujen,2
Istahtaminen,2
Museointiin,2
Silitelleet,2
Päättöminä,2
Lyydin,2
Jatkotarjouksen,2
Nettikansalta,2
Sopimustietoja,2
Borisjohnson,2
Ulkpuolelta,2
Vaikeutumisena,2
Routaseen,2
Puhdistettavana,2
Chairperson,2
Ylläreistä,2
Jättirullia,2
Strippibaarit,2
Tämmöisella,2
Kuolinvuoteellanikin,2
Pörssisähkösopimusten,2
Eläkeläispappoja,2
Kylmiöiden,2
Aputontun,2
Ulkonäkökommentointi,2
Myyntipuheissaan,2
Tuplaviestit,2
Koulutilannetta,2
Häiriöineen,2
Tippumiseksi,2
Joulukoristeena,2
Muunnossarjoja,2
Lähentymisyrityksistä,2
Alppiruusupuistoon,2
Häirityiksi,2
Naisasiainliikkeen,2
Määräaikaisissakin,2
Kuukausihinnoiteltu,2
Oikeustietoa,2
Bengtskär,2
Kävelykepillään,2
Alaäänitätte,2
Kielilille,2
Dönerpaikoista,2
Sanayhdistelmiä,2
Suikkaria,2
Kontribuoiko,2
Metalliristikko,2
Utat,2
Kopenhagen,2
4oetmehtbc0,2
Epämääräsellä,2
Kaasukuplat,2
Lättyhän,2
Perulaisia,2
Muistanutkaa,2
Huilusoolo,2
Pyöreähköä,2
Hoippuen,2
Crowdsourcata,2
Poiketkaa,2
Bensakanisterien,2
Korkkipuoli,2
Kalaukot,2
Virvelöidä,2
Höyryturbiineissa,2
Tuhdimmilla,2
1lle,2
Nimenselvennös,2
Liikelahjana,2
Fjäderistä,2
Redditappia,2
Läheisyydeltä,2
Kakkoslaatuisen,2
Pallotin,2
Valmareissa,2
Lämpöshokista,2
Pihinät,2
Poistolavalla,2
Roskisdyykata,2
Maistattaja,2
Kutistaisivat,2
Sm4z7_ai,2
Urpkjnbt,2
Aaaaaaaadoq,2
6j8jxxwhmwi,2
Kaunokirjaimet,2
Rakkineille,2
Asenteihinsa,2
Huipputunteihin,2
Kuluttajasegmentin,2
Pääkohteeksi,2
Miljoonativolin,2
Paskareikävaltioita,2
Tukirakenteesta,2
Inkeriläisestä,2
Perusjuoma,2
Myyntikelvottomasta,2
Kuorintahanskoilla,2
Q6w_gpvtykm,2
Pesulapuilla,2
Siivoussienellä,2
Korruptiotapauksesta,2
Vuosisäästöt,2
Skooteissa,2
Vaihtoehtotuotteet,2
Rapsutukseen,2
Aloituskustannusten,2
Suurrimaksi,2
Aattelevan,2
Hankauksella,2
Esivaltiollinen,2
Sanelulaite,2
Getttin,2
Teinarien,2
Kuopankaivuusta,2
Sähköntoimituksesta,2
Kännykkäkameroihin,2
Kxgrhd_iwue,2
Köyhimpää,2
Selkäosasta,2
Hellävaraisempia,2
Jätteenhaltijan,2
Onnistuki,2
Aoit,2
Vastapaine,2
Puolituntemattomat,2
Diskaamalla,2
Ikeallahan,2
Huononkohtelun,2
Itsetuntoasioihin,2
Sujuneita,2
Pöyristelijät,2
Etelänlomilta,2
Kokojyväviljaa,2
Yksiniitinen,2
Kaloripitoisempia,2
Pesimäpaikkoja,2
Välikatoista,2
Nettomääräisen,2
Olueassa,2
Infeasible,2
Jäähdytykseltään,2
Superkommando,2
Kellotettavissa,2
Muutenkik,2
Graduplagioinnista,2
Asumisjärjestelyä,2
Kassym,2
Kesäviikonloppua,2
Sdpläisten,2
Vaihtosuhteilla,2
Uudelleenkansallistaminen,2
Korkattuja,2
Salaattipusseja,2
Aineiksista,2
Polarisoituneinta,2
Inssiopintoihin,2
Toimitsijalta,2
Presidentillisenä,2
Kiihdyttelijä,2
87ac,2
Sulupuolensa,2
Lumotut,2
Menettämien,2
Feminiinisia,2
Sukupuolikategorioihin,2
Äänestyskanta,2
Solidaarisuudessaan,2
Riidattomuutta,2
Ukrainan_sota,2
Saarretuiksi,2
Kaasutulojen,2
Scrollauksella,2
Budjettikonetta,2
Astraalitasoilla,2
Syrjähypystään,2
Pääongelmiin,2
Huomionarvoisella,2
Kokokarkeita,2
Liikekumppaneitaan,2
Oikeudentuntonsa,2
Tarkistuspäivä,2
Vakautuminen,2
Endures,2
Homofobiat,2
Enkust,2
Nyppään,2
Repineenä,2
Es4,2
Rimpuloista,2
Osinkoahan,2
Retconnausta,2
Öyhövasemmisto,2
Javelineissa,2
Hikarina,2
Kiinaskootterin,2
Ilmaiskonvertterien,2
Soundboardista,2
Janyt,2
Profiilikuvakseen,2
B2e3,2
Kasvuosuusrahastoissa,2
Kromosomihomma,2
Opiskeluvaihtoehdon,2
Mukanat,2
Hassutusten,2
Dyykkaajaa,2
Virkkausohjeita,2
Sähkörullatuoleja,2
Iätajat,2
Konservatiisempi,2
Peruskouluenglannista,2
Tasalämpöisen,2
Välinpitämättömimpiä,2
Jatkoajatuksia,2
Asetuksellaan,2
Sammutetuista,2
Saavuttamallani,2
Hohottaa,2
Sukupuolimerkit,2
Xsrk9rthgt0,2
Creeppiä,2
Väittämätä,2
Sormenkynnellä,2
Kimerismiä,2
Lönrootista,2
Tommottine,2
Tulvahdus,2
Ateriaeduista,2
Matalamassa,2
Kulutustalouteen,2
Nimrnomaan,2
Legality_of_cannabis,2
Kerroksittainen,2
Moduleihin,2
Koneöljyt,2
Kasienpesuaine,2
Heteroilemaan,2
Aspergeristä,2
Diagnoosipaperit,2
Keikaa,2
Vuokrapyörällä,2
Inttämisenä,2
Hulattu,2
Henkilökulttiaan,2
Eineksisiä,2
Tonkallisen,2
Pakstimessa,2
Supernerona,2
Kallistunutta,2
Kaunihista,2
Kolonialisaatiosta,2
Aiheuttamssa,2
Suvantokadun,2
Mytologiassaan,2
Kainuulaisilta,2
Puhuttanutta,2
Tälläistakin,2
Rakoakaan,2
Ahdistelijaraiskaaja,2
Sammatista,2
Ruoanlaittajat,2
Nykykansan,2
Tuojille,2
Partenogeneettisesti,2
Kolariturvallisuutta,2
Kantikkaalla,2
Palvomaksi,2
Keltaisesti,2
Rajamuutoksiin,2
Yläkäsitteeseen,2
Häiritsijäksi,2
Vakuutusluonteisesti,2
Lainassaan,2
Maahanmuuuttajia,2
Uhriutuuko,2
Tahatontakin,2
Kansanrunoista,2
Joukkotuhoaa,2
Tragikoomisemmaksi,2
Typerämmiltä,2
Kohdekieleksi,2
Halvata,2
Maksumuuritus,2
Arivoida,2
Piruntorjuntapartiolaisen,2
Halailisi,2
Luotettaviksikin,2
Lähetyksiäkin,2
Vaatineille,2
Pakkosuomentaminen,2
Kenkulta,2
Sidosryhmätoimintaa,2
Kirjeenvaihdot,2
Rydmaneilla,2
Seksirinkeihin,2
Ljxi3ggzi_g,2
Valesyytösten,2
Kotiseutumme,2
Lainaavaa,2
Erillaisuuksia,2
Kuulusteltavien,2
Olankohauttaminen,2
Yritystänsä,2
Tavalliseselta,2
Ilmastopäästöiksi,2
Nykytuista,2
Kuusniemellä,2
Ponkaisseet,2
Energan,2
Jangia,2
Päiväuniltaan,2
Puolueväkikin,2
Äinemöinen,2
Vasemmistotoimittajien,2
Suorakaiteista,2
Änkyröintiään,2
Asteikkokin,2
Sekoiluistakin,2
Muistoesineenä,2
Puoluissa,2
Conniving,2
Karpaloiden,2
Huumeineen,2
Boothilliin,2
Kilsoille,2
Teillle,2
Palanutkaan,2
Puhumalle,2
Täihin,2
Pakollistaminen,2
Suvutonta,2
Aamiaismyslit,2
Ohjauksineen,2
Itseänä,2
Valkkaisit,2
Ὃς,2
Κοιμηθῇ,2
Εἰσιν,2
Κοιμηθήσῃ,2
Γυναικός,2
Βδέλυγμα,2
Γάρ,2
Kannaksellakin,2
Vääränlaisuutta,2
Kutittamista,2
Poikisivat,2
Oikeusvaltiohommia,2
Esiinnostosta,2
Mnääh,2
Yliopistopaikkoihin,2
Etukäteisharjoittelua,2
Runonkerääjien,2
Pelastamattomissa,2
Paedico,2
Verojaoston,2
Uutisestasi,2
Säästyneisiin,2
Opetuslupia,2
Teologitkin,2
Lurkkien,2
Venäläistämiseltä,2
Kaakkoissuomalaiset,2
Kanervikossa,2
Suomensukuisissa,2
Septuagint,2
Synagoogissa,2
Seksiasioihin,2
Budjettimatkailua,2
Silmäykseni,2
Lurjuksena,2
Hiipparina,2
Ajatussensuuria,2
Omaksumamme,2
Pitkällisempiä,2
Kaappausten,2
Geenivaihtoa,2
Länsiakselilla,2
Suorasukaisuuteni,2
Kulttuurirajaa,2
Veroväistelyn,2
Änkeneet,2
Tukevanne,2
Paaesikunnasta,2
Monipäistä,2
Ylettäminen,2
Kaksinaismoralistisinta,2
Oikeuskuvaan,2
Pyöräliikenteeseen,2
Foorumeina,2
Vuotispäiville,2
Feministiliitolle,2
Tuohikirjeet,2
Sekaantuneensa,2
Yhteissuomalaista,2
Jaskarista,2
Jatkuupi,2
Kiljahtelee,2
Korruptoivalta,2
Kauneusleikkausten,2
Myyntisähköstä,2
Hyttyhän,2
Hyokkayksia,2
Näppäimistösotureiden,2
Somepäivityksistänikin,2
Öljypolttimen,2
Vaalialueilla,2
Pyöräiltävyys,2
Reiluhkon,2
Nuorisonjärjestön,2
Vaalipiiirin,2
Pettämistarkoituksessa,2
Kerkeään,2
Saatavillesi,2
Kauneusleikkausta,2
Pyllyyni,2
Kykypuolueeseen,2
Kotimaanreissua,2
U_jso5gr2nw,2
Reposteltaisiin,2
Ruokalu,2
Venttiilisellä,2
Väliotsikosta,2
Jarrutamaan,2
Originaattori,2
Tekstuaalisesta,2
Tawjan,2
Rikosoikeudellisuus,2
Pikkukylähän,2
Aalin,2
Pohjasakkina,2
Tuulivoimarakentamisen,2
Keilalahden,2
Lupakäytännöllä,2
Oikeanpuolimmaiselle,2
Korjausoikeuden,2
Kaatuneella,2
Evakuoitujen,2
Sammutetuksi,2
Nälkiinnyttämisen,2
Aitoineen,2
Osioitaan,2
Vlogasin,2
Viiniasiantuntijan,2
Olutmaistelu,2
Bitchiksi,2
Kapistukselta,2
Hiekkameren,2
Matkapyöräily,2
Persekuvaa,2
Viiikko,2
Deeppiin,2
Ulvilalaisille,2
Vitipäitä,2
Suurmedioita,2
Hörhöimpiin,2
Automatkailuun,2
Downshiftaisivat,2
Isäjoukkoja,2
Voimalakaan,2
Töpselisähkölle,2
Valekaikuja,2
Ympäristövalvonnasta,2
Tyopaikalleen,2
Sukupuolivähemmistöksi,2
Puhelinmyyjinä,2
Pikkumatkat,2
Ahlainen,2
Julkaisevaan,2
Hecho,2
Sovelluskaan,2
Tienreunan,2
Perusarvoistaan,2
Eurovaaleille,2
Aamiaiskohusta,2
Kallioluolineen,2
Bongailun,2
Vedeen,2
Tuulisikin,2
Selkokielisempää,2
Itsenstään,2
Fiksaationi,2
Noutoaikoja,2
Japanityyliin,2
Noormarkkulainen,2
Ruokailutottumus,2
Iäst,2
Groomaajat,2
Rätkäistään,2
Tviittiinsä,2
120te,2
Seksuaalissävytteisessä,2
Fiilareil,2
Hupiajelusta,2
Syrjinnästään,2
Erityisbudjetteja,2
Sukellusvideot,2
Järjestönne,2
Yhdenvertaisuusongelmien,2
Stormaan,2
Kesätekemistä,2
Ostoslistasi,2
Punahehkuun,2
Selkeimmässä,2
Slaavilaistettu,2
Kapeikko,2
Toripoliisia,2
Vallitsevasti,2
Handissa,2
Luksustavaroista,2
Suihkivia,2
Vanhimalle,2
Mjääyy,2
Parinvalintakriteeri,2
S_wille_7140211,2
Möttöä,2
Universumissani,2
Neuvottelemisestä,2
Optoman,2
Elintasollinen,2
Statuskilpailuun,2
Pystyputkeen,2
Palamattomille,2
Palkkaprogressio,2
Arkilounaiden,2
Vähemmistöstatuksia,2
Syrjäytymistilastoissa,2
Ovessakaan,2
346e,2
Jälleenkö,2
Linkinlyhennyspalvelun,2
Jallupulloo,2
Vierasperäisyydellä,2
Hulevesimaksut,2
Synttärillä,2
Palautusmaata,2
Pervouksia,2
Tulonsiiroissa,2
Posliiniseen,2
Proscuitto,2
Oksanpätkät,2
Kuukausilahjoituksiani,2
Psykoanalysoimaan,2
Toisilleensa,2
Ratkiriemukkaaseen,2
Viihdebudjetti,2
Kansanrunoja,2
Fantasianörttejä,2
Jossitteluks,2
Nettoliksalla,2
Mustamaalas,2
Loputtomina,2
Arkityypin,2
Pallosalamalta,2
Epäasiallisempaa,2
Vääristyneine,2
Linkinlyhentäjää,2
Henkilöllisyystodistuksissa,2
Velkapommista,2
Monilukuisempia,2
Jokerilinjojen,2
Kulkineilla,2
Himzvlogs,2
Elizabethista,2
Mitanneen,2
Ball_lightning,2
Direct_measurements_of_natural_ball_lightning,2
Äkkijarruttelu,2
Normivauhdissa,2
Joukkuettain,2
Puoluekaverinsa,2
Pitääkseensä,2
Kertaluontosen,2
Puppupuhetta,2
Autoiluvideoita,2
Passikuvassakaan,2
Vaivasella,2
Henkilöautonkuljettaja,2
Henkilöautolta,2
Kyttäasemalle,2
Ryhmähengenkin,2
Lakikorkeuden,2
Rekkan,2
Umpikorilla,2
Jarrutells,2
Syytämän,2
Ultramoderneja,2
Vihatuimpaan,2
Jojomaisesti,2
Henkilöautoilijalle,2
Pikapysähdys,2
Mäenharjan,2
Lahjajuomat,2
Kaiverruksesta,2
Keilaaja,2
Teerve,2
Okkosen,2
Keskustapuolueiksi,2
Nuorentavat,2
Raatokärpästen,2
Karttajuttu,2
Saikkun,2
Viherseinä,2
Maksuvastuuta,2
Oomus,2
Kattopinta,2
Avolinjoja,2
Fotariin,2
Kaupunkinuoriso,2
Hotellipalvelut,2
Albumillinen,2
Opetelkaapa,2
Jännitepiikit,2
Puhelinhaastattelut,2
Lähest,2
Tarinointa,2
Jälkikuva,2
Jalankulkuympäristön,2
Suositusnopeus,2
Tasakatoilta,2
Vesivahinkoihin,2
Hyötyajoneuvojen,2
Ryhmäliikuntoja,2
Allergiaruokien,2
Kesätunnelmissa,2
Jarruttelisit,2
Tilatehotonta,2
Nahistelevan,2
Puskurissaroikkujia,2
Sinitakkien,2
Taksimerkki,2
Rätisivät,2
Breakcheckit,2
Palaverikutsuihin,2
Lisäkurssin,2
Separiksi,2
Grün,2
Yliajava,2
Taviskaan,2
Munanjatkeelta,2
Nivelvaiheissa,2
Lisätuntiin,2
Hongoltz,2
Hetling,2
Varastelevasta,2
Ryövääviä,2
Deppikään,2
Ainepää,2
Mölkkyvideoita,2
Täyttyyn,2
Perusälypuhelin,2
Viikonlopuistakin,2
Madaltuneesta,2
Briiffiä,2
Käteissäästöt,2
Lekman,2
Neutrala,2
Laitoitpa,2
Pikkutärkeitä,2
Alapuoliskon,2
Parvekkeilleen,2
Miehyydestä,2
Transurheilijoilla,2
Päässän,2
Lainatermien,2
Halatakaan,2
Aseidenriisunta,2
Vapaasukeltaen,2
Päivystystehtävissä,2
Omakohtaisiksi,2
Luksustelua,2
Amppeleita,2
Toisaaltakaan,2
Sekasarjaan,2
Rydmannia,2
Kosteusvaurioon,2
Suojelutoimilla,2
Asuinkelvottamaksi,2
Tuplavuokrat,2
Ulkonäkökriteeriä,2
Piirrosmerkki,2
Takamuksista,2
Pimpiksi,2
Sekasarjoja,2
Lihasvoimasta,2
Kiväärilajeissa,2
Sijoittamisstrategia,2
B015,2
Televisiomasto,2
Väyrysluokan,2
Langettamisella,2
Itäsiipi,2
Lemmikinomistajalle,2
Kasvaneempia,2
Idenfioin,2
Suolto,2
Uswnt,2
Pituushyppääjä,2
Solutuho,2
Ilmanvaihtoräppänää,2
Kromosomistonsa,2
Pullopostina,2
Polikliinisesti,2
Muovilautanen,2
Lorvaili,2
Taaperruksen,2
Palaverikin,2
Puudelista,2
Aivastelin,2
Kyytiläisestä,2
Douppaukselle,2
Markkinointilupaus,2
Jaloimmista,2
Mediadraamaa,2
Kosteusongelmaa,2
Megagigahyper,2
Huolellisestikin,2
Kesäkiesin,2
Vumpalouskan,2
Transfoobien,2
Polkuopintojen,2
Miesurheilua,2
Hakutoiminnoista,2
Ylisöpöjä,2
Vonn,2
Bormio,2
Lisävaroitus,2
Vuokraturvaan,2
Allergiasyistä,2
Paskastinta,2
Sekasarja,2
Edelläkävijältä,2
Naistenurheilua,2
Transkisaajia,2
Tarraakin,2
Kilpailullisella,2
Päätöksestänne,2
Karvakavereita,2
Takkulasta,2
Arvoseteli,2
Tömmöinen,2
Nostatuksia,2
Korkeaankin,2
Teinityttoon,2
Kevyehkossa,2
Thomasista,2
Tasasummaa,2
Aivorakennetta,2
Brownlee,2
Cishetit,2
Touhulalle,2
46ba,2
Muuntuis,2
Tehokkus,2
Eturauhaslääkettä,2
Varoituslippua,2
Vuoden_1973_,2
B6ljykriisi,2
Reittikarttoihin,2
Kavereittenkaa,2
Silikonisaumoissa,2
Omatunnontuskista,2
Muinaissuomalaisten_kaikkeusk,2
Sukupuolisekoilu,2
Koristeineen,2
Viskitynnyri,2
Veroparatiisiyhtiöillä,2
Lemmikkihytissä,2
Tuttaakin,2
Kommenttitulvaa,2
Koiravahtia,2
Ohjeistaakin,2
Polttoainepulaa,2
Luovemmat,2
Nyrkeilyssä,2
Alkemistien,2
Yhteiskuntaelämä,2
Källistä,2
Ajattelemattomiksi,2
Kansallisvelvollisuutena,2
Koettelijaa,2
Party_for_neighbourly_love,2
_and_diversity,2
Paljastumiselle,2
Vihervassarilehti,2
Löyhimpiä,2
Paikallispoliitikosta,2
Miesurheilijan,2
Veroprosenttii,2
Veritankkauksesta,2
Piraattimölkky,2
Peruslukkoon,2
Fillaroidessaan,2
Toimittajaporukan,2
Osaamaa,2
Veikkaillu,2
Naistenryhmässä,2
Tarpeelline,2
Alusvaatteisillasi,2
Novosanin,2
Hankerahoja,2
Kokoomusedustajankin,2
Ahdistelujutuista,2
Wolttaukset,2
16vuotiaita,2
Epäsuosiollista,2
Voib,2
Tämmötteistä,2
Polkuopiskelijana,2
Syntymisenä,2
Päättäjäks,2
Kohussahan,2
Murskaavana,2
Treffille,2
Pelkopotilaiden,2
Ratsastustamineet,2
Rikosuutisesta,2
Voittajiahan,2
Raportoiduilla,2
Kustessasi,2
Magnolia1234,2
Paikallispolitikko,2
Juhlamaljan,2
Lounaslistaa,2
Oikeudenmukaisuudessaan,2
Rikottukaan,2
Todeisteita,2
Nauhaikkunat,2
Ikkunalautaa,2
Koulutusristeilyä,2
Tiedontarpeen,2
Sormenpäätkin,2
Soittotaidoillani,2
Tuntoani,2
Pilattavissa,2
Epäsuosiolliseen,2
Kuukausihinnoittelu,2
Sitkeempää,2
Omeprazolia,2
Pullopuhallusta,2
Dekonstruktoi,2
Icxlqku,2
Abortinvastustajan,2
Kansalaisidentiteetin,2
Siivoojanaisella,2
Rakennuspalveluja,2
Lippuslappusten,2
Koululääkärillä,2
Tutkimuskynnys,2
Joschka,2
Lakimiestenkin,2
Markettivehkeillä,2
Puhuttamista,2
Kapasiteeteista,2
Traumakirurgeja,2
Rytmihäiriöissä,2
Philadephiassa,2
Tekonenää,2
Kuukaudne,2
Bd0wio7,2
Ensimmäisne,2
Harukset,2
Sievoisan,2
Hevibiisejä,2
Vauhtisokea,2
Loukkaavaltakin,2
Yritystuotteet,2
Samanikäistenkin,2
Listatuilta,2
Tolpallista,2
Lämmityssysteemiä,2
Pönttöuunit,2
Rakettikirurgeilta,2
Rydmaninkaan,2
Heteronäyttelijöitä,2
Hintadiskriminoida,2
Operointiluvat,2
Moraalitajusta,2
Asumistukihakemuksia,2
Konemusabileitä,2
Pillreports,2
Luottamuspesteissä,2
Emäksisten,2
Suihkupäähän,2
Päivänuutisia,2
Eekoon,2
Kaksikymmenkertaisen,2
Tuplapotku,2
Huorameikit,2
Sauvoille,2
Riepotteluun,2
Listoituksia,2
Uimarilla,2
Treenimetodeja,2
Groomas,2
Mausteelle,2
Modlog,2
Refluksilääkkeet,2
Uploadaamisesta,2
Anjalankoskelta,2
Limaisuudesta,2
Iskevien,2
Somekäräjät,2
Somekäräjä,2
Konspetit,2
Tapailivat,2
Kaivelko,2
Uimarista,2
Juoksijapatsas,2
Vankityrmiä,2
Jbe,2
Tienykkää,2
Lipideistä,2
Saippuaksi,2
Talirauhasten,2
Saippuaisen,2
Tarkitukset,2
Hyödylliä,2
Kaasupallo,2
Kokopukuun,2
Urheiluseteli,2
Reittiopastus,2
Karttasovelluksessa,2
Misääs,2
Perhejäsenet,2
Jäähymateriaalia,2
Pelisiirtoja,2
Tuurillä,2
Ansaittuina,2
Viranomaiskoneistossa,2
Ohjeistajan,2
Vertaisarvioijille,2
Faim,2
Ääninäyttelemässä,2
Kasvisravintolaan,2
Maadoittuu,2
Isokokoiseksi,2
Todennettavaksi,2
Lopputulokseensa,2
Suboptimaalisesti,2
Tuhottavaks,2
Saavit,2
Kanssalukijat,2
Thomasiin,2
Tavoittelemaankin,2
Semoiset,2
Sähkösysteemi,2
Refiner,2
Pedantiikka,2
Normimiehen,2
Aranpuoleinen,2
Treffitilanteissa,2
Markkinarahoitteinen,2
Kylpylöineen,2
Sweatshoppeja,2
Defaulttaamaan,2
Suutarimestari,2
Nousnut,2
Seisoneena,2
Mustamaalauskampanjassa,2
Jatkoselvitykset,2
Groomausrinki,2
Alkutuottajilla,2
Lämmitysmuodolla,2
Systemaattisesi,2
Julkisyhteisöiden,2
Aurinkotuoleissa,2
Hyväksyö,2
Bensaverohan,2
Pienivaraisia,2
Uraaninhankintaa,2
Lyhyisin,2
Loppubudjetti,2
Oikeudenmukaistaa,2
Painostavista,2
Ahdistelujutut,2
Kansaedustajalta,2
Loppuvuosiksi,2
Virkamiespuolelle,2
Aiemmillekin,2
Freind,2
Kuljetusyrityksellä,2
Katekin,2
Alkoholirikoksena,2
Verotuskysymykset,2
Kampeaan,2
Suomalaisfirmoissa,2
Hamstrattuja,2
Sähkönsiirtohinta,2
Vaxxerin,2
Vääntäytyisin,2
Sarjadeittailu,2
Huonotapaisten,2
Samvaisgambi,2
Hukataanko,2
Päivittäiskauppatavaroita,2
Rahaongelman,2
Suuteluyritys,2
Tervetulleeks,2
Kriiterillä,2
Köröteltyä,2
Vihapuhetapauksissa,2
Lopputulus,2
Vuokrauskielto,2
Ammuskelupeliä,2
Puhtaustestiä,2
Estrogeenireseptoreita,2
Nsqdx_ohne,2
Kärkiviisikko,2
Vuokralaudalle,2
Oikestolaisena,2
Skuuttailijat,2
Perusväittämistä,2
Nurmeakin,2
Neutraalinkin,2
Talotontit,2
Kevytliikennettä,2
Osotit,2
Pyöräkaduiksi,2
Pysäköintiongelmaa,2
Julkisrahotteista,2
700wh,2
Rattijuoppot,2
Vähittäistavarakauppojen,2
Tripsavvy,2
8ba4,2
Yksilövalmentaja,2
Esinevahinkoja,2
Stasiksessa,2
Käyttöidea,2
Härväilyn,2
Tötöilyjä,2
Twiiteissäsihän,2
Vihjaamiseksi,2
Tilauskoneella,2
Todentaneetkuvilla,2
Venkoilevaan,2
Asentoanturit,2
Alimitoituksessa,2
Ostinpas,2
Liikenteenseuranta,2
Epämairittelevan,2
Hälytystarra,2
Reppureissaajaan,2
Saatavasi,2
Logoissaan,2
Autioituneille,2
Jäätelöpakkaus,2
Pelleilis,2
Sahkopotkulautojen,2
Vastuullisuusselvitys,2
Ihmisoikeusriskeja,2
Nettipostaus,2
Tulkitsisiko,2
Tapaamismahdollisuus,2
Kumut,2
Afganistanissahan,2
Vaarinkaytoksista,2
Ihmeelliselta,2
Allastaan,2
Perämetsillä,2
Astraalitasolta,2
Johdattelulta,2
Huiputukselta,2
Tutkintalopetettu,2
Riideltäisikään,2
Syntilistoja,2
Erillisii,2
Tiimei,2
Fättäreillä,2
Lukioikäisenäkin,2
Aiheuttivan,2
Iwar3,2
Depreshun,2
Automaattikamerat,2
Säätilastoja,2
Päihdetyölle,2
Luolamiesvaistojen,2
Mielenterveyskysymys,2
Henkilstön,2
Huokuttelisi,2
Niilokakskakkoset,2
Mannerheimiakin,2
Stemmin,2
Eläkejärjästelmään,2
Rahastoitavaa,2
Citypyörille,2
Sisäreiden,2
Kaiveluihin,2
Humaltui,2
Käskytyskulttuuria,2
Uusintava,2
Viisinkertaistuvat,2
Tutkittiinkin,2
Niskuroimatta,2
Käyttäjänimellesi,2
Maksumuuratusta,2
Mq3z7qcv2n8,2
Allekirjotettua,2
Parviälyltä,2
Ohjushyökkäyksiä,2
96f8,2
Armeiasta,2
Juoksusarjaan,2
Kuumeiluna,2
Kähmineen,2
Founderien,2
Founderit,2
Powerpoints,2
Kiinnasta,2
Hiljentäisimme,2
Riparilaisia,2
Ponttoonisillat,2
Myöhäisempiin,2
Niskoittelevan,2
Koulutushaaransa,2
Saksaski,2
Hermopinteestä,2
Isäinpäivänä,2
Menimmekin,2
Taustavoimiin,2
Mielyttämistä,2
Journalimsia,2
Toimeentuloedellytyksiä,2
Desinfioisin,2
Vihapaskaa,2
Dà,2
60litran,2
Toimenpidevaltaa,2
Zombifirmojen,2
Tarinakokonaisuutta,2
Zetiksi,2
Opetustoiminnasta,2
Helppottamaan,2
Höpöpuhe,2
Konversioterapia,2
Suojaikärajaksi,2
Lastenhoitohuoneet,2
Lämmönvaihtimiin,2
Kertakäyttöpillejä,2
Vittupäisyydellä,2
Vuohenputkia,2
Kevytmielisenä,2
Groomeriksi,2
Megajees,2
Kaasupallon,2
Räjäytitte,2
8bee,2
Vitser,2
Rasat,2
Varusmiehensä,2
Öljykerroksen,2
Graafissahan,2
Kuvatessasi,2
Rähjättiin,2
Rähjäys,2
Moninaisimmin,2
Yrittäessän,2
Kyntävää,2
Palkkaamiensa,2
Simputtamisena,2
Kansipuoli,2
Teleportannu,2
Hairahduksina,2
Sietämäänkin,2
Deformation,2
Kastoin,2
Jatkopahvi,2
Herkkupeppu,2
Nimikirjoitukseen,2
Mediapeliksi,2
Esimiesportaassa,2
Ensimmäille,2
Korjailussa,2
12kmh,2
Pahaaa,2
Kelataksiksi,2
Räjäyteltii,2
Maxnopeus,2
Ristiretkeläisiin,2
Päätoimituksesta,2
Salakuvaamisella,2
Rakosessa,2
Ostoaie,2
Auringonpalvojat,2
Herkkävatsaisille,2
Sarjakuviani,2
Publikaatiota,2
Villielaimet,2
Elaimesta,2
Pitkästyneenä,2
Nykypäiväisten,2
Yrittäjähenkisissä,2
Suhku,2
Poimulehti,2
Siankärsämöä,2
Käpälöijä,2
Palkkarenkinä,2
Raatamatta,2
Itteelleen,2
Ketunleipiä,2
Köyhällistöllä,2
Erikoisalakseen,2
Yksinkertaistaja,2
Koodieditori,2
Valokuvamateriaali,2
Toivorikkaana,2
Ollena,2
Kompanialle,2
Koulutaa,2
Tehokkuusruuvia,2
Naurettuakin,2
Koirosi,2
Kansallismuseossakin,2
Vähäkainua,2
Kitkaisia,2
Ekologisti,2
Alijohtajilla,2
Kiekkoleijona,2
Luottokorttifirmalle,2
Juhantalot,2
Salamiksi,2
Helvetistään,2
Flirtissä,2
Haalimansa,2
Jonkimmoista,2
Silmäsä,2
Loppuunajettua,2
Paalitavaraa,2
Puhkiajettu,2
Hybridiakku,2
Käyttöliittymäsuunnitteluun,2
Ihastelija,2
Hintaoptimointi,2
Metallikehikko,2
Lastenosastoilla,2
Puuvarastot,2
_region,2
Perinneruoan,2
Valiteltua,2
Taistelukamat,2
Kourivaa,2
Kippauksen,2
Lauseenpätkään,2
Seksuaalissävytteisellä,2
Pepperoniksi,2
Käyttäymisessä,2
Motitettuun,2
Huoltolinjoja,2
Bussivarikolle,2
Läpsäyttänyt,2
Palovaroitus,2
Koodereihin,2
Kapellimestariin,2
Itseaiheuttamat,2
Hexagonin,2
Laskutili,2
Syleihin,2
Rahtas,2
Jarrui,2
Pinkkasulkeisia,2
Morfologisia,2
Kuvailija,2
Tarkastaneensa,2
Teittiseltä,2
Persekuvan,2
Parkittuna,2
Brosyyrit,2
Enimmäkeen,2
Hydraatiolla,2
Jyrkkäsanaisesti,2
Vironkielestä,2
Tehoposako,2
Ilmalampopumppu,2
Luovaakin,2
Facebookpostaukset,2
Hierarkiselta,2
Simputtamiselta,2
Oikeuslaitoksille,2
Punkkansa,2
Tylleröinen,2
Hörkkökin,2
Timestamppejä,2
Toimituksellekin,2
Puhuttama,2
Näivettämät,2
Aamupuuronsa,2
Lääkärinkäynneille,2
Koordinoiduksi,2
Tuudittautuen,2
Leadiä,2
Verifioineet,2
Kyynelhanat,2
Todenperäiseltä,2
Puheäänensä,2
Ylikessuna,2
Tekstipätkässä,2
Allekirjoiteltu,2
Kulutasoon,2
Maksuvoiman,2
Syrjintäpisteitä,2
Lämpöseen,2
Sähköautotekniikka,2
Yleistymisensä,2
Pesupalvelu,2
Tyttölastensa,2
Vuokrahessu,2
Pummienkin,2
Hyttyskarkottimen,2
Vegaaniliitolla,2
Ylimääräenergian,2
Vkssa,2
Edimerkissä,2
Kostoretkestä,2
Veijarithan,2
Tutkimusreaktoreita,2
Aueella,2
Förespråkar,2
Äärimmäisetkään,2
Punaketun,2
Silverbergin,2
Puolueeltakin,2
Kuoritusta,2
Naksahdukseen,2
Kirjastonhoitajilta,2
Neulanjäljistä,2
Eläintiloihin,2
Juorulehteen,2
Pientenhelsinki,2
Miljalle,2
Säädata,2
Tukeudutko,2
Anekdootteihisi,2
Ylikasvaneiden,2
Morjenstavat,2
Investoreita,2
Sameutuu,2
Hinkattavaksi,2
Siniketulta,2
Fossiiliautoon,2
Jaloahan,2
Ilmanlaadullisesti,2
Juhannusbingossa,2
Mielisairauksissaan,2
Päiväkeskustoimintaa,2
Viettopaikka,2
Teloittamasta,2
Pajerolla,2
Vilunkipelille,2
Viettämyt,2
Formaattin,2
Epäluotettavissa,2
M9dtbu4jok8,2
Haisti,2
Sijaitseekaan,2
Pääartikkelia,2
Miehisemmäksi,2
Sähkölätkällä,2
Heilutuksia,2
Umpirikkaita,2
İstanbul,2
Osallistumisaika,2
Malmioita,2
Sivuvirtoina,2
Jälleenmyyntiarvojen,2
Vammauttamassa,2
Traumatisoimassa,2
Kokkarinuorena,2
Näköistäni,2
Asenneilmapiirimuutoksia,2
36vuotias,2
Pykäisty,2
Ostovalinnoillaan,2
Tukinnan,2
Sähköpiiskan,2
Minimieläkemaksua,2
Kuulivatko,2
Kiesinä,2
Tonnikeiju,2
Veeärrälle,2
Paistatellen,2
Elvyttävien,2
Poikkeustapaukselta,2
Töpselihybridiin,2
Tongittaisiin,2
Esitutkintaraportin,2
Fennoskandinavia,2
Räikeydestä,2
Aamiaiskohua,2
Koipesi,2
Kourimisista,2
Kaupunkipyöritystä,2
Laakereihin,2
Ohjauskulmien,2
Kuvallahan,2
Kannabistarhoiksi,2
Palkintoakaan,2
Operaattoireille,2
Asuvalinnallaan,2
Mastiffit,2
Seilonsaari,2
Haastellun,2
Hapensaannilla,2
Siteeranut,2
Liikennöitsijällä,2
Kokonaistoimivuuden,2
Aavistettu,2
Hukkuneisiin,2
Ateriankorvikkeita,2
Halavala,2
Drinkology,2
Ilvessalo,2
Lisäveloituksia,2
Kasvukertoimet,2
Lainaamana,2
Huippumiehet,2
Nollaolut,2
Vertautuvina,2
Tarhaustoiminta,2
Epäeettisemmät,2
Itsepäisimmät,2
Puoluekantakin,2
Osakken,2
Yksityishelikopterilla,2
Tehotuotannoksi,2
Vieraantuneinta,2
Kipeämpänä,2
Kopeloiminen,2
Koskasilloin,2
Ajettavuuskin,2
Lakimääritelmiä,2
Riisselillä,2
Varmemmilla,2
Vetoketjuun,2
Avattukin,2
Tulisijoille,2
Monisävyisen,2
Kädenlämpöseks,2
Uhkapelimonopolit,2
Patterirekka,2
Suurteholaturit,2
Umpikännis,2
Ulkomaataustainen,2
Vääntökäyrien,2
Kuppikoolla,2
Viettävätkin,2
Elvytystapahtuma,2
Laatujournalismiakin,2
Hyberboleja,2
Pettämisenkin,2
Alkoholirikkomukseen,2
885f,2
Tuumaukseni,2
Viroahan,2
Nettilomakkeiden,2
_ihmist,2
Maksumuurijuttua,2
Helläkätistä,2
Alastomuuskin,2
Vuokralääkäritkään,2
Morotti,2
Täyttyneistä,2
Keskivertoyksilön,2
Korkkaillaan,2
Sallinkin,2
Esiselvityksestä,2
Suhdesotkun,2
Ryvettymistä,2
Raakanahkoja,2
Peruakseni,2
Julkisuudenkin,2
Verorahotteiset,2
Töihinpääsyyn,2
Kattotelineen,2
Katumapäissään,2
Maxistä,2
Vaatetuskaan,2
Siviiliuhrin,2
Hyväntekeväisyytensä,2
Suututtaakseni,2
Nuubialaisen,2
Vaatimattomankin,2
Jatkokurssikaan,2
Kehitysvanmainen,2
Vakavoitumisesta,2
Lausuttiinkin,2
Tähdänneensä,2
Treenikamoissa,2
Säästökohteilla,2
Traktorikorttia,2
Wokeimmat,2
Flairitus,2
Vain_neljannes_diabeteksen_kuuden_miljardin_euron_yhteiskunnallista_kustannuksista_aiheutuu_sairaanhoidosta,2
Alaisiltani,2
Pyorailijoille,2
27000e,2
Aspiraation,2
Rockabillyyn,2
Jenkkirautojen,2
Funtsimiseen,2
A6d7,2
Yhteiskunnallisita,2
Roskaisuudessaan,2
Pikaruasta,2
Tieraatoja,2
Raidekapasiteetin,2
Osaamistaidot,2
Tarkistusviraston,2
Teddyistä,2
Googlettauksella,2
Minuuttihinnoiteltuja,2
Elvytysyritys,2
Nänniltä,2
Vanhalt,2
Finnairiakaan,2
Guildissa,2
Katoitsä,2
Nimmarista,2
Herkkänahkaisista,2
Tulisijoihin,2
Kilpikonnapuolustusta,2
Btbam,2
Maahantoisi,2
Tigersin,2
Pätevimmin,2
Keskikulutukselle,2
Säästettään,2
Hybridioperaatiolta,2
Velvoitteisia,2
Uhreillesi,2
Allekirjoitukselta,2
Kaadettavaan,2
Graaffeista,2
Flashbackiin,2
Neurotyyppisiä,2
Lavastuksena,2
Henkilöautokuski,2
Petkov,2
Menetettäisin,2
Lisätulijoiden,2
Motskat,2
Hlöauton,2
Vaihtoehtotodellisuuksien,2
Stragedisesti,2
Vihapuhetuomioiden,2
Iisalmessakin,2
Vaihtoehtoisimpia,2
Tässähn,2
Etätyöpäivänä,2
Ristiinpukeutuu,2
C83,2
Juono,2
Erasmuksesta,2
Pylpyröihin,2
Käpätä,2
Betonikerrostaloja,2
Hotrod,2
Onnettomuusmäärä,2
Terapiakoulutukset,2
Korkotilanteesta,2
Vanhentuikuinmaito,2
Logistiikkakeskuksista,2
Edunsaajajärjestöille,2
Humppana,2
Aselle,2
Betonipintaa,2
Hölmöjenkin,2
Nimmariin,2
Yösiivoojana,2
_hyi,2
Putoiskohan,2
Huonekaluostoksia,2
Leipäkorina,2
Näköesteistä,2
Huoltovälillä,2
Hazzardin,2
Juhannusjuhlinta,2
Mäntypölkky,2
Liivipellejä,2
Massamurhana,2
Laatikkomaisia,2
Sutun,2
Arkkitehdeillekin,2
Tutkintopohjalta,2
Hyttytytöt,2
Elvytystaidot,2
Arvoasuntoon,2
Häätöni,2
Mainostelu,2
Johtamismalleja,2
Somevastaavat,2
Talollekin,2
Vuosikymmennille,2
Lintuhauleja,2
Tyhjänpäiväsestä,2
Rähinäks,2
Lääkepakkaukselta,2
Puupölkyn,2
Resound,2
Julkisivuremppaan,2
Maalaistyttönä,2
Kotoisana,2
Hurmaavasta,2
Segementin,2
Katkenneelta,2
Hirvityksissä,2
Syyteoikeuskin,2
Hukkapätkän,2
Kolmesa,2
Valmisetetaan,2
Ystävällisemmiksi,2
Älyämättä,2
Niljakkuus,2
Puusepänverstaan,2
Etelänvetelien,2
Jannityksen,2
Edunsaajiaan,2
Toimitsijakiellossa,2
Vähäisimpiin,2
Aluelaajennuksiin,2
Palikkatalot,2
Tehdasasetuksissa,2
Kuivus,2
Pysähyksiin,2
Tyylisuuntansa,2
1dd0,2
4y1a7841_alvar_aalto,2
2c_finland_,2
Saynatsalon,2
Takatakataka,2
Bemarikuskilla,2
1ssz0jdt_sx8yp2mei_fmw7q,2
1sinybv7odhin3npnhm8hlgw,2
Rvo1,2
Kilpailutoiminnassa,2
Möhövatsa,2
Joinne,2
Tomaattii,2
Käytöksest,2
Pohjoiskoreaksi,2
Rattoisampaa,2
Raanaan,2
Nousijoiden,2
Rakennussuunnittelu,2
Kasvuikänen,2
Tuhopoltolle,2
Fba7c8ba,2
E4a6,2
30b8d9509590,2
Aluevaaliehdokkaiden,2
Häirintäasioissa,2
Konservatiivisiipien,2
Sijoittuviin,2
Ruodottomaks,2
Polttomoottorikoneita,2
Säästämiskeinoja,2
Peipsijärvi,2
Monipuolisuuskin,2
Palvia,2
Uhittelevan,2
Örkillä,2
Pesintäajan,2
Puolihuolimatonta,2
Metsäkeikalla,2
440g,2
Hoitokuormaa,2
Katukiveä,2
Epäystävälliseltä,2
Ruokalistallesi,2
Filenugetteja,2
Pseudointellektualismia,2
Suuosat,2
Viimeaikasista,2
Kangasmäärän,2
Pystyyköhä,2
Juustopizzaan,2
Tuplavalkosipuli,2
Lannoittanut,2
Tulkattiin,2
Miesyhteisö,2
9ef3,2
Vuosimuutosta,2
Indeksiluvun,2
Pakkauskoneesta,2
Ämmänsaaren,2
Imuja,2
Metsästysmajan,2
Monokkelinsa,2
Adventtikalenteria,2
Woltkuskeja,2
Maustuminen,2
Ylipäänäsä,2
Erikoisvarustellun,2
Keskusimuri,2
Umpivasuri,2
Hallittavampaan,2
Hautais,2
Pikkarien,2
Kätisten,2
Numeronäppis,2
Kuukelista,2
Sulkupalvelu,2
Suulakkeita,2
Suhauttanut,2
Ennätysajat,2
Ilmaisjakelijoita,2
Ikäisyyttäni,2
2000vm,2
Rikoskumppaniksi,2
Henkilörekisteriään,2
Restaurointiartesaanien,2
Perusveitsenä,2
Teroittuvan,2
Moransa,2
Hifistelyitä,2
Santokulla,2
Rullateroitin,2
Korkoeuro,2
Satelliittipohjainen,2
Luxio,2
Rabula,2
Kuseskelisi,2
Asutuimmassa,2
Rentoutumistapa,2
Terotan,2
Toimintakaavan,2
Timanttikiveä,2
Ygösiä,2
Käppäillään,2
Maitohyllyyn,2
Rappauksia,2
Hurraavani,2
Nahankin,2
Vetisillä,2
Teroitusväline,2
Velkamäärästä,2
Teräisiä,2
Taitamaan,2
Paskahuusista,2
Opastusvideon,2
Katsastuskonttoreiden,2
Rapsakampia,2
Laktoosivaivaa,2
Laskutilat,2
Toimeentulotuensaajien,2
Hillomiehen,2
Väkevämpään,2
Löytyiskös,2
Meinaatkaan,2
Erikoisruokavalioksi,2
Heitteillejättää,2
Nikotiinireseptori,2
Ionikanavien,2
Kakskymppiseksi,2
Metästykseen,2
Paykoosi,2
Vaurastuvina,2
Käyminenki,2
Kasvimaaksi,2
Kalastusmahdollisuus,2
Lohijokeen,2
Sulkuportti,2
Nanananananananana,2
Korrelointiin,2
Yrityslahjoina,2
Vinttikomeroiden,2
Puolityhjistä,2
Ohjelmistokehityspuolella,2
Mccandlessin,2
Hellmansin,2
Puttailla,2
Consonance,2
Tuhlaavaisesti,2
Ruovan,2
Lötyvät,2
Teroitussetti,2
Turbaanista,2
Pihlajasaareen,2
Jäytäminen,2
Findusin,2
Samoinen,2
Fikas,2
Paremmila,2
Vierasvenesatamat,2
Lysytšanskiin,2
Kyhmyä,2
Oikeuskäsityksineen,2
Hormonimuutokset,2
Sääsuojaa,2
Iloittavaa,2
Kerrostaloasukkaita,2
Työsuhteessani,2
Vitsailtava,2
Aseistariisuva,2
Troglodyyteille,2
Haavoittuvimmillaan,2
Harjoittamaani,2
Möllöttelen,2
Asuinsijan,2
Valvontakoneistojen,2
Oireiltu,2
Jenkkihintoja,2
Pilottimittakaavatestit,2
Jalostustekniikka,2
Askelmerkkinsä,2
Ohjelmaanhan,2
Kompastumista,2
Porkkanapyörykkä,2
Peppukipeydeksi,2
Pienikokoisuuteen,2
Hökkeleitään,2
Heristäisi,2
Zdeno,2
Ahdistuneisuudella,2
Statfin_ksyyt_pxt_11by,2
Hyödykkeitten,2
Rikastehiekka,2
Suksiboksiin,2
Organisoituneelle,2
Heittoistuimesta,2
Syöttötariffina,2
Sotilaalline,2
Valmistelevalla,2
Rajoituskeino,2
Cleania,2
Normimarketeissa,2
Vihertävässä,2
Paakkuuntumisen,2
Asteroidilouhinnan,2
Assosiation,2
Nationalobserver,2
Terottamisen,2
Pienirakeinen,2
Jälkeenjääneessä,2
Hyeenoilla,2
Poliisihuomiota,2
Kuoputtaa,2
Pellettivessa,2
Sahanpurulle,2
Jauhopussissa,2
Palvotuksi,2
Kiintioiden,2
Lähetettävillä,2
Tukipaketistahan,2
Sopimusrikkomuksien,2
Ihmiskohtalolle,2
Kuolemii,2
_player,2
Savutorpassa,2
Kaudellinen,2
Farscapea,2
Fiftyshadesofgrey,2
Ylälaatikossa,2
Öljypullosta,2
Hekohallin,2
Merimerkkejä,2
Karbiinin,2
Himoverottaa,2
Eckeröhön,2
Fasoulasin,2
Epäselkeesti,2
Ruodotkaan,2
Perikuntineen,2
Aktiivihiilihiekka,2
Päästöluokitus,2
Veneestäsi,2
Tasaarvoisia,2
Uhkailtii,2
Kakkatyypin,2
Kurotteleva,2
Paynelle,2
Armonajan,2
Epäilystesi,2
Koeponnistusta,2
Koivulassa,2
Jaloillaankin,2
Kansimiehillä,2
Vaihtoehtoehdokkaan,2
Sydänmen,2
Mehiläistarhaajan,2
Ehkäisytuotteita,2
Rannelle,2
Tiheähkö,2
Juhannusmeininkiä,2
Naapuristolle,2
Saucers,2
Täikön,2
Kriminaalihan,2
Tänhetkisille,2
Kissanhiekalle,2
Valaistustaso,2
Hormoneihinsa,2
Laagerin,2
Lähimaillakaa,2
Päälaukauksia,2
Sisämaakaupungin,2
Jumitatko,2
Teinivuosiani,2
Pahoittelukirje,2
Maanmittarin,2
Vaalityökalu,2
Sepitykseen,2
Hämeläinen,2
Ulkopaikallissijoissa,2
Ehdokkaallaan,2
Nykäisivät,2
Lemppariolut,2
Kaatoluku,2
Qualitya,2
Vinssausta,2
Keskenmenoksi,2
Diktasttori,2
Kattelleen,2
Mylläämättä,2
Elossapitämisen,2
Järkevöinti,2
Väkivaltaisemmilla,2
Kyytihommat,2
Vesijättömaa,2
Elinaikananikin,2
Kalastuspaikkaa,2
Vuokraisännällesi,2
Kipparoi,2
Miljonääriukkoja,2
Viestilaitteet,2
Yöpäivystäjänä,2
Homophoobinen,2
Solumassan,2
Hatarissa,2
Läksytät,2
Jussinakin,2
_film,2
Moikkaas,2
Vierasvenesatamissa,2
Viivakoodilta,2
Kirjantein,2
E8hf2rxrcnk,2
Virkaintoiselle,2
Pökerryin,2
Moniiin,2
Liivijengiksi,2
Migratedwpy,2
Ihmisenaluista,2
D8dilmkazec,2
Asemallakaan,2
Merivahdin,2
Taistelulentokoneita,2
Aseenomistusoikeus,2
Nnelle,2
Joukkoampumisiahan,2
Chillannu,2
Selviytymiskeinoihin,2
Metsäpalovaroitusalueella,2
Syliväli,2
Piirrettii,2
Edistysmielisempi,2
Aborttipolitiikka,2
Ampujiksi,2
Lääkintähenkilön,2
Pakkovärväyksen,2
Poseerais,2
Riistanhoidollinen,2
Vapaahkona,2
Metsästysmatkoja,2
Kannttajat,2
Tyyppises,2
Liketykset,2
Luokkalaisist,2
Karihaarassa,2
Viriileille,2
Internetpoints,2
Pahollani,2
Siviilipalvelukeskuksen,2
Omasivari,2
Pohjoishelsinki,2
Eklusiivisessa,2
Luonnonsuojelutekona,2
Valkohäntäpeurapopulaatio,2
Jenkkinaiset,2
Seksilakkoon,2
Henkariaborttien,2
Asiakeskusteluista,2
Liskothan,2
Käytöshäiriöisistä,2
Ovistaan,2
Päästämiseltä,2
Kyykytettävää,2
Laintulkinnallinen,2
Aitas,2
Luonnonarvoiltaan,2
Monipuolisuudeltaan,2
Näihon,2
Eläinteema,2
Qdrrrahp0qw,2
Xhvc5jlvq,2
Jenkkitutkimukseen,2
Peppukipeytyi,2
Wagwan,2
Soitteleevat,2
Rankahko,2
Lausannesta,2
Yleiinen,2
Puistonvartijat,2
Aulapotilaita,2
Syrjäteitä,2
Jellonasta,2
Riistanhoidollisesti,2
Ylpeileviä,2
Metsästyksiä,2
Hirvikantaan,2
Avustaminenkin,2
Migraatiosta,2
Renkaana,2
Yönäön,2
Halogeeneilla,2
Leikkikalugangstereita,2
Supportteja,2
Alkioilla,2
Sydämensyke,2
Vauvapornoa,2
Sivistyselämään,2
Pamahtaen,2
Hyissaa,2
Peeltä,2
Pääkäyttäjäoikeuksia,2
Osavaltiotasoinen,2
Salamurhana,2
Fetisseilleen,2
Stemi,2
Määrääjää,2
Toissijaisuusperiaatteen,2
Suorittajalta,2
Kalustohuoltoa,2
Ylläköitä,2
Metsästysmielessä,2
Olueks,2
A4_kiitos,2
Lepsummasta,2
Oikeusperusteet,2
Osamaksuvaihtoehto,2
Homorakkaus,2
Kepposiin,2
Kalastusreissulta,2
Kustaessa,2
List_of_massacres_in_finland,2
Vessanpönttösi,2
Terveydenhuollolliseen,2
Alapinnalle,2
Urakoinut,2
Liiviäijiä,2
Urakoitsijoistaan,2
Avoiminta,2
Töhötä,2
Hitaammanpuoleista,2
Tottumuksessa,2
Bojackin,2
Liivimiehille,2
Sievierodonetskista,2
Järjenvastaisempaa,2
Kärsivillekin,2
Tiimitoimintaa,2
Halkeamilla,2
Koulukuntina,2
Sisäelimiään,2
Haksi,2
Snobin,2
Wiikkii,2
Keskeytyneisiin,2
Hedelmöitettyjen,2
Luonnonsuojelutyöhön,2
Hyväkuntoisetkin,2
Purismista,2
Metrihintaa,2
Oikeidesta,2
Äkkivilkaisulta,2
Kävelyinfraan,2
Etukenoinen,2
Hygieian,2
Jumalattarien,2
Mumistu,2
Aamusaunassa,2
Ruskistunu,2
Preborn,2
Aseillakin,2
Verset,2
Mielisairauksen,2
Corruptio,2
Puoluepolitisoitunut,2
Vieraitani,2
Osamääränsä,2
Kmelkein,2
Naisvihaisena,2
Tuppautumaan,2
Vastaisitkin,2
Korisjoukkueessa,2
Käristykset,2
Kantabrittiläiselle,2
Turvapaikkakriteeri,2
Racetrack,2
Leveliksi,2
Findereitä,2
Tbcstä,2
Moninpeliltä,2
Totuusmedioihin,2
Budjettikatsaus,2
Budjettikatsaus_2015_kevat,2
Cataclysmissä,2
Levutusnopeutta,2
Yöpyvän,2
Lähimuistiini,2
United_kingdom_eu_referendum_2016_area_results_2,2
Rötöstelemättömyyden,2
Manööveeraus,2
Sienihermannit,2
Tuotearvostelija,2
Tphakemusta,2
Repaleisten,2
Feodaalikuntien,2
Veljeilynsä,2
Itsenäistymishankkeeseen,2
Päätavoitteekseen,2
Vanillafriends,2
Paskaluukussa,2
Pakenitkin,2
Hiiola,2
Firemawille,2
Mutak,2
Lasagnetet,2
Hivuteta,2
Sananvapauskriisistä,2
Pallomallin,2
Vankilaseksiterapeutti,2
Sekoittaisivatko,2
Uskonpuhdistajaan,2
9q429yc,2
Aarivaaristo,2
Maapalloki,2
Nyk0jmk,2
B0b51a41,2
B33c4c66d679,2
Survivalinternational,2
Pehtoorina,2
Miaow,2
Tepahtui,2
Suurikapasiteettiseksi,2
Turistiterminaaliksi,2
Konttisatamaksi,2
Edustustostaan,2
N1hy62seyig,2
Rekkajonoista,2
Kdfx3bfdttg,2
Starladderilla,2
Diplomaattisuhteen,2
Tällaien,2
Manwell,2
6b12f6ed8d37d6e2419fd81a44ccfc78ea3863fa,2
Lannistavasta,2
Raismin,2
Solvaamistunnusmerkistön,2
Uskonkuntia,2
Funreal,2
Müllers,2
Polliittinen,2
Mahdollisemmiksi,2
Asummaan,2
Syrjäkaupungeissa,2
Maalaisfantasiaa,2
Etätöilläkään,2
Aanestimme,2
Ykköshankkeena,2
Gerty,2
_juice,2
Tutkimussektoristamme,2
Päiväsäs,2
Initiaatiot,2
Ryöstämiset,2
Heristävä,2
Raivotar,2
Moraalitajulle,2
Kommunistivaikuttajien,2
Naisäidinkielenopettajalle,2
Feministikommunistihuoria,2
Cxcxmh,2
B6n_hinnalla_saisi_kotipit,2
A4_omakotitalon,2
Arabiraiskaajaa,2
Lainvalmistelijan,2
Ilmastokritiikkiä,2
Aittakummusta,2
Cvlg2i,2
Perussuomalaiset_ja_poliisin_toiminnan_kritisointi,2
Häränpaskalta,2
Siirtolaissopimus,2
A4_huomenta_pelaajat,2
Nmurou0pqij31,2
Pigmenttipohjaisia,2
Elintasokattoja,2
P234460,2
Nhpzo5xon2rmum,2
Sykkelien,2
Liikenneinsinoorinkaan,2
Luotisuojalevyjä,2
Paakalloa,2
89niiden,2
26df9e1f,2
Coctailkurkut,2
Iggymies,2
Palkkauksistaan,2
Postintyöntekijät,2
Pakettikäsittelystä,2
Automaatiokäsittelyyn,2
Verkkokauppatoimituksiin,2
Vittuilulappu,2
Työsuohdesuojaa,2
Etzler,2
Nollatuntiporukka,2
Radatkin,2
Juottais,2
Piakoivunen,2
Argutina,2
Vettenniemi,2
นน,2
บผ,2
น,2
ๆ,2
เคร,2
า,2
Giuliano,2
Hubertia,2
Googeloimalla,2
Kahru,2
Omistusomakotitalossa,2
08e119ae,2
Da58,2
338f4bdfbc03,2
Etäohjauspäätteeseen,2
Correalla,2
Kieroitunutta,2
Navankaiveluista,2
Predeterministinen,2
Predeterminismi,2
Sieluenergiaa,2
Kvantaalisia,2
Verkottoituneet,2
Temporaalisina,2
Neliulotteisina,2
Moniakselisilla,2
Rahanluontimekanismi,2
Palvelittomia,2
Henkilökuvaukselta,2
Budjettihintaa,2
Hanketyöntekijän,2
Liukkopuukot,2
Pasijaakonaho,2
Pahvihahmoon,2
Hypähteleviin,2
Mestarinpalvojiin,2
Nälkiinnyttäneet,2
Kuollisuuslukuihin,2
Puhelimenpitäjistä,2
Hommafooruminkin,2
Digiday,2
Discobrikaateja,2
Puukotusuutisissa,2
Distortiokupla,2
Nasdag,2
Tuntuiskos,2
Omenafantaa,2
Sekoittuvuus,2
Sekoittuvuuden,2
Sekoittuvuudella,2
Zzt0xbxtnhi,2
Saivartelijaa,2
Kaverisanana,2
Courttiin,2
1j92dqb,2
Ilmastopakolaisaaltoihin,2
Työttömättömyydelle,2
Epävalmistautunut,2
Kapitalistipomoista,2
Iduskcn1rn0pd,2
Puhelimetovatpahoja,2
Työsegmenteissä,2
Siivojahommat,2
Kerrossiivoukset,2
Paskrmpia,2
Muuttikko,2
Siivoojatasoa,2
Korkkailemassa,2
Rnnustettavuus,2
Marjankeräykseen,2
Pikaruokalatyöntekijä,2
Hakemusmyllyssä,2
Pochta,2
6a82cbc0,2
5f4c,2
1bd5a9c9f49b,2
Venalaismiehelle,2
Sunnuntaivuoroille,2
Konk,2
Kaverihankintoja,2
Kongiinkaan,2
Peilasimme,2
Ywit2nlgs4s,2
Eräpartion,2
Virkapaikaksi,2
Neurolotieteestä,2
Dn2943,2
Synapseista,2
Uhriutumistieteiden,2
Am0tmf,2
Finnkino_pakottaa_verkkokauppansa_asiakkaita,2
A6ycvo,2
Asshole_design_finkino_ei_salli_hyv,2
A4_ehtoja,2
Tervaamatta,2
Panostushalu,2
Petovahinkokorvaus,2
S1051137717300578,2
Todistusianeiston,2
Möttöset,2
Teetaneita,2
Ahtihuvila,2
Aikahälytyksen,2
Panosrajan,2
Stoplossin,2
Hyväyskoisia,2
N558,2
Häikälemättömin,2
J6jrhteosii,2
Cynkjt,2
A4htien_finnkino_vaatinut_mainosten,2
N566,2
Metsästysluoti,2
Pessimistisimpien,2
Norringin,2
Hiilijaanjälki,2
Verkkohäiriöongelman,2
Rahoitusvajettakaan,2
Espanjalaisnuorta,2
Ailah,2
Telun,2
Umayyakalifaatin,2
Aguero,2
Ruumitakin,2
Hedelmällisyysluvuissaan,2
Pohajlla,2
Yheiskuntadiili,2
Erikospalveluksilla,2
Maahanmuuttajarikollisuutta,2
Vonc,2
Foliohattutasolle,2
9xgvrwg,2
Luontomatkakohde,2
Vuosikasvusta,2
Työntekijäkatrasta,2
Väkilukuvaatimuksen,2
Rakentamallesi,2
World_1936_empires_colonies_territory,2
Kommenttillasi,2
Asuinalueemme,2
Alkuperäiskanadalaisten,2
Alkuperäiseurooppalaisten,2
Aspergeroimaan,2
4pl,2
Exerciser,2
Pääkallokiitäjä,2
A4kallokiit,2
Trudeaulla,2
Lasiskottelijan,2
Luotettavuusarviointia,2
Dieselautokaan,2
Kierrätysmetalleista,2
Kertakäyttökulutustuoete,2
Phosphatidylcholine,2
Derbyshire,2
Patoprojekteihin,2
Ehdoomasti,2
Valmistuy,2
Kiduttelee,2
Luotettavuustasosta,2
Fibland,2
0c457d262800cb51eefc6dbd927ad87c,2
Lainarahoitukseen,2
Tuplaveroiksi,2
20viihde,2
Erotiikkanovellia,2
Niikkuin,2
Huuhtelukin,2
Sijaisloukkaajilta,2
Privaattikoppeja,2
Uimalatkin,2
Pukeutumissyistä,2
Keikaloida,2
Intiimielämästä,2
Sorretutkaan,2
Horisevia,2
Säästäppä,2
Fipolla,2
Invatodistuksen,2
ㄴ,2
Kehtauksen,2
Panssarimiinoituksesta,2
Älypalloja,2
Tutkimusmenetelmista,2
Yleistaa,2
Jakajistakaan,2
Rikkaus_sin,2
A4_ei_ole_ongelma_vaan_se_miten,2
Ey36wen,2
Czi2bt,2
Rikkaat_maksavat_suurimman_osan_pienimm,2
Eyymi0n,2
Tuloasemaan,2
Perehdyta,2
Itsena,2
Syventa,2
Limeren,2
Konsoliohjainta,2
Huipputuloisimmat,2
Johdattava,2
Syötiläinä,2
Vaihtoehdoistamme,2
Ykköspuoleen,2
Reunakkaiden,2
Kotrolta,2
Jarruosia,2
Apokalypsiskenaariossa,2
Kansainvaeullukselle,2
Lihavyöry,2
Liiketoimintaryhmien,2
Myyntijohtajille,2
Golfinpeluulla,2
Tempoitaisiin,2
Mammuttiuudistuksia,2
Ἃ,2
_kyt,2
678f2aa5,2
6f2b,2
Cc1196417c78,2
20190423_um_kyt_fi,2
Mammuttiuudistukset,2
Kansalaisuusretoriikalla,2
Ziekenhuis,2
Ykköspuheenaiheita,2
Juristiväkeä,2
Golfosakkeen,2
Livsmedelverket,2
Ylihiillostetaan,2
Laitossijoituksissa,2
Iilmapiiriä,2
Tuloksistakin,2
Wbdpc2yx,2
Massihemmojen,2
Menetelmäosuuden,2
Korruptiotasoa,2
Rasismiraporttiin,2
Saapujamäärien,2
Ilmastopakolaisaalto,2
Ia800909,2
Shigurotakadacontingencycannibalism,2
Shiguro,2
20takada,2
20contingency,2
20cannibalism,2
Polttomoottorisessa,2
Proofata,2
Disruptiosta,2
Disruptoidaan,2
Czvjmu,2
Naiset_tulevat_altaaseen_meikit_kasvoilla_ja_3,2
_tcm18,2
Tukimääriin,2
Ennätyspieneksi,2
Dementiaosastonkin,2
Bonustaulukoita,2
Yhtiömuotoista,2
Pelikoneoptimointeja,2
Atlantikseksi,2
Tuhovoimalla,2
Terveysinstituutioiden,2
Raiskausrikollinen,2
Deittaushistoria,2
Lyijytynnyreihin,2
Pohjoiskaarteessa,2
Enroothin,2
Mancini,2
Virkaliivi,2
Kenttähousut,2
Näätäsanoilla,2
Oyfdsv0t6yy,2
Totuudenmukaistakaan,2
Vihapuhujasta,2
3asuomenuutiset,2
Arvonlisa,2
Kattoonsylkemispesteihin,2
Fsygwn,2
Qmfy,2
Nesquszqphm,2
Trendimuutosta,2
Tokkii,2
Laakitystaan,2
1f4f08a3,2
Kädenpuuttuminen,2
Твоим,2
Бой,2
Imaseeko,2
3j413f,2
Roboimurit,2
Yrittämisenä,2
Mysteerisyy,2
Salapoliisiotteella,2
Rajakonflikteiksi,2
Törmäilevästä,2
Jprgbl16aro,2
Cmrtzizolqq,2
Matkantekooni,2
Vinkuaani,2
Syynätäänköhän,2
Nejmoa1911614,2
Roomba676,2
Kasvioppia,2
Datša,2
Kautisella,2
Kansallisvapaudet,2
Miljoonaakerhossa,2
Entrylle,2
Joutumisriskissa,2
Aikuisva,2
Ytymisen,2
Koiratapahtuma,2
Seewhatsnext,2
Netflixnordic,2
Vapaanmarkkinatalouden,2
25eltahawy,2
Inyt,2
Winuser,2
Monumentaalisuus,2
Piäkseminen,2
Pn2019s,2
Ulkonäkögeenit,2
Raameihisi,2
Kahvileipäpöytä,2
E5uzeif,2
Schulginiin,2
Päättämättömyyttään,2
Pervoileva,2
Huudettakoon,2
Haukuttakoon,2
Ylitaipuvuutta,2
Poliisipartioihin,2
Syndroomaisista,2
Verkko2,2
_erityistilanteet,2
Minimunan,2
Substansseilla,2
Ratkaisumalleiksi,2
Tieteiskirjoja,2
Tårtta,2
Tujmw1neb,2
Satunaiset,2
Pyyhkitty,2
Viihamaan,2
Periodismohumano,2
Pitkäkestoisempien,2
Exp_lsd_train_wrecks_trip_disasters,2
Neuroplastisiteettia,2
D16an8,2
A4_etsit,2
A4n_apua,2
7ayg3firb1k31,2
20ylip,2
Mediafiasko,2
Tuskaisemmin,2
Fkavyiis2be,2
Dbwguvahbzq,2
Yqepy0t1a,2
Airpodsien,2
Ennustemerkki,2
Esilletuminen,2
Naisvihasyytöksiin,2
Globalcommissionondrugs,2
Gcdp,2
Pienemmyyttä,2
Aliya,2
Kokoomushimmeliltä,2
Mustepatruunoita,2
Välikäsimiesvarapalvelut,2
Feminismisyöpäajattelua,2
Päätyineiden,2
Perusyhdyssanat,2
Nevalny,2
Vattajanniemi,2
Biohakata,2
Ainepaletti,2
Insinöörijutut,2
Novellinmittainen,2
Elitististiä,2
Maatalousperheessä,2
Kosketuspohjaakin,2
Bitcoinhuutokauppa,2
Viivastyi,2
Schietincident,2
Woning,2
Zwaargewonde,2
Gezinsdrama,2
Oppilasainekseltaan,2
Tarjetaan,2
Pirteissämme,2
Naiskohtaloista,2
Träkkäämisestä,2
