Tuotantorakenteet,2
Asemet,2
Päättyvätkin,2
Tuotantohinnaksi,2
Seemu,2
Telänne,2
Normiduunareita,2
Helluntailaisuutta,2
Oppikunnat,2
Vajaamiehityksestä,2
Algoritmillisesti,2
Raamatustahan,2
Vapaadti,2
Editoitavissa,2
Rekrytointihenkilö,2
Ongelmienratkaisija,2
Cobasna_ammunition_depot,2
Lukashenkalta,2
Rivikristitty,2
Kirkollispolitiikkaan,2
Kausikorttien,2
Metrolinjoista,2
Äidilläsikin,2
Pukeutunutkaan,2
Intergalaktiselta,2
Karkkejakaan,2
Yhähän,2
Korjamiseen,2
Rosmoksi,2
Voyeristit,2
Goolaamalla,2
Pätsimäisessä,2
Pizzanjämä,2
Naturistien,2
Ulommaisena,2
Möyrinyt,2
Jäätelöaltaan,2
Altaseen,2
Keikkakokemuksen,2
Commonsiin,2
Pikavoitoissa,2
Halonenki,2
Automaattiohjaukselle,2
Ihoisilta,2
Vesiksi,2
Pelaajallahan,2
Selaushistoriassa,2
Nimetäkkin,2
Seuraleikkinä,2
Pelivalmistajat,2
Kerkivät,2
Virtuaalisina,2
Häikää,2
Nykysilläkään,2
Unreality,2
Kokoluokkamme,2
Kulttuurikonservatismia,2
Julkirasistit,2
Virkosin,2
Pinnoitetuille,2
Vetyteknologiaan,2
Varastointiratkaisuja,2
Ulosmyytävän,2
Neulanvaihtopisteistä,2
Itteenkin,2
Perusteetomia,2
Lautapeleista,2
Siirtäsit,2
Vaalipolitikolle,2
Naturismin,2
4bb8,2
Päiväkodinhoitajat,2
Apurahatkin,2
Siviilipalveluskeskuksessa,2
Pelistudioille,2
Rinnakkaisluokkaa,2
Tukipuun,2
Ydinenergialle,2
Kahestaanki,2
Väestönmuutokseen,2
Typerätkin,2
Ulkomuodot,2
Manchesterinterrieri,2
Sirkutteli,2
Hyökkäyssodille,2
Maltitoli,2
Steamist,2
Superjepa,2
Rusentavaa,2
Informaatioähkystä,2
Mediakulutus,2
Pelikamat,2
Iskostaisi,2
Jälkihehkusta,2
Ostokanavia,2
Engi,2
Kiikelissä,2
Tanssitangot,2
Saarnaminen,2
Kiihkolainen,2
Külm,2
Ristiänsä,2
Ylitöistään,2
Helvetinmoine,2
Huonepalvelun,2
Sateenkaarikansasta,2
Salkkuasi,2
Pc6pzmqf,2
A81d,2
401c1524,2
Ad7c,2
F3f3ad4450d4,2
Käyneistäkään,2
Sisäpinnatkin,2
Kyljesssä,2
Paradeen,2
Tykittämiseen,2
Ydinteollisuudesta,2
Varastoidessa,2
Kaliningradille,2
Teollisuuskemikaalit,2
Kinkkusiivulla,2
Tehtävistänsä,2
Avaruusluikkarit,2
Liipasen,2
Vähärasvaisina,2
Kantasika,2
Arvosijoittaja,2
Ehitys,2
Slideshowssa,2
Selailtuaan,2
Jäänensä,2
Dekriminalisointikannan,2
Pikkuhitlereiden,2
Neljistään,2
Kaakeloitu,2
Väestömassaa,2
Kehittämistyöstä,2
Söhläisi,2
Rahapalkkioilla,2
Lahjatavaroiden,2
Kirjastohomma,2
Sokeeks,2
Tyttin,2
Hahmotonta,2
Ilmaleviämisen,2
Itseaiheutetulle,2
Valiokuntaedustajat,2
Salimiesten,2
Pellannut,2
Selvitymis,2
Korventamalla,2
Kuluttajatasolle,2
Oksennellaan,2
Saidaksi,2
Heittovuoroja,2
Herättäjät,2
Ylösnousseesta,2
Kaveriporukastaan,2
Pärinäjonne,2
Astusi,2
Eeeeerittäin,2
Kojeissa,2
Koliin,2
Kirjaimeillisesti,2
Umpimetsässäkin,2
Asuinkaupunkeja,2
Pakohuoneiden,2
Kehittyvin,2
Inttiviikolla,2
Chagnonin,2
Keräilijöissä,2
Melanesian,2
Nopeutan,2
Jolkottavan,2
Metsärahasto,2
Kryptovaluuttojakin,2
Räpsittiin,2
Sarvipäillä,2
Säädettävässä,2
Mätkettä,2
Säännöllisien,2
Tuotantorakennetta,2
Perheyrityksiin,2
Mielenkiintoisuudessa,2
Yleisyydessään,2
Kaasuyhtiölle,2
Vipeltänyt,2
Raftia,2
Kofeiinijuoma,2
Kofeiinitableteista,2
Teosofinen,2
Kärjistettysti,2
Kaasuputkihankkeessa,2
Rottailulle,2
Ilmakkoja,2
Tyhjentyneitä,2
Herkutteluunkin,2
Koulunvaihtoa,2
Ampiaiskammo,2
Pomovastuksia,2
Cannabis_and_impaired_driving,2
Statistiikoihin,2
Väsääjä,2
Älynlahjoillasi,2
Kiduksilla,2
Tientukoksi,2
Siviilipalveluspaikkoja,2
Opittaviin,2
Hälinällään,2
Tuottamuksena,2
Viettelystä,2
Kuohuviinillä,2
Ominesi,2
Höynäytettyjen,2
Tohveliin,2
Kanssakäymistaitoja,2
Dronepilotteja,2
Viestimiehiin,2
Pitkittyvästä,2
Stigmatisoitumisen,2
Mikromaksullisia,2
Dbahrpsawva,2
Näppäsemässä,2
Vakoilujärjestelmällä,2
Räkän,2
Välimallilta,2
Ostoaikeensa,2
Kauhukaksikko,2
Halpispullo,2
Arvovaltatappiosta,2
Apteekkihommia,2
Kiskurihintaisen,2
Sarjaversiona,2
Farmillaan,2
Enimmäismääräksi,2
Koulutushommiin,2
Pelaisitkin,2
Lähimehtään,2
L9uhsblm,2
Kertaamasta,2
Yhteistyöpelin,2
Palatessaa,2
Tuomioistakin,2
Elintarvikeketjujen,2
Tolkulliselle,2
Tehopiikki,2
Litkuille,2
Nettimoninpeleistä,2
Megawattituntien,2
Satakuusikymmentä,2
Kravattipelle,2
Työläyttä,2
Kuralageria,2
Hifistelyoluita,2
Siviilisaatiosta,2
Muovittamattoman,2
Cuervon,2
Aihekkin,2
Seksimiehet,2
Tarkkailukouluun,2
Juomaosastoa,2
Kylmähyllyjä,2
Päivittäistavaraketjut,2
Tipahta,2
Halfia,2
Eturauhasongelmia,2
Groupsearch,2
Vakoiluvehkeitä,2
Takallakin,2
Silmiäaukaisevaa,2
Rutkutetaan,2
Masennuksessaan,2
Kehityspanos,2
Individuaalisen,2
65mw,2
Vivussa,2
Äyreille,2
Energiayhteistyö,2
Palkankorotusasiaa,2
Kilpailullisin,2
Ladattaneen,2
Laitosjaksolle,2
Alkukantasella,2
Perusruokakaupoissa,2
Energialitkut,2
1900mw,2
Kukostaisi,2
Suodatettavaksi,2
Lähijohtajien,2
Sokerimunkit,2
Kesälaitumella,2
Pelimekaniikoiden,2
Sellofaanin,2
Elokuvataiteellisesti,2
Kasinoo,2
Alzheimerissä,2
Hätistellen,2
Mersuistakin,2
Neovan,2
Ilmastohömpötyksen,2
Rivaner,2
Päivystyskustannukset,2
Ympärivuorokautiselle,2
Pannullisesta,2
Kakao,2
Veikeisiin,2
Salaattijuuston,2
Viitsimyksen,2
Pakastewok,2
Muovitettuina,2
Pikajuoksijalla,2
Huuhteluhommiin,2
Helppotekoinen,2
Vankilanuhalla,2
Punalaputettuina,2
Riehakkaalla,2
Ideaalimme,2
Absolutismeista,2
Uvolaan,2
Firmaam,2
Huumormielessä,2
Loppupäällä,2
Hyba,2
Rekisteröitymisvaatimus,2
Verkkoteoriakoe,2
Itseopiskelumateriaalit,2
Rekisteroityminen,2
Lisäteoriakoetta,2
Eteläsavossa,2
Salaattikulhoon,2
Pikkutuomioita,2
Uunissahan,2
Aivopesuja,2
Puollustelevat,2
Puskureitaan,2
Syytekohdasta,2
Yksiköitäkin,2
Hörppyihin,2
Ysärilä,2
Omavastuulaskun,2
Mätitahnasta,2
Urajohtajia,2
Hallintorakenteissa,2
Pienporonhoito,2
Yhteuskunnan,2
Tiesmille,2
Kuuliesi,2
Luonnontilaisempaa,2
Sokerikiintiö,2
Paseerattuna,2
Ulkopuoliseenkin,2
Perunaharjalla,2
Lähikauppoihinkin,2
Kerrostalovuokralainen,2
Noutokaupat,2
Onnettomuusriskeistä,2
Alkoholitoleranssin,2
Ripotteleminen,2
Pullokarkit,2
Lempikarkkeja,2
Suolapähkinää,2
Pavunituja,2
Piskuisista,2
Leivonnaisilla,2
Ainestahan,2
Yleistuntemus,2
Kaasupalloon,2
Ilmastotutkijaa,2
Yhdistelmätuomion,2
Arpeutuneen,2
Lääkäriystäväni,2
Kuuliani,2
Paikallekkin,2
Rahankerayksista,2
Rahankeraysluvista,2
Niilki,2
I71ju6q,2
Perusmaksuissa,2
Nielasin,2
Hyrh,2
Loppusummalla,2
Aineenvaihduntatuotteesta,2
Rappioalkoholistille,2
Pieksäjäisten,2
Lapastasi,2
Vihreäkuulakeittoa,2
Pursotuksen,2
Sairausvakuutuslakiin,2
Ikäsekseni,2
Perunasuikaleitten,2
Makkarakastikkeeseen,2
Yhdyavalloissa,2
Britannicasta,2
Puretko,2
Näykin,2
Opinioni,2
Siirtokyyti,2
Leikattavaahan,2
Intersects,2
Yösin,2
Kadunvarsiparkeissa,2
Väärinkäyttämättä,2
Hibbert,2
Bergendahlin,2
Nettipankeissa,2
Huntersilla,2
Viinejäni,2
Gutachten,2
Hingegen,2
Hälfte,2
Paistumaa,2
Tönköks,2
Litkuna,2
Vihlomista,2
Tantereilla,2
Energiapolitiikastakin,2
Perattaisen,2
Selffietä,2
Eheyttämispolitiikka,2
Venäläistämispolitiikan,2
Opastajaksi,2
Lämmöneristävyyden,2
Lämmönläpäisykerroin,2
270mm,2
Lamellihirsi,2
Vyörytetä,2
Mainospätkät,2
Suodattamattomien,2
Jäätelövenettä,2
Speedrunaa,2
Makuki,2
Paasemaan,2
Kaynnista,2
Paukahtanu,2
Höyläpenkin,2
Puristimien,2
Pilkatakin,2
Viininviljelijöille,2
Purkkisärki,2
Alkusummasta,2
Sairaalakuljetus,2
Sensodynea,2
Kastamisia,2
Jässiköiden,2
Yläviisauden,2
Sokeripommia,2
Hälytyskeskuspäivystäjän,2
Siirtolohkareita,2
Wahlmanin,2
Integraaliksi,2
Tayttamaan,2
Yhtymäksi,2
Sisäänrakennettuina,2
Поп,2
Large_,2
Talonpoikana,2
Mahtimme,2
Paniikkikohtausoireita,2
Kylkikolari,2
Hinnasta_,2
Holittomasti,2
Suoratilaus,2
Muumimeemit,2
Muussiks,2
Miljardilaskuun,2
Kertakokemuksia,2
Työkyvyttömyyseläkkeelläkin,2
Ratsastaneita,2
Huoltovarmuudellisista,2
Foliohattuileva,2
Kalasto,2
Planktonlevien,2
Lajiryhmä,2
Rehevöityneissä,2
Korkeareunaisella,2
Lanssikyytiä,2
Lanssikyydillä,2
Maahanviennit,2
Pukinetta,2
Rajanpuolella,2
Pääpomon,2
Lähitaistelutaitoja,2
Wokkaamista,2
Irtoilevat,2
Valuuttavirrat,2
Valomainoksista,2
Vihanniksissa,2
Lahjoittikin,2
Kankien,2
Lakoo,2
Viljelysmaahan,2
Juhlatuulelle,2
Kz_ovssn5nq,2
Sienestysaika,2
Muoviämpärit,2
Souraan,2
Vatsakatastrofi,2
Hermostoja,2
Keksimmekö,2
Taideleffat,2
Jeltsinkin,2
Konkaavi,2
Töihit,2
Tultahan,2
Bdd5,2
Lähtin,2
Kokoisellakin,2
Huitaisut,2
Nirhamia,2
Pepit,2
Nokkineet,2
Käsikähmäksi,2
Rannikkonsa,2
Laserohjausta,2
Operaattoritkaan,2
Riehujalla,2
Piippaileen,2
Sikaniskan,2
Keraamisesti,2
Vastaaaaaaan,2
Tuulihousun,2
Lomasijaisille,2
Ohjelmallakin,2
Pimpparauta,2
Polkeko,2
Metallikeikkaa,2
Kovimpaankin,2
Elinaikaisista,2
Syöksymisestä,2
Onnekaan,2
Kiehumaa,2
Ohutleike,2
Lipase,2
Laardikasat,2
Maanpuolustusveroon,2
Heppoisillakin,2
Leukaperään,2
Kännisetä,2
Puzzlessa,2
Sähköautoilussakin,2
Polttoainevaroja,2
Alusvaatteeni,2
Eternalsnowing,2
Atomienergiaa,2
Varustevyöhön,2
Aggressivisella,2
Tukimielessä,2
Varaussivuston,2
Vihreäpukuista,2
Örkittely,2
Suojelukäytössä,2
Hyväntuoksuisella,2
Esiinottoa,2
Ulompaan,2
Hörhöteoriat,2
Alkoissakin,2
Inhumaanit,2
Oksun,2
Viestittäjänä,2
Lisäämäl,2
Sekaantumiseksi,2
Sokeripalat,2
Tipautat,2
Messässä,2
Nettipuoli,2
Hommieni,2
Alexanderplatzin,2
Shoebox,2
Energiainvestointien,2
Palkkaverotuksessakin,2
Lusiferille,2
Puuvillaisiin,2
Herjaamatta,2
Turvevoimalaitoksen,2
Investointipotentiaalia,2
Murtumissa,2
Pörisijät,2
Oktaania,2
Osuuskuntasi,2
Kemiassakin,2
Sijaistarve,2
Ehtyivät,2
Pakastepotut,2
Pornahtavalla,2
Tommoiselta,2
Nachopellissä,2
Maissisipsejä,2
Elintarvikelaitoksessa,2
Ulkoi,2
Rikast,2
Kasvispitoista,2
Gastropuolen,2
_kuolee,2
Kilpailutustilanteen,2
Pilputtu,2
490g,2
Kansailaisuuden,2
Kasvisrasvoilla,2
Föönata,2
Tuloilmaventtiilin,2
Wandavision,2
Hiidenpata,2
Tuotemerkeiltä,2
Orjatalouksia,2
Mainosbudjettia,2
Väistitte,2
25wee,2
Varakkuustasoa,2
Kaikkimeneepaskaks,2
Hihattomien,2
Virhekin,2
Kes88,2
Leikkeleitten,2
Aikaerossa,2
Kylpyhuonekin,2
Sivutoimisista,2
Kerryttävänsä,2
Osuusmeijerin,2
Kymijoella,2
Asepalvelustasi,2
Brändimerkit,2
Riiseja,2
Pakettissa,2
Käteheni,2
Sähköpiirin,2
Yliedustuksellaan,2
Niemeläisen,2
Kauhomisen,2
Laitoskohtaista,2
Miettiväisen,2
Vitjapallejaan,2
Sokurikuulia,2
Autotuonti,2
Suomifoorumi,2
Televiissiota,2
Housuttomuutta,2
Avioliittotodistus,2
Villamyssy,2
Junttimeininkiä,2
Navalnin,2
Imettekö,2
Senjälkeisen,2
Pelastusviranomainen,2
Banaanijugurtin,2
Hunajamarinoidun,2
Viljelymaahan,2
Ulkomaanpassia,2
Laatusertifikaatteja,2
Runkosyvyyden,2
Sähköpakuun,2
Rakoittaa,2
Ahdistumistaan,2
Tehoyksiö,2
Viileähkössä,2
24ssä,2
Sähköasennuksessa,2
Kaksinaismoralisminsa,2
Warret,2
Sulamisia,2
Navalnyikin,2
Kanariisiä,2
Tyhjenti,2
Lurkkaajille,2
Yhteydenpitovälineen,2
Pinkmanin,2
Poliisihenkilönä,2
Hankaloitumisen,2
Ambulanssikuljetusta,2
Kaavakkeesta,2
Veispuukki,2
Vikkelältä,2
Keijotukselta,2
Ensikertalaisuuskiintiöitä,2
Sidottuine,2
Subventioksi,2
Fanficit,2
Orkesteriteos,2
_mod,2
J53,2
Ir9w,2
Lattialämmöllä,2
Säätöventtiilit,2
Olohuoneiden,2
Viemärisukellusta,2
Muutoshallinta,2
Paskasoftan,2
Mckinseyltä,2
Huurteenpoiston,2
Lämmityksissä,2
Bensiininsä,2
Aloitussarja,2
Orjamallilla,2
Geenivikainen,2
Uimapukuun,2
Normiseteillä,2
Butšasta,2
Valutellut,2
Löfsbergs,2
Halpiskama,2
Lasagneten,2
Paskakipolla,2
Näytänpäs,2
Jasmiinit,2
Budhistit,2
Kaksinpelattava,2
Ruvettukin,2
Bensavaloa,2
Silinterihattuun,2
Miinuksistanne,2
Mikroruokaan,2
Parjää,2
Mutapohjaisen,2
Trukeissa,2
Fetakin,2
Riisipakettia,2
Trackaavat,2
Diiselit,2
Ostovimmaa,2
55l,2
Riippeun,2
Jääkylmäksi,2
Viluisia,2
Pakettiautoissakin,2
Berlusconilla,2
94v,2
Sadevesiputkea,2
Sadevesiputki,2
Psyopsit,2
Mfan,2
2fan,2
Sähkän,2
Riistovaltion,2
Turvasssa,2
Nopsempaan,2
Viilentämisestä,2
Fidduun,2
Uudelleenmyynnistä,2
Lavitsalla,2
A4hine,2
Jäähdytysritilän,2
Parboiled_rice,2
Pitkäjyväisiä,2
Oudommissa,2
Offensiiveihin,2
Tekstipätkällä,2
Harjoittelevilla,2
Peruskestävyyslenkit,2
Vauhtikestävyyslenkki,2
Virheliikkeiden,2
Sykkeistä,2
Harjoitusohjelmalla,2
Lenkeissä,2
Waynea,2
Defsec,2
Linkkaamastaan,2
Laulukaan,2
Loppuvuos,2
Roposien,2
Intervalleina,2
Askelkyykyt,2
Waynellä,2
Ohjelmistokirjastot,2
60minuutin,2
Sykealuetta,2
Natsahtavat,2
Mielenterveyshoitoo,2
Oikeampien,2
Riskikertoimen,2
Hajautuneena,2
Iljallakin,2
Rinkurunkkua,2
Juoksuasentoon,2
Muilutuksille,2
Vuosisitten,2
Ruokavalioneuvoja,2
Poliisitaustaisia,2
Tutinasta,2
Googletteluilla,2
Szekelyn,2
Osakkeit,2
Rasittuvan,2
Lepopäiviin,2
Xenofoobikko,2
Sijotuskohteet,2
Vuokrajutut,2
Lumipyryllä,2
Parisuhdejutut,2
Jännätys,2
Eksistään,2
Veteraanipappa,2
Kakisteltua,2
Lavakomiikka,2
Lämmitään,2
Eristämättömässä,2
Kuumentimella,2
Huipentumalle,2
Yhteensopivuusongelmasta,2
Varmistuneista,2
Pronaatiotukea,2
Laktoja,2
Myöhästettäisiin,2
Somepresenssinsä,2
Standuppi,2
Seruaa,2
Mehujäätelöitä,2
Jugurttijuomaa,2
Perseennuolijoista,2
940e,2
Taivastelemiseen,2
Tarttuviksi,2
Fyssarien,2
Lähisairaalassani,2
Mustavalkone,2
Fysikaalisuus,2
Uskoset,2
Tiedonvälityksiä,2
Jööö,2
Boylea,2
Lajityypeillä,2
Pistoolinkin,2
Ikäisiinkin,2
Seurustelujuttuja,2
Imperumia,2
Litiumakuilla,2
Kinttujani,2
Emulaattoril,2
Irtaimistovarasto,2
Piiloverotuksesta,2
Yliopistohommiin,2
Paskajäljet,2
Pakkasenkestävä,2
Kivelää,2
Improttu,2
Sitename,2
Tulehduttaen,2
Hiivatulehduksia,2
Pohjolankadun,2
T2372,2
Kaupunkibussin,2
Jäähdytysnesteeseen,2
Viiskymppiäkin,2
Koulutyöhöni,2
Soljuvaan,2
Ultrattiin,2
Navanalusjuttuja,2
Ärrhg,2
Ghräghgrr,2
Tiskattavia,2
Ilmajousella,2
Viihdemahdollisuuksia,2
Segura,2
Cheung,2
Mesoomisen,2
Pikkuhaava,2
Haavateippiä,2
Ensiapulaukussa,2
Yksittäisannoksia,2
Samanikäisessä,2
Luulotautisista,2
Vanhemaan,2
Setviytymään,2
Altiivisesti,2
Bisneslogiikasta,2
Laadukkaaman,2
Pitkähihasta,2
Työvaatteeksi,2
Doxannu,2
Erityisherkkyydet,2
Reviirikiistaan,2
Esiintymispaikan,2
Kolotuksesta,2
Ajankäyttöäsi,2
Talouskakka,2
Impulssiostoksiin,2
Valmisruualle,2
Normipuolelle,2
Normilääkärin,2
Paistokasaria,2
Vuokramökeissä,2
Viemäriraetta,2
Pakattavat,2
Leasataan,2
Naislääkäreille,2
Tuotantoonvientiä,2
Käsittelyohjeet,2
Sieniopas,2
Jääräpäisten,2
Työsuhdeliisarina,2
Kokonaishintojen,2
Edullisehkoja,2
Yksityisliisarin,2
Poisoppimista,2
Tietoisuustaitoihin,2
Opiskelijaraflasta,2
Rohdoilla,2
Peruskipulääkkeet,2
Peruskansalainenkin,2
Morfiinijohdannaisia,2
Sivuvaikutuksilta,2
Nyrkkeilysäkkinään,2
Terroristivaltioon,2
Paleltuneesta,2
Teflonipannut,2
Hampaistasi,2
Koleaan,2
Alakertoihin,2
Kysäsemällä,2
Rapaisia,2
Retkeilykamoja,2
Tärvelleet,2
Hissiyhteys,2
Harrasteessa,2
Mäkineen,2
Alushousunmyrkyttäjä,2
Muuttohässäkän,2
De75a7effb99c93487c5b9fc990ae4d8,2
Argumentaatiotaktiikka,2
Hiilivoimaloidensa,2
Yrttimaustettu,2
33dl,2
Esiintymisalueelta,2
Autoremppaan,2
Lahjasoluilla,2
Asiakastuelle,2
Tarviim,2
Autoilukeskeiseen,2
Nuudelikeitossa,2
Maitovalasta,2
Vieraspatjasta,2
Elimeeni,2
Kommunikaatioasioissa,2
Maksimisykkeen,2
Justkohta,2
Henkilokorttilaki,2
Henkilokortin,2
Sormenjaljet,2
Ruokahommien,2
Viikkorahoillani,2
Identiteettipolitiikkaryhmässä,2
Esiintymiskammoinen,2
Yllätysremppoja,2
Tarkkailevaa,2
Palkkatuloksi,2
Tilikirjanpito,2
Tähystysleikkauksessa,2
Matkatavaravakuutusta,2
Bensanhakijoita,2
Pölymäärästä,2
Endometrioosipotilailla,2
Tutkimushuoneessa,2
Cameona,2
Tavaramerkilleen,2
Aamupuhteena,2
Lottstift,2
Sisäromppeet,2
Paikallispoliitikoiden,2
Lappuisia,2
Hoidetaanhan,2
Imuroissa,2
Kuraloskan,2
Länsiautosta,2
Vatsansuoja,2
Kehunnut,2
Jutusteluseuraa,2
Ammattiapuakin,2
Juoksuharjoittelun,2
Luonnontuotteen,2
Ihohuokosten,2
Selkäleikkauksesta,2
Akuuttiajalle,2
Hirmumyrskyssä,2
Varaamattomana,2
Telota,2
Loylytuoksu,2
Vaihtoautokauppiaiden,2
Ymäri,2
Eliminoiduksi,2
Valmistamina,2
Euromarketeissa,2
Ripsis,2
__ei__,2
Setistään,2
Petersonina,2
Petersonien,2
Ahveniin,2
Heikkotekoinen,2
Puhtaaksikirjoitettuna,2
Koivunoksa,2
Huuhdeltavissa,2
Ablaation,2
Huolustunut,2
Tehostettaessa,2
Joulupäivällistä,2
Kivunhallintaa,2
Reumaatikko,2
Syöksyhampaiden,2
Liberaalimädätystä,2
Hylkykamaa,2
Koivulehtoa,2
Kummeleihin,2
Askelluksella,2
Rinnakkainkin,2
Varisseita,2
Diazin,2
Maximillian,2
Ahtaajaks,2
Höyryilijät,2
Saunadiilien,2
Huokuvissa,2
Ehkäisyimplanttia,2
Informaatiosodankäynnissään,2
Massapaska,2
Murtauduttuaan,2
Nahkaremmejä,2
Kokonaistilavuuteen,2
Kytevien,2
Säästelemässä,2
Osaamattomanakin,2
Yair,2
Ydinaseessa,2
Kokonaisosaaminen,2
Incursions,2
Upattuja,2
Ajanvarauksiinkin,2
Lääkärikseni,2
Kaupunginmuseoon,2
Kusees,2
Sumutorvelta,2
Nuup6jm3xdk,2
Wickströmistä,2
Vihanneksii,2
Pulottaa,2
Yleisinfektio,2
Päättäjämmekin,2
Alts,2
Keskivertojampasta,2
Hypovoleeminen,2
Pyörtyilin,2
Kivunhoidolla,2
Catchia,2
Huijauslinkkiä,2
Putunin,2
Emopuolueisiin,2
Nuce,2
Analist,2
Asiakasviihtyisyys,2
Aktiiviiseen,2
Lauttasaarestakin,2
Röpötystä,2
Kielimisestä,2
Paksusella,2
Peittoprosentti,2
Kunnaan,2
Iskusuunnitelmat,2
Ajautuvilla,2
Hippiporukkaa,2
Joogastudioihin,2
Oksanpätkän,2
Tiedonhakutaidoista,2
Järeilläkin,2
Hyökkäyssodastaan,2
Toistaitoiseksi,2
Riskienhallinnallisesti,2
Kivihakaan,2
Haltitunturin,2
Pitsaasi,2
Yritystukihimmeli,2
Lähestymisyrityksiin,2
Yksityisemmistäkin,2
Osotettas,2
Vakuustilille,2
Vanhenmpana,2
Hankiuttua,2
Väkivaltarikostuomioiden,2
Valjastaisivat,2
Poliittikan,2
Semitoimiva,2
Tassuissaan,2
Taskuopas,2
Termihirviö,2
Mielipiteelläs,2
Pääsenee,2
Irtokurkkuja,2
Synnyttämättömille,2
Irondome,2
Kyljyksiin,2
Tpaitoihin,2
Kepulaisillehan,2
Ydinvoimalinjaansa,2
Laihdutustuote,2
Armahdetaanko,2
Retuille,2
Kohautellut,2
Fatiikkia,2
Sumenemista,2
Käynneistäni,2
Papakoetta,2
Lapsettomuushan,2
Uraanikaivoksella,2
Tesat_report_2022_0,2
Hämähäkkimieskin,2
Fancypants,2
Jokaan,2
Marjakiisseliä,2
Pompotettaisi,2
Mirenan,2
Tumppisi,2
Kesähessuun,2
Hengenmenetyksistä,2
Godzillassa,2
Osaamistasoni,2
Kivuliaisuuden,2
Puuduttaisi,2
Koivuklapit,2
Moraalitajuuni,2
Muuttaineiden,2
Kykenisivätkin,2
Kauhuille,2
Kapittelinsa,2
Vihtomisesta,2
Lätkästynä,2
Pitserialla,2
Leipäinen,2
Energiantuottoon,2
Mukanaolijoille,2
Ford_powershift_transmission,2
Ongelmallisiahan,2
Töhrittyjä,2
Vakavuusasteista,2
Jodta,2
Henkilöautotiheys,2
Siriuslaisten,2
Pääpoliisiasemalta,2
Valistuskampanjat,2
Paadessa,2
Läpilyöntejä,2
Kasvothan,2
Kokoomuksen_salaisuus_yhdeks,2
A4n_naista_kertoo,2
Romahduspisteen,2
Lääkärireissua,2
Vuosikilometreillä,2
Hankkipa,2
Käyttösuosituksen,2
List_of_countries_by_obesity_rate,2
Addiktoivassa,2
Ylväämpää,2
Egoineen,2
Saasteongelman,2
Ydinjätepäästöt,2
Onnettomuudessahan,2
Epäammatillista,2
Kruiserit,2
Varastointiongelman,2
Jalkakipujen,2
Hyötyliikkumaan,2
Lautane,2
Tavanneelle,2
Lamauttamisessa,2
Lappamisen,2
Personlig,2
Kalastuselinkeinon,2
Onlinepelissä,2
Staattisempaa,2
Tapahtuui,2
Pahoivointi,2
Plokkaus,2
Ihmeiltä,2
Imitoitiin,2
Kylmähermoisen,2
Kovapäisen,2
Presidenttigallupeissa,2
Ruuoat,2
Makukysymyshän,2
Asuinrakennuksien,2
Dikpikki,2
Nurtsilta,2
Eloisuutta,2
Kotimaakunnassaan,2
Taustamateriaaleihin,2
Pahoinkin,2
Perehdytykselle,2
Yhteisii,2
Toimittajakandidaatit,2
Tappamissa,2
Tappotilastoissa,2
Dekadeja,2
Opintosisällöstä,2
Vuosessa,2
Tšornobylin,2
Ruokavaliostahan,2
Kohottele,2
Ulkoeläimillä,2
Lumileopardeilla,2
Kivimöhkäle,2
Ilmeneen,2
Amfetamiinijohdannaisena,2
Dopamiinihitin,2
Kanavapaketissa,2
Kulutusmääriin,2
Salikorttinsa,2
Vähärasvaisuutta,2
Öljymiljardöörien,2
Kasvatusalustat,2
Työmarkkinatilanteessa,2
Riepottaneet,2
Kasvatustieteelliselle,2
Tutkimusaiheella,2
Kansanterveysellisesti,2
Sipulisilpun,2
Rantaleijona,2
Narskutat,2
Satttumanvaraisesti,2
Pyöveliltä,2
Snäkseistä,2
Projektimanagerit,2
Ominausuus,2
Vesittävä,2
Istumimen,2
Ideaparkkia,2
Maidontuottajalta,2
Freetoheal,2
Hinnanalennuskorvaus,2
Huutaisivatkin,2
Vaistoihisi,2
Bochumissa,2
Lihaksiasi,2
Tehomallien,2
Liisaajat,2
Viskeraalirasvaa,2
Syöpäluvut,2
Tuotla,2
Häivähdyksestä,2
Päivineenkin,2
Hiusmurtumasta,2
Taustakipua,2
Kipuasioissa,2
Laitattamaan,2
Milleniaalinainen,2
Päätössä,2
Valtionhallinnoista,2
Sukellusvarusteet,2
Suhaajat,2
Smiling_sun,2
Sokerikooma,2
Merkelikin,2
3fe55b73,2
47b0bb2371a6,2
Paloyksikkö,2
Uuninlämmössä,2
Vesitilkkaseen,2
Haittaeläimistä,2
148ba35656734619966b2f3c7b4ab854,2
Spalding,2
Biopsies,2
Rakkausviestejä,2
Ruokavaliomuutoksista,2
Ruuanlaittotaito,2
Peukalosääntä,2
Koulutaipaleeni,2
Komentavia,2
Mummelikin,2
Elintapamuutosta,2
Sukupiirissä,2
Kasvispaistokset,2
Selitysmalliin,2
Käyttäjäpuolen,2
Institutetin,2
400te,2
Istumatyöksi,2
Superrikkaatkin,2
Voimavarojakaan,2
Mietinnölle,2
Marttiinille,2
Yksipuolisuudelle,2
Projektiopetus,2
Ekrem,2
Liharuokapäivistä,2
Hepul,2
Kolmekymppisyyteen,2
Ongelmajuomiseen,2
Kulusyistä,2
Yhteistyöhaluisiin,2
Lääkäriyrittäjällä,2
Kimmot,2
Moottoripyöräilevä,2
Äänestäjöt,2
Hanimeen,2
Jenkkifutaaja,2
Inahtamatta,2
Huippuhienoa,2
Viheliään,2
Selvitysajat,2
Kaavoittajille,2
Listimiseksi,2
Palveluammateilla,2
Tuomioistuinkäsittelyt,2
Öljytuotoilla,2
Lastenvaatemerkiltä,2
Haastatteluiksi,2
Aikaslotti,2
Pötkötetään,2
Wedonthavetime,2
Tarvitsijoihin,2
Strutsipuolustuksena,2
Viherpeikko,2
Draamanhakuinen,2
Juoruilemalla,2
Pikkuhitusen,2
Verovertailuissa,2
Yhteiskutaan,2
Veromiljoonilla,2
Kirjanpitäjänsä,2
Palkollistensa,2
Metsästystaitojen,2
Lumppaat,2
Pikkutulojen,2
Energiavaihtoehto,2
Venevajat,2
Haittaeläimestä,2
Pakolaisvyöryt,2
Kaasuputkilla,2
Työnhauista,2
Ulkomaanlennolle,2
Kummallisiinkin,2
Kasvatusympäristön,2
Lähikulmille,2
Kartanlukutaidoissa,2
Kaappaamiset,2
Tehostakaa,2
Piloteiksi,2
Timanttimies,2
Huomionhakija,2
Sahkonsiirtoyhteyden,2
Turkles,2
Kuntoilessa,2
Kivenkovina,2
Kokonaishyödyksi,2
Saikuttamassa,2
Kilpailuttamis,2
Sijoitushuijausten,2
Velattomissa,2
Lehtisaha,2
Syteemissä,2
Hyötys,2
Reaganilaisia,2
Nettoverokertymää,2
Taloudenpitäjien,2
Ydinvoimamyönteisempään,2
Ydinvoimamyönteisiksi,2
Kuvitteellinenkin,2
Ilmituodut,2
Mainosjutut,2
Setelitaskuun,2
10x0,2
Työtehtäviltä,2
Ylidiagnisoidaan,2
Huolimattomuusvirheestä,2
Tuloerojakaan,2
Terveellisestäkin,2
Pääomatulojakaan,2
Megajahti,2
Elatuksestasi,2
Naittaneet,2
Vaihtoehtoskenaario,2
Viisaampii,2
Jackpotilla,2
Sijoitusasuntoni,2
Giffenin,2
Laelleen,2
Peuhannut,2
Fingdridin,2
Keskustapoliitikon,2
Opiskelijaklassikko,2
Kehonkoostumuksesi,2
Jxdhm2dmvke,2
Keikistelevät,2
Liittoutumissa,2
Niimpalkauhia,2
Tytäryhtiötaloutta,2
Yrttiviina,2
Pienipalkkasia,2
Nuorisopuolueesta,2
Kulttuurikoti,2
Ilmastotyyppiä,2
Nipinapin,2
Liimatussa,2
Vähäsokerisemmaksi,2
Hyvitetyn,2
Faktantarkistusartikkeli,2
Fingepori,2
Denialistejen,2
Carunastakin,2
Leikkisyys,2
500te,2
Professoripariskunta,2
Bisnesvaisto,2
Vammaisuudessaan,2
Verorahoija,2
Skorchio,2
Kuittaama,2
Koronasyksyn,2
Yhtiöistään,2
Gameja,2
Papeperit,2
Astettahan,2
Konservatoidit,2
Tehaan,2
Käsikaupparohtojen,2
Silmätarkastuksen,2
Illanvietton,2
Tienaamastani,2
Kertalipuistakin,2
Mousejiggler,2
Matkailuistaan,2
Kierty,2
Emonen,2
Miljonäärielämään,2
Erblicket,2
Töchter,2
Vedenpinnankorkeuden,2
Bemarikuskilta,2
Epäviehättävyyden,2
Tinkimättömyyteen,2
Maineenhan,2
Viraalimainoskampanja,2
Miljoonatuloistaan,2
Yksinkertaisimmillaankin,2
Kuroakseen,2
Sotelinjaa,2
Lainausmerkeissa,2
Kattonopeus,2
_aika_,2
Käytännölistä,2
Pilsuilla,2
Tauoitta,2
Ripbozo,2
Kiihottanu,2
Ylikaloreita,2
Wrlhfl1u1to,2
Väriskaalasta,2
L405,2
Lwb,2
Ajotietokoneita,2
Liikuttaminenkin,2
Komiteatyönä,2
Alavatsakivun,2
Olavista,2
Nopeusrajoituskylttien,2
Sitruunajäätee,2
Myöhempinäkin,2
Iltanauruista,2
Miljoonavarallisuus,2
Suorimpia,2
Bilettäneistä,2
Luoneista,2
Traditionaalisempaa,2
Intelcuurel,2
Riippakivekseen,2
Seilatessaan,2
Guyenet,2
Boxsterin,2
Akselivälillä,2
75vm,2
Liskojohtajat,2
Exemplar,2
Sääennustajat,2
Helppohuoltoinen,2
Upgreidaus,2
Pinokkionenä,2
Potenttiaalisesta,2
Toithan,2
Pistinpähän,2
Kiihtyvillä,2
Katsekontaktiakin,2
Agder,2
Xsxbconn404,2
Makeutuksella,2
Ruvetaanki,2
Benz_w31,2
Rakennetaankaan,2
Ruutupaperista,2
Martelaan,2
Piereskelijöitä,2
Huonekalujätti,2
Formulalta,2
Tuunaaman,2
Kätilöliiton,2
Ehkäisykapselia,2
Tehdässä,2
Revityihin,2
Palkkojenmaksun,2
Rehellsesti,2
Säästöarviot,2
Teasereiden,2
Paikatuksi,2
W198,2
Debunkkaajat,2
Punertuu,2
Värivaihtoehto,2
Mastersonin,2
P1800,2
Rullaavana,2
Pahoiksikin,2
Pyllyvaosta,2
Naislääkärille,2
Mieslääkärille,2
_kiinnostaa_,2
Mielialanvaihteluita,2
Quattroporte,2
Minipillerin,2
Ch_,2
Tuplaturbo,2
Imusarjaa,2
Sukroosilla,2
Alikanavia,2
Toipuessani,2
Kirjotettaan,2
Kulmikkuudessa,2
Tukosriskiin,2
Tavaratilalla,2
Vetoautoksi,2
Merivesissä,2
Joucon,2
Irtaalla,2
Kuorrutukselle,2
Mielipiteisen,2
Poliklinikasta,2
Tipputtanut,2
Jomottanut,2
Avaruuspyssy,2
Elinympäristösi,2
_international,2
Palkamaksun,2
180b,2
3701de,2
Latausjärjestelmää,2
Ammattiradiopuhelimet,2
Simmonssin,2
Mittakaavallaan,2
Zagato,2
Sijoituslafkat,2
Rakentamisluvat,2
Kylläsyyden,2
Kelluta,2
Projektiautona,2
Perussuklaa,2
Singlemalt,2
Glutamiinin,2
Maksimivääntö,2
Maastoajosta,2
Sähkäauto,2
Asuttamassasi,2
Kaasutuloja,2
Kulunlähde,2
Ehdottomasri,2
Tulevaisuudentoiveita,2
Synnytyskivuista,2
Jägerbomb,2
Elinvaurioihin,2
Toimenpideajan,2
Yksinkeraista,2
Lantionpohjaa,2
Palleihinsa,2
Erikoiskuljetukset,2
Naapurikaupat,2
Porschelta,2
Liskoeliittiä,2
Vul,2
Kaikill,2
Klassikkotuotteet,2
Palkkatyössäni,2
Materaalisen,2
Käyttöautoks,2
Kannabiskieltolaki,2
Esposeen,2
Tumme,2
Hackster,2
Vääryydeen,2
Prepperiksi,2
Linkkitorneista,2
Sunnuntaiaamua,2
Rannetuella,2
Rautalankamalleja,2
Kuusama,2
Isatis,2
Gypsum,2
Rohdosta,2
Yiling,2
Rannekivun,2
Aikusenkin,2
Epäironisista,2
Tuollasii,2
Kotitalostaan,2
Häviivät,2
Nimissiä,2
Kokonaistaloudelliseen,2
Heittee,2
Mistäön,2
Röllii,2
Raskauspahoinvointi,2
Alotetuista,2
Migreeniinkin,2
Buranakuurin,2
Auraoireita,2
Amarok,2
D40,2
Rapujuhlan,2
Laitetaisiin,2
Talitintiksi,2
Kahdenkertaista,2
Kelvollisetkin,2
Epätehokkaampia,2
Tehostajia,2
𝔧𝔬,2
Kroonisina,2
Vähäsuolaiseen,2
Taijampa,2
Ärsyttämätön,2
Kuunteluttaa,2
Uutispodissa,2
Ahaita,2
Pettyneisiin,2
Mieliluva,2
Saaristomaisemat,2
Starttaavan,2
Pulttimopolla,2
Voimalaitosyksiköt,2
Lätkäjoukkuetta,2
Karmageneraattori,2
Opiskelutuloksiin,2
Läpikulkevana,2
Maanjäristysalueilla,2
Maksumuuritetun,2
Greenellä,2
Cases_of_illiberalism,2
Paskaisuuteen,2
Paskaläjien,2
Öljynviejien,2
Tietokonneen,2
Puolustusresurssien,2
Heikompilaatuisten,2
Hallituspoliitikoista,2
Ekofasistina,2
Mitoittavan,2
Osaavimpiin,2
Ungovernable,2
Kolmisataa,2
Keskistele,2
Ukrainann,2
Televisiolähetyksissä,2
Uutisstudiossa,2
Teknologialoikka,2
Maakaasuvarat,2
Suoltamansa,2
Vargihan,2
Viikingi,2
Epoksipinnoite,2
X600,2
Nimem,2
Vargilla,2
Hyberbolat,2
Kiinkostaa,2
Kuunteluväsymystä,2
Syytäänkin,2
Erakkomehiläisiä,2
Kimalaisiakin,2
Osakilpailusta,2
Erikoisauton,2
Luksusautoista,2
Yliluottamusta,2
Sähköbussiin,2
Päästötekijä,2
Syyllistäessä,2
Vastaanvänkääjillä,2
Sarjakuvateos,2
Argumentaatiotaitojen,2
Kärnäämiseksi,2
Kärnässä,2
Puhevuoroja,2
Lämmennytkään,2
Itseriittoisempia,2
Klikkiansan,2
Titaanikellot,2
Citybussi,2
Takkuamiselle,2
Linnuks,2
Kauvatsan_vaakuna,2
Unilateraali,2
Elämänkuva,2
2te,2
Harjoitelee,2
Kaljamahasta,2
Levynkantta,2
Ewb,2
Taisteluparilla,2
Tulkevaisuudessa,2
Alumiinioksidia,2
Nostoväestä,2
Eam,2
Rysästä,2
Gimmakaveri,2
Gulakkiisi,2
Yhtälöni,2
Pakotteistakin,2
Veikkailivat,2
Paksuntavat,2
Tiputteluvuotoa,2
Salpaamaan,2
Maksatoksisen,2
Kolmiolääkkeillä,2
Kaytantoja,2
Selkokielisempään,2
Ryhmäopetusta,2
Assessoida,2
Nettohyödyistä,2
Jyskälässä,2
Syväluotaavalle,2
Asukaskeskittymiin,2
Seksitautia,2
Toimintavaraa,2
Torjuntatalkoisiin,2
A4_joka,2
Yrittämistään,2
Kaljamahankin,2
Rajoittavansa,2
Sisustalla,2
Tyyppivikanahan,2
Vaimentavalla,2
Päätöksentekoo,2
Tienopeuksia,2
Pyöräset,2
Konseptialbumi,2
Menokohteesta,2
_models,2
All_models_are_wrong,2
Lisähaasteet,2
Työporukkakin,2
Kuukautisvaivat,2
Kiinteistövälitysfirmat,2
Rallille,2
Vauraammalle,2
Rähjähtää,2
Hivuttaudumme,2
Vinksahtaneista,2
Korvamerkin,2
Aikarajotukset,2
Varmistuskysymyksiä,2
Sitoutumattomissa,2
Jalostajana,2
Monoliitto,2
Inflaationsa,2
Ilium,2
Tommossen,2
Asiameininkiä,2
Puhettaki,2
Siunaamisessa,2
Naispappeudessa,2
Tulkitsemiselle,2
Väestötutkimuksia,2
Hiilipörssissä,2
Hybridimallinen,2
Aiheisin,2
Yhdistelmäehkäisypilleri,2
Hengisssä,2
Väliharjoista,2
Metalangaksi,2
Maksaattaa,2
Kaipailivat,2
Sillattinviissiin,2
Taksiajelut,2
Plussalaskut,2
Reunimmaisten,2
Kitkuttavaa,2
Palkkaamiset,2
Odobenus,2
Panssarijunia,2
Partisaaneille,2
Työntenkijän,2
Klaukkalaa,2
Päiväkotipalveluita,2
Mieluummine,2
Arkaaisista,2
Euroissakin,2
Älähdyksistä,2
Painotettavan,2
Steakia,2
Automaattiliikenteessä,2
Depressiolääkkeet,2
Laskemalma,2
Isopropanoliin,2
Säädelläkseen,2
Kannattomampia,2
Alempiarvoisilta,2
Keihäänheittäjille,2
Voittoko,2
Korrelaatiotutkimuksen,2
Naytteen,2
Kallioparkkeja,2
Pientareesta,2
Valtaussotaan,2
Lukiolaisporukan,2
Näkinkenkä,2
Niñoa,2
Kankaanpäätä,2
Tehdastallia,2
Tukipaketistakin,2
Juustoistaan,2
Hirtetystä,2
Arkkinsa,2
Uskokunnan,2
Kaisloista,2
Umpeenkasvaneita,2
Polizaille,2
Urotöissä,2
Muumipapassa,2
Kylmäpussi,2
Määräa,2
Pvqa8dsbtno,2
Läheltäki,2
Metrinpäästä,2
Alkuvalikkoa,2
Sumputtaisi,2
Ratikkareitti,2
Särkkiä,2
Piirikunnilla,2
Helpfulness,2
Ratikkayhteyden,2
Turvahuone,2
Pääsääntöisiä,2
Muumikirjoihin,2
Pysähdyksin,2
1h49min,2
Muricassahan,2
Vakuutuksina,2
Elintarvikehygieniaan,2
Eläinsuojelulaista,2
Tietoisemman,2
Pyhiinvaellusta,2
Kuumotuksilta,2
Avustusryhmiä,2
Pakolaisryhmän,2
Johtokeskuksia,2
Kilpailykykyistä,2
Neppailuksi,2
Moniulotteisemmaksi,2
Notkuun,2
Rintamahan,2
Ajojohdot,2
Uraltonessa,2
Peräluukun,2
Punasolutuotantoa,2
Fennolle,2
Arpeutua,2
Kakaramaisesti,2
Basar,2
Pöllimää,2
Taistelumursut,2
Vaaleien,2
Lisälinjojen,2
Sairaseläkkeellekään,2
Usurped,2
Peruskohde,2
Pizzanapoletana,2
Lättyihinsä,2
Sorrenton,2
4e56,2
Preemiojarjestelma,2
Maatuulivoimaa,2
Lättyni,2
Kruununvuorenrannassa,2
Kuollettaminen,2
Pintahomeen,2
Persesilmiä,2
Mandariiniviipaleita,2
28b1,2
Enimmaishinta,2
Balsamicokastike,2
Rapsakalla,2
Kasvattamosta,2
Energiamarkkinaan,2
Investointiympäristöön,2
Runsaudessaan,2
Varhaiskasvattajilla,2
Uutiskanavaksi,2
Talleilta,2
Selfiensä,2
Ilmotteleen,2
Kaasumäärä,2
Investointimarkkinoilla,2
Räkyttäessään,2
Vecna,2
Kontannu,2
Kompurassa,2
Iltapäivähoidossa,2
Aikataulutetussa,2
Tuulivoimantuotanto,2
Sahkojarjestelmaan,2
Rajayhdysjohto,2
Ristipostaamaan,2
Äpäränne,2
Tasaavasta,2
Hanhenpoikaset,2
Maapetoja,2
Ruokavammaiset,2
Kirjoiteltiinkin,2
Korkusen,2
Pikkuliksoilla,2
Nestekaasupullon,2
Nivottuja,2
Huippukulutuspiikkien,2
Kuopsutuspaikka,2
Vaikuttelee,2
Kyläilijät,2
Vmt,2
Ajokilometreissä,2
Havussa,2
Mäntyomenaa,2
Gourmetia,2
Burgerketjuista,2
Kvartaalitasolla,2
Peräportin,2
Lowrancen,2
Toimitetuilla,2
Hainevä,2
Serttiin,2
Anomasta,2
Olkoluoto,2
Näyttäneestä,2
Jatkuvuuttaa,2
Asukasviihtyvyyteen,2
Tupakansavuisen,2
Dlk00217,2
Dlk00214,2
Saariakin,2
Konefarmien,2
Kaasutoimituksille,2
Yoigo,2
Perämoottoreiden,2
Tieteisfantasiasta,2
Erityisoperaatiossa,2
Malako,2
4800mw,2
Platyrhynchos,2
Heinäsorsa,2
Oireenkuvan,2
Tieosuuksiin,2
Löräyttää,2
Katotutta,2
Yskänpuuskia,2
Rumuudestani,2
Polliisilta,2
Yksityiskohtanen,2
Veretään,2
Yskänkohtaus,2
Idiopaattinen,2
Neuropaattisesta,2
Kontraindikaatioita,2
20kivun,2
Opas_final,2
Adiat,2
Protesteineen,2
Muumittaja,2
Akkuvarauksesta,2
Kultapossukerholaiset,2
Jälkitaudeille,2
Niksein,2
Mirel,2
Ainukainen,2
Stelletje,2
Nenäonteloiden,2
Roskapönttöä,2
Lisätauteja,2
Koiraasta,2
Tauottomassa,2
Taukopäivät,2
Pollarilla,2
Ärsytysyskä,2
Yskärefleksiä,2
Kattomiselle,2
Niinkuim,2
Lepäämättä,2
5a56,2
139c9a87bb30,2
Terota,2
Taimene,2
Karkeistettuna,2
Uistimista,2
Taustakuvalle,2
Kykenisivätkö,2
Ezk,2
Kunnalisveroja,2
Ronnebyn,2
Fiiliksestäsi,2
Neuvostoliittomeininki,2
Perusflunssia,2
Energiajärjestökin,2
Pidentääkin,2
Tupakoituun,2
Primerilla,2
Prosentillinen,2
Turvarajana,2
Pidättelyä,2
Homopommi,2
Synytyy,2
General_motors_ev1,2
Satoihintuhansiin,2
Marginaalijäsen,2
Nyelv,2
Sisäseinämän,2
Yskittään,2
Rakkuloiden,2
Lavastamaa,2
Riepottelemiksi,2
Ahdistuineita,2
Inspiroisivat,2
Sankariteoilla,2
Petomaisia,2
36pv,2
Diffuusiolla,2
Tärväämään,2
Siuhu,2
Moderointiresursseja,2
Fissiovoimaloiden,2
Murtaman,2
Tokien,2
Keuhkoputkentulehduksesta,2
Virranoton,2
Säätäväksi,2
Tulehduskipulääkitys,2
Potilaskohtaisia,2
Kivunhoidoksi,2
Skillshare,2
Urban75,2
Moocista,2
Yksineläjäksi,2
Prööööööt,2
Пачка,2
Iteltäsi,2
Lopettamispäätökseen,2
Onlinepelistä,2
Subjektiivisuudessaan,2
Ylirasitukseen,2
Jättikokonen,2
Paskaloukko,2
Jakosta,2
Transaktionaalisia,2
Presidenteistään,2
Valoraita,2
Maanmiehikseen,2
Konepohjaista,2
Marsulta,2
Mikävittulie,2
Inhalaattoria,2
Kotiparturikone,2
Freyn,2
01cb,2
A886,2
Reagointimalli,2
Jaelkikaeteen,2
350248600_plots_against_russia_conspiracy_sincerity_and_propaganda,2
Palute,2
Tuotteellistamiseen,2
Koodausajattelua,2
Siunakkoo,2
Sivuilmiöihin,2
Hintapariteettia,2
Yhteiskäyttöautoilua,2
Sisimmästäsi,2
Kirkkoporukan,2
Treffienkin,2
Pakkojuomista,2
Blitzscaling,2
Vakavempana,2
Reptiili,2
Työtilausta,2
Pekkasuuronen,2
Peittelisin,2
Ahditukseen,2
Energiaremonteille,2
Korjauskohdetta,2
Höllentyä,2
Vaattureiden,2
Saastuttavimpien,2
Reagoivasi,2
Odottelemisella,2
Paikallishommissa,2
Hämärätoimintaa,2
Vituilee,2
Öyhötykseltäsi,2
Jeesushörhöjä,2
Jälkipolvemme,2
Ydinasemahti,2
Yhtiövastikeen,2
Provisiopohjaisesti,2
Tahtini,2
Asekelpoiseksi,2
Kirskuteltiin,2
Perunoota,2
Feasted,2
Denialismissasi,2
Lihapakkauksen,2
Kanapulliin,2
Kampitan,2
Legitteinä,2
Kirjakaupastakin,2
Kaimoista,2
Narsistisimmat,2
Pelittäviä,2
Reguloitujen,2
Maksimihyödyt,2
Käsittelemissä,2
Kognitiivinen_k,2
Henkikökunnan,2
Tukkutoiminta,2
Krapulakaljan,2
Taksejakaan,2
Aktiivikäyttäjästä,2
Työmaila,2
Bandago,2
Nostokyky,2
Näyttötelineen,2
Paheksumiseksi,2
Tuplanäytöt,2
Ruuvatulla,2
Vaatiia,2
Kurkkuputkeen,2
Johtokouruun,2
Pysyvampi,2
Mjäyrynen,2
Juutubevideoita,2
Palautelokero,2
Piljoonan,2
Hoidettii,2
Raamatunkäännöksessä,2
Havahdutkin,2
Lupaamaani,2
Suorakulmaiseen,2
Kiinatehtaasta,2
Palkkaorjan,2
Erinäisimmillä,2
Velkavipusijoittajat,2
Liljalaakso,2
Aivoituksensa,2
Daewoota,2
Humalassaa,2
Tapaamistakin,2
Hampaatki,2
Tyrmäystippa,2
Skanssiinkin,2
Jumaalauta,2
Kehittymiskykyä,2
Muokkaantua,2
Pandemiasulkujen,2
Piristymisestä,2
Tammerforsin,2
Varastaville,2
Taivutuspäätteitä,2
Keskivertotallaajalta,2
Pusunkin,2
Djoay9xw0aard,2
Perstaskun,2
Jakeluvelvotteen,2
Effektillä,2
Vaikutusarvioissa,2
Eduskuntavaalivuodesta,2
Käynnistysajan,2
Tilastokikkailuksi,2
Yhdistyspohjalta,2
Asuinalueina,2
Sienirihmaston,2
Kysymyksenasettelustani,2
Getupdesk,2
Tutkintotehtaiksi,2
458c,2
Hintakerääjää,2
20vaikutusten,2
20seuranta,2
20traficomin,2
Nyttehän,2
Oulaista,2
18gw,2
Vertaisarvioinnille,2
Picnik,2
Iltapuluilla,2
Jalosteiksi,2
Köpmans,2
Keskukseenkin,2
Barometristä,2
Kvasitieteelliset,2
Tiedebarometrista,2
Pommikoneensa,2
Vedata,2
Harhautusohjelmillamme,2
Ihmetemppuja,2
Northfacen,2
Lasitettuna,2
Pitkästyttävinä,2
Tilikirjoista,2
Taksinvälittäjät,2
Kiputilasta,2
Uttia,2
Historyofyesterday,2
Diabeettisen,2
Vegaanisuklaata,2
Energiakiven,2
Mantereellakaan,2
Vikkelämpää,2
Sabotaasitehtäviä,2
Perämerta,2
Moraaliperusteilla,2
Kehityspolusta,2
Energiavallankumouksesta,2
Odotuksiemme,2
Apunakäyttäen,2
Käyttöaiheista,2
Yhtiökokoukselta,2
Muillakkaan,2
Lucentista,2
Biolaboratorioissa,2
Päähänammuttu,2
Maahanmuuttoretoriikasta,2
Pääomitti,2
Vastustelis,2
Talviaamuja,2
Makitoja,2
Julkaisutahdin,2
Seitsenhenkisen,2
Ammatinkuvaan,2
Tupppaavat,2
Tiiätpähän,2
Suunniteltuu,2
Somepaskamyrskyyn,2
Striimannu,2
Tasaukselle,2
Salaliittoteoreettista,2
Toimivisi,2
Vihreäsaaressa,2
Reippaati,2
Helleaaltoon,2
60mins,2
Sääasemia,2
Tieteellisemmistä,2
Valtavirtalääketieteen,2
Jälkiviisastelulta,2
Orjiksemme,2
Tyrmistyjiä,2
Papereitansa,2
Armeijatouhut,2
Archeological,2
Munuaisvauriota,2
Käytttävät,2
Imuriksi,2
Imuroituja,2
Hintatilastoissa,2
Älypuhelinsovelluksilla,2
Keskustakäsitys,2
Lääkärintöistä,2
Craziness,2
Lääkehoitaja,2
10ºc,2
Propagandapläjäystä,2
3_3,2
Ravintoketjulle,2
Bisneskiemurat,2
Journalisteistä,2
Toimipisteissään,2
Intranetissään,2
Butterfield,2
Demagogisin,2
Kansankiihotuksella,2
Ydinsopimukset,2
Duokkari,2
Lähdetutkimuksissa,2
Kuukautisvuotoon,2
Indusoitua,2
Kirjekurssia,2
Moraaliperuste,2
Energiahistoriallinen,2
Älämölönä,2
Samannäköisia,2
Worthia,2
Ydinvoimaton,2
Turvettakaan,2
Valmistuneetkaan,2
Vertailuajankohtaan,2
Aivopestyin,2
Ukkoskuuroja,2
Jälkiseuraamus,2
Yrityksellekään,2
Likaisuudella,2
Ydinaseeksi,2
Lakemead,2
Sopeutumiskeino,2
Vaikutustamme,2
Lattareihin,2
Naprapaatille,2
Veropetokselle,2
Maagikkoja,2
Homeopat,2
Luettelevan,2
Lempikappaleista,2
Internetmaailmassa,2
Broilerinnahka,2
Valheitani,2
Berliinissäkään,2
Kroonistumista,2
Hormonilääkityksellä,2
Diagnoosiviive,2
Surkastuttaminen,2
Iskiashermoon,2
Iskiashermon,2
Kroonistuessa,2
Kiintoisempaa,2
Vihreiät,2
Rakennustarkastajia,2
Lisenssiaatiksi,2
Kupittaata,2
Vaihdevuosi,2
Kebabmestoissa,2
Lihavarras,2
Keltarauhashormoneilla,2
Lääkäriopetus,2
Helsingillähän,2
Kamarimusiikin,2
Kebumesta,2
Jouralismia,2
Lääkäriopetusta,2
Opetusmääriä,2
Peruskebua,2
Alustapalveluihin,2
Kuinkahomeopatiatoimii,2
Kastikeella,2
Optimistisimpiakin,2
Lääkärinkanssa,2
Todellisuudenmukaisen,2
Pompom,2
Tutkimuskatsauksia,2
Pitaleivällä,2
Vinoumilla,2
Laskennallisestikin,2
Uskonsotureiksi,2
Epäideologisena,2
Uusintatartunta,2
Taaempia,2
Reviirii,2
Karvakäsimestoissa,2
Reseptilla,2
Identeettipolitiikasta,2
Kebabmestaa,2
Kebabpizzaan,2
Sipulirenkailla,2
Kunnioitettais,2
Frittiin,2
Teräskauppa,2
Ydinjätejunia,2
Astusalueella,2
Hanpaat,2
Raikkailla,2
Rakettitykistön,2
Tietopankissa,2
Länsimielisille,2
Riukuja,2
Doupattuna,2
Taklattavana,2
Sontakasan,2
4f95,2
Afd7,2
Skutseista,2
Tyedizfsty8,2
Elinalueilleen,2
Uskottomuudella,2
Mertemme,2
Välimerellisistä,2
Vähäkuluista,2
Stretchin,2
Tiukkapipoiseksi,2
Armollisinta,2
Aluekeskuksissa,2
Kjgm09,2
Farkkuineen,2
Pääomatuloverona,2
Vippaamisesta,2
Varrasgrilli,2
Peruskebulasta,2
Vahvistunutta,2
Tuumakokoa,2
Känkyistä,2
Nimeämättömistä,2
Pienlemmikit,2
Turtiaisellakin,2
Hajuisella,2
Creatorin,2
Vesiltään,2
Tiededenialismin,2
Raketinheitinjärjestelmä,2
Maatalousvallankumous,2
Keinolannoitteet,2
Nirsoillu,2
Ruokapöydäs,2
Löyry,2
Slivers,2
Tantrums,2
Pitserioissakin,2
Napolilaistyyliseen,2
Alvittomuuden,2
Kebabberian,2
Väärinpysäköimisestä,2
Dkkdpjbjb4c,2
Viljelemättömän,2
Puuttuneista,2
Makuseen,2
Eläinlääketieteellisessä,2
Miesmuistista,2
Arvonlisaveron_vahennysoikeudest,2
3ass,2
Keburullat,2
Käydessää,2
Korkotuloina,2
Alkuvuosilla,2
Currymajoneesia,2
Nomskis,2
Näytttämään,2
Chacrat,2
Viemäröinnissä,2
Kasarmipäivinä,2
Vieraseläin,2
Märemmäksi,2
Mursukanta,2
Nimbocumulus,2
Tietämänä,2
Lumisuuden,2
Hallitusammattilaisena,2
Tacomajo,2
Göransia,2
Arvonlisäveroprosenttia,2
Ahmivia,2
Tummaihoisistakin,2
Ylettyviä,2
Nukuttavaa,2
Döneriksi,2
Asumiseltaan,2
Runoudellinen,2
Ensitalvi,2
Tartunkin,2
Defeatisti,2
Vääntelehtinyt,2
Tallustellessa,2
Orgioitaan,2
Ihmispelossa,2
Viidehkön,2
Aiempiakaan,2
Kiinnipitelijöitä,2
Veganisminsa,2
Perustuvinaan,2
Futurismilta,2
Posahteleen,2
Merieläimet,2
Potkulautafirman,2
Selväjärkisyyttä,2
865c,2
Malthusilainen,2
Jalankulkuteitä,2
Pohjoisen_pörrö_pupun,2
Moternia,2
Minoriteetin,2
Seksuaalirikokselle,2
Saarnaavaan,2
Karnistit,2
Nesteytyksensä,2
Aallokot,2
Pitkäjalkainen,2
Kakskammarinen,2
42m²,2
Krääsiä,2
Määränpäiden,2
Tehoasetusta,2
Lippulaivamallilla,2
Valtionhotelleista,2
Gerontology,2
Croptop,2
Nuoretki,2
Machoilevaa,2
Pelletason,2
Arkivitutus,2
Taustabändiksi,2
Uskaliaaksi,2
8miljardista,2
Omansta,2
Pysäköintiongelman,2
Sijaistuksiin,2
Hiipumiselle,2
Musiikillisissa,2
Sokdl,2
0iv9s,2
Salaliit,2
Eläkeindeksistä,2
Kalasaaliit,2
Hyvyyteni,2
Jyristelee,2
Narauttamisesta,2
Ykssuuntasta,2
Vähennyskelpoiseen,2
Vakuutuksenottajana,2
Alveistaan,2
Musiikkitapahtuma,2
Pysäköintikieltomerkkejä,2
Laskenassa,2
Viimeisem,2
Painajasia,2
Terveydenhuollonammattilaiset,2
Paniikikohtaus,2
Alvikantaa,2
Saastuneimpana,2
World_map_of_countries_by_ecological_deficit_,2
Todistehan,2
Liianpitkäenlukenut,2
Taisteesta,2
Tauta,2
Arvovanhoillisuutta,2
Säikeelle,2
Synkeämpi,2
Työpätkistä,2
Skorpparit,2
Mahtipontisuus,2
Tehdääks,2
Laskettelumonoja,2
Muuttoisi,2
14700e4d,2
87db,2
39d54e1ea8da,2
Brottsförebyggande,2
Rådet,2
Utläsa,2
Vakuutuslajit,2
Vakuutuspalveluista,2
Esimiehellenne,2
Murhankaan,2
Bonuskertymää,2
Änkemäs,2
Komisaari,2
Tunnelässytystä,2
Lähipitseriaa,2
Neekkis,2
Paikkakunnallinen,2
Virhepiste,2
Flipflopeissa,2
Autovakuutuksista,2
Rahoituspalveluiden,2
Kuumentavan,2
Iskisikään,2
Oikeudenmukaiseltakin,2
Rantahiekalla,2
Karnivoolin,2
Kaikunee,2
Mimmosiin,2
Kipeyttävän,2
Vegaanijuustoja,2
Piispistä,2
Heilahtaneen,2
Lupautuminen,2
Kaupantätejä,2
Nettipohjaisia,2
Genrena,2
Hevibändistä,2
Vissejä,2
Countrystä,2
Avikainen,2
Junttiaksentilla,2
Mittasuhteeltaan,2
Surmaksi,2
Pistesopimukseen,2
Syöpäyhdistykset,2
Maksurakenne,2
Maailmanvalloitussuunnitelma,2
Lytätessä,2
Murrosteen,2
Naulaanastumissuoja,2
Kiukunpurkauksia,2
Vahingonkorvausvaateen,2
Ilmaishommiin,2
Betonitaloa,2
Babasta,2
Näkljään,2
127e,2
Puukolta,2
Musiikkitoimittajien,2
Metaliksi,2
Epäkypsiin,2
Gewonnen,2
Väräytetä,2
Liukuhihnameininkiä,2
Wið,2
Joutube,2
Ylikaupalliselle,2
Syomassa,2
Puolihämärässä,2
Odotusauloissa,2
Varaajista,2
Siirtämäs,2
Wanhanaikaiset,2
Jarruvaijerit,2
Vastuuhenkilötkin,2
Oikeuskulusi,2
Orgasmoi,2
Huvitetaan,2
Ginipäissäni,2
Vesivärimaalauksen,2
Tuleveron,2
Kahvintuottaja,2
Päiväliksaa,2
Terminatorissa,2
Päivityäin,2
Rekrytointipyyntöjä,2
Väestöpulan,2
Jousipatjaa,2
Foneemisesti,2
Purkkei,2
Työhetkiä,2
Pölysuojana,2
Klikkaillessaan,2
Aivotko,2
Toteennäytetyistä,2
Puukkosi,2
Hapertunu,2
Mukiani,2
Shokeeraavampaa,2
Tuala,2
Äitipuolet,2
Nourten,2
Karttaprojektiossa,2
Parisuhdeväkivaltana,2
Puhelinmyyntialaa,2
Oboyn,2
Kuluttajansuojavirasto,2
Kanniskelin,2
Holareita,2
Client_id,2
Vitutetaan,2
Pikkupränttejä,2
Lomakeskukseen,2
Vierukset,2
Soveltamiskäytäntö,2
Pitöny,2
Provission,2
Nykytilastoissa,2
Lakikuluihin,2
Asiakaille,2
Byrokratialoukut,2
Houtenia,2
Palkitsija,2
Hugo_malmi,2
Kalevi_numminen_,2
Atomivoimalaitoksen,2
Optiopolitiikkaa,2
Nummisellekin,2
Riuhtaistua,2
Höhötyksen,2
The_shopping_cart_theory,2
Haalarimerkkiä,2
Viitassaan,2
F551,2
Vipstaakkelia,2
Venäläisjoukkoihin,2
Olivatpahan,2
Haukkusin,2
Toimintastrategiasta,2
Leukalihaksia,2
Miljaridin,2
Pikeepaidoissa,2
Vatsakas,2
Lehtikolumneja,2
Pahastukoon,2
Lystillä,2
Kiteytty,2
Vastaanottavaisin,2
Sopimuskikkailua,2
Peruutetut,2
Maanantaiyönä,2
Esikuvansakin,2
Backstoori,2
Kaupunginvaltuutettuun,2
Veliverkoston,2
Neronleimauksella,2
Alkusijoitukselle,2
Jälleenkään,2
Väistelemästä,2
Vastuuhenkilolle,2
Huijauslaskuja,2
Yritysrekisterien,2
Yritystietojärjestelmä,2
Vuokraajafirmat,2
Ilmahygieniaa,2
Velkeer,2
R39,2
Närästy,2
Tokubetsu,2
Junmai,2
Ginjo,2
Classique,2
Hengitykseksi,2
Hjala,2
Limoncellopallini,2
Maltage,2
Saippuasarjoista,2
Sakkomalli,2
Vastuullisuuta,2
Mediumitkin,2
Westworldissä,2
Yhteydethän,2
Muuttotappiokunnalta,2
Lennonista,2
Kondensoituun,2
Akuuttiklinikalla,2
Syyhyistä,2
Soseutus,2
Runkebulle,2
Dgp,2
Satunnaismuuttujia,2
Leikkauskomplikaatiot,2
Missedmelikeidid,2
Henkirikostutkinnan,2
Perholaisen,2
Öljyinfra,2
Boomeroitu,2
Vegepihviä,2
Puhelinmyyntii,2
Standardimallilla,2
Kasvisjalosteet,2
Elaeinsivut,2
Kebabelain,2
Järjestelmästänne,2
Minimikesto,2
Nyöskään,2
Lähettifirmoista,2
Puhelinfirmalle,2
Valmistajakaan,2
Kivennäismaita,2
Julkaisemattomiin,2
Lunnaaks,2
Myyntitaktiikkana,2
Kulttuuritapahtumiin,2
Piispakin,2
Sähkökatkoksilla,2
Finnactan,2
Puolustuskyvyttömämpi,2
Verisimpänä,2
Herneproteiinista,2
Koronafoliot,2
Aikalaisteksteissä,2
Nopeuttama,2
Harjoitustarkastuksissa,2
Vertailleen,2
Rääkyessä,2
Korvatulehdustani,2
Korvasärystä,2
Pyöränlaakereita,2
Juustonkorvikkeet,2
Juustokorvikkeita,2
Matkalippuina,2
Myron,2
Siirtonurmikon,2
Kisaileen,2
Kahtahan,2
Eläintiloista,2
Stressiliha,2
Kommentipalstalle,2
0ee7,2
Elämänfilosofiaani,2
Kremelin,2
Kalapuikotkin,2
Markkinasegmentille,2
Kaksoisstandardiensa,2
Täsaäkin,2
Interpersonaalisia,2
Persoonallisuustekijöistä,2
Olt5qsm9u80,2
Punasiks,2
Ekskluusiivisesti,2
Seksuaaliahdistelua,2
Tkeee,2
Keisarinleikkauksen,2
Polttaaminen,2
Tikunnokaan,2
Kunnioittavuus,2
Äärivasemmistolaisiakin,2
Hyssytelleet,2
Vähentäjät,2
Europaket,2
Perskärpäseksi,2
Huispauksesta,2
Lemminkin,2
Puusilmäkin,2
Katuhäirinnän,2
Opettavaisimmat,2
Kökkäreet,2
Paskiaisetkin,2
Nollatekijä,2
Kukurakenne,2
Maahanmuuttajajoukot,2
Useitä,2
Nettikaveriporukalla,2
Verorahoitettuja,2
Uroseläimet,2
Kaltoinkohteluja,2
Kerrostaloasukkaana,2
Pinkiltä,2
Käärylettä,2
Syöksä,2
Vanhuuspalveluiden,2
Pelkopolilla,2
Merkkipäivänsä,2
Lahjoituspyynnöt,2
Tilausravintola,2
Toteamuksissa,2
Häiriköisivät,2
Twiittiketjukin,2
Incelkulttuuri,2
Liigastani,2
93whore_complex,2
Elämänasenteessa,2
Pantattuna,2
Daamien,2
Moneroon,2
Läheispiirin,2
Mulch,2
Raivostuttavaahan,2
Aggressiivistakin,2
Ehdottamisia,2
Miespoliitikoiden,2
Alatiesynnytykset,2
Helpottunevat,2
Lukumäärällään,2
Teollisuusmaalle,2
Pällikokeesta,2
Reittimatkana,2
Eliaikana,2
Vieraskaan,2
Pummimisesta,2
Eskaloidukaan,2
Boolimalja,2
Miespoliitikoista,2
Pällikokeen,2
Postaust,2
Kannustamattoman,2
Luudalta,2
Terhakkaana,2
Scammilta,2
Ostokrapula,2
Reposaaressakin,2
Marmoripatsaita,2
Behmit,2
Lainkuuliaisimmat,2
Arkilounaat,2
Arvostee,2
Lelukäärme,2
Erityistavaraa,2
Rajote,2
Vegesuikale,2
Ulkoisempi,2
Elegantiksi,2
Kansanedustajamateriaalia,2
Siipeilevät,2
Nupusta,2
Palvelusajan_m,2
Lääppivistä,2
Spesistinen,2
Aksioomeihin,2
Avenuelle,2
Paprikasumutteeseen,2
Oikeistonationalistinen,2
Älytäkseen,2
Niitetä,2
Arvonmuutoksia,2
Lainatakuu,2
Normalaalia,2
Kikis,2
Mahdollisuuksii,2
Huorittelevia,2
Lihankorvikkeiksi,2
Ammunat,2
Totulla,2
Korsin,2
Käyntiteksti,2
Taulukossakin,2
Kuriiriliikkeen,2
Ajatusmyrskyn,2
Akryylimaalaus,2
Hakkaamaa,2
Spooffaukset,2
Cooperintesti,2
Perhetilalla,2
Kukkakauppiaskysymykset,2
Persoonallisuustestissä,2
Dementiariskiin,2
Antrum,2
Piispiksiä,2
Hollister,2
Paksumpiinkin,2
Muunsukupuolisilta,2
Ilmoitettaneen,2
Stressinsietoon,2
Manipuloimat,2
Hakulinkit,2
Osotekentässä,2
Searchis,2
Devoldit,2
Lapsihommiin,2
Niljakkeisiin,2
Kilpashakista,2
Lähentelyjen,2
Ohjelmaaki,2
Tarvikkeina,2
Kivisempää,2
Regeneratiivista,2
Pisteidenlaskua,2
Hoidetuks,2
Nautaakin,2
Paakkelssia,2
Kaffepaussin,2
Monipuolistamalla,2
Lynin,2
Turvallisuushuolista,2
Brieffaus,2
Kalskahtavaan,2
Kierelet,2
Hassaavan,2
Tulkinnallisuuksia,2
Inhibiittorit,2
U02100vh2,2
Siege_mentality,2
Sunnilaisuutta,2
Manteliin,2
Hakkainen,2
Lainoppineille,2
Katuväkivallaksi,2
Pomppimistaan,2
Tuplahinnallakaan,2
Kiivastuksissa,2
Pähkinäsi,2
Mamuobsessiivit,2
Szijjártó,2
Loppuunkulutettuina,2
Maahanmuuttajataustasilla,2
Ždanov,2
Zhdanov_doctrine,2
Ikäisiisi,2
Ravintorikkaimpia,2
Selviytyköön,2
Lounarikortti,2
Juhlatiloja,2
Ylihoidettiin,2
Kokonaispaastot,2
20aiemmin,2
Liittymätarjoukseen,2
Härkäpaputuotteita,2
Viheltelyn,2
Kaupassakävijän,2
Piarua,2
Semirauhassa,2
Sotilasilmailun,2
Sotilaspuoli,2
Kajaaniinkin,2
Metaanissa,2
Pilatuksia,2
Söiköhän,2
Trenssitakkinen,2
Suolaisemmaksi,2
Unkarilais,2
Teheet,2
Nälkiintyvää,2
Huippuälykkäänä,2
Räätälöimän,2
Johtamisongelmalta,2
Terveyshallinnon,2
Ööäää,2
Karppaamisella,2
Rajummatkin,2
Falleroa,2
Suolaliuoksesta,2
Keskittämisalennuksia,2
Lokasuojalle,2
Pikkupuutteita,2
Artikkelivinkki,2
Lauottavaksi,2
Virkajohtoa,2
Väestöst,2
Ostetu,2
Härkäpaputuote,2
Tarjoilina,2
Rippikouluikäisiä,2
Ympäristöriskin,2
Huippulaitos,2
Puistomainen,2
Liivijengiläiseltä,2
Saappain,2
Ahdisteluaan,2
Kissallensa,2
Santsista,2
Seikkailuaan,2
Suolamyllyjä,2
Laidunkauden,2
Puukuorissa,2
Väkirakenteen,2
Hivenainepitoisuus,2
Crohnia,2
Otsolahti,2
Potkuakin,2
Sähköasiantuntija,2
Laskemisestahan,2
Höräytät,2
Kurjistuvasta,2
Ilmastovalinta,2
Työterveyspotilaita,2
Uittamiseen,2
Lainaanpas,2
Valkuaisainetarpeesta,2
Väkirehusta,2
Rapsirouhetta,2
Megaprosessoitu,2
Eläintilasta,2
Kuituhanke,2
Betonibunkkerista,2
Haliote,2
Kesylle,2
Pakkoruokkiminen,2
Vegeproteiinien,2
Slipperyslopea,2
Napittanut,2
Tutkimuslähteenä,2
Suomimaidan,2
Mittarithan,2
Singahtavan,2
Sumopainijaa,2
Takasivulta,2
Kaiuttimeni,2
Markkinvoimat,2
Digestible_indispensable_amino_acid_score,2
Megankin,2
Pikaetsinnällä,2
Kokeisiinsa,2
Asuntovelallisistakin,2
Nuru,2
Tukenakaan,2
Ensimmäisess,2
Kylmäaineena,2
Geicon,2
Myyneiden,2
Muovituoleja,2
Kivetyssäteen,2
Transgressing,2
Averting,2
Voitelijan,2
Maksimitehoja,2
Webinaareissa,2
Keskustelupaneeleissa,2
Ruokintasuunnitelmia,2
Yleisjuttuja,2
Väkirehuna,2
Perusrehu,2
Propellilla,2
Tiedostokoot,2
Atriatuottajat,2
Epäkiinnostuksesta,2
Pitoisuutena,2
Kiinniottajien,2
Antibioottihoidosta,2
Kouluampumistapaus,2
Enkkudubilla,2
Pelihiirestä,2
Metsämaista,2
Vedenkestävyyskin,2
Tänkaltaisille,2
Metallihäkistä,2
Pahoinvointilääke,2
Metoklopramidi,2
Faktakeskeisesti,2
Liinoihin,2
Monivaiheisessa,2
Tarkkailulähetettä,2
Eläintilan,2
Tuotantoeläintiloilla,2
Saneeratussa,2
Luonnollisempiin,2
Eläinlääkisopinnot,2
Tilakäyntejä,2
Realitysarjassa,2
Reissutöiden,2
Nopeusluokissa,2
Pingotettuna,2
Kiinnikkeineen,2
Muuttuvahintainen,2
Puupinot,2
Chekillä,2
Peruskurssilaisille,2
Paglian,2
Pikkutopissa,2
Peittyneenä,2
Korottamaa,2
Datasheettiä,2
Deloittelle,2
Palkanmaksujärjestelmistä,2
Mullois,2
Öljypainin,2
Stanovaja,2
Lunnossa,2
Käsienlevittelyllä,2
Jokaisest,2
Teveydenhuoltopalveluita,2
Sössimisensä,2
Antamaamme,2
Pienell,2
Väittelemää,2
Leukaas,2
Entäkö,2
Laakerina,2
Kuivahtivat,2
Suopunki,2
Terraformaamista,2
Tylyimpiä,2
Ihmispopulaatiolle,2
Virkakyöstejä,2
Irtaimesta,2
Tarjoiluhommissa,2
Tiedeperusteinen,2
Päätösasiakirjassa,2
Vetäytymisreitti,2
Chequered,2
Riittävyysongelman,2
Mahdollistavansa,2
Taiden,2
Centtilä,2
Jaanaluo,2
Zaporozhye,2
Sormivoimat,2
Lötköks,2
Työnnettyyn,2
Tippimäärä,2
Raudoitettuun,2
Niskalukko,2
Wasdkeyboards,2
Mestaristrategi,2
Tehonkulutusta,2
Noudetun,2
Koeajallahan,2
Suomilaisella,2
Numerorivillä,2
Budbeestä,2
Rehukaura,2
Syöntikyky,2
Tippisumma,2
Kokonaiskehityksestä,2
Hiilikuorman,2
V6k0mqvamhadqpbblisup1fex60,2
Postistakaan,2
Fossiilimiljardöörien,2
Koirienki,2
Pakkauskaasua,2
Aspenilla,2
Normikauppa,2
Someälämölö,2
Tippauspyynnöt,2
Sopimustilanteissa,2
Lisäkysyttävää,2
Jutteluseura,2
Hellivästä,2
Ravitsemisliikkeessä,2
Elettäisiinpä,2
Siskoina,2
Kuljetuskuluista,2
Käteisvaroihin,2
Liitteks,2
Mahalaskuja,2
Alihankkijoissa,2
Onnellisuusindeksin,2
Generaattoreina,2
Korttilaitteen,2
Juomarahana,2
Tippeineen,2
Tipatessa,2
Menuuta,2
Osakeyhtiömallin,2
Jähmetetään,2
Keskivertofestarilla,2
Pienikulutteisen,2
Joustojakin,2
Ruåttalaisia,2
Johtajapula,2
Lippukunnissa,2
27ff7939,2
D7c4,2
75ef7c6f0b9b,2
Suuuper,2
Meandmystuff,2
Menetystähän,2
Ptk_152,2
Väännettii,2
Ptk_52,2
Säilyytää,2
Ylirasitettu,2
Pääfeedissä,2
Kaiuttavat,2
Jenkkiyliopisto,2
Laivastovierailu,2
Roskapuita,2
Kirkkokuntana,2
Vahvistettuu,2
Piikikkäillä,2
Öttimönkiäinen,2
Huumehuoneisiin,2
Pippurijauhetta,2
Eksyttämään,2
Hävittä,2
Erinäköisyys,2
Metsakadosta,2
Jonkilaisiin,2
Tunnistamattomasti,2
Teepannut,2
Tikkuraitilla,2
Hiekkalaatikoilta,2
Väsättävä,2
Fentalyyniin,2
Glassia,2
Ulkoseinältä,2
Vastamyrkkynä,2
Lämpösaarekkeissa,2
Käyttöhuonekokeilu,2
Elämänmuuttava,2
Sähkötarpeet,2
Keskukstelua,2
Pyräys,2
Klikkinään,2
Asenteisiinkin,2
Pehmentyvät,2
Huippukoulussa,2
Nuoku,2
Sukupuolijuttuihin,2
Senlaiset,2
Goozer,2
Huumeenkäyttäjien,2
Pihlajalinassa,2
Sonoma,2
Käyttäjillekkin,2
Budjettitalous,2
Pistävämpi,2
Helluntailaisina,2
Epidemologisista,2
Meemii,2
Partioleirien,2
Partioaatteen,2
Testamentinsaaja,2
Tippais,2
Tippauskulttuurilla,2
Mustaritari,2
Partiopoikana,2
Ilosaarirockiin,2
Suurleireillä,2
Häiriköidyksi,2
Kaasulämmittäjien,2
Kaatuessahan,2
Kiltteytesi,2
Hänetä,2
Seksologia,2
Ruuvaisimme,2
Aikaskin,2
Osattaneen,2
Ajatuksee,2
Hyväksytyks,2
Revisioitu,2
Jorinaasi,2
Drugsandalcohol,2
Paper_drug,2
Hepatiittitartuntojen,2
Saunavuorokin,2
Käyttökokemuksien,2
Girlmoderina,2
Instapäivityksiä,2
Vuoden_sanapoiminnot,2
Julkkaripuolelta,2
Metrolippua,2
Auttamistyöstä,2
Kaurajuomiin,2
Sisäreunaan,2
Taustayhtiölle,2
Kaksnaamasuutta,2
Voittoisilla,2
Resitointi,2
Tyhjäpäisyyden,2
Partiojärjestö,2
Defensiivisyydestä,2
Lillukoihin,2
Työilmapiiriltä,2
Tauoistasi,2
Jonotteli,2
Työpaikkailmapiirin,2
Käytäyttyvä,2
Tiukkaita,2
Itsemääräämiskykyä,2
Puoltamansa,2
Väitöskirjalautakunta,2
Veparit,2
Verisuonikirurgia,2
Sisätautilääkäriä,2
Someviestintään,2
8c70,2
Naiviius,2
Transukupuolisia,2
Koruttomaan,2
Kehuskeleva,2
Pikkusäästöt,2
Väitettäkään,2
Souriin,2
Työvuoroistani,2
Linjassasi,2
Jääkiekkosaavutuksia,2
Välivaiheelta,2
Muuttoakaan,2
Hellehattuja,2
Torikojuissa,2
Pirkkatuote,2
Annosnostojen,2
Lentokonemalli,2
Hapanoluiden,2
Informaatiovaikuttamistaan,2
Kuvatunkaltaisesta,2
Opiskelijakavereistani,2
Numeroiduksi,2
Lieroille,2
Affilioitunut,2
Mielistelet,2
Politisoitavissa,2
Käyttökokemukseni,2
Pummimaa,2
Läpisaamista,2
Muotkatakka,2
Mielistelijöiksi,2
Kuvittelevankin,2
Kipuaika,2
Potilaskohtaamisiin,2
Ulosvuotaneen,2
Videokasetti,2
Vapaehtoisena,2
Nettihinnaston,2
Lisäriviä,2
Varttuneista,2
Mitapa,2
Näytösoikeudenkäynniksi,2
007a40ed,2
62b8,2
90e8,2
44a5e9238c04,2
Makuvirheen,2
Golftaputukset,2
Vaistya,2
Toimistokortteleiden,2
Ylivelkaantuneesta,2
Tasaeräinen,2
Tippivaihtoehdon,2
Minimiturvaan,2
Kasariksi,2
Humaanisia,2
Tiivimpiä,2
Kantaisät,2
Lekoissa,2
Evangelioni,2
Alaikäsii,2
Rullalautaa,2
Yleisurheilukentille,2
Lounastaukojen,2
Vittuilisikin,2
Silloonkaan,2
Kakkosautosta,2
Maankattavaa,2
Kurkkumehua,2
Hepatiittitartunnat,2
Kuljetusyhtiötä,2
Vainoomaan,2
Trumpilaisella,2
Ybszolccx,2
Uhkapelimonopolina,2
Kaivoskuiluja,2
Kommentiketjussa,2
Staycationilla,2
Siileissä,2
Elämäntapanistejä,2
Skarpimmasta,2
Toimintamättöä,2
Wirvoitusjuomatehtaalla,2
Mämmistoutti,2
Ulkomaanseikkailut,2
105x68,2
Naksuihin,2
Undreamed,2
Masterwork,2
Miljardööriomistajat,2
Draamansa,2
Ikuisuusratkaisu,2
Etelänmatkalta,2
Pilkkunsa,2
Kangaspurolta,2
Kaasuostoja,2
Erityisemmällä,2
Olkanivel,2
Ohjauksiin,2
Neurobiologi,2
Riippuvuussairauden,2
Koulukuntaero,2
Tallennusmedia,2
Kipupumput,2
Manos,2
Bulkkilagerilla,2
Katuroskiksen,2
Pimputukseen,2
Kärpäseks,2
Veljiinsä,2
Käännöksellään,2
Syöpäisyyttä,2
1000lm,2
Tunnekypsyyden,2
Yöpyneenä,2
Mormonipoika,2
Raamattukerhossa,2
Karhunkolöysä,2
Ketunkovetelä,2
Harmittomammalla,2
Lähetystyötään,2
Vittutaahan,2
Etelänreissulta,2
Rakastavaisille,2
Miestenvälisen,2
Palvoisivat,2
Ääriprotestantteja,2
Huuhaatulkintoja,2
Tehdashommista,2
Myöhäisintään,2
Sekstantin,2
Katoavaisuuden,2
Puukaiverrus,2
Multitalentti,2
Mushi,2
Museomilitaria,2
Luonnontuhooja,2
Ryhdyitte,2
Komennotkin,2
Päähaaraan,2
Lajituntemus,2
Tietolaitteita,2
Teokraattiseksi,2
Remini,2
Rimini,2
Shokeeraaviin,2
Ciizn2numb8,2
Papyruskääröjä,2
Valkonaamalle,2
Syringes,2
Pelitoimittaja,2
Ponnahtelee,2
Käännytystyölle,2
Erityistilaisuuksissa,2
Trustmebro,2
Extrahauskaa,2
Opetusmallin,2
Sormileikkiin,2
Belgialaisilla,2
Varaustiedot,2
Yksilöidympi,2
Paskamato,2
Konemusabileisiin,2
Taattoreilla,2
Huumeriippuvaisuus,2
Lomakepohja,2
Oltiinkoha,2
Isekkään,2
Masennuslääkitykset,2
Laintulkitsijoina,2
Sairaalajaksolla,2
Luonnekaan,2
Violetilta,2
Ateisteillakin,2
Homoparilla,2
Pokttoaine,2
Lukivaikeuksista,2
Hallintamekanismeja,2
Seksuaalielämä,2
Tarjoilijamme,2
Pyhitystä,2
Aitouttakin,2
Automaattihyväksyntä,2
Maailmanjärjestelmässä,2
Avoimimpia,2
Huvittavilla,2
Yritysasiakkailta,2
Roskaelokuva,2
Eristäytyneemmässä,2
Asemaisista,2
Perusasiallisesti,2
Äänikasetteja,2
Kastetuilla,2
Vastuullisempina,2
Vanhemmiston,2
Raiskaukseensa,2
Vastauksessakaan,2
Koostetutkimusta,2
Kokonaiskolesterolia,2
Purkurauta,2
Kurinalaisemmin,2
Omaishoitaa,2
Alusastian,2
Turvallisuuspoliisia,2
Vittusaatanoiksi,2
Tullivirkailijalla,2
Kategorisoimatta,2
Matosten,2
Virkaintoisempi,2
Miljardillla,2
Tarjoilisit,2
Toppapukua,2
Agnosti,2
Erkaantuneisiin,2
Mozard,2
Psyykenlääkkeistä,2
Trimmaamalla,2
Tippauskulttuuriin,2
Tuotannonohjausjärjestelmä,2
Juomarahaksi,2
Nähtävyydessä,2
Vaalivalvojaisissaan,2
Ajatuksenna,2
Aksentillani,2
Satas,2
Naiskuskeista,2
Naiskuljettaja,2
Pikkukenttiä,2
Runkolinjoihin,2
Haavoittuvamassa,2
Ostoveron,2
Tingeltangeleita,2
Nokioilla,2
Varhaisnuoruuteni,2
Tuplaveella,2
Votsypa,2
Syvenevissä,2
Sukeltelin,2
Syvänteistä,2
Saippuavedet,2
Nälkäkiukun,2
Perusaatteita,2
Hinnastojaan,2
Edunmukaisesti,2
Promotoiva,2
Sisarpuoleni,2
Perhostamalla,2
Hintatiedoille,2
Kikkihiiret,2
Hyveposeerata,2
Sidonnaisryhmien,2
Leiktata,2
Energiantuotantomalleihin,2
Kuluttajasopimuksista,2
Hupiarvo,2
Uskontoasioista,2
Tuulipuistoissa,2
Nopeusrajoitettuja,2
Robottiautosta,2
Hupijulkaisu,2
Ikälopulla,2
Ennustuksilta,2
Toistelematta,2
Öljyhtiöt,2
Muslimikuskia,2
Ärsytystekijä,2
Viilailuista,2
Jenkkisomen,2
Löytänees,2
Sisarpuolesi,2
Aamulypsyyn,2
Stabilisoitumisesta,2
Climate_change_denial,2
Kokkariin,2
Tennistäkin,2
Virhekuvitelma,2
Korruptionkin,2
Kannabiskasvattajaa,2
Puistattanut,2
Leftistin,2
Kurssihuipussa,2
Ahistelusta,2
Leimaantuisivat,2
Messuhallia,2
Sdpkö,2
Kahvihuoneella,2
Merkitte,2
Järkeenkäymätöntä,2
Syljettävä,2
Stressaantumista,2
Berlusconeja,2
Kohtaakohan,2
E07d5178,2
B00a,2
Be005e7f86a0,2
Tietulliin,2
Aggregaatio,2
Toipumisprosessi,2
Saarnaustyö,2
Saarnamassa,2
Monopoliahan,2
Valtakunnansalit,2
Asutuskeskittymää,2
486d,2
Naiskuskeja,2
Terveydenhuoltomallia,2
Poliittislta,2
Tärkänä,2
Tilauslahjana,2
Hiottuihin,2
Pyskologisia,2
Perushuono,2
Kuormaauto,2
Aikuistunu,2
Subcategories,2
Mainoskassi,2
Sähköverkkoinfraa,2
Kanapyörykät,2
Tavoitehintamme,2
Instakuva,2
Korttisysteemillä,2
Glykogeenina,2
Porukoittes,2
Kermanen,2
Muotkatuntureilla,2
Mailapelit,2
Ympäristösäätelyn,2
Pelkistyksen,2
Paskapaperiplantaaseilla,2
Viikonsi,2
Salamannopeudella,2
Vanhankoteihin,2
Aliurakoitsijoilla,2
Lounassalaatit,2
Turvekuopissa,2
Rehatessa,2
Ilmastonmuutolle,2
Kattelemisen,2
Suomalaisimmasta,2
Pup7u5vtmm0,2
Sunnuntaikokoukseen,2
Viskaalilta,2
Kansalaisvaikuttamisessa,2
Talsinut,2
Loppuviivoilla,2
Muistopuheensa,2
Ulkomaanmatkoistaan,2
Lykkäyshomma,2
Eteläpäästä,2
Pyykkö,2
Paistileikkeestä,2
Valmispaketista,2
Vavisuttanut,2
Vähäkulutuksisin,2
Baut,2
Pikaruokailua,2
Sushiannos,2
Pääministeriuraa,2
Artikkeliks,2
Hytän,2
Ruokakoiria,2
Möngerretään,2
Tarkasteluajankohtana,2
Intialaisetkaan,2
Näidrn,2
Tietynikäisten,2
Keittovihannes,2
Sukuloimasta,2
Pussinuudeli,2
Rantasaunoineen,2
Aamupalagatessa,2
Ratkaisuehdotukseksi,2
Kanapastaan,2
Kehitysyhtionsa,2
Tyhjakaynnilla,2
Puheenjohtajuuttaan,2
23507077stubb,2
Ilmastoskeptisiä,2
Subtropiikki,2
Tulettimiin,2
Ilmastonmuutoskriitikoiden,2
Olelen,2
Jäävuorisalaattiin,2
Jurompia,2
Raitiovaunukeskustelun,2
Erikoistilauksella,2
Naisbussikuski,2
Miestarjoilija,2
500bc,2
Nopeatahtisessa,2
Nökkösiä,2
Puuhailevia,2
Perusnakkia,2
Kansalaisaloiteet,2
1pussi,2
Väittelyihinkin,2
Kalasnikovin,2
Lehtiäkää,2
Sokeriherkku,2
Tarveeksi,2
Uudelleenopetusleirille,2
Stagflaatiota,2
Ravaavan,2
Monenkinlaisia,2
Kesykyyhkyjä,2
Keitton,2
Vastaanhangoittelu,2
Hyvävelijärjestelmästä,2
Mediaanituloksi,2
Duunariluokassa,2
Ilmottamattomia,2
Kirjoittamanaan,2
Kirjanpitäjältään,2
Ohjailtavuuden,2
Törmänneellä,2
Listattukin,2
Portaansa,2
E2xnlzsnpcq,2
Ptikän,2
Ruokailukerta,2
Asuinseudut,2
Äärella,2
Nuudeleille,2
Ympäristövaikuttaminen,2
Asuinpaikkaakin,2
Nilkille,2
Virtuaalivaluuttana,2
Muistopuheesta,2
Leftikset,2
Makarylliin,2
Gulassikeitto,2
Ethiopiassa,2
Lähiössäkään,2
Palautuspinoon,2
Ammattitaitoja,2
Peukutuksien,2
Nugaata,2
Hapanjuurileivän,2
Monimutkasempaan,2
Sapuskoilla,2
Bidi,2
Eineslinjalla,2
Silputtuu,2
Vaelteleva,2
Harkinnastaan,2
Artesaanituotteita,2
Jehoviakaan,2
Tiedehistoriaa,2
Mbh99,2
Papukastike,2
Juoksutetta,2
Tasapainottamaa,2
Tekemisiltä,2
Eineshylly,2
Läskeilyn,2
Ravintolakohtaisia,2
Ravintolakokista,2
Tatu_lehtovaara,2
Ravintolakokista_mestariksi,2
Rapeiks,2
Poppitähtiä,2
Kuhafile,2
Shakkitietokonetta,2
Maaottelusta,2
Närkästymällä,2
Generalistialalta,2
Voxi,2
Lypsylehmiin,2
Kohrat,2
Rutistat,2
Yleensän,2
Hyytyikin,2
Tahdikkaana,2
Unbarred,2
Variantteina,2
Kryptokin,2
Ravintolalinjalla,2
Polariin,2
Haasteellisemman,2
Uutislehtiin,2
Köket,2
Robottihallitsijamme,2
Nakkikeitot,2
Robottikourat,2
Jyrsimässä,2
Lähtemässäkään,2
Kastamatonta,2
Konventtiin,2
Konventit,2
Lapsuudemme,2
Seurustelisinkin,2
Kelvollinenkin,2
Reijille,2
Viitsivä,2
Standartit,2
Yliopistourheilijat,2
Vomittia,2
Pyykkäyskin,2
Kaupakassi,2
Yksinhuoltoja,2
Lastiksessa,2
Aterioistani,2
Tarkotusperät,2
Palautusluukkuun,2
Itsenäistyin,2
Rehellisimmin,2
Näiss,2
Puunasi,2
Salikäynnit,2
Sottaisempi,2
Austinista,2
Valmistumaankaan,2
Lätkäkulttuuri,2
Thehockeynews,2
Rookies,2
Absurdeihinkin,2
Miesolettamus,2
Tuolihissin,2
Käsihoitoa,2
Ihmispelaajan,2
Ihmispelaaja,2
Siivoustani,2
Turvallisuussuunnitelman,2
Autoilukeskeisestä,2
Spesiaalimmassa,2
3af27e312d01,2
Kihvelillä,2
Exääkin,2
Sponssaan,2
Väheksyisit,2
Exänkin,2
Aloituksestani,2
Pyöräpumpulla,2
Varoitusväriä,2
Kantajiaan,2
Perhoslajin,2
Raavimme,2
Ankeen,2
Synkretismistä,2
Rohkaisemaa,2
Nyrkkeilyssäkään,2
Lumenluonnit,2
Työkalulaatikkoon,2
Pornhubs,2
Töihinlähtöään,2
Köksäksi,2
Kuoriasia,2
Sosiaaliohjaajaksi,2
Lämmitettävistä,2
Patriootille,2
Korvamääräisesti,2
Kennenkään,2
Virrattomaksi,2
Diagnooseistaan,2
Oksakohta,2
Järkytön,2
Lattiallakaan,2
Vaaliksi,2
Huhtikset,2
Aseryhmät,2
Kesätöinäkin,2
Hittiruoat,2
Välitasojen,2
Perusniksit,2
Kiiwejä,2
Baselineksi,2
Sukupuolipohjaista,2
Autohuoltoon,2
Tukikeppejä,2
Halkaisevat,2
Puhdistuakseen,2
Vastaanottotyöntekijä,2
Hidastehan,2
Johtaja98,2
Vuoratulla,2
Teurasjätteen,2
Tuoteselostuksessa,2
Kryptografiseen,2
Tilannetajussa,2
Kahvihifistelyn,2
Lajikulttuurin,2
Rahanpainamisesta,2
Kuorinee,2
Makaryllipussin,2
Makaryllin,2
Valmisaterian,2
Äitiliinin,2
Kaksoistandardien,2
Chekannut,2
Kielitaitovaatimuksissa,2
Baania,2
Decolonizing,2
Antiputler_news,2
Globalistikommunistien,2
Riistoverotukseen,2
Nuoleskelijalta,2
Heartland_institute,2
Hiiliteollisuudelle,2
Insituten,2
Ruoanlaittotaidot,2
Tuonkaltaisissa,2
Leikkailua,2
Konstalla,2
Markkinahintaisuus,2
Kätevistä,2
Appelssiinit,2
Harrastajamääriltään,2
Karpaatit,2
Masenuksen,2
Päihdehoitolaitos,2
Täyteiseltä,2
Ilmastokatastrofeista,2
Syöttöjännitteen,2
Helpotettuna,2
Syväpuhdistusta,2
Perussiisteyttä,2
Öljyiseen,2
Unkarilaisissa,2
Itsenaä,2
Henkilövuokraus,2
Jälkeäni,2
Minioneita,2
Pakastemarjoihin,2
Banaanintuottaja,2
Ympärystää,2
Eväsruokaa,2
Nationalistipiireissä,2
Kaavoitustaan,2
Rukouksissaan,2
Vaikutusyrityksestä,2
Viinitarhoille,2
Tuontibanaani,2
Ihmistarkastajan,2
Eksoottisuudessaan,2
Pakotepolitiikkaa,2
Tankkereilta,2
Neuvotelluissa,2
Länsituotteet,2
Ruplille,2
Yrityskurssilla,2
Heikkouksiini,2
Nuukaillaan,2
4739f5c0,2
Lasijätteen,2
Otsikoistakin,2
Turpaanvetämiseksi,2
Foliopäähine,2
Gayrooppalaiset,2
Mutsu,2
Nukutuslääkettä,2
Asumistukipäätöksessä,2
Mustaamiseen,2
Makumuistoja,2
Kirpakoita,2
Purupussin,2
Hupaisuus,2
Työtaukoa,2
Relativistiset,2
Viikkasi,2
Öljyfirmalla,2
Kuutioidut,2
Maizenalla,2
20full,2
Suusuihketta,2
Pappaiässä,2
Koskemattomille,2
Eläkehelvetti,2
Sairaalalaskujen,2
Lakisäänteiset,2
Jgg5wrbpefk,2
Asuntorakennuksien,2
Standardoitunut,2
Vaaliehdokkaina,2
Feikkipakolaisten,2
Sapiensina,2
Maatunu,2
Jürgenin,2
Orientaatioihin,2
Asutuimmat,2
Asutusseutuja,2
Persikoiden,2
Fusarium,2
Miljoonalukaaleissaan,2
Paskamailla,2
Hivenainepitoisuuksiltaan,2
Suurimmaksosaks,2
Kokkikirjoja,2
Paahtoihin,2
Itsellähä,2
Assareina,2
Ammattikorkealaiset,2
Tuutoreilta,2
Uskontohommaan,2
Minimiannosta,2
Väärinkäyttötaustaa,2
Pakastepapuja,2
Siunaantuneet,2
Lihasopat,2
Kvanttiteoriat,2
Bopanc,2
Jibe,2
Pannuvihannekset,2
Vastaanottavampia,2
Kiinnityspaikka,2
Tulotasoomme,2
Rasismiväitteisiin,2
Kaikanlaisia,2
Eskaloineen,2
Tanssivansa,2
Vitamiinivajetta,2
Lämmönlähteellä,2
Pimenneen,2
Shakkinappulan,2
Pizzajuuston,2
Muhjuista,2
Rönkän,2
Rasvamäärästä,2
Tempperamentin,2
Semisyrjäytyneitä,2
Läimitä,2
Siirtoinfraa,2
Avustushommat,2
Avaavassa,2
Sipulipussit,2
Tekorusketus,2
Kallistuneisiin,2
Älytelevisiolla,2
Kiloistaan,2
Lainsäädännösstä,2
Maksumuurittomana,2
Nakkimakkaroiden,2
Jakokaappeja,2
Verisuoniston,2
Ahtauttava,2
Tukkivassa,2
Kämppänne,2
Kruunaamassa,2
Supattelemaan,2
Lintan,2
Turkinsukuisia,2
Vanhemalle,2
Mihkö,2
Ritariperhosen,2
Hörönauramaan,2
Mainnetin,2
Ruokapaketit,2
Laskeskelematta,2
Solariumiin,2
Kuutioit,2
Tiskaukselta,2
Mikroeinestä,2
Kantoväline,2
Plm93,2
Paremppaa,2
Hardit,2
Turistitkaan,2
Esley,2
Firouzjasta,2
Petrosyan,2
Verensokerille,2
Kolisuttelemaan,2
Paksumpikuorisia,2
Sätkätopan,2
Täppiin,2
Trackkaa,2
Teelusikkaan,2
Lautaselline,2
Cms7,2
Rahaveto,2
Vakautuneita,2
Thredissa,2
Työeväs,2
Makruloota,2
Maskinaamalla,2
Teflonien,2
Kilohintaero,2
Kelpasihan,2
Majoittajana,2
Cocktailbaari,2
Parmankinkulla,2
Verkkopussissa,2
Koukkupuoli,2
Sokerimyrkkyä,2
Rotuerottelulla,2
Betasalpaajista,2
Aineosaa,2
Moninpelaus,2
Puikkoo,2
Nuorelleparille,2
Hymykuoppien,2
Onnis,2
Igga,2
Mozzarellapalloja,2
Maitovarastoa,2
Näppiensä,2
Molisana,2
Maroži,2
Pärmillä,2
Karuimpiin,2
Silita,2
Sabbatical,2
Tykittämiselle,2
Legittejäkin,2
Ymmärrettävämmät,2
Serkkupojasta,2
Hirttäminenkin,2
Pääpankkini,2
Suomensukuisiksi,2
Sängynalusen,2
Ekskursiolta,2
Sissiryhmiä,2
20january,2
20none,2
Gorbatsev,2
Cochin,2
Inttimemet,2
Ögön,2
Makeutti,2
Kakskybäset,2
Heittäisivätkö,2
Gorbatsovi,2
Keskutaa,2
Talousreformeja,2
Kiharatukkainen,2
Peruutaan,2
Kauppakassiisi,2
Toissapänä,2
Hirtetäänkö,2
Loputuloksen,2
Synnytelty,2
Tuessakin,2
Plöräystä,2
Syömiäni,2
Oppositiotyötä,2
Energiariippumattomuuteen,2
Karjistaen,2
A6ba0099,2
7b54,2
9ff0,2
7a583c107427,2
Piilokalorit,2
Kokemuslisien,2
Nollasopparityöt,2
Ravintoterapeuttiin,2
Toimeetulotuki,2
Rahoitusvälineenä,2
Ukkua,2
Myöhäisteiniksi,2
Unitestiin,2
Kotilaite,2
Ostellutkaan,2
Painonpudottajan,2
Jyvittäen,2
Gorbasta,2
Uhkakuvaasi,2
Linkaamastani,2
Kalorinseuranta,2
Vakioruuat,2
Lihaskuntoliikkeillä,2
Ravintojen,2
Eläköityisivät,2
Nenänä,2
Runsailta,2
Generaattoritkin,2
Juoksulenkkeilystä,2
Sykealueilla,2
Iltapalalta,2
Tylevaisuudessa,2
Jämähä,2
Pressankausi,2
Intesiteettiä,2
Tyottomyysetuuden,2
Cryptoqueen,2
Normaalirytmiin,2
Vaikutuksii,2
Optimipaino,2
Lounaskeiton,2
Parvekekasvatukseen,2
Kiilasta,2
Rajakaupan,2
Perseesssä,2
Eritteinä,2
Ravintotietojen,2
Melkoses,2
Löysemmiltä,2
Karkkihimo,2
Ajokokemuksena,2
Ateriarytmissä,2
Ruuansulatuksesi,2
Lihaskuntotreeniä,2
Ravintoehdotuksia,2
Aukeamissuunta,2
Poistajia,2
Ozempiciin,2
Yhteenvetoni,2
Yrittäjäeläkemaksuja,2
Työeläkejärjestelmällä,2
Osallistumistulosta,2
Tietotarpeisiin,2
9dperustulokokeilussa,2
Radiomatskua,2
Siittimeen,2
Painonpudottaminen,2
Helpoimalla,2
Liikuntavinkkejä,2
Nykytilannettasi,2
Kaasuhuoneessa,2
Kiikutus,2
Valtavirtaistettua,2
Rotuhygieenikko,2
Neuvoija,2
Hengityskatkosten,2
Happisaturaatiot,2
Pääomatulojenkin,2
Ruokavalioasiat,2
Ovisen,2
Ruokavaihtoehdoista,2
Peräsuolisyövän,2
Suurentuneeseen,2
Ruokailusi,2
Vartalotyynyä,2
Tulokomponentti,2
Tivattua,2
Menemättäkin,2
Kehonmuokkauksessa,2
Jatkovarressa,2
Sukelluslampun,2
Märkäpukuja,2
Lentikö,2
Kehittämäs,2
Jebalta,2
Tarveperusteisesta,2
Coupet,2
Aamuyhdeltä,2
Menomatkal,2
Kadyrovista,2
Liittokanslerit,2
Sokruja,2
Tuhmeli,2
Elämäntapamuutoksessa,2
Kesäkunnon,2
Hiilaritankkaus,2
Visualfinland,2
Potilastiedoille,2
Potilastietojarjestelmaa,2
Avona,2
Normipiireissä,2
Pokki,2
Lääkisopiskelijana,2
Treenaamattoman,2
Kaasuputkimies,2
Uomalle,2
Katalyytteinä,2
Ichkerian,2
Radiohorisontin,2
Nettipuheessa,2
Osmo_soininvaara,2
Kierrätysastian,2
Tienpohjan,2
Lasimaljakot,2
Reippaisiin,2
Kävelylenkkeihin,2
Vironvenäinen,2
Baltictimes,2
5lbs,2
Lihasharjoittelua,2
Ilmansuunnalle,2
Sylinterisellä,2
Twinair,2
Raidetangonpää,2
Kondensoitui,2
Kuvioiksi,2
Abarthia,2
Vaparikone,2
Robottivaihteistoja,2
Halogeenipitkät,2
Glykogeenin,2
Qltbx6rea,2
Hallintoonkin,2
Karkoitettuna,2
Rodinaa,2
Yöpymällä,2
Nälkäkuurilla,2
Tutkimuspaletti,2
Viivästetä,2
Munuaisongelmaiset,2
Liukastumisissa,2
Parenemaan,2
Kesämökkipaikkakunnalla,2
Peruspyöräilijät,2
Tiiviimmillä,2
Välinpitämättömyyksistä,2
Kivetysten,2
Hidastanutta,2
Pyöräiijä,2
Porrastuisi,2
Ajaamatta,2
Iltapuuron,2
Kompoa,2
Siirtymävaikutus,2
Liiotellen,2
Uintina,2
Rekallakin,2
Puhdasrotunen,2
Suojavälineisiin,2
Hurrannu,2
Omaleimaisuudesta,2
Hyytyneenä,2
Ajopätkä,2
Tilaneita,2
Laskentamalleissa,2
Slightly_offtopic,2
Äänigeneraattoria,2
Tulehdustilalle,2
Suorenee,2
Mönkijälläkin,2
Energiakulutuksensa,2
Nälkäisyyden,2
Rumpujarruja,2
Paukahtais,2
Panttivankikriisi,2
Körötteletkö,2
Suorallakin,2
Säntäämisen,2
Suosittelijalta,2
Opastama,2
Tiellekö,2
Q4_mrdci6rw,2
Juhakurvinen,2
Parikytämetriä,2
Kuukautiskramppeja,2
Terveyshyodyt,2
Brahenkadulta,2
Terminaalli,2
Mittarilukemakin,2
Huudatuksen,2
Plaraamisen,2
Sulotuoksuista,2
Ajokäytöstä,2
Perseilisin,2
Loppunpalaminen,2
Katumusriski,2
Siivouskohdetta,2
Ajatusjumiin,2
Lämpöseks,2
Isommallekki,2
Insuliiniresistenssiin,2
Percival,2
Hyperauto,2
Hävettävinä,2
Tasapainoteltua,2
A61d,2
Älyvaahdot,2
Mieltymiin,2
Suurinmman,2
Jäänneellä,2
Tarkkuuskiväärilla,2
Sängyille,2
Reddittorilta,2
Terapeutinkin,2
Jenkkisängyissä,2
Riskeistään,2
Scrollasi,2
Pyöräilkää,2
Vituttii,2
Kotiipäin,2
Yliajaneen,2
Proteiinipitoisiin,2
Etuutesi,2
Kapeempaa,2
Pyöräilyseuran,2
Metaanitasku,2
Satunneesta,2
Tupakointikiellot_ja_,2
Itsekeksimää,2
Aurinkovirta,2
Aktiviteeteilta,2
Minimitavoitetta,2
Hikilenkillä,2
Päivittäisine,2
Ompelijoista,2
Jalankulkijatiellä,2
Lääkärisikin,2
Pikadieetit,2
Lukioaikaiseen,2
A4rille,2
Tuotttaa,2
Arvaamattominta,2
Romuihinsa,2
Viisumikieltoon,2
Rämistelen,2
Jälkiviisasteltuna,2
Liiketoimintapäätösten,2
Omistajaohjausministerit,2
Lisähappeen,2
Kuristamaton,2
Kotisairaanhoitoon,2
Haavanhoidot,2
Verkkoakku,2
Painonpudottamiseen,2
Energiapitoisempia,2
Lomailijoilla,2
Reagoikoon,2
Puhteeksi,2
Alarajoitus,2
Siirossa,2
Aurinkojärjestelmän,2
Hotelleiden,2
Vaivaantuvan,2
Kansalaisalotteeseen,2
Hybridiäni,2
Runkolinjasto,2
Matkustajani,2
Moottorikäyttöisillä,2
200miljardin,2
Nettiystäviini,2
Liikennetilanteista,2
Gorbatshovia,2
Ryhmittäytymällä,2
Kiinostelis,2
Minimimiehityksen,2
Tuotannonkehityksen,2
Nollanäkyvyyden,2
Jarrullisia,2
Maanteilla,2
Sammuen,2
Kuumehoureita,2
Auttakkaan,2
Aurinkokeräimillä,2
Superterveellisiä,2
Hangaroundeina,2
Puolilämpimässä,2
Puhdistaisikin,2
Ilmanvaihdoksi,2
Ilkkavuorinen,2
Piriverit,2
Rosentilla,2
Koskettavatkin,2
Pilvenpolttajille,2
Potilassiirtotoiminnassa,2
Hammashoitopuolella,2
Tötöämässä,2
Kuumeunta,2
Antavahan,2
Itettiin,2
Lääkäristäni,2
Optimaalisilta,2
Isännöintitoimistossa,2
Hölötyksen,2
Omaisenne,2
Haltioituminen,2
Keskieurooppalaiselta,2
Hajottavalta,2
Baaripanoa,2
Kissanpissaa,2
Kokeilly,2
Testosteronikorvaushoidossa,2
Aurinkopaneelijärjestelmässä,2
Piripäissäs,2
Teekestit,2
Jenkkisotilaalle,2
Mastektomiaan,2
Tuotantotahtiin,2
Mainoskamppiksen,2
Linjahommissa,2
Raihnaisella,2
Egoilevat,2
Eturauhasvaivoja,2
Heikkenemästä,2
21af,2
4ba8,2
A04c,2
Lihassoluilla,2
2x80cm,2
Samaisteta,2
Depikset,2
Normipainoisillekin,2
9bab,2
Oikeuslääkärille,2
20annos,2
Refluksioireisiin,2
Kesyyden,2
Hyökkäysmenetelmä,2
Työasemalta,2
Julkistoimija,2
Olohuonees,2
Kliksuttele,2
Energiakaivoa,2
Lämpöpumpussa,2
Kohennettiin,2
Itkeskelevät,2
Itkupotkukänkkäränkät,2
Käsityöläisyydellä,2
Talutusvauhtia,2
Asumishaittaa,2
Keräimen,2
Savonlahden,2
Ambulanssisiirto,2
Osastojensa,2
Vetoisaa,2
Virtsatietulehduksesta,2
Huippusotilaita,2
Rakennushankkeidenkin,2
Huijaukseks,2
Tahdonmukainen,2
Tuntitaksoja,2
Kaupantädin,2
Haksahtava,2
Jalkojenhoito,2
Hellevi,2
Kävelyaikaa,2
Pudotusvalikot,2
Luonteeseenkin,2
Ideaparkiinkin,2
Meisselissä,2
Alottavansa,2
Finland__,2
Halpaolutta,2
Pantuina,2
Hyrinää,2
Käryyttävät,2
Pyyntöihini,2
Sijoissa,2
Kissanpissalta,2
Imitoijia,2
Voimailijan,2
Drpepper,2
Peltilehmillään,2
Pilkutat,2
Läskirenkaita,2
Kurkona,2
Panimomestarin,2
Panikoiville,2
Kannabisjohdannaiset,2
Pyöräväyliksi,2
760m,2
Duunimarkkinat,2
Hajujälkiä,2
Lompakkon,2
Makureseptoreiden,2
Markkinointiosastokin,2
Ijt4yjbafn4,2
Sarmasteeseen,2
Suuntasinkin,2
Kelopuusta,2
Norjanmerellä,2
Jääkuutiomuottiin,2
Mainostoimistolaiselta,2
Kevyenkään,2
Kipuoireet,2
Tautiinkin,2
Taistelustani,2
Companya,2
Videotallennus,2
Skottiviskin,2
Takaisinmaksuajoilla,2
Oluenpanemisen,2
Liiotellut,2
Amerikanjuutalainen,2
Verkkosuunnitelma,2
Jacqui,2
Tupakointikatos,2
Fqmbxvn2rni,2
Toimivimmasta,2
Oikeuslääkäriä,2
Porrashuoneet,2
Mainoselokuva,2
_bg0blyk4fw,2
Kolmoisvoltilla,2
Lifesaver,2
Turpoavaa,2
Kansallissairaus,2
Discordiani,2
Kruunukorkillisia,2
Tykistötaisteluksi,2
Myyntisopimukset,2
Ammattipätevyyskin,2
Maanrakennusalalle,2
Tehdn,2
Naapuriyhteisö,2
Satuilijat,2
Jäättömäksi,2
Tullausmaksu,2
Opiskelijakaupunkiin,2
Kuvasuhteesta,2
Energiansäästötalkoissa,2
Kirjastoalaan,2
Tietopalveluissa,2
Porskutta,2
Rekkalastillisella,2
Pavuksi,2
Preerioilla,2
Käsitiskejä,2
Olutvaihtoehto,2
Komptenssia,2
Sopissa,2
Käsikirjoitukseni,2
Isäntämme,2
Ruopivat,2
Riuskan,2
Soppela,2
Vihaliemikuutioihin,2
Maalauksille,2
Hääräilijöitä,2
Kotiinkuljettavan,2
Puolitettuihin,2
Banaanilaatikoihin,2
Ennakkoaavistuksen,2
Oluenteossa,2
Bulkkioluesta,2
Kotimaistenkaan,2
Olutpanimoiden,2
Kulmahampaisiin,2
Syssää,2
Ankommet,2
Ryssälämää,2
Epäonnistumisessaankin,2
Säilyisin,2
Virhetila,2
Toimitushintaan,2
Hengittämäänsä,2
Tarkailemalla,2
Savustusoperaatio,2
Muovikiposta,2
Ulolle,2
Hävyksissä,2
Surkeimmissa,2
Huuruisilta,2
Kooklata,2
Separatistitasavallat,2
Pakettimaatti,2
Laatukomponentti,2
Kangasteippiä,2
Pepsipullon,2
Hyllyttäjälle,2
Sokerihuurretut,2
Laillistamist,2
Protskupirtelöitä,2
Mokaamisia,2
Jakajankin,2
Valvotulta,2
Kompuuttereita,2
Paappoja,2
Postilokeroihin,2
Naapuriasuinalueen,2
Kuorrutin,2
Eristyssellissään,2
Verkkokauppalähetykset,2
Kotiosotteeseen,2
Northcarolinahealthnews,2
Moninkertaistaisin,2
Pikkusubit,2
Huumausainekeskustelua,2
Ninjailun,2
Lähtishän,2
Kauttaaltani,2
Chorizoksi,2
Ndujaksi,2
Työparien,2
Potilastyöltä,2
Noutopaikkoihin,2
Paskakierteeseen,2
Nakuttamalla,2
Täsmävinkit,2
Aamupäivystystä,2
Newyorkkilaista,2
Manpowerilta,2
Keskuslämmitteisessä,2
Perusmaksuista,2
Verotetusti,2
Tilauspaikasta,2
Peruskahvien,2
Pikkeminkin,2
Opiskelijasähkö,2
Aamupäivystykseen,2
Pmc3673773,2
Kieltoaikana,2
Fiska,2
Salmiakkijauho,2
Karnaa,2
Isänki,2
Könttäsopimuksia,2
Toimipistelle,2
Noutopaikaksi,2
Hapansilakoista,2
Silakkani,2
Oluthipsterin,2
Postilaisista,2
Yksiteho,2
Epäilyttävämpänä,2
Kurlaava,2
Aurinkolaseille,2
208kwh,2
Merkkikehyksiä,2
Monitehoisia,2
Hyvikseltä,2
Kirpeiksi,2
Radiohupailut,2
Ohennettuna,2
Sfäärinen,2
Valitsemaas,2
Nostatit,2
Pizzaguru,2
Tahdillisesti,2
Saantitodistuskirjeenä,2
Ohjelmistoilta,2
Juovistakaan,2
Kaasunjakelu,2
Vastaanottajankin,2
Visuaalisestikaan,2
Potilasasiat,2
Vattakipu,2
Kokemukesta,2
Lorvaillessa,2
Väännettiinkin,2
Solumaatalouden,2
Vttlta,2
Kasvivaihtoehdoista,2
Kirjasit,2
Vuorokohtainen,2
Aamupesujen,2
Valikkonsa,2
Työnkulut,2
72m2,2
Bannaani,2
Pikkumuru,2
Pahvirasiassa,2
Poruhan,2
Kuljetusrekan,2
Ahvenetkin,2
Kalusteeksi,2
Hankintakäsikirjan,2
Pienhankinnasta,2
Riskinsietokyvystä,2
Pelitutkimuksesta,2
Pellavansiemenöljy,2
Nuorisolaumojen,2
Testauttaan,2
Henkilöliikenteeltä,2
Kovereista,2
Liberalise,2
Räjäytettyään,2
Vaskikäärme,2
Vaalikamppanjassa,2
Pitsaperjantain,2
Nykysuositukset,2
Ruokaperäinen,2
Syöväkin,2
Lihamaisen,2
S42761,2
Panssarivaunutehtaaseen,2
Py83xix,2
Pohajlle,2
Makut,2
Kantturoista,2
Toteutusideoita,2
Opetustaitoa,2
Lisäpolkimet,2
Esitelllyt,2
Johtajalääkärien,2
Eläinmaatalouden,2
Kämäisempiä,2
Twitteröyhötystä,2
Nakkikioskijonoon,2
Katotiin,2
Viranomaisellekin,2
Öljyautot,2
Häiriköijien,2
Lepakonpaskaa,2
Ikkunaseinän,2
_noun_,2
Erikoisammattilainen,2
Ontologioita,2
Peltisissä,2
Toimitusvaihtoehtona,2
Remontoineet,2
Matriksi,2
Matriksia,2
Hydrofobisella,2
Käytettävyyssuunnittelun,2
Tupakeittiön,2
Arkaluontoisuus,2
Karmoilla,2
Reservaateihin,2
Aberraation,2
Räätälöimättä,2
Kisulia,2
Silmämunilla,2
Jouluruuhkaa,2
Nettipankkini,2
Laumoineen,2
Epäinhimillisyydet,2
Lisäajotunneista,2
Vähäsiksi,2
Kestävyysharjoittelun,2
Tuulilasinpesuri,2
Elintavassa,2
Naapuriheimosta,2
Maalaisloisten,2
Palvelleensa,2
Siistiytyminen,2
Saudiöljyn,2
Avokeittiötä,2
Laatuongelmille,2
Keittotila,2
S0022,2
Pettyneempiä,2
Rubit,2
Loppuväestöllä,2
Somejulkaisua,2
Sangalle,2
Tehonlisäystä,2
Lisäneliöistä,2
Lämmittäjää,2
Kannatatusta,2
Ylipappien,2
2x1m,2
Varoituslappua,2
Konsortioita,2
Lainapapereilla,2
Sekoiluakin,2
Silmänsisäinen,2
Suoraviivaisemmalta,2
Tuottavani,2
Tilauspohjaisia,2
Perseenlämmitin,2
Jälleenmyyntihinnassa,2
Kaksoissiskon,2
Korjaamopäällikkö,2
Dragstereille,2
Lisävarustelista,2
Tolkullinenkin,2
Hyttyskarkotinta,2
Leffahuone,2
Kypsyttäen,2
Eteiskäytävää,2
Työtilaisuuden,2
Laatulihasta,2
Jutteluyhteys,2
Kulkimet,2
Kirjavalle,2
Hommamassa,2
Rajoittamat,2
Penkinlämmittimeen,2
Revittäessä,2
Thesoviet_onion,2
Jailbreakkaamaan,2
Bioreaktorista,2
Päivävuokraa,2
Sirdaludin,2
Todentuntuisessa,2
Mukitelineetkin,2
Kitupiikeille,2
Ökyilijöille,2
Kaupunginosat_ja_suuralueet_turussa,2
Kannoitte,2
_vaihteeksi_,2
Työllistettynäkin,2
Tilanjakajana,2
Keittotilaan,2
Autolasti,2
Aboriginaaleista,2
Epäsymmetriseksi,2
Kohistettu,2
Valmispurkeista,2
Myrkyttävien,2
Virkavaltaakaan,2
Grilliherkku,2
Ruohosipulit,2
Hankintapuolesta,2
Äärioikeistosubeissa,2
Ajotunnista,2
Omaisuusverotus,2
Äänioikeudettomille,2
Vänkkärin,2
Kaupantekona,2
Persegrilli,2
Räkkä,2
Osaomistamissa,2
Internetyhteydessä,2
Ääsmarketeissa,2
Pikkupaateilla,2
Etäkäyttöinen,2
Lämmitysratkaisuihin,2
Bemariini,2
Täyslihapihvejä,2
Sokeriruosta,2
Talesfromdf,2
Myymälätyöntekijän,2
Sicurezza,2
Alapeukutettavaa,2
Ryhmitettäisiin,2
Tietoturvankaan,2
Soljuvuudesta,2
Varustetasojen,2
Sudellakin,2
Avohyllystä,2
Hackernewsin,2
Lentokoneonnettomuuden,2
Varastaminenhan,2
Kuutiometreihin,2
Pistelis,2
Huippuvarustellun,2
Takanäyttö,2
Ikärajatuote,2
Luotaantyöntävämpi,2
Kinostellu,2
Hermosignaalien,2
Ylöjään,2
Softassakin,2
Pyörätuolinkäyttäjät,2
Pauhais,2
Zürichissa,2
Paskalaitokselle,2
Cittarissakin,2
Pölyttävien,2
Kutiavalta,2
Perusautoihin,2
Thermacelin,2
Jämäkäksi,2
Murustettua,2
Twiikataan,2
Alexanders,2
Lähiojaan,2
Myyjäliikkeessä,2
Mukaankuulumisen,2
Tajunnette,2
Poiminnastasi,2
Syyssateista,2
Säänvaihteluita,2
Ötökoiden,2
Interventionismiin,2
Larppaustapahtuman,2
Tarkensikin,2
Opiaatille,2
Kuulostaamaan,2
Loistovaltio,2
Maksalaatikoksi,2
Vallassapysyminen,2
Yksityistilojen,2
Eurooppalaisellekin,2
Häiriköidessä,2
Keittosi,2
Vinouttava,2
Kohtaaminenkin,2
Tuijottelulta,2
Autentisen,2
Päiväopiskelijat,2
Kaksiona,2
Fättiksen,2
Lammasmaa,2
Uudelleenjärjestelyitä,2
Tekstitkään,2
Pikkuvikaisia,2
Eläkeikäisestä,2
Valitsemakseni,2
Putoamisena,2
Lohkoksi,2
Ilmastointikoneessa,2
Dilutoituu,2
Ratkaisisikin,2
Khanhan,2
Liitäntäisiä,2
Susihavainnot,2
436c,2
Sadasosasekunnin,2
Grillikylkiä,2
Mikaelniku,2
Valtamäärin,2
Syätyä,2
Häkäpönttöautojen,2
Lisähintansa,2
Konsentraatioissa,2
Kikkailuasi,2
Verenhimoisimpien,2
Etäkäynnistystä,2
Suorituskykyiseksi,2
Siamilaista,2
Ymmärtelet,2
Petoaitojen,2
Juksausta,2
Aamustondiksen,2
Antiautoritaarinen,2
Calibra,2
Irtotölkkiä,2
Täyslihasta,2
Susipaniikkia,2
Kassahessun,2
Valtapoliittisten,2
Tuhlatakseni,2
Vakuutustuotteista,2
Pakastajana,2
Samoilusta,2
Tollasenhan,2
