Wittin,19
Tuottaisiko,19
Yom,19
Naamioita,19
Siementää,19
Työkiireet,19
Bikinifitness,19
Phillip,19
Deskissä,19
Halaukset,19
Reeeeeeee,19
Uskonasiat,19
Amatööritason,19
Kannnattaa,19
Pystyakseli,19
Vesieristys,19
Kurita,19
Samarian,19
Factbook,19
Rankkasateiden,19
Nissen,19
Alastomasta,19
Huoltovarmuudenkin,19
Insinööritkin,19
Cooleri,19
Yksinkertaisuuteen,19
Madquacker,19
Useimmalle,19
Reikäpuolelle,19
Juustohamppari,19
Eläkekatolla,19
Selitysmallin,19
Kaaoszine,19
Uudistuotannon,19
Vähäosaisuuden,19
Virrestä,19
Soluasuntojen,19
Muuttolinnut,19
Tavaaminen,19
Öm,19
Eteläisissä,19
Kotiseutuoikeutta,19
Ratkaisumme,19
Opiskeluhan,19
Kiireettömien,19
Kohdehenkilöitä,19
Kokonaisrikollisuus,19
Nostaisiko,19
Vastalla,19
Purtua,19
Heivasin,19
Kotiäitiyttä,19
Ipn,19
Silloihan,19
Tavuviivat,19
Linkitätkö,19
Formuloihin,19
Liksakin,19
Kaupunkivaltioiden,19
Korjausehdotus,19
Poikkeuslakien,19
Valvelle,19
Dengue,19
Ilmasota,19
Länsirajaa,19
Wallmart,19
Nuuskaakin,19
Vuosirenkaat,19
Lastensuojeluilmoitukset,19
Äjjä,19
Justiinhan,19
_me,19
Filtteröin,19
Omistuspohjan,19
Melekein,19
Maskipakkoon,19
Slackia,19
Työttömyyskorvauksien,19
Rahastoidut,19
Ulkoasiainhallinnon,19
Kirjastotkin,19
Tuuppaus,19
Condor,19
Skeptismi,19
Sosialidemokraatteja,19
Jäykkäkouristusrokote,19
Ympäristötoimet,19
Paalutus,19
Siviilielämä,19
Ammattikoulutuksessa,19
Grillikatos,19
Nollatuntisopimusten,19
Opiskelijoillekin,19
Pel,19
Huumepolitiikassa,19
Chatting,19
Järkiargumentit,19
Maakuoppa,19
Suurituloisimpaan,19
Enddate,19
Isännöitsijöiden,19
Narkkareilta,19
Monogamiasta,19
Osaoptimointi,19
Tiedonhaussa,19
Laskeumat,19
Ismotuomiset,19
Ripustin,19
Rohkeeta,19
Whatabautismi,19
Muurahaispesän,19
Dawson,19
Hetiku,19
Aava,19
Ajantajun,19
Arvopohjainen,19
Muutos2011,19
Freaking,19
Tdk,19
Rettelöinti,19
Tuotantomme,19
Tunnels,19
Toisekseenkin,19
Welding,19
Arkiaamuisin,19
Joulurauhaa,19
Antipsykootit,19
Delfinaario,19
Maitoproteiini,19
Evankeliset,19
Soikkeli,19
Epileptikko,19
Juhannukselta,19
Seisoisin,19
Surullisintahan,19
Takuuhuolto,19
Polisi,19
Pluralismi,19
Kliffa,19
Samapalkkaisuus,19
Majuriksi,19
Huutolaisuus,19
Saaraa,19
Ihastun,19
Docendo,19
Sukkanuket,19
Shioja,19
Ojioo,19
Korvatulehdukset,19
Koneistajana,19
Etiopialaisen,19
Kuumalinja,19
Poisoo,19
Rölliltä,19
Väestömuutos,19
Tb2,19
Epäasialliset,19
Eikäkö,19
Parkkista,19
Pikaruokaravintolaan,19
Kur,19
Cardi,19
Pikaruokaravintoloissa,19
Opiskelijastatus,19
Muoviton,19
Ikuisuusongelma,19
Sotepuolella,19
Pitäsin,19
Svean,19
Raamatullisia,19
Holdmybeer,19
Ehdollisten,19
Purevpn,19
Korkeanpaikan,19
Maatalousyrittäjän,19
Flexin,19
Jääkärijoukkueen,19
Paperisessa,19
Energiajäte,19
Wrist,19
Perheessämme,19
Perushomma,19
Orville,19
Lakiapu,19
Marjatat,19
Hyrynsalmella,19
Turkkilaisella,19
Tritiumia,19
Rallyn,19
Flashmob,19
Kansalaispaneeli,19
Buuu,19
Pakkausmuovin,19
Morello,19
Lemmyy,19
Aimovig,19
Vapauttaisin,19
Hallusinogeenit,19
Opetushallitukseen,19
Gopnik,19
Kuan,19
Kurditaustainen,19
Poliisiopisto,19
Tämmöisinä,19
Mozzarellan,19
Reserviläistoiminta,19
Raiskasin,19
Linnavuori,19
Alienia,19
Tilastohan,19
Tiehallinto,19
Liikennevirastolle,19
Webastolla,19
Trukkikortti,19
Pohtikaa,19
Vegaaniruokavaliossa,19
Ruusukaali,19
Oopperatalon,19
Turistiviisumi,19
Karjalalla,19
Tännää,19
Sennheiserit,19
Hemaiseva,19
Hommanhan,19
Tämänkaltaisille,19
Persestä,19
Skinheadit,19
Ateismilla,19
Mitte,19
Teollisuudessakin,19
Hajoilen,19
Seisoskelin,19
Fantom,19
Etupää,19
Koulukyyti,19
Parti,19
Skandinaavisten,19
Velkajärjestelyssä,19
Sauvignon,19
Asennekasvatus,19
Loukkas,19
Travian,19
Tutkivassa,19
Mummisi,19
Mimmone,19
Bambun,19
Harmihan,19
Audiovisual,19
Heseläisen,19
Tislaamo,19
Tieteessäkin,19
Raili,19
Lordit,19
Äreuropessa,19
Linuxit,19
Vinosilmä,19
Pointsina,19
Isoimpina,19
Suomet,19
Tieturva,19
Orvolla,19
Höyrynsulku,19
Matcha,19
Niinsanottuja,19
Kevätsipuli,19
Panacodeja,19
Verovuosi,19
Battlefieldit,19
Touhutippa,19
Setalla,19
Särjet,19
Kut,19
Narcotic,19
Yksiputkinen,19
Katajanmarja,19
Keliaakikkona,19
Hyissaatana,19
Nuuskapussit,19
Ydinperheet,19
Sivistän,19
Kansallispuistoista,19
Aseksuaalina,19
Valdemaria,19
Kakspiippuinen,19
Transmiehenä,19
Plussaan,19
Täräytin,19
Mordorista,19
Vaaleammat,19
Jeni,19
Cryptojen,19
Daly,19
Tulenjohtaja,19
Tarkkailuluokkien,19
Kartsa,19
Joutsenetkin,19
Pesue,19
Gravy,19
Falloutista,19
Jätimme,19
Karmahuora,19
Ilmalennon,19
Queensland,19
Selvitettyjen,19
Patagonian,19
Emmerdalea,19
Kosmonautti,19
Tylypahkassa,19
Hirmuhallitsijat,19
Rajavartiat,19
Hidaskin,19
Sikaflunssan,19
Vuokrattavien,19
Auraan,19
Reg,19
Mocca,19
Kanadanhanhi,19
Twitteria,19
Kivivilla,19
Roche,19
Ylittikö,19
Knorr,19
Sotilasvalassa,19
Muskettisoturia,19
Concurrent,19
Javelinin,19
Varhaisjakelu,19
Puistolla,19
Varoituslaukaukset,19
Säännöthän,19
Tekstailu,19
Liikennesuunnittelija,19
Kunnianhimoisena,19
Mielensäpahoittajaa,19
Alkukankeuden,19
Bideesuihku,19
Ega,19
Avotuli,19
Tohtorikoulutuksen,19
Teostot,19
Mersukuski,19
Ostamassani,19
Eiköhön,19
Osaiskohan,19
Sdplle,19
Jq,19
Katie,19
Summoned,19
Kaaduit,19
Avatarit,19
Etätyöläisenä,19
Paperikoneiden,19
Benn,19
Unibetin,19
Ydinvoimavastaisuudellaan,19
Supremen,19
Mellakoitsija,19
Jaeger,19
Sworn,19
Uskottavuusongelma,19
Pse,19
Anthropocene,19
Linkolalle,19
Jägermeister,19
Minimalism,19
Maitolasi,19
Midwest,19
Oranssimies,19
Mepäs,19
Ryhtykää,19
Hejsan,19
Stadiumin,19
Samsungille,19
Puolustusvoimathan,19
Blackened,19
Pelitin,19
Ulkoilen,19
Mannertenväliset,19
Habla,19
Surkuhupaisasti,19
Ipt,19
Äitiysraha,19
Mecca,19
Laitostuminen,19
Kaivokatu,19
Ehtivätkö,19
Nukuitko,19
Taatelia,19
Desanttia,19
Tiäksää,19
Commuter,19
Pacmanin,19
Inkvisiittori,19
Turvallisuusselvityksissä,19
Mariinin,19
Puhelinseksi,19
Sairaskohtauksia,19
Heittoistuin,19
Nummirockissa,19
Nykymuodin,19
Brides,19
Nykypuhelimet,19
Kickstarteriin,19
Arvaanko,19
Eba,19
Bitchute,19
Newsiin,19
Loppukommentti,19
Bentleyn,19
Bagel,19
Birther,19
Nintendolle,19
Edc,19
Merkonomit,19
Zoomailin,19
Neuloin,19
Royalen,19
Tokmanniin,19
Kehittelen,19
Haze,19
Effectit,19
Shaft,19
Nuri,19
Tsla,19
Googlee,19
Länsirintamalta,19
Wagneriin,19
Airfield,19
Ukilta,19
Riitautus,19
Nykykulttuurin,19
Hiirenloukku,19
Liikuntasetelit,19
Huutakaa,19
Sähköpatterin,19
Sörnäisiin,19
Yhteistalouden,19
Siirtykää,19
Eukolla,19
Hyssyttelyllä,19
Korkovähennysoikeus,19
Rantatie,19
Graphite,19
Asteekkien,19
Mututuntumasi,19
Suuttuuko,19
Viestintätoimistot,19
Opetusmateriaalit,19
Niputit,19
Olkiluoto3,19
Ecall,19
Tiistaiksi,19
Helsinkissä,19
Putoukset,19
Myokardiitti,19
Tuttavallani,19
Pakkoruotsikin,19
Soona,19
Trench,19
Murtovarkaus,19
Bubi,19
Vaers,19
Uusavuttomuuden,19
Tiivistät,19
Pilaatte,19
Kettutyttöjen,19
Droidin,19
Teemusel8nne,19
Redo,19
Havupuiden,19
Callboy,19
Nykykulttuuri,19
Alkuluvut,19
Teollisuustyö,19
Postiäänten,19
Valkosipulimajoneesi,19
Jumituin,19
Vastaanottovirkailija,19
Filmmaker,19
Marli,19
Chimay,19
Kulutushan,19
Tilhi,19
Etätyöaikana,19
Polttokennoja,19
Sanomain,19
Lukuharrastus,19
Khmer,19
Wintoosan,19
Saamenkieli,19
Dyke,19
Rauhanturvaaminen,19
Bfv,19
Juomarakko,19
Talousoikeistolaisuus,19
Ulkoliikunta,19
Kantarelleja,19
Purnauskis,19
Valtionyhtiössä,19
Isla,19
Postmodernistinen,19
Aphantasia,19
Sihteeriopiston,19
Viestintäsalaisuus,19
Fennit,19
Tetran,19
Luulisitko,19
Kauppakatu,19
Huomenaamuna,19
Hostellit,19
Gooby,19
Takkua,19
Osuuspankit,19
Lopputarkastus,19
Origo,19
Huippuvuonna,19
Huumebisneksen,19
Chakrat,19
Hamk,19
Nakkikioskit,19
Mikroyritykset,19
Pohojammaalta,19
Petän,19
Reddikettiä,19
Fabia,19
Macedonia,19
Pankkiryöstö,19
Ysäristä,19
Tilataanko,19
Maakuntajoukot,19
Potkitaanko,19
Pohjoissuomessa,19
Salaattina,19
Takulla,19
Autodesk,19
Hemmottelu,19
Pilviveikko,19
Kuubalaisia,19
Kuullostaako,19
Kuntaministeri,19
Keskisuomalaisessa,19
Sinappikaasu,19
Paljastuin,19
Islamkin,19
Kuuliko,19
Hänethän,19
Farmasia,19
Barbaaria,19
Äärioikea,19
Tuttavapiiriini,19
Vaihtovirta,19
Shitstorm,19
Markkinahintaiset,19
Repent,19
Mokkulalla,19
Diceware,19
Tart,19
Kasvisruokavaliossa,19
Tutkijatohtorin,19
Duunasin,19
Srsly,19
Puuteri,19
Cummings,19
Omt,19
Osallistumistulon,19
Vapepan,19
Julkishallinnolla,19
Shish,19
Asbestikartoitus,19
Vartiotornin,19
Fryerin,19
Santtua,19
Enklanti,19
Suomean,19
Sikamessias,19
Hakasulkeet,19
Hajoilin,19
Nautiskelin,19
Oonpa,19
Σ,19
Ottakee,19
Koitetaas,19
Tattarisuon,19
Confederate,19
Irkut,19
Täsmennettäköön,19
Mediaanituloinen,19
Copypasteen,19
Accordion,19
Pesukarhut,19
Jordanit,19
Veikkauksenkin,19
Laplace,19
Pitäskin,19
Jarrutkin,19
E60,19
Kruunuvuoren,19
Nopeuskameroiden,19
Hatin,19
Valtionyhtiöillä,19
Molon,19
Kauhukseni,19
Nauttikoot,19
Talviruokinta,19
Leijonista,19
Brittiläis,19
Riistaeläinten,19
Suikkari,19
Kouvostoliitossa,19
Modasin,19
Ranelle,19
Pysyikö,19
Vaikeimmissa,19
Tong,19
Lämpölaajeneminen,19
Goin,19
Keittojen,19
Pohjoisamerikassa,19
Tilaatko,19
Monsieur,19
Etelänaapurin,19
Lagom,19
Flowsta,19
Fasces,19
Odaa,19
Haluuksä,19
Irrotan,19
Watchissa,19
Ducky,19
Tuorehiiva,19
Vaihtoehdottomuus,19
Alastaron,19
Siipiweikkojen,19
Souria,19
Spear,19
Suolavedellä,19
Marssilaulut,19
Observatorio,19
Ludicrous,19
Esitänkin,19
Kultapossukerhon,19
Vieläks,19
Malminetsintä,19
Influencers,19
Groningen,19
Oikeuspoliittinen,19
Pystykkö,19
Hämmästyttävintä,19
Hoodie,19
Psykalla,19
Authoring,19
Northeast,19
Juukelis,19
Toistaakseni,19
Murhaluvut,19
Simsiä,19
Tanskandoggi,19
Asiakkaathan,19
Clearance,19
Exitus,19
Evlutin,19
Sasta,19
Tyyppillinen,19
Lähettikö,19
Netflixii,19
Pornoakin,19
Neliraajahalvaus,19
Burleski,19
Vodafone,19
Selkämies,19
Jäätyvä,19
Luonnonsuojelulaki,19
Eduskuntavaalit_2015,19
Neandertaalit,19
Palmua,19
Piv,19
Pela,19
Hengästyminen,19
Gigachäd,19
Mutmut,19
Suoritamme,19
Ryzenit,19
Juunou,19
Diakonissalaitos,19
Nuukuus,19
Vesireittejä,19
Lifa,19
Toasilla,19
Suopeuden,19
Historicity,19
Näkin,19
Muksutkin,19
L8,19
Mitääh,19
Lodgen,19
Ipadille,19
Hätätilanteet,19
Lasikuitu,19
Kirjoittelinkin,19
Raj,19
Spämmään,19
Biotuotetehtaan,19
Pyörrän,19
Cvstä,19
Omakantaa,19
Ymmärettävästi,19
Sukuselvitys,19
Käh,19
Helbusin,19
Rispektii,19
Tavaraliikenteessä,19
Sakolta,19
Johtavatko,19
Kokeilimme,19
Räkki,19
Assemblyillä,19
Migrationsverket,19
Tulkkasin,19
Mielipiteessäsi,19
Nanoteknologiaa,19
Tean,19
Hanti,19
Jang,19
Monarkismi,19
Ystävykset,19
Suurporonhoito,19
Televisiosarjat,19
Nitpick,19
Ympäristönäkökulmasta,19
Gaz,19
Lisäähän,19
Suomibannatuissa,19
Vesijetit,19
Erikoistehosteet,19
Tehäänkö,19
Merikotkien,19
Jabrat,19
Pikkuporvarillisuuden,19
Tapping,19
Työntekijäliitto,19
Mediumin,19
2600k,19
Trekki,19
Italo,19
Tapaturmavakuutukset,19
Tigillä,19
Luultavampaa,19
Vartiomies,19
Kotidatan,19
Perusinsinöörin,19
Konsulttitaloissa,19
Cac,19
Suojelupoliisia,19
Log4j,19
Elvansen,19
Kiihdytyspeli,19
Joulumaa,19
Ooooh,19
Rupikonna,19
Itämaassa,19
Käppäilin,19
Neuvostoaikoina,19
Passaan,19
Inarinsaamelaisia,19
Rovalle,19
Nykyvenäjä,19
Imitation,19
Tebatti,19
Tramalia,19
Kest,19
Ratkeaako,19
Teslakin,19
Juomatehtaan,19
Moottorisahat,19
Asianajajani,19
Bemarien,19
Hengittele,19
Marvelit,19
Kotonahan,19
Kommentoiko,19
Holistic,19
Lukuteoria,19
Yhdistelin,19
Whoops,19
Näääh,19
Auttaiskohan,19
Vääntele,19
Yliopistolaissa,19
Yllättyin,19
Sac,19
Pääsisiköhän,19
Puhukaamme,19
Houdini,19
Varustelekaan,19
Puman,19
Skn,19
Samurait,19
Puolustusvaliokunta,19
Yliaktuaari,19
Rantaraitti,19
Magnumin,19
Mormonin,19
Lorauta,19
39c,19
Jääkaappikylmä,19
Sähköskuutteja,19
Hilti,19
Rakkauspakkaus,19
Ylioppilaskunnilla,19
Motoristina,19
Laittasivat,19
Elinkautiselle,19
Fantasiapeleistä,19
Idealistisessa,19
Vaikeatahan,19
Ajatuskokeena,19
Poistatko,19
Crocseja,19
Terveystalolta,19
Walletin,19
Hudin,19
Minusrus,19
Vaikutushan,19
Airpro,19
Lisäki,19
Ollaampa,19
Vapolla,19
Kiinteistönhoitaja,19
Tukevatko,19
Sanoinpa,19
Advent,19
Neanderthal,19
Teippaaja,19
Bätmäniä,19
Triggeröidyitkö,19
Emiraateissa,19
Testaappa,19
Snappi,19
Trumpismia,19
Rousk,19
Koeajoin,19
Sosekeitot,19
Arvostavatko,19
Manhunt,19
Totalt,19
Viikingeillä,19
Mustarastaat,19
Niilolle,19
Riffin,19
Viikatetta,19
Möhkö,19
Honorable,19
Laithan,19
Nso,19
Antarktikselle,19
Arvonlis,19
Ylikalastus,19
Kuntahan,19
Scriptaan,19
Perintovero,19
Kohtapa,19
Leathermanin,19
Roballa,19
100keur,19
Antautukaa,19
Maksuhäiriömerkintöjen,19
Lamborghinia,19
Ccm,19
Virushan,19
Asuinhuoneen,19
Kentsu,19
Oysin,19
Astuuko,19
Omavastuuaika,19
Easa,19
Koronaketju,19
Μ,19
Puuttin,19
Meditoinnista,19
Fae,19
Unfinished,19
Buhuu,19
Iltahuuto,19
Selittelin,19
Fortran,19
Cloudberry,19
Avaruuskulttuuri,19
Visassa,19
Kanjien,19
Cupista,19
Mieltääkö,19
Muistatkos,19
Aloituspostaaja,19
Onnibussit,19
Samanhan,19
Dagger,19
Gogin,19
Tulkitsetko,19
Ärsuomestakin,19
Brexitille,19
Trafigura,19
Rasmuksessa,19
1y,19
Zeldat,19
E46,19
Sitaattioikeus,19
Triopak,19
Geekbench,19
Urheilukoulun,19
Maisterissa,19
Sijaitseeko,19
Parkman,19
Kvl,19
Mensassa,19
Liberaalipuolueessa,19
Lopettiko,19
Jerryn,19
Stasiin,19
Apostate,19
Sokokselle,19
Häähää,19
Lähetääs,19
Välkommen,19
Breivikit,19
15w,19
Kielenkäyttösi,19
Reformation,19
Thanksgiving,19
Antigeenitestit,19
Eugenics,19
Erityiskiitos,19
Kursailu,19
Mallimme,19
Kansliatoimikunta,19
Noten,19
Mastodonia,19
Prague,19
2000kwh,19
Encellä,19
Gettomasaa,19
Soromnoo,19
Salassapitosopimukset,19
Kansankomissaarien,19
Lontoolaiset,19
Holocaustin,19
Coinille,19
Ahmedit,19
Nousihan,19
Osannet,19
Lääkärinvala,19
Päätitkö,19
Kielitieteessä,19
Mami,19
Hänenhän,19
Jalluja,19
Arboretum,19
Kummeleita,19
Exchanging,19
Ylioppilaslehdessä,19
Takk,19
Enlisted,19
Rohingyat,19
Tuuliwatti,19
Itkeekö,19
Ryhmäkanteet,19
Orbital,19
Hyperloopissa,19
Mech,19
Luomuteurastaja,19
Parachute,19
Siskonmakkarakeitto,19
Kuritushuone,19
Jänskästi,19
Verohallintoon,19
Reserviläispalkka,19
Totalitaarisissa,19
Javelineja,19
Öbauttiarallaa,19
Tsekkaile,19
Riigikogu,19
Koop,19
Dread,19
Bridgen,19
Honkkarin,19
Meinasko,19
Pilaako,19
Alkoholiperäisiin,19
Onkalosta,19
Adv,19
Tunes,19
Algot,19
Ruopataan,19
Fuq,19
Aimon,19
Corollasta,19
Fck,19
Laillistahan,19
Hooters,19
Pikkuveljellä,19
Vapottaminen,19
Katkaisit,19
Ret,19
Useimmitenhan,19
Perustuiko,19
Snowman,19
Lbc,19
Serbialaiset,19
Korjattakoon,19
Poutine,19
Piukat,19
Asumistukihan,19
Lohikeiton,19
Suomenuutisten,19
Ykäsonni,19
Juul,19
Väestöennusteen,19
Harmaakarhu,19
Shattered,19
Ilmastohysteria,19
Tiputit,19
Downvoteejat,19
Komin,19
Übermensch,19
Vasemmistoliito,19
Heikentääkö,19
Risujemmaaja,19
Hosumalla,19
Jöö,19
Suojelkaa,19
Citrus,19
Vuokraoven,19
Karvi,19
Madmax,19
Palatkaa,19
Amatöörivirhe,19
Stoicism,19
Azuressa,19
Alba,19
Bergamo,19
Hhs,19
Uncensored,19
Contracting,19
Lumous,19
1jk,19
Sydänmaa,19
1070ti,19
Onne,19
Infernossa,19
Asteroid,19
Doublespeak,19
Hulluksihan,19
Kevätkin,19
Hpj,19
Intissähän,19
Kotipizzat,19
Leikittelin,19
Pysyttele,19
Pääomassa,19
Loppukevennykseksi,19
Selkokieli,19
Sluts,19
Lokapojat,19
Filipinos,19
Blääh,19
Bender,19
Rot13,19
Cvs,19
Viewin,19
Imatralainen,19
Flashilla,19
Lumisota,19
Tribune,19
Draco,19
Maltalaiset,19
Pikkuparlamentin,19
Ylilaudallakin,19
Glukoneogeneesi,19
Asuisitko,19
Roh,19
Annanpa,19
Airforce,19
Tänäänkö,19
Huomioitko,19
Bentson,19
Seurasiko,19
Batterya,19
Jäkessä,19
Työkkärikin,19
Salmea,19
Hoitajathan,19
Pettämättömän,19
Gfs,19
Morjenttes,19
Tetherin,19
Deripaska,19
165hz,19
Simmottis,19
Mexicans,19
Pahapa,19
Chiquitan,19
Kepukka,19
Crank,19
Nykymedia,19
Llvm,19
Jod,19
Nurmelta,19
Jesidit,19
Kalliitahan,19
Unelmoiden,19
Otter,19
Archin,19
Törsäsin,19
Grease,19
Avotakka,19
Ircistä,19
Pärkkele,19
Sanomapro,19
Jenkkiarmeija,19
Asentakaa,19
Norskin,19
Moor,19
Eikohan,19
Rakettitiede,19
Cobolia,19
Opetelkoot,19
Kremlinistä,19
Journalia,19
Uberiä,19
Työterveysjärjestelmä,19
Tuplasukat,19
Esprit,19
Pistäkääs,19
Opettajathan,19
Toivottavati,19
Ääää,19
Ässämix,19
Vasemmistoliittokaan,19
Siviilipalveluskeskuksen,19
Barotrauma,19
Nöyrin,19
Veroistahan,19
Wraith,19
Web3,19
Ylämummo,19
Wireshark,19
Ilmastohätätilaa,19
Lohduttaudun,19
Protec,19
Köyhäthän,19
Eiiiiii,19
Jospas,19
Lintsille,19
Haistapa,19
Warhammeria,19
Bupropioni,19
Durov,19
Ple,19
Mnää,19
Ryde,19
Kylläm,19
Eetti,19
Lakimiesliiton,19
Zebra,19
Prophets,19
Kotilieden,19
Moria,19
Mullah,19
Effectiä,19
Yhdessähän,19
Lace,19
Omegan,19
Journalissa,19
Lod,19
Bwoah,19
Randilainen,19
Roskiinhan,19
Tultiinko,19
Vmn,19
Perkale,19
Nuu,19
Ilmaiseksiko,19
Taitonetin,19
Abrahamilaisia,19
Stukille,19
Tiedättekös,19
Porvoolainen,19
Vartiaa,19
Tipi,19
Sikaflunssa,19
Moodleen,19
Modulaarisuus,19
Typå,19
Jetin,19
Nyssen,19
Nyanssina,19
Vasemmistoliitollakin,19
Ajaahan,19
Venäjäl,19
Nukkukaa,19
Sip,19
Neukuista,19
Lasipalatsissa,19
Koetahan,19
Binance,19
Pitäkäämme,19
Kokoomusnuorilla,19
Huumoriahan,19
Annetaanhan,19
Politicalhumor,19
Raikkonen,19
Sandelssia,19
Sgp,19
Aland,19
Turkulaismies,19
Pens,19
Goddammit,19
Kawasaki,19
Evidensia,19
Quakenet,19
4000k,19
Kustom,19
Fingerporit,19
Suviseuroilla,19
Bullit,19
Ableismi,19
Korohoro,19
Piilotyöpaikat,19
Needless,19
Flashiä,19
Pap,19
Tailor,19
Ethereumiin,19
Kultsi,19
Thinkpadeissa,19
Euro6,19
Afghanistanilaisten,19
Prn,19
Micran,19
Kaiserreich,19
Rokon,19
Kloriitti,19
Wurth,19
Saamelaisneuvosto,19
Arigato,19
Naurunappulan,19
Pärkele,19
Isps,19
Ves,19
Kassipojad,19
Kokiko,19
Sov,19
Aukia,19
Gamestopista,19
Fitbit,19
Dbz,19
Paypalilta,19
Plonk,19
Mimo,19
Itäsuomi,19
Iota,19
Mastercardia,19
Pureview,19
Gamergatesta,19
Faz,19
Isisläisiä,19
Aum,19
Edn,19
Finentry,19
Cyanogenmod,19
Gimpin,19
2mb,19
Horeca,19
Gamestoppia,19
Ramilla,19
Goprolla,19
Pok,19
Mcs,19
Axa,19
Lempileikkeihin,18
Etsintälupa,18
Jobbik,18
Ulosmyyntioikeus,18
Apostaatteja,18
Naattia,18
Käsityksistään,18
Jyvittäminen,18
Freeexchange,18
Tyopaikkatiedotus,18
Keepfrgettngmypsswrd,18
Käsiparia,18
Mainontaansa,18
3atrue,18
Puurtaja,18
Porukkakin,18
Tähänasti,18
Ennätyksistä,18
Kirjoittamiasi,18
Kalalaji,18
Ajatusmaailmassaan,18
Jarjestelman,18
Toteunut,18
Tyytymättömän,18
Paijataan,18
Strategiset_suorituskykyhankkeet,18
Homophobic,18
Weakened,18
Muotoseikkoihin,18
Pakolaisuusaiheet,18
Pharmacies,18
Arvaamattomampia,18
Correlates,18
Katoasi,18
Kehitettynä,18
Tummempiin,18
Uutettua,18
Tosiasiallisena,18
Sensellaiset,18
Oikeuttakaan,18
Luonnehdintoja,18
Ylisuurilla,18
29_0,18
Maailmankolkan,18
Tuomitsevaan,18
Verrokeilla,18
Oikeampia,18
Nürnberg,18
Yliopistojärjestelmän,18
Suuntaavia,18
Saastopankki,18
Merkkihuollon,18
Liiketoimintamallista,18
P_p_state,18
Muokattavaksi,18
Kristittyjenkin,18
660e,18
Laimennus,18
Vähäisemmillä,18
Viestittänyt,18
Kyhätyn,18
Nasahti,18
Karrikointia,18
Oppilaistaan,18
Päivityksien,18
Kirkkaudessa,18
Kapeneva,18
Nimittäneet,18
Vilkutetaan,18
Sikäläisistä,18
Shabaabin,18
Kanniskelu,18
Mollattu,18
Perusrakenteita,18
Sähköntuotannolle,18
Ajojahtina,18
Uhoava,18
Pläntille,18
Siveyttä,18
Pakolaisaallosta,18
Sössittyä,18
Kilpailutettaisiin,18
Ekonomisessa,18
Värikkäästä,18
Pätivät,18
Peltomäen,18
Sormeensa,18
A4lk,18
Kiinteistöveroista,18
Moderoitua,18
Merihätään,18
Nimittävä,18
Kehitysasteen,18
Kippaisi,18
Kuumempana,18
Huulenheittoa,18
Raataneet,18
Vetelivät,18
Tuotantolaitokseen,18
Broadcasts,18
Protested,18
Harrastettava,18
Nokittamaan,18
Vittuuttaan,18
Stalled,18
Läntätä,18
Toimittanu,18
Viestijän,18
Esiintuomisesta,18
Suosimiin,18
Valitsemallani,18
Hurjemmin,18
Kyti,18
Sairaanhoidolle,18
Kertsiä,18
Vignette4,18
Pakolaisleireissä,18
Satanolla,18
Analysoidessa,18
Täyttelyyn,18
Naistensa,18
Jenkkisarjoja,18
Aihealueisiin,18
Hyljeksivät,18
Letkautuksesta,18
Halvennettu,18
Aritmeettinen,18
Hypoteesille,18
Kuljetusfirmoja,18
Tapaturmissa,18
Yritt,18
Hahmoaan,18
Saturaatiopiste,18
Johtoryhmien,18
Lähettämiseksi,18
Satapäinen,18
Kiireisille,18
Käskyillä,18
Ummetuksesta,18
Työllistyneen,18
Sotaleikkeihin,18
Boosts,18
Kattohuoneisto,18
Ungdomar,18
Filu,18
Poteroitumisen,18
Sähkökäyttöisen,18
Käytännölliseksi,18
Muslimiterroristien,18
Keskenaan,18
Lääppijät,18
Pärstään,18
Hakijamäärien,18
Päätyökseen,18
Vuosikurssilta,18
Valtakoneistoa,18
Motivoituneilla,18
Tulollaan,18
Rankkaisin,18
Suoritukselta,18
55op,18
Kirjeesi,18
Rousseaun,18
Dekaanin,18
Laajennettuun,18
Talebin,18
Länsimaalaisuuden,18
Avuttomasta,18
Hajoamiset,18
Sinertävää,18
Piristämässä,18
Digitv,18
Pommein,18
Kokouksensa,18
Lähtöviivalta,18
Erikoissivut,18
Huonontumaan,18
Kohdemaansa,18
Filosofoida,18
Työntämisen,18
Kosketukseni,18
Keventämässä,18
Säätönsä,18
Aide,18
Heteroseksuaalisia,18
Tämmöseksi,18
Odotteleva,18
Autoritaarisesti,18
Louskutusta,18
Toimituksellisesta,18
Turvattomana,18
Hajoili,18
Onnistuisimme,18
Pesuvettä,18
Rakennuksensa,18
Jäsentäminen,18
Olennolla,18
Epätodellisuuden,18
Terveyskustannukset,18
Posh,18
Kirjoittavana,18
Vaihtoehtojaan,18
61crucxdsva,18
Amnestyyn,18
Punnittua,18
Identifioituvien,18
Olkiukkojesi,18
Gfffögkfhjd,18
Spesifien,18
Möykkäämistä,18
Ihmistyypille,18
Lämpeämistä,18
Poliisivaltioksi,18
Ehkäisevässä,18
Luuttuamaan,18
Ostaisimme,18
Sparv,18
Kannattavuuslaskelmia,18
Joukkotappeluun,18
Mustasukkaiseksi,18
Pestiään,18
Pääaineeseen,18
Luettavakseen,18
Tasankoa,18
Käytettävissäsi,18
Mäiskettä,18
Kinnosta,18
Tuputettaisiin,18
Onnistuttava,18
Informoitiin,18
Farsseja,18
Seurustelusuhteet,18
Tunnustaneen,18
Vääränlaisena,18
Pudotuspeleihin,18
Tarjoajasta,18
Häppää,18
Mahottomalta,18
Panemaa,18
Järjestelleet,18
Arvointi,18
Karisseet,18
Demonstroivat,18
Inhoreaktiota,18
Noituuteen,18
Ghettoutumiseen,18
Hömpötyksen,18
Ältä,18
Alullepanema,18
Asiantuntijatyo,18
Arvottomaan,18
Sanaleikeistä,18
Peliliikettä,18
Jokapäivästä,18
Heteropareja,18
Erikoistuneisiin,18
Painamisella,18
Tarkuudella,18
Lähtökuopista,18
Ikkunattomassa,18
Maailmanperintökohde,18
Paraatipaikalta,18
Cappi,18
Väitökseen,18
Pienemmäks,18
Sinihomejuuston,18
Ideoidensa,18
Keskiansioiden,18
Harhaisiksi,18
Leikkauksin,18
Grigori,18
Valtiotieteilijöitä,18
Rötöksestä,18
Veroparatiisina,18
Tuekkaan,18
Valiin,18
Lehteenkin,18
Haluamastasi,18
Miehisyytensä,18
Volatiili,18
Yhteenotoista,18
Kaatuilla,18
Rasitteista,18
Kokonaispaino,18
Mollaamalla,18
Blogilta,18
Luonnonkatastrofeista,18
Heittämät,18
Ideaani,18
Muureilla,18
Linnoitusten,18
Ylentyä,18
Roskasakille,18
Taustasäteilyä,18
T1oj_n7vnmq,18
Mollberg,18
Lehmänpaskaa,18
Varhaiskeskiajan,18
Lillukanvarsien,18
Uutisointien,18
Laskelmoivaa,18
Murret,18
Tunkeutuvan,18
Avivin,18
Rikosnimikkeeksi,18
Andrey,18
Hehkutukseen,18
Miellyttäny,18
Oudommaksi,18
Kiireellisempää,18
Runtelemista,18
Määrittelemiin,18
Puhemieheltä,18
Osallistuvilta,18
Hatustasi,18
Pöytäkoneista,18
Itsenäisyysjulistuksen,18
Fiktiivisiin,18
Vihjausta,18
Päteviin,18
Korjautumaan,18
Sivuprojekti,18
Palkinnolle,18
Päästelisi,18
Sytytyspaloja,18
Tautiriski,18
Skideistä,18
Halpuutta,18
Tuplanneet,18
Uskoista,18
Painekattilaa,18
Maksaisivatkin,18
Peruspuhelimia,18
Misogynistejä,18
Simppeleistä,18
Tappoina,18
Misogynistit,18
Asiakastyytyväisyyteen,18
Akvinolainen,18
Pituusero,18
Määritellyssä,18
Kopioinu,18
Pysäkeiltä,18
Suppeus,18
Puupennin,18
Ehdottava,18
Valistamisen,18
Vääristymästä,18
Boottaamaan,18
Allissa,18
Vaikuttaneista,18
Muotoina,18
Sävyihin,18
Kielelläni,18
Manipulatiivisia,18
Reagoimisen,18
Vakiinnuttua,18
Sonnustautuneet,18
Nykivät,18
Tuikkaamassa,18
Vähäosaisempia,18
Tiiliskiveä,18
Ajatellakseen,18
Piilokustannuksia,18
Asutuskeskukseen,18
Hyssytellyt,18
Varautuneempi,18
Muodustunut,18
Perheenjäsenestä,18
Ap1000,18
Asenneltua,18
Rytmitystä,18
Pelikokemuksia,18
Ennenaikojaan,18
Sitoviin,18
Tsemppausta,18
Suosituksina,18
Veikkoja,18
Antamiasi,18
Maahanmuuttajayhteisöissä,18
Väärinymmärrettyä,18
Karvasia,18
Rajaviivaa,18
Rääkkiin,18
Valitseva,18
Charlyjsp,18
Käännytettyjä,18
Hoitamat,18
Malttaisivat,18
Rajanylityksestä,18
Luodussa,18
Kuljettuaan,18
Suhteesa,18
Gradulle,18
Taivaskin,18
Komppaamassa,18
Diileissä,18
Kertaukseen,18
Tavarataloja,18
Pyrkimyksiään,18
Ihastuvat,18
Pyörittelevä,18
Menijöiden,18
Tilastolle,18
Maahanmuuttajanaisista,18
Kirjotusta,18
Palkkioitaan,18
Vuokrina,18
Pikkuvikaa,18
Creativecommons,18
Mainstreamiä,18
Käyttäjäkuntansa,18
Tykkeihin,18
Etälamauttimet,18
Christensenin,18
Treidata,18
Mouhoamista,18
Lamauttimella,18
Yleisöjä,18
Tulkeiksi,18
Lobbied,18
Listautumista,18
Tyrmäsivät,18
Edullisemmiksi,18
Relocate,18
Ammattitaitoani,18
Jauhaessa,18
Rakentuivat,18
Prosessoriin,18
Naapureiltaan,18
Seisaalteen,18
Kannusteena,18
Viestei,18
Tarvettakin,18
Miettimisessä,18
Jäsenistölle,18
Ghettoutuvat,18
Soviteltiin,18
Kärrättäisiin,18
Ehdottamien,18
Käsitteensä,18
Peräänkuuluta,18
Natsojen,18
Vanua,18
Pienentävän,18
Niitäkää,18
Valkoisesti,18
Öljyttynä,18
Turvonnutta,18
Hyväkuntoisilla,18
Hioneet,18
Uurnassa,18
Sotatannerta,18
Manifestoi,18
Suttaantuu,18
Ketunhäntää,18
Etsintäkuulutetun,18
Elintarvikkeeseen,18
Vihjaisee,18
Ikäs,18
Hiilidioksidit,18
Meininkinsä,18
Keplotellut,18
Unelmaani,18
Loksahdella,18
Idioottimaisempaa,18
Kvallsposten,18
Hylänneen,18
Esimieheltään,18
Käyttötapoihin,18
Harventunut,18
Vaimoketta,18
Nakertavan,18
Meneet,18
Asiakassuhteita,18
Vartaaseen,18
Museoauto,18
Parhaanne,18
Ylläpitäjillä,18
Omistautunutta,18
Pääasiasa,18
Maksukanaville,18
Roponsa,18
Perusteela,18
Syrjäkyliin,18
Kiertelyyn,18
Vollotusta,18
Lajikohtaisesti,18
Juovien,18
Ohittaisivat,18
Osumaprosentti,18
Havainnollistaminen,18
Äänestyslipukkeita,18
Metsäläisten,18
Blockannut,18
Totaalikieltäytyä,18
Pirinistejä,18
Tekstimuotoon,18
Ropissut,18
Kipulääkkeisiin,18
Turvallisuusuhkiin,18
Ohjauksia,18
Kontrollille,18
Epäoikeutettua,18
Huseeraamassa,18
Täsmennyksen,18
Monisairaiden,18
Ddddddddddddd,18
Asevarustelua,18
Karkoitettavaksi,18
Kindlelle,18
Itäiselle,18
Katsojaan,18
Kromosomista,18
Viskositeetti,18
Massamurhaajaksi,18
Pierulle,18
Virallisissakin,18
Kohauttamalla,18
250t,18
Myönnetäänkin,18
Kaseteilla,18
Koivusalon,18
Reagoimiseen,18
Lässytyksiä,18
Betonikuution,18
Suojakeino,18
Paitaansa,18
Terrorismirikokseen,18
Väreineen,18
Suorakulmio,18
Feministijärjestön,18
Logistiikkaketjussa,18
Koskettaviin,18
Moninkertaistumaan,18
Vihakampanjan,18
Stabiiliuden,18
Banaanivaltiota,18
Kulee,18
Turvallisuudestasi,18
Ylimääräisesti,18
Tahvot,18
Kailotti,18
Lisäännyt,18
Laiskottele,18
Synopsiksen,18
Johdannaisiin,18
Linkkailu,18
Kummastelevat,18
Kuihtuivat,18
Pspvnfddqhk,18
Ympäriltäni,18
Osoittamia,18
Työttämät,18
Sairaanhoitajina,18
Asiakkaankin,18
Keskituloiseen,18
Ripottelen,18
Tunnelihanke,18
Orjallisen,18
Toteutumasta,18
Leipälaji,18
Vuokratut,18
Tempauksena,18
Naurettavuuksia,18
Kiistävä,18
Liiketoiminnalta,18
Hyökkiä,18
Kallilla,18
ﾉ,18
A4_mit,18
Luurangoista,18
Perustavaalaatua,18
Analysoiminen,18
Lyödyksi,18
Iänkaikkinen,18
Uskonoppineita,18
Ylpeytesi,18
Rasitusmurtuma,18
Sammuttamisessa,18
Vainotussa,18
Johtuneita,18
Kotitalonsa,18
Johtaisikaan,18
Oikeudenmukaisista,18
Artikuloiden,18
Pahantahtoisuudella,18
Kasvumahdollisuudet,18
Terminaalille,18
Merkonomeja,18
Päätelly,18
Näkymisestä,18
Migraine,18
Liukenemaan,18
Mosulin,18
Uutiskuvaa,18
Osatakin,18
Kuntouttavana,18
Uutuuksista,18
Pisteeni,18
Mielenterveysongelmistaan,18
Vetreä,18
Kiistelyyn,18
Ajoitettuna,18
Pääomatuloksi,18
Valikoivampi,18
Moitteitta,18
Reseptiksi,18
Epäkorrektit,18
Korruptoivat,18
Toimentulotukea,18
Kokelaista,18
Kuvattuihin,18
Yllätyksellisesti,18
Tieteiksi,18
Kirjeille,18
Tyyliksi,18
Rahamäärillä,18
Kertomukselle,18
Selitykselle,18
Syntymekanismi,18
Risteilyaluksen,18
Kärsittäisiin,18
Ihmispaskaksi,18
Munattomana,18
Sotaretkelle,18
Troubling,18
Tuunailla,18
Lihatkin,18
Argumentoitia,18
Hälyttävänä,18
Uudelleenmäärittelemään,18
Myötäilijä,18
Takakannesta,18
Kitkettäisiin,18
Murheitaan,18
Palloteltu,18
Lissabon,18
Pakettimatka,18
Pääpointeista,18
Virkaintoisia,18
Tervehditty,18
Syyttelemättä,18
Henkilökuntaansa,18
Suvaitsematta,18
Kulttuurierosta,18
Pidempinä,18
Jossaan,18
Värittämistä,18
Hentoa,18
Ympäröimään,18
Hankaamalla,18
Komeaan,18
Asiakkuuksista,18
Pyrkimyksellä,18
Paskanhailee,18
Rikollisorganisaatioita,18
Alivuokrata,18
Varusmiespalvelua,18
Ylilyövää,18
Tasaveroprosentti,18
Ympäristötietoisia,18
Tietomäärää,18
Vituttaisikin,18
78v,18
Paskemmista,18
Ohikulkijoista,18
Pöyhiä,18
Kieltääkseen,18
Toiminan,18
Perusteelle,18
Taakkaansa,18
Utrikes,18
Naapurivaltioissa,18
Jumittamista,18
Peliteollisuutta,18
Tuskastunut,18
Uudissanoja,18
Raiskaussyytteistä,18
Turpasaunaa,18
Asiantuntijalausunnoista,18
Ahdistelijalle,18
Tunteelliseen,18
Mysteerinä,18
Järkkäisi,18
Vakinaistetaan,18
Saunaillasta,18
Mahahaavan,18
Ajojahdit,18
Tsekkailemassa,18
Tuhoutuessa,18
Tonnitolkulla,18
Avustajiensa,18
Efekteillä,18
Syyntakeettomuutta,18
Kätevään,18
Haaveesta,18
Jalostetusta,18
Säilykettä,18
Höperöä,18
Äänenlaadultaan,18
Valtapuolueille,18
Lepäävän,18
Yksilöitävä,18
Korkeampiakin,18
Aikomusten,18
Oikeusjärjestelmältä,18
Ipanaa,18
Urheilusuoritukset,18
Päivitettävää,18
Hämärähommiin,18
Myoskaan,18
Maakunnaksi,18
Tuttaviensa,18
Dokumentoivat,18
Bongeja,18
Naiseutensa,18
Oksennettua,18
Ääniefektejä,18
Varmuuskopioida,18
Tungettelevaa,18
Hyllyy,18
Kojua,18
Valokuvaajien,18
Viritelmään,18
Korinaa,18
Väistyisi,18
Tempuksi,18
Hienoiseen,18
Inspiroimaan,18
Murakamin,18
Vääränlaisessa,18
Taliaivot,18
Luokkatovereita,18
Kameroilta,18
Konstruktiivinen,18
Jättiläiseksi,18
Hakemustaan,18
Mullistunut,18
Raakataan,18
Kehkeydy,18
Erinäiseen,18
Säännöstelemällä,18
Yhdistysrekisteri,18
Vaikuttaisin,18
Seksijuttuja,18
Tulojakaan,18
Sisältyvien,18
A4hes,18
Nojattu,18
Säikeestä,18
Rekolan,18
Tipiksi,18
Aivoituksista,18
Tartteta,18
Piileksii,18
Kaksinaismoralisteja,18
Mainoksineen,18
Astelaisille,18
Restricts,18
Rääpiä,18
Määritellen,18
Perustellumpia,18
Myyntimiehiä,18
Pyrkimykseltä,18
Softatalon,18
Vaativamman,18
Yksityisyydestäni,18
Nettikeskustelijat,18
Rauhoittuisivat,18
Vihollistensa,18
Etujärjestöä,18
Osaamistasoon,18
Manannut,18
Höpöttänyt,18
Tehdastöitä,18
List_of_countries_by_income_equality,18
Markkinoiminen,18
Opiskelutaidot,18
Kausittaisia,18
Etnisyydestään,18
Ymmärrettäviin,18
Desimaalilla,18
Kultasuoni,18
Kolahtaisi,18
Manifestoituvat,18
Keuhkojaan,18
Sekan,18
Samanmielisen,18
Operoima,18
Auktoriteettinen,18
Toistettaisiin,18
Urging,18
Ilmainensanakirja,18
Hallitsemiin,18
Massamurhista,18
Maleksivat,18
Leveämmällä,18
Ystäväpiirit,18
Tuetaankin,18
Vahdittu,18
Harteiltaan,18
Määrittämättömän,18
Examines,18
Konsulttitoimiston,18
Ojoon,18
Päästöillään,18
Loistaneet,18
Lihavin,18
Yhteiskunnalisen,18
Oluttuopin,18
Blokilla,18
Itsessämme,18
Kääntöpuolelta,18
Roskaansa,18
Makoilun,18
Laajentunu,18
Haluttavuuteen,18
Ajattelutavalta,18
Alkaviin,18
Huvittaisikaan,18
Työkavereilleen,18
Romuihin,18
Nahistella,18
Vakanssi,18
Vastaanottavaisempia,18
Junaliikenteeseen,18
Vielää,18
Muodostaessaan,18
Räjäytteli,18
Teknilliselle,18
Ullanlinnasta,18
Laajimpia,18
Lyhentäen,18
Seremoniallisesti,18
Vaikeakulkuista,18
Ajettavissa,18
Ilmaisuaan,18
Sijainneet,18
Mielijohteen,18
Kehäteille,18
Painoksista,18
Koksia,18
Kaupunkiympäristöön,18
Syylistyneet,18
Jumaluuksiin,18
Isoimmalta,18
Halveksivia,18
Erilaisuuttaan,18
Aikuistenkaan,18
Tähystykseen,18
Hypetti,18
Kehuttuja,18
Suojelluksi,18
Electors,18
Sotahullujen,18
Risteyskohdassa,18
Statistisen,18
Julkaistavissa,18
Murusina,18
Töppäilyistä,18
Päihtymyksestä,18
Health_and_science,18
Pajusen,18
Torui,18
Suhteillaan,18
Terästää,18
Puulaji,18
Etcetc,18
Perseelläsi,18
Teksissä,18
Liikkunutta,18
Latasivat,18
Nynnyjä,18
Ääniltä,18
Hämmentäväksi,18
Pidentämisellä,18
Suuntaamme,18
Erikoistuneempi,18
Poikettua,18
Työperusteista,18
Moottorikelkkaa,18
Virittämä,18
Katuojasta,18
Tarjoavana,18
Eliminointia,18
Lukematonta,18
Valikoitaisiin,18
Esteeltä,18
Osuuteensa,18
Työtapaturmista,18
Väittikin,18
Kokkelipäissään,18
Ahdistukselta,18
Rahaongelmiin,18
Samanikäisinä,18
Roihuaa,18
Vedoksen,18
Storyline,18
Todetuilla,18
Modiin,18
Sivuhahmoja,18
Elementtiin,18
Rukkaamassa,18
Product_images,18
Inriver,18
Aliredditillä,18
Moraaliani,18
Hammastahnaan,18
Uvyoqzvoofy,18
Leimassa,18
Bushista,18
Lisäetuja,18
Käskisivät,18
Väärinkäytöistä,18
Synnyinmaahansa,18
Sulattelua,18
Spesifioitu,18
Berkeleyssä,18
Atopia,18
Raksamiestä,18
Kajauttaa,18
Kilpailuasetelman,18
Reportaasit,18
Pikkupalkalla,18
Palveluseteleillä,18
Takuilla,18
Tarjoutuneet,18
Sujuikin,18
Toimitusjohtajansa,18
Kirjanpidollisia,18
Kiinnostukselle,18
Kulujakaan,18
Pörröistä,18
Verkostoilla,18
Perustaakseen,18
Kiskoon,18
Oviaukosta,18
Oppiaksesi,18
Terveysjärjestelmä,18
Räplätessä,18
Stubbit,18
Heikentämisellä,18
Hyödyllisemmän,18
Työvoimapalveluiden,18
Työllistäneet,18
Ilmiselvästikään,18
Epätosien,18
Sitouttamista,18
Vuodattavat,18
Kroppaasi,18
Strips,18
Sanoe,18
Ikoneista,18
Ulkokehällä,18
Havainnoitu,18
Salaamiseksi,18
Tutkinnoksi,18
Kuluttajansuojasta,18
Henkilötietonsa,18
Meemikuvasta,18
Jauhelihapakettia,18
Leijuisi,18
Kihniön,18
Ryöstönä,18
Kartoitti,18
Sukutilan,18
Raadetaan,18
Gatesia,18
Kiireellisestä,18
Käsiparien,18
Läpsäisee,18
Integroitui,18
Alitajuisella,18
Paiskomista,18
Verilöylyyn,18
Torjuvaa,18
Ahdistuksensa,18
Ajattelijoille,18
Taksiyritys,18
Esineellistävät,18
Pelastaan,18
Ihmisroskia,18
Ongelmajätteeksi,18
Rakastamaansa,18
Motoriikan,18
Romukuoppaan,18
Tarkoitusperään,18
Taksitolppa,18
Järkkäilemään,18
Iltamissa,18
Fyysisiäkin,18
Newrepublic,18
Toivomusten,18
Tiukemmista,18
Teesinsä,18
Armania,18
Huomaavaisuus,18
Estyneitä,18
Shoppaus,18
Huvittelu,18
Kemiallisin,18
Livelihood,18
Duunareiksi,18
Uutisaiheista,18
Mettäs,18
Kohdennettuihin,18
Tilausnumero,18
Lykkii,18
Nauttineen,18
Nuhdellaan,18
Lukeakseni,18
Uutissisältöä,18
Yleistyvää,18
Vaatimattomiin,18
Alareddittiin,18
Huhuiltu,18
Teettäjä,18
Höpötellään,18
Sahkontuotanto,18
Moninkertaisti,18
Toivoikin,18
Tuulipuvussa,18
Kulumat,18
Ydinvoimaprojekteja,18
Anonyymeiksi,18
Takamuksesta,18
Mitoitetut,18
Väestöryhmässä,18
Perusteesejä,18
Sinetöitiin,18
Halunnevat,18
Myönteisempään,18
Vesiliukoisia,18
Pelikortti,18
Provisiolla,18
Moikkailla,18
Asemasodaksi,18
Alisteisen,18
Vuotamassa,18
Uusklassista,18
Uusklassiseen,18
Rajautuisi,18
Ihmetelkö,18
Käytännöille,18
Herroiks,18
Pitki,18
Määräämisessä,18
Soitteluun,18
Nettotulosi,18
Mukavakin,18
Asekauppoja,18
Mekanismiksi,18
Nimittäjänä,18
Veronkiertäjille,18
Markkinahintaisen,18
Kyykkäävät,18
Piiloittaa,18
Samankokoisella,18
Synkronissa,18
Tyhmempinä,18
Kolhuista,18
Bulkkituote,18
Karenssiaika,18
Sivuasia,18
Uhkailulta,18
Luvul,18
Jäljentää,18
Yhteenliittymiä,18
Näytetyn,18
Paheen,18
Vastusteluista,18
Tapauskohtaiseen,18
Presentations,18
Hihitellen,18
Nuoruusvuosista,18
Asemointi,18
Tenets,18
Saippuaan,18
Vieraantua,18
Eläneellä,18
Suomalaisuutensa,18
Reilujen,18
Cqnb4q0hows,18
Firmassaan,18
Kurkkukivusta,18
Tapettaviksi,18
Jakaviin,18
Äänimaailmaa,18
Ylikansoitukseen,18
Varautuneesti,18
Pjarvinen,18
Muassaan,18
Tavoitteistasi,18
Sketsinä,18
Pirstaloituneita,18
Psykopaateiksi,18
Predecessor,18
Onnellisilta,18
Kiittäneet,18
Ärsyttäviltä,18
Yrityksissa,18
Ismeihin,18
Huolestuttaakin,18
Mielihaluista,18
Asentamasta,18
Äärioikeistolaisina,18
Heteronormatiivisen,18
Counterproductive,18
Selittelisi,18
Vyölaukun,18
Salamurhaan,18
Asevalmistaja,18
Ruokalistasta,18
Radiohiljaisuutta,18
Indexi,18
Nimelleen,18
Mainitsemattomat,18
Tonkimalla,18
Pummeille,18
Lyhentämättöminä,18
Lueteltujen,18
Pitkäaikaissairas,18
Yrityksillekin,18
Viljelykelpoista,18
Haravoitu,18
Eeas,18
Jonkinasteiselta,18
Kauppasopimuksilla,18
Murisemaan,18
100kcal,18
Sektion,18
Lahjansa,18
Tuplaantuisivat,18
A4_v,18
Kuivunu,18
Demonisoinnissa,18
Product_details,18
Himossa,18
Hartautta,18
Ruokavalioo,18
Nimisistä,18
Pelastettavia,18
Osamaksuihin,18
16kk,18
Suositeltavan,18
Alkaneita,18
Mielenosoitukselta,18
Nähtii,18
Tulospalkkion,18
Rääkkäämisestä,18
Taloustieteellisten,18
Suhdeluvuista,18
Lääkeneuvontaa,18
Huonolaatuisesta,18
Arvoisimman,18
Demokratisointi,18
Kuokkanen,18
Kermaperseilyä,18
Bussis,18
Varoittaisi,18
Liikkujista,18
Nokkelalta,18
Ilmaistakin,18
Petaamista,18
Myrkkynsä,18
Symboleiksi,18
Luustoon,18
Fanaattiseen,18
Reinforce,18
Syrjäytettyä,18
Lähteenäsi,18
Kokoontuisivat,18
Kokonaisille,18
Rajattavissa,18
Korkeintaankin,18
Hiiltyä,18
Kipeydy,18
Dokumentilla,18
Free_speech,18
Omimisella,18
Lihapadan,18
400ke,18
Uskonsotia,18
Vilautus,18
Reunaehdolla,18
Sukkanuken,18
Puutumaan,18
Somekeskusteluissa,18
Sisäänottoon,18
Havahduttaa,18
Maistuun,18
Discomfort,18
Metsätieteiden,18
Tyylisiksi,18
Toteaman,18
Häkkyröitä,18
Haaransa,18
Kirjoitusasuja,18
Rikkomiselta,18
Sähläsin,18
Syöksisi,18
Lisäleikkauksia,18
Vertaisina,18
Vaihtoo,18
Pettämisessä,18
Ehdonalaisesta,18
Targetoida,18
Salamurhaajia,18
Rivitalosta,18
Guinnessin,18
Siistimässä,18
Mielivaltaisuudesta,18
Yksituumaisesti,18
Perhesiteiden,18
Huutavaan,18
Moduuliin,18
Makuhermot,18
Rajoitteesta,18
Vuokrastaan,18
Käytöntö,18
Kielteisempi,18
Diggailla,18
Hinteiksi,18
Kapistukset,18
Itseäänkään,18
Tuottikin,18
Ammattikunnista,18
Tunneperäisen,18
Seulaksi,18
Hätävarjelutilanne,18
Ajankohtaisin,18
Ongelmatapauksen,18
Mielikuville,18
Nukkumaanmenon,18
Kulutustasolla,18
Muodostuksen,18
Suffrage,18
Havitteleva,18
Vihaavista,18
Taloilta,18
Korostamisessa,18
Pamfletissaan,18
Nälänhätiin,18
Hiukkaakaan,18
C_scale,18
Odotetakaan,18
Kultaisista,18
Syömäkelvottomaksi,18
Erkani,18
Ovenpieleen,18
Kaupallistamaan,18
Allergisten,18
Äänestävillä,18
Paisuvan,18
Elättääkin,18
Kanteleella,18
Sekasin247,18
Parjattiin,18
Luokkahuoneiden,18
Lahottaa,18
Varhaisimmista,18
Sensoreiden,18
Lykkääntynyt,18
Hautuumaa,18
Todellaan,18
Pitävään,18
Kyhäelmiä,18
Poistumisella,18
Kutsumustaan,18
Kristallipalloon,18
Asutukset,18
Kestävyyskuntoa,18
Hakeminenkin,18
Kuprut,18
Oleviakin,18
Johtavilta,18
Tärkeysjärjestyksestä,18
Sivuavassa,18
Kiltimpiä,18
Vaalikautena,18
Kaaderit,18
Alistamassa,18
Virastona,18
Kuittaamiseksi,18
Lpjzfgchgle,18
Jäljempää,18
Kaanonista,18
Prinsiippi,18
Vinkumatta,18
Moraaleihin,18
Pänttäämisestä,18
Epäluotettavasta,18
Lihomatta,18
Syrjäisiin,18
Kummoset,18
Bussillisen,18
Menettääkin,18
Kuolemanloukkuja,18
Jarrulta,18
Painellut,18
Roikkuneet,18
Arkkitehtuurilla,18
Muistettavaksi,18
Kuolataan,18
Tutkittaviksi,18
Koulutuksineen,18
Päivittymään,18
Grossly,18
Intentiota,18
Hemingwayn,18
Kostautuvat,18
Verbaalisesta,18
Palkkioina,18
Kaupannut,18
Ryntäisi,18
Apuakaan,18
Posliiniin,18
Raadilta,18
Sahaisi,18
Välittäjinä,18
Niskasaaren,18
Voileivällä,18
Aidostikin,18
Hyvitysmaksua,18
Kattausta,18
Herättäväksi,18
Miettineenä,18
Syntymäpäivänään,18
Heluna,18
Malignant,18
Valmentavia,18
Nännistä,18
Obscurity,18
Otosten,18
Kaavaillun,18
Järistyksiä,18
Pidennettyjä,18
Säilytystilat,18
18t,18
Luokituksista,18
Kertomiin,18
Syöksyssä,18
Rakastelee,18
Asennevammoja,18
Erityistehtavat,18
Väestönosalla,18
Maistattaa,18
Läksysi,18
Keihäillä,18
Käsitteistön,18
Raparperin,18
Legitiimiksi,18
Laskekaan,18
Natiainen,18
Nojatuolia,18
Kieltäytymässä,18
Kilohinnalta,18
Luotolta,18
Käsitykseksi,18
Tylsemmän,18
Kyseeseenkään,18
Palka,18
Muistelivat,18
Piiskalla,18
Eläisikin,18
Pressavaalien,18
Lingo,18
Syrjäyttävä,18
Laskusuhdannetta,18
Liiakseen,18
Ympäristöystävällisyydessä,18
Hehtaareita,18
Äänestäneiltä,18
Liitäntään,18
Perittyjen,18
Justifies,18
Matkustustapa,18
Pussukkaan,18
Ollessakin,18
Kattoneet,18
Haitakkeita,18
Aineenvaihduntatuotteiden,18
Juuttuneen,18
Jakautuessa,18
Valheisiinsa,18
Vaparin,18
Ääntelee,18
Sarjalaisia,18
Leikkaavia,18
Idiotismille,18
Päähänpistojen,18
Tekeleeseen,18
Tapaahan,18
Bragging,18
Vertailukohdetta,18
Ylipainonsa,18
Motivoima,18
Myönteisiksi,18
Fiaskoa,18
Paukutettiin,18
Intressejen,18
Puolellanne,18
Suomettua,18
Kirjainyhdistelmän,18
Mallissaan,18
Jacksonhinklle,18
Drizzt,18
Kivelän,18
Kulkusuunnassa,18
Painoihin,18
Taksijärjestelmän,18
Pyramidihuijaukseksi,18
Madridiin,18
Sarumanin,18
Monopoleille,18
Fetissistä,18
Järjestökentän,18
Lastaamisen,18
Hankaus,18
Valtiososialismia,18
Alinopeuteen,18
Hajanaiseen,18
Hankintapäätöstä,18
Aselainsäädännön,18
Lämmöltä,18
Hedbergistä,18
Ennakkopäätösten,18
Verkkosivuiltaan,18
Paahtuu,18
Tarmokkaammin,18
Itsekriittisesti,18
Puoella,18
Painotit,18
Vaientamiseksi,18
Postauksistaan,18
2fstreetviewpixels,18
2fthumbnail,18
Vääristymisen,18
Vakuumiin,18
4dea,18
Matalakuluiseen,18
Moikat,18
Ruskistunut,18
Yöjunassa,18
Pyörätelineiden,18
Puntarilla,18
Pesuohjelman,18
Karkote,18
Suklaalevystä,18
Ristiinnaulitsemaan,18
Ammattijohtajia,18
Marinadeja,18
Kuulemalta,18
Projisoimalla,18
Garlandin,18
Palkkasaatavat,18
Oikestoa,18
Rataverkosta,18
Näkemyksellesi,18
Aivopierujaan,18
Mahtavilla,18
Toimintakyvylle,18
Korkeapalkkaisilla,18
Seikkailtua,18
Lähettäjille,18
Siirtymisiin,18
Kurmottaminen,18
Siedettävämmän,18
Järjestäny,18
Mädältä,18
Ajettavaan,18
Väliinpitämättömiä,18
Rutinoituu,18
Paikeilla,18
Hievahtamatta,18
Helpottavalta,18
Satasiin,18
Kaipailevat,18
Viinapulloon,18
Kertyviä,18
Sähköään,18
Novelliin,18
Pesästään,18
Vakuuttelemassa,18
Lätkäjoukkueen,18
Alkoholina,18
Myötämielisempi,18
Jäljitelmiä,18
Maatkaan,18
Kyseenalaisuuksia,18
Lämmittäjänä,18
Piratoinut,18
Sisäfilee,18
Fleksata,18
Nähy,18
Autottomaan,18
Risteilijöitä,18
Soikin,18
Suojeltuna,18
Sisaruksien,18
Vasikoinut,18
Tilalleni,18
Naapurimaissaan,18
Homosaatiosta,18
Asettumatta,18
Vastakohdalta,18
Kamppailleet,18
Kehitysvammasta,18
Työnnettynä,18
Romauta,18
Sääskien,18
Sisäistämisestä,18
Keskinkertaiseksi,18
Murheeni,18
Innoittamina,18
Spesiaalin,18
Opiskelijakämppää,18
Sponsoroimana,18
Vaatimansa,18
Erikoisalasta,18
Vetoamiset,18
Kuuloketta,18
Tyotuomioistuin,18
Murskaamisesta,18
Aivottomaksi,18
Mussutettavaa,18
14kg,18
Vetovoimaisempi,18
Kulkeutuisi,18
Sjoe,18
Urheutta,18
Käyttämiäni,18
Ylittymisestä,18
Kiväärinsä,18
Lohkoketjusta,18
Vastaantulijaan,18
Kielisenä,18
Viivästyskorkoineen,18
Memoryfoam,18
Luovansa,18
Dokumentoidusti,18
Lorotella,18
Laiduntamiseen,18
Liikkumisenvapautta,18
Kassejaan,18
Penalttia,18
Väittelemistä,18
Lainaajille,18
Lupaavaan,18
Pyyhkäisyn,18
Kattoremontin,18
Triggeroi,18
Ylälauteella,18
Dekriminalisoinnille,18
Aineenvaihduntatuotteita,18
Riskirajat,18
14snt,18
Puhdistuvat,18
Kiinniotettavaa,18
Merkitsemällä,18
Tavakseen,18
Herättelisi,18
Vankkumatonta,18
Murtaisi,18
Läskimpi,18
Pientilallisia,18
Ilmatorjuntajärjestelmän,18
Erikoisalalle,18
Hoitosuositusten,18
Salpaa,18
_my,18
Vaihtajille,18
Pizzerioihin,18
Subventoitaisiin,18
Christogrozev,18
Kebuista,18
Piisata,18
Puhelinmyyntifirmassa,18
Erehdyttää,18
Oppivani,18
Kasvupyrähdys,18
Siemenillä,18
Käytökseesi,18
Rinteillä,18
Pyydystäminen,18
Tuhotessa,18
Viihdyke,18
Popularisoima,18
Hypyllä,18
Pyöräreitti,18
Rullaamista,18
Vääristyneesti,18
Järkäleitä,18
Kaukalosta,18
Katoamisia,18
Haparointia,18
Lihaksesta,18
Kalustaa,18
Maksaneeksi,18
Vähemmistöissä,18
Palvelijaa,18
Toiminimiyrittäjä,18
Tunnustamaa,18
Pahvilaatikoista,18
Vääräuskoisuudesta,18
Pitkävartiset,18
Peliriippuvaisilta,18
Myöhäisempiä,18
20kk,18
Vahvakin,18
Kikkeleistä,18
Mustanaan,18
Paola,18
Aukinainen,18
Spurgulta,18
Kähminyt,18
Kannanottojensa,18
Astumiseen,18
Kalatiskin,18
Kehityskulkuun,18
Alivoimalla,18
Kortinkin,18
Kyläksi,18
Kämmenessä,18
Savupaprikaa,18
Valitsemilla,18
Mieluisempi,18
Haukulla,18
Vilkaisten,18
Selväpäistä,18
Toimintatavassa,18
Rikosilmoituksilla,18
Äkkilähdön,18
Ylentävä,18
Keskenmenoa,18
Surkeammat,18
Esiintymisiin,18
Metalliosia,18
Kotiväen,18
Rynkyttää,18
Priorisoinut,18
Vesoja,18
Asuikin,18
Kyrsinyt,18
Automaattiseti,18
Paukuttelun,18
Väenpaljouden,18
Sivusuuntaan,18
Asennettavan,18
Rummuilla,18
Tummemmalla,18
Sumennus,18
Turpiini,18
Juoruamaan,18
Uuvuttamana,18
Jumiutui,18
Erisnimen,18
Luontaisetuja,18
Viestimisen,18
Jyystö,18
Bonuksille,18
Kulutettuun,18
Telttaillessa,18
Vuoreen,18
Havaitsevani,18
Liittyvänsä,18
Pitävältä,18
Ranuilla,18
Kielikorvaan,18
Kyljys,18
Polkasee,18
Synkimmistä,18
Mieltymyksistään,18
Ripaustakaan,18
Sanankin,18
Hyppysiin,18
Salaatinkastiketta,18
Tönöttää,18
Ylikuumene,18
Suuhus,18
Kaatopaikaksi,18
Terävässä,18
Brändäävät,18
Tarkoittaneensa,18
Epämielekästä,18
Viitteineen,18
Maksimoitaisiin,18
Menettäneistä,18
L2p12,18
Agedlikemilk,18
Juoruilun,18
Korpun,18
Valmistelulla,18
Takuuhuollon,18
Monopolies,18
Resurssoitu,18
Pestävää,18
Mettällä,18
62x39mm,18
Ruksimaan,18
Louhitun,18
Sijoittelemaan,18
Transfoobikoita,18
Subredditissa,18
Iltatoimet,18
Vähäpätöisin,18
Itkeneeni,18
Paistanu,18
Lumenluonti,18
Ärsyynnytään,18
Hankkiutumalla,18
Fantasialla,18
Kiihkoissaan,18
Vaistamissaannot,18
Hivuttaminen,18
Helpottuneet,18
Väärinymmärrykseltä,18
Laiskoilta,18
Panssarivaunuihin,18
Sotarikoksissa,18
Nuoleskeli,18
Vaihtoakkuja,18
Ikävämmästä,18
Pakastuu,18
Normikassalle,18
Vaaratilanteissa,18
Työpaikassasi,18
Työnhakuvelvoitetta,18
Pällitestin,18
Sopparille,18
Sukupuolielimillä,18
Sylkykuppeja,18
Avohaavaan,18
Heinästä,18
Puhjenneet,18
Pilaavaa,18
Enemmässä,18
Pyörikään,18
Provocative,18
Vaim,18
Leveily,18
Ohjatusta,18
Mittaisilla,18
Karensseilla,18
Opintovapaan,18
Tuupattua,18
Sensaatiohakuisesti,18
Härpäkkeistä,18
Kitkettiin,18
Normistoa,18
Seremoniallista,18
Tummuus,18
Öyhöttävän,18
Nutturalla,18
Paikkohin,18
Transitioitua,18
Meikannut,18
Tahtona,18
Kostui,18
Häviämällä,18
Mualle,18
Viisivuotiasta,18
Portata,18
Sesonkien,18
Leikkipuistoa,18
Istuimesta,18
Kipinöi,18
Bokseissa,18
Pintajännityksen,18
Softer,18
Kosahda,18
Oikomiseen,18
Trimmaus,18
Materiaaliapu,18
Valtavin,18
Touhuaan,18
Patsaisiin,18
Kupilla,18
Juodakin,18
Arvolatauksia,18
260km,18
Ulkoiluttamista,18
Suunnittelijalta,18
Morfiiniksi,18
Vahvistimella,18
Demonisoivaa,18
Omistamistaan,18
Riippuvaisuuden,18
Kirjanpidolliset,18
Kuormittuisi,18
Säälittävämpi,18
Settä,18
Tyollisyysrahasto,18
Äskeistä,18
Mfiles,18
Tekijänoikeussuojaa,18
L2p11,18
Harhakuvitelmassa,18
Ifstudies,18
Mainostella,18
Eläkevuosia,18
Eritettä,18
Fixin,18
Myötämielisemmin,18
Jalkapohjissa,18
Ajatti,18
Piileskelemään,18
Sähköpostipalvelimen,18
Niemimaasta,18
Moderointilinjan,18
Projektipäälliköitä,18
Henkilötason,18
Eriarvoistamaan,18
Tutkimusryhmässä,18
Tutkimusaiheen,18
Autentikaatio,18
Hoitovapaan,18
Paranemistaan,18
Transasioista,18
Kotiuttanut,18
Leikkauttamaan,18
Näyttelyiden,18
Mittoihinsa,18
Palkolliset,18
Laakia,18
Säyseitä,18
Vetämiselle,18
Tekohengityksessä,18
Liittokunnan,18
Koronnostoilla,18
Tavotella,18
Tiskikoneet,18
Työskentelevänsä,18
Pukeuduit,18
Uskomisessa,18
Kompaktisti,18
Ommeltiin,18
8x8,18
Denouncing,18
Kykeneväksi,18
Kaasuttamalla,18
Poikasensa,18
Hidastelijan,18
Kurnii,18
Tempasee,18
Invalidoida,18
Tienpätkää,18
L21,18
20vuonna,18
Tyydyttävältä,18
Asukkaatkin,18
Seksualisoiminen,18
Vulnerabilities,18
Juontuvaa,18
Ajokorteista,18
Tavattavissa,18
Soaring,18
Säätelemässä,18
Epärealistisilla,18
Metsiköissä,18
Teoriatunteja,18
Koordinoimassa,18
Antavaan,18
Pakkauksien,18
Empiä,18
Väitöskirjatutkijana,18
Opetusvideon,18
Ummistamalla,18
Tapilla,18
Renewed,18
Selvittyään,18
Kansalaisuudeton,18
Taktiikkaansa,18
Sanonnut,18
Vetoihin,18
Empatiakyvyllä,18
Vessanpöntöt,18
Availu,18
Varallisuuseroihin,18
Hepuille,18
L2p4,18
Silmäiltyä,18
Sairaalakäyntejä,18
Etumatkalla,18
Päättäviltä,18
Murtautumisesta,18
Napattaisiin,18
Stressittömästi,18
Hyödyntämässä,18
Verorahoistasi,18
Paskatöihin,18
Alaskin,18
Jaksoilla,18
Sähkötekniikasta,18
Downton,18
Lorut,18
Käymien,18
Katsomusten,18
Verrastaa,18
Elämäntaito,18
Valtaamisella,18
Verovirastossa,18
Alttiiden,18
Shanghaista,18
Rauhaansa,18
Häiritsevältä,18
Avaruudellista,18
Innostuneelta,18
Pelimekaniikkoja,18
Vinoutuneeseen,18
Puljaamista,18
Kainalossaan,18
Separatistialueet,18
Valikoimassaan,18
Liikennemäärillä,18
Jäähtyminen,18
Kaksinkertaistuvat,18
Tapaturmainen,18
Liittynyttä,18
Raitistuu,18
Peruslämpö,18
Solmimassa,18
Kauttarantain,18
Stevareita,18
Karkoittamalla,18
Lamauttamiseen,18
Hyvitetä,18
Puolittanut,18
Mihikään,18
Katkettua,18
Makuisina,18
Irtonaisen,18
Pakkauksilla,18
Kuivattiin,18
Ekstrapolointia,18
Lähetystölle,18
Kuvastanut,18
Krematorioita,18
Lenkkiin,18
Standupin,18
Noudattanu,18
Meiramia,18
Tunnistautumiset,18
Uusata,18
Jonkinasteiseksi,18
Kaivettavissa,18
Hallitsemalle,18
Nahistelemaan,18
Yksiköiksi,18
Uhriutuvia,18
Unensa,18
Sumeni,18
Päiväannoksen,18
Osamaksusopimus,18
Hämärtyessä,18
Energiamuodoksi,18
Kiireisintä,18
Lukisikaan,18
Elävöittäminen,18
Talouttasi,18
Juin,18
Pitsansa,18
Tiuskimista,18
Motivaattorin,18
Ansaitsikin,18
Veroiset,18
Kiintopisteen,18
Pysyvämmän,18
Zürichin,18
Julkinenkaan,18
Vaihtelussa,18
Porailemaan,18
Haluilla,18
Lähikuppilassa,18
Kesätyöpaikkaan,18
Tappajalle,18
Perustasoon,18
Hankinnalta,18
Raskaustestin,18
Lindqvist,18
Pohjattomasti,18
Kanaaliin,18
Noses,18
Pullonkaulojen,18
Lopetettavan,18
Teurastavat,18
Riippuvaisemmaksi,18
Valtiohin,18
Maskotiksi,18
Sijoitettavan,18
Satunnaiskoe,18
Johtanutkaan,18
Laktoosittomana,18
Esityksessään,18
Valvottavaa,18
Stressihormonien,18
Hämärtämistä,18
Kansanperinteestä,18
Tehtäsiin,18
Ratsastavaa,18
Kytevän,18
Deittisovelluksessa,18
Rioters,18
Koruihin,18
Mikroaaltouuneja,18
Älykkäimmistä,18
Aikakausilehti,18
Viljelykset,18
Arvokysymystä,18
Pussukat,18
Lässyttänyt,18
Herättävästi,18
Määränkin,18
Turtuvat,18
Nurinperin,18
Kelasi,18
Aseenkantoa,18
Navassa,18
Potentiaalissa,18
Tunnistimen,18
Muuttujille,18
Erikoisominaisuuksia,18
Piinallisen,18
Lukinneet,18
Paskafirman,18
Elaketurva,18
Etapin,18
Otuksilla,18
Omassasi,18
Uhriutujien,18
Smusx8airyy,18
Sähkölaitoksia,18
Höyrähtänyt,18
Voivaa,18
Arvontoja,18
Eläkeikäisenä,18
Lounarilla,18
Laskettelee,18
22opacity,18
Kulkueista,18
Setvimistä,18
Pikkusiskolle,18
Päällekkäisen,18
Rakennusprojekteissa,18
Kehuit,18
Rimpuile,18
Naulalta,18
Ovellasi,18
Täsmennettiin,18
Touhuat,18
Viskaamaan,18
Pääomitus,18
Tyrmäisi,18
Sukupuolenkorjausleikkauksen,18
Laadukkaampana,18
Herjannut,18
Tekemisis,18
Elämisenä,18
Selvinpäinkään,18
Antipsykootti,18
Maalailleet,18
Optimaaliseksi,18
Empaattisuutta,18
Karisemaan,18
Viruksena,18
Kuittailin,18
Tukitehtäviin,18
Pysäyttämäksi,18
Uskomassa,18
Kyvyttömänä,18
Veljeilevät,18
Korvatut,18
Vesihuoltoa,18
Diabeetikolle,18
Sixpäkkiä,18
Lähtöajan,18
Puserrettua,18
Kiemuroihin,18
Duunannu,18
Toivovatkin,18
Ostajaksi,18
Nälkäkuolemalta,18
Tekstiileihin,18
Nauttijat,18
Passiivisagressiivisesti,18
Tournaments,18
Hätkähdytti,18
Puolivalmisteet,18
Koskekkaan,18
Agitoivat,18
Sisarukselle,18
Perustuvalta,18
Ojentavat,18
Kehuen,18
Päivähoitomaksuihin,18
Sijottuu,18
Nettiliikenne,18
Valvottavaksi,18
Rapsuttelu,18
Valtionuskonnoksi,18
Tietyst,18
Muovikasseihin,18
Ulkonäköösi,18
Magneeteilla,18
Saavaan,18
Knoppeja,18
Nelikymppiselle,18
Mielekkäiden,18
Kannustavalta,18
Puoluepoliittisista,18
Lohkoina,18
Sinisilmäiseltä,18
Lykättäisiin,18
Kaarteen,18
Hiljentäisi,18
Kolareihin,18
Minimoituu,18
Motareille,18
Viimetippaan,18
Porteilta,18
Töötin,18
Noudattavalla,18
Pohjanmaalaisen,18
Vastaantulevasta,18
Hienostuneempia,18
Mustelmille,18
Linnanmaa,18
Edettäisiin,18
Ruhjeilla,18
Uskotellen,18
Kotamäki,18
Katolilaisuuteen,18
Esimiehelleni,18
Sisuksissa,18
Virtanapin,18
Hakuinen,18
Aamupäivänä,18
Noutopistettä,18
Fanfictionia,18
Vanhentuneilla,18
Palautumiselle,18
Muutoskatsastaa,18
Rempannut,18
Käärityt,18
Tiskipöytä,18
Gentrifikaatiota,18
Pysäytetyksi,18
Ylilyönniltä,18
Tunkeilevaa,18
Vierastanut,18
Halvaantumisen,18
Kuluerästä,18
Edustajistoa,18
Draghin,18
Elämäntapaani,18
Painokelvotonta,18
Säätöö,18
Konsultoivat,18
Satuu,18
Discusses,18
Eläkevakuutukset,18
Lämmittään,18
Miehellekin,18
Vasteajalla,18
Ruokittava,18
Edustajakin,18
Katsojilleen,18
Kirkkaanpunainen,18
Huoltiksella,18
Suorittajana,18
Uutisartikkeliin,18
Kaupittelu,18
Kansanmurhaajaa,18
Ymmärsitkin,18
Sammuttaisi,18
Sissään,18
Leveänä,18
Sivumpaan,18
Jyräämäksi,18
Miljardööreiltä,18
Varmistavan,18
Vaimentamiseen,18
Itärintamasta,18
Kansilla,18
Utö,18
Vaiennettiin,18
Valintoihinsa,18
Persekuvia,18
Ilmottais,18
Rasvaprosentilla,18
Punnitsemiseen,18
Hiilivoimalasta,18
Joukkosurmaa,18
Oppimisympäristöä,18
Taaempaa,18
Kouluajalta,18
Coveria,18
Avaajana,18
Analyysinsa,18
Miehistyä,18
Levittämän,18
Aikakausilla,18
Pomoaan,18
Toiveitasi,18
Ylilento,18
Sarjoittaa,18
Epäolennaisuuksia,18
Rehussa,18
Hyväksytyissä,18
Tuotantokäyttöön,18
Metsästellä,18
Kurinalaisia,18
Inflaatiopainetta,18
Satoisuus,18
Viivästyskorkoja,18
Konstigin,18
Jätepiste,18
Liikauta,18
Pilvenpolttajat,18
Banaaninkuoria,18
Dyykattu,18
Matkatavaran,18
Törkeimmän,18
Puolustuspuheenvuoro,18
Tarhaaja,18
Pistettävän,18
Unpredictable,18
Flirttailevaa,18
Verohyötyjä,18
Liittolaistaan,18
Viettejään,18
Kaksoiskansalaisille,18
Tuontantoa,18
Tekotapaan,18
Mättöjä,18
25dl,18
Deittailevat,18
Sähkölinjan,18
Kuluttajahintaindeksiin,18
Nykyisilläkään,18
Latureihin,18
Kilometreinä,18
Yksikköinä,18
Tuontirajoitukset,18
Euromäärällä,18
Puolisoonsa,18
Lausahti,18
Tunkeilijan,18
Yhteisien,18
Kotteron,18
Paskavaltiot,18
Harjoitettaisi,18
Kotikylänsä,18
Puolustaville,18
Parkkialueet,18
Intiimimpi,18
Syrjivällä,18
Haukunnan,18
Reagoitaisi,18
Viuhui,18
Laajemmallekin,18
Helkkariin,18
Haaveille,18
Veronkorotuksella,18
Boikotointiin,18
Syötäis,18
Toisinajattelijoista,18
Telkut,18
Tukipiste,18
Passiteta,18
Rivipoliisien,18
Jaloissaan,18
Viettelevästi,18
Kuseksimaan,18
Viititä,18
Äärikonservatiivien,18
Kiikuttaminen,18
Panelit,18
Mättään,18
Hormissa,18
Kiteitä,18
Asutuista,18
Lyttäämällä,18
Säällisen,18
Argumentointivirheestä,18
Hauraiden,18
Ukrainska,18
Olennaisimmista,18
Kumileimasimia,18
Pikkukauppoja,18
Gunviolencearchive,18
Nollakorkoista,18
Ilotyttö,18
Laimentamalla,18
Nimikkeisiin,18
Suomenneta,18
Muinkin,18
Vääräuskoisuus,18
Styroksista,18
Alapeukuttamaan,18
Etukateen,18
Ehdottais,18
Reissattu,18
Kanteesta,18
Demilitarisoida,18
Osallistumisena,18
Pistokkeessa,18
Kurssituksia,18
Vievällä,18
Osarin,18
Kuuntelukertaa,18
Brändäytyä,18
Väitelauseita,18
Valtaoikeuksiaan,18
Vaivannäköön,18
Kyrpäänsä,18
Hyvinvointialueisiin,18
Alaisesi,18
Listahinnasta,18
Koristetta,18
Ennakkokäsitysten,18
Ennusteena,18
Ilmastodenialismin,18
Tohkeissani,18
Eskaloimatta,18
Uskaltautuisi,18
Iltasi,18
Raaistuu,18
Käkisalmen,18
Hekumoivat,18
Elinkeinonvapauteen,18
Prospektit,18
Ongelmallisille,18
Muistiaan,18
Miettineen,18
Ilmavalvonnan,18
Kiusaamistarkoituksessa,18
Puolueellisella,18
Kurkistella,18
Teroitus,18
Äänestysalueita,18
Luotiliiviä,18
Perusperiaatetta,18
Hikisestä,18
Tottelemista,18
Tossukka,18
Tassuihin,18
Kuluttajatuote,18
Seniiliksi,18
Kolleegoille,18
Kekoa,18
Kulttuurisissa,18
Huutokauppoja,18
Kiusattavana,18
Ylilyönnistä,18
Isommaks,18
Tiemerkintöjä,18
Arvotuksia,18
Kokoelmaansa,18
Oikeanlaiseksi,18
Vehjes,18
Puolustavalle,18
Oksentamiseen,18
Liikuttamatta,18
Romauttaisi,18
Agreeing,18
Todentamista,18
Lukeutuvan,18
Silmälääkäriin,18
Ilmastoaktivismin,18
Hupirahaa,18
Nostellessa,18
Ratkaisekaan,18
Väreille,18
Vaylista,18
Puolensakin,18
Säätelemiä,18
Viihdykkeenä,18
Voivien,18
Tär,18
Väestönkehitystä,18
Yleisöäänillä,18
Loputtomaksi,18
Henkilötyövuodella,18
Aajoo,18
Leijonanosaa,18
Vatipäistä,18
Nimitetyt,18
Kaksinkertaisia,18
Hamstraamisen,18
Teräsniskan,18
Polttavasta,18
Soinivaara,18
Hölisee,18
Ratkaistaisi,18
Alemmaks,18
Riskeeraten,18
Lähettäkö,18
Pelottaan,18
Postamaan,18
Järjettömyyksistä,18
Vaarallisempaan,18
Hassutteluun,18
Aijotaan,18
Kilpailuttaisi,18
Ruikutuksen,18
Asennoidutaan,18
Koulukoteihin,18
Märinää,18
Sonnalle,18
Maksuineen,18
Siiloissa,18
Vanessa,18
Sänkyy,18
Äijäporukka,18
Myytyihin,18
Prakaamaan,18
Nuclearsecrecy,18
3vuoden,18
Diktaattoreihin,18
Mielettömyydestä,18
Tyoolot,18
Hankittaisi,18
Kostumaan,18
Hääräsi,18
Hampaattomuus,18
Ristinollaa,18
Valikoineet,18
Yhtäläisestä,18
Kausityötä,18
Researched,18
Maailmanlopussa,18
Koristeltuna,18
Anecdote,18
Suulta,18
Hitaisiin,18
Karkotuksesta,18
Vaatiakaan,18
80min,18
Väänneltyä,18
Alkoholiongelmaan,18
Järjestävälle,18
Nojasivat,18
Kortemme,18
Ajanvietteen,18
Liittoutumassa,18
Suuruisista,18
Riistäen,18
Aikaisemin,18
Luiskalla,18
Käytöistä,18
Päiväbudjetilla,18
Tehtävänantoja,18
Peurakantaa,18
Areenoille,18
Jakautuneempi,18
Painvastoin,18
Lankaasi,18
Kaadettujen,18
Ennakkokäsityksiin,18
Kartoitukseen,18
Halaamisesta,18
Sinkoaa,18
Viitteissä,18
Kantamalle,18
Takapuskurin,18
Vakiintunu,18
Tyrineet,18
Väkivallantekoon,18
Kuumaks,18
Pamahtelee,18
Vuorotöiden,18
Otitkin,18
Järjestetyllä,18
Kaveripiireistä,18
Energiaköyhyyteen,18
Sotilasvoimaa,18
Inhoten,18
Lätisemään,18
Muoviläpyskä,18
Isältäsi,18
Stressais,18
Spielbergin,18
Riippuvaisista,18
Valtablokkien,18
Kansanperinteeseen,18
Yliotetta,18
Hiisata,18
Juustohampurilaista,18
Luistellut,18
Kotiseuduilla,18
Spedejen,18
Pidettäessä,18
Idioottimaiseksi,18
Pakotien,18
Lajini,18
Viidakkoveitsen,18
Aseveli,18
Hermeettisesti,18
Romahtamatta,18
Parisuhdemielessä,18
Kolmivuorotyöstä,18
Hillitsemässä,18
Järkeistämisen,18
5miljoonan,18
Ainejärjestössä,18
Hyväksensä,18
Murhaamaksi,18
Stereotyyppiseksi,18
Harkitulta,18
Ikosen,18
Mömmöissä,18
Spliffin,18
Auktoriteetteina,18
Ruinaamassa,18
Kehitysavuksi,18
Menestyneenä,18
Kermaperseille,18
Metiköissä,18
Tappako,18
Seikkaillessa,18
Kantautuva,18
Pommeilta,18
Invaliidi,18
Mainitsemattomia,18
Syntymäajasta,18
Meniskään,18
Vihkosta,18
Hiilivarastoja,18
Luumuhilloa,18
Edustavuutta,18
Aiheuttavansa,18
Ostosreissu,18
Kirjoitustaidot,18
Vuorokaudet,18
Tuplautuu,18
Hajuaistia,18
Suurperhettä,18
Kommentoidakin,18
Rahasti,18
Empatiakykyinen,18
Suorittavana,18
Määrittäessä,18
Markkinoidun,18
Tummanruskea,18
Bokseista,18
Muutettuja,18
Vikkelää,18
Pienituloisempia,18
Junailevat,18
Sanayhdistelmä,18
Intellektualismia,18
Työkaveriani,18
Seesteisen,18
Sähkölämmitteisiä,18
120min,18
Arvuuttelee,18
Kaljoittelua,18
Näivettäminen,18
Älykkyyseroja,18
Mummuja,18
Pahkaa,18
Hiipuneet,18
Määrällisestä,18
Eksänsä,18
Portaaleja,18
Oivallukseen,18
Öyhöä,18
Spelar,18
Kikkakolmonen,18
Räyhäämässä,18
Jämptiä,18
Suuntautunutta,18
Mittaamattomasti,18
Uhkatekijä,18
Annostelemaan,18
Liittolaisiksi,18
Raudoista,18
Maksuvälineet,18
Livennyt,18
Teippauksia,18
Lohdutonta,18
100th,18
Kammattu,18
Terveystarkastuksiin,18
Asennellut,18
Vakaalle,18
Mustaihoisista,18
Ennakkoluuloissa,18
Elitistisesti,18
Sokerittomaan,18
Hapettomassa,18
Tummaihoiseen,18
Henkilötietojani,18
Leirikyrvän,18
Sumuttamisesta,18
Traction,18
Hätkäytä,18
Kertaakin,18
Osasyylliseksi,18
Ylpeilemään,18
Maksetulle,18
Toimialue,18
Täyttyisikään,18
Luontevaksi,18
Loppumattoman,18
Tuulipuisto,18
Hinnoittele,18
Ryystäen,18
Verorahojasi,18
Myyttinä,18
Jyystämään,18
Aikapommin,18
Turhempiakin,18
Paulossa,18
Ratkomiseksi,18
Kahvitteluun,18
Dataani,18
Solmita,18
Vastaaman,18
Rikkaasti,18
Lataukselle,18
Hakemiselta,18
Heteropareille,18
Sopimiseksi,18
Urakalta,18
Verotus_hintakehitys_ja_liikennemenot,18
Joulusaunaan,18
Huononnuksia,18
22p,18
Ympäristössäsi,18
Paisumisesta,18
Nostamia,18
Kuluttajasuojaan,18
Syöttöliikennettä,18
Pienentymiseen,18
Kertalipuilla,18
Hyvävelikerholle,18
Redditoreita,18
Nollatutkimuksia,18
Sotilasmahtia,18
Digitoituna,18
Screens,18
Hyväuskoisena,18
Vietettyyn,18
Kuluisivat,18
Puhaltamisesta,18
Merenpintaa,18
Meninkiä,18
Sammutukseen,18
Liittyma,18
Kaksinkertaistamista,18
Raiskattavana,18
Ruohikkoa,18
Astunu,18
Samanhintaisen,18
Vuoristoista,18
Epätodennäköisemmäksi,18
Ohjelmistoonsa,18
Traditioiden,18
Vähemman,18
Mitattuun,18
Pienentäisivät,18
Visuaalisuuden,18
Yhtenäisiksi,18
Pakara,18
Vahingoittaneen,18
Louhinut,18
Ärsytetä,18
Risteytyä,18
Lähetettävien,18
Erikoisina,18
Tovereineen,18
Imperialistiseen,18
Kaljuuntua,18
Sopukoihin,18
Ystävystymään,18
Närästä,18
Juhlistettiin,18
Komiteoissa,18
Hölläämään,18
Romahtamiselle,18
Itsesäätelyä,18
Nurjan,18
Petoksiin,18
Kirpaisemaan,18
Pätkätyöhön,18
Leppävirta,18
Vauhkoamista,18
Säällinen,18
Sattumanvaraisista,18
Omimiseksi,18
Dubattua,18
Karsina,18
Hyväksytylle,18
Jannuna,18
Haapalaa,18
Agitoimaan,18
Selventämässä,18
Avaimillaan,18
Suomeksikaan,18
Flyckt,18
Hyväksikäytettävää,18
Hervottomia,18
Tarjoustaan,18
Viisaammalta,18
Tallomista,18
Suojakilpi,18
Työnantajastaan,18
Dreamstime,18
Tyoehtosopimukset,18
Nollasoppareita,18
Arvostavalle,18
Alennuksena,18
Ajatusmaailmojen,18
Neitsyyteni,18
Velanotolle,18
Johtunevat,18
Tarkistavan,18
Kodinhoitajan,18
Kalpeaksi,18
Ihmisvastainen,18
Toteamasta,18
Sähkönkäytöstä,18
Sahkonkulutus,18
Hämmentyneinä,18
Kiireisesti,18
Vaimoltaan,18
Haettavaa,18
Omavaraisempi,18
Yliopistokaupungista,18
Näkösesti,18
Neljäkymppisenä,18
Ntsc,18
Posliinikaupassa,18
Kertakäyttömuotia,18
Heitellessä,18
Retkille,18
Häiriötekijöiden,18
Hankaloitunut,18
Muistitikulta,18
Kulottaa,18
Normaaliuteen,18
Panimossa,18
Aggressivisia,18
Terveydellesi,18
Lahoamassa,18
Kuormittavista,18
Kopsannut,18
Liikakulutuksen,18
Ydintehtäviinsä,18
Sellaisellekin,18
Laulaan,18
Kommentaattoreiden,18
Vaikutusyritys,18
Haitanneen,18
Vainoajat,18
Kuolemana,18
Lumipyryn,18
Tarkasteluväli,18
Kattaakin,18
Tehdy,18
Juomingit,18
Äkkinäisen,18
Luonnottomasti,18
Eläköitymistään,18
Swept,18
Lahjakkailla,18
Varjeltava,18
Koulusysteemin,18
Nimissa,18
Redpilled,18
Änkyräkonservatiivin,18
Journalismina,18
Lutheria,18
Ylittäneistä,18
Infastruktuuri,18
Vaitetaan,18
Erityiseltä,18
Kommentaattorin,18
Tuulisi,18
Kulkulupa,18
Viihdyttämiseen,18
Pönikkä,18
Mobiilisovellukseen,18
Verotulonsa,18
Tutkista,18
Tuntuiseksi,18
Kuritushuoneelle,18
Talousarviosta,18
Menojani,18
Turvallisemmasta,18
Eriluokkaa,18
Aplikaation,18
Hormonihoidolla,18
Myonsi,18
Siikalan,18
Vesilinnut,18
Lyhyilläkin,18
Tulemiseksi,18
Taivuttu,18
Kanssakäymisistä,18
Tekijöitten,18
Raudoitus,18
Rintamamiestaloja,18
Lisälaskun,18
Korreloisivat,18
Datayhteys,18
Behaviours,18
Joukkotuhonnasta,18
Suitsimista,18
Nykymuotoisena,18
Vetäjistä,18
Ohjeistustaan,18
Eläinlajeissa,18
Ehdottamaani,18
Ihmetyttaa,18
Superlatiiveja,18
Alkuvaiheesta,18
Sullomaan,18
Luennointia,18
Ylisuorittaa,18
Haiskahtamaan,18
Saikuttavat,18
Joakimin,18
Muistonsa,18
Talousrikoksen,18
Sähkölämmityksestä,18
Pientaloaluetta,18
Kauppatavaran,18
Lämpöiseen,18
Sivuvirta,18
Epätäydelliseen,18
Uutissykli,18
Leirintäalueelle,18
Kiihdytyksellä,18
Vaikeutumisesta,18
Vähenemistään,18
Visioitaan,18
Sundman,18
Roikkujia,18
Happipitoisuus,18
Julistavan,18
Kuittaavan,18
Veneilystä,18
Kärsiin,18
Kakkaavat,18
Ihmislapsia,18
Etoa,18
Jumalaisesti,18
Kapitalismilta,18
Valtaamasta,18
Mustijamirri,18
Neutraloimaan,18
Terveellisimpiä,18
Teroitettiin,18
Aikeisiin,18
Paganism,18
Vastustavalla,18
Selibaattiin,18
Ctvnews,18
20above,18
त,18
Weissin,18
Makkaranpaloja,18
Otantoja,18
Sijoitetuilla,18
Kehitysyhteistyo,18
Harhaiselle,18
Vilisevä,18
Ajateltaessa,18
Palkitsemisessa,18
Kovatuloisten,18
Sumaa,18
Laantumista,18
Tuskani,18
Fruktoosisiirappia,18
Husseinia,18
Orjuuttamalla,18
Edustajistaan,18
Filmiltä,18
Sähköyliherkkyydestä,18
Äitiysvapaat,18
Vankkureilla,18
Puukottajalle,18
Plagiaattia,18
Epäterveellisenä,18
Tyontekijoita,18
Globalisoituu,18
Ilmastotieteilijöiden,18
Takaisinsoittoa,18
Kaapi,18
Polvisen,18
Himmeleistä,18
Ykkonen,18
Allekirjoittavan,18
Pomoilleen,18
Vihaamani,18
Vähempiarvoisten,18
Temmatuilla,18
Keskustelmaan,18
Kokoseen,18
Hyppypotkua,18
Tjkt_2017_01_2018,18
Avustuskohteet,18
Kurkkunsa,18
Diplomaattisiin,18
Perushoidon,18
Kakkapusseja,18
Unregulated,18
Perityillä,18
Työllistäen,18
Köytännössä,18
Sijaitsevalta,18
Huhuun,18
Inuiitteja,18
Luontaisiin,18
Pläkki,18
Tarpeettomuutta,18
Somenäkyvyyttä,18
Reippaanlaisesti,18
Tahattomaan,18
Katsottavat,18
Suostumusperusteiseksi,18
Vuokraakin,18
Noukkivat,18
Hupeja,18
Auttaisikaan,18
Ylläpidettävänä,18
Autoihmisiä,18
Residing,18
Hyvaksy,18
Toteuttamiskelvottomia,18
Puollustetaan,18
Vaikeutumisen,18
Venkulointi,18
Ilmastopakolaisuutta,18
Savupiipuista,18
Koskenniemen,18
Radikalisoitumassa,18
Sivistänyt,18
Murhamiesten,18
Ideologiastasi,18
Ehdottelet,18
Jalostaneet,18
Rikkojaa,18
Tbic1lzqiaw,18
Näpäyttämällä,18
Kannate,18
Buuattiin,18
Markkinatutkimus,18
Öljyksi,18
Saastuttamalla,18
Pahetessa,18
Mielettömältä,18
Öljyvaroihin,18
Elämäntarinan,18
Silittämässä,18
Koukuttavampia,18
Lentelyyn,18
Rosteripannu,18
Googlaavat,18
Julkas,18
Poistamiset,18
Heikennyksiin,18
Matkustamasta,18
Työhistorialla,18
Rikosuutinen,18
Talousvaikeuksien,18
Resursseistaan,18
Puhtaampiin,18
Baarimikkoa,18
Pajapäät,18
Täytäntöönpanossa,18
Samankokoisiin,18
Hämmentävämpää,18
Intelligible,18
Kehityshäiriöksi,18
Kestämättömiin,18
Ryönä,18
Amp_js_v,18
Amp_gsa,18
Sotkuissa,18
Ehdokkaidensa,18
Päättötyö,18
Kyykyttäjä,18
Yksityista,18
Äänestyslappuun,18
Rampautunut,18
Suojalle,18
Muuttopainetta,18
Vaaleanpunaisesta,18
Erikoisjoukoille,18
Elopainosta,18
Liikuntavammainen,18
Verkkokaupoilla,18
Nurmiporat,18
Ulkokuoreen,18
Namiskat,18
Penkomiseen,18
Työmatkallaan,18
Arvostavana,18
Maksavissa,18
Sanelupolitiikkaa,18
Kutenkaan,18
Videopelaamisen,18
Saattanutkin,18
Taistelijoilla,18
Opintotukiaika,18
Kontillisen,18
Lihasmassasta,18
Mätänemistä,18
Soittaneensa,18
Hepuilta,18
Tiliotteella,18
Yleishyödyllisyyttä,18
Viranhaltijaa,18
Temppeleissä,18
Kilpakumppanit,18
Kuvaillen,18
Stems,18
Hörähdyksen,18
Osajoukkoa,18
Tehottomina,18
Estävien,18
Tilallaan,18
Uscode,18
Pyrkiväni,18
Ylivertaisella,18
Mainoskuvissa,18
Pivotoida,18
Vastikkeissa,18
Avattuun,18
Infonnut,18
Likkoja,18
Kädettömänä,18
Tasaamisesta,18
Toimineista,18
Kertoilemaan,18
Sukupuolikäsitys,18
Vihamielisemmäksi,18
Selkämme,18
Seisokissa,18
Saapuvilta,18
Vuodatettua,18
Arvonlisään,18
Terroristiryhmät,18
Kotoisia,18
Kuumentavat,18
Junioritason,18
Erityispiirteiden,18
Heini,18
Torsoon,18
Kirjoittajiin,18
Rajaseuduilla,18
Materialistisesta,18
Mukulalle,18
Kuluis,18
Veroluokassa,18
Joudukkaan,18
Neuvostasi,18
Turvaverkosta,18
500h,18
Liimatut,18
Tavastani,18
Peesaamaan,18
Palvelupisteeseen,18
Heilutteleva,18
Vaativilta,18
Elinvaurioita,18
Ohjaimessa,18
Ihmetekoja,18
252c_,18
Rakastaneet,18
Feynmanin,18
Asvaltille,18
Kireämmäksi,18
Painavuutta,18
Kovalevyyn,18
Monistamaan,18
Katsoisikaan,18
Nietokset,18
Vilisemään,18
Palkinnonkin,18
Yhteisoveron,18
Huomannutkin,18
Kartuttavat,18
Sparraamaan,18
Kohillaa,18
Striimauspalvelua,18
Kykenemättömänä,18
Alkoholikulttuuriin,18
Keskiluokkaiselta,18
Konettaan,18
Matolaatikko,18
Riskienhallinnasta,18
Huidotaan,18
Linkitellä,18
Epäluotettavin,18
Erityisjärjestelyin,18
Rahtuakaan,18
Nopeusrajotuksen,18
Uikuttamaan,18
Määrääminä,18
Alkuperaistutkimukset,18
Lajittelukeskus,18
Pidettäviksi,18
Käyttöäsi,18
Löydettäis,18
Kirjautumisessa,18
Paikkailu,18
Oiottua,18
Jarjestaminen,18
Hyveisiin,18
Vaihdattamaan,18
Pamputtamassa,18
Taittanut,18
Tieverkostoon,18
Ohimoilta,18
Tu_quoque,18
Myyrien,18
Suunitellut,18
Valittaessaan,18
Carterin,18
Kidnappasi,18
Kattavalta,18
Mieleisiään,18
Laihuudesta,18
Suunnatulta,18
Tienattaisiin,18
Downvotetettu,18
Vajaavaisia,18
Runsautta,18
Maitotuotanto,18
Worstonlinedater,18
2ddf370a6e9a,18
Tarjoaviin,18
Arvoistavaa,18
Sankoa,18
Maallikollekin,18
Kaduntallaajien,18
Puutteitaan,18
Valtiossaan,18
Nekää,18
Tyottoman,18
Hillutaan,18
Varallisuudellaan,18
Varoituskyltit,18
Evidenced,18
Häviäkään,18
Kadmiumia,18
Kuvailemia,18
Hanaveteen,18
Kritisoiville,18
Kenetkin,18
Kauhistelijat,18
六四天安門事件,18
Dafa,18
Tyrmääminen,18
Lähettämiselle,18
Höpöhöpöön,18
Raakuuteen,18
Partalapsista,18
Määrittäisivät,18
Menijää,18
Fantasiaansa,18
Kokoontumispaikkoja,18
Hylkiöt,18
Stereotypistä,18
Nahden,18
Humanitaarisena,18
Palkkaisessa,18
Etujeni,18
Kehitysprojekteja,18
Hankkineita,18
Doctoral,18
Framatome,18
Vesittyisi,18
Unlawfully,18
Pahoiteltu,18
Muunnettiin,18
Tulosteena,18
Stabilointiaineet,18
Kirjoituspöydän,18
Höynäytettävissä,18
Harmistuksen,18
Omenista,18
Valonnopeudesta,18
Paukuttelusta,18
Indoktrinaatiosta,18
Karismasta,18
Tietokoneellaan,18
Silmittömiä,18
Puhuttukkaan,18
Piuhalle,18
Miellyttävyyden,18
Lined,18
Polttoja,18
Voittoprosentit,18
Duuniksi,18
Köröttelen,18
Käsivartensa,18
Ideologisina,18
Putkinäköistä,18
Länsimaalaiselta,18
Asianmukaisena,18
Kyseenalaisina,18
Tapahtumissaan,18
Myöntämien,18
Tontillasi,18
Luntakaan,18
Lähetystöjä,18
Korkkaamaan,18
Palvelukseensa,18
Mielenkiintosi,18
Ydinteknologiaa,18
Liuskat,18
Uskonkappale,18
Märäks,18
Rauhanomaisena,18
Ennusteensa,18
Suututettua,18
Jättäneistä,18
Jököttää,18
Terminsäkin,18
Käyttämälle,18
Seikkaperäisen,18
Kritisoijista,18
Peräkkäinen,18
Rajoittavaan,18
Henkilöbrändiä,18
25m2,18
Kiihottamiset,18
Tapaile,18
Inhimillistämistä,18
Kapasiteettisi,18
Yksivuotiaana,18
Maksukyvyttömiä,18
Argumenttejakin,18
Huomattaviin,18
Paapomisen,18
Pystytyksen,18
Puhaltamisen,18
Crab_mentality,18
Maalliselle,18
Variantissa,18
Rasittavuuteen,18
Ääntävät,18
Julkisuuskuvalle,18
Valvontaoikeuksia,18
Puolivuotinen,18
Tuntenutkaan,18
Esitettäessä,18
Rikkoneeksi,18
Muuttavasi,18
Mellakkapoliisia,18
Hierarkisessa,18
Sanonukkaan,18
Lupaamaansa,18
Mahdollistaakin,18
Pöhisty,18
Suunnannäyttäjänä,18
Sivultaan,18
Vuokrakuluja,18
Jäsenmaksuun,18
Suuttumisesta,18
Comprising,18
Yrittäneitä,18
Lukiopaperit,18
Kiihtymisestä,18
Duunarinkin,18
Jemmasta,18
Arvonlisäyksestä,18
Jenginä,18
_sacat,18
Historiaksi,18
Ikähaarukalla,18
Palkintopallilla,18
Idealistiseen,18
Lähteneensä,18
Tuotteitakin,18
Etuilemaan,18
Naispuoliseen,18
Markkinavuokria,18
Erkaantumaan,18
Arvatakseen,18
Kokoamisessa,18
Hinnoteltu,18
Valikkoa,18
Asujilla,18
Merkitsevin,18
Menetyksillä,18
Koristeltua,18
Yhtäläiseen,18
Pelossaan,18
Litovskin,18
Sävyttää,18
Deadlineä,18
Kansioissa,18
Loukkaamattomuuden,18
Hasnt,18
Murtamisessa,18
Liikennejärjestelmä,18
Talonpojalla,18
Metsästäen,18
Vahittaismyynti,18
Ollessaankin,18
Lautakuntiin,18
Uskaltaakin,18
Ajatuspoliiseja,18
Häätäisi,18
Uuvuttavia,18
Vapaaehtoistyo,18
Vihjailevan,18
Reidelle,18
Naksutella,18
Tehottomammaksi,18
Luuleva,18
Konsulttifirmalta,18
Kerhonsa,18
Väärinymmärtämällä,18
Valheina,18
Aivokemiallinen,18
Ostoksistasi,18
Hengestäsi,18
Julkaisemisella,18
Ihmisvihamielisiä,18
Reviirillään,18
Työtoverien,18
Tsemppaavat,18
Radiotoiminnan,18
Arabikulttuurin,18
Lapsosille,18
Tullannut,18
Integroituivat,18
Kymppitonneihin,18
Köhää,18
Harjoitteluna,18
Lupakirja,18
Pihville,18
Kielivähemmistöjä,18
Kiinnitettävää,18
Äänestäneeksi,18
Julkitulo,18
Epämiellyttäviksi,18
Dubatut,18
Nelikenttään,18
Myyntivaltteja,18
Metalliromua,18
Agnico,18
Proomuilla,18
Asas,18
Vastustaakseni,18
Tuuhonen,18
Hoitoaineen,18
Maksuhairiomerkinta,18
Raportoitaisiin,18
Valtana,18
Tulitauosta,18
Alkaisivatkin,18
9d4db9f7,18
A01b,18
8fcb47f16ccf,18
Pestillä,18
Lääkkeellisesti,18
Lohduttavat,18
Keppihevosta,18
Keskeyttämättä,18
Terveyskyla,18
Rinnallesi,18
Kulttuuritapahtumissa,18
Säästeliäämmin,18
Filatovin,18
Lellit,18
Kestäneiden,18
Pohdinnoilla,18
Kiekalla,18
Talouspolitiikkaansa,18
Perustuet,18
Pirstaloitua,18
Talousoikeistoon,18
Laajentamisella,18
Lipponenhan,18
Omaishoitajia,18
Erikokoisten,18
Suorittajaa,18
Huijauskoodeja,18
Hoitojonoista,18
Maksajilta,18
Perustajansa,18
Liiketalouteen,18
Palosireeni,18
Päihdekäytön,18
Päättömänä,18
Suihkuhuoneen,18
Demilitarisointiin,18
Investoimisesta,18
Pysymässä,18
Tribalismista,18
Rappeuttava,18
Sisäänleivottuna,18
Lanteilla,18
Kyynärpäästä,18
Saatavuudelle,18
15sec,18
Höyhenissä,18
Elatustuet,18
Pullistuman,18
Käsiänsä,18
Sällille,18
Tukipalvelu,18
Startupeja,18
Melitopolin,18
Liikennevälinettä,18
Ideologioitaan,18
Lastenraiskaajat,18
Nön,18
Äänekoskelle,18
Nöitä,18
Paukutus,18
Lakivaliokunnalle,18
Kotityötä,18
Polarisoinnista,18
Puheoikeuden,18
Kyynistyneitä,18
Kasautumisesta,18
Stripped,18
Ruutupaperilla,18
Metsista,18
Holsti,18
Haudutella,18
Jääpalan,18
Arvotuksen,18
Kritisoitua,18
Härdellissä,18
Mittaisissa,18
Azerbaidzan,18
Kollaaseja,18
Monipakkaus,18
Osatyökykyisten,18
Kunniamurhista,18
Tyrkyttäisi,18
Lakikirjoihin,18
Pihaasi,18
Prokkista,18
Runi,18
Palkkatasoista,18
Rajatuksi,18
Lockdownista,18
Plosmedicine,18
Tivannut,18
Pääsemisellä,18
Tehostumista,18
Puhujalta,18
Yksityisyrittäjää,18
Treenaisi,18
Merkityksellisimpiä,18
Irtoamassa,18
Alaleuka,18
Varoittelua,18
Myönnytyksistä,18
Vihertävää,18
Propagoimaan,18
Ulkoilualueita,18
Telttansa,18
Jarruttaneet,18
Sikspäkkiä,18
Lentoturvallisuuden,18
Tukipolitiikkaa,18
Jemmattua,18
Kuulostakkaan,18
Velkaunionia,18
Hävittyjen,18
Lausahdukselle,18
Joutuisivatkin,18
9ewmlcusxjq,18
Verukkein,18
Tavoitteellisia,18
Mustekalan,18
Parkkihalleista,18
Rajavartijoille,18
Vitriinistä,18
Pienenevää,18
Puskettaisiin,18
Stretched,18
Yhdensuuntaista,18
Herkkuineen,18
Pronomininsa,18
Kulutusmenot,18
Autonomistajat,18
Verisessä,18
Työtätekeville,18
Laskuunsa,18
Lyöjää,18
Vaaraannu,18
Vammautumiset,18
Pöytäkirjoissa,18
Paukkunu,18
Puoltaisivat,18
Johtokunnalle,18
Valtakunnanmediassa,18
Opetta,18
Yhtyeistä,18
Hyllymetriä,18
Kuuntelenkin,18
Ajattelutyö,18
Forumeita,18
Kuraattoria,18
Erityisyyttä,18
Puolusteluja,18
Kolmikymppisten,18
Hyödylle,18
Aikarajoituksia,18
Jäättää,18
Päämääräänsä,18
Miettiväni,18
Täydentyy,18
Seisoneet,18
Rivinvaihtoa,18
Moraalikäsityksistä,18
Gaulle,18
Tyrnävän,18
Kunnianhimosta,18
Raadellut,18
Jauhava,18
Hyteissä,18
Syynättiin,18
Koirarotua,18
Koulutettaville,18
Ajomatkoilla,18
Altruistisesti,18
Samanmielisyyttä,18
Läpsyttelemään,18
Hoitovaste,18
Ähistä,18
Monimutkaisemmiksi,18
Yrityksellään,18
Sivutyötä,18
Forumi,18
Paneskelevat,18
Mittaillut,18
Paskaisilla,18
Syyttelyksi,18
Hyväksykkään,18
Jarrutat,18
Ajelleena,18
Julkkiksilta,18
Kaltoinkohtelee,18
168cm,18
Oikomishoito,18
Varmasn,18
Tribalistista,18
Pettämiselle,18
Roudaamassa,18
Kotimaisuusasteen,18
Tönijä,18
Sisäistäny,18
Buildin,18
Rataverkkoon,18
Keneltäkin,18
Maksamastaan,18
Keskittyvänsä,18
Autossakaan,18
Astelaisten,18
Kysymää,18
Maahantuomaan,18
Persuvastainen,18
Ylireagoinut,18
Ratkaisuissaan,18
Sotilaskaluston,18
Paperilapulle,18
Ammatilainen,18
Kirjelmä,18
Meemuilemaan,18
Rohkaistu,18
Työllistävillä,18
Varmentanut,18
Tarvittavalle,18
Esiintymistiheys,18
Miellyttävämmältä,18
Verovähennyskelpoisuus,18
Seutulaiset,18
Rauhanneuvotteluiden,18
Poikalapsille,18
Jytinä,18
Tappamana,18
Alistumatta,18
Kolonisoida,18
Suosituksiaan,18
Ertä,18
Kierojen,18
Vitutukseksi,18
Lopputulokseltaan,18
Kehoituksista,18
Ylivarojen,18
Käräyttänyt,18
Karkoittaisi,18
Ihmisestäkin,18
Tasapainotilaan,18
Vakioina,18
Kelatessa,18
Symboleille,18
Epäintuitiiviselta,18
Mielivaltaiselle,18
Päänpäälle,18
Kohdehenkilöt,18
Asuntovelallisille,18
Sanotulle,18
Kosiskeli,18
Pelleillyt,18
Työpaikallesi,18
Siirreltyä,18
Kouluaikani,18
Vampyyrien,18
Ikäsistä,18
Lainaaman,18
Nostattamiseen,18
Turvapaikkaturismia,18
Motivaatiolle,18
Suunnittelulta,18
Televisiolähetyksessä,18
Terveydenhoidolla,18
Kohdistumista,18
54k,18
Hässäköitä,18
Ajalleni,18
Thorsin,18
Ylisanoja,18
Most_recent_value_desc,18
Summarize,18
Vippaskonstilla,18
Vinguttu,18
Olemisensa,18
Kuormittamista,18
Erilaisemmat,18
Timesofindia,18
Comilla,18
Poikalapsista,18
Zack,18
Pizzakiven,18
Samantekeviä,18
Ennakkoratkaisuja,18
Totalitaariseen,18
Herättäis,18
Tutustumiskäynnillä,18
Tullevat,18
Ihmisoikeusloukkauksena,18
Ketuta,18
Julkaistaessa,18
Ylikäytetään,18
Pummimassa,18
Poliisityöhön,18
Elettävää,18
Fanifiktiota,18
Mahdollisteta,18
Erityiskoulutusta,18
Väriläiskä,18
Riipasee,18
Suuntautumisista,18
Osakekurssiin,18
Rinnakkaistodellisuuden,18
Lainaavan,18
Karsimatta,18
Haastattelijalla,18
Viihdemuoto,18
Kengännauhoista,18
Paremi,18
Liiskaa,18
Liitetyssä,18
Lempiruokia,18
Räyhäsi,18
Epäoikeudenmukaisuudet,18
Sfäärin,18
Käryjä,18
Loppupäätelmää,18
Luopuessaan,18
Tarjois,18
Tarkastusmaksuista,18
Ilmastotekoa,18
Hyväksyvämpi,18
Hanskaavat,18
Urkkimassa,18
Vuokramarkkinoilta,18
Määrittelemisestä,18
Taulukkopalkkaa,18
Asioitamme,18
Stimuloivat,18
Kärsimästä,18
Pilvenpiirtäjään,18
Kuormalle,18
Ccb,18
Kertomuksilla,18
Vitsauksesta,18
Kituuttava,18
Datapistettä,18
Edeltäneisiin,18
Panoksin,18
Siisteiksi,18
Pankkitilistä,18
Muovikassillista,18
Puolisossa,18
Poismenoa,18
Massarajoituksia,18
Drl,18
Ventilator,18
Oikeusperiaatteista,18
Tomaspueyo,18
Koronastrategiaa,18
Mutatoituvat,18
Coronaviruse,18
Saksela,18
Näytteeseen,18
Terveysuhka,18
Hintikka,18
Suojavarusteissa,18
Marjaniemi,18
Pienyrityksistä,18
Matkustusrajoituksista,18
Mallinnettua,18
Afi,18
Käyttökuluihin,18
