Loimut,3
Ääripäässäkin,3
Kaasullakin,3
Viipyisi,3
Masilman,3
Juovasta,3
Huokealta,3
Ampumaharrastajaa,3
Ikininen,3
Kadetilla,3
Kuittikopio,3
Miljoonalainan,3
Kielikylvyt,3
Periaatteestahan,3
Kongresseissa,3
Lomailuja,3
Käivisi,3
Protestimieliala,3
Lakitekstikin,3
Homoseksuaalilta,3
Ärsyttävimmästä,3
Commutes,3
Hispaanien,3
Ketterat,3
Puolustajiaan,3
Sahkosopimusten,3
Jokaviikkoisilla,3
Venymisiä,3
Kanukkia,3
Laserkeilausdataa,3
Verba,3
Vyöhykemallia,3
Kriisitoimet,3
Marriageable,3
Onnistumisprosenttisi,3
Faabeleita,3
Paimentolaisilla,3
Ennätyksiään,3
Tavoitellaa,3
Maassansa,3
Maaperältämme,3
Assosioiduiksi,3
Kokkolalla,3
Pomomme,3
Katupartiojengi,3
Alkunäyttöön,3
Aloitusnäytön,3
Heikkonäköisiä,3
Vyöhykeuudistuksessa,3
Hermostuis,3
Arvolliset,3
Jerrykannut,3
Stabiileille,3
Öljymailla,3
Sääennusteisiin,3
Itsemurhahyökkäys,3
Toimijoilleen,3
Hukattuina,3
Uutisjärjestöt,3
Maailmakatsomus,3
Haptisia,3
Paneutumisesta,3
Ideologinsa,3
Karmaisevalla,3
Vereltään,3
Flagellantti,3
Laav,3
Helluntalaisiin,3
Järkeilyjä,3
Illuusioihin,3
B0c8,3
Sekulaariuden,3
Lempilasta,3
Z0f3ekbmw,3
Aktiivitoimintaan,3
Unease,3
Syngman,3
Mätsäs,3
Kodifioidut,3
Likaaja,3
Taltioituneen,3
Konsulttipaskaa,3
Biodynaamisen,3
Mallivaltioksi,3
Pehmeämmiltä,3
Yliampuvina,3
Akkumäärä,3
Varoivaisemmin,3
Fenetyyliamiineja,3
Dominantilla,3
Teloituskompanjan,3
Alkuvauhtiin,3
Fysiikaa,3
3m7b62,3
Olen_mielisairaalassa_ama,3
Masennustiloja,3
Apukuskilla,3
Leivänpäällisten,3
Päihitys,3
Lehdenkään,3
Värvättävää,3
Rannoilleen,3
Puolitoistavuotisen,3
Suorituneet,3
Rauhaanpakottamista,3
Gonahtaneena,3
Henkeähän,3
Islamilaisilta,3
Vieraamme,3
Logistiikkakuljetuksia,3
Auktoritaarista,3
Ahdasmielisyydelle,3
Aivolohkossa,3
Seinähulluus,3
Profiloimme,3
Luostareiden,3
Hiljentyivät,3
Hankittuina,3
Munauksien,3
Outstrip,3
Tethered,3
Umdat,3
Outlying,3
Accursed,3
Perishable,3
Communityyn,3
Ravintolapuolelle,3
Apostolia,3
Halkaisseen,3
Murtauduta,3
Helveettiä,3
Kuolemantuomiosi,3
Somalipojan,3
Kantaeurooppalaisesta,3
Kaappausyritystä,3
Latomisesta,3
Otsikkopalkissa,3
Lisärokotuksilla,3
Withing,3
Tooltippinä,3
Purkittamo,3
Tekeytyisi,3
Poliisiraporteissa,3
Firearm_owners_protection_act,3
Puskaraiskaustapauksissa,3
Saartorenkaasta,3
Paskia,3
Raportointinappi,3
Oikeusperustana,3
Blokkamaan,3
Reaaliomaisuus,3
Kerettiläis,3
Körttiläisen,3
Hyönteistenkin,3
Neliraajahalvaantua,3
Valkonaamaisia,3
Oikosenaan,3
Elainaktivistit,3
Paskahuuhaa,3
Syrjääntyvät,3
Kannatavampia,3
Äänestykses,3
Ahtava,3
Lahdatuiksi,3
44cb,3
Findet,3
Isoterainen,3
Tahvoa,3
Kansallisosialistit,3
Ericiä,3
Käveletkin,3
Suojelunsa,3
Hikikin,3
Non_sequitur_,3
Kauppapaikoille,3
Junaraitelle,3
Yhteistöjen,3
Työllisyystoimintaan,3
Sääntelynkin,3
Kilpailupainetta,3
Saarnamieheksi,3
Influenssaviruksilla,3
Tiistainakaan,3
Reformoimista,3
A5c7,3
Maahanmuuttolinjauksen,3
Marokkokin,3
Baareisa,3
Palvelinpään,3
Bondagesessio,3
Ennakoiviin,3
Rinnastukaan,3
Ynof7y,3
Kuhe,3
Höyrypäisimmät,3
Pultille,3
Pilkuntarkan,3
Maahantulevan,3
Partalapsen,3
Oikeaoppisin,3
Vaihtoehtolääkkeitä,3
Lundiin,3
Kaasarissa,3
Musertanut,3
Kaupunkikämppään,3
Karmahuoraamisen,3
Kuupperi,3
Offensivea,3
Kumartelulle,3
Ripulikasa,3
Vinoutuneena,3
Äidinkielenopetusta,3
Insinööriharjoittelu,3
Julienne,3
Haarajoen,3
Klikatuksi,3
Nitissyt,3
Oudoksuttavalta,3
Kustannushyötyjä,3
Quotelle,3
Huumorisivu,3
Seisoisikaan,3
Urheilumetsästys,3
Aselailla,3
Urheiluperusteella,3
Reuploadata,3
Räpellyksiin,3
Läpimenomahdollisuus,3
Jonkinsorttisessa,3
Internetpalveluita,3
Peliarvostelija,3
Tukijoitakin,3
Pelaamaton,3
Kuivatetulla,3
Jättämisestähän,3
Yliarvostuksesta,3
Y7kvoylzas6ag,3
Murhakultti,3
Tankojuoppoja,3
Dynatron,3
Materiaalivalinnasta,3
Miesvoimaltaan,3
Neroutensa,3
Ääninäyteltynä,3
Capricorn,3
Pinkoista,3
Virkainto,3
Epäsuosiolle,3
Legioonissa,3
Krustit,3
Peltoautot,3
Kuljetussektorin,3
Myllyttivät,3
Sukkuloimassa,3
Dhimmin,3
Ozy,3
Dhimmejä,3
Lohkeamaan,3
Väitettävä,3
Itsemurhaviestiä,3
Iisalmea,3
Turhantärkeät,3
Amerikkaisilla,3
Vaistoihimme,3
Paheksittu,3
Itsehallinnostaan,3
20hv,3
Vaccinesafety,3
Vaiheis,3
Beim,3
Virtuaalinäppis,3
Vilvoitellaan,3
Liimailtua,3
Muuneltua,3
Valtiojärjestelmistä,3
Skrofin,3
Pidättäneen,3
Justiz,3
Seikkailukirjoista,3
Räjähdyksinä,3
Kulttilaisilla,3
Turruttamisesta,3
Islamiset,3
Bambusukkien,3
Otuksiakin,3
Jollaisilla,3
Aseenkäsittelykoulutusta,3
Jillstein,3
Ruuhkapaikka,3
2miljoonan,3
Rosvovaltiona,3
Uutiskanavilta,3
Liikenneraivon,3
Äärimuslimia,3
Fiksaamisessa,3
Stålenhagin,3
Ruokakaappiin,3
Polvikipuun,3
Asuntomäärä,3
Tyylivalinnan,3
Californians,3
Van_ska,3
Kyennet,3
Monsujen,3
Paidallaan,3
Hankintakriteeri,3
Kovatasoisimmat,3
Clitonin,3
Friikkilä,3
Transkoodata,3
Kusikasa,3
Lankeemuksesta,3
Rintanappia,3
Tassuistaan,3
Mailmankatsomustaan,3
Konservatiivisemmalta,3
Vihervassaroinnista,3
Varjobannattujen,3
Testikeskus,3
Lempisanoja,3
Puukkomurhat,3
Vuotenani,3
Sakenemaan,3
Hevosenpaskat,3
Freedomz,3
Kouluaikansa,3
Jatkuin,3
Snägäritappeluun,3
Subreddittikin,3
Saksalaset,3
Vakuutushuijaus,3
Perussuomeen,3
Rokotetuin,3
Moderaattoritiimissä,3
Liioiteltulta,3
Hikivuori,3
Douppaaja,3
Puhekulttuurista,3
Ammattiloukaantujat,3
Siiviliä,3
Häiriötekijöihin,3
Ryhmädynamiikkoja,3
Varastonhallintaa,3
3x75tw,3
Maahanmuuttouutisista,3
Chiliöljyssä,3
Aamiaistarpeita,3
Myötätuntoaan,3
Viilennyksiä,3
Energiatehottomampia,3
Edustamalleni,3
Vattujen,3
Sheev,3
Daikinin,3
Palstaviljely,3
Järkyttävämpänä,3
Periaatteilleen,3
Baarinpitäjät,3
𝔫𝔶𝔱,3
Alistuvansa,3
Avaimiani,3
Bbc_breaking,3
News_central,3
Sotavälineet,3
Avainkaappia,3
Helsingin_yliopiston_joukkosurmasuunnitelma,3
Mashuppia,3
Huumeannosta,3
Kuoleille,3
Polytys,3
Polyttajien,3
Polyttajat,3
Rajoissahan,3
Rodham,3
Suomalaisnaisetkin,3
Partalapsien,3
Tähtilipulle,3
Safeandsavvy,3
Edellisena,3
Kuriireihin,3
Pintapuolisuus,3
Ovikoodista,3
Ryhmäajattelusta,3
Beppe,3
Vaalivien,3
Veikkauspiste,3
Itsevarmuudessa,3
Postittaneet,3
Pakettiautomaateista,3
Muuttotappiokaupunki,3
Ennakkoluuloisuudella,3
Valkohäntäpeuraan,3
Hiekkamyrskyä,3
Palvelumuodot,3
Pienyrittämiseen,3
Naishormonia,3
Alemyynnistä,3
Sellittää,3
Kieliryhmässä,3
Suorimmalla,3
Puketti,3
Käyttämäti,3
Kidsit,3
Asiakeskusteluissa,3
Huomioimattomuudesta,3
Koulutusmuoto,3
Vientikelpoista,3
Järkkärini,3
Tiber,3
Keats,3
Vapautustaistelija,3
Kotikieleni,3
Surkastuneen,3
Peltoselta,3
Suorahkon,3
Seivausyritys,3
Iloitteluun,3
Eristäytymässä,3
472c,3
Vilustua,3
Tämmösil,3
Nurkkauksensa,3
Sibbellä,3
Viraalihitiksi,3
Päällepäsmärinä,3
Kaukaisimman,3
Pentuvalitys,3
Teräksisillä,3
Kuittitiedot,3
Erikoisalennuksen,3
Amalta,3
Juorumylly,3
Harjoiteltavaksi,3
Omistetaanko,3
Hakuampumaan,3
Ittlxjvlqis,3
Maamerkkeinä,3
Epäröikö,3
Kdnuggets,3
A9mon,3
Keinovalikoimiin,3
Leirikyrvät,3
Mokkanahkaiset,3
Perikuvat,3
Pienkuluttaja,3
Lainehtisi,3
Romutettujen,3
Syynäni,3
Hämärääkin,3
Apotheosis,3
Asemoidu,3
Halogeenilamppuja,3
Perusmuslimit,3
Syöpäpesäkkeen,3
Esitteessään,3
Poliisitutkinnoissa,3
Voilevän,3
Rakenteluksi,3
Pugetsystems,3
Räpeltävää,3
Hlöstä,3
Metallibändeiltä,3
Dödöön,3
Soveltamisalueen,3
Tuontiolut,3
Duds,3
Nordiin,3
Värvätyistä,3
Käsikassarat,3
Ihmisjahtiin,3
Pehmeimmistä,3
Iwsc,3
_enään_,3
Natsifaneja,3
20care,3
Ephesians,3
Vertailutarkoituksessa,3
Valtiomuodolle,3
Haluiskaa,3
Yhteisvaikutukseltaan,3
Rokalle,3
Repertuaariisi,3
Erisuuntaista,3
Stevareiksi,3
Huostaanotettuina,3
Tahtovilla,3
Leikkaajien,3
Ansaintapotentiaali,3
Exs,3
Vihreillään,3
Audiopuoli,3
Kipeissä,3
Ahmintaan,3
Muovaamiseksi,3
Pakkaillaan,3
Tuntomerkistön,3
Vanhuusikään,3
Ilmeikkäämpi,3
Pakastekatkarapuja,3
Jättämisenkin,3
Gallopista,3
Menopaussista,3
Skabuja,3
4v1545,3
Tonn,3
Kynnettyä,3
Unparalleled,3
Shokkiaaltoja,3
Gj4hb,3
Finnish_community_needs_active_moderators,3
Moderaatiojonon,3
Salakuuntelulaki,3
Pfffffft,3
Halimalla,3
Minigolfista,3
Kettujakin,3
Limuksi,3
Tukkupakkauksissa,3
Elinkyvyn,3
Kakkosduuni,3
Terveysvaikutuksesta,3
Advisories,3
Mielenvikaisuudella,3
Edustuksellisten,3
Koivumetsää,3
Rouskua,3
Vaakansa,3
Raudallakin,3
Arabilainen,3
Konservatiivisempiakin,3
Tehokkuusohjelman,3
Läppäreita,3
Multinationaalit,3
Välittämättömiä,3
Harrylle,3
Selaushistoriani,3
Labrakasvatettua,3
Tasalämpöisiä,3
Lämmönsääntelyyn,3
Kohtaavista,3
Alavasemmalta,3
Laiduneläimille,3
Dimensiolla,3
Liberalismina,3
Parabeeneja,3
Politiikkakeskustelua,3
Tehoviljeltyä,3
Puhjetessaan,3
Velkavivuttamalla,3
Pikkulainat,3
Geeliin,3
Patenttitrollit,3
Ryyppyputkeen,3
Uimataidolla,3
Mukkaus,3
A4rry,3
Heikkilälle,3
Edeltäkävijä,3
Jaottelunsa,3
Annattu,3
Mittatikusta,3
Alkoholisoitumiselle,3
Ennakkotapauksiakin,3
Toimenpiteissään,3
Makoiluksi,3
Lähitaloihin,3
Fuusioituisivat,3
Syntypaikassa,3
Kukkakauppiaita,3
Päivänäni,3
Pärisseet,3
Darkthronen,3
Palvaus,3
Esteetikkojen,3
Vaiteskaan,3
Papuchiliä,3
Nopeuskisa,3
Autogeneroitua,3
Halkomisessa,3
Jalkaudun,3
Mtc,3
Rahottavat,3
Myöhästymisesta,3
Poikapari,3
Cource,3
Sivuovelle,3
Sydänterveydelle,3
Jeerasta,3
Ilmoitusjakso,3
Säikähän,3
Pikkupoikansa,3
Esimerkkitapauksiin,3
Extremeurheilussa,3
Amarantti,3
Rikkoontuvia,3
Koppurat,3
Hellesäillä,3
Liikkumaankaan,3
Kiitollisuusvelkaan,3
Korkannu,3
Viitealueen,3
Luulosairaista,3
Klönteissä,3
Jättiläisinä,3
Särkikala,3
Jalavasta,3
Ilmakuivatusta,3
Aukipitoa,3
Stormtrooperiksi,3
Sadistini,3
Vinguttelen,3
Huveissa,3
Ylivertaisuuteensa,3
Marisematta,3
Vaihtorahoina,3
Asekuvat,3
Kovalevytila,3
Tekstidataa,3
Treading,3
Kaktuksella,3
Voimisteltua,3
Tasapainotteluun,3
Pintakäsittelyssä,3
Muttilla,3
Tuhlaavin,3
Perusteitä,3
Ruokaryhmässä,3
Äänestysnumeroa,3
Näköisempää,3
Chartsbin,3
Alkoholimyrkytykset,3
Ruokaohjelmat,3
Ydinasevaltiosta,3
Edistysaskelta,3
Säilytysastia,3
Marvelien,3
Kuivimmissa,3
Päävartio,3
Ympäristöllemme,3
Työskenneiltä,3
Hyihhelevetti,3
Janilta,3
Varakkaatkaan,3
Demokratisoitu,3
Seurueille,3
Kananmunaakin,3
Aikusenakin,3
Lyijypallo,3
Yhdysvalloistakaan,3
Ostotilausta,3
Erillismaksu,3
Lainaamamme,3
Pöydästäsi,3
Sisäänkirjautumisesta,3
Haarukkani,3
Vittulaan,3
Mestaruussarja,3
Häiritsemättömän,3
Pihoilleen,3
Kuhanta,3
Apotemnofiliasta,3
Voittivatkin,3
Ravintolasalin,3
Mysteerilihasta,3
Tarjoiluhenkilökunnan,3
Aurinkokuivattutomaatti,3
Kipponsa,3
Kiinteistönhoidossa,3
Farkkuauto,3
Unileipaa,3
Kuolonvetta,3
Pakonsanelema,3
Lähtöalusta,3
Aktivointitoimenpiteiden,3
Tipuimme,3
Rollaattoreillaan,3
Kirjottu,3
Seilaillut,3
Geenikin,3
Etanoiden,3
Kulttipeli,3
Päärooleihin,3
Sataprosenttiseen,3
Sarjaankin,3
Hankintailmoituksia,3
Kiilautuu,3
Pikkufasistit,3
Bustattua,3
Työllistyvänä,3
Rikastetta,3
Videohaku,3
Lithiumista,3
Formaattiaan,3
Ylimysten,3
Reitilleen,3
Slistaus,3
2010to2014,3
Kylvetyn,3
Likaviemäreitä,3
Sivutoimipistettä,3
Ravisuttavia,3
Jakoperusteissa,3
Määrittäjiä,3
Dbtk4nuzvlm,3
Luonteenseen,3
Koopenhaminassa,3
Harmaahapset,3
Sokeillakin,3
Kasvosokeus,3
Riitanherkku,3
Karbonaatista,3
Murhaamis,3
Synesteetikko,3
Ikiopiskelijoiden,3
Maailmankulttuuri,3
Kannabisaddikti,3
Opettajanikin,3
Hankkimimen,3
Juustoleivästä,3
Tulisuusaste,3
Diversimpi,3
Megatehtaan,3
Ynnäämistä,3
Ruuminosiaan,3
Hengissäsäilymisen,3
Crunchi,3
500x375,3
Perustelutaakka,3
Sosiaaliturvajärjestelmiä,3
Piilotteletko,3
Kouriintuntuvampaa,3
Toisensä,3
Apassa,3
Vetämäänkin,3
Kategorioitaan,3
Ylisosiaalisia,3
Imevänä,3
Valaisevat_y,3
B6pilvet,3
Factio,3
Centralis,3
Keikkatyöläisen,3
Siimahännät,3
Opetustavoissa,3
Työttömyystukeasi,3
Tuntiseuranta,3
Vennamolaisuuden,3
Kansainyhteis,3
Romuttanu,3
Mononsa,3
Ekoautot,3
Otetetaan,3
Auringovalo,3
Rakennusvaatimuksiin,3
Kaminat,3
Huonompiosaisen,3
Yritysneuvojan,3
Softakonsultointia,3
Lähtöolosuhteet,3
Pakolaisvyöryssä,3
A1454475141110,3
Inhimmillisenä,3
Liekkikuvioita,3
Tahonsa,3
Reviirikiistojen,3
Pääpomoista,3
Mafiavallan,3
Paskanruskean,3
Juomalasillinen,3
Asentamaa,3
Lukemattomuuden,3
Uhkarohkeiden,3
Lämpökartta,3
Käynnistävalikon,3
Alkuasukasta,3
Sockettiin,3
Kuvakokoelman,3
Jänestä,3
Nollatuntilaisena,3
Aputoiminimiä,3
Diibadaa,3
Käyntikorttiin,3
Xtr,3
Espanjankielisillä,3
Venezuelalta,3
4xaa,3
Ajanmukaisesti,3
Puhelinoperaattoreilla,3
Soraäänten,3
Strada,3
Läppäriäkään,3
Hintatasoni,3
Nettohyötyjien,3
Kartellihintoja,3
Myohempaan,3
Kolmikirjaimisen,3
Kertyviin,3
Utlandska,3
Hyvävelihintaan,3
Hairstore,3
Tasamittainen,3
Herppes,3
Estämiseksihän,3
Ykkösketjua,3
Luokkakavereina,3
Sopimuspykälä,3
Luovisin,3
Leivänpaahtimilla,3
Sanniin,3
Sunnilaista,3
Rivompaa,3
Vaitiolovelvollisuuteen,3
Adminienkin,3
Säännöllisyyksiä,3
Parantelusta,3
Perhanista,3
Huoltoajolle,3
Sinunkaltaisiin,3
Kartantekijöiden,3
Petoeläimeen,3
Maatui,3
Vaiheilu,3
Pääomittaja,3
Pääskyjen,3
Järkyttävyyttä,3
Fordillakin,3
Haukaksi,3
Populaatiokoot,3
Laskeneetkin,3
Bussikartelli,3
Vaihtoarvolla,3
Ostoslistojen,3
Lenineitä,3
Tiukkapipona,3
Forssan_ohjelma,3
Käyttää_,3
Päätavoitteeksi,3
Sushipaikkaa,3
Elätettävistä,3
Ottaisisivat,3
Vetoketjullisessa,3
Vaappuvaa,3
Harjoitusammunnoissa,3
1een,3
Toisenkinlaisia,3
Lyhyehköihin,3
Eläkkeista,3
Työruokailun,3
Leikkautuisivat,3
Saastuttais,3
Videobloggari,3
Tasapäistäviä,3
Normitus,3
Outroa,3
Nykyveroilla,3
Nuijille,3
Sanamuotokin,3
A4rata,3
Sisuskalunsa,3
Tortures,3
Lurkkaajien,3
Ystävänne,3
Maaseutualueen,3
Pizzeytä,3
Reaktorilainen,3
Arkojakin,3
Haastattelijoilta,3
Ympäröityjä,3
Kovalevylläsi,3
Varomiseen,3
Pankkipalvelua,3
Alkkohoolia,3
Mehäs,3
Professionaalia,3
Verkostovaikutuksesta,3
Jonkinmoisina,3
Voimassaoloalueella,3
Aktiaa,3
Sujuivatkin,3
Aktiaan,3
Suihkutettua,3
Piittaamattomuuttani,3
Suojatiesääntöjen,3
Vaihtokaupoissa,3
Intelinkin,3
Kapinallisryhmittymiä,3
Touhuissakin,3
Saitureita,3
Jäähai,3
Varatili,3
Pinä,3
Ylimitotettua,3
Tempputyöllisyyttä,3
Runkoputkeen,3
Lasiinsa,3
Taikinoimaan,3
Tupakointipaikoilla,3
Kakrulla,3
Hankituilta,3
Fyysiestä,3
Lenksu,3
Kimmoisaa,3
Tunneryöppy,3
Tapahtumarikkaita,3
Sähköistyneet,3
Vesirokkoviruksen,3
Markoille,3
Rankille,3
Puolustettuun,3
Mojibakea,3
Itseidentifikaatiosta,3
Voimank,3
Merimetsoista,3
Internetpeleissä,3
Kompastuivat,3
Safloriuute,3
Normitilillä,3
Talvehtivan,3
Sijoitustahan,3
Roudareista,3
Sähkömagneettisille,3
Jätithän,3
Katedraalista,3
Maailmanperintölistalle,3
Turvapaikkaongelmaan,3
Projisoiva,3
Fingerprinted,3
Urheiluoikeuksien,3
Lajiliittoa,3
Etäämmäs,3
Haavoittovuus,3
Huippuhinnoissa,3
Varmuudet,3
Suoraveloitukset,3
Pahvilautaselta,3
Braziliaan,3
Kadunvaltausten,3
Omaksenne,3
Joukkomurhataan,3
Pasteaan,3
Dnav,3
Lentopaikan,3
2gw5m6i,3
Kebappila,3
Todistelin,3
Urpoilujen,3
Kokousvälineitä,3
Taiteenalan,3
Leijonanharjan,3
Lisävalaistuksesta,3
Haluavata,3
Lievittämisenä,3
Apaattisuudella,3
Kohtaushan,3
Harrasteautosta,3
Monikulttuurilliselta,3
Siitän,3
Kiitettäviin,3
Muijakaverit,3
Reebokin,3
Asematunnellissa,3
Ardbegia,3
Länsirintamaa,3
Matteon,3
Olennaisuudet,3
Imeytys,3
Charmiaan,3
Ripulikasan,3
Palautteitakin,3
Asuttamatta,3
Sähkömuuntaja,3
Lisenssijuttu,3
Transpondereiden,3
Halustamme,3
Ohjusteknologiaa,3
Kusisukassa,3
Työvuosiensa,3
Korvausilmaräppänöitä,3
Yrittäisivätkö,3
Osuuskuntamallia,3
Yöjakelu,3
Hävyttömänä,3
Tekemissa,3
Virtakaapelin,3
Vsipuli,3
Kauhuleffoihin,3
Toimiryhmän,3
Köökistä,3
Skriptinsä,3
Nahkaisiin,3
Tehtäväradan,3
Janissarit,3
Supistettavaa,3
Sydänvaivainen,3
Tiiliseiniä,3
Smalltalkkiin,3
Viinaanmenevää,3
Manipuloinnillaan,3
Tilanteistakin,3
Tappelevaa,3
Taksiyrittäjiin,3
Fuksivuotta,3
Kestävämmiltä,3
Regressoiduin,3
Elinedellytyksiä,3
Perseilystäkin,3
Korianteriin,3
Laskujansa,3
Purukalustosi,3
Ekstrakivaa,3
Uudelleenlämmitettyjä,3
Sukupolveasi,3
Yksilöivien,3
Nousukkaina,3
Paheemme,3
Citya,3
Vessaakin,3
Hyppaisi,3
Tunnetuimmalla,3
Sahalahti,3
Kenttäkurssilla,3
Talsiminen,3
Kasvamiselta,3
Oteltiin,3
Edustukselliset,3
Metsästysluville,3
Tuako,3
Uinniksi,3
Huvilla,3
Lisäsiiven,3
Vammautumisriskiä,3
Vähäostaisten,3
Tihrustelet,3
Puhdistakaa,3
Peltikin,3
Metillä,3
Asiakassuhteille,3
Vartiointipalvelua,3
Prinssiin,3
Taksifirmassa,3
Seisokkaan,3
Väkivaltafantasioija,3
Edgeloordit,3
Harjoituskappaletta,3
Luottokorttilaskussa,3
Ammattimaisuuttaan,3
Kauppaavassa,3
Lopputervehdyksen,3
Haalisin,3
Rajatakseen,3
Kokeilisimme,3
Itseääni,3
Partakoneiden,3
Korvenna,3
Käsikähmään,3
Sametinget,3
Kahmintaa,3
Perusmarketin,3
Päivärahakin,3
Aneemisempaa,3
Ikiaikaisessa,3
Tuomitsemistakin,3
Paavo_arhinm,3
Lähiöjengit,3
Tuulilasinpyyhkijä,3
Sähkötupakkajuttuja,3
Lössiin,3
Kahviosastolle,3
Äänestysvaiheessa,3
Kiroittaa,3
Neuvottelutavoitteet,3
Syöpätyypin,3
Pystytäkkään,3
Ihmetekniikka,3
Esitäyttää,3
Salmivalli,3
Pakkosiirtämisestä,3
Maailmanlopunjälkeiset,3
Resurssitarpeesta,3
Perusnormi,3
Diggaava,3
Merkitsevien,3
Jengiytymisongelmaa,3
Läpilaskuttaa,3
Pakkohoitolähetteestä,3
Kakkuina,3
Jarjestaytynytta,3
Tavaroilleni,3
Tieteenfilosofiset,3
Latinalaisamerikkalaisilla,3
Oikeudentajulle,3
Hopeani,3
Mahollisena,3
Julkaisseella,3
Paleodieetti,3
Ammattimaistuminen,3
Lepsuilta,3
Paskoneiden,3
Suomalaiskouluissa,3
Esiinnostama,3
Läppärillekin,3
Virittelisin,3
Tirkistelynhalusta,3
Koilliskulmaan,3
Dorga,3
Playboyta,3
Rauhanyhdistys,3
Risumajan,3
Variointi,3
Roikuttuaan,3
Lähdeveromallia,3
Kiukutellessa,3
Vilpittömämmin,3
Haimila,3
Vaihtoehtoisempaa,3
Uugeempaa,3
Kassoineen,3
Pöräys,3
Uusintatenttejä,3
Päätäntäelimet,3
Sotareportterina,3
Reijillä,3
Rasitusongelmia,3
Viherkatoista,3
Kuikuilija,3
Silkkivinttikoiraa,3
Tunnepolitiikan,3
Määritäminen,3
Videoklipillä,3
Ojankaivajana,3
Aega,3
Nukkuneeni,3
Postaillaanko,3
Hyväksymisistä,3
Marxistia,3
Lukioikäiseksi,3
_odottaa,3
Vesivuotojen,3
Limakerroksen,3
Teonkuvauksella,3
Raiskausesta,3
Kuvistunnit,3
Dumppaamme,3
Jonkinäköiseen,3
Taitamattomuuttaan,3
Kansankoulun,3
Myyjänkään,3
Lähtöpisteeseensä,3
Yhdys_sanoja,3
Bottlenecked,3
Maalikoilla,3
Xpewptatwc,3
Klintti,3
Ylilyöntiasemassa,3
Ilmentymisessä,3
Omma,3
Rasvaprosentteja,3
Kohelsivat,3
Nirsoin,3
Granulariteetilla,3
Viidakolta,3
Nuudelikeittoa,3
Halitjoita,3
Hyväksikäyttäjillä,3
1000x1000r,3
Voileipäkuvia,3
Asetushan,3
Oikuttelun,3
Gridissä,3
Maailmoiden,3
Muuraamista,3
Radiosignaalilla,3
Prosenteillaan,3
Lähtökohtaosesti,3
Louisia,3
Tasasakko,3
Несколько,3
Määräytyvissä,3
Rikossyytteille,3
Levittyisi,3
Bagged,3
Tuulenhenkäys,3
Heikentäkseen,3
Logiikkalla,3
Pudottamia,3
Metallilaatikkoja,3
Julkistamiseksi,3
Tietotaidollaan,3
Tarviat,3
Velikerhoon,3
Hankaamasta,3
Kulttuurimuodot,3
Monikultturisuuden,3
Paatostasi,3
Rautamöykky,3
500ma,3
Väritelevisio,3
Olympialajit,3
Kauneimpaan,3
Aarimmainen,3
Tosilla,3
Työharjotteluna,3
Converterilla,3
Todistajansa,3
Yhdessätekemisen,3
Meikannu,3
Pyykkäyksiä,3
Vuokratilassa,3
Psska,3
Portatut,3
Romuarvo,3
Muisteille,3
Tutustuttamista,3
Sihvosen,3
Huonompaakaan,3
Ilonpidon,3
Marginaalilajeissa,3
Listalenkistä,3
Karaokelaitteet,3
Slacktivistit,3
Yllätysämpäreitä,3
Flamencoa,3
Linuxissakin,3
Kohokohdissa,3
Bijstand,3
A1391921989997,3
Clueless_as_fuck,3
Ormo,3
Otellessa,3
Legimiteettinsä,3
Ruudunpäivitykseen,3
Kohtaamispiste,3
2307e,3
Sijanteihin,3
Syrjäalueille,3
Rajoittajista,3
Abikirjan,3
Arkaluonteisiin,3
Suihkuajatusta,3
Verkkojohtoja,3
Argumentaatioita,3
Tikkarien,3
Ydinkaupunki,3
Barkseista,3
Porttihuumeiden,3
Seikkailleet,3
Kaihoaa,3
Paperikokeita,3
Tekovuotta,3
Velkavankeudella,3
Bonuksiakaan,3
Kisakylän,3
Ajurituen,3
Musiikkivideonkin,3
Konffista,3
4120e,3
Ruokatavara,3
Kiertovesipumppua,3
Pumppaamot,3
Abstraktimmissa,3
Pirulaine,3
Rinnakkaisuniversumeissa,3
Underside,3
Levyjärjestelmä,3
Tehtu,3
Vuorkaan,3
Installeriin,3
Tiedostopääte,3
Typerehtimisestä,3
Liittomaksuista,3
Veronmaksajallekin,3
Tutorialeita,3
Kaavoitetuilla,3
Hostaajan,3
Abc7news,3
Dokumentaatiotakin,3
Asettamiisi,3
Kustannusarvioista,3
Ylikulkusillalle,3
Kieritellä,3
Haittojensa,3
Parempan,3
Möläytä,3
Sikiämistään,3
Virkistit,3
Tupakkamerkkien,3
Voitettuasi,3
Ihmedieetit,3
Asiakkaallekaan,3
Sivuquesteja,3
Kilpailuhenkisyyteen,3
Tuskasia,3
Tykeimmät,3
Miestem,3
Tupakoimatonta,3
Nillittäkö,3
Chipin,3
Vaultiin,3
Loistokkaana,3
Vakiopaikkaa,3
Ilmiömäisestä,3
Taikuroi,3
Ollevansa,3
Fileeraamaan,3
Kärkipelaajat,3
Kuultiinpa,3
Avarakatseisena,3
Editioneja,3
Majoitusmahdollisuudet,3
Regressiivisin,3
Kielitaustaa,3
Sumeina,3
270h,3
7wee,3
Loitsi,3
Kivisateessa,3
Luotisuoraa,3
Arkistoimassa,3
Heittelevien,3
Kahvitellessa,3
Finnleaks,3
Tetää,3
Korkeakoulutusaste,3
M014,3
M016,3
Rasistivitsit,3
Blogilinkin,3
Provosaatiota,3
In65z5rmn,3
05_syndalen,3
Oresund,3
Erikoisaloillaan,3
Hätilässä,3
Ezio,3
Perpan,3
Amirkhania,3
Pikkujäbä,3
Kb6cpwanshk,3
Atp_2016_02_2016,3
Siristä,3
Kuukahda,3
Terveysruoat,3
Pelinkään,3
Saippuapalaa,3
Huumoripostauksiin,3
Sähkösestä,3
Ahdistelijamiehiä,3
Sivuiksi,3
Verbose,3
Undersökning,3
Kassahenkilöstöä,3
Tylsyyttäsi,3
Tinttaamista,3
Näkökulmalleen,3
Perusvitutuksesta,3
Is_finland_the_only_legit_heir_of_the_roman_empire,3
Sarkasmimerkinnän,3
Ylläpitäneen,3
Julkisest,3
Nettihuutelun,3
Ylläpitämästään,3
Estellen,3
Lihatilaa,3
Ungern,3
Tomumajani,3
Tuntihinnoitteluun,3
Elitistisistä,3
Harjoittelukokemusta,3
Ruhonosille,3
Lipata,3
Palastelemalla,3
Osakokonaisuuksiin,3
Vaaranpaikkoihin,3
Eräpäivien,3
Tuotemerkkiään,3
Safarikierroksen,3
Vapaaehtoistyöntekijää,3
Tervehdytti,3
Huijausviesteistä,3
Temmatuksi,3
Kukkahattuilemaan,3
Lutuisen,3
Reijula,3
Kunnioittamatonta,3
Kaitaalle,3
Minunkaa,3
Laskeutumiselle,3
Salausmenetelmää,3
Keskusteluunsa,3
Datapakettiin,3
Savolaene,3
Asuntolalla,3
Palkkatoiveitaan,3
Cryptographically_secure_pseudorandom_number_generator,3
Korkkiruuville,3
Työkkärituella,3
Sulloessa,3
Kuluttajalainsäädännöstä,3
Karakterisointi,3
Covereista,3
Chilipaprikoiden,3
Matalle,3
Sijoittaisimme,3
Viereenkään,3
Opetustasolla,3
Täläisiä,3
Someyhteiskunta,3
Erottaman,3
Uimaankaan,3
Normiaika,3
Importtamaan,3
Romuttavaa,3
Stickyttäminen,3
Syrjivyyttä,3
Tseäni,3
Huumoripostausta,3
Heikkolahjaiselle,3
Suklaansyönti,3
Ananaskonvehdin,3
Waddup,3
Tataareiden,3
Boldattujen,3
Napostelis,3
Vielekään,3
Floydissa,3
Toiminallisuudet,3
Munattomuudestaan,3
Pohjaltakaan,3
Toteuneet,3
Kotoutumassa,3
Mainejärjestelmä,3
Hintaskaalan,3
Mielikäinen,3
Palkkatyöni,3
Oikeinhoidettuna,3
Lempiaiheisiinsa,3
Jalostavan,3
Lääkekorvausmenojen,3
Moderaattorioikeuksia,3
Kantata,3
Kirkkokuoron,3
Bannihan,3
Myohastyminen,3
Sahkonkayttajille,3
Suosittama,3
Aurinkosuojia,3
Pyykkivuoron,3
Ylioppilasarvosanojen,3
Sepitykseksi,3
Likaisuudeltaan,3
Silottelemalla,3
Aikeistaa,3
Käsikauppatavara,3
Osuneella,3
Hypejunassa,3
Osaamattomus,3
Muhammad_saeed_al,3
Pocahontasin,3
Knightley,3
Tekojärvellä,3
Vuotispäivään,3
Perunarutosta,3
Natsimaisen,3
Hypoteesinsa,3
Taikalaatikkoon,3
Hyssyttelet,3
Pestaaminen,3
Kesähuvilan,3
Rustaisin,3
Sulkeuduin,3
Useemmalta,3
Tanssivasta,3
Rekrybonusta,3
Taikaiskun,3
Esinny,3
Frisbeegolffiin,3
Dissertaatiota,3
Tökätessä,3
Ammuttaisikaan,3
Mutuiltuna,3
Uhanalaisessa,3
Aerobiselle,3
Suonensisäsesti,3
Autokauppiaaseen,3
Luntannu,3
Hankalemmiksi,3
84g,3
Sähköntuotantomenetelmä,3
Myrskypäivinä,3
Tunnustamiselta,3
Renkaanvaihtaja,3
11ke,3
Megasäikeen,3
Hijabinsa,3
Eläinoikeustyyppien,3
Ihian,3
Hänelleen,3
Deactivation,3
Rassaamassa,3
Nurmijarven,3
Itseilmaisuna,3
Peliimme,3
Salamavauhtia,3
Nigerialaiskirjeissä,3
Lisäaineistuksella,3
Liikennedataa,3
Maahantulopolitiikan,3
Pikkuhousujaan,3
Kehrätään,3
Maksupyynnön,3
Rämisevät,3
Laulukilpailuja,3
Krokodilit,3
Irstaana,3
Dadaistisia,3
Mallineen,3
Lähteistyksen,3
Nuppitohtorilla,3
Kuvaruudulle,3
Satelliittidataa,3
Kuolemansairaalle,3
Messukylässä,3
Pystyisinkin,3
Vartiotorneissa,3
Morsiamien,3
Potkittuaan,3
Hökkelikyliin,3
Findie,3
Nimittäjäksi,3
Peruntuu,3
Sananvoimalla,3
Käynnillään,3
Ydinalueen,3
Paikanhakijat,3
Bläkyy,3
Hintelästi,3
Surfacella,3
Villimiehiä,3
Pyrkinut,3
Maantieolosuhteissa,3
Käkkimään,3
Ivecon,3
Tunkeutujiksi,3
Lähihistorialla,3
Hönkimättä,3
Katuryöstö,3
Telkänpöntöillä,3
B6stettiin,3
Kuvanmuokkauksessa,3
Salihousuja,3
Onnistuhan,3
Kaupunginrakennus,3
Statuksista,3
Integraatioineen,3
Ruiskeet,3
Alkamispäivämäärää,3
Idealisoitua,3
Räntäpaska,3
Kesäänkin,3
Lähivaltioista,3
Nimissämme,3
Kaavoitusvaatimukset,3
Tabloideille,3
Mikrotasolta,3
Lentotoimintaharjoitus,3
Hallinointikuluja,3
Säilytysmaksua,3
Miljardeina,3
Kuninkaalliselta,3
Viilauksista,3
Mitläufer,3
Velvollisutta,3
Yksityisautoilet,3
Heitettävien,3
Liike_kaarii_miljoonia_vuokra,3
Asuntoyhtiostaan__asumistuet_valuvat_osinkoina_liitoille,3
Kuukausirahan,3
Kvintiiliin,3
Päänsäkin,3
Katumaton,3
Tosialliset,3
Hershey_bar,3
Ikonisessa,3
Voihapoksi,3
Perkleesti,3
Hellankulmaan,3
Kuntoutuskelpoinen,3
Vallanpidon,3
Pullataikinaan,3
Luterilaisuudessakin,3
Höllentäisi,3
Kovasydämmisyyttä,3
Palveluksestahan,3
Rouviksi,3
Helevettilääne,3
_realistinen_,3
Markkinaohjauksella,3
Lamminen,3
Työkalukauppaan,3
Xylitolipastilleja,3
Promillelta,3
Presiksessä,3
Dach,3
Volyymeista,3
Vinksahti,3
Pahvikuppiin,3
Oligopoliksi,3
Vuokrapaineita,3
Työyksikön,3
Kaurapohjaisen,3
Listimällä,3
Museokortista,3
Rahapooli,3
Kupatessa,3
Altavastaavana,3
Näkyvimmässä,3
Feminismissähän,3
576i,3
Kovasydäminen,3
Vankkumattomalla,3
Pulille,3
Guinn,3
Lottovoittajaksi,3
Vakuuttelulla,3
Pitäsikään,3
Looraa,3
Kielitasolla,3
Remppais,3
Kotiäiteyteen,3
Yrityshautomo,3
Ihmisarvoisina,3
Pyörittelevien,3
Lukuaikataulu,3
Kommunistilakeja,3
3kkn,3
Antonista,3
Saumaakaan,3
Laskeutuneelle,3
Huoltapitävät,3
Epiktetos,3
Johtohenkilöiltä,3
Mcneillin,3
Objektivismille,3
Masteroidaan,3
Bakteeritoiminnan,3
Vapauttaman,3
Paikkansapitämättömyys,3
Frapen,3
Metsäbiomassan,3
Tummine,3
Kontekstisidonnaisuuden,3
Gaydaria,3
Myötäeläjiä,3
Revontuliksi,3
Pakkohaastatteluja,3
Tekonivelleikkaukset,3
Kaataneensa,3
Tavoittelemattomuus,3
Jopakontekstinkanssa,3
Räikkälenkki,3
Riistohinnoitteluun,3
Kokonaisvaikutukseltaan,3
Kirjoittamisvaiheessa,3
Följyssä,3
Tennistähti,3
Nyrpistä,3
Ejakuloin,3
Valtiolaina,3
Passivisia,3
Profiloituvien,3
Koulukiusatutkin,3
Korvaajansa,3
Työkyvyt,3
Yöperhosia,3
Nääntymäisillään,3
Vegejuustoa,3
Mielenterveyskuntoutukseen,3
Tuotantokiintiöiden,3
Uusintakatselua,3
Metsäomaisuuden,3
Railakkaampia,3
Tömännyt,3
Hakkautti,3
Ainejärjestötoiminnasta,3
Ärsyyntyneisyyttä,3
Vähittäismyyjälle,3
Projekte,3
Immobilien,3
Tosifaktoja,3
Energiareservi,3
Tönityksi,3
Murhakeississä,3
Perusvihanneksia,3
Vanulappuja,3
Amerikkalaissa,3
Mentoria,3
Huonolaatuisina,3
Aggressioilla,3
Raksahti,3
Halpiskone,3
Aarreaittoja,3
Taistelukykyisinä,3
Viileytesi,3
Kyylähän,3
Arkitilanne,3
Treenauttaa,3
Pääkomponentin,3
Sirpaloituneet,3
Paleltanut,3
Bellan,3
Rikostapauksista,3
Tähtikartan,3
Kielenkehitystä,3
Sokeriveroksi,3
Tuhmalta,3
Alaisihin,3
Maaemihin,3
Kätkyessä,3
Köynnösten,3
Näköiskappale,3
Kershawin,3
Taikaseinärahat,3
Pitsakiven,3
Määräaikasuutta,3
Permikaudella,3
Järkeistät,3
Verkkokurssille,3
Ohikulkevasta,3
Kaistoina,3
Nauhottelee,3
Ylidramatisoimatta,3
Arvoasteikossani,3
Upporikkaana,3
Lusmuan,3
Uusikaupungista,3
Näivettyessä,3
Laajakaistaisesti,3
Työnvälitysyrityksen,3
Tuottoarviot,3
Terapeuttisille,3
Retreats,3
Tulosperusteisesti,3
Orjanomistuksesta,3
Sääennusteesta,3
Koodilukon,3
Luuristaan,3
Rääkättäisi,3
Häkkimunia,3
Kylmettyi,3
Siellå,3
Ulkonevan,3
Kyrpiintymään,3
Tukioita,3
Kyyditettävää,3
Yöpyjä,3
Ulkostettu,3
Vanheneekin,3
Tulojemme,3
Tutkimusaluksia,3
Erikokoisina,3
Terniä,3
Tuotetieto,3
Taulukkolaskimeen,3
Virikehäkkikanaloissa,3
Kuvaliite,3
Fodorin,3
Lokimerkintöjä,3
Jäsenmaksutuotot,3
Tunnusomaisesti,3
Latautuakseen,3
Maailmankaikeuden,3
Hypergamisia,3
Novartiksen,3
Pyörähtävän,3
Runnellun,3
Myöntäminä,3
Asumistukisysteemiä,3
Kääntyvistä,3
Nivelbussin,3
Burkinikiellon,3
Marssittaminen,3
Pledging,3
Yritysnumeroita,3
Biakseni,3
Polarisoitujen,3
Kaasutellen,3
Disclaimereilla,3
Tutkimusapurahoja,3
3kiidsec3zc,3
Viisasteleen,3
Markkinatalousmallissa,3
Valakonen,3
Tähdennettiin,3
Homofoobisiksi,3
Haasteetonta,3
Pitemmä,3
Unnutus,3
Vaihtehtoisia,3
Halustaa,3
Pastemagazine,3
Tulostelua,3
Puutarhaliikkeessä,3
Väll,3
Ihmispoloista,3
Keskikorokkeet,3
Kansikuvilla,3
Tekemisee,3
Tuskatta,3
Nälissää,3
Autopelin,3
Pääväylältä,3
Näkvyyttä,3
Pointtiansa,3
Aurakadun,3
Liikennesuunnitteluna,3
Pisaroilla,3
Nysvättyä,3
Guuglaat,3
Ejqjqvfayok,3
Proggikseksi,3
Videoblogeja,3
Tuomiani,3
Shaaria,3
Satunnaispelaajalle,3
Opiskt_2012_2014,3
Danielpipes,3
Liikakalastettu,3
Ignorasivat,3
Koulutusrakenteen,3
Invamerkki,3
Väliaikatietona,3
Rajamiehillä,3
Kirjoitusoikeus,3
Jalompien,3
Budjettiensa,3
Provokatorista,3
Luullessasi,3
Halpakahvia,3
Silotellun,3
Rajajokena,3
Minkäkokoset,3
Snadimmat,3
Nopeusrajoituksiahan,3
Yrtiys,3
Rampauttamatta,3
Ihmiskulttuureissa,3
Luotaantyöntävät,3
Tuottavuuteesi,3
Ulkokuteet,3
Mielenmuutoksen,3
Yliop,3
Poliittikot,3
Korvauksistakin,3
Pyykkäisivät,3
Tehdaskompleksin,3
Ansiohin,3
Painineen,3
Toimitukseksi,3
Ammattioppilaitoksen,3
Talonrakennusalalla,3
Mokiakin,3
Tekotaidetta,3
Nollakasvussa,3
Pajareita,3
Iltoinakin,3
Rakennusjärjestyksen,3
Nuorilleen,3
Jälkinen,3
Uudelleenlämmittelyjä,3
Sarjaraiskaajalle,3
Ruoskija,3
Lippulaivapuhelimeen,3
Näyttävämmän,3
Statussymbolista,3
Lauhkeaa,3
Sopimuksiensa,3
Nw5sfjks8k4,3
Ylemmyden,3
Liidinä,3
Läpsyttelyltä,3
Tuloksee,3
Tämmösenään,3
Tahtilajeja,3
Hanhenpaskan,3
Puhujansa,3
Moottoritehtaan,3
Tomaatteina,3
Reunailla,3
Vapottelua,3
Osumaakin,3
Pihtaillut,3
Rasvailee,3
Metsäpornon,3
Suorasanaisuutta,3
Kuljettajani,3
Tarkoittavalle,3
Havainnoinnilta,3
Pikkusiin,3
Hyppimis,3
Ajatumassa,3
Rötväilis,3
Maksimoituja,3
Suhautan,3
Internettinä,3
Monivivahteista,3
Mielipidevapauden,3
Luokkaantuminen,3
Assaroinut,3
Napsamaan,3
Ryhmäprojekti,3
Johdattelemina,3
Nahistiin,3
Hääppöisen,3
Strengin,3
2promillen,3
Piparii,3
Virikehäkit,3
Mallikuvien,3
Opetusvälineistä,3
Tweaktown,3
Prinsessoiksi,3
Helvetillisimpiä,3
Fligstein,3
Sivuhuomiosta,3
Patalappua,3
Engestrom,3
Syyrian_kurdistan,3
Uituaan,3
Leipälajini,3
Vallinneita,3
Murhapääkaupunki,3
Huumorillakaan,3
Depressiivi,3
Gaddafikin,3
Seksisymbolina,3
Häpynsä,3
Huumekuriiriksi,3
Unconditionally,3
Critiquing,3
Surussani,3
Muslimilapsen,3
Lojack,3
Ensilumea,3
Mielikuvituksellisimmissa,3
Bisnekses,3
Ylittäjän,3
Pikkulottana,3
Puhekanavia,3
Revitäänkin,3
Housunlahkeista,3
Harrasteleva,3
Saunahetkiä,3
Herukoiden,3
Kaupallinenkin,3
Myynneillään,3
Yhteissaunaa,3
Värkkeinä,3
Julkaisuineen,3
Väriläiskät,3
Rattaasta,3
Vihrealla,3
Kloppin,3
Sipsuttaa,3
Ananaskampaus,3
Aspoilla,3
Juttukumppania,3
Arpiani,3
Destabiloiva,3
Kumarrellessa,3
Kalpeuden,3
Makarainen,3
Vastapuolestakin,3
Avomielisyydestä,3
Taiteilijanimillä,3
Kampanjallinen,3
Kierteella,3
Rahaliikkeen,3
Kitkattomammin,3
Infrapunasäteilynä,3
Pölyimurin,3
Uskovaiskonservatiivit,3
Apinalaumojen,3
Vispaamisen,3
Väitelleeni,3
Kasvatellen,3
Kajalia,3
Audiovehkeet,3
Vesimolekyyliä,3
Tuettavana,3
Haude,3
Käännelleet,3
Persuliike,3
Gringen,3
Ylimmäisessä,3
Järkyttömän,3
128kb,3
Asumistukijärjestelmät,3
Tekaisemalla,3
Composure,3
Equord,3
Mensfitness,3
Automaattivaihteisiin,3
Datacapit,3
Saunankiukaita,3
Vastaprotestina,3
Vuokrakorsussa,3
Kännykkäkameroista,3
Puolijohteilla,3
Elaketurvakeskus,3
Elkejrjestelmn,3
Printtiversioita,3
Bunnyt,3
Lisääntymisnäkökulmasta,3
Developeria,3
Amppeeria,3
Sivustonlaajuisten,3
Tilaisikin,3
Exoduksessa,3
Polttomoottoriautohan,3
Haavoittavasti,3
Tuijotelleet,3
Nuhteettomampia,3
Maailmantuhoajat,3
Nähneeltä,3
Tiijetä,3
Peilikirkkaan,3
Vaihtajaksi,3
Tuottiin,3
Deskille,3
Betonilattian,3
Linssini,3
Pinnotteella,3
Maintisin,3
Talkoovoimilla,3
Käsitöitään,3
Maalaillutkaan,3
Arvoit,3
Yhdistätte,3
Graduilla,3
Hakemuksisa,3
Kuvailemmallasi,3
Laajalevikkisessä,3
Unchallenged,3
Vitsiäkään,3
Matalapalkkatyo,3
Erityisaloja,3
Theyve,3
Lottovoittokin,3
Hintasäätelyllä,3
Rikosperusteella,3
Unkarilaiselta,3
Pehmoilla,3
Töpätään,3
Kosteilta,3
Biology_and_sexual_orientation,3
Putoilleet,3
Käyttismatskua,3
Kauppatiedettä,3
Pyykkipojalla,3
Täysiaikaisesta,3
Samansävyisiä,3
Kolussa,3
Raidamaan,3
Palkanneeksi,3
Monosakkarideja,3
Vararavinnoksi,3
Muinaisihmiset,3
Laboranttien,3
Kitiskää,3
Maalaistolloja,3
Keksitäkään,3
Ajoajasta,3
Uradiplomaatteja,3
Stressanut,3
Havaitaanko,3
Soittamien,3
Kuukausitunnit,3
Tarjahan,3
Keittiöjakkaralla,3
Vasemmistoväkivallalle,3
Bruttoansioista,3
Avaimettoman,3
Johdettavasta,3
Jakavasi,3
Kuudennekseen,3
Hyotyvat,3
Todellisuudestani,3
Hammasvakuutusta,3
Gillettellä,3
Pehmennän,3
Käyttämättömiäkin,3
Toimijia,3
Nahkaremmiä,3
Vasemmistoväkivallasta,3
Talousryhmän,3
Nykysenkaltainen,3
Potilasmaksuja,3
Ihailtavampia,3
Arjal,3
Puhelinyhtiötä,3
Kuolemattomina,3
Kotityönä,3
Peräytyminen,3
Hiuksisen,3
Oikeistokonservatiivisuudesta,3
Franchiseaan,3
Asiayhteyksillä,3
186k,3
Kannattamalleen,3
Spesifimmissä,3
Viisinkertaistettaisiin,3
Taloussokerista,3
Elinkaaremme,3
Antisemiiteistä,3
Tuhopolttajiksi,3
Kuuluisaks,3
Pesualtaassa,3
Neetin,3
Vuokrarahani,3
Etnonationalismiksi,3
Neeteistä,3
Massahyökkäystä,3
Työnhakijatkin,3
Suotyypit,3
Tasotan,3
Joukkoyksikköä,3
Professoreillakin,3
Tiskinalustarjouksia,3
Ykkösvaihtoehtooni,3
Käsikassaranaan,3
Ammattiauttajille,3
Efforttina,3
Wilkes,3
Artikkelisarjaa,3
Puolitoistaviikkoa,3
Pienempikään,3
Pallokerhon,3
Syljette,3
Kaiveleva,3
Kuntoutustoimia,3
Täytäntöönpanemista,3
Palautekyselyn,3
Eritasoisista,3
Tutisseet,3
Eläintenpitokieltoja,3
Luonnehdinnalta,3
Asiakaspalvelunne,3
Jääteehen,3
Näytöslaji,3
Rakentaneeni,3
Sökösakissa,3
Vaalentamalla,3
Hallinnonaloille,3
Webbisivussa,3
Pelitilanteita,3
Pakolaisuudeksi,3
Siviilipalveluna,3
Tasapainotilannetta,3
Teacup,3
Naturalistisesta,3
Sisuskalusi,3
Layerina,3
Harjoitteisiin,3
U7ghu2s,3
Sanskriitin,3
4c25,3
Kasvattelet,3
Lähtölaskennalta,3
Meinisi,3
Propagandauutisia,3
Pulppusi,3
Hengenlähtökin,3
Pioneerikoulutuksen,3
Sumutteissa,3
Liitetiedoissa,3
Kiiruhdan,3
Miespotilaita,3
Linesta,3
Lihapakkaukset,3
Hätäkeinoja,3
Selvittäneeni,3
Käyttöetäisyys,3
Nikolainkirkko,3
Rakentavampiin,3
Paikallisillekkin,3
Räyhäävän,3
Fogin,3
Unittia,3
Valtiokontrollin,3
Legitiimissä,3
Arvopaperimarkkinoilla,3
Pippurisumutteetkin,3
Lupavapaina,3
Ulkopuoliseks,3
Taikametsästä,3
Luostarivuoren,3
Mielenkuvaa,3
Kirjastotädeillä,3
Suhautettua,3
22_tau_001_fi,3
Juristillekin,3
Saataiisiin,3
Kertainvestointeja,3
Nain_palvelemme,3
Keskimaaraiset_kasittelyajat_aikaisempina_vuosina,3
Tapakusessa,3
Likoomassa,3
Väitöksestäni,3
Näpläämään,3
Ihmisjakauma,3
Kuvakseni,3
Irtoteehen,3
Vanhoillisimpia,3
Kattookin,3
Hyvinvointijärjestelmästä,3
Läpsäiset,3
Koodistopalvelu,3
Codeserver,3
Helsinkini,3
Repsahdusta,3
Viraalihittiä,3
Kumartavia,3
Ulkoisvaikutuksiltaan,3
130ä,3
Minimipalkastakin,3
Pomppaamisen,3
Järjestysvallan,3
Alanuolitettiin,3
Juhlilta,3
Kilpirauhashormonia,3
Kilpirauhaspotilaita,3
Mossata,3
87s,3
63s,3
Selviämiskeino,3
Copypasteemassa,3
Vaivaamiseen,3
Etutassuillaan,3
Kykenemättömyydellä,3
Vähimmistöjä,3
Tuhkimotarinoita,3
Peliliikehän,3
Kauaskatseisempi,3
Pohjustivat,3
Panteismin,3
_virginia,3
Paris_commune,3
Sekajäteastiat,3
Yhteiskuntiakin,3
Harmittavaan,3
Kuuraamassa,3
Mietenkään,3
Laitostumiseen,3
Märitellään,3
Semirealistisesti,3
08_tau_001_fi,3
Untuvatakkeja,3
Ratchetin,3
Lääkintävahtimestarin,3
Kaksinaamaiseen,3
_omassa_,3
Sabotaasioperaatio,3
Kerhotaloon,3
Hyökkäisimme,3
Meikkää,3
Hällström,3
Puolueellisuuteni,3
Käskyjensä,3
Sympatisoimatta,3
537ubd,3
Helsingin_asemaaukiolla_pahoinpidelty_mies_kuoli,3
Kammareissa,3
Neuvistoliitto,3
Holmesille,3
Socratic_method,3
Pirilaskut,3
Benkin,3
Kakkakikkareita,3
Islamofasistit,3
Henkilokuva,3
Nyysimistä,3
Yhteysnopeuksia,3
Ulllatuuus,3
Välittyikö,3
Reijällä,3
Aloitteellista,3
Napakkuudesta,3
Kentiltään,3
Nuhteleva,3
Partneriasi,3
Tujoittaa,3
Supermassiivista,3
Myöhästymisessä,3
Paremmuudestamme,3
Palonsammutus,3
Lempparipuuhaa,3
Aatelisarvon,3
Nollakommentoimisen,3
Läpiviemisestä,3
Majailtu,3
Huoltotehtävät,3
Katukivillä,3
Ärsytävää,3
Onanoinnit,3
Kommervenkin,3
Signaalitiedustelussa,3
Mittaaviin,3
Palveluväki,3
Erityisesta,3
Rikkaillekkin,3
Yritysostoon,3
Hunajapurkille,3
Kattovinani,3
Terroristiarmeija,3
Puolvälin,3
Virheasentoon,3
Ahvenanmaan_kysymys,3
Säikympi,3
Rahalipas,3
Kyläneuvoston,3
Ammatiliiton,3
Junnusarjoissa,3
Mordbrand,3
Poistanutkaan,3
Vyötettynä,3
Johdannaissopimuksilla,3
Oikeusjutulta,3
Teleporttauslaite,3
Apinalaatikon,3
Pääkalloni,3
Pullokassien,3
Pullokassia,3
Naksautti,3
Skeittikenkiä,3
Katsoneetkaan,3
Statementistä,3
Yhteisvalintaan,3
Mongooleihin,3
Suoraviivaisiin,3
Antilooppien,3
Pikavippeinä,3
Paperiversioiden,3
Rehdeissä,3
Yhdistävänsä,3
Kirjotuskoneella,3
Kuraansa,3
Piirittäneiden,3
Apokryfikirjat,3
Itsepuolustuslajina,3
Puolustautuman,3
Sisäänpääsyvaatimus,3
Suurriistaan,3
Tepsineen,3
Huudeltuaan,3
Röllipeikkoa,3
Vihakone,3
Vuorokausiin,3
Digitalisaatiolle,3
Reposteltiin,3
Toimininen,3
Byrokratioihin,3
Kadonnet,3
Joukkoviestintävälineet,3
Myöhensi,3
Dippipussit,3
Paksuimmillaan,3
Kuromukuro,3
Asettumiselle,3
Oppimishäiriöinen,3
Hämärtääkseen,3
Buckia,3
Maahanmuuttajavastaisuutta,3
Tötsyjä,3
Kaksinapaiseen,3
Kyselensuomelta,3
Kurinpalautuksella,3
Vittulemaan,3
Kaleeriorjia,3
Intiimiyteen,3
Gxcq,3
Perähikilässä,3
Vihreetkään,3
Nykyvaltion,3
Ääriradikaalien,3
Viikonloppupainotteisesti,3
Kylmäveriseen,3
Twiitein,3
Huomaamaa,3
Settingistä,3
Skinarin,3
Arvojohtajalla,3
Marco_de_wit,3
Adjutantteina,3
Kahvinjuojana,3
Reformoitaisiin,3
Senssipalsta,3
Neitseellisyyttä,3
Käyttötiheyden,3
Valkokaulustöissä,3
Vastuuasemissa,3
Maatumiseen,3
Nilkkimäinen,3
Miettieä,3
Argumentoinissa,3
Kuuluisahkon,3
Pintarakenne,3
Kärkinelikko,3
Louskuttaja,3
Nauretuksi,3
Hapenottokyvyllä,3
Vähänkä,3
Potkasis,3
Augusto_pinochet,3
Mansikkia,3
Mamuväestön,3
Parkiksella,3
Oppitunnissa,3
Puhunevat,3
Jumpsuit,3
Strobovalojen,3
Sivuttaispito,3
Alkajien,3
Maakaasuksi,3
Addiktoivimpia,3
Fudisjengin,3
Dekstroamfetamiinia,3
Julkituloihin,3
Nukahdella,3
Kattokäsitteiden,3
Näkemyksissäni,3
Internetkommenttien,3
Yömyöhäsellä,3
Esimerkkilausetta,3
Caravaani,3
Puffaaminen,3
Whatabouttaamalla,3
Vaihdatuttaa,3
Kynttilämerta,3
Vetäisten,3
Keskustelukentällä,3
Eturenkaisiin,3
Rape_in_saudi_arabia,3
Ajatuspolisointia,3
Paperikasaa,3
Kuolinsyytutkimuksen,3
Matuna,3
Uhka_,3
Moodeilla,3
Väikkäreitäkin,3
Anarkisteistakin,3
Menemmän,3
Privaservut,3
Vahingontekoihin,3
Johtotyyppi,3
Alkoholihuuruinen,3
Turistihinnat,3
Digitalcombatsimulator,3
Zombejen,3
Päämärään,3
Impressionable,3
Misrepresents,3
Historianhan,3
Yksityisomisteisuus,3
Kermaperseilyksi,3
Estäviltä,3
Gaineja,3
Hajuilta,3
Fieldsoc2016,3
Yhteise,3
Keksimälleen,3
Kaupunginvaltuutetulta,3
Abstraktimmalle,3
Kohautuksen,3
Uutisenarvoista,3
Melankoliassaan,3
Tehynt,3
23cde557,3
Helvetinkoneella,3
Pysäkilläni,3
Wap2,3
Bussivarikko,3
Mieleään,3
Approksimaationa,3
Näsäviisastellen,3
Hupiukkoilua,3
Kannabispiikittäjä,3
Lentopotku,3
Intissäki,3
Rangaistuksenomaisista,3
Valtioidenvälistä,3
Itsemurhayksiööni,3
Pikkukaverilla,3
Kaupunkivaltuuston,3
Boksereis,3
Eläkkeellejäännin,3
Mukanaantuomat,3
Koristelemassa,3
Saamelaisuudessa,3
Tulikettua,3
Äärikoikeiston,3
Kuolemantuottamiseen,3
Wonterghem,3
Wotin,3
Justihin,3
Dissaamiseksi,3
Vastoista,3
Koklaan,3
Rattijuopumusrajaa,3
Riktad,3
Kymmenyksille,3
Osoitetarran,3
Palkkatyöläisistä,3
Kitkemme,3
Sääntömääräiset,3
Minimipalkkalaisia,3
Laputkin,3
Verkkoonkin,3
Rakentuneisuuden,3
Lottoajien,3
Esikuvaan,3
Pueria,3
Tunneliyhteyden,3
Bukowskista,3
Hoitokäytännöistä,3
Vastamielen,3
Neekerihän,3
Kuplamuovi,3
Bussifirmalla,3
Somalilaisia,3
Optimaaliratkaisu,3
Markettikama,3
Peruslaadukasta,3
Tullaisit,3
Landepaukulle,3
Postitoimistoissa,3
Lainakalustoa,3
Superpositioon,3
Taloudellisetkin,3
Feedbäkkiä,3
Toompealla,3
Onnituneet,3
Reposaarelaisen,3
Bussivarikkoja,3
Olemassaoloaikansa,3
Sisälläpäin,3
Onnelisuudesta,3
Pi3,3
Pastafariksi,3
Pastafaristi,3
Ihailut,3
Kätkeytyvän,3
Ilmoitussivu,3
Tuplatulla,3
Vihapuhuminen,3
Budhalaisuudesta,3
Maanjäristysriski,3
Arveluttavimmat,3
Epäiltäisiinkin,3
Ilmeisestu,3
Rääväsuun,3
Kleptokratiamaustein,3
Autoritarian,3
Vastustettavien,3
Oerlikonin,3
Ammattitermistöä,3
Donnerilta,3
Tietosuuden,3
Seksisymbolin,3
Pahantekijöinä,3
Heimoveljiensä,3
B6notto,3
Pudoteltiin,3
Turvapaikanhakujärjestelmään,3
Riehunnalle,3
Allapiileviä,3
Perämettistä,3
Ilmantorjuntaan,3
Tahmaaminen,3
Piiritysrenkaan,3
Häpeätahraa,3
Paikkaajista,3
Seksuaaliterveysvälineitä,3
Tr00,3
Kruskopfin,3
Älypuhelimellaan,3
Uudeta,3
Positiivinenki,3
Aallonpohjalta,3
Rakennusurakoissa,3
Perinnältä,3
Rotusorroksi,3
Harjateräksiä,3
Konfederaatioksi,3
Metrojärjestelmää,3
Metrojärjestelmä,3
Etsiytyi,3
Ukkomiesten,3
Jatkoksia,3
Thunderbirdissä,3
Digitalistit,3
Availematta,3
Aparaatilla,3
Resistiivistä,3
Nestleäkin,3
Emmakari1,3
Tuunattaisiin,3
Propagandavideolla,3
Humaltuvaa,3
Muovitehdas,3
Kuvitelmassani,3
Suria,3
Kukassaan,3
Tuotantotyön,3
Takavarikoimasta,3
Panderoiva,3
Ohjeisiinkin,3
Trustista,3
Suklaakakusta,3
Ammattitrollit,3
Liikemieheksi,3
Esilämmitysvastus,3
Alkoholiholhouksen,3
Korporaatiovallan,3
Presidenttiydestään,3
Idrottsföreningen,3
Korporaatiovalta,3
Kannattajaryhmien,3
Evar,3
Lopputulokseesi,3
Haudutukset,3
Kieroilijoita,3
Vastatoimen,3
Possa,3
Kassalinjalla,3
Tiedettii,3
Kirjeenvaihtoaan,3
Käsiliikkeet,3
Ääriaineisto,3
Löytäjäkin,3
Salassapitoluokan,3
Whitelistin,3
Ipstä,3
Poroisäntien,3
Fluff_bunny,3
Pohjanmaalaisille,3
Horjuuta,3
Haittaeläiminä,3
Sisarjärjestön,3
Heteromiehinä,3
Karttuselle,3
Cissukupuolisesta,3
Värittelevät,3
Ekshibitionisti,3
Pummaaminen,3
Peilikuvasi,3
Ränsistyneessä,3
Asumiskunnossa,3
Suomeltahan,3
Vihamiehestä,3
Epäkorrekteihin,3
Päivittelevän,3
Kuntatyöntekijä,3
Ostoshelvetti,3
Kylmäverisestä,3
Kuntatyöntekijöitä,3
Ansiotuloveroprosenttiin,3
Cliffhangeri,3
Minkäalan,3
Soitellutkaan,3
Ritti,3
Ndi9vkgw_1y,3
Puettavat,3
Väittelykumppani,3
Häiriköijää,3
Korjaushoitoon,3
Taltioitava,3
Miessikoja,3
Sukupuolihormonin,3
Kaupunginhallitusta,3
Pienemistään,3
Vaittanyt,3
Ulottumisesta,3
Kuulokkeeet,3
Laumahenkeä,3
Evakuoitavaksi,3
Vastakohtaisen,3
Pidätysmääräykset,3
Iobtemsxqzo,3
Loppaa,3
Macgyveristä,3
Sansibarissa,3
Opettelemiseksi,3
Vaikutusvaltaani,3
Palautekeskustelussa,3
Ezl9l9vet44,3
8ssa,3
Sylivauvoille,3
Naismuistiin,3
Edistämiskeskukselta,3
Piisas,3
Julumetusti,3
Perisyntien,3
Kirjoitusvirheenä,3
Kehontuntemusta,3
Vuoropäälikkö,3
Osteaan,3
Oikeusjutuille,3
Lehdelläkin,3
Myyntikojua,3
Ruokalähteet,3
Vaellukseni,3
Tarkoittaville,3
Huonopalkkaisempi,3
Viivästymisiin,3
Alkumainoksissa,3
Mamupropagandaa,3
Mietittäväks,3
Kahdeksantuntisia,3
Stationille,3
Foodsafety,3
Jmprsummary2016,3
Softwares,3
Plasmatykki,3
Tupakkayskää,3
Dllä,3
Ammoisella,3
Uhkapeliaddiktiota,3
Osaalue,3
Koiraankin,3
Bilarna,3
Jcv081,3
Meemuina,3
Intertekstuaalisesti,3
Kuulotutkimuksissa,3
Litrakohtainen,3
Laillistako,3
Figuilla,3
Imartelevin,3
Maailmahistorian,3
Stormbringer,3
Loitsuihin,3
Metsästäjiksi,3
Rynnäköinyt,3
Jaksonkin,3
Puolipussia,3
Mielenongelmat,3
Ilmoitusasiasta,3
Digimoneissa,3
Pelastushenkilöstöä,3
Jalometalleista,3
Pitee,3
Seres,3
Kuvailunsa,3
Daqin,3
Dramaattisestikin,3
Hymyilevänä,3
Vihamielisiäkin,3
Poistuvalla,3
Underemployment,3
Puutarhuroinnin,3
Avomaastossa,3
Kipupisteessä,3
Chapseja,3
Kokoonpanoin,3
Talousveturissa,3
Perehdyttämisellä,3
Uudelleenlämmittelyssä,3
Huoltovapaat,3
Monsanto_legal_cases,3
Vetoavalle,3
Opiskelemattomuuden,3
Kirjoitusjärjestelmät,3
Seipäillä,3
Helpottus,3
Menestyvämmät,3
Pätkätöiksi,3
Salajuonihan,3
Ilmaisujasi,3
Yksistää,3
Nukkuakseen,3
Hakattin,3
Cafc,3
Meilata,3
Bioshockia,3
Kaytettavissa,3
Kusisempia,3
Karkeuteni,3
Qruiserin,3
Vakiopaineessa,3
Itsenäisyydenkadulla,3
Painimasta,3
Network_effect,3
Merihenkiset,3
Ű,3
Aakkosien,3
Urastani,3
Linuxillekin,3
Taustakohinana,3
Työreservi,3
Jugurttini,3
Linuxhan,3
Kielitestejä,3
Varastoduunarina,3
Kansakoulussakin,3
Prato,3
Lapsisairaaloihin,3
Maidottomassa,3
Hankintayksikot,3
Logiikkastasi,3
Mobiilisäteilyä,3
Petryn,3
Syöpäsäteilyä,3
Roturealismilla,3
Sydänmätä,3
Bioinitiative,3
Rakennussektoreilla,3
Arjessan,3
Anastaisi,3
72l36v,3
Video_rasistisesta_laboratoriohoitajasta_levi,3
Korvarenkaat,3
Warmbierin,3
Reskinnattu,3
Noreask,3
Vimfx,3
Vieraslistojen,3
Humain,3
Frimurare,3
Kvinno,3
Tongar,3
Mäftemmin,3
Kasvumahdollisuutta,3
Malikin,3
Bayless,3
Barates,3
201709292200427823_u0,3
Kekistani,3
Koodimuutoksella,3
Gotlantiakin,3
Tarvitsimisella,3
Prefrenssit,3
Huppujannut,3
Kreationismilevelin,3
Askenaasijuutalaiset,3
Shi2z4y5pyc,3
Bumpfire,3
Valtavirtameno,3
N7672,3
Nuaimi,3
Käskemä,3
Asenäyttelyistä,3
Taustateoriat,3
Vedonlyöntibusinesta,3
Whoisguard,3
Pt127,3
Subautocorrectbot,3
Laskutrendin,3
Dnwi4x6,3
Laukaisukäskyä,3
Tulvivasta,3
Myyntipäällikköä,3
Kerjuukippoa,3
Whistles,3
Markkinaidealismia,3
Obscures,3
Bottiarmeijasta,3
Suurlukki,3
Katerina,3
Veronmaksukykyisyys,3
Pakkokastraatiot,3
Huipputaloustieteilijöistä,3
Liiketoimintaidealta,3
757cl5,3
Assemblywomen,3
W54,3
Ayla,3
Albayrak,3
Itähuoran,3
Postimyyntimorsiameksi,3
Soeiro,3
Täessä,3
800kr,3
Riskipääomana,3
Dysfunktionaalisissa,3
Rightsotureiden,3
20muep,3
Jokasyksyiset,3
Chachay,3
Tsahi,3
Penseään,3
Kiinteistöstäkin,3
Tukipalkkioksi,3
Nojatuolidiagnoosia,3
Varoitetaanko,3
Paloilmoitinhälytyksistä,3
Älyvaahtopetari,3
775wpf,3
Doj9qh4,3
Yöpymisvuorokautta,3
Jätskipalloista,3
Hilkkeet,3
Kasvattelijan,3
Vihaamistapahtumaan,3
Bongeilla,3
Qw1a0otzm,3
O1iyl,3
Kaaliruokien,3
Paperiliittimien,3
Vasenpuolueet,3
77z32c,3
Whon_johtaja_aikoo_mietti,3
A4_mugaben_nimityst,3
Ripeemmin,3
Halpahallipatruunoista,3
Jumppanen,3
Kansalaisisita,3
Sleaze,3
Selitysosiossa,3
Helsinkivantaalta,3
Kiistala,3
Muslimimatujen,3
Ongelmamatuja,3
Kasvinjalostuksesta,3
Ohjatuiksi,3
Kannabishörhöt,3
78eayv,3
Rehellisesti_sanottuna_sinulla_on_oltava_eritt,3
Yllämaintsemasi,3
Mekanoreseptorit,3
Tykkäilemättä,3
Telepresence,3
Natsijopo,3
Juonittelevasta,3
Keskipohjanmaallakin,3
Poisheitettävissä,3
91a7f92b,3
D4ba,3
8022f9bb944d,3
Da7a6ca4f62b0a51766413d5209ff0bd,3
Åulo,3
793qs6,3
Ostin_kaljaa,3
Sarnecki,3
Rintamasotilaiksi,3
Randomjamppa,3
Teevät,3
79aumy,3
Alkuperäisromaanissa,3
Sauludo,3
Kulttuurituotos,3
Puolisuunnikkaan,3
Yläleveys,3
Ympäristösektorin,3
Äärikyynisen,3
Kulttuurituotoksien,3
Vakituomio,3
Akatemiamääritelmien,3
Yhteiskuntavastaisuutena,3
Xq0drubmk5w,3
79qd19,3
Rsuomi_pkseudun_pikkujoulut_9122017_1800_bruuveri,3
79vo2p,3
Tahtihetki,3
Jymähtänyttä,3
Yritysveronmaksajien,3
Kieltäviksi,3
Stantonissa,3
Colonizing,3
Loukkaantumisjuna,3
Jacobsonin,3
Salaliittoteoriapiireistä,3
Seksuaalisuuntautumiset,3
Nogozone,3
3930k,3
Mihinvittuunvaanmuualle,3
Asekeräilijöitä,3
Kuoritettua,3
Hakuasemilta,3
Tuntemiskykyisille,3
Qxswxgs,3
Miespäähahmoja,3
7b450x,3
Miten_kertoa_lapsille_avioerosta,3
Kaesittelevaeaen,3
Porssiomistusten,3
Verokatujille,3
Veronkiertotoimien,3
Txjvxbap,3
7bcauh,3
Elbailee,3
7bc9z9,3
Deskriptiiviinen,3
Kuoroulvonnat,3
Technohead,3
Sonics,3
Tuloasteikkojen,3
Hyodyksi,3
7bsieg,3
A4riseura_duodecim_ehdotettu,3
Dpkqkah,3
Milner,3
Sepittelyt,3
Ложка,3
Yasunari,3
Smokkeja,3
Kaupunkirakenteeltaan,3
Lauantaipussien,3
Koristekäyttöön,3
Wietpass,3
Foreurope,3
Instituonaalista,3
Demotehtävää,3
G189948,3
Tampere_pirkanmaa,3
Streetwiseprofessor,3
Hankaloittavina,3
Tietoturvajärjestelmällä,3
7d1g6y,3
Kitkerintäkään,3
Log7,3
Jwh5_ga0ziy,3
Piilottaneille,3
Niinimaan,3
Harjoittelujonoissa,3
Loukkaantuviakin,3
Käyttöhyödystä,3
Poranteräsarjan,3
Puukkoskinin,3
Löhöilyllä,3
Bruttoansiotasoa,3
Rytmus,3
Cigansky,3
Ezg,3
Boostee,3
_fqxdbv,3
Wxu,3
Mortel,3
Nimo,3
Pgs,3
Okasian,3
Uochi,3
Duodecimal,3
M520,3
Vaihtoehtoismaailmassa,3
Mm30i,3
Advokoidaan,3
Y0a_gtyojus,3
Raspail,3
Melnikova,3
Joulukauppaan,3
Puhetunnistusta,3
Höpöhöpöauton,3
Normityöttömällä,3
20_khs_41_pt,3
Suosikkijoulukalenterisi,3
Liikkumanvapauden,3
Verkkovihatilanteissa,3
Vanhempainpakkaus,3
Tarifarios,3
Vedonlyöntilakien,3
Viinanmyyntilupia,3
Fee2play,3
Miltsilaatikko,3
Heroiiniaddikteilla,3
Addiktikaan,3
Tiedostamattomastakin,3
Mahtiolennon,3
Liipaistumisessa,3
Masentuneellekin,3
Ylipäätsemättömäksi,3
Kirevase,3
Kanesh,3
7b3075a6zrcaji,3
Milonovin,3
Aleksejevan,3
Louvros,3
Maassasyntynyt,3
Vihannesvero,3
Epäcuck,3
Hipsterivoimaa,3
Junttiurpoutta,3
Estettyihin,3
Moonmen,3
Teosto_ry,3
Musiikkisisältöjä,3
Tiedonvälitysongelma,3
Jrubhyq1y1m,3
Nettineutraliteettilakeja,3
Hiekkasäkeiksi,3
Natsipääty,3
Puolukannaltaan,3
Bepavr,3
Ahdistelujuttuja,3
Teryleenipukuun,3
Suvaggi,3
Sandtown,3
Itsepuukotus,3
Tappajapoliisien,3
Maahanmuuttamisella,3
Suosikkijalkapallojoukkue,3
Palvelijanhuoneista,3
Huumevangille,3
Käskyvaltansa,3
Osallistujalistalta,3
Lastenjuhlien,3
Anarkistikommarin,3
Alkkismääriä,3
Dullaakin,3
Suitsuttelee,3
Integroitumattomuuteen,3
Voitshä,3
Aukuinen,3
Lotts,3
Mytologisoitunut,3
Macaulayn,3
Oikeistodystopiaksi,3
Anarkistiaatetta,3
Päällekarkaamisen,3
Dumpatessa,3
Energiaystävällisemmin,3
Hyödyntämisensä,3
Energiatarpeisiinsa,3
Terrorize,3
Superjärkevää,3
Hyväliksaista,3
Libertäärisen,3
Saamelaispuvusta,3
Skriimin,3
Sosiokulttuurisille,3
Hienosokeria,3
Kulttuurinen_lainaaminen,3
Uhkaavatko,3
Maakuntapolitiikkaa,3
Yccp36n2cdg,3
Mozillassa,3
Rantautuneena,3
Simage,3
Rikkeille,3
Nelinkertaistaisi,3
Selincron,3
Histogram,3
Paremmuuslistat,3
Rettig,3
Aiotaa,3
Jatkotyöllistyminen,3
Pesimärauhan,3
Keisarikuntana,3
Alityöllistetyksi,3
Alityöllinen,3
Instakuvat,3
Tutkijankammiossaan,3
Eroksella,3
Valituksenaiheet,3
Aineenvaihduntansa,3
Pseudotieteellisillä,3
Lyijyistä,3
Musiikilliseen,3
Sukulaisavioliitot,3
Pöhisevältä,3
Ystävällismielisesti,3
Kielenosaamisen,3
Noutomahdollisuus,3
Uuvateissa,3
Lahjakkuuttani,3
Pesiytyvien,3
Menestystasolla,3
Rinkirunkkaamo,3
Afrikastakaan,3
Poliisisetään,3
Hässisivät,3
Näkokulmia,3
Valolähdettä,3
Valaiseman,3
Pirstoutuvan,3
Hupailusta,3
Kulttuuriagnostinen,3
Itsenäisyysjulistukset,3
Urheilutähdet,3
Kaikumisesta,3
Koiranruoissa,3
Resuiset,3
Järkkyneeseen,3
Plänteillä,3
Lähteilläni,3
Flokin,3
Koulutustaustastani,3
Sössöttämällä,3
Nasserista,3
Nature18307,3
Inhimillisen_kehityksen_indeksi,3
Moo2,3
Yrityspomoille,3
Juppihippihinttari,3
Connecticut_yhdysvallat_aseet,3
Oikeusvaikutuksiltaan,3
Oikeuttakohtuudella,3
Fdsys,3
2000x,3
Liikennepalvelulakiin,3
Idarilta,3
Synnyinpaikkansa,3
Fv9311,3
Takaisintulosta,3
Luonnonoikeuteen,3
Kaupunkipyöräilyn,3
Spoilaavat,3
Cycloa,3
Kaukolämpötunnelin,3
Facebuukkiin,3
Segmentoinnit,3
Amisjengi,3
Jörön,3
Keskustelukontekstin,3
Lähtöpaikkoja,3
Taestelulaevoja,3
Tovet,3
Aekaan,3
Deckardin,3
Jottettä,3
Ympäristövelvoitteista,3
Suuliekin,3
Nahassani,3
Korjoittaa,3
Uravalmennuksen,3
Karvarousku,3
Beriwan,3
Installeria,3
Maalanneesi,3
Monipuoluehallituksia,3
Urheilumuotona,3
Sopimuspalvelujen,3
Lapping,3
Doucouliagos,3
Datajoukon,3
Havaintomaailmaamme,3
Jumalakäsitteen,3
Vislailusta,3
Merkitysjärjestelmän,3
Lyhyisiiin,3
Iikinä,3
28_average,3
Vakausmaksuja,3
Tuuliviiriltä,3
Perusmekanismeista,3
Inteligent,3
Havaintojamme,3
2015061119837661_uu,3
Ladyboit,3
Roistovaltioihin,3
Ehdotuksiinkin,3
Blessrng,3
Rahoitettavana,3
Kolistiinia,3
Raivokkaimmat,3
Tukitoiminnan,3
Virenhän,3
Jali_2016_2017,3
Lehtimiestä,3
Opintoalasta,3
Kielikylpypäiväkotiin,3
Esitelmänsä,3
Kinoihin,3
Äklömakeaa,3
Sopeutumishaluttomat,3
Susette,3
Vänkkäys,3
Pitämilleen,3
Limaisella,3
Mokaillessa,3
Ennakkotilatun,3
Quizlettia,3
Passivity,3
Semitistin,3
Ruoansulatushäiriöt,3
Varallisuusoikeudellisista,3
Mahtavimpien,3
Yksityiltä,3
Teokratioiksi,3
Riippukeinuun,3
Internetsoturit,3
2cmyfxofbbm,3
Metsätontille,3
Jarruttavansa,3
Ammattikirjailija,3
Unelmoijista,3
Iljitš,3
Lenininpuistossa,3
Parametrisi,3
Laaksolahdessa,3
Riistanlihan,3
Kommandoisku,3
Vähävaraisellakin,3
Jakavin,3
Vihapuherikoksiin,3
Kamakura,3
Metroajelu,3
Appelsiiniä,3
Suklaatuutissa,3
Kannatusero,3
Repäissy,3
Voitisiin,3
Laiskotteleva,3
Omalinja,3
Linja_tasa,3
Etyyliglykolia,3
Huomiohakuiset,3
Signeerataan,3
Sortavilla,3
Rahoitusmuodon,3
Oppimispäiväkirja,3
Nettilukiosta,3
Kyyläsivät,3
Reitittimensä,3
Nikotiinilaastareilla,3
Maastokuviosta,3
Seksuaalirikossyytteitä,3
Melaniahan,3
Siviiluhreja,3
Ylitunteelliseksi,3
Halpatyöaloilla,3
Työkulttuurinsa,3
Puistosiipi,3
Laadullisiin,3
Sotebisnes,3
Opiskelijasukupolven,3
Käsitemäärittelyä,3
Esineistöön,3
Nuorisomielenterveyden,3
Habitukseltani,3
Häiriintyväni,3
Kulttuurigaala,3
Sukupuolisanoja,3
Perustamiskeskuksessa,3
Taloustieteellisistä,3
Ehdokassopimuksen,3
Mrloop,3
Naisesimies,3
Räkäisissä,3
Triggerisana,3
Kuviteltavia,3
Ideologiamielessä,3
Baumanin,3
Drumpfista,3
Asevelvollisuudestakin,3
Pääluokan,3
Toimintamenetelmien,3
Työmarkkinauudistuksesta,3
Integrotuminen,3
Pistelleen,3
Huisasti,3
Hynix,3
Strachen,3
Peitelty_osink2,3
Eurojackpotia,3
Mahtivaltioita,3
Lauantaivuoro,3
Äidyit,3
Llllemc,3
Ihmisoikeusneuvostoa,3
Isyysrahan,3
Elatusvelvollisuudelle,3
Opettamaankaan,3
Trendilinja,3
Koulutusasioita,3
Päiväkotitätien,3
Tilastotiedettäkin,3
Ihmiskyrpien,3
Yritykseenne,3
Naapuriasunnoissa,3
Känniurpoa,3
Itämafiaa,3
Ajokorttikuvaa,3
Kakkoskyltti,3
Opetustekniikoita,3
Tahvanaista,3
Tatkoitus,3
Sirpaloituvan,3
Pannujaan,3
Terroristiluokittelua,3
Junen,3
Saarnamiehiin,3
Parempo,3
Kerännytkään,3
Kasvimyrkyille,3
Kasvilajikkeille,3
Magneettimedia_ja_uusnatsikytk,3
Mesoavasta,3
Nokkaeläimistä,3
Passivoimiseen,3
Tuotetaa,3
Arpokaa,3
Korjaamisten,3
Mansaarella,3
Könttäsopimukset,3
Kunnioituksessa,3
Alamaismentaliteetin,3
Liusu,3
Syndalenia,3
Sairaalataksi,3
Sarvikuonoille,3
2015032719370508_tr,3
𝔰,3
Eläintensuojelussa,3
Varastettukaan,3
Upseerioppilaita,3
Resists,3
Aktiivinsa,3
Hittikirjoja,3
Vammantuottamukset,3
Ydinvoimalahankkeessa,3
Veitolaan,3
Ulistakseen,3
Kommunistijärjestöjä,3
Elokuvanaan,3
Tuhominen,3
Itsenäisyysmielisiä,3
4mmwv6pgbqg,3
Lekotteleva,3
Politikoimatta,3
Lapinpuolustaja,3
Synnyltään,3
Keskustelualueeksi,3
Pääuhreja,3
Päätösasiakirjasta,3
Liipasoidu,3
Taitoelementti,3
Tyttövaltaisia,3
Animepelejä,3
Näyttökoon,3
Kertomuksina,3
Maataloustuistakin,3
Kursen,3
Tietoturvalain,3
Doorway,3
Tanakat,3
Ylimaaraiset,3
Inverttinä,3
Leksikaalisen,3
Vastaajatkin,3
Buchenwald,3
Energiantuotantomenetelmät,3
Jaotaan,3
Halpuuttanut,3
Sukupuolivinouman,3
Senhetkisille,3
Ansaitsevalta,3
Sukupuoliviha,3
Erkkohan,3
Tietysitä,3
Jutellakseni,3
Kakkosvanhemman,3
Laitureitaan,3
Cyanidea,3
Vuosikymmenensä,3
Opiskelijavuosien,3
Epävegaanisesti,3
Ammattikriitikoita,3
Epähistoriallisuus,3
Voitonsiirtoa,3
Malttiliset,3
Aidattuine,3
Tieskari,3
Dogmalleen,3
3m26s,3
Nykypalkat,3
Velvoitteitä,3
Ohjelmistosuunnittelijaa,3
Imagohyötyjä,3
Intcid,3
Edarivaalien,3
Auditoitavaksi,3
Pingviinilauma,3
2d5e,3
A9ff,3
Armeijoin,3
Tetherille,3
Ansiotulojeni,3
Usdia,3
Uhkapelihaittoja,3
Rakettiohjelman,3
Pääsotaharjoituksen,3
Perhedynamiikkaan,3
Tarjokkaasta,3
Brazilen,3
Vesijäähdytettynä,3
Heatsinkkejä,3
Rotisser,3
Indyt,3
Konepaketista,3
Pyöristivät,3
Hiiliteräksessä,3
Jawad,3
Hörppimisestä,3
Formatiivisessa,3
Vietettyihin,3
Turvapaikanhakuprosessit,3
Naisistuvat,3
Suurliikemies,3
Vastustas,3
Digilehdessä,3
Määrytyy,3
24hrs,3
Yhteisöverotuotoista,3
Autoverottomiksi,3
Päätettävinä,3
Kulttuurivarkautta,3
Hotellinjohtaja,3
Labralähetteen,3
Pehmeitae,3
Kehitysyhteistyoevaroja,3
Kaeytetaeaen,3
Dasos_ministry,3
201704102200100706_uu,3
Verovastuullisuudesta,3
70ie16,3
Jos_saat_satasen_palkankorotuksen_k,3
A4teen_voi,3
Dn5ysc1,3
Oikeudenmukaistamaan,3
Satamiljoona,3
Spambotdetection,3
Mamukielteinen,3
Nettokate,3
Stilettikorot,3
Leidiltä,3
Suunnittelemastaan,3
Varautensa,3
Kohtuujärkevältä,3
Minimointina,3
Osinkovirroista,3
Pretenders,3
_jwzoebfowa,3
Ny8is0ssnxq,3
Diggailut,3
Demarcoa,3
Etuasiakkaalle,3
Lisäverottamisella,3
Jääkiekkona,3
Raadollisimmillaan,3
Päivystyskäyntiä,3
Viitataksesi,3
Uhkapeliyritysten,3
Merchandisen,3
Bustaaminen,3
Taaaaa,3
Parantumisensa,3
Käyttötileiltä,3
Vastaavankaltaiseen,3
Ilδalla,3
Teγen,3
Rekonstruoidaan,3
Puolustusrakenteita,3
Päätapahtumat,3
Kielihistoriallista,3
Lusikkahan,3
Liityttäs,3
Välimaana,3
Rahoitusjärjestelyä,3
Huoltotoiminnan,3
Satovuosista,3
Kovennuksien,3
Sällylä,3
201710212200477285_vd,3
Lynkkayksen,3
Kaapelikanavalta,3
W640,3
Nettohyvinvointi,3
Holhokkeja,3
Oikeusantropologiassa,3
Jakautumia,3
Viestissänne,3
Cheerleaderina,3
Vaimeaan,3
Keskustelutavoilla,3
Nauhoittaisit,3
Intelligentsiasta,3
Empatiakeskus,3
Pelivoittojen,3
Äänestysasioita,3
Dzsooye3gpy,3
Filmatisation,3
Death_of_the_nile,3
Fakkiinnuttu,3
7bzpcd,3
Tomi_mets,3
Väestönlukua,3
Käyttötottumuksissa,3
Veitolahan,3
Orjuutan,3
Dinosaurusöljyä,3
Pienentyneeseen,3
Cryptome,3
Jp46dr9zrzs,3
Tilintarkastusyhteisöt,3
Jsvthqiceke,3
Liennytyspolitiikan,3
Penetraatiotestaaja,3
Kaipaisitkin,3
Fgryur7pjxo,3
Zkieewru3hi,3
Rypysuolle,3
Ehflnfiqueq,3
Avarakatseisemmat,3
Toisisijaisen,3
Huoltoapua,3
Säädöstellä,3
Hunajatolppaa,3
Turvallisuustilanteemme,3
Haperolla,3
Lisäresusseja,3
Pahannäkösiä,3
37p,3
Veteraanihaudoille,3
Paakaupunginturvakoti,3
Ostonkin,3
Etelämetro,3
Naapurim,3
Harmaapäisiä,3
Vetokaan,3
Perustulolinja,3
130ke,3
Di7yxoy1k6k,3
Ylikansoitetun,3
Yd,3
Vikingsistä,3
Transcontinental,3
Perhenjäsen,3
Lehmänlannan,3
Qun6gfuix7c,3
Rubinista,3
Woz4wc344si,3
Palvelusvelvollisuuttaan,3
Rähinöiviä,3
Kaunistamisen,3
Ohjelmistokehitystyötä,3
Monenväristä,3
Hyssyteltävän,3
Ahihgkzc5kk,3
Tepsutella,3
Parturiketju,3
Bändinnimi,3
Forkkiin,3
Razormaster,3
Pimittikö,3
Jättäjille,3
B00qjdu3ky,3
Kultasepänliikettä,3
106n,3
Reruns,3
675euroa,3
Seksuaalirikosriski,3
Particulares,3
Pelaamisharrastuksesta,3
Liipaisutti,3
Apulaisekseen,3
Lahestyvat,3
Ad99,3
Täyshintainen,3
Lihantuotantoprosessin,3
Pelikokemukselle,3
Delsuja,3
Launchereiden,3
Viljapellosta,3
Minecraftkin,3
Tiedostonjaon,3
Arvopykälän,3
Laineilta,3
Japanilaistyyliset,3
Vaikenemisessa,3
Realisoidessasi,3
Mejl,3
Hienos,3
Ruskeatukkaisen,3
Väriaineille,3
Lonkkasi,3
Tuleminenkin,3
Halaliksi,3
Kotimaankauppaan,3
Washingtonilta,3
Pateettisuutta,3
Sokerilobbareiden,3
Tutkimusjohtajat,3
Paketeissaan,3
Luottosopimusta,3
Republicissa,3
Vmashup,3
Battleforthenet,3
Kehonhallinnasta,3
Reaktiivisista,3
Motivaationtappaja,3
1yzoiuiggs,3
Muistilehtiötä,3
Tukkiutuvat,3
Eroding,3
Tiedostoformaatti,3
Urasuuntautuneet,3
Karjuvaa,3
Aatelisherrat,3
40x40,3
2c138,3
2c328,3
Ilmiömäiseen,3
Senioriskootteri,3
S100sat,3
Pimpata,3
Søstrene,3
Kyrvähtäny,3
Liberturdit,3
Vertailuarvosta,3
Rosendahl,3
Pelkotilalla,3
Riisiäsi,3
Toimistotorni,3
Vihapuhepoliiseista,3
Poliisiylijohtajaan,3
Tuottotasoa,3
Musiikkiteoriaan,3
Arkisemmilta,3
Avartavampaa,3
Kaapistoissa,3
Viedäkkin,3
Vihapuhumiseen,3
Laulutkin,3
Nsi9hemzl9y,3
Doujin,3
Suoratoistopalveluilta,3
Ammattiyhdistysliikkeissä,3
Musiikkibusineksen,3
Emulaatiota,3
Fccn,3
17_muslims,3
Youtubellekin,3
Koskettamia,3
Lopetusmerkillä,3
Tanssiopettaja,3
Prosenttilukemaa,3
Meritokratialle,3
Vaalimisena,3
Cucksterien,3
Huolettavien,3
Merikukkaa,3
Vaatimusaikaa,3
Parhimmat,3
Designlasi,3
Fanatisminsa,3
Itsemurhapommituksissa,3
Jääkaappikylmällä,3
Hospitable,3
Puhto,3
Paavollekin,3
Veivannu,3
Naapuritiimissä,3
Kerrostasot,3
Paimentolaistarinat,3
Tyrmistyneensä,3
Pörssivarallisuudesta,3
Kansankomissaarit,3
Fosfaateilla,3
_arki_,3
Tukkutorilta,3
Tuhopolttoina,3
Yhteenlasketusti,3
Äärirajoilta,3
Pommituslentoa,3
Propagoimansa,3
Integroitumisprosessi,3
Tekstilajilla,3
Apuvälinepalvelut,3
Ideologiaanhan,3
Kansandemokratiana,3
Hunker,3
Luottamussuhteeseen,3
Kulkueille,3
Päivittäiskäyttäjille,3
7gcsphmtcpq,3
Anarkisimi,3
Taitelijaopiskelijoita,3
Inspiraatioina,3
Suurisuiset,3
Syostä,3
Var1,3
Suomaisen,3
Ylinkerros,3
Pääkaupunkiaan,3
Lipastolaiset,3
Sumplimisen,3
Syöpälapsen,3
Sorruitko,3
Maidottomuus,3
Kesolta,3
Ilmoitusboikottiin,3
Saajapuolen,3
Assosioivan,3
Haarakonttoria,3
Lisänäytön,3
Nakkailee,3
Naganteista,3
Ruokatalous,3
Vinkujiksi,3
Paskanheittelyksi,3
Pyrähdystä,3
Anteeksipyytelemällä,3
Humaaniuteen,3
Kapasiteettimaksut,3
Räpsästä,3
Paikhan,3
Cachella,3
Bittisäteilyä,3
Miehenki,3
Pimittämisistä,3
Pmc5042332,3
Lusmuilen,3
Prxlyycrvo8,3
Pingot,3
Päiväkotilaisille,3
Jobeista,3
Työkaverithan,3
Syntynty,3
Hölmöläis,3
Rosessi,3
Kululaskelmia,3
Juoksulta,3
Palkintoseremoniassa,3
Lapsipornokuvaa,3
Rastafareja,3
Commoners,3
Halpakopiota,3
Perinneasuja,3
Menekkikin,3
Vajaavaltaisia,3
Saamelaisverta,3
Työllisyystilasto,3
Mustasydämisyyttä,3
Postaushistoriaansa,3
Ärähdetty,3
Opponentteja,3
Artikkeita,3
Nimeksikin,3
Koulupohja,3
Turvapaikkamaahanmuuton,3
Pääomatuottojen,3
Sieluttomista,3
Hakemuksen_kasittely,3
Reggie,3
Nauttikin,3
Huonekaverin,3
Hoitokunnan,3
Kalasaaliiksi,3
Matanevia,3
Stailauksesta,3
Perheenyhdistäjä,3
Murharetket,3
Välikohtausten,3
Uudistuksestakin,3
Heiluttavista,3
Tallukat,3
Itsekeskeisyydessä,3
Nunnukanunnukalailaa,3
Ucasg9kjwi1evxm0qkyqkvjq,3
Kaavuissaan,3
Pollarisetä,3
Argumentoivaan,3
Intiaanille,3
Tarvinneensa,3
Komerokukassa,3
Propagandaviestin,3
Geopoliitikan,3
Rossiyane,3
Dsearch,3
Standardeillamme,3
Kuraanin,3
Ucinoioexm4b3howr3iai7na,3
Tulosvaroitusta,3
Sisäpiiritiedoilla,3
Lääkevaihtoehtona,3
Kansikuvatyttönä,3
Henkillöä,3
Surmatessaan,3
Salamyhkäiset,3
Looseja,3
Tonta,3
Hyvämaineisuutta,3
Sydämiimme,3
Kehotetakaan,3
Itsenäistyäkseen,3
Provokaatiomielessä,3
Suurpääomia,3
Kantaaottavista,3
Myöhäistetty,3
Yövalona,3
Rakentaakkaan,3
Musikaaliseksi,3
Sirten,3
Eivatkä,3
Estrogeeninkaltaisten,3
Kemiantehtaalla,3
Minälläni,3
Lähtöpainoon,3
Ruostiin,3
Keskustelunavauksiin,3
Walon,3
Flashmuisti,3
Räjäytettäisi,3
Sählinkiin,3
Tarvitsemallesi,3
Menestymistäsi,3
Vähemmistökulttuuriin,3
Ilmaisohjelmilla,3
Lasauttanut,3
Koiramies,3
Pelätäänhän,3
Nollakorkolainoilla,3
Kassahommista,3
Omistamiseksi,3
Villikissana,3
Verenperinnöstä,3
Mielenosoitetaan,3
Ankielipuolueena,3
Valehtelemattakin,3
Alluusioita,3
Avioitumatta,3
Tulevatreitit,3
Kavereida,3
Opiskelijanuorukaista,3
Virtaviivaistuu,3
Multikulturaalinen,3
Epätyypillisempää,3
Metsästysrikoksen,3
Tehtiinki,3
Miksihekuvasivat,3
Ivaava,3
Elitistilaji,3
Vähemmistöys,3
Poliisein,3
Pikkualue,3
Selviytymisenä,3
Sopeutumistoimenpiteitä,3
Raflaansa,3
Feministejäkään,3
Kelvataan,3
Vertikaalisuutta,3
Jatettiin,3
Reginan,3
Tiskinpesuaine,3
Nutturaan,3
Lindstedtiä,3
Nuotinvierestä,3
Puhdasotsaiset,3
Kipurefleksi,3
Kybernetiikasta,3
Lisääntymättömyydelle,3
A4_netiss,3
War_crimes,3
Lisälähteitä,3
Xenan,3
Katsonnan,3
Nököttämästä,3
Ylitätte,3
Painopisteessä,3
Ditko,3
Alueenne,3
Sniffman,3
Pakasteallasta,3
Luonnonkansoilla,3
Braden,3
Lakupekkoja,3
Kannattajajoukkoon,3
Vuosijapäivä,3
Luentosalia,3
Synagoogaa,3
Tiedostetaankin,3
Älykkyyksistä,3
Kuvittelevia,3
Värttejä,3
Puolustuksenaan,3
Kansalaisvelvollisuuksiaan,3
Kuulokkeitasi,3
Versiopäivityksiä,3
Surroundin,3
Optimoisin,3
Marginalisation,3
Luokittelemat,3
Tutkimuskatsauksesta,3
Äänikortille,3
Ulkorajavaltio,3
Tarvikin,3
Tehtaanpiipuista,3
Moottorinohjauksessa,3
Eteläpuoliskon,3
Sähkölinjalle,3
Kaupunkikeskittymään,3
Pohjaamaton,3
Heimovaatteet,3
Helikopterirahoitusta,3
Teräslapio,3
Nanomuovia,3
Verovarojaan,3
Kirppusirkus,3
Kangasliina,3
Waives,3
Maksuerällä,3
Luonnonravinnolla,3
Sienetön,3
Kimposivat,3
Rhodian,3
Infrastruktuurihankkeisiin,3
Naruistaan,3
Valolähteen,3
Määräaikaistalletuksen,3
Suodattuvan,3
Vastaanottamisena,3
Ydinfuusion,3
Lennokissa,3
Vapaapäivälle,3
Needn,3
Chagrin,3
Hehkuttavatkin,3
Sivuhaaroineen,3
Läiskää,3
Vertautuvuutta,3
Parkuvan,3
Demoratiaa,3
Pakolllinen,3
Tikkulan,3
Visiittinsä,3
Ihmisyhteiskunnissa,3
Topiaksen,3
Perususlaki,3
Apologismina,3
Ihmisaistien,3
Vaellusesteitä,3
Aspasuomi,3
Finalisoi,3
Keskusteluihini,3
Kotorit,3
Ruhtinaalliseen,3
Ensihoitajiin,3
Vanhustenhoidolle,3
Sydäntautiin,3
Syyttaejae,3
Yavin,3
Biohajovia,3
Happirikas,3
Hittilevyn,3
Häiriöden,3
Seperatistien,3
Metsänreunaan,3
Puoluetovereilta,3
Nurmialueille,3
Bakteeritaudit,3
Loputulokseen,3
Hihansuuta,3
Streisandilta,3
Populistipoliitikkojen,3
Kolminumeroiseksi,3
Mustaruutiaseita,3
Puistossakin,3
Pistosuojaliivejä,3
Keuhkonneet,3
Tihrustaja,3
Liipasta,3
Ketjutetulla,3
Eteiskäytävän,3
Yövalon,3
Kaikumisen,3
Asekeskustelua,3
Ovessakin,3
Sopimusrikkeen,3
Keittiötäni,3
District_of_columbia_v,3
_heller,3
Keuhkokuvaa,3
Kaappisi,3
Jylkkäri,3
Hylkäämisenkin,3
Koputeltu,3
Tieteesi,3
Lähestymistavassaan,3
Väittäminä,3
Juoksuhautasotaa,3
Lusoelhjroe,3
Todaria,3
Huippututkimuksesta,3
Silottelu,3
Sisältököyhän,3
Asterin,3
Uhohtaa,3
Kehitysongelmat,3
Kirjatiedon,3
Ydinvoimateollisuudella,3
Mediakontrollia,3
Hiekkarannoilta,3
Lisävartiointia,3
Monikkomuotoja,3
Detroitnews,3
Lindénille,3
Makaaberit,3
Keskisuurilta,3
Fatherit,3
Siviilitaustansa,3
Lusittaessa,3
Poliisikoirana,3
Kurssikokeesta,3
Junasuunnitelmista,3
Sanakirjamääritelmänkin,3
Rekrykuluja,3
Saaressaan,3
Vähälukuisin,3
Valkoisemmaksi,3
Kasinoineen,3
Tasoitusmaksun,3
A4ministerin,3
Brittipoikia,3
Demarivetoisesti,3
Pehmentämistä,3
Painotuksineen,3
Perillekin,3
Vituttavaan,3
Pästäisiin,3
Rajaltaan,3
Vatkin,3
Viinajäätelöä,3
Legitiimiydestä,3
Vailinaiseksi,3
Polisiina,3
Megauploadin,3
Piraattitavaraa,3
Pölyisiin,3
Itsenäisyyshaaveita,3
Laskutuskin,3
Hengitystekniikan,3
Huolestutta,3
Vsdl,3
Aarrekartan,3
Isokokoisin,3
Tuulivoimatariffit,3
Bussipysäkkimainoksia,3
Kysymyksenikin,3
Bucharest,3
Hupaisasta,3
Itsenäistämisestä,3
Kausihuoltoa,3
Blurraat,3
Amerikallakin,3
Vesisäiliöihin,3
Säädöissään,3
Lämmittäisikään,3
Länsimaalaisittainkin,3
Credibly,3
Hallintoalueena,3
Pariisin_rauhansopimus_,3
Kotouduttu,3
Itsenäisyysmieliset,3
Joukkopahoinpitelyn,3
Virtaustekniikkaa,3
Likomaan,3
Keskityyneet,3
Valtakunnanjohtajana,3
Suhmurointipuolue,3
Aavistettavissa,3
Prostitoidut,3
Astrologisen,3
Havainnollistamisen,3
Impolankasvitila,3
Leudoista,3
Kortonkien,3
Portugaliassa,3
Hallussapidoista,3
Tupakkapiipun,3
Vastaanottimesi,3
Rahastuksista,3
Kukkahattutäteihin,3
Olettamiseksi,3
Luonnonnähtävyyksiä,3
Paikantavaa,3
Kasvokuvista,3
Slangitermejä,3
Eunukeiksi,3
Liiottelut,3
Korsteenin,3
Perce,3
Kimaltamassa,3
Melekutin,3
Lehtikeli,3
Jumalakompleksi,3
Ajatelmassa,3
Heodän,3
Muokkaakaan,3
Sinitulevaisuus,3
Työnnetyksi,3
Piilottajien,3
Villeneuvelta,3
Yhteyistyötä,3
Opie,3
Anaalisia,3
Mellakkapoliiseille,3
Diktaattorivaltaa,3
Viikinkeinä,3
Tweakata,3
Aikasemmalta,3
Hoitokokouksissa,3
Silmukaksi,3
Vakiotoimintatapa,3
Bieni,3
Junkyard,3
Laskinohjelmia,3
Stereotypisoivaan,3
Jäsenyrityksiä,3
Epätarkkoina,3
Saastoihin,3
88b9,3
Minijobseista,3
Tuntityöläisen,3
Postipatet,3
Suojakeinojen,3
Luottamusmiehille,3
Saamelaisasun,3
Hinnnasta,3
Tavaroitakaan,3
Potatos,3
Korotetussa,3
Faktatietojasi,3
Ohutpohjaisia,3
Liikuttajana,3
Organisaatiokaaviosta,3
Tiskaukset,3
Haistattais,3
Ymäristön,3
Lällättäjä,3
Keikkajärjestäjä,3
Maahanmuuttajatyttöjen,3
Softiakin,3
Menneisyydestämme,3
Lennelleen,3
Jähmeäksi,3
Kaatuilis,3
Eetokselle,3
Tappelitte,3
Kultturillista,3
Sopivaisuussääntöjen,3
Retkeillään,3
Ajatuksenluku,3
Toistokerran,3
Käsitteistöt,3
Jakewithglasses,3
Munimalla,3
Penseästä,3
Sotapakolaisina,3
Kylänraitin,3
Tuuripeliksi,3
Mestattaisiin,3
Regressioanalyysistä,3
Värilleen,3
Ilmestynytkin,3
Pölhölän,3
Kansanosamme,3
Ilikiä,3
Kulumilla,3
Linguistic_map_of_the_uralic_languages_,3
Raukkamaisuus,3
Uudelleenperustamista,3
Opinkappaleina,3
Väittämiseen,3
146k,3
Talousluvuissa,3
Heikennäkään,3
Vanhevat,3
Duuneissahan,3
Ajatteluissa,3
Luontihetkellä,3
Kansanedustajallakin,3
Incapacitated,3
Rymyävän,3
Painopisteellä,3
Terveimpien,3
Venytettävissä,3
2f1auxvfkva,3
Hammaskalustoa,3
A4ketieteen,3
Vihapuhekorttia,3
Attracs,3
Ylijäämäisiltä,3
Maksuominaisuuksia,3
Vankityrmä,3
Meilipide,3
Monikultuurisuuden,3
Kypsensi,3
Termipankin,3
Oksennuksestasi,3
Vähemmistöuskonnoilla,3
Kiistätön,3
Vainoille,3
Naimaikäistä,3
Maksusitoumukseen,3
Transjutuista,3
Mainostuloistaan,3
Huumemyönteiset,3
Reseptilääkityksen,3
Reaalisestikin,3
Saamelaiskulttuurille,3
Kotistereoista,3
Anekdootillasi,3
Luisevat,3
Paskemmassakin,3
Älyllisempään,3
Aleksandar,3
Porukastasi,3
Huippulukioista,3
Tieteenfilosofisia,3
Poolosta,3
Playwright,3
Eriarvoistat,3
Myrkkyjätteet,3
Joutomailla,3
Realitalouteen,3
Kaukolämmöt,3
Burden_of_proof,3
Tilejen,3
Sormenjälkidata,3
Mustanaamioon,3
Kokkihattuhamsteri,3
Vähäsenki,3
Spoilaako,3
Ponnahduttaa,3
Lämmönsiirtimet,3
Koulutustodistuksia,3
Hilleripilleri,3
Hämmennän,3
Arvolisä,3
Septimus,3
Todennäköisimpää,3
Kouluretkellä,3
Aivoripulin,3
Kaveriltakaan,3
Mieshenkilöön,3
Poterovartiosta,3
Seukkasi,3
Turruttaneet,3
Nahkanojatuolissa,3
Tuotekehitystään,3
Myynnillään,3
Hakkaajaksi,3
Kunniakäsitystä,3
Päivittäistavaraan,3
Vihapuhella,3
Kapeanäköistä,3
Vihulaiselle,3
Arvostamisena,3
Hallinnat,3
Diskonttauskerroin,3
Naisvalitukseen,3
Loitsivat,3
Kotitoista,3
Paasen,3
Kotitoita,3
Lehdenjakajaa,3
Tahdottava,3
Liikennekäytöksen,3
Häiriköllä,3
Otosharha,3
Ainaisiin,3
Huoneistoille,3
Oppivälineet,3
Kommentoijaksi,3
Lipputiskillä,3
Hoitopöydälle,3
H_900,3
Huomiokyvytön,3
Käymättömistäkin,3
Piirustuksetkin,3
Halya,3
Kierähtänyt,3
Ammatia,3
Taitajina,3
Vaikutusvaltani,3
Pureutumisen,3
Uudelleenkirjoituksia,3
Showoff,3
Töhöilen,3
Kiemurtelemassa,3
Hetekka,3
Sinkoilevia,3
Kommenttimääriä,3
Twitteröijää,3
Hevontuutista,3
Nuukahtaa,3
Vastineessakin,3
Pirsigin,3
Soundinen,3
Eikusta,3
Kirkkojärvi,3
Ngs9czw,3
Komennoin,3
Sortajaan,3
Hipsukat,3
Rakennekynsien,3
Paskamyllyä,3
Työttömyysasteensa,3
Pakkauksistaan,3
Rumiakaan,3
Puhtaammille,3
Sekkailla,3
Mailiosoitteella,3
Saapumiseni,3
Räpäytät,3
Tuotannolliselle,3
Vanilijajäätelöä,3
Korpilakia,3
Käyntikulut,3
Satanutta,3
Suklaavanukkaasta,3
Mutaisena,3
Avainhenkilöillä,3
Peukaloivat,3
Yhteydenottokanava,3
Gsbsd,3
Energiantuottotavasta,3
Nahkamme,3
Kurssilaskulle,3
Huumeriippuvaisuuden,3
Veikkosen,3
Sammakkojen,3
Katteettomille,3
Pummaamalla,3
Pelaajayhdistys,3
Vuosittaiselta,3
Maailmassako,3
Bordelleita,3
Kanavoitiin,3
Pikkupaikkaan,3
Kilsaakin,3
Rajautuneen,3
Irtonumeroiden,3
Tormännyt,3
Coreboot,3
Vuorovaikutustilannetta,3
Kirjoitustyyliään,3
Dementoitumisen,3
Lunnaansa,3
Grej,3
Kokemallasi,3
Muslimiporukka,3
Kattavempi,3
Taksikulttuurista,3
Maannousua,3
Suunnitellaankin,3
Naudanverellä,3
Kaarsivat,3
Paritehtäviä,3
Kietoneet,3
Progressiiveista,3
Riisuva,3
Izlam,3
Öljyvaltiosta,3
Philomena,3
Arkkupakastimesta,3
Taxibranschen,3
_oletan_,3
Provosoivammin,3
Asiakasystävällistä,3
Kuplineet,3
Kajoamiselle,3
Pasifistisuus,3
Premiers,3
Sähköilyyn,3
Päämäärähakuisesti,3
Ystavyydenmajatalo,3
Merkkauksista,3
4f0d,3
Psykoterapeuttinen,3
Ulkoisenkin,3
Millasille,3
Kahvalta,3
20eurosta,3
20euroon,3
20vuodesta,3
Teksteilläni,3
Rohkaisemista,3
Palestiinalaisethan,3
Pelireissuja,3
Sukkalaatikosta,3
Irrotettujen,3
Ankarammasta,3
Romaaninkaan,3
Lajittelukeskuksella,3
Nachoille,3
Potkitaankin,3
Elämäntapatyöttömyys,3
76b,3
Kiinniottoaan,3
Nikolainkaupunki,3
Korjaamana,3
Miestenlehtiin,3
Valloituskin,3
Siistiäkin,3
Reagtiosta,3
Biliassa,3
Normilämmöissä,3
Maailmoineen,3
Hyväksyttäneet,3
Raapustellaan,3
Lobbausrekisteriin,3
Kustantanutkaan,3
Cupheadin,3
Ansaitsemattomista,3
Vuosimaksusta,3
Itsetyydystä,3
Idestam,3
Tutkimusalueena,3
Vesikuppeja,3
Rangaistusskaalaa,3
Arvoneutraalin,3
Oikeushyvänä,3
Kiskaisevat,3
Pätevöitti,3
Virvoitusjuomaan,3
Lineaariregressio,3
Duunipaikoilla,3
Hehkutukselle,3
Matkustajakoneista,3
Probleemien,3
Pompottamiseen,3
Treenitkin,3
Palkitsemisjärjestelmät,3
Minkäänlaistä,3
Aivovammoihin,3
Somevideoihin,3
Vuokrakämpässäni,3
Imureille,3
Leikitti,3
Itäsuomea,3
Kirjallisuuspiirien,3
9ezrr4sp6v0,3
Työkeikoille,3
Varallisuuttahan,3
Ansiopäivärahat,3
Kypäräpakkoja,3
Kommunismikortin,3
Poistoprosessi,3
51h,3
Lippajärvi,3
Äskenkään,3
Aivottomilta,3
Takapajuisimmat,3
Varuillaa,3
Parkkisähkön,3
Kaaroja,3
Saksanpaimenkoiriin,3
Junalipuilla,3
Tetraethyllead,3
Vertaatkin,3
Sylkäistyä,3
Ratkaisujani,3
Rahankäyttökohteet,3
Paljastavampi,3
Valintakoeuudistuksen,3
Mekaniikoissa,3
This_war_of_mine,3
Mielenterveyshoitoihin,3
Pelimekaniikassa,3
128s,3
Sossuilu,3
Vääränmielistä,3
Sisäseinistä,3
Twitterlinkistä,3
Vehnättömän,3
Gluteenittomiksi,3
Sananvapauskeskusteluksi,3
Fe201504223767,3
Elinikiemme,3
Byrokratiasotkun,3
Tiimityötaidot,3
Huoltojuttuja,3
Taitoosi,3
Ohjelmointitaitoinen,3
Onnelllinen,3
Ze2svqfh_q0,3
Demodemopan1,3
Veriesteen,3
Dissonassin,3
Suikerot,3
Hapankorpulla,3
Ignoraus,3
Normihomoa,3
Reaktionääristen,3
Matuiluun,3
Satelliittivalvonnan,3
Animekulttuurin,3
Invaliideja,3
Listallemme,3
Jalattomalle,3
Defenition,3
Semiturhan,3
Perussipsejä,3
Löisimme,3
Voimanlähteellä,3
Saksalaisturisti,3
Hiffais,3
Onkinu,3
Kylmäosastolta,3
Pussisi,3
Sairastelukin,3
Moniäänisemmin,3
Raikkaiden,3
Kannatusprosenttinsa,3
Epäimartelevia,3
Mahtunevat,3
Onnistuvasti,3
Salaliittoteoriakamaa,3
Patterikotelo,3
Regionalistista,3
Reiluimmista,3
Ydinperheenä,3
Murrosvaiheen,3
Vapauttas,3
Elämäntapaintiaaneista,3
Virkaikää,3
Osasuorituksia,3
Lyömis,3
Ahdistellessaan,3
Raflaavissa,3
Tarttuneensa,3
Sipilänä,3
Tarjoiluita,3
Välinehuoltajan,3
Möläytyksenä,3
Perusteoksena,3
Lyhkäsinä,3
Anomuumeille,3
Kidutuspaikkoja,3
Pahansuopina,3
Lestaksi,3
Laskurien,3
96g,3
Kurjuutena,3
Lääkepaketin,3
Keskustelssa,3
Määrärajoja,3
Nuukuutta,3
Taitoksesta,3
Viestipalvelut,3
Härintää,3
Joukkohysteriaan,3
Tasollako,3
Exploittaaminen,3
Gimbali,3
Jalkapallomenestys,3
Tekoälytkin,3
Kaljavarasta,3
6nticspqedq,3
Tutkimusnäytöllä,3
Kulttuurian,3
Vihapiirakan,3
Opintoalaan,3
Kiinteyden,3
Generoimassa,3
Taloyhtön,3
Pakkaussuunnittelu,3
Alaviistossa,3
93agentti,3
3mcqfp8k51s,3
Neulojenvaihtojärjestelmää,3
Fiveheads,3
Rasistinatsien,3
Pastakaan,3
Lisävakuutena,3
Luuhasi,3
Yhtäläisyyteen,3
Hiljaisuutensa,3
Hopeasijalle,3
Valtioenemmistoiset,3
Olutkaupan,3
Globalistipankkiireista,3
Työttömyysturvani,3
Hattuus,3
Minimikatteilla,3
Ongelmako,3
Kirjailleet,3
Naisoletettuihin,3
Tutkintorakenteessa,3
Scotian,3
Koulutus_ja_opiskelu,3
Äänenmuuntimen,3
Vasemmistovetoista,3
Kuutiometreittäin,3
Nettiviestin,3
Videoneuvottelun,3
Uranousun,3
Roimilla,3
Äänivaltaiset,3
Päättömyydessään,3
Spekulointiisi,3
Kirjanpitotoimistoon,3
Avainsanahan,3
Vuosimyynti,3
Koululaitoskin,3
Oikeuttettu,3
Kasvatusvelvollisuus,3
Persoonallisuuteeni,3
Tunnevammoja,3
Vedenpitävyyteen,3
Sukupuoleta,3
Hajamielistä,3
Virhealttiita,3
Käveleviltä,3
Satuttaan,3
Minimoituivat,3
Tappamisfantasiat,3
4zhyrf,3
Hämmentävämmäksi,3
Provosoimattomalla,3
Tyttooppilaita,3
Laiskottelevien,3
Mamuvihaan,3
Virttyneet,3
Yleistasoisena,3
Nykymaakunnat,3
Musiikkiharrastukseen,3
Monipolviseen,3
Esikoisromaanin,3
Triggeröitymiseni,3
Holkkia,3
Safkoineen,3
Ryövätyn,3
Uudelleenbrändäämään,3
Koetuksesta,3
Jaetaankaan,3
Paiskittaisiin,3
Vikkko,3
Valonheittimen,3
Samanikäisetkin,3
Radikalisoimat,3
Polvistumiset,3
Pallotikku,3
Suhtautuivatkin,3
Arkailevan,3
Nurmiporilla,3
Lausujalla,3
Tasaväkisellä,3
Fullfillment,3
Irrottelisi,3
Ydinkin,3
Oikeusjärjestelmistä,3
Sossutuloista,3
Huolettomaksi,3
Jankuttamiselta,3
Seurattaessa,3
Nettifeministin,3
Lähteistämisestä,3
Plesetsk,3
Syrjäkunnan,3
Toivo_koljonen,3
Matildassa,3
Ideatason,3
Joukkohysterialta,3
Aatellukkaa,3
Ylilyönneistään,3
Maailmantapahtumien,3
Muunuskoisuus,3
Yksinhuoltajaan,3
Spekuloisit,3
Rauhanjulistus,3
Loppukevennystä,3
Kouluterveys,3
Istuksi,3
Hävinneiltä,3
Yöpymisistä,3
Haukkuneeksi,3
Langoiksi,3
Kunniapuheenjohtajana,3
Tuntematonkaan,3
Häveliäämpi,3
Vihkimisistä,3
Välkähti,3
Valmistelumateriaalit,3
Testaa_tunnetko_sananvapauden_rajat_mit,3
Työkkärirahoista,3
Tilausliikenteessä,3
Juhanistakaan,3
Datamassasta,3
Taisteluasemalla,3
Työpaikkoka,3
Salakuljettaneen,3
5gnu11,3
Asiallista_suomibr,3
A4nd,3
A4yst,3
A4_helsingin_lentokent,3
Rintamalohkoilla,3
Hallitsivan,3
Elämänvaltaan,3
Väkipakkoon,3
Tribaalijärjestelmissä,3
Maahanmuuttojuttu,3
Väärenetty,3
Oikeistopoliitikosta,3
Pedofiiliraiskaaja,3
Lemiä,3
Työnjohtotehtäviä,3
Ohjelmaks,3
Hernepyssyä,3
Imgtc,3
Uudistushalukkuuteen,3
Verkkoteknologiassa,3
Laajakaistakomission,3
Hakusaartoon,3
Älykkäänkin,3
Ongelmaisuutta,3
Techhive,3
Voimalähdettä,3
Kiveksistään,3
Kiinanpommi,3
Täyskäytöllä,3
Dornsife,3
Himersi,3
Neurovelhon,3
Äänestysuurnalla,3
Turingista,3
Kotelolta,3
Someonetrading,3
Pendoliinossa,3
Perusraamit,3
Kettingeistä,3
Tarkkarajaisiin,3
Kirjoitusasussaan,3
Homomyönteisen,3
Jenkkiautoista,3
Suursaastuttajiin,3
Utenriks,3
Naksautan,3
Hermojuuri,3
Muutettakoon,3
Lusuja,3
Lentovalmiina,3
Honkkarilla,3
Modeelin,3
Huippukokitkin,3
Skotiksi,3
Sanavirheitä,3
Oikestopuolueiden,3
Fantasioinnille,3
Tarvasjoella,3
Flirttaillu,3
Vankilarangaistuksista,3
Sontimisen,3
Talouspetoksia,3
Suoriuduttava,3
Kyseenalaisempaakin,3
Rekryäjää,3
Peruspalveluille,3
Salailevan,3
Sijaisuudella,3
Tallautuu,3
Aseenkantajia,3
Opufin,3
Tieteentekijoidenliitto,3
Zyhryis509a,3
Viherpunikit,3
Hampuusille,3
Isyysvapaisiin,3
Aktiivihiilisuodattimilla,3
Katkusta,3
S33hvdui474,3
Eriskummallisilla,3
Pyöryköillä,3
Ihaillakseni,3
Göbbelsinin,3
Turbohiivan,3
Ääripuolet,3
Laatineena,3
Valtionmonopolille,3
Sesonkityövoimaa,3
Verorahojemme,3
Ilmoitustekstistä,3
Nettotulossa,3
Ebookkina,3
Neuroverkotkin,3
Jälkikään,3
Kuvankaappauksien,3
Vesittyneet,3
Kananjalat,3
Saostua,3
Huske,3
Pastaruuat,3
Dissaamiselle,3
Idealisteihin,3
Advokoida,3
Rajanvedolta,3
Merenkävijöiden,3
Yhtymäkohtana,3
Kansanpetturit,3
Määrittelytapa,3
Valmistautuvalle,3
Meluavalle,3
Tervehenkisten,3
Syrupia,3
Kuulutellaan,3
Munkkiluostarin,3
Elinympäristöni,3
Naamiaisasuissa,3
Rupsahtaminen,3
Luottopäätöksiä,3
Hiustyyliksi,3
Nakkelun,3
Koppalakkiin,3
Lainattaviksi,3
Kiinnisaantia,3
Kiihotustuomiota,3
Aivopesukeskuksia,3
Julkituonut,3
Eteiskäytävällä,3
Verensokerissa,3
Kostautuisivat,3
Valokuituliittymät,3
Medialtakaan,3
Asuntotarjouksia,3
Resins,3
Pariutuakseen,3
Separistit,3
Kiertoradassa,3
Naapuribaari,3
Sukupuolittomia,3
Tikapuu,3
Tustunut,3
Lyhytjänteiseltä,3
Livestreamaus,3
Mobiiliyhteyttä,3
Aavikkouskonnoilla,3
Kapseleilla,3
Homovastaisiin,3
Parastapalvelua,3
Rutiinileikkauksilla,3
Metsästyskumppani,3
Vironomaisille,3
Ravintolohin,3
Rassukalta,3
Algebralla,3
Alistuksessa,3
Vastuullisemmassa,3
Järkiporukka,3
Loungeissa,3
Seassamme,3
Rationaaliksi,3
Eksaktimmin,3
Viljelmään,3
Bylsi,3
Hollywoodhan,3
Syöpävaaralliset,3
Komision,3
Huomaammekaan,3
Viljelysalueiden,3
Roskakopassa,3
Yksityisajatteluksi,3
Viewtä,3
Kansainvälisimmistä,3
Perehtymättömyyttäni,3
Mukavuudenhaluisuutta,3
Upvoteemassa,3
Elämänlaadullista,3
Nukkumisvaikeudet,3
Mainittavista,3
Mainauksella,3
Sigfox,3
Mcenroe,3
Myyntisummasta,3
Popcorneista,3
Iltanäytöksessä,3
Jalkapalloilijoille,3
Eleleminen,3
Käyttäjätunnuksellasi,3
Hoitoyksikköön,3
Elottomien,3
Vankilakokeessa,3
Käyttäjäkohtaisena,3
Debatoitu,3
Maailmankuvastamme,3
Piirrossarjan,3
Pörinästä,3
Räpyttelet,3
Puuttuupi,3
Sphincters,3
Maw,3
Vaikeemmalta,3
Organizaatiota,3
Uudelleensyntymään,3
Natsimielenosoitukseen,3
Valtamielipide,3
Kortteihinsa,3
Älykellotkin,3
Sopimuksenvaraista,3
Hölympiäkisat,3
Domainistaan,3
Bundesligaa,3
Saattajina,3
Kehityismaissa,3
Kännykkämaksaminen,3
Kunnonkohotusta,3
Ylemmyyteensä,3
Potkupallot,3
Nollakomentista,3
