Oikeinkirjoitussääntöjen,10
Heiluttaneet,10
A4minen_assosiaatiolla,10
Lorvailua,10
Selustasi,10
Sivulatauksella,10
Kuollettaa,10
Tavotteilla,10
Kuormittaviin,10
Markkinointisyistä,10
Venepakolaisista,10
Nimikkeissä,10
Ohjaustakin,10
Stereotypisoida,10
Merkkaava,10
Ortodokseilta,10
Kannatuksista,10
Sermillä,10
Päihtyvät,10
Temperate,10
Gangsterismia,10
Laskeminenhan,10
Steinberg,10
Hereriä,10
Päihdekulttuurin,10
Vuosibudjettiin,10
Periaatteitani,10
Uhrejakin,10
Ympäristöverojen,10
Käyttöjärjestelmältä,10
Herding,10
Keventyminen,10
Talouskatastrofin,10
Scrapping,10
Kotoutumisajan,10
Kieliperheestä,10
Metrolaiturille,10
Enforceable,10
Asusteesta,10
Insertin,10
Vastustajiani,10
Lomaillessaan,10
Hyväuskoiselle,10
Minimivaatimuksena,10
Suhaamista,10
Puuhaile,10
Haastaakin,10
Pyöräkaupasta,10
Nurisematta,10
Vuosiviikkotuntia,10
Onnellisuuttani,10
Anafylaktiseen,10
Kesana,10
Törkyviesteistä,10
Tasapainottuvat,10
Skaalaavat,10
Folaattia,10
Lähetysoikeuksia,10
Sluibaajat,10
Maanpetturuutena,10
Savion,10
Veljenpoikaa,10
Liiketuloksen,10
Pelisarjoja,10
Downplay,10
Ahdistuivat,10
Kammettiin,10
Riskiarviointia,10
Representaatiosta,10
Paraatipaikoilta,10
Aittakumpu,10
Syntyvyyslukujen,10
Poistohintaan,10
Ajatuksellista,10
Miellyttänytkään,10
Kukissa,10
Testosteronitasoista,10
Müssen,10
Hytösen,10
Ekonomistilta,10
Mansikkajäätelöstä,10
Erikokoisissa,10
Taputeltuna,10
Ketterämmät,10
Kysymyssana,10
Kelluneet,10
Alennukselle,10
Illaan,10
Työehtoshoppailua,10
Kumpulaisen,10
Vääristyneeltä,10
Formative,10
Minnalle,10
Suurenneltu,10
Omakuvaansa,10
Kisailuun,10
Alkukirjaimista,10
Synttärilahjoja,10
Omavaraisesta,10
Tyhjennettynä,10
Irroittelemaan,10
Taittuvaa,10
Nappuloihin,10
Vapaarahoitteista,10
Perusjanttereita,10
Nikotiinipurukumia,10
Uurastuksesta,10
Kilpailukykyisemmiksi,10
Sepitellä,10
Isontaa,10
Konkretisoitumaan,10
Luottamustasi,10
Tyrmistyttää,10
Äänislinnassa,10
Copypastettua,10
Ihmisrotuun,10
Nuorisojengeihin,10
Liiottelulta,10
Ihmiskokeena,10
Sotaponnistuksiin,10
Moraalisestikaan,10
Luodeissa,10
Blokkaavan,10
Hajoaisikin,10
Vuosikatsaus,10
Aikaansaadut,10
Friikkisirkukseksi,10
Opistoasteen,10
Säästämä,10
Hinnotella,10
Ansaintaa,10
Ydinsanomaa,10
Rankallakin,10
Lippiksellä,10
Rankkaus,10
Oikeushyvien,10
Totaalina,10
Täysikäiseksi,10
Experttien,10
Jakajasta,10
Ajatteluketjussa,10
Kidnappauksesta,10
Erityistoiveita,10
Määräytymisperusteet,10
Lippusia,10
Antirasisteja,10
Kalustetta,10
Vammastaan,10
Kylväjä,10
Komentelua,10
Suututtavaa,10
Essiivi,10
Ajokilometreistä,10
Massamediaa,10
Kannatuksiin,10
Suomellehan,10
Yliampuvaan,10
Porrastuksia,10
Vahingollisempia,10
Virkeen,10
Näkötornissa,10
Menetettävääkään,10
Jämähtäneestä,10
Vertailumaita,10
Kaventavia,10
Kahvituvassa,10
Humanitäärista,10
Malliensa,10
Vilkkaimman,10
Tulkitusta,10
Valtavirtaistuu,10
Äänestäjiänsä,10
Fiinimpiä,10
Manipulaatiot,10
Biasoitunutta,10
Elämäntapojani,10
Liivillä,10
Olevii,10
Klipsejä,10
Tavoitteeseesi,10
Internationalisteja,10
Ilmastodenialismiin,10
Myyntikatetta,10
Substanssiosaamiseen,10
Käsittelijällä,10
Freimiä,10
Autoilet,10
Työharjoittelijaa,10
Öljypohjaisten,10
Rajakonflikti,10
Päätöksenne,10
Törkeitäkin,10
Naurattamasta,10
Ratkiriemukkaita,10
Myrkytyksistä,10
Stalkkasi,10
Myrkyttämästä,10
Juupajoelle,10
Asetuttava,10
Pakolaisita,10
Yrittäneille,10
22kg,10
Ulkomaalaistaustaisissa,10
Enenkuin,10
Koordinoima,10
Valiojoukkoa,10
Puheenjohtajaehdokkaat,10
Peasy,10
Tukijoukkoihin,10
Eksyessä,10
Painorajoja,10
Asiakaspalautuksena,10
Nollapäästöiseksi,10
Leviään,10
Ilmiselviltä,10
Generoidusta,10
Kiinnostustasi,10
Ammattirikollisuutta,10
Häen,10
Koulunkäynnille,10
Raitistu,10
Väsättyjä,10
Ramppaamassa,10
Brändiarvon,10
Lakkoillut,10
Yhtiövastikkeita,10
Ulkoistanu,10
Kommuunille,10
Virtuaalivaluutaksi,10
Riidanhaastajat,10
Kanelipullaa,10
Talkoolaisia,10
Makuuhuoneensa,10
Valmistavana,10
Betoniseiniä,10
Taisteleville,10
Kategoriaansa,10
Räkänokkaa,10
Ryöstelleet,10
Uskomattomista,10
Liivijengeille,10
Keittäjille,10
Nostattamista,10
Kandeista,10
Ronaldoa,10
Toimintakieltoa,10
Pikkujuttuna,10
Saapumiserältä,10
Markkinamekanismista,10
Dippoja,10
Löytyvälle,10
Moralistien,10
Luisuneet,10
Pidettyy,10
Pelikaupasta,10
Lemmikkieläimille,10
Intensify,10
Lähitunteina,10
Myräkässä,10
Luontaan,10
Ehkaise,10
Opponoida,10
Lääkäreitäkään,10
Jengisotien,10
Alemmaksikin,10
Energiaverkon,10
Frequency_illusion,10
Vahdannut,10
Ihmisvahinkoja,10
Apukuskia,10
Deterministiseen,10
Lueskelevat,10
Jämähtämistä,10
Mekkaloimaan,10
Kohdistumassa,10
Toitkin,10
Maataloudelta,10
Ylikuormittavat,10
Terveisensä,10
Motivoivalta,10
Metelöivän,10
Putiikkien,10
Akselerationismia,10
Pelkäisit,10
Valinnaisaine,10
Kutistumisesta,10
Suojaudun,10
Suojatulla,10
Voitollekin,10
Soittanutkin,10
Erinomaisuudellaan,10
Ammattikoulutasolla,10
Kohotettuna,10
Kunnioitettavana,10
Väsätyt,10
Tunnelataukset,10
Hinkkaamisesta,10
Eteläafrikkalaiset,10
Kehuttavia,10
Ulkoillessaan,10
Valaisemaa,10
Puheentunnistukseen,10
Negatiivissävytteistä,10
Primuksen,10
Aksentillaan,10
Ihmeelliselle,10
Apaattisuudesta,10
Päiväna,10
Markkintalouden,10
Hallintoelintä,10
Paneskelusta,10
Asentelua,10
Zoukki,10
Salaiselta,10
Ai4_,10
Standardisoidaan,10
Arvailevat,10
Paperipostia,10
Painatuksella,10
Esilletuomisen,10
Lyhythiuksinen,10
Konkreettisuus,10
Tykittelevät,10
Varhaisena,10
Aluetoimistoosi,10
Oikeusperiaatetta,10
Rullailu,10
Clarksin,10
Korjatakin,10
Värinän,10
Kohdistivat,10
Kunniakoodi,10
Tuotettaessa,10
Kuolettaviin,10
Offtopikiksi,10
Sähkönkäyttäjä,10
Vanuatu,10
Androgens,10
Ennakkotilannut,10
Kaivamasi,10
Katselukerroista,10
Tavantallaajan,10
Ilmottamalla,10
Limaiseksi,10
Onnessa,10
Loppuelämässään,10
Tarjoavatkin,10
Taistelukaasua,10
Pudonnee,10
Karuilta,10
Romaninaisia,10
Ruinannut,10
Nintil,10
Verotuspohja,10
Yksinkertaisiakin,10
Matalapalkkatyöntekijät,10
Matalapalkkatyöntekijöiden,10
Perhedynamiikkaa,10
Tenuttaa,10
Negis,10
Tuhopoltettu,10
Problematiikkaan,10
Köyhäilemään,10
Rajavartijalle,10
Eläjäksi,10
Sijoista,10
Parkeerattu,10
Budjettiriiheen,10
Pöllittäisiin,10
Raapiessa,10
Arkiajoon,10
Virtahepoa,10
Pihatoissa,10
Henkilöthän,10
Esitystavassa,10
Arlalle,10
Kainaloaan,10
Tulokymmenystä,10
Ruokasieniä,10
Keksipurkissa,10
Valtionverotuksen,10
Kannoillani,10
Lahtariksi,10
Epätarkempaa,10
Savustivat,10
Tökitä,10
Äärioikeistohallitus,10
Mhbz5fhnro4s,10
Introverttinen,10
Eurokansanedustaja,10
Blackfacessa,10
Lynkkaajat,10
Hätäapuun,10
Persukansanedustaja,10
Kaytyyn,10
Syntaksista,10
Lääkärilaskut,10
Panohanskat,10
Jumittunutta,10
Härpäkkeillä,10
Fantasioinnit,10
Keskustatunnelista,10
Papupataa,10
Doksaamista,10
Hekottaa,10
Toivookaan,10
Vapaaehtoishommaa,10
Sossumasseja,10
Muslimivaltioiden,10
Repetitive,10
Talolainaa,10
Työttömyysrahat,10
Selvittikin,10
Pituset,10
Paimentavat,10
Kärkinen,10
Ratkaisuasi,10
Lisäravinnetta,10
Kiikutettu,10
Kuulovammaiset,10
Älynlahjoista,10
Hukkumasta,10
Keskipituudesta,10
Varmistamattoman,10
Omistusasuntonsa,10
Kestäisikään,10
Zürich,10
Herääväni,10
Hätistelee,10
Speerin,10
Laaksoissa,10
Toukola,10
Kuvaamiaan,10
Hölsky,10
Luikaus,10
Hienosäädöstä,10
Hiukkasina,10
Ultimaattisia,10
Varjoksi,10
Arvokkaalle,10
Häiriökäytöksen,10
Keskikorko,10
Vierottautuminen,10
Varmuutesi,10
Partikkeleja,10
Palkeilla,10
Tenttaat,10
Käärmeeksi,10
Lamaannuttavat,10
Perunaruton,10
Puritanistinen,10
Bongaamiseen,10
Kykenekkään,10
Ilotulitusraketteja,10
Pisneksiä,10
Ehdollisuutta,10
Robertsin,10
Kastit,10
Puhtausetiikkaan,10
Pedofiilirinkien,10
Osoitteessasi,10
Lyhdyin,10
Tilinumerosi,10
Raamatuntulkintaa,10
Synttärilahjan,10
Duunimatkat,10
Myöskä,10
Dissonanssilta,10
Kansanterveydenkin,10
Ympäristöverot,10
Hiilidioksidipitoisuudet,10
Lintsaamisen,10
Kiirehtisi,10
Tirehtöörin,10
Alkkista,10
Oikeusistuimia,10
Rappeumaa,10
Pikkukakarat,10
Pitkäveteiseksi,10
Haalistuvat,10
Evakuoimista,10
Skeemat,10
Lähee,10
Käyttökoulutus,10
Lestit,10
Heitettyy,10
Tuulimyllyihin,10
Väittäjällä,10
Opensocietyfoundations,10
Esityksille,10
Gretakin,10
Zorin,10
Kerrostumaa,10
Prosenttiyksiköitä,10
Sustainably,10
Halvenpaa,10
Vastakkainasetteluita,10
Hiilihydraatteihin,10
Rajannu,10
Lisäksikin,10
Huumoripitoinen,10
Isoisovanhempien,10
Feilaaminen,10
Denialistin,10
Soveltavassa,10
Suojelutarpeen,10
S²,10
Yliajossa,10
Väitelleitä,10
Vaitoskirja,10
Väliltäkin,10
Dumpanneet,10
Myllerrykseen,10
Castrénin,10
Sisällöille,10
Mainostekstit,10
Harmonisen,10
Risteilijää,10
Tärkeen,10
Lynkkausjoukon,10
Liotettu,10
Kömpivät,10
Selvitettävän,10
Korostuneemmin,10
Bevis,10
Matkattu,10
Hyllytilasta,10
Suuttimesta,10
Maistuisikin,10
Palikkatestissä,10
Lehdistössäkin,10
Tuumaustauon,10
Maamerkkinä,10
Vieroittautuminen,10
Pakastepitsoja,10
Itäreunalla,10
Kyseleville,10
Tarkeimmat,10
Ilmastoystävällisten,10
Motivaatiostasi,10
Consulted,10
Ystävällisempään,10
Penseitä,10
Lisävuorot,10
Studiosin,10
Jatkolupiin,10
Loukkaamisessa,10
Kehitysvaiheet,10
Raivosivat,10
Mullistivat,10
Säilöttäisiin,10
Tuominneen,10
Skannattavaksi,10
2w4c_5rvenu,10
Argumentteineen,10
Kimpoilemaan,10
Poteroituneet,10
Kuivattava,10
Hautautuneen,10
Antenniverkosta,10
Koirapilliksi,10
Pulmallinen,10
Taulutelkkareita,10
Miellyttä,10
Natsiutta,10
Sokeriarvot,10
Ennusteille,10
Yksityisyrittäjiksi,10
Ruokatavarat,10
Lahjoittavansa,10
Sovittelevana,10
Silmiämme,10
Loukkuihin,10
Ympäristöösi,10
Käkättää,10
Brändäytynyt,10
Harmittomuudesta,10
Lapsilleenkin,10
Puolivuosittainen,10
Pariudut,10
Virastoaikojen,10
Omaksumatta,10
Siviiliasiat,10
Dorkana,10
Vainottaisi,10
Yksinkertaisemmalta,10
Luontokappaletta,10
Tulkintatapaa,10
Vilautellut,10
Emäntään,10
Pohjoisemmassakin,10
Perustahan,10
Aikahyvin,10
Maastoutua,10
Perustuotteista,10
Tähtäisin,10
Beatteja,10
Terroristisolu,10
Eläköityneille,10
Langankin,10
Spekuloimassa,10
Kauppakeskukseksi,10
Pestää,10
Liittymismaksun,10
Bloggaajaa,10
Vastentahtoiseen,10
Stereotypioina,10
Stagaa,10
Ikiniä,10
Ajatusmaailmamme,10
Isommissakaan,10
Johtamiseksi,10
Nettimyynnin,10
Twiittaamassa,10
Häiriintymisen,10
Jamapsychiatry,10
Tehtävätyyppi,10
Kuohuviinin,10
Innokkaimmille,10
Alempiarvoisen,10
Kannatuslukeman,10
Ainaisessa,10
Kelvottomuuden,10
Glarbung,10
Kalvolta,10
Nopeammista,10
Pakkeihin,10
Häätämisen,10
Digikirjan,10
Loikasta,10
Loppuunpalamisesta,10
Immigrated,10
Poistako,10
Monivalintatehtäviä,10
Botnetin,10
Päästääkään,10
Kouluelämään,10
Snowing,10
Newspeakin,10
Oikeuksen,10
Ahdistuvan,10
Rahotettu,10
Laitossiivoojan,10
Francetvinfo,10
Jätevesissä,10
Elinkaaripäästöjä,10
Kahdenvälisistä,10
Quarantined,10
Painoitteista,10
Nykäissyt,10
Kyläyhteisöihin,10
Hienostuneena,10
Misinterpretation,10
Kannattamiensa,10
Kumoutua,10
Pyyhkäisty,10
Viiveeseen,10
Imbesilliksi,10
Cocktailiin,10
Sisäistettävää,10
Autonomialle,10
Kyltymätöntä,10
Leikkaushaavan,10
Sorrettuina,10
Kiusattavaa,10
Laidallisen,10
Vellihousujen,10
Halpatöitä,10
Asiakasomistajaksi,10
Turvalasia,10
Muovaamat,10
Piteleminen,10
Kenkiinsä,10
Vietävien,10
Huterammalla,10
Poteroi,10
Panostajan,10
Hurjastelijoita,10
Hössötetään,10
Lihattomana,10
Valintatilannetta,10
Vandalisoinnista,10
Kokeilematon,10
Lääkekehitystä,10
Miesasialiikkeestä,10
Moduulilla,10
Varareservin,10
Härpättimet,10
Stressejä,10
Romahtamisena,10
Metsäs,10
Vallottamaan,10
Silmis,10
Happohyökkäys,10
Lähdekoodiksi,10
9eab,10
Miehikkälä,10
Eventteihin,10
Aatoksissa,10
Alkoholistikaan,10
Sekalaisella,10
Hätähuudot,10
Statussymboleja,10
Rahakkaampaan,10
Sielussaan,10
Syleilemään,10
_aika,10
Maalaileva,10
Keskinäisesti,10
Totuudenmukaisesta,10
Itsetietoiseksi,10
Uhraudut,10
Honor_killing,10
Leiriään,10
Tyrkyttävän,10
Erityisryhmiin,10
Numerohan,10
4d50,10
Ws_ab_test,10
Searchweb0_0,10
Läpikorruptoitunutta,10
Ylistän,10
Idpol,10
Epämukavissa,10
Töpinäksi,10
Outweighs,10
Harhakuvitelmien,10
Fossiiliteollisuuden,10
Syljetä,10
Booked,10
Avustuksissa,10
Veikeältä,10
Pääkaupungissaan,10
Vesittäen,10
Hävityssotaa,10
Auktoriteettiään,10
Hätäiset,10
Kyykytettiin,10
Raivokkaaseen,10
Uomaa,10
Loppupäätelmiin,10
Ymppäämään,10
Lentelyt,10
Viihdyttääkseen,10
Vihapuhetuomioita,10
Erityispiirteestä,10
Luutulla,10
Disbelieved,10
Barbaarisista,10
Palvelevilla,10
Vastapuoltaan,10
Scarf,10
Telttamajoitusta,10
Päiväkirjoihin,10
Roskakorit,10
Amerikkalaissotilaita,10
Logomo,10
Jadajada,10
Vakaimmista,10
Kahinoihin,10
Jaostossa,10
Tuomitsevalta,10
Säkkinsä,10
Filmikameran,10
Nitkuttaa,10
Lääkärikuluja,10
Liftasi,10
Yrityspamppuja,10
Arvostamat,10
Viinarahat,10
Minimimäärästä,10
Punapäitä,10
Maahanmuuttajayhteisön,10
Allekirjotettu,10
White_genocide_conspiracy_theory,10
Verinäytteestä,10
A7567301,10
Vaihtovirran,10
Eussakin,10
Armomurhaaja,10
Pakolaisryhmät,10
Maitotalouden,10
Mukavampiin,10
Ihmisoikeusrikkomusta,10
Mielivaltasia,10
Nyyhkytarinoiden,10
Verhoiltuna,10
Iact,10
Osaajissa,10
Öykkäreille,10
Menestymiseksi,10
Tamkista,10
Lohduttamassa,10
Geenejäsi,10
Tulostuksella,10
Kannanotolle,10
Marmeladista,10
Passiivisempaa,10
Kiduttavaa,10
Nces,10
Aavikkouskonnon,10
Epäterveelliseltä,10
Perheitäkin,10
Sievistellä,10
Samanlaisuudesta,10
Kokonaistulosta,10
Huikeista,10
Variantteineen,10
Korkealentoiseksi,10
Kiveksestä,10
Koulukseen,10
Patternia,10
Reväisty,10
Jaetuksi,10
Esitysoikeuksien,10
Markkinahintaiseksi,10
Välittääkään,10
Jutullaan,10
Elollisten,10
Puntariin,10
Pelkoasi,10
Unohtuneena,10
Toimittavansa,10
Irakilaismiesten,10
Paluumuuttoon,10
Lihavaihtoehtoa,10
Kuutioilla,10
Alotuksesta,10
Itsenäisyyspyrkimykset,10
Räiskitty,10
Kuukausipalkastaan,10
Toisinnon,10
Ylenkatsovat,10
Voyagerin,10
Kannabiksenkäyttö,10
Nostanutkaan,10
Ajourat,10
Sotilastoimiin,10
Häviöksi,10
Pahoinpideltyjä,10
Dokumentoidusta,10
Kalsaritkin,10
Hitusenkin,10
Lemsshoes,10
Whistle_politics,10
Värjäisi,10
Voimakkaammalta,10
Korkealentoisempaa,10
Lapsirakkaita,10
Nimellisteholtaan,10
Pohjakerrokseen,10
Parisuhteessasi,10
Nörtteihin,10
Kaupunkilaisesta,10
Sitoutumisia,10
Rattaaseen,10
Keuhkoihisi,10
Pentuun,10
Vaatimuksiimme,10
Offsets,10
Vastuskykyä,10
Osanotosta,10
Nordinilla,10
Peruslogiikalla,10
Moottoripyöräjengiläisten,10
Kontettia,10
Pelatakkaan,10
Ih1,10
Käytyäkään,10
Koulupiirien,10
Tahkoisi,10
Luokittelis,10
Anteeksiannettavaa,10
Kuuntelema,10
Simosta,10
Trollattua,10
Taloussuhteet,10
Kylmääkin,10
Allaolevia,10
Varastohallin,10
Torniaiselle,10
Syyttäny,10
Lahjonnaksi,10
Tasaantumisesta,10
Keihäänkärkeä,10
Päätöksentekoprosessit,10
Peuhaamaan,10
Elämäntarkoitusta,10
Seuratakin,10
Päivärahoina,10
Johtajakoulutuksella,10
Pullamössöksi,10
Rajaavaa,10
Pyysalo,10
Jinpingiä,10
Kupsahtaneet,10
Roomalaiselle,10
Ideoineen,10
Logeihin,10
Korjaustarpeita,10
Hikiselle,10
Puhalluskokeeseen,10
Hiplailua,10
Laadukkaammalla,10
Alistajat,10
Kireämmin,10
Kiihdytyskaistoja,10
Palkkauksensa,10
Aikaisilta,10
Pysähdyksistä,10
Pääsulakkeiden,10
Vaurastuttanut,10
Synnytysiässä,10
Epävarmemmalta,10
Tukkuria,10
Safkaamaan,10
Juomaani,10
Enimmilläänkin,10
Järkevyydessä,10
W_1024,10
Siviilihommiin,10
Valtainen,10
Mädäntyessään,10
Pirteys,10
Kuntatasolta,10
Ydinvoimaluvista,10
Nähdyssä,10
Pahoinvoivaksi,10
Töiltäni,10
Spastisuuden,10
Hiustyyliin,10
Addiktiksi,10
Lentopolttoaineen,10
Isottelemaan,10
A4n_ja_yleisradion_toimintaa_koskeva_kohu_2016,10
Kantasuomalainenkaan,10
Käyttövoimaksi,10
Silvennoista,10
Lomamatkailua,10
Nopeutumaan,10
Bannita,10
Dkxqfa2u6zg,10
Koodipohja,10
Solvaisi,10
Proggiksessa,10
Sciencefocus,10
Tunkevaa,10
Lbcz9z9,10
8yc,10
Noudatta,10
Selkeenä,10
Kitukasvuinen,10
Metodologiat,10
Rankname6,10
Pitkäjaksoisesti,10
Trumpikin,10
Rasittaen,10
Pastöroitua,10
Nostelun,10
Juureksiin,10
Humallu,10
Ratatilastot,10
Leviteltäisi,10
Propagandakuvia,10
Epäillyiksi,10
Paperiteollisuuteen,10
Luotonhakijan,10
Nelinkertaistuisi,10
Taustavoimana,10
Perittävillä,10
Autoinfraa,10
Neronleimausta,10
Denverpost,10
Uhkapelausta,10
Yhteispisteet,10
Yhteisöistään,10
Epärealistisiksi,10
Henkilökohtasista,10
Hetkelä,10
Kalliimmankin,10
Syöksyään,10
Työntekijänäkin,10
Puolestapuhuminen,10
Huumevastaisia,10
Kolattua,10
Retoorinen,10
Viikonloppusi,10
Vaahtoamalla,10
Riippuisivat,10
Matikkaneroja,10
Verukkeeksi,10
Artikulaatiota,10
Hakuu,10
Boden,10
Fertilizers,10
Kansalaisuuksissa,10
Moraaliposeeraukseen,10
Juuriinsa,10
Hiljentyy,10
Osoitteeseensa,10
Kummallisina,10
Mullistavalla,10
Puheenlahjat,10
Irrelevantista,10
Ylentäviä,10
Valitakseen,10
Baarireissujen,10
Platformista,10
Englishman,10
Tarkoitushakuisuuden,10
Medioissakin,10
Työsähköposteja,10
Geenistöstä,10
Poikkeamana,10
Harjoiteltuja,10
Naisellisempi,10
Eksaktista,10
Keplotellaan,10
Hämäämiseen,10
Transfobiselta,10
Shorten,10
Imeskelyä,10
Sahelissa,10
Lifewire,10
Kolttu,10
Veivauksella,10
Yksityiskoneillaan,10
Naamioit,10
Tarvittavasti,10
Jälkikasvuunsa,10
Entisestää,10
Vasemmistokonservatiiveja,10
Addiktoiviksi,10
Tutkiakin,10
Seurauksiksi,10
Päävoitosta,10
Arvattavana,10
Sokeristen,10
Testikin,10
Olettamuksiasi,10
Julkaisualustaa,10
Rupsahtamaan,10
Klusterit,10
Karjatalouteen,10
Luokittelema,10
Artikloiden,10
Asutetuille,10
Persuedustaja,10
Kannabispäissään,10
Sekunninkaan,10
Karkoittamatta,10
Aukaisuun,10
Ihmisoikeusrikoksena,10
Suomalaisperäinen,10
Ikävähennyksiä,10
Pihatöihin,10
Rehottaisi,10
Kokonaisrikollisuutta,10
Kysymyksiäkin,10
Päästömääristä,10
Yläkouluikäisen,10
Sattumanvaraiselle,10
Käytösmallista,10
Henkilökohtaseen,10
Hidastettava,10
Perustamastaan,10
Trendaavaa,10
Poliitikoillekin,10
Kellonajassa,10
Desimaaleissa,10
Peltipurkissa,10
Manipuloimisen,10
Kokoamaa,10
Jännitteeseen,10
Pestiinsä,10
Tarkkailujakson,10
Rakkauselämä,10
Vaatiessasi,10
Sumplimista,10
Jarjestetaan,10
Natsiyhteyksistä,10
Viikonloppulomalla,10
Housuistaan,10
Virtues,10
Viekoitella,10
Puhtaussäännöt,10
Oliosta,10
Reformoitua,10
Saavutuksistasi,10
Unohtama,10
Toimintasäteellä,10
Laatimiseksi,10
Laimentuneet,10
Koirojen,10
Yhdistysavain,10
Vankilakaan,10
Suosikkipelejä,10
Juotavissa,10
Rivitaloasunnossa,10
Kovuudessa,10
Väärinkäytökseen,10
Tiputuksesta,10
Dokkareihin,10
Imgbox,10
Tuloveroasteen,10
Rumentamassa,10
Transitiot,10
Terveydenhoitajaa,10
Työttömyysmaksut,10
Pampulle,10
Harjoittaakseen,10
_app,10
Omistuksiinsa,10
Virkavapaata,10
Meriittiin,10
Jatkanevat,10
Päivätöikseen,10
Kaivellu,10
Kokonaistuottavuuden,10
Kruunustaan,10
Sux,10
Piirilevyyn,10
Aikuisopiskelijat,10
Vuodess,10
Päiväst,10
Hiilenpolttoon,10
Harhaisilla,10
Siittämiseen,10
Hylkäämme,10
Päänuppia,10
Muoviksi,10
Tönönsä,10
Lahjoneet,10
Kannanotoilta,10
Osallistuviin,10
Lapiosi,10
Potentiaaliero,10
Komponentille,10
Poikkeaakin,10
135k,10
Tohtorikoulutettavaksi,10
300pv,10
Apuopettajana,10
Supistettava,10
Saastuttamistaan,10
Vaivaamassa,10
Monopolirahalla,10
Läksytyksen,10
Öyhöttivät,10
Puoleltahan,10
Kidnappaukset,10
Kannattamattomuutta,10
Langallisesti,10
Eteläisemmissä,10
Väestönlisäystä,10
Tinata,10
Mdd,10
Stooreissa,10
Venkuilla,10
Huviloiden,10
Sosiaalipoliittista,10
Ulkoreunoilla,10
Telkkariohjelmat,10
Kuparikaapelia,10
Välinearvoja,10
Ääniosuudella,10
Pettyvän,10
Lauseina,10
Selvityksia,10
Dystooppiseksi,10
Muotoseikasta,10
Toimeenpanijan,10
Loskaksi,10
Prenikka,10
Siviiliautolla,10
Helvetillisestä,10
Lasilliset,10
Vihkimisiä,10
Räminä,10
Työtaistelujen,10
Vähämielistä,10
Lässyttäjät,10
Hajuhaitan,10
Kaksikymppisinä,10
Toteuttanutta,10
Linjaavat,10
Väkivaltatapauksista,10
Todistaneeksi,10
Toteuttavien,10
Sosiaalistamediaa,10
Opetustunnit,10
Läiky,10
Kyseltäessä,10
Keltaliiveihin,10
Spottaus,10
Riskeeraamme,10
Ankarista,10
Vapaavalintaisiin,10
Vankilajärjestelmässä,10
Hiilijalan,10
Kokonaiskäsitys,10
Pihlamo,10
Ankarimpiin,10
Keinolihasta,10
Cissukupuoliseksi,10
Potkupyörällä,10
Konkurssiaallot,10
Hunttalan,10
Musah,10
Ff7ab64a,10
8df0,10
D0e78d76b30f,10
_puoluetta,10
Tiestönhoitomäärärahoja,10
Uudistamistyö,10
Asunnottomuustyötä,10
Omistajaohjausjärjestelmä,10
Vakuutuskuorikikkailua,10
Kiintiöpaikka,10
Joopelin,10
Seksualisoivaa,10
Vesijalanjäljestä,10
Biseksuaaliset,10
Vesibussi,10
Hiilineutraaliustavoitetta,10
Hallitusneuvottelija,10
Turruttamiseen,10
Kustannustehoton,10
Transfoobeja,10
Käsittelemän,10
Taittamista,10
Koiratappeluissa,10
Muriseva,10
Vatsataudit,10
Tuijottaan,10
Päihteidenkäyttäjä,10
Puolueorganisaationsa,10
Indusoi,10
Mehurahaa,10
Arvopohjaamme,10
Iltamiin,10
Meemivideoita,10
Eheytystä,10
Erityistuen,10
Kaltialan,10
Siirtelisi,10
Uunottaa,10
Koostumukset,10
Huijarisyndrooman,10
Gallupeiden,10
Ohkaset,10
Sisällöttömät,10
Hörppiminen,10
Surffaillut,10
10f4xrj,10
Myyntirahat,10
Pyytäviä,10
Valikoimiseen,10
Virkapuhelimeen,10
Kovaotteisesti,10
Arvattavuus,10
Sammatissa,10
Marinoimalla,10
Horjutettua,10
Aiemmillakin,10
Kansanluonnetta,10
Miespääministeristä,10
Swindle,10
Puheenvuoroaan,10
Yliluonnollisena,10
Vääntäämään,10
Reppuihin,10
Kusitestiä,10
Itsemäärittely,10
93tan,10
Pakittaessa,10
Tukipuolueena,10
Toiveajattelusta,10
Makailemaan,10
Lisäperspektiiviä,10
Metriikoilla,10
Kylänmiehet,10
Autiotuvassa,10
Kihistä,10
Kampanjoidessa,10
Prossuille,10
Rinnastamiseen,10
Lajistaan,10
Itsereflektoinnin,10
Osallistumispalkinto,10
Jatkolentoa,10
Jewishunpacked,10
Inttämisestä,10
Vuodelepoa,10
Kaappiinsa,10
Freshinä,10
Luukutin,10
Kiiteltyä,10
Kalustomenetykset,10
Vitsaileminen,10
Ennätyslukemia,10
Erakoitumisen,10
Laiskuuttasi,10
Perämetän,10
Soittoäänien,10
Olosuhteensa,10
Uhkapelaajista,10
Ässäarpaa,10
Kiinnitetyssä,10
Kärsimyksien,10
Vaihtoaikaa,10
150kcal,10
Happotesti,10
Kehittymättömyydestä,10
French_petition_against_age_of_consent_laws,10
Hyttien,10
Ekstrapoloituna,10
Virtapankkia,10
Pyyntihintoja,10
Hiilineutraaliustavoitteen,10
Vaaliväittelyiden,10
Avartavan,10
Lainausmerkin,10
Jaksamisestasi,10
Vähäosaiselle,10
Pääministerikautta,10
Liikuntaetua,10
Tuulipuvuista,10
Kaaottista,10
Likelier,10
Kasvaimista,10
Moniulotteisesta,10
Teoreemat,10
Kuivattamalla,10
Pornotähteä,10
Muististaan,10
Etusijaan,10
Harjaantuminen,10
Huumausainelakia,10
Sosiokulttuurista,10
Juhlapuhetta,10
Pituusvaatimukset,10
Tehoisella,10
Taalereita,10
Opintotukeakaan,10
Avoparin,10
Darryl,10
Perseemmästä,10
Pakopeli,10
Hermostosta,10
Tuottajiksi,10
Rahoitusmallissa,10
Painajaisena,10
Paloasemaa,10
Kronologinen,10
Sähköpostilistat,10
Sedaatiota,10
Työnimellä,10
Vesipisteistä,10
Delegoinut,10
Paikoilleni,10
Hähmäisiä,10
Alalajina,10
Piirrossarja,10
Viittisit,10
Persentiiliin,10
Liikkuvansa,10
Sotahaukkoja,10
Mln,10
Prostituoidusta,10
Ratkassu,10
Kala1928,10
Vaatimissa,10
Kandennu,10
Valmistumisvuosi,10
Pesällisellä,10
Itsellesikään,10
Alkoholinkäyttäjistä,10
Oikeusturvalle,10
Puheyhteyden,10
Samp,10
Silppurissa,10
Työtehtävässään,10
Palautusoikeudesta,10
Outolintuja,10
Argumentteihinsa,10
Kohtalla,10
Tukanleikkuun,10
Sähköskootteria,10
Toimeenpannut,10
Vesiennakkoa,10
Saippuoi,10
Quits,10
Mediakanava,10
Sarilla,10
Ilmanalassa,10
Koreaherald,10
Tuntipalkkoihin,10
Tömistelee,10
Varomista,10
Osoittaessaan,10
Utajärvi,10
Lousianassa,10
Samaistumiseen,10
Jäsenjärjestöt,10
Kehitykseni,10
Päätelaitteilla,10
Painoton,10
Menetelmälle,10
Rannekellojen,10
Ikiaikaisiin,10
Syyntakeiseksi,10
Geneerisissä,10
Myyviltä,10
Tsaarinaikaista,10
Kaljarahoja,10
Ltaan,10
Selkeytyisi,10
Ikäryhmänsä,10
Hallituskausia,10
Syöksyneet,10
Kummoiseen,10
Populistisimmat,10
Tienvarsimainoksia,10
Suurehkojen,10
Sipaisee,10
Käytäntöinä,10
Nimetyille,10
Keskipalkaksi,10
Esitykseeni,10
Lainsäädännölliseen,10
Afganista,10
Miekoin,10
Pöytälaatikkofirmaa,10
Hoitoprosessin,10
Hössötykset,10
Ehdokkaassa,10
Puhkaisemaan,10
Kovatuloisille,10
12vuotta,10
Synteesiin,10
Philipp,10
Varpaillani,10
Puolisotilaallisten,10
250kpl,10
Etäisyydeksi,10
Osuuttansa,10
Myöntävänsä,10
Vaikeuttaakseen,10
Ulkovarastosta,10
Ydinalue,10
Pienenpientä,10
Varmentua,10
Ulosannistaan,10
Solvauksella,10
Väistämättömien,10
Jättäytyisivät,10
Otsansa,10
Sijoittuvien,10
Optimistisemmin,10
Soveltuvampaa,10
Vuokraamia,10
Ällistyneenä,10
Vankemmalla,10
Ohjaukselle,10
Kierteeksi,10
Copypastat,10
Palvelutaloihin,10
Piitkään,10
Turvaavia,10
Väijytyksiä,10
Ennakkoäänestyspaikalle,10
Käyttökokemukseltaan,10
Ammattipätevyyksiä,10
Jaarittelulla,10
Laudeliinaa,10
Nimittelisi,10
Siirtoäänivaalitapaa,10
Kahtiajakava,10
Urheilusuoritukseen,10
Vääristelemistä,10
Valtaapitävää,10
Pukkaavan,10
Ampaista,10
Kouluttamattomuutta,10
Useankaan,10
Luontoasiat,10
Defid,10
Hämmästyny,10
Retrohenkinen,10
Innanen,10
Lentonopeus,10
Jatkokehityksestä,10
Demokraattisina,10
Joidekin,10
Paalulle,10
Sulattelemista,10
Akselisto,10
Magdvsc,10
Haluua,10
Kyselytulokset,10
Aikajuoksussa,10
Ykkösrivin,10
Konservatiivioikeistoa,10
Vaalivoittajaksi,10
Sähläämisestä,10
Nykyaikaisempia,10
Vaalikamppailun,10
Syventyneet,10
Ruotsinopetuksen,10
Esilletulo,10
Millenniaalien,10
Koituvasta,10
Vaihtuvaan,10
Vakauttaisi,10
Ilkeeltä,10
Insituutiota,10
Jalostusasteesta,10
Muus,10
Antisemitistisiin,10
Tellut,10
Päätekijöistä,10
Chillit,10
Parkkeerattua,10
Ittellesi,10
Pysäköintipaikalle,10
Kommunikaatiovirhe,10
_2023,10
Kapuloihin,10
Eduskuntaryhmällä,10
Dinneriä,10
Piikkipaikalle,10
Näivettäisi,10
Tekemisessään,10
Veraa,10
Valtiontaloudella,10
Konkreettisempaan,10
Järkkäämiä,10
Turvallisuuspoliittisiin,10
Tuplapalkasta,10
Iroonisesti,10
Esimerkeistäni,10
Lorvijat,10
Jonninjoutavasta,10
Miehistönkuljetus,10
Pääministerikautena,10
Oikeuksian,10
Hyökkäysvaiheen,10
Miekkailla,10
Bensiinille,10
Loukkaantuneilta,10
Möläytteli,10
Salkkuihin,10
Liputtamisen,10
Minuksi,10
Kasviperäisistä,10
Vuosinahan,10
Metalliesineitä,10
Hartsia,10
Hereilläolon,10
Sopeutuksesta,10
Koskettamassa,10
Poljettaisi,10
Päästettäs,10
Tentattavana,10
Exited,10
Tarrana,10
Tavoittava,10
Psykiatrina,10
Sivuuttavaa,10
Siveellisiä,10
Läpätystä,10
Luottanu,10
Isotuloisia,10
Maanpuolustushenkeä,10
Mustasukkanen,10
Koordinaatistoa,10
Läpinäkyvänä,10
Annetu,10
Mainokseni,10
Tyrmässä,10
Palkkatulolla,10
Köpiksestä,10
Hiilikaivoksiin,10
Scholzia,10
Sekoilemasta,10
Keinohedelmöitystä,10
Lähettäjiin,10
Laisesta,10
Mikrosiirto,10
Väärinkäytettäisiin,10
Moottoripyöräilystä,10
Presidenttiehdokkaasta,10
Päreiks,10
Palkkatilastoihin,10
Implisiittiset,10
Virkapuhelimen,10
Lavetteja,10
Lakilla,10
Mitättömistäkin,10
Säännellystä,10
Täytyvät,10
Lähiliikenteeseen,10
Vesitiiviit,10
Huulitäytteitä,10
Komplikaatioille,10
Nuorenakaan,10
Yhteisöömme,10
Peniksellinen,10
Genrerajojen,10
Trollifarmin,10
Kiistellystä,10
Päivystysvuoron,10
Oaljon,10
Haluttomampi,10
Ydinalueille,10
Veroalennuksista,10
Haistapaskaa,10
Identifioiminen,10
Lääkäritalojen,10
Pohdiskelut,10
Eristäviä,10
Virkailijana,10
Jyrsimen,10
Puoluetoimistoilla,10
Artoluukkanen,10
Rahakkaampiin,10
Valaistaa,10
Eritteleminen,10
Kantautumaan,10
Tupakkatuotetta,10
Aksiomaattinen,10
Vermeellä,10
Hemilä,10
Vasemmistoakselille,10
Keikkaansa,10
Kohotella,10
Tutisten,10
Kismittäisi,10
Runkkumateriaalia,10
Soukemmalle,10
Nettitilaaminen,10
Elämäntaparikolliset,10
Laventunut,10
Rikollisempia,10
Maksimituomioita,10
Hankkitua,10
Tunnustukselliseen,10
Vanhoilliselta,10
Duunas,10
Aiheuttajalla,10
Vaatekappaleista,10
Pääradalle,10
Pilapiirtäjälle,10
Pakkautunutta,10
Kasvisliemikuution,10
Polarisoivien,10
Domainille,10
Soissa,10
Joutilaan,10
126g6cq,10
Indikatiivin,10
Kannatuksessaan,10
Tyyppisiksi,10
Mallintanut,10
Jäsenyhdistys,10
16kpl,10
Sakotettua,10
Sopersi,10
Tarjoileva,10
Aliverotettua,10
Lacontrevoie,10
Lärveissä,10
Multibillion,10
Virkavirheistä,10
Järkevämmiksi,10
Rehdillä,10
Valaiset,10
Petterikin,10
Hellittäessä,10
Liplatusta,10
Uusikylä,10
Jämähdetään,10
Digipalveluita,10
Musiikkiakaan,10
Roottaamaan,10
Ylätaso,10
Moittivan,10
Ysärilläkään,10
Ongelmanuorista,10
Läppärillään,10
Juonittelun,10
Auttavasta,10
Naismyyjä,10
Erilaisita,10
Alusvaatteilla,10
Ystävästäsi,10
Tulion,10
Ladattavasta,10
Liehuivat,10
Työkoneelta,10
Venyikin,10
Suomileffa,10
Laajennuksella,10
Printtaamisen,10
Suomen_autovero,10
Nimihirviö,10
Pehmoporno,10
Puolustelulle,10
Säntäillä,10
Marka,10
Menopeliin,10
Viejänä,10
Monelaisia,10
Rotuina,10
Rodukseen,10
Varovaisin,10
Luovutuksella,10
Dfapplied,10
Hiatus,10
Ennakkosuosikkeja,10
Harmittaisikin,10
Snowdenilla,10
Rehnissä,10
Bussikatoksen,10
Raahatessa,10
Öyhötyksistä,10
Kirin,10
Hankalakin,10
Samojakin,10
Tykkäilet,10
Maksuttomiksi,10
Harvinaistunut,10
Lottonumeroiden,10
Lippulaivoissa,10
Äänimaisemaa,10
Tanssikurssille,10
Artikkeleitakin,10
Luodaksesi,10
Leviämiseltä,10
Vertani,10
Johdattelemaan,10
Varpaassa,10
Kiinteistökauppojen,10
Näivettyvän,10
Kyprokkia,10
Aivosairaus,10
Menestysmahdollisuuksia,10
Vaahtomuovit,10
Istuimilla,10
Pöytätavat,10
Monologiin,10
Hajusteista,10
Hinnastojen,10
Pitkähihaisia,10
Hanskattua,10
Akustiikkalevyjä,10
Autonmitan,10
Kyydissäkin,10
Haluiskaan,10
Riskiäni,10
Ylänurkasta,10
Kompensoisivat,10
Noloiksi,10
Tukkirekan,10
Ehkäistiin,10
Kyykyttäisi,10
Sokeriverot,10
Keliolosuhteiden,10
Päättyvällä,10
Miellettyjen,10
Puolityhjässä,10
Sulatellessa,10
Metrokuskit,10
Virkanimityksissä,10
Itsekkyytenä,10
Kysynytkin,10
45f3,10
Rakastuneena,10
Hippiäinen,10
Liikuntaelin,10
Teemusta,10
Polttelevansa,10
Eduskuntavaaliohjelmassa,10
Pituisissa,10
Pyöräilemättä,10
Silmistäsi,10
Touhotus,10
Kinostanut,10
Kukkahattutätiä,10
Oksensit,10
Uhritkaan,10
Naapureideni,10
Läheisien,10
Tolkullisempaa,10
Fysioterapeutteja,10
Maailmanmaineeseen,10
Kasinomainoksia,10
Terapeutteihin,10
Helsinkiinhän,10
Free_960,10
Vaiheta,10
Väkivaltasesti,10
Totaalikieltoa,10
Hajuhaitasta,10
Ruuhkaisiin,10
Voittojansa,10
Kuksii,10
Paskennetaan,10
Uutiskirjeestä,10
Tuhantena,10
Hajoamiselta,10
Supplemented,10
Hintaki,10
Attribuuttia,10
_hjhexmy4h8,10
Tukiampujan,10
Liisankadun,10
Teufel,10
Äkkikäännös,10
Paheksuttavina,10
Ohjaavina,10
Kuormittavissa,10
467b,10
Attain,10
Mieleisellään,10
Vesisäiliöt,10
Todellisuuspakoa,10
Pompsahtivat,10
Nettovaikutukseltaan,10
Hukkalämmöksi,10
Yhteistalouteen,10
Lepoaikojen,10
Täyskiellolle,10
Nähneiden,10
Markkinoiksi,10
Poskihampaat,10
Hiisailee,10
Raadolliselta,10
Pössistä,10
Kujalta,10
Kostuttimen,10
Lainkäyttöä,10
Kalligrafia,10
Ajastakin,10
Työlistää,10
Länsimielisenä,10
Acc7,10
Päheät,10
Rajoittais,10
Kielitestit,10
Myyntipäivää,10
Surullisenkuuluisaa,10
Sitovuuden,10
Retkeiltyä,10
Tietämättömään,10
Ennakkosuosikeista,10
Terveyskeskuslääkärinä,10
Unohtaan,10
Tutkimusavustaja,10
Meilitse,10
Diligent,10
Tutkimuskentän,10
Ydinosaamisen,10
Sensuroimiseen,10
Verrokkiryhmässä,10
Muuttanutkaan,10
Parkkeeras,10
Soluasunnoista,10
Megaprojekti,10
Ausf,10
Metatietoa,10
Lepakoilta,10
Gangstoja,10
Siunattuun,10
Mahoja,10
Instituutioden,10
Arvaamattomampaa,10
Paikallishallintojen,10
Varastoitava,10
Arvolakiin,10
Aiheeesta,10
Runkaten,10
Normikansalaisia,10
Nabokovin,10
Lainsäädännöillä,10
Ryhmächattiin,10
Huomasti,10
Rekisterinsä,10
Nolaamisesta,10
Syväluotaavampaa,10
99n_tarvehierarkia,10
Kököttänyt,10
Oikeudentunto,10
Mehdi,10
Tunnekuohujen,10
Viisinkertaisia,10
Seksitaudin,10
Somettamista,10
Laholle,10
Musiikkigenrejä,10
Essayahia,10
Ystävällisiltä,10
Matkanopeuden,10
Priorisoitiin,10
Virikkeettömässä,10
Nimenomaiselle,10
Kampanjoissaan,10
Rahakkaampia,10
Kallistuneiden,10
Päästövähennyksien,10
Avauksessani,10
Muistisairaista,10
Asumismuodoista,10
Upottavaa,10
Paperirahaa,10
Omaaki,10
Puhtoiseen,10
Puhtoisesta,10
Syysyönä,10
Itsemurhahan,10
Olkkaria,10
Tarkentamisesta,10
Hankituissa,10
Tekijänoikeusasioita,10
Panikoiden,10
Automatkasta,10
Pakattava,10
Ympäristövaikutuksesta,10
Suojaliivien,10
Korkunen,10
Rutisti,10
Erikoisemmalta,10
Korvausvaateita,10
Jurottaa,10
Vastaanottojen,10
Patistettaisiin,10
Moraalistasi,10
Etsiva,10
Nuorisotyo,10
Koulukunnassa,10
Epäkäytännölliseen,10
Väkeville,10
Taloussotaa,10
Palautusautomaatit,10
Lapsellisessa,10
Nuukaillen,10
95c74723,10
Da6f,10
47f8,10
964fc3affb73,10
Seksuaalisuudestasi,10
Kultakolikoita,10
Omistajaluokalle,10
Tyhjäys,10
Säästölinjalle,10
Syytteensä,10
Näköhermon,10
Societe,10
Pilvenpiirtäjissä,10
Työntekijältään,10
Nettipankkitunnuksilla,10
Hinkuttaa,10
Paskafirmaa,10
Merkatuista,10
Tarkotuksessa,10
Rahanarvoiseksi,10
Täytäntöönpantavaksi,10
Esittämiensä,10
Jaffista,10
Satelliittivaltion,10
Kivessyövästä,10
Kammoksu,10
Manttelia,10
Kuplaantumisesta,10
Kusipäisempi,10
Anticheatit,10
Hasselin,10
Yhtyeeltä,10
Pähkäilly,10
Vaellusreitit,10
Oikeellisia,10
Jyväset,10
Öyhöihin,10
Ryönät,10
Puolijumalana,10
Hommailtu,10
Asumuksesta,10
Vähenemiselle,10
Saikuttanut,10
Ystävillemme,10
Askareen,10
Valteista,10
Kanssakeskustelijoista,10
Blokkinsa,10
Pommiuhkaukset,10
Rapuista,10
Kontille,10
Prigozhinia,10
Peuroihin,10
Roudaamisessa,10
Luopuen,10
Turhautuessaan,10
Työmarkkinamme,10
Sääntelyltä,10
Töin,10
Ammentavia,10
Vuokramökissä,10
Timestampit,10
Jäseninään,10
Istuskellen,10
Maitotuotteen,10
Matkiva,10
Käskyttänyt,10
Erikoistuisi,10
Mielenosoitustaan,10
Mediamylly,10
Oluesi,10
Redditoinnista,10
Aikuislapset,10
Purkautuivat,10
Tuhoisana,10
Terasta,10
Telemarkkinointia,10
Callouttaa,10
Linjapuheen,10
Tehneessä,10
Itseilmaisusta,10
Ikäpoikkeusluvalla,10
Canarialla,10
Nettikiusaaja,10
Hintalautakunnan,10
Propagandastaan,10
Sjöroos,10
Maksutkin,10
Dirikat,10
Väestötietovirastolle,10
Ihmisoikeusaktivisteja,10
Vuolemiseen,10
Tukitoimenpiteitä,10
Ulkoseinästä,10
Osakeostoja,10
Talousasiansa,10
Menopuolelle,10
Hajotettaisiin,10
Kusaista,10
Kylmäpäistä,10
Lautakasoista,10
Vilkaisit,10
Pyykkikorin,10
Varmuuskopiona,10
Taiteenmuotona,10
Säilyttäisit,10
Vaietuista,10
Ispn,10
Kiinnostuneisiin,10
Psykoositapauksia,10
Löysentämistä,10
Pyörähdyksen,10
Laskettavien,10
Asettunee,10
Kuulokeliitin,10
Nitise,10
Hively,10
Lepsuilua,10
Lihotettua,10
Helpottuessa,10
Lausekin,10
Astuttuani,10
Friikkuja,10
Tyhjentymistä,10
Mykkää,10
Valitsemastani,10
Koodaustaitoa,10
Fanaatikoksi,10
Johtoisen,10
Kehittävällä,10
Rekisteröimässä,10
Kirjalista,10
Ravistelevaa,10
Heaters,10
Progressiot,10
Halveksittavana,10
Kestämättömillä,10
Pervoilla,10
Yhteyshenkilöä,10
Nuuskaamalla,10
Tuloksettomia,10
Samantasoisina,10
Kansantahtoa,10
Tuotettavasta,10
Reaktioistaan,10
Palveluitasi,10
100megaa,10
Heiluria,10
Kärkinimi,10
Vihervasemmistolaiseen,10
Arvokkaammalla,10
Nettikirjoittelijoiden,10
Tunnekasvatuksen,10
Taikaratkaisua,10
Vaalikausilla,10
Koulutuskeskukseen,10
Sosiaaliturvaverkon,10
Höplään,10
Reserviläisellä,10
Isoksikin,10
Lukiovuoden,10
Empiirisin,10
Garedew,10
Tarjonna,10
Epätyytyväinen,10
Lärpäkkeet,10
Asiantuntijoineen,10
Kultaharkot,10
Velkaisempi,10
Neljäkymppisiä,10
Integriteettinsä,10
Sellejä,10
Antaneena,10
Tökkivän,10
Vaihdettavien,10
Valmistettavissa,10
Piirtäjistä,10
Mandaatit,10
Akuuttihoitoa,10
Häpeily,10
Luonnonvastainen,10
Rajoittamiselta,10
Järjestelmäkameraa,10
Ihanuuteen,10
Korjaannut,10
Kansalaisoikeutta,10
Valtiomahtina,10
Mukavuudenhaluista,10
Evelinan,10
Taistelukohtaukset,10
Konsepteille,10
Turmelema,10
Viettääkin,10
_url,10
Tasoittumisen,10
Skoopin,10
Rikkoisit,10
Oikeudenkäynneiltä,10
Räpiköinti,10
Mädätti,10
Kultahampaita,10
Nirsoilevat,10
Miesvaltaisuudesta,10
Tutoriaalista,10
Järjestelmällisyyteen,10
Raivaamalla,10
Hallintotaso,10
Toimivani,10
Madeiran,10
Syttymiselle,10
Moga,10
Produktiivisempi,10
Puolisenkymmentä,10
Tärppien,10
Jankkaukseen,10
Remonttireiskan,10
Perseelläs,10
Vividly,10
Hiilidioksiditonnin,10
Kansalaisvelvollisuuttaan,10
Opettelulle,10
Kiehnäävät,10
Uupuisi,10
Volyymissa,10
Vihapuhujien,10
Kevytyrittäjiksi,10
Syntisesti,10
Kirjailijoihin,10
Punakynän,10
Päätili,10
Kerroilta,10
Annikka,10
Träkätä,10
Boikotoitu,10
Altaallinen,10
Urputat,10
Sieraimia,10
Astuttavaksi,10
Vedenkulutukseen,10
Maanlaajuiseksi,10
Seksimielessä,10
Niistän,10
Waged,10
Säädystä,10
Päänsisäisistä,10
Tulekin,10
Jemmasi,10
Poikkeuksellisuutta,10
Yökylä,10
Iltakävely,10
Koodinpätkää,10
Luxemburgilla,10
Juurruttanut,10
Vahoja,10
Näyttäytyvän,10
Roiskahti,10
Pakokeinoja,10
Tukalle,10
Itching,10
Irritation,10
Merkkisinä,10
Aamuntahdet,10
Syyksiluettavuuden,10
Ihmisyksilöitä,10
Väitteinä,10
Lyhytkestoiseen,10
Henkilökään,10
Tulevi,10
Tapatat,10
Timoteukselle,10
Koskevatkin,10
Ryhdistäytyminen,10
Luottokelpoisuutta,10
Teevedet,10
Drooneista,10
Diabeetikkojen,10
Uhmaamista,10
Suhmuroitiin,10
Sapuskoista,10
Sukunimeäni,10
Möykkään,10
Elätystä,10
Plakkia,10
Rajoittuneella,10
Koulukiusatulle,10
Alaiselleen,10
Pettureista,10
Hiplataan,10
Pelimuodossa,10
Laimeana,10
Prospekteja,10
Nykykeinoilla,10
Eläkelläisille,10
Kuprulla,10
Nosteleen,10
Voimavaroin,10
Kujeita,10
Huonolaatuisena,10
Päiväkotitason,10
Ryystämässä,10
Tallest,10
Luokiteltavasta,10
Huolestuttavassa,10
Päästövähennystoimia,10
Määritelmin,10
Karvani,10
Asuintiloja,10
Jättihitti,10
Byrokratiaksi,10
Epävakaisiin,10
Kompromissipolitiikkaa,10
Oikeistopuolueilta,10
Avohakkuilla,10
Yhteistyökyvyttömäksi,10
Lisäväriä,10
Suklaamunat,10
Katsurin,10
Oletuksensa,10
Haasteellisten,10
Muksulleni,10
Millast,10
Päätyneissä,10
Muistutuksista,10
Vastasyntyneenä,10
Pikkutarkasta,10
Ulosottomaksut,10
Palautusautomaatti,10
Seksiorjaa,10
Varhaiskasvattajia,10
Työttömyysrahoilla,10
Päätösjakso,10
Lainmukaisella,10
Taulukkopalkalla,10
Maailmanmarkkinoista,10
Laadittuun,10
Kupongissa,10
Liikaaki,10
Jokavuotiseen,10
Temmattuihin,10
Marginaalinsa,10
Lainais,10
Marjastusta,10
Nix00462,10
Laajennuksiin,10
Takapihasta,10
Massivista,10
Yskäisi,10
Henkilöäni,10
Uusliberalistisesta,10
Bruunin,10
Laskus,10
170kg,10
Vuoristoja,10
Kulutukselta,10
Siskojensa,10
Kökkii,10
Suosittelekaan,10
Yhteyskunnassa,10
Koronarahaa,10
Tallattua,10
Tarkastuskäynnille,10
Aiheuttaisikaan,10
Pelastuksia,10
Vesiputousta,10
Maalaamia,10
Korvilleen,10
Asuintiloihin,10
Tykkäänki,10
Työnjohtajaa,10
Siunatussa,10
Puntaroinut,10
Varotuksena,10
Poliittisiä,10
Purressa,10
Jonottelua,10
Kvarkit,10
Öyhöttämästä,10
Tomaattista,10
Röhnöttäen,10
Säteeltään,10
Renkutuksia,10
Havumetsät,10
Epäävät,10
Hidastaelamaa,10
Gameplayn,10
Tarkottaakin,10
Kaikkena,10
Kiinnekohtaa,10
Maantapaa,10
Aitaamista,10
46b2,10
Nyrkkipyykkiä,10
Hauvoja,10
Chäteissä,10
Oikeistodiktatuuri,10
Tarjoaisikin,10
Vieremä,10
Adaptoitumaan,10
Kekkasi,10
Annorlunda,10
Maahantulevat,10
Sukupuolettomasti,10
Ulosannit,10
Saastuttajana,10
Nyq7m1r,10
Tartuntakontakteja,10
Xe2,10
X96,10
Documenthelper,10
Fa06f5e13a0ec71843b6,10
Ilir,10
ى,10
Icuregswe,10
Dati,10
Koronavirusepidemiasta,10
Tautiketjut,10
Tukkipuita,10
Kysymyksiinne,10
Rokotetuotannon,10
Interlocutor,10
Helsingin_keskustaajama,10
Koronavirustapausta,10
Grimes,10
_isbn,10
Ylikuormittuessa,10
Koronapotilailta,10
_megaketju,10
_muut,10
Kyseenalaisemmaksi,10
Laumaimmuniteetilla,10
Virtuaalisella,10
Lomautuksilla,10
Ostona,10
Hygieniaohjeet,10
Positivet,10
Sairastuneensa,10
Gtan,10
Prejudiced,10
Maksumiehet,10
Kätelty,10
Yskäisyn,10
Liikkumisrajoitus,10
Frangiin,10
Tunkkaamalla,10
Tienoissa,10
Infektioissa,10
Kickback,10
Kitisemisestä,10
Suosionosoitusten,10
Talonyhtiölle,10
Poikkeuslaista,10
Tukahtuminen,10
Tagesschau,10
Nykyteknologiasta,10
Immuunipuolustukseen,10
Kyodonews,10
Mansikkamaan,10
Kurjenrahkan,10
Tyhjänpäiväiseksi,10
Taikinapallo,10
Raportoituihin,10
Yrittäisitkin,10
Riippumattomilla,10
G2d2ma,10
Viewkey,10
Aasiassahan,10
Backlund,10
Hybridimalliin,10
Pointeja,10
Rokotekehitykseen,10
Tartuntatapaukset,10
Keksijänsä,10
Lisäkuukausi,10
Holhoavaan,10
Hommalaiseksi,10
Thermopylain,10
Sijaisuuksiin,10
Uygur,10
Paniikkimielialaa,10
Moppaan,10
Hamstraukseen,10
Rahapoliittiset,10
Säästöpossua,10
Epailtaessa,10
Navigaattorilla,10
Streamed,10
Hallintansa,10
Sairastaako,10
Pöhkönä,10
Liikkumiskiellot,10
Antihuumoria,10
Vakavemmaksi,10
Aloitusaiheesta,10
A4ytet,10
Pakkauksineen,10
Oireettomatkin,10
Puskeakseen,10
Aliarvioinnista,10
Selkäesti,10
Menetelleet,10
L3p7,10
Wmr,10
Koirakuva,10
Prosesseissaan,10
Eturintamalta,10
E4st,10
Vauhkoilua,10
Ylimitoitettuina,10
Sairaalatapauksista,10
Epäihmisiksi,10
Videopuheluilla,10
Hedersrelaterat,10
453c,10
Taloudenpidolle,10
Pirinistiä,10
Editoisi,10
Tutkiviin,10
Viewership,10
Yhteenliittymät,10
Erroneous,10
Vetoketjujen,10
Pelastusviranomaisten,10
Vihjeeseen,10
Alkutilanteen,10
Sekoittamasta,10
Omintakeisen,10
Hemoglobiiniin,10
Vessapaperirullat,10
Hankintojaan,10
Henkilotunnuksen,10
Kenetköhän,10
Terveydenhoitoalalle,10
Lippuautomaattia,10
Räpelletään,10
Olisikkaan,10
Kukintaa,10
Päättämättömyydestä,10
Pomppimisen,10
Murrettaisiin,10
Opettamansa,10
Darfor,10
Vaihdettavalla,10
Selviäisimme,10
Hitaammallekin,10
Kiinnipidon,10
Ulottuen,10
Ihmisoikeustuomioistuinta,10
Ohjailtavaksi,10
Ikiaikaisista,10
Julkisivuihin,10
Taiteilijasielu,10
Tampereenseurakunnat,10
Kasvispainotteisempaan,10
Eristäytymisellä,10
Kasviproteiinilla,10
Maailmoihinsa,10
Etukäteissuunnittelua,10
Downturn,10
Edellisvuosia,10
Opaque,10
Kouluajasta,10
Majoitustilaa,10
Kansanväliset,10
Luottamusasema,10
Katsottunahan,10
Itkemiselle,10
Tanssahtelee,10
Arvoistunut,10
Nippeleiden,10
Hyväksyttävin,10
Maastapoisto,10
Nimittämässä,10
Laakarinetiikka,10
Jälleenmyydään,10
Climbed,10
Lohkolle,10
Moottoriteiksi,10
Tähtinä,10
Anses,10
Vaateliikkeen,10
Influessan,10
Tilannenopeutesi,10
Varoitettava,10
Hallintokulttuuri,10
Erityisjärjestelyt,10
Laistamaan,10
Sisältöpalveluja,10
Vihanneksetkin,10
Hankinnoistaan,10
Katkaisevansa,10
Rikoskierrettä,10
Turvallisempina,10
Pistemäärillä,10
Toisinpäi,10
Ylikuormittumisesta,10
Hävikillä,10
Yksityiseltäkin,10
Blockeri,10
Sekvenssiä,10
Nikotiininuuska,10
Parisuhteestasi,10
Sosiaaliluokkia,10
Velvollisuuksiasi,10
Oireellisiin,10
Delasi,10
Tiskii,10
Op6,10
Tautiaalto,10
Paikallistasolle,10
Ajokaistat,10
Aamuruuhkia,10
Hakevatkin,10
Liitäntöjen,10
Päinvastaiselle,10
Supporttiin,10
Epäuskoisina,10
Sluibailemaan,10
Teologialle,10
Viestintastrategia,10
Syyllistäneet,10
Tapahtuneille,10
Pyöräilijässä,10
Käyttösuositus,10
Showpdf,10
Lakejen,10
Demokraatian,10
Sädettää,10
Broilereihin,10
Hakumäärät,10
Malarialääkettä,10
Taipaleensa,10
Henkilöstömitoituksen,10
Palveluyhteiskuntaa,10
Spesialiteetti,10
Ilmentävä,10
Suoltamisen,10
Sekoittelua,10
Rauhoitteluun,10
Selitelleet,10
Voimassaolevaksi,10
Annettaviin,10
Syventyessä,10
Liikkeethän,10
Koulutustilaisuudessa,10
Hiveleviä,10
Viiteryhmissä,10
Suojeluhälytystä,10
Toistumisesta,10
Koronapiikkiä,10
Miehitettyinä,10
Käskemisen,10
Nswf,10
Korottelemaan,10
Voimaannuttamisen,10
Sikäläisiltä,10
Ehtymättömät,10
Kirimistä,10
Vuorojaan,10
Aikuiselämää,10
Vokaaleilla,10
Hawaijilla,10
Pyhitti,10
Breikannut,10
Patinoituu,10
Polkevalle,10
Halutuimmille,10
Uhmaamisen,10
Xdsl,10
Parodioiden,10
Osastopaikat,10
Maahanmuuttovastaisissa,10
Häivyttämistä,10
Orjanomistaja,10
Valentina,10
Jäsenyritysten,10
Kiinteistönomistajan,10
Homedetails,10
Tekijäpulasta,10
Epähygieenisissä,10
Odotteluja,10
Kuoltaisi,10
Turboahdettua,10
Luotta,10
Mehupurkin,10
Vaillinaisilla,10
Phasing,10
Datankäyttö,10
Poistumiseksi,10
Ruokajakelua,10
Uskallakkaan,10
Ravisuttaa,10
Hänella,10
Asiakaspalvelutehtävässä,10
Neliöjuuren,10
Niukanlaisesti,10
Puolijoukkuetelttaan,10
Virheestäsi,10
Karanteeninsa,10
Suhasi,10
Vuorovaikutuksista,10
Vastareaktioihin,10
Stiina,10
Kantajiksi,10
Olemaaan,10
Maksusitoumuksilla,10
Väitetyille,10
Tärkeitten,10
Hajautettiin,10
Valittamisena,10
Laukaisinta,10
Hurautti,10
Täyttävillä,10
Erottaudutaan,10
Tarpeettomassa,10
Arvionut,10
Palvelusaikansa,10
Levähdyspaikalle,10
Böndejä,10
Koronavirustapauksia,10
Tavoiteltavampi,10
Huol,10
Arvostamaa,10
Auraamista,10
Noutamisen,10
Sukupuolenkorjausleikkauksiin,10
Välimatkoihin,10
Robottiautoihin,10
Julistautumista,10
Tiedoissaan,10
Törmäilevät,10
Bannassa,10
__origami,10
Hyväkuntonen,10
Maaimassa,10
Pakkautui,10
Normaalinakin,10
Leviaminen,10
Suuremmassakin,10
Logistiikkaansa,10
Twiittailevat,10
Sukupuolielämään,10
Matkoiltaan,10
Pohjasivat,10
Ruiskutella,10
Käymälöitä,10
Suotuisin,10
Pätkittyä,10
Neuvotteluvaltit,10
Hampaattoman,10
Taittumiseen,10
Liukenemista,10
Hiljasina,10
Pätkänkään,10
Ekaluokkalaisilla,10
_artikkeli,10
Espanjahan,10
Reagoimisesta,10
Pudotetut,10
Latauspistokkeen,10
Tullimiehen,10
Tehoavia,10
Raksuttanut,10
Raflaavammin,10
Cultofmac,10
Kertää,10
Bittiset,10
Epätavallisella,10
Urotyön,10
Virtuous,10
Itseristiriitainen,10
Lukashenkolle,10
Rampauttamisesta,10
Lähettämillä,10
Tuntiopettajana,10
Kaartuvat,10
Moninkertaisessa,10
Vuosimalleja,10
Turenki,10
Elämäntapavalinnoista,10
Asiantuntijataho,10
Erämaaksi,10
Voimistaisi,10
Lokoisaa,10
Metsolan,10
Maksavalta,10
Crowding,10
Inhibition,10
53s,10
Pulssien,10
Todisteitä,10
Lookissa,10
Lausontoja,10
Seasonilla,10
Nsxietp5iak,10
Säilyttäviä,10
Kuuleet,10
Suositelluista,10
13t,10
Oottekin,10
Käsinkirjoituksen,10
Triljoonalla,10
Vinoumille,10
Eläkelläisiä,10
Viemäriverkostoon,10
Lukeakkaan,10
Postaileen,10
Kysytympiä,10
Pingaus,10
Lukukelpoista,10
Kiittaa,10
Korvatessaan,10
Söderman,10
Vähähiiliseen,10
Käyttämiisi,10
Riesasta,10
Edustajalleen,10
Virityksissä,10
Alamaisilleen,10
Hillitsemällä,10
Talouttaa,10
Järjellään,10
Jäljitettävää,10
Toimituskuluilla,10
Nukkena,10
Kytkemisen,10
Aihealueittain,10
Arvoistavan,10
Kiihottavina,10
Konesaleissa,10
Flunsassa,10
Terrafamelta,10
Aleinio,10
Sumarum,10
Vaarantavista,10
Isäukkokin,10
Pitemmille,10
Erityismainintaa,10
Boliden,10
Huippuaan,10
Tallomaksi,10
Sisäänpääsymaksun,10
Kaantyi,10
Ruorista,10
Esittelytekstiä,10
Gigaluokan,10
Prosenttuaalinen,10
Passiaan,10
Seerumin,10
Kumimaisia,10
Sorttisen,10
Ilmastodenialistin,10
Ilmastohysteriasta,10
Murustaa,10
Synkronoitua,10
Vastaustensa,10
Tutkiminenkin,10
Myyntitavoitteita,10
Paisutellut,10
Äristä,10
Sushiravintolassa,10
Ratkaisukeskeisyyttä,10
Pankkitunnarit,10
Vitostietä,10
Kivenlohkare,10
Velota,10
Läskipyörää,10
Tosissako,10
Kirjoitteluita,10
Terveydenhuoltosysteemi,10
Hetkittäisesti,10
Ihmisväestön,10
Lukeminenkaan,10
Desinfioinnista,10
Odottanutkin,10
Hoitojaan,10
Irrallisella,10
Kaakeliin,10
Rystysiin,10
Hämmästyksestä,10
Leipääntyneitä,10
Asuinympäristössä,10
Otsikostasi,10
Munauksesta,10
Rustaaminen,10
950f,10
Yleisötapahtumassa,10
Erikoisasemaa,10
Nassikoille,10
Olemmassa,10
Sijaittava,10
Elkääkä,10
Tarvittiinkaan,10
Riittava,10
Seksistisiin,10
Kohinassa,10
Rouhii,10
Virtapiikkejä,10
Upeutta,10
Clebekki,10
Virtapiirissä,10
Keittelyä,10
Stimuloidaan,10
Kieltäytyäkin,10
Johtoiset,10
Pelkäävätkin,10
Talviyö,10
Takajaloille,10
Tanssiksi,10
Retropeli,10
Läpitunkevan,10
Itsepalvelukassoihin,10
Kielilakia,10
Paistorasvat,10
_6,10
Typistettyä,10
Lyötää,10
Rekattu,10
Kumouksen,10
Hämmennyksessä,10
Opparilla,10
Interessi,10
Päihitetään,10
Lamauttavasta,10
Politikoidaan,10
Puhutuimmista,10
Epätodennäköisiin,10
Asiakassuhteeseen,10
Luokkapetturi,10
Määrätyksi,10
Pyöräinfraan,10
Unelmoija,10
Jullikka,10
Poikkeuksellisina,10
Terveysjarjesto,10
Mammuttimainen,10
Ennustetulla,10
Sisältäkään,10
Kerkisin,10
Asuntonäyttöön,10
Syyllisyydestäsi,10
Erikoistaito,10
Yksinkertaistakin,10
Siedettävämmät,10
Taloudellisiksi,10
Kannattimet,10
Sataen,10
Kokonaismääriä,10
12_tie_001_fi,10
Sijaansa,10
Lottoriviä,10
Nirsosti,10
Hyperventilointia,10
Aukenivat,10
Kivenkovin,10
Kehiteltäisiin,10
Yrittäisivätkin,10
Peliteoriassa,10
Sarjakuvalla,10
Katolilaisiin,10
Maailmankatsomuksestani,10
Eläintenpidon,10
Vessassakäynnin,10
Pilareihin,10
Deliriumissa,10
Puolijulkisesti,10
Miehekkäiksi,10
Bonaparte,10
Yrittämättäkään,10
Sukupuolisilta,10
Umpirasistisia,10
Biiseistään,10
Jääkiekkoilijoista,10
Empiirisistä,10
Läheisistänne,10
Apulaispäällikkö,10
Lemmikkikissoja,10
Pullistumasta,10
Empatiansa,10
Pahoinpitelyltä,10
Topped,10
Terveydenhoitokuluihin,10
Keltuaiset,10
Fontiksi,10
Tarpeidesi,10
Advokaatit,10
Murehtien,10
Luokastaan,10
Kesävoin,10
Tarpeellistakaan,10
Filtteröityy,10
Käsidesipullon,10
Klikkiuutinen,10
Osoittajaa,10
Ilmaantuvuuteen,10
Näpeissään,10
Differentiated,10
Ahdistavissa,10
Olioista,10
Kääntävänsä,10
Tiukenneta,10
Konsteista,10
Abides,10
Ahdistuneisuushäiriötä,10
Pankkiini,10
Vuosineljänneksestä,10
Ilmoitettavaa,10
Kavereittes,10
Legendaarisiin,10
Terveysjätin,10
Rikkovilta,10
Kiusaajaporukan,10
Irralla,10
Hamstrannu,10
Sankojen,10
Pyöristäminen,10
Qsbt5eqt348,10
Moskat,10
Selitettäviä,10
Tartuttavimmillaan,10
Salajuoneen,10
4keur,10
Hararia,10
Satakertaiset,10
Huutiksen,10
Tuomiaan,10
Hallitsijalla,10
Voimakenttä,10
Lietsojia,10
Cohenia,10
Laastariratkaisuja,10
Kakruna,10
Sateenkaariperheen,10
Vakioituna,10
Tulena,10
Paholaiseksi,10
Ylioppilailla,10
Punavihreyttä,10
Ajettelee,10
Mietintäaikaa,10
Savuverhoja,10
Määritelmästäsi,10
Voimakkaammasta,10
Lastenvalvojalle,10
Tekstikenttää,10
Peruista,10
Asiantuntevampia,10
Nykyolosuhteissa,10
Puolisollaan,10
Tunteilee,10
Käsiäs,10
Ehdotettukaan,10
Rytmipeli,10
Harjanvartta,10
Corruption_perceptions_index,10
Työkeikasta,10
Ihottumia,10
Länsimaistuminen,10
Puolittaisia,10
Kansallispuvusta,10
Paheksuneet,10
Voitostasi,10
Ajoittaisten,10
Kriisitukea,10
Anomusten,10
Aikasemmalla,10
Stoppasi,10
Kuljetuskoneen,10
Kasvuunsa,10
Sarjatason,10
Pyssymiehiä,10
Seitsemänkymppisiä,10
Somevaikuttajille,10
Eristymään,10
Immuunireaktio,10
Virallistakin,10
Natsipelleä,10
Monthlyreview,10
Heljä,10
Höyhenillä,10
Asiakashankinnassa,10
Idättää,10
Seurantanumeron,10
Yksityisyrittäjille,10
Taustojasi,10
Normaaliarkea,10
Ensuing,10
Parkkiksia,10
Halventamis,10
Menoillaan,10
Kondikses,10
Tieyhteydet,10
Kaavoitti,10
Lainamarkkinoille,10
Trampoliineja,10
Kansallisidentiteetille,10
Yläasteikäiseltä,10
Hankkiuduta,10
Kassahommissa,10
Leveämmältä,10
Tilateessa,10
Perusteluissani,10
Jüri,10
Tislaamot,10
Räkäisen,10
Perseileen,10
Hankkisikin,10
Tulijana,10
L2p14,10
Alajaosto,10
Pääteitä,10
Teljetty,10
Kiihkoon,10
Suvussaan,10
Lämpövaikutuksia,10
Orjuuttamiseksi,10
Lisäosaan,10
Normaalipainoiselle,10
Kädettömäksi,10
Alavenetetään,10
Yleismaallista,10
Selvinnyttä,10
Yksinkertaistettavissa,10
Harjoittajalle,10
Vempulat,10
Vahingonkorvausvaatimukset,10
Nettosaajasta,10
Maksuajoista,10
Läpipaskoja,10
Pysähtelemään,10
Nielemällä,10
Sisäministerit,10
Tiedonannosta,10
Varastostaan,10
Kyykänneet,10
Levittäväksi,10
Palaveeraamaan,10
Sunk_cost,10
Posselle,10
Pisuaareihin,10
Tarttuvasta,10
Debuggerin,10
Sukulaislapsille,10
Stressattavaa,10
Tyhjänpuhuja,10
Parittamiseksi,10
Asiakasprojekteja,10
Aikeinaan,10
Ryhtyvää,10
Piilottava,10
Yliherkäksi,10
Patistivat,10
Mediatoimijat,10
Edellyttämänä,10
Voittaisikaan,10
Kärjistääkseni,10
Koululääketieteen,10
Uudelleensijoittaminen,10
Etsivätyötä,10
Harrastusprojekteja,10
Laiskemmille,10
Postilaitosta,10
Kuulostetaan,10
Mahdollistuvat,10
Farmeille,10
Varhaiselta,10
Triplattaisiin,10
Taytantoonpano,10
Comille,10
Kuvittelisikin,10
Liberalismiksi,10
Selittävätkin,10
Addikteilta,10
Reviireille,10
Transaktiossa,10
Mökkihöperöksi,10
Kompassini,10
Vuosituhantisen,10
Osakilpailu,10
Psyykeä,10
Koronapositiivisten,10
Kinnusella,10
Natsimielisiä,10
Kiinnijäämis,10
Nationalistiksi,10
Tuvassaan,10
Häsläystä,10
Opettajiakaan,10
Syviksi,10
Pakotetuilta,10
Vuokraama,10
Solnassa,10
Niskalihakset,10
Ulisevan,10
Rutistuksen,10
Alakoululla,10
Vedellessä,10
Ilmoittamisella,10
Rapattu,10
Aineidensa,10
Maailmanlaajuisena,10
Nmc,10
Ympäril,10
Padumtss,10
Vertaisiinsa,10
63t,10
2fgeo0,10
Pikkaisenkin,10
Toonit,10
Vaniljalla,10
Otoyhtrsmes,10
Sepittävät,10
Lepyttely,10
Pasteamalla,10
Soutavat,10
Valheilta,10
Tuotokselle,10
Triggeröidytty,10
Megajoulea,10
Penetraatiosta,10
Omakotialueilla,10
Vähennyslaskuja,10
Bioetanolilla,10
Pyöristynyt,10
Rutistettu,10
Toteutuneeksi,10
Talvirenkaisiin,10
Kayttaytyminen,10
Techsupport,10
Loosey,10
Osattomiksi,10
Vanteessa,10
Kuntotarkastuksesta,10
Kopioimisessa,10
Vakuutusfirmoilla,10
Behance,10
Pörrääminen,10
Haasteella,10
Työhuonevähennykseen,10
Ajattelijasta,10
Tyhmennetty,10
Oikeel,10
Kirjoitustehtävät,10
Älyttiin,10
Liittymämyyjä,10
Veikkauksista,10
Demonisoimiseen,10
Palaajille,10
Tarhattujen,10
Kokomaan,10
Turvapaikkamaa,10
Partyja,10
Viatonkin,10
Tulehtuneeksi,10
Menetetyillä,10
Soinivaaran,10
Pikkuasioilla,10
Ajelenkin,10
Reddiitti,10
Saastuttamisestaan,10
Kauppaketjulle,10
Brigadoinnin,10
Merkkia,10
Pilkkaajia,10
Elintilaan,10
Mikropuuroa,10
Ylikuormita,10
Hallinnointipalkkiot,10
Sykähdytä,10
Väkivaltamonopolilla,10
Taloudellisestikaan,10
Yhtäsuuri,10
Allala,10
Ymmyrkäisinä,10
Velanmaksun,10
Tallustelin,10
Rattaaksi,10
Paitaani,10
Rämet,10
Paukamat,10
Häikäilemättömyydestä,10
Kaulavaltimot,10
Spämmille,10
Joustaviin,10
Poissulkevan,10
Nationalisminsa,10
Siunaamat,10
Sotaherraa,10
Kritisoidessani,10
Toitoteltu,10
Presidentinhallinnon,10
Argumentoidun,10
Teleoperaattoreille,10
Kultasepän,10
Poukkoilevia,10
Pitkäaikaiskäytössä,10
Mummeleista,10
Klubeilta,10
Mukavuudeltaan,10
Pyöräilijöidenkin,10
Nurmikossa,10
Ravihevosten,10
Vetämälle,10
Oversees,10
Urheilutoiminta,10
Peruslakeja,10
Redditoimaan,10
Putkahtaneet,10
Hoidolliset,10
Nbcnewyork,10
Paikallistettua,10
Introverttiyden,10
Nykyrajoituksilla,10
Tulpilla,10
Imeyttämään,10
Poronkusta,10
Pastata,10
Survomalla,10
Korjauskelvottomia,10
Ilmasin,10
Yövartijavaltiosta,10
Selvittelyistä,10
Yksilönvapauksilla,10
Blythin,10
Karkaavia,10
Kuristavaa,10
Räpläs,10
Miseen,10
Muttamaan,10
Pääpomo,10
Tumpeloiden,10
Sanamuodoltaan,10
Pääpeli,10
Korkeakouluopiskelun,10
Bailouttaa,10
Ulkoiluhousut,10
Jalkarättejä,10
Listojaan,10
Opiskelijoistaan,10
Twitterissähän,10
Tukematon,10
Piikittäneet,10
Periytyivät,10
Tarkastelemista,10
Rikokaan,10
Pakotetaa,10
Reininmaan,10
Kuulapään,10
Vetoaakin,10
Huonessa,10
Kannolle,10
Kasvupaikasta,10
Latinoille,10
29km,10
Vasemmistolaisiakin,10
Leikkikoulussa,10
05_tie_001_fi,10
Sykähtelee,10
Koherenssia,10
Yytsimässä,10
Pahotettu,10
Listautuvat,10
Listaamassa,10
Vaikenemiseen,10
Virhekäsitystä,10
Eläinruokaa,10
Clickbaitista,10
Vahviketta,10
Buukataan,10
Valveillaoloajan,10
Persposkeen,10
Vasemmistomediat,10
Kulttuuribolshevismi,10
Ikäjakaumalla,10
Turruttamalla,10
Normijuttuja,10
Asuinrakentamiseen,10
Suruunsa,10
Kulttuurimarxistisen,10
Tippumatta,10
Aristokraatin,10
Sählätty,10
Nytkähdys,10
Jauhettavaksi,10
Nörtteillä,10
Känniselle,10
Olutmerkkiä,10
Trum,10
Rukoilkaamme,10
Luokkakavereilla,10
Hemmoteltua,10
Suojelulta,10
Painiottelu,10
Liivijengeihin,10
Liiallisina,10
Vaarantamiset,10
Rajkumar,10
Luottamusyhteiskuntaa,10
Värisevällä,10
Linnottautua,10
Lunches,10
Paikantimella,10
Aikalaisekseen,10
Kumouksellista,10
Haastavina,10
Epätäsmällistä,10
Kuuloisista,10
Hintatiedon,10
Potentiaalistaan,10
Muistinvarainen,10
Bussifirmoja,10
Työllisyyspalveluiden,10
Kustannusneutraalia,10
Jättäytyvänsä,10
Välttelyllä,10
Lipsahtavat,10
Nettipersoona,10
Jumahtaneita,10
Veronalaisesta,10
Ssaaty,10
Steriileiksi,10
Senä,10
Tunnistamistietoja,10
Taidekuvia,10
Ravitsemuksellista,10
Valtamerille,10
Toivokaan,10
Bloated,10
Korvaustaso,10
Peliprojekti,10
Karrikatyyrejä,10
Laantuminen,10
Vahdittavaksi,10
Tummempien,10
Vientivaltti,10
Puuainesta,10
Kolmikymppisenäkin,10
Syleilevät,10
Refleksiä,10
Välivaiheesta,10
Järisyttävästä,10
Säilykepurkissa,10
Liikkeessään,10
Peruuttavan,10
Tekomuotoa,10
Valitetaankin,10
Käsittelevältä,10
Raideliikenteellä,10
Sylinterinen,10
Pedille,10
Tarkoituksellisestikin,10
Tiihosesta,10
Tukitoimintoihin,10
Epämääräisinä,10
Neuvomasta,10
Bookmarkkeihin,10
Tupakoimattomia,10
Pötkinyt,10
Liittyikään,10
Läppäs,10
Eristyä,10
Kaupunkivaltioista,10
Tuhotyötä,10
Tieteily,10
Turistista,10
Valmistusmateriaalit,10
Valmistuskustannusten,10
Terapiakäyttöön,10
Muodottomiksi,10
Tuulipuvulle,10
Smtyp,10
Hirvitykseen,10
Hyvesignaloinnille,10
Harrastuksenakin,10
Ydintehtävän,10
Federalisteja,10
Linkaamani,10
Ultrarikkaiden,10
Kansainvalisten,10
Änkyröintiin,10
Konformistinen,10
Kysymäni,10
Pikkusikarit,10
Kasvustoja,10
Paskakasaksi,10
Alaluokilta,10
Kasvualustaksi,10
Leukaluuhun,10
Kansalaisuuskoe,10
Sukupuolittumiseen,10
Joutsenista,10
Kihahtaa,10
Urotekoihin,10
Appeal_to_nature,10
Tulosalueen,10
Vertailukelpoisella,10
Työkuukauden,10
Saudi_arabia,10
Metsästettäisiin,10
Poltettuun,10
Mutapainia,10
Piisais,10
Käsittelyaikana,10
Kiertoradoilla,10
Viihdyttäjänä,10
Toistapäin,10
Reproduced,10
Pakkosyötetä,10
Ydintekniikan,10
Harjailla,10
Ydinkäyttöistä,10
Alakseen,10
Asuttamiin,10
Maastopukuisia,10
Tietämättömästi,10
Intervened,10
Auttaneille,10
Myyntitulojen,10
Tianataan,10
Itsemaaraamisoikeus,10
Erikoisetuja,10
Geared,10
Yhtiöveroa,10
Omaelämänkertaa,10
Kotirouvan,10
Riskeeraisivat,10
Aamuyöraportti,10
Dysfunktionaalisia,10
Venäläisnainen,10
Tah_ymparistoohjelma_tiivistelma_27,10
41b0,10
Emerg,10
Häirikköoppilas,10
Aamuheräämiset,10
Hyötyfunktiota,10
Moitittavia,10
Hukattuna,10
Asuntojonosta,10
Kaavaeditorilla,10
Joditablettien,10
Uinuos,10
Floatrange,10
Irtoilemaan,10
Huivipakon,10
Siveyspoliisin,10
Kiehumispisteen,10
Homeiselle,10
Tietopaketteja,10
Sukupuolielämää,10
Turvallisuustarkastuksia,10
Mielenterveydelliseksi,10
Työtaitoja,10
Keihäiden,10
Löytötavaratoimistosta,10
Peruskorjauksesta,10
Kosintaan,10
Auringonvalolla,10
Aamuvirkuksi,10
Nastoille,10
Hoikalta,10
Nopeutettaisiin,10
Kauklahti,10
Ilmastohaitat,10
Azamatistan,10
Konventionaalisella,10
Suunnistamassa,10
Lemmikeihin,10
Pörssihinnoilla,10
Yleishyödylliselle,10
Nasdaqomx,10
Käyryyden,10
Markkinamalli,10
Edeltäen,10
Muskissa,10
Fillaristeille,10
Tuotantoyksiköt,10
Sadoillatuhansilla,10
Uskonnonharjoituksen,10
Rakennushommia,10
Systemaattisempaa,10
Tarinallaan,10
Divisioonalla,10
Raksamiehillä,10
Paskahallitus,10
Pyöräparkista,10
Ruoastakin,10
Niuho,10
Tarinoinut,10
Laitteetkin,10
Tippojen,10
Ympäristöaktivismin,10
Moraalistani,10
Tavarahissi,10
Outit,10
Asiahaaroja,10
Triplahintaa,10
Koomiseen,10
Avaimii,10
Lämmitysenergia,10
Suuntaisesta,10
Hehkui,10
Syrjätyminen,10
Arvattavin,10
Korvaavassa,10
Aborttilaista,10
Metrotunnelissa,10
Omatunnoin,10
Idioottimaisiksi,10
Ammattisanastosta,10
Hulluttelemaan,10
Ajamaton,10
Isokallion,10
Hallitsijansa,10
Säteilysairauteen,10
Harrastuskerhoja,10
Templatea,10
Tölkille,10
Mielisiin,10
Maitohammas,10
Tanssiliikkeet,10
Liikunnanopettajana,10
Häiritsemisessä,10
Hoivattavana,10
Orientaatiota,10
Kustannusnousu,10
Kesätyöpaikasta,10
Suhteessanne,10
Altistuessaan,10
Sanoistani,10
Pukutiloja,10
Kumpaistakin,10
Downvouttaa,10
Reaktionäärejä,10
Kuljettavissa,10
Naisope,10
Ajastamaan,10
Kikkailuna,10
Kasvatettavia,10
Kyhätyt,10
Imploosion,10
Stellantis,10
Sotilaskone,10
Kirveensä,10
Reskontra,10
Uutispostauksia,10
Tasokkaassa,10
Tuottanutta,10
Loossin,10
Nanorobotteja,10
Keplottelun,10
Parasiittinen,10
Haavottuneita,10
Toivottavalta,10
Nikkien,10
Eläkevakuutusten,10
Ohittamisena,10
Keinohedelmöityksellä,10
Kohdistaen,10
Riistokapitalismista,10
Kassamyyjää,10
B792,10
Concordant,10
Erα,10
Sag_organic,10
Partaterää,10
Miesystävää,10
Potikat,10
Aamiaisesta,10
Harppoo,10
Harhauttava,10
Ydinaselafka,10
Korotuspaine,10
Saunamökin,10
Suureenkin,10
Etsiskely,10
Palveluvalikoima,10
Pehmusteen,10
Suhtautumisestani,10
Joukkoliikenneyhteyksiä,10
Hyvinvointijohtaminen,10
Kustannusesimerkit,10
Kylmätä,10
Resurssivajetta,10
Rappeutui,10
Disp,10
Itsekuva,10
Pintajännitystä,10
Virkamiesruotsit,10
Ilmatorjuntajärjestelmää,10
Räjähtämällä,10
Vastaargumentti,10
Näyttävälle,10
Peliälyä,10
Navigoinnissa,10
Epätehokkaampaa,10
Mähmää,10
Tiedostankin,10
Perhepeli,10
Annettavilla,10
Valtavirtataloustieteen,10
Romanovit,10
Sektorikin,10
Treffeiltä,10
Sähkösyöpöt,10
Kuolaamassa,10
Ruokakuvia,10
Tuhlannu,10
Avauksestasi,10
Päätetyötä,10
Keskeyttäjiä,10
Kauniimpaan,10
Edemmän,10
Pysäytysvoima,10
Bioonsa,10
Henkikulta,10
Vvary,10
Vaikeusasteet,10
Kalaht,10
Verotuskäytäntöä,10
Kilisemään,10
Uhkilta,10
Aiheuttamiensa,10
Kompulsiivista,10
Kireistä,10
Palvelusvuosien,10
Radiative,10
Demokratiakehityksen,10
Äärellisen,10
Rengasliikkeeseen,10
Kanavaltaan,10
Demografioihin,10
Ongleman,10
Tapuksissa,10
Vuorokaudelle,10
Katselulle,10
Hankaloiteta,10
Moottorisahamiestä,10
Tupsahtivat,10
Verosopimuksia,10
Loukkaamistarkoitusta,10
Sotut,10
Kamalissa,10
Omistuksesi,10
Lahdattua,10
Juomavedeksi,10
Taloissaan,10
Tutorina,10
Yhteisiltä,10
Isännöinnistä,10
Tutkiskeli,10
Taustallasi,10
Kiukkuisten,10
Videoissakin,10
Runkkurinkiä,10
Entiteettiin,10
Kavalluksista,10
Edgeilyä,10
Hylkäämäksi,10
Eurolavan,10
Natsilarppaajia,10
Löperöitä,10
Mielialalla,10
Syrjivässä,10
Pahhaa,10
Värikkäämmin,10
Intiimistä,10
Teistejä,10
Panssariin,10
Ummistat,10
Hirveyden,10
Olinpaikat,10
Lohdulliselta,10
Asunon,10
Pakkolunastettu,10
Huoneenlämpöisiä,10
Copiumit,10
Minimoituvat,10
Rahareiästä,10
Stabilise,10
Jälkeiseksi,10
Ääniensä,10
Taluttamiseen,10
Ratifioitava,10
Anabolic,10
Sellaiseksikin,10
Mikälienee,10
Sevastopolista,10
Hilanneet,10
Erittelisi,10
Vaatimattomissa,10
Alkuperäislähteistä,10
Soveltuvilta,10
Vihervas,10
Gladwellin,10
Valtiaaksi,10
Maalaiselta,10
Ratkennu,10
Kannattajienkin,10
Kykenemisestä,10
Samansuuntaisena,10
Harkitsemisesta,10
Christopherjm,10
Jännitettyä,10
Kasviksistakin,10
Ammennettavaa,10
Terveysvalistusta,10
Lukollisia,10
Syvenevää,10
Teknologiajäteille,10
Ihimisittäin,10
Arveluttavaksi,10
Totaalien,10
Nössöinä,10
Nevahöörd,10
Enactment,10
Pseudotieteilijöitä,10
Postmodernismiin,10
Mutuilevat,10
Raivanneet,10
Käymättömyydestä,10
Edistämä,10
Peruskunnolla,10
Harhoilleen,10
Tavoitteellisesta,10
Rahoitetulla,10
Palveluntarjoajina,10
A4rme,10
Perkkejä,10
Liberalistiset,10
Sukupuolenmuutosta,10
Karvaisella,10
Lainapäätöksen,10
Ylimaallinen,10
Kiintiöpaikan,10
Verstaita,10
Erikoisyksikön,10
Koktailia,10
Jonkinmuotoinen,10
Mielipidekysymykseksi,10
Baitit,10
Aseenkantoon,10
Parturikäynnin,10
Tulehduskipulääkettä,10
Valtatiestä,10
Alanvalinta,10
Tyovaenliike,10
Melkest,10
Panohommia,10
Hääräävä,10
Opettelemisesta,10
Syrjintäkiellon,10
Mainitsemattomalla,10
Tanssilattialta,10
Napisee,10
Vähemmistöstatukseen,10
Tykättäisi,10
Pieruilla,10
Laitteistolle,10
Ahnehtimaan,10
Sähköliesi,10
Perustelemattomasta,10
Lentotukikohdan,10
Sopivammiksi,10
Periaateluvan,10
Ruskit,10
Flagilla,10
Asemoituvat,10
Wander,10
Miinoitukseen,10
Analysoitavissa,10
Suorituspainetta,10
Hurjiksi,10
Liikkujalle,10
Välisesti,10
Aamuruuhkaan,10
Varotoimiin,10
Ulkoilmapuheen,10
Kipsiset,10
Kädenliikkeellä,10
Monimuotoisten,10
Kengänpohjasta,10
Suomettumiselta,10
Kamppeitaan,10
2100m,10
Kommunikoinnit,10
Riittään,10
Sivarissakin,10
Opiskelijatoverit,10
Rjree8_gi64,10
Kanssaihmistensä,10
Blokkaavia,10
Pakkotyörangaistus,10
Laskeskeltua,10
Vaarantumatta,10
Sniiduilemaan,10
Arvovaltaista,10
Vahvistuksella,10
Korttipakkoja,10
Stereotypiota,10
Vahingoniloista,10
Apexissa,10
Dogmeihin,10
Höntsäilyä,10
Joukkueeseensa,10
Laatuoluet,10
Ihmisoikeusjärjestöiltä,10
Kuuluttaneet,10
Seuraavinakin,10
Kadonneiksi,10
Kirjotukseen,10
Patka,10
Näkökykynsä,10
Vermeen,10
Räpsähdä,10
Hirviporukassa,10
Työstettäväksi,10
Jauhemuodossa,10
Peilikuvasta,10
Pötkivät,10
Maksimimäärästä,10
Koukuttuvat,10
Levittämiin,10
Koulupsykologia,10
Etter,10
Urheilja,10
Huutelevista,10
Kartoittava,10
Lapsellenne,10
Alokkaasta,10
Stimuloimalla,10
Molemille,10
Maitosokeria,10
Tuntiaktiivisuudesta,10
L1p6,10
Kennellekään,10
Asenteillaan,10
Energiansaantiin,10
Syyllisiltä,10
Elamantavat,10
Koijaamaan,10
Vakaista,10
Järsi,10
Rynnisi,10
Pimperon,10
Keminmaalta,10
Puolustusmateriaalia,10
Alittaville,10
Vakuutuksin,10
Kurvailee,10
Suojatyöpaikkalaisia,10
Loftily,10
Elokuvistaan,10
Promillejen,10
Bentham,10
Mustatuntuu,10
Himopyöräilijä,10
Tankkauspisteitä,10
Ihailevaa,10
Häiritsevissä,10
Sujautettua,10
Moulin,10
Yhteismarkkinaa,10
Jonottelee,10
Vinkunu,10
Maalaukselle,10
Nykästään,10
Rdi,10
Hipiää,10
Sdpläinen,10
Pyöristy,10
Rehabilitointia,10
Älyverkot,10
Linereilla,10
Sulaneena,10
Insentiiveihin,10
Aurinkoo,10
Periytyvään,10
Hävittäjähankintoihin,10
Puhelinkopin,10
Taukoomatta,10
Joukkorangaistukset,10
Pariksikin,10
Antibiotteja,10
Käsiteltyinä,10
Kurinpidollinen,10
Pinnoittamaton,10
Terveydenhuoltopalveluihin,10
Virkistyi,10
Pitännyt,10
Piiloutuva,10
Tapahtumapaikkoja,10
Huolestumiseen,10
Välitettävä,10
Urheilusuorituksesta,10
Ryyppyremmi,10
Raided,10
Exits,10
Bensalitrasta,10
Ilmaisuvoiman,10
Peruskouluille,10
Kartta2,10
Märkyyden,10
Ympäröimällä,10
Neuroottiseksi,10
Silmävammat,10
Yksiselkoinen,10
Kehittyneemmästä,10
Pyrkijöiden,10
Asiakaspalvelukokemusta,10
Osallistuttuaan,10
Väärintulkinnasta,10
Odessaa,10
Omakustanteita,10
Kritiikkeihin,10
Äänteisiin,10
Kiittäis,10
Tötteröön,10
Viipaloidut,10
Alyxin,10
Ikivihreää,10
Ulkoasustaan,10
Kilpailijamaiden,10
Myönteisillä,10
Srid,10
Viivästymään,10
Tiuhassa,10
Tarkkaavaisuushäiriöstä,10
Charminsa,10
Jästipäät,10
Suunnittelijoilta,10
Kulttuurialat,10
Milonoffin,10
Asteeksi,10
Lomalennon,10
Teoriassasi,10
Ponnahduslautoja,10
Hiljattainkin,10
Ylityspaikkojen,10
Yksilösuorituksia,10
Luokiteltuun,10
Viivästytetään,10
Ikivanhoissa,10
Cashewpähkinöitä,10
Rekryyjä,10
Mukiloidaan,10
Puolustustaisteluun,10
Järj,10
Harhautuneita,10
Tuntihinnasta,10
Perheyhteisöt,10
Oikeinkirjotus,10
Silittelemällä,10
Juttutuokion,10
Kaupunkialueesta,10
Nimettömille,10
Tulivatkaan,10
Nettiradiota,10
Vissiiin,10
Matkattua,10
Syöneitä,10
Lenkittämään,10
Kävelytti,10
Persoonassaan,10
Hentilä,10
Yheksää,10
Hirttäytymään,10
Venyneitä,10
Räjäyttelyn,10
Postiaan,10
Laatimien,10
Jaloistani,10
Taloustietelijöitä,10
Sähkölämmittäjiä,10
Eloisia,10
Orkestereissa,10
Ennustettuun,10
Ajelemisesta,10
Pommittamisessa,10
Peilaudu,10
Beasley,10
Peräännytä,10
Ostoluvan,10
Oraviin,10
Henkilötietoineen,10
Ministerinpaikan,10
Pakkopalautettava,10
Äänestyskopeissa,10
Vihollisuuksiin,10
Suhtautumiseesi,10
Maailmansodankin,10
Päästämiä,10
Rakastettavia,10
Hyysäämässä,10
Arvottomassa,10
Vaaleina,10
Kalmoja,10
Verituotteita,10
Työtaakkaansa,10
Vähimmäisvarantojärjestelmän,10
Sijoitustuotteet,10
Ivat,10
Louhijoita,10
Adapteriin,10
Minimirangaistuksia,10
Haittaavista,10
Adc,10
Oireetkin,10
Rupatteli,10
Suuruuksien,10
Vähemmille,10
Vakiintuneempia,10
Teksteistäni,10
Taikalääke,10
Tutkintotodistuksella,10
Katkeis,10
Hormonituotanto,10
Kaivamia,10
Avaruusohjelmasta,10
Hanurinsa,10
Kokoontuneena,10
Normihinnat,10
Istujien,10
Agx6ozrqrca,10
Lannistumaan,10
Terapeuteilta,10
Hupaisalta,10
Toimintaperiaatteeltaan,10
Infrarakentamisen,10
Määreeseen,10
Sukupuolikäsityksen,10
Solidaarisuutena,10
Alottamatta,10
Epäonniselle,10
Motiivejani,10
Lievittävää,10
Cissukupuolisten,10
Moine,10
Pidättyä,10
Kidutusmurhaa,10
Yhdenvertaisempaan,10
Perimys,10
Alennuskoodeja,10
Triplahinnan,10
Postnatal,10
Lisäisimme,10
Kourallisia,10
Volyymeissä,10
Tökkivä,10
Kiusaantuneita,10
Asettamiaan,10
Kanaalissa,10
Alkoholinkäyttönsä,10
Säikähtäessään,10
Puolustuslinjojen,10
Packaged,10
Hyökkäyksiksi,10
Kaaviolla,10
Eripäin,10
Jynssättyä,10
Satelliittikuviin,10
Wrists,10
Urakoinnin,10
Neoliberaaliin,10
Pöhinäkulttuuri,10
Rakennusaineita,10
Hashis,10
Ruuansulatuskanavan,10
Irrotusta,10
Reflektoivan,10
Nojailemassa,10
Vapaaehtoisin,10
Jonkunkin,10
Paskajournalismi,10
Nuun,10
Paskauutiset,10
Paukuttamassa,10
Kuulovammaisia,10
Värikkyys,10
Cheddarjuustoa,10
Pysäyttävänsä,10
Kuollen,10
Viittoili,10
Kattauksella,10
Fitnessiä,10
Rationaalia,10
Kiihottamassa,10
Tömistely,10
Alkuiltapäivästä,10
Sulkijalihasta,10
Yksilöllisessä,10
Katkasu,10
Miinoittamassa,10
Näyttelivät,10
Takapuolet,10
Harmillisempaa,10
Käymälään,10
Pahimmillakin,10
Röttelö,10
Vesijohtoa,10
Alkupäivien,10
Automaateilta,10
Heiluttelis,10
Koskemattomuuttasi,10
Bussilinjoilla,10
Ajanvietteeltä,10
Pankkikohtaisia,10
Kertalippuihin,10
Antisemiittisiä,10
Parable_of_the_broken_window,10
Futismatsi,10
Vivon,10
Äidinkieltämme,10
Firmoissaan,10
Kasvisperäisiin,10
Heräämällä,10
Someinfluenssereiden,10
Tuloverotuksella,10
Ääliömäisesti,10
Kommettiin,10
Kaappinsa,10
Liinavaatteita,10
Häpeillään,10
Virui,10
Vapaavalintaisessa,10
Karkoittavan,10
Vuotiaksi,10
Silliksen,10
Sloganilta,10
Homofoobi,10
Värisokeiden,10
Kantelevat,10
Varpaitteni,10
Traumatisoitunutta,10
Lapattiin,10
Erittelyjä,10
Flindaa,10
Tuoreemmalla,10
Pursuavaa,10
Urheilujoukkueiden,10
Kieleks,10
Tekiessä,10
Hakeutuisit,10
Politiikkasuosituksia,10
Cherrypickattu,10
Biletän,10
Epäloogisilta,10
Oppijana,10
Eheytymistä,10
Toistumasta,10
Nettikurssin,10
Kuljettaisivat,10
List_of_sovereign_states_in_europe_by_gdp_,10
Peeps,10
Leimatakseen,10
Lentokilometrejä,10
Alamaistensa,10
Tuntemassani,10
Kulttuurikentän,10
Maustuu,10
Ostamistasi,10
Kunniallisempaa,10
Paukkuvan,10
Suistu,10
Uutissuomalaiselle,10
Ihmisoikeuslait,10
Kandidaateille,10
Manuaalisestikin,10
Taitekohdassa,10
Hoitokeinon,10
Ihosyöpään,10
Rutiinitoimenpide,10
Mielivaltaisuuteen,10
Toimijansa,10
Nettiäkään,10
Tallilta,10
Keuhkosairaudet,10
Jämäpaloista,10
Hipi,10
Subis,10
Pysyäkkin,10
Toimivaltuuksista,10
Politisoineet,10
Kokevalle,10
Epämääräisyyksiin,10
Keuhkoamaan,10
Sukupuolijakaumalle,10
Edustajallaan,10
191cm,10
82kg,10
Kampesi,10
Lähihuoltaja,10
Sijaisloukkaantumisen,10
Zoomattua,10
Itseasi,10
Hörppyjä,10
Firmasa,10
Ympärystä,10
Vasemmistolaisuudestaan,10
Insinöörimatematiikan,10
Sosiaalityöllä,10
Selkiytymään,10
Charlesista,10
Tallot,10
Kuivakaapin,10
Blut,10
Kymmenkertaistuneet,10
Vahinkolasta,10
Ruokalautaselle,10
Öyhöiltä,10
Selviämisprosentti,10
Vinkkejäkin,10
48kg,10
Arvostelunsa,10
Rodullisena,10
Luonnollistakin,10
Sekoittunutta,10
Aktiviteetissa,10
Lokkakin,10
Hypermarketista,10
Testiaikaa,10
Luonnottomiin,10
Örde,10
Tehomylly,10
Voimistava,10
Analyzes,10
Aikajanoja,10
Ressaamaan,10
Työntämä,10
Viitteinä,10
Kuvauspaikan,10
Takaviistossa,10
Maalittanut,10
Keskittymisesi,10
Vaientaakseen,10
Ajatusketjuun,10
Työllistyisit,10
Pimputusta,10
Metalliputkea,10
Kalavelkoja,10
Kritiikistäni,10
Tikkatauluna,10
Ratsaavat,10
Intellektuellilta,10
Napsauttamaan,10
Kaasutellaan,10
Pituuksissa,10
Pääsoin,10
Kaksoismurhaaja,10
Päästäistä,10
Paljoltikin,10
Kanankoipea,10
4d93,10
Valonlähteitä,10
Tapattaisi,10
Rahasyöppöjä,10
Rakastaan,10
Lomareissusta,10
Ykköstehtävä,10
Arvojärjestyksen,10
Liikennekuolemista,10
Mutiainen,10
Kaatikselta,10
Käsikranaateilla,10
Tangoilla,10
Hildén,10
Perintäkulujen,10
Jäljitellen,10
Jesarin,10
Liikkeitäsi,10
Pidättäytyneet,10
Luistaan,10
Kierreportaat,10
Luottotietorekisterin,10
Shekillä,10
Agressiivisuuteen,10
Sulateltua,10
Höynäytettävät,10
Yksiavioisissa,10
Klangia,10
Rahaaki,10
Livekeikkoja,10
Esittelisin,10
Perustarpeena,10
Sukukalleuksia,10
Tarkistettavat,10
Chippejä,10
Uutislähteeksi,10
Kerkesikin,10
Vippaskonsti,10
Huippuina,10
Kaveripiiriäni,10
Palvelustasi,10
Heilaavat,10
Pacifists,10
Kutsumanimenä,10
Oikeusministerion,10
Moneenkohan,10
Herjas,10
Syleilyynsä,10
Kielletäkään,10
Rumpulippaalla,10
Mätchiä,10
Suhteissani,10
Mq331aqkkafqarabiiacaw,10
Toimivasi,10
Tuntiviisari,10
Yleistämisessä,10
Taitoani,10
Aukioloaikansa,10
Tunnuspiirre,10
34l7vo,10
Aamutunneille,10
Säilytettyjä,10
Ymmärryskyvyn,10
Huumorintajuttomia,10
Yhdisteestä,10
Huippuarvosanoin,10
Päämiehelle,10
Lannistamaan,10
Heposti,10
Ainotta,10
Nykyisesta,10
Sumutella,10
Oikaisemassa,10
Taakkojen,10
Onnettomuuspaikkaa,10
Elämyksien,10
Lahjoitettuja,10
Gilens,10
Tappara12,10
Dollar_bill,10
Player_embedded,10
Ash3,10
Objectors,10
Kilovolttiampeerin,10
Suomen_tulli,10
Showsinglenews,10
Adventurous,10
Kielivalikoimaa,10
Anssikela,10
Karkun,10
Rimshot,10
Lysähti,10
Kalliohovi,10
Vähittäiskaupoissa,10
___________,10
Kieltenopetuksen,10
Kontrolliyhteiskunta,10
Tunnistuslentoja,10
Iltareddit,10
Julkishallinon,10
400x,10
Yhti,10
Streamaavat,10
Anniskeluaikaa,10
Nuorisotoimi,10
Kuluttajahintaan,10
Kuluttanee,10
Tykönänsä,10
Putiikille,10
Taot,10
Neliöhintoihin,10
Tekijänoikeusteollisuuden,10
Fasistisina,10
Tietoa_trafista,10
Ponnahtavat,10
Tshekkoslovakian,10
Eteerisen,10
Saab_jas_39_gripen,10
Lääkkeidensä,10
Ongelmamaa,10
Yhtiömuodosta,10
Viksusti,10
Uravalintojen,10
Etanapostia,10
Suoriutumisensa,10
Karsittaisi,10
Postwar,10
Propagandajulisteita,10
Lipukkeella,10
Ktsv,10
Loikoillen,10
Behaves,10
Yritysmalli,10
Aikomukseen,10
Ikäkriisin,10
Nuorisotakuun,10
Järjestävää,10
Pöhöttyneet,10
Ideaaliseen,10
Punakaartiin,10
Homosaatioon,10
Vähemmistökielenä,10
Työmäärälle,10
Elintasosiirtolaisuuden,10
Specifics,10
Specializing,10
Busses,10
Frowned,10
Käyttöjännite,10
Delayclose,10
Ajatusvirta,10
Pelikonsoleiden,10
Markkinointipuhe,10
Jokingly,10
Metrorataa,10
Pikkutakkiin,10
Telkkariohjelmia,10
Yhdyvalloissa,10
Vihervasurien,10
Vuokrasopimuksensa,10
Kirjallisuuspalkinnon,10
Elämäntyylille,10
Noudattamaton,10
Autokouluja,10
Tyhjaa,10
Pikkuriikkistä,10
Pölyiseen,10
Mankkisen,10
Pisneksen,10
Ehdollisiksi,10
Vekarat,10
Laadinnan,10
Äitisuhteesta,10
Kokonaismyyntiä,10
Ympäristöministeriössä,10
Ymmärtämättömyydelle,10
Virkamiehineen,10
Heijastusvaikutuksia,10
Puolustukseks,10
Skuuppia,10
Monimuotoisesta,10
Pystyen,10
Vaikutuskanavat,10
Alkoholinkulutustaan,10
Huononnettua,10
Yhtämittainen,10
Paraatipaikka,10
Sahaamiseen,10
Harrasteista,10
Hyysäyksen,10
Harvinaisempaan,10
Heiluttu,10
Järkisyiden,10
Hankaloittamisella,10
Odoteltukin,10
Harhoihinsa,10
Halajava,10
Naiiveilta,10
Kriisimaille,10
E160a,10
Assosiaatioon,10
Virkistysaluetta,10
Riskianalyysejä,10
Revitellyt,10
Paikkaavan,10
Hehkutellaan,10
Järkisyin,10
Häpäisevää,10
Maailmassakaan,10
Tavaroistani,10
Seitsemännumeroinen,10
Poliitikkaan,10
Persuilusta,10
Veitsella,10
Kamalien,10
Reaalikorolla,10
Polttokennoa,10
Oikeuskäsityksessä,10
Kromosominen,10
Litaniasta,10
Ajomäärän,10
Otsikoimalla,10
Ohjeistettaisiin,10
Arvovaltaisessa,10
Piinapenkkiin,10
Putkiasentajaksi,10
Ihmiskoetta,10
Arvelunsa,10
Requestia,10
Notkuvan,10
Taideharrastus,10
Piirtoheittimen,10
Wmf,10
Friikkinä,10
Toimintaympäristöjä,10
Ammattilehti,10
Valtionkirkkoja,10
Turun_tauti,10
Hypnoosia,10
Kirjelmiä,10
Westvleteren,10
Kridlokkin,10
Virkamiesmäinen,10
Sanansaattajana,10
Velkaantumatta,10
Vihaavasta,10
Teollisuuspamput,10
7aa7d352216b0553,10
Lakoillaan,10
Tyrkytettyä,10
Elorannan,10
Lounasruoka,10
Kilpailukykyisemmäksi,10
Elvyttävästä,10
Lainahakemusta,10
Vaihtavaa,10
Aanestajalle,10
Jaimen,10
Tarpeetkin,10
Kovimmaksi,10
Syndroomaksi,10
Kaivettavaa,10
Banaanivaltioon,10
Pankkitunnareita,10
Kilden,10
Imaisevat,10
Ammattiryhmällä,10
Mitattavana,10
Opintomateriaalit,10
Sallimilla,10
Ihanneyhteiskunnan,10
Vastapakotteita,10
Provoamassa,10
Palvelinsalit,10
Kansantauteihin,10
Valtionlaitosten,10
Liiketoimintamalliaan,10
Outinen,10
Klassikolla,10
Rahoitushakemusten,10
Liiketoiminnalleen,10
Turkulaisittain,10
Kulttuuriperinteistä,10
Nothing_to_hide_argument,10
Art_2011,10
Epäpuhtautta,10
Etuvartio,10
Lottopotin,10
Alatalolla,10
Pelastumiseen,10
Vertaisenaan,10
Kohdealueen,10
Raivaria,10
Korvaushakemuksen,10
Paskamaiseksi,10
Vastaiskut,10
Perähikiästä,10
Paistui,10
Maalaajia,10
Loy7quyojam,10
Hermoheikko,10
Uscourts,10
Viskaamassa,10
Polkupyöräilijöistä,10
Mittasuhteen,10
Vaihdoksiin,10
Leivänpaahtimia,10
Löntystelee,10
Valtionvarainministeriltä,10
Arvoistumista,10
Alhaisempiin,10
Etittyä,10
Keskustelutilaa,10
Rauhanpolitiikan,10
Ulkomaanpolitiikkaa,10
Terveyskeskusmaksuja,10
Huumeessa,10
Kyseenalaistaisivat,10
Pelimoottoriin,10
Nauretaankin,10
Ryppäästä,10
Innovaatiotoiminnan,10
Kampanjoille,10
Eloisampi,10
Arvelluttamaan,10
Aliarvioiva,10
Larppaisi,10
Erotilanne,10
Lainaisivat,10
Becouse,10
Olutmerkki,10
Röykkiöittäin,10
Tšernobylistä,10
Switches,10
Kokopäiväiset,10
Katosit,10
Ongelmattomasta,10
Kopioidulla,10
Saarivaltiota,10
Logaritmit,10
Avunannoksi,10
Chores,10
Ammentaen,10
Palautteeseeni,10
Marchers,10
Huippusuorituksiin,10
Pahoittelunsa,10
Hälytysvalmiudessa,10
Только,10
Lääkärillesi,10
Viljeltyjen,10
Sappeni,10
Laskennallisista,10
Pyöräyttäisi,10
Käännetyllä,10
Esillenosto,10
Docrep,10
Tylsistyttämään,10
Alamittainen,10
Pikkupullon,10
Ydinporukkaa,10
Ylikansoittumiseen,10
Puolustavassa,10
Kiinnostumattomat,10
Sepeliin,10
Ääripäänsä,10
Ansionmenetyksiä,10
Eläkepaperit,10
Kansallismielisissä,10
Vastuualueeseen,10
Minkätasoisia,10
Talousohjelmansa,10
Epäilleen,10
Wirallinen,10
20people,10
Kunnioittamisena,10
Telakasta,10
Periytynyttä,10
Korkeatasoisesta,10
Spreijasi,10
Ajatustoimintaan,10
Ihmistyöllä,10
Luojille,10
Pohjaisille,10
Vapaamuurareista,10
Aiheuttamaton,10
Pohtivassa,10
Metatutkimusta,10
Uskonopit,10
Vähäpätöisempää,10
Tyhjänpäiväisillä,10
Hammaslaakariliitto,10
Ihmeparannusta,10
Syöpäpotilaista,10
Öykkäröinnistä,10
Ilmapalloon,10
Narahtaisi,10
Lyhytkatseisesti,10
Yhdyskunnilla,10
Kirjoittavasi,10
Arvostellessaan,10
Pt5ousixa40,10
Historioitsijaa,10
Töä,10
Ilmastoissa,10
Räväkällä,10
Pelilaudalta,10
Koetulos,10
Työrauhaan,10
Kansansuosiolla,10
Luodulta,10
Sijoituskohteelta,10
Mielikuvitusjuttuja,10
Roskajulkaisut,10
Harmaasti,10
Tuontirajoituksia,10
Kirjoitusmerkkejä,10
Viljelysmaista,10
Tekisivat,10
Vertaiseksi,10
Sulkeutuneessa,10
Pilkunviilaukseksi,10
Virkkeeksi,10
Graafisilla,10
Käpertyminen,10
Kipulääkkeissä,10
Duunaili,10
Erikoiskohtelun,10
Kuntoutukselle,10
Sisältöjään,10
Supinaa,10
Metsästäessään,10
Lainkuuliaisuudesta,10
Asutetussa,10
Kiroja,10
Erotakin,10
Valetili,10
Patavanhoillisia,10
Hengailemalla,10
Tuomaroinnin,10
Tuttujakaan,10
Seudul,10
Vitunmoiseen,10
Totalitääriseen,10
Kaavakkeiden,10
Markings,10
Mielensäpahoittamiseen,10
Ylidramatisointia,10
Uloskäynnistä,10
Muovaamista,10
Arvosanansa,10
Käyttökelpoiseen,10
Kehittämien,10
Hiljetä,10
Etujärjestöistä,10
Homoseksuaalisuuten,10
Eriarvoistamiseen,10
Yleishyödyllisellä,10
Mouhotaan,10
Vastustais,10
Esitettyinä,10
Lukiostani,10
Velkajärjestelyjä,10
Kielenopiskelua,10
Hullutukset,10
Refleksillä,10
Käyttöönottoja,10
Esiintymissä,10
Työterveystarkastuksessa,10
Hankkimallaan,10
Työpaikkaruokaloissa,10
Keskusliikkeen,10
Oransseilla,10
Työnvälitykseen,10
Murskaamisen,10
Ilmankostutinta,10
Eloppia,10
Poistavia,10
Lässytykseksi,10
Sotamiestä,10
Jupinoita,10
Tonkimiseen,10
Aiheistaan,10
Muustaki,10
Skaalaeduista,10
Vilkuilusta,10
Kokkarinuorten,10
Eu15,10
Lukioaikoihin,10
Hiiltyi,10
Oikeusperinteeseen,10
Porttaaminen,10
Sortovallasta,10
Vääristyneeksi,10
Tuomittavampana,10
Työllistettävää,10
Työpäivästään,10
Tilkkutäkin,10
Verotusasioissa,10
Visiointia,10
Lupsakan,10
Valttamaton,10
Maksukanavilta,10
Rojaltteja,10
Sydäntauteja,10
Ihanteensa,10
Metroasemista,10
Käsittelette,10
Ivnxaiqrlsw,10
Tietotyöläisiä,10
Asiakastilanteissa,10
Viriilejä,10
Uutuusarvoa,10
Sanassakin,10
Irankin,10
Leninismistä,10
Yhteisöllisyydellä,10
Tukiasuntoja,10
Kovapanosammuntojen,10
Tuntoinen,10
Kulueriin,10
Varustettiin,10
Juoksupojaksi,10
Riihikuivalla,10
Hapenpuutetta,10
Monimutkaisina,10
Torttuihin,10
Toimeenpanema,10
Scottia,10
Laissakaan,10
Ytimeksi,10
Ovenkarmit,10
Hashia,10
Korjauksille,10
Lähellähän,10
Luonnonvaraisille,10
Tienpientareilla,10
Ahkeriin,10
Heinien,10
Oppikirjamääritelmä,10
Typistyvät,10
Hunch,10
Pakkosteriloitu,10
Verovaroihin,10
Naispuoliseksi,10
Nuuskivat,10
Herkistyi,10
Ajomääriin,10
Nettisukupolvi,10
Magneettikuvan,10
Lipussakin,10
Militariaa,10
Ruijan,10
Koodirivejä,10
Tuumanneet,10
Ravittua,10
Ennennäkemättömästi,10
Aiheuttajille,10
Intensiivisestä,10
Availtua,10
Kuittailet,10
Aosp,10
Kärkipaikasta,10
Viettiään,10
Seksuaalimoraalista,10
Moninaisissa,10
Sosiaaliturvarahastot,10
Aiheittavat,10
Kuninkaanlinnan,10
Työterveyshuollolle,10
Hyssytellen,10
Peraton,10
Turpoamista,10
Tarkastusvirastosta,10
Lisäsiipi,10
Pienpanimoista,10
Pahoinvoivaa,10
Mieluisammat,10
Määrämään,10
Concedes,10
Lähipäiville,10
Luonnottomilta,10
Olympiamitalisti,10
Kolikoitaan,10
Demokratiaansa,10
Capitalized,10
Korppikotkia,10
Kirjautuneille,10
Liitämme,10
Selaa_hankkeita,10
Tötöillä,10
Musisoi,10
Tiedostosi,10
Pöhötys,10
Elävöittämiseksi,10
Kotiseutuun,10
Lumenauraus,10
Yksityisautoilijoille,10
Parantumattomat,10
Himmailua,10
Lainpykälän,10
Musiikinopettajan,10
Vakavastiotettavat,10
Pätevöityy,10
Selvemmältä,10
Ideologiota,10
Naurettavamman,10
Hävenneet,10
Lämmitämme,10
Subgroup,10
Armahdeta,10
Oppressing,10
Kuusikymppistä,10
Paivitetty,10
Syntyvat,10
Mahtavampia,10
Lupaavasta,10
Public_html,10
Etenemällä,10
Konepajalta,10
Geopolitically,10
Järkeilystä,10
Työvoimastaan,10
Samanmielisiltä,10
Päätteisistä,10
Mielipidettänne,10
Kohdennetuista,10
Hallitusohjelmiin,10
Naispapeista,10
Käytäntöönpanoa,10
Kaljupäitä,10
Päälliköistä,10
Fitchin,10
Rötöstelevä,10
Nihilistiseksi,10
Määräilyyn,10
Siansaksan,10
Krempat,10
Sanktioitua,10
Randomii,10
Downvotettamaan,10
Rahavirtaan,10
Salmiakkikossun,10
Tekoprosessista,10
Kalustoapua,10
Perheoloista,10
Haluisinkin,10
Kadonneena,10
Etunsakin,10
Kelailua,10
Eriluokan,10
Aseelliseksi,10
Toimitusvarmuudesta,10
Poissaoloksi,10
Viljelykäytössä,10
Häivehävittäjää,10
Pehmustettua,10
Telkkarisarja,10
Stressioireita,10
Kaltoinkohtelulle,10
Oikeuslaitoksilla,10
Kanssaeläjistä,10
Heiti,10
Yksiltä,10
Strateegisesti,10
Lapsillasi,10
Rahdissa,10
Kulmakivestä,10
Mallillasi,10
Valtapiirin,10
Nimii,10
Ylinjohto,10
Jonkiverran,10
Puhelinlaskusta,10
Opiskelupaikalle,10
Kouluttamattomuuden,10
Tasoittamalla,10
Edustajantoimensa,10
Pienenemisellä,10
24mg,10
Tollaseks,10
Peruskoulutasoa,10
Salakuuntele,10
Lautasellaan,10
Keskittävän,10
Laululta,10
Kiroista,10
Vankeusrangaistustaan,10
Karhean,10
Revittävissä,10
Banaanilta,10
Humalaisilla,10
Keskivertokansalaiset,10
Utetaan,10
Hyödyttömämpää,10
Tahtotiloja,10
Ikäisistään,10
Tietämiin,10
Omenoille,10
Leikkelyyn,10
Urotyöt,10
Toivotunlainen,10
Tunteitten,10
