Muotokieli,21
Slovakiaan,21
Muutosvastarinnan,21
Navigaattorit,21
Tuotantotuki,21
Liisareita,21
Kansallisuusaatteen,21
Vannoutuneet,21
Pakilassa,21
Taantuvien,21
Taikauskolla,21
Esoteeriset,21
Ohjelmistopuolen,21
Nykyisien,21
Käyttötarvetta,21
Naapuriani,21
Yläpuolinen,21
Bulgakov,21
Paneudu,21
Toooosi,21
Voimalinjat,21
Muistutettaisiin,21
Lopetimme,21
Internetis,21
Makupaloja,21
Loppupäivästä,21
Kevyeeseen,21
Valintaprosessia,21
Installations,21
Kolmoskauden,21
Lisäile,21
Satiaisia,21
Meikeissä,21
Olettettavasti,21
Porkkanaraasteen,21
Tiedotustilaisuudessaan,21
Kavereistakin,21
Nokkamies,21
Mittarointi,21
Ydinpelotetta,21
Wallinin,21
Fearful,21
Ideation,21
Oikeestikin,21
Kiristyksessä,21
Naureskellu,21
Oikeustapaukset,21
Reacts,21
Instituutioina,21
Todellisuutesi,21
Ilmaistyö,21
Sukupuolitaudeista,21
Lampaaksi,21
Milestone,21
Naissiivooja,21
Toissapäivän,21
Tomaattisose,21
Painelua,21
Kassavirtaan,21
Raportoidun,21
Huopalahdesta,21
Palestiinalaisalueiden,21
Kuumennettu,21
Naatti,21
Vaatimattomuutta,21
Taloyhtiöni,21
Bongaat,21
Jokapäiväisten,21
Isoveljeltä,21
Fantasiani,21
Tilinpäätösten,21
Lihansyömisen,21
Orkesterissa,21
Kissakuva,21
Raiskatessa,21
Verkkotunnukset,21
Kusipäähän,21
Kovimpaa,21
Artikkelikaan,21
Professoritason,21
Kansiksen,21
Filmeistä,21
Soijanakit,21
Caroline,21
Turvallisuusasiat,21
Liikkuvissa,21
Öljyväreillä,21
Ilmastointeja,21
Yells,21
Shaw,21
Pääsykoekirja,21
Autokorjaamolle,21
Itsee,21
Kiinnostavuuteen,21
Valmistelutyö,21
Työmarkkinajärjestöille,21
Jerks,21
Ulttis,21
Leikkimökki,21
Kylmäkallet,21
Richardson,21
Ohituskielto,21
Siiloja,21
Sukuelimillä,21
Virhearviointeja,21
Tuuletan,21
Tiedonhankintaa,21
Peruutusaikoja,21
Mailbox,21
Törmäily,21
Turistiviisumeja,21
Miehitetyllä,21
Ammuttavat,21
Idut,21
Vesipisaroita,21
Lepääminen,21
Eläintilojen,21
Liharuoasta,21
Tötterön,21
Jatkojohtoa,21
Valvoivat,21
Harhautuksena,21
Järkkäämällä,21
Lähijuniin,21
Makkaroihin,21
Kansikuvassa,21
Sängyistä,21
Rantaruotsalaisten,21
Paneeleiden,21
Uskonnollisuudella,21
Vasarointi,21
Ohjeistuksissa,21
Buns,21
Lihavalta,21
Maantiepyöräilyä,21
Kurota,21
Väitöskirjaansa,21
Ekoterroristit,21
Energiariippuvuuden,21
Scriptura,21
Kakaralla,21
Synnytyksistä,21
Tippaamisen,21
Hyönteismyrkkyä,21
Kaurakerma,21
Siemenöljyt,21
Tallentavan,21
Kieroksi,21
Uskomattomin,21
Carpet,21
Suurkäyttäjät,21
Kertaluontoisena,21
Kolille,21
Kastelet,21
Haidis,21
Sisääntuleva,21
Länkkäreillä,21
Kylmäkin,21
Lasivillaa,21
Englanninkieliseltä,21
Pyytäessäni,21
Periaatteestakaan,21
Puollustat,21
Toksiineja,21
Mainospuheissa,21
Amygdala,21
Yöunille,21
Pyörivillä,21
Lastenkirjat,21
Ardbeg,21
Maastamuuttoon,21
Liikkeesi,21
Työvuorolistoja,21
Satuolentoja,21
Pyhtää,21
Tarjottavasta,21
Rajoitukselle,21
Pimperoa,21
Sysäämällä,21
Suihkulähteessä,21
Suhteutettunakin,21
Perusauton,21
Pyöräilisin,21
Ammattiautoilijat,21
Kiinnipitämistä,21
Tromssan,21
Turvallisuusnäkökulmasta,21
Perustilanne,21
Jakamani,21
Vanhoistakin,21
Rautateistä,21
Kelaaminen,21
Routines,21
Timesille,21
Hirviniemeä,21
Yrittäjäks,21
Riitelemällä,21
Tämmönenki,21
Yhteisvastuullinen,21
Erikoisliikkeiden,21
Lepsumpi,21
Tietomurtoon,21
Sähköyhtiöön,21
Ladattavien,21
Kysyntäpiikkien,21
Selviytymiskeinoja,21
Tukkurit,21
Aasinsillat,21
Kesähelteet,21
Siveetöntä,21
Eläät,21
Sykkeestä,21
Mielisairauksista,21
Explanatory,21
Bibi,21
Ketjuravintoloita,21
Linnojen,21
Jääpalaa,21
Ympäristöluvat,21
Semmottii,21
Kauppaneuvotteluissa,21
Storytelin,21
Sudelta,21
Yläkoulujen,21
Epäsymmetriset,21
Biologiamme,21
Itkulla,21
Kielioppivirheistä,21
Ydinjätteitä,21
Kebabbilat,21
Veroalennusten,21
Harakatkin,21
Mahtipontisen,21
Retards,21
Vientitulot,21
Marginalisoidaan,21
Eläinkuntaa,21
Päiväpeiton,21
Tehoviljely,21
Nettitestistä,21
Miespoliitikot,21
Oikeusministeriöltä,21
Avaamattomat,21
Oikeusministeriölle,21
Käänteentekevää,21
Kotoisasti,21
Etelänmatkat,21
Lauantaiaamun,21
Töit,21
Bezosilla,21
Pyykkäämään,21
Neuropsykologin,21
Varhaiseläke,21
Sauvakävelyä,21
Alipalkkauksen,21
Balcony,21
Tokkia,21
Tilitapahtumia,21
Ninjaa,21
Jakajista,21
Spiidiä,21
Ammoniumkloridia,21
Kotivakuutukset,21
Moodit,21
Ponnistelujen,21
Havainnollinen,21
Sähköset,21
Myydyimpien,21
Radiopuhelin,21
Perkeleiden,21
Naisenakin,21
Sähkökriisi,21
Opetuskin,21
Perkaamisen,21
Punalaputettuja,21
Alppila,21
Ihaninta,21
Stäkki,21
Tuillakin,21
Sähköttömällä,21
Hiomakivi,21
Uudelleenkäytettävä,21
Björninen,21
Äänikirjoihin,21
Nestehukkaa,21
Huaweista,21
Minimalismin,21
Feminiinisenä,21
Homeisesta,21
Genom,21
Nivelrikon,21
Krematorion,21
Kumppaniehdokkaita,21
Kiipeilevät,21
Vuokratapa,21
Bitumi,21
Nippusiteissä,21
Eiffelin,21
Peellä,21
Tuomittaessa,21
Makuupusseja,21
Vetoketjua,21
Reklamaatioiden,21
Juorulehti,21
Asunnonomistajia,21
Pettämällä,21
Silinterihattu,21
Hermostuminen,21
Sohitaan,21
Kuljetuspalveluiden,21
Yhteispohjoismainen,21
Käyetään,21
Kansantasavallasta,21
Virtsalla,21
Vegaanisista,21
Komppaat,21
Soluilla,21
Pihasaunan,21
Oleskelulupiin,21
Junttilassa,21
Viimesintä,21
Yksilökeskeisyyden,21
Kalustotappiot,21
Kansanperinteessä,21
Suhteellisuudentajusta,21
Kahvinkeittoa,21
Tietäjille,21
Diilerillä,21
Huhtamäen,21
Maalitaulua,21
Kalapalat,21
Taustamusiikin,21
Opiskelijabileiden,21
Proudly,21
Pelästyivät,21
Laajentui,21
Antisemitistiset,21
Kuvatekstinä,21
Kohtuuteen,21
Urana,21
Stepin,21
Mieleltä,21
Halaja,21
Vinkujia,21
Äänenvaimentimen,21
Palkittuja,21
Ylpeämpi,21
Poikatyttö,21
Polttokennon,21
Pelotteleva,21
Terästettynä,21
Automatkojen,21
Naapurustojen,21
Makarooneja,21
Apulais,21
Vakoilija,21
Mötikän,21
Ruumiskasat,21
Työllisenä,21
Autististen,21
Elintasopakolaisiin,21
Onnenpäivä,21
Ulistiin,21
Kahakkaan,21
Verorahan,21
Vähäiselläkin,21
Halvimmillaankin,21
Kantaväestönkin,21
Pyöreiden,21
Yksikkömuoto,21
Johdossakin,21
Postipakettia,21
Salaattipöytä,21
Viljelyalaa,21
Oikeusasteilla,21
Ilmarinta,21
Itkettävän,21
Alkuaika,21
Hautakiven,21
Työmarkkinaosapuolet,21
Toivotat,21
Suutuksissaan,21
Researching,21
Kondis,21
Vastuukysymys,21
Lakkauta,21
Perimmäisin,21
Roponen,21
Kolminaisuudesta,21
Budjettileikkaukset,21
Puhumiset,21
Guardiania,21
Normalisoimalla,21
Syyllisyyteni,21
Videostakin,21
Veijon,21
Lippulaivaa,21
Huoltotoimenpiteet,21
Amerikkalaisuuden,21
Ritvaa,21
Normitoimintaa,21
Haarniskaa,21
Erikoistoimittaja,21
Vuokraloordi,21
Maallisella,21
Väitelause,21
Munalukolla,21
Moottoripyöräilijöitä,21
Latvalan,21
Huutonettiin,21
Tiedemiehillä,21
Virherajat,21
Hyllyttäjä,21
Amispohjalla,21
Mosley,21
Timohaapala,21
Inhimillistetään,21
Iaaf,21
Paukkeen,21
Mahtavuus,21
Himmelillä,21
Rentoutti,21
Yhdistäisivät,21
Absoluuttiselle,21
Downvoteilla,21
Wingit,21
Sivareilla,21
Ongelmapelaaminen,21
Earther,21
Parlamentilta,21
Kahtiajakautumista,21
Jätinkin,21
Mutsilles,21
Lääkinnällisestä,21
Intervals,21
Vainikka,21
Hiukkaskiihdytin,21
Ammatillisena,21
Moolia,21
Recode,21
Turvaamalla,21
Dani,21
Graffa,21
Tutkimusartikkelin,21
Elegant,21
Tradenomia,21
Hyötykin,21
Sharex,21
Kansanvaellus,21
Sammakkoja,21
Kaupunkilaisuus,21
Viraltapanoa,21
Armahdusoikeus,21
Contractor,21
Veljeksillä,21
Grimrock,21
Vesijohtojen,21
Yleisönosastolle,21
Tyrants,21
Poltettujen,21
Limasta,21
Talousjuttuja,21
Kulinaristinen,21
Gizan,21
Keittäjien,21
Perustalta,21
Ontologinen,21
Ennakoit,21
Huittinen,21
Mynämäki,21
Kuonan,21
Tietopyyntöjen,21
Kouluvuosi,21
Ajatusharjoitus,21
Insinööritoimistossa,21
Taustasyy,21
Katolisista,21
Auschwitziin,21
Poletti,21
Porraskäytävä,21
Työetiikka,21
Turvapaikanhakuprosessin,21
Vinyyleitä,21
Kiväärimies,21
Kouluvuotta,21
Rauhoittuisit,21
Edittini,21
Yleensäkki,21
Alennusmyynneissä,21
Pöytätietokone,21
Apeista,21
Rohkein,21
Sokerien,21
Palkintopotti,21
Lisenssimaksujen,21
Raittiiden,21
Isoisältäni,21
Tuloryhmien,21
Höttöinen,21
Pahaperse,21
Kaksivuotisen,21
Hoidettais,21
Pienimuna,21
Kompleksit,21
Sähkötuet,21
Eriarvoiset,21
Valmistumisajat,21
Willer,21
Ehkäisyt,21
Hyvinvointialueista,21
Itsediagnosointi,21
Varoitusvalot,21
Clausewitz,21
Kepuleita,21
Oletataan,21
Antroblogi,21
Serotonin,21
Isänmaalliseen,21
Maahanmuuttovastaiseksi,21
Tylsistyneet,21
Homonyymi,21
Allahan,21
Tunnepitoisia,21
Demarille,21
Gaalaan,21
Lyytinen,21
Nekala,21
Kuukautissuojien,21
Vankeinhoitolaitos,21
Nettikasinoa,21
Putkiremontit,21
Rautatasolla,21
Edustustehtävä,21
Päättärillä,21
Verkkareihin,21
Nestlestä,21
Paskasakiksi,21
Täysikäiset,21
Persoonapronomineja,21
Muistijälkiä,21
Rantalomalle,21
Velattomassa,21
Laskuvarjoja,21
Epämukavien,21
Talousalan,21
Twittereitä,21
Etelänaapurista,21
Parintuhannen,21
Aluevaltuustojen,21
Äikänope,21
Loppukäyttäjiä,21
Terävillä,21
Adresseja,21
Palkankorotuksissa,21
Marinkaan,21
Seksuaalikasvatukseen,21
Vetovoimaisia,21
Jonnelta,21
Suosittelemalla,21
Surnames,21
Siivojana,21
Kymppiluokan,21
Kansankynttilä,21
Keskilämpötilat,21
Bfn,21
Testikapasiteetti,21
Viranomaistoiminnasta,21
Kotikaranteenissa,21
Tartuntatautiin,21
Hondurasiin,21
Kotiopetuksen,21
Delhin,21
Palosen,21
Näinäkin,21
Soittasin,21
Perunajauhoja,21
Alaäänesi,21
Salste,21
Ilmottaudu,21
Sanoituksiin,21
Yleiskaavaa,21
Nettiliittymiä,21
Tilannekatsauksen,21
Viedää,21
Pistesysteemi,21
Pikkuhomma,21
Starrfusion,21
Hiilidioksin,21
Permabanni,21
Automarketeissa,21
Tottumiseen,21
Poromiehille,21
Niljake,21
Asuintaloissa,21
Pankkikaan,21
Antifasistista,21
Vastaamolle,21
Puutostilan,21
Petteristä,21
Kelaus,21
Kosteimmat,21
Sydänlihas,21
Tilastoitujen,21
Airbagit,21
Etuhaarukka,21
Paluulippu,21
Spekuloimalla,21
Uskontokunnilla,21
Suuhygienistillä,21
Otsakkeen,21
Ostaisko,21
Vaatuu,21
Käyttökustannuksiltaan,21
Currencies,21
Fingridiltä,21
Luterilaisiin,21
Kulutushuipun,21
Ohuista,21
Vaatekomerossa,21
Kulutuspiikit,21
Asiantuntijuudella,21
Autohallin,21
Kotikaupunkiini,21
Örkkiä,21
Aliresursointi,21
Paternity,21
Petollisesti,21
Kyljistä,21
Upotus,21
Ylikomisarion,21
Maatalousyhteiskunta,21
Sovinnollinen,21
Aseistakieltäytyjäliitto,21
Pikaruokalaan,21
Parranajoon,21
Käsipallon,21
Selkäkipuun,21
Vaikuttavimmat,21
Maskisuositusten,21
Sotilasasiantuntija,21
Sinnä,21
Toivelista,21
Ets2,21
Radassa,21
Ärtyvän,21
Syyslukukaudella,21
Ansojen,21
Jätitte,21
Nettiliittymien,21
Aggregaatteja,21
Kuvataiteesta,21
Darkweb,21
Lakimiehestä,21
Keskipaino,21
Sopimustekninen,21
Paskakaivon,21
Kaarinasta,21
Loppusijoituksesta,21
Homeopaattista,21
Bloggauksen,21
Onnistuneisiin,21
Specialty,21
Leukani,21
Verokikkailulla,21
Psykiatreilla,21
Oppisopimuskoulutusta,21
Neuvoton,21
Transistorien,21
Ilmastonmuutoskeskustelun,21
Tyydytkö,21
Huumekoiran,21
Purettuja,21
Pohjosemmassa,21
Euroedustaja,21
Antisosiaalisuus,21
Epätoivoisimmat,21
Komulainen,21
Geeniteknologian,21
Karaokeen,21
Neitimäinen,21
Feministimies,21
Valvontamaksua,21
Alennuskoodi,21
Avoautolla,21
Selittelen,21
Mononoke,21
Neitien,21
Asymmetrinen,21
Komeista,21
Obligaatio,21
Johtohan,21
Sulauttaminen,21
Fonttikoko,21
Massarokotukset,21
Oikeustila,21
Dbm,21
Liukumäen,21
Merileijonointia,21
Kansallismaisema,21
Kantahenkilökunnalle,21
Ilmailua,21
Joukkueurheilun,21
Amadeus,21
Ryppy,21
Voitetut,21
Excitement,21
Fonetiikan,21
Törnistä,21
Lämmitettäessä,21
Lastenohjelmasta,21
Rokotettukin,21
Autonomisesta,21
Diabeteksestä,21
Kultuurillisesti,21
Mottaa,21
Parallels,21
Kouriintuntuva,21
Pikkusia,21
Sukulaisuussuhteet,21
Visuaalisista,21
Syntisi,21
Oikeistopopulismiin,21
Linnainmaan,21
Hinnastoja,21
Aikuiskoulutustukeen,21
Perhevapaauudistuksen,21
Sisilia,21
Hyvätuloisissa,21
Keskustelit,21
Hillotolpasta,21
Aloitusaika,21
Energisen,21
Sukupuolitutkimus,21
Presidentillinen,21
Rottentomatoes,21
Kuusijärven,21
Kiintiönainen,21
Vainajalla,21
Explosm,21
Nesteillä,21
Väikkärit,21
Debuggaus,21
Alfredin,21
Posture,21
Pudas,21
Kylpyhuoneet,21
Poliitiikkojen,21
Sammakolla,21
Vaikutuksetkin,21
Sisäoven,21
Sairaalakuormituksen,21
Kahvipöytäkeskustelut,21
Ohikiitävän,21
Rokotusväli,21
Eeli,21
Rooleilla,21
Viherpiiperrystä,21
Believer,21
Immos,21
Vuodeosasto,21
Ifj,21
Umineko,21
Haittakustannukset,21
Sittenmin,21
Odinista,21
Kalevipoeg,21
Merkkiliikkeen,21
Lakifirmat,21
Muinaiskirkkoslaavin,21
Alkoholittomissa,21
Ajattelumallisi,21
Oudoimmat,21
Haltille,21
Lepomaki,21
Automyyjän,21
Kokot,21
Epäsymmetrisen,21
Veljeksestä,21
Huippukommentoija,21
Assimilointi,21
Uhrinarratiivi,21
Naispelaajien,21
Nyrkkeilijät,21
Komeasta,21
Downvotetus,21
Austerityä,21
Jobbarit,21
Pienviljelijät,21
Injektoi,21
Paikallispoliitikot,21
Mittausvirhe,21
Hellasta,21
Detector,21
Pragmatiikkaa,21
Köln,21
Starttirahalla,21
Aavemainen,21
Kaupunkikulttuuri,21
Tyhmäpää,21
Heips,21
Pakistanilaisen,21
Schneider,21
Autodeskin,21
Hornin,21
Ahmadi,21
Järjestelen,21
Ollikarkkainen,21
Suvelasta,21
Kovimpina,21
Lyhennysvapaan,21
Cleantechiä,21
Ajatusketjusi,21
Vedenalaiset,21
Lammilla,21
Meilläonunelma,21
Metsääkin,21
Värityskirja,21
Takavuosikymmeninä,21
Uimataidon,21
Instructables,21
Urheilutulokset,21
Ristikoita,21
Pöndet,21
Ibuprofen,21
Osakuntien,21
Technican,21
Budjettina,21
Kaulin,21
Epäilette,21
Pukukoppi,21
Baghdadin,21
Rajakontrollin,21
Unnatural,21
Reputable,21
Paperilehtien,21
Ajastuksen,21
Alikulkutunnelissa,21
Miähen,21
Teismi,21
Kafkamaisen,21
Väriteema,21
Sairauskulut,21
Toisinajattelu,21
Jakobstad,21
Hylkäsit,21
Konservatiivihallitus,21
Kysyessäsi,21
Viikatteella,21
Naisunioni,21
Täystyöllisyydestä,21
Huumekoira,21
Sääntelemätöntä,21
Juhlatilaisuuksissa,21
Myyntityön,21
Yliopistollisten,21
Taskulamppujen,21
Krisse,21
Practise,21
Kotinetti,21
Platta,21
Otoskoon,21
Faktatietoja,21
Nykyisenkaltaisesta,21
Koulutksen,21
Mielenhallinta,21
Graafeista,21
Vähätuloisilla,21
Kontulalle,21
Kertaluontoiset,21
Lähtöviiva,21
Tunnusmerkistössä,21
Tukistaminen,21
Pakolaisvyöry,21
Vies,21
Opiskelijamäärien,21
Yhten,21
Mobiiliyhteys,21
Verovapaista,21
Kolmosluokan,21
Freelancerille,21
Spinach,21
Isämmaalliset,21
Häkämyrkytys,21
Loskasta,21
Presidentinvaali,21
Hartaat,21
Jackets,21
Perusopinnoissa,21
Kroksit,21
Kauttakulku,21
Norjalaisiin,21
Toshiban,21
Juokoon,21
Rakennuttajaa,21
Kirkuva,21
Työläis,21
Luddiitteja,21
Nuance,21
Meetvurstin,21
Pehmolelut,21
Machiavellin,21
Vesilaitoksia,21
Neglect,21
Päällystetään,21
Rafloihin,21
Maanantaikappaleita,21
Eläinrääkkääjä,21
Partalapset,21
Hommahopot,21
Väsyneillä,21
Fridge,21
Vaellukset,21
Urinary,21
Sukeltamalla,21
Asettelin,21
Demagogia,21
Maailmancup,21
Tuuletusikkunat,21
Satudarah,21
Eläinmaailmassa,21
Riitapukarit,21
Vapaakaupasta,21
Päädytäänkö,21
Jaksaisinko,21
Ruttaa,21
Viherpiiperöt,21
Semmostakin,21
Greippiä,21
Rainan,21
Fauna,21
Loppuunmyynti,21
Mannin,21
Lajiliittojen,21
Karmaisevia,21
Bruges,21
Tunarin,21
Salut,21
Daeshia,21
Widgetin,21
Sodomy,21
Korento,21
Maantiepyöräilijät,21
Räsänenkään,21
Siesta,21
Nakkipaketti,21
Elfen,21
Lähtökohtamme,21
Hummeria,21
Seksuaaliväkivalta,21
Huolimattomuusvirhe,21
Vuosin,21
Hyllypaikka,21
Kassahenkilöt,21
Kovera,21
Naisvihamielisestä,21
Reseptivapaa,21
Valkosipulijauhe,21
Joukkosukupuutto,21
Kaupunkiolosuhteissa,21
Ärsyynnyt,21
Kohteliaisuudella,21
Miinuspuolia,21
Huumeitakaan,21
Aakkos,21
Verokortit,21
Poravasara,21
Ummetukseen,21
Yksilökeskeisessä,21
Skootit,21
Naapurimailla,21
Lääkärikeskus,21
Ylikuumentunut,21
Oltaispa,21
Murhatilastot,21
Reinikaista,21
Panttisysteemi,21
Juutalaisvihasta,21
Lierihattu,21
Lapamadon,21
Edellyttänee,21
Lihaliemen,21
Uhrimäärä,21
Diakoniatyön,21
Vitsailematta,21
Tsekkasi,21
Luottamusmieheltä,21
Talmud,21
Tiivistyvä,21
Jaloitella,21
Ransun,21
Tusseilla,21
Löylykauhan,21
Hassuu,21
Kokoaikatöitä,21
Valtioneuvostolta,21
Vkkn,21
Lippiksessä,21
Homopropagandaa,21
Osoittaja,21
Lukuvirhe,21
Dokumenteilla,21
Skandinaavi,21
Eft,21
Muuttaisitte,21
Hiljaisissa,21
Jauhelihakin,21
Tasakatot,21
Lostin,21
Pitissä,21
Ebitda,21
Maksukaton,21
Cummins,21
Nouki,21
Aktivoit,21
Sokerointi,21
Mökkirannassa,21
Maileissa,21
Hypocritical,21
Valeet,21
Carbonaraksi,21
Motörheadin,21
Voidaksemme,21
Helleaallon,21
Panikoiva,21
Choke,21
Pyöristysvirheitä,21
Muailman,21
Riisinkeittimen,21
Yhteiskuntatieteellisestä,21
Fists,21
Creativity,21
Lanssissa,21
Avaamattomassa,21
Kypsemmällä,21
Parmesania,21
Mahalaukku,21
Korvatunturi,21
Tutkimusjakso,21
Poistoletku,21
Asiakaspalautus,21
Hämmentyneet,21
Laavut,21
Sähkövastus,21
Ahdistut,21
Kusipäällä,21
Diktatuurinen,21
Konemusiikki,21
Graafisten,21
Sekoitatkohan,21
Hysteeristen,21
Bardi,21
Gauss,21
Torveen,21
Pientalo,21
Irtisanoivat,21
Keskusteluryhmä,21
Punakapinan,21
Sovintoehdotus,21
Kira,21
Paimenkoirat,21
Yritysasiakkaiden,21
Subun,21
Muurmannin,21
Poltetusta,21
Kantas,21
Ajurina,21
Painatus,21
Tuomiokirkkoa,21
Puheterapiaan,21
Jenkkityylin,21
Horinasi,21
Inkluusiossa,21
Puoluetoiminnan,21
Marinadissa,21
Murehtimalla,21
Valtuustolle,21
Keskusteluohjelman,21
Rauhansopimukset,21
Sotilasasiantuntijat,21
Learns,21
Serriin,21
Avenged,21
Suodatinkeitin,21
Tehomaataloutta,21
Normaalimmat,21
Hippiliike,21
Psykoterapeuttien,21
Lifespan,21
Uskaltaisit,21
Tryhard,21
Mulkoilua,21
Goatmoon,21
Yksinhuoltajuudesta,21
Kerhotila,21
Uttiin,21
Lääkealalla,21
Kadunvaltaus,21
Siistijä,21
Huumeilta,21
Villikissat,21
Avaimenperänä,21
Rivitaloa,21
Pastassa,21
Takomiseen,21
Enrico,21
Kaupunkielämän,21
Tiety,21
Hashit,21
Etuotsalohko,21
Knorrin,21
Myyntiajan,21
Villelle,21
Naistenlehti,21
Saunakulttuurin,21
Geenilotto,21
Vuokratyöllä,21
Sensaationhakuista,21
Ykkösosa,21
Tuntiaktiivisuus,21
Lajeina,21
Salaamaton,21
Nne,21
Kuponkien,21
Toimeentulotukeakaan,21
Jotkuu,21
Vastapainoks,21
Argumentitkin,21
Kauheimmat,21
Kaksikertaa,21
Haastattele,21
Simulated,21
Vähempiosaiset,21
Löy,21
Napajäätiköiden,21
Impulsiiviset,21
Modetiimillä,21
Peters,21
Balalaikka,21
Rahoittaisin,21
Vihdosta,21
Incognitolla,21
Kaivannaiset,21
Koiriakaan,21
Majavaa,21
Interwebin,21
Työviisumi,21
Kesäduuneja,21
Enterin,21
Modal,21
Demaritkaan,21
Mailmalla,21
Luontodokkareita,21
Kantapäässä,21
Uudelleenkoulutusleirit,21
Jenkins,21
Triggering,21
Yrityskäytössä,21
Deleuze,21
Sairasvakuutukset,21
Kielikuvana,21
Paskaposti,21
Yhdyvaltojen,21
Kommentoijana,21
Alakouluikäisille,21
Valheellisuus,21
Tältäkään,21
Sosiaalidemokraattisessa,21
Mengelen,21
Toiminnassasi,21
Eol,21
Perusteleppa,21
Visioin,21
Säälillä,21
Elokuvateatterien,21
Bruttopalkkasi,21
Äxdee,21
Tervola,21
Kalkkikset,21
Moottoriliikennetiellä,21
Raps,21
Fatimin,21
Paisetta,21
Remontilla,21
Vaavi,21
Eduskuntapaikka,21
Pallukka,21
Säännökseen,21
Maailmanlaajusesti,21
Hakukoneilla,21
Screenshotissa,21
Smalldickenergy,21
Bugbear,21
Ryhmätyössä,21
Miesystäväni,21
Kokemusvuosia,21
Listavaalit,21
Älymystöön,21
Rajaportin,21
Räikeintä,21
Pitserioiden,21
Säätäisin,21
Testaisin,21
Käyttötunteja,21
Uusiutuvuus,21
Tieliikennekelpoinen,21
Karkoituksista,21
Eduskuntavaaleissakin,21
Vvvv,21
Kanavointi,21
Kunnanvaltuustosta,21
Törkeet,21
Joustavuudella,21
Henkilöpalvonta,21
Porakoneella,21
Sweep,21
Papunen,21
Työllistämistoimet,21
Mpg,21
Suosiiko,21
Huudettaisiin,21
Kirjeenvaihdossa,21
Ymmärykseni,21
Ältsin,21
H5n1,21
Äkkikuolema,21
Clinicians,21
Väljään,21
Yksinasuville,21
Suomellekkin,21
Maatalossa,21
Pärjäilen,21
Sääennusteet,21
Unrealin,21
Diagnoosikin,21
Yhteisvaluutassa,21
Paalu,21
Onnellisimman,21
Muuttovoittoa,21
Prostate,21
Ammattilaisuus,21
Padi,21
Arvaten,21
Värivaihtoehtoja,21
Rosoinen,21
Siimat,21
Pepet,21
Universaaleista,21
Saamesta,21
Copypastena,21
Solukämpät,21
Eurokriisissä,21
Todetaanko,21
Perusduuni,21
Nappikauppa,21
Kaikennäköisillä,21
Palkkatyöläisen,21
Marching,21
Keskihinnalla,21
Luottohäiriömerkintä,21
Liikkatunnilla,21
Kätyrien,21
Npd,21
Niskapersotteella,21
Ohareita,21
Etenemis,21
Epädemokraattisissa,21
Porukkaahan,21
Inkluusiolla,21
Ruisleivälle,21
Ihmise,21
Sukupuolittuneeseen,21
Lumppu,21
Eläintenpitokieltoa,21
Abortoi,21
Maalailin,21
Siniseltä,21
Bisnoden,21
Vaalejakin,21
Suomicringe,21
Minareetteja,21
Macintosh,21
Suomen_kansalaisuus,21
Tutkimusryhmät,21
Raitiotiet,21
Sallittakoot,21
Bulevardeja,21
Kieltolaissa,21
Tatuoituja,21
Lomalento,21
Alkulukuja,21
Mainosmiehet,21
Kurssimateriaalit,21
Viisituhatta,21
Hakkereilla,21
Stressitilanteessa,21
Kelluminen,21
Uimalasit,21
Maittavia,21
Katve,21
Luottoluokittajien,21
Närpiöläinen,21
Turkuunkin,21
Valvontaviranomainen,21
Pöytäroolipelejä,21
Tasokoe,21
Demarihallituksen,21
Kunnianhimoisin,21
Roskakorissa,21
Pitkittämällä,21
Konfliktitilanteissa,21
Perustililtä,21
Ihotautilääkärille,21
20de,21
Felon,21
Saariaho,21
Repostimies,21
Valtiovarainministeriöstä,21
Päällehän,21
Curevacin,21
Jalkapohja,21
Ensteks,21
Kuluttajansuojalakia,21
Syssyllä,21
Sähkönkin,21
Burmassa,21
Vanhusväestö,21
Traficomilla,21
Sohjo,21
Silpputyö,21
Faceswapped,21
Lastentarhaopettajien,21
Strauss,21
Puudutukset,21
Kiukaiden,21
Soteuudistuksesta,21
Leijonakoru,21
Soveltaisin,21
Teräsniska,21
Lähtokohtaisesti,21
Gomorran,21
Loreenia,21
Pränkkää,21
Komentopaikan,21
Ratikkalinja,21
Nikotiinit,21
Parkcomin,21
Interessit,21
Negativity,21
Jälkiuunileipää,21
Haarovälin,21
Puolueetkaan,21
Synnyttäjät,21
Parkkisen,21
Pidemmästi,21
Hiostavat,21
Moderaattoritkin,21
Kangasalle,21
Fotofinlandia,21
Hakuaikaa,21
Kuubalaisten,21
Ääriuskovaisia,21
Patrols,21
Akkuteollisuuden,21
Saammekin,21
Whitepassing,21
Evergrande,21
Reaalin,21
Dagestan,21
Naispoliisien,21
Migranttales,21
Prosenttijengi,21
Patteriston,21
Kotietsintälupa,21
Muslimimaailmassa,21
Arbitraasi,21
Nykysuomalaisten,21
Luciferia,21
Iraki,21
Atsteekit,21
Investointipankit,21
Puritaaninen,21
Keskittyykö,21
Maaseutumedia,21
Raparperia,21
Robotilta,21
Tommoisessa,21
Tämäntyyliset,21
Bilal,21
Maitotilat,21
Maantieteessä,21
Koillismaalla,21
Snowball,21
Painonnostajat,21
Schwalben,21
Julkaisusarja,21
Equatorial,21
Kansallisylpeys,21
Avalon,21
Raivostuneet,21
Sudaniin,21
Hymypatsaan,21
Hoegaarden,21
Ummm,21
Opiskelemme,21
Loppumatkasta,21
Järkeilisin,21
Runners,21
Finnlines,21
Piltin,21
Murhapolton,21
Viholliskuvat,21
Metsänomistajana,21
M50,21
Minecraftiin,21
Ameriikkalaisten,21
Humanitäärisellä,21
Usakin,21
Tiedotusvälineillä,21
Burzumia,21
Guyana,21
Mobiiliselaimella,21
Leipäveitsi,21
Kaappari,21
Ust,21
Reitittimien,21
Pelimiehet,21
Sukupuolidysforiaan,21
Inhorealisti,21
Mongoolien,21
Mittatilaus,21
Automaattikassat,21
Lasikatot,21
Nuorisojärjestöillä,21
Inhottavampaa,21
Nalkuttava,21
Säilöntäaineet,21
Hermostutti,21
Unikin,21
Kriminalisaatio,21
Kyytiläinen,21
Vuokratyöfirmoista,21
Kiireaikoina,21
Mäkelänkadulla,21
Voudin,21
Puolustusmäärärahojen,21
Uteliaan,21
Laskareissa,21
Greenpeacelle,21
Iloisten,21
Bribery,21
Itellaksi,21
Operaa,21
Tollaiselle,21
Painelet,21
Saabeja,21
Mannertenvälisten,21
Lukiomatikka,21
Upinniemeen,21
Edamia,21
Korkillinen,21
Väga,21
Teletappi,21
Soneraan,21
Suomipojat,21
Ensimmäisenkin,21
Mediatutkimus,21
Pyhäinhäväistystä,21
Etujarru,21
Minunki,21
Pakistanis,21
Haluasitko,21
Keittoaika,21
Fluff,21
Pontiac,21
Wanhana,21
Trenttelenko,21
Zh,21
Pahantahtoisten,21
Transvestiitit,21
Jokamiehenoikeutta,21
Kiertoilma,21
Maistuuhan,21
Kivijalat,21
Alleviivasit,21
Harvemmilla,21
Kaupunkitila,21
Litiumakut,21
Tyyppillisesti,21
Kuluttajaneuvonnan,21
Niskaparta,21
Autokraatit,21
Tuit,21
Itsetehtynä,21
Suvaitsevuus,21
Teippaan,21
700mhz,21
Ompelukoneella,21
Käsittelyjen,21
Rhapsody,21
Braven,21
Suomest,21
Lehtineekeri,21
Kaasuvoimalat,21
Oligarkeja,21
Pienpuolueissa,21
Matalatuloinen,21
Nopeusrajoituksilla,21
Eeeeei,21
Liukuovet,21
Ilmestyt,21
Lannoituksen,21
Katetri,21
Rillumarei,21
Rytistä,21
Etupuoli,21
Lapsenraiskaajat,21
Jasmiini,21
Lähiesimiehen,21
Tietokonepöytä,21
Yksikköhinnat,21
Aluksikin,21
Holotna,21
Lounasbuffet,21
Trumppeja,21
Arkiruokana,21
Asuntolainen,21
Mongolialainen,21
Edmonton,21
Tulojakauma,21
Eläinrasva,21
Leiriytyminen,21
Valtionyritykset,21
Esimmäinen,21
Törmäyksissä,21
Avenger,21
Muuttohommia,21
Psylliumia,21
Upotat,21
Grillasin,21
Bemareihin,21
Työmailta,21
Hintaakaan,21
Hitsauksessa,21
Blinken,21
Jalkajarru,21
Oblastin,21
Nepsyt,21
Ihmisarvosi,21
Microdosing,21
Avautuvasta,21
Kysta,21
Arpajaislakia,21
Suunnitelmataloudella,21
Tasoryhmien,21
Salakuuntelun,21
Guardianista,21
Ukkosesta,21
Lottoamisen,21
Juhlis,21
Huippuvuoret,21
Googlettaessa,21
Raskausaika,21
Liikan,21
Päivitetyssä,21
Venajalta,21
Vesiliukoinen,21
Kongressilla,21
Wololoo,21
Lightly,21
Genuiinin,21
Hullumpiakin,21
Haukilahti,21
Väre,21
Tunnustele,21
Valkotasapaino,21
Syvennä,21
Krig,21
Kiljulla,21
Käyttäytymisterapia,21
Syntikka,21
Asuntosijoittajilla,21
Kansantaloudet,21
Saarelaiset,21
Testikuva,21
Tohtorikoulutettavan,21
Jokases,21
Roskissa,21
Tuskastuttaa,21
Epädemokraattisuus,21
Perhevapaa,21
Häikäisevä,21
Elloksen,21
Pääsipä,21
Hysss,21
Ruisjauhoa,21
Recordin,21
Säästämisaste,21
Tubettaminen,21
Ono,21
Intergovernmental,21
Pilleillä,21
Venäjämielisin,21
Työterveyslääkäriltä,21
Päiväohjelma,21
Kofi,21
Poisheittotilillä,21
Kansanmusiikki,21
Yhdysvaltalaiselta,21
Mutsias,21
Nigh,21
Anonyymeissä,21
Kouluruokailuun,21
Studded,21
Sturgeon,21
Mutatis,21
Hapsut,21
Maxwellin,21
Vallanvaihdos,21
Nauroit,21
Osoittaisitko,21
Juissia,21
Pajatsot,21
Kausaalisuus,21
Kavahdan,21
Annoshinta,21
Kellonajoissa,21
Attrition,21
Hirveimmät,21
Soijasuikaleet,21
Yläpeukut,21
Peräreikää,21
Kuulikko,21
Lakut,21
Lantraa,21
Bussiness,21
Oikeistoliberalismi,21
Raskaudenkeskeytykset,21
Sapatti,21
Muistinmenetys,21
Ecbc,21
Entisetkin,21
Yksineläjät,21
Lisähaastetta,21
Harkitut,21
Talousajattelun,21
Svekomaanien,21
Meemitkin,21
Peruskäytöstavat,21
Tuomiokirkossa,21
Kummallisten,21
Pulpetti,21
Perhepiirin,21
Santahaminasta,21
Aikasempina,21
Guccifer,21
Serviceä,21
Konesalit,21
Tämmösinä,21
Tartuntaryppäitä,21
Patteriautojen,21
Rodents,21
Staattisella,21
Imukyky,21
Kotikissan,21
Mallas,21
Campari,21
Tälläsia,21
Upmn,21
Juteltuani,21
Iskias,21
Nostalgisesti,21
Kehittyneemmissä,21
Perpetual,21
Lisäturva,21
Opetusryhmät,21
Kadehdittavan,21
Huolettomuutta,21
Jannesta,21
Kelloseppä,21
Himarseja,21
Luuleks,21
Twitteris,21
Pakastemarjat,21
Coleman,21
Räikeimmin,21
Kepulaiseksi,21
Tekijänoikeusasiat,21
Harvinaisempien,21
Holm,21
Pakkoenglanti,21
Yllätyit,21
Yleiseti,21
Bide,21
Kohokohtana,21
Huonoistakin,21
Logica,21
Janeiro,21
Liuskeöljyn,21
Haarniskat,21
Pliide,21
Junaillaan,21
Aseharrastajat,21
Dallasin,21
Vaikutatte,21
Atkinsonin,21
Istv,21
Leviämisvaihe,21
Taitoluistelussa,21
Droneissa,21
Bilettäjät,21
Potkunyrkkeily,21
У,21
Saamenmaan,21
Marketplacessa,21
Asumistukimenot,21
Pistokohta,21
Venäjänmaalla,21
Teurasta,21
X220,21
Fyssa,21
Puolustussotaan,21
Etnokaupoista,21
Muumimukeista,21
Voglen,21
Salijäsenyys,21
Varsinaisiksi,21
Riistäjän,21
Uimakoulun,21
Esperantoa,21
Kreikkalaisilta,21
Kovasella,21
Quds,21
Gorman,21
Metsäyhtiö,21
Autovalmistajilla,21
Oheiset,21
Rokotustodistusta,21
Truckers,21
Löfberg,21
Työnanataja,21
Pienituloisuusaste,21
Kestävyyslajeissa,21
Kisaturistien,21
Karmeata,21
Ψ,21
Tehoreservissä,21
Verotarkastus,21
Kein,21
Redditoin,21
Luulinkin,21
Cpm,21
Nikotiinitonta,21
Bahco,21
Vaude,21
Otsallaan,21
Koskettaako,21
Aroma,21
Dublinia,21
Valinnaisuuden,21
Koskia,21
Huoneistokohtaiset,21
Karhunkierros,21
Loo,21
Maso,21
Aerobic,21
Menehtyneistä,21
Bensoissa,21
Satulatuoli,21
Trumpiksi,21
Kissoissa,21
Kokonaiskorko,21
Pirkkalainen,21
Pikaruokaketjujen,21
Ymm,21
Paikkakuntalaiset,21
Bulgarialaisen,21
Overrepresented,21
Internationaali,21
Kepulaisilla,21
Kiakko,21
Wahhabism,21
Skeptikkona,21
Törmäillään,21
Photoshoppi,21
Natsipuolueeseen,21
Eurosentrinen,21
Paahtimon,21
Unitylla,21
Ruokasuola,21
Hultqvist,21
Viimeisimmäksi,21
Kyybelit,21
6ghz,21
Poralla,21
Teflonit,21
Työergonomia,21
Piensijoittajille,21
Faijakin,21
Anssin,21
Socket,21
Latine,21
Dole,21
Asumaa,21
Pärrällä,21
Dim,21
Lobbaamisessa,21
N8,21
Stylus,21
Taksipalvelun,21
Ajatuskatko,21
Teknologisella,21
Swj,21
Delorean,21
Kuulostit,21
Remonttikulut,21
Palovakuutusta,21
Pinterestistä,21
Sukupuolivähemmistö,21
Muokkaamaton,21
Vastapäinen,21
Atriaa,21
Anorektikot,21
Kannabisaloite,21
Tunsitko,21
Omakotitaloasuminen,21
Sorbusta,21
Oksentelin,21
Jarvis,21
Ilmastointiteippi,21
Siedin,21
Kronologia,21
Repeilen,21
Crusoe,21
Minimanissa,21
Malka,21
240v,21
Itsesuojelu,21
Striimipalvelut,21
Seitinohut,21
Puhallan,21
Jalkakin,21
Jäännösarvo,21
Unchained,21
Virkkaus,21
Henkilöverotuksessa,21
Soveltunee,21
Kirppiksiä,21
Turtana,21
Heittelit,21
Ruskohiilen,21
Aasialaiselle,21
Merinovillainen,21
Pällitestit,21
Pärjäähän,21
Siirtyisikö,21
Rahojahan,21
Ottomeri,21
Lehtistä,21
Mukavuudella,21
Shhhhh,21
Idioottihan,21
A52,21
Converter,21
Tylsäähän,21
Bolshevismi,21
Rotutohtorointi,21
Varmalle,21
Seliseli,21
Maanmittauslaitokselta,21
Harrikan,21
Puhelinhaastattelu,21
Etäilyn,21
Ootahan,21
Siikahan,21
Creek,21
Haistele,21
Iman,21
Jolu,21
Oodia,21
Mielenterveyspuoli,21
Nauroimme,21
Yleismittari,21
Ilmaisemalla,21
Ulkoantenni,21
Kolmoskausi,21
Kertyykö,21
Ikaalinen,21
Koulutehtävä,21
Pääseepä,21
Vuokraamisessa,21
Taksikortti,21
Pikanuudelit,21
Forgetting,21
Leagueta,21
Garland,21
Tälläisilla,21
Kalin,21
Rapper,21
Haramin,21
Deekua,21
Masentuminen,21
Kalifornialaisen,21
Schengenissä,21
Läpihän,21
Suvereenilla,21
Välilevy,21
Toli,21
Ine,21
Rib,21
Aikka,21
Kitarassa,21
Twitterinsä,21
Tolkki,21
Paperikassi,21
Pohjoissaamen,21
Mäntysuovalla,21
Tökkään,21
Reviewing,21
Seikon,21
Yleissitovuudella,21
Nettisivujensa,21
Veikkailin,21
Taipeissa,21
Sopivatko,21
Lols,21
Viimme,21
Turvalla,21
Ristiriitatilanteessa,21
Tyypillisestihän,21
Banaanissa,21
Edgessä,21
Yhteiskoulu,21
Tynnyrillinen,21
Pääpainon,21
Slaps,21
Parmas,21
A53,21
Kerrosaterian,21
Jokatapaukses,21
Anusta,21
Maksimikorvaus,21
Norrbotten,21
Betsy,21
Sähkömagneettiset,21
Dragonfly,21
Mielenterveyskin,21
Iltasaatana,21
Ableton,21
Intialaisissa,21
Kykenevätkö,21
Kotimaa24,21
Paperilehdet,21
Säilä,21
Hande,21
Sairaankuljetus,21
Köyriä,21
Kotivaraan,21
Osakassopimus,21
Estas,21
Kuolassa,21
Etätyöskentelyn,21
Laihdutuskuuri,21
Maamiinojen,21
Kuulemieni,21
Valitsijayhdistys,21
Skitsofreniassa,21
Itähelsingin,21
Pizzasuikale,21
Sähkömopolla,21
Käyttövero,21
Mosambikissa,21
Hautaustoimiston,21
Faksit,21
Maavero,21
Bobble,21
Paavo_v,21
Hyveelliset,21
Vertailisin,21
Työllisyyspolitiikka,21
Nappisuoritus,21
Peruisin,21
Ketjuravintolat,21
Sijoittuuko,21
Tittidii,21
Perusmatematiikkaa,21
Alkuilta,21
Enoughtrumpspam,21
Terveysjätti,21
Kielimallien,21
Palle,21
Afganistanilaisen,21
Paavot,21
Tassin,21
Sytyn,21
Patella,21
Memoriam,21
Kiinteistöverotus,21
Ii2,21
Nettotuntipalkka,21
Konsu,21
Palestiinalaisiin,21
Rokotuspassi,21
Ykkösannoksen,21
Slushia,21
Körtit,21
Valittevasti,21
Hennepin,21
Dove,21
Työllistymisellä,21
Inbreeding,21
Tuulivoimakin,21
Vokeista,21
Aspergerit,21
Määrittelemäsi,21
Luottokunta,21
Sukupuolistunut,21
Partiokaveri,21
Decker,21
Tapanila,21
Bomban,21
Suolistofloora,21
Puututaanko,21
Aaltohan,21
Keskosta,21
Pillupuhelimen,21
Dol,21
Globaloffensive,21
Flamingo,21
Silloinko,21
Tooran,21
Pirkkoa,21
Pirinen,21
Hömötiainen,21
Ksylitoli,21
Wildin,21
Maalaisin,21
Nestemäisten,21
Nightly,21
Alkoholistakin,21
Aavistelin,21
Verokkina,21
Peshmerga,21
Promoottori,21
Uhraisin,21
Sekarotuisten,21
Viittaamassani,21
Rusinani,21
Kassler,21
Cuphead,21
Kriminologiassa,21
Vatuttaa,21
0k,21
Himoläski,21
Tietokoneohjelmien,21
Richmond,21
Tehdasasetusten,21
Änkyräoikeisto,21
Coleslaw,21
Teno,21
Hirvieläimet,21
Viimekerralla,21
Kauppasaarrot,21
Mesopotamian,21
Rekryfirmat,21
Lihavoituna,21
Kotiäiteys,21
Ajattelinki,21
Gottfredson,21
Musiikkibisnes,21
Heirol,21
Lasso,21
Mielenkiintona,21
7kw,21
Sitenhän,21
Jimmssin,21
Moneroa,21
Kanavoin,21
Siirtoverkot,21
Penne,21
Istumatyö,21
Piipahdin,21
Vkp,21
Ruokaympyrä,21
Creeper,21
Pohjasyy,21
Fortnitessä,21
Aissaatana,21
Tesseihin,21
Etuoveen,21
Bii,21
Ibland,21
Manifeston,21
Rippistä,21
Tsetseniaan,21
Snappia,21
Kohteliain,21
Hoitopuolella,21
Voitimme,21
Elm,21
Ebun,21
Äänestäkööt,21
Jumavitunlauta,21
Katoha,21
Hammaskeiju,21
Leipänä,21
Kuulostaisiko,21
Kilpailuhenkisyys,21
Kuivakaapissa,21
Epäilläänkö,21
Uskontotiede,21
Neilikka,21
Paperialalla,21
Conit,21
Yliluutnantin,21
Kansantasavaltaan,21
Autatko,21
Nykymusiikki,21
Enihau,21
Oppo,21
Kärsämäellä,21
Medan,21
Macissa,21
Tällaistako,21
Kurdihallinnon,21
Sosten,21
Sopeutukset,21
Mundus,21
Kertakäyttökulttuuria,21
Majatalo,21
Lounareilla,21
Härmäläisen,21
Eläinsuojeluyhdistys,21
Meemiarvo,21
Surunvalittelut,21
Sotilaspoliiseja,21
Vuodatuksesi,21
Uskonnonvapaudella,21
Pixelin,21
Monopsoni,21
Granaattiomena,21
Cfa,21
Lineaarialgebra,21
Jarruvalojen,21
Puucee,21
Lotalla,21
Savolaisella,21
Seu,21
Terveydenhoitoala,21
Googlasit,21
Kuorsaaminen,21
Keittiöpsykologin,21
Suojaikärajat,21
Alepoissa,21
Papusen,21
Asiakysymykset,21
Huvitutti,21
Eukonkanto,21
Itsepintainen,21
Melkomoista,21
Towerin,21
Snipers,21
Baila,21
Hurmaavaa,21
Pädi,21
Visiirit,21
Balladi,21
Doomit,21
Roskakuskina,21
Varisverkko,21
Wikileaksia,21
Thäts,21
Femi,21
Lotista,21
Spotifyhyn,21
Juden,21
Luumut,21
Kostajat,21
Numpy,21
Huskyt,21
Roasteryn,21
Kerroinko,21
Aavistin,21
Avan,21
Saapuessani,21
Ip68,21
Ledeissä,21
Ajatusvaja,21
Kymiring,21
Pistoolimies,21
G502,21
Salamurhaaja,21
Naisj,21
Miesliike,21
Monennenko,21
Pontikkapannu,21
Wordi,21
Analyytikoiden,21
Kummisedän,21
Jääkiekolla,21
Kurppa,21
Ohjeistin,21
Salmiakkikossu,21
Wordiä,21
Tohtisin,21
Jengihän,21
Hobittia,21
Loops,21
Islamilaiselle,21
Pirkanmaalainen,21
Vaporisointi,21
Kansalaistorille,21
Pensselisetä,21
1mbps,21
Pienyritykselle,21
Ihmettelimme,21
Aspergers,21
Tutkiiko,21
Tritium,21
Yleisimpinä,21
Akamai,21
Kasviperäiset,21
Kusetin,21
Cfs,21
Kroonisena,21
Hema,21
Brazzers,21
Kutsuplussan,21
Amour,21
Poliisitapaus,21
Ilmottauduin,21
Kohteleeko,21
Explodes,21
Laskettiinko,21
Uutisraportin,21
Natovastaisuus,21
Ntv,21
Eurooppaoikeuden,21
Tääpä,21
Wv,21
Jäämereen,21
Huuhteluaine,21
Diapam,21
Tupakoimattomuus,21
Ilmoitimme,21
Rikoksentekovälineet,21
Maagi,21
Kepulaisuuden,21
Sponge,21
Spectacular,21
Motiiveina,21
Paskaltahan,21
Suomenpystykorva,21
Rauhanaate,21
Halpahallin,21
Standardimallin,21
Madlad,21
Centerissä,21
Veetiä,21
Baareissakin,21
Meneepähän,21
Mikähä,21
Käärmeöljy,21
Ferrarille,21
Sca,21
Titties,21
Gongin,21
Merivoimille,21
Spire,21
Hurjinta,21
Exterminate,21
Huhhei,21
Pellervo,21
Kiinteistönhuolto,21
Kapun,21
Cane,21
1000l,21
Kommenttinne,21
Eksällä,21
Lootin,21
Mäkeissä,21
Kero,21
Pidettiinkö,21
Taon,21
Kommenttinihan,21
Pidättelen,21
Karitsa,21
Buusteri,21
Kreetalla,21
Näillehän,21
Kannattan,21
Ilmastonmuutoksestakin,21
Pätkiksen,21
Opetusministerillä,21
5mbps,21
Pts,21
Kielitaitovaatimus,21
Inoreader,21
Korvanappiini,21
Iteasiassa,21
Lambon,21
Pressiklubin,21
Nag,21
Merkitsin,21
Pääideana,21
Sfc,21
Toimme,21
Myyntineuvottelija,21
Onea,21
Depenalisointi,21
Knulla,21
Pohjos,21
Assyilla,21
Siinon,21
Juuti,21
Tietäisikö,21
Perskules,21
Nokialaisten,21
Lisp,21
Barbeque,21
Kerrosateria,21
Kobra,21
Putinbotteja,21
Merivoimilla,21
Cutter,21
Pääsinpä,21
Anekdoottitasolla,21
Rapsodia,21
Jair,21
Polka,21
Poikahan,21
Boxilla,21
Fuzzy,21
Ärsuomalaisista,21
Tabascon,21
Eemelin,21
Balttiasta,21
Pernaa,21
Spiderbro,21
Turvapaikkajärjestelmässä,21
Juvenile,21
Plv,21
Huvittavimpia,21
Rypsiöljyn,21
Statistan,21
Hansassa,21
Kaksoistutkinnossa,21
Editionit,21
Turnitin,21
Odineiden,21
Kunpi,21
Pääongelmana,21
Alkiolaisuus,21
Cooperit,21
Tsekkiläisen,21
Kelviniä,21
Wfp,21
Kotimaanmatkailu,21
Soitanko,21
Ulle,21
Tiedänhän,21
Kristillisdemokraattinen,21
Bulletproof,21
Painuis,21
Caffe,21
Yeti,21
Paskamyrskyhän,21
Huikeinta,21
Kivenheitto,21
Työsyrjintä,21
Tässähä,21
Häkellyin,21
Silverlightia,21
Koskista,21
Isojalka,21
Pais,21
Reborn,21
Lightin,21
Liemikuutiot,21
Turkulaisella,21
Tuonnehan,21
Teippaat,21
Kohdelkaa,21
Diwhy,21
Killswitch,21
Batteryn,21
Myyjähän,21
Yakuzat,21
Vuokraovesta,21
Aikamoine,21
Aaria,21
Selosta,21
Boikotoikaa,21
Sähkönsiirrossa,21
Eurodance,21
Lankean,21
Wacomin,21
Cookbook,21
Haikara,21
Hätäkeskuspäivystäjä,21
Heraldiikan,21
Venäjäpropagandaa,21
Teak,21
Siirtäkää,21
Myimme,21
Ydinvoimahan,21
Hommaisivat,21
Haitanneeko,21
Gingerbread,21
Niiltähän,21
Vastustavatko,21
Pier,21
Cli,21
Tulikos,21
Ideally,21
Chechnya,21
Hidalgo,21
Meow,21
Vilperi,21
Kohtalontoveri,21
Rukoilkaa,21
Kusmariini,21
Minion,21
Echoes,21
Dansk,21
Jeopardy,21
Avainkohta,21
Löysinpä,21
Esimerikiksi,21
Zoomasin,21
Sähköpotkulaudoissa,21
Näkijän,21
Luovutaanko,21
Etusumuvalot,21
Munaruikkari,21
Ezra,21
Sinimustaan,21
Itc,21
Valtakunnanoikeus,21
Libien,21
Viimeeks,21
Tietääkseeni,21
Omni,21
Objectid,21
Rig,21
Harmiksesi,21
Douppikaupan,21
Sikhien,21
Sivistäkää,21
Pureskelen,21
Inkojen,21
Kers,21
Focusta,21
Olettiko,21
Schwarz,21
Dafuq,21
Koilis,21
Gracias,21
Poliisihallitukselle,21
Brassit,21
Hehhee,21
Cordon,21
Imperator,21
Sarjahan,21
Harlekiini,21
Sarjakakkaajan,21
Ang,21
Koordinaattoreita,21
Intersportista,21
Isisläisten,21
Matlabia,21
Verkkouutisista,21
Aromipesän,21
Kaekki,21
Androideista,21
Helsinkiläisiin,21
Ausseista,21
Lastentarhaopettaja,21
Vakeen,21
Sovieticus,21
Neuvostojoukot,21
Ythsn,21
Kaljakellunta,21
Veturissa,21
Deezer,21
Omaha,21
Ppd,21
Klop,21
Teamsissä,21
Tolan,21
Telkkä,21
Kemiläiset,21
Kiroileminen,21
Grrr,21
Bas,21
Manly,21
Hull,21
Motorsport,21
Triviana,21
Partakonetta,21
Päriseekö,21
Pigeon,21
Totalitääriset,21
Videollahan,21
Shokkipaljastus,21
Doppler,21
Analogiani,21
Suojeleeko,21
Pelissähän,21
Pelkohan,21
Autohuolto,21
Olimmeko,21
Ifpi,21
Gotin,21
Varoittaisin,21
Pinin,21
Clasulta,21
Dalle,21
Bandidoksen,21
Diamonds,21
Kuura,21
Fabriikki,21
Kurinalaisuus,21
Kassinen,21
Colgate,21
Boa,21
Celica,21
Ilmottele,21
Toimitko,21
Natikka,21
Huutist,21
Hylätäänkö,21
Panimoravintola,21
Pesusientä,21
Rannikkojääkärit,21
Katan,21
Heili,21
Jap,21
Lyhesti,21
Lastun,21
Fairyllä,21
Pysähtykää,21
Scholariin,21
Spotifytä,21
Wand,21
Workin,21
Velkaahan,21
Ylinen,21
Superhero,21
Zerg,21
Rakentaako,21
Maailmankuvamme,21
Valtakunnansyyttäjänviraston,21
Kyltyyri,21
Eeroa,21
Varamiespalvelu,21
Edo,21
Wicherts,21
Clipper,21
Kokoomusopiskelijat,21
Kev,21
Warlords,21
Perussuomalaisessa,21
Puhutteko,21
Jaja,21
Vihaavatko,21
Netflixi,21
Pomodoro,21
Dämä,21
Omnia,21
16gt,21
Jotkus,21
Rps,21
Jutustahan,21
Gen2,21
Pystyttekö,21
Coronasta,21
Clanin,21
Feedly,21
Linkkaapa,21
Lääkärilehden,21
Puzzles,21
Kasvisproteiinit,21
Sarvikuono,21
Mio,21
Pest,21
Ruotsindemokraatit,21
Caria,21
Lua,21
Hyvännäköstä,21
Bjp,21
Salafi,21
Ensinhän,21
Jokaisellahan,21
Laitampa,21
Suamalainen,21
Searchtype,21
_e,21
Redbullin,21
Ensiapupakkaus,21
Dpa,21
Yare,21
Vuosilomalaki,21
Ohm,21
Liettualainen,21
2jk,21
Mähä,21
Akulta,21
Sivunoottina,21
Työttömyysturvalaki,21
Feissaus,21
Slime,21
Räikkä,21
Arvioidaanko,21
Doa,21
Rampart,21
Sayonara,21
Attac,21
Magaa,21
Sorel,21
Convoyta,21
Eurosceptic,21
Potkuthan,21
Sellaisiahan,21
Lehtilehden,21
Hyperlooppia,21
Lataamo,21
Sorit,21
Sunko,21
Kysyinkö,21
Securella,21
Soumen,21
Apulantaa,21
Antarctica,21
Ehtihän,21
Rockissa,21
Uga,21
Sotamarsalkka,21
Pittääpi,21
Nepä,21
Tyttöhän,21
Retkikunnat,21
Spedeltä,21
Reserviläisliiton,21
Verenpunainen,21
Lent,21
Mojito,21
Siitähä,21
Tarinatuokio,21
Gamecube,21
Hökäle,21
Kekäle,21
Tiekkö,21
Ruukki,21
Talvellahan,21
Lahtelaisena,21
Hähähä,21
Machismo,21
Litiumakkujen,21
Hurjapäät,21
Twerk,21
Swedenin,21
Toivottavsti,21
Kultakatriinaa,21
Keynesiläisyyden,21
Hianoa,21
Metoossa,21
Omegle,21
Oppihan,21
28c,21
Huff,21
Narco,21
Esportsissa,21
Oval,21
Tehran,21
Navajo,21
Sinnittele,21
Ulkoministeriöllä,21
Psykoterapiakeskus,21
Apetor,21
Talentin,21
Analytican,21
Lukihan,21
Greet,21
Spiidi,21
Cmoresta,21
Moottorikäyttöisen,21
Rusinaton,21
Palmuvehka,21
Hummerilla,21
Lisäski,21
Illustrator,21
Tuorepuuro,21
Onomatopoeettinen,21
Kratos,21
Kylläpähän,21
Kalpan,21
Hihihii,21
Mustis,21
Oko,21
Lahopuu,21
Tiedäppä,21
Mavericks,21
Miehillähän,21
Tapaninpäivä,21
Pikachua,21
Infernon,21
Aoe,21
Tarvinneeko,21
Showerthoughts,21
Mynthon,21
Tilaahan,21
Sarkasmitutkasi,21
Lepra,21
Tmt,21
Viinahan,21
Ykköskohta,21
8700k,21
Makaroonimössö,21
Senaatilla,21
Smartum,21
Lukuvinkki,21
37c,21
Tähtiliike,21
Mirtazapin,21
Toistettavuuskriisi,21
Traveler,21
Elokapinankin,21
Smite,21
Mib,21
Jauhi,21
Edelleenhän,21
Wargame,21
Pitäsköhä,21
Tarp,21
Opal,21
Sds,21
Oan,21
Visst,21
Panssariprikaati,21
Kms,21
The_aku,21
250gb,21
Oneplussassa,21
Adwords,21
Tomtom,21
Myheritagen,21
Lastpassin,21
Natossakin,21
Kava,21
Euvostoliitto,21
Vy,21
Biorex,21
Dosboxilla,21
Aoa,21
Lotrin,21
Hoi3,21
493ie1,20
Railoon,20
Sgl,20
Wna_update,20
Modulated,20
Paintballia,20
Pipehype,20
Epolls,20
Uljaita,20
Wikström,20
Sokeripaloja,20
Eläkerahastosta,20
Alastonkuvan,20
Salibandyä,20
Taistelutavan,20
Miedompiin,20
Otsikoimaan,20
Vuodattanut,20
Puoluettani,20
4wqrkus1zma,20
Videovalvontaa,20
Apokalyptiset,20
Asentele,20
Vaivaamatta,20
Verhona,20
Vaaleiksi,20
Pesuvesi,20
Kalliimmallakin,20
2500m,20
Lainanotolla,20
Mammonasta,20
Taiteellisuutta,20
Ilmavaa,20
Järjenkäytöstä,20
Lukuvuotena,20
Yllätyshyökkäystä,20
Yllattaa,20
Arvatakaan,20
Karensseista,20
Lainapainotteisemmaksi,20
Informatiivisesti,20
Läpsimistä,20
Minihametta,20
Henkiolento,20
Tehtäväks,20
Viestiketjut,20
Takaisinmaksukykyä,20
Keeles,20
Pohjautuviin,20
Sukupuolineutraaliutta,20
Downstream,20
Parituntia,20
Määrittelemisen,20
Clintonkin,20
Tilaili,20
Soutajan,20
Läpältä,20
Vempelettä,20
Keksimisessä,20
Rikkoneita,20
Jäykistyy,20
Palkanlisät,20
125g,20
Sortamiseksi,20
Toiseuttavaa,20
Linkille,20
Satanismiin,20
Typeryyteni,20
Useinkysyttya,20
Ujostella,20
Rikulla,20
Vertaamiseen,20
Sakkaisi,20
Varhemmin,20
Liettualaisia,20
Motittaa,20
Puhdistamalla,20
Veroasteilla,20
Pumpatut,20
Postatessasi,20
Intuitive,20
Vaikutusvaltaisille,20
Hämätäkseen,20
Pallopeleissä,20
Osoitettujen,20
Myyntirajoitukset,20
Lukemistaan,20
Terveyskeskuksella,20
Alkeiskurssilla,20
Kuvaavaksi,20
Kirjottamatta,20
Westminsterin,20
Uraksi,20
Terästehtaat,20
Preemiolla,20
Mjahas,20
Keksiessä,20
Levottomampaa,20
Maahamuuttajia,20
Viettämisen,20
Kiertävästä,20
Veroäyrejä,20
Satelliitilla,20
Massamurhiin,20
Räkimässä,20
Käännökselle,20
Voimakkuuksilla,20
Feminismia,20
Tarpeellisempi,20
Vaihdetut,20
Jauhomakkaraa,20
Laskentoa,20
Takaajina,20
Haekaan,20
Megalomaanisen,20
Hyllymetrejä,20
Petrannut,20
Flats,20
Paksuks,20
Motivoivana,20
Psyykkisellä,20
Henkivartijoita,20
Vaitteet,20
Sanoivatkin,20
Heikkenevää,20
Eroittaa,20
Johtaisin,20
Kokeilemistani,20
Kuppaamisen,20
Toimintavapauksien,20
Asioissaan,20
Korkeakoulutettuun,20
Työttömyysajan,20
Suppealta,20
Streamina,20
Epärelevantin,20
Retostelemaan,20
Kulttimainen,20
Konfliktina,20
Syventäviin,20
Luotettavimpana,20
Johtamistaidot,20
Vakaumuksiin,20
Kauhistuvat,20
Horjumaton,20
Maatalouspolitiikan,20
Muuttunutkin,20
Laadinta,20
Kasvaisikin,20
Apteekkituotteet,20
Suurteollisuuden,20
Pääaineenaan,20
Kimpaantua,20
Sementoitu,20
Sanova,20
Puolueelliseen,20
Jatkokysymyksiin,20
Perustelujasi,20
Allenin,20
Raitiovaunuun,20
Paskaiseksi,20
Kuvissaan,20
Harmittomampia,20
Jaanyt,20
Lontoossakin,20
Kotimaalleen,20
Kuvitellutkaan,20
Hämiksiä,20
Soveltui,20
Organismien,20
Hypetyksestä,20
Suuntautuneen,20
Sossumassit,20
Pysäkinvälin,20
Loukkavaa,20
Järjestöinä,20
Sanktiointi,20
Siveä,20
Virhemarginaaleja,20
Marginaaleissa,20
Edvin,20
Etäisenä,20
Pankkikriisiä,20
Latailuun,20
Äänettä,20
Virpomassa,20
Pulustajat,20
Löydäkkään,20
Eurollakin,20
Ikäpyramidia,20
Sympatisoijia,20
Näkemyksessäni,20
Markkinoitava,20
Rasahdella,20
Kaaria,20
Valideista,20
Poimitun,20
Taluttanut,20
Harjoittelemista,20
Pieksäminen,20
Olkinukkejen,20
Epämukavuuteen,20
Integroituneiden,20
Runttaa,20
Lämpeävät,20
Metria,20
Kaupunkikeskustoissa,20
Määriytyy,20
Ajotapaan,20
Maininneeksi,20
Tekijänoikeusrikkomukseen,20
Latonut,20
Aikaväliin,20
Vaihtajan,20
Katras,20
Sukupuolirooleissa,20
Angolan,20
Ignores,20
Juristeilta,20
Sijoitustieto,20
Appina,20
Kavahtavat,20
Valoisammat,20
Suosikkiani,20
Deficiencies,20
Häirikköjen,20
Kohenemaan,20
Desiilistä,20
Verilöylyjä,20
Litistetty,20
Suojaamattomana,20
Esittämästäni,20
Myyntihintoja,20
Paskanjauhannalla,20
Spontaaniin,20
Hinnallaan,20
Vuosipäivän,20
Katsoisimme,20
Irvaili,20
Piilottelevan,20
Gigoja,20
36mg,20
Poistellut,20
Käyttäytymiseensä,20
Poistoihin,20
Proposing,20
Tukijoidensa,20
Työvälineisiin,20
Suihkutiloja,20
Suosimisessa,20
Länsimaisin,20
Energiaratkaisuja,20
Sorretuista,20
Vaihtoehtoiskustannuksista,20
Sijoittavia,20
Arastella,20
Yritettiinkin,20
Tekoaltaat,20
Tasavertaisuuteen,20
Alemmuudesta,20
Viihti,20
Servujen,20
Energiantuotantomuotoa,20
Työläiseksi,20
Vapauttavia,20
Kohdatessasi,20
Silppuna,20
Laskuina,20
Farther,20
Prohibit,20
Vertasivat,20
Eritä,20
Mediaanituloihin,20
Dominoefektin,20
Vähemmistökulttuurin,20
Prätkäjengi,20
Suojanaan,20
Nimensa,20
Pillereinä,20
Armokuolema,20
Porun,20
Safkansa,20
Maahantuovat,20
Pyytettömästi,20
Syrjäistä,20
Ammuttavia,20
Pikkuvauvan,20
Tahnoja,20
Luonnonvalintaan,20
Huomiomaan,20
Rikosseuraamusjärjestelmä,20
Mielipidekyselyn,20
Vähittäismyyntiin,20
Pelikunnossa,20
Kylkiäisiä,20
Virkavastuuseen,20
Blogbook,20
Päätelaitteella,20
Laulamana,20
Overrated,20
Terveydenkin,20
Verovälttelystä,20
Suurenakin,20
Pelejäkään,20
Nikottelematta,20
Tunisiasta,20
Liitelee,20
Öljyntuottaja,20
Taitajat,20
Selviydytään,20
Mollaamisesta,20
Aloittelijatason,20
Mummila,20
Edistyi,20
Resonoimaan,20
Yhtenäistetty,20
Oltiinkaan,20
Käsitteesi,20
Aukioloajoilla,20
Ajatelko,20
Idioottimaisiin,20
Jumalattomassa,20
Ample,20
Puuhien,20
Foreignaffairs,20
Testinsä,20
Painelemassa,20
Kouluajat,20
Kulttuurituotantoa,20
Ilmottautumaan,20
Argumentoiva,20
Slottiin,20
Tilastasi,20
Sulkeutunutta,20
Alkeellisesta,20
Elokuvataiteen,20
Hoitotapa,20
Seagalin,20
Kirjallisuuskatsauksen,20
Käyttäminenkin,20
Avustajina,20
Leivonnaista,20
Kriisiytyi,20
Kilpailuedut,20
Kansallistettaisiin,20
Matkakin,20
Syrjäisiä,20
Sinfoniaa,20
Tiettää,20
Loppututkinto,20
Edullisiksi,20
Oppitunnilta,20
Tuotekin,20
Koskettaisiin,20
Odotettavissakin,20
Puuttellinen,20
Pyristelyä,20
Pumppasivat,20
Syöttötariffia,20
Luokkatoverin,20
Lisaantyivat,20
Muunneltuja,20
Hiilien,20
Onnettomille,20
Tarkeinta,20
Hiekkoja,20
Abandoning,20
Sijaitseville,20
Nuuskii,20
Laukaukseen,20
Unwelcome,20
Konttaamaan,20
Hisseihin,20
Tätinsä,20
Sisäänrakennetusta,20
Tarkoituksetta,20
Hermojaan,20
Tuubaan,20
Suomasta,20
Tietomurroista,20
Tunteneena,20
Tallettaminen,20
Kymmenennellä,20
Homogeenisesti,20
Paljastuisivat,20
Keskiluokkaiseksi,20
Sivustakatsojia,20
Harrisonin,20
Vainottaisiin,20
Nikkarointia,20
Pimitettiin,20
Före,20
Debunkkaamaan,20
Arvostettuihin,20
Rajumman,20
Mesoamassa,20
Edustamaasi,20
Rakentajista,20
Verotettavaan,20
360k,20
Ihmeainetta,20
Tyköön,20
Solisluun,20
Ulkokuorta,20
Kuolinhetkellä,20
Rannikoille,20
Nähtäväkseen,20
Valaistun,20
Ilmeisiin,20
Tyytyykö,20
Erääntyessä,20
Kuluneeseen,20
Hajoamisella,20
Gånger,20
Voinneet,20
Myöntäessään,20
Vieviin,20
Peräänkuuluttamaa,20
Samantasoisten,20
Listallaan,20
Skaban,20
Erottamattomana,20
Todellaakaan,20
Tiineeksi,20
Ideastaan,20
Onko_t,20
Räikeätä,20
Oktaanista,20
Turnauksien,20
Asuinmaansa,20
Etuuksissa,20
Hoidettuun,20
Käsittelevällä,20
Kelatukien,20
Kiihkeän,20
Kiimaisena,20
Rivakkaan,20
Päteviäkin,20
Lauluihin,20
Lätkimässä,20
Pelikelvoton,20
Kuivasin,20
Ykkössuosikki,20
Kanssamatkustajan,20
Veruketta,20
Wieniin,20
Valikoitumaan,20
Piirreissä,20
Labelled,20
Turhaankin,20
Raittiiseen,20
Loikkaavat,20
Peräänkuuluttaminen,20
Hoidetaankin,20
Tulehduskipulääkkeitä,20
Pakenisivat,20
Randomeilta,20
Liikuteltu,20
Savuavia,20
Epätavallisesta,20
Vapaavuoresta,20
Sisärajoja,20
Bitratella,20
Vesipumpun,20
Sosialisoitumista,20
Raideja,20
Lainkohtia,20
Potkitun,20
Hymistellään,20
Kaikumaan,20
Kivoiksi,20
Siivin,20
Digit,20
Katsojalta,20
Vuoropäivin,20
Kokouksella,20
Asukastiheydestä,20
Osoittelun,20
Mitoituksia,20
Mölinään,20
Petraamista,20
Kilpailuttamassa,20
Alhaisuus,20
Emulaattoria,20
Vakoilleet,20
Sanoakkaan,20
Kenenkaan,20
Eteepäi,20
Kerjäät,20
Narahtanut,20
Reagois,20
Mistäki,20
Opetustunteja,20
Työurastaan,20
Oppimisensa,20
Työttömyysvakuutusmaksuista,20
Mietintämyssyyn,20
Luokittelisit,20
Suuhunpantavaa,20
Ikiaikaiseen,20
Päästettäis,20
Paranoidiksi,20
Hyvinvointivaltiomallin,20
Pekonipastaa,20
Vihaaville,20
Pyöriville,20
Viehättävämpi,20
Kullittaa,20
Uutisoinnillaan,20
Informointia,20
Chillejä,20
Vaikutusvaltaisista,20
Kritisoikin,20
Jyrkästikin,20
Isokenkäisten,20
Hindun,20
Hoidettavanaan,20
Kääntyneenä,20
Asemana,20
Tyttärilleen,20
Järisyttää,20
Hömpällä,20
Kuultuun,20
Mielipiteelleni,20
Tietoaika,20
Toimittajakaan,20
Reaaliarvoa,20
Keskustelussahan,20
Rönsyillä,20
Riekkuu,20
Toimialoilta,20
Myöhää,20
Titteliltään,20
Kiehtoneet,20
Tutkituttamaan,20
Vesirajan,20
Vastuistaan,20
Mutisevat,20
Trotsky,20
Comboja,20
Monoliitteja,20
Perannut,20
Vuosikymmenienkin,20
Tents,20
Iskostuneet,20
Taustaoletuksia,20
Puollat,20
Aamuvarhain,20
Mitaleille,20
Keskitasoinen,20
Kouluavustaja,20
Allekirjoittajaa,20
Järjestetäänkin,20
Tipataan,20
Kohutaan,20
Sanottuaan,20
Lopettavani,20
Siveellisesti,20
Sikiämään,20
Johdoksia,20
Psykopaatilta,20
Valinnaisiin,20
Vievään,20
Ruikuttamista,20
Rastojen,20
Kitsastella,20
Vastausvaihtoehtoa,20
Veljeillä,20
Laskeutumassa,20
Tarvekin,20
Valtioliittoa,20
Raaputella,20
Tärkeydessä,20
Kempeleestä,20
Ihannoimista,20
Kokokin,20
Toivomisesta,20
Yhteistoiminnasta,20
Muovaaminen,20
Paikkansapitävyyteen,20
Asuttavassa,20
Levähti,20
Törmäämässä,20
Vaivanneen,20
Provinsseja,20
Kuulumisessa,20
Asentama,20
Maksatuksen,20
Puoleensavetävää,20
Tenttasi,20
Tekstailla,20
Rullaisi,20
Teollisuushallissa,20
Lobbareiksi,20
Sarjaansa,20
Pumppausta,20
Tallennettaisiin,20
Astaloiden,20
Bushille,20
Distinctly,20
Autocorrectia,20
Tolasta,20
Henkilörekisteristä,20
Nuorempiaan,20
Ikäpolvella,20
Toleransseilla,20
Narkomaania,20
Ekokatastrofista,20
Palkattavaksi,20
Hyytyisi,20
Kohtuuttomilla,20
Lukukelvotonta,20
Pienryhmäopetusta,20
Täytellyt,20
Myyntivaiheessa,20
Rytisemään,20
Yleispuolue,20
H_1080,20
Kurosawan,20
Vertaavan,20
Pujottaa,20
Hyväksyttävyyteen,20
Legendana,20
Mainostettaisi,20
Alisteiseksi,20
Pientaloalue,20
Hoitotoimenpide,20
Myrkyttivät,20
Vatkaaminen,20
Kokoillan,20
Sänkysi,20
Skrollaamaan,20
Pitelevät,20
Ulkopuolel,20
Teollisuusmaita,20
Luuraavat,20
Predictors,20
Maailmanlaajuisiin,20
Väsäävät,20
Linjauksena,20
Tappelemista,20
Larppaava,20
Yksinkertaisti,20
Kykyjeni,20
Pormestarille,20
Risteilyltä,20
Vahtisi,20
Exhibited,20
Räätälöimään,20
Aiheuttamaani,20
Läpysköjä,20
Mykistää,20
Kaapelointia,20
B6l,20
Edustustehtäviä,20
Huudeltua,20
Lumipeitteen,20
Kirjoittamiselle,20
Oppimishäiriö,20
Alkoholisoituvat,20
Baghdadissa,20
Kesäiseen,20
Verokilpailuun,20
Määriteltävää,20
Painivan,20
Epämääräisemmin,20
Aateltu,20
Kuutenkin,20
Terroristijärjestöiksi,20
Koettaneet,20
Blokaten,20
Vannova,20
Ystävystyy,20
Katkottiin,20
Valutettu,20
Koivistolle,20
Kuskaamalla,20
Näkemättömän,20
Pullantuoksuista,20
Satele,20
Vaivaannuttaa,20
Mölistään,20
Taitavasta,20
Viritykseen,20
Kuviointia,20
Validoitu,20
Kantokyvylle,20
Soundtrackia,20
Pehmeätä,20
Porvaripuolueen,20
Hiukkasta,20
Reviirinsä,20
Rahoittamien,20
Takaporttia,20
Houkuttelemisesta,20
Ölinän,20
Pimittämisen,20
Hyväksikäyttäjäksi,20
Ydintuhoa,20
Iskät,20
Öykkäreiden,20
Pukeutuneiden,20
Vittuilevaan,20
Alkuperäisasukas,20
Diggaillut,20
Purkavan,20
Velkahelvetissä,20
Singlen,20
Ovenkarmiin,20
Talteenotolla,20
Sulkeutumisesta,20
Kellosi,20
Virheita,20
Tarkaa,20
Levitäkseen,20
Säästämiselle,20
Suihkuaa,20
Mittatikuksi,20
Huonekasvia,20
Tuottaisikin,20
Äänivaltaansa,20
Tuloloukkuja,20
Keikkaduunia,20
Toteuman,20
Riippakiveä,20
Kuoppaamaan,20
Leuanvetoa,20
Liityntä,20
Pw3e64soseg,20
Tykäreitä,20
Perustelluilta,20
Tuetulla,20
Sympaattisesti,20
Kinastelun,20
Kaljoille,20
Turhiakin,20
Nykyvalossa,20
Ladanneensa,20
Nahkahanskoja,20
Vaitonaisia,20
Vellovasta,20
Pienituloisimpia,20
Taviksien,20
Kävelyreittejä,20
Masentanut,20
Tunareiksi,20
Elepomaki,20
Näkemykseltä,20
Rekrytointiprosessin,20
Hyvaksikaytosta,20
Nojaavasta,20
Alasampumisen,20
Änkyröistä,20
Karhuksi,20
Huonommuudesta,20
Lainsäädännöksi,20
Kiistämättömiä,20
Pääaineeksi,20
Jemmaamaan,20
Tileilleen,20
Alastani,20
Polttimoa,20
Masentavaan,20
Muodostavia,20
Teilaaminen,20
Ilahtuneita,20
Tviittiin,20
400tkm,20
Cheatingu,20
Manattu,20
Stressiään,20
Normaalihintaa,20
Kivikkoinen,20
Sakotettavaa,20
Ansaintatarkoituksessa,20
9pv,20
Älläkkää,20
Varastamansa,20
Fanejaan,20
Huoltajista,20
Energiavarasto,20
Viivyttelystä,20
Rakennettavaan,20
Erehtymään,20
Tarkoituksenmukaisesta,20
Työttömyydeltä,20
Lavastettua,20
Suotuisampaa,20
Lataustolppia,20
Throws,20
Oppimisprosessi,20
Ilmanpainetta,20
Nahistelee,20
Poismuuttoon,20
Istumatta,20
Kumoavia,20
Puodissa,20
Vääristymiseen,20
Pystöön,20
Maailmanpelastus,20
Näppäillään,20
Kasiksi,20
Kasvusopimuksen,20
Luullessaan,20
Maakseen,20
Vääräuskoisiin,20
Tiedetäkään,20
Poistattanut,20
Kultakantaan,20
Suojaikärajasta,20
Haamun,20
Kulttuuritaustoista,20
Keskitetylle,20
Ikäloput,20
Odottamattomista,20
Päätettiinkin,20
Keskusteluketjuja,20
Tukahtuu,20
Keskitysleiristä,20
Nöyryyttämisen,20
Katsoneen,20
Uudisasukkaita,20
Miljoonakorvauksia,20
Vouhotukseen,20
Schjerfbeck,20
Höpötykseen,20
Päättömään,20
Printtaavat,20
Reittiohjeita,20
Toimeentulevilla,20
Moottoripyörille,20
Tavoittamatta,20
Avunpyynnön,20
Taaten,20
Ydintoimintaan,20
Töyssyä,20
Ostostensa,20
Oikeusjutuilla,20
Materialistisessa,20
Tapahtumiselle,20
Velliksi,20
Mittaisten,20
Heikkenemisellä,20
Göteborgiin,20
Rustataan,20
Karistamaan,20
Veljeillyt,20
Kovakouraista,20
Poikkeamasta,20
Sankkaa,20
Parantuneesta,20
Kynsille,20
50milj,20
Hakukohteen,20
Mahdettu,20
Kiinteistöalalla,20
Todenperäinen,20
Neitoja,20
Hakkua,20
Ammattihenkilöt,20
Hermostuisi,20
Klikkaamisen,20
Energiainfraa,20
Tiedustelutoimintaa,20
Palkkatuettua,20
Valtionpäämiehiä,20
Kvanttifysiikasta,20
Millisekunneissa,20
Alireddittiä,20
Ajankulukseni,20
Lipuvat,20
Värisessä,20
Lipastolta,20
Tuontanto,20
Pelkotilaa,20
Tyttäreltä,20
Elämiinsä,20
Pidettävässä,20
Pannuista,20
Maksimimäärät,20
Työtahtiin,20
Piittaisi,20
Renesanssia,20
Päätöksestäsi,20
Aseistamattomia,20
Sotatoimen,20
Suorituksestaan,20
Oivaltavasti,20
Tollaiseksi,20
Talouspakotteisiin,20
Synkempään,20
Kestämättömässä,20
Assetit,20
Ravisteltua,20
Purulla,20
Biasin,20
40kpl,20
Käynnistämiseksi,20
Suosikkejaan,20
Palkoillaan,20
Omistusasunnoista,20
Joulumarkkinoille,20
Pihaani,20
Padosta,20
Koulutodistuksia,20
Kotipaikkaa,20
Kimpaantui,20
Kuvitellessaan,20
Tutkalle,20
Osotteet,20
Ylläpidetyn,20
Esitettävää,20
Rujoja,20
Pihtaile,20
Älköönkä,20
Budjetoitua,20
Tapausessa,20
Takaisinmaksuajan,20
Määräenemmistöä,20
Reissuni,20
Juopottelemassa,20
Selkea,20
Pahentamassa,20
Aksioomista,20
Sotilaalliselta,20
Rodultaan,20
Kasvimaalle,20
Yksinhuoltajaa,20
Edistämisellä,20
Myöhästelee,20
Hellässä,20
Tuhottaviksi,20
Keskiön,20
Moottoritieksi,20
Töhrimässä,20
Pahuudet,20
Alikulkutunneliin,20
Säkkikaupalla,20
Oppositiopuolueena,20
29s,20
Jaelleet,20
Testaamaton,20
Poikkeavissa,20
Maahanmuuttajaryhmiin,20
Avaakin,20
Sukupuoliseksi,20
Tunteenpaloa,20
Kepappia,20
Osakkeelta,20
Maailmanloppuna,20
Anilakar,20
Vesialueita,20
Makseltua,20
Väheksytty,20
Selves,20
Suureneva,20
Kerrokkaan,20
Päivätöistä,20
Ikäpolville,20
Kauppapolitiikkaa,20
Kyykkiminen,20
Importer,20
Teollisuustuotteita,20
Tervaan,20
Murjussa,20
Sääteleviä,20
Tahtomattakin,20
Julkistaneet,20
Penninvenytystä,20
Levittelyn,20
Representaatiot,20
Koulumenestykselle,20
Fundamentaalisen,20
Valveutuneena,20
Kasvisperäisiä,20
Ruokalajeista,20
Itkevistä,20
Autourheilua,20
Kohkaamista,20
Imartelevia,20
Johtotasolla,20
Pukeutumisensa,20
Kätöseen,20
Uutislähteestä,20
Söpömpi,20
Psykoottiseksi,20
Prominence,20
Melkor,20
Likaantuvat,20
Tiedotukset,20
Päivittäistavarakaupoista,20
Silmiinpistävästi,20
Ihmiskärsimystä,20
Laskeutuva,20
Sairauteensa,20
125cc,20
Restrained,20
Intohimonsa,20
Lisävuoden,20
Postilokeroon,20
Lepsumpia,20
Hiilarin,20
Julistamasta,20
Vallannu,20
Leiskalla,20
Komentajien,20
Ekosysteeminsä,20
Editoituja,20
Lounasravintoloita,20
Vaikutelmaan,20
Pakkautuminen,20
Hyvinvointiini,20
Asennettavaa,20
Sisältyviä,20
Tihkuvan,20
Vähättelylle,20
Tuomitsisit,20
Varteenotettavasta,20
Johtoaseman,20
Epäsiistiä,20
Itsemurhalta,20
Maksimoimalla,20
Sovittavat,20
Tarkoituksenakaan,20
Islamisteiksi,20
Speciaali,20
Repäsee,20
Esittämäänsä,20
Viihdyttävämpiä,20
Pyrkivillä,20
Kusisivat,20
Miljardinsa,20
Kusipäiseltä,20
Plakaatit,20
Korostamassa,20
Pahota,20
Panimoilta,20
Nauhoittavat,20
Parantelua,20
Softaansa,20
Heristelyä,20
Koskeneessa,20
Palautuva,20
Tarkoitushakuisesta,20
Kysyneeni,20
Tajunsa,20
20voi,20
Rasitetaan,20
Päiväunilta,20
Isinä,20
Tehneiltä,20
Sivunnut,20
Tulistui,20
Esiinty,20
Hameisiin,20
Kapeakatseisuutta,20
Takaisinperinnästä,20
Ideologiaani,20
Ydinvoimakannan,20
Tona,20
Provosoitumista,20
Epäjohdonmukaisuuden,20
Omaksuma,20
Pakkausmerkinnät,20
Lievennykset,20
Onnistuja,20
Palkkakustannuksiin,20
Hoitsuista,20
Kauniimmaksi,20
Julmuuksien,20
Itäläisen,20
Ajelleet,20
Kortiton,20
Telemetriaa,20
Uskontooni,20
Rekisterinpitäjälle,20
Toisikaan,20
Tiedostivat,20
Eksklusiivisen,20
Järjestämälle,20
Lätkämatsin,20
Pullotusta,20
Perustettavaan,20
Mentaalisia,20
Tärkeysjärjestystä,20
Arvomaailmalle,20
Työskentelyllä,20
Laadita,20
Väliaikaiselle,20
Valikoitumisesta,20
Monopoliasemansa,20
Kotiinkaan,20
Koomaa,20
Kantiltaan,20
Kruunattu,20
Tukkuhintaan,20
Kaartelemaan,20
Naarmujen,20
Markkinahäiriön,20
Bjurström,20
Hankkimia,20
Tinkisi,20
Muuttuakseen,20
Epätäydelliset,20
Pääsisivätkin,20
Laiskuuteni,20
Väestönsiirto,20
Sulkeutuvan,20
Veneensä,20
Estävänsä,20
Todistajilta,20
Potkaisevat,20
Valtiomiehenä,20
Pallinsa,20
Kiimaisen,20
Puuhiaan,20
Kartuttamiseksi,20
Luettuina,20
Elinajanodotteessa,20
Kuvatodisteita,20
Signaloinnista,20
Lumelääkettä,20
Sulatukseen,20
Suuretta,20
Hommailee,20
Mielipidevaikuttajia,20
Päämiehenä,20
Pyramidista,20
Alentuvaan,20
Asussaan,20
Liiketoimintamalleja,20
Virvoitusjuomaa,20
Leivänpäälle,20
Ärsytykseen,20
Tuppautua,20
Hurskastelija,20
Puheäänellä,20
Propellin,20
Tilannekohtaisia,20
Supistumiseen,20
Haetakaan,20
Huippuälykkäitä,20
Uitettua,20
Metsästysaseet,20
Ympäripyöreällä,20
Väsyneelle,20
Pahoitettua,20
Hankasi,20
Kihojen,20
Tweeteistä,20
Käryäkään,20
Paavotajukangas,20
Yhteenkuuluvaisuuden,20
Lemmikkejään,20
Myrkyille,20
Paastoista,20
Mittailu,20
Hampaattomaksi,20
Platformia,20
Aatteestaan,20
Verhoaa,20
Ajatellutkin,20
Negatiivisempia,20
Nettosaajana,20
Tuoksumaan,20
Valvottavana,20
Sarjassakin,20
Ennenaikaisesta,20
Arvostetumpaa,20
Vittuillessa,20
Kokoava,20
Näkökykyä,20
Puheyhteys,20
Vaurastuttaa,20
Lähdettiinkin,20
7pq,20
S557xqu,20
Suomifi,20
Säteilyannos,20
Pitoisuuksissa,20
Syöpäriskiin,20
Ratsastavan,20
Eläintenpito,20
Vihaamat,20
Määrätylle,20
Saastuttama,20
Kommareihin,20
Premissillä,20
Näpertelystä,20
Ydinliiketoimintaan,20
Tiukkuuden,20
Vapaavalintaisella,20
Muistelemalla,20
Lisäduunia,20
Terillä,20
Varmistaisivat,20
Ainaisia,20
Loukkaantumisiin,20
Kyllöstä,20
Muaalta,20
Muotovirhe,20
Määritettyjen,20
Pätkinä,20
Rasmussenin,20
Päivässäkin,20
Kokeiluita,20
Artikkeleissaan,20
Hyväksymisenä,20
Menetykselle,20
Olkiukkoilee,20
Ydinreaktoreille,20
Ovinen,20
Sektiolla,20
Seksiakti,20
Ammusvarastoja,20
Menneeni,20
Aatetoverisi,20
Kulttuurisotia,20
Teatraalisia,20
Terveytemme,20
Parkkeerattuja,20
16kg,20
Vertaisverkossa,20
Tarkoittaneeni,20
Kahovkan,20
V2g,20
Seesaminsiemeniä,20
Raskaudelle,20
Ilmanvaihtokone,20
Työnantajina,20
Siimalla,20
Natolive,20
Hyppäämättä,20
Ratifioivat,20
Groomaa,20
Sapluunaan,20
Täyttäis,20
Suomentuu,20
Tennispallon,20
Ohituksista,20
Harjoittamana,20
Hinnoittelet,20
3x10,20
Excalibur,20
Yhtiosta,20
Asumismuodot,20
Maalämmöstä,20
Haittasuhde,20
Humpuukista,20
Kokkaillut,20
Välistäkin,20
Kwp,20
Mokailevat,20
Eläinpuistoon,20
Lipputangossa,20
Arvokaan,20
Yleisyydessä,20
Revityllä,20
Vihellyksen,20
Suosittelit,20
Erkaantuu,20
Ilmanottoon,20
Uusiutumaton,20
Pakkorokotuksista,20
Hiivalle,20
Kanamunan,20
Pepulle,20
Yksityisenkin,20
Ruhje,20
Kasvissafkaa,20
Sanottavaksi,20
Hohtavia,20
Ilmaispelejä,20
Juridiselle,20
Tasollakaan,20
Imgid,20
Iskeviä,20
Sivuavissa,20
Kulutusmittari,20
Ehtisikään,20
41v,20
Ajanmukainen,20
Nelinkertaistui,20
Autottomuutta,20
Tyypiltään,20
Vihaakin,20
Öyhöttäjillä,20
Resembling,20
Ylläpitokorvauksen,20
Tyydytetyksi,20
Kummempana,20
Levytys,20
Lähtenytkin,20
Lomakorvaukset,20
Valikoituvan,20
Muuttaessasi,20
Hyssykät,20
Pelureiden,20
Tulonsiirroksi,20
Tarkastelevan,20
Mekoista,20
Läpikotaisesti,20
Tilavaa,20
Parturoida,20
Vapauttaakseen,20
Linjastosta,20
Puhelinnumeroaan,20
Lausumatta,20
Tunneperäiseen,20
Koreissa,20
Nuotiopaikkoja,20
167cm,20
Kaistalleen,20
Leijuvia,20
Kalakanta,20
Milanović,20
Keikkapaikan,20
Raudanluja,20
Härveliin,20
Metsäpolun,20
Osittaiset,20
Liikkumismuotojen,20
Uhkailukirjeitä,20
Sykkeeseen,20
Laajentuvat,20
Debatista,20
Suklaalle,20
Kiinne,20
Kuolemantuottamukseksi,20
Imuroimalla,20
Sotkemiseen,20
Lihasryhmiä,20
Vakiinnutti,20
Resisted,20
Tekstisisältöä,20
Roikkumisesta,20
Väkiselläkin,20
Näennäisessä,20
Ohjusiskuja,20
Hslfi,20
Näpertelee,20
Ostettavasta,20
Tappioo,20
Välittäville,20
Isommillekin,20
Paniikinlietsontaa,20
Lahkonsa,20
Lokeille,20
Ampujaan,20
Punalaputettua,20
Demonstroidaan,20
Syksyisen,20
Mahdolinen,20
Kanssakäymisten,20
Liuotinta,20
Väitteistäni,20
Lantrattuna,20
Aitiossa,20
Hälyyttävän,20
Erikoisliikkeessä,20
Kusetusfirmat,20
Rekvisiitaksi,20
Alihankkijoista,20
Kaverusten,20
Transponderi,20
12th,20
Naudoista,20
Kermoja,20
Noutopisteellä,20
Ylijalostettuja,20
Omakuvaan,20
Omilles,20
Alistuvan,20
Pelikokemukseen,20
Toimettomuuteen,20
Psykososiaalista,20
Haksahti,20
Levitteet,20
Muokkauksella,20
Mainitsemisessa,20
Pdffiles1,20
Viitseliäisyys,20
Kauhomaan,20
Blamingia,20
Hillumassa,20
Tuomittavuudesta,20
Loistaisi,20
Trollaamiselta,20
Taikureita,20
Höpinöiden,20
Puoluessa,20
Etsiin,20
Yhdenmukaistaminen,20
Aamuyötä,20
Metallisten,20
Suistua,20
Oligarkeilta,20
Mallisista,20
Tiirailee,20
Touhuilta,20
Saranoiltaan,20
Verenmyrkytykseen,20
Eläkesuunnitelma,20
Ilmettyä,20
Puupelloiksi,20
Ummistavat,20
Lämmitettäviä,20
Tunkeutuisi,20
Temmeltämään,20
Kirjoittajassa,20
Oikoreittejä,20
Liikkeellelähdön,20
Oottelemassa,20
Aikaistettu,20
Tukihenkilöksi,20
Painautuu,20
Eväys,20
Puuhellalla,20
Päälekkäin,20
Ronskin,20
Taiteltua,20
Otoskoolla,20
Kierättää,20
Raikkaaseen,20
Matemaattisena,20
Naamakuvan,20
Ihmisoikeustilanteesta,20
Ratifioisi,20
Tavoittelulla,20
Heikentämiselle,20
Polkimiin,20
Kaikes,20
Härskimmin,20
Selityksineen,20
Paksaa,20
Tiedotuslinja,20
Sisäoppilaitoksessa,20
Kotiensa,20
Vähäkalorista,20
Ehdottamatta,20
Länkyttäminen,20
Läpäistään,20
Quossa,20
Kasviperäisten,20
Tykkitulta,20
Lääkäriasemien,20
Käyskentelee,20
Voimasuhteilla,20
Setvii,20
Dehumanisoitu,20
Kuolleetkin,20
Vaivassa,20
Vaurioituneita,20
Haistelun,20
Levittäjää,20
Huomataksesi,20
Vaikeusasteella,20
Kukkahattutädin,20
Esitystapaa,20
Preparations,20
Pohjautuvista,20
Saatettais,20
Linnatuomiota,20
Härväämään,20
Opiskelijavalinnat,20
Sisäänkin,20
Kirkkaudesta,20
Tuumanen,20
Laarit,20
Millonkin,20
Saarellaan,20
Soosilla,20
Ratkasemaan,20
Halventavasta,20
Ympäristötavoitteita,20
Sormukseen,20
Hyppäyksen,20
Kätenä,20
Kulkemisessa,20
Kälättää,20
Oppituntina,20
Jälkipolvea,20
Myötämielisen,20
Menettelytavoista,20
Levittäjinä,20
Passelilta,20
Lausuntoani,20
Seurustelukumppanit,20
Valvomatonta,20
Numerosarjoja,20
Vahtimisesta,20
Satamakaupunki,20
Valein,20
Karkaamiseen,20
Nöyryyttänyt,20
Luolista,20
Huumeriippuvaisten,20
Esimiestyötä,20
Käskyvaltaa,20
Rekisteröimistä,20
Tilaisuuttaan,20
Ostoskassien,20
Sosialisoinut,20
Joukkoliike,20
Katteettomilla,20
Synneiksi,20
Avaruusolio,20
Keksitkin,20
Örisemässä,20
Hämärälle,20
List_of_grenade_attacks_in_sweden,20
Siluettia,20
Pommitukseen,20
Liikkein,20
Subredditiltä,20
Kuivaukseen,20
Padia,20
Puristimeen,20
Syklisesti,20
Progressiivien,20
Ensimmäisiksi,20
Kuuloon,20
Kotipaikassa,20
Tiedonkulkua,20
Naapurissaan,20
Ratsun,20
Anecdotal,20
11e3,20
Paikkaukseen,20
Buildeja,20
Voidana,20
Yhdyssanana,20
Johtolanka,20
B6nvaihto,20
Käytettävillä,20
Kopioitava,20
Simojoen,20
Sydänoireita,20
Ajatustyöhön,20
Voimavaroilla,20
Lippaasta,20
Siirtymäajaksi,20
Reissasi,20
Topiccia,20
Moneltakaan,20
Segmenttejä,20
Kannanottoina,20
Sisätiloissakin,20
Lepäämiseen,20
Pikkuseikkoihin,20
Meneillää,20
Rahoitetusta,20
Voimavarojaan,20
Pistellyt,20
Valinnoillani,20
Paskakasasta,20
Uhreistaan,20
Erikoisliikkeestä,20
Viikkorahoilla,20
Lisäturvan,20
Kyseenomaisen,20
Onnistuvatkin,20
Kolikoiksi,20
Morkkiksen,20
Rituaalisesti,20
Otassa,20
Vääristelyksi,20
Tarjoajilla,20
Käyttäjädatan,20
Pyllistämään,20
Villieläimille,20
Etäilemään,20
Glorifiointia,20
Tarkotuksiin,20
Tarkemmalle,20
Mutilointia,20
Kuulumattomaan,20
Rasvaiseen,20
Kykkii,20
Kultapoika,20
Normaalimmalta,20
Mukeista,20
Duran,20
Tuutteja,20
Raphael,20
Trendannut,20
Vältelly,20
Lukevaa,20
Ikkunasi,20
Suuntautumiseltaan,20
Valvonnat,20
Sukupuoleeni,20
Välttäessä,20
Yheks,20
Nihilistisiä,20
Sijoittamiseksi,20
Riekkumaan,20
Kultasia,20
Sovittuina,20
Lappaavat,20
Algoritmissa,20
Kalloosi,20
Verotuloillaan,20
Kylvät,20
Tiskaamatta,20
Olkapäistä,20
Perehtyi,20
Dosenttina,20
Tuloisille,20
Vahtaamassa,20
Hypettämään,20
Tallentamalla,20
Lentäessään,20
Mökkireissulle,20
Yhteensattumana,20
Misinformaatioon,20
Kattais,20
Kerrotaa,20
Frekvenssillä,20
Miettiäkään,20
Listautui,20
Tukkivan,20
Konkursseista,20
Telovat,20
Pelilaudalle,20
Madaltamista,20
Eläjille,20
Skannaamassa,20
Horinoiden,20
Sanojansa,20
Vaihtoehtoi,20
Jutteluapua,20
Kovempikin,20
Nukkuvansa,20
Katkeroituneena,20
Kuumimpaan,20
Liimaavat,20
Katselukerta,20
Neutralisoitu,20
Kaiuttimille,20
Sanelemiin,20
Mukinoita,20
Selkärangattomuuden,20
Sosiaaliturvaksi,20
Menneisyydessään,20
Käyttöpaikkoja,20
Palvelemiseksi,20
Puhumiseksi,20
Tyhmätkin,20
Yöpyvät,20
Värkeillä,20
Sihteereistä,20
Vihapäissään,20
Azul,20
Tasaluku,20
Valmistautuneena,20
Pelailusta,20
Vahingollisista,20
Kummittele,20
Fossiilin,20
Emulaattoreita,20
Matkapahoinvointia,20
Käsityksissä,20
Kantamiselle,20
Räpäyttää,20
5lk,20
Osuudellaan,20
Zhirinovski,20
Markkinatilannetta,20
Huumerikolliset,20
Yliedustuksella,20
Leskiä,20
Matkalleen,20
Taxon,20
Depressiosta,20
Paperitiikeriksi,20
Ruokapulan,20
Subredditeille,20
Makeata,20
Kiimalla,20
Institutionalisoitu,20
Traumatisoidu,20
Toistenpäin,20
Liimaamassa,20
Vilpoinen,20
Glimpse,20
Muilutusta,20
Integroimisesta,20
Harrasteluun,20
Alkajalle,20
Nuhasta,20
Kuvatuissa,20
Toppuuttelemaan,20
Valeasussa,20
Puhuisikaan,20
Putiikeissa,20
Rekisteröimättömän,20
Varastotöitä,20
Toistuivat,20
Neliraajahalvaantuneena,20
Perushoitoa,20
Tilatko,20
Kroonistuvat,20
Neonatseja,20
Piilevänä,20
Puhelimellasi,20
Yläselkään,20
Tuottamiselle,20
Kokemana,20
Herkuttelun,20
Klikkauksien,20
Vastustavasta,20
Hankalemmaksi,20
Sydäriä,20
Pitämiin,20
Tarvitsisikin,20
Edistävissä,20
Kieroutuneita,20
Futuristista,20
Informaatioarvoltaan,20
Perussairauksista,20
Napsumaan,20
Lävistänyt,20
Hätäpäivää,20
Persists,20
Bertin,20
Omenaviiniä,20
Laineilla,20
Konventionaaliseen,20
Käsiteltyihin,20
Riidanhaluinen,20
Ajoratoja,20
Ilmiantamassa,20
Menosa,20
Totuusperää,20
Menestystarinan,20
Kuivatella,20
Yskitä,20
Yleispätevän,20
Kiireisiltä,20
6vko,20
Keräilijöinä,20
Sokeripalaan,20
Käyneesi,20
Takoisi,20
Rakastelua,20
Hintaisten,20
Kavereiltasi,20
Ilmenneitä,20
Lainaava,20
Verrankin,20
Ouluhan,20
Äidilles,20
Biljoonat,20
Muuttus,20
Asianmukaisin,20
Kyytiinsä,20
Soittaneen,20
Lasiensa,20
Rintamien,20
Höyryävän,20
Sekottanut,20
Totuudenvastainen,20
Rahoitusmarkkinoihin,20
Selviltä,20
Elämiskustannukset,20
Keikkatöihin,20
Piteneminen,20
Kohteliaalla,20
Offina,20
Kärjistämättä,20
Hiljentymään,20
Vedettyy,20
Juodessani,20
Järkevöittäminen,20
Piuhal,20
Palaillaa,20
Lihaksistoa,20
Törkeämmin,20
Imartele,20
Hierarkiseen,20
Addiktiostaan,20
Lehmänä,20
Henkisille,20
Skaalattavissa,20
Soutelemaan,20
Kaivinkoneita,20
Numeerisia,20
Sidotuksi,20
Antaneeksi,20
Räpellyksen,20
Maltilliselle,20
Omistuksestaan,20
Ulosottoja,20
Omistusosuudella,20
Ortodoksia,20
Vieroksuva,20
Reaktiokykyä,20
Koristellut,20
Vaatimattomuuden,20
Jaks,20
Doable,20
Simulaatiosta,20
Huomioihin,20
Genetiikalla,20
Eliölajit,20
Tasaantuneet,20
Puollustautua,20
Elekielestä,20
52k,20
Kilahtelee,20
Kuljetusfirmojen,20
Liikkumattomuuteen,20
Palkkapäivästä,20
Tasasumma,20
Käskeny,20
Energiavarastoja,20
Rönsyt,20
Happamoitumisen,20
Ottamien,20
Alkoholimonopolia,20
Mietteiden,20
Ikeniä,20
Pyorii,20
Suojalasi,20
Sitkeetä,20
Edustaessaan,20
Vesilintuja,20
Vinkkeja,20
Esittelevän,20
Osaamisia,20
Vitsauksista,20
Liikuttelun,20
Kokilta,20
Naljailemaan,20
Ramppaamista,20
Hightech,20
Sisätilaan,20
Osoitetusti,20
Syömäkelpoiseksi,20
Erisuuruisia,20
Energiatiheää,20
Rampauttamaan,20
Vähennettäis,20
Nautiskellut,20
Liikuntamuodot,20
Suoritukseksi,20
13kg,20
Varustellut,20
Kukkaruukun,20
Reseptilääkkeisiin,20
Stressitila,20
Pyörylää,20
Mäkilähtöä,20
Related_death_rate,20
Toimitettavaa,20
Parempiosaisille,20
Autoinfran,20
Epäluonnollisia,20
Hotspottina,20
Vaaditakaan,20
Ovilta,20
Pakonomaisen,20
Noussutkaan,20
Nollaamista,20
Harkkaan,20
Kaksipyöräisten,20
Pilleriin,20
Maatalojen,20
Palkintoni,20
Pyrkivänä,20
Lahetti,20
Transaktivisti,20
Lisäominaisuus,20
Lappamaan,20
Keittiöveistä,20
Henkilökuvaa,20
Monimutkaistuvat,20
Huomaisikaan,20
Luopumiseksi,20
Norsunvitulle,20
Perunamaan,20
Eliölaji,20
Sallis,20
Kunnantalolla,20
Asiamiehellä,20
Princessin,20
Kannatteleva,20
Erottavia,20
Mielikuvitusmaailmaan,20
Läheisellesi,20
Miesylivoima,20
Puoluerajoja,20
Katselemisesta,20
Rakennustarvikkeita,20
Elizabethin,20
Todistaneena,20
Ulokkeet,20
Pyöreyden,20
Tilitoimistossa,20
Ehkäisi,20
Edustajatkin,20
Aivokuolleen,20
Hylättyihin,20
Mentaliteetistä,20
Omatuntoaan,20
Lehteensä,20
Häiritsevämpää,20
Tuonnemmaksi,20
Donny,20
Tuotokseksi,20
Petrodollaria,20
Pakkausmerkinnat,20
Ignooraamaan,20
Accoa,20
Karkotusten,20
Pistelemään,20
Juhlallisuudet,20
Muuramessa,20
Emotionaaliseen,20
Ytimekkäämmin,20
Yhteyskunta,20
Ideoilta,20
Dissasi,20
Euronsa,20
Kaulakiikkuun,20
Lootbokseja,20
Hörkön,20
Ravintolakulttuuria,20
Opikaan,20
Neurotyypillisiä,20
Kurjistua,20
Bikineitä,20
Hannakaisa,20
Pressitilaisuudessa,20
Lupaamaa,20
Aurinkosahko,20
Vuotiaskaan,20
Arvoyksikön,20
G8,20
Systemaattiselta,20
Useankin,20
Kallistunu,20
Pantannut,20
Lukkiutua,20
Solmukohdassa,20
Postinumeroalueen,20
Ujostele,20
Unohduksen,20
Raiskattuna,20
Miesvastaista,20
Kulkevilta,20
Modernimmaksi,20
Luokattomaan,20
Evakkona,20
Olarissa,20
Kulutuskäyttäytymisen,20
Purutupakkana,20
Tasavertaisempi,20
Yritykseeni,20
Raiskattaviksi,20
Tunnetuimpiin,20
Setelirahaa,20
Niveltä,20
Kohdattuaan,20
Verovelat,20
Baarireissun,20
Reservinsä,20
Markkinointitiimin,20
Sidonnan,20
Neuvottelukierroksella,20
Koulunkäyntiavustajana,20
Pyyhkäisemällä,20
Huhuilemaan,20
Kahviinsa,20
Humanisteihin,20
Nmky,20
Valtavina,20
5vuoden,20
Iskemiseen,20
Valloitettuja,20
Kapitalistisesti,20
Spekuloiminen,20
Asuttuina,20
Härvelistä,20
Rinnakkaistodellisuudesta,20
Ajaisikaan,20
Jakoavaimella,20
Naamaraja,20
Roikkuun,20
Ylläpitäviin,20
Jahkailemaan,20
Huolestuttavasta,20
Toivomia,20
Yhdenvertaisessa,20
Hyödykkeille,20
Sisäosa,20
Purported,20
Ammutulla,20
Etsiskelemään,20
Peliäkään,20
Väärinkäytöksi,20
Pihapiiriä,20
Arvattavat,20
Pyöreiksi,20
Kynnysmatoksi,20
Suodattimena,20
Suunnitelmalliselta,20
Suurennettu,20
Pussinperä,20
Puhuneeni,20
Kokemien,20
Varatuille,20
Julkaisussaan,20
Mustata,20
Panoksellani,20
Estrogen,20
Laskuttamista,20
Transmiestä,20
Mainostamiseksi,20
Velkaantuvan,20
200ms,20
Heteronormatiivisia,20
Tehoille,20
Tassujen,20
Blatant,20
Pikalaturia,20
Metsähakkuista,20
Pyöreyttä,20
Kasautumisen,20
Haitallisemmaksi,20
Promoavat,20
Kotimaassakaan,20
Könttinä,20
Ikenissä,20
Huoltovarmuuskysymys,20
Varjostamaan,20
Radioaktiivisuudesta,20
Kaupunkialueita,20
Mielipidekirjoituksista,20
Epäilykselle,20
Aversio,20
Kuulemien,20
Tyonteko,20
Johdateltu,20
Tsekkauksella,20
Rajattomilla,20
Epämukavuuksia,20
Pääministerinsä,20
Askaretta,20
Kontulakin,20
Myonteisimmin,20
Puolueohjelmiin,20
Julkaisemana,20
Kärjistyksiin,20
Poissaolonsa,20
Vessapaperina,20
Vetäsi,20
Reunusta,20
Pyyntihinnan,20
Justifying,20
Poseeraamista,20
Paskavaltiota,20
Pelisession,20
Cancels,20
Lippulappua,20
Toimipaikkaa,20
Vähätteleväksi,20
Painallukset,20
Ripulipaskat,20
Palkkaajan,20
Aikeitaan,20
Miltää,20
Korvauksessa,20
Matopurkkinsa,20
Hämmästelyä,20
Kokonaisuudessaa,20
Kutsutuille,20
Oppiakseni,20
Viisastu,20
48kk,20
Asennettavaksi,20
Yläpeukuttaa,20
Virtapiirin,20
Kirkossakin,20
Vesiperän,20
Esihistoriallisena,20
Koulutehtävien,20
Identifioituisi,20
Ymym,20
Assareita,20
Kuulemiset,20
Sotisivat,20
Tuhkakupit,20
Tulkitsematta,20
Ahdistuksista,20
Taivasalle,20
Ydinkärjillä,20
Maailmankaupasta,20
Pyörimää,20
Yliannostuskuolemia,20
Omistusasujille,20
Parantavista,20
Levyisiä,20
Piinata,20
Vieritti,20
Sotatraumat,20
Strategialle,20
Invaasioita,20
Ulisemasta,20
Kulkevassa,20
Kaupunkii,20
Organisoitiin,20
Väistämättömät,20
Liottamalla,20
Pudotuspeleissä,20
Vihuja,20
Esikaupungissa,20
Tuontiruokaa,20
Kohteliaampia,20
Rajanaapurimme,20
Valmiuttaan,20
Nöyryytykseen,20
Kumppanuudesta,20
Päättäjäiset,20
Sided,20
Lastenraiskaajien,20
Sotkien,20
Nykymerkityksessä,20
Ideaakin,20
Uudelleenvalinnan,20
Höpöksi,20
Kokouspalkkiota,20
Laadustaan,20
Lentorataa,20
Nuuskapussin,20
Viemänä,20
Näyteikkuna,20
Alkomaholia,20
Kirjoitetuksi,20
Esikartano,20
Kivuliaasta,20
Lauseessani,20
Saamattomuuttaan,20
Rasittavuuden,20
Tupakoisi,20
Sokeripitoista,20
Vaativuudessa,20
Päivävauhtia,20
Kehityksessään,20
Henkkarista,20
Eronnutta,20
Politiikkaakin,20
Runtelemaan,20
Vajasta,20
Suodattimilla,20
Kouluajoiltani,20
Julkaisulta,20
Vuotavasta,20
Tekeytyvät,20
Assertions,20
Epäämisen,20
Pöllimistä,20
Raivattiin,20
Tajunnassa,20
Inttini,20
Lomiltaan,20
Pöllineet,20
Pippaloista,20
Listasivat,20
Viestittämään,20
Värisokeille,20
Tuulipuistoja,20
Paskajärjestelmän,20
Vanhanaikanen,20
Arpomassa,20
Oppaaksi,20
Herkutellaan,20
Mielialaani,20
Kuormiteta,20
Pehmeinä,20
Aikonutkaan,20
Eliminoiminen,20
Vängätty,20
Ilmeessä,20
Teettämät,20
Kaheksaa,20
Perätään,20
Villiintyä,20
Nimeänsä,20
Itsemurhayksiöissä,20
Teknologiayhtiö,20
Rahvaita,20
Työehdoistaan,20
Kysymysmuodossa,20
Uutismediasta,20
Rähinöidä,20
Normaalielämää,20
Herkuttelee,20
Vedätti,20
Kerhoille,20
Saapuvasta,20
Kiinnostuksenkohteista,20
Normaalii,20
Haaveiltua,20
Apinalaumaa,20
Kelpaamattoman,20
A4_vastaan,20
Tautitilanteeseen,20
Hämmennykseen,20
Edessäkin,20
Monimuotoisena,20
Virnistys,20
Tarkkaili,20
Kaupantekoon,20
Kippaamalla,20
Määrätietoisia,20
Tyhjänpäiväisiin,20
Totalitarististen,20
Peruskoulupohjalla,20
Helähtää,20
Valmistelujen,20
Aloittaneesta,20
Laajamittaisella,20
Celine,20
Hoitavasta,20
Valtuutettuna,20
Hippunen,20
Musertuu,20
Tavoitteineen,20
Validiin,20
Vihaten,20
Kilpailulliseen,20
Perusteitakaan,20
Kuvatekstillä,20
Murhaamisessa,20
Varmistuksesta,20
Tähtäyksellä,20
Eriskummalliselta,20
Limsasta,20
Sirompi,20
Etnonationalistisia,20
Runtelemia,20
31_tie_001_fi,20
