Feikkikäyttäjäne,1
Myrkyttämisilmiötä,1
Noterataan,1
Puskajutuiksi,1
Jälkiruokakulinaristin,1
Noppaviitoseksi,1
Edelleenlähetyssopimus,1
Tasopainoilemaan,1
Vahaleimaisin,1
Testikirjettä,1
Uukxeir,1
Veteleepä,1
Etymonline_v_12783,1
1530s,1
Haalarimerkkitorilla,1
Humalanviljelyyn,1
Viljakuvuriin,1
Xoihoxu,1
Valkolakattu,1
Mitroksen,1
Vaatiminenhan,1
Serafinan,1
Säätelty,1
Buuutttt,1
Minimoimasta,1
Pörisemästä,1
Vakuuttavansa,1
The_name_of_the_game_,1
Fullcirclecinema,1
Kauhuklovnin,1
Kasvinsuojelulaitteet,1
Ympäristötehokkuutta,1
Tuotantotukiaisissa,1
Lönnrottkin,1
Surströmmingille,1
Z7orw_k8fks,1
Seurailkaapa,1
Ilmastotaistelijoiden,1
Ravaging,1
9512be71cc8f40a7b6e22bc991ef2c6c,1
Děčín,1
Kyöhyydestä,1
Rouskuksi,1
Pirttihirmussa,1
Sähköistämisprojekteja,1
Normaalijärjestely,1
Näyttäessäsi,1
Kutsukirjeistä,1
Liimattuun,1
Väännellehdyt,1
Purkukeikkoja,1
Katalyyttia,1
Turvanauhat,1
Turvadirektiivien,1
Rikosillmoituksen,1
Tutkintaoikeus,1
Likakaivovesiä,1
Surrealistisempaa,1
Siteeruksista,1
Vaikutamma,1
Akuuttigeriatrian,1
Pylvästaloon,1
Leammi,1
Lemmee,1
Julk63,1
Suomalainenpaikannimikirja_e,1
Kirja_kuvallinen,1
Propagandaliike,1
Italiaiselle,1
Ilmastonmuutoksenpuoltajat,1
Ilmastonmuutostietoisia,1
_derogatoria,1
Desuetudo_derogatoria,1
Angstaajalta,1
Toheloilta,1
Maahanmuutttajina,1
Kehtysmaiden,1
Harmaantaloudenvastaisesta,1
Yhteisöveronkierron,1
Trivagolla,1
Haitalllisempaa,1
Roboruohonleikkurin,1
Kehityismaihin,1
Varmstikaan,1
Ilmastoneutraliuuteen,1
Rahavoimien,1
Sceptisism,1
Doomsters,1
Pankkisystemien,1
Tarakstuksissa,1
Kohmvqx,1
Arviointikeskusteluissa,1
Verenkeittimestä,1
Ocdstä,1
Oddstä,1
Yksityisvalmentajana,1
Kulutusnoidankehäyhteiskunta,1
Osoitteensiirto,1
Leimaamana,1
Osoitteenmuutostarra,1
Populukselta,1
Lajittelumäärän,1
Ottopaikassa,1
Natriumkatulampuissa,1
Kivityskohta,1
Vastuujako,1
Osallustumisesta,1
Opiskelijaneidon,1
Jenkkisarjasysteemiä,1
Kirjojamutta,1
Pronounsink,1
Vorts,1
Voised,1
Raamatunlauseenluku,1
Papeistaan,1
Vakuutettuina,1
Kartonkikuorta,1
Repeytymisiä,1
Postitustapaan,1
9eb69a61,1
3dc0,1
A5ec,1
0a04913c9ec2,1
Hiomme,1
Kyttyräselkäinen,1
Silmävikainen,1
Ihotautinen,1
Pyhäkköäni,1
Pikakokouksen,1
Kääpiötilalliset,1
Synteettitisillä,1
Tehdasruokaa,1
Ionko,1
Homovai,1
Kenellekäänkoska,1
Hväävetä,1
Keöpaa,1
Realizations,1
Räkäflunssassa,1
Koittettu,1
Saarroksen,1
Spottivalohäkkyrät,1
Openmindedness,1
Ecofascism,1
Postipaikkapalautuksena,1
Vegereseptejäkin,1
Deminutiiveja,1
Tuloveroahan,1
Vassariaviisi,1
Komissarilta,1
Puhtauttamme,1
Varjelevia,1
Ilmastonmuutoksenvastaisuudella,1
Terveysturismiklinikoita,1
Pineimmät,1
Poikkasko,1
Pelottaneen,1
Tavoitteellistakin,1
Tekinäjoikeus,1
Valittulla,1
Farmiliha,1
Coisko,1
Ristiäiskutsut,1
Tekstarikutsut,1
Particularily,1
Prosoposals,1
Overheaval,1
Gallenkallelan,1
Fossiilipaskansa,1
Mielenvikaisinta,1
Avohoidolle,1
Lajitteluakin,1
Vasemmistofoorumeille,1
Zalgads,1
Millilitroista,1
Gay69,1
Reisiläpsyä,1
Suoliasi,1
Todellakinheteromiesjokapostaareddittiinauolastakuvia,1
Vastaverojen,1
Kaakeslon,1
Tehtäväkirjalla,1
Vastauskirjoihin,1
Kattelemass,1
Ominously,1
Nottapa,1
Appropprioituja,1
Soits,1
Seövinpäin,1
Uudelleenlähettämispalvelusta,1
Dignoosiensa,1
Salaliittojutuista,1
Kangasroukku,1
Supilovohveroita,1
Göd,1
Tuliaura,1
Tukijaks,1
Noutoilmotuslappua,1
Poltettavistaan,1
Polttoainena,1
Hiilitouhuissa,1
Hiilivarannoilla,1
D8aqng,1
Tededin_video_sammosta,1
Hyväksyyki,1
Paperinukkeanimaatio,1
Iax37uwl6gg,1
Änkeröoikeiston,1
Tynnörinpohjia,1
Xmmunf1nn7o31,1
236899f34b9cd54d22a52d36d582b17285f246c1,1
Sisustustekstin,1
Saarnannutkaan,1
Tsygyllä,1
Misanthropist,1
Rokkakanuunaoksenteluun,1
Ornithologist,1
Tullimaksukirjeessä,1
Mxnnnnnnnnnxx,1
Ecommercen,1
Ecommerceportal,1
Seurantapalveluista,1
Oikaisuhakemuksen,1
Tullauspaatoksen,1
Tullimaksukirjeen,1
Saapumistunnuksen,1
Hassja,1
Mailmanjohtajille,1
Explainafilmplotbadly,1
Ilmastopopulisteilta,1
Sinnehan,1
Lemmikkiskorpparin,1
Asiantuntijalisää,1
Muuratussa,1
Aaltoilevuudessaan,1
Sirkustempauksilla,1
Shokkisaarnoja,1
Kliimaksikohtauksen,1
Maatuneeksi,1
Ufts69,1
Evättömien,1
Suomuttomien,1
Tamaania,1
Halkinaiset,1
Taliaan,1
Hilkkua,1
Guggenhaimiin,1
Johtamistavoistansa,1
University_of_gastronomic_sciences,1
Triennale,1
Gastronomic,1
Facinating,1
Perioids,1
Kieliopillisest,1
Markkinapalkkoja,1
2470e,1
Kadonut,1
Paskakerho,1
Populistiperseilijöiden,1
Hiacessaan,1
Kävelyinfra,1
Maastolta,1
Läheisest,1
Postist,1
Yksilöteot,1
Roomalaiskirjeeseen,1
Galatialaiskirjeessä,1
Talousoikeistolaisenkaan,1
Öyskevasemmistolaiset,1
Vaihtoehtoakin,1
Ateistiälykköjä,1
Galatialaiskirjettä,1
Thunbergiläisten,1
Ählämsählänistaneihin,1
Lomakohteitakin,1
Sharjah,1
Gulftalenttia,1
Aramcolle,1
Golfmestari,1
Äänestysikäisillä,1
Poikenneena,1
Ylläpidonomaista,1
Tavoitteellisemman,1
Rikkumattomaan,1
Mutuanihan,1
Paikannusalueen,1
Expertactive,1
Eturyhmpäpolitiikkaa,1
Eturyhmäpoliitikkaa,1
Puoöista,1
Blelejan,1
Aikuseltakin,1
Kilpailseen,1
Kullannuppuna,1
Ilmastonmuutkoksen,1
Palautusjärjestelmästä,1
_co2,1
Fossil_emissions_co2_v2,1
Roeland,1
Haluasisi,1
Maaimankauppaa,1
D9dd482b,1
17a8,1
D764,1
2027098f8526,1
Thunberin,1
Poltetaas,1
Ydinvoimaonnettomuudesta,1
Lisukkeettomassa,1
Turvekiimaa,1
Kuruntietä,1
Oikeanelämänpääsiäismunat,1
Kotimaanmatkoille,1
Tyraniaan,1
Pahastumiseksi,1
Oletusvirhettä,1
B06b,1
E03368cb77ee39c3c01750372f44805af8db,1
Bimonthly,1
Journal_of_biosocial_science,1
Etnokeskeinen,1
Viherkatokselle,1
Yksinäisyyspäissään,1
Irmelisyätä,1
Irmeliäkin,1
Naisisa,1
Äitiliiniä,1
Kepkko,1
Seitsämättätoista,1
Vajoaminenkaan,1
Neronleimauksilla,1
Edustustoille,1
Efmzmp7wsaccmn7,1
Olisinihan,1
Konsuliavusta,1
Konsuliavustamisesta,1
Tekoälyrobottidigiyhteiskunta,1
Ihmehimmelillä,1
Avunantajille,1
Siirtymäkorvaukset,1
Siirtymäkorvauksensa,1
Väliinputooja,1
Pakkoeläkeyhtiö,1
Vihanlietsontarimpsuja,1
Ulkoisetetaan,1
Kiinalasiset,1
Foliohattusektorin,1
Leikkihetkivideoihin,1
Tiedä_yhtään,1
Handwavettaa,1
Sivunootiksi,1
Littein,1
Leireittäin,1
Lapsittain,1
Tutkinnoltani,1
Linnuteivatoleoikeita,1
Sukufirmat,1
Gretajughashvili,1
Elelemästä,1
Lankapuhelimiakaan,1
Selänpesijät,1
D86v84,1
Negative_news_is_more_often_published_than,1
Vennomalaisuuden,1
Eurovaaliehdokkaaksikaan,1
Juudaus,1
Kulutusluonteista,1
Nuorisobaro2018,1
Nettifinal,1
Trendiruuat,1
Ilmastonmuutosasenteet,1
Kauppakeskittymään,1
Puhekirjoittajan,1
Mökkikaupunki,1
Innokaina,1
Tuttavillekkin,1
Shoppailukeskuksen,1
Vuokranantajita,1
Leipomusliikkeen,1
Ateistisuudelle,1
Päästöjänne,1
Linkolas,1
Orjuuttamisvuoden,1
Juttuapua,1
Juttusuosituksia,1
Äitiesi,1
Puolisoidesi,1
Sairaanhoitobudjetit,1
Pronssiaikaisessa,1
Bmpil,1
Ju4jm,1
Vankeusrankauksista,1
Terroristitaistelijoina,1
Okkkkkkkkkjyxyyxcucyux,1
Koulien,1
Agenttiringin,1
Päihderiippuvuudella,1
Vaasantieltä,1
Oikeudenkäyntijonot,1
Pienhallia,1
Naatos,1
Kiuruista,1
Laiskanpulskeasta,1
Maailmanlopputeoriaa,1
Vainhoillisetkin,1
Ylöä,1
Burnouttiinkin,1
Pällivapaata,1
Sietäiski,1
Lahtelais_miäs,1
Sabotöörijengi,1
Mench,1
Plöötä,1
Islamistiryhmittymiin,1
Pidätyskeskuksissa,1
Homin,1
Parkkipaikoistaan,1
Pintaparkkeihin,1
Syyriallahan,1
Vankileireihinsä,1
Toiminuta,1
Konsensuskannoissa,1
Ilmastonmuutostutkimustyötä,1
Natsivihjailuja,1
Oppimattomuuttasi,1
Mulkkuuttasi,1
Monelaiset,1
Facinated,1
Kummisetävibat,1
Collegeohjelmia,1
Helkkarinmoisessa,1
Kirkonseutu,1
Liikenneympyröineen,1
Asuntilasta,1
Vaasantielle,1
Pantasutta,1
Pantsuitta,1
Muslimifeministinaiset,1
Käppäukkoänkyröillä,1
Heimotulkintojen,1
Evankelisissa,1
Henkilöhinta,1
Kurutie,1
Sähköyliherkkäyliherkkiä,1
Enenemään,1
Kelmeilyä,1
Autoinfrainvestointeihin,1
Naapuritontteihin,1
Automarkettialue,1
Antoisalla,1
Kilsarahoja,1
Käyttäyneet,1
Ihmisoikeusrikoksiiin,1
Salakuljettaman,1
Prosessiketjua,1
Karikallio,1
Maidottomien,1
Oikeuskäsittelemään,1
Viitosvaihdetta,1
Oikeistolaisuuttakin,1
Sabotöörinki,1
Juhlimisrahaa,1
Tukipilarilta,1
Ruokasääntöjä,1
Yhdistellet,1
Juuuuuuuust,1
Puoluejohdoksi,1
Lähisukukieli,1
Lasitalot,1
Maitotaloustuotteiden,1
Ihmisoikeusrikostuomioistuin,1
Ipg62ja,1
Meemitajuttomuuttani,1
Afterwörkeillä,1
Hutjakkaan,1
Sönkötyskuntoa,1
Takseilin,1
Jurrikömpelönä,1
Teekkaripojasta,1
Sivuosakätyrit,1
Skolstrejk,1
Häsäävien,1
Äärioikeistodildojen,1
Käskivätkö,1
Sijoitusomaisuudekseen,1
Kuukaisita,1
Lastensuojelukriisi,1
Syyriako,1
Sabotööririnki,1
Tärähtävän,1
Ilmastonmuutoskonsensus,1
Stabilisoituu,1
Intensifioituisi,1
Aiheutteja,1
Postaukseta,1
Pakkokäänytettäviä,1
Hiilikuljetuksille,1
Alkoholistuneet,1
Ammattitaitoo,1
Ryhdistaytyä,1
Sähkösekoilu,1
Huiputettavaksi,1
Huuhaadiagnoosi,1
Katsomustensa,1
Ilmastoahdistuspsykoosiensa,1
Kalliintavat,1
Nf85htzx,1
Rikostapauksethan,1
Uskoltaisitko,1
Fiktiokuvauksia,1
Muodostettavassa,1
Tehdasfarmauksen,1
Bleiggari,1
Uksc,1
Lanseeramansa,1
Tollaamiseksi,1
Trollitoimistojen,1
Itseämmekö,1
Syylisten,1
Aminohappokoostumuksessa,1
Kasvisruokafirmoihin,1
Hämyämyri,1
Varttinatsilla,1
Dilleoikeistolta,1
Imemiään,1
Natsimeemuja,1
Sporttirahkojen,1
Soijavälipaloja,1
Kokemusmaailmoiden,1
Vuohkottamaan,1
Ympäristöverolla,1
Älyllisest,1
Epärehellisyydest,1
Symboleillaan,1
Siveellisyyslaki,1
Radikalisoituiden,1
Rapaisee,1
Playstationhan,1
Colecovisionini,1
Kuluttelevat,1
Roskaki,1
Loppupeleissö,1
Kasvisjauhispyöryköissä,1
Makroravinnejakaumassa,1
Korvatattava,1
Ruokalaskujen,1
Ovimattoon,1
Ooooodöööööö,1
Suruvälitteisestä,1
Toiminnanvajausta,1
Perhekoistaan,1
Kallonmittausmouhotus,1
Tiedeketjuun,1
Eläinmaitotuotteiden,1
Taustaratkaisuna,1
Autosaatana,1
Yksityisautoiludiskurssiin,1
Bitchei,1
Epäjohdonmukaisuuksistasi,1
Arginiinipitoisuus,1
Setunne,1
Rekisterikilpiarvointoihin,1
Niitistöstä,1
Jqfob7b,1
Huijattuina,1
Jatkojohdo,1
Glasiaalisen,1
Itsesäilytykseen,1
Käsikirjottamaan,1
Persuvihalasit,1
Kyyhkyjahtiin,1
Vaimikäolikaan,1
Gfbqtz,1
Picture42467733,1
N85re,1
Vohkaus,1
Yellowhammerin,1
Viharinkirunkkaukseen,1
Älykkyysosamääräsaarnaajien,1
Ortodoksintappamisretket,1
Hömppäuskoa,1
Explicate,1
Swithout,1
Horkkataudissa,1
Sfrom,1
Randosampling,1
Compositions2,1
281714053_original_working_paper_on_iq_wealth_of_nations,1
Rahkalle,1
Proteiinipommeille,1
Päästökauppasopimus,1
Hyörinöitä,1
Lapsiuhriutumisen,1
Maapalluran,1
Seivaamiseks,1
Kyynisyyskuplaani,1
Herättelyvaihe,1
Anteeksiantamisohjelmat,1
Vastuuntuntoonne,1
Mielekäästi,1
Damojen,1
Logan_family,1
Whipple,1
Unnollista,1
Itsekkyyen,1
Hifistelyrahkoja,1
Uudelleenkokoontumaan,1
Palanneetkin,1
Ilmastoänkyröiden,1
_keithtindall,1
Ipadeiksi,1
Uutisleikkeesi,1
53beb193,1
4c2f,1
B771,1
Bbe0b3a7e238,1
Lasketkin,1
Noudattajättäminen,1
Tiedejärkäleen,1
Takaisinkytkentäilmiöiden,1
Ilmaston_takaisinkytkent,1
Australialaistutkijat,1
148cb0_a1406e0143ac4c469196d3003bc1e687,1
Sähköallerigiafanit,1
Pahanhakuinen,1
Librulien,1
Reversaamisesta,1
Mappauksesta,1
Piikittelysuoritus,1
Gwegopy,1
Placebolääkkeet,1
Baijerilaiskaupunki,1
Tietopamaus,1
Joutoväkiporukan,1
Väleinki,1
Maahanmuuttopuheista,1
Jauhekirje,1
Unrepresentativeness,1
Testtakers,1
Pitirim,1
Kotoutuskoulutuksen,1
Ydinpalon,1
Sotatuomiopäivään,1
Johniin,1
Suosikkiaiheestaan,1
Ylläpitohomma,1
Ilmastoalarmisteilla,1
Hiljainem,1
Vallankumouskrääsän,1
Luokkasotapäissäni,1
Lisensointioikeudet,1
Arkipäiväisille,1
Ihmehimmeliä,1
Ihmehimmelin,1
Kauuuukaiseen,1
Tiirikoijia,1
Perussafkassa,1
__elektromagneettinen,1
Säteily__,1
Samantyypiseltä,1
Policy_paper,1
Ravahapot,1
Tiedotuselimestä,1
Thungergista,1
Meisenbergin,1
Epälaula,1
Sähköimpulssista,1
Sähkönlaadulla,1
Pahannäköistä,1
Skgnma2,1
Somewherearound,1
Pointshigher,1
Äärivalheellisen,1
K7f1szj,1
Nykymukavuudesta,1
Proteiiniprofiili,1
_consoles,1
Kirkous,1
Tähditän,1
Hiiliaddiktiotaan,1
Ilmastomouhojen,1
Paasatusta,1
Lentokilometrini,1
Erikoisajot,1
Kävelytiekin,1
Nykyleveydestä,1
Huutokauppaehdotuksesi,1
Muunmussa,1
Technofixes,1
Tilastokuvaa,1
Alkumyynneistä,1
Vgsales,1
Npd_total_hardware_sales,1
Lehtileikkeessä,1
Ruuansulatuselimistöstä,1
Insuliinitasapainoa,1
Jaakaudelta,1
Elämävastainen,1
Hankkivatpa,1
Kulttijumalatar,1
Tavoittaneeksi,1
Civyvihreän,1
Merkkaajana,1
Vasemmistovirheille,1
Pumuppuhaulikolla,1
Hardwood,1
Teknokraattejakaan,1
Sisäkehon,1
Jakelustakin,1
Pyörittäisikään,1
Yhteensopivuuksissa,1
Perustyöpöytäkäytöstä,1
Koulutamattomia,1
Hedonistististen,1
Mieltymystenne,1
Pääsisäiset,1
D8c5ld,1
Antti_rinne_kuittaa_2470_ekk_enemmän_kuin_juha,1
Lehtileikkeessäsi,1
Ilkamointiasi,1
Tarvehankintaisella,1
Kamreerien,1
Hengityselinjuttuja,1
Kohtelevilta,1
Terroristivanhemmat,1
Jutta_rabe,1
Yrityskuluissaan,1
Polttoaineenhinnasta,1
Codeweaversille,1
Röksbergeille,1
Sopeutumishäiriönä,1
Masennusdiagnoosikaan,1
Browse10,1
Tiederyhmää,1
Lohdullisilta,1
Kevytvalu,1
Houseofleaves,1
Kuusnepaksi,1
Imbessilli,1
Suharina,1
Ratpoison,1
Kassakaapissani,1
Lukematietoja,1
Piuhoittavat,1
Logovärejä,1
Reittiavaimella,1
Kaappiavaimella,1
Datapuolelle,1
Reittiavainsettinsä,1
Teletilan,1
Epästandardeissa,1
Lukituksisa,1
Toimstotaloissa,1
Palovalvontapaneelista,1
Murtokalustoa,1
Huoltosetiä,1
Paloilmoitusjärjestelmät,1
Putkilolle,1
Lukitusuudistuksissa,1
Tuplapesäisiä,1
L1024366,1
_trim,1
Story_main,1
L1024366_trim,1
Hiilikaivoskaupunki,1
Lihasyöpöttelet,1
Ilmastovähättelijä,1
Toimintaskenaaroille,1
Päästövähennysehdotuksia,1
Ggkph746dyw,1
Tiirikoitiin,1
Lukkotyyppiin,1
Ued53uv,1
Kirjakokonaisuus,1
Faktalliset,1
Propagandasotansa,1
Vatvottavaa,1
Nutticelli,1
Alkuperäisaineiston,1
Geogroup,1
Reederei,1
Nordlicht,1
20reuter,1
Nintendioiksi,1
Lekasy,1
Xdxdd,1
Mätettäisi,1
Unixeja,1
Rassailtavana,1
Jugnerit,1
Arjalaispigmentti,1
Väistönvaihtoakin,1
Vastapiirroksista,1
Prosessituotannossa,1
Kumottavaan,1
Mielenosoituskampanjaansa,1
Perseellepotkimisena,1
Pyöritelleeni,1
D6dduroujsq,1
Xti6he9_w6i,1
Aaaaaaaafgu,1
Zd2mbshjghmsaxm6qmsf6rxfgdmkktevwclcbgas,1
Img_20190713_172229,1
Tarjoilluista,1
Viinitastingien,1
Klifhangeriin,1
Tahoillaa,1
Lihatomaksi,1
Pyöräileväksi,1
Kvartiilissa,1
Viherporukkaa,1
Kokonaispaletti,1
Päästövähennyskenaarioita,1
Vertausarviossa,1
Sähkökunnossapidon,1
Toverimuksut,1
Cityvihreässä,1
Rastahampuuseja,1
Cityvihreäthän,1
Kalliolaiskämppäkin,1
Kierrätystavaralla,1
Rakennuskapasiteettia,1
Ydinvoimalamasta,1
Kaasuvarastointi,1
Koulutusympäristön,1
Wmbriggs,1
Vertaisarvioittaa,1
Koqyggd,1
Kuningasyksiöissä,1
Kaukomatkan,1
Stärtter,1
Kuningasyksiössä,1
Valtasosalle,1
Ahohdu0t44i,1
Markkinatalousmekanismi,1
Ratkos,1
Bysantiinissa,1
Puikkuihin,1
Ratkaisuehdotustani,1
Tyydytteneitä,1
Fio6nkh9rdtmio81zt9i,1
Ridgellä,1
Nermin,1
Anahit,1
Ihmispaskavanhempansa,1
Vieraistaistelijaa,1
Suursaastuttaja,1
Tulisimitään,1
Viherpesutuotteen,1
Porsanreijistä,1
Vastapiirtämistä,1
Nettiöyhöttämiseltään,1
Keskijännitelinjan,1
Yleiskokouksesta,1
Crossdressamiseen,1
Tamineis,1
Tekoälyhallitsija,1
Härkäpapuproteiinia,1
Kontaminaatiojäämiä,1
Proteiiniverkoston,1
Tärkkelysverkostollaan,1
Kahvimyyntien,1
Polttamille,1
Teveellisintä,1
Gluteenijäämiä,1
Kuljetusvälineissä,1
Puhdaskaura,1
Olkarönsyjä,1
Garttereita,1
Camisoleja,1
Tuomionpuheilla,1
Jälkikunnostuksen,1
Vallantavoittelussa,1
Palkoviljat,1
Makroilta,1
Ilmastokansalaisena,1
Camisolet,1
Prettylittlething,1
Dd376aff20cb77a808897a33b12ea73b618ca93d_clv6834_1,1
Gartereihin,1
Kirppareilt,1
Side_grande,1
Melteddiamondco,1
7271396573242_1024x1024,1
Joihiki,1
Kinkympii,1
Meninkeihi,1
Blokkausnappi,1
Tiskauskuluihin,1
Mullistuksina,1
Ylimmääräisesti,1
D89ril,1
Ihmettelin_lenkkipolun_varressa_kun,1
Hienostoväen,1
Yleistekoälylle,1
Mamuhysteerikoilla,1
Garterit,1
Aikuisosapuolet,1
D4yffc,1
Best_selling_video_game_consoles_1977_2019_oc,1
Mediatempaukset,1
Hampunsiemet,1
Pähkkinät,1
Suositty,1
Nintendoksi,1
Videopelijärjestelmiksi,1
Googlattaisiin,1
Sensuurimaissa,1
Nettisurffailukoneeseen,1
Pöyristelijää,1
Nettilynkkaukseen,1
Avustajaresurssit,1
Ministeripalkkojen,1
Levonnaisiin,1
Perunasoseeseen,1
Yritysverkon,1
Vastustuhan,1
Puolueriippumatonta,1
Jalostuskykyä,1
Pottamista,1
Nollapäästöisyys,1
Pakettivarastoissa,1
Jacey,1
Innostuvaa,1
_kirjatun_,1
Lähiposteja,1
Parhainpäinselittelijöitä,1
Silmänsäaukaisijoita,1
Tohonkun,1
Sovellusvalikot,1
Cmtdvqm,1
Travelerssissä,1
Ukitse,1
Taidoisssa,1
D7dzp7,1
Theres_this_strange_looking_lock_behind_the,1
K0y6bvzf,1
De99e213,1
Suurilmastokokouksia,1
Ampeereilla,1
Sorros,1
Ilmastolakkoporukkaa,1
Markkinatalousmiehiähän,1
Palestiinan_pakolaisuus,1
Keräännyttämään,1
Ilmastoprofeettaa,1
Boxeiksi,1
Reiteeen,1
Penteille,1
Pyöräileviksi,1
Ryömaa,1
Maaseutuliikennettä,1
Tukisoppareineen,1
Ubuntulta,1
Redhatilta,1
Trueos,1
Lektiineiksi,1
Jyväkasvista,1
Lektinit,1
Creepata,1
Öljylähteissään,1
Ruotsalaisteini,1
Ilmastotutkimuksiin,1
Mökistäkin,1
Kuvainnolista,1
Virkamiesmuodossa,1
Valiokuntiakin,1
Presidenttijohtoisen,1
Työasemakäyttöön,1
Mikrokernelit,1
Mikrokerneleineen,1
Ilmastopolitiikaa,1
Lehmile,1
Elukkavaiheen,1
Henkilökulttimaisuuden,1
Vkttuukaan,1
Junaitid,1
Steits,1
Seivs,1
Vööld,1
Sentimentaaliseen,1
Spolerijutska,1
Qornit,1
Elintarviketeknologiassa,1
Gliadiiniproteiineja,1
Gluteenina,1
Gliadiini,1
Gluteliiniproteiineista,1
Kontaminaationa,1
Aveniineista,1
Vehnänalkion,1
Agglutiniini,1
Matereilla,1
Virroittimeen,1
Kaksittaisen,1
Kemikaalikaupassa,1
Minionin,1
Tyyppiyksilö,1
Työpöytäsoftaa,1
Woaa,1
Takarivit,1
Murdochsmm,1
Lihankasvatusta,1
Enegiatuottoisaa,1
Ruotsalaistytöksi,1
Salatulle,1
Kaksoisveljelle,1
Tilaustilanteissa,1
Etampere,1
Tietoyhteiskuntaprojekti,1
Mökkiajot,1
Matraamiseen,1
Tiedehenkilöstä,1
Vuotiaallakaan,1
Epäjaloa,1
Lapsimurhaajiin,1
Polttomoottiri,1
Moraalitajuaan,1
Moraaliväitteitä,1
Hamppupaidoista,1
Mökkikamppeet,1
Ilmastokamppis,1
Mökilleajoa,1
Touchpadien,1
Environmenteissa,1
Keliakikot,1
Ongelmanlähteen,1
Celiac_n_5b213232e4b0adfb82702959,1
Ulkomaanmatkoistakin,1
Pakolaisuusongelma,1
Pakistanilaispakolaisestahan,1
Jordanilaiset,1
Relatives_seek_repatriation_of_finnish_orphans_at_al,1
Hol_refugee_camp,1
Vastatilanteena,1
Betonintuotantoa,1
Energiajärjestönä,1
Persikointi,1
Loppunoottina,1
Virtuaalikoneynpäristössä,1
Kirjastopäivitys,1
Neurotypaalinen,1
Mielipiteenomaisena,1
Anniskelunäytöksissä,1
Ulkomaanlomia,1
Steamii,1
Levuttamine,1
Tönösi,1
Korkovähennyksien,1
Suosikkiteeseihin,1
Vegaaniruuastakin,1
Validoimiseen,1
Mottusista,1
Väkivaltauutinen,1
Huolestuneissa,1
Lapsiorjahöpinöistäsi,1
Käyttelis,1
Sinisilmäsempää,1
Mutism,1
Kasviruokafirma,1
Kasviproteiiniem,1
Mökkeilyratkaisu,1
Fronellilla,1
Erityisjärjestelyä,1
Stumuloimaan,1
Nytkyvät,1
Ydinvoimanvastaisuutta,1
Cn1ftyp,1
Aipadi,1
Valkosipuls,1
Cremefraichea,1
Logiikkahyppelyä,1
Rassailtavaa,1
Tulert,1
Yummarrettavaa,1
Elonjäännistä,1
Kopioivatko,1
Tiöebaisuus,1
Moraaliviikkorahalla,1
Jääkaappimagneetilla,1
Autoilijanakaan,1
Tertiaarilähteen,1
Mutinalta,1
Päivityspolitiikan,1
Croneja,1
Opensourcevehkeillä,1
Straight_line,1
Viinahammas,1
Fauxhontas,1
Ykstyisautoillen,1
Keskiviikkoaamua,1
이순재,1
Yliherkkyyksillä,1
Hapattaessa,1
Fodmapeja,1
Ruuansulatuksellinen,1
Meritakseja,1
Suojatietulkinta,1
Uuskommareita,1
Kauramautolitra,1
Jenkkiflix,1
Telehommissa,1
Goodmannista,1
Sjt583v,1
Sairaudenkin,1
Yleistyvällä,1
Merihädän,1
Meripelastuslakien,1
Änkyräaktivismi,1
425x,1
Suunniilen,1
Maahantuhon,1
Elähdyttävän,1
Lisäproteiininlähteitä,1
Ikätovereni,1
Pyöräilöi,1
Intuitisiivempejä,1
Viitinsen,1
International_energy_agency,1
Photovoltaics,1
Dpjkiiixoauk2tq,1
Magasinetfilter,1
Undersokande,1
Popularitetstavling,1
Verotukemisen,1
Jenkkiflixiin,1
Miellyttäjänsä,1
Poistamispäätöksiä,1
Lakarforbundet,1
Oloom,1
Pakolaisprosessista,1
Ulosmenneet,1
Insuliinivaikutuksineen,1
Supertriplajättijuustopekonihampurilaista,1
Holtittomampaan,1
Jenkkiflixille,1
Lustigkin,1
Varastoitumisen,1
Sokeriaineenvaihdunnasta,1
Ihavia,1
Tekosyit,1
Kokonaispaketista,1
Puolielämä,1
Noudottamaan,1
Moottorinlämmittimille,1
Päästöisillä,1
Ympäristöpäätöksissä,1
Arvoillaa,1
Kussaa,1
Luomusertifikaatin,1
Casenkin,1
Kokoonhan,1
Miesainsydarin,1
Heikenevässä,1
Impulssiherätteen,1
Kultivoimisen,1
Kooliuden,1
Placementtiin,1
Ilmastotavoitteihin,1
Sidibay,1
Megajättipurilaisen,1
Kerrospurilaista,1
Vähärasvaiselle,1
Puhkuttu,1
Virkamieshallinnolla,1
Liinamaan_hallitus,1
Korkeakalorisissa,1
Mayooshin,1
Hiilensidontakyvylle,1
Hiilitaselaskelmien,1
Metsänkäyttöpolitiikka,1
Yksilöautoilua,1
Lusiikin,1
Isorintaisuus,1
Flyktingmottagandet,1
Kanssamiesten,1
_a_brief_history_of_humankind,1
Kuljekaa,1
Historiaalisessa,1
Droprateilla,1
Järkipoliitikko,1
Normaalipanon,1
Kuuluusi,1
Naudanlihankulutus,1
Vyötärösi,1
Bizcalcs,1
Raiskausrangaistukset,1
Polarisoitko,1
Ammattibarometrit,1
Liipaustuttama,1
Mikroroska,1
Pmc4672357,1
Taiteiluhommiin,1
Kynävehkeellä,1
Lisukkesiinhan,1
Ilmastohinnasta,1
Ilmastonmuutoskaasuista,1
C9fte6,1
Ruuan_todellinen_hinta_ruuan_ilmastovaikutuksista,1
Esxo0sw,1
K0yzojl5,1
Ae25a249,1
Propellipäillä,1
Suosikkirikoksesta,1
Blokkikarkoituspäätöstä,1
Yksilötapauksena,1
Jatkovankeudessa,1
Pienimieliset,1
Sukupuoliasiapuolueita,1
Driers,1
Juriikassa,1
Manuaalisemmasta,1
Turvatasoja,1
Timeshiftin,1
Produktiontapaista,1
Taitaamattomia,1
Q7vjzayofpk,1
Kalorinlaskentaohjelman,1
Vähärasvaisemmaksi,1
Kepinviskelyt,1
Hikihomma,1
Rasistinleimaamisen,1
Pyöräkaistastakin,1
Täristely,1
T6apzwl,1
Pitkääkatua,1
Kirjamainosta,1
Painoindeksimittarissa,1
Republikaneista,1
Klaanilaisella,1
Revisionimsi,1
Hiilikuitukiululla,1
Kirjahaastattelussa,1
Styroksiakin,1
Proteiinirikkaan,1
Ruokaehdotuksen,1
Maansirtofirman,1
Tallantentaa,1
Yleistermiksi,1
Ajac,1
Viraltapanossa,1
Maafani,1
Weeabootavara,1
Tehomaatalousviljely,1
Eläinjalostuksesta,1
Dynolle,1
Raatokuvat,1
Expressi,1
Flegal,1
Terveimmistäkin,1
Terveysluokitteluun,1
Nevill,1
Metsios,1
Takseillaki,1
Vastaikkainasetteluna,1
Muttatuotajuuh,1
Männävuosikymmenten,1
_calc,1
Lehtisaalatilla,1
Paineissaan,1
Vastausosioon,1
Hyv_vast_piirt,1
Fi_2019_s,1
2019_s_n,1
Pikkuporkkanoihin,1
Maataloustiedon,1
9500kg,1
Kannustetu,1
Vöyhötykse,1
Raatojuttua,1
Tilapäiskäyttöönki,1
Mäkkihauiksia,1
Rasvapinnat,1
Puolisukeltajia,1
Puolisukellus,1
Kompatehtävä,1
Eftc8xxxuaagafp,1
Mossilta,1
Narcosubeista,1
20subs,1
Narcoinfo,1
Monikulttuuriahdistus,1
Muuttamisessakana,1
Kantakauoungissa,1
Biohajoavampaan,1
Ruoansulatuksellaan,1
Kehonrakentamisella,1
Funikulaarinkin,1
Rajoa,1
Mutuiluako,1
Pohjolans,1
Pituudessä,1
Mokistä,1
Pivneea,1
Oikeuskäsiteltäväksi,1
_syystä_,1
Rasautteleeko,1
Yksilölläkö,1
Turvallisuuskysymyssyyt,1
Kärjistysskenaariosta,1
Palautuspäätöksessä,1
Piraattisivuilta,1
Kompamaisia,1
Thunberi,1
Luuthan,1
Ympäristöpaskaa,1
Archy,1
Tarpeutta,1
Kompien,1
Normiarvot,1
Ghostvpn,1
Niaa,1
Gluteenikommentillani,1
Proteiinikoostumukseen,1
Jämägluteenilla,1
Siirtolaismenettely,1
Toukkapizza,1
Jääkiekkotoimitus,1
Läskistäkin,1
Karkkijormat,1
Peniskarkit,1
Lypsävinä,1
Flunssaisesta,1
Tehtäväosiossa,1
Tehtäväosion,1
Tilavuuksiin,1
Ylioppilaskokelaan,1
Apaatisia,1
Kotipuutarhasta,1
Yaaaaaahhh,1
Kaupunkimaastureista,1
Harkitumpien,1
Kohotetulta,1
Kuluttavatkaan,1
Kuvankäsittelyohjelmia,1
Puhujatietoja,1
Puhujajärjestys,1
Pitämisesä,1
Merkityllisesti,1
Toimikelpoinen,1
Maassatunkeileva,1
Lihaksikkuusääripää,1
Zoomattuakin,1
Argumentaatiokykynsä,1
Turvapaikkaam,1
Vavassorin,1
Raadonkuvia,1
Autofasisteja,1
Lauluaika,1
Sivupalstalla,1
Euromyyjiltä,1
Kävijalaskuri,1
Lobbauspapereita,1
Risutouhuja,1
Bioenergiakiima,1
Biotouhuille,1
Joelsson,1
Meemiredditit,1
Kansanmurhaajarikolliset,1
Laihdukkaan,1
Huoltoverkoston,1
Edellmainittu,1
Painokikkailu,1
Eurohävittäjät,1
Katsomisjalanjäljen,1
Laskentatehokin,1
Luovuttuja,1
Perusautolle,1
Sverigellä,1
Rispsantunut,1
Journalismipähkinänkuoressa,1
Seahorsessa,1
Levylukkoja,1
Kayttäjänimi,1
Powerkävelylle,1
Palaveriputkeen,1
Reddittailen,1
Metallituki,1
Uudelleentoimitukseen,1
Esittelysängyn,1
Autonvuokraamista,1
Ryppyotsaisuus,1
Maturisaatio,1
Tarvikemallisessa,1
Pyyhkijänsulassakin,1
Isotooppitutkimuksilla,1
Toivw,1
Growlereilla,1
Häivemallinen,1
Maturaatiota,1
Lähiöasuntoja,1
Koiraryhmiin,1
Kuolemauutisen,1
Proteiinistä,1
Hillarista,1
Yliopistoluennon,1
Lentotuntimäärään,1
Irtisanotussa,1
Ablibris,1
A3a4a765,1
F234,1
534g,1
F53y647,1
43wf3w4ttrfhgfgh,1
Ajanhaaskuusta,1
Opiskelijakaksioon,1
Opiskelijakaksiomme,1
D6wpj4,1
Oppikirja_mieskin_voi_synnytt,1
A4_peltokangas,1
Painone,1
Päämestarin,1
Ennemminn,1
Teidenhuollolla,1
Stressimaha,1
Kaupunkiseutuahan,1
Raskasraidehankkeet,1
Muuttavakin,1
Karhujahista,1
Totuudentorvessa,1
Pihahteli,1
Piraattipalvelua,1
Vertailukuvissa,1
V0bndihl_oe,1
Uctap070kri,1
Aaaaaaaauzk,1
Vw5l8wnkz78,1
Tumblr_ljec0qz2ia1qzdll0o1_500,1
Kasvisruokafirmoja,1
Koordninoidaan,1
Lagoosta,1
351g,1
Laatottamassa,1
Manalana,1
Kantakaupunkiasumisen,1
Sotamarsalkkaa,1
Kuoriutumisvuoden,1
Raatokuviin,1
Laadiltulta,1
Lolwuwt,1
Kuluneimpiakin,1
Denialistipointteja,1
Ikääntyvyys,1
Barillen,1
Liennytyskauden,1
Tietsikkajuttua,1
Ylipainoisiinkin,1
Peltokangaan,1
Turvautukohan,1
Vatsakipujaan,1
Ylimenopäivä,1
Linnnunluista,1
Luontoretkeä,1
Julkisisvu,1
Koventuntuneet,1
Someyhteisöissä,1
Hkscanille,1
Lihakebbai,1
Järkyttäväsä,1
Skaalaerossa,1
Brassipihvejä,1
Kasviproteiinintuottajista,1
Kasvisproteiinituottajaa,1
Lihasektoriin,1
Tuplarupla,1
Teippipalassa,1
Ruusupensaikkoon,1
Sarjalaisetkin,1
Kuorolaulussa,1
Kompakyssäreille,1
Profiloimiesi,1
Maksettavavana,1
Dqq0543jwzi,1
Seksivauyhdistykseksi,1
Harjaanjohtamaan,1
Kuoroteos,1
Malliratkaisusta,1
D90m0c,1
Syksyn_2019_lyhyen_matikan_yokokeen_teht,1
Tusinadistroja,1
Tietsikkajuttuja,1
Roinavapaiden,1
Voimanostajista,1
Karlstad,1
Faktantarkastajaa,1
Perinteinestä,1
Taisaisemmin,1
Kotouttamissuunnitelma,1
Sotepalveluilla,1
Mielenterveyshuollolle,1
Työelämävalmiuksille,1
Kaupunpungistumisen,1
Filpstadin,1
Narcosubi,1
Pelaajasaarta,1
Coinstarin,1
Normitulos,1
Kysymyksenasetantaa,1
Henkilötyömäärä,1
Päättelyketjukin,1
Hälyyttävämpien,1
Whitacren,1
Alleluia,1
Lauridsenin,1
Tasankin,1
Ilmastonmuutoskriittisyyteenkin,1
Kerroksesssa,1
Pöhlösti,1
Työhuoneissaan,1
Lähetekeskusteluissa,1
Vapaukset,1
Tuomiopäiväkellona,1
Propagandatehtaiden,1
Materiaalinhankintakeinojen,1
Hypoteesilleen,1
Pilvitutkimuskin,1
Lämpenemiskeskustelussa,1
Kreationistisiiven,1
Kansandeustajaa,1
Tiirikointikerta,1
Hipovissa,1
Wooshatakko,1
Wooshata,1
Callisotan,1
Luonnutkaan,1
Asiantuntijahaastiksissa,1
Mahtiyksilön,1
Clepa,1
Finnaboolla,1
Autious,1
Tarkalleenkin,1
Osatehtävät,1
Potenssiriippuvuuksia,1
Cfda4e9f,1
383e,1
B063,1
8a5ca7bd9b80,1
Umpivihervassari,1
Laikuttamaa,1
Missaamiselle,1
Arviointikategorioista,1
Tutkimustesi,1
Vihantiin,1
Darfurin_konflikti,1
Pikometriä,1
Saastasen,1
Kuusisenki,1
Ntehtävissä,1
Eliitinkin,1
Npusee,1
Verkkosivustojemme,1
Keksituotantonsa,1
Lähotulevaisuuden,1
Ilmastodialogi,1
Ökyristeilijät,1
Yleisyuivät,1
49bb90,1
B89c85a049184eea865e5d4a2cff0fa0,1
Uppgivenhetssymtom,1
Joukkosairastumisista,1
Parnasi,1
Sairaudensta,1
Seuraukseton,1
Ilmastopuheissa,1
Koditsee,1
617sek,1
Suomibr,1
A4_etel,1
A4koreassa_uusi_raison_hyv,1
Comments_view_all,1
Pyöveleihin,1
Häikäilettömät,1
Ctj2d1,1
Irtokarkit_k,1
A4ryttiv,1
A4t_paenneen_yliajajan,1
Testipönkkä,1
Kinkshameata,1
Redditkeke,1
Toitottaneilla,1
Filipstadiin,1
Kultamunakonsentraatio,1
Jätettäisikin,1
Muutospyrkimys,1
Höpömiesten,1
Totuuuden,1
Tuulela,1
Lukijaryhmään,1
Sltrends_station,1
Saastuneimmaksi,1
Rosensteinista,1
Suureenosaan,1
Päätyneeksi,1
Opettelemiensa,1
D9389n,1
Ruotsalaiskunta_nousi_maailmalla_tikunnokkaan,1
Kansakuntatasolla,1
Huuhaatekstiin,1
Mcchickenistä,1
Perusrakenteesta,1
Hengailevaan,1
Da4sqktxolg,1
Efpqqvux4aib1o1,1
D0m6gl,1
Ezarinn,1
Hankaloittamisasia,1
Pätemisenhaluista,1
Yliopistoluentonsa,1
Pistetulon,1
Korkeakouluhuin,1
Unelmakouluun,1
Äruukoohon,1
_haluaisi,1
_vaihtaa,1
Journalistiyhdistys_haluaisi_vaihtaa,1
Omaladattua,1
Toteutuvaisivatkin,1
Osalistumatta,1
Rohrschach,1
Anomaleja,1
Recent_sea_level_rise,1
Sekavuuttahan,1
Interrater,1
Arviointimenetelmistä,1
Törkykuluttaa,1
Elintasomahan,1
Vallankumoushenkeen,1
D_1756,1
Mökkiajaksi,1
Lauseestanikin,1
Coinini,1
Aukkinakki,1
Järkiintymiseksi,1
Suurperhekulttuuri,1
Tuennalla,1
Metritikulla,1
Lentoratansa,1
_9119,1
_fig8,1
10712_2011_9119_fig8_html,1
Mökkitiekelpoinen,1
Robottimönkijäkään,1
Voittajakokoonpanon,1
Tentaa,1
Mqgf,1
Lvc9zmxmwrc0l0onb9vlzu,1
5ed83afe45177befa48d9fcb288e639b726cd50f01fbfb8dcd6c3306f062acda,1
Vaitoskirjaa,1
Elainlaaketieteen,1
Kandityota,1
Edittina,1
Systeemeista,1
Julkisuudestakin,1
Kontroversiaaliset,1
Vaikutuksiamme,1
Huviristeilijöitä,1
Moottoriurheilutapahtumia,1
Giljotiinifantasia,1
Superterveellistä,1
Ilmastoitoimet,1
Vasemmistohenkisille,1
Ilmastovalheen,1
Vastateorian,1
Hömpömpömppö,1
Vihervassaririnkirunkkausta,1
Paskaöljyllä,1
Suijellaan,1
Viestisilläsi,1
Ankarrammin,1
Ralliurheiluun,1
Globaalipäästöihin,1
Ökyristeilijää,1
Ökyristeilijen,1
Syämällä,1
Lutuisuudella,1
Käyttääpi,1
Nousutahtia,1
Pätemisenhalulla,1
Huijauspropaganda,1
Tytäryhtiöhimmeliä,1
Yhteinäisiin,1
Metsäläntiellä,1
Suojatiesäännöissä,1
Kolesterolitasojen,1
Geartronic,1
Ycgoib7,1
Kukoistavasta,1
Haukionkalatekniikalla,1
D94nrw,1
Nainen_haki_naposteltavaa_f1kisoihin_15_promillen,1
Asiantuntija58,1
Kouluttautumistasoja,1
Ykkösyliopistoista,1
Evoluutiobiologilta,1
5k7lg6,1
Urpinekuoriaiskoiraiden,1
Windscribella,1
Sisältöalueille,1
Windflix,1
Kampanjakoodeja,1
Tietotekniikkasivustoilta,1
Kohujulkkissaari,1
Käsinukkeinaan,1
Fikuureina,1
Maamonttuun,1
Rahtitonnia,1
Alkusijoituspaikka,1
Huopahattuaan,1
Eippo,1
Lohdutuskeino,1
Lihavuusongelmaankin,1
Dieettiohjelmilla,1
Mphil,1
Humanistieteistä,1
Salauspykälää,1
Seksuaalivähemmistöstatistiikkaan,1
Hommailuista,1
Kokaiinilastista,1
Risteilijat,1
Jatevesia,1
Turhautuville,1
Tuksellinen,1
Epätodennäköisemmistä,1
Decontokin,1
Skeenarioista,1
Streittihetero,1
Pakkasmittareillaan,1
Persuilemassa,1
Juston,1
Mothia,1
Makeismainoksia,1
Screenshottaan,1
Screenshottauksen,1
Wif9b4hcq2q,1
Ilmastokielteistä,1
Ruokatuottajia,1
Matokompostilaatikko,1
Bokashijätteen,1
Cj0kcqjwokzsbrc5arisaitcwxgszjgy7b2dv7i_zofjssifrlekgtlt4bzovncnq,1
5nk5ffbd0z8jeaaiu5ealw_wcb,1
Jaeaekiekko,1
Hockeycorner,1
Raiskattakoot,1
Neuvostoystävälliseltä,1
Spiraalimaiset,1
Empiirine,1
Taikuusko,1
Puolhan,1
Leiriaamut,1
Kaakaojauholla,1
Luojasaatana,1
Massahauta,1
_gene,1
Mediarööristä,1
Lehmänkasvattajille,1
Jaloittelee,1
Tunkettu,1
Kärkilistan,1
Kärkisijanäkymässä,1
Kärkilistauksen,1
Vakiintuneisuudessa,1
Emotinaalisen,1
Seksuaalisuttaa,1
Human_sexuality,1
Haluteillä,1
Reheä,1
Lipunmyyntisivua,1
Pakettitariffeja,1
Sokeripinnoitus,1
Keisakuntaa,1
Manafortista,1
Kiinanpakettifirmat,1
Väkivaltarikostuomioissa,1
Työverotulojen,1
Sairaseläkekustannukset,1
Palkkatoimistot,1
Laadullla,1
Vakiokapakassa,1
Rinkirunkkarimeininkiä,1
Ensiskeptisyyden,1
Paperinipulta,1
Ilmastonmuutosasialle,1
Nippasu,1
Kadunvarran,1
Taskupaikkoihin,1
Näkkileipiin,1
Krhmkokoomuskrhm,1
Ykkösuutisasema,1
Cronit,1
Laktoosinsulatukseen,1
Afrinik,1
Trumperi,1
Lisäscriptikikkaretta,1
Ilmastopakolaisvirtoihin,1
Staaloja,1
Valokuvalätyskää,1
Enemmistöääntä,1
Kalamurekepihvit,1
Kampanaja,1
Kadunlaidassa,1
Tranglialla,1
Ampumasarjan,1
Könyämisen,1
Mainostuksissa,1
Margariiniexpertti,1
Vuorineuvos3,1
Vitunsaari,1
Nieriästä,1
5n2gnn,1
Yliajajana,1
Käyntireissu,1
Palholti,1
Vittusaaria,1
Selainikkunalla,1
Switcherillä,1
Thatsthejokemcbain,1
Lohensukuinen,1
Lohikisassa,1
Nieriät,1
Kansainvaelluskohta,1
Ikiroudankin,1
Dlk01087,1
Diabetesvaikutuksia,1
Hyljeksintäreaktion,1
0eurosta,1
Ilmastopelleilyä,1
Ruuhkamaksuvastustukseen,1
Suojelusreaktio,1
Moderaattorikaan,1
Lohikaloihin,1
Jälkimmäiseem,1
Ilmastokommunismia,1
Täspäivösiä,1
653e30a09883a7c2be20e556b31237ef,1
Postisopimukseen,1
Palates,1
Geenibooli,1
Happosateesta,1
Vyöhykemuutokset,1
Nopeuspeleissä,1
Shiiasta,1
Tulotaakka,1
Ilmastotaakkaan,1
Zdgmpvxxxte,1
Kostomentaliteettinsa,1
Viharunkkaaja,1
Äärivasemmistopuolueiden,1
Avolaitokset,1
Puolikko,1
Vahustenhuollon,1
Kasvisruokakokeiluissa,1
Veronalennukseksi,1
Ilmastoänkyräpseudoargumentti,1
Joukkoliikeenteen,1
Muuttolikeenteen,1
Vastasavustettuna,1
Kantapaikkoja,1
Opppimiskokemuksena,1
Runtomiin,1
Näpäyttelyäsi,1
Valtisen,1
Tunnelirapsan,1
Lisäliikenne,1
Verkkoadresseja,1
Suvaitsevastosta,1
Vakiokohdassa,1
Lauloille,1
Haukikeiton,1
Särkeäkin,1
Mustikallekin,1
Pakomatkalta,1
Helsinki_metro_plan_1963,1
Ruotoisuuteen,1
Kliksutan,1
Piraattituomiot,1
Uppgivenhetssyndrom,1
Tyhmyyksilläni,1
Hiddencities,1
Oppiarvojen,1
Hiljennysoperaatiosta,1
Ulkomaillasyntyneitä,1
Öyhyttäjiin,1
Haukifilettä,1
Fileoia,1
Kalastetuista,1
Ylimaustetuilla,1
Pihvipalleroilla,1
Harrasteaikana,1
Vahinkolapsivakuutusta,1
Atlantinkadulle,1
Myöhäisti,1
Kupattavasta,1
Tiedekuntayhdistyksen,1
Opko,1
D8ynpk,1
Eduskunnassa_keskustellaan_seksuaalirikoksesta,1
F1gwrpu,1
Metalliyhdisteitä,1
Warmingin,1
Kalapihveinä,1
Landelahkolaissiivessä,1
Avartuis,1
Samantyylisyyden,1
Mandariinina,1
Autoilunedistämisprojekti,1
Minimipysäköintivaatimuksien,1
Muraisen,1
Meiwwä,1
Animawia,1
Oikeeswi,1
Pewwejä,1
Kaiwata,1
Elatusvastuuvakuutus,1
Yhdysyhdyssanahuumoria,1
Tuontilohen,1
Lempikalaani,1
Porttipitely,1
Angående,1
Informationsteknologi,1
Ögonblick,1
Moraaliliehutukset,1
Urbaanivegaaniunelmaan,1
Käsidesigeeliä,1
Filtteröidän,1
Kestolista,1
Autoilijavihamielinen,1
Informaatiosulussa,1
Amaatööri,1
Kotilamaisen,1
Paluubussi,1
Investointiprosenttisi,1
Rekevantti,1
Puronieriä,1
Fontinalis,1
Eukkua,1
Kotitontti,1
Kehityslähtöiseen,1
Maidontuotantotilojen,1
Maatalousekonomiasta,1
Justiinoiden,1
Kuubanmatkalla,1
Rommipaukkuja,1
Kylpekää,1
Terästonnien,1
Helmiksi,1
Tonnipommilla,1
Keijukaismainen,1
Mab02,1
Suureelle,1
Lamppuinen,1
Malliratkaisuissa,1
Huorasaarta,1
Ulostuloteiden,1
Bfufltr,1
Autolauttaliikenteestä,1
Megastaria,1
Sammuttelevasta,1
Jarruteli,1
Avioliittoleikit,1
Koskevassahesarin,1
Yhdyskuntarangaistukseen,1
Prosentitki,1
Koeajelen,1
Ongelmavyyhdiksi,1
Männänpalautinjousien,1
Onkisetillä,1
Lunastamasta,1
Intimitettii,1
Lapsikohteiseen,1
Maakuntajohtajana,1
Männänpalautinjousi,1
Jätkäsaareasa,1
Kopterijutut,1
Kulkuisemmassa,1
Gol5vf8l7fc,1
Johtelemaan,1
Äkkidieettiä,1
Valkosuutta,1
Uuuuuts,1
Rommibaareista,1
Tarjoilijattaret,1
Ymmärtävin,1
Kliinisempään,1
Bulletpointteina,1
Rikoslaitosta,1
Kostorunkkaus,1
Vessahan,1
Kapasiteettiyksiköstä,1
Rähinärecordsista,1
Tiimatäppäri,1
Kapasiteettiyksikköä,1
Kafkalaisen,1
Hyppäämäön,1
Fossiulisten,1
Goobal,1
Väheäminen,1
Poruskasta,1
Minimirajapyykkiin,1
253ac1929679dfd902501ef71f3d8600,1
Älykkölasit,1
Infrakorvauksena,1
Korkokantama,1
Piirakkataikinaa,1
Uusintarikollisetkin,1
Kansivikoja,1
Sivumeriä,1
Fu62k4k4sq4,1
Englightment,1
Länsisatamankadulle,1
Megasiltaa,1
Irtokipinöitä,1
Korjauspäivityksen,1
Vakuutuspetokselta,1
Yritelmästä,1
Nälänbtakia,1
Kasvispaahtoa,1
Mäkkriin,1
Kasvishöystö,1
Ikäiksen,1
Badstu,1
Kasvisopaahto,1
Kasvispaahto,1
Kasvisleipä,1
Kasvishyöstöä,1
Kostorunkkarit,1
Uusintaprosenteilla,1
Selvitetyksessä,1
Vaipanpesijä,1
Elämänlaatuumme,1
Kalliikksi,1
Valtaantuloon,1
Yksisukupuolinen,1
Kloonatuilla,1
Nykylennoista,1
Kirjauduinpas,1
Haisulillakin,1
Puronieriäkin,1
Istukas,1
Joukkoliikennelipusta,1
Kalakalakalakalakivakaveri,1
Kasvishöystöä,1
Perusteinko,1
Aivoverenvuotopotilaan,1
Pölhöydellään,1
Siansorkkia,1
Tubelesstettajan,1
Lihapoikien,1
Kossurussiani,1
56f50cf6,1
2dd5,1
97f5,1
2725ebd392a0,1
Unohdammeko,1
Kuljetusriskin,1
Osuustoiminnallisesti,1
Ruokasektorimme,1
Kuluttajalähtöisempi,1
Rasvattomampaa,1
_progradu,1
Koivusaari_progradu_2017,1
Kouluillle,1
Äyskeröimään,1
Ajankohtaakin,1
Kokeilullisista,1
Kojdalta,1
Punaattilettuja,1
Kouluken,1
Mielumnun,1
Nykynaailmaan,1
Juustoisss,1
Lyhentymisenä,1
Öounasta,1
Ilgapäivällä,1
Tsipuvaisempia,1
Oppimistulostne,1
Optimeilta,1
Vihafantasioita,1
Joukkohaudanvakavasta,1
Vessatheory,1
Evoluutionvastaisuuteen,1
Keittotasot,1
20muumipeikko,1
20pyrstotahti,1
3a80,1
Demonii,1
2fexodus,1
Animaatiotarinankerronnan,1
Turriteksti,1
Keppivaihdeloota,1
Väheksytympi,1
Saksalaiskärreihini,1
Hydraaliikkoja,1
Saksalaisautossahan,1
Muumius,1
_gearbox,1
_recalls,1
_dsg,1
Shift_gearbox,1
Problems_and_recalls_of_dsg,1
Equipped_vehicles,1
Niinnomut,1
Hankintaperusteena,1
Uusintoihinhan,1
Harrastuskalastajia,1
Kulustustakin,1
Finlands_most_expensive_tv_show_new_moominvalley_series,1
Muitsin,1
Tulvarajan,1
Erilaisuudenpelkoa,1
Saimpaannorpaan,1
Riistamuhennosta,1
Emilíana,1
Colorist,1
Mellah,1
Dodie,1
44qcbuh,1
Vjktio3,1
Shqtu4g,1
Sy51vvf,1
R1ykzwi,1
Liityntäpysäköinnillä,1
Prahassahan,1
Hymäh,1
Vaggilaisissakaan,1
Keppivaihdelootat,1
Laatikkorikot,1
Garoffin,1
Pyöräjutuille,1
Uskaltaneekohan,1
Löydettään,1
Autolauttaterminaalitkin,1
Vänernin,1
Äidinkieltäänkin,1
Uusimisasteen,1
Ensalkujaankin,1
Korkeamminkoulutetulla,1
Valmiudethan,1
Lapseilla,1
Oulunjärvennorpaksi,1
Hoitonorpalle,1
Siansorkkiin,1
Kananjalkoihin,1
200neliöistä,1
Kuivaosioo,1
Ilmastorasituksensa,1
Ilmastotunteilijat,1
Tavaroihini,1
2_232,1
Pikmentin,1
Eksinnön,1
Tippuminenkin,1
Koktailpiirakoita,1
Teelajitelman,1
Kanakiusaus,1
Saunasanastosta,1
Etymologiakirjallisuutta,1
A19c4d1351ff4a48a9024aa15c81f47b,1
Nastiest,1
Swiping,1
Rehevöittämistä,1
Soputumaan,1
Vagn,1
Ruostesuojaamaan,1
Rollahan,1
Ruostesuojattomuudella,1
Hedelmällisyysalueiksi,1
Hedelmällisyystasolta,1
Boxsetti,1
Tojotaltakin,1
Naruautomaatteja,1
Lähiökompleksin,1
Innovaatiopuolta,1
Rassisteiksi,1
Teatteriepisoodi,1
Jämävuoroja,1
Näinpäinkään,1
Andua,1
Homеr,1
Simрsons,1
Homеrin,1
Nopее,1
Kaksmielisiä,1
Candidesta,1
Fossiilisähköstä,1
Metallikikkareesta,1
Alkurutsien,1
Harmaahylkeitä,1
Työttömyyteenkin,1
Fes9nad0d4,1
Baltiakin,1
Kertakäyttöluurien,1
Öyhöpersu,1
Pirumaisia,1
Animaatiojäljessäkin,1
Liuskis,1
Crospostannut,1
Midäviddua,1
Laboratorionsa,1
Seeprapeipoille,1
Seeprapeippokoiraat,1
Burleyn,1
Burley,1
Crests,1
23276464_a_taste_for_the_beautiful_latent_aesthetic_mate_preferences_for_white_crests_in_two_species_of_australian_grassfinches,1
Seeprapeippojen,1
Peippoaivojen,1
Höyhenhatutkin,1
Finch_fig2_23276464,1
Pikkujouluälynväläystä,1
Noppahärkiksen,1
Etymologioinesi,1
Ahdistelutilanteista,1
Teinibändi,1
Hyljelajien,1
Luonnonpoikasia,1
Ysärianimea,1
Muumihenkisyys,1
Muumitunnelma,1
Kiintiösysteemissä,1
Kiintiösysteemin,1
Rantojensa,1
Päiväisissäkin,1
Autovoittoisen,1
Texaslaisten,1
Nettiystymisen,1
Mieskohortissa,1
Ägde,1
Ratapihakorttelit,1
Tornialueelle,1
Suunnittelualueelle,1
Aloitusalue,1
Concurssion,1
Vasemmistofanaatikot,1
Innovaatiopuolen,1
Innovaatiomaaksi,1
Sillisalaattisekamelska,1
Kopernikukseen,1
Nielijöiksi,1
Koulutetuimmissa,1
Seuranhakukanavissa,1
Mekaniikkasuunnittelun,1
Haggikseksi,1
Perunaomeletti,1
Mariannekarkit,1
Hinarit,1
Drenge,1
Heikontanut,1
Ylipumpatut,1
Paskadominot,1
Kolmennenkymmenen,1
5slb9u,1
Päästämistäkin,1
Liitynnöillä,1
Nykykeskustasta,1
Autoiseksi,1
Ruuhkaahan,1
Syöttöväylä,1
Luontokeskukseen,1
Lohimurekepihvit,1
Jyrkäks,1
Kriisiks,1
Förväntade,1
Koulurualle,1
Lånord,1
Nationalidentiteten,1
Styrande,1
Meksikolaatikko,1
Böj,1
Sfxaaqp,1
Maaruskaa,1
Kaulakeinunnan,1
Danskens,1
Ohikkaita,1
Lauttaterminaalit,1
Huonompigeenisiä,1
Burritopaikkoja,1
Gallolla,1
Lempifajitakseni,1
Kastikkeinen,1
Paputacot,1
Kuuriimuin,1
Победа,1
Muminpappa,1
Jagärbög,1
Kasvuhakuinen,1
Dealdash,1
Kapitalistipossut,1
_työllisyys,1
Bruttokansantuote_ja_työllisyys,1
Öljykeskukset,1
Reaalituloiksi,1
Turin_metropolitan_area,1
Raittiusputki,1
Perheenperustusiässä,1
Ngglfoznm2o,1
Vauvabisneksen,1
Liksojenkin,1
Tarkemmikin,1
Bae1efc6e9647f837d94e7da39d638aa,1
Työorientoituneina,1
Perhekeskeisyydeksi,1
Ihannemäärää,1
Ihannelukuun,1
Koekisi,1
Googlebrain,1
Caarrrlllll,1
Läpimurtotulosta,1
Swm,1
Mobiililaitteitamme,1
Kuluttajahintaisia,1
Kaivaisimme,1
Laatukapasiteetti,1
Paperianimaatioita,1
Japanilaismuumeja,1
Danskarnas,1
Siirtolaisistahan,1
Tillrättavisar,1
Ständigt,1
Lisäistumista,1
Redaktion,1
Piilaaksonsa,1
1d0b2770,1
93ff,1
99f383b09ff9,1
Aiforhumanity,1
Tekoälyästrategiaa,1
Nettipariutumisen,1
Tutkimusbudjetit,1
Wdbw91yheix21,1
Meksikolaistyypistä,1
Hispaanista,1
Valmispurkkikastiketta,1
Stokiksella,1
Köpiksellä,1
Sassanmualla,1
Ulkomaanpelleille,1
Animasi,1
Animuksesi,1
Syyntwya,1
Jaopen,1
Täuu,1
Hirttäisivät,1
Roskasubi,1
Kalaäijien,1
Aikarajoituksin,1
Kommeintin,1
Vårat,1
Förflutna,1
Tiedostaneisuutta,1
Uunilaatikko,1
Xy2tbx6u_qs,1
Ounastelemiisi,1
Maarusksaa,1
So76brw,1
Eosbuoyy3hw,1
Ydinvoimalatyömaalla,1
Opiskelijakatoon,1
Kohdemaatansa,1
Ylikireäksi,1
Ehdassa,1
Taqueriassa,1
Cholulasta,1
Yleistyneellä,1
Ahdistuneisuushäiriöllä,1
Pessimistisimpienkin,1
Maaseutueläminen,1
Kaupunkieläminen,1
Oluttölkiltä,1
Mercadossakin,1
Texmexjauhelihasoossia,1
Searchandrescue,1
Venemiehille,1
Lagervertailun,1
Käsipyyherullajärjestelmä,1
Olmeekit,1
Tinder_,1
Muumikisa,1
Pääkköseen,1
Lonkerotestiään,1
Turvaesimiehillä,1
Maksalaatikkotortilla,1
Hailaiffista,1
Painajaismainenkin,1
Mielesäs,1
Moomoo,1
Aloitusduuneja,1
Älyisissä,1
Lihakönttiensä,1
Eläkemasseista,1
Poikaystäviksi,1
Hirvityspitsa,1
Heräävästä,1
Juteltuasi,1
Päivittelyjuttuja,1
Viihdeärsykemassana,1
Panemiskertoja,1
Peruslagerina,1
Gretafaneja,1
Prosesoitava,1
Kuralätyt,1
4a87ce,1
6fa7d2d79f004152a7e4ab16b209f911,1
Perhejuustot,1
G_1810081753,1
Korruptiostahan,1
Maahanmuttoprosessin,1
Ohituslinjat,1
Anteeksipyyntövelvollinen,1
Lapsikommenteissa,1
Switcharoutsi,1
Kalankasvatuslaitoksia,1
Ravinnekuormituksesta,1
Ulappaosatkin,1
Jokakesäisiksi,1
Ulappavesien,1
Rannikkovesiä,1
Ravinnelisäys,1
Julkishakllintoon,1
Tavarantarkastus,1
1jum1hqgnetfxqk,1
_nladjkqd00zxgorpo,1
Ongemistaan,1
Loppusijoituspaikalla,1
Taakanjakohaaveista,1
Huippuyliopistoihinsa,1
Instathot,1
Tervetulopolitiikkaansa,1
Olympiakisojahan,1
Kilpailukykyiä,1
Joseenkin,1
Väitteleekin,1
Syyriälaisten,1
Notiisi,1
Paskakiekoista,1
Ryhmäkannemahdollisuus,1
Lapsiperheineen,1
Pizzoihi,1
Mikälievastustajien,1
Perseenpuristeluita,1
Tätinaisilta,1
Koskettelleen,1
Hysterisoitua,1
Maahantuontiakin,1
Pohjapaperilla,1
Nykyruljanssista,1
Kampaamoissakin,1
Gretathunbergeilyt,1
Ekolakkoilijat,1
Moderninkauden,1
Airstuff,1
Contamines,1
Käräjoikeuteen,1
Kajakeillaan,1
D8ltn0,1
B6_ik,1
A4ntyy_syntyvyys_laskee_kest,1
Muistoplakaatin,1
Tarkastusraporttikin,1
Xpel,1
Touchup,1
Pakomatkansa,1
Kotietsintoja,1
Erotuvat,1
Mainossektori,1
Laivatakseen,1
Erilaineen,1
Vitutuskäyrässä,1
Rikosseuraamuisviraston,1
Tuomionjakoja,1
0hdi,1
Kurjistamssa,1
Ilmastokapina,1
Futiksenkaan,1
Pysyiskään,1
Avomeriä,1
Josnytkuitenkinkautinen,1
Paineenalaista,1
Maahanmuuttoväylähän,1
Betonikompleksi,1
Supervanhemmuus,1
Maistereiksikin,1
Väikkärihommiin,1
Työpaikanhan,1
Tuplaihmiskauppaan,1
Työnosto,1
Termondynaamisesti,1
Aaa273,1
Vesiluontoon,1
Bakteerihajotuksen,1
Mörsseliksi,1
Ykkösijalla,1
Kertrainen,1
Maitotuesta,1
Ajojohtimen,1
Krutzgekartin,1
Populaatiomäärässä,1
Ilmiantonumero,1
Kameraoptio,1
Valvontakameron,1
Einesruuasta,1
Nauseudestasi,1
Ghettokalzonen,1
Linnakkeissakin,1
Offendereita,1
D9x8g5,1
Viro_kokeilee_aivan_uutta_konstia_ylinopeuksiin,1
Karmahuoraustilini,1
Kilokarma,1
Sähköpotkulautoineen,1
Yhtriskunta,1
Viällä,1
Roikeläppää,1
Kyseenalaistamattomalta,1
Kansanvaihdolta,1
Ruostumisväitteeseen,1
Maaliasioihin,1
Paulatus,1
Paranormaalimpia,1
Vahinkolöytöjä,1
Itsepoimituilla,1
Vihernaisen,1
Koffitölkki,1
Kapitalisminvihaaja,1
Epäsiveelllisesti,1
Sukulaistyttären,1
Alanuoöitetaan,1
Ilmastonon,1
Nähdääs,1
Kenttäoikeudenkäyntii,1
Keksiö,1
Kohdeltaispa,1
Ylppärikirjoituksetkin,1
Esennutetaan,1
Sakkopostia,1
Ekmz3xa,1
_global_warming_potential_of_selected_electricity_sources,1
Asentamosta,1
Ruostetakuuseen,1
Ydinsauvat,1
Leväperälle,1
Maksimmointiin,1
Pintavihertävien,1
Massaharhaluuloilla,1
Rengasavaimen,1
Perheensäkkin,1
Penkkiki,1
Valaistuksetki,1
Hangonlehti,1
Suunnitteluvirheeksi,1
Aikavyöhykeet,1
Fosforikuormaksi,1
Ärsuomessta,1
Junttisektorin,1
Rasvakourademarien,1
Hanhiniemelle,1
Äpäröityy,1
Ilmastotietoisuutena,1
Tunneperustein,1
Kiinteätehoisilla,1
Voimalaverkkoa,1
Huoltotaukoihin,1
Varalinjoihin,1
Käskysana,1
Ilmastojalanjälkemme,1
Ilmastokädenjälkemmä,1
Innoitin,1
Salmelajaakko,1
Megarakennelmat,1
Hehä3,1
Träkkerimokkula,1
68f81914,1
602b,1
522d483feea2,1
Perustavanalaatuinen,1
Misogynisteistä,1
Itsarkeissi,1
Kasvanneet,1
Sosiopaati,1
Kurkkusalaattikaverin,1
Aamutsufet,1
Kivikköön,1
Ennaltaohjattuja,1
Ilmastofilosofiaa,1
Miutenki,1
Heiluvatkin,1
Kynttiläkullkue,1
Nokkahiippareiden,1
Tsunamiaallosta,1
Osaamattomuuskohdista,1
Ydinvoimasäteilyä,1
Ideologisteilta,1
Lauhdevoimaloilla,1
Sumussaan,1
Polttolaitoksi,1
Energiapulman,1
Päästiöjä,1
Megavattitunti,1
Ihquin,1
Pikavertailuna,1
Ipdssfh,1
Saikkukierteestä,1
Nuotiotonttuna,1
Tervaksista,1
Sankoineen,1
Qatarit,1
Aselaukun,1
Elektroniikkavikaa,1
Totetesin,1
Ilmastointisuuttimesta,1
Tsembaloille,1
Possunsuikalepata,1
Ananaspaloilla,1
Kiinnitetysti,1
Turvakaapeleiden,1
Merkitysteltään,1
Tacostaan,1
Siirtymisvauhti,1
Järkiperusteen,1
Minimipalkkanollatuntifeikkisoppareita,1
Tarkastuskäyntiähän,1
Tarkistusprosentti,1
Taukorikkureilla,1
Ylinopeusrikkeitä,1
Liityntäpysäköntiin,1
Työmatkoihisi,1
Factitious_disorder_imposed_on_another,1
Postirobotin,1
Defaitismin,1
_lainsäädäntö,1
_virhevastuu,1
Maaottelu_suomen_lainsäädäntö_virhevastuu_sekä,1
Autopajassa,1
Jäähyläisille,1
Aikayksiköihin,1
Rysäpaikalla,1
Osaisimmekaan,1
Oottelinkin,1
Omavaraistuu,1
Niukintumisessa,1
Lumipalloefektille,1
Maaliongelmaiset,1
Sopurahalla,1
Puheimet,1
Tarvikevyö,1
Seperimmäinen,1
Rukkasilla,1
Illanvietteenä,1
Lähiöisen,1
Kansanruokaa,1
Asennutuna,1
A4lleenvakuuttaminen,1
German_nuclear_reactor_insurance_association,1
Tuuivoimaloista,1
Alcoholist,1
Tietynkaltainen,1
Vasemmistoeliitiin,1
Lgbttiqq2sa,1
Guu0swaaaodhb,1
Käännöstäkin,1
Optimististiselta,1
Mielenosoitustarkoituksessakin,1
Ylikulutuskulttuurissa,1
Markkinakultin,1
Turrutetulle,1
Nykypalkallakaan,1
Unelmatyöntekijöitä,1
Ruostetakuun,1
Viritelmästähän,1
Fuusioihmettä,1
8pqzsh1,1
898gwgkh2ua,1
Nltioipwo_k,1
Huikalle,1
Viikonloppurepsahuksia,1
Mentäköön,1
Messiasteknologialle,1
Musiikintekijöistä,1
Striimatuimmat,1
Ajattomaksi,1
Titeleerattu,1
Ilmastovuohottajat,1
Vahvistuskokemuksen,1
Käyttäjäclusteria,1
Cassandradb,1
Virtuaalivertaisarvioinnissa,1
Shoppailunakin,1
Ulkoistusyhtiö,1
Krapulaamuna,1
Ilmastovouhottajien,1
Puristako,1
Sponssiapua,1
Kokoontuuyöh,1
Öyhhyöhhy,1
Blaaaarghsermmazzherh,1
E0187cf3,1
3cc1,1
A331,1
59adbae4947c,1
Avaamistarkoituksissa,1
Tapahtumasarjoina,1
Arvolatinkia,1
Rutiinitasolle,1
Käyttöprofiilini,1
Lopettaessanikaan,1
Sekondaariset,1
Puuhaamiselle,1
Tuliliemessä,1
Moukuttamaan,1
Hermeitä,1
Päästökohdetta,1
Puolesssatoista,1
Korkeakouluttettujen,1
Sarasvuonkin,1
Kiltojenliitto,1
Lastentarhanopettajapula,1
Bullshittikeinoihin,1
Kyykyttämisensähän,1
Kapitalisminvastaisuudesta,1
Loppuunsinetöity,1
Näkemisystäsi,1
Deadlink,1
Ydinvastuulaki,1
Ydinvastuulain,1
Ydinvastuu,1
Valistuneemmissa,1
Rospuuttokelissä,1
Amerikkalaistyyppisessä,1
Pykäleet,1
Työlakkoon,1
Seitsemännes,1
Tempoutunut,1
Huokoisuudesta,1
Boliviaahan,1
Iyl,1
Iltapuuhasteluun,1
Aamupuuhasteluihin,1
Iltatouhuihinkin,1
Oikeuskamppailuun,1
Clickbaittii,1
Factor_markets_35,1
_agriculture,1
Sustainable_agriculture,1
Maitotonnin,1
7vuodeksi,1
Reseptiikkq,1
Klikkausken,1
Asiaperusteisestikin,1
Vuohenraiskaajiltakaan,1
Leegioista,1
Painottanisivat,1
Valaiseminenkin,1
Kokonaisvaltaisuudellaan,1
Tonnikalaroiskeläpissä,1
Patenttipaperi,1
Eläinruokapeltojen,1
Heinäkasvustoa,1
Muljutat,1
Jeesustemppua,1
Sijaisperheeltä,1
Ympäristökatrastrofin,1
Valinn,1
Sosialististeille,1
Sosiaalireformisteilla,1
Roskapussiasi,1
Nistipää,1
Jsillä,1
Jatkamistakin,1
Giulianiin,1
Zelenskyylle,1
Terveysargumenttikin,1
Kirjoitetumpia,1
Virkarikossyytetutkimukseen,1
Puhelustakaan,1
Bideniäkin,1
Virkarikostutkintaa,1
Bxeddclw3sm,1
Ilmastoperustainen,1
Viljelemättömyys,1
Leinoko,1
Laatutehtaalta,1
Kaasukaupat,1
Kokonaiskaasukaupasta,1
Jalostamotoiminta,1
Avokatkot,1
Konsentroidun,1
Obligaatteina,1
Lihansyöjinä,1
Märkäpainoon,1
Märkäpainoista,1
Rehukalaa,1
Kalaresurssit,1
Kassikalan,1
Lubchenco,1
Asmala,1
Ambio,1
Peittyneitä,1
Euro_truck_simulator_2,1
Aivokatoa,1
Seikkailunhaluaan,1
Pruttulan,1
Pierukylän,1
Tradenomilinjalta,1
Kommunistisetkaan,1
Työnvoimanpuutetta,1
Muumilaatikko,1
Makaronimukissa,1
Massivisinkaan,1
Valvontabyrokratia,1
Ovistahan,1
Rehevöitymiset,1
Murheelle,1
Lohenkasvattajat,1
D8yxfm,1
A4_katso_dohan_yleisurheilun_mmkisoja,1
Unesco_intangible_cultural_heritage_lists,1
Viidakkohirvi,1
Sateenkaaritamineissa,1
Yhteiskuntajarjestelma,1
Männävuosituhannen,1
Keskuskomiteoihin,1
Sääntöbyrokratiaa,1
Itsemurhakyltti,1
Vastamielenosoittajina,1
Itsemurhaläppä,1
Monomaniaasi,1
Pienhiukkassaasteiden,1
Paikkaanko,1
Epikset,1
Pitkävetokohteena,1
Viihdyttäkööt,1
Vidt,1
Hekotteluun,1
Tökköisin,1
Paskotussa,1
Traumakokemuksen,1
Traumakokemuksesta,1
Esimerkillisimmistä,1
Varoteltukin,1
Redditittäjä,1
Imurointikerran,1
Leveyspiireistä,1
Tervasaaresta,1
Katsettasi,1
Haluttomiis,1
Vihreämielisiä,1
Uoke0r9vyqesm,1
Uoke0r9vyqj,1
Savupiipputeollisuusmaana,1
Ihmisoikeusjärjestöiltäkään,1
Mätkäisemät,1
Kaukolämpömarkkinalle,1
Demoninmetsästäjä,1
Ylitsepääsemisen,1
Metakognitioni,1
Aggraariyhteiskunta,1
Supersankaritarinoita,1
Sotasankaritarinoita,1
Jättimyllyä,1
Underrailissa,1
Vanhanaikaistyyliset,1
Hirvittävimmistä,1
Kaupasfa,1
Pdf38,1
Emojiki,1
Uutislenkki,1
Wendelstein,1
Fuusiodonitsia,1
1ktwftjwaqzde,1
790b76117bda22a100e9b8ab8a3f2ffc5a4a8837d4aeb324,1
Kodinkonetavaratalon,1
Yu1pjt7p6sk,1
Valmistetaanhan,1
Sähkömoottorijunia,1
Raitioteille,1
Maakoodiin,1
Iso3166,1
List_of_iso_3166_country_codes,1
Maakoodille,1
Skinareit,1
Nekruks,1
Sekuntejakaan,1
Redditnisti,1
Teholuokassa,1
Koksunuorten,1
Keskusprosessorit,1
Apuprosessoreita,1
Masennuksen_etiologia_ja_epidemiologia,1
Persoonallisuushairioiden_etiologia_ja_e,1
Mellakkapysäytys,1
Fyn2ekvdxxi,1
Löysk,1
Läysk,1
Lokinsiipiluukuista,1
00eur,1
Hiiliverotuksesta,1
Vähähiilisempään,1
Homeharhaiset,1
Hometarkastukselle,1
Kasarikaksiolle,1
Uuninrapeaa,1
Mautonz,1
Tiedekysymykseksi,1
Rollercoastereja,1
Lyheympiä,1
Periytymä,1
Subitjoidenolemassaoloonuskoin,1
Äkill,1
Paskajäynäily,1
Nyrkkikoulutusta,1
Vanhanaikaisemmalla,1
Hiilivoimalainvestointien,1
Uraanihöyryä,1
Nuorlso,1
Suvullisia,1
Suomicommunity,1
Äijäpisteitä,1
Naisurhelijoista,1
Demoninmetsästäjämme,1
Saarioisessa,1
Kertalautane,1
Margariitaa,1
Pepperoonii,1
Työansioiden,1
Circkleissä,1
Biolämpövoimalla,1
Imagonrakennukseksi,1
Adoptiossakin,1
Moottoriajoneuvona,1
Metsätaloustyötä,1
Maataloustraktoriksi,1
Dosx4ll,1
Puolirahastoivasta,1
Artesaaniopintoihin,1
Ihmispelleä,1
Miekkaressa,1
E1e7549e,1
Dbb9,1
B844,1
19f13a6b1ea1,1
210f9c03,1
Ded9,1
Ef72df2a15ff,1
Kirje_20190823084000,1
Traktoriluokka,1
Nelipyörien,1
Kiihtyvyytensä,1
Acceessiin,1
Peräruiskeelta,1
Cottage_cheese,1
Suuntuntuma,1
Silppuun,1
Siipisten,1
Paluuaura,1
Siipisellä,1
Vaunuauralla,1
Viistokkailla,1
Repaleisilla,1
Suorakylvä,1
Noukinvaunujen,1
Kiireydelle,1
Kyykytettän,1
Arvonallennus,1
Ilmastolakkolaiset,1
Päästörankkingia,1
Muljuilu,1
Kahdenkymmenenkirjaimemraja,1
Tramontano,1
Shakeup,1
Buretta,1
Transcribe,1
Fujz_eiix8k,1
Rihmakallolla,1
Ruåttalaismallille,1
Subitjoitakaaduinvarten,1
Uusikaarlepyyssä,1
Rukkilava,1
Asetelluilta,1
Sälyttämästä,1
Direct_costs,1
Summarivi,1
Indirect_costs,1
Luonottomat,1
Paskamaitohyllyllä,1
Jättikärryyn,1
Kauppansakkin,1
Maitohirmujen,1
Meijereidensä,1
Myllyviidakko,1
Jonkisverran,1
Laitossuunnittelua,1
Savukaasunpuhdistus,1
Äärivassaripiireistäni,1
Peruspeltotöitä,1
Nykytyöntekijöillä,1
Yksityisyrittäjätyyppisiä,1
Elämäntotuus,1
Herbisidit,1
Pestisidit,1
Projeketeja,1
Maahanmuuttomyönteisyyskö,1
Monsterpizza,1
Rukkiloilla,1
Taajuuksillakin,1
Masilmaan,1
Siirtohukka,1
Biolämpövoimala,1
Lokinsiipiovet,1
Hiilensitojasta,1
Ihottumaläiskä,1
Desifioinut,1
Bakteerisia,1
Maksalaatikkotortillakuula,1
Kommennuksella,1
Takuukäytäntö,1
Voimaharjoitteluohjelman,1
Tilanpito,1
Regenerativeagriculturepodcast,1
Badgekin,1
Tyynyteet,1
Pyramiditeet,1
Terveysvaaroja,1
Tyynytee,1
Verohelpostusten,1
Veganisminkaan,1
Nanoluokan,1
Eewww,1
1cwyq3xwehe,1
Ärrelationships,1
Äramitheasshole,1
Crispeistä,1
Hiiliverovapautus,1
Öljynpoltostani,1
Öljynpolttoain,1
Meemuilmiötä,1
Nanohiukkanen,1
Mikrohiukkasista,1
Mikrohiukkasiin,1
St1000lx015,1
Firecuda,1
Lättyx,1
Naltreksonireseptit,1
Kikkelimiekkailuksi,1
Matematematemematic,1
J4kgsj5trce,1
Taikinapaloilla,1
Syönneenä,1
Aluespesialisti,1
Väittelyoppaita,1
Mamupizzerioista,1
Teknoligtsa,1
Voiidaan,1
Luksusoloihin,1
Pizzantekoon,1
Clipperia,1
Massateenä,1
Eläinyksiköiden,1
Hoidataa,1
Tuleentuu,1
Eläinryhmille,1
Taikinasiivut,1
_viileneminen,1
Ilmaston_viileneminen,1
70mil,1
2008bams2370,1
252e1,1
Viilenemisusko,1
Rotunautoja,1
Pirkkajauhelihaa,1
Rotunautaa,1
Tuhanteja,1
Ekologisuudessakin,1
Lounasratkaisu,1
Wikipediartikkelissahan,1
Kiinalaistekoisen,1
Proshol,1
Tetsubinin,1
4kaanissa,1
Lautatrolleista,1
Lihaorgioiden,1
Kehotatte,1
Googlr,1
Ylikompensoivatko,1
Lihakönttiä,1
Kaninrehua,1
Hinnanpolku,1
Msf0951a18,1
Lautapelleilyyn,1
Matkailuhulluna,1
Lentokenttäveron,1
Ammattijournalismissa,1
Kykyrekrytoinnista,1
Heimokuntaisuus,1
Chirstchurchin,1
Luukkuhan,1
Rutkaasti,1
Fcevj4b,1
4chsnin,1
Vaalikatsomossa,1
Syntyneide,1
Norsunluutornikommunistina,1
Fanirahoituksella,1
Fhtang,1
Loukkaamattomasta,1
Sukulaatejahan,1
Tuplamainos,1
J6m0vp1rwm4,1
Ilmatoahdistuneille,1
Bl6axqeyvrc,1
Superkoukuttavan,1
Hymähtivät,1
Kyltistään,1
Forsenpls,1
Potilasmonitoreja,1
Pöllittän,1
Kotimaisja,1
Habanerosalsassa,1
Vihabrändien,1
Ydinpommivoima,1
Valtiosuhteista,1
Finanssipääomaan,1
Teollisuuspääomaan,1
Lobbauskerho,1
Laittavatin,1
Kerholaisillemme,1
Kerholaisilla,1
Menetlmät,1
Tietottoimistoja,1
Kauraansa,1
Hyöökäyksen,1
Knessetille,1
Voimakkatia,1
Kontraktoreita,1
85r,1
Hb00089f,1
Navpanes,1
_divestment_and_sanctions,1
Uskollisuuslupaus,1
Uskollisuusvakuutus,1
Antisemitisteinä,1
Akakteemisen,1
Ilmastoahdistoneet,1
Ilmastokalluilua,1
Pilaajaks,1
Kymmenvuosituhannen,1
Uusiofuusio,1
7a1511aa,1
79d5,1
4e7e,1
Bab8,1
202c0ce4dbce,1
T2300,1
Rapautuaja,1
Äidiksihaluavia,1
Öljynpolttamista,1
Räkäjarrun,1
Höräyksen,1
Ajatellaans,1
100000jörön,1
1jörö,1
1jöröä,1
1000jöröä,1
1jöröllä,1
Rudygiuliani,1
Koripallisti,1
Olkiukkogeneraattorisi,1
Tusinakauraa,1
Hohtavalle,1
Markkerille,1
Elokuvamaisuudesta,1
Qxc6axy,1
Selitelläänkin,1
Aitiysvapaan,1
Kylttikomitean,1
Asiasisältötarkistajaa,1
Mediaedustajien,1
Todellisemmassa,1
Mutalammikos,1
Mypack,1
Hansakeskuksessa,1
Syntyvyyskehityksellä,1
Suvianne,1
Talouskusetusta,1
Matalapalkkasektoreille,1
Tuplareunoilla,1
Hömppäheinän,1
Paaleille,1
Prjoketin,1
Afrikkalisia,1
Niittiäkään,1
Teepussikin,1
Backittämään,1
Tileä,1
Vw30denvr2y,1
Opetusluvallinen,1
Jarrrupoljinta,1
Taikinaruutuja,1
Maailmanparannuksellisesta,1
Maailmanparammuspisteitään,1
Ilmastrofiikeistä,1
Ilmastofriikit,1
Diipadaapaakin,1
Hahmokuvastossa,1
Politikoimiselle,1
Liimatuilta,1
Nakkisormeni,1
Jontskasta,1
Voittojärjestelmään,1
Epäkurantista,1
Manneparkkihan,1
Ninjaeditoinnin,1
Kurssiohjaajan,1
Yksikän,1
Ovitoimituksista,1
Riskiheuristiikka,1
Haudutuspusseja,1
Kahvinsuodatinpussien,1
Mielenosoitustoimet,1
Gynosentristinen,1
Ilmastonlämpenemisee,1
Pohdituttavaa,1
Terraformaation,1
Zikzak,1
Massamuutoille,1
Illmastonmuutosta,1
Ydinvoimaonnettomuus,1
Täystehoisiksi,1
Rajoittamattomiksi,1
Mopoautotki,1
Ominaispäästöjärjestelmää,1
Ominaispäästöjärjestelmä,1
Optimaallisuus,1
Ihannepisteestään,1
Kääreessään,1
Poikamiesaikojen,1
Puhdistuksiksi,1
Tapahtumailtoina,1
Itävaltalaisherra,1
Maankaltaistaistaminen,1
Maantaminen,1
Hyväksä,1
Spefin,1
Seksuaalistetuin,1
Sotakunto,1
Äkirikastua,1
Jääkaudetkin,1
Massamuuttojen,1
Kylilläki,1
Eläkejarruna,1
Huumeetki,1
Ilmastodesantit,1
Lakkorumpua,1
Seremoniamestarit,1
Aineellistumaan,1
Kipeytyneellä,1
Ydinvoimatuotantoaan,1
4kaanilainen,1
Loppuunkuluneisuus,1
Konsensushöttö,1
Teilaajien,1
Teilaavilla,1
Teepussiskaalaan,1
Riskiheuristiikkani,1
Clintoneitten,1
Hyvatuloisilla,1
Df3abda9,1
3dcc,1
991c,1
7b845a2e2580,1
Energiapakettiin,1
Gretathurnbergiä,1
Brändaytyä,1
Järkivihreäksi,1
Jukaisu,1
Mosteria,1
Eläkevedätykselle,1
Vcrfuet,1
Idiotteeja,1
Syntyvyyskäyrän,1
Hiilijätettä,1
Ydinjäteongelmaa,1
Easteregg,1
Öljynporaamot,1
Diktatoriaaliset,1
Puheenjohtajatkin,1
Päteväkään,1
Tuhkamunaveroa,1
Piententulo,1
Salaseinään,1
Yksitittäinen,1
Metsittäisi,1
Peltoalastaa,1
Tonttimaataa,1
Kisliyakille,1
Onnellisuutenakin,1
Mittapylväs,1
Peltipohjaa,1
Superkulkutauteja,1
Hästholmenista,1
Teknilogiana,1
Ensinnäkäkään,1
Rinland,1
Frnland,1
Firland,1
Finlrnd,1
Finlard,1
Finlanr,1
Rtoi,1
Eeeeeeeeeh,1
Soundfromthedeep,1
Jatkammalla,1
Valmisaterioden,1
Käytkään,1
Peruspsykologiaansa,1
Braincelssii,1
Nyteioleihanpakko,1
Evvämaata,1
Kmq,1
Qlftl2m,1
Minimalisointia,1
Riskifaktoreidenminimointi,1
Hakarisitä,1
Radiokeskustelussa,1
Kehittynemmissä,1
Ammattimerenkulkijat,1
Hiilidioksidius,1
Loankaivuyrityshän,1
Thoriumreaktorissa,1
Turvautumaam,1
Naruttaminen,1
Naskinen,1
Aattesi,1
Itänaapuristaan,1
Syntyvyysongelmiin,1
Rahanlisäyksiä,1
Satsattaisi,1
Sotesopassa,1
Eläkeongelmien,1
Talouskartalla,1
Keskivertosyrjäytyneen,1
Hengityselimeeni,1
Ydinvoimavan,1
Kilpaetuja,1
Luppuaika,1
Perhetyneiden,1
Eläkeleikkurilla,1
Uusiutava,1
Pienituloinenkaan,1
Daretothink,1
Perustaakan,1
Sisääntuloramppi,1
Ydinvoimaoptimismi,1
Terrapowerissa,1
Traveling_wave_reactor,1
Mcfr,1
Fissioreaktoriprototyyppiä,1
Thoriumreaktoreiksi,1
Energyprocessdevelopments,1
Epd,1
20msr,1
20feasibility,1
Ydinvoimakehitysprojektissa,1
Banydinwords,1
Energiantuottoaloilla,1
Parhaanhan,1
Sipulikuutioiden,1
Rakettisuunnitelmatkin,1
Eilispäivä,1
Mysteerikylttejä,1
Elektromangneettiset,1
Kulakkiinheittoläppää,1
Zernobilillä,1
Energiantuotantoja,1
Myyräihmisiin,1
Liveland,1
Tland,1
Täräyttelykisoja,1
Ydinvoimalateollisuus,1
Polttopuolueet,1
Ydinvoimarenensanssin,1
Agressiiivisella,1
Rahoitusyritykset,1
Dyyriin,1
Kuvannäköisen,1
Naislisää,1
Ydinvoimaäänestyksiä,1
Viskiherra,1
Ilmastonmuokkaamisesta,1
Massapaineen,1
Presidenttiensä,1
Aurinkopaneliromua,1
Veroäyrinsä,1
Hiukkaspäästöjään,1
Älypuhelinapplikaatiota,1
Jäyhässä,1
Virallisuudessaan,1
Herranpelkoisia,1
Listavat,1
Artesaanipitsan,1
Uudelleenorganisoimiseen,1
Makromassit,1
Sukurikkaista,1
Pleikkariaika,1
Tveitä,1
Vihasymboolien,1
Kaikenmaailoman,1
Antisemitisisena,1
Supertrole,1
Kaasulamputustakaan,1
Insinöörikilta,1
Hakarististäkin,1
Hyristään,1
Prosentiti,1
Äkkirikkaus,1
Iskukki,1
Lineaaritaloudesta,1
Sukuperinnöstä,1
Revolverioppositiosta,1
Kestoseisokissa,1
Toriumhypen,1
Datajättiläisetkin,1
Hajujäljillään,1
Läheistesä,1
Luontoleirejä,1
Uskottavakin,1
Lisätonnit,1
Ydinenergiasopimukset,1
Jälleenkäsittelyteknologioiden,1
Makaronimalleista,1
Yrttimauste,1
Vakiokamana,1
Vähemmistöhallitustoiminnasta,1
Shokkinopeasti,1
Enemmistöpäätöstä,1
Ympäpristöministeri,1
Imperialisteilla,1
Vikutuskeinoja,1
Mikkoporifi,1
E01c9,1
C384c3a4nioikeusmielenosoitus,1
Ruokavalikoimasta,1
Offtopicit,1
Uhkapeliesimerkissä,1
Arvontapeliin,1
Miljoonakertaistaa,1
Pelinvetäjä,1
Arpajaisvoitostakin,1
Lämmitettäisiinkö,1
Telekkari,1
Kansallistamisprojekti,1
Oikeistolaisempaankin,1
Teknologialalla,1
Pelikaupoissakin,1
Ilmastokalluilu,1
Emmxr,1
316a580d37,1
Flashitonta,1
Atomipelosta,1
Kuljetuspainoon,1
Katastrofitilanteisiin,1
Miessankareineen,1
53a,1
1eu,1
Fantasy_18413b_6722646,1
Dopl3r,1
Memes_files,1
Eotch,1
Hodra,1
Fj3nb,1
Dr07022xwqq11,1
Ajwxw0cz1d301,1
Hiilitehon,1
Biopolttoaineteholla,1
Hiukkaspäästöjenkin,1
Lämpötehontuottotapana,1
Pmc5857604,1
Punavihreätkin,1
Tavoittelessa,1
Netflixisssä,1
Talousmallintamista,1
Kapitalistiseenkin,1
Nordiccommunist,1
Ymparistoministerin,1
2c5f0f81,1
Bf62,1
94f9,1
752d6844de30,1
Valaistuneeta,1
Vastusteluistamme,1
Valumaefektiksi,1
Pikahyötöreaktoreihin,1
Ilmastopakotuksen,1
Institutionalisilla,1
Urheilijaurasi,1
Olympiakomissio,1
Bycdnn2,1
Tosimaailmalla,1
Soittokierroksia,1
Yhdinvoimalat,1
Kompromissihallituksella,1
Yhdinaseiden,1
Systeemistämme,1
Perunavoimalla,1
Ribit,1
Dontland,1
Salamiperunasoselaatikolla,1
Maantuholaisia,1
Onnettomuusraportissa,1
Ulkokannelle,1
Otetesin,1
Tasatulot,1
Resiin,1
Ilmastojeesuksia,1
Autonkannen,1
Keulaportit,1
Aloitteissaan,1
Kauaskantoisempiin,1
Komentotaloudetkaan,1
Ansaintavälineitä,1
Omistaisitkin,1
Pissauskilpailuksi,1
Tsiljardööreistä,1
Gutfeeling,1
Darraruokaa,1
Ilmastoprotesteissa,1
Mielensoittajia,1
Jälkikäytön,1
Rahallsita,1
Paskoijen,1
Alotusolosuhteidensa,1
Pseudofeudaalissa,1
Sentraloituihin,1
Sosialistisisssa,1
Rakettiosaamista,1
0bwt81vhiyy,1
Alexander_moritz_frey,1
Gas_mask,1
Ron_rosenbaum,1
Hitler_1914_1918,1
Ydinparanoiapäissä,1
Irnoninen,1
Asiapohjaisuudella,1
Turvallisuuskriteereihin,1
Sähkötuottajien,1
Työsuhdeasuntoni,1
Jumaulauta,1
Ihailkoon,1
Tulonjaonkehitystä,1
Hyvätuulisimmat,1
Tuulienergiapotentiaali,1
Ilmastomyönteisyyden,1
Vakiituneella,1
Jumaulasi,1
Poronlihapizzoja,1
Sosialistisisia,1
Vallnkumouksia,1
Hymyilyttävä,1
Nykyjätteen,1
Väliaikaisvarastoissa,1
Sinappiahan,1
Teknofobiaa,1
Itsetuntoinen,1
Ruokavalinnoista,1
Hämmentävine,1
Neutronihidasteaineiden,1
Reaktorisuunnittelun,1
Irsn,1
Irsn_passive,1
Reactors_01,1
Feissareineen,1
Energianmuodosta,1
Byrkraattista,1
Huippumodernina,1
Oercommons,1
Kahtiajakamasta,1
Ruokavalinnasta,1
Ydinsemiotiikka,1
Jätesäilöstä,1
Parenpaanki,1
Promillelukuihin,1
Energiateollisuuskatastrofia,1
Uusiutivat,1
Rapulapäivästä,1
Sähköreserviin,1
Siirtyhteydet,1
Sporadinen,1
Ensiluokkaisina,1
Kumuloimaa,1
Junoasdilta,1
Ilmastomiekkareissa,1
Kukkahattutädeiksi,1
Kielipoliiseiksi,1
Wnisr2019,1
Fissiomuodossa,1
Digittiä,1
Sähkökäyttöön,1
Kuvanmukaisen,1
Komentoineille,1
Pollaasi,1
Nanjingiin,1
Lippuvarastoja,1
Muuttoki,1
Rikostuntkinta,1
Kevytnakkia,1
Lihapullapussin,1
Kännykkäosuus,1
Hissihommista,1
Wwpwdjnph00,1
Vironristeily,1
Supiloukkua,1
Varallisuuskatoilla,1
W_2560,1
H_1600,1
Luovutusautomaatteina,1
Kokkarivajakkeja,1
Künast,1
Parlamenttipuheenvuorossaan,1
Valmistelikin,1
Pötköttävää,1
Ajatukseltä,1
Ylivarallisten,1
Kapitalistilampaat,1
Kammottavimmalla,1
Lämmittääs,1
Jonkimoisena,1
Pelastusoperaatiokeskuksena,1
Internetkaupan,1
Houstauspalvelu,1
Miljardiomaisuutesi,1
Sijoituspotentiaalinsa,1
Kanakoipia,1
Työviikkua,1
Nettisodankäynti,1
Pöytäliinalla,1
Biljardilyöntiin,1
Suklaavanukkaalta,1
Äöh,1
Kunnelleet,1
Lentokonesuihkuturbiinimoottoriapumekaanikkoaliupseerioppilaan,1
Kompressorijääkaappi,1
Tdennäköisenä,1
Hiilenpolttolaitosten,1
Puhdetoinaan,1
Paikanvalintasysteemin,1
0eddcde7,1
D217,1
B5fb4016c17a,1
Kuraisimman,1
Vehnävettä,1
Ryhmittyisivätkin,1
Päätoimittajakelmi,1
Hernemaissipaprikasekoitusta,1
Pakasteperunoita,1
Parikytmetriä,1
Täysjyväversiotakin,1
Villapaitakeli,1
389u5q,1
Mörösen,1
2d6006e6,1
F44b,1
71f103813380,1
Vaihtelunvaraa,1
Perussafkahan,1
Tunnuslukusovelluksenkin,1
Lipunmyyntikoneelle,1
Tulostuttamassa,1
Lohkoketjuita,1
Päästötavoitteissakin,1
Fossiilisiltä,1
Joulukoristeosasto,1
Sienibrändi,1
Uhrautuvuuteen,1
Liikkumistarpeilleni,1
Pienikulutteisella,1
Businessluokkakin,1
Geeneissäni,1
Väestökoostumuksella,1
Sijoituskasvut,1
Amortisoidaan,1
Täytytyä,1
Köntänä,1
Lähteilläkin,1
Sponsoroijia,1
Veikkausteni,1
Energianjakojärjestelmä,1
Aurinkovoimalähteeltä,1
Energiaomavaraisuuskin,1
720p25,1
Suvakimmalla,1
Pahansisuisimmat,1
Eläkemaksuraja,1
Järjestellisellä,1
Lehmäsymbioottimutantti,1
Polkupyöräkärryissä,1
Ominaisuuksiemme,1
Transkiriptin,1
Transkiptissä,1
Faktuualiseen,1
Papadopouloselle,1
Tipster,1
K4qh4bbdwj8,1
7c3jt5n2m3i,1
Talospaperilla,1
Vahinkovakuutusyhtiöt,1
Sijoittaisivatkin,1
Yrttivoipatongit,1
Materiaalimäärää,1
Turvallisuusrajojen,1
Hiilivoimalateknologiasta,1
Novel_food,1
Authorisations_en,1
Antennillakin,1
Maihinnousuputkissa,1
Bgv8ur,1
Asshole_desing_mallia_finnkino,1
Jouluversiossa,1
Porvariukko,1
Pusikoituneen,1
Oksasilpun,1
Oksasaksien,1
Teravapiirto,1
Keskuspankkijärjestelmälle,1
Remixmas,1
Flowersoflife,1
Dekottamilla,1
Lapsimyönteisillä,1
Gämblättiin,1
Digiboxeihin,1
Leikkiinsä,1
982f2a02,1
336a,1
414d,1
5312b8c7e631,1
Tietunhintaisia,1
Alidiagnosoituna,1
Kikun,1
Ok_hand_gesture,1
Kotilautasen,1
Pierulihapullien,1
Ydinvoimavastaisuudellaa,1
Debunkkais,1
Ihreä,1
1970s_energy_crisis,1
Superkriittiset,1
Hiilidioksidpäästöt,1
Medikalisaatiofantasia,1
Sähkösavuketuotta,1
Vitamiiniöljystä,1
Läpipäästävyyden,1
Jollyoven,1
Tuotehyvityksiä,1
Reklamaatioo,1
Baittiotsikot,1
Kolmisenkymmentävuotta,1
Yeltzin,1
Rgswlr6,1
Televisiofiidi,1
Uudelleenlähetetään,1
Nettifiidi,1
Ohjelmakohtainen,1
Kolmiopussit,1
Teelehdille,1
Makroskooppisiakin,1
Hallitsemismuoto,1
Lipunmyyntijärjestelmää,1
Elävakuusmaksua,1
Eläkesäästönä,1
Sossutukina,1
Supikäristystä,1
Vauvakirjaan,1
Persoonallisuttaa,1
Eläketurvassa,1
Kohellustapa,1
Saliharjoituksen,1
Banaanimuhjua,1
Ennaltavalmistettu,1
Tarrautumisrefleksi,1
Vahinkoeläimeksi,1
Tuhkakasoihin,1
Tuhkakasoissa,1
Vauvakatolangatkin,1
Reposteltavaa,1
Runosatu,1
Nukkasesta,1
Työansioihin,1
Kuvanlaadullinen,1
Malmijätettä,1
Keskiaktiiviset,1
Jätteenuudelleenkäsittelyyn,1
Siviilireaktoreiden,1
Uudelleenkäsittelevät,1
Sotkusssa,1
Yöjunalipun,1
Makuupaikkoineen,1
Hakukikkailusta,1
Someaspa,1
Yöjunahintojen,1
_suhde_,1
Suhtautuja,1
7qzukuy,1
Viikonpaivien,1
Lämmönvaihtimin,1
Piilomiljoonia,1
Sanssejasi,1
Ohjelmasuunnitelmat,1
Rautaritilä,1
Kellomaailman,1
Naisagentit,1
Känästä,1
Hedelmällisyysnäkökulma,1
Mittatilaustaidetta,1
_mall,1
Tripla_,1
Kierältäviltä,1
Ottaisihan,1
Lapsimyönteisellä,1
Resurssivaatimuksin,1
Mielenterveyskamppailijana,1
Kebabbiöverit,1
Pharmahemp,1
Tärisytät,1
Vatsantoiminnassa,1
Kuvanlaatukitinää,1
Downvotenne,1
Gommaris,1
Gommari,1
Orthorexiaa,1
Whataboutistisista,1
Kulutettiinki,1
Semiraskas,1
Hiilaripitosempia,1
Maalaiskokkaus,1
Isokokosia,1
Painavimpii,1
Olosuhteillaki,1
Satakilosena,1
Nelkytkilosii,1
Yltäkylläsempää,1
Herkkujaki,1
Ylikilot,1
Märääänsää,1
Opiskleuista,1
Safkaöverit,1
Lohtusyötävää,1
Ruokahimotilan,1
Sakkoriskillä,1
Terävänrapsakasta,1
Kvdv1pp,1
Tautimarkkeria,1
Peukaloimia,1
Kvaliteet,1
Androidlapsien,1
Alavotettakaa,1
Fadin,1
Tikittäny,1
Näppäimistöohjelmassa,1
Varastoivaksi,1
Ilmastonmuutoksentorjunnan,1
Kulttuurinmuokkaukseen,1
Ruhlan,1
Loppusijoitushan,1
Kataklysmisiä,1
Littutelkkareihin,1
Komposiittisynkronoinnilla,1
Littunäytöissä,1
Fastingin,1
Salasanakentissä,1
Näperryksiä,1
Redditissämme,1
Foliohatuntuoksuiseen,1
Sipsi_annos_,1
Sähkösavuketuotteista,1
Sähkösavuketuotteet,1
Tariffisysteemejä,1
Suojausmenetelmät,1
Sylintereissä,1
Betoniittia,1
Syvemmälläki,1
Pituuskasvussa,1
1366p,1
Pmc2253608,1
15f4,1
3875a20b1e6e03ca7729070680477ad46e31,1
Pmc2872821,1
Drugwatch,1
Roskatieteestä,1
Ciprianin,1
E024886,1
Jokapöiväistä,1
Lohtusyömisessä,1
Ylipainovastoinkäymisten,1
Syömisenhallintayritykset,1
Välimerendietti,1
_mediterranean,1
_diet,1
_outcomes,1
_umbrella,1
_observational,1
_randomised,1
_trials,1
316876371_mediterranean_diet_and_multiple_health_outcomes_an_umbrella_review_of_meta,1
Analyses_of_observational_studies_and_randomised_trials,1
Ilmastoahdistuksia,1
Resurssipoolia,1
Maapalloltahan,1
Temppeliristiritari,1
Ajasto,1
Ilmastojohtajuudesta,1
Huhtit,1
Saudiprikaati,1
Peruasiallista,1
Stalouden,1
Stepmaster,1
Huiliakkin,1
Eduskuntavalinta,1
Propagandajulistuksena,1
Työturvallisuusviranomaiselta,1
Tipauttelevan,1
Erikuvakulmasta,1
Hzlguoi,1
Coea0lk,1
Maahanmuuttajapopulaatioon,1
Loppusijoitussiilojen,1
Retoriikkatasolla,1
Leveäti,1
Työväenluokankaan,1
Kärjistyneintähän,1
Ohittavilta,1
Nikotiinihimon,1
Pipertämisestä,1
Vuokraisännältäsi,1
Maittavalta,1
S0147596718302476,1
Persoonallisuudenpiirteet,1
Medu,1
Iwar3b0g3pwkdnkpthtnifiqvg4gn_uchrtaco,1
7mnbfts50xge9hzlparemg,1
W8o4htp6mlk,1
Wpcarey,1
Child_penalty_same_sex_couples_new,1
Työpaperiversioon,1
Erikoisiinkin,1
Tavoiteellinen,1
Kuntosalitreenaus,1
Silmäikoni,1
Edittext,1
Inputtype,1
Tylsyyssyömisen,1
Sodadtream,1
Pelottelutermiä,1
Loppupyrähdykseen,1
Sebsuroida,1
Paistotuotevalikoimasta,1
Pakasteleipiä,1
Italialaistyyppisiä,1
Pakastesämpylöitä,1
Pyörteisen,1
Petankilla,1
Koirapsykologisoida,1
Monoterapian,1
Arabilalaista,1
Täyskääntö,1
Överimätöt,1
Aksuttimella,1
Palikkahan,1
Kuvakaapausten,1
Ajanvietokseen,1
Teutoneja,1
Äärioikeistolaisekstremistit,1
Seuranhakupalsta,1
Auriinkin,1
Hedonistinä,1
Fundamentalistikristittynä,1
Istuisivatkin,1
Motivaatiotansa,1
Koirapsykologiaa,1
Yhteikuntaansa,1
Islamistillekin,1
Klikkisanomat,1
Tekijänoikeusvarkauksia,1
Nutritiosta,1
Paastojätkät,1
Paastojätkä,1
Ravintosuosituksensa,1
Imj,1
Asebudjetilla,1
Annoskokoineen,1
Hiilarimättö,1
Triplanekin,1
Mikrokulttuuri,1
Asetelmoida,1
Hukutusyritykset,1
Terveelisiäkin,1
Digitalfootmark,1
Slix,1
Nes30,1
Tiputusalue,1
Alamieskin,1
Taituroinnissa,1
Panikoidessaan,1
Lautaseinän,1
Päänauhaa,1
Bissetarjous,1
Äriliikeiden,1
Chui,1
Pölhöillä,1
Tunteisisiin,1
Armed_forces_of_saudi_arabia,1
Maahanlaskuprikaatista,1
Tykistöpataljoonasta,1
Lentoprikaatista,1
Kokonaishenkilöstömäärältään,1
Saudiarmeijan,1
Osastokokoonpanoja,1
Saudimaaperällä,1
Yhdysvaltalaisjoukot,1
Hevosenaan,1
9ddghnur720,1
Pesreikä,1
Ebontdq,1
Tolvanoista,1
Burkhapäinen,1
Tolvanointi,1
Hajasijoittamishaluja,1
Puoluekannatuskohtaisesti,1
Englannninkielistä,1
Piereskelivätkö,1
Piereskelleet,1
Laitaaan,1
Hiirinegatiivisuuden,1
Rotankolojen,1
Ruuanmuruja,1
Pesänrakennusainetta,1
Rasvapaasto,1
Aistihavaintoihimme,1
Uskonnotulkinnan,1
Verkostumisen,1
Erityishalliontoalueen,1
Ydinkoekiellosta,1
Ympärimaan,1
Muotosuhdetta,1
Apuruudut,1
Hilaristikot,1
Apuruutujen,1
Metodifestivaali,1
Torstai20082015,1
Mefe2015kuusela20,1
2015kalvot,1
Vakoiluyhteiskunnalla,1
Vähäisellekin,1
Ahtamiseen,1
Ääritoimijoila,1
Juutalisuus,1
Muslimiprovinssista,1
Haastettelemaksi,1
Hanteja,1
Udmurtteja,1
Vatjalaisia,1
Valeintellektuellit,1
Tuhatviisisataavuotisen,1
Vjj61,1
Jännetupentulehduksen,1
Kappasvain,1
Telineenpätkiä,1
Huomioikaan,1
Ruuanlaitollista,1
Täälaisten,1
Polttoaineteollisuushan,1
Miljoonakertaistunut,1
Pikakuvakkeeseen,1
Poliittiskorrektiudessa,1
Täysautomatisoituun,1
Da5ves,1
Kansanedustaja_anna_kontula_kannattaa,1
F1u45ck,1
Ansiovaikutuseroistakin,1
Nostoalueelle,1
Rohkeimmiksi,1
Kaljavatsaan,1
Kyrvänkannattajalihakseksi,1
Kommunististapuoluetta,1
Kaupanedistämismarkkinointia,1
Lupaajilta,1
Paratiisisaarien,1
Lentokonekuskit,1
Breivikkään,1
Demariteinejä,1
Asujaimistoja,1
Statistiikkaasi,1
Poistokäytännön,1
14277961390acac7ef2bd29247ac435b,1
Kiinamielisen,1
Kiinamielinen,1
Mankonen,1
Kamppailulleen,1
Vahvistuvalle,1
Periksiantamattomalla,1
Apunäppylöistä,1
Tutvosedälle,1
Vuokraemäntänä,1
Uiguurileirien,1
Työsähköpostejani,1
Sunnitellusta,1
Tämänakaltaista,1
Tämänaklatsita,1
Sähköpostkin,1
Rantavalvojien,1
Pelastuskoulutuksessa,1
Turvakettinki,1
Nauhoutus,1
Jäädin,1
Ykkospuolueeksi,1
Öhöttämässä,1
Syväanalyysikommentilla,1
Kommennttiin,1
Lemppariasiaan,1
Autoriteerisiä,1
Märäntyneen,1
Tilintarkastuskertomukseen,1
Lehdolta,1
Syrjäläiseltä,1
Eugeniikkasettiä,1
Bloodshediä,1
J4ex9ef,1
Errorfree,1
Kaupunkilaisserkkunsa,1
Ulappasaarentie,1
Jalostusinfraa,1
Ulappasaarentieläinen,1
Harhautusyritykset,1
Bozkurtlar,1
Ülkü,1
Ocakları,1
Ylcy,1
Odʒakɫaɾɯ,1
Ilmastohulinan,1
Vaihdeiten,1
Yritysrakentein,1
Kaaviokonsti,1
Lineaariasteikolla,1
Järjestelmällisti,1
Propagandatehtävässään,1
Sokeillekkin,1
Slicksille,1
Dinosaurusjuttu,1
Chavéz,1
Osoius,1
Sisöllön,1
Läpinäkyväämski,1
Rahaliikenteessäkään,1
Närkkiessä,1
Huthitkaan,1
U2i2yca,1
Levittämisessähän,1
Islmistille,1
Toimtaan,1
Suursavossa,1
Pätkäpaastoamisessa,1
Kouluauton,1
Ajokoululaisillekin,1
Manuaalivaihteiden,1
Huristeluun,1
Ihailit,1
Toisenarvoista,1
Öljykaivon,1
Rikkiliejulle,1
Mantereelleen,1
Rosneftista,1
Runkkuulle,1
Bilmunatic,1
Hyödynnettäneen,1
Alemmuudentuntoasi,1
Varaalinen,1
Dronepommit,1
Aidallaistumista,1
Maahanmuuttajainvaasion,1
Totalitarianisteihin,1
Harvestoidaan,1
Toleroin,1
Orwellianistisessa,1
Yqllixok1cm,1
Vastuujakotaulukosta,1
Inhomia,1
Vastapropagoida,1
Persoonallisuuksille,1
Jättikonkursseja,1
Tuomarihahmoksi,1
Wnisr,1
Mycle,1
Mycle_schneider,1
Kakkossivullakaan,1
Kolehtiakin,1
Najeeb,1
Lahjakkaisa,1
Rupiissa,1
Vasemmistomölinä,1
Persuäänestäjällä,1
Postausflairit,1
Gestapoleiriltä,1
Alipapasta,1
Lutkutinta,1
Vasemmistösössötyksen,1
Dadaistisuus,1
Havainnointimahdollisuuksiimme,1
Harhaluulomme,1
Kategorisoituneet,1
Noidankoto,1
Näyttti,1
Propagandaläpyskässä,1
Brändimielikuvien,1
Triplanessa,1
Kommunistiagitaattoreiksi,1
Fasistiviittaa,1
Joutakoon,1
Stressisyöjä,1
Syömistarpeen,1
Kongissakaan,1
Verojärjestelyltä,1
Vinniin,1
Hiiriverkkoja,1
Najeebin,1
Natsikortteilu,1
Populismioikeisto,1
Oleskelulupakorttiin,1
Allekirjoittaksi,1
Erityishallitusalueen,1
Ahmimishäiriöisiä,1
Ahmimishäiriöllä,1
Protestitbhaittaavat,1
Beibisittereitä,1
Sodaltasuomessa,1
Joutavanpäiväisenä,1
Ahneudessani,1
Persoudestani,1
Ahmimishäiriöksi,1
Ruokakokeiluita,1
Näkkileivistä,1
_areena,1
_vinkki,1
_hp,1
_lovecraft,1
_festivaaleilla,1
Yle_areena_vinkki_hp_lovecraft_festivaaleilla,1
Festaripalkintojen,1
Miniatyyrilavastein,1
Loppusiloitus,1
Egobuustailusta,1
Rysälästä,1
Syömisestämme,1
Geneettisistäkin,1
Sokeriaddiktion,1
Adjektiivialkuisissa,1
Pääsanakin,1
Palojärvellä,1
Värivalokuvia,1
Pelotellessa,1
Nettisivuostoja,1
Tappavaisku,1
Iljenny,1
Kattilankansilla,1
Jakui,1
Kattilakaapissa,1
Periluterilainen,1
Kaappeista,1
Emrsn,1
2ece6eb65e,1
Ykköslapsen,1
Tärkeämää,1
Eteläamerikkalaisesta,1
Puolejohtaja,1
Äitiyskuolleisuuden,1
Kuolleisuuslukujen,1
Alemmuudentuntoinen,1
Psykoanalysoitko,1
Hiuskoristetta,1
Kuluttajavirastokin,1
Kudelmaan,1
Turvallisuusyhteisöksi,1
252f20101028,1
252f12882464852120,1
252f12089463193320,1
252f12089469264270,1
Hk7945,1
Km0000mtcq,1
Metallikoriste,1
Länsimaalaistettavissa,1
Ehdokaskoneet,1
Sotilasliittoutumattoman,1
Amerikkalaisteknologiasta,1
Menopelejään,1
Ensikertalaisvähennyksiä,1
Huijasimpas,1
Ilmastonmuutospointiksi,1
Oikeistoekologinen,1
Aivosoluvampyyri,1
Ryyppäjäisillan,1
Nostimiakin,1
Uutissistahan,1
Ituhippikaupunkilaiselle,1
Ajatusgymnastiikkaa,1
Mielipiteettömät,1
Kumppaneinaan,1
Rationalisoivana,1
Orgianäyttämö,1
Kabineittikelpoista,1
Ydnjätteen,1
Natesille,1
Sielläs,1
Lintukodossaan,1
Ääripahan,1
Vilmasta,1
Avolavamainos,1
B0c5aa6e,1
A9ce,1
37ea,1
Cbefed790fa7,1
Alkuperäislähdelinkistä,1
Roskalaatikolle,1
Viitasaarelaisista,1
Säväreit,1
Uutiskirjeestäkään,1
Vaihtoehtoehdokas,1
Puuduttaja,1
Leikkauspuolueet,1
Sähköhöyrystimen,1
Lääkeaineluettelosta,1
Laittomuuslaitos,1
Saapumistansa,1
Repulikaanejen,1
Lällätykseen,1
Lällätyksellä,1
Vantaankosket,1
Itsehallinnolta,1
Palveluyksikkö,1
58a6190a6fa640649122fdb6,1
Dwcshhg,1
Pilkkivapani,1
Sanoma_mediahinnasto_2019,1
20syyskuu,1
Mainoshinnat,1
Tukilomakkeita,1
Hetunne,1
Pilailuäänet,1
Ahdattiiin,1
Pikavippimainoksiin,1
Ilmastonmuutosflaijereissa,1
Maapallin,1
Laajennusmenetelmää,1
Autsissa,1
Ääntämiselllä,1
Lööpäilee,1
Rebrandättyä,1
Etjgj2d,1
Monitorihuoneen,1
Tulonjakotutkimuksensa,1
Honoré,1
Honore,1
Idéologie,1
Kasanneen,1
Kansainvälistyneessä,1
Osallistavalle,1
Suurituloisimmalle,1
Saksalaisyrityksissä,1
Luolastoseikkailuja,1
Spirestä,1
Satunnaisgeneraatioon,1
Vuoropohjaisessa,1
Taistelusysteemissä,1
Roimit,1
Sotureitten,1
Hahmoclasseja,1
Iltapelejä,1
Pääomakeskeisen,1
Ongelmanlähteistä,1
Spagettikastikeeksi,1
X5b9k9p,1
Tietukikohtiin,1
Lähinäkymille,1
Ratsaamaksi,1
Lehmäsymbioottimutantin,1
Urhokas,1
Kiekkomatsi,1
Megisveeti,1
Kuuluakses,1
Climate_resources,1
Apteekkihommilta,1
Mökkiriidan,1
Ixkklzz,1
Intersubjektiivisia,1
Neutraaliako,1
Unkarilaisii,1
Lavantaudit,1
Giitos,1
Gauhiast,1
Oksetuttaa,1
Pakasteleivästä,1
Keräilijänkään,1
Maksukykyisestä,1
Näkökuomasta,1
Toukkakaupoilla,1
Ilmataisteluryhmä,1
Komei365tko,1
Pommintekovapautta,1
Cmqdl5,1
Citizens_of_hong_kong_flying_american_flags_in,1
Paluuhaaveita,1
Vywuloayrge,1
Käyttöänikään,1
Tyohaluinen,1
Tehtyaan,1
Lyehhä,1
Äippälomasta,1
Natiivimainonnalta,1
Sisältömarkkinoinnilta,1
Julkkisnaisesta,1
Kevytsuhteeseen,1
6f003dad,1
84c6,1
20ab3ba8b870,1
Pqf,1
Abttbny,1
Uusliberaliin,1
Heiluttaahan,1
Arvokasityksessa,1
Yhdeskolmatta,1
Kahdennes,1
Viidenkuudetta,1
Seitsenpäiväisenä,1
8b700d47b234640041c387fbd8ebcb66,1
Kolamannella,1
Lähisuhteiden,1
Hankkiminne,1
Suhdevirityksiä,1
Kestäävn,1
23c6ba14,1
015920_962x1023_scrot,1
Pystyliikkeeseen,1
Tukialusmalli,1
Pystyliikkeen,1
Maantietukikohdalle,1
Liittoutumattomuusihannoinnin,1
Uudenkarheus,1
Korrelaatiokorttia,1
Työeläkekertymää,1
Vähennetäisiin,1
Äkkipudotusta,1
Digilevikin,1
Paskanjauhantaretoriikkaa,1
Työsähköpostiaan,1
Sähköpostihistorian,1
Koeputkihedelmöityksen,1
Parisuhdepommia,1
Herätyksellisten,1
Vääriystynyt,1
Pikkuvauvaankin,1
Pikkuvilperit,1
Kantakaupunkikuplassa,1
Asejärjestelmäyhteensopivuun,1
Fundiskristityn,1
Yhteentörmäyskurssilla,1
Valitsemallane,1
Women_in_finland_continue_to_outpace_men_in_education,1
Työssäkulkevien,1
10694fe65c924d7d9a34075689f11b7f,1
Älyllistäen,1
Kohtalotover,1
Ohjusversion,1
Päivityshankinta,1
Vammaisuudetkin,1
Riskipintaan,1
Kopernikusta,1
Tyjiössä,1
Refleksiratkaisu,1
Kantisväestöä,1
Katastrofiaikoina,1
Crmssä,1
Oikeinkirjoitusnäyte,1
Sitoutumiskammoisessa,1
Ilmoitusostosta,1
Halpatuotua,1
Anelevathan,1
Satelliittikuningaskuntana,1
Keskustelupaneelissa,1
Liuhumaan,1
Äärioikeistonsymbolina,1
Vapauttamiskysymyksen,1
Saksalaismyönteinen,1
Monarkismiajattelu,1
Vasallista,1
Huoltoketjussa,1
Wottodo420,1
Suojautumiskeinoilla,1
Yllätysvierailut,1
Palstatilaki,1
Kieltäydyttiinkö,1
Tuplapalkkion,1
5a7917eaa3106e7d2d71fafa,1
Maahanmuuttavaa,1
Ylipaisutetut,1
Tunnetasoja,1
Einundzwanzig,1
Dreiundvierzig,1
Vanhahtavampaa,1
Vanhustenpalveluja,1
Syvlääisempää,1
Betonisellissä,1
Kuvatjotkavoitmaistaa,1
Lukitsevaan,1
Lapsentekoprojektiin,1
Riantutkijan,1
Lonkeropäissään,1
Lohtusöisin,1
Patikkareitin,1
Luokkavihollisena,1
Äkeessä,1
Lastenhankkimiseen,1
Lapsenhankkimiskelpoisia,1
Muhittanee,1
Ajanmukaisempia,1
4xxm8hx,1
Jälkeläisiämmekään,1
Sosiaalijalostuksen,1
Ulkoistamisena,1
Rivitalonpätkät,1
Perälähiöön,1
236baba2,1
42a1,1
879c,1
Ded83cc97571,1
Hoivana,1
Innopoleihin,1
Säteriin,1
Väestönsiirrossa,1
Käppäilyyn,1
Tästään,1
Ruijanpolkua,1
Keivsvj,1
Pööööö,1
Lehmätön,1
Strippiläpästä,1
Kuherteluvaiheessa,1
Bongaamiseksi,1
Työpereäistä,1
Sadistinkin,1
Laahasimme,1
Yksiasia,1
Oireyhtämän,1
Sikion,1
Amnio,1
Oplemassa,1
Talousnakkeja,1
Talouskyljyksiä,1
Talousmiehiä,1
Thereifixedit,1
Milleaneille,1
Hedelmöittymistodennäköisyys,1
Logistiikkatarpeita,1
Ajatusjumpassa,1
Bzixy9g,1
Dn6umxp,1
X7ihu8u,1
Massipäällikköjen,1
Lasitorneja,1
Pikkuterveyskeskukset,1
Siitosluvan,1
Vasaroinu,1
Ympäryskunnilta,1
Öljysoratieksi,1
Somalinkielisissä,1
Ollako_vai_ei,1
Sikiöseulannat,1
Kamoihi,1
Spedetimon,1
Retiltä,1
Olinnkerran,1
Nimitääin,1
Kanuunakimmo,1
Baaritappelus,1
Tulpulle,1
Kivenkasaustrendiä,1
Toeuttanut,1
Asiointiasiaa,1
Muutettinhan,1
Muuttokohteeksi,1
Epäsäännöllistyminen,1
Jonglööraamiseksi,1
Kasassapitäminen,1
Nicissä,1
Vofnhqw,1
Osuvas,1
Muinaismuistoon,1
0postaus,1
Ulkoparlamentarismin,1
Olkiukkosia,1
Yhdenkolmatta,1
Kahdenneljättä,1
Museointimenettelyllä,1
Kaavoitusprosessista,1
Kohotusalusta,1
Treffikuvioissa,1
Keksiköö,1
Ajatustenlukukoneen,1
Filtteröintisi,1
Uskonnonharrastajan,1
Ryhmiän,1
Robottikulttuurin,1
Xxth,1
Vilmaa,1
Asumiskollektiivejä,1
Tiibetintaustasille,1
Stokket,1
Rzgly,1
Uiguuripopulaatiosta,1
Lakkauttaessaan,1
Kastiväkeä,1
Lukusysteemiä,1
Apinaemojeille,1
Tähtäinosa,1
Yöuniakaan,1
Omalletunnollesi,1
Opetusbudettia,1
Mökkeröitä,1
Pohjustamatonta,1
Itkisemoji,1
Metalliheeboilla,1
Kilonpainoinen,1
Luolalentelyhelmeä,1
Tuhotuvat,1
Ylikseks,1
Eleltäväksi,1
Suurenevien,1
Terveydenhoitobisneksessä,1
Selviääkään,1
_analysoidaankin_,1
Pyrkyrijulkkikset,1
Kuvaruutukaappauksesta,1
Käsittämättömältähän,1
Toimivammilla,1
24c81b2b9afd4fc590ffb9e3fb417222,1
Nettimoninpeleineen,1
Tur0lrsadkg,1
Areenathan,1
Lautapeliki,1
Räkälähän,1
F31a4e17177689f6c5d720d01d07df29,1
Mitäänsanomattomampaan,1
Jeesushölpötykseen,1
Tabloidiartikkeleita,1
Videokatsaus,1
Arabioligarkioiden,1
Mielisairaudellaan,1
U0h5jee,1
Yoenuyw,1
Mailmanpolitiikassa,1
Jutkumediaa,1
Elatusmaksutkaan,1
Videopelitoveri,1
Näyttelyssäkään,1
Puolikuudetta,1
Ansaintasuunnitelma,1
Seurantakeinoa,1
Ostostietojasi,1
Riskihankintana,1
Kehitysasteeltaan,1
Taistelukelpoisesta,1
Piirrevektoriani,1
Ihmisisät,1
Kurjistavaksi,1
Näkökohtiasi,1
Vinouttavaksi,1
_jneogba0,1
Bruttotuottovaatimus,1
Putkifirmasta,1
Historiatunnilta,1
Lapsentekoprojektia,1
Tähystyksisssä,1
Naispuoliskon,1
Kastiminkälie,1
Oopus,1
B079lzr278,1
Notredirecttosdp,1
Dbs_pwh_calw_0,1
Storetype,1
Siivoojiakin,1
Antiterroristisissa,1
Tiibestissä,1
Ylempikastisesta,1
Huisiksi,1
Kaipailevien,1
Cffdna,1
_fetal,1
_dna,1
Free_fetal_dna,1
Klaseja,1
Lisäätymisestä,1
Lazor998,1
Takaisinkerjäämisviesti,1
Kalustokehityksen,1
Oikeudenkäynikulut,1
Vihannesraasteita,1
Ilahduttavaakaan,1
Tehokuurikin,1
Ulostesiirto,1
Kuorimattomana,1
Läskiintyvät,1
Suolistossasi,1
Asrvoista,1
Phyykksieen,1
Pornoaddiktiolla,1
Kivijalkakirjakaupoissa,1
Yllätyslöytöjä,1
Kasvistikkuja,1
Raakashotteina,1
Keikkamesta,1
Rakkaudelliselta,1
Yhdeksättätoista,1
Vestuiden,1
Mutatasolle,1
Matemasttisen,1
Valtiosopimuksesta,1
Profiloima,1
Vaihtoehtomaailmaan,1
Saastauteen,1
Ruumistansa,1
Ijankaikkisesti,1
Häpiällisiin,1
Himoissansa,1
Eksymisensä,1
05fb73133462c510cca11ddc57c42067,1
Hallitukesen,1
Kurottavanaan,1
Ylläpitimiksi,1
Sisäistenkin,1
Työssäkäyntimarkkinoita,1
Työmarkkinalueeseen,1
Aikavyöhykkeelleen,1
Pmc2566050,1
Kompromissejasi,1
Dbbd46,1
Hesarin_redesign,1
Markkinatutkimukseta,1
Megatrendistä,1
Asumisratkaisujen,1
Kasvirehujen,1
B6puoli,1
Manipulative_ex,1
Järkisuhde,1
Ω3,1
Nollatöihin,1
Voinytsiisjumalautaihmiset,1
Kyökkipsykologihypoteesini,1
Innostumisena,1
Kamerastahan,1
Leipiäkään,1
Itsepaistettavat,1
Pakasteleivät,1
Elintarvikenostradamus,1
Pakasteleivissä,1
Leipomouunin,1
Kostomentaliteeteettia,1
Erolapset,1
Ratastel,1
Reisikaru,1
Teisisonu,1
Ollekaru,1
Olutkarry,1
Säästöpossuista,1
Rahoittaneista,1
Jenkilässäkin,1
Kiinaluokkaa,1
Ennakkopäätökselle,1
Sähkömainoksen,1
Pelastestaan,1
Rimpulakärryt,1
Qjprsf4q,1
Haaksirikkoituneita,1
Loppukasvatusvaiheessa,1
Lisäkasvugramman,1
Kalaöljypitoisempaan,1
Raisioaquan,1
Rasvahappomäärät,1
Besari,1
Koreans_in_japan,1
_ankat,1
Bm_ankat,1
Meemitarkoituksiin,1
3ab9f73729e24ecaa2a0cd3e525261b7,1
Otaantuu,1
Steriloinneista,1
Survoit,1
Vähimmäispäiväraha,1
Avuntarjoajalta,1
Kidnappaamisista,1
Suolistoflora,1
Seksitutkimusta,1
Wätöpautismia,1
Dat50f,1
Hakkaraista_eiv,1
A4t_tiedemiehet_vakuuta,1
Nimityspolitiikka,1
Suosiottomia,1
Äänestäjättömiä,1
Tieliikenteestäkin,1
Nanopromillen,1
Sonnantonkijoita,1
Kertokas,1
Kplaysearch,1
Playsearch,1
Kaki87,1
Mainostuuballiset,1
A3zu9b8,1
Xtmp9rt,1
Anmattilainen,1
Ikivanhoilta,1
Yleispuoluelinja,1
Article7184749,1
20alkoholituonti,1
A4nsisatama,1
20tallinna,1
20viinaralli,1
Pakastepitsalinjaa,1
Hillotolppailua,1
Kansannimellä,1
Naamataulujaan,1
Lisääntymisee,1
Tarvittavay,1
Massoillekin,1
Mäläytykset,1
Erinvärinen,1
Setäänsä,1
Bd5ffynvcuobafbb6,1
Vanhustenhoitonsa,1
Sisällöttömästi,1
Ruhlalla,1
Harppimaan,1
Tekstinpohjan,1
Tarkkakäyntinen,1
Kvartsiherättäjä,1
Silmiiään,1
Virutaja,1
Kuristab,1
Süüdistaja,1
Hajutab,1
Kahtlusi,1
Tüdruk,1
Istub,1
Ütleb,1
Hakkame,1
Lebotaja,1
Leiba,1
Luusse,1
Tuhvlialune,1
Annab,1
Lahutuse,1
Ümmardaja,1
Koristab,1
Rinkrirunkku,1
Reps_kops_naapuri_valittaa_hevosen_peniksesta,1
Viestilappunen,1
Pinimpien,1
Xxxxxxxxxxxxx,1
Pernaansakaan,1
Pahuksesti,1
Riettaalle,1
Ruunalleni,1
Eläinparkakin,1
Rupsukalle,1
Siveyssukka,1
Roikottelijan,1
Tyytyvätköhän,1
Ruunaparkaa,1
Kirjelappusen,1
Kouluopetuksestakin,1
Vilmeri,1
Vilttipöksyn,1
Muuttouutinen,1
Tammakaverillen,1
Välimieskäytäntöjä,1
Pmc5222535,1
Paremmuudentunteesta,1
Lujuudelle,1
Matchaamista,1
Transunion,1
Täsmäkohdistettua,1
Identitylink,1
Abilitec,1
Vilmalla,1
Pikakoulutusen,1
Keskivertoredditkäyttäjälle,1
Liittymättäjättäminen,1
Sankoritarinoita,1
Ämpäror,1
Muinaishautojen,1
Äänestyspäätöksiisi,1
Shillstoppaamaan,1
Syväluodattu,1
Avaimenne,1
Kiinalaisomisteisella,1
Erityisoikeuksin,1
Viestiäänestysmanipulaatiota,1
Moderaatioryhmät,1
Palleillako,1
Päivittelijöitä,1
Ihkuihanienne,1
Paremmuudentunteineen,1
Syväanalyysienne,1
Musteläiskätestit,1
Opiskelijakolleegani,1
Seurustelumahdollisuuksia,1
Eliminoitaisiinkin,1
Kevytkannabistuotteiden,1
Trolliplveluita,1
Eroisä,1
Äitillään,1
Viikkoviikko,1
Elareissa,1
Jenkkifilmejä,1
Lastensisällön,1
Nirsoillakin,1
Pariutumisrituaalin,1
Kirouskin,1
Bolivialaisen,1
Mustalaisasua,1
Mustalaiskorostuksella,1
Mittaab,1
Kampanjabudjetissa,1
Starcraftkäpistelystä,1
Popularisoiminen,1
Dbfj7u,1
Uudetkaupungit,1
20190502_mli_commentary_shimooka_fweb,1
Bvg,1
Parl_oag_201811_03_e_43201,1
Yleisvaikutus,1
Sateellittikuvasta,1
Kyläkoomikoita,1
Ddolls,1
Ylikomissariot,1
C8emyuk,1
Mainstreamviihdettä,1
Sctä,1
Syntyihän,1
Cubeworld,1
Holy_see,1
Selviytymisgenreen,1
I55x15r,1
Saaatesanat,1
Määräaikaisputkeen,1
Rikhard_lumberg,1
Raportit7ad5,1
Raportti_verikosto,1
Romanitutkija,1
Vaistamisen,1
Dbdsey,1
Inside_the_tunnels_that_will_store_nuclear_waste,1
Reaktoritkaan,1
Pikkukyhäelmät,1
Slayersin,1
Gso,1
Arcade5,1
Pelikehittäjämiitin,1
Tilankäyttövaikutus,1
Kaupunkityökeikan,1
Kivesvoidetta,1
Mummoillekkin,1
Mistäkän,1
Rso9efg,1
Koelentovaihe,1
Koelennettäväksi,1
Designaamassa,1
Aloitusannostuksella,1
Vaaliväittelyjen,1
Liukastaakin,1
Vitamiinirikasta,1
Voipuun,1
Auriinkoon,1
30tablettia,1
Rakennusmekaniikka,1
Valkokärpässienet,1
Sienenpoimijat,1
Petsitterinä,1
Selittämäättömät,1
Liikennekeskustelussa,1
Injektioneulaan,1
Serkunpojastaan,1
Eijingin,1
Kiinalaisomisteisuutta,1
Concertoja,1
Tremi,1
Toimivuuskatto,1
Kandidaateissa,1
Kandidaattilista,1
Tarinapeligenren,1
Valintagenren,1
Pelimuodoksi,1
Julkaisukriteerejä,1
Emergentille,1
Pelikonseptilleen,1
Pelimekanismit,1
Puzzleri,1
Odotetuimmalle,1
