R5p9g94,1
Ensinäkemys,1
Digitaalisukupolven,1
Dossaamalla,1
Kloonimeininki,1
Supertykkäyksenkin,1
Vthav,1
Ryhdistäytymislupaukset,1
Dbu0wn5,1
Usrbopp,1
Auqef1e,1
Pariutumiskeskustelu,1
Modelinjauksista,1
Vitttupäälle,1
Kaukaisillekin,1
Skaalautuivat,1
Bannausperuste,1
Kommenttilinkityksistä,1
Pollausta,1
Rautakäämi,1
Hakkurilähde,1
Hakkurille,1
Dossas,1
H4xattu,1
Pyydett,1
Huoltopuoltahan,1
Helikopterimekaanikon,1
Työeläkelupauksen,1
Indeksimuutoksen,1
Helmiäspilvi,1
Helmiaispilvi,1
4jd5rsz,1
Ylivalonnopeudella,1
Aineensiirtimet,1
Epäsuvaisevaista,1
Nojanneista,1
Killthe,1
Tohtorianimun,1
Juonnekäänne,1
Joululomalaisena,1
Väyckinä,1
Mekxw,1
Appea,1
Hengiset,1
Sympatioitakaan,1
Pienmyymäläkadulla,1
Mount_finland,1
Metsurikurssin,1
Rinnastettavissakin,1
Karkoitusalueena,1
Dongers,1
Ayylmao2dongerbot,1
2016_berlin_attack,1
Kieltämiselläkin,1
Liikadigitalisoidutaan,1
Psykoosipotilaaksi,1
Henkielämä,1
Torppariperheen,1
Eläintiheyttä,1
Nykylehmien,1
Pannaankin,1
Työllisyystavoitettaan,1
Gcl6jqh,1
Lämpöisemmät,1
Kwdeotvh,1
Fabossaan,1
Krbrw,1
A4myvma,1
Minunkim,1
Perustietokursseja,1
Salaisus,1
Liigassasi,1
Erikoislausunto,1
Jönner,1
Dbu5ep4,1
Nukkumispalkkio,1
Galaksitkin,1
Q389s,1
Observation_id,1
Tsibaleella,1
Kansallissosialistis,1
Keskusteluklubiin,1
Lisätaustoitin,1
Näreyttä,1
_kristinusko_,1
Luovuttamattomaan,1
Lukgea,1
Keoloa,1
Lempparisarjani,1
Turmeltuneeseen,1
Raiskauks,1
Maantapailu,1
Lähdedokumenttiin,1
Ihmisongelmaa,1
Euripolin,1
Vuosiraporttien,1
Odottavaiselta,1
Hissisotkuista,1
Hissihankintoja,1
Mietteliäältä,1
Erottamispäätöksestä,1
Patakankaan,1
Pidättämispäätöksellään,1
Kuntavaaliensa,1
Päivähoitokysymyksiin,1
Koulukysymyksiin,1
Vuotissyntymäpäivähaastattelussaan,1
Täysistunnossaan,1
Pleikkaireita,1
Yliajautumista,1
Voittoviestejä,1
Puuhavalle,1
Opeafjd,1
0py,1
Boricrrbd5d,1
Kesamiesh,1
Uczh0kefgf4yp,1
Altnwscgoa,1
Hymynaamoin,1
Terrorotekoja,1
8dcc16f0,1
2hzlvhk,1
Sysäykseen,1
Valaistaista,1
Kuulentokokeet,1
Alakategoroita,1
Kusetushuijauksiin,1
Mehustelutkin,1
Ihymisistä,1
Rajattomaton,1
Persoonapiirteitä,1
Sieluntila,1
Demonitkaan,1
Lannoitelähetykset,1
Ailahteleville,1
Ajopuuteoriahan,1
Vaihtoehtohistorioilla,1
Hilpaissut,1
Nutistettuaan,1
Pommittaneille,1
Saksalaiskoneille,1
S64,1
Revanssihaluja,1
Uudenvuodenlahjana,1
Kiehelmöi,1
3wc0oc,1
Aika_vaatia_uusia_moderaattoreita,1
Cxv4i9d,1
Sääntökohtien,1
Varoituksenomaisia,1
Moderoimin,1
Elokuvateatterissanne,1
Taisteluanimesta,1
Taisteluanime,1
Suomitekstitkin,1
Itsemurhaspämmeriltä,1
Rölläysyrityksiä,1
Roilakka,1
Lukenunna,1
Direktiivihassuttelusta,1
Lipaskokoon,1
Direktiivillähän,1
Neukkurautojen,1
Ilahtuneemmalta,1
Raatihuoneella,1
Sk24,1
Lukiohäriö,1
Führeir,1
Replikaattoreiden,1
Muuntajapohjaisia,1
Ferriittisydäminen,1
Hakkurimuuntaja,1
Rautaytiminen,1
Käyttönäppäryytensä,1
Kansainvälisyytensä,1
Pinnallisuushan,1
Titanean,1
Mäkäröiden,1
Itikkaleirin,1
Painuvatko,1
Rauhanhenkisen,1
Menehtyineitä,1
Loui,1
Siefer,1
Pysyessämme,1
Kyltinkantajan,1
Nykyminäni,1
Fasismiflirttailusta,1
Rakinkutale,1
Käyhyyden,1
Törkitty,1
Generationissähän,1
Enterprisessä,1
Scifiähän,1
Koshusta,1
Löydätten,1
Carousel_full,1
Sipila3,1
Ihy2rqra,1
Kilpapurjehtijoita,1
Laivanupotusgeimejä,1
Pommittaneiden,1
Suomenlahteakin,1
Nasaalilaulantaa,1
Suomibiisuja,1
Nokianpoika,1
Rakaat,1
Alkobotti,1
5lbthd,1
A4_teko_twitterbot_joka_kertoo,1
Myötäiseksi,1
Vanhuskuoro,1
Darudeeeeeee,1
Kulkemisistaan,1
Reisilles,1
50e028f946642808ab81cfb942578dec,1
1nukhni,1
Kuolemattomuutensa,1
Sytyttäs,1
Tinakauhaa,1
Kiidi,1
Isnnekiok,1
Happy_new_year_,1
T7mlk7ofiwggdkie3t57x5l4x4m,1
Sarude,1
Suckle,1
Nm0837112,1
Riemastuessaan,1
Kasvisbuffetissa,1
Gobhi,1
Spesiaalimausteet,1
Personnummer,1
Tingsrätt,1
Rättssalen,1
Påstått,1
Natsiargumentti,1
Dududududdudududuu,1
Darudöintiä,1
Videoinsertit,1
Munkkiveli,1
Uczlio7ugtk8duvuaetanrsq,1
Alkomahooliakaan,1
Netliksistä,1
Toiminkyllä,1
Sirkushuvejakin,1
Normikäytös,1
380megaa,1
Verrokkitesti,1
Meemuläppänä,1
Oopperadiiva,1
Perehtymättömämmälle,1
Kyberkommando,1
Raketeistaki,1
Uudenvuodenviettoa,1
Tuutibiisu,1
Iskeskuatsopaksap,1
Oknaateksalasketaanko,1
Näsäkästi,1
Zrgfpeqd7qo,1
Gakteja,1
Powertrippailunsa,1
Printatata,1
Okaaksap,1
Äävyhyvää,1
Sandströmiin,1
Kakkinu,1
Numeorilla,1
A7101486,1
Porilaisempia,1
Kuraverisen,1
Mieskuntosi,1
Avainkasitteet,1
Erikoiskukkia,1
Joulupukkiasuissa,1
Erityissuojeluaihetta,1
Femakkoidiootti,1
Ylitsepääsemittömiä,1
Ooyt,1
Jjuttu,1
Aidook,1
Ällivir,1
Allussah,1
Alliraparilla,1
Luomunaisen,1
Gf80e,1
Nettimeemusta,1
Peruskeittelyn,1
Kahvinvalmistuksen,1
Uudenvuodenjuhlissa,1
Perseilybännit,1
Permabanneissa,1
D8et_yu90,1
Sombrailin,1
Ylävenetää,1
Tsiiiiiiiiiiiiiiisus,1
Lämmittämäsä,1
Lestadiolaisproblems,1
Mo0cd2t,1
Akbarointia,1
Epälystä,1
Bännilogin,1
Loppututkinnosta,1
Riidanhaun,1
Suvakkikommaria,1
Neekerihomoja,1
Identiteettivähemmistöiltä,1
Sateenkaarelta,1
Ihonväreiltä,1
Rasmusryhmä,1
Yksityistiloja,1
Psykkinen,1
Ihailijani,1
Matkailuvirasto,1
Uudelleenaktivoituneet,1
Kurdiseparatistit,1
Kanttikaan,1
Tökäisty,1
Paskapostausvuosi,1
4e7ykdt,1
Virkamiesjargonilla,1
Takasilla,1
Ikärajotetta,1
Nimeämistoimikunnassa,1
Itkemät,1
Komentoranskallaan,1
Rytmittyi,1
Liikutustaan,1
Ehemm,1
Leikillisemmissä,1
Teepoika,1
Väkivaltaisemmissa,1
Nöyryytystarkoituksissa,1
Ehhheemmmmm,1
Weissbierejä,1
Ylimainostettu,1
Pikasaneluista,1
Jenkkijengiin,1
Pikkutappien,1
Vapaaahkon,1
List_of_militaries_that_recruit_foreigners,1
Osaoikeuksia,1
Rappuussa,1
Reuhupartakin,1
Douv7q1c1su,1
Kuolemankaipuuta,1
Raimossa,1
Lokitukset,1
Erikoisosaajajoukon,1
Erikoisosaajajoukko,1
Totetustavasta,1
Mörkösanan,1
Marttyyrimeemien,1
Kerrosväliä,1
Äjjjä,1
Ristiretkikortti,1
Upgradeissa,1
Bugreportin,1
Huijausarvontaa,1
Turvallisuusluokituksista,1
Legioonalangat,1
Kausityövoimalle,1
Tienaamistauko,1
Lentoaluksen,1
Söhiä,1
Ilmailuvehkeitä,1
Homminaction,1
Mitäänsaaamaton,1
Linkkaillia,1
Milliwattinen,1
Corpsepainttia,1
Kaipaakkaa,1
Virkaasioissa,1
Kngyqjg,1
Sdbfwjp,1
Dpss,1
1064nm,1
Ixelgskr,1
Ee909c64,1
Alkuperäisoululaisena,1
Pöhinäkeskittymä,1
Työntekijäisenä,1
Fizzliä,1
Silmävauriosta,1
Krakkerista,1
Automaattinostot,1
Järjestelmäkehityksensä,1
Suosituimillaan,1
Itäkarjalasta,1
Blackwatereita,1
Settingsiin,1
Vetovalikoissa,1
Kirjanvalintaani,1
Yritithän,1
T7arl,1
A1db1cac8e,1
Pwaqbeuqfh4,1
Lapsipoliitikkoja,1
Leipomalle,1
Sekasotkuinen,1
Normiräiskintä,1
Raaaaaaaaaaaaaaaaaant,1
Erikoisjoukkokuntoon,1
Thumbiksi,1
Kxkywykpmz4,1
Hahmotuskyvyttömyys,1
Lokaatioituminen,1
Paskaduuniakaan,1
Positiviishenkisiä,1
Laserluokat,1
Ilmaliikenteen_laserhairinta_tapaukset_kasvussa_myos_suomessa,1
Macossissa,1
Occurence,1
2013032016805849_du,1
Swotit,1
Otottamattomia,1
Dvlottery,1
Stevareille,1
Puheenjohtajaseuraajakseen,1
Pikkuhämyistä,1
Soturiin,1
Talvisotapuheen,1
201612162200041872_uu,1
Muokkaamallakin,1
Täppinä,1
Stalkkauskone,1
Kunniamainintaan,1
Javaserver,1
Javaserver_pages,1
Koodaustaidottomat,1
Code_quality,1
20t1_dbv83qy,1
P12lx6lqf,1
5d5af1790e219c37f236a4a9d028e3f93cfa01ecc871bac9,1
Alkuilla,1
3k4c8gragp4,1
5legmy,1
Icelandic_standup_about_nordic_neighbours_in,1
Iltakuva,1
Autoilessamme,1
Räkätyksen,1
Viinarallikuvastoa,1
Laserkorttia,1
Cocacolajoulupukki,1
Ylempana,1
Hirsia,1
Sottaisi,1
Guesstimates,1
Klikkeljä,1
Kalastelemattoman,1
Valvontatyönsä,1
Kakaramaisesta,1
Laservaloja,1
Laserlaitteet,1
Laserlaitteille,1
Tiedonsiirtolaitteita,1
Lastussa,1
Kirjastokentällä,1
Hesalta,1
Ekjy3,1
Sijoitussotkut,1
Nathatet,1
Hannas,1
Pakettipommi,1
Pommittajalta,1
Uufasistin,1
Pomminrakentamiseen,1
Oodisivut,1
How_to_use_weboodi,1
Webtopia,1
Ydinviestini,1
Yksnään,1
5909f9222032b7416920558dc7d02eda,1
Silmävaurioon,1
Valoarkuudesta,1
Vetistelystä,1
Silmälääkkeillä,1
Unearned,1
Merkator,1
Levähtäneistä,1
Dracolla,1
Vinyylia,1
Vemputtelisi,1
Yhdyntähenkinen,1
Luxleaksista,1
Työhimot,1
Sublimoitua,1
Anssörs,1
Skriimd,1
Tsou,1
Lapsilisiäkään,1
Perutulolla,1
Käännyelty,1
Sählingeissä,1
Organisaatiouudistuksissa,1
Hoettujen,1
Ansalaispalkka,1
Pessimistinäkin,1
Krapulakakkea,1
Ratiritirallaa,1
Toning,1
Skybariin,1
Keinohorisonttia,1
C0hcn49wiaaweqr,1
Yhyhyhyhyy,1
Tyottomyystaistelussa,1
Vakaushallintajärjestelmiä,1
Sokaistut,1
Suurpiirteisiksi,1
Tulkintavapaiksi,1
Kontekstipohjaisille,1
Epäoikeudenmukaisemmasta,1
Piinamisesi,1
Moderointikäytäntöjeni,1
Arbitointi,1
Vihasubeissa,1
Tatulointi,1
Kirjotetaas,1
Aoide,1
Kirjastoinstituutio,1
_a_frikkalaisella,1
Marocain,1
Sisäänpääsyreitti,1
Technotronic,1
Genreja,1
Cherrymoon,1
Xa_iogzoy9a,1
Rovessorin,1
Kehityskulkuineen,1
Laserturvallisuuteen,1
Bb313c90,1
F7bc,1
A2fa0ccec43c,1
Kuluttajalasereissa,1
Räpäytysrefleksin,1
Näkövaurioita,1
Kaihisen,1
Harmaavesikuprun,1
Tuulivoimasuhmuroinnit,1
Trilleristä,1
Megauutinen,1
Talousnatinalismia,1
Hyppypotkuun,1
Ejrb8iocshu,1
5esnro45oba,1
Flickrini,1
Oikeistosuvakki,1
Cndh,1
Moroccoworldnews,1
Regularization,1
Cdjt,1
Do2,1
4buwmxm,1
Väestöuutiset,1
Väestötieteiden,1
Lauritsalasta,1
Internetkorvaan,1
Täysrikollisten,1
Valtavirtauskonnosta,1
Lemmikkiyksisarviseni,1
Antisolipsistisuvakki,1
Muhamettilaisilla,1
Häpeämurhasta,1
Vammaisuuksiin,1
Tuhoamilta,1
Ujf8mdb,1
201611242200031661_uu,1
Sivulinkkejä,1
Trollauspontetiaalia,1
Norsunpieru,1
Sisäkuriin,1
Valikysymykset,1
Publishi,1
Liikuntakampanja,1
Kehonlämmittiä,1
Pesulanpitäjiä,1
Mummonvaipan,1
Pizzanpaistajia,1
Protestimarsseilla,1
Tollattille,1
Laiskiaasille,1
Ehteivät,1
Aattana,1
Täyshoitolaitoksessa,1
Kivityksien,1
Itsenäisyysasiassa,1
Upseeriaines,1
Idealisoimaan,1
Mygvyk7,1
Taistelulaulua,1
Dinkkaily,1
Jesuisjalmar,1
Järjestäjienkään,1
Pikakarkoituksen,1
Tunteitaloukkaava,1
Ympärimatkan,1
Kultsin,1
Kuusimetriset,1
Kaksoisaidat,1
Ceutaa,1
Onnstuneista,1
Abdicated,1
Anxiously,1
Rajatapausbannit,1
Johtamiskokemukset,1
Elämänalun,1
Adoptiotakin,1
Vanhemmittomia,1
Lapsifobiainen,1
Wanderlustit,1
Crossattu,1
Kiiruhtaisikaan,1
Lisääntymisikkuna,1
Lapsivihasta,1
Mielenmuutoksellekkaan,1
Viistoistavuotiaskin,1
Morppia,1
Lapsettomuuskuplassa,1
Vanhempivihaa,1
Parisuhdepeliä,1
Setieni,1
Katsotuani,1
Lähipiiriläisillä,1
Pikkupuuhasteluita,1
Kelluskelua,1
Maailmanympärysmatkat,1
Kurkkusalaattiasun,1
Pleasereitä,1
Muttuukin,1
Varastonmetsästäjiä,1
Pelivideossa,1
Kuumotteluluennon,1
Epätoivontunteen,1
Viikonloppuvapaaseen,1
Mädäntymisprosessi,1
Lisääntyessäni,1
Ehkäiseväni,1
Jalompiin,1
Laadullisemman,1
Vasttuuta,1
Luksuriöösitkin,1
Pikkutonttuja,1
Hoivadynamiikasta,1
Elinluovutuksetkin,1
Mitelummi,1
Söpötteli,1
Päärynävapaa,1
Tiedäksesi,1
Päärynässä,1
Äänestysnuolia,1
Ryhmänjohtajakin,1
Viestiasemaryhmä,1
Ladybonersissa,1
Vangitsemaankaan,1
Poteroituneeseen,1
Totuudensa,1
Säilyyvyyttä,1
Pakettipommeja,1
Sterilisointikin,1
Alko_viewstorelocator,1
Storesjson,1
Muskinkaltainen,1
Lapsenhautomoelimet,1
Tulecaisuudessa,1
Phantomjs,1
Kalenterimoduuliin,1
Kalenterimoduulin,1
Kalenteridata,1
Vakavemmillakin,1
Kasaaaaaaaa,1
Jälkeiläisille,1
Siittämiselle,1
Koulutukessa,1
Biologiaanpohjautuvana,1
Yliholhottava,1
Vedenpulan,1
Työautomaation,1
Tuttavapariskunnat,1
Tekstivistin,1
Postifirmalta,1
Riskinottajaluonne,1
Migneeri,1
Coopperkuntoa,1
Pienloma,1
Lapsentekopuuhissaan,1
Itkuääni,1
Söpöydentunnistusgeeni,1
Metsäkeikalle,1
Puolihuolimattomia,1
Mujavaa,1
Metsuritetsaajan,1
Pystyynlahonneita,1
Tetsailuissa,1
Maailmanmatkailusta,1
Stopesista,1
Lihaskuntotestaus,1
Tarjoiluvaunun,1
Tsemppaamistaan,1
Perusduunareitakin,1
Huokaisimme,1
Geenikartoituksen,1
Veronkiertobisnes,1
Hiiliteräsmoraali,1
Suoravalintaa,1
Asiakaspalveluviestiä,1
Saatipa,1
Lapsentaudeista,1
Öörhm,1
20osakkeenomistajat,1
Osinkotaso,1
Mustepiirrusteksen,1
Suomijukeboksi,1
Uc79r0gmtvvy3b6nhyfkv0ng,1
Loppuasiakkaita,1
Kantaverkkomaksussa,1
Kuntoisuuslomiin,1
Yhdenpäteviä,1
Lähtemiseesi,1
Tuttavapariskuntia,1
Suorittamisestaan,1
Päivänlehden,1
Fechter,1
Rwest,1
Wpcd_2008,1
09_augmented,1
Hengentoiminnoista,1
Nollakortit,1
Katurotat,1
Sulamme,1
Hedoinismia,1
Anaalilakimies,1
Tulliselvitysrikos,1
Tullilainsäädännössä,1
Veropetosrikoksena,1
Salakuljetusrikoksena,1
Ilmoittamisrikkomuksena,1
Korruptiokarhulta,1
Sohiko,1
Orpohylkiöt,1
Adoptoivani,1
Buuamalla,1
Pääriskin,1
Buuatakkaan,1
Könkköjä,1
Buaattiin,1
Tittelihommissa,1
Korkeakoululeikkaamisesta,1
Kärventyvän,1
Koiriimme,1
Olemassaolemattomalta,1
Freonitkin,1
Ihmikunnan,1
Saastuttajavaltioista,1
Virkavalassaan,1
Katurotan,1
Pysähdyttäisiinkö,1
Masennuspsykoosiin,1
Lujuuspuutteiden,1
Hoikkarakenteisia,1
Jännitettyjä,1
Kansirakenteesta,1
Alusrakenteissa,1
Betoniongelmaa,1
Erkaantumisestaa,1
Kuunnteltaisiin,1
Kutsuvieraalle,1
Betonivalutöissä,1
Massalobbaaminen,1
Jyväjemmausalueet,1
Edustitte,1
Kykenemättömissä,1
Ohshi,1
Puskakokoomus,1
Vuotiasjuhlaa,1
Buuaamalla,1
Yltiömyönteistä,1
Vaimokriteerejä,1
Väärämielipide,1
Trendikäsmielipide,1
Ylävotet,1
Safewordia,1
Talouslinjansa,1
Puskakokoomuksen,1
Itseselvitysmaksu,1
Korkekouluopiskelijoilla,1
Tukiosan,1
Etulehti,1
Megalopolikset,1
Luontelehtii,1
Lipeävuodon,1
Kesäteekkari,1
Tt0165382,1
Ilmilöstä,1
Ifzy0mg,1
Kokonaisosingot,1
Osakekohtaisesta,1
Teffmfme,1
Luolavertauksessaan,1
Vapautusyrityksiä,1
Nipuetaan,1
Ominaiuudet,1
Hkwmfwrvllu,1
Taistolaiskommunisteista,1
Lapsiraasu,1
Sipiläbernerin,1
Kelakorvaavuus,1
Ryhmäpsykoosiin,1
Lisääntymiseeni,1
Lapsensaantitykitys,1
Vauvvva,1
Fyysishenkinen,1
Ihmissolmu,1
Jumbojouluostostelun,1
Teknokraattisuudesta,1
Varovaisissakin,1
Widkqkyr,1
Keskivertoilu,1
Puheenjohtajahajaannus,1
Tietämättömyyttäänkään,1
Lentokonekaappauksestakaan,1
Rasisminvastustajan,1
Kaivinkonevasaroilla,1
Mittauspisteessä,1
Betonifirmalle,1
Ristiinvaikutusta,1
Ilmankehittäjiä,1
Notkistajia,1
Sortumavaaraa,1
Lujuudenalituksilla,1
Epäsärmään,1
Pakkoruotsivideo,1
Puoluemyönteisyys,1
Demokraattimyönteinen,1
Republikaanimyönteinen,1
Selänteelä,1
Lujuudenalitukset,1
Vittumaisempaankin,1
Nokkiliksi,1
Luulekoo,1
Televisioitavaan,1
Siltakohtaisesti,1
Lujuuspuutteisiin,1
Wgpzxjmxxqa,1
Laadunvarmistustoimista,1
Normaalikäytäntöön,1
Taitorakentamisessa,1
Ennakkokokeet,1
Lujuusongelmien,1
Liudennetaan,1
Peruskokemus,1
Medellinin,1
Huumeparonille,1
Escobarille,1
Dollaripinkat,1
Maakätköissä,1
Barstoolsports,1
Buuakset,1
Brittitabloideissa,1
Löyhistyy,1
Kanannottoa,1
Enenevimmissä,1
Kesälaitumien,1
Nyhtökaurainnovaatioista,1
Rasistiforumeihin,1
Rasistiforumeilla,1
Onannettava,1
Elokuvamaisuutta,1
Oivaiselta,1
Ajatuk,1
Edistyksellisien,1
Nukkavieruille,1
Maalaistolloille,1
Baumaister,1
Totuttelemiseen,1
Höpötettäisiin,1
Ääriosista,1
Maalailemansa,1
Kotiutumisrahat,1
Boxterin,1
Sijoitettavine,1
Laukaisumahdollisuutta,1
Amerikantautiahan,1
Alkuperamaassa,1
Persustentin,1
Monivammanen,1
Multivammaisuuden,1
Höpöhöö,1
Nettokulutuksessa,1
Viljelylajien,1
Ympäristöekologia,1
Apelsinilla,1
Apelsinille,1
Haluttumuudesta,1
Kustannusvaikutuksesta,1
Maksutodistuksia,1
Tutkijantyötä,1
Natsimuslimeista,1
Olumpiaurheilijat,1
Parisuhdekeskustelut,1
Tohtorinaisen,1
Sinkkuäitien,1
Kriisinhallintapalvelu,1
Ruotsenkieliselle,1
Tilannekeskeisyydestä,1
Ratkaisuhakuisuudesta,1
Mittaisn,1
Haavoittuineiden,1
Selvitymistaitoja,1
Pakottinen,1
Esems,1
Siviilikanteetkin,1
Pseudoyksityistämistä,1
Juristienkin,1
Opiskelijakamuja,1
Kääntämisellään,1
Kansantaloudeltaan,1
Irlantilaisomistukseen,1
Crh,1
Isiroolia,1
Riippuamatta,1
Harmaakarhuista,1
Betoniautoihin,1
Kovettuis,1
Valvontamittauksia,1
Erikoistumiskursseja,1
Koulutusjaksoja,1
Muutoksenpelko,1
Betonipommi,1
Tasapainoitukseen,1
Mutahan,1
Sklenicka,1
Ucdr8gvrfgnhupefdx5op8vw,1
Pionau,1
Biotalousmaassa,1
Stalinistijoukkoon,1
Biosellua,1
Prekariaattihömpötys,1
Kakkavaara,1
Maataloustuistahan,1
Konttoritilaksi,1
Rakkauskomedialta,1
Tt0386588,1
Rakennustoimialan,1
Ravitsemistoimialan,1
Kuljetustoimialan,1
Kiinnioloviikonloput,1
Tuplapäivärahalla,1
Varusmiespäivärahalla,1
Hedelmäasetelmassa,1
Sähköautomaatioasentajan,1
Elektroniikkaharrastuspohjalta,1
Palkkatuloisissa,1
Maksuporukka,1
Kontrastiahan,1
Lähihoitajajutussa,1
Julkituojille,1
Pikkukakun,1
Irlantilaisomistus,1
Metskaaminen,1
Bloatedhamster,1
5lk8rw,1
Tullin_hoitaminen_kiinasta_tilattuun_tavaraan,1
Kaadereista,1
Taikaporukka,1
Väestönsuojanormien,1
Nykypuoluejohtaja,1
Himotaistelija,1
Vuodenvaihttessa,1
Sähkötarjoaja,1
Elikkäa,1
Kotiutumisraha,1
Tarjoutuvaa,1
Pahoinpid,1
Selväpiirteisiä,1
Vilosooffiseksi,1
Plevnaa,1
Avainanalogiani,1
Auringonvarjoista,1
Instrum,1
Ylireagointisekoilu,1
Kuuntel,1
Devil4,1
Notget,1
Cheb,1
Aïcha,1
526s,1
1452s,1
Määrärahapapereiden,1
Nopeatempoisemmat,1
Downvoteajilla,1
Sitrushedelmälle,1
Asumtukea,1
2ierld4,1
Synthwavena,1
Miamien,1
Perheongelmiakin,1
_kunnollista_,1
Alikersantinkin,1
Källikuriirien,1
Rlfstwe,1
Laboratorioympäristö,1
Sisaministerion_talousarvioesitys_vuodelle_2016_62641,1
Aekaeslompolo,1
Biosellu,1
Aamukampaakin,1
Kaikkikyykkyyn2017,1
Pohjoisamerikkailaisten,1
Energiajakelu,1
Sipiläbernerit,1
Aluejakohan,1
Fernsistä,1
Jörnsistä,1
Terveydenhuoltohenkilökuntaan,1
Verotarkastusaineistojen,1
Tarkastustulosten,1
Tarkastuskohteita,1
D2691ee7e932d488,1
534656e8e932d488,1
Periaattesssa,1
Kuntaverotus,1
Muuttotappioseuduille,1
Keputtajia,1
Saamaseudulla,1
Menettävällä,1
Liikeneoperaattoreja,1
Puolustusvoimillekaan,1
Väestöliitollakin,1
Varusmiespuhelin,1
Varusmiespuhelimen,1
Ast1,1
Palveluhakuswitch,1
Id_palvelu,1
Aallikkoon,1
Tluokymmenys,1
Tilastolinkkiä,1
Sairastelevampaa,1
Salassapitopykälät,1
Iltahiljaisuuden,1
Iltahiljaisuusaikaa,1
Pätkävuokrapakkotyöläinen,1
Lankaverkkoyhteydellä,1
Varusmiestoimikunnat,1
Yhteystiedot3,1
Helsinkiläisäänestäjät,1
Passivoituneena,1
Tuplautuva,1
Todistajakaarti,1
Fertiliteetin,1
Kepuainen,1
Hiuksetkit,1
Napannukaan,1
Mediatehtäviin,1
Erityishommia,1
Suklaavarusmiehenä,1
Finanssituotteista,1
Ritariaatelisto,1
Menotaakkaa,1
Autoteineen,1
Häiriökäyttyvät,1
Ekomj4life,1
Kyttäyslaitteet,1
Kanasopan,1
_täältä_,1
Ryyppymusaa,1
Jeesuskuva,1
Yrityskokemuksellaan,1
Sukubisneksiin,1
Säntäilevän,1
Koohottamistiellä,1
Politologiaan,1
Armeijassaolon,1
Roopeluhtala,1
Pastissinsa,1
Pl1ixbly_zavfzy8mjt0ek_8n9mjc6qkwc,1
Ydinasettahan,1
Normiuusvuos,1
Odotetunmukaisesti,1
Avaruuspeileistä,1
Alikersantillesi,1
Lurkauksen,1
6kauttajaelokuva,1
Kisuata,1
R14kkdj,1
Epäluottamuksellisuuden,1
Veljeydyt,1
Kehityskuluksi,1
Homocityläisen,1
Läimittäessä,1
Kiinnnostaako,1
Nöfföfföö,1
Kokonaiseuromääräisesti,1
400set,1
Paperiini,1
Kätilövideo,1
Finnwatcheja,1
Perusjournalisti,1
Verokoirista,1
Lapppenrannan,1
Tynkäarmeija,1
5lh3g5,1
New_years_eve_in_malm,1
B6_sweden,1
Dbvs424,1
Rajakkipropagandoissa,1
Jashdoweyko,1
Jurkowski,1
Tieverkoistoista,1
Energiajakelusta,1
Musiikkiterapian,1
Äityisrahan,1
Kulutusyksikköjen,1
Pillowsjp,1
3q_rkbkyps,1
Rietastelleet,1
Maksattaminenkin,1
Puolustusstrategialla,1
Jälemmällä,1
Isänmaanmies,1
Epämieluttävän,1
Kuseminenki,1
Syysäämme,1
Leirihommat,1
Puolisoineni,1
Ikäkolleegoilla,1
Talousrikostorjunnasta,1
Wernham,1
Paperiyrityksessä,1
Pseudodokumentti,1
Dokumenttiohjelmia,1
Worldwiden,1
Konttori_,1
A4inen_televisiosarja,1
Perityiksi,1
Nimiettiin,1
Vapaamiehiksi,1
Frälsemän,1
3jgm8jtvl_o,1
Lääkärilausunnon,1
Kalkkisälpä,1
Näennäishommassa,1
Kaypalaiset,1
Vahvuuslaskennan,1
Harkittuasi,1
Epämielyttäviäkin,1
Älykäskään,1
Broodiin,1
Sosiaalikustannuksien,1
Surkuteltaisi,1
Lääkintäluutnantteja,1
Betoninvalanta,1
Lujuusluokitussivustolta,1
Esjonne,1
Epämukavuusalueillensa,1
Yleishyödystä,1
Reservisää,1
Jälkisijoittaa,1
Sosiaaliaet,1
Möllen,1
Läppäjuttuja,1
Kipinävahdeiksi,1
Vaatehuoltoon,1
Sotilaspalvelijoiksi,1
Tetsaamasta,1
Sotilaspalvelija,1
Ilotyttöinä,1
Aselliset,1
Tarvikerunkkaus,1
Mikrusiruja,1
Jäkitystä,1
Varusmiesvelvollisiksi,1
Loppuviikonpuolelella,1
Linjakolle,1
Pyörivat,1
Työttömyysvakuusrahastoihinkin,1
Kokonaisveroasteeseeen,1
Perusruotsalaiselta,1
Katsaintakannastaan,1
Pohjoimaisia,1
Rokotusneulalla,1
Yksvuotiaan,1
Vätyksien,1
Agrobaatti,1
Elinkorko,1
Verontapaisia,1
Motivoituneetkaan,1
Säätiöitti,1
Pulverisoituna,1
Einesvalmistajille,1
Kafkallahan,1
Syyllistämislinjalla,1
Termifasismiin,1
Karaisisi,1
Myytäessäkään,1
Perintähommia,1
8m46s,1
Hittiensä,1
Taidefunk,1
Studiolevytyksiä,1
24m12s,1
Koreografioineen,1
Hoitoapulaisille,1
Kääntelijät,1
Obliteroi,1
Klikkaussyöttejä,1
Kiistämisistä,1
Esittämättömän,1
Huvipuistolippu,1
Arvokysymyksissäkin,1
Arvomielipiteet,1
Vanhapiikaa,1
Virhealttiutesi,1
Varusmiestukipuhelin,1
Bunglen,1
Bunglesta,1
Koijaajat,1
Skvippo,1
Paukkuserpenttiiniä,1
Poispyyhkäistyt,1
Tuloruuhka,1
Bikinimuijan,1
Telttaherätyksiä,1
Terroritehtävät,1
Länsinaaputistakin,1
Tekisitäjasitä,1
Alkoholiperheessä,1
Juristiperheen,1
Supersuorittajalapsi,1
Trancentral,1
Friugilfswa,1
Suomenruotsalaisuuttani,1
Tunnistaminenhan,1
Aktiivisuustasoonsa,1
Mustavalkeana,1
Harmaankirjava,1
Asiallinekin,1
Äärisuvaitsevaitsevien,1
Somalialaisperäinen,1
Meksikolaisperäisten,1
4ykputk,1
Revivalists,1
O0pt7m0weui,1
415a,1
Turvattomuusillassa,1
Kempeleläistytön,1
Biojalostamoihin,1
Sivistysyhteiskuntana,1
Mufasan,1
Paparazille,1
Alkoholimyyntioikeutta,1
Kaupoillle,1
Abruzzeset,1
Kuvaaamilla,1
Perusruisleipä,1
Leiväntekoseuraa,1
Veronmaksajanukke,1
Kanveesista,1
Negriltä,1
Jyrkistyneet,1
Santen,1
Hölömöyden,1
Kesklimäärin,1
Järkeistäessään,1
Yliregoivat,1
Hääyöhön,1
Hauannu,1
Tietojohtaja,1
Akellahan,1
Wahvaa,1
Ajoneuvorekisterijärjestelmän,1
Ajoneuvoluokkia,1
Istumapaikkalukua,1
Tulkintaohjeella,1
Hiilidioksidipohjaiseen,1
Ajoneuvojärjestelmään,1
Ubu,1
Päähierontalaitteen,1
Sähkökirveeseeni,1
Brittimetallia,1
Kuoruhuudettuihin,1
Kertseihin,1
Tortoisen,1
Spiderland,1
Iqm_s0lwjxq,1
Yhteistyöhässäkässä,1
Erotusmenetelmiä,1
Vanhuksten,1
Skypejä,1
Synteettisyysfobiaroskaa,1
Puuhattavassa,1
20student,1
20loans_0,1
20tutition_0,1
Laatikoitahan,1
Feikkibolognese,1
Kokkausrumbaan,1
Hyvävelikytköksineen,1
Nuorisojärjestökoplauksia,1
Taustaorganisaatiolle,1
Supertauski,1
Rumaltakin,1
Kohtentamaan,1
Limalettinen,1
Satubläkkiksen,1
Eldamar,1
Opintolainasysteemien,1
Vaikeinakaan,1
Pyristelevien,1
Opintotukirumban,1
Työmarkkinareformilta,1
Ykköstavoitteita,1
Pakkojunttaaminen,1
Työantajakseen,1
Välittäjäkerrosta,1
Kohtuullistuisi,1
Sukupuolielintasopakolaisia,1
Lisäyksiäni,1
Tekstirivistä,1
Sovamaksut,1
Vuosirenkaiksi,1
Bongattuaan,1
Doomsovituksen,1
Vokaaliraidaksi,1
Kumppaninhakijoita,1
Treffielämää,1
Bileruokaa,1
Sekaryhmälle,1
Papuvalmisteista,1
Rasvaprosenttisten,1
Pierukaasusikanautojen,1
Lihakettakin,1
Ajodataa,1
Sensoritieto,1
5lqzsu,1
Lentokoneista_tuttua_mustaa_laatikkoa_testattu_jo,1
Suhaiseminen,1
Labraruokaa,1
Broilersuikaleista,1
Pulppuavalle,1
Erityisosaamissa,1
Baaripokailusta,1
Sörkkimisenä,1
Runkkarnarnarnarna,1
Oppimisvuosinaan,1
Turvapaikkapuhutteluissa,1
Koulutuslaitoksilta,1
Dupelankaani,1
Ubuunkin,1
Aikaansaaneita,1
Käskytettäski,1
Aukioloaikamuutos,1
Jättimarketeissa,1
Terveysteknologialle,1
Markkinointimeininkejä,1
Salvaajalta,1
Absurdimalle,1
Triggeröivissä,1
Liharuokakopion,1
Kopiolihaa,1
Veronmaksukykyhän,1
Nesteyttäny,1
Kosketuskokemus,1
Jauhelihakastikkeellakin,1
Korvikepekonia,1
Kohdentuviin,1
Koyhempiä,1
Ansiosidonnista,1
Ansiosidonaista,1
Kireämmiltä,1
Psykopaattisiksi,1
Yksityistämisautomaatti,1
Yksityistämisautomaattia,1
Tekoruokaa,1
Sellassenaan,1
Katuroskausta,1
Ostoskäyntiä,1
Nopeusvalinta,1
Kirjainkaupat,1
Kulinarismiksi,1
Gratinoidut,1
Ruokija,1
Täyttökamaa,1
Keittiöpomon,1
Kasvissafkavalintoja,1
Kasvismössöpadat,1
Jämäkasvikset,1
Lounaskokeille,1
Lounaslistoja,1
Ruokavalikoimaan,1
Tacolautasen,1
Metriheikittäriä,1
Siviilipalveluspaikoista,1
Käyttökatkoksiin,1
Suihkon,1
Äityneitä,1
Sovitunlaista,1
Servatuks,1
Zsgfptzeggu,1
Tietynpituisia,1
Syöntitarve,1
Jauhelihamaiselle,1
Pylät,1
Loggausominaisuudet,1
Koulutusseminaareja,1
Vaikkkakin,1
Suotoisasti,1
Vuosirengaspuoli,1
Yksilökohtaisuutta,1
Adoptiovirkailijan,1
Vastaanottajavaltioon,1
Lanseeraisinkin,1
Esmierkkinä,1
Nb3okem4ock,1
22m23s,1
Lobsterminatorin,1
Mickelousproductions,1
Pmc3210041,1
Sotilasperinteen,1
Erehdyttäviä,1
Henkivartiokaarteihin,1
Värikaartien,1
Kasvissyöjähippi,1
Trollimeno,1
1fgbci2,1
Vegemäti,1
Vegepekoni,1
Spagettikurpitsasta,1
Feikkijauhelihakastikkeeseen,1
Muokatuillla,1
Kädenpuristuskuviolle,1
Iltakokkauksistaan,1
Alkukädellisten,1
Pikamätöt,1
Ylläpitoina,1
Feikkilihalla,1
Guzduof,1
Valmiseineksilläkin,1
Runkkare,1
Runkkara,1
Numatica,1
Ys7xkg_ddba,1
Merrak,1
360aux9jeg0,1
Astropilot,1
Hzcu,1
Qhybg0,1
Rantamaki,1
Travelblog,1
Blue_footed_boobys,1
Käännähdä,1
Vesittelyä,1
Perttukoistinen,1
Uudistusesitys,1
Pullonpiilottajien,1
Paivaunia,1
Bassentien,1
Unelmakotialue,1
Aloituspaikkojan,1
Petters,1
Härkispaketin,1
Siwassani,1
Hyllyttämästä,1
Submitteja,1
Markkinavirheillä,1
Verkkomainostuloilla,1
Kanavalöytö,1
5leo85,1
Mies_sohi_laservalolla_ambulanssihelikopteria,1
Palonkestävyys,1
Älyroskikseen,1
Palonhallintakurssin,1
Miesasiainliikkeet,1
Sytytettäis,1
Infrayhtiössä,1
Osakeannein,1
Budjettirahoitteisuus,1
Infraomaisuuden,1
Kehityssuunnitelmista,1
Kilometripohjaiset,1
Trailerimusiikilla,1
Eweuuocytcc,1
Juhlarahassakin,1
Myllikä,1
Servomoottoriin,1
Maksulaatikko,1
Epätietosia,1
Stressaavimmissa,1
Röökipaikoilla,1
Stressaantunein,1
Röökitilanne,1
Irtotupakkabisnestä,1
Äänestäjänkunnan,1
Italiaankaan,1
Turvapaikanhakijan_siirrolle_unkariin_oli_ihmisoikeuksista_johtuva_este,1
Lisääntynyttt,1
Muussaamalla,1
Paksupäisellä,1
Ihmistasoiselle,1
Lainapohjaisen,1
Arvottaaksesi,1
Lähiystäväpiirille,1
Tuhorobootti,1
Vahinkopalojen,1
Syväsäiliöiden,1
Sisälieriöt,1
Älyroskiksen,1
Bensatonkalla,1
Feministihuora,1
Vastakampanjan,1
Olemmekaikkisamanlaisia,1
Liberaalipaska,1
Vessasysteemi,1
Paskalakkipaviaani,1
Ylituotetuista,1
Einesruuilla,1
Karhunkaatajantietä,1
Roskisversio,1
Ekomji,1
Tarkoittvat,1
Kokkaustyyliä,1
Chorizoista,1
Oppinyt,1
Mozzarellajuustolla,1
Nakkaili,1
Postilaatikoihinkin,1
Lääkärikoulutettu,1
Painottelua,1
5lldqy,1
A4_pahaa_sipil,1
Dbwm4j6,1
Ucwr5fqy,1
Viiskunta,1
Vaikealukuiselta,1
Sotilasluonteiset,1
Suojeluskunnanm,1
Hitleriläismieliset,1
Hatuttautua,1
Tfportal,1
Mini_sentry_gun_large,1
Lisäätammistoahelsinkiin,1
Jauhelihamakaronilaatikkoa,1
Kyttäyslaitteisto,1
Vaihtomittaristossa,1
Ajoneuvoliikenteeseen,1
Seurannaisvaikutuksien,1
Takaisinottoteknologioissa,1
Pumppaamistaan,1
Öljynjalostusprosessissä,1
Tietomaiselta,1
Koekäytössähän,1
Maahanmuuttokielteisempi,1
Turupaan,1
Kirijoittanee,1
Tpahtumiin,1
Eineskasvisten,1
Syväsäiliötä,1
Älyroskista,1
Roskispaloista,1
Whec81c,1
Roskatilassa,1
Ilmanottoluukut,1
Saohd2r,1
Y8c,1
Valmisruokapakkausta,1
Trolliuteni,1
Kinttupolkukin,1
145cd27163485cd249941937064b31fc,1
Tabunsa,1
Kolikkoaan,1
Pihagrillillä,1
Kasvispihvinsyöjä,1
Oj3qlbv,1
Koppalakkihomojen,1
Rehellisyysverolta,1
Kassahintaa,1
Benhan,1
Upsheeple,1
Zafagq8pjpm,1
Päätöstasolle,1
Härkäpäistä,1
Taidenäyttelyproggis,1
Tekopeniksellä,1
Fiidipenisetu1908jj_fd,1
Guinnesille,1
Viskailmassa,1
Kokouksisa,1
Siihenmennesä,1
Amoils,1
Goose_bumps,1
Tytöstelen,1
Kynsienhoito,1
Tiibettiläisen,1
Kurkkulaulannan,1
Demonisoitavana,1
Tuottajiltani,1
V_a9saanawu,1
Donnaasmr,1
Kclqpoafkau,1
Consecratio,1
Salium,1
Hcmcvi5nkc0,1
Crinkle,1
9ddef2qphkm,1
Chuchoteur,1
Hnqsilprqmq,1
Superpörinää,1
Gentlewhispering,1
B8juvci17ve,1
Приятности,1
Асмр,1
Тихая,1
Персональное,1
Внимание,1
Ugm6m9dkziu,1
Pehmostelua,1
Blo4ke2jfhu,1
Ppomo,1
Waterdrops,1
Jvazbllor2y,1
Pääsääntöisesit,1
Suuäänistä,1
Whispersred,1
14ndovxemca,1
Pehmostelyä,1
Yhteisöstähän,1
Yhteislauluille,1
Maalaisukko,1
Srends,1
55f029ddb0cfd,1
Vassarivässykästä,1
Myymäläautoa,1
Hurriruotsia,1
Camwhoreille,1
Piilovittuilevan,1
Yliarviointiheiton,1
Lyysää,1
Maalinosoituslaserista,1
Hashtagist,1
Kansalaisopistostossa,1
Laatuosista,1
Katsonku,1
Christianize,1
Saappaallinen,1
Antiruotsitrollipäivä,1
2adrmfjahn0,1
Pianomusiikilla,1
Keittiövälinerajoitteisista,1
Ruoanlaittopuuhista,1
Tacomaiseen,1
Kukkoketsuppia,1
Tuontiyritysten,1
Kjdcdf2xnf8,1
Päänhierontahämähäkistä,1
Asmrstä,1
Lainaussivulle,1
Tuonsuuntaisiin,1
Kasvisruokavaliollesi,1
Kasvisruokavaliolleni,1
Kasviruokailullesi,1
Muljautuksen,1
10ps,1
Ruisnappiset,1
14kplps,1
Valkosipulimetukkaa,1
Kehyskuntalaisia,1
Alhaisemmassakin,1
Savusaunapalvikinkkua,1
Alkujännityksenä,1
Vesivaylat,1
Selviytymisoppaissa,1
Ruisleipäkoskenkorvasauliniinistö,1
Meriväylätkin,1
Retkiveneilyä,1
Turmismi,1
Veneverolle,1
Kaurapuikulan,1
Voillahan,1
Ruotsinvihaajien,1
Tietojärjestelmäasentajahuuhaana,1
Meripelastusseurat,1
Instanssiteksti,1
Rasvahapoistaan,1
Erityistila,1
Wikipeediaan,1
Nettijannut,1
Satumaailmoissaan,1
Massapahastuminen,1
3f6e1728908d446d9d36eaff900187bb,1
Ev_245,1
Pehmopornocamwhoreja,1
Unboxaa,1
Korviketuotteesta,1
Pahdettua,1
Kasvipainotteiset,1
Punavuoret,1
Kauppatorinkin,1
Valkiat,1
Kovanuppinen,1
Hyväosainenkaan,1
Mopoliikkeeseen,1
Siveellisempään,1
Omistusongelma,1
Olosuhteelle,1
Tottuvansa,1
Tiekustannusten,1
Käyttövoimaveroilla,1
Kapulakieliseltä,1
Altistaminenkin,1
Lantaloordina,1
Monikäänteistä,1
Kaksosillakaan,1
Lávlla,1
Ода,1
Gabaygii,1
Terveysteknologialta,1
Yksittäistapahtumat,1
Superada,1
Vähemmistöjutuissa,1
Moottorikelkkailijatkin,1
Veneinfran,1
Ostelekkaan,1
Venetehtaitten,1
Narkkarisossupummeista,1
Dööri,1
Kriminaalihuollosta,1
Puljaatte,1
Algoritmeillänne,1
Kilometripohjaisia,1
Kyttäämättäkin,1
Heinäsirkkakärpäsentoukkamakaronilaatikkoa,1
Punakantisessa,1
Foliotörpössä,1
Yliannostetaa,1
Mietitttää,1
Väestönlaskeminen,1
Käyttöperusteisesta,1
Jihadismikannatukselle,1
Nafr,1
Kookosmaitohan,1
Vakiintuneit,1
Voimariinina,1
Floralla,1
Kermahyllyissä,1
Älyttömyyksiähän,1
Harrastusmopoja,1
Numen,1
Lairia,1
Erinoimaisen,1
Yksiuloitteisesti,1
Ohjailuna,1
Merisatamissa,1
Ökyveneet,1
Pescetaareja,1
Dedoxaat,1
Muistillisella,1
Luomuhauki,1
Ennustahan,1
Elohopeapitosuutensa,1
Stopscript,1
Hyväresoluutioisina,1
Kuntoloman,1
Parantimasisesta,1
Syöpineen,1
Säilykesärjellä,1
Riihirukiista,1
Hoitoaalaan,1
Rastiradalla,1
Rieskasiivun,1
Alvihyötyä,1
Venereittejä,1
Venereittihallitus,1
Vrh,1
Paahtoleipäpalan,1
Ylirasvaisessa,1
Edistyneimmätkin,1
Tehdaslaitteistolla,1
Paahtopaistipatonkeja,1
Kilohailitahnaa,1
Randomgooglauksella,1
Kasissyöjä,1
Arvopuoleen,1
Liikennesuunnittelupäällikkö,1
Valitatneen,1
Porkkanalohi,1
Sukupuolikokemuksiin,1
Pirteaen,1
Saerkisaeilyke,1
Hyödykkeistynyt,1
Suojausmenetelmiä,1
Ultaäänilaitteessa,1
Kermapurkeissa,1
Koululaisraukoille,1
Särkivesillä,1
Kalatiskista,1
Kilometripohjaisien,1
Rapiaks,1
Paahettu,1
Sesamin,1
Kevytmaitua,1
Rinkulamalliset,1
Jarkossa,1
Toteuttettavia,1
Syöttikalaks,1
Kalvamalla,1
Pakkoruot,1
Provosoitumisena,1
Syväsäiliötkin,1
Teräslevyistä,1
Makuje,1
Vuokana,1
Kursulainen,1
Kaalesta,1
Riipue,1
Tasotteeks,1
Siitoinismi,1
Ettänmitä,1
Kaasutatteko,1
Hypnoottismagneettisesti,1
Mp88,1
Pilkun_kaytto_lyhyesti,1
Gastroeksistenssin,1
Kakkainenkysytiede,1
Vahingoitutaan,1
Varmastuti,1
Putkisarjassa,1
Kielipettureita,1
Liitenin,1
6tlf8ph,1
Pikkelöidyillä,1
Retiisisiivuilla,1
Kiintiölihansyöntivitsiä,1
Sukulointikäynneillä,1
Kommunistilandiatkin,1
Polisernas,1
Huvudskyddsombud,1
Händelsen,1
Möllevångstorget,1
Otäck,1
Förekom,1
Ruisnappulat,1
Tempomassa,1
Liikennepönttö,1
Veloitusjärjestelmä,1
Turistiretkelläni,1
Kiviukkoja,1
Kukitettiin,1
Tähtitorninvuorella,1
Kustannetua,1
Moottoritienpätkästä,1
Uskontoryhmistä,1
Idenksi,1
Oikeuttuja,1
Tyrmäyssetin,1
Ruotsinkielisessäkin,1
Kansallismuseonkin,1
Lupamaksussa,1
Provoutuviin,1
Kahvikonjakin,1
Ihkaensimmäistä,1
Suolilievettä,1
Vatsakalvojen,1
Liikenneministeriöönpäin,1
Vahvenevaa,1
Käyttöperusteisen,1
Biokaasuautobuumien,1
Ruispaahtoleipää,1
Teollisuusvakoilijan,1
Arkirealismiksi,1
Lihamukispedejen,1
Historiamuseoissa,1
Byrokratiajäänteenä,1
Jalkaväkiyksikköön,1
Johtueessa,1
Mittaushommia,1
Tjau,1
Valaisutunut,1
Makilanleipomo,1
Juustorieska,1
Arkijuustoviiipaleita,1
Astutusalueilla,1
Nrostatic,1
Original_image_with_cropping,1
N1pw3myr,1
Pussitetu,1
Sosiaalikuraattorilta,1
Probleemaas,1
Updateet,1
Brookers,1
Muovikasa,1
13f62a1d4a9f30a2ee3b413ae31a2d85,1
Viheriöhippinä,1
Månssonilla,1
Yliannostuksiako,1
Månssonin,1
Verkkorakenteen,1
Siirtoprojektissa,1
Järjestelmäalueilla,1
Konesalituotantoa,1
Rwj,1
Elokuvakäsikirjoittamista,1
Yhteistyörahoista,1
Diskojuhlat,1
Leipäseteiksi,1
Säilykeosastoille,1
Villisianlihaa,1
Punaleimaa,1
Hampurilaismajoneesia,1
Takaylössuunnitelma,1
Ihmiskehostakin,1
Provosoivani,1
Flamesota,1
Ekonistit,1
Pajaansa,1
Kakkosratikalla,1
Nähtävyyslenkki,1
Kaupunginmuseoa,1
Systeemiriskiä,1
Tuomiokirkostakin,1
Armonkallio,1
Valintalalo,1
Kullervonkadulla,1
72h28min,1
6nfkaa0ydbq,1
Uciqm28fgki,1
Aaaaaaaami0,1
Yd3mutd2xay,1
Ilmoitusnumeroon,1
Venemäärän,1
Tuiskautetaan,1
Toistaisesksi,1
Uzdg4dlu5uy,1
V58ysnlsgxy,1
Aiheellita,1
Haluutsie,1
Krokotiilinkyyneileitä,1
Mikroleipä,1
Läskileipä,1
Kyttäysrahastusboksit,1
Hullaantunu,1
Leviäks,1
Sairaanhoitopiirisysteemin,1
Kuntaliitospolitiikasta,1
Hirviniämen,1
Normijuuston,1
Pikaeditointi,1
Urjglxes8ni,1
Finanssikäsitteistö,1
Vaippavideotehtailijoiden,1
Anvander,1
Ersatta,1
Tarjouskohtasesti,1
Dominiquen,1
Icedogs,1
Improsarjakuvaa,1
Saliselfien,1
Logiikkakikkareen,1
Paasiaislimppu,1
Kökkösuomennus,1
Syöksyäänen,1
Vaarahälytyksen,1
Volinaan,1
Sotilaspalveluksessa,1
Lausuntopyynnot,1
Asianasiakirjat,1
Päivityspalvelun,1
Ylläpitopalvelun,1
Yksittäiskysely,1
Osoitehakujen,1
Postiyrityksellä,1
Postitoimintansa,1
Huoneistotasoinen,1
Ajantasaisuudella,1
Postiyrityksillä,1
Postitoimintaansa,1
Varmennepalveluja,1
Postinumerojärjestelmän,1
Hyödynnettävyyttä,1
Osoiterekisterityöryhmän,1
Postinumerotiedot,1
Postinumerotiedosto,1
Perusosoitteisto,1
Huoneistotasoista,1
Työosoitteita,1
Rinnakkaisosoitteita,1
Jakelunkeskeytyspalvelu,1
Syrjimättömin,1
Irrottamiskustannuksin,1
Osoiterekisteristä,1
Siberian_jay,1
Pienisilmäisellä,1
Ajokelpoiset,1
Jihadistiliikkeitä,1
Ykkösprioriteeteistä,1
Loppuajaltakin,1
Ohjelmistosuunnitelusta,1
Hankintakonsultteja,1
Mustaleimajuustoa,1
Cfg8bgauyaawwbl,1
Huuhaaripulia,1
Agencyongelmia,1
Finanssiregulaation,1
Emiljuuna,1
Omavaraisuusasteeseenkin,1
Säilytystilalle,1
Läheisenikin,1
Tuorekaapit,1
Kovatöisin,1
Vatsasairauksiin,1
Tonnomajo,1
Lohiruisleipä,1
Vatsaonkalon,1
Uutisraportit,1
Ensikertailaisilla,1
Kokkikouluille,1
Modellissa,1
Pmc2594139,1
Inkiväärihillo,1
Cheddarviipale,1
Kasvisruokalajien,1
Hydraatti,1
Spaissia,1
Vatsakalvokerroksesta,1
Imunestettä,1
Ukulelejä,1
Valuvikojensa,1
Jynkkysivustot,1
Kireemmästä,1
Minibars,1
Katsastusvälien,1
Kyttäysjärjestelmiä,1
Röyhtäyksistä,1
Kalaöljykapselin,1
Meeses,1
Raindeers,1
Polar_bear_range_map,1
Ruuhkamaksuporttien,1
Mannerkin,1
Laajennusohjelmaa,1
Tukipilareille,1
Ilmoittamisratkaisu,1
Hirveimmässä,1
Kynyjä,1
Sirotan,1
Lovelaceen,1
Ada_lovelace,1
Gimmickille,1
Klikkihuoraan,1
Multikopterilentoa,1
Lihantuotannossahan,1
Muahahahhahaha,1
200801040002455_uu,1
Jäljiteköön,1
Nyhtökaurakaan,1
Kauppiasmallinsa,1
Corollamiehen,1
Muukalaisteorioita,1
Ideologiahullujen,1
Reaalipalkoissa,1
Sixcms,1
Mwsl7xn,1
Työmarkkinajoustoja,1
565884_en,1
Katuroskaus,1
Aurinkokuntalainen,1
Keittokehotus,1
Socialeuropen,1
Yöpymisvinkkinä,1
Hotelkatajanokka,1
Ratikkakierrosta,1
Bergga,1
Verosuunnitteluvittuilun,1
Biletoimikunnasta,1
Pikkujärvilläkin,1
Jätteidenkäsittelykustannukset,1
Ilkivaltaongelma,1
Palveluntuottamisen,1
5lmebu,1
A4_auttakaa_saan_kohta_paniikkikohtauksen,1
Pikkuroskistakaan,1
Peltipöntöt,1
Limupullollista,1
201612272200045616_uu,1
Hakkeritkaan,1
Liikennesubventioiden,1
Skutsilaisten,1
Kasvukeskuslaisten,1
Yksityistämispakkoa,1
Kuntosetelit,1
Aliedustettaja,1
Osaam,1
Iskuilun,1
Naiset_ict_alalle,1
44b28dbb3c5a56d84c05b84a860bf1b9,1
Käynnistyskerrat,1
Teeastioita,1
Edwise,1
Veteraanikisoja,1
Veteraanisarjaan,1
Ateneuminkuja,1
Oppiaki,1
Normikoodi,1
Väestötilasto,1
Hoplaaa,1
Kiihkorasismia,1
Marten,1
Wolverines,1
Dace,1
Miespuolisiahan,1
Hyöristellään,1
Otsikonrustaajaksi,1
Normikriminaalitoimintaa,1
Seksirikostoimintaa,1
Keppihevostelisit,1
Huolestuttuvaa,1
Sianruoalla,1
Maastamuuttomaan,1
Väestölaskentasuosituksen,1
Etnisyys_ja_kansalaisuus,1
Perusedamia,1
Katseluprosentti,1
Nykyverotukseen,1
Vuosipidennyksen,1
Neuvottelustrategialla,1
Päivänpidennys,1
Ärsymyksen,1
Alleviivamatta,1
Kunniankysymys,1
Murskaamisella,1
Hibernates,1
Penkkiurheilijana,1
Uutiskatsauksiin,1
2016012921035191_uu,1
Autoilubudjetista,1
Mitchel,1
Räkänaurukomediaa,1
X2557eq_that,1
Holmes_shortfilms,1
Melontakesä,1
Rendailua,1
Uusiopaperia,1
Kotakin,1
Etnonationalismiahan,1
Rustyzipper,1
Tilastoitaviksi,1
Yksinoikeusartisteja,1
Mainososuus,1
Annattuja,1
Helsinkikorttia,1
Helsinkicard,1
Sanottaisin,1
Väärinkäyttäjälle,1
Yuutuubaajalta,1
Hetsua,1
Kunnaria,1
Kyntäneensä,1
Wildsound,1
Filmmaking,1
The_shining_jack_nicholson,1
Etälukulaitteita,1
Suomenkuvalehteen,1
Virtuaaliopeaattoreita,1
Virtuaalioperaattorikeissiä,1
Esklusiivisemmat,1
Rajakulttuuri,1
Sakotustavoitteensa,1
Paskalauseen,1
Patrialaiset,1
Viikkokorotus,1
Nummijärvi,1
Juhannusfestivaali,1
Töidensaanti,1
Turvapaikkamenetelmän,1
Liikuttuminen,1
Ulkomaalaisissakin,1
Rakennekehitys,1
Jnorth,1
Bcvcts3vjbq,1
Koiraxd666,1
Naislaulajat,1
Asumisvaihtoehdoksi,1
Artistointia,1
Liikennemaksujen,1
Kitaakin,1
Murenevisivat,1
Kiihkosuvakointia,1
Tsadilaisissa,1
Moraalivelvoitteesi,1
Intensifioima,1
Tahdeillaan,1
Paharet,1
Harjoituslennot,1
Maksimihäiriön,1
4zq_yrwubrm,1
Empatiokyvyttömyyden,1
Maalaiskyläyhteisöelämään,1
Vegaanitonnikala,1
Itsekehityspäiviksi,1
Ryyppäystunneista,1
Kilometriperusteisilla,1
Uudestana,1
Humanistististen,1
3ok3ab,1
Suomalaiset_klassikkosanoitukset,1
Talviukkosta,1
Kesäukkosina,1
Jjjust,1
Semiulkosuomalaisena,1
Räjähditte,1
Putsaatte,1
Häshtääg,1
Beibiä,1
Pajamäes,1
Välskärj,1
Turvapaikkaraili,1
3rsokdrzyjg,1
Faceofadyingnation,1
Turvapaikkakriteerejen,1
Jatkenemistaan,1
Mamukustannuksille,1
Qi0xvpm,1
Lauleskelette,1
Moppiilista,1
Ajattuihin,1
Pienemminstä,1
Kokosuhteen,1
Lakkoilleiden,1
Rakentamismääräyksiä,1
Joukkoliikennevälineetkin,1
Sekasikio,1
Rajutumpaa,1
Vahdittuja,1
Muslimitilastoja,1
Tutkimusperiodin,1
Ssaaty_2015_2016,1
Avioeroperhekeskeistä,1
Tupakoinnissakaan,1
Kessunenäpiikkiä,1
Rpk_2015_04_2016,1
Kokonaispruju,1
Ystävysporukan,1
Sivarivuottani,1
Kattoonräkiviä,1
Budjettitaseessa,1
Autoilurahastosta,1
Kallioparkkihallilla,1
Autoilurahasto,1
Autoilurahaston,1
Vihapuhepaskaan,1
Servailun,1
Tiukkahenkistä,1
Täysistuntopaskalla,1
Maahanmuuttajavähemmistöille,1
Lieventyisivät,1
Iittyvätä,1
Rasismileimasimen,1
Heilutamiselle,1
Hakkaraisestakaan,1
Äijiähän,1
Raskasliikennekin,1
Jopomiehille,1
Nappejani,1
Matkapyöräilyn,1
Känniläppäselityksen,1
Kaivoonpaskova,1
Välähdykseen,1
Viherissäkin,1
Jäkiteollisessa,1
Puolustuslausuntoihin,1
Casejä,1
Datailuvero,1
Rangaistusveronkiertomaksu,1
Nupikan,1
Rakennusliitosta,1
Brancolla,1
Kieliurpoiluni,1
Whifffff,1
Paljastitkin,1
Laittamieni,1
Kitkanen,1
Katkarapuu,1
Häshtäägistä,1
Erikoismädätysjoukkueessa,1
Punavihermädätän,1
Seittemänteen,1
Ahdistelisikin,1
Fhöön,1
Äijäillyt,1
Kesälavaa,1
Rientopaikkaa,1
Lähikunnis,1
Joisna,1
Maharollisesti,1
Kotimaasista,1
Koskoo,1
Isoompiakin,1
Hevifestari,1
Nummirokin,1
Katuverkostonsa,1
Kunnallisbudjetteihin,1
Emädj,1
Partajihafisti,1
Wowsereitakin,1
Do4mapx8reex,1
4wy08m,1
If_this_post_gets_100_upvotes_well_change_our,1
Z4ifqlh,1
3zzd1r,1
If_this_post_gets_100_upvotes_we_will_become_a,1
Scrumdiddly32,1
Scrumbles,1
Crowdfunder,1
5e1td9,1
If_this_picture_of_scrumdiddly32_gets_100_upvotes,1
Crestillä,1
Prosenttisummia,1
Rikostapahtumastahan,1
Häippä,1
Perusryöstöstä,1
Äärimmäisesimerkkihän,1
M45027,1
Likainen_kaveri,1
Lenkkilaatikko,1
Luovuttamistilanteita,1
Havumarrssin,1
Havumarssin,1
Upseerikokeelaan,1
And9gcqtgcgcxjqgacj,1
Hblnvuqlxcm5xj4mahqiylobkmgw4sscyoizqq,1
Lempimonologisi,1
Huomatuks,1
Tonnikahdensaan,1
Normisalama,1
Iltasuussa,1
Eurooppalailla,1
Dbzbov2,1
Eporner,1
Laulaakaan,1
Puolustusmekanismihan,1
Jalometalleiksi,1
Dontbanmeplease5,1
Savonmuata,1
Vastauspohan,1
Logosoppaa,1
Jenkkitutkimuksissakin,1
Mutuilutier,1
Apinamaassa,1
Hypetventilaatioon,1
Terveypavelut,1
Lomaromansseistaan,1
Seksiaalin,1
Punapäält,1
Torontontoto,1
Äijäporukal,1
Mythoplokossin,1
Myöteisempi,1
Kuljenhan,1
Vastaehdotuksesi,1
Säähavaintopal,1
Punttisonni,1
Hommahatulla,1
Sinisilmäilin,1
Ihmisvaihtokauppa,1
Käänini,1
Tiliteltiin,1
Kaatumisilmoitus,1
Erikoislomakkeella,1
Dundalk,1
Aaarrrgh,1
Sekstaamiseen,1
Lisääntyymiseen,1
Double_factorial,1
Vakavimpiinkaan,1
Vääränkokosena,1
Isompijalkaiselle,1
Sosiaalivirkailijansa,1
Pakolaispostauksille,1
Lwa5j,1
Opinor,1
Veitsenkääntöä,1
Asunnonomistasen,1
Valtamielipiteessä,1
Normirikoksiin,1
Turvapaikanhakijaa_epäillään_10vuotiaan_tytön,1
Kaksi_alaikäistä_tyttöä_pahoinpideltiin_halisissa,1
Pommiuhkauksena,1
Positiivisillekin,1
Pakolaispostaus,1
5lyttc,1
Sanat_vs_teot,1
Vaihtokauppaasi,1
Perusteliti,1
Siveliäisyydestä,1
Semimamu,1
Turvapaikanhakijaa_ep,1
A4n_10vuotiaan_tyt,1
Kesämyrskyt,1
Heijastasessa,1
Vittusuvakkisairasvitun,1
Parantaamaailma,1
Lisäätp,1
Nuhteettomuuskriteerit,1
Reaalipalkathan,1
Ruokajihadistin,1
Ajatuksenmuutoksesta,1
Täyttämättömäksi,1
Asteittaa,1
Romahdusvalmis,1
Postfaktuaalisina,1
Nahkatuotteitakaan,1
Isoäideilläänkin,1
Code_talker,1
Kannapistakin,1
Pössyttävät,1
Dbzkxtv,1
Herättälevän,1
Turvapaikkarailailusta,1
Murheeksemme,1
Tarvittavamme,1
Maailmakohtaa,1
Vesivarantojamme,1
Rainmanin,1
Kämpiltään,1
Tontasoisia,1
Zäppiksiä,1
Seniileissä,1
Yksittäistapauslanka,1
Peijooni237,1
Räjäytelläänkö,1
Kumminkään,1
Ultraviolettilupausta,1
Ropottitakseja,1
Uusklasissen,1
Olennaisistakin,1
Uutiskilpailu,1
Puhelinkommentointi,1
Työnhakutarjous,1
Hakkaraisellekin,1
Talousblogit,1
Rassssismista,1
Betoniröykkiön,1
Ajoneuvoverotukseen,1
86eurolla,1
Maitokaappi,1
Autoverotta,1
As4m,1
Ddubjg,1
Saleteissa,1
Luisupulkkailua,1
Ugxyszn,1
Elläkkää,1
2012041815464058_uu,1
Päässäänsä,1
Sateenkaariluolan,1
Harhauduinko,1
Hyväksyttyistä,1
Käyttöönotettuun,1
Moottoripyöräveroon,1
Veneveroon,1
Läpipuskijat,1
Radius_clause,1
Kuohittaviksi,1
Varauksellisuutensa,1
Lupasinkohab,1
Ihtennä,1
Soijamaitokin,1
Nipsejä,1
Perunakuuriin,1
Pakastemustikoitaki,1
Rajakkimedia,1
Rikosraporteilla,1
Talikonheittimien,1
Talikkostanin,1
Pulttilukollinen,1
Hajontalikko,1
Pitkänmatkanpiikittelyyn,1
Automatioistu,1
Pikkupiikittelijä,1
Varustetuna,1
Pikkulikon,1
Vittulikko,1
Oletussubeissa,1
Talikkostanista,1
Raidetalikko,1
Palvelusmuotona,1
Valapäivään,1
Peruskenkien,1
Suovaloja,1
Vegaanikuukautta,1
Moeder,1
Salskeata,1
Lihansyöjyydestään,1
Hairahduksilta,1
Tapporahoista,1
Tessittömiäkin,1
Rasistimodet,1
Karmakatalyyttinä,1
Lapustahan,1
Rikoksetkaan,1
Bangladeshlaiset,1
Poispääsyähän,1
Työttömyysmassit,1
Syndikaatilta,1
5lxpkl,1
Tellervo_koivisto_olen_nyt_maunon_omaishoitaja,1
Kristallilapsien,1
Kerinnästä,1
Sientensyöjien,1
Fungaanit,1
Haastekiinnostaa,1
_083ibs,1
List_of_terrorist_incidents_in_january_2016,1
Insurgency_in_balochistan,1
Insurgency_in_egypt_,1
Insurgency_in_jammu_and_kashmir,1
Insurgency_in_the_maghreb_,1
93maoist_insurgency,1
93isil_conflict,1
War_in_north,1
West_pakistan,1
War_in_somalia_,1
Khithosh,1
Pikemin,1
Karttuseen,1
Aktiivimoderointi,1
Menetyshan,1
Esinmäinen,1
Lihaskimppusupersoturi,1
Katuvarsipysäköintiä,1
Kotosuuden,1
Baskiseparatistit,1
Metallikaivos,1
A4salmen_kaivos,1
Veronmaksajinahan,1
Mesenterium,1
Internetritari,1
Mesenteriumia,1
Inkeen,1
Hostattuihin,1
Kangaskasseihinhan,1
Bulkkisikanautaa,1
Tukiverkoille,1
Hummailuja,1
Kaivauksella,1
Pumpuloidaan,1
Z5toszb,1
Brosyyriä,1
Bitterbal,1
Pikaisela,1
Dunien,1
Kilpailukykykehitystä,1
Vammaisavustusta,1
Anteexs,1
Lomiltapaluu,1
Kikytöihin,1
Retsiä,1
Luettivat,1
Nykymaailmaksi,1
Pitkitellä,1
Twitterkuvalinkit,1
Virtapohja,1
Kaslerpihvejä,1
Terveystekijöinä,1
Kiduttaakkaan,1
9cc502293f004f9abd2ca413a562a25d,1
Musatouhuissa,1
Maalaiskirjastossa,1
Hameverkko,1
Heinämäkeen,1
Jokumode,1
Akphoto2,1
Impact_of_cuts_final_report,1
Country_focus,1
Cf_vol11_issue10_en,1
Torailleet,1
Niigerit,1
Puuvillallakin,1
Valayksen,1
Jyrahdysta,1
Lahderannassa,1
Ruokavaliosiirtymisen,1
Painonpudotuskikkailu,1
Pämppäämäti,1
Realsia,1
Ylpeiltävä,1
Ulottuisikin,1
Tyynnyttäisivät,1
Satavuotisjuhlista,1
Ketohomma,1
Paskasaaveja,1
Turistihoukuttimena,1
Muovintuotanto,1
Elektroniikantuotantokin,1
Dtop,1
Colista,1
Miinusasteeseen,1
20puree,1
20pahemmin,1
20mittari,1
Betonibunkkerisuoja,1
Lääkäriluutnantin,1
Hypetventilaatio,1
Iltikses,1
Selainlisäosankin,1
Seesvaara,1
Rikosstatistiikan,1
Puistoraiskaukset,1
Syyllistanyt,1
Alkueliöitä,1
Prosenttiseti,1
Simpassit,1
Elmerimme,1
Elykkäämpiä,1
Toimistotarinoita,1
Tt0095953,1
Ympäristöviikkoa,1
Veteraanivegeiltä,1
Kasvispainoiseksi,1
Lumihiutalehienopierunaisia,1
Juodulta,1
Vaimenemiseen,1
Ilmaolosuhteet,1
Rysäytän,1
Offitopiccia,1
Kokkaamisessani,1
Zuig,1
Iedereen,1
Taulukkolaskentaformaattiin,1
Esikatseluvedokset,1
Epäorganisoidusti,1
Vedoksista,1
Hakutaktiikkaani,1
Stormyprods,1
Alife,1
Kääntämispalvelujensa,1
Tulkkausostonsa,1
Sidosyksikkönä,1
Sidosyksikköönsä,1
Kuukausitempauksilla,1
Tervehdyspuhetta,1
Juoksentelisinkohankaan,1
Spammattaisi,1
Nettihöpinätuomioita,1
Mielipidemoderoinnit,1
Sademiehellä,1
Hieromasauvakävelyä,1
Paapapapaapapaapaapapaapaa,1
Poisryyppäämisen,1
Länsinaap,1
Islamofoobisen,1
Mamupsykoosipropagandas,1
Onelinereitas,1
Feministapuolueen,1
Veromallissaan,1
Kaupunkiteihin,1
Paikkaseuranta,1
Verotusmallina,1
Ylittyneeksi,1
Juankoskesta,1
Tajuuttekos,1
Asukasmäärissään,1
Naamoistaan,1
Versta,1
Serr,1
Rahastuskin,1
Aiheuttaanee,1
Ravintoaineetkin,1
Craphound,1
Translateservererror,1
Virittänyttä,1
Reseptisivustot,1
Ukkeleillekin,1
Tytän,1
Entanglementin,1
Ikuisussessa,1
Testogel,1
Pyhiksestä,1
Myrskylyhdyssä,1
Joulunaki,1
C4koyf,1
Zwra,1
Nautintoakaan,1
Teenyverse,1
Ucqy8lvre5uvgpjjc,1
5h4k8g,1
Betonielementtiblokkeja,1
Useampaankiin,1
Suomalaiskansallisromanttiseen,1
Draamaelokuvaan,1
Käsittämöttämiä,1
Hengenpantimellasi,1
Negatiiviseem,1
Nationalismistami,1
Elintilaani,1
Sivaripelleistä,1
Hyvätuloisinta,1
Pienpuoledilemma,1
Plebeiaanit,1
Mädättäjärasisti,1
Appel_du_vide,1
Metallinpaloihin,1
Tukiaiseni,1
Ohjelmistoinsinööriopiskelijana,1
Takkuamisaika,1
1919158_10156409201570154_3218919952221522642_n,1
1a54ba1cac5fa4ffa6154bd3552321e5,1
591fa0e8,1
Yhdistymisselvityksen,1
Koulukirjaesimerkin,1
Sortteeraamaan,1
Matemattiikka,1
Tekstifiluun,1
Oleellisempina,1
Kauniaislaisilta,1
Kauniaislaisista,1
Väisteleekö,1
Ydintiedon,1
Kalenterivalmistajat,1
Kohuviikkonumero,1
Mistermetokur,1
Livetweettasi,1
Vihateoksi,1
Rotujenvälisiä,1
Segregaationistejä,1
Advokaatteja,1
Antirasismilupauksillaan,1
Kävelesinkö,1
Ruotsinkilisiltä,1
Vankeinhuoltolaitoksen,1
Metsäasumista,1
Metsäkylien,1
U0mjx,1
Pdbrtyf,1
Korpiselän,1
Kalliiissa,1
Peräkammarissaan,1
Terkkarijonoja,1
Vantaalaistuneelle,1
Anonyymiteettini,1
Jaloistahan,1
Välivaatteet,1
Syvänmustaa,1
Illemman,1
Pikapisulla,1
Autottomuuslinjaukselleen,1
Näyttivat,1
Juotettin,1
Tossutossutossu,1
Kammaripojista,1
Purevammaksi,1
Hs2fw5w,1
Kunnallisvaalejakin,1
Gerbiilitarina,1
Teatteriopiskelija,1
Herätystoimenpiteenä,1
Povaile,1
Runsaudensarvista,1
Kiinalaiskeskittymä,1
Kaupunginsta,1
_n_xghnlwam,1
Lämpökerraston,1
Sosialistimummo,1
Kääpiöpinsereitä,1
Kairailemassa,1
Vilustanut,1
Epäoikeusvaltiossahan,1
Väliinpuuttuja,1
Normitalvikeli,1
Ucc3l8qaxqeguibc252ghy3w,1
2z4a7n,1
Welcome_the_netherlands_today_we_are_hosting,1
Cpfj0ty,1
Kirosananomainen,1
Alituontantoa,1
Siirtokapasiteetissä,1
Tuulenkestävään,1
Säätiedotuksiaan,1
Tappajapakkasista,1
Sivarissakaan,1
Tuntuukuin,1
Vakkarilukija,1
Sensaatiotunteita,1
154_1483565133,1
Freeletics,1
Kikkarelukemaan,1
Sensaatioarvoja,1
Urheiluvaruste,1
135b90c9eea954dc413f6e73d5d0cf7b,1
Puulattiassa,1
Pakkastuuleen,1
Pöhinämuseo,1
Hogeschool,1
Pelottelukuukausi,1
Soteselvittelyn,1
Investointivelat,1
Terveydenhoidosssa,1
Telkkariesimerkissä,1
Yksisilmäisyydestä,1
_sotaa,1
Pakenevalle_,1
Leriin,1
Ff2d4ba2,1
6007a48f6bdf,1
Järjästäjiä,1
Yliryötki,1
Hesaäijät,1
Tuulikertoimiin,1
Legginsseihinne,1
Piilotekstinä,1
Ympyröimällä,1
Ykkössitcom,1
Strokesissa,1
Keskivertomustan,1
Cheersissä,1
Pulmusissa,1
Dysfunktionaalisuutta,1
Alfissa,1
Punky,1
Tuotantohistoriansa,1
Mustateini,1
Epänormaalisuus,1
Newsradio,1
Paskalaatuiseksi,1
Lauantaidisco,1
Vegaanimuona,1
Arkimättöihin,1
Vegaanitutorit,1
Falafelpiffen,1
Valmisaterioistakin,1
Minimigrafiikoilla,1
Semiperuna,1
20lives,1
20matter,1
Vuoropuhe,1
Ulkomaihinsa,1
Katellutkaan,1
Epäidiomaattiselta,1
Nastatki,1
Pyöräilypuvuissa,1
Vihervihalla,1
Autopaikkataloja,1
Fentaniilikaasua,1
Pysäköintiluolassa,1
Pysäköintiruudulle,1
Pysäköintiyhtiö,1
Uudisrakennusaluetta,1
Lansisatama,1
Jatkasaarta,1
Yrityspysäköinnistä,1
Packardbellin,1
Yrityskamoissa,1
Leasiläppäri,1
4200u,1
Savunnousua,1
Ruumiinontelosta,1
Je8kejs0ts7y,1
Tempputyöllistämisien,1
Ilmaisharjoitteluiden,1
20feet,1
_huoneiston_,1
Loppiaisviikonloppua,1
Vierahilta,1
Eurooppalaissukuisia,1
Markettipurkin,1
774g,1
53vb,1
P38807939,1
Acereiden,1
Pelipöytäkoneenkin,1
Iltasanomies,1
Lutikatkin,1
Tarkotuksenmukaisuus,1
Depressedalien,1
Lajitteluks,1
List_of_intel_cpu_microarchitectures,1
Budejettiisi,1
Vähentämiseski,1
Skylakein,1
Asiakaspalevelua,1
20081024_geneticdistances,1
Ylihinnoitteluja,1
Erotteva,1
Eräläisiin,1
Tsempataa,1
Hogeschoolissa,1
Islamistiseparatistien,1
Pakistaneihin,1
Bangladesheihin,1
Rannikkopiski,1
Kärkilistoilta,1
Böndejunteilla,1
Hdx,1
Txhv,1
Hdx9200,1
Matkustetua,1
Liikutettavuudelle,1
Suurkaupinki,1
Eritytyneitä,1
Guggenheiminsa,1
Pakkasneste,1
Ovitiivisteet,1
Lutkikkaongelma,1
Avaruuspiraatit,1
Huumoriperusteista,1
Kisuvideoita,1
Ennustelukemaa,1
Tuulilukemaa,1
Blokedude,1
Kylmääväksi,1
Konkurssimuseo,1
G551jw,1
4720hq,1
Globalisoitua,1
Osaisemmista,1
Kämminkiä,1
Geenioperinä,1
Sekoittautumaan,1
Muuttomme,1
Muodikkaammat,1
Parkkihalliyhtiön,1
Parkkioikeuksia,1
Parkkihalliyhtiö,1
Parkkioikeuksien,1
Parkkioikeudet,1
870m,1
970m,1
Gryunderi,1
Pölypunkkijuttua,1
Murtumine,1
Tuulisemmalta,1
Kannabisriippuvaisuudelle,1
Lakupiippunsa,1
Hakikselta,1
Muslimisuuttaan,1
Hd6650m,1
Intelien,1
Vegaanilinjallakin,1
Makroarvoissa,1
Kaikkiruokaisenakin,1
Designmuseoa,1
Tullipuomin,1
Talvipukeutumiselle,1
Gorekankaita,1
Parranpärinävaroitus,1
Skinivaatteissa,1
Hajuveet,1
Kuuskytäluvun,1
Ympärikäännetyllä,1
Parranpärinä,1
Uimahallityyliin,1
Kauniaislaisten,1
82ce39f0,1
Bfcd,1
3ece427997ad,1
Päätöjset,1
Tuplakoossa,1
Körssipisteen,1
Tuubimallin,1
Olevaakin,1
Äänitunnistuksella,1
Modernisa,1
Peliläppärisä,1
Räiminnän,1
Koneeks,1
Tehaskunnostettua,1
Kierosilmäsiksi,1
Ristiinnussittuun,1
Savolaisperimään,1
Omaleimaisuuttaan,1
Pöhnäisiä,1
Karistelivat,1
Lokeroituivat,1
Korupuheilta,1
Negatiivinentuloveromalli,1
5m5xvk,1
Lahdesta_varastettiin_puolustusvoimien,1
Jiffejä,1
Kassaihmiset,1
Hymyilellen,1
Klikinavaaamisen,1
Reissupaikaksi,1
Lökähousut,1
Uudelleentulkitsemaan,1
Palestiinalaiskytköksiä,1
Huolehtivaiset,1
Berniestäkö,1
Käynnistykö,1
Peliläppärinä,1
Pelituotteina,1
Liipastaa,1
Firmwareroskaa,1
Juurtuneelle,1
Hammun,1
Rangaistusuhasta,1
Käynnistyhä,1
Autismismin,1
Ysiratikka,1
Rfyoojebfry,1
Bookmarkkehin,1
Bookmarkkien,1
Vrg,1
2009_ada_position_paper,1
Puisa,1
Parineuron,1
Perunaläppäri,1
Sianlihakielto,1
Ettisyys,1
_kuumotus,1
Työmatkaliikenteellään,1
Palincallsoutmsmblacklivesmatter,1
Newstarget,1
Karkkitupakeista,1
Piippujakaan,1
Rinnakkaisyhteiskuntineen,1
Neitsyystarkastuksiin,1
Silpomisina,1
Lapsiavioliittoina,1
Serkusavioliittoina,1
Rebwar,1
Maakuntapoliitikko,1
Impeyskontrollit,1
Pesiytyviin,1
139848_pops_web,1
Motkotettiin,1
Lippalakkiansa,1
Vinopölkky,1
Viivoittelemaan,1
Seiskojansa,1
Anatechhiä,1
Palstatilakin,1
Vieraskirjalainen,1
Edukkaampaan,1
Tupakinmyyntipiste,1
Tupakkikonetta,1
Vesilämmittimestä,1
Vajaavaltaisuutensa,1
Hiuksisella,1
Ihmetelltyt,1
Perusasunnoiksi,1
Paluujohtoa,1
Pesuhuoneesi,1
Rättipatterien,1
Rättipattereiden,1
Stigmatisoinnissa,1
Laskutakki,1
Michelinmieheltä,1
Muotiväreissä,1
Näperti,1
Paleltais,1
Nieleminenkin,1
Jolppien,1
Kananugeteilla,1
_haluta_,1
Huumoriviestin,1
Uudelleenverotusta,1
Kaatissäkkiin,1
Vaahtosienet,1
Suklaapäällysteellä,1
Nallekarkkeihin,1
Salmiakkikalat,1
Labarssa,1
Haluatko_ilmaiseksi_parasta_ennen_,1
Risteilylle_toimi_nain,1
Legionellalle,1
Legionelloja,1
Legionellasolujen,1
Mikrobiongelma,1
Kylmävesiputkessa,1
Kuumakierron,1
Pönttökonetta,1
Ucmrlcxsdsclir7q8axxjvxg,1
Sähkönkaupustelijalta,1
Pipottomassa,1
Korvanpalellutusjengissä,1
Ihmisoikeuskisoja,1
Terasetiltä,1
Hintavertailusivustolta,1
Seiskankaan,1
Lakupötköt,1
Sikareilta,1
Tuplapakkaus,1
Tunnistettavuuskaan,1
Palmer_method,1
Palmer_method_alphabet,1
Sofat,1
Pipoton,1
2fshaun,1
Hopemob,1
Undated,1
2fsandrarose,1
2fimages23,1
2fglasses,1
550x313,1
2fs3fs,1
2fstory_large,1
2fthumbnails,1
2frachel,1
2f298e484e00000578,1
46_1434386211248,1
Saunakeikka,1
Tähtivalokuvauksesta,1
Brutalistwebsites,1
Tuplaovellinen,1
Mattokerros,1
Norminpurkutalkoossa,1
Norminpurkukohteista,1
Suojelupäätöksiin,1
Metsäammattilaiset,1
Junakaaokset,1
Sinnittelijöille,1
Laattamyrsky,1
Lukiopsykan,1
Mutututuntumalla,1
Pinnapäristimissä,1
Dasvidanya,1
Vaaliohjelma_kuntavaalit_2017,1
Piraattilippulaiva,1
_coworker_,1
Kanssatyöntekijä,1
Työ_kaveri_,1
Tilaustapaani,1
Timoilta,1
Jekkulankarulla,1
Lähdemmen,1
028ne,1
15_6,1
Iäntarkistusta,1
Kesäkenkien,1
Kirjottelujaan,1
Harrastuskerhoon,1
Kaatumisvammoja,1
Leonsa,1
Yleiskonekiväärillä,1
Magilla,1
Vyjpt9hfrewc,1
Kdbr8dbkiq,1
Rkvmz,1
4gsc,1
Hythqo3upuooxtxw,1
0ahukewjrm4gvmqvrahxefywkhfemddcq6aeigjaa,1
Lutikkakanta,1
Uimahallityyli,1
Seiskassani,1
Hiivataikinaa,1
Lumilautahousuja,1
Tyköistuvampia,1
Kaupunkilaisteinien,1
Elvisteleen,1
Ruoanlaitollas,1
Käsinkirjoitetuilla,1
1q7lamx,1
Numeromerkki,1
Juoksulenkkareiden,1
Korviinki,1
Tyytysin,1
Änkyräoikesto,1
Divisiivinen,1
Ihmisjätteistä,1
Vihaorganisaatiosta,1
Itseaiheuttamistaan,1
Pyrkin,1
Ulostulojahan,1
Toisenlaisuuksien,1
Kundeihiin,1
Jalostamonjohtaja,1
Peruskeinoa,1
Satutiin,1
Yläoikeelta,1
Napapaitateinejä,1
Aloitain,1
Älähtäkää,1
Vesijärjestelmässä,1
Kirpuiksi,1
Myrkkypullon,1
Baygonilla,1
Kiinantekniikka,1
Tuoltaessa,1
Tupakkarulettia,1
Blackjackejä,1
Iskanderejä,1
Edullisehkon,1
Tyhjennystiheyttä,1
Pursuamassa,1
Mummonpotkijaraggari,1
Hakaviivan,1
Aztran,1
Djgz0gbsick,1
_kahdesti_,1
Pelivehkeenäki,1
Linuxversio,1
Ergometrit,1
Pysäköintiluolasta,1
Pysäköintiyhtiöstä,1
Tietyseti,1
Hissiyhteyttä,1
Nimikoidusta,1
Selective_hearing,1
Bokia,1
Lokalisaatioonkin,1
The_meeting,1
Yhteiskunnast,1
Tunnusluvat,1
Kuntalakikin,1
Tulopohjasta,1
Elinvoimakysymys,1
Enemmyydellä,1
Kausiväestö,1
Asukaslukuaan,1
Paremmuuttahan,1
Menettävissäkin,1
Elinvoimakunta,1
Kausiväestön,1
Vaalalaiset,1
Satiirisille,1
Elvytysohjeet,1
Densaesteettömiksi,1
Länsistamam,1
Oleellisuuksiin,1
Asukasluvullakin,1
4ai77a,1
Astuin_t,1
A4n_tahallani_v,1
A4n_bussiin,1
D10l7fs,1
Punanoita,1
Dataaja95,1
Jakelunkeskeytyksen,1
Jakelunkeskeytykseen,1
Jakelunkeskeytys,1
Noudappa,1
Tekstiviestilläkään,1
Lepärdit,1
Hämydiilistä,1
Tietömyrskyssä,1
Vesivahinkovero,1
Ulkomaanhommat,1
Osoitteestas,1
Palautuskortin,1
Lätissään,1
Iiltä,1
Voimannäyttöbluffia,1
Blmkidnapping,1
Rölejen,1
Videoata,1
Vieraantuivat,1
Puskistahuuteliaksi,1
Tuppakkatuotteisiin,1
G462,1
Monikulttuuriasiantuntijoita,1
Terasettia,1
Laatusudetta,1
Thinkpadillä,1
Lämpöeroihin,1
Paikkausainetta,1
Tölkkipanttijärjestelmä,1
Kulutuskekkereitämme,1
Kääntelemättäkin,1
Diatomaceous_earth,1
Pest_control,1
Sopiipas,1
Liittyisimmekään,1
Tekivätt,1
Lipsuisivat,1
Lattiakaivohan,1
Tikkaritehdas,1
Kortsunvalmistaja,1
Uudelleenhinnoittelusta,1
Lakupiipuissa,1
Energiajuomiasakin,1
Lisälämmikkeenä,1
Lähetyslippua,1
Karakul_,1
Tyylitajuuni,1
Driftaustankki,1
Drinksuvarjolla,1
Citruunalla,1
Coctailasilla,1
Naapuripuistoon,1
Zvjmwkv,1
Booksilla,1
Palautuskortista,1
Erilliskäsiteltäviä,1
Kryomaanilla,1
Maksutositteiden,1
Rahtiasiakirjojen,1
Palautustositteen,1
Pizzapoika,1
Helestaa,1
Vaneski,1
Vansinpoo,1
Tehtiinmitäpiti,1
Säilytyskeskus,1
Luontokuvausreissun,1
Tyylivinkeistä,1
Yhdistys_pyrkii_puolueeksi,1
Summanmutikalta,1
Kokohuone,1
Ananaslimpparista,1
Lähteistettäisiin,1
Fisuparat,1
Perustenetti,1
Luomuhetero,1
Pullukkapoptähti,1
Tuotantokeskus,1
Virheellisyystatus,1
Islamisaatiohuolista,1
Bikiniperseetkin,1
Konsullttiyhtiölle,1
Rastoissaan,1
Vitsintyngän,1
Mörrikkä,1
Puolivirneessä,1
Alapäänrepimis,1
Korvaläpyköitä,1
Pakoileviin,1
Pikkueliöistä,1
Ikäpohjaista,1
Asioissakaan,1
Karensi,1
Levittämisenkin,1
Poissuljekaan,1
Levitystään,1
Mellanen,1
Kokkelipussin,1
Tilaamanani,1
Ainakinnäin,1
Maailmanvalloitussalaliitto,1
Tiukempienkin,1
Omatuotanteet,1
Tehokävellä,1
Multikulttilaisenkin,1
Kortsupipot,1
Viivattomasta,1
Piirränkin,1
Tez7608,1
Sikälin,1
Mkasaa,1
Hörhömatikasta,1
5lly34,1
Tekniikkatalous_korkeakoulutettujen_aivovuoto,1
Ixkqgzpi,1
Ba7cd720,1
Lakastuttamaan,1
Rasen,1
Jaatyi,1
Lammitinta,1
Ratsastustunnille,1
Myrakassa,1
Lisaheinalla,1
Tuulivaikutus,1
Puuskaisen,1
Moottoripyöräkarkkeja,1
Pakkasenpuremissa,1
Paperihampaat,1
Koiranvaatteita,1
Tossuistaan,1
Nuorisokerhoja,1
Sosialisoimaanhan,1
Mljop02,1
Sääntösuomiraivot,1
Upgradeet,1
Paluulähetyksen,1
2rywpqj21dw,1
Rakaana,1
Aluepolitiikkanne,1
Asukasmääriltään,1
Kathasataa,1
Pienkuntaa,1
Tunnustensakin,1
Votkajaffakomboa,1
Lipunmyyntisysteemi,1
Lumiauroineen,1
Naparetkelle,1
Valeuutisuuteen,1
Karkimedia_3449469_793680_lahti1918_hd1600,1
Gyntterillä,1
Perustosikkomaista,1
Draamakamaa,1
Viimaindeksi,1
Sometimes_o_783249,1
Täyshiljaisuutta,1
Automaatiomiehen,1
Etäkäyttösoftaa,1
Teollisuuspölynimurijärjestelmiin,1
Haastattelupaikasta,1
Kunnassakaan,1
Kulttuuritietämyksen,1
Piirirunkkausta,1
Alakulttuuripiiristä,1
Patriaatit,1
Kulttuurirelanderismia,1
Joksisin,1
Kaksoipisteen,1
Umkit,1
22h02m,1
Poistossasi,1
Hypetventilaatiokohtauksen,1
Osoittaneelle,1
Neuvonne,1
Taputtelevalle,1
Snobismille,1
Kairaamme,1
Osakeomistajakin,1
Tuuletusparvekkeella,1
O5489bfs357y,1
Näyhtin,1
Raadollistumaan,1
Hxl61pa,1
Msofficea,1
Kynäniskanarukäsikaulapartarillirouskuja,1
Iittensä,1
Ulostemusiikkikilpailu,1
Investointipäätösten,1
Tilastotietokantojen,1
Armeijakytköksiäkin,1
2qgbyojhhai,1
Dippitelineet,1
Tankkijuttuja,1
Tntvbsfixfm,1
Osakepankin,1
O3drvygnsir,1
Pankin_lahden_konttori,1
Tsvesi,1
Paavolanvesi,1
Yfhgqxo,1
Täysmuutosta,1
Paskaruoista,1
Vistossa,1
Ihmisyystutkielmina,1
Exäytynyt,1
Magisteri,1
Tiettaripeliuutisesta,1
Pelaamisharrastukseni,1
Portobellopihvejä,1
Portobellosta,1
Lineaariviihde,1
Portobelloburgeriin,1
Böögöjen,1
Kasvispöperöistä,1
Nindentoon,1
Paahauksen,1
Kapinalauseiden,1
Sahajauhopihvit,1
Juurespihvi,1
Kevytvaihtoehdon,1
Falafelitkin,1
Kaljapöhinöissä,1
Nuorisomaajoukkueissa,1
Tirkistelty,1
Suvakkivegaanihipsterihomolänsimetro,1
Postinki,1
Glopalisaation,1
Pulttikokoa,1
Traktorimalleja,1
Mamasista,1
Suomiscenestä,1
Facehemmoa,1
Kysäriin,1
Kyläintellektuellien,1
Myöhäismodernin,1
Finanssitalouspoliittisen,1
Vakiintuneiston,1
Myöhäismodernia,1
Bodenia,1
Todellisimmiksi,1
Yökerhollisen,1
Sielunvihollisina,1
Motiiveistakin,1
Edistysaatteelliset,1
Viljelyalustoja,1
Kansalaislähtöiseen,1
Runsassanaisuutta,1
Krääsäytymisilmiön,1
Valittelussa,1
Osmocoloria,1
Pihtivalikoimaa,1
Weran,1
Ruuvimeisselivalikoimaa,1
Lasivitriineihin,1
Finnbulletin,1
Uudelleenkohdentamiselle,1
Auraustraktoriin,1
Ydinkärjessä,1
Venäläiskyliä,1
Rutkuunkin,1
Ovelimmathan,1
Kilometrimittaria,1
Eristäis,1
Kierrätysastiaa,1
Voimailulajin,1
Rahastoineet,1
Perussosiaaliturvaan,1
Eläkepuhalluksestaan,1
Plebekorporaatiot,1
Korpiseudun,1
Nykynuorisollakaan,1
Kuuluvuuskartoissa,1
Mamasissa,1
Liikennevalvontakeskukseen,1
Sählynpelaajat,1
Umpihomppeleita,1
D_glasses,1
Lepinkäisiinkään,1
Läpändeeroksestani,1
Lämminvesijohdoista,1
Talousveteen,1
Mikrobihaittoja,1
Mikrobihaitta,1
Maakuutioon,1
Atariini,1
Atarissa,1
Kolmanness,1
Bakteerisaostumat,1
Ruunalaitossa,1
Laatutavoitteita,1
Mtbe,1
Etbe,1
Ruuanlaittovälinestä,1
Lepinkäiskirjasta,1
Aikahaudat,1
Seivästelee,1
Seiteissäni,1
Kryptisyys,1
Undernetissä,1
Kebabsodat,1
Vuodenvaihtumisesta,1
Snoukkavaatteet,1
Siveyslupauksen,1
W7gsbsj,1
Cgetzv1,1
Booksiin,1
Lisäsyömävelkaa,1
Ääenkkäästi,1
Infraatiota,1
Meemisuosiota,1
Iskenderejä,1
Bulkkipakastefalafeleja,1
Rakentamism,1
A4yskokoelma,1
Meemukosteuden,1
Bonuksillekaan,1
Areenastahan,1
Zuolasta,1
Historijaa,1
Löllöllööhhöhhöö,1
Palvelunkäyttäjiä,1
Mikroaaltouunittaa,1
Kyttäyslaatikko,1
Tukiasemienkin,1
Keskittäytymis,1
Leiriihin,1
Liniauxet,1
Käkkärii,1
Matkapuhelintorneihin,1
Seurantalaatikossa,1
Leffatiedotteet,1
Ohjelmalehtisen,1
Runkatuiksi,1
Mälleiksi,1
Suopursunoksalla,1
Sävähtynyt,1
Sapphirekin,1
Purkkafixia,1
Lintat,1
Silikonileikkaukseen,1
Rp74d,1
Altruismilta,1
Maailmankuvanani,1
Poratautuakseen,1
5m5d9z,1
Sverige_idag,1
Miiind,1
Vuotinenkaan,1
Hotblackchicks,1
Mopopoikakavereiden,1
Julkkistarjonta,1
Summamutikalta,1
Ylläpideättäväksi,1
Tieviraston,1
Maskamaia,1
Premuim,1
Höhää,1
Liikekiinteistöihinkään,1
The_simpsons,1
Jeff_albertson,1
Hulluporo,1
Kingofwallpapers,1
5697b75cdd0895df0a8b4702,1
Voittokappaleen,1
Tapahtumavideon,1
Fittaamisen,1
Lupaukseksikin,1
Lahti_heinakuussa_anastetun_rynnakkokivaarin_esitutkinta_valmis_55382,1
Tieheästi,1
Fmsuomesta,1
Folkkisävy,1
Tukkutavaraa,1
Hybridiuhkista,1
Päätök,1
Päämi,1
Promokuvan,1
Helkkulan,1
Habibissa,1
Kokeilemass,1
Tekijänoikeuksiinsa,1
Kunnioitettujen,1
Hermostotasolla,1
Geneesiä,1
Jäätymisvaara,1
Akxo9,1
Languismi,1
Valvontabokseille,1
Ominaisuuksiksikin,1
Availivatkohan,1
Lauttasaareenkin,1
Lähetyskoodit,1
Kirjainnumeroyhdistelmiä,1
Richardilla,1
Uo02kvt,1
Yritysintressejä,1
Olipääsy,1
0bd76988,1
3c70,1
9b68,1
65bb7fb47d56,1
Bransonilta,1
Surffiliitovarjo,1
Seiskoissa,1
Lmasin,1
Rättipattereissa,1
5800kpl,1
Leffakonsepteja,1
Jakosopimus,1
Lisäkomppia,1
Pöytäpönttö,1
_eo5unmt34s,1
Supernintendokonsolista,1
Tasakymmensekunttisen,1
Kamfi,1
Rajalinnoitukset,1
Peiteviran,1
Lehtihenkisin,1
Venäjäshillaillut,1
Kbbpp,1
Välihousuina,1
Kriittinen_laitos,1
Gardisten,1
Savunpölähdykset,1
Pakkoluovuttaminen,1
Dataamalla,1
Voittajakirjaa,1
Wuchs,1
Tübingen,1
Arbeitete,1
Kibbuz,1
Burgerihan,1
Reapissa,1
Päivämäärämerkintään,1
Lämmönvaihtajalla,1
Käyttövettäkin,1
Lämmönvaihtimessaan,1
Kommentoiduksi,1
Automaattisedti,1
Autonrähjä,1
Niiavat,1
Kusitolppakautta,1
Taustajoukkojasi,1
Kepulandioiden,1
Päämenoon,1
Kepulimeno,1
Yritysmäistää,1
Hakkuuyhtiö,1
Luettelodatan,1
Iivisuutta,1
Paluukanavassa,1
Innovaatiolupaukset,1
Palveluideoinnit,1
Siintivät,1
Kenentä,1
Seurantateknologiassa,1
Sijaintietoani,1
Teknologiaoptimismissa,1
Heinosti,1
Hellawakeonme,1
Uczjppcaakqo3hfcz3mmjarw,1
Xb5niwrbqcs,1
Palsternakallekin,1
Luk6wztvshgdq,1
Palveluostot,1
Välittäjäorganisaatio,1
D00dz,1
Sotepatu,1
Hätänumerossa,1
Sotepalvelutuotannon,1
Palveluyksikköön,1
Asiakasprofiilitiedot,1
Ymmärränks,1
Potilassiirtopalvelut,1
Omaprofiilissanne,1
Potilassiirtopalvelujen,1
Palvelutarjooman,1
Palveluntarjoajiahan,1
Vasteodotetaso,1
Tapaturmakirurgisille,1
Omasoteen,1
Omaprofiili,1
Kokovaltaiseen,1
1q0sca,1
Last_week_two_engineers_died_when_the_windmill,1
Ixlpohry,1
47f130af,1
Maksumuurievästeen,1
Jakotunnuksen,1
2016011320954293_uu,1
23_kello_15,1
Kayttokelvottomaksi,1
2516792b,1
Kukkaronnyörienkiristämiskuukausi,1
Jämäkikkarebiisejä,1
Samorost,1
Euol3cpduq4,1
Säästäpolitiikka,1
Fizi,1
Liikenneverkkoyhtiötä,1
Kehustelevat,1
Nostalgiafiilisteltyä,1
Ambulansseissakin,1
Dbzbism,1
Dbzbyre,1
Dbzixvy,1
Dbzbudm,1
Moitteettomuuden,1
Audiardin,1
Tappajaveljeksiä,1
Kwanissa,1
Beastissa,1
Kehyskaupunkeihin,1
Haaskattujen,1
Veromiljardia,1
Valtiokoneistolle,1
Viinurilla,1
Lifeloveplants,1
1912523_595939190500541_289173854_n,1
Fmlvxcy,1
176b6f838f05aae259c144f2883bf312,1
Silmälapputehtaalla,1
Tuotetestaajia,1
Kotouttamislaissa,1
Cbvmqgepxu8,1
_petetään_,1
Tajuttomillekin,1
Manitsua,1
Videoesitys,1
Piraattiasiat,1
Ksenofoobikoita,1
Puoluevaaleilla,1
A826e3d25f98020d7bdd10d32285401d,1
Klikanneena,1
Tonnikeijukainen,1
Gorillaksikin,1
C51baf89e2f85065d669f3080c2b5cdb,1
Tumblr_inline_n3rsrwcccq1qj3ir1,1
Opiskelemään,1
Jumanperkelesti,1
Pistäisivätpä,1
Tuoteryhmillä,1
Perusbisseen,1
Junkner,1
9cymo,1
Tyoharjoitteluilla,1
Tyosuhteita,1
Eläviäpaikkoja,1
Kisällitoiminta,1
Harjottelumuoto,1
Sahapartyistakin,1
Belgariadiin,1
Sittekää,1
Haksais,1
Pitsanpaistelua,1
Reenihommia,1
Vituttaneen,1
Vaivanpalkaksikin,1
Kaukolämmönjakelun,1
Yhteistuotantokapasiteettia,1
Kytkyhommia,1
Ylhäisörouva,1
Toittaa,1
Kauhistavaa,1
Kotikorjaamossa,1
Näperrät,1
Coolingilta,1
P8p67,1
Evangelion__20_you_can_not_advance,1
Ensihoitoyksikössä,1
Rokotuskriittisissä,1
Ilmaisämpäreitä,1
20integrating,1
20europes,1
Valvontatiedon,1
Tallentamisena,1
Valvontakeinona,1
Ajoneuvolaiteiden,1
Verkkorajapintoihin,1
Letkasit,1
Kruisailleensa,1
Ajopäiväkirjabisnestä,1
Tuoteluokittelun,1
Lagereihinkin,1
Avunhankkimisestakin,1
Lainpakottama,1
Maalaismafia,1
Seuduillan,1
Tekovälinehän,1
Skeumorfinen,1
Flyersoft,1
Moonreader,1
Geometerplus,1
Dedikoiduksi,1
Kuljetuspalvelujaan,1
Kuppikuntalaisuudesta,1
Pönkittään,1
Keksituotannon,1
Helsinkiläisfirmalle,1
Sihteeristöllä,1
Ilmaantyy,1
Lähiapteekkia,1
Sairaanhoidettua,1
Autoiluyhteyksien,1
Kotiolutpiirit,1
Aromihumalointi,1
Kusilagerille,1
Pienpanimokatkeroiden,1
Maltaisuuden,1
Keksitehtaatkin,1
Fazerilan,1
Kovistelisi,1
Lähipusikkoja,1
Kehyskuntalaisissa,1
Asututettua,1
Alkoholin_etamyynnin_kieltaminen,1
Tallinilla,1
Ruuhkamuuri,1
Byroslaviajuttujen,1
Ibuprofeiinien,1
Zmrrny0pxfm,1
Isämmaallistuu,1
Fortes,1
Juhlaviinien,1
Paleleen,1
Rikosrekisteritodiste,1
Rikosrekisteriselvitteitä,1
Asmuun,1
Junkneri,1
Skeidallaan,1
Superikääntymisen,1
Muovipikari,1
Visnapuu,1
201701062200050355_ul,1
201701062200050359_ul,1
Santiagoa,1
Fanipalan,1
Lauderdalen,1
201701062200050348_nh,1
Lakritsifasut,1
Vesivahinkokaan,1
Sänkyynkään,1
Alkujäykkyydestä,1
Maalauksiakiakin,1
Amatöörimaisiksi,1
Kevyella_polttooljylla_ei_saa_ajaa_edes_suljetulla_alueella,1
Tikkurilankaan,1
Matkahuolton,1
Sittenpäs,1
Seksilakolla,1
Ääressa,1
Dh5ondvf7au,1
Heitteillejättösyyte,1
Pseudoarabi,1
Moroneita,1
Pääomarahastolle,1
Ucvxu4st8jt0li69hah_nqqg,1
Standupkoomikon,1
Salakuvauskohu,1
Suomiräppihippihoppi,1
Vessapaperilehdistön,1
Dossauksia,1
Liityntäpysäköintihalli,1
Saklle,1
Keppaskonsteja,1
Helsinkiläisautoilijoita,1
Reseptivapaaseen,1
Rektaalivoidetta,1
Lievittyessä,1
Np3e3k8,1
Hörhöryhmänä,1
Sekopääpossea,1
Natsipossen,1
Tuhoskin,1
Hörinöihinsä,1
2017010622774966_uu,1
Ohitata,1
Limekiln,1
Ducksin,1
Kuuskekkoseen,1
Glockiin,1
Solkotuksen,1
Latausmekanismia,1
Ravintolakouluissa,1
Kyrsiintyneen,1
Rintamamiehethän,1
Rintamatransvestiitit,1
Hinten,1
Rintamaupseeri,1
Kulttuurivaikuttajaksi,1
Taistelutkaan,1
Männälle,1
Aliäänipatruunoita,1
Hoitumatta,1
Osahuoltajuus,1
Influenssavaikuttavuus_20162017,1
Sykkiessä,1
Kaappialkoholistien,1
Tähtäilyyn,1
Teloituskomppaniassa,1
Muistinmenetyksistä,1
Tapoinko,1
Kazooien,1
Valtakunnanjohtajaan,1
Kiemurteluineen,1
Ekoliberaalihipsteri,1
Älykömpi,1
Viraalivideonsa,1
Ydxkfcdosz8,1
Suomalaisuudenkin,1
Häkköroinnin,1
Poukkoilevammaksi,1
Noussren,1
Johdonmukaisempä,1
Piggät,1
Prcx1q6,1
Paatoksellisuus,1
Kiihkokirjoittajan,1
Ninistöön,1
Tolkunmies,1
Rs24,1
Suklaapatukoita2,1
Bigcat1992_zps807ae7a7,1
Asituskeskustaistelussa,1
Vyörtytetään,1
Vaunukalootista,1
Avotähtäimistä,1
Tiedonvuotomalliaan,1
Pornoton,1
Häkkeröintijupakassa,1
Mieslukumäärällä,1
Swood,1
Maratonjuoksijoiden,1
Empyilystä,1
Klikkisyöttiotsikoinnin,1
Jokamaun,1
Trumpetisteilla,1
Kakanheitosta,1
Äänimanipulointina,1
Musiikkialbuminkin,1
Tweetlib81,1
Juopottelusi,1
Sheppardsoftware,1
Usa_geography,1
Usa_g0_1024,1
Zskowiczin,1
Lahjustilin,1
Myyntiveijareiden,1
Kakspäiväset,1
Tactustherapy,1
Ucarf1aryqmimgyrsq4gohjw,1
Centrismit,1
Pinnallinnen,1
Vegaanihaastettakin,1
Juoneeks,1
Liitys,1
Rintamatransvestiitti,1
Tekemisvaihtoehto,1
Xcgmfbabp,1
Ääniefekteinä,1
Kilahdukset,1
Homppaforumin,1
Soffatyynyt,1
Pornottoman,1
Demarikampanjan,1
Leakkasi,1
Debattikysymyset,1
Debattikysymysjuttua,1
Demarivaikutteinen,1
Lainvalvontaorganisaatioihinsa,1
Demaripesäkkeet,1
Vbm7w3,1
4405_fi,1
Asiaproosaa,1
Vohvelipuolukkapaloihin,1
Kiinnosteita,1
Syyttelyleikkiin,1
A5a27569e423c2090598cb98797db797,1
Pornosubia,1
Kaappiholismia,1
Coachilta,1
Wikejänhän,1
Covert_united_states_involvement_in_regime_change,1
Kilpailuavääristävä,1
Sokerityyppiin,1
Päiväntasajaa,1
Utkip,1
Schoolissani,1
Ymmärrrys,1
Nimessänne,1
Sulkevani,1
Käteisavustuksilla,1
Toimikseen,1
Penskavuosien,1
Ollab,1
Kuvausharrastuksen,1
Petersiä,1
Winkel,1
Tripeliä,1
Maailmankarttahan,1
Worldmapsonline,1
Mercator_classic_world_political_wall_mural_lg,1
Keskipisteeltä,1
Merkityksettömämpien,1
Napauttelusta,1
Kakstahdille,1
Paeivitetae,1
Nzuyymbch1w,1
K1q8ksri1eo,1
20t1_dc48ye1,1
Näyttisvalinnassa,1
Kaartuisin,1
Viritysvipu,1
Supursussa,1
Oldgrain,1
Ekirjalaitteen,1
Valtioinaan,1
Standardisaksa,1
Sakkaroosiksi,1
Verotettavuus,1
Punkkifaneja,1
Azerbaistanissa,1
Ompeluseurapalvelimen,1
Edgemoodin,1
Anteeksipyyteleväisesti,1
Alkoholittomuudessa,1
Näytönohjaiseksi,1
Vakuutusysteemin,1
Rempassahan,1
Remppaduunin,1
Makan,1
Shippin,1
Lagitkin,1
Mikrojammerin,1
Pihtaroi,1
Ahteriiiiiinsa,1
Mundabor,1
Jälkisotahyökkäystä,1
Kesäsodankäyntiin,1
Kilpailuissahan,1
Tuomariäänestys,1
Hyvinvointimaaksi,1
Abuhilala,1
Poistotorven,1
11252462_886135961478810_809991151_n,1
Mta0nzc1njg2nzewmte0mja1oq,1
Kellotetta,1
Lukittamaton,1
Tekorusketuksen,1
Fazerilassa,1
Allergeeniton,1
Keskituotannon,1
Mostdamagingwikileaks,1
Ssword,1
Nänänänänänänänänänä,1
Helsinki_voittaja310311pp_vi,1
Juttu1sara2510jh_vi,1
Kirkoliskokouksen,1
Ratsatamaan,1
Hiddenlolcdn,1
Ajokamerani,1
Linnankirkon,1
Vauhdittanevat,1
Thürengia,1
Sosialisoitumiskeinona,1
Konebuildin,1
Bronzella,1
Suomibannin,1
Prostituoitulookki,1
Seinissa,1
Lasipallon,1
Agrobatiaa,1
151fb750000005dc,1
448610_636x389,1
Ydinvoimakehitys,1
Perusruutu,1
Prostituoitulookkisten,1
Zalandoillaan,1
Hyötysuhdemerkintöjä,1
Peruspelikoneeseen,1
Elämänkaaressaan,1
Elämänkaarea,1
Aramealaisen,1
Hengenpalosta,1
Kulttirituaaleista,1
Verikekkereihin,1
30cc7ae02d0926859d5ea8ec10c4b5bf,1
604415_6_2015_lyhyt_sara_sieppi,1
Ack242hlbd,1
K242hlbd,1
Pelinäyttöjä,1
Aivoagrobadiastasi,1
Perusmonitoreja,1
Peruspelikäytössä,1
Peruspelaamisessa,1
Kiepää,1
Haisupersemies,1
Naiskasvoista,1
Awk4u,1
Valvontaparametrit1,1
Ilmaeristeisenä,1
Ulosasennettuja,1
Siirtoetäisyyksillä,1
Kaasueristettyjä,1
Kytkinlaitoksia,1
Eristekaasua,1
Somahan,1
Railroadattuja,1
Täyskumia,1
Prostitoitulookki,1
Vaivannuttava,1
Oikeimmanpuoleinen,1
_1117354,1
15fw_bolyqi,1
Countouring,1
Meikkipläjäykselle,1
Väljeni,1
Telpyörissä,1
Älleissä,1
Telapyörissä,1
Emminäkkää,1
Häpiäsä,1
Timmien,1
Kehonkarvoitus,1
Postilaattikkoa,1
Kaunisilmanmeikkiä,1
Mainosihanteita,1
Mainosmaailman,1
Järjestäytymiseltään,1
Meemitaikuudella,1
Clickaamalla,1
Seksibimbot,1
Sephoraetu6117mp_503_vi,1
Horrorstory,1
51aa3603e4b0144f85a2fa7e,1
54a1176de4b07c077785b8a7,1
54a1176ee4b093269b6597f4,1
Videontekemiseen,1
Paskavartisen,1
Lumipakkaset,1
Seaporn,1
40gx3s,1
24c_temperature_creating_sea_smoke_in_helsinki,1
Verkkovirtakäyttöisen,1
Oikea180,1
Jännityksestään,1
Piuhalaitteet,1
Oksamurskaimet,1
Hirveäsä,1
Mustasa,1
Säkisä,1
Missikisoisa,1
Teknologiauskovaisista,1
Suosikkilihaa,1
Kumipaloihin,1
Hattundeeroksesta,1
Loikkarikommareita,1
Geenipatentilla,1
Lajikkeitageeniviljellyn,1
Patennti,1
Perunoissasi,1
Cnejcwdorn0,1
Kaasuongelmaan,1
Ääriprostentanttisista,1
Propagandakäynnillä,1
Itseajatteleva,1
Johdotusreiät,1
Yliasemaan,1
Naisasiahenkilöiden,1
Edessähiihtäjiä,1
Ihmisyysaatteen,1
Ylikellottamisessa,1
Järjesttömästä,1
Maat_,1
Puusenttiä,1
Sotarautaansa,1
Rajojensä,1
Irssihän,1
Sirainen,1
Lakimieskasvoa,1
Diameteriseen,1
Palautuslomakkeessa,1
200r,1
Netzteil,1
Schwarz_822379,1
Luomumustikkaa,1
Aallonraivausmurtajasukupolvea,1
Noughtia,1
Koodauspanostuksellaan,1
Tuntuakaan,1
3g94bn,1
Where_did_the_0118_999_881_999_119_7253_sequence,1
Lisämitan,1
Sydänoireissa,1
Tietynaisia,1
Nettikäyttäytymisenä,1
Ryskyvät,1
Sokeritoppaa,1
Jaeskellaan,1
Mckahvi,1
Autonomous_communities_of_spain,1
Autonomous_communities,1
Pilipalirikokseen,1
Lähdekoodissakaan,1
Sephora,1
Ikalaba,1
_qcrcjgzj3c,1
Nollapostauksillasi,1
Luistelisin,1
Lisäkamat,1
Ulkonäköähän,1
Alexandradal,1
Railroadaaminen,1
Yhteytietoja,1
Poliisirekisteris,1
Tikkarii,1
Frendej,1
Kertomuksee,1
Teknouskovaiseen,1
Lisbpq35,1
Nettinatsiudella,1
Kopioitumaan,1
Viruskantaan,1
Haluamisyksikköä,1
Neos,1
Geenipatentti,1
Geenipatenteista,1
Zcgjx8l,1
Ympäristötieteilijät,1
Ekoterroristihippiporukat,1
Gripistä,1
Henkeäuhkaavia,1
Meikiksi,1
Kuikkimassa,1
Alumiinirungosta,1
Fiilistelymainosvideo,1
Kqi1dcfjpd0,1
Rikollisuushaittoja,1
Kaikkimulletänneheti,1
Geenimuunnosta,1
Nokia_x,1
Kukkasi,1
Viljelmäsi,1
Kirjevaakasi,1
Puunnitsemiseen,1
Parantelemista,1
16np16f,1
Klienttejä,1
Kuolevaisillekkaan,1
Suurennettuani,1
Klientistä,1
Forssagate,1
Pikaviestiohjelmien,1
Kauneimpiakin,1
Vastavakoojista,1
Sotilassalsisuuksista,1
Irssiltä,1
Parttaa,1
Mobiiliclientit,1
Mircit,1
Bouncereihin,1
Puristimpi,1
Leveärenkaisen,1
Apumoottorin,1
Ilmaistilaus,1
Oleelllisesti,1
Ruiskumaalattu,1
Automaalaus,1
Mumblesta,1
Korvanlehdistä,1
Pappakarvat,1
Irkkisoftiin,1
W2iwrsx,1
Yleisperunapussista,1
Ranttaukselta,1
Tekstikanaviakin,1
Reinikaisilla,1
Tavarantuottajalle,1
Leipätoimittajan,1
Hennoiksi,1
Terveeellisen,1
Lihaksillaat,1
Turhanaikaisia,1
Prinsessatkaan,1
Bouncereitten,1
Discordile,1
Voicekin,1
Agenteillaan,1
Kloonausohjelma,1
Pyöristämisellä,1
Kähminnöillä,1
Hiukkaskiihdyin,1
Miinasopimuksen,1
Raivatuilta,1
Pelossä,1
Railroadattu,1
Smxzzf3,1
Pariutumisvalituksissa,1
Backlogikin,1
Synder,1
Ucswpq1qoofxixl_oq2sukdq,1
Sitouttavampaa,1
Valaistusvaihteleva,1
Waaaants,1
Livvve,1
Foreveeeeeeeeeer,1
Vakipanot,1
Grohhown,1
Jalkaväkimiinoistahan,1
Fetissiobjekti,1
Viestlokit,1
Myöhäisliitynnäinenkin,1
Irssissäkin,1
Adwordsiin,1
Elasticbeanstalk,1
Reinkarnoin,1
D2nm2xq,1
Rehvastelemme,1
Iskettyjen,1
Miinakammoa,1
Iskurisytytin,1
Puristepatruuna,1
Peltimies,1
Sulutteisiin,1
Tärinäilmaisimilla,1
Hyppymiinalla,1
Kehitystuloksiin,1
Revisioituun,1
Asevaikutus,1
Sensorihössötykset,1
Mukaitsekuritusta,1
Suuri_paasto,1
Greenpeacestä,1
5wdzgwf,1
Tiedotaa,1
Jöppii,1
Kisman,1
Pääkaupunkikeskeisiä,1
Viritätkö,1
Chatilta,1
Monipolviset,1
5mkmsw,1
Paratiisi_naisille_oppilaille_opetetaan_el,1
Dc5k1gr,1
Eterna,1
Ohhdeer,1
Cat_2424,1
525gb,1
Mx300,1
Ct525_1115074,1
Tietokoneenosista,1
Suluttamisdoktriini,1
Operatiivis,1
Kaukolevitteisten,1
Kaukolevittämisellä,1
Kaukolevitteisesti,1
Miinamäärät,1
Pioneerijoukkojen,1
Miinoittamiskoneet,1
Miinanheittimellä,1
Kaukolevitteisiä,1
Tykistöaseella,1
Kaukomiinoittamisen,1
Kaukomiinoittaminen,1
Kaukomiinoittamisella,1
Kaukomiinoite,1
Foooo,1
Kiwiircin,1
Naittavassa,1
Orangechat,1
Älymiinojahan,1
Ulkokuosin,1
Ulkokuosi,1
Superhypergamiaan,1
Ensitapaamisellakin,1
Ensijännityksestä,1
Kusipääsi,1
Lahjontasyyte,1
Analysoiduksi,1
Kiintiöhullut,1
Pioneerikouluttaja,1
Järjestyssä,1
Lempijaksoistani,1
Suunnanohjaus,1
Autoiluineen,1
Päästöpohjaiseen,1
Limechat,1
Textualia,1
Lämmitysenegiaa,1
Räjähdemassaa,1
Äidinhelmoissaroikkuvan,1
Haisupyllyn,1
Karsintametodit,1
Ylitarkoissa,1
Nykytelevision,1
Trekien,1
Epärealistisuuksiin,1
Pyöräilytrikoissa,1
Taistelelemiseen,1
Idaholaiselle,1
Kongressiedustajalle,1
Shoret,1
Pieruutuminen,1
Edistyksellisestäkin,1
Pierumaisia,1
Odottaisitte,1
Ykkösjefen,1
Miinankuorta,1
Peltitehtaalta,1
Tykinammustuotanto,1
Räjähdeklusterissa,1
Landepaukkutestejä,1
5m8jd5,1
Testaa_miten_hyvin_sovit_kulttuuripiireihin,1
Dc1rf65,1
Ilkeämielisestä,1
Internetpilasta,1
Touveisiin,1
Vastaraan,1
Tilaajapalvelua,1
Koneviestillä,1
Luomulannoitetta,1
Luomukarjalta,1
Virtauskohtia,1
Avoselälle,1
Suojaisammista,1
Lahukoistaan,1
Konsulttipartnerin,1
Sugarbabeksi,1
Sugarbeibailu,1
Luistelualueella,1
Retkiluisteluseurue,1
Hellittävästä,1
Vaihtavasta,1
Hakcypsqiqk,1
Yleisnimikettä,1
Sotameiningillä,1
Tarinaspektri,1
Loppurymistys,1
Aikamatkailut,1
Pierupolvi,1
Muutekseen,1
Pedj,1
Palestiinalaisuudesta,1
20t1_dc5n3kg,1
Taustajuonet,1
Vaginoihin,1
Kunnallispolitiikkansa,1
Playboyssakin,1
Murrosteista,1
Runkosulute,1
Torjuntasulutteella,1
Häirintäsulutteella,1
Miinoitteitahan,1
Kalliomurrosteen,1
Murroste,1
Panssarimiinoitetaan,1
Murrostetta,1
Ansoiteta,1
Öötsii,1
Kaukolaukaisee,1
Pioneerikoulutettu,1
Mittanarulla,1
Käsisuuntakehällä,1
Putkimiinaa,1
Deaktivoituvia,1
Arsenaalissamme,1
Miinakuria,1
Mökkihelkama,1
Xmppssä,1
Protokollatasossa,1
Luonnonjäillä,1
Karjamestari,1
Salalandepaukku,1
Lehmätietous,1
Räpäyttelyään,1
Kaakkoismurre,1
Hytistyäni,1
Muuttovalmisteluiden,1
Kotoilussa,1
Dekriminalisoidut,1
Huumepolitiikkassa,1
Pariutumisperiaatteet,1
Hesarikirjoituksiin,1
Hajulähde,1
Plasmakanuuna,1
Parinmuodostusmarkkinoilta,1
Showtimelle,1
Beibsin,1
六六大顺,1
Number6,1
Liù,1
流,1
Liú,1
Lok6,1
落,1
Numbers_in_chinese_culture,1
Iezmighezro,1
Kuntoileminen,1
E3a2a9ac3bb,1
201701080105531_v0,1
Teknoädläys,1
Kutsuvassa,1
Tallettuisi,1
Discrodikin,1
Y4yebw6,1
Mkampf,1
Jäänalla,1
Trollailevalla,1
Facebookfeedissä,1
Rypälepanoksiksi,1
Timelineen,1
Amarillojen,1
Vuorenvarmaan,1
Räkänokilta,1
Kiroiluvarastolle,1
Kyrvänsyylääkin,1
Hyötyjiäkin,1
Kokonaiskuviosta,1
Alkoholikulttuurina,1
Rähjäsemmän,1
Täyspäisyydelläkään,1
Akasiapäissään,1
Kökkötestit,1
Itsehostaamani,1
Protokollaaa,1
Viestilokien,1
Soudellaan,1
Klienttiä,1
Prinsessasatujen,1
007ba5309c1102f0703a979189d8ce3c,1
Ripulivps,1
Mankeloimme,1
M1ta665,1
Karjalippispetterin,1
Vittusitäjavittutätä,1
Syrjäteiden,1
Chattiviritelmiin,1
Bottikonetta,1
Pingamaan,1
Standardiahan,1
Palvemilellasi,1
Palomuuriportit,1
Enterprisesta,1
Karjakisälli,1
Maitopuoli,1
Generatio,1
Elektronikkaromua,1
Мä,1
Каиs,1
Кiiттi,1
Mamuhenkinen,1
Kepualueella,1
Aluepoliitisesti,1
Ylikatteella,1
Asennusoppasta,1
Apparaattisessa,1
Äppstoreihin,1
Kiromaatti,1
Teknonatiiveilla,1
Aivokalvoonsa,1
Sovellusvalikkoon,1
Kironeuvoja,1
Applikaatiomuodossa,1
Jääsukellusta,1
Alkoholipolitiikankin,1
Juteltukin,1
Kirjoitaamaan,1
Penkkituloksesta,1
Ammattilaispoliitikon,1
Idelogiselle,1
Ristiretkeläiselle,1
Medialuvun,1
Alkoholivero_ja_kansanterveys,1
Kieritetyt,1
Pessimistipäivätkin,1
Миня,1
Мюёс,1
Киитос,1
Jäljityslaitteiden,1
5mr86z,1
This_picture_of_a_fence_looks_like_a_picture_of_a,1
Sulhasehdokkaat,1
Tuotesarjoja,1
Roskapostikoriin,1
Elämänpuun,1
Oksistoista,1
Master_saari_olli_2013,1
Irkkiservereille,1
Kotikaupungeilla,1
Irkkaillaan,1
Performerit,1
Tyytyväni,1
Hitlerreferenssin,1
Ylemyydentunnetta,1
Luonnontilaankin,1
Päivillekin,1
Perfomer,1
Välimerkkivirhe,1
Purkaneita,1
Saatiipaha,1
Puolistuksena,1
Valalaululla,1
Tuvittain,1
Baritonissa,1
Kultapoikia,1
Vakoiluominaisuuksia,1
Human_mitochondrial_dna_haplogroup,1
Human_y,1
Chromosome_dna_haplogroup,1
Fencelakepics,1
Irtokarkkihintakartelli,1
Pieneeri,1
Jälemmät,1
20miltsin,1
20miljoonasta,1
Vlogauksista,1
Tuubailuista,1
Vis00qjijzq,1
Naamageenilotossa,1
Sonniko,1
Laboratorioverinäyteanalysaattori,1
Eläköitymisissä,1
Parisuhdehuolia,1
Sänkyjutut,1
Maaseutukeskeisten,1
Vanhapiiat,1
Vääräjalka,1
Kouluterveyskysely_humalajuominen,1
Paskavihjettä,1
Kellokkaina,1
Bitoftech,1
Pässiltäkään,1
Kadettikuoro,1
Fucik,1
Vorwärts,1
Pimpsat,1
22device,1
Marssipönötystä,1
1z141z3,1
96e22040,1
Liikemieskaveri,1
Easyroad,1
Devicecheck,1
Seurantaominaisuuksia,1
Jotuumista,1
Muuntuukin,1
Vaalilupaukselle,1
Anglimar,1
Ucttod016t79dppbdebqdh8g,1
Maiziére,1
Listaumisten,1
Listautumisten,1
Dktbs,1
Smartlav,1
Formaattimuunnoksissa,1
Synkkauksessakin,1
Calibre_,1
S_choice,1
Onnettomuustutkinnal,1
Kaivosvaltaukset,1
17_2015,1
Ttohi,1
Ttohi_2016_03_2016,1
Massikeisarieliitin,1
Taivuttaisikaan,1
Maanpuollustustamme,1
Työttömyyskysymyksen,1
Suomiräpäytysplattoja,1
Konseptiräppiä,1
Uctaayz6oqvhrps0,1
Ornamentation,1
_toimijoiden,1
Ojanpelto,1
Korvamerkkaavat,1
Syömärahat,1
Käytäntötason,1
Karjanliha,1
Housutta,1
Reince_priebus_says_trump_accepts_russia_is_to_blame_for_election_season,1
Biologiankirjoja,1
Lelujärjestö,1
Chathuonetta,1
0zhzwsp,1
Tutkimusryhmia,1
Paratiisissanne,1
Mestarikyräilijä,1
Baarinikkuna,1
Rfc6749,1
Interoperable,1
Kampaamallakaan,1
Juhlienki,1
Päivittelytalkoot,1
Wzv39ta,1
Keskustelutaidosta,1
Bilumarkkinoilla,1
Epäkiinnostavuuden,1
Linkkilähde,1
Kambozan,1
Sissihenkilö,1
Lämpäreellä,1
Sotapääliköiltä,1
Yksittäispakkausten,1
Bissekeissit,1
Ucqlkvl7_faqq2oyboz4iriw,1
Huoltovarmuuten,1
Friseesalaatteja,1
Etuoiketetuille,1
Alueellistusprojektille,1
Stargatessakin,1
20toimittaja,1
20aaninauha,1
20manipulaatio,1
Säksättävä,1
Paksukalloisina,1
Vastuuvapauspaperi,1
Sooloillutkaan,1
Kauppakumppanimaita,1
Panimoteollisuudessa,1
Pussinperukoille,1
Tomppatuotteiden,1
Kommentointikentän,1
Tyytymättämyys,1
Rahastamismalleja,1
Uusnatsisubredditiin,1
Altight,1
Vaihtoehdottomuudella,1
Abraham_van_helsing,1
Raharakkaiden,1
Kysymyksenasetteluaan,1
Solmittavien,1
Asymmetrisyyttä,1
Politrukkipaskaa,1
Kahvipaketteineen,1
Isokyrpäisiä,1
G5x,1
Vlogata,1
Halpiskenno,1
Liikenneosuuskunta,1
Dyzugqrn,1
Väyläverkkoyhtiö,1
Älytunnesormuksia,1
Painokattoa,1
Reissumatkaa,1
Ajelevempaa,1
Työmatkakulkemiseen,1
Reissaamiseenkin,1
Pakettityyppiä,1
Moottoritiepaketeista,1
Selvittaneet,1
Meemipohjainen,1
Liikennekatkoksista,1
Verotusmonopoli,1
Yrityskiiman,1
Approximoida,1
Reservitehon,1
Maataloisfoorumeilta,1
Kompromissihakuinen,1
Viljelyoloissa,1
Monospacehan,1
Psonin,1
Venetsianparoni,1
Gruppenilla,1
Halpuutushommat,1
Etäluettevat,1
Piikkiajoista,1
Asuinkiinteistöistäkin,1
Sinivalkopesulla,1
20toimittajalista,1
Forumpostaukseen,1
Ilvessalon,1
Mediakritiikittömien,1
Tjt_2013_03_2015,1
02_tau_001_fi,1
Skalassa,1
Seurantapalvelun,1
Vakiosoppari,1
Pikkii,1
Varaajassan,1
Offpocket,1
Vaaliviestiä,1
Kodinohjaus,1
Naruist,1
Salaliittoteoriaympyröissä,1
Juutalaismediat,1
Salaliittomediat,1
Maailmanmieheksi,1
Ulkomaalaiseksikin,1
Tämäpoika,1
Heluttelet,1
Talikkoo,1
Stressileveleit,1
Hawajissa,1
Holhotuksia,1
Hepre,1
Jenkkiservuille,1
Tietosuojattua,1
Elokuvaesimerkistä,1
Suomalaistaiteilijoilla,1
Tanssiaiskengistä,1
Kuvataideperintö,1
Shitkeskustalaisetsay,1
Ympärysyritykset,1
Maksuunpanon,1
Jyväpunttien,1
Duoppolit,1
8njrb,1
Alkoholisairastuvuus,1
Kokoomajulkaisut,1
Paihdetilastollinen,1
Monikymmenhenkisillä,1
Säätösysteemille,1
Varaajaasi,1
Ulkonäkövittuilu,1
Goottiasu,1
Hakkeroimisena,1
Saucensa,1
Blokatuille,1
Sponsoripussukoilla,1
Omistustuotteista,1
Tekniikkalukutaidottomista,1
Talviseisonnassa,1
Sisätilafarmeja,1
Guggisesta,1
Loppettamiseen,1
Huoltokomppaniiaan,1
Laulamaankaan,1
Fiiikset,1
Maatlousyrittäjän,1
Otinpas,1
Automoderoidaanko,1
Tavallat,1
Wa0ovax,1
Alkuperäistermi,1
Kynäpaperiropeille,1
Vetäytyjänä,1
Alkoholisoituneempana,1
Margariitan,1
Paniikkilaihduttamiset,1
Nollatoleranssipelleily,1
Heilurimeininki,1
Lämminyt,1
Jäähtymättömänä,1
Q3377,1
Peliforum,1
Tiedusteluvirastosta,1
Läänitysjärjestelmä,1
Feodalia,1
Pusikoitunu,1
Jasvusta,1
Kansalaisjäejestöjensä,1
Rinkirunkkupesä,1
Korsolaisuus,1
Überhanu,1
Surffaavalta,1
Verhotankosuunnittelijalta,1
Karheanrouhea,1
Brittiuutinen,1
Halpiskameroilla,1
Kaupunkivaltiokseen,1
Kossunjuojiin,1
Tompat,1
Ajoneuvokilometri,1
Tiepiireittäin,1
Tiepiirejä,1
Metsätorppien,1
Suoriteintensiteetin,1
Asiantuntemuksellakin,1
Tarkkailevaan,1
Loppuasiakkaallekin,1
Energianvarastointikyky,1
Muodostoa,1
Vaukkelis,1
Suosikkisisältöä,1
Hunkkien,1
Noitavainokirjoituksia,1
Optiikalta,1
Ahkerimmasta,1
Bisneskansasta,1
Möläyttelyjä,1
Asiaanliittyistä,1
Kuvituksessaan,1
Työttömyyspäivältään,1
Kymppikohta,1
Neuvostoliittoviboineen,1
Väyläverkkoyhtiöllä,1
Dc5l1te,1
Kansanliikehdintää,1
Sosiaalirajoittunut,1
Ihmevippakonstein,1
3owjq9d,1
U3xv8k,1
Dieselbakteerin,1
Audiolibrary,1
Tarvehankintaisena,1
Taideakateemikko,1
Scherfbeckistä,1
Simbergistä,1
Trollfacehan,1
Maavalaskauden,1
Avajaisilta,1
Lääketieteellistenkin,1
Preferenssiäkään,1
Pmc4237034,1
Normaalipainosten,1
Nivelkulumille,1
Sairaanhoitokuluihin,1
Avilymb74xhk,1
Kierrättämän,1
Verotettavampaa,1
Lorvailemassa,1
Bernr,1
5g12hs,1
Til_the_bird_americans_call_a_turkey_is_called_an,1
Alajaostoa,1
Elokuvaredditiä,1
Infrastruktuurisella,1
Jalkakäytävämaksua,1
Instrumentaalien,1
Nakkijauhoista,1
Makkarajauhoista,1
Nakkijauhot,1
Bäcksläsy,1
2m08s,1
Viikkorahavirasto,1
Keratiinijäännöksistä,1
Elintarviketietoisuuden,1
Kysyntäpiikeissä,1
Konsolifinin,1
Ylipaansaan,1
Jemenkin,1
Nettipoliisista,1
Pakkotyöttömyyttä,1
Kommenttibokseissa,1
Kanarianmatkaajat,1
Kalk,1
Viranoimaisilta,1
Uuspaskat,1
Lutkuttanut,1
Faerytaleja,1
Lobotomisoitujen,1
Pikkulapsukset,1
Retkipäiväksi,1
Tietoturvastanne,1
Liikennemaksun,1
Ilmestya,1
Vesikilon,1
Vaikuttamismalleja,1
Kamppanjoidakin,1
Suoravaikuttamismallin,1
Kunnalliskautenaan,1
Mainittavamman,1
Työllistymisnäkövinkkelistä,1
Maskeeraajasta,1
Mainittavammat,1
Taasoe,1
Harrastelevinani,1
Jo4jfbezacu,1
Euromääräisyys,1
Ryhmäkurssit,1
Piirran,1
Royalteina,1
Maariteltavan,1
Myyntimaarilla,1
Mustalaatikkopelleily,1
Orwellimaiset,1
Pppppp,1
Tuloksetontaopiskelua,1
So5exnk,1
Slaavilaisvaikutteinen,1
Njelsinki,1
Tehotarkastuksissa,1
Semelihän,1
Pakkoasennuttaa,1
Yksityisautoissakin,1
Kulutuspiikkihän,1
Tienestihän,1
Noukkineen,1
Lavertavat,1
