Sähkönsiirtofirma,1
Valuuttavelalla,1
Seksuaalikoodeja,1
Jälkipesun,1
Pörssituloksia,1
Järjetämisessä,1
Debitkorttimaksuihinkin,1
Luottomaksuista,1
Lukutaidottomuudestani,1
Hiilipitoiset,1
Höiriköinnillä,1
Keksimuruseni,1
Psykoosiosastoa,1
Ekoterroristitason,1
Nähtyine,1
Maisemineenhan,1
Käyntimaksuillamme,1
Sotilasjoukoissa,1
Tasakattounelmat,1
Valesokkeliparatiisit,1
Pistekerääjänä,1
Työnhakijaryhmät,1
Ulkomaalaisoletetut,1
Pulatilanteessa,1
Vilpittömästikkö,1
Kasvupohjana,1
Pidättäessäkään,1
Nojatuolihitlerin,1
Paperiprintistä,1
Puorueen,1
Paperiprintti,1
Ristiriitaisemmasta,1
Ääriraidoilta,1
Mcdfootertogglemenumobile1,1
Taivoitetta,1
Kymmenksi,1
Kättäytyä,1
Andiosidonnainenhan,1
Sotepiirin,1
Rikkuruus,1
Lahjatavaraliikkeen,1
Turpeenviljelyä,1
Liattoi,1
Bläkyporukat,1
Epätodennöistä,1
Muoruamaan,1
Yleispäästöt,1
Välipalaleipä,1
Salico,1
Välipalojakaan,1
Videopelifirmojen,1
Lihaversiotaan,1
Ylilastannut,1
Velkaako,1
Pichuun,1
Kauppiasliitossa,1
Tulonsiirtotaistelu,1
Optikkoliikke,1
Urheiluliikeomistajalla,1
Kauppiasliittoa,1
Ostoskekus,1
Mielenosottamassa,1
Lihahampurilainen,1
Ilmastoversio,1
Miehityksissä,1
Jälleenrakennuksissa,1
Käpylanttulaatikolle,1
Buurikapinat,1
Kahdosvaiheeseen,1
Pääsarjatasollakin,1
Sosiaalipsykologiallakin,1
Osaamiskysymystä,1
Politiitkoissa,1
Eu_linjasi_lentolipun_lopullinen_hinta_on_ilmoitettava_jo_varauksen_ensivaiheessa,1
Mehtästämisen,1
Viljelykohteisiin,1
Kasvamisolosuhteisiin,1
Soijamäkburgerin,1
Yksivuotiselle,1
Nakattaisi,1
Gizpamo,1
Ilmastotilanteen,1
Kullempaa,1
Kalastusliikkeitä,1
Meikäläisiäkään,1
Vegaanipuunhalaajailmastohippiviherpiipertäjät,1
C3701217,1
20laskelman,1
20kannalta,1
20parempi,1
20valinta,1
Kylmäpihattoja,1
Lääkitseen,1
Interpolaatioita,1
Hiilisorkanjälki,1
Niittyalueet,1
Nautamäärästä,1
Reissuvaatteita,1
Naudanlihalajikkeiden,1
Hiilijalanjäljiltäsi,1
Siruhan,1
Krryhhlläh,1
Suhmurointimasseille,1
Kumarteluhan,1
Tuuliviiren,1
Visuaalistakaan,1
Zenmestareita,1
Öljylitralla,1
E523dce4491679e7d9299519e8d09d50,1
Mitättömämpänä,1
Antauvuvat,1
Lihanjalostamon,1
Hiljentämistään,1
Faktojenkieltäminen,1
Viljelytavoilla,1
Ympäristötukiehdotkin,1
Hukkakauratarkastuksia,1
_investointeihin,1
Ruhotusalue,1
Rauhoitsualue,1
Hypokriittisyytensä,1
Mirlipiteitään,1
Työtehtäväviin,1
Palvelijanani,1
Yoctosentti,1
Kappelta,1
Kokomaailmaa,1
Vahingossaperustettu,1
Yksityisomistusoikeuksillaan,1
Olympiamitaliin,1
Resurssikaivoksiaan,1
Päästettii,1
Liipaistunutta,1
Kommnismista,1
Ympäristövaikutuksessa,1
Magnituudiluokan,1
Ihmisruokalajiketta,1
Elopainona,1
Vegaaniateriassa,1
Olkiukoltahan,1
Auxiliaries,1
Disunited,1
Triﬂe,1
Sufﬁcient,1
Capexista,1
Suurialaisia,1
Nykyreaktoreiden,1
Ydinvoimapohjaisessa,1
Verottamittaminen,1
Taloustavoitteiden,1
Vuorillaan,1
Kiikastanut,1
Modijonoa,1
Maailmaperintökohteena,1
Autopommitettiin,1
Haukkumasanaja,1
Punas,1
Sinistyneeltä,1
Kaippiasklaani,1
Rehuunhan,1
Olkiukkovegaaneja,1
Väärällän,1
Maanteitään,1
Juuttuakseen,1
Heimosotureilta,1
Valtiotietäjien,1
Peruseetosta,1
Viivästäneet,1
Mies666,1
Pataaniväestö,1
Toimibat,1
Ruumiinlämmöllään,1
Autolainakaan,1
Talousvirtuoosia,1
Ökyhintoja,1
Hohdolta,1
Valoympäristössä,1
Rakentaneissa,1
Puoluebyrokratia,1
Stalinilainen,1
Vaiheiksi,1
Kuljetusketjusta,1
Vesiurheilusta,1
Järjesämiselle,1
Lihanavettaan,1
Kovidi,1
Kostotoimenpiteestä,1
Ideologiassakin,1
Koronavirusarpajaisissa,1
Monitulkintana,1
Raportoitavalle,1
Tuotantohinnoiltaan,1
Nollaantunu,1
Bryandeanwright,1
Keskivertosukankuluttajalle,1
Iltahömppään,1
Boomerish,1
Siviiliväestän,1
Vuoristosissien,1
Bigkarma,1
Ehkäisytoimilla,1
Hapentuottaja,1
Numerovajaita,1
Vaikeakulkuisilla,1
Pätevältäkään,1
Autoritaristiseen,1
Osaketjun,1
Pääomamuuri,1
Tekijäkantaa,1
Paskaleikkuri,1
Eläessa,1
Soijaphivi,1
Psdledacc,1
Kakkamajakommuuneissa,1
Buurisodissa,1
Sissitaa,1
Sissialueen,1
Ilmastoahdituksen,1
Pilkanalainen,1
Reissaammalla,1
Maroccosta,1
Mäkkäriherkut,1
Hirveimmiksi,1
Kanikin,1
Issoimmat,1
Tuoatanossa,1
Rahtilaivakuljetus,1
Hankintasotkuja,1
Rahanimu,1
Suojatyöhommien,1
Praktiikoille,1
Lähisuolle,1
Guerillat,1
Jälkiselvityksessä,1
Operaatio_frequent_wind,1
Kaavoituskeskusteluiden,1
Jatkovalitusten,1
00b6311f,1
Fa4e,1
5aee,1
Bb9a,1
Efe8f0858a8e,1
Levittämiäsi,1
Lypsyiässä,1
Kimmastumisesta,1
Bendellin,1
Ilmastoliikkeeksi,1
Talebaanihallinnolle,1
Orjatyölaiset,1
Pesimispaikaksi,1
Tiille,1
Keskivakavalta,1
Kerskimäärästen,1
Maittainen,1
Pmc5828628,1
Pmc5828630,1
Pmc5828635,1
Overconsumed,1
Leivonnaisa,1
Somemokia,1
Ssissa,1
Tärkeyslistassa,1
Venepartioinnin,1
Polarisaatiopropagandaa,1
Venäjäkiinanukke,1
Demokratiamielenosoituksiin,1
Tiedestreamit,1
Radikaalivasemmistoläppää,1
Klusteroituneet,1
Antifeminismissä,1
Höglundin,1
Redditraivoamistani,1
Lutkafeminismiä,1
Kesyynty,1
Koiralajeista,1
Tukkuvarastot,1
Pakkaamolta,1
Myypässä,1
Partasuile,1
Talibanina,1
Kaupunkilaismassat,1
Maalaisveljiään,1
Röllikama,1
Edgf,1
Vatikaanivaltiossa,1
E82ozotxoaitgp7,1
Poloniumteehen,1
Maisemaparvekkeeseen,1
Redditraivoaminen,1
Hörhöilyvastaisen,1
Operoidusta,1
Hörhövastainen,1
Someadminin,1
Tutkimusaikataulua,1
Myyntiluvallisella,1
Densantti,1
Backmanien,1
Nautaleikkelettä,1
Revoluutiolla,1
Aktivistikuplan,1
Ruplarahoitteisten,1
Mökäfooniluiskaotsien,1
Edellesin,1
Talihattujen,1
Pepperonipizzalla,1
Jätöksinä,1
Työmatkaliikenteenkin,1
Uiguuriasiaa,1
Etnonationalispuhdistukseen,1
Militanttiryhmistä,1
Avajan,1
Vittuilukisa,1
Keijottelusta,1
Pelottelupolitiikka,1
Kasvavissä,1
Kyseenalaistajiin,1
Lipsuit,1
Erilaisuuus,1
Polarisaatiotyön,1
Hörhökirsikoissa,1
Koronavastaisuudessa,1
Itävaikuttamista,1
Ääripääolkiukkonsa,1
Miniviestien,1
Levityspaikkoja,1
Höyrystyn,1
Uudelleenperustetun,1
Vastavallattuun,1
Presidentipalatsiin,1
Puheesorinaa,1
Raottava,1
2um0zff,1
Sorvaamana,1
Sinotisoidaan,1
Ennaltaehkaisevään,1
Kiskoankkuri,1
Kiskonkiinnityksen,1
Metsäosuudesta,1
Uramuuvi,1
Pitkältin,1
Pizzakaljakapina,1
Leirittäisi,1
Miniinkin,1
Somejeesustelu,1
Fatsheimaa,1
Buang,1
Ruokarajotteisille,1
Paskalukemistoa,1
Periaattestasi,1
Kärkikorttien,1
Kesäharjoittelusta,1
Aikapommisivuvaikutuksia,1
Adverse_outcomes,1
Ilmastosekopäät,1
Etnointernationalistit,1
Tubettajissa,1
Ylenkatsomia,1
5kiloeuron,1
P4qkmw,1
Pray_for_afganistan,1
Siviiliväestöäkään,1
Hallintopuuhiin,1
Kuolafiilistellä,1
Voisilmämahdollisuuksia,1
Homejuustia,1
Mummolassakaan,1
Saatavaat,1
Kebabpuusti,1
Laajentumisyritykset,1
Panepidemiaa,1
Jl6lee2wypq,1
Varustiko,1
Meilkeimpä,1
P4pryl,1
Geschichte_wiederholt_sich,1
Raksatyötäkin,1
Puolinaamareissa,1
Päijäthämeläisen,1
Tekeänä,1
Paskavärkkiä,1
Pullotaloihin,1
Salaryperson,1
Kansallispuistokierrokselle,1
Kenkurua,1
Äidinkielitason,1
Viestintäkapasiteetilla,1
Kämykentän,1
Jakaannuksesta,1
Pistettäni,1
Kunnossapitosuunnitelma,1
Yrps,1
Hyyih,1
Tehäänks,1
Surullisintä,1
Sivistysprojekti,1
Moraalikannanotot,1
Valtionrakennusprojetit,1
Mummolahan,1
Ilmastodenialistilta,1
Perinneateria,1
Maailmanperintöstatuksen,1
Luoteisnurkkaan,1
Nykysuunnitelmalla,1
Kävijätutkimuksen,1
Tarvontorille,1
Kanalin,1
Hiekkakenttänä,1
Asuinkäyttöönkään,1
Kanalia,1
Kanavakadulle,1
Perunamaitoon,1
Vehnäpuuroa,1
Sielunalmuja,1
Maailmanperintöhomma,1
Maailmanperintokohteen,1
Takaysiä,1
Syyshämärässä,1
Kaljavelliin,1
Propagandizing,1
Survomia,1
Johtotähdelle,1
8h3u9,1
8h3u9e,1
Osavaltioparlamentit,1
Someninja,1
Stromboliksi,1
Puuhökkelikatuja,1
Kestiessä,1
Idoottimaisista,1
Naisenemmistöstä,1
Rekiterit,1
Edustusjahdin,1
Edustushelikopterin,1
Laskeutumisalueella,1
Edustushelikopterilla,1
Edustuskokaiinia,1
Edustusjahdilla,1
Maailmanjohtajille,1
Edustusjahti,1
Mujahidiinille,1
Hesarifeissareille,1
Vaalihuijaussyytöksiä,1
Joukkotuhoamalla,1
Muussiperunoita,1
Globaalipotista,1
Possaus,1
Vetäytymislinja,1
Pliisumpien,1
Maailmanperintötittelin,1
Hyväismistä,1
Hyväismin,1
Kannattamiisi,1
Iltaherkkuna,1
Kangan,1
Pingotti,1
Sarvimakaroneja,1
Pennepastaan,1
Paistorasvakin,1
Kamalammaks,1
Buurisotahan,1
Taistelutappioiden,1
Sissitkin,1
Unescoa,1
Itellähi,1
Luottojärjestelmään,1
Ylikalatus,1
Hillinieluja,1
Sipulinpalasia,1
Pennet,1
Valitetttavan,1
Sinebrychoffista,1
Tikitokit,1
Enslaves,1
Einesruoasta,1
Uwvagdcodu4,1
Viholliten,1
Tartuntaasi,1
Interventionsa,1
Aukoritääriseen,1
Julkaisukelpoisiksi,1
Perinteisimpään,1
Henkilöhyökkäys,1
Ekstremismisyytös,1
Käännöstoimistoista,1
Yqgagd9cd1i,1
Tuskailimme,1
Vallankaappauyrityksen,1
Enskrl,1
Jalkineliikkeestä,1
Sottr,1
Viilamaan,1
Rendauksella,1
Turbofolkissa,1
Syntikkasoundit,1
Pinattilätyt,1
Kurpitsaananas,1
Vetailussa,1
Kuvavertailusta,1
Nahkuria,1
Raakanahasta,1
Empillä,1
Pilallepolttamiseen,1
Ydinräjähdyksissä,1
Häiriöraidoitusta,1
Airburstin,1
Empin,1
Kirjeäänten,1
Fd8d677c,1
8d38,1
6aea1adb3839_story,1
Kantamistakaan,1
Intrusiivista,1
Perunamaidolle,1
Yllyttämiselle,1
Heittelly,1
Vallankaappayritys,1
Virkkeenosa,1
Negatoit,1
Pizzaleipään,1
Aluepysakointikielto,1
Pointilles,1
Keuhkosyöpäriskistä,1
Sinkkuilin,1
Puxrd2zrvba,1
Perusodotus,1
Pääkilpeä,1
07crffjmtwwrdaheurc4c7zjikc,1
Ccfaa01eca71fc96693061ee5212ababcb660da7c808c03689fae15b30251e03,1
Kurinpanovallan,1
Subjektiivisest,1
Perunaveitsellä,1
Afghanistanialaista,1
Nänniläväreitä,1
Keksisittekö,1
Nahkureista,1
Watchbandcenteristä,1
Watchstrap,1
Kultakellossa,1
Maitopottuja,1
Juhlaruokaahan,1
Brutaalisuuttaan,1
Kyläkahvila,1
Budjettimenojen,1
Moraaliteetille,1
Väitteltyt,1
Jeesuskirjassa,1
Ekofasismifantasiat,1
Kahvitteluasteella,1
Itsekehiteltyjen,1
Argumentointivirhehän,1
Jutuntekijä,1
Kaarisateesta,1
Incelstereotypia,1
Blondivitsitkin,1
Luottorekisterissäkin,1
Turustien,1
Tunneköyhänä,1
300gpss,1
Saalistajaeläin,1
Evoluutiollisia,1
Toitottako,1
Kirjoitusvirheistäkin,1
Potaskaakin,1
Luonnonvastaiset,1
Ekofasismifantasiafantasiasi,1
Häiriökarttakaan,1
Pirkastakin,1
Rajakähinä,1
Saudisyntyinen,1
Piilopaikoissaan,1
Pääpirteittäisestä,1
Astellesaan,1
Disneyelokuvien,1
Ekofasismijutut,1
Aqvd2uhpzri,1
Kommenttisektiota,1
Viestejamiehilta,1
Valintamyymälästä,1
Sukellusveneelläkään,1
Otettujakin,1
Argumentaatiovirheisiisi,1
Chikuaania,1
Hanttihomissa,1
Maholissiman,1
Allegations_of_support_system_in_pakistan_for_osama_bin_laden,1
Sotilasakatemiasta,1
Vesivelliä,1
Lisäterävyyttä,1
Dishin,1
Syömistottumuksiinsa,1
Punikkeihin,1
Sienimys,1
Fuadkin,1
Muslimiväestölleen,1
Pekkomayn,1
Testikohortissa,1
Myyntiluvalliset,1
Hehkuttelema,1
Viilaajille,1
Atuloi,1
Mediaanikorvaus,1
Cystaid,1
Kengurunlihan,1
Uribalance,1
Makaronivellikokemukset,1
Tapoinpa,1
Possuparan,1
Kämpelösti,1
Automaagiakäännös,1
Blokkailisin,1
Kokosivukannanottoa,1
Kokosivukannanotto,1
Rajuudelle,1
Propagandalehtinen,1
Painajille,1
Putkispagetista,1
Mäihästä,1
Ulkoilujuttu,1
Osaamisalueillaan,1
Jaajetaan,1
Uppooo,1
Keksimistäkään,1
Sitkeeks,1
Autoritaarihirmuvaltaa,1
Jeesusnainen,1
Opiskelijamättöä,1
Neuvostoblokeilla,1
Kebabsit,1
Tavaraaha,1
Ydinpointista,1
Kukistetiin,1
Liikennehäiriöiden,1
Maailmanperintötitteli,1
Turistitekijä,1
Siikajoelta,1
Antonov_an,1
Rahtilentokone,1
Airbus_a300,1
600st_beluga,1
Monkeyiden,1
Avainsanarekrytoija,1
Sertifikaattikauppiaista,1
Autovahinkokeskus,1
Tuttavutta,1
Sivustaseuraajillla,1
Altistumistilanteessa,1
Karanteenipäätökseen,1
Minimiaikaraja,1
Pinnallisemmatkin,1
Sirkulaattorilla,1
Suolakurkkulohkoja,1
Järjestyksenpitovastuuta,1
Yydelle,1
Pehmokäärmettä,1
Voimanäytöksiä,1
Radikaalivegaaniksi,1
Kyyseen,1
Alaistin,1
Junnuluokkien,1
Ylsinään,1
Shellinbaarissa,1
Kaluistani,1
Alaistitko,1
0staisin,1
Brentfordille,1
Uskonnollisävytteestä,1
Uunijuustona,1
Juustovellinä,1
Punaherukkakiisselin,1
Ternimaitoa,1
Kaljoittelupyöräksi,1
Videokanavien,1
Lahjottomuudesta,1
Lusifeeruksen,1
Finwatchstrapsilta,1
Finwatchstraps,1
Myyntikuvioita,1
Tuuraileva,1
Laatunahkoja,1
Pullopussien,1
Muussisi,1
Lihakönttä,1
Satulaksi,1
Sormipyssyillä,1
Lihaksistostaan,1
Keskustelumalla,1
Aamupahoinvointien,1
Nice_guy,1
Sirkulaattorista,1
Purkaviksi,1
Marginaalihörhöiksi,1
Tatuoinneistaan,1
Linnunpönttöfiilis,1
Herkistyneille,1
Vanteensivua,1
Perintöauto,1
Lupiaskiamikset,1
Riskikohdista,1
Syynäisit,1
Päiväämme,1
Pyrä,1
Ajett,1
1000tkm,1
Lommoposkinen,1
Hiilikuituihmettä,1
Surlyllä,1
Kouluvihosta,1
Markkinaliberalistisella,1
Leikkaamishankkeeseen,1
_xehr2kbrw4,1
Tavattuu,1
Tapaamisajoista,1
Viitattii,1
Puolueiisiin,1
0m5,1
_2wzm,1
Amisääniä,1
Raunistulalaisille,1
Kuwaharalla,1
Lähettireppua,1
Nenärengasta,1
Seuranhakuapplikaatiosta,1
Poikapöpöjä,1
Noudattannut,1
Un1ccbrkuz0,1
Mumolla,1
Itävaltalaisetkin,1
Fimjlpp,1
Cl2,1
Acolad,1
Kaantajien,1
Naghian,1
Siamäkille,1
Genelecille,1
Natsisymppaus,1
Makaroonivellistä,1
Käännys,1
Kinkkuviipaleella,1
Spekulaatiolisällä,1
Maataloustue,1
Toronto_machete_attack,1
2018_tallahassee_shooting,1
Westgate_entertainment_district,1
2020_shooting,1
Saudihallinto,1
Arabiliittolainen,1
Lapsisuun,1
Punasinihallitukset,1
Mackoy,1
Omavaraisuusoste,1
Asustautunut,1
Vihervasemmistomöröstä,1
Mörköäsi,1
Fasistihuuteluun,1
Teknofasisteja,1
Mörköösi,1
Denizens,1
Stabiloimisessa,1
Veteraaneistaan,1
Puukaupunkikokonaisuus,1
Kiintiöpakolaishomman,1
Tarivisi,1
Mielikuvituskavereiden,1
Einesmakaronimössöä,1
Ilmastoriskit,1
Vetoavast,1
Uudelleenrakennetuksi,1
Hykerreltiin,1
Liebralismin,1
Teräspyöriä,1
Pyörätuolipulsu,1
Pohjoimaa,1
Verovaroistako,1
Hammastahnamummonkin,1
Painostusesta,1
Reuhuparralla,1
Poljennolta,1
Henkilökuntalistoilta,1
Velkamassit,1
Virtuaalipisteiden,1
Populistiöyhötyksenä,1
Nuoleman,1
Tulemmekohan,1
Maanrakennusprojekti,1
Hämmäntynyt,1
Pikkuhousiissa,1
Lävistelen,1
Viisikärkisellä,1
Maiskutteluääniä,1
Politiittiseen,1
Uudelleenkouluttautumimen,1
Maalämpöhöyryvetureiden,1
Erkkinäkin,1
Näään,1
Suuut,1
Työvoimakulttuuri,1
Kututtiin,1
Pensseliks,1
Tiliae,1
Hullumummo,1
Kirjootin,1
Tismaalleen,1
Scrollaamaa,1
Kivihiiliveturin,1
Taiwanissakaan,1
Väyläiset,1
Keskustasijoittuvia,1
Västöpohjasta,1
Ikevämmällä,1
Pyörätuolispurgu,1
Perseviinamies,1
Laukkuleidi,1
Lukottomista,1
Linnunsulat,1
Lakkiinsa,1
Linnunpesältä,1
Tuomaansillalla,1
Sukerii,1
Roenickii,1
Erehtymättömyytesi,1
Pyörätuolinainen,1
Bfs35fzzzuo,1
ˈtɑʋoite,1
Kasvatustavoite,1
Marssitavoite,1
Visionaarinen,1
Alurunkoista,1
Utiliteettifunktioexcelit,1
Eksaktiudella,1
Lintumieheksi,1
Lintumaisia,1
Matkalaukkumies,1
Leatherworks,1
Nahkarannekkeiden,1
Halvahkossa,1
Hissikorikseksi,1
Hapsutakkiin,1
P5ahwr,1
Tavoitteemme_on_nolla_turvapaikanhakijaa_riikka,1
H94t2sl,1
Naghiani,1
Makaronivelliin,1
Bensiiniveroalea,1
Vastahuollettuna,1
Samanhintaset,1
3oifidtswozbuf3vqj9z9b,1
C4090db421824431,1
Pyöräasiantuntija,1
Pikkuesittely,1
Skaterista,1
Bnqql13xkhm,1
Antisemiotismiin,1
Puoluefanien,1
Kaiutinmerkkejä,1
Audiocenter,1
Saarnalitanniaa,1
Lainakammoisia,1
Vasemmistolaisuuttani,1
Esimeltöidä,1
Vesihyöryllä,1
Sähköjunatkin,1
Neuvoas,1
Valimummo,1
Perusseteissä,1
Kenttäheittelyä,1
Hygeniakäsittely,1
Ruokaregulaatio,1
Kalajolla,1
Leirilläni,1
Teijolta,1
Selvfølgelig,1
Løfte,1
Bmbwbpv,1
Helmiäislinnan,1
Jezail,1
Köyhälandia,1
Normifillarin,1
Alamäkipommituksessa,1
Lehtisäkkejä,1
Pettuuruutena,1
Puhtaanapitäminen,1
Pulsuwikistä,1
Uhrautuvuudesta,1
Hardkokilla,1
Paikkauttanu,1
Opiskelivavaihdossa,1
Paikkarasiaa,1
Vastapuheella,1
Tinderprofiileille,1
Rauhanviikon,1
Elokapinastahan,1
Mainoskirjoitelma,1
Kierroillakin,1
Terveyssallaatti,1
Armeijavaatteisiin,1
Vähempiresurssisilla,1
Vesiestekäytössä,1
Viranomaispolvissa,1
Kainalosauvaksi,1
Könkätään,1
Kuwaharasta,1
Raumahan,1
Meyr,1
Keräälemään,1
Tektrosta,1
Perussarjoista,1
Ulkomaanavustusta,1
Vaalibileisiin,1
Teatteriyhdistyksen,1
Autoilmoitukset,1
Vanneparin,1
Onnistujalta,1
Pyörätielläkään,1
Kuuromykkäpulsu,1
Tomintamalliin,1
Perskarvaa,1
Bunkkereissä,1
Heippamies,1
Gallträskin,1
Tarkistajaa,1
Kankikielellä,1
Syystettynä,1
Volsin,1
Punavalkosesta,1
Lippiksestö,1
Farkkutakista,1
Tiltannu,1
Pullomummoon,1
Yliopiskelulla,1
Gennut,1
Club96,1
Steppimies,1
_syntynyt_,1
Anttiki,1
Tuevapaikan,1
Empatiaista,1
Levyjarrupelissä,1
Vannejarruille,1
Kurakelin,1
Hasaua,1
Jarrutustehoakin,1
Jarrutuspintaa,1
Puskupalloissa,1
Arteta,1
Laitapuolustajaa,1
Bellerin,1
Aouar,1
Sainauksia,1
Kakkosmaalivahtia,1
Laitapuolustajalle,1
Keskikentälle,1
Lisäkurittamiseksi,1
Vetaistaan,1
Arkkikapitalistipossukaan,1
Junaliikenteenä,1
Pikkuväylä,1
Aninkaisen,1
Kiitäjillä,1
Peräpiikki,1
Vakuuttunempia,1
Luonnossankin,1
Ääriratkaisuilla,1
Yhteistyöhaluttomuudesta,1
Haastavammille,1
Seiskaviisi,1
Noveliteetti,1
Timanttirunkoisia,1
Kasvismausteella,1
Gruuppien,1
Yritystukihässäkät,1
Marmorilouhosta,1
Ihmispaskuutensa,1
Kokovartalomulkkuutensa,1
Kokovartalomulkkuutta,1
Juvenaalia,1
Saosti,1
Jauhokikalla,1
Maitokattilan,1
Mainospohja,1
Hydrauliikaa,1
Selittemään,1
Päästörajasi,1
Ogpeg,1
Bilf,1
Teräsrunkoisella,1
Terärunkoista,1
Huokeilla,1
Kurakeliajon,1
Teräsrunkoiset,1
Teräsrunkoisessa,1
Yleispyöriksi,1
Sähköjunassa,1
Hiiliveturin,1
Pappamopolla,1
Irsasta,1
Ekoraiskausburgeri,1
Sekvensseista,1
Aivolohkoosi,1
Spiikkeihin,1
Henegen,1
Mielenpainuvaa,1
Suntua,1
Hevostansa,1
Halistenkoskella,1
Puistorata,1
Vastareaktoita,1
Palvelupainotteisessa,1
Sotilaskäskyjä,1
Aseistettulle,1
Heimosotilaalle,1
Reppuviritelmineen,1
Kypäräratkaisuineen,1
Kuluttajapyörissä,1
Kilpamankeleissa,1
Lukittautukoot,1
Vektorilta,1
Oivaltavauus,1
Sivaltavuus,1
778bn,1
978bn,1
Alivelkaantunut,1
Marjanpoimintayritykset,1
Marginaaliosasta,1
Katupyölyssä,1
Unremarkable,1
Perusuomalaisen,1
Pullopena,1
255iyknzrvy,1
Teräsrunkoja,1
Kuwaharat,1
Jarrukahvojen,1
Mustaruutiaseellaan,1
Saamattomuuteensa,1
Kotiväkivaltanen,1
Singaporelaisesta,1
Jämävirusta,1
Kaihersikin,1
Jeesusmummo,1
Huulipunassa,1
Deekuilemassa,1
Maastovaatteissa,1
Maastoväriset,1
Ampuili,1
Puukkojunkkarijengejä,1
Markkinointijargonina,1
Myyntitiiminsä,1
Multikulturaalissa,1
Myötähäpeähermoosi,1
Lähetyssaa,1
Suopeana,1
Roinetta,1
Invamopossa,1
Kurkkupastillimainos,1
Merisotilaan,1
Houseofnames,1
Hankerahotukset,1
Karatelyönnillä,1
Umpikelakin,1
P2hk5h,1
A4_pitemm,1
A4ksikin_aikaa,1
Asiapostauskin,1
Kiviihilivoimaloita,1
Maakaasuvoimalaksi,1
Tuohikontinkasauskurssi,1
Puhuvamies,1
Kehittymishäiriöinen,1
Laivastosininen,1
Rekkamummonkin,1
Halpismineraaleista,1
Halpisvaijerit,1
Halpismineraalit,1
Toteutustoimeksianto,1
Pyöräkeskustelut,1
Ojkainen,1
Mieipiteitaä,1
Syytämänä,1
69v11k,1
68v8kk,1
Extaasissa,1
Kirkasotsaisemman,1
Paskalaskutukset,1
Lentofirmoilta,1
Maailmallesi,1
Totalitaristisestä,1
Olemispoliisista,1
Jälkiviisasstelua,1
Ratkaisuhaluttomuus,1
Tuijottama,1
Persuproblem,1
Valtionrakennusprojektiin,1
Kuolemanluolia,1
Perskekohallitukset,1
Lavamikkiin,1
Kesäkampanjoita,1
Rikkolisuus,1
Ottajamaahan,1
Väittelykumppanisi,1
Elektrodilla,1
Kätisee,1
Irrottautuakseen,1
Kelarottahuuhaalla,1
Nettoämpärin,1
Taiteilijanarkkarit,1
Jötkö,1
Mainosnikkarit,1
Kaupunkikämppääsi,1
Metsägruuppi,1
Uritystukia,1
Muumipianomieheksi,1
Pänttäävän,1
Englannilöa,1
Parisuhdetekijäksi,1
Luonnepuolelle,1
Markettirihkamaa,1
Kontekstualisoin,1
Taiteilijanarkkareita,1
Brändihuomiota,1
Kukkakasvattamoihin,1
Asekeräilylupaa,1
Haluamanlaisesi,1
Köyhyystyöttömyyttä,1
Palvelukehittelyn,1
Geostrategistakin,1
Pulttipois,1
Kohdealasi,1
Kielipariasi,1
Oranssitukkaiseksi,1
Riistoyrittäjät,1
3uk6ei4,1
Maahanmuuttokompromissiä,1
Hallituskiimasta,1
Ositukset,1
Ynähti,1
Yh1usca,1
Viranomaistilauksia,1
Tiedebudjeteille,1
Huonompielintasoisista,1
_ihmisille,1
Ravintokelvotonta_,1
Kiinamaisia,1
Au_i8bmqwqs,1
Ylpeimmist,1
Jaerukahvat,1
Sykäri,1
Giansant,1
Nimipäivätietäjä,1
Ruostesiiven,1
Isosiilikkään,1
Isosiilik,1
Toukkakin,1
Nostotavoitteet,1
Lopuvaiheesta,1
11_fig2_309655410,1
Tyokykyisenä,1
Tyovuosia,1
Internettipisteiden,1
Pelimodaaja,1
Käsilaukkumiehen,1
Täysaikaisten,1
Modernihkoja,1
Perintökaffetpannu,1
Antiikiksi,1
Yliopistotasoon,1
Oksymoronejen,1
Lapsienteosta,1
Mielikuvamainontakin,1
Energiajuomamainokset,1
Heppamies,1
Kopsuttelua,1
Kaljanhakumatkalla,1
Muettinyt,1
Perusinsera,1
Tuoreenpaan,1
Indexoitua,1
Indexointi,1
Työssäoleviin,1
Luokkakriittinen,1
Eurosentrismiä,1
Salikamppeitaan,1
Tållöin,1
Heikkolaatuisuuden,1
Mainosrahoitettuja,1
Huukeriksi,1
Kuollakki,1
Tulostavoitteisesta,1
Katsomonsa,1
Viestintäsuunnitelmaa,1
Esihenkilöilläni,1
Markkinointiseminaarissa,1
Somesyötteissään,1
Elokapinoitsijoihinkaan,1
Deatherillä,1
Kolmipyöräville,1
Tinkijää,1
Polariskuskeille,1
Meitittelee,1
Juuttiköyttä,1
Söhöilen,1
Eliittiporvaristo,1
Ammattiratajuoksijat,1
Hanttihommalle,1
Kompensaatiopaketin,1
Toivotaampa,1
Ywbhwyp,1
Hallillakin,1
Olojoa,1
Valtionrakennustyöhön,1
Mukapuuhailemassa,1
Setäpersut,1
Silpponeet,1
Persusedät,1
Erloissa,1
Eurocentrismin,1
Luonnollekkaan,1
Dabsoset3hu,1
82ba5cab8fc727ee4ed45fe43c511210,1
Puksuttelevat,1
Mökkiprojektit,1
Ravintolaanhan,1
Runosmäkeläisen,1
Autoilmoituksissakin,1
Paasaamasta,1
Doupinkii,1
Hamsterinin,1
Bravuureistaan,1
Poistumisestaan,1
Ramonin,1
Kannabismummon,1
Heinähatussa,1
Pankalassa,1
Ainakk,1
Taaksepäinkääntäviä,1
Pedaalienkaan,1
Uvoq3evwbc8,1
3m43s,1
Länkkärihattua,1
Konkelipyöräilevä,1
Poiktti,1
Vankilapuiston,1
Pullonkerääjäjäbä,1
Käyräsarvipyörämies,1
Elvikseksi,1
Tanttakaksoset,1
Deekuissa,1
Natsitiedemiehen,1
Stetsonmies,1
Sijoitteleet,1
Vessavaatimukset,1
B6n_ja_l,1
B6n_yhteistuotanto,1
Miellyttämishaluun,1
Kuwahara,1
Galista,1
Naamalävärit,1
Kysäässä,1
Heleppohan,1
Luppailla,1
Tryffelikeskukseen,1
Eläkeikänäni,1
Eläkekaivoon,1
Rekkamummolla,1
Klapikattilaa,1
Tekstimainos,1
Ysärikappaleeseen,1
Kustannustasi,1
Valtakunnanohjailijan,1
Eläkekertymistä,1
Hepoatytöt,1
Seurallisesta,1
Johtajuusvajeen,1
Raskasmetallipitoisuuden,1
Peräkammariisi,1
Katastrofivaiheessa,1
Enshinnäkin,1
Työkyvyttömyystuella,1
Hallituskumppanuuden,1
Takkimiestä,1
Lexa,1
Madekoskella,1
Sakotuksien,1
Kehitystehtävät,1
Inaktiivisuudesta,1
Ilmesteyisi,1
Päätösessäkin,1
Pakolaislain,1
Siirtoluvista,1
Brändikirjan,1
Lättäjalasta,1
Biodynamiikaltaan,1
Kävelynopeudessa,1
Puoluekytköksiä,1
Tapakkia,1
Valtakunnankanslerissa,1
P8epdklf6t0,1
Jordanpetersonfanchannel,1
Suomipyörä,1
Varastelemasta,1
Maaluksen,1
Kardiokestävyyttä,1
Olkaperkele,1
Tuntomerkkei,1
Skechersissä,1
Kumipäällä,1
Oikeinkirjoitustaidoissa,1
Höyrykin,1
Kusikastikkeella,1
Säännönrikkoja,1
Hendrixistä,1
Muorihahmo,1
Autollaa,1
Koulutushommaa,1
Paloesimiehiä,1
Tarvittaski,1
Laatupyörät,1
Sijoittajiesi,1
Ilmastosniiduilenkin,1
Jokioistenmuseorautatie,1
Sählypalloja,1
Kolmoispisteet,1
Skitsopostia,1
Keinokudokset,1
Levyjarrullisia,1
Jarrullisiin,1
Pehmolelumummo,1
Kurssitettiin,1
Opistoupseeriksi,1
Valtionalojen,1
Ostamisehen,1
Simanppi,1
Kepsutilla,1
Mitäänkin,1
Cavalleria,1
Rusticanaan,1
Peräpaikalle,1
Mehustamolle,1
Kulholliseen,1
Uusraunistulalaisena,1
Länsikeskusmieheksi,1
Leijonamieheksi,1
Printtimainoksen,1
Digimainonnassa,1
Laskeutumissivu,1
Liidistä,1
Pullonkerääjästä,1
H91ubn0,1
Qrbgpatiwhk,1
Fheanqjdjoq,1
Vihervasemmistohössöttäjät,1
Kankitien,1
Persepanoista,1
Eläkemaksuihini,1
Tulospohjaisen,1
Spottitasolla,1
Brändimainontaan,1
Markkinointipajatsoon,1
Kimmotapani,1
Technology_and_products,1
Rokotekehittäjiltä,1
Lääkäteollisuuden,1
Kaitsivat,1
Hedelmävammainen,1
Huuhteleman,1
Käskyteltävänä,1
Diktatuuriako,1
Palottiin,1
Paskaaset,1
Pötsiskin,1
Herkkusyltyksi,1
Satohon,1
Ruokabisnestä,1
Pieruillansa,1
Suojakeli,1
Sienisadon,1
Ylikansoitusongelmineen,1
Kehitysapusysteemiä,1
Toimeksipainoijta,1
Markkinahenkisemmänkin,1
Ykassa,1
Mulkkusignalointi,1
He_comes,1
6dxnuyta,1
Nuuhkiin,1
Säästämättäkin,1
Rasittavuudellaan,1
Haulikkonaamana,1
Ahlasten,1
Työssäkäyneen,1
Eläkeikäiseksi,1
Maksajansa,1
Ennakkolaskuttaa,1
Kiinalaiskilpailijoiden,1
Sotilaseläkkeetkin,1
Siviilihommista,1
Konsiisisti,1
Riihipirusta,1
Laiska_saunatonttuun,1
Akkutyökalujensa,1
Päästövähennyksesi,1
Mäkkärisafka,1
Massasukupuuttoaaltoon,1
Marjarasian,1
Keskikokoiseimmissa,1
Coopervauhtia,1
Normimalli,1
Nudismiin,1
Vegaanisafkaan,1
Nykyrasismi,1
Ärjykkeet,1
Chilikäsillä,1
Työkeikkaan,1
Parakkimaisiin,1
Ajanvaraukseella,1
Haberolta,1
Pyörähommissa,1
Kyylärami,1
Farkkutakkiäijä,1
Siirtävänsäomaisuuttaan,1
Hunoina,1
Käsimakkaraksi,1
Sikseekin,1
Suihkulentäminen,1
Agraariajasta,1
Kannettavine,1
Näkema,1
Tietoverkkojakin,1
Överikirpeä,1
Kaurapaistokseen,1
Osakepottiin,1
Kertautuvuus,1
Ajanvaranneille,1
Ajanvaraamattomille,1
Ideologoioiden,1
Taiselemme,1
Todennäköisemmon,1
Ärhenteleen,1
Vastakyyläsin,1
Hakannutkin,1
Raivanneen,1
Murhajaan,1
Valkeakuulasta,1
Omenapiirakat,1
Urheilijafriikki,1
Poisnappaista,1
Vahuksille,1
Aahhmm,1
Ammahm,1
Haavoittuneimpia,1
Joukkotuhota,1
Kuromittaa,1
Kontrollisessa,1
Tavoittamattomuuteen,1
Höpöteksteihin,1
Markkinakone,1
Talibaaneihin,1
Jonnefontti,1
Kaiteessakin,1
Lantapunteilla,1
Komeushan,1
Roskisrumpalilla,1
Hesperianpuistossa,1
Aamukonsertti,1
Ilmaantuvatko,1
Tyynliinaa,1
Omenavarkauksia,1
Maatalousbisneksessä,1
Pähkinäallergiaksi,1
Pseudonatsit,1
Peruskriitikoilta,1
Höyryveturiin,1
Käärmekommando,1
Cristu,1
Heippamiestä,1
Kerrytettyinä,1
Rahastovalikolmaa,1
Fanikavavan,1
Luennoinutkin,1
Reaktiomekanismi,1
Turvapaikkjärjestelmää,1
Lisäpoliisin,1
Putterillakin,1
Väylädriverit,1
Harrastepyörämekaanikkona,1
Polttokerran,1
Nukahtamisongelman,1
Nettilääkärikäynnin,1
Vuotiallle,1
Kiusauksesi,1
Pfpfpfpfpfpf,1
Tilastotietoinen,1
Sairasvuosille,1
Mainosnikkarin,1
Rallattivat,1
Kittaustaskin,1
Hammastahnanainen,1
Siirtolaiskompakti,1
Tuohompa,1
Sivistymaissa,1
Vastaankamppailevat,1
Sykeluvuista,1
Mitalisuosikeista,1
Päivettyneet,1
Apinapuvun,1
Makareenaa,1
Peruskohteliaisuudeksi,1
Talousosaamonen,1
Turvapaikanhakemukseni,1
Naispuoleisiakin,1
Pierulalli,1
Ympärikään,1
Sujauteltua,1
Höyryveturimatka,1
Olympiavoittokin,1
Sutat,1
Villisioilleen,1
Totmannilta,1
Romaanitaustaista,1
Omakotitaloaluilla,1
Kognitiivinenvinouma,1
Litlistä,1
Trototiilitartit,1
Tonstronnin,1
Piilomainokset,1
Stokastisuuteen,1
Pöllyttyleen,1
Pitenemisellä,1
Tavissikoja,1
Pölkkyvelli,1
Kasvissyöjyyden,1
Nistipuheelta,1
Kainelainen,1
Kehistyapua,1
Piirisarjatason,1
Riippuatta,1
Laatupainotetuista,1
Muututnut,1
Moottoritieosuuksissa,1
Presidenteys,1
Puneselta,1
Palvojalta,1
Nakkikiskatapeluita,1
Yötakseja,1
Kovapäisin,1
Utoppia,1
Tyoskentelemistä,1
Nettikiusaajilta,1
Maantiemestareita,1
Kahdenkaistan,1
Myyntiryhmässä,1
Näytönohjaintesteihin,1
Karatemauri,1
Merkintäkokeilun,1
Ohitellessaan,1
Vilkaampi,1
Nopeimpanakin,1
Askartelubrändiin,1
Seuraajajoukkoa,1
Kansalluspukuisina,1
Seurueina,1
Peltikattilan,1
Poikittaiskadut,1
Erelä,1
Junttiuho,1
Maanviljelysseudun,1
Kalasetä,1
Hasselpähkinästä,1
Levuä,1
Idiotismeillään,1
Tyydytettynä,1
Joensuulaistumisriitti,1
Kansanharhauttajalta,1
Kiihdytyskaistaakin,1
Maakuntamatkaillessa,1
Höyryillään,1
Pääsykynnys,1
Hauskanpitovalikoimaansa,1
Terroritilanteessa,1
Keilasta,1
Verovaroitteisen,1
Ideologiamedian,1
Omakotitaloelämä,1
Tuulennussimankaan,1
Puukkoluuserin,1
Isoäidilläki,1
Kurakauppalassa,1
Urheilutuloksissa,1
Motarikäytökseen,1
Kauasnäköisenä,1
Kyläsankarista,1
Raamattumieheksi,1
Haittailmoituksessa,1
Anottaa,1
Kirkkopuistikolla,1
Eläväski,1
Gerdiä,1
Elonkorjaajan,1
Seinäänheittokin,1
Jikistaneja,1
Nytynen,1
Laboratioriotarkkuudella,1
Kasviyksilöitä,1
Rohdoslaatu,1
Fiilismieheksi,1
Tuokka,1
Keskusauktoriteetin,1
Ajosääntöjä,1
Välittäjäainetasapainoon,1
Dopamiinipurskeiden,1
Tykittelystä,1
Hild,1
Reseptiuninappulasta,1
Pullojupuksi,1
Pietarinsaaren,1
Kusimummo,1
Yleenähän,1
Kannabistakavarikosta,1
Kannabiskäryjä,1
Serbierakko,1
9b9bd9cb,1
0b5c,1
B8e3,1
9847355dfc6f,1
Privaattibileissä,1
Tajunnanräjäytyskeikkoja,1
Keikkamenoaan,1
Äänitteilleen,1
Keikkakuulijoiden,1
Musaulottuvuudet,1
Pikkulavoille,1
Haittailmoitukseen,1
Tarkasteellaan,1
Rokotekuolematkin,1
A4jakauma,1
Perussairailla,1
Postinumeroalueellakin,1
5geellää,1
Tienvarsipommin,1
Laukasijaksi,1
Incelyys,1
Afghaanihallitus,1
Vastineestaan,1
Stöpsel,1
Sponsseihin,1
Neukit,1
Siviiliruumiskasoilla,1
Pidylös,1
Pitpass,1
Tiadettiin,1
Nukahtamislääkkeestä,1
Reseptitavaralla,1
Syöpälinkin,1
Kannabisliitännäisissä,1
Ristikäyttö,1
Päivityäiskäytössä,1
Ilmoittajasta,1
Massailmoittaminen,1
Pieruhaitat,1
Tugetaan,1
Jonne_mehua,1
Peittelyoperaatiosta,1
Eläinkoevaiheen,1
Rokotehaitalla,1
Automalleistaan,1
Koekäyttäjät,1
Astelleet,1
Taideportaita,1
Profel,1
Lääkekäyttöhän,1
Viihdekäyttönikin,1
Mikrodoussaavaa,1
Saabissakin,1
Takajarruilla,1
Etujarruja,1
Pysähtymismatkaan,1
Takalevyjarrut,1
Krapulamainen,1
Maailmantyylinen,1
Paskottuasi,1
Anarkokommarien,1
Katkarapupussia,1
Lisäkatkoilla,1
Namedroppaamasi,1
Tikkuperseisessä,1
Pekkapuskan,1
Hipsterioluisiin,1
Pavn,1
Mxoni6a2kih71,1
Typerit,1
Moraalisysteemit,1
Kansainväliisiin,1
Lojuneisiin,1
Vakuutuspykälien,1
Höyryilyä,1
Ravinnehyötyä,1
Pieruilmoituksesi,1
Kirjttaisi,1
Turhatiainen,1
Röntgenskannata,1
Trumpinhan,1
Tiedustelupalveluitaan,1
Aseriisuntakin,1
Pakkotyrkytykseltä,1
Pakaraansa,1
Maailmanmarkkinaa,1
Raamuttuvyön,1
Omenasalaatti,1
Ananasmurskassa,1
Paljastumisenkin,1
Ministerieläkkeellä,1
Suhmurointiautomaatit,1
Mönkijätyylisiä,1
Päältäajettavat,1
Tsolpideemiä,1
Tsopiklonia,1
Bentsovaikutuksen,1
Nukuttavampi,1
Bentsodiatsepiinitkin,1
Ainemittauksissa,1
Anafylaksioita,1
Sydäntulehduksia,1
Leviiköhän,1
Iltasia,1
O3l5p95,1
Kansanmusavaikutteet,1
Bänditouhussa,1
Jonnemaisen,1
E85kyg8xmaqklf1,1
Perusteeksikin,1
Devailee,1
Apkoita,1
Omenapalkalla,1
Mainostulomielessä,1
Leffassakävijä,1
Vincidator,1
Blitzissä,1
Hildenille,1
Pyörätuolipulsun,1
Empatialeveleistä,1
Nistimörön,1
Empatiapointin,1
Paksuimpaankin,1
Katurottia,1
Piiskankäytöllä,1
Kvanttihelvetissä,1
Sunnuntailiitteen,1
Laukkujäbälle,1
Hoi50067,1
Vakuutusrahoista,1
Raastuvankadulla,1
Ryysyineen,1
Tuliti,1
Liikennetapoja,1
Ponnistaakseen,1
Juonitellu,1
Turismiperinne,1
Bashar_noorzai,1
Roskarunoutensa,1
Ansioidemme,1
Alkutuottajavaltiona,1
Monopolipeliä,1
Monopolipeliin,1
Kissakuiskaaja,1
Pspspspspspspsps,1
Ksksksksksksks,1
Insurrectionists,1
Keskushahmoja,1
Prkelettä,1
Disneymeemeistä,1
Budipäissäänhän,1
Kelaileekin,1
Kskskskskskskskksks,1
Kaasuttelusta,1
Defunt,1
Viinanjuominen,1
Autopesulasta,1
Poltostaan,1
Nnniiinn,1
Anastamaa,1
Noutamaa,1
Hannikaisenkadulla,1
Cygnaeuksenkatu,1
Ohitustempun,1
Huumeloordien,1
Epäoleellisimmat,1
Investointitarpeistaan,1
Valtiovarainministeriössäkään,1
Investointiohjauksen,1
Lainanottovaltuuden,1
Lainanottovaltuutta,1
Pyörämyyntiryhmässä,1
Pööpöilyå,1
Natomaalle,1
Ynpyrää,1
Rangaistushaittojen,1
Hauskuuttelulla,1
Kusinuukat,1
Omeniensa,1
Sickiii,1
Siirtymätkään,1
Sedatiiviset,1
Varmatoimisemmasta,1
Nettiluolasta,1
Arkikäyttäjien,1
Konfliktiteoreetikko,1
Konfiktiteoreetikko,1
Konfliktiliike,1
Kymmenkertaistaminenkaan,1
Seuraillee,1
Läyn,1
Joojoomiehen,1
Ykssuuntasten,1
Kanjabishlajikkeilla,1
Galan,1
Kotouttamisohjelmassa,1
Kalustavat,1
Kiertämälläkään,1
Pyöräystävällinen,1
Pyörätieverkostoista,1
Indeksitahastoihin,1
Protestiasioihin,1
Kävelyttämisellä,1
Sosiaaliturvamaksujakaan,1
Peltihevosiaan,1
Vaxihommia,1
Sotuhetua,1
Rikosilmotukse,1
Iänaikaiset,1
Leikkipuistovälineiden,1
Työhevosensa,1
Miniuutisissa,1
Pakinatyyliä,1
Polttelupoliisiasian,1
Kiusaamiskokemusta,1
Jedihörhö,1
Koneenkäyttäjälle,1
Tsolpideemia,1
Tsolpideemin,1
Valeriana,1
Sosiaaliturvakertymääkään,1
Sosiaalitukijärjestelmäkestävyysvaje,1
Itsemurhallisia,1
Viipurintien,1
Suokalliontien,1
Kattoparkkipaikalta,1
Ympyräkaupungista,1
Farmakologinenkin,1
Knuburassa,1
Sinkoillessaan,1
Ahdistusvitutusmasennus,1
Qqewlcx,1
Mustanvalkosipulin,1
Muutosesitykseen,1
Kotootaa,1
Palkkapomona,1
Maakuntaverot,1
Rajauksille,1
Midarit,1
Väylädraiverit,1
Pituusdraiverien,1
Buzzzin,1
Aloituskiekko,1
Hoitelemisekseen,1
Vaeltajankaupan,1
Rokotepiikeiltä,1
Namaarit,1
Kiekkilegenda,1
Gady,1
Kildaria,1
Instagramiksi,1
Poliisiteloitukset,1
Mäkkäriampumiset,1
Ravalta,1
Lantakuormineen,1
Rumpuvaihteet,1
Raiskarimurhaajassa,1
Kivuissakaan,1
Paediatrician,1
Danilo,1
Gemelli,1
Later2,1
Omaishoidettavia,1
Asiatuntijoille,1
Vastakarvapuolue,1
Psykologialan,1
Palkankehityksen,1
I8n38cm2ywwezcxh6,1
Loisijoina,1
Lisätukijärjestelmiä,1
Maidonostoskerrat,1
4tsän,1
Taltsujen,1
Rahatehtaat,1
Siusote,1
Pseudokilpailija,1
Sotkamoonkin,1
Ces8lis,1
Sairastamisiin,1
Pikkurikostilastot,1
Omenapaniikkeja,1
Skuutist,1
Mietitäkään,1
Etteeripyörreteoriaansa,1
Syvimmäistä,1
Ulottunutkaan,1
Heinäkuisia,1
Puolipäivään,1
Ylettykkään,1
Duudsonihölmöilyn,1
B934442,1
Kynittäs,1
Harmaanjohtava,1
Talitintiä,1
Maidonostajalla,1
Angstausväännöistä,1
Kakkostielle,1
Digitaitoisia,1
Heimoisuus,1
Integroitusmikyvyttömiltä,1
Teloitusmurhaaja,1
Toimeentulotukijakso,1
Sosiaalitukirahoilla,1
Mykkäköulu,1
Superkiinnostavana,1
Saksalaisfokuksella,1
Lämmönhallinnassa,1
Lastuamisnesteen,1
Haitravaikutukset,1
Koulutetuttuja,1
Potkustarttaamiseen,1
Rivilääkäreiksi,1
Aseyhtiöt,1
Matveinen,1
Populäärimpää,1
Megalomanialta,1
0wqzus5whuqjl3fiy3zeot,1
Gb5vbtrxqqavnmaptgeksa,1
Kuultuakkin,1
Syrjemmätkin,1
Millieuroilla,1
Cb864b,1
Largest_ethnic_groups_of_afghan_districts,1
0uqq6r9lnzuomz7nnd9whz,1
Udul8iwrs8gwi3uo7zodqa,1
Lapsuudenkaveriani,1
Elintasoshoppaajaa,1
Käsiöljyjä,1
Kuukausitulojaan,1
Instituutteista,1
Lunnas,1
Punakylkitölkkejä,1
Mäkkärisäkkejä,1
Tapalusmujakin,1
Virkamiesarmeijaan,1
Vankeusmuunnoksen,1
Minimitoimeentulotuen,1
Sikanäppäriä,1
Popedoihin,1
Pzmrp3ogxju,1
Plgmu2bbqk6ri5prxxbvy0gabuwhmshj0c,1
Kasvutrendille,1
Acappellaa,1
Huippupänttääjiä,1
Haaveala,1
Säir,1
Semmie,1
Nussimhan,1
Typistävä,1
Kouluttamattomankin,1
Kansalaisillemmekin,1
Lyoty,1
Ylimystoa,1
Ammattialiupseerit,1
Koyhää,1
Omankieliään,1
Suomirokkikoulu,1
Satabiisia,1
Typistävämpi,1
Toimistoapulaisia,1
8uimdukvlqa,1
Xtwgrq44sck,1
Ohitteluilla,1
Ncrm4syv08r41,1
Lisäsormella,1
Jenkkiveteraanin,1
Untrainable,1
Palokunnallakin,1
Sisäsiisteissä,1
Sosialisoitumistapahtumia,1
Koronavastaiset,1
Metsämutkaa,1
Edessäolevien,1
Stoppaakin,1
Tukavammin,1
Tylttlmyyskassa,1
Jäsenyydden,1
Loppuriitti,1
Oikeistomielisten,1
Hillitsisimme,1
Tauriinissa,1
Rounder,1
Jazzlantis,1
Quintet,1
Pohjolas,1
Pohjonens,1
Yksitisessä,1
Yritystukiviidakot,1
Konsulttirahastukset,1
Vlruhz02kpu,1
6k2z2hiyvc8,1
Keskittymisvoima,1
Perheohjelmiin,1
Mikkeliläisillä,1
Nieltävii,1
Tabletteiki,1
E6ce287f,1
Ccb4c3aaea38,1
Itsepintaisina,1
Suhteuttamisharhaluulot,1
Religion_in_afghanistan,1
Puutarhakaupunginosa,1
Ifeneb2esgyho6erstecgg,1
Teemakahvilat,1
Säer,1
Tehtaantyttö,1
Überperschu,1
Sotilaatko,1
Nykykonseptilla,1
Massikasseihin,1
Valtapelurien,1
Trigeröityy,1
Ilmastoapokalypsissa,1
Tappamisenkin,1
Asumismenotkin,1
Kolossus,1
Avacia,1
Rosenholmilta,1
Sankarihevibändejä,1
Soittimenkäyttöä,1
Nukkkuvaa,1
Ev_mxhizaku,1
Inztas2zqvq,1
Kaappaamana,1
Ongelmavaltioissa,1
Plwuyjxbfqpslxemnlzefhitxyyvh9eu6m,1
Olak5uy_lihzeu0zlddlrszaiq5hvg7ad8gujsqq4,1
Viihdeviissatanen,1
Kasvako,1
Parisuhdekoukerot,1
Erikssonillakin,1
Mitts,1
Bitts,1
Sptts,1
Omlt,1
Prts,1
Sfab,1
Mnstc,1
Sfaats,1
Hallintokeskuksissa,1
_hands,1
Goatees,1
Appelin,1
Jabal,1
Hamasjaf,1
Lolakojarin,1
Pakoleirillä,1
Tunkeneeni,1
Folkhenkistä,1
5mnowcxxg3m2iros4gtfxw,1
Ndy7pb1uqnop_dmpq989,1
Aurinkomaista,1
5on7ip5dge6pli96n2pkzy,1
Tjln871ut_y,1
7ojlmimjtw,1
Juuttumisessa,1
Soolouraan,1
Iyiswprnbuc,1
Syyllistävyydestä,1
Integroitumisajan,1
Kurssittautumista,1
Katstomuksien,1
Bröndby,1
Ullevaal,1
Lerkendal,1
Ullevi,1
Eleda,1
Ekstrakoulutus,1
Erikoistumiskoulutusten,1
Psykoterapeuttipulaan,1
Zubierista,1
Epätodennäköisimmissä,1
Uutistiivistelmän,1
Vd5waauzgx8,1
Metsäjumputusta,1
Korpiklaanista,1
Humanitaristina,1
Murhatkaa,1
Klaanipäälliköt,1
Ylläpitänyttä,1
Kusisuihkussa,1
Juurittiin,1
Enkelimäiset,1
Kandahar_massacre,1
Brereton_report,1
2011_helmand_province_killing,1
List_of_drone_strikes_in_afghanistan,1
Maaahanmuuttajataustaisena,1
Melodiansa,1
Sanoituksensa,1
Hutilyönnistä,1
Rokotuskuutioon,1
_cov19cov,1
Välikommenttisi,1
Verotusarvotaulukko,1
Blackish,1
Psykoosinomaisia,1
Pohjavaatimuksia,1
Sähköyliasentajaksi,1
Sukupuolisuuntauksista,1
Periaatteettomina,1
Värväytyisivät,1
Triggeröityväksi,1
Spurdosarjakuvia,1
Lofimpaa,1
Relevation,1
Käännöslauluja,1
Psykologeistakaan,1
Oikeutevttavissa,1
Opioidikuurin,1
Mgboy6ijoee,1
Faczccu_fbc,1
Q6zo8vxufco,1
Pääsäveltäjä,1
0jifmbsw,1
Vcngycayl04,1
Suurpääomavastainen,1
Neuvotoliitolle,1
Tālibtintti,1
Madrasoiden,1
Opiskelijaliikettä,1
Ṭālib,1
طالب,1
Talibaniksi,1
Kalasedän,1
Edustusasuntoihin,1
Perssuteorian,1
Uhrikultti,1
Moraalipuoleltaan,1
Ilmastoliikkeet,1
Muistappahan,1
Ruraaleilla,1
Katsomukseltaan,1
Yshzl4hf,1
Wolscfgcxm0,1
Testorajat,1
Roosenholm,1
Syventävämpään,1
Tilastitieteilijä,1
Karzain,1
Jatkotutkinnassa,1
Toiveajatteluvalhetta,1
Naiskaksikon,1
Jenkkiaseistusta,1
Vallankumomouksessa,1
Saahia,1
Khomeinilla,1
Perusiranilaisen,1
Afgjanistanin,1
Suunnistuskyvystä,1
Woodsmoke,1
Soittolistaradioa,1
Soittolistallasi,1
Sisäyleisötilaisuuksissa,1
Yllemmän,1
Suihkuunkusijaa,1
Alaaa,1
Folkmeininkiin,1
Kahvilabisneksen,1
Liialllisesta,1
Afganistakin,1
Blondiahan,1
Pentti_hippu,1
Musadiggareiden,1
Ukfiujzjoha,1
Talibanihallinnon,1
Kestävyyskuntoilusta,1
Järviseikkailu,1
Rviseikkailu,1
Jousipyssykin,1
Kaasinen,1
Kotouttamissuunnitelmaansa,1
Öljymasseista,1
Isänserkun,1
Kaimanpojan,1
Damdemic,1
Rosvojoukolla,1
Valloittajajoukko,1
Poisjättäen,1
Paperinpuskijahommat,1
Tuotantosektorin,1
Käsienheilutteluhommaa,1
Vasemmistotunarit,1
Esikoissingle,1
0uiqhs3s688,1
Pekko_k,1
A4ppi,1
Ammattihenkilöihin,1
Suihkusekottajaa,1
Kusiraitoja,1
Khhl,1
Talibantti,1
Etäyhteyksistä,1
Kunniamurhattuja,1
Kertapaketteja,1
Byrokratiakoneistoja,1
Rahasyöppöinä,1
Suhmurointioperaatio,1
Populaarikorttia,1
Elefanttikaan,1
Vetääntyminenhän,1
2s793yjcilkt7jwmciinpy,1
399tgrgdtyyamrgih5ircg,1
Neomarxismissa,1
Näimä,1
Kristtalipuolueen,1
Idusl128241220080212,1
Maaraysvalta,1
Opiakelupaikat,1
Opetuskapasiteetti,1
Harjoitusmahdollisuuksia,1
Länsihenkisiä,1
Iranlaisia,1
Zhw1yrmutbs,1
Suihkuviemäriin,1
6da7fc36,1
8ead,1
464a,1
407b59e46c3e,1
19_pandemic_in_new_zealand,1
Hulluliisa,1
Rakamakavoo,1
Kaltoinkohtelevana,1
Vetäsintä,1
Sisäpiirissäänkin,1
Gosbel,1
Riuduttavat,1
Kansakoululaitoksen,1
Liikennevuo,1
Perintötekijöilleen,1
Kasvuympäristölleen,1
Talebans,1
Siirtomäärärahaa,1
Koutsas,1
Kurkkaappaa,1
Luokittelemistasi,1
Itsepuolustuskurssia,1
Neliönmallinen,1
Lattiakaivonkansi,1
Alamaisiakaan,1
Frankenkekkosia,1
Koeaikakierteeseen,1
Mieshallituksia,1
Ikäkohorteissa,1
Jareckin,1
Suihkualue,1
Sosiaaliturvaloukut,1
Työttömyysongelmamme,1
Puoluehankkeeleen,1
Chekkata,1
Poppipuolella,1
Yksitason,1
Tempputyöllistämiskierteisiin,1
Rasistiretoriikasta,1
Yhteosöistä,1
Miesmäärillä,1
Sateliittisodankäynnistä,1
Ammattiarmeijoille,1
Äärihallinto,1
Suihkumenoja,1
Monarkkihallitsijoiden,1
Heimoistaan,1
Puistobileet,1
Liikenneturvallisuusvirasto,1
Pseudonatsismi,1
Canstockphoto,1
Korsholmanpuistikko,1
Kirkkopuistikko,1
Helvetistiä,1
Paatuneemmallekkin,1
Temputon,1
Iltatoimiin,1
Alikenraaleita,1
Iltatoimiaika,1
Lattialaatalle,1
Elintasoboostin,1
Itänaapurien,1
Taistelualustana,1
Statebuilding,1
Kertakuuntelun,1
Jtaodtqwnsi,1
Kyläyhteisöönsä,1
Oopiumbisneksessä,1
Pönkittömiseks,1
Enimmistöltä,1
Liikennyympyrät,1
Raatihuoneesta,1
Ruotsalaisua,1
Åket,1
Suosikkirallatuksiaan,1
Suosikkibiisiensä,1
Bsb5bocywn,1
Afghaneista,1
Huljuttakaa,1
Statebuildingin,1
Näkone,1
Sigmajauhatussetti,1
Kulttuurinmuotoa,1
Kakkostettu,1
Kehtittämisessä,1
Massaitsemurhaan,1
Hyvesignalointilässytyksellä,1
Yliopistomiehen,1
Kurt_georg_kiesinger,1
Kätyrihahmona,1
Kosiskelevaan,1
Merrygoround,1
Trampoline,1
Pastoraalielämää,1
Tallontaa,1
Vuoristokylien,1
Väkivallanuhan,1
Folkrockista,1
Folkrockin,1
Rockabillya,1
Tadžikit,1
Hetsarit,1
Aimaqit,1
Belutšit,1
Aseistettut,1
Hörhöliberaalilasien,1
Totalitarismiassa,1
Kohteliaisuuteni,1
Hyökkäysjoukkoina,1
Sijoitusasunnotkaan,1
Klaanipäälliköillä,1
Somilla,1
Kätösilläni,1
Mielenkiintoists,1
Heppien,1
Fantasiamegamelan,1
O6aptmtrz_u,1
Deathcare,1
D3vc26a4vh0,1
Poijärvi,1
Erillaisissakin,1
Urheilukisoistaan,1
Prosenttipeli,1
Kansallisarvot,1
Vähemmistösyrjinnän,1
Vuosineljännyksien,1
Maahantulleena,1
Yhtämielisenä,1
Takaisunkutsu,1
Tarkkailulta,1
Ripustautuisin,1
Olkinukkeilijoille,1
Utopisteille,1
Tyylilajiltaa,1
Trumpetinsoittaja,1
Ravintolaosasta,1
Lempiehdokkaalla,1
Kusiroiskeisiin,1
Statfin_rpk_pxt_11cr,1
Ihmisperseenreiän,1
Mökkeilybuumista,1
Neuvostoliitollekkin,1
Ammatilliseti,1
Psykoterapeuttihan,1
Kirjanpitokuluja,1
Elämäntasossani,1
Jab_holding_company,1
Vakkarijuoppo,1
Kortteliinkaan,1
Varmistuksest,1
Lohkok8htaisia,1
Dogei,1
Ihmisoikesloukkauksia,1
Tekotodennäköisyys,1
Älynvälähdys,1
Tunnelijyrsimen,1
N0dipj,1
Petterin_suosikkiunioni,1
Kuukauttta,1
Nz03bm,1
Tein_pienen_testin,1
Nysväyksellä,1
Kiitoslaulu,1
Teleasentajat,1
Suhthyvät,1
Ottelujärjestelyt,1
Kylkikyljen,1
Pienempituloisempikin,1
Sairastamisenkin,1
Oirevariaatioineen,1
Tienestipaineita,1
Kantavarissuolainen,1
Antennipistokkeeseen,1
Suihkuunkusijat,1
Vapaaherrailu,1
Islamilaistuivat,1
Tsetseenitasavallan,1
Dudajev,1
Taloukriisi,1
Köyhälä,1
Tilannekomediasarja,1
Feministiliberaalisuvakki,1
Taannollista,1
Lähtösuuntaan,1
Muhejideen,1
Kiinalaissukupolven,1
Puoluekantaakaan,1
Lätsytellä,1
Haamupuhelu,1
K_9rfnetlao,1
Hegitchs_2o,1
Tilittmään,1
Opisklujen,1
Stagnantteja,1
Akatemiatalon,1
5175e,1
Patonkisi,1
Fuksibileistä,1
Maastopyörissäni,1
Valloittajameiningillä,1
Karjalanpataa,1
Taloyhtiösaunassa,1
Olkiukkohahmoja,1
Nimkm,1
Kulttuurimieheltä,1
Keinojärvi,1
Metaanigeysiristä,1
Brulplurrulupup,1
Natsipuolettakaan,1
Tievarsipommeja,1
Datalouhintatyökalu,1
Vuodatukse,1
Rajapintamuutoksen,1
Yl995igcgeu,1
Helvetinvitunsaatanaa,1
Läpäistyjä,1
Odotettavassi,1
Iltauinnilta,1
Ammattilaisfutista,1
Futisfirmat,1
Merkkarikeitoksi,1
Makaronijauhelihasörsseliin,1
Pääkallomuhennokseen,1
Nauhaspagettia,1
Ihmisperseenreikä,1
Mvlrbjygxk4,1
Murhainfonssa,1
Lopputhreadin,1
Maisteritasollakin,1
Suomifutiksessa,1
Isänmaallisetkin,1
Lekottella,1
Kaljottella,1
Kelavapaan,1
Sigmaurosjauhatustila,1
Perunamuusikeittoa,1
Ytimineen,1
Ukoipka,1
Perunakokkareet,1
Savolaisrengin,1
Pippelinpidennyksiin,1
Kantsikokeilustaan,1
Sanotaanks,1
Olkiukkoonsa,1
Evakuointilentokoneissa,1
Rakentuneisiin,1
Ysärisomalikammosta,1
Standardiruokani,1
Suikalepataa,1
Aguylg,1
Qifi,1
Re9tp8vzkxg,1
9if,1
G0teqeq,1
4nqu1oh9s5s,1
Olak5uy_nh3q7jgla3p0y4k73uvtdvoyfw,1
Rifi,1
Rekilauluja,1
Zdeennxkvrq,1
K1wopbgouse,1
Pxheg0jn,1
Ir90rfa7tvy,1
Hdtm7endapa,1
Sfbbfbkuygk,1
Työllistymistoimien,1
Kotoutumispolulle,1
Kielitaidottimille,1
Sotateknologialla,1
Pankkilainankin,1
Lisävaikuutena,1
Alueellisetkin,1
Tshu,1
Tshuu,1
Futisapinat,1
Aggressive_mimicry,1
Ethernetyhteys,1
Päivittelevätkin,1
Juurisyineen,1
Turningbones,1
Käytettävyysarvioita,1
Ideaalitilannessa,1
Brändikuulokkeita,1
Halpiskuulokkeita,1
Brändikuorissa,1
Pelaajakuulokkeet,1
Gettoräppiä,1
Krbirbdhwru,1
Luxyceg_cdk,1
Fvm5fuyuqpg,1
Simpletonit,1
Pihallaoleviksi,1
Ramifikaatioita,1
Tulenvaihtoon,1
Vuoristoheimolaista,1
Ramonhan,1
Pelaamoilta,1
Osatekoja,1
Kokkiveitsistä,1
Keräilyveitsiä,1
Valokuiduksi,1
Miissäkin,1
Ulkoverkkokin,1
Kaapeliversiolla,1
Uutislinkkejäkin,1
Vain10k,1
Mokomaofficial,1
Xpvk0nhdq,1
Mokomavevo,1
Cymphxajosa,1
Ss6ta6srths,1
T2ienc_owcc,1
C6tzinqvvps,1
Gbrcqf1mktk,1
Ahamatti,1
Zz4hc3dgyxq,1
Stam1navevo,1
G10c53yp1uw,1
Waildchild,1
Tattistataateli,1
Wzigmfzoymw,1
Suomimusic,1
Herrahaunt,1
Arjahelen,1
Lempianalyysini,1
Talibankaan,1
Herttuakuntien,1
Kylänvanhemmille,1
Hankkiudutte,1
Bayerdynamikilta,1
Tartuntakäppyröitä,1
Rajoituksten,1
Tartuntakäppyröiden,1
Futisapinalta,1
Yleisötulot,1
Veikkausliigafutari,1
Verkotukset,1
Neofolkia,1
Työttömyysvakuutukseks,1
Lustickin,1
2fdobasicsearch,1
3dwhy,1
2bno,1
2bgreat,1
2bmiddle,1
2beastern,1
2bpowers,1
26acc,1
26wc,1
26fc,1
3doff,1
26group,1
3dcontrol,1
26refreqid,1
253ac1a00103b242f51f522490a0f937ab89,1
Ab_segments,1
2fbasic_search_gsv2,1
2fcontrol,1
Refreqid,1
3a33d7fd4fcc3da1ace2428e7dd83a30d3,1
Seniorisitsejä,1
Jyrkemmiltä,1
Sisätilavetoihin,1
Kaapelikusetuksessa,1
Kuitutalossa,1
Höpöttäneen,1
Sotilaseläkkeeseen,1
Nuoruudentyöskentelyistä,1
Sotilaseläke,1
Sotilaseläkkeestä,1
Märehtimen,1
Eläkeoppaasta,1
Aliongelmana,1
Sarvanne,1
Aktiivipakolaisilla,1
Saudiateistit,1
Pallonivelistä,1
43x,1
Saunarantaan,1
Nollapakolaisasenteesta,1
Puhelimenselailunopeuttasi,1
Kusaisun,1
Presidentinvaaliohjelmassa,1
Energiapolitiikkaosuudessa,1
Villeissäkään,1
Huseeraten,1
Melatoniista,1
H9b30vi,1
Nasujainen,1
3f5997e0,1
1e9a08dce507,1
Markkinayhteistyö,1
Crossipyöristä,1
Kissakaapelilla,1
Puhelinpareja,1
Rajapintapäivitykset,1
Muksunsakin,1
Peilatako,1
Mieliduunista,1
Z4tsxrheejw,1
Kebablastuihin,1
Stabilointiaineenakin,1
Polyfosfaatteihin,1
Kitkeriin,1
Trifosfaatteihin,1
Pössytttelee,1
Bargained,1
Demographics_of_afghanistan,1
Moraalidoktriinia,1
Lopulra,1
Verkkopaikka,1
Holjoojalta,1
Nestemassasta,1
Lorottakaa,1
Äärikonservatiivisempi,1
Amerikkalaistuisi,1
Äänentoistoltaan,1
Sennheisering,1
Matkakuulokkeina,1
Lähtösignaalin,1
Ohejlmassaan,1
Auttamisohjelma,1
Avustusjärjestelmään,1
Vaihtoehtobudjettiinsa,1
Salaliittotwisti,1
Tappotouhuille,1
Nukkunutta,1
Erikssonit,1
Ulospääsytien,1
Tällon,1
Tölkkilihalla,1
Keittoliha,1
Silakkafleitä,1
Tölkkilihasta,1
Kasviskuutiota,1
Korinteria,1
Chilipavuissa,1
Nötkötissä,1
Menisti,1
Nopeatuottoisia,1
Sijoitusasunnoillakin,1
Barbaarilaumaa,1
Öljyriippuvuudestaan,1
Karvaplösö,1
Niksinurkkaa,1
Syntymäsukuopuolellaan,1
Deadnamettamista,1
Nrklabh,1
Puhtaakis,1
Maistamia,1
Dd367e51,1
2b86,1
430c,1
C47ad2eec815,1
Mäkkärivuosinani,1
Duuunari,1
Autistoi,1
Sijoitusjuttuja,1
Kuuloetäsyydelle,1
Kryptokuplassa,1
Elokapinaisten,1
Liikekes,1
Rahapeliltä,1
Taitolajilta,1
Sinansä,1
Leikkikoulujen,1
Rahastosijoituksilla,1
Mopokastajaiset,1
H913bet,1
H9b4kyk,1
Ompofl,1
Meneekö_hössötys_jo_liian_pitkälle_suomalaisesta,1
H5mklmj,1
Twitterpaskan,1
Poteropolitikointiin,1
Capitamism,1
Paikkanakin,1
E5c4qmcnxkm,1
Peruuttaessakin,1
Bwodbmmiyaaehop,1
Warfarer,1
Purtenance,1
Aajoivat,1
Parantnut,1
Pikkuriiikkisen,1
6u72uyo,1
Kjin1eb,1
Skissejäkin,1
Musiikkilistan,1
Scifisyntikkamusiikkia,1
Firettäjät,1
Tulokohorttia,1
Kshkshh,1
Kokaiiniaddiktioon,1
Zzbvvybwdd4,1
Hoitokeskuksia,1
Heimouus,1
Jatkosodastakin,1
Peltilepare,1
Curating,1
4dnisnk4orwpyhtbpoteai,1
80fdad8a28f6441d,1
Elinailanamme,1
Miinuskarmalle,1
Hervanna,1
1wjikom,1
Pallikarvatuppoon,1
Seiskaluokkalaisille,1
Infratie,1
Kuormapyörillä,1
Infrateiltä,1
Jäähdytyksellisistä,1
Pikateiden,1
Pyöräpuistoja,1
Pyöränsäilytystä,1
Nykypyöräilyä,1
Talouskyljykset,1
Lihavoittosta,1
Selkänahkarahoja,1
Kaavista,1
Kannonkoskesta,1
37i9dqzf1dx8txpsvvyl0w,1
Jeoyrm_zqtieeoum7rxs_a,1
Elinvaroja,1
Siviilikielipoliisina,1
Välimerkkifiilinä,1
Littolaisia,1
Keloapinoiksi,1
P69hgc,1
H9bi1hi,1
Vuorotyölisineen,1
Lumivalkolaivat,1
Pilviennnn,1
Kotitwolisuudelta,1
Konservatiivimuslimeilta,1
Kehitysyhteistyönsä,1
Terveydenhoitosektoreilla,1
Avbryter,1
Utvecklingssamarbete,1
Keskustasuunnitelma,1
Kirjainjärjestykseltään,1
Koulukokemusten,1
Jarrukilvem,1
Kannattimwn,1
Ghettonen,1
Pääomatuloihinhan,1
Vastatuuöen,1
Talibaneillekin,1
Pyöräpuistojen,1
Kaupunkipyöräpisteet,1
Liikekeskittymästä,1
Tavarapyöriä,1
Yhteisösaunoja,1
Etusivukama,1
Kommenttikeon,1
Kusemissuunta,1
Ravintoladuunin,1
Päihdepuoleen,1
Kuseskelen,1
Makaroonimerkkelit,1
Yhteistyödiilin,1
Kusemishitauttani,1
Fictioniakin,1
Ydinsuojaksi,1
Pierutyynyjen,1
Afghanilaisilla,1
Hittijälkiruoka,1
Sovelleteen,1
Läskisoosina,1
Makkarakastikkeena,1
P5ekci,1
Us_agency_opens_formal_probe_into_tesla_autopilot,1
H95fpr9,1
Kumpuuaa,1
Kummutakseen,1
Värkevämpään,1
Menestysta,1
Sijoittumisena,1
Peruskiinalaisissa,1
Makaröönimössö,1
Makaronijauhelihasörsselin,1
Eksellin,1
Silmäprinttiä,1
Lasinalusissa,1
Polongnese,1
Koaksaalista,1
Lämmintiski,1
Maksaporkkanastroganoff,1
Lansimaalaisella,1
Uuslibreaalia,1
Virhesuihkautuksia,1
Nojatuoliyrittäjiä,1
Talousguruja,1
Taliballo,1
Kehityaapu,1
Antoakin,1
Spainin,1
Tobacolaisen,1
Tobacolla,1
Tobacolaista,1
Suojelvat,1
Nykyeurooppalaista,1
Plagiaattikohu,1
84ca1eb04ec0634bc3ed4ffba1edd1ea,1
Rahasotkun,1
Pärjäilisin,1
Muotibisneksessä,1
Vaihettavaa,1
Audiotechics,1
Se425,1
Lakimiehiensä,1
Muuttunut3,1
Korupuheitta,1
Lähetteleekin,1
Tyhmänähän,1
Avoinmielisempää,1
Lellimässä,1
Kuvauksest,1
Blurryt,1
Makaronivellit,1
Hellemaa,1
Kildall,1
Nasaspaceflight,1
E8g_zvqx0aqjcqn,1
Laukaisukeskuksella,1
Äärikonservatisti,1
Äärikonservatiksi,1
Kitinälevyt,1
Kuparirasvoja,1
Kokousvieraille,1
Rinkirunkkas,1
Plagiointiepaillyt,1
Kohukuosit,1
97hial,1
Peraukisuudesta,1
Syrjälääkärien,1
Kaupunkilaislääkärien,1
Koulusysteemiämme,1
Kantahelsingistä,1
Vahinkoplagiointeja,1
Eatmudandrejoice,1
Chaföörin,1
Juoppojunat,1
Buckeé,1
Hyövännyt,1
Omavaraisuusmyönteisiä,1
Puolestaki,1
Espoolaislukiossa,1
Johtamistaidottomia,1
Puoliaatelisen,1
Verohaarukkoihin,1
Galatasarayn,1
Aktürkoğlu,1
Brassipelaaja,1
Marcaolle,1
Neekeripuhetta,1
Maahanmuuttajaläppää,1
Aktürkoğluun,1
Röötätty,1
Tuunailtuina,1
Kaappaamaansa,1
Seuraajajoukkonsa,1
Paskakouluja,1
Uudellenohjattuna,1
Pidempikestoisesta,1
Kusisuihkujen,1
Ureatipat,1
Suihkukusijan,1
Teorisoit,1
Hajuset,1
Faffan,1
Ulosteenhajuinen,1
Läheisyyteeni,1
Vaimentuessa,1
Pyöritäessä,1
Unattendo,1
Toivemaailman,1
Teletappimaassa,1
Taloverkosta,1
Kurkimäestä,1
Fy19_harvard_financial_report,1
Räjähtelviä,1
Ihmisoikeuasiasta,1
Tnnistus,1
Laukaisudiileihin,1
Takaamisille,1
Vaakamuodossa,1
Eurooppalaisittainkaan,1
Etnitön,1
Etnittömiä,1
Raitikalla,1
Toogetti,1
Calviac,1
Etnialaiset,1
1s0rlbmna_ajk4artivkhnyw,1
Arvoituskilpaan,1
Maakuntaverossa,1
Tulontasausjärjestelmää,1
Kuntaverotuloista,1
Kesttäkin,1
Työturvallisuuskortit,1
Koututumissuunnitelman,1
Opetushenkilökuntaakaan,1
Toimintaterapeuttien,1
Toimeentulotukilaskelman,1
Talitantti,1
H9aievk,1
H9aceu5,1
H9bijju,1
H9bdfkh,1
Pestäkään,1
Nukkummaan,1
Herree,1
Oekeella,1
Anekaupoista,1
Yhteikuntaviholliset,1
Täysorjia,1
Säänilmiöt,1
Wäiskit,1
Iraqs,1
Haunts,1
Dismissals,1
Ryoqmk32xda,1
Nighthawks,1
Suihkukusemis,1
Normilämpöistä,1
Inttitintti,1
Liittymiskaistoilla,1
Vilkkaudesta,1
Liittymiskaistoista,1
Nelostiehän,1
Ohitustiehen,1
Karsittuihin,1
Silikonisauma,1
Pönttöönkään,1
Hieroglypheistä,1
Lisähallinto,1
Kansanverorahoista,1
Kiusaamisperinteitä,1
Verojärjestelysi,1
Stressaamaton,1
1npw4n6,1
Hepolan,1
Ruokatarkastaja,1
Aterialleen,1
Omakustannusmusiikkia,1
Shampanjasossujen,1
Minglailutilaisuuksien,1
Hyvänhuomenen,1
Kirpakoiden,1
Rottailukategoriaan,1
Maahanmuuutajien,1
Pakkointegroitiin,1
Generationaaliset,1
Jauhelihaperunavuoka,1
Jauhelihamuussivuoka,1
Perunapurjososekeittoa,1
Ympäristöagendaan,1
Täyteosuuksia,1
Tosinälkäisenä,1
Hyväreunaisen,1
Ikiväyrysen,1
Epäpyhyyteen,1
Gmi,1
Generalmills,1
26cda561,1
943a,1
102fcf5eb8c9,1
Näpertelyihin,1
Kakarallani,1
Makeispussista,1
Tasalaatuin,1
Sijoittajarahalla,1
Kilpakuristus,1
Yksittäisvalmistuskustannukset,1
Sississota,1
Kiitoskorteista,1
Pizzasota,1
Pizzareunan,1
Sisäänlukutaidoksi,1
Metaanipäästö,1
Soidenkin,1
Ennallistumaan,1
Lääkärivitsi,1
Sairaanhoitopiri,1
Suoritusporrasta,1
Puhekuplatkin,1
Parkkialueensa,1
Siivilöimän,1
Gondolihissejä,1
Teräsbetoniviritelmiin,1
Äänieristettynä,1
Chillausmusiikin,1
Etiketinmukainen,1
Teloitettavaks,1
Mxjwegsbhye,1
Rokottamattominakaan,1
Käsipurilainen,1
Täyteosuutta,1
Koentekstualisoi,1
Aluepolitikointikepuloinniksi,1
Nasusuunnistuksesta,1
Suolistettuina,1
Suomustettuina,1
P7ainls,1
Reunojammin,1
Nasujaisiin,1
Semivapaaehtoisesti,1
Kuivanylkyttää,1
Ykköst,1
Vastaavis,1
Koirkeintaan,1
Hiekkakankaalle,1
Vohvelimaisia,1
Sisäänottaa,1
Kyvykkyyshän,1
Kuulostane,1
Harrastustoverit,1
Kylämmiehet,1
Oksennusbläkyä,1
Kleiniä,1
Dippikulhoja,1
Budjettivastuussa,1
Työeläkekarttumia,1
Merkkaisko,1
Tietokonekeskuksessa,1
Nykyansiotasoon,1
Sotilaseläkkeistä,1
Virassahan,1
Virkastatus,1
Sotilaseläkkeissä,1
Sotilaseläkettä,1
Laakerikuvun,1
Pullopitsan,1
Linnonmaalta,1
Verkkoporttipaikkoja,1
Haarukoitakaan,1
Pizzapalloon,1
Gxokelqohc0,1
Äärikonservatiivisesti,1
Asemakaavaehdotuksen,1
Silloisine,1
Julkisivuihanteineen,1
Kaavasuunnittelukilpailu,1
Kaavaehdotuksesta,1
Monoliittikorttelia,1
Puistikoiden,1
Piazzetta,1
Kaavakilpailun,1
Poganŭ,1
Pāgānus,1
Oopperakohu,1
038eb6dd,1
42dd6d21dfc4,1
Kaukkana,1
Vauvaräjähtäjämeemittäjät,1
Käsittelykeskukseksi,1
Gröönlantia,1
Muinaisitäslaavin,1
Old_east_slavic,1
Oppimattomiin,1
Sivistymättömiin,1
Käännyttämättömiin,1
Protoindoeurooppalaisessa,1
Peh₂ǵos,1
Nykyrehtoreilla,1
Merituulia,1
Sarkoina,1
Vyöhykehakkuumalli,1
Abioottiset,1
Juurikäävät,1
Lehtipistiäiset,1
Mittariperhoset,1
Tuuliarkoja,1
Tuulituhonarkaa,1
Tuhonaiheuttaja,1
Kaistaleiden,1
Reunametsä,1
Saroista,1
Sarkoja,1
Kaistalemallissakin,1
Peunoita,1
Kuorituina,1
Perusruskeakastike,1
Kyljyskastikkeita,1
Keittojakin,1
Kalakeittoja,1
Lihaperunalaatikosta,1
Himorikos,1
Epäoikedenmukaista,1
Muumeuden,1
Mappas,1
Kiinteistönomistajaan,1
Paljasjalkasena,1
Scifeilyksi,1
P60yy8,1
_analyysi,1
_afganistanin,1
_tilanteesta,1
H9axef3,1
Indeksiosakerahastojakaan,1
Tietokonehoidetuissa,1
Yhdysvaltalaisosakkeisiin,1
Nordamerikan,1
Kaitsittuna,1
Fonder,1
Fonden,1
Pohjoisamerikkaosakerahasto,1
Rahes,1
_pam,1
Rahes_pam,1
Pienikuluisena,1
Osakerahastona,1
Hoitokulua,1
Ostoprovikkaa,1
Suurempikuluinen,1
Träkker,1
Källittää,1
Metsäkiinteistöjen,1
Hakkuukartta,1
Luonnonuskoihin,1
Eriuskoisista,1
Paganuksia,1
Pakanakansoiksi,1
Voileipääkään,1
Juustokastikkeesta,1
Kullikarvat,1
Tadzhikistanissa,1
2018_hawaii_false_missile_alert,1
Kaupunkimyönteiseksi,1
Sfxn_ech5rw,1
Versioiminen,1
Katselukantilta,1
Mihinkäänperustumatta,1
Liping,1
Laatuvuosien,1
Anglosaksiassa,1
Riippuviksi,1
Ruiskyrsää,1
Eläkepottisi,1
Tasajaetaan,1
Elinvuosillesi,1
Laskentalaitoksessa,1
Sätkyttelyä,1
Metsienkäyttöä,1
Metsäpalstoista,1
Muumikupla,1
Käyttäytymistähän,1
Vihreäkuulapullon,1
Heimotason,1
Akateemikkojakaan,1
Vaakamallia,1
Mielikuvamarkkinoilla,1
Level4,1
Pahasyi,1
Osallistumisasteesta,1
Millimetritasa,1
Rukkaillaan,1
Työelämäheittoon,1
Eläkevakuutussysteemi,1
Rbvexde,1
Erikoishyöty,1
Mieskoodareita,1
Vaamituksista,1
Kasvattamissa,1
Illiteraaleja,1
Kuminauhoineen,1
Kansitelineineen,1
Virkailijoillakin,1
Ilmastonmuutoskatastrofin,1
Takaisinmaksamaan,1
Jäätelötötteröstäkin,1
Henkilöstöjohtajiksi,1
Tulostettavuus,1
Odotetustikin,1
Eläkevuodetkaan,1
Kanditutkintoihin,1
Henkilostoresurssia,1
Kenttatyohon,1
Härmistyisi,1
Indtagram,1
Arkatietoista,1
Jätskikiskalle,1
Treffimaailmasta,1
Kansallisoopperalta,1
Limapaprikasienisipulijalapeeno,1
Purkkivihannesoksennus,1
Valtiontaloudellekin,1
Piilotyöpaikatkin,1
Sukkelaankin,1
Koeaikalaista,1
Työlaitoksia,1
Maakuntaverokin,1
Kouluttaisikin,1
Mukikasa,1
Pääruokaversio,1
Myrkytystietokeskuksessa,1
Kasvuksekusten,1
Puuseppäyrittäjän,1
Perssuoli,1
Pohalata,1
Pyöränlaakeria,1
Kalapäätä,1
Töttörönsä,1
Jätskipallon,1
Daisykutterin,1
Llin,1
Evoluutiopolullaan,1
Kokonaisveroastettakin,1
Maapohjissa,1
Korjuukustannus,1
Kuljetusmatkoja,1
Styroksivohvelia,1
Lehmäkaupan,1
Pidp446359216,1
Lääkärinliitto,1
Dr725,1
Kriisikeskukset,1
Ehkäisykeskukset,1
Pulaajan,1
Triggeroituminen,1
Reunakorpusta,1
Oletkinkin,1
Oikeusrundin,1
Hashd,1
Tariq_aziz,1
Aflaq,1
Rikabi,1
Sirpautunut,1
Vangittakoon,1
Partioimana,1
Vaaliperinne,1
Palkkasotureille,1
Haditha_massacre,1
Mahmudiya,1
Mahmudiyah_rape_and_killings,1
Kiinteistöveroasia,1
Suojelumetsäksi,1
Webbigurulle,1
Ooppeera,1
Ajohenkilöstö,1
Aihealueeseensa,1
Kysyttävälle,1
Käänynnäisiä,1
Oksastettu,1
Viinipuuta,1
Nasaretilaisuus,1
Farisealaisuudesta,1
Saddukealaisuus,1
Lohinigirin,1
Kaapelithan,1
Kaapelipistoke,1
Ylijänyttä,1
Seisomapissalla,1
Kakkurin,1
Selaajissa,1
Aihealueesi,1
Syventymiskohteisiin,1
Osasyömishirviön,1
Lounasannoksien,1
Papukaijahullu,1
Karkkipussitapauksessa,1
P6nor5,1
Marin_tavoitteemme_on_ett,1
A4_vuonna_2030_50,1
Demonneet,1
Kaksvitoseen,1
Tullessaankaan,1
Amknkin,1
Käyttökatkoina,1
Asuntolainapuolella,1
Aseleposopimuksenttalibanien,1
Mallikataloogista,1
Hyvinmeikatulta,1
Työllisyysluvuille,1
Inhokkiaineena,1
Byrokratiakultti,1
Lainelaudoista,1
Riippuliitimiin,1
Onewheeleihin,1
Edustusmenoa,1
Etovilta,1
Jonkinlaiine,1
C23x50xo,1
Kiitoskortti1,1
Jahtanu,1
Milliähän,1
Elementorilla,1
Huippuinnovatiivinen,1
Ammattikuvaajana,1
Suomenpersereikä,1
Perusmekanikkoa,1
Yrittäjyysvetoisen,1
Anhentuneen,1
Metsäyhtymälle,1
Rahastopalvelut,1
Rahotuksellahan,1
Jyrätäkkin,1
Uusimisprojektin,1
Uusimisprojektia,1
Hoitohenkilökunts,1
Sairasloita,1
Keskustapopulismi,1
Mobiilipankkiä,1
Päivittäisasiointiin,1
Styroksivohvelista,1
Hurjastellessasi,1
Pienrakentaminen,1
Tousanticovid,1
Yleisinsinööri,1
Hyödyntämäänkin,1
Disinformaatiospedet,1
Alakohtaisin,1
Veromaksajana,1
Iskelmähumppa,1
Työurakehitykselle,1
Avopotilaille,1
Tavoittelemattomillekin,1
Tukikeino,1
Sitkeäkuorista,1
Italiansalaatin,1
Noutopöydissä,1
Talukkoarvoa,1
Kauppahintatilastoihin,1
Metsähehtaarille,1
Nelilohkojärjestelmän,1
Pohjakasvustoon,1
Rehevöityessä,1
Naapuroivaan,1
Pohjakasvustossa,1
Oxelösundin,1
Rautasieni,1
Pilottilaitoksessa,1
Hiilivapaasta,1
Vientiartikkelia,1
Roskapostaukseesi,1
Ammttikoulutus,1
Iänmukaiselle,1
Olympiaurhelijoita,1
Oikemmin,1
Vesilinuilla,1
Elinkuukautensa,1
Omansukupuolistensa,1
Popparipussiin,1
Poppimetalli,1
Kudostuhoja,1
Maksimisuoritustasolle,1
Ihmetiedekeksintö,1
Reaalifaktojen,1
Päiväunelmoijien,1
Mallimarkkinoilla,1
Lisäverotusmahdollisuus,1
Formsilla,1
Huukki,1
Pussijuoksua,1
Peruspylväästä,1
Zakatin,1
_tertiary,1
Tusinakandeja,1
Tutkimuksellisempaan,1
Ydinjärjestelmäuudistustaan,1
Koloniaalisia,1
Siirosta,1
Hallintotasolle,1
Veronkantovastuulle,1
Tanith,1
Oopperaväki,1
Duunarinhommia,1
Pääkokille,1
Apukäsirobotti,1
Meemimäisestihän,1
Läpsäytetty,1
Sohvattomien,1
Leffaklassikko,1
Kirjainmuodossa,1
Tuhnuille,1
Politiikkokavereille,1
Jäsenuus,1
Asiakasbonarit,1
Rahatoissa,1
Webbipankkiin,1
Kännyappin,1
Kysytys,1
Tuplatunnistautumiset,1
Mobiilimaksusta,1
Sertfiointi,1
Sistusuunnittelijaksi,1
Interiordesignedu,1
Pyhäkouluvibat,1
Teollisuuskompleksissa,1
Autonmoottoreissa,1
Kevätkääryileisiin,1
C62b2ce0c86962b207993cdda6078516,1
9aa6ce2c192e7aff1bcd124607fe0b8b,1
Ylxrknk,1
Rannikkotykkipatteri,1
Latokartanona,1
Houdetaan,1
Redditystävä,1
Terästeollisuuksissa,1
Työkokemusvaatimuksia,1
Sähköpotkulautakortti,1
Sähköpotkulautakoulu,1
Taloustietosi,1
Humaanimpeja,1
Poppikanavilla,1
Kontittanut,1
Järjestelmäpuolelta,1
Pikkupankkia,1
Käyttöönottamasta,1
Implementaatioissa,1
Valtiontasausmalli,1
Tasausmalli,1
Applegate,1
Sarjaketjussa,1
Yhteyskuntamuutos,1
Oop82m,1
Its_the_same_picture,1
Eetisempiä,1
Bellonan,1
Kuumentamisprosessiin,1
Valokaarikuumennin,1
Rasvalöllöjä,1
Micon,1
Tällitki,1
Duopolialoilla,1
Äihin,1
Tanssinopettajia,1
Hiilineutraalisuustavoitteella,1
Raikukujalla,1
Pehmosempia,1
Kysyntäasunnoille,1
Jokasuostuu,1
Rautavaltaisille,1
Metalliseoksille,1
Valssaamalla,1
34inir6,1
Pilottitasolle,1
Apikassa,1
Otar,1
Kostotoimenpiteillä,1
4saft1zechk,1
Henkkarienkaan,1
Salassapitolappuja,1
Kaksionikaan,1
Tqcr1ny,1
Oksennuspornoa,1
Kuntatalouskin,1
Pakottaat,1
Hoitajavaistoni,1
16iht,1
Vaihtoehtionen,1
Ravintoliuoksilla,1
Molekyylivaahtoja,1
Modernistigastronomit,1
Ravintoliuokset,1
Ravintovaahto,1
Kuplaisen,1
Vaahtokuution,1
Gastronomialehtiin,1
Tilannyt,1
Paimenkirjeellä,1
2vaihe,1
Matokastike,1
Matokastiketta,1
Markkinala,1
Polakisee,1
Hidastut,1
Lissäänny,1
Aluepankin,1
Kesähessuduunit,1
Harjoittelijassistenttihommat,1
Yleisluontoistyylisissä,1
Koululaitoista,1
Räksä,1
Itsemurhaloukuissa,1
Minikotien,1
Lopettajaa,1
Mikroasunnon,1
Ulkotilaa,1
Kansalaisaukioiden,1
Kerrostalotonteille,1
Aukioihin,1
Teräsmarkkinasta,1
Laatanrakoon,1
Suihkutyypistä,1
Saippuakusi,1
Lääkesuunnittelija,1
Kaavoittajalla,1
Investointiedellytyksiä,1
Alueylilääkäri,1
Sisäharrastustoiminnan,1
Hallintakustannukset,1
Rakennuttajienkin,1
Akvaarioparvekkeiden,1
Koristepaneelien,1
Nykyrakentaminen,1
Keinomakeutuspaskalla,1
Jaffa_juicy_ananas_passion_can_033_sleek_dry,1
Sokeroimattomaksi,1
Räppimiehethän,1
Loppuunmyyvät,1
Korppuina,1
Poikkeuslupahässäkkä,1
Koodiviritelmiä,1
Sovelluskohteessa,1
Kerasiin,1
Proteeinilaskostusongelmia,1
Standardivempuloita,1
Somevaahtoamisen,1
Datainsinööreistä,1
Juoppokaveriaan,1
Juoppokaveria,1
Juoppoporukkansa,1
List_of_birds_displaying_homosexual_behavior,1
Paperinpuskijapomot,1
Järvinäköalasta,1
Siltämäki,1
Kvtessissähän,1
Mobiiliverkkopankista,1
Tukkupizzapohjareunat,1
Glukoositasoja,1
Faasipiiroksesta,1
Tekoälyhimmeleitten,1
Datascientistit,1
Koneoppimishimmeleistä,1
Tekoälyhimmeleillä,1
Öljymahdista,1
Direktiivipäivät,1
Töntekijä,1
Natsilinjalla,1
Frjtsqw,1
Kustannustehokkudesta,1
Kotikraanassa,1
Kuutiohintaa,1
Pyllypostia,1
Tietokonetyökalujen,1
Mopoonki,1
Toteuttamiseks,1
Tarjouspyynnöille,1
Tiedostotyyppinä,1
Tarjoustaulukkoon,1
Tarjouspyyntölistan,1
Ajotuntejaki,1
Yhteityö,1
Viivoittimet,1
Mulkkujaan,1
Renewable_energy_in_india,1
Mode_of_production,1
Konenäkösovellukselle,1
Psykoosilistaansa,1
Kokonaiskulutukseltaan,1
Ennakkopaperin,1
Solukalvoon,1
E9fadlyuyasxwqp,1
Betamuunnos,1
Pizzakasa,1
Taikinakuoressa,1
Rakennusmienten,1
Tiedemahti,1
Hutaistujen,1
Ylikoululainen,1
Keskityttiinkö,1
Harjoteltiinko,1
Vaihteellisella,1
Käsittelykokeesta,1
Dylanista,1
Mahtiasemassa,1
Harjoituskentälle,1
Juutalaissalaliittopropagandan,1
Kulkutautimyönteisyyspropagandan,1
Löytäää,1
Mikroasunto,1
Massakouluttaa,1
Tavarataloissaan,1
Artikkeleissani,1
Yhtenäistäville,1
Minikodista,1
Flakesin,1
Tulityötilan,1
Sisarustenkaan,1
Oletuksestahan,1
Nostovälineistä,1
Uudelleenkilvitystä,1
Säilytyskatoksen,1
Tarkastatettu,1
Tarkistettaan,1
Nostolaite,1
Hallituskokoonpanovaihtoehtoja,1
Teräslaadusta,1
Austensiitti,1
Vanadiinia,1
Niobiumia,1
Pelkistymisprosessin,1
Valurautana,1
Mellottamalla,1
Mellotusvaiheessa,1
Pelkistymisreaktiossa,1
Matalahiilistä,1
Teräksentuotanto,1
Vetypohjaista,1
Pelkistymisprosessia,1
Rotkasti,1
Kilohintapaikat,1
Kataboliaa,1
Kilohintapaikoilla,1
Keskenjäämiseen,1
Cocktailkutsuja,1
Pitemillä,1
Johtajuuskurssi,1
Osakaskokouksessa,1
Hallituksenpuheenjohtaja,1
Vähimmäisvaatimustason,1
Rakennusliikeen,1
Ilmatilaslottinsa,1
Ilmaristeilyjä,1
Sairauspotentiaali,1
Tulosidonnaisen,1
Omistikaan,1
Laumakurin,1
Perusopintojakso,1
Tarjoajani,1
Norwegianissa,1
Psykoosikalluja,1
Jalostusvaiheesta,1
Metsäkatooon,1
Hiilidioksiidina,1
Rautamateriaalin,1
Vetyautojaan,1
Metallittomassa,1
Vetypolttomoottorin,1
Vuokrakotien,1
Nilviäistä,1
Scharifissa,1
Evakuointiohjelmaa,1
Teknologiailliteraatit,1
Nettiosotetta,1
Paavghanistan,1
Ahvenpätkä,1
Iniseekö,1
Uusiutuvienki,1
Jättilaitoksensa,1
Lähdelampi,1
Ämpäripäitten,1
Kaminoihin,1
Kaakaoboksissa,1
Ecmweb,1
Neca,1
Printtaaminenkin,1
Nkgghdl3nyq,1
Korkeakoululoppututkinnon,1
Pankkikuviot,1
Arkiostoksia,1
Possuherkut,1
Forshire,1
Lähialueistaan,1
Supermarioksi,1
Nahkiaisissa,1
Rouhempaakin,1
Geometriatangenttiin,1
Krabul,1
Keltanokkapäivä,1
Urheilusalissa,1
Pseudoyrittäjiksi,1
Konsulttihommilla,1
Autoverhoiluliikkeessä,1
Yllyttä,1
Työllänsäkin,1
Pelimekaanikoitakin,1
Afgalla,1
Viinanjuontibileet,1
Dildobingolla,1
Juomakilpailuilla,1
Budjettivaihtoehtona,1
Häiriövapaat,1
Ohjelmoiduista,1
Rekrytoimiston,1
Epifanio,1
Avanuen,1
Äärioikeistomeininki,1
Vikapaikaksi,1
Kardaania,1
Pakkosopeutetaan,1
Nettinasut,1
Puulattioineen,1
Ikkunapenkkeineen,1
Mediatutkintojakin,1
Fossiilinpalasia,1
Yliherrojensa,1
Fuckzonen,1
Geopyörä,1
Moottoripelin,1
Ajosuoritteena,1
Autoiluikää,1
Youtubehakuun,1
Klavikordissa,1
Koskettimiin,1
Clavis,1
Reunasäkin,1
Poppimetalliahan,1
Ironesti,1
Plol,1
Webbipankit,1
Maailmanhalaajistakin,1
Taliturtti,1
Tutkimusyritysten,1
Tekoälytekniikkaa,1
Nimeäjiä,1
Turistienko,1
Vieraskielisesti,1
Hakuoptimoinnin,1
Nasukiima,1
Tuutorioppilaiden,1
Nasujuhlista,1
Kolmasluokkalaisiakin,1
Mielenterveysongelmaisetkin,1
Koulutusmarkkinoilta,1
Geoparkissa,1
Sähköläskivideossa,1
Tekoälymahtina,1
Munitioneja,1
Hamu,1
Koulutusmäärätkin,1
Euntdomus,1
Verivihollisten,1
Turhakereunoja,1
Epäilykampanjat,1
Työpositio,1
Tuotankoteknologioita,1
Peruskorpossa,1
Tit_,1
Kiintiöopiskelijaksi,1
Trademarkeja,1
Trademarkien,1
Eestinelintarvikkeet,1
Marginaalitapauksille,1
Rässimis,1
Reaktioyhtälöiden,1
Rautamineraali,1
Varastointiaineena,1
Infrastruktuurimuutoksen,1
Hiilivetypolttoaineiden,1
Sähköenergialle,1
Mangaanihydridinä,1
Pelkistysmenetelmä,1
Hiilidioksiditilanne,1
Hiilidioksidilähteitä,1
Pitsareunat,1
Ohjeviivoja,1
Vuokratulotkaan,1
Kelvänsaaressa,1
Toisinkuinb,1
Masennusseppo,1
Nasusuunnistus,1
Centuriota,1
Piirianalyysi,1
Fysiikatkin,1
Opetusjärjestyksen,1
Trademarkkeihin,1
Suuryrirykset,1
Nimisuojilla,1
Wmbfnews,1
Syyskyyn,1
Vittukotiin,1
Vitunviinoja,1
Nakopiirissa,1
Megawattimäärästä,1
Fourthworldproblems,1
Varettamisesta,1
Tägänneitä,1
Jäivätköhän,1
20000fim,1
Merkit12,1
Punavihertulkku,1
Tilaipäinen,1
Perusporukka,1
Ohjelmointikehittäjänä,1
Ratkottuessa,1
Datajärveen,1
Datajärvestä,1
Datajärven,1
Laskentaklustereihin,1
Mikropalveluihin,1
Turhatiaiseen,1
Vastaamokeissin,1
Sometrendiksi,1
Huorauspaineen,1
Paskavarpaitten,1
Kurssituksena,1
Foliohattuj,1
Educationiin,1
Ammattikentät,1
Kihtyvään,1
Kurssittamisella,1
Hypotetisointiani,1
Autotehdaskaupungeissa,1
Destabilisoitumiseen,1
Vaihtavina,1
Epäonnistumisenkin,1
Tuhauksillakin,1
Lääketiesettä,1
Rusennustaitojen,1
Regurgitaatiota,1
Mikroinkrementtejä,1
Substanssitaitoihin,1
Keksinnöy,1
Huipputyöllisyys,1
11_fi,1
Illallisbuffetissa,1
Mediaanisyöjä,1
Toimeentuloturvalla,1
Köyhyyskulttuurista,1
Zutbugbcekvkzdje7,1
Tiliottehistoriaa,1
Kuusisessa,1
Käyttäytymisstrategioita,1
Serotoniiniamme,1
Suunnitteluperuste,1
Johtamiaan,1
Dubbelhaus,1
Tuulivoimaloitten,1
Riisipussista,1
Mitakaavankin,1
Ylikohtajien,1
Mielenterveysvaikuttajien,1
Someteesinä,1
Puhallustestiin,1
Kalvosettejä,1
Iraninvastaiselle,1
Aliēnī,1
Peregrīnus,1
Partypaikkaa,1
Gorebändin,1
Insinöörihenkinen,1
Fysiikkaahan,1
Tuottavuustappiona,1
Naisväestöön,1
Tasapainottamistakin,1
Mulkuus,1
Vastusteltaisiin,1
Hampuriaisketjut,1
Työoloisa,1
Työttömyydessa,1
Minimipalkkakorjaus,1
Luontoäänenä,1
Peruspalkansaajiin,1
Muokkaisimme,1
Tiihonenhan,1
Varoill,1
Pantas,1
Työllisyysatetta,1
Olkiukkomaiselle,1
Johtajakäsitykselle,1
Ravintoloillakin,1
Alallekkin,1
Turkkilaispitseriat,1
Kasvavata,1
Reikäkorttilävistäjät,1
Työtönyydessä,1
Vaellusrinkat,1
Moraalitunto,1
Wänkkäämiseltä,1
Liukuhihnaroskan,1
Mansikanpomijoita,1
Sesonkikohtaista,1
Ydinhävittäjä,1
Sijoituskämppätrendi,1
Vuokralaiskysyntää,1
Lainoituspolitiikka,1
Vakavaraisuussäännöt,1
Huippusijainneista,1
Kapitalisoituneelle,1
Sijoitusasuntotarjonta,1
Liikuntatieteellisestä,1
Maataloustieteellinen,1
E76e878b,1
37545d8048b3,1
Sesonkivaihtelusta,1
Flunsakauden,1
Sisäsiistimpiin,1
Voittopuoleisemmin,1
Kiinteistösijoitusyritysten,1
Vuokrakasarmialueella,1
Pikkukoulusta,1
Monsteripizzat,1
Popeista,1
Perussanakirjassa,1
Imaginäärilukujen,1
Virheanalyysejä,1
Matematiikkakatastrofi,1
Rääppivät,1
Opiskelijamateriaaliongelmaan,1
Sigmajuttu,1
Ärulkonaluupista,1
Humanoidirobotteja,1
Hiirennapsuttelijoita,1
Peruspalkansaajat,1
Pumpttavaa,1
Kommarikakkulat,1
Convair_nb,1
Luotonsaantikykyä,1
Stressinlähteenä,1
Siirtaää,1
Toimittajaloukulla,1
Ramppaatte,1
Eväsleipään,1
Syrjäytyneemmän,1
1eigb48rp0123,1
1902e,1
Naurettuja,1
Hiirennapsuttelija,1
Kankirauta,1
Vasemistolaisemmin,1
Polttoainesynteesiä,1
Kotisalista,1
Mukaistumaan,1
Hierarkiapyramidin,1
Sigmasääntöjä,1
Poliittisuudet,1
Vähimmäistuntipalkka,1
Vernakulaariini,1
Franschising,1
Kalustoinvestoinnista,1
Lisenssinmyöntäjä,1
Työajoillakaan,1
Hakukonettaminen,1
Tuutausarii,1
Foorumillahan,1
Sosialiseeraamassa,1
Kampanjamaisesti,1
Naljailevana,1
Puolisystemaattisesti,1
Autonkotterolla,1
Stemiin,1
Avustaneiden,1
Avustaneitahan,1
Jalkapalloharrastukseen,1
Tuulihillit,1
Selviytymiskilpailu,1
Maahantulobyrokratian,1
Pääsykokeettakaisin,1
Syrjäytymisesi,1
Suuryrityksesi,1
Ulotuu,1
Aivoratojen,1
Henkilösuhteilla,1
Jättiorganisaatio,1
Kusipääpomolta,1
Puutyöhuone,1
Reputettuasi,1
Nerouttani,1
Yub,1
P6l59h,1
Sigma_male_grindset,1
Annokseesi,1
Yömmälläkin,1
Muutosvaihtoehto,1
Tiihostakin,1
Muutosvaihtoehdosta,1
Työvoimapulastakaan,1
Yrittäjänvastuu,1
Attributoitu,1
Humanistiaineeksi,1
Ihmistieteeksi,1
Kiintipakolaiset,1
Yliveroituksella,1
Lounasvuoroja,1
Suolakristallinoitumisilla,1
Keksimisillä,1
Kokonaistilaukseen,1
Niputatko,1
Projektirajaus,1
Suolakristallit,1
Tiiholaisten,1
Purrallekin,1
Verenperimään,1
Makaajina,1
Ballitki,1
Kyykytyslafkoja,1
Ufoiluksi,1
Ohjautumattomat,1
Pröööö,1
Pikkuköyhän,1
Prööööö,1
Peruspuheelle,1
Fyysikkoakaan,1
Ihmistieteilijäkin,1
Tunnistettavempiin,1
Kriiseilevää,1
Aikuispopulaa,1
Terveysapua,1
Tanssipedagogiikkaa,1
Johtajaongelma,1
Harjoittelunkin,1
Sivummallekkin,1
Ajosuoritteetkin,1
Legitimoituvat,1
Seheidän,1
Elinkeinopakolaisten,1
Hideki,1
Konferenssipapereita,1
Mielipideartikkeleista,1
Porvarislehti,1
Jakomielitautisen,1
Terpconnect,1
Pnc,1
Mead2020_article_povertyandculture,1
Kausalisuhdetta,1
Savolainenhan,1
Huippujulkaisuissa,1
Rahastoissakaan,1
Melkomoisena,1
Rakennusneuvoksen,1
Naavapallin,1
Tiedusteluroboteiksi,1
Majoneesiteollisuus,1
Joltakuilta,1
Tekstaripalstalta,1
Alihinnoitelu,1
Markkinointikonsultille,1
Postdigital,1
Asuntoneliöissä,1
Tarveharkintasi,1
Tunnuslukuliuskoille,1
Verkkopankkisovellustakaan,1
Kaksoisrokotteella,1
Koronasuomen,1
Ballien,1
Kommuuniwc,1
Häseltäjiä,1
Tf4dml7fiwk,1
Keittiötyöstä,1
Mikroannosteluna,1
Hyperhydration,1
Overhydration,1
Toxemia,1
Poisheittämiseen,1
Osakehaltijoiden,1
Pseudotietelijät,1
Tuplaresurssit,1
Paikallispankkeihin,1
Tiliasiakkaana,1
Keksimäärinen,1
Edgella,1
Päätteitäkin,1
Kykyisiin,1
Valvontahimmeleitä,1
Teollisuusvehkeitä,1
Salipuolella,1
Tuplapäivä,1
Sunnuntailiksan,1
Rahaherrathan,1
Twr39q9vbgo,1
Näennäistieteenä,1
Alipalkkauksessa,1
Riitaprosessit,1
Rikosprosessille,1
Sulkeistaa,1
Laboratorioasetelmiin,1
Positioihimme,1
Loorditkin,1
Tiedonfilosofisena,1
Positioomme,1
Johtavuusvaje,1
Desentralisoitunakin,1
Itseohjautujat,1
0sj9qlda2x1uiphi0phnnu,1
Odescontqxi7hdyh7kpz1g,1
Bokseiksi,1
Hektisintä,1
Tilaustenkäsittelijä,1
Perhostakin,1
Aukkojakin,1
Johtoparadoksi,1
Lainanneeti,1
Teoriaoita,1
Snägärimahdollisuutta,1
Lisäpakolainen,1
Duunilleen,1
Asiantuntijatöissö,1
Tuulilasikamerasta,1
Hätäjarrutuksellani,1
Pistemittari,1
Paskaravintoloita,1
Kausaaliasetelmat,1
Kiintiöläiset,1
Nippelitiedoiksi,1
Eddington,1
Chandrasekharin,1
A4ittely_chandrasekharin_kanssa_mustien_aukkojen_olemassaolosta,1
Materiaalitiedeinsinööriä,1
Dan_shechtman,1
Work_on_quasicrystals,1
Hesburgerin_salmela_tylyna_yhteiskuntasopimuksesta_sosiaaliturva_on_vienyt_suomalaisten_tyohalut,1
Heikki_salmela_torjuu_pam,1
Aktiivin_kritiikin_tyotunneista_tyontekijat_erittain_tyytyvaisia,1
Kiitos_heikki_salmela_meni_hese_boikottiin_talta_istumalta,1
78e86d8b,1
777b,1
Bc1493250c36,1
Arvostaakkaan,1
Kauppalistageeni,1
Hyhmäset,1
Trixar,1
Ekohistorialla,1
Minkälaiseten,1
Perusverkkoon,1
Tyylikkäästisisustettu,1
Holmanin,1
Perseenkuvan,1
Testitekstienkin,1
Timantintarkan,1
Tfz2zwbbu2urmvh6ieqrbdbxam,1
Näppäryydeltäsi,1
Ampumatilanteisiin,1
Yökerhokokeilu,1
Jälkikäteistestauksesta,1
Sisustusjutuista,1
Enrico_fermi,1
27s_interaction,1
History_of_initial_rejection_and_later_publication,1
Feynmania,1
Wtmuj,1
Redustointia,1
Kuluttamisita,1
Palmuöljytapauksissa,1
Indeksitapauksen,1
Epäintuitiivisempia,1
_pääosi_,1
Tuollaste,1
Testitekstien,1
Devipuolella,1
Ympyrämuodossa,1
Kvattimekaniikka,1
Päivittäistapausta,1
Kiintiöpakolaiseksi,1
Liittymällinen,1
Väestöpeitto,1
Keskivertolämpötila,1
Msimbazin,1
Lipeakalan,1
Pyhätyöstä,1
Raintola,1
Urapituus,1
Bugorski,1
Anatoli_bugorski,1
Vetymyrkytyksen,1
Hepokönkään,1
Pehmeetkin,1
Jälkitestissä,1
Yökerhömyönteinen,1
Ahtaantiivissä,1
Yökerhojuhlinnassa,1
Oireetontakaan,1
Kokonaisinflaatiohan,1
Vuokraanhan,1
Ylivieskalaiskauppiaan,1
Alitutkittua,1
Sosiaaliliberaaliudessa,1
Ruiskuitupohjalla,1
Lautastakaan,1
Alennustoiminto,1
Alennushinnoille,1
Natsitestamentin,1
Kaksoisveljet,1
Ympyrämuotoiset,1
Kämppäkateutta,1
Auringonpimennyksessä,1
Eddington_experiment,1
Auktoriteetiltään,1
Kangasesineistöä,1
Puikulapoika,1
Himlerismin,1
Uskonnontiede,1
Antropoligia,1
Yteiskuntatieteet,1
Upottaisivatko,1
Hyökkäyslaivastona,1
Perässähiihtäjillä,1
Toistettavuusongelman,1
Maailmanparannushommat,1
Kronecker,1
Kolmegeen,1
Laboratorioitakin,1
Tutkimusmetodeilla,1
Oxylla,1
Pyykenlääkeikkeiden,1
Jälkiuunipalaset,1
Hullutuksena,1
Kulttuurinihmisille,1
Bernardoa,1
Reseptiratkaisua,1
Illyrianssia,1
Vegaanidonitseja,1
Sukupuolentukimuksen,1
Juhlittuna,1
Meitner,1
Insinöörisihmisillä,1
Nollalinjapuheeseen,1
Työtutuilta,1
Perhevetoisissa,1
Laadustani,1
Alantekijöiden,1
Tunnteja,1
Paperinpyörittelijöihin,1
Transasiassakaan,1
Transvastaisuudelle,1
Transliikkeellä,1
Pomodorossa,1
Lapioonnojailijoita,1
Toimistoversioita,1
Lapioonnojaajat,1
Kesätytölle,1
Borgista,1
Roskadokumentteja,1
Mainosrahoitteisestikin,1
Materiaalikuluihin,1
Markkioida,1
Salaliittosivustolta,1
Kruegerille,1
Vegaanidonitsi,1
Kulkutautipositiivinen,1
Mainoslehdestään,1
Roketevastaista,1
Vegaanidonitsit,1
Revenke,1
Paradigmaattisia,1
Kysyinks,1
Konkretiatonta,1
Nollaretoriikkaa,1
Konretiaa,1
Olkiukkoargumentilta,1
_eikä_,1
Geograafiset,1
Lööppijuttujen,1
Hominemiako,1
Skouttaama,1
Verifioimaa,1
Lähtömaas,1
Mallisilli,1
Uutisointimeiningit,1
Vuokraisännätkin,1
Rivikokkina,1
Lohkoperseilyn,1
Väittämsi,1
Tukkuhommissa,1
Atomic_bombings_of_hiroshima_and_nagasaki,1
Syrjäyttäjiä,1
Jälkiuuniruisneppari,1
Lääkeannosteluteknologia,1
Lääkekehitysyritys,1
Silikapohjaista,1
Lääkeannosteluteknologiaa,1
Silmälääkkeiden,1
Delsitechillä,1
Delsitechille,1
Etappimaksuja,1
Leikaaminen,1
Opintopaikkaani,1
Unelmaduunifantasia,1
Maisteripaprut,1
Halpavuokrafirmoista,1
Eurorentistä,1
Harrastelijasettiä,1
Sosiaaliliberaaliuden,1
Rakentuvissa,1
X33qjorl6gfqebi4lgl5bqzeywo0dsyrcgr06n2zmea,1
8bea4b3d1c066d8b7e79e8928cffb5c65c2334d6,1
Kolaroitunut,1
Ajotila,1
Yttivät,1
Kasvuhalukkuudesta,1
Mid_century,1
Humanistihömpästä,1
Raakatimanttialueelle,1
Ohjeemme,1
Rapsuttais,1
Ympäristösosiologia,1
Jälkitiedolla,1
Josephson,1
Brian_josephson,1
Bdj10,1
Yhtenäisteoriasta,1
Koronarealistien,1
Taajuisella,1
Journalehin,1
Uskottavimpiin,1
Kristallisuolanoidat,1
Homonationalistisista,1
Edgelä,1
Aikahaarukkakin,1
Olkiukkoargumentoinnilta,1
Tämästä,1
Firmojenjohto,1
Nettitrolleillehan,1
Vuokrausehdoista,1
Iltapuluviihdettä,1
Itsetuhonapilla,1
Edgelordausta,1
Mina_irlistä,1
Alkusekamelskan,1
Asennoitunutkaan,1
Megarajoittavaa,1
Tuskatappelua,1
Jästipäisyyttään,1
Kirsikanpoimituilla,1
Palkkaavasta,1
Tyylikäshän,1
Promotempauksesta,1
Uutisvyöryn,1
Iltapäivälehdistynyt,1
Mielipidevaikutusartikkeleja,1
Tiedotuslaitokseksi,1
Bluelevä,1
Luonnonpilaamisen,1
Lunnontieteissä,1
Epistemologialla,1
Filosofispainotteisia,1
Keinopölytystyöhönsä,1
Närkästyneempi,1
Puuilossakaan,1
Travelman,1
Ravitsemustiedeosastolle,1
Eristysvaatimuksista,1
Hankkinat,1
Influessapotilaita,1
Nykypostin,1
Eläkejärestelmän,1
Herätyssoitto,1
Sukupuolipseudotieteen,1
Riistakameroista,1
Urheilupaikassa,1
Vikisetkö,1
Toistettavuusongelmaiselle,1
Donitsipaketin,1
Messevyys,1
Tuotantosentrisesti,1
Synergeettisiä,1
Pitkäaikaissairaiksi,1
Hassuheinään,1
Potkupallokisoissakaan,1
Injektioksi,1
Oleskelupakone,1
Virittäydytään,1
Voittovireeseen,1
Dekopesuun,1
Kaikenkarvaisista,1
Uloimmalle,1
Uloslähdössä,1
Pmc4915619,1
Ideologiaongelmia,1
Kaarisaari,1
Aatetausta,1
Ylilaskutettua,1
Lisäleikattava,1
Jätteenpolttolaitoksiin,1
Metsähakkuuaukeiden,1
Enrgian,1
Chipsetistä,1
Valtionavulta,1
Markkinoiduille,1
Somevaikuttajita,1
Stressijärjestelmien,1
Suoljettu,1
Säiltystilaa,1
Rz67,1
Viherkatetut,1
Kattoratkaisut,1
Matkustajahenkilöoletettu,1
Palloilujoukkuetta,1
Kulttuuriharrastus,1
Resurssivääryyksiä,1
Laatuohjelmien,1
Fyysikkojakin,1
Natsimielisempi,1
Näkyvyyteensä,1
Automaattisis,1
Päivityksis,1
Päivittyyhän,1
Vista1991,1
Oyyojy,1
50_years_later,1
P7cmin,1
B6_ihmiset_viel,1
A4_koronavilkkua_miksi,1
H9iwrs0,1
Satiiriyritys,1
Tyhjäpääöyhötyskommentti,1
Somenistien,1
Altistuskaranteenini,1
Ruispuikuloiden,1
Kermajuustojen,1
Ennakkokatselu,1
Somevaikuttajamarkkinoinnin,1
Välipitämättömällä,1
Todistestandardille,1
Huomiobisnestä,1
Myrskyisenä,1
Höperöintinä,1
Kiinittelen,1
Kannattjat,1
Natsihuuhaan,1
Juutalisvainohuuhaan,1
Sivuovien,1
Vuokrapakuissa,1
Halpavuokraamoihin,1
Dogmaatikon,1
Pressitapauksia,1
Humpuukisarjoilleen,1
Facbookille,1
Blutarin,1
Visiiiri,1
Somenisteistä,1
Väärihin,1
Käsihin,1
Hiidellä,1
Makarooooooonilaatikko,1
Humpuukisarja,1
Humpuukisarjat,1
Porttisarjoina,1
Humpuukisarjojen,1
Normaalikäytänne,1
Suhteellisentajua,1
761e1943ffade4ea652f328bc1677a10,1
Tumblr_pg1ky2dgcs1x6m6njo1_500,1
Raidoituksella,1
Kuminapalat,1
Jäätelömyyjälle,1
Itsevalaisevia,1
Lastensuojelumuksuja,1
Vahvuuskriteerit,1
Rajoittaakkaan,1
Mujavammin,1
Rakennusuudistusta,1
Jauhonparannusaineet,1
Annostelukauhaa,1
Sn7,1
Nelimillisellä,1
Enimmäistappiorajaksi,1
Kaljaveikot,1
Heitetymmät,1
Todellanakaan,1
Pseudotiedettää,1
Kauppaduuni,1
Yölisälle,1
Raflapuolella,1
Perusduunarialoilla,1
Sunnuntaikorvauksien,1
Kurjistivat,1
Ylityöllistetyimmiksi,1
Ratkaisutyökalupakin,1
Laveimmassa,1
Siirappipaskaa,1
Tarjouskamppanjat,1
Energiaselvitykseen,1
Rakennustyypeissä,1
Lämpötilalaskelmat,1
Ilmanvuotolukua,1
Instagramiensa,1
Pöyristyis,1
Ruisviipaleet,1
Mastojenpäivityskamppanjan,1
Tietojenkäpistelytekniikka,1
Röhnötyssohvan,1
Paikkamaalata,1
Ihkaomaan,1
Johtokourujen,1
Tuotepaketteihin,1
Tekotieteellisestä,1
Poltiittiset,1
Haperoitakaan,1
Järkeänne,1
Tutkimius,1
Luonnontiedeprofessorien,1
Solidaarisuudenosoituksia,1
Kanavissakin,1
Ohjeistusasiaan,1
Teakkia,1
Tahraantua,1
Haisuhapero,1
Koskenlaskijajuustoa,1
Syötämäksi,1
Impulissikontrollin,1
Perustelukohta,1
Huipputuloisista,1
Report_artfinal,1
Röyhkeyttään,1
Tessistäni,1
Rakennuttavillakin,1
Komppauksena,1
Pihakantta,1
Liikapelaamista,1
Ashikaga,1
Yoshimitsusta,1
Hadrianukseen,1
Turbokiertoliittymä,1
_89,1
Spekulaatiokuplasta,1
Opioidifobia,1
Sfääreissäään,1
Jotkusät,1
Jälkiuunisiivut,1
Kiintiöpakolaispaikan,1
Turpeisiin,1
Vogoneille,1
Ulkoisestihan,1
Vauriokorjaus,1
Kolhukorvauksen,1
Lisätuottona,1
Työmarkkinahäirikkönä,1
Maustuva,1
Burgeritehdas,1
Toteutettuminen,1
Statuskilpailuksi,1
Arvostamissa,1
Tutkimussuuntauksineen,1
Kulttuurisotineen,1
Höyryätte,1
Messevästä,1
Gbg,1
Msgpqoa,1
Lähifirmasta,1
Beckhamille,1
Mielettomyyden,1
Cybertruckeihinkin,1
Josephsonin,1
Magnetometrian,1
Prapsykologihörhö,1
Vaihdekeppo,1
Ajotaitoni,1
_isolated,1
Rigor_,1
Ruispaloihini,1
Yötyöntekijää,1
Vasemmistodystopioissa,1
Lahjomisestahan,1
Markkinointiväyliä,1
Tekstuuriltaa,1
Maksarilla,1
Subredittistä,1
Älyisyyteni,1
Katsastusasiasta,1
Pbixtrb,1
Ymw,1
Perusmuuttujia,1
Periintyvyyttä,1
Abs_mobility_slides,1
Kalov,1
Replikoitavuus,1
Demohan,1
Speciesin,1
Viiiteen,1
Viaplaytkin,1
Pehmoalojen,1
Ba52f47e,1
Abdd,1
81899146084b3,1
Mainostettavalla,1
Yksineläjänäkin,1
Paskadokkareillaan,1
Lapioiko,1
Tauchi,1
Siirappileipää,1
Satulanhaistelijoita,1
Ruthia,1
Lahjakoreilla,1
Autonvuokrausfirmat,1
Ilmoituspalstoilla,1
Tohlopista,1
Ääniohjauksessa,1
Komennotkaan,1
Miljoonavene,1
Keskiväen,1
Enimmäistappiorajat,1
Geronimolle,1
Työttömyyyskorvauksiin,1
Väistitpä,1
Olkiakohauttelevaksi,1
Replikoitavuuden,1
Koronarokotetutkimuksista,1
Postaskaa,1
Tutkimusstandardeja,1
Standard_fig1_327007203,1
Julkkistaiteilija,1
2ea4,1
8f2d,1
A1fd1458566f,1
C5214b62,1
99b4,1
B7b5,1
289476c68d28,1
Perusrumbaan,1
Tuulimyllytaistelun,1
Osoittaminenhan,1
Karsastetuiksi,1
Riittyisi,1
Johtoryhmäkin,1
Napsijoille,1
Viinakramppien,1
Krapulahätäpaskalla,1
Kaljakioski,1
Rappiotenuttaneita,1
Heseaikoina,1
Burgeriateriaa,1
Toimintakatteesta,1
Täytekokonaisuuden,1
Replikaatiotutkimuksissa,1
Redditnimen,1
Doppelgangeriä,1
__väärällä__,1
Raidoitukset,1
Pelihimoissaan,1
Eleohjaus,1
Pjqbivkm0ms,1
Marcdenis,1
Aikajännettäkin,1
Vuosikatoksi,1
Ihmisluonnonvastaista,1
Rafiqullah,1
Viittomakiestä,1
Banaanipaloja,1
Rukiihin,1
Arviohin,1
Känttyinäkin,1
Puttanescaan,1
Paistonjälkeisiä,1
Vehnäleipiin,1
Dippaamisella,1
Kremeqdgoyw,1
Sopivissä,1
Suivut,1
Kampamjat,1
_juutalaisluovutukset,1
Opetuskontrollia,1
Tarjoilijatöihin,1
Nojallasitova,1
Työnantajaja,1
Ontyöntekijälle,1
Kohtuullinenpalkka,1
Juoruillessakaan,1
Ihmistasoista,1
Loskaajalla,1
Kumarrellakseen,1
Yhdenvertaisuusperiaatteet,1
Älylaseissa,1
Älylaseille,1
Lopetuspiikkien,1
Perehdytystaitojani,1
Suureelta,1
Autotoimijalta,1
Ajokilometrirajoituksia,1
Halpisfirmoihin,1
Palkkariita,1
3851de9c,1
1fb1,1
5796e3a9c630,1
Fredrikki,1
Massatuotantoprosessia,1
Taikinapalloa,1
Rapeapintaisia,1
Akunkulutukseen,1
Etolaisia,1
Historiallisemmista,1
Markkinointikonseptien,1
Nettialustoja,1
Satakuntalaisiakin,1
Syrjintätarkoitusta,1
Skeptisyystankissa,1
Halulaa,1
Naistenasioista,1
Piilonarsismi,1
Rakastaviksi,1
Vähemmämn,1
Bonnuksia,1
Pelastausiko,1
Ratkasekaan,1
Oopperastara,1
Ryöpytettävänä,1
Pakkotunnistautumisella,1
Näkyvyytttä,1
Hepokattien,1
Suosittelijataho,1
Vakiosopimuksen,1
Urheilusonnastaan,1
Elämäntilannen,1
Maksusitomuksia,1
Kausaaliteetipäätelmä,1
Natsisarjakuva,1
Erikoisjääkärikomppanian,1
Osanney,1
Työssäoloaikanani,1
Sairaspoissaoloihini,1
Lainausmaksun,1
Huveistani,1
Antikvariaateilta,1
Pääsylipputuloina,1
Lojaalisuuksia,1
Vasemmistohaihattelua,1
Tutkimuskohteestaan,1
Sosiolingvistisen,1
Typologille,1
Velkomisena,1
Talebaanejakin,1
Matkailuvideo,1
Nculz8xu1wc,1
Suorituskykyisimpänä,1
Ammattierikoisyksikkönä,1
Toisitoimissa,1
Markkinointikuluilla,1
Opiskelijanuorena,1
Vitsailemattakin,1
Juustokastikeaineksiin,1
Elämäasiat,1
Magneettikoukun,1
Libertalistisia,1
Brobioottista,1
Kaistanvaihtajana,1
Liikennearkkitehtuurityökalullani,1
Bk0blvq,1
Pakolaisuutensa,1
Tphakemuksen,1
Epilepsiastaan,1
Yhteisörangaistuksen,1
Videpeleihin,1
Katydid,1
Kleptokratiahallinnolla,1
Kilpaiijat,1
Joenreunoihin,1
Haaststtelussa,1
Työyhteisöasioista,1
Havaintoilmotuksen,1
Ikuisuuskiistakapula,1
Einehtinyt,1
Miesnaismuu,1
Halyttaa,1
Pappislupaukseesaan,1
Pappislupaustaan,1
Pappisoikeus,1
Valkosipulileipätikutkin,1
Eläinlääkäripula,1
Hammaslääkäripula,1
Psykoterapeuttipula,1
Kokkipula,1
Warehousissa,1
Työsopimuslakirikkomuksesta,1
Artikkeliväitöskirjatkaan,1
Triplattaispa,1
Maxivitutus,1
Vastustavt,1
Seurkuntalaisia,1
Ympäristöominaisuuksiin,1
Puikukoita,1
Governable,1
Pyyhkimä,1
Hp6nfdypsovctnsp8,1
Muistikuvii,1
Loppuuntutkiuttu,1
Luik,1
Eurojakkia,1
Pelihimossa,1
Kavustoa,1
Tieteenalaani,1
Todistettavisa,1
Vääristymälle,1
Opiskelijaruoat,1
Ohjausäänellä,1
Grrrrorsppssssukggöörekdidkkrnkd,1
Raidoitetut,1
Silakkahan,1
Tapwithus,1
8za_4g5zcom,1
Valurataa,1
Ny9gsnn,1
Uutissakin,1
Folioveijarit,1
Makaronibudjetista,1
Terveydenhuoltopiiriä,1
Motittavuutta,1
Sortomaahansa,1
Luottamattakaan,1
Kuumudessa,1
Lukitusvaikutuksia,1
Reissumiehel,1
Vastailleetkin,1
Yläosiltaan,1
Vallanpitämisestä,1
Multilateraaliseen,1
Sämpsä,1
Psyachen,1
Deletettiin,1
Elänlääkäreiden,1
Mikrobiologit,1
Elintarviketieteilijät,1
Lääkäröintiin,1
Särmikkäintä,1
Vaununkuljettajaa,1
Varainsiirtoverolle,1
Limpputaikina,1
Yhteisvastuulausekkeessa,1
Kaipaileekohan,1
Holmann,1
Lamppuaan,1
Kuuntelusessioita,1
6vrgnaiozyononcxkjpzph,1
Womzwhuqqm6vdm015lmqng,1
0erfyjwzqh7n70zuhhv5bh,1
Tt13dq5vszq5margpfmxxw,1
Onkobsilloi,1
Läjähtelee,1
Kukistunutta,1
Purkuprojekti,1
Osotteluasi,1
Suurketjun,1
Mediapipe,1
Tilastotietokyselyllä,1
Viittomisessa,1
Bonustilille,1
Laamoille,1
Evakuoinissa,1
Ruttopositiivinen,1
Aamuvuorolaisista,1
Extrovertimpiä,1
Ennestääb,1
Opiskelijaruokaan,1
Afganistanilaistaustaisia,1
Paskamahasukupolvelle,1
Hajakuormitteinen,1
Narsismipsykooseille,1
Katseentunnistusjärjestelmän,1
Verkkoselailua,1
Rasvajaloisteissa,1
Perusöljynä,1
Arkikotiruokaan,1
Einessafkaan,1
Röökimainoksilla,1
Apulaiskirjurin,1
Kuntosalipäivystäjän,1
Matlockeista,1
Markkinointipuhehan,1
Suunnitteluperusteisiin,1
Jumaluuskompleksisimmat,1
Varuskuntajoukkue,1
Angryflower,1
Surruutin,1
Luuliltko,1
Invaninjat,1
Putkifirmalta,1
Nakkisormista,1
Meluvauriosta,1
Econsystemsthinking,1
437c506f329c,1
Kummelipojat,1
Astanut,1
Lukkiutumisvaikutuksia,1
Altistumisseurannan,1
Vaihdelaatikkovika,1
Kaurareissari,1
Normireissariin,1
6rarfth9yxm,1
Sekoäly,1
8a3r,1
Cg8wic,1
Minuteearth,1
Sotilasjohdossakin,1
Hengitysuojainten,1
Muhaddithitkaan,1
Tapporaja,1
Tusinakamaksi,1
Hallitevalle,1
Kryptofasismit,1
Taisteluleipää,1
Hyväsiskokerho,1
Ruokajuttua,1
Pintaraapii,1
U3lo3tf,1
Qq0vccx,1
Moraalisaarnaksi,1
Pippalointitempoa,1
Palkkiojärjestelmästä,1
Klikkihuorasi,1
Prosessinkin,1
Krijtoessa,1
Virhheitä,1
Tullap,1
Sevän,1
Synkronirenkaat,1
Nypläisivät,1
Rollaattoriakin,1
Neliraajahalvauspotilaita,1
Orponen,1
Loppujengilläkin,1
Kiertotaudiksi,1
Fakboin,1
Journalismipuljut,1
Pateron,1
Vehnäglutenia,1
Limppun,1
40neliöä,1
Vegedoni,1
Mädätyspolitiikka,1
Suoksihan,1
Tahalleenväärinymmärtäjä,1
Nejmoa2108453,1
Selviytyjillä,1
Sarbecoviruksesta,1
Sarbecoviruksille,1
Denguekuumeilla,1
Dengueita,1
Sarbecovirusten,1
Silittämältään,1
Kiertäneille,1
Pullaleipä,1
Piilopirteistä,1
Lestadioilaisen,1
Evakuointipisteenä,1
Halluilin,1
Digitaalisetkin,1
Maksupalveluntarjoajia,1
Krapitalistit,1
Salonkikommunistit,1
Cosplayhyn,1
Haihdutettiin,1
Työvakiparkoihin,1
Kerrotin,1
Juttutoivetta,1
Scriptailla,1
Rullukan,1
Frankkarit,1
Aikuisuusteen,1
Onlyartsyfartsyn,1
Viämärit,1
Piikkaillu,1
Äärioikeistohörhön,1
Peterchayward,1
Lyödäänpäs,1
Rikkiperäisille,1
Puunjalostustehtailla,1
Aktiivilietelaitos,1
Vesistöpäästöistä,1
Klooriperäisten,1
Aox,1
Kodinkonemainoksia,1
Koronavastaisuutta,1
Natsitukikohta,1
Triopolilla,1
Kostpornoo,1
Saneeratessakin,1
Palonkeston,1
Palonkestoltaan,1
Asennusvirheille,1
Sukittaessa,1
Itsekantavaksi,1
Pinnoittaessa,1
Nofans,1
Numerolapuissa,1
Äärioikeistolaishörhöily,1
Halpafirman,1
Esimerkiskis,1
Jiirisahassa,1
Siuntionjoki,1
Pahoinpiteilyistä,1
Heinäsirka,1
Asuntosjoittajia,1
Pirauttamaan,1
Saamensukuisen,1
Tietokonepeleistäkin,1
Ammattilaislafkojen,1
Brazziersin,1
