Seksielämästään,16
Terveyshaitan,16
Pillujuttuja,16
Uutisotsikossa,16
Dayahead,16
Räyhäämisen,16
Näyttelemällä,16
Pendelöintiä,16
Saasteilla,16
Vaistonomaisesti,16
Luppoajan,16
Viiksiin,16
Kokonaisvaikutuksesta,16
Korkeuksille,16
Printattiin,16
Spinnasi,16
Madallettua,16
Potkulaudoista,16
Erimielisyytensä,16
Laputettuna,16
47e0,16
Päästösi,16
Häirinnät,16
Jatkotutkimusta,16
Torkkelinmäen,16
Rantatontilla,16
Veloittaminen,16
Jateopas,16
Päivittäistavarakauppaan,16
Kuutioituna,16
Lattioihin,16
Pelittäny,16
Hankintapäätöksiä,16
Kellonajalle,16
Tunnistaakseen,16
Heppanen,16
Teinitytölle,16
Tyynyillä,16
Ruokaetu,16
Lawfareblog,16
Töihinlähtöä,16
Tulisijojen,16
Aserikoksia,16
Suvulleen,16
Raidalla,16
Istuneita,16
Tarhoihin,16
Raskauksissa,16
Murhaajina,16
Pyörittäjille,16
Poteroitunutta,16
Väkivaltatapauksia,16
Pahoinpitelijästä,16
Uudenlaiselle,16
Ostoskärryillä,16
Uudelleenarvioimaan,16
Musliminuorten,16
Eristäytynyttä,16
Merkkaavan,16
Takapajuloita,16
Pitämättäkin,16
Virittämässä,16
Fiaskossa,16
Rataverkolla,16
Pidätkin,16
Loikoilua,16
Antaville,16
Ohjelmistokehittäjiä,16
Vakuutusmaksuissa,16
Digitoida,16
Ylläpitävistä,16
Täydennettiin,16
Palautuisivat,16
Valmentajaksi,16
Vpx,16
Laposta,16
Suhmuroimassa,16
Ysikyt,16
Äiskälle,16
Persuuksille,16
Nayton,16
Myydäkkään,16
Palkeista,16
Mihenkään,16
Pölkkyjä,16
Urheilusuorituksia,16
Järkänneet,16
Hapettunut,16
Rajoittuneille,16
Kulmiani,16
Rstl7nir7gs,16
Olotilaansa,16
Törkeyksiin,16
Elimeltä,16
Tehtiinkään,16
Karsintoja,16
Nyrkkinsä,16
Herättelemässä,16
Palovammaa,16
Tituleeraisi,16
Aaltoileva,16
Terroristiorganisaatio,16
Kompressoria,16
Kireästi,16
Viitekehykset,16
Mädättävä,16
Jäähdytellä,16
Järkeilty,16
Anglismina,16
Sekoite,16
Työmatkailun,16
Kotiseuduiltaan,16
Lajistoltaan,16
Viherpesulta,16
Pistoja,16
Vetämäsi,16
Ympäristöllisistä,16
Keliakiasta,16
Miellyttävämpänä,16
Pahastutaan,16
Lounaspaikan,16
Rakastettuja,16
Janakkalassa,16
Pyörittäny,16
Vastanen,16
Sekoittelee,16
Ahdistavalla,16
Risomaan,16
Selviytymiseksi,16
Jättääkseen,16
Ruokavalintoihin,16
Hysteeriseltä,16
Hiilinegatiiviseksi,16
Tehtaanmyymälä,16
Rusetilla,16
Kärjissä,16
Työvoimapoliittisista,16
Naisjohtajista,16
Sukupuolikysymystä,16
Miesfeministejä,16
Iniä,16
Puhelinnumeroihin,16
Merkeiksi,16
Businessta,16
Oikaisuvaatimusta,16
Kätköihin,16
Kyvykkyyksien,16
Hyökkääjiltä,16
Pääministerikaudellaan,16
Murenivat,16
Lahjoitetusta,16
Puoluetoverinsa,16
Rahoihinsa,16
Varastosaldo,16
Huollettavissa,16
Hammastikkuja,16
Sähköajoneuvojen,16
Kietaisee,16
Saappaaseen,16
Panttivankia,16
Ritavuori,16
Rosenholm,16
Kestäville,16
Banaanivaltioita,16
Taistelukentäksi,16
Pakotta,16
Vaellukseen,16
Koneisiinsa,16
Gurmeeta,16
Muistuteta,16
Kotios,16
Ärsyttävyyteen,16
Disketeillä,16
Kroppakin,16
Huoltamot,16
Liikennemuodot,16
Linkity,16
Aikasyöppö,16
Väärintulkintaa,16
Aikuistut,16
Sympatisoimaan,16
Autiot,16
Lampsimaan,16
Veroilmoitusten,16
Currentaffairs,16
Tuokiossa,16
Kutsuttais,16
Yhtenäisempiä,16
Jumiudu,16
Yrittivat,16
Kokoperheen,16
Pääkatu,16
Hepatiittia,16
Harmittomiin,16
Kuolonuhrin,16
Lehmänmaitoon,16
Repola,16
Lempivärini,16
Kuuraamaan,16
Reaktioille,16
Sulkana,16
Evelinlin,16
Poroshenkon,16
Laiteltu,16
Kangaskassiin,16
Kukkakaupassa,16
Ennaltamäärätty,16
Tunnistautuneena,16
Karjaisee,16
Välityspalvelimen,16
Syöviin,16
Osatyökykyinen,16
Rahareiät,16
Spedeilemään,16
Epäkorrektina,16
Paskalaatuisia,16
Maanvaiva,16
Paljossa,16
Ottassa,16
Torstait,16
Potilaistaan,16
Näköistään,16
Pakkotyölakeja,16
Maastasi,16
Ruumiskasan,16
Sokerisen,16
Elinkeinoministeriöstä,16
Laittaakaan,16
Viransijaisena,16
Nettopositiivisen,16
Juttunaan,16
Sähkölämmitteistä,16
Herättävältä,16
Demokratiassakin,16
Harjottelemassa,16
Dysphoric,16
Itkettyä,16
Epätasaisuuksia,16
Aivokemiassa,16
Jättäjän,16
Kaunisteluun,16
Junttaa,16
Luokkalaisella,16
Jäykemmät,16
Hälvetä,16
Viilletty,16
Tunaroidaan,16
Mekosta,16
Levein,16
Seuramaan,16
Jälleenmyynnistä,16
Viihdekeskus,16
Lisälaitteet,16
Kotiäideistä,16
Turpoavat,16
Normalisoitunutta,16
Faktoin,16
Nykyisenlaiseen,16
Sanakirjamääritelmää,16
Pienoismallia,16
Lämmitystehoa,16
Hyppiessä,16
Pystypäin,16
Kirkui,16
Informaatiosotaan,16
Honkasaloa,16
Soluttautui,16
Epävarmuutensa,16
Kuitanneet,16
Alitajuisen,16
Konemaisesti,16
Sulaisivat,16
Kärjistyivät,16
Syvemmissä,16
Tähtensä,16
Persoonallisella,16
Burtonin,16
300kpl,16
Työskelleenä,16
Naisvihainen,16
Lyhenteillä,16
Prosessoreilla,16
Puskema,16
Elementtitaloja,16
Taskuu,16
Velvoittavien,16
Kengänpohjassa,16
Autoilevaa,16
Kustannuksellakin,16
Muistuttelemaan,16
Testotasoja,16
Artikkeleina,16
Kupille,16
Kännäämisestä,16
Hylätyltä,16
Jaksoittain,16
Jossainkohtaa,16
Harkko,16
Kaakelien,16
Filun,16
Jauhetusta,16
Uploadia,16
Epäkunnioittavana,16
Puolusteluna,16
Snägäriltä,16
Kironnu,16
Jumalattaren,16
Hartian,16
Salaisuutensa,16
Ihoonsa,16
Tarjottimia,16
Piittaamattomuuteen,16
Suosittelisivat,16
Tukemissa,16
Sytyttäny,16
Velkaantumisessa,16
Oikeudenhaltijoille,16
Poseerauksen,16
Läpiviemiseksi,16
Kommunikoimme,16
Kriittisemmän,16
Biasit,16
Avautuvia,16
Valossahan,16
Isoonkin,16
Kovimmalle,16
Valuuttakauppaa,16
Räpläämättä,16
Vänkäsin,16
Kuvatulle,16
Uhkapeliksi,16
Kolhusta,16
Estyminen,16
Haistatellut,16
Kiinnostumaton,16
Kisailua,16
Voittavani,16
20have,16
Epäsovinnaisia,16
Ohjaimista,16
Jälkeenjääneisyys,16
Pizzalta,16
Yhteydeksi,16
Lausuneet,16
Hormonihoidoissa,16
Jarruttele,16
Uusimisella,16
Persoonallisuudeltaan,16
Itseohjautua,16
Modaamista,16
Venyttäisi,16
Väärässäki,16
Moderoitiin,16
Myyntikunnossa,16
Suihkuttamalla,16
Juppeja,16
Alipalkatun,16
Naismaisesti,16
Murhattaisiin,16
Kirkkaimman,16
Nopeampikin,16
Nukesta,16
Vauraamman,16
Paheksuttavampaa,16
Ammattiauttajalle,16
Ylimaallisen,16
Lusikoiden,16
Rihmastoa,16
Tiskikoneesta,16
Jalankulkijoilta,16
Tsekkas,16
Horjuttavaa,16
Lupaukselle,16
Huoneella,16
Maanalaisista,16
Tolkuttaa,16
Epäluuloon,16
Tietäisivätkin,16
Latinankielistä,16
Herättämällä,16
Ikäsillä,16
Juvosen,16
Osamäärä,16
Alkuaankaan,16
Valtapolitiikasta,16
Vankeustuomiolla,16
Unilta,16
Tykästyneet,16
Humaltuneita,16
Kategorisoinnin,16
Kertan,16
Ajankäytössä,16
Rallikuskit,16
Takapuskurista,16
Mitalilla,16
Karmeasti,16
Tuohtuneen,16
Shortannut,16
Kieroilla,16
Kadotettuja,16
Pompahti,16
Lautakasasta,16
Eripuolille,16
Vanhanaikaisilla,16
Kuntoutumisesta,16
Ansiolla,16
Vilahteli,16
Käyttötilanteessa,16
Henkiloasiakas,16
Hyvitettäisiin,16
Lokoisat,16
Kiipeäisi,16
Ruissaloon,16
Kaoottisesti,16
Mieltymyksiäsi,16
Ahdasmielisiksi,16
Repaleiset,16
Luokallista,16
Vyöhykkeeksi,16
Faktuaaliset,16
Ohjeina,16
Ratifioitua,16
Lähtöpaikassa,16
Oikeussuojaa,16
Piratismille,16
Irtoilee,16
Välilevyt,16
Sikailijoita,16
Läpinäkyvämmäksi,16
Varjelevat,16
Marjastajia,16
Lisäriski,16
Raahaten,16
Reunuksen,16
Silittämistä,16
Ideoilleen,16
Veroprosentissa,16
Antamastani,16
Pahentunu,16
Kolikkonsa,16
Itsemääräämisestä,16
Yritysta,16
Sovittamisen,16
A4isten,16
Huoltajalta,16
Bannilla,16
Huolettomasta,16
Lohkoketjuteknologiaa,16
Tarjonnat,16
Kaasuvarastot,16
Slaavilaisista,16
Epäloogisuudesta,16
Lämmittäis,16
Räjähdän,16
Dominoinnin,16
Äärettömyyttä,16
Tikkukirjaimilla,16
Fring,16
Tavotteen,16
Prosper,16
Nolostua,16
Sallittavan,16
Maailmankatsomukselle,16
Pidetyillä,16
Kansoina,16
Popsittua,16
Lisäämiset,16
Joustavampaan,16
Explored,16
Nolostuu,16
_statistics,16
Uselessredcircle,16
Maistellu,16
Kutistumassa,16
Kymmenkertaiseen,16
Laajemassa,16
Scrollaamaan,16
Ostokulut,16
140h,16
Ryypiskelemään,16
Noroa,16
Esittään,16
Leafly,16
Imaistua,16
Peuraan,16
Rattijuopumuksiin,16
Tukevatkin,16
Sosialisoivat,16
Ratkaistavan,16
Luomumaitoa,16
Seurasikin,16
Pakattujen,16
Jälkiviisaudesta,16
Packista,16
Kuljettamatta,16
Ponkaisee,16
Kesäpäivästä,16
Ylennysten,16
Lysyssä,16
Ihmeellisyys,16
Mediatahot,16
Käännellen,16
Ylimielisyyttään,16
Hurisemaan,16
Aikaeroa,16
Riisejä,16
Mahtaviin,16
Ostoksessa,16
Toimistorakennuksia,16
Ajetuilla,16
Jäädäkkin,16
Kilowattien,16
Tietosuojavaltuutettua,16
Sotarikostuomioistuimen,16
Lisälämpöä,16
Vesiputken,16
Liityttäis,16
Hyökkäyssotansa,16
Kilpatason,16
Ajankohdalta,16
Lähtie,16
Naksun,16
Laskisikaan,16
Fiksumpaakin,16
Elätykseen,16
Jämäkällä,16
Tunnistautumiselle,16
8dl,16
Kaikennäköisiin,16
Rauhottavaa,16
Helvetillisesti,16
Määritysten,16
Vaatekauppaa,16
Ympäristöohjelma,16
Lievittyy,16
Tällaisissä,16
Ihmisoikeuksina,16
Automerkkiin,16
Tutkinassa,16
Estolistat,16
Muokkautua,16
Paneutuvat,16
Matkanneena,16
Lukeutuisi,16
Tiedekunnalle,16
Koukutus,16
Idänsuhteet,16
Kokelaana,16
Harjaantua,16
Paikallispuudutuksessa,16
Sisäsiistejä,16
Terveysvakuutusten,16
Jammu_siltavuori,16
Haltijoilta,16
Pyritäkään,16
Sosiaalituille,16
Kattonsa,16
Ennättävät,16
Täyssähkönä,16
Luonteelleen,16
Purjeveneitä,16
Kuvaavaan,16
Laittavani,16
Avaukselta,16
Kalliitakaan,16
Hoitaneita,16
Mahdukkaan,16
Huomautellut,16
Vallankaappauksiin,16
Laivuetta,16
Huippukoodareita,16
Kallistettu,16
Offensiivin,16
Metodologista,16
Voivottele,16
Täytettävät,16
Tukipaketille,16
Harhaluoti,16
Väestönsuojelun,16
Turvakaaret,16
Järkevimmistä,16
Työtilassa,16
Joululaulua,16
Pistäkö,16
Kukkaronnyörejä,16
Generointiin,16
Löytyneellä,16
Tivattu,16
Keräilytavaraa,16
Täytekakkua,16
Tuotteistetaan,16
Hakemaankin,16
Katkeroituneiden,16
Akustolle,16
Elintarvikkeina,16
Viisaammille,16
Perehdyttänyt,16
Haisemasta,16
Taksimatkasta,16
Tintå,16
Oulunsalossa,16
Otaksuttavasti,16
Säästääksesi,16
Ajanlaskumme,16
Manteretta,16
Uskonsoturit,16
Kitkeräksi,16
Numerical,16
Altistamista,16
Menovesi,16
Hyllyttämiseen,16
Putkistoissa,16
Ryömiminen,16
Täytetystä,16
Käyttöaikana,16
Pysäytystä,16
Kaatamasta,16
Dokumentiksi,16
Kasvispainotteiseen,16
Loukkauksilla,16
Kuultukkaan,16
Osinkotuottoja,16
Lääketutkimuksessa,16
Käytävänä,16
Keittiöni,16
Seikkailunhaluinen,16
Parannut,16
Klönttejä,16
Syynäyksen,16
Soseeksi,16
Joutessaan,16
Jatkoluvan,16
Kertaamisen,16
Sairaudentuntoa,16
Kinkkisempää,16
Ilmestyikin,16
Painottamisesta,16
Oppilaitokselta,16
Nipsaista,16
Hypetettyä,16
Keidenkään,16
Sirkukselta,16
Painostetuksi,16
Valitsevansa,16
Tulosteta,16
Seurailu,16
Taantumuksellisena,16
Verojärjestelmässä,16
Epähistoriallinen,16
Väheksyviä,16
Kartongille,16
Heilahtamaan,16
Custommarker,16
Imeytyneet,16
Häipyisi,16
35g,16
Aikuiselämänsä,16
Oikeistopoliitikkojen,16
Makais,16
Pitelet,16
Katoamisilmoituksen,16
Morkkaaminen,16
Manuaalisia,16
Altistuttua,16
Kankeuden,16
Olkavarren,16
Itsellänsä,16
Sopimattomissa,16
Katuneet,16
Pervolla,16
Huippuyliopistosta,16
Valmennetaan,16
Jollaisiksi,16
Ahtautunut,16
Maailmanmestaria,16
Harjoitettavan,16
Tielta,16
Osakkaalta,16
Nefarious,16
Menä,16
Koulutukseltasi,16
Jäädyttävät,16
Kiireisin,16
Nettivinkata,16
Julkaisuissaan,16
Saunatila,16
Heikommatkin,16
Selvitystilassa,16
Sanahelinältä,16
Törsätty,16
Melkoisiin,16
Kätisyydestä,16
Tuottamattomaksi,16
Dehumanisoimaan,16
Pamautella,16
Kehuskelua,16
Kohoamassa,16
Fossilisten,16
Puroa,16
Lääkereseptin,16
Hallintoelimet,16
Isänmaahan,16
Negatiivisetkin,16
Sokereiksi,16
Ravintolaketjun,16
Kelamasseilla,16
Lauralta,16
Keississähän,16
Superhyvää,16
Ruokailuista,16
Välttävänsä,16
Rasvaisuutta,16
Pakastimien,16
Koitella,16
Tuholaisista,16
Näkemiselle,16
Vallantunnetta,16
Kiloittain,16
Muutitte,16
Etikassa,16
Coindesk,16
Mittaama,16
Korjaavien,16
Rapistuvan,16
Menox,16
Hallinnonalalla,16
305fbd55,16
8ee7,16
F1306c55603f,16
Eläkkeisiinsä,16
Keskiansion,16
Pelottavista,16
Etomaan,16
Silpputyön,16
Leveilyä,16
Vuosii,16
Laihoista,16
Mieskuntoa,16
Leviteltyä,16
Puolikastakaan,16
Pilaksi,16
Sananparren,16
Palkkatietoihin,16
Vajaatoimintaan,16
Mielitekojen,16
Vetovastuuta,16
Nimel,16
Suolistosyövän,16
Mentorointi,16
Bolognesen,16
Kehtona,16
Tasapainopiste,16
Täysijärkisen,16
Hoidettavalle,16
Pyöräillessään,16
Näyttääkään,16
Kertyneellä,16
Tehdyiksi,16
Kokoontuisi,16
Runkopatjaa,16
Ryhmittäytyä,16
Kaynnistaa,16
Yhtenevästi,16
Ölisevät,16
Putkimiehistä,16
Välivuodelle,16
Maksutietoja,16
Seksisuhteeseen,16
Turvallisuudestani,16
Nukkuneen,16
Arkkitehtuurien,16
Matkallesi,16
Alaääneni,16
Tietokonettaan,16
Ristosta,16
Kidnapannut,16
Hehkutetut,16
Puolestaloukkaantuja,16
Eteemme,16
Rokotuspisteellä,16
Turhanki,16
Mediatutkimuksen,16
Hyödyntämisellä,16
Letkeetä,16
Separatismiin,16
Ongelmattomaksi,16
Piilottaisi,16
Ohuiden,16
Närästyksestä,16
Irvailtu,16
Kidutuksia,16
Viestistään,16
Hymyilisi,16
Sähköistämään,16
Dnieprin,16
Ihmispaskoille,16
Hirvensalo,16
Tallenteena,16
Hermosoluja,16
Riistana,16
Imppaamaan,16
Paperisella,16
Varomatonta,16
Perääntyivät,16
Isommastakin,16
Mieltymykseen,16
Perusoikeudesta,16
Katkeriksi,16
Dieseleistä,16
Epäonnistuneiksi,16
Lohkottu,16
Harkinneensa,16
Huuhdottua,16
Idemmäs,16
Valuttaminen,16
Tunnelatautunut,16
Wellen,16
Autovalmistajille,16
Joila,16
Ammattijohtaja,16
Lisäävistä,16
Mielikuvitusolennoista,16
Miamiin,16
Rupeaakin,16
Kansalaistoimintaa,16
Kollegoideni,16
Röyhkeäksi,16
Muualtaki,16
Häväistä,16
Epätodennäköstä,16
Perstaskusta,16
Vahvistettuun,16
Virransäästö,16
Raajassa,16
Osaisinkin,16
Neutraaleissa,16
Strukturoitu,16
Junnata,16
Apumiehen,16
Antisosiaaliseksi,16
Noutopisteessä,16
Näyttäviltä,16
Kylmemmälle,16
Kaksinumeroisen,16
Pyörinee,16
Hakkeesta,16
Korhosia,16
Ihanteelliselta,16
Agentteina,16
Sukupuutot,16
Syyllisyydentunteen,16
Karmeaksi,16
Pärstät,16
Doxaamaan,16
Pöhnän,16
Italiahan,16
Miettiikin,16
Teloituksissa,16
Laihasta,16
Kouluunsa,16
Päätettävissään,16
Uskoakkin,16
24kpl,16
Suojatuksi,16
Fossiilivapaata,16
Soitetusta,16
Palattaessa,16
Säilykkeenä,16
Skannattuja,16
Katselemisen,16
Vitutuspäissään,16
Inklusiivisen,16
Kirjeissään,16
Sopimuskumppanin,16
Pikkupitäjässä,16
Sahailla,16
Turvaamistoimenpiteet,16
Rytiä,16
Keskustelutaidoista,16
Säästötileille,16
Pätevyyksillä,16
Huokailua,16
Eläketurva,16
Päihdekäytöstä,16
Eläkeikääni,16
Sähköinssin,16
Mytyssä,16
Gml,16
Teinibileissä,16
Coulterin,16
Kultajuhlissa,16
Ee74a283,16
Cf7f,16
A647f0bc1db5,16
Sipulijauhetta,16
Sahatavaraksi,16
Kuvittelemastasi,16
Thoughtco,16
Johnnyn,16
Kuntopolulle,16
Classmates,16
Postaamia,16
Asuntoautoa,16
Liskiltä,16
Ukrainallekin,16
Palkkausjärjestelmä,16
Maailmankuvaamme,16
Harkittuna,16
Hangs,16
Ajallisella,16
Biologis,16
Urpilainenkin,16
Poltettais,16
Taistelimme,16
Nykykielen,16
Tyhjentyessä,16
Todisteaineistoa,16
Tiedostamattakin,16
Keskittymistään,16
Edustavuudesta,16
Stadilaisilla,16
Väännellyt,16
Pehmennellä,16
Kolhooseja,16
Maksimien,16
Hysterialla,16
Juusola,16
Niskuroivat,16
Sianlihassa,16
Töykeetä,16
Teikäläisestä,16
Viitattaessa,16
Putipuhtaaksi,16
Imposes,16
Kiskaa,16
Viskaali,16
Turvatyynyjä,16
Höökillä,16
Latausportin,16
Erakoitumista,16
Svenskpolitik,16
Kasvatuksellisesta,16
Avohakkuisiin,16
Lajityypillisiä,16
Lakaisemista,16
Tuntivauhdilla,16
Ökyrikkaan,16
Upward,16
Suoristamaan,16
Lämpöenergiaksi,16
Kesiin,16
Savannille,16
Ideaaliolosuhteissa,16
Väestönsiirtoja,16
Sortivat,16
Rajoittavalta,16
Kotikylään,16
Koordinoinnissa,16
Paperipusseja,16
Isannointiliitto,16
Hoitoketjun,16
Elintärkeään,16
Fentanyyliin,16
Uineet,16
Höyläys,16
Puolellla,16
Sateisina,16
Radioliikenteen,16
Auttaneita,16
Tuhlaileva,16
Puoluevaltuustossa,16
Toivottavaakin,16
Täysivaltaiseksi,16
Pilvipalvelusta,16
Vastaamiseksi,16
Mannerheimilla,16
Pikkusumman,16
Kohdentuisi,16
Robusti,16
Kuumennettaessa,16
Liitoon,16
Sopivatkin,16
Hermostuit,16
Korotuksensa,16
Tulodesiileistä,16
Kohdennettujen,16
Luistaisi,16
Budjettileikkausten,16
Koululaisella,16
Luokkalaisena,16
Oliskaa,16
Kirjoittelulla,16
Rypyttvt,16
Ulkoasuja,16
Tarpeellisessa,16
Perseaukisia,16
Pelottanu,16
Traumatisoituneena,16
Ajatellun,16
Yleisömäärä,16
Jälikäteen,16
Arvauksensa,16
Veisikin,16
Hitaiksi,16
Pullonkauloista,16
Valtiotakaan,16
Paloheinän,16
Suorittaakin,16
Seliteltävää,16
Onneansa,16
Kulkinetta,16
Erakoitumaan,16
Taustamelun,16
Kysymykseenkin,16
Konservatiivisemmissa,16
Ruuvailee,16
Kuulunutkin,16
Varoissa,16
Muokkaamasta,16
Harjoittelisi,16
Tekaistuista,16
Oloisessa,16
Covid19case,16
Betonilaatikoita,16
Hajaantumis,16
Ampiaispesään,16
Joika,16
Primitiiviseen,16
Muodonmuutoksia,16
Pätevöityä,16
Sijaisuuksien,16
Monimutkaisille,16
Vifadcount,16
Lukaalin,16
Moottorinen,16
Puuroriisiä,16
Koulukunnilla,16
Katuverkkoon,16
Palkoa,16
Yksinkertaisimman,16
Pelottavamman,16
Länkkäreihin,16
Epäsi,16
Viestintätaidot,16
Hartiaseudun,16
Litrahintoja,16
Vittuuntuneelta,16
Mainioksi,16
Hydraulisia,16
Hirvittävistä,16
Ääniohjaus,16
Piirittämässä,16
Markkinavoimilla,16
Ajannut,16
Samansuuruisena,16
Minäkää,16
Turvia,16
Bufferin,16
Rimpuillut,16
Tippuvia,16
Vähävaraista,16
Vanhemmuudestaan,16
Sijaiselle,16
Vihjailevia,16
Rinnakkaiseloa,16
Tutustuttuaan,16
Epäihmisiä,16
Kertaluontoisesta,16
Sukulaisilleni,16
Puhalluksia,16
Väärinymmärsit,16
Ukkelilta,16
Tukkiin,16
Lautailu,16
Harmoniasta,16
Koristeelliset,16
Lannoitukseen,16
Naulattuna,16
Kusemisessa,16
Embuske,16
Laiminlyöt,16
Poikkeavassa,16
Spekulaatiotani,16
Konvertoi,16
Tietopalvelulta,16
Toimikausien,16
Ihastunu,16
Vihujen,16
Kaipausta,16
Päästäisikään,16
Voimaantuneena,16
Tiuskia,16
Kylkeensä,16
Loisimassa,16
Kunnallispoliitikkoja,16
Salehan,16
Tallennustilasta,16
Etätyöläisten,16
Kuivahtamaan,16
Länsimarkkinoille,16
Smoothly,16
Castata,16
Kääntöpiirin,16
Sekunnilta,16
Liikkuvilta,16
Hakkuutähteiden,16
Tuoremehua,16
Lehmiltä,16
Lahotessa,16
Liikennettäkään,16
Ruokavalioksi,16
Lahoamisen,16
Subventointiin,16
Kipeesti,16
Ryöstelivät,16
Laiduntamisen,16
Jalkapatikassa,16
Heteronormatiivisessa,16
Itäosan,16
Haisteltavaksi,16
Rempattua,16
Kuukausivuokralla,16
Trumpi,16
Äänestettäviä,16
Mapilla,16
Kansanterveydellisiin,16
Puoltamista,16
Ykkösehdokas,16
Siirtomaahistoriaa,16
Jakaneensa,16
Peljätä,16
Wirkkalan,16
Linjakseen,16
Vaarattomasta,16
Vastaisilta,16
Pimeen,16
Ylituotannosta,16
Taajuuteen,16
Aliarvioiminen,16
Huitele,16
Perustellessa,16
Palkankorotukselle,16
Farmeja,16
Kuvotuksen,16
Bensiiniauton,16
Aatemaailmansa,16
Kahvikupillista,16
Pysyttäis,16
Perkolaattorilla,16
Betonikuutioihin,16
Käännöksinä,16
Sietämällä,16
Zoomailemaan,16
Syytellen,16
Seikkailusi,16
Yliherkkyyksiä,16
Mökkireissua,16
Itseoppineet,16
Tekopyhään,16
Väljähtyy,16
Estradille,16
Nukemap,16
Laskuttamiseen,16
Pelleilyihin,16
Sijoitusmuoto,16
Panikoitua,16
Pääasiallisista,16
Kuontalon,16
Chillailemaan,16
Reilaamaan,16
Pystejä,16
Harvennettua,16
Bimbon,16
Kokelasta,16
Ryösteleviä,16
Tyhjennyttyä,16
Ranteista,16
Vettyy,16
Kailottamaan,16
Henkilöllisyystodistukset,16
Nuuskansa,16
Jäsenyyskään,16
Kitinältä,16
Ännu,16
Raakuuksien,16
2020s,16
Pilkkomisessa,16
Painottuminen,16
Kommentointimahdollisuuden,16
Opetusjärjestelmää,16
Puskurivyöhykkeen,16
Linnoittautuu,16
Suolistaa,16
Valmist,16
Vaarantavasta,16
Mukaankaan,16
Stereotyypeistä,16
Kaipaavaa,16
Aromeista,16
Tuijottaja,16
Sekopäillä,16
Mopoillaan,16
Ajokilometreillä,16
Rimjob_steve,16
Raikasi,16
Esimiehiin,16
Anafylaktisen,16
Mittayksikkönä,16
Säätämiselle,16
Keskusradion,16
Kavallettu,16
Miehitykselle,16
Sähkösyöppöjä,16
Kapasiteetistä,16
Ticking,16
Unohduksesta,16
Säästämäsi,16
Putkahtavat,16
Arvostaakin,16
Bännivasaraa,16
Merkittävimmästä,16
Eriteltiin,16
Hektisiä,16
Esteiksi,16
Sauhuja,16
Kuulostavatkin,16
Erätaitoja,16
Paperittomiksi,16
Editoidun,16
Sitomasta,16
Köykänen,16
Peruskurssilta,16
Järjestyssääntöihin,16
Kolossaan,16
Tulehtunu,16
Halutumpaa,16
Naisvaltaisesta,16
Jalkaudu,16
Linktr,16
Taaksen,16
Fileestä,16
Käännöksillä,16
Konfliktilta,16
Vesialuetta,16
Mielelläänkin,16
Muksukin,16
Kiinnostuneisuus,16
Päättyneessä,16
Valitsemille,16
Toivomat,16
Hömpältä,16
Luodeilta,16
Pelikoneelle,16
Aistiminen,16
Valloituksella,16
Kurottamaan,16
Torumisen,16
Kulttuuriministeriöltä,16
Tumut,16
Kuunvaihteessa,16
Pyynnit,16
Nuhteettoman,16
Tuohtuvat,16
Liitynyt,16
Kikattaa,16
Ylenkatsomista,16
Liippas,16
Henkilökultiksi,16
150kmh,16
Diagnosoinnista,16
Torvesta,16
Juntteihin,16
Esittämisellä,16
Nälkävuosiin,16
Driverit,16
Räjäytettäisiin,16
Mallitoimiston,16
Peukalosta,16
Maakuntakeskukseen,16
Inttämiseen,16
Epäkohteliaaksi,16
Kanistereita,16
Fanitettiin,16
Kiusaajiani,16
Spekulaatioihin,16
Vaivoikseen,16
Varpaalla,16
Availi,16
Rukkaamista,16
Kirkasotsaisesti,16
Epäoleellisen,16
Takaiskun,16
Leggingsejä,16
14min,16
Muonitusta,16
Valinnoistani,16
Räksyttämässä,16
Ihmettänyt,16
Aloittavaa,16
Työmatkaliikenteessä,16
Ystävyyssuhteissa,16
Henkeänsä,16
Kersansa,16
Vesittämässä,16
Neutraloitua,16
Astiaston,16
Olarista,16
Vertaisiaan,16
Tarpeistasi,16
Kiikasti,16
Mutakuopassa,16
Peleistään,16
Tekstareihin,16
Viestittelevät,16
Avustamisessa,16
Teroitettua,16
Kathryn,16
Riittäne,16
Liittymat,16
Luokittain,16
Ansioluettelosta,16
Harkkapaikkaa,16
Feministiin,16
Kertymät,16
Erinomaisista,16
Varmistuisi,16
Selvittelet,16
Lopputuloksin,16
Toimintakyvyttömän,16
Huumaamisesta,16
Uhkauksiaan,16
Sujuvamman,16
Likasangon,16
Vapauttajat,16
Huippuosaajaksi,16
Ajantasaisesti,16
Elektrodit,16
Muussin,16
Levinneenä,16
Kiusanteoksi,16
Jyrkäksi,16
Huudeltaisi,16
Hulppeasti,16
Kannattaessa,16
Vastaanottoaikaa,16
Konversioita,16
Ihastellen,16
Levyttää,16
Tähystyksessä,16
Peruskahvi,16
Virransyötön,16
Haaskaamasta,16
Viestineet,16
Vastenmielisimpiä,16
Kehityttävä,16
Terveysvakuutukseen,16
Laskettavista,16
Energiavaje,16
Nanometrin,16
Vaaleahiuksisia,16
Otsikkotason,16
Vahvennettu,16
Kroppia,16
Takavarikoimassa,16
Kolonisoimaan,16
Säästöistään,16
Skippaamista,16
Makoile,16
Aikio,16
Yliyksinkertaistaa,16
Dimensio,16
Sivustaseuraajia,16
Kapasiteetillä,16
Valuukin,16
Distinctions,16
Hihkuen,16
Koodareina,16
Petipuuhissa,16
Räjähdellyt,16
Jaoteltaisiin,16
Ekonomiksi,16
Mainostoimistolle,16
Luottotiedottomat,16
Ennennäkemättömässä,16
Kuulumattomuutta,16
Vilkuilevat,16
Herättämiä,16
Valheellisessa,16
Aseapuun,16
Kinuttua,16
Työaikaani,16
Hybridiautot,16
Lastilla,16
Mittaluokkaan,16
Testaillu,16
Höyrytettyjä,16
Napakoita,16
Liittyneekö,16
Tekstikentän,16
Pilkisti,16
Ylvästä,16
Pihvini,16
Alijäähtynyttä,16
Keskittymishäiriöt,16
Neljännenkin,16
Hygieenisiä,16
Taustakin,16
Fläsäreitä,16
Puodin,16
Protestanttista,16
Tiedotuslinjaa,16
Värittäminen,16
Peiteltävää,16
Oppimisympäristössä,16
Asevoima,16
Asiallisetkin,16
Homofobiseksi,16
Pisimmästä,16
Järjestäytyneistä,16
Väisäsen,16
Viihdetuotantoa,16
Nihkeäksi,16
Kompressiota,16
Pakkosijoittaa,16
Selkävaivojen,16
Oxenstierna,16
Riemumielin,16
Perverssiksi,16
Asumistukensa,16
Monimutkaistunut,16
Vuokrahintojen,16
Kasvattelemaan,16
Tarkistelemassa,16
Blogausta,16
Brasilialla,16
Määrittävää,16
Pumppaamisesta,16
Lähiluontoa,16
Tarkemmi,16
Dagestanissa,16
Puheenjohtajakaudella,16
Erityyppisistä,16
Rikostapauksia,16
Maailmankolkka,16
Kilpailevalta,16
Asunnonomistajille,16
Vaihtuvuudesta,16
Uskontotiedettä,16
Tihein,16
Erityisinä,16
1snt,16
Ärsyttämiseen,16
Raketoineet,16
Orkestereita,16
Banneille,16
Määräämiselle,16
Maksullisille,16
Androidauthority,16
Hovimestarin,16
Homoseksuaalisuudelle,16
Palvelutyötä,16
Buffata,16
Kivuttomia,16
Natsittelua,16
Työntekijäin,16
Arvioitavaa,16
Mielistelyyn,16
Lopukkaan,16
Riitteihin,16
Avaimesi,16
Rällääminen,16
Miehiseen,16
Ryyditetty,16
Kannabiksensa,16
Työntelee,16
Runnonut,16
Sosialistiselta,16
Loogisuuteen,16
Mielentiloja,16
Wfservlet,16
Keskimääräisissä,16
Työvuorolistojen,16
Fleksaus,16
Tilannekuvaan,16
Huoneestani,16
Tahkosi,16
Kilpailijamaita,16
Rikkaruohoa,16
Myötäilisi,16
Sunmuu,16
Valmistaakseen,16
Lyhyimpiä,16
Hidastaessa,16
Implikoitua,16
Paalata,16
Liikkuminenkin,16
Korvalta,16
Löysty,16
Aikuissosiaalityön,16
Täysikuun,16
Jäsenyyksistä,16
Kauppaamisen,16
Humanistisesti,16
Opareita,16
Näyttelemä,16
Ilmaisuani,16
Riskeissä,16
Konepistooleita,16
Alaisempi,16
Vaikeutumista,16
Epäterveellisin,16
Oikeudellisuudesta,16
Ajomatkasta,16
Fysiologisten,16
Peräpäästä,16
Kuiskaamalla,16
Crosspostata,16
Henrikssonille,16
Pengottiin,16
Futuuria,16
Edullisille,16
Naurattivat,16
Pärjääviin,16
Terävyyden,16
Tempaava,16
Hoitotaso,16
Kuulumisiaan,16
Sähköttömään,16
Muodostaakseni,16
Dramaattiseksi,16
Todenmukaiselta,16
Obligaatiot,16
Harhojensa,16
Ankeuttaa,16
Omaavina,16
Teknologiaansa,16
Tervehtyminen,16
Samaistaminen,16
Matkustellu,16
4lk,16
Sanankäyttöä,16
Symppaisi,16
Kivekseen,16
Löydetyksi,16
Taikaratkaisu,16
Kuolemiksi,16
Koehenkilöä,16
Purkautumisesta,16
Henkilötunnuksensa,16
Korjaavana,16
Kielitaidolle,16
Kyseenalaistajia,16
Kerättävillä,16
Matkailuauton,16
Murtuneesta,16
Sellutehtaalle,16
Saarrosta,16
Ruokaloita,16
Lähikuntiin,16
Todennäköisemmän,16
Resorts,16
Esiintymistään,16
Millisen,16
Työpaikkoineen,16
Pakkosiirtämään,16
Muikeasti,16
Luhistumisesta,16
Metsäkoneita,16
Tulkintamme,16
Musks,16
Rampautti,16
Kevennyksistä,16
Seilanneet,16
Viskelee,16
Ryhdistäytynyt,16
Ahtoapajalahti,16
Katkeroitunutta,16
Kannattamana,16
Irtonumeroita,16
Lievittänyt,16
Söpöinä,16
Itseohjautuvan,16
Pressanvaaleja,16
Korjattaviksi,16
Tuonna,16
Liikenneturvallisuudelle,16
Epäjärjestykseen,16
Vainolle,16
Väitetyillä,16
Valopallo,16
Toivottavaan,16
Ihmisoikeusrikkomuksesta,16
Syövään,16
188cm,16
Työpisteessä,16
Tunnistettavalla,16
Halkeillut,16
Lääpitään,16
Taisivatkin,16
Uudelleenmäärittelyn,16
Vieroitusoire,16
Kylänraittia,16
Kaatelee,16
Kaistaan,16
Puuhailet,16
Opetettujen,16
Kilpaillessaan,16
Weakest,16
Väina,16
Kepposta,16
Koordinaatti,16
Riskeineen,16
Sähkövehkeitä,16
Turvallisuuspalveluita,16
Totalitaristeja,16
Ymmärrettäviksi,16
Kompuroida,16
Häiriköiminen,16
Päätoimittajia,16
Vihjailuilla,16
Varusmiesjohtaja,16
Vertailtavaa,16
Repsottamaan,16
Leveässä,16
Kädenväännön,16
Pursuavan,16
Kulkuväylillä,16
Seurani,16
Välittävänä,16
Synkemmät,16
Todisteensa,16
Sinullekkaan,16
Moralisoit,16
Mainehaittaan,16
Myyntihintojen,16
Tarkentaisi,16
Koulukohtainen,16
Hyödyttömällä,16
Nurkkapoyta,16
Epätäydellisyydet,16
Huvittelun,16
Humalatilalla,16
Kuvaukselle,16
Änge,16
Harrastuspiireissä,16
Feikkinä,16
Naamaas,16
Hyödyntöntä,16
Juopaa,16
Kalasti,16
Partiolaisia,16
Tulisimman,16
Cosmossa,16
Erinnäisistä,16
Keksivätkin,16
Kasvuvauhdilla,16
Ventovieraat,16
Turhii,16
Täyspitkää,16
Uhkaakin,16
Hötkyilyä,16
Rämmittyä,16
Purkittaa,16
Kaatolupa,16
Kursailematta,16
Tietämystäni,16
Kerholaiset,16
Viritettiin,16
Puukkomiestä,16
Akuutilla,16
Ilkikurinen,16
Leväperäisyys,16
6dl,16
Isättömyyttä,16
Österman,16
Tubes,16
Ruokkimasta,16
Wannseen,16
Harhaanjohdetaan,16
Täytettävissä,16
Mauritius,16
Palkattomina,16
Liikalihavien,16
Murentuminen,16
Hourailet,16
Tarraudutaan,16
Vuosisatana,16
Blatantly,16
Kampaamaan,16
Työtaistelutoimiin,16
Erosopimuksen,16
Corbynia,16
Keskenäisiä,16
Toimitustavan,16
Kevytautojen,16
Sekopäiltä,16
Kirjoitusvirheillä,16
Pirstaloi,16
Ruining,16
Bullshit_jobs,16
Ajaessakin,16
Kotikaupunkiinsa,16
Valaisevan,16
Olioina,16
Pöyryn,16
Aluejakoa,16
Hulluudet,16
Isoveljiä,16
Sterilisoi,16
Hyvinvointiisi,16
Rahanjaosta,16
Personointi,16
Toppavaatteissa,16
Osanottaja,16
Viritelmästä,16
Teepannu,16
Vermeissä,16
Tongittu,16
Taustasyistä,16
Sättivät,16
Työttömyysongelmaan,16
45m2,16
Improa,16
Harrastustensa,16
Ihmisoikeuskäsityksen,16
Katketakseni,16
Reseptoriin,16
Sudenkuoppaa,16
Posiitivisesti,16
Epäkohteliaan,16
Blogiini,16
Efekteistä,16
Kuseskelu,16
Afroamerikkalaisiin,16
Kuolinsyistä,16
Minimirajan,16
Pilkottaisiin,16
Vikaakaan,16
Vaihtaneensa,16
Katsovana,16
Leffansa,16
Puolimetrinen,16
Hörhöilee,16
Tunteellisesta,16
Rekeen,16
Luomiaan,16
Aivoillesi,16
2f0,16
Establishes,16
Kirjavasta,16
Kiertaa,16
Hysteriaksi,16
Naamiaisissa,16
Rikkipäästöjä,16
Elektronisiin,16
Nostattaneet,16
Elintärkeänä,16
Pirstaloitunutta,16
Palautuskieltoa,16
Monienkin,16
Rikostilastossa,16
Ruokajuttuja,16
Saneltaisiin,16
Lihasmassalla,16
Ennakkoasennetta,16
Amsterdamia,16
Virhemarginaalissa,16
Dokkarisarjan,16
Disbelievers,16
Viisauttaan,16
Muksuun,16
Lyhenteeseen,16
Vakoilusoftaa,16
Katsottavien,16
Identtiseen,16
Uskoutua,16
Nikke_p,16
Perseennuolennan,16
_paljon,16
Appspot,16
Pancreatic,16
Tuottavimmista,16
Luokkalaisilla,16
Bittistä,16
Päästävänsä,16
Peruttava,16
Mainittavaksi,16
Kunnallisveroprosenttia,16
Puolustettaisi,16
Shoppaile,16
8vk,16
Saavutetulla,16
Törmänen,16
Valtiollisilta,16
Kokoontumisrikkomuksesta,16
Gonahtaneen,16
Kuvitelmissasi,16
Peräkyliin,16
Henrikssonia,16
Korkeempia,16
Karvian,16
Depict,16
Heikentävistä,16
Taipuvaisten,16
Ankeisiin,16
Ottaneeksi,16
Tuplaantuivat,16
Mielenterveysongelmaisiin,16
Generational,16
Sijoittumiseen,16
Alnxrp,16
Kokoomuksen_sotesuhmurointi,16
Luokkakysymys,16
Räjäyttäjä,16
Kömpelöstä,16
Nätimmäksi,16
Demokratiavajetta,16
Ohjattavaa,16
Aoh,16
Henkeensä,16
Kiristymisen,16
Peitolla,16
Nelipyöräinen,16
Tekemistensä,16
Myöskän,16
Viestimieheksi,16
Tähdensi,16
Mahtavuuden,16
Matalimpaan,16
Työllistävässä,16
Vekslata,16
Hoitokustannuksia,16
Paskavammaisia,16
Huolehtimasta,16
Köpa,16
Veivin,16
Moninaisemmat,16
Sijoittavansa,16
Nettikaupoilla,16
Räppiin,16
Aloittamisella,16
Junnaavan,16
Osaasi,16
Mahdolisuutta,16
Selattavaksi,16
Shkupolli,16
Jarkevaa,16
Äärimmäisempiä,16
Keksityssä,16
Keskustelufoorumeille,16
Doc_id,16
Aukion_pahoinpitely,16
Tutkinolla,16
Kausaalisia,16
Nykyjärjestelmälle,16
Eriytettiin,16
Ruokii,16
Virtuaalivaluuttoja,16
Kuluttomat,16
Hyötymistarkoituksessa,16
Opiskelutkin,16
Syyllistävään,16
Yksityisyritykselle,16
Vahiten,16
Compiler,16
Analogiaksi,16
Pujahtaa,16
Tukiverkosta,16
Yksiksesi,16
Strukturoitua,16
Häpeävän,16
Vettyneitä,16
Lämpökameroita,16
Heijastelemaan,16
Syntymäpäivästä,16
Itselääkitä,16
Ylensyö,16
Hikoa,16
Tasoitettu,16
Eripuolella,16
Toppatakkia,16
Viattomiksi,16
Lamaannu,16
Tavoitteidesi,16
Mukanokkelia,16
Kieltämää,16
Naiskirjailijoita,16
Kyltein,16
Koiraakaan,16
Presidentikseen,16
Uhriutumisena,16
Vastuuhenkilöä,16
Kaltaisiisi,16
Rikkinäiseksi,16
Peräinen,16
Elektromagneettisen,16
Suotimet,16
Jeesustelijoiden,16
Omistettiin,16
Rants,16
Alkajille,16
Harjoitusalue,16
Excessively,16
Romuttui,16
Teostani,16
Mediaanituloon,16
Lieveilmiöinä,16
Erilliseltä,16
Laastariratkaisu,16
Hyvn,16
Palveluni,16
Ajatellakkaan,16
Menestyjistä,16
Vaihtuvuuteen,16
Poikkitieteellisiä,16
Linjapuhe,16
Masseihin,16
Asukasmäärällä,16
Pyödälle,16
Juhlaruoka,16
Rötöksen,16
Sällinä,16
Sisustuselementtejä,16
Silpomisista,16
Hurraata,16
Määräämissä,16
Korvaamisella,16
Starttimoottorin,16
_5fqzhv0pou,16
Communicated,16
Suodattamista,16
Kääpiöksi,16
Tyhjätty,16
Kattelisi,16
Näpytteli,16
Korillista,16
Pirstaloitumiseen,16
Nuorisotutkimusseura,16
Väestönlaskennan,16
Viivyttänyt,16
Taustakohinaan,16
Syyllistyviä,16
Kusilaareja,16
Foliohatuiksi,16
Progressiivisuudesta,16
Pengottua,16
Vahvimmaksi,16
Hapettomissa,16
Kusettavia,16
Aloitettaisi,16
Rangaistuksenomaisia,16
Suomalaisomisteinen,16
Vaarallisuudessa,16
Orvoiksi,16
Ekonomifakta,16
Viestinvaihto,16
Osoitettani,16
Nostattama,16
Toteutettuina,16
Vatsoin,16
Salakuljettajilta,16
Tuhoisuus,16
Hedelmäpelin,16
Soluttautuneena,16
Dumattiin,16
Erikoistuttu,16
Perussopimuksiin,16
Bonusjärjestelmää,16
Sääntöinä,16
Astronauttia,16
Friikkeinä,16
Lähtökohtaisestikkaan,16
Taloustieteilijöille,16
Purkasta,16
Aiheuttas,16
Tapattamisesta,16
Sekoittuessa,16
Takapaksiin,16
Rikosepäilyissä,16
Vaalistrategia,16
Vanhentuessaan,16
Saunottaa,16
Unohtaneensa,16
Kunossa,16
Hallittavat,16
Hoputtamaan,16
Signaaleihin,16
Kukistamisesta,16
Tietopohjalla,16
Cityvihreän,16
Tiedustelulaista,16
Hallitusvallan,16
Duunitkin,16
Ylipainoisuutta,16
Ateriarytmi,16
Ilmastoteoilla,16
Puoltoa,16
Korvikkeisiin,16
Syvälliseksi,16
Alihinnoiteltu,16
Ohitustie,16
Ylijäämäksi,16
Risteilijän,16
Stubborn,16
Päämajaansa,16
Painetutjulkaisut,16
Jäärille,16
Ihmisoikeustilanteeseen,16
Rahvaalta,16
Pelotevaikutuksella,16
Syötetystä,16
Tunnistenumero,16
Asioivien,16
Saastuttavimmista,16
Terveydelleni,16
Televisioviihdettä,16
Luovuttaen,16
Propagandaasi,16
Antisemitistisen,16
Vähäpäästöisemmäksi,16
Hysterialle,16
Vietävät,16
Auditoi,16
Epätyydyttävää,16
Seksikumppanit,16
Protestanttisessa,16
Värväsi,16
Keskushallinnolla,16
Utopiansa,16
Vientituloista,16
Korttipakkaa,16
Miehittämien,16
动态网自由门,16
天安門大屠殺,16
反右派鬥爭,16
大躍進政策,16
文化大革命,16
人權,16
民運,16
自由,16
獨立,16
多黨制,16
台灣,16
臺灣,16
中華民國,16
西藏,16
土伯特,16
達賴喇嘛,16
新疆維吾爾自治區,16
劉暁波,16
Xiaobo,16
民主,16
言論,16
思想,16
反共,16
反革命,16
抗議,16
運動,16
騷亂,16
暴亂,16
騷擾,16
擾亂,16
抗暴,16
平反,16
維權,16
法輪大法,16
大法弟子,16
強制斷種,16
強制堕胎,16
民族淨化,16
人體實驗,16
肅清,16
胡耀邦,16
趙紫陽,16
魏京生,16
王丹,16
還政於民,16
和平演變,16
激流中國,16
北京之春,16
大紀元時報,16
九評論共産黨,16
獨裁,16
專制,16
壓制,16
統一,16
監視,16
鎮壓,16
迫害,16
侵略,16
掠奪,16
破壞,16
拷問,16
屠殺,16
活摘器官,16
誘拐,16
買賣人口,16
遊進,16
走私,16
毒品,16
賣淫,16
春畫,16
賭博,16
六合彩,16
劉曉波动态网自由门,16
Tuotoksistaan,16
Vedätettyä,16
Vuotispäivänä,16
Tuhlaisivat,16
Mainosrahoitteisia,16
Vaikutusyrityksille,16
Ratsastaneet,16
Postimyynnin,16
Merenkulkua,16
Lakipykälällä,16
Tupesta,16
Eliiteistä,16
Alkuvuosista,16
Kanavapaketti,16
Tuohtunutta,16
Linerin,16
Terrorisme,16
Juomapulloja,16
Siivonen,16
Vaihdekeppiä,16
Rakennustyömaata,16
Ohjeelta,16
Kielitaso,16
Tutkimusjaksolla,16
Tuntojani,16
Kärkkäästä,16
Renttuihin,16
1pvä,16
Pulmista,16
Helene,16
Rajotuksella,16
Mässätä,16
Vaatemerkin,16
Muistanevat,16
Twiittaavat,16
Elinikäänsä,16
Harrastais,16
Vesivahingosta,16
Omalaatuisen,16
Väittelle,16
Internetfoorumeilla,16
Laimentua,16
Insuliiniin,16
Piippailemaan,16
Sulavuus,16
Evolutionäärinen,16
Lapsettomuudelle,16
Haavoittuvampi,16
Pienituloisempien,16
Tutkimuslähteitä,16
Puolustelemista,16
Nettipalvelua,16
Naisellisena,16
Hiiliverojen,16
Kuulovammaisten,16
Varoittaakseen,16
Yksityistettävä,16
Äänekkäällä,16
Nähtäviksi,16
Tilinpäätöksistä,16
Designissa,16
Vaikuttamana,16
Staged,16
Kiusallisiin,16
Edgynä,16
Potevia,16
Ettimistä,16
Lakikirjoista,16
Synagogaan,16
Necks,16
Äänestäjäkunnalleen,16
Analogiaan,16
Valheitasi,16
Kuvittelevatkin,16
Toteutuis,16
Käyttämäksi,16
Lähtöpaikalle,16
Kulttuurieliitin,16
Hyväksikäyttämässä,16
Jonkunlaisella,16
Osoitta,16
Nekrofiili,16
Vitsikirjasta,16
Mutiloida,16
Liekinheittimen,16
Kritisoimisessa,16
Sosiaalialaa,16
Pedofiliaksi,16
Menopaluun,16
Oikeistonkin,16
Selkärangattomana,16
Usuttamista,16
Vaikerrus,16
Painonen,16
Mittelössä,16
Spaden,16
Luetteloida,16
Tarvitsevaksi,16
Queries,16
Komponenttiin,16
Kovapanos,16
Käyttäjämäärää,16
Rehupunttien,16
Rääkistä,16
Älyttömiksi,16
Rpc6llj0vv4,16
Pienimpäänkin,16
Telaketjujen,16
Antaneita,16
Tuulipukua,16
Kikkeiä,16
Tuotantojärjestelmä,16
Herjauksen,16
Johdettavana,16
Naistenlehtiä,16
Sukupuolittuneeksi,16
Hietalan,16
Raamattuvyöhyke,16
Asiakasrekisteri,16
Syvällisemmästä,16
Kolumnejaan,16
Substantiivista,16
Lakaisevat,16
Puumäärä,16
Vakinaisessa,16
Käsienpesuun,16
Maksutapahtumat,16
Piikkinsä,16
Tavaroitten,16
Citation_needed,16
Kaltoinkohdelluksi,16
Osuisikaan,16
Rajaamisessa,16
Käynnistettäessä,16
Kannattaakseen,16
Honeymoon,16
Asukkaitten,16
Selventävästä,16
Ympärilleensä,16
Koostuvalla,16
Työkykyisistä,16
Spämmännyt,16
Luomissa,16
Välttämättäkin,16
Kulttuuriteon,16
Maahanmuuttajataustasta,16
Lakeista,16
Kuvamuodossa,16
Ihannoija,16
Voittavalla,16
Lievittäviä,16
Yritysen,16
Huimassa,16
Senioriteetin,16
Tulevaisuusinvestointi,16
Toteamaa,16
Rutku,16
Siirryttäisi,16
Valmentajista,16
Maalaamat,16
Altistaen,16
Reivata,16
Tainnoksiin,16
Normistoon,16
Käytännönläheisempi,16
Mahdollisimma,16
Pelinkehitykseen,16
Hallinnollisilla,16
Valmistuis,16
Pimittämiseen,16
Ympärillensä,16
Hahmotettavia,16
Puhdistamatta,16
Metikköä,16
Depenalisaation,16
L1313,16
Toisii,16
Valoisista,16
Yksityisihmisen,16
Kaupunkiseuduille,16
Kulurakenteet,16
Endorfiineja,16
Opittavia,16
Linkkaili,16
Lohkee,16
Pyytävänsä,16
Geneettiseksi,16
Nuosta,16
Kehittymättömien,16
Yksilon,16
Provosoinniksi,16
Tietopyynto,16
Vaaliva,16
Vieväksi,16
Suklaapatukoiden,16
Selvinneenä,16
Vahtiin,16
Ylläpidettävän,16
Työtämme,16
Totuttaminen,16
Kategorioida,16
Lomiaan,16
Hautautuneet,16
Tukiasemalle,16
Heiveröiset,16
Pakkaspäivä,16
Sosiopaattiset,16
Irtain,16
Tapetoitu,16
Jatketusta,16
Vitkuttelua,16
Kummallisimmista,16
Avautumisista,16
Muutamankymmenen,16
Ummehtuneeseen,16
Vähentyneenä,16
Aukeaakin,16
Yksinäisempiä,16
Lämpenemiselle,16
Pakkolunastettiin,16
Ulkomaanmatkaan,16
Sukukypsäksi,16
Maltillisin,16
Haddad,16
Yhteistö,16
Ankeissa,16
Vertailuryhmää,16
Tapahtuneena,16
Huonontavan,16
Ottelunsa,16
Haaveilivat,16
Kaatokänniin,16
Tuloisilta,16
Jolloi,16
Ekstremismistä,16
Koulutoimen,16
Include_over_18,16
Pyöreistä,16
Pankkitilinsä,16
Talousromahdusta,16
Illallisesta,16
Kokonaistuottavuus,16
Tukiasemana,16
Koristavat,16
Hectares,16
Koulum,16
Tietämyksessä,16
Kuntapäättäjiä,16
Sihdata,16
Kehityshäiriönä,16
Perhetaustatutkimusten,16
Marjanpoimintaan,16
Kasvihuoneista,16
Insseille,16
Ratiota,16
Lähitulevaisuudessakaan,16
Vertauskohtia,16
Optiseen,16
Rulee,16
Taukopaikalle,16
Observes,16
Ainiaaksi,16
Tuhoisimpia,16
Lupaillu,16
Sahkontuotannon,16
Rääkkäävät,16
Kivirekeä,16
Määräaikaisuuksiin,16
Soveltuukin,16
Kerrallakaan,16
Takaosaa,16
Antisemitistisistä,16
Soitettavaksi,16
Pessimistiseksi,16
Soittoaikaa,16
Rauhattomuuden,16
Uusintatietojen,16
Ankieliasemaan,16
Lukutoukkia,16
Lisäpaikan,16
Bergbomin,16
Petellä,16
Nurkkakuntaista,16
Sisällöntuottajista,16
Nimikyltti,16
Tunnistettujen,16
Tilkitseminen,16
Puoluetukeen,16
Puhetasolla,16
Rehabilitaatioon,16
Johtoryhma,16
Tietomäärän,16
Kasvihuoneilla,16
Metsätalousvaliokunnan,16
Rajallisena,16
Roolli,16
Ulkoilijoita,16
Nuriin,16
Vetoiseen,16
Hallitustunnustelijana,16
Suuntaukselle,16
Tovereista,16
Ärsykkeille,16
Kalastellut,16
Bhagavad,16
Yhteistyönsä,16
Levittyä,16
Vaatekaupoista,16
Toiminnossa,16
Kertonutkaan,16
Terveysjäteille,16
Is_tf,16
Parisuhdemarkkinoilta,16
Hölmöydet,16
Suurpuolueet,16
Hallitustyötä,16
Mitätöinyt,16
Nuotiopaikalle,16
Lahjomista,16
Kuntoiset,16
Maksaakki,16
Veroitus,16
Kunnianhimottomia,16
Sairastuttanut,16
Valtaväylän,16
Laiskotteluun,16
Lajikohtaista,16
Append,16
Vaatteidensa,16
Alisuorittaa,16
Kipeiten,16
Palvelutuotantoa,16
Liikennesaannot,16
Somettamisen,16
Yliveto,16
Päähenkilöön,16
Valveutuneisuutta,16
M53,16
Keisseille,16
Teoreetikkoja,16
Innovoivat,16
Merkittavia,16
Lyhentaa,16
Vastaanottavia,16
Farmarilla,16
Rintarinnan,16
Asunnonomistajan,16
Muistelisi,16
Makeutetut,16
Ulkonäkökeskeisiä,16
Kiteyttänyt,16
Jäännösvero,16
Fyysisia,16
Oloneuvokseksi,16
Ikeeseen,16
Jännittämisestä,16
Massivisia,16
Elaintaudit,16
Suurinkaan,16
Kehyskunnan,16
Lauteella,16
Mielialoihin,16
Suoritteista,16
Näidän,16
Löylytellä,16
Vihamielisille,16
Pyge,16
Valvontajärjestelmää,16
Komarovin,16
Elokuvina,16
Keskiluokkaistunut,16
Tyontekijalle,16
Senttiseksi,16
Pöhinältä,16
Kipuavat,16
Taistellu,16
Gosplan,16
Tarpeellistakin,16
Ahterinsa,16
Vaalikampanjasta,16
Esikuntaa,16
Vierailijaa,16
Toimistotuoleja,16
Pyyhkäisyllä,16
Vastikkeettomien,16
Alikessuja,16
Schmitt,16
Sisällissodista,16
Voimattomina,16
Velkakierteen,16
Äänestämäänkään,16
Mönjät,16
Sulauttamista,16
Läheisinä,16
Valtakunnalliseksi,16
Vähätuloisen,16
Litkin,16
Suosista,16
Tunkemiseen,16
Tiedettävän,16
Verotusjärjestelmän,16
Edustajiltaan,16
Konservatiivisempien,16
Porvaristolle,16
Lypsätä,16
Liitton,16
Väkilukunsa,16
Maastoautoja,16
Saarelaisten,16
Laihoilla,16
Keskittyvänä,16
Littanaksi,16
Grindi,16
Ympäriltäsi,16
Askeleelle,16
Yllätty,16
Kustuja,16
Toimitettavissa,16
Horjuttava,16
Harrastusryhmiä,16
Servicemen,16
Lasahtaa,16
Kolonialismina,16
Ministerinsä,16
Seksuaaliterveyden,16
Matalammalta,16
Deadlinejen,16
Koivistosta,16
Urheilijoina,16
Vaikutusvaltaisempia,16
Vaillinaisia,16
Hertzen,16
Huolelle,16
Tavoittelevaan,16
Salaliittoteorisointia,16
Alaäänitetään,16
Peukaloimaan,16
Valittamiselta,16
Matalimmin,16
Merialue,16
Vastaset,16
Pakottavaan,16
Hyväksyvien,16
Kurkisti,16
Opiskeluna,16
Menus,16
Polkaistiin,16
Häröilemään,16
Satiirisivusto,16
Häpeilee,16
Välienselvittelyjä,16
Kivijaloista,16
Vankeusrangaistuksista,16
Tuntipalkoilla,16
Ansaintalogiikan,16
Rummuttaisi,16
Syntyvyysluku,16
Päästetyt,16
Raaputusarpoja,16
Vahvistuksena,16
Moottoroitua,16
Lojaliteetit,16
Mieliks,16
Nestemaiset,16
Tykkäämässä,16
Snyderin,16
Edellyttäessä,16
Työmää,16
Himaansa,16
Taltutti,16
Träkkää,16
Turhanaikaista,16
Tainnutettu,16
Loukkaantuvia,16
Aiheuttajalle,16
Vaihtorahana,16
Vipeltäjiä,16
Likimäärin,16
Kamalimmista,16
Lingoa,16
Saarnanneet,16
Punched,16
Kurkistelee,16
Uhkakuvasta,16
Päätelmääsi,16
Työtaisteluja,16
Poimittavaksi,16
Rikkinäisyys,16
Käyväsi,16
Veljeen,16
Sanoneetkin,16
Hypähtää,16
Segmentteihin,16
Tiivistämiseen,16
Rikkoutumiseen,16
Laukkusi,16
Korjautuvat,16
Mukiinmenevän,16
Keinottelusta,16
Dumpattaisiin,16
Rajoittuneiden,16
Ajattelutapaani,16
Kaivamisella,16
Pelätyin,16
Tupakkakopissa,16
Valitsemiin,16
Elämänvalinta,16
Kerskailla,16
Hengenlähtöön,16
Kengännumeroa,16
Sukankuluttajille,16
Sotshin,16
Roistovaltiota,16
Koreilee,16
Mieluisempaa,16
Syyttelevä,16
Pikkuautoa,16
Myyjänkin,16
Heräilevät,16
Kauneusihanteen,16
Naristaan,16
Akkutehtaan,16
Eläneeni,16
Rumemmaksi,16
Vapaalipun,16
Tähdissä,16
Superhalpa,16
Mieleisin,16
Ujuttaminen,16
Vilauksella,16
Lentelystä,16
Kuolinilmoituksia,16
Lukasenkan,16
Agendoihin,16
Peruuttamattomaan,16
Livahda,16
Vedotessa,16
Kasvatettavana,16
Mattson,16
Ajattelumalleista,16
Kannustaakin,16
Samea,16
Liiaan,16
Downshiftaamista,16
Takaavaa,16
Suoltamalla,16
Kommentiani,16
Rööriä,16
Kouristuksia,16
Positiivisemmassa,16
Vikmanin,16
Kokoaikatöihin,16
Pöhinälle,16
Hämännyt,16
Tehohoitajat,16
Työllistäjistä,16
Vieruskaveria,16
Avaaman,16
Liinoilla,16
Nuhaisena,16
Sovelluksilta,16
Järkiä,16
Puhinaa,16
Totalitarismiksi,16
Karmahuorauksen,16
Kräkkiä,16
Luontoääni,16
Karsimisessa,16
Muovinkierrätykseen,16
Laakkeiden,16
Viihteellisiä,16
Hyvinvoinniksi,16
Tutkittavakseen,16
Turvavöissä,16
Jaeltua,16
Suoristettu,16
Kannustinloukuissa,16
Linjoistaan,16
Kumartamassa,16
Jien,16
Puoluetovereita,16
Toimintaanne,16
Kunnallisesti,16
Leikatuilla,16
Tangenttia,16
Tekstipostauksena,16
Hankaloittavan,16
Koskettamista,16
Prinsessaksi,16
Vartioimisalueella,16
Sopineensa,16
Asunnon_ja_tyopaikan_valiset_matka,16
Politikkoihin,16
Hiottavaa,16
Tekoälymalli,16
Kaisaniemenkatu,16
Hyllytilan,16
Ikäistynyt,16
Megaprojekteja,16
Vaikutetta,16
Kurskin,16
155cm,16
Kulttina,16
Puolestapuhujaksi,16
Talonpoikaa,16
Rantuja,16
Rikkakasvien,16
Kielteisiksi,16
Pelastumisesta,16
Porskuttaisi,16
Eräilyyn,16
Consumes,16
Lounastauoilla,16
Edustustilaisuuksissa,16
Vastahakoisuutta,16
Työharjoitteluita,16
Hulluudelta,16
Istumisessa,16
Nettitrolleja,16
Saturaisen,16
Kaupunkejaan,16
Narsisteista,16
Ramsteinin,16
Elinoloissa,16
Vanhuksiakin,16
Palokaasuja,16
Itseän,16
Prosessoitavaksi,16
Ikiaikaisena,16
Irtaantuneen,16
Vaihdoksessa,16
Kantsinu,16
Persneton,16
Hyvejää,16
Syytteelle,16
Jjoo,16
Sadistiseen,16
Paskakasat,16
Syrjäytyi,16
Lähetettävissä,16
Naisoletettua,16
Kumpuavasta,16
Innokkuudesta,16
Mielenterveydellisestä,16
Inferences,16
Ulinassa,16
Kököttäminen,16
Peseytynyt,16
Korvaustason,16
Lällättelyyn,16
Valutettua,16
Laadukkuutta,16
Suuntautumiseksi,16
Vuokrarästejä,16
Vangitsemisia,16
Fyysisest,16
Rehnillä,16
Terveyseroja,16
Jalanjäljestä,16
Riskianalyysia,16
Tupessa,16
Useammilta,16
Geenissä,16
Hylkäykseen,16
Lapsenvahtia,16
Syynättäisiin,16
Uskonnonharjoitukseen,16
Jouduttaneen,16
Vertailumaiden,16
Lainsäädäntötyön,16
Puolimahdotonta,16
Vkour,16
Lainvoimaisella,16
Rinnastuvan,16
Hallintotapaan,16
Aivohalvausta,16
Kurkkuaan,16
Pääasissa,16
Kiviaineksen,16
Katsookaan,16
Saajiksi,16
Kaunistamaan,16
Vastuunkantamista,16
Automaatiolta,16
Kulutushuippuja,16
Onnettomuuspaikan,16
Vierähtäny,16
Junamatkalle,16
Viestipalvelussa,16
Maksavasi,16
Häiriötilanteen,16
Stereotyypeillä,16
Pelkääkään,16
Porttikieltoon,16
Lapseesi,16
Singahti,16
Toivomatta,16
Työkyvyttömyyseläkkeeseen,16
Blokkipolitiikkaa,16
Grammoina,16
Toimintakulttuuriin,16
Syyti,16
Löytyäkseen,16
Pelkotilaan,16
Dokumenttisarjaa,16
Sukupuuttoaaltoa,16
Syrjäydyt,16
Världen,16
Koulutuskäyttöön,16
Kuwaitissa,16
Ylimmäisenä,16
Jarruttavan,16
Päiväpolitiikan,16
Öyhöille,16
Huomatavasti,16
Lämpöennätyksiä,16
Kumonneet,16
Kariutua,16
Kursorisesti,16
Combatants,16
Epäonnistumistaan,16
Fantasioinnista,16
Sairastuvien,16
Nenäsuoja,16
Leviämisluku,16
Viimesijaisesta,16
Oireettomalta,16
Sekoilisi,16
Tartuntaketjuista,16
E4h,16
Nextstrain,16
Porrastettua,16
Ilmaannuttua,16
Ulospääsyyn,16
Scpwps,16
Automaatioaste,16
Saarenmaalla,16
Tukahduteta,16
Nykytahtia,16
Palveluntuotantoa,16
Propagandist,16
Työhönhaku,16
Etäännyttäminen,16
Sairastamatta,16
Puntarille,16
Viirukset,16
Koronaepidemiaa,16
Viljoihin,16
Indland,16
Vaarantaisivat,16
Syöpäpotilaalle,16
Virallinenkin,16
Mallisena,16
Kuormittumisen,16
Instrumentaaliarvo,16
Roskalainoja,16
Ylittämästä,16
Ääriaatteita,16
Ahdistelematta,16
Karkeutta,16
Paskamedioiden,16
Selittelyksi,16
Tärvelevät,16
Sairastettuaan,16
Vastaanotetut,16
Luukutti,16
Valkopesulta,16
Välinpitämättömänä,16
Jyrkemmäksi,16
Vammautunutta,16
Sairastaisin,16
Avaavasta,16
Yrityksista,16
Vajaakuntoisia,16
Torjumiselle,16
Tilannekeskus,16
Ruukusta,16
Rituaalipuhtaudesta,16
Kurimusta,16
Pienhiukkasiin,16
Merkitystäkään,16
Turvaetäisyydet,16
Lobbaamat,16
Clauses,16
Ostoskassia,16
Layoutti,16
Avoimuudelle,16
Sormenpäitä,16
Ylikirjoittaa,16
Paistopinnan,16
Overvaagning,16
Hätärahoitusta,16
Työviikoilla,16
Aerosolia,16
Videopuhelussa,16
Terveysfirmoihin,16
Vittuilis,16
Punnitusta,16
Talouslama,16
Suvaitsevampia,16
Koukuttavuuden,16
Финляндия,16
Heiluriliikettä,16
Huonettaan,16
Sadonkorjuuta,16
Ylistyksen,16
Kaksikielisiksi,16
Erityisasemansa,16
Juontama,16
Sivuvaikutuksien,16
Palopuhe,16
Löyhempien,16
Aliarvioineet,16
Juhlallisuuksia,16
Silvottuja,16
Mediayhtiöitä,16
Terveysvirasto,16
Haukkoen,16
Pärrää,16
Sähköajoneuvot,16
Kierrosluku,16
Työkokemustakin,16
Sosiaalitoimea,16
Riskivapaata,16
Riikonen,16
Koronavirusrokotetta,16
Australiassahan,16
Lelujaan,16
Yleisvaarallista,16
Kavanaughia,16
Korjaajaa,16
Toimivallassa,16
Sivuvaikutuksille,16
Googlaamista,16
Epäoptimaaliseen,16
Pysya,16
Pylväistä,16
Nollapistettä,16
Alkavani,16
Keksineeni,16
Työehtoneuvotteluissa,16
Pelkäämässä,16
Metsäpoluille,16
Peruunnu,16
Pienyrittäjiltä,16
Postailuun,16
Hajustetta,16
Vallansiirto,16
Muutettaviksi,16
Eronneensa,16
Kirjoittamistani,16
Hautausta,16
Apupojaksi,16
Metroasemasta,16
Taantumukseen,16
88a,16
Pankkiireita,16
Volyymiltaan,16
Hienonnettua,16
Varotukset,16
Kuluttavalle,16
Voimassaolosta,16
Morpork,16
Merkkais,16
Violates,16
Julistaessaan,16
Kuolemantapauksesta,16
A9n,16
Himokkaita,16
Ajoittuivat,16
Riisut,16
Liikuttuu,16
Huomaamisesta,16
Economictimes,16
Toistuessa,16
Rankkaamaan,16
Relevanttiutta,16
Murhattavaksi,16
Ihdi,16
Viestintäministerin,16
Korjaajalle,16
Criminality,16
Tunnustamia,16
Välinpitämättömyydeksi,16
Kohtuukäyttäjistä,16
Toimituksensa,16
Ilahduttanut,16
Orpolasta,16
Rankkareita,16
Jätöksistä,16
Sairaushistoriaa,16
Perustuslaillisuutta,16
Lähetystöneuvos,16
Pysäyttelemään,16
Tutkimusartikkeleita,16
Yritysjohtoa,16
Paasion,16
Karttuvat,16
Tahmeaksi,16
Tärkeimmälle,16
Eliittinä,16
Ikäryhmällä,16
Nousevissa,16
Rupateltua,16
Infrastrukstuuri,16
Jäänneet,16
Poistumiselle,16
Leppävirran,16
Vertautuvia,16
Alkutuottaja,16
Tiedusteluorganisaatioiden,16
Disclaimereita,16
Hyppäämisestä,16
Epäonnistujien,16
Yhteistyökumppaneina,16
4cae,16
Sokerimäärän,16
Oireisten,16
Vanhuspalvelujen,16
Sähköjohtoa,16
Somepostauksista,16
Oikeaoppisella,16
Kamuille,16
Tavoittelemalla,16
Kryptatun,16
Kuivattavat,16
Tieteille,16
Beredskap,16
Palokuntaan,16
Käydäkseni,16
Pankkipäivänä,16
Käskemänä,16
Francana,16
Räplättyä,16
Epäselkeitä,16
Murtavat,16
Konfiguraatiossa,16
Ylimmääräistä,16
Halpamaassa,16
Rodunjalostukseen,16
Negatiivisistä,16
Tunnottomuutta,16
Käännytetyksi,16
Kahvinkeiton,16
Luikertelua,16
Ratet,16
Yliyksinkertaistettu,16
Hanttihomma,16
Naismaisia,16
Oluttölkkiä,16
Oluttölkit,16
Piireistään,16
Hankkiminenkin,16
Selitettyjä,16
Määrityksellä,16
Perusmuotoista,16
Tuplajuuston,16
Kuplassamme,16
Verbille,16
Karttui,16
Lakisääteisessä,16
Näkymällä,16
Rämpimässä,16
Loukkauksien,16
Doksausta,16
Muuallekki,16
Moniksi,16
Ajattelisikaan,16
Tollasee,16
Sydänmaille,16
Merkityissä,16
Palvoivat,16
Kehonmuokkaus,16
Sarjanumeroa,16
Viikkotunneilla,16
Tahdikkuutta,16
Täytettyäsi,16
Kuvittelemasta,16
Polveudu,16
Aktualisoituu,16
Sopimusvapaudesta,16
Muuntautumaan,16
Kiihtyen,16
Propagandaosasto,16
Kutistettua,16
Normative,16
Pjw,16
Puivat,16
Massatyöttömyyteen,16
Piilottelivat,16
Ymmärtäväisemmin,16
Palvelis,16
Henkilollisyys,16
Tahnaksi,16
Jlokka,16
Länsimaailmalle,16
Kytkemiseen,16
Ulostettu,16
Peittämiä,16
100ms,16
Lähtemättömästi,16
Suuttimista,16
Eroamasta,16
Motiiveistasi,16
Rekkaliikennettä,16
Käyttäjänimeen,16
Softaprojekteja,16
Lahoavaa,16
Hyytymistä,16
Tuntomerkeillä,16
Halpatyöläisten,16
Diminish,16
Farmaria,16
Kustannustehokkaammaksi,16
Aitä,16
Puutumisen,16
Rahdilla,16
Kyökissä,16
Tiedoiksi,16
Timeframe,16
Naisystäväsi,16
Arvostuksia,16
Jurppia,16
Kahdenkeskiseen,16
Omastatunnosta,16
Suhtautuvista,16
Välilehdelle,16
Siirtymistään,16
Politiikkaankin,16
Punssia,16
Takkuillut,16
Taivutettuna,16
Videotallenteita,16
Kyykkäys,16
Suvunjatkamiseen,16
Ahtautuu,16
Jakajaan,16
Automatisoitaisiin,16
Hirttämisestä,16
Naljailevat,16
Korostuivat,16
Sisäistämällä,16
Politisoinnista,16
Reutersilla,16
Asetetussa,16
Julkistavat,16
Kytiltä,16
Kulloistenkin,16
Näpäyttääkseen,16
Jarruttamisesta,16
Kriittisempään,16
Uskonasioihin,16
Työtekijöille,16
Äänienemmistö,16
Kylpyvettä,16
Maalailusta,16
Päässytkin,16
Rokoteen,16
Haittamaahanmuuttajia,16
Seuratakseni,16
Akkutehtaita,16
Raskaampana,16
Verotettuun,16
Sheivattu,16
Investoidut,16
Tietämättömyydellään,16
Mahdottomampi,16
Kermaperseiden,16
Innokkaalta,16
Edistävästä,16
Kassua,16
Käsittämättömälle,16
Tiputteli,16
Ikäluokassaan,16
Notskin,16
Dumppaamista,16
Kuuluisilla,16
Perinnöttä,16
Kanssamatkustajille,16
Hattuvakio,16
Puhelinlaskussa,16
Suostuva,16
Anteeksipyyntönä,16
Ahdistusoireita,16
Rahoittavansa,16
Kaasupohjassa,16
Alkoholillisia,16
Stanton,16
Sähköpostiaan,16
Kapselissa,16
Paahdot,16
Taitane,16
Höpötyksestä,16
Oksidatiivista,16
Feminismiltä,16
Kielialueella,16
Oirehtivat,16
Eksoottiseksi,16
Vaateistaan,16
Kuulutettua,16
Rhonda,16
Raideleveydellä,16
Bussivuorot,16
Hämärtyi,16
Esitysoikeuksia,16
Takaamana,16
Tulkitsijana,16
Koetettaisiin,16
Homoparia,16
Urkkivat,16
Hallitseville,16
Suklaakeksit,16
Paraneekin,16
Sukupuolenkorjaushoitoja,16
Polttelussa,16
Ilmatilaansa,16
Aseellisista,16
Shilli,16
Luovalta,16
Kovaankin,16
Kesäleireille,16
Koettelemukset,16
Taulukkopalkan,16
Alkuvuodelta,16
Vastenmielisellä,16
Tunteenpurkaukset,16
Oppilashuollon,16
Kakkosnelosen,16
Huiteilla,16
Tunnukselta,16
Sensellaisesta,16
Veiled,16
Invapaikoille,16
Uudemmalle,16
Rotupolitiikkaa,16
Välttäny,16
Sellaisenakin,16
Svatoven,16
Q0cu66,16
Kiuluun,16
Kupianskin,16
Koulupukua,16
Eerik,16
Voitakin,16
Vuoristosta,16
Tulosiirrot,16
Perustarpeilla,16
Univelkoja,16
Ihmisainesta,16
Rikkaimmaksi,16
Ideoitasi,16
Alkanevat,16
Kapinoinnista,16
Vaihdetun,16
L24p8,16
Minimille,16
Laitakaupungille,16
Kokonaisuuksissa,16
Edustuskelpoinen,16
Tienatakin,16
Poistuvansa,16
Estäjät,16
Antiperspiranttia,16
Vemputtaa,16
Täkki,16
Terveydeltään,16
Säännöiksi,16
Hierarkioissa,16
Filosofeille,16
Talousosaamisesta,16
Naukua,16
Henkiö,16
Etujesi,16
Tietotasoa,16
Palvelleista,16
Hamstrattiin,16
Hyökkäysase,16
Kiloilla,16
Panuraatikainen,16
Epäjohdonmukaisuudet,16
Pilailee,16
Grillaavat,16
Sirinää,16
Seikkailuna,16
Puheterapeutilla,16
Myyränä,16
Ylittäjiä,16
Mausteiset,16
Viestimällä,16
Hankintahinnassa,16
Löylyvettä,16
Skitsofrenialle,16
Pakkolunastusta,16
Vajakeille,16
Uniikissa,16
Suomiaksentti,16
Miespuoliseen,16
Puhkomassa,16
Autofirman,16
Osmolta,16
Zoomaamaan,16
Suunnittelemisen,16
Projektirahaa,16
Avauksissa,16
Siunatun,16
Gagarin,16
Kovennus,16
Fiiliksistään,16
Arvonkehitys,16
Seksirobotteja,16
Toistettaisi,16
Opintoviikon,16
Selittämättömät,16
Säätimet,16
Kuvamateriaaliin,16
Kylmenevät,16
Kapinahenki,16
Osuuttasi,16
Viehättyä,16
Kyseisenlaisen,16
Riensivät,16
Traumoistaan,16
Prepositioita,16
Postitusta,16
Delendam,16
Obamakaan,16
Toisellekkin,16
Pehmustaa,16
Asenteistasi,16
Lisäpalvelun,16
Kovapalkkaisessa,16
Naamiaisasu,16
Thumbnailit,16
Kyttäykseen,16
Valaisusta,16
Saaduissa,16
Kiertämisessä,16
Twiittaajaa,16
4eva,16
Muinaiskuninkaista,16
Hukuttaisi,16
Yhteyshenkilöiden,16
Elelly,16
Vastikkeettomana,16
Opintokokonaisuuksia,16
Etlehti,16
Porsaanreikään,16
Lapannut,16
Verisuonitaudeista,16
Naksuttelee,16
Loogisimmalta,16
Hymähdellä,16
Palapelistä,16
Trippailu,16
Tyrehtymään,16
Elinympäristöönsä,16
Koulutushaarat,16
Kyvykkäille,16
Tonnepäin,16
Ratsioista,16
Itsestäänselviltä,16
Asemastani,16
Paremmmin,16
0t5iptxdpbi,16
Raharikkaita,16
Puoluettomuuden,16
Projectile,16
_type,16
Luottamasta,16
Kaavit,16
Boostausta,16
Värittyneesti,16
Yhteneväisyyden,16
Virologiasta,16
Seksisminä,16
Puuvaja,16
Oikeusten,16
Puoluetoimistoihin,16
Suvereniteettiaan,16
Ulkomuotonsa,16
Karhuamassa,16
Yrittäneenä,16
Pärjäämiseksi,16
Töllöttimen,16
Tasalaatuisuus,16
Perehtymättömiä,16
Äänekkäisiin,16
Vierelläni,16
Mediataloihin,16
Kilpailuhenkeä,16
Ymmärtävätkin,16
Ulostavat,16
Kognitiivisilta,16
Pohjatieto,16
Rokottautumista,16
Pauhannut,16
Päivänään,16
Ristiaallokossa,16
Pahenemisesta,16
Muuttokustannukset,16
Ehdottomiksi,16
Pahoittelemassa,16
Määreillä,16
Syntymiseksi,16
Horjuvaa,16
Sopiman,16
19km,16
Bannattaisiin,16
Maailmankuvassaan,16
Skeptisyyteen,16
Tuotteellaan,16
Subannut,16
Tallennella,16
Miittien,16
Patenttiin,16
Sutjakammin,16
Rikostyypin,16
Jengiksi,16
Kovinki,16
Kertotaulut,16
Perussuomalaisina,16
Valintaprosessiin,16
Viljellen,16
Tyottomyytta,16
Geneerisempi,16
Loviisaa,16
Sääntörikkomusten,16
Rationaalisiksi,16
Omanasi,16
Salasanamanagerin,16
Onnellisimmista,16
Uliseen,16
Sivistymättömän,16
Tion,16
Subiksi,16
Toistuvassa,16
Keittivät,16
Sopeutuneen,16
Ponnistettu,16
Kroonistumaan,16
Planeetastamme,16
Penneistä,16
Vapautettavaksi,16
Muistuttavasta,16
Piratisoida,16
Samantasoisista,16
Mielenkiinnonkohde,16
Rauhanturvaajista,16
Pommituksella,16
Arvelun,16
Harkinnalle,16
Etuahan,16
Harkintavaltaansa,16
Äänemme,16
Pyykinpesusta,16
Lainalaisuuksiin,16
Hynysen,16
Himourheilija,16
Kouluprojekti,16
Jämähtämään,16
Nationalisteista,16
Muuveja,16
Rakentuneen,16
Härskiintyy,16
Rotusyrjinnästä,16
Sydämeltään,16
Onnettomampi,16
Sotapäällikön,16
Kylppäreitä,16
Kertomisella,16
Kirjoituskoneen,16
Markkinataloudet,16
Näkövinkkeliä,16
Suunittelemaan,16
Adoptoineet,16
Arhinmäkikin,16
Värilämpötilaa,16
Vuorokaudenajan,16
Tomua,16
Myyntipuheluita,16
Pureskelun,16
Kirjailijoilta,16
Huolellisuudesta,16
Hiilareihin,16
Toteutuvia,16
Ammattitaitoni,16
Kuluvaan,16
Suullisten,16
Monipuolisiin,16
Aluevaltauksia,16
Palvelimensa,16
Tuulissa,16
Kohtaukselta,16
Elämiään,16
Suvainnut,16
Alitajuisesta,16
Yhteiskuntakelvottomaksi,16
Lisäreiden,16
Kitkuttelemaan,16
Sähkökatkoksiin,16
Nurkkaansa,16
Solmulle,16
Kitkisi,16
Ikäpolveen,16
Hahmottelu,16
Mukavemmalta,16
Erikoistehtävät,16
Viittavia,16
Tonttivuokria,16
Pahantekijöiden,16
Kateudeksi,16
Luisuvan,16
Molempii,16
Loitsua,16
Tsydeemin,16
Nettonykyarvo,16
Halujasi,16
Putkahdella,16
Tuplavuoroa,16
Höyryistä,16
Parisuhteeksi,16
Ihannoisi,16
Vaiensi,16
Negativiisia,16
Henkilökemia,16
Säästöjäsi,16
Pelaavani,16
Syöpänsä,16
Soluttaa,16
Roolitusta,16
Käyttäytymismallista,16
Poikaystävälleen,16
2qt72u,16
2i668f,16
Kotvanen,16
Näpertelemään,16
Muunnellut,16
Estolistaa,16
Kalusteilla,16
Jättifirma,16
Matkanopeuteen,16
Miellyttävien,16
Normitettu,16
Mainoskampanjoilla,16
Bannaamiseen,16
Bulevardeiksi,16
Pekkola,16
Vaalitarkkailijat,16
Resolving,16
Artworks,16
Häveten,16
Kiinnittyisi,16
Rikoksentekijöistä,16
A4imet,16
Moniavioisia,16
Postikonttoriin,16
Ulisisi,16
Teollis,16
Ulottuvuutena,16
Itsemurhapommittajia,16
Koplattu,16
Räätälöintiä,16
Utexas,16
Sfääreistä,16
Verovähennyksinä,16
Tallaajakin,16
Potilaskertomuksen,16
Kakkoskielenä,16
Fyrkasta,16
Avioparit,16
Rekisteröidyksi,16
Arvovallalla,16
Kosteudelta,16
26t,16
Lupamaksua,16
Vastava,16
Sateenkaarivärien,16
Metsitetään,16
Päätoimittajaan,16
Kotiaho,16
Liimailtu,16
Ravinnonsaanti,16
Yömyöhällä,16
Holgersson,16
Ymmärtämä,16
Silitti,16
Uskonnontunneille,16
Viisivuotissuunnitelman,16
Kantajaksi,16
Luomukset,16
Kätkettyjä,16
Kamaliin,16
Tyypata,16
Miehittäjälle,16
Valtionverotuksessa,16
Vaikutuksineen,16
Succesful,16
Vuotisten,16
Uusliberalistit,16
Etupiirijaosta,16
Kovetettua,16
Henkilöidy,16
Avoinyliopisto,16
Kaiteessa,16
Pääkieltä,16
Lakkoilevan,16
Injektion,16
Valtakulttuurista,16
Riskinottajia,16
Takakireä,16
Depressioon,16
Perehtyisivät,16
Coen,16
Kryptattuja,16
Tuomiojakin,16
Extracted,16
Öykkäriä,16
Pääomatuloistaan,16
Koodiaan,16
Vihaani,16
Lasagna,16
Loituma,16
Pelottaviin,16
Lomaansa,16
Toteutuksena,16
Älyttömiltä,16
Asiakkaitamme,16
Asumistukina,16
Synnyttiin,16
Kiihottamisrikoksen,16
Teleskooppipampulla,16
Lähös,16
Kuriteta,16
Kehittymättömyys,16
Jääviksi,16
Siirtomaasta,16
Lamauttavat,16
27_tie_001_fi,16
Harrastettavan,16
Julkisuutensa,16
Paskojaan,16
Tasapainoiselle,16
Päälliköille,16
Ottamaansa,16
2010s,16
Eläkevakuutuksia,16
Intiaaneihin,16
Populationpyramid,16
Syyllistettäisi,16
Symbooleja,16
Rötöstelyjä,16
Monimutkaisiakin,16
Confess,16
Valmistusprosessista,16
Paljastaja,16
Kärjistyksillä,16
Vaarattomiksi,16
Kiireettömästi,16
Mahdollisien,16
Vilppulassa,16
Smirnov,16
Kulmakarvojani,16
Simpele,16
Mainostoimistolta,16
Myönnytään,16
Viinapullossa,16
Sekoamisen,16
Houkutinta,16
Jämäköitä,16
Surkeimmasta,16
Kunnioittavasta,16
Veroeduilla,16
Taxia,16
Todettais,16
Signaaleista,16
Virkoihinsa,16
Sensuurina,16
Matkustanu,16
Juoksupoikana,16
Rauhoitun,16
Sekulaareissa,16
Newwindow,16
Kaveeraamista,16
Mieleentuleva,16
Tyylilajissa,16
Hiekkasäkkejä,16
Tuttavallisia,16
Rohkaistiin,16
Rääkättyä,16
Tiedostamattani,16
Tekemättäkään,16
Sosiaaliliberalismia,16
Alueelliselle,16
Lanseerauksen,16
Nolaamassa,16
Talousahdinko,16
Jääntiä,16
Hintamuutokset,16
Parantajia,16
Välittyvän,16
Viihtyvänsä,16
Operoineet,16
Suomen_juutalaisluovutukset,16
Syklisyys,16
Tietoturvallisuutta,16
Hassuttelemaan,16
Tajunnanvirrasta,16
Kallisen,16
Photoshopattuja,16
Liityttäisi,16
Suorasukaista,16
Nonsgml,16
Kotiinpaluuta,16
Välittämää,16
List_of_countries_by_carbon_dioxide_emissions,16
Havittele,16
Nicheen,16
Kaatuneille,16
Palkakseen,16
Apparaatti,16
Puolustusministeriltä,16
Pitenivät,16
Yhteisöiksi,16
Uhoamassa,16
Juristeihin,16
Alihankkijansa,16
9min,16
Päästörajoja,16
Leikkipaikoilla,16
Raadollisuuden,16
Substantiivia,16
Etuutena,16
Resursseineen,16
Kädenväännössä,16
Maailmankatsomuksista,16
Epäilemällä,16
Yhteiskuntarakenteeseen,16
Järjestäessä,16
Miehineen,16
Alypuhelin,16
Mielenterveyspotilasta,16
Kalastellessa,16
Kaavoitettaisiin,16
Tanakasti,16
Aliarvoida,16
Jumittuneita,16
Oikeussääntöjä,16
Uskontokuntansa,16
Suojelevien,16
Tulenpalavasti,16
Kritisoitavaksi,16
Propagointi,16
Vartioituja,16
Edustamastaan,16
Keskittyvissä,16
Viboilla,16
Järkkyisi,16
Vaikutuksiakin,16
Konvertointi,16
Junailua,16
Painostat,16
Captures,16
Valtionvallan,16
Pääaiheena,16
Tiedostettuja,16
Lomakohteita,16
Kieltäytyny,16
Rbs,16
Betoniseinän,16
Sovinisteiksi,16
Kuuluttamaan,16
Fiktiona,16
Paisuttanut,16
Nuorisotyöntekijöiden,16
Ilmentymisestä,16
Noukittu,16
Ravistelevat,16
Eturyhmiin,16
Reeneihin,16
Underrepresented,16
Täystyöllistettyjä,16
Viattomuudesta,16
Omaamisesta,16
Tietoyhteiskuntaa,16
Replaa,16
Höyläämässä,16
Kavennettaisiin,16
Analogioiden,16
Akuutimpia,16
Itsetarkoituksena,16
Kiusaavia,16
Kuutosta,16
Otsikoituna,16
Kännykästään,16
Hyötysuhteiden,16
Monoliittisena,16
Takuuvuokrat,16
Läävään,16
Täsmällisellä,16
Syntymäni,16
Tappiolta,16
Jakelijoita,16
Elelevän,16
Oikeutetummaksi,16
Viettäväni,16
Recognizable,16
Vahtikoiraksi,16
Hitusenkaan,16
Parvesta,16
Lyhentävä,16
Jäädytettäisiin,16
Kehittelisi,16
Yllättävillä,16
Lainvalvonnassa,16
Kuolemanjälkeisestä,16
Karttuisi,16
Leimatut,16
Siepannut,16
Malirannan,16
Valitsemistaan,16
Skeptisemmin,16
Superpaska,16
Mukanaa,16
Tutkielmasta,16
Lausumiensa,16
Volvocars,16
Kykyjänsä,16
Denialistinen,16
Kirjanpidollista,16
Hallintoporras,16
Urquell,16
Mamuiksi,16
Visioinut,16
Kidnappaamaan,16
Heterogeneity,16
Antavalle,16
Käsilaukulla,16
Ellää,16
Hipput,16
Tupput,16
Täppyt,16
Lainsäädäntöelimien,16
Työnsyrjään,16
Liskojuutalaisten,16
Nahkapuoli,16
Muusina,16
Dediksen,16
Rokotettavien,16
Pistoksesta,16
Pedanttisesti,16
Aggregaattitason,16
Poystilta,16
Punninnassa,16
Horjahti,16
Vaientamisen,16
Esimiesvastuuta,16
Repeatillä,16
Hankkiakaan,16
Lipwig,16
Voittojensa,16
Veressään,16
Reflektioon,16
Surunsa,16
Naisvihamielisyyttä,16
Kerhohuoneelle,16
Raketoisi,16
Talouskehitykseen,16
Propagandakampanjaa,16
Menneeksi,16
Puolustuksessaan,16
Lahjetta,16
Kiittelevät,16
Tahallisiin,16
Hyvaksikaytto,16
Leijonakorun,16
Mahollistaa,16
Rokotestrategia,16
Hoidellut,16
Pratchettia,16
Alkuperäisasukkaille,16
Pseudotieteeksi,16
Terroriteoksi,16
Daytime,16
Nollatasosta,16
Nauttiakin,16
Pirinistien,16
20eu,16
Valmistavalle,16
Naurahduksen,16
Viidenneksessä,16
Sisällöillä,16
Serkusavioliitot,16
Leviävistä,16
Tartuntareitti,16
Osingonjakoa,16
Teknisempiä,16
Puolustamiselta,16
Verenperintöä,16
90246d84,16
Fd8c,16
Cb2c,16
2510cccca1d3,16
Perinhän,16
Из,16
Könttiä,16
Imvn,16
22d,16
Hyveliputtamista,16
Vedotakseen,16
Perusajatuksesta,16
0az7dgry,16
Theglobaleconomy,16
Silpomalla,16
Pötkiä,16
Puutöistä,16
Vuodeosastot,16
Tuntiliksan,16
Laisille,16
Yhteistyökumppaneista,16
Viljelemisestä,16
Kenoshan,16
Tekemässäkään,16
Ystävällisistä,16
Madsen,16
Maalaiseksi,16
Itsevaltiasta,16
290e,16
Sosialisoitiin,16
Opiskelevilta,16
Ikäluokkaansa,16
Ytkn,16
Saastuttavampia,16
Reilumpaan,16
Vanhempansakin,16
Vainotuin,16
Nähtykin,16
Palkkaorjia,16
Tunnelatauksen,16
Liikakasvua,16
Kiihottavana,16
Verhoutua,16
Käsilaukkuja,16
Kuvittelematta,16
Kiinnitettäviä,16
Tietopakettia,16
Levätessä,16
Arvostelemista,16
Agressiivisiksi,16
Minipelejä,16
Löytymiselle,16
Pukkaria,16
Perhesuhde,16
Odotettavat,16
Kestonsa,16
Nivoa,16
Kahminut,16
Katraan,16
Sallitulle,16
Piruilla,16
Trillereitä,16
Suojelurahojen,16
Lausumana,16
Hirveelle,16
Naamakuvaa,16
Ompelemista,16
Louhimiehestä,16
4pvä,16
Kuiteskii,16
Öyhöistä,16
Pelimonopolin,16
Värkännyt,16
Kiitollisempi,16
Kauppahinnat,16
Crichton,16
2007scape,16
Matalempaa,16
Popsimista,16
Sieluasi,16
Vallankäytöllä,16
Koronatesteistä,16
Mummoksi,16
Tottelevaisia,16
Pläjäyksestä,16
Ylitsepääsemättömänä,16
Leveemmin,16
Painotetusti,16
Lorauksen,16
Aikomuksistaan,16
Virkaanastujaisista,16
Faktoineen,16
Tutkimusotetta,16
Nakkelevat,16
Hännystelevät,16
Harrastamisella,16
Kuviolle,16
Konservatiivistä,16
Kuljetusmaksua,16
Vähättelijöitä,16
Poliitikkaa,16
Ängennyt,16
Palkkatasoissa,16
Demarikansanedustaja,16
Viehätyksestä,16
Keskustelutavasta,16
Osareita,16
Pyysikin,16
Pikkukoiran,16
Ampumaa,16
Biitsille,16
Oligarkiaksi,16
Maineikkaan,16
Tarkkailijoiden,16
Vastaanottaisi,16
Kansakouluun,16
Giffit,16
Karauttaa,16
Ääliöiltä,16
Nappaamiseen,16
Maankäytössä,16
Karkoite,16
Äijäporukan,16
Voivotellut,16
Sadistisesta,16
Jossiteltavaa,16
Annoskoossa,16
Historianopetuksessa,16
Sakeimmat,16
Näivettyneet,16
Screencappeja,16
Ulkonäkösyistä,16
Jelpata,16
Oppiarvo,16
Tekijänoikeussuojatun,16
Joustavana,16
Isovanhemmistaan,16
Nautittaisiin,16
Menessa,16
Toimitiloihin,16
Nivusten,16
Sisainen,16
Eripuraan,16
Teokraattista,16
Konetykki,16
Marknaden,16
Aktiehemsidan,16
Rahareikänä,16
Kohteidensa,16
Tarinoihinsa,16
Hehkuttamaa,16
Palautteelle,16
Yllätyksiltä,16
Spekuloinnille,16
Asiantuntijaraportti,16
Darkwebissä,16
D3ncwv2e9zpfbf,16
Sisaruksistani,16
Juutalaiskysymykseen,16
Lainasumman,16
Vihollistaistelijoita,16
Viitalan,16
Mädättäjiksi,16
Fanaattisten,16
Rikastuttamista,16
Löytyville,16
Herrarotuun,16
Pikakuvakkeen,16
Ottajille,16
Moninkertaistaminen,16
Hormonitoiminnassa,16
Hakees,16
Puolikkaista,16
Saarnaamiseen,16
Tykkäämisen,16
Reittiään,16
Maantietukikohdista,16
Meluhaitan,16
Pentholm,16
Polled,16
Alittavan,16
Ventovierailta,16
Sairastelemaan,16
Kauaskantoisempia,16
Asioihini,16
Jipot,16
Udel,16
Emailiin,16
Vääräuskoisiksi,16
Tulehtuneesta,16
Janoisena,16
Tuotantovaiheessa,16
Pommikoneen,16
Kirjureita,16
Gigatavuja,16
Nostamiin,16
Muslimimaahanmuuton,16
Hyötyväsi,16
Maakunnissakin,16
Alkuasukkaille,16
Valtas,16
Airuita,16
Valppauden,16
Riskikäyttäytymiseen,16
Mutuusi,16
Metafysiikan,16
Muunväriset,16
Opintoaikaa,16
Seulottiin,16
350tkm,16
Taajamamerkkien,16
Valtiollisin,16
Vihakampanjoita,16
Jatkokouluttautuminen,16
Cersei,16
Wattituntia,16
Kitaansa,16
Työvaate,16
Alkuperäisväestöön,16
Rysky,16
Jaettavaan,16
Menttaliteetti,16
Asuinpaikkaani,16
Täsmälääke,16
Järjestäytyneille,16
Nettitestin,16
Juttelemista,16
Hintaisiksi,16
Edistaminen,16
Etteivat,16
Mukaanluetaan,16
Provoo,16
Kameransa,16
Vilenius,16
Vihamiehelle,16
Liiottele,16
Factchecks,16
Sijoitustoiminnasta,16
Puoluetoverin,16
Kultasta,16
Minuuttisen,16
Kärsivätkin,16
Toimeentulevilta,16
Isänään,16
Kirjoittaneella,16
Terveystietosi,16
Sotilasliittoihin,16
Eristeissä,16
Nettifoorumin,16
Talousongelmissa,16
Rankingiin,16
Hipovia,16
Fö,16
Roikkuessa,16
Potenssissa,16
Originaalista,16
Kansanryhmaa,16
Yhdysmerkkejä,16
Määrittelevänä,16
Riistettäväksi,16
Clbks9mb7xzkn0bumw1pbcgc6,16
Komennuksessa,16
Juurihoidettu,16
Vähentäviin,16
Kovaäänisten,16
Oireiston,16
Henkilöllisyydestään,16
Merchiä,16
Pistoksena,16
Tyylilläsi,16
Maakuva,16
Working_papers,16
Auktoriteeteilta,16
Viiskymppisten,16
Kuormittavasta,16
Subikin,16
Tarttennu,16
Ruotsinkurssi,16
Tassuista,16
Wokejen,16
Ilmastoituja,16
Vinopino,16
Monistetta,16
Separates,16
Rappeutuneita,16
Taltioinnin,16
Pyöräileviä,16
Paljookaan,16
Suoristuu,16
Ajaneista,16
Sisarta,16
Ylläpitämiin,16
Hersh,16
Oudompiakin,16
Ääripäällä,16
Ketjuttamisen,16
Tonga,16
Pyörävarkautta,16
Kuukausierällä,16
Poliisisedälle,16
Karkotettavan,16
Karkoitettuja,16
Hallituspuolueelle,16
Tipahtanu,16
Edesauttamista,16
Nettopositiiviseksi,16
Tuotantovälineen,16
Retoriikat,16
Sotarikoksille,16
Uudistettaessa,16
Runokirjan,16
Tasaveroisena,16
Astuja,16
Myöhästyttää,16
Ylärajaan,16
Päätieltä,16
Virroissa,16
Rajaviranomainen,16
Pakkopaidassa,16
Keppostella,16
Tammisalon,16
Rojaltien,16
Epäilis,16
Bilettään,16
Kokemukseltaan,16
Keulimisesta,16
Kotikäynnille,16
Vaivoille,16
Päästähän,16
Sesongista,16
275g,16
Rautatanko,16
Superiors,16
Tuotettavaa,16
Suuruisina,16
Primäärienergiasta,16
Julistamisella,16
Köykäiseltä,16
Miinustettiin,16
Fenniarail,16
Osuuksille,16
Oikeusasteista,16
Käyttäjätunnukseni,16
Elämöinti,16
Auttaaksesi,16
Raahaus,16
Arvoteoria,16
Riidanhaastaja,16
Harmittaan,16
Lipunkin,16
Potentiaaliltaan,16
Josephus,16
Itsesäätelyelin,16
52016pc0593,16
Sukupuolipronomineja,16
Makseleen,16
Pohjas,16
Metreinä,16
Tunnelatauksia,16
Karikatyyrinen,16
Maanpuolustuskurssin,16
Kunnioittamassa,16
V_s2jvaino4,16
Loppuikäänsä,16
Muinaishistoria,16
Gameri,16
Ilmentämään,16
Halventanut,16
Demokraattisemmaksi,16
Sävyeroa,16
1px,16
Urbaanilegendalta,16
Harad,16
Lopputuloksilla,16
Lukiotaustalla,16
Työtaistelutoimenpiteet,16
Sakkojaan,16
Ihmeesä,16
Hakemuksessasi,16
13min,16
Tarjoiltavaksi,16
Noteeraisi,16
Risteilyille,16
Korvaaviin,16
Hommattaisiin,16
Varaansa,16
Nettideittailusta,16
Nopeuteni,16
Vähempinä,16
Marcoa,16
Sijaistamassa,16
Maailmansivu,16
Pieruun,16
Ananioperim,16
Hermostuneelta,16
Sorsille,16
Lopputuotteeksi,16
Myynkö,16
Hyvinvointivaltiotamme,16
Ekoteot,16
Vasaroi,16
Lakaissut,16
Plänttiä,16
Katselukokemusta,16
Kanadalaiselle,16
Kerryttämisestä,16
Tölkiltä,16
Elinalueet,16
Pelinkehittäjiä,16
Mainessa,16
Palvelujensa,16
Lesonen,16
Halkeilla,16
Ateenasta,16
Perusjampalla,16
Matkustaisivat,16
Kisattiin,16
Edesvastuuttomasti,16
7ghwt5,16
Toimialakohtaiset,16
Ikäisiäsi,16
Metakeskusteluksi,16
Arvosanojaan,16
Päivätyn,16
20would,16
Opaskirja,16
Paskamaiseen,16
Kulttuuriympäristössä,16
Suuruusjärjestyksessä,16
Nimittämiseen,16
Mieltymyksissä,16
Nimittämän,16
Päädykään,16
Outputin,16
Netrauta,16
Huuhtomaan,16
Silwadin,16
Ptomerty,16
Gyazobot,16
Ignoreme,16
Maakuntahimmeli,16
Commanded,16
Osakeomistusten,16
Kiittämättömämpää,16
Satuttamasta,16
Streamattua,16
Avioliitonomaisissa,16
Emojilla,16
Kopioitavaksi,16
Epäoikeudenmukaiseen,16
Ns_mchannel,16
Ns_source,16
Haluamamme,16
Sulasta,16
Työteliäitä,16
Identifioisi,16
Järkeistettyä,16
Homogeenisellä,16
Johtaneisiin,16
Julkaisisin,16
Rappeutuvat,16
Asevelvollisuuttaan,16
Valppaus,16
Kaakaovoita,16
Besieged,16
Irtaimistoon,16
Asella,16
Kollegoihinsa,16
Höpinältä,16
Kontribuoimaan,16
Koulimaan,16
Scalable,16
Jätteitään,16
Käyttäytymistämme,16
Yhteiskuntafilosofinen,16
Kanaverkko,16
Meilillä,16
Esii,16
Lauselman,16
Kulttuuritaustaan,16
Ri7nxwyg,16
Bäckmannin,16
Haurauden,16
Pidätysmääräystä,16
Nuanced,16
Mielipiteenilmaisun,16
Lihavoida,16
Remaxin,16
Nukahtavat,16
Uniini,16
Kapinoinnin,16
Hotelliksi,16
Valtiovierailuun,16
Puolustautuisi,16
Rienata,16
Työeläkevakuutusmaksut,16
Geenejäni,16
Vuorelman,16
Kasvulta,16
Propped,16
Laippa,16
Välähdystä,16
Riipuvaisia,16
Turkestanin,16
Marjastamassa,16
Luulisikin,16
Kuplautumaan,16
Tuomitsema,16
Idelogia,16
Muuriksi,16
Infidelity,16
Nettikasinojen,16
Epäpätevyyttään,16
Huonomaineinen,16
Huonovointisuuden,16
95g,16
Tarkastanu,16
S41562,16
Loukkaannuta,16
Galaksista,16
Героям,16
Korjausvelasta,16
Epidemiatilanteesta,16
Venaat,16
Toimihenkilöihin,16
Paikkaista,16
Rannikkokaupunki,16
Kieliltä,16
Turmellaan,16
Thriving,16
Tuntisopparilla,16
Turvallisuustakuut,16
Kalibrointeja,16
Pkg,16
Ekstremistien,16
Läsnäololle,16
Riippulukko,16
Kehäykkösen,16
Ylistämä,16
Uskoinen,16
Käytäessä,16
Vetäisikin,16
Alarmisti,16
Muunnokseen,16
Ratkaisukeskeisiä,16
Työtuolit,16
Kuulosuojainten,16
Mieltäviä,16
Vahingollisuudesta,16
Voiteluainetta,16
Claimreview,16
Umpimielistä,16
Keskittyneempää,16
Vinkkia,16
Hoilottaa,16
Fredrikssonin,16
Hävittäjälentäjiä,16
Sammutusta,16
Liikuntaelinsairaudet,16
Yhteiskuntiaan,16
Pernossa,16
Sisäänajoa,16
Kielikursseista,16
Haittaavaan,16
Kulttuurisivut,16
Säpsähdän,16
Pakkasjakso,16
Copy_link,16
Moraalijärjestelmän,16
Floydiin,16
Osaamattomuudella,16
Mäkeläinen,16
Fikkarin,16
Pakkasraja,16
Luontaiseksi,16
Omaksuisivat,16
Reaalisesta,16
Ulottuvassa,16
Täysikäisille,16
Olivaw,16
Verhoilun,16
Sahkoautolla,16
Torakoiksi,16
Muutinkin,16
Joukkosurmia,16
Maastokätköön,16
Verkossaan,16
Järjestämille,16
Keskiosissa,16
Kompassina,16
Alaäänellä,16
Tullakkaan,16
15minuuttia,16
Kannta,16
Kartaslammivj,16
Sbtl,16
Porokylän,16
Parseri,16
Corporateeurope,16
Speaking_population_of_finland,16
Persettänsä,16
Taksinsa,16
Duunarimies,16
Reoffending,16
Pupeltaa,16
Kaupunkivaltioita,16
Raiskaustapausten,16
Parpola,16
Subjugated,16
Hdpe,16
Valtoiden,16
Sotatarinoita,16
Laitetulla,16
Kerjäten,16
Hiilinegatiivisuutta,16
Faktoreita,16
Tekijänoikeusdirektiiviä,16
Virkasalaisuuden,16
Kusipeltiin,16
Kolonialististen,16
5bvqp3,16
Erehtyneensä,16
Laineella,16
Racine,16
Whereos,16
Aw2,16
Kerza,16
Cp8tl4,16
Ipruc,16
Puumassan,16
_2000xauto_crop_center,16
Taskkill,16
Oppenheimerin,16
Daenerys,16
Yksittaiskappaleet,16
Adf,16
Sqrt_5,16
500mrd,16
Tordenin,16
Jmc,16
Ytubeinfobot,16
Climaco,16
Isisterroristien,16
Sygdomme,16
Qam256,16
Paramountin,16
Börjen,16
Raqqassa,16
Timberlandin,16
Cottages,16
Runt,16
Vaikutusvaltaisilla,16
Nuorisojärjestöille,16
Yritysjohdolle,16
Naissiivoojia,16
Työasemat,16
Punttisalia,16
Möyhöttäjät,16
Fundit,16
Yritysjohtamisen,16
Taboos,16
Siltikä,16
Rauhanturvaoperaatioissa,16
Naapurisuhteita,16
Pakolaislasten,16
Huippulahjakas,16
Capseilla,16
Flippas,16
Keskusjärjestöjen,16
Riskaapelia,16
Kypsempänä,16
Kirjaimelliseksi,16
Ammuksina,16
Uncyclopedia,16
Gallerioissa,16
Lähiajan,16
Prosenttiraja,16
Oheislaitteita,16
Oksymorooni,16
Globalisoitumisen,16
Anarkismilla,16
Otg,16
Sotalordi,16
Kehätielle,16
Tiibetiin,16
Kiihkoilun,16
Hameenlinna,16
Kasoissa,16
Vanished,16
Köyhyydeltä,16
Rikastuneen,16
Hiillokseen,16
Alleviivattuna,16
Pihasi,16
Houkutustekijöitä,16
Lähtömaalla,16
Petyt,16
Olomuodon,16
Vahvemmalle,16
Auctoritatem,16
Oikeaoppisuus,16
Ekaluokkalaisena,16
Valmistuessasi,16
Aloittaessasi,16
Integroituva,16
Voitollisuus,16
Liipastuit,16
Muunsukupuolisilla,16
Kasvupaikan,16
Kysyäksesi,16
Kituutan,16
Hyperlinkkiä,16
Sisäänotossa,16
Udhr,16
Loistavilla,16
Työohjeet,16
Kritiikittömästä,16
Luxemburgista,16
Ydinvoimalaitoksia,16
Perussanasto,16
Kaatuisikin,16
Perusteluistasi,16
Noustessani,16
Alavudella,16
Omaisuusrikoksen,16
Nuorukaisena,16
Itsepalvelua,16
Harjottelijan,16
Tyytyvainen,16
Kympiksi,16
Natsiudesta,16
Natsiyhteydet,16
Sotureihin,16
Asianajajille,16
Raavit,16
Kolmanne,16
Ihmisvilinässä,16
Leipääkään,16
Viestiteltiin,16
Aning,16
Kuriositeetin,16
Omaisit,16
Datakaapelin,16
Henkilökohtaisempia,16
Arkiyönä,16
Esiteltyjä,16
Uutisiinsa,16
Jakubmarian,16
Taksitkin,16
Krokotiileja,16
Sylinterien,16
Kiertotiet,16
Tienaamansa,16
Unssi,16
Pystyakselilla,16
Birger,16
Bäd,16
Luunmurtumia,16
Rankempiin,16
Ruohonleikkaus,16
Hyppääjä,16
Valtakunnanoikeuden,16
Uomi,16
Kurssisuorituksia,16
Hepin,16
Posliinilla,16
Oulunkin,16
Fjvry04r8io,16
Tuplausta,16
Farmaseuttien,16
Plantaasi,16
Kuukausipalkalle,16
Korvavaloja,16
Polkupyöräilijöille,16
Palkkaeroon,16
Roihahti,16
Irstailua,16
Piruna,16
Hunts,16
Uteluihin,16
Protestantismi,16
Verolainsäädäntöä,16
Malmivarannot,16
Synkälle,16
Veneilemässä,16
Aterioinnin,16
Tämänsuuntaisia,16
Shiftin,16
Lastenvaunuissa,16
Uutislähetyksissä,16
Viranomaispäätöksellä,16
Hanselin,16
Pitkitä,16
Rakastavaisten,16
Vinyylien,16
Mokomista,16
Spela,16
Iänkin,16
Oxidative,16
Pointille,16
Soveltavaan,16
Kaukosäätimeen,16
Nykäisemällä,16
Onnistutaanko,16
Kevyemmälläkin,16
Itäiseltä,16
Vasallivaltiona,16
Tuhoontuomittua,16
Huoneistoista,16
Pomomies,16
Erat,16
Tallovat,16
Pankkikorttini,16
Harjoittelupaikasta,16
Kaipaanko,16
Kolmiodraama,16
Hitaudelle,16
Leikkelen,16
Kuluttajaelektroniikan,16
Onnenonkijat,16
Rahakkain,16
Laittomampaa,16
Partioilla,16
Toiveitani,16
Pöperö,16
Epäitsevarma,16
Lämmönvaihtimen,16
Tahdonko,16
Trukkien,16
Ylilääkäreiden,16
Keuliin,16
Leimakirveiden,16
Pälliä,16
Typeryydeksi,16
Nopeeseen,16
Plantaasit,16
Vihlontaa,16
Kahinan,16
Alistuksesta,16
Kirjotuksesta,16
Puolueettomista,16
Lumilautailua,16
Tiedemaailmaa,16
Keskipitkästä,16
Valomerkkiin,16
Roadtripillä,16
Lisätutkimuksen,16
Porous,16
Handlar,16
Kohdemaat,16
Mukailtu,16
Bongit,16
Mykkäkoulun,16
Offtopicista,16
Takaisinmaksuja,16
Verstaassa,16
Toitottamalla,16
Työvoimapoliittisten,16
Fibromyalgiaan,16
Migreenikohtauksia,16
Strindbergin,16
Imuroimassa,16
Haastaisivat,16
Alimitoitetut,16
Flamesin,16
Ylisuorittaja,16
Anniskelussa,16
Poskiontelo,16
Sniikisti,16
Lukutapa,16
Talousjärjestelmälle,16
Genitaali,16
Partioisi,16
Aikaisemmissakin,16
Kansallisidentiteettiin,16
Konduktööriä,16
Arbitraarista,16
Heterogeneous,16
Kriisimaat,16
Ilmoituskynnystä,16
Saastuneiden,16
Hostataan,16
Pienetä,16
Suomettumiselle,16
Markkinalähtöinen,16
Danskelle,16
Pelastamalla,16
Valkuaiset,16
Mobilize,16
Medscape,16
Sisäänostohinnat,16
Apokalyptistä,16
Satukirjaksi,16
Tietäisipä,16
Jakamistaloutta,16
Throwawaylla,16
Shakes,16
Alieneja,16
Ulisit,16
Nettikone,16
Käsieni,16
Tieteilijänä,16
Kieletkin,16
Riisipiirakan,16
Petivaatteiden,16
Myyntipakkauksessa,16
Lankapuhelimia,16
Vaatekauppojen,16
Valtiopäämiehen,16
Rehvastelu,16
Upeissa,16
Muovimattoa,16
Nyssykkä,16
Nolostunut,16
Alamaisille,16
Korkeakoulutetutkin,16
Työnseisaus,16
Pakastepinaattia,16
Huomauttamisen,16
Kokonaishinnaksi,16
Ajatusmaailmaltani,16
Totalitäärisiä,16
Kivitalot,16
Lievänkin,16
Kehnoilla,16
Smolensk,16
Kulttuurielämä,16
Tyrmäystä,16
Saamenkielistä,16
Puuhasivat,16
Työhuoneita,16
Hermokipuihin,16
Kyläni,16
Paitasi,16
Digikameroita,16
Leivänkin,16
Neuvottelisivat,16
Kerroksena,16
Maltese,16
Symmetrian,16
Postitoimistoon,16
Keskustelutapasi,16
Kauhutarinoista,16
Elvyttäviä,16
Pronouncing,16
Merkinnässä,16
Euromaille,16
Humalajuominen,16
Jäsenkunta,16
Melodramaattinen,16
Majassa,16
Synnynnäisenä,16
Alakohtaisen,16
Homogeenisten,16
Odinille,16
Sivistysvaltiosta,16
Matkustelut,16
Portugalilaista,16
Eläkekustannukset,16
Kanyylin,16
Räiskyvä,16
Poikkeustapauksen,16
Kansanvaaleilla,16
Identiteettiongelmia,16
Freelancereille,16
Magneettikuvauksessa,16
Opetit,16
Fiskaaliset,16
Juoksumattoa,16
Tuolileikkiä,16
Dataliikenteen,16
Hoitotasapaino,16
Formatoinnin,16
Liittymänä,16
Warholin,16
Kyseenalaistuu,16
Fundamentaaliset,16
Kyselemisen,16
Ennakkoverot,16
Enemään,16
Järkkäät,16
Nousevassa,16
Okkultismiin,16
Inhorealistista,16
Mainitti,16
Voiteluaine,16
Kääntösäde,16
Ilmoa,16
Varotti,16
Sadetakin,16
Peilijää,16
Lipalla,16
Juhlapuheista,16
Hyytäviä,16
Tuntemattomiksi,16
Muuttako,16
Rullaillaan,16
Helkamalta,16
Modernisoi,16
Mummomankeli,16
Lisäselvitys,16
Tänka,16
Kangasalta,16
Hikoo,16
Metsästysase,16
Talet,16
Starr,16
Massatyöttömyydestä,16
Skrivarin,16
Vingun,16
Psykoottisten,16
Vedettii,16
Ryhmäläisen,16
Kärkihankkeet,16
Tunarointeja,16
Kiinteille,16
Purukumilla,16
Näyttiksistä,16
Siemensiltä,16
Yrityskaupassa,16
Ammatinharjoittajina,16
Myyntipiste,16
Napsiminen,16
Bensarahoja,16
Hintajouston,16
Saavutettavana,16
Uutisvinkki,16
Rapakuntoisia,16
Historiankirjoitukseen,16
Yläpalkin,16
Kaalissa,16
Sosiaalioikeuden,16
Sankaritarinaa,16
Ystävälliselle,16
Tummunut,16
Yksinyrittäjien,16
Kommunikoimalla,16
Ilmoitusmenettelyllä,16
Skuupin,16
Autoedusta,16
Noidaksi,16
Valtamediassakin,16
Takarenkaat,16
Mobiilimaksu,16
Avovaimosi,16
Verojärjestelyt,16
Palkkapussiin,16
Kivessyöpää,16
Sukupuolentutkijoita,16
Samanalaista,16
Ylityökorvauksen,16
Auringonkukkaöljyä,16
Pöytäliinan,16
Etupaneelin,16
Kivikkoa,16
Ikääntyneistä,16
Epäreilujen,16
Apartheidiä,16
Russofobi,16
Kauppamatkat,16
Tyhjänpäivänen,16
Skrillex,16
Kadunvarsilla,16
Lauria,16
Joukostamme,16
Arvoisille,16
Energiahuolto,16
Opastamana,16
Siviililtä,16
Eduskuntakausi,16
Hiipparia,16
Osaamattomasta,16
Koulukaan,16
Viikkotuntimäärä,16
Delar,16
Vore,16
Fuksin,16
Nollakommentointi,16
Jälkihoidon,16
Vihanneksille,16
Maitotuotteille,16
Pullotettuna,16
Yhtälaista,16
Löpöstä,16
Vallankäyttäjiin,16
Teuva,16
Palliote,16
Skop,16
Jumaluuksien,16
Tarkistaessani,16
Tipahdellut,16
Bba,16
Suvakkiutta,16
Hyvinvointina,16
Refrigerator,16
Pcworld,16
Konnotaatioista,16
