Monopoliyhtiöiden,5
Vammaisuuteni,5
Saunanlauteille,5
Erikoisempaakin,5
Lampsitaan,5
Antikommunistisia,5
Blossoming,5
Lohduttamista,5
Koirulia,5
Suklaani,5
Epäilyksiin,5
Äänestetyssä,5
Dumpattavaksi,5
Perustukkaan,5
Heteroperheiden,5
Muisteluja,5
Puuskutti,5
Worldhunger,5
Irishexaminer,5
Seksikumppaneille,5
Kaupunkilaisiksi,5
Äitienpäivälounaalle,5
Yhteissummaa,5
Talousnerolle,5
Ennaltaehkäiseväksi,5
Välitykselläkin,5
Stalkkailla,5
Moninkertaistuivat,5
Humaloinnista,5
Ruokakaapissa,5
Rakennusoikeuteen,5
Mököttään,5
Avartavana,5
Taksiyrittäjästä,5
Palaamisella,5
Työturvallisuusmääräykset,5
Oluttyyppejä,5
Kilpailukykyisempiin,5
Koeryhmään,5
Turmaan,5
Humalalajikkeita,5
Päätelmissäsi,5
Roturajat,5
Schäuble,5
Tervehdittyä,5
Kaupunkisuunnittelulautakunnassa,5
Pisteytyksiin,5
Itsenäisemmät,5
Vessassani,5
Tehdastöihin,5
Julkistamassa,5
Torimyyjille,5
Turistirysistä,5
Lehmuskosken,5
Ääreessä,5
Naislauma,5
Lääketurvallisuudesta,5
Haaste32011,5
Vanheimpainvapaan,5
Insideclimatenews,5
Johtoportaille,5
Käytännönjärjestelyt,5
Sortotoimi,5
Ilmastopakolainen,5
Häpeäkseen,5
Muinaiskieliä,5
Kauhuleffalle,5
Pidennetylle,5
Kallisarvoisesta,5
Rupesinpa,5
Keskiarvoiset,5
Tumuissa,5
Fataalit,5
Siltojensa,5
Perhevapaatutkimus,5
Saadaampahan,5
Shottien,5
Sängylläni,5
Raiskausaaltoa,5
Kalorimääräisesti,5
Lihansyöntiäkin,5
Edustetut,5
Kauppavalmennus,5
Uppasi,5
Monikoissa,5
Valmistusketju,5
Nipottanut,5
Kasvisperäisestä,5
Vastakkaisuus,5
Breakthroughs,5
Hymyilyttääkö,5
Käyttövelvoitteen,5
Kiinnit,5
Ahdistelutilanteita,5
Erääntymisen,5
Asiantuntevammat,5
Banknote,5
Nykymäärästä,5
Topia,5
Periamerikkalaista,5
Orjatyövoimalle,5
Taidekouluja,5
Dumaamiseen,5
Erikoispainoksia,5
Rajoituskin,5
Turvelot,5
Pikkutekijöistä,5
Vähäpukeista,5
Hiekanjyvät,5
Yksinoikeutensa,5
Monimutkaisempikin,5
Halullaan,5
Väestörakenteet,5
Nousustakin,5
Allekirjoittajissa,5
Jakolaskussa,5
Piruetteja,5
Kokonaiskuorma,5
Fiksaukset,5
Pykänny,5
Heilläpä,5
Kritisoineiden,5
Reaaliarvoon,5
Piigs,5
Vittumaiseks,5
Saavutettavalla,5
Paitojaan,5
Kataisenkin,5
Negativiisen,5
Luova_tuho,5
Oikeimmalla,5
Nelosoluista,5
Muslimialueella,5
Valehtelukaan,5
Yltäneen,5
Ikäkauden,5
Huohotin,5
Määrittävään,5
Vääränkokoisen,5
Natsiakaan,5
Tuplatsekata,5
3x63a,5
Nayttava,5
Varisi,5
Äärioikeistopropagandaa,5
Tuhatvuotisia,5
Aikatauluksi,5
Vihjailevasta,5
Kansanliikkeenä,5
Käärinliina,5
Kaapelimodeemien,5
Appropriointia,5
Kahenlaisia,5
Kostnader,5
Nuhteettomaksi,5
Perunajauhoista,5
Crammed,5
Päällyshousut,5
Nimitellyksi,5
Glycol,5
Tarkistetuista,5
Ruokarahaan,5
Iskemän,5
Ihmiskeskittymät,5
Menestystarinoiden,5
Käytty,5
Arvosteltaviksi,5
B4wwqhodtyk,5
Nuhjuiseen,5
Vastuuntonta,5
Rakennuskuluissa,5
Lupasysteemi,5
Muotka,5
Junatunnelin,5
Toimistollamme,5
Väkirikkaassa,5
Asumisterveys,5
Motsvarande,5
Mahdottomuudella,5
Joogaamalla,5
Totuttuaan,5
Käyttäymisen,5
18z,5
Connectionlist,5
Arrivalplaceid,5
Departureplaceid,5
Departuredate,5
Nopeusluokka,5
Tyrm,5
Huojennusten,5
Taksihommiin,5
Tukahdutetusta,5
Valkaisevaa,5
Asuinympäristönsä,5
Kunnostaneet,5
Nylkyttäminen,5
Vaikutustahan,5
Lähilidlissä,5
51teycfelze,5
Kaivelemiseen,5
Viskiksi,5
Ehdottelusta,5
Täppään,5
Käyttämässään,5
Pääkaupungille,5
Kulkipa,5
Alojaan,5
Ops_m1,5
Täysipäiväisissä,5
Pienipalkkaisimpien,5
Sanouduttaisiin,5
Törttöileviä,5
Riuskasti,5
Anastamalla,5
Hukkateille,5
Selvia,5
Paperiroskikseen,5
Kristallinkirkkaana,5
Luontevassa,5
Extenderin,5
Viittaamissasi,5
Kolhimiseen,5
Suomalaistyylisiä,5
Ikkunoitaan,5
Pänttääjiä,5
Vetänytkään,5
Lukiomatematiikalla,5
Perinteisemmältä,5
Keitettävän,5
Ajattelukykynsä,5
Scifiksi,5
Micrograms,5
Sensual,5
Smiled,5
Risovan,5
Explisiittistä,5
Talousvettä,5
Sekoitta,5
Eksoottisimpia,5
Pappisvihkimys,5
Muokattavuudesta,5
Fysiologiassa,5
Milttonilla,5
Elämänarvon,5
Sakeasta,5
Jarjestelmat,5
Kaupunginjohtajana,5
Karikatyyriset,5
Pelirintamalla,5
Nimisillä,5
Aivotuksista,5
Katsottuasi,5
Halutummilla,5
Ladattavina,5
Viritelläänkö,5
Käpyrauhaseen,5
Rasismisyytöksiltä,5
Riennetään,5
Homomiehiltä,5
Kohtuaan,5
Counsellor,5
Precedes,5
Impotence,5
Inexperienced,5
Goodmenproject,5
Sähköntuottajalla,5
Tampioista,5
Mainostenjakajana,5
Ulosmarssista,5
Kärsimyksiään,5
Oletusarvolla,5
Natsikytköksistä,5
Perustajaan,5
Ulkokentillä,5
Liputtavien,5
Ystäväpiiriään,5
Sääntömuutoksista,5
Privilegestä,5
Subreditistä,5
Kognitiot,5
Älykkyyosamäärän,5
Pioneereiksi,5
Voimafantasioissasi,5
Pilkkaamis,5
Isännöintitoimiston,5
Verivalmiste,5
Päijänteelle,5
Naureskeleva,5
Peppuseksin,5
Valehteleville,5
Pörssikurssista,5
Integroituvista,5
Lisäämien,5
Vastaisuutesi,5
Lisäpojoja,5
Teorioineen,5
Puutostaudit,5
Päiväyksensä,5
Pidätyksellä,5
Palvelette,5
Tiedotuksissa,5
Käärössä,5
Ölyttä,5
Höllemmällä,5
Kusilaareista,5
Epäilyksiään,5
Lakihankkeita,5
Lihapullina,5
Monikirjoinen,5
Sektaarinen,5
Laukaisematta,5
Höyrytyksen,5
Ulkosäilytyksessä,5
Ruostuivat,5
Mielihalujasi,5
Riskeiltään,5
Pyllistelemässä,5
Rinnoilta,5
Kiihoittamiseen,5
Tavallisimmissa,5
Unohtumassa,5
Lipareen,5
Vaenn_2009_2009,5
Antaunut,5
Finnari,5
Huolestuneiksi,5
Välitetyksi,5
Metatasoilla,5
Palkkamallista,5
Ropettaminen,5
Red_star_os,5
Laskennantulos,5
Kuvatakseni,5
Ruokkivaksi,5
Kilissyt,5
Vuodatuksensa,5
Itsemurhaverkkoja,5
Eriarvoistettu,5
Pyrokratiaa,5
Lähestystapa,5
Esitelmöidä,5
Karnevaaleihin,5
Jankuttaisit,5
Päättelevän,5
Eläkelupausten,5
Owljq5j978u,5
Shangain,5
Panoihin,5
Seksinukkeihin,5
Pursuaisi,5
Neologismeja,5
Sämpylänä,5
Kuvankaappauksissa,5
Nauhottanu,5
Tapauskovaisten,5
Järjestelmällisessä,5
Maailmanvallankumouksesta,5
Itsepuolustuskoulutusta,5
Tuulimyllyissä,5
Voimankäyttökeinona,5
Ongelminesi,5
Pelonlietsomista,5
Animaatiostudio,5
Vokkilaiset,5
Tutkintonimikkeen,5
Sählyt,5
Oikeusasioita,5
Mbl,5
Vierien,5
Somekirjoittelua,5
Kasvattavasti,5
Vegaaniudestaan,5
Johtaneella,5
Tutkimustehtävän,5
Raskauskuukauden,5
Joksin,5
Synnyttäneisiin,5
Huippuesimerkki,5
Kristinuskonto,5
Palkkatukiin,5
Suvereeniuden,5
Vihateoista,5
Rinnasteisista,5
Väärintulkittu,5
Seien,5
Paar,5
Meisten,5
Vuodessako,5
Epäileville,5
Labyrinttejä,5
Ehkäisseet,5
Tutkintoakaan,5
Alueellisiksi,5
Taajuksilla,5
Pahoinpitelystäkään,5
Samoillut,5
Peloitteen,5
Tekemiimme,5
Noudatimme,5
Korkeaotsainen,5
Huoruudesta,5
Matalapalkkatyöläinen,5
Kuolemaantuomittua,5
Matkaillessani,5
Kolmostakaan,5
Kaupunginosaansa,5
Maallistuneella,5
Sisaanotto,5
Hippeilyt,5
Arabiankielisillä,5
Laakarikoulutus,5
Keikkalaakari_tienaa_helposti_20_000_ekk_syrjaisessa_kunnassa,5
Pukeutuneelta,5
Peittelen,5
Kamua,5
Palvelusväkenä,5
Jopia,5
Sakonkin,5
Ääreisosien,5
Kansalaisuusvaltion,5
Juslenius,5
Postinjaossa,5
Konsensushakuisuuden,5
Vasemmistoryhmien,5
Kutsuman,5
Päätösprosessiin,5
Ilkeimpiä,5
Saapumismaan,5
Yhteentörmäykseen,5
Suunnitelmiini,5
Louisista,5
Katsottaviin,5
Opiskeluaikansa,5
Opiskelusuunnitelma,5
Home_global,5
Ohimolleen,5
Turvapaikkamaan,5
Taparikollisilta,5
Hiljaisimman,5
Älyiseen,5
Lepattavan,5
Juonteista,5
Särkyvien,5
Kansallistunteelle,5
Huudettava,5
Muokkaantuneet,5
Varjellakseen,5
Ihmiskuljettajien,5
Herraties,5
Opettettaisiin,5
Väntsi,5
Saapumisestaan,5
Kärjille,5
Lämästään,5
Yhdistämiselle,5
Masturboidessaan,5
Väkevinä,5
Saatettujen,5
Herkkia,5
Isälliset,5
Yritystieto,5
Korvaantuisi,5
Asiakaskontaktien,5
Sähkötyöturvallisuus,5
Feministejen,5
Lopetetaa,5
Silmäkulmissa,5
Rinnoistaan,5
Hienohelmoille,5
Raukkamaisesta,5
Hirveempiä,5
Mietittyjen,5
Kännykkäsovellukseen,5
Itsenäistymisestään,5
Kerrotuilla,5
Upouusiin,5
Meppinsä,5
Terille,5
Potkijaa,5
Avartaneet,5
Liipaistuvia,5
Mobiilipuolelle,5
Otteelle,5
Ruuantähteistä,5
Tli,5
Äännettäessä,5
Lakritsiin,5
Tasauksista,5
Futikselle,5
Toosalla,5
Käymättäkin,5
Käyttöaikaan,5
Kiukkusen,5
Hätäkeskussoiton,5
Regulates,5
Surfata,5
Pelätäänkin,5
Kyvykkäillä,5
Päätymiselle,5
Asumishistoria,5
Ennakkoluulottomuudesta,5
Koneellistumisen,5
Systeemistään,5
Varaisuus,5
Filetype,5
Käyttöa,5
Juomasekoituksen,5
Kuluttajakauppaan,5
Sivukonttoria,5
Hipsterimpää,5
Turvallisuusaukko,5
Sabotoijat,5
Vaurioittaminen,5
Neuvottelukierrosta,5
Bastillen,5
Balsamiviinietikkaa,5
Hauduttanut,5
Kysymysasettelua,5
Apinalaumoja,5
Identiteetistämme,5
Makaronilootaan,5
Laukaisunappia,5
Kävyllä,5
Edustuslaitoksissa,5
Kysymysasettelulla,5
Persoonallisuustyyppiin,5
Entp,5
Laibach,5
Kiinniotettavat,5
Ihantalaan,5
Uhrauksiaan,5
Sotapäiväkirjoja,5
Vasemmistolaistunut,5
Paljastukaan,5
Progesteroni,5
Ulosmyyntioikeuden,5
Väkinäisenä,5
Sävystäni,5
Nuhaksi,5
Selvänäkijän,5
Sekoitteli,5
Yliopistokurssin,5
Tiedonlähteinä,5
Pekkasilla,5
Ohikulkijakin,5
Käyttötarkoituksilla,5
Kaupallisellakin,5
Mehupurkista,5
Mainosläpyskän,5
Sallinee,5
Kielivalikoiman,5
Lynkkauspartioita,5
Kaltereilla,5
Diverge,5
Sitkeämmin,5
Tanssijalkaa,5
Holhoojien,5
Tubekanavaa,5
Sinuhessa,5
Alkoholipitoisuudeltaan,5
Strawmani,5
Liittäneen,5
Pongahti,5
Etsimiseltä,5
Yläfemmaa,5
Epätarkoilla,5
Tunnustumaan,5
Näyttävimmät,5
Väärentämiseltä,5
Kurdialueille,5
Huonolaatuiselle,5
Yhtäläisyysviiva,5
Teloittajaksi,5
Musketteja,5
Käsimatkatavaroista,5
Siskoksista,5
Katovuotta,5
Kyussin,5
Laidunmaiksi,5
Puhuneetkaan,5
Vaalilta,5
Vertailukelpoisimpia,5
Veeraa,5
Sadassakaan,5
Katalysaattoreista,5
Säätelemänä,5
Valitessasi,5
Huumorintajulle,5
Matkustustapaa,5
Haippia,5
Heittäytyivät,5
Aunuksen_retkikunta,5
Puuroni,5
Argumentaatiovirheelle,5
Kauheammalta,5
Päiväkirjamerkinnöistä,5
Naudanjauhelihan,5
Ruokavaliossamme,5
Oivaltavien,5
Rikosvahinkolakiin,5
Burqaa,5
Larpanneet,5
Dud,5
9vkmhpdxdow,5
Ikoneiksi,5
Muiltaki,5
Olohuoneeseeni,5
Yhdenkertainen,5
Ryhmäkuvan,5
Asiatekstinä,5
Rinnastava,5
Mukuloihin,5
Tuotantobudjetti,5
Urakoinnissa,5
Preemptive,5
Maagisempi,5
Rinnastusten,5
Apostaateille,5
Koskiensuojelulain,5
Vuokranalennuksia,5
Lohkaisuja,5
Kanadalais,5
Katkaisemme,5
Dreamworksin,5
Lupamenettelyjä,5
Energiantuotantotavoista,5
Otoksesi,5
Sukupuolikiintioita,5
Ails,5
Kehonkuvansa,5
Viga,5
Hyötykäytettyä,5
Mihintahansa,5
Kuittailusta,5
Rekisteridataa,5
Neloskaljaan,5
Neroina,5
Proffiksi,5
Maitotuotantoon,5
Kirmailla,5
Hippikommuunissa,5
Ovenpielestä,5
Raideverkkoa,5
Opetusnäyte,5
Forbesilla,5
Alkoholisoituva,5
Kondensaattoreissa,5
Yksityiskonetta,5
Instituutiotason,5
1500euroa,5
Tilapäisinä,5
Kkpalkka,5
Pyöräkellareissa,5
Pikaiseksi,5
Palvelukartta,5
Puistoalueelle,5
Traditionaalisesta,5
Löytäiskö,5
Kalaton,5
Päiväkahvilla,5
Tienaamani,5
Lisähapen,5
Redditöörin,5
Riepua,5
Verhoina,5
Kuoletuksen,5
Downshiftaajaa,5
Kamo,5
Syylistyi,5
Drakenin,5
Kunniamerkeistä,5
Luinkaan,5
Paloriskiä,5
Xly9s1i,5
Ilmoon,5
Pysymis,5
Agendoineen,5
Inviten,5
Yksityissuihkaria,5
Kauppohin,5
Ajoneuvorekisteriin,5
Kuskauksesta,5
Korti,5
Katsastuttaa,5
Muodollisista,5
Kesähessuilla,5
Irtisanottavaa,5
Jakelureitin,5
Puutappeja,5
Perplexing,5
Meioosin,5
Ovenvälissä,5
Läppävian,5
Etabloituneiden,5
Paikkakuntalaista,5
Impersonation,5
Kultalapsi,5
Pökertyä,5
Lenovoja,5
Maallekin,5
Palavalle,5
Sivuroolin,5
Suuntanumeroa,5
Nykyvaatimusten,5
Täppäillä,5
Isänmaantoivot,5
Häröpallon,5
Eteläamerikkalaisen,5
Ramilehti,5
Oneplusin,5
Manas,5
Jääkiekkopelejä,5
Pätsätty,5
Kuljettelevat,5
Kaivettavaksi,5
Asuessakaan,5
Pingispalloja,5
Mallintajan,5
Koodikoulu,5
Syömisillä,5
Mainostaukojen,5
Pureskeltavia,5
Poikkeustapaukseksi,5
Asiakaspalvelunumeron,5
Liittymätyyppiä,5
Osoittautunutkaan,5
Ncsu,5
Buusterin,5
Riitautuneet,5
Taustaäänenä,5
Kls,5
Numeroidensa,5
Merkityksentöntä,5
Selvittäviä,5
Näytteenottotaajuuden,5
Siemensiä,5
Yhdenmukaistamisesta,5
Yrittäjäeläkettä,5
Maahantunkeutumiseen,5
Maailmanpelastuksen,5
Appstar,5
Utilitarianismin,5
Tutkiskelevat,5
Oikeustaiston,5
Kaapeliyhteyden,5
Voitotta,5
Valituksestani,5
Christin,5
Modeemeihin,5
Linnutkaan,5
Tunaroineen,5
Elainlaakariin,5
Sopimustani,5
Lukulomasta,5
Vuotissuunnitelma,5
Telemarkkinoinnin,5
Keskituntiansiot,5
Technicasta,5
Virsissä,5
Metalliversio,5
Nihkeilyn,5
Kotler,5
Isänmaassamme,5
Suvakkipuhetta,5
Yhteisössäni,5
Ihmislapsista,5
Sliipparit,5
Kotoutumisongelmat,5
Kuumottelusta,5
Näytteensä,5
Kiekkofanien,5
Erinäisestä,5
Kvelertak,5
Fiinien,5
Rottatutkimus,5
Sotavelkoja,5
Riitauttaisi,5
Pullikoisi,5
Tyvessä,5
84kg,5
Trikkeröi,5
Reservilaiselle,5
Talollisten,5
Tuloksenkin,5
Tyhjentyvät,5
Kansalaisillekaan,5
Sopivuutensa,5
Sosiaalipummeille,5
Heittääs,5
Siniristiloppumme,5
Brittiyliopistoilla,5
Riistokapitalisteille,5
Stokkikuva,5
Tikittävinä,5
Hanastakin,5
Kyde,5
Petäistö,5
Porsaanreijistä,5
Kandiohjelmiin,5
Myöhäistetään,5
Kierrätysjärjestelmän,5
Faktavapaata,5
Otsonoinnin,5
Ryöstöretkestä,5
Patrioottisuuden,5
Hamburgers,5
Worshipped,5
Vallanhimoisena,5
Mieltäylentäviä,5
Hyökkäyssotana,5
Mutkaisempi,5
Pomostani,5
Sidottavissa,5
Litaniansa,5
Zahiri,5
Hyödyttämätön,5
Monikulttuurisemman,5
Sequitor,5
Epithet,5
Nslookup,5
Ihmisuhrin,5
Kärylle,5
Sotapäälliköitä,5
Ateistisista,5
Teologeilta,5
Monisyisesti,5
Padallista,5
Tummiakin,5
Houkuttelevimmalta,5
Tietokonepelitkin,5
Integroimassa,5
Kokonaisluvulla,5
Polynomin,5
Quantitatively,5
Screenien,5
Lainpykälä,5
Markkinointitempulta,5
Kuulijoina,5
Urakoinnista,5
Puimureita,5
Ilkosillani,5
Takseineen,5
Havaitulle,5
Marketitkin,5
A4iseksi,5
Alusasuja,5
Mielenkiinnottomaksi,5
Egoillaan,5
Lanaamalla,5
Tuontaivaallista,5
Mainostettaessa,5
Elintarvikekemian,5
Vastavirrassa,5
Etunimekseen,5
Raparperipiirakkaa,5
Poikittaislinjoja,5
Virkeystaso,5
Porssiosakkeisiin,5
Älykkyystasosta,5
Valurautapataan,5
Irtopäitä,5
Markkinajuttu,5
Hallintomuodot,5
Myöhäseks,5
Hymypoikapatsaan,5
Yhtiöitetyn,5
Saavuttaisikaan,5
Koivukylään,5
Äskettäisiä,5
Rutiininomaisiin,5
Nettipokerista,5
Rekrynneenä,5
Irtosuhteeseen,5
Kiihkouskovaisista,5
Bowing,5
Bändilleni,5
Kasvatettiinkin,5
Ylipainostani,5
Kuppaisessa,5
Aliarvostetaan,5
Ryöstöhintoihin,5
Innokkuutensa,5
Talousliberaaliin,5
Haukeen,5
Stilleristä,5
Kulttuurimarksismin,5
Opiskelukyvystä,5
Kastroituja,5
Yleispuolueena,5
Lomistani,5
Elävämmäksi,5
Lääkärikouluun,5
Inventors,5
Pappeudesta,5
Sillankin,5
Uudelleentulkinnat,5
Perusterveydenhuollolle,5
Palveluvelvoitetta,5
Puoluetukijärjestelmä,5
A1n,5
Supersankareina,5
Lannalle,5
Vaikeutuivat,5
Myymälöidensä,5
Oligopoliin,5
Paskaläjistä,5
Rubenilla,5
Omakotitalolähiöissä,5
Menestymisestään,5
Ahertamisen,5
Kylväviä,5
Siirränkö,5
Suistuvan,5
Liikenneyhteyksillä,5
Juttuhin,5
Yritysympäristössä,5
Lentokenttäyhtiö,5
Liikkeenharjoittaja,5
Autellut,5
Kalorirajoissa,5
Yo0irsfrpq4,5
Huipputurvallinen,5
Mathew,5
Polkupyöräilijään,5
Käytettyäsi,5
Viimeviikkoisessa,5
Steriilistä,5
Pakkauksestaan,5
Kasittamatonta,5
Osaavamme,5
Jurists,5
Pahoinpitelyään,5
Mateluksi,5
Itsemurhakandidaatti,5
Romukasasta,5
Hämmentäjiä,5
Bartin,5
Täysikokoiseksi,5
Mielipidekyselystä,5
Vetoketjuna,5
Kyydittämisestä,5
Tuijotukset,5
Eisiishai,5
Työntämisellä,5
Mielipidevaikuttajista,5
Huitovan,5
Rikkomien,5
Mastoissa,5
Sekavaks,5
Palkkioni,5
Tuputtaen,5
Maailmanvalloitustaan,5
Implicates,5
Ympäröineet,5
Herkemmiksi,5
Loppukuuta,5
Tappiotilanteessa,5
Tytöistäkin,5
Duty_calls,5
Liikkuikin,5
Alistettavana,5
Ylipainosen,5
Renkaidenvaihdon,5
Booria,5
Riistakäristystä,5
Rantautuis,5
Internetsivuja,5
Ostamiin,5
Afrikaners,5
Murhaamia,5
Mutustelu,5
Kiukuttelivat,5
Katsastaisi,5
Heteropornon,5
Pikkunatsien,5
Tunkatessa,5
Kelvollisilta,5
Silmistämme,5
Trolliarmeijaa,5
Lehtisalaattiin,5
Kohdistavaa,5
Parikiloinen,5
Porvarillisin,5
Suolakaivoksiin,5
Grillijuhliin,5
Kritisoimia,5
Identiteettiongelmat,5
Loppuviestiisi,5
Lähtökohtaiseen,5
Maitotuotteitakin,5
Syömistapoja,5
Opiskelematon,5
Sieniproteiini,5
Nuijita,5
Elämämmkoulu,5
Edgyilijä,5
Valkokaulustöitä,5
Vaalikamppanjat,5
Sokerijuomaa,5
Kolkkoon,5
Kertoneista,5
Erottelutarkkuus,5
Verkkosisältöjen,5
Luistelutyyli,5
Uskonveljille,5
Sekatyömiesten,5
Kodinhoitajaa,5
Yhdistäytyä,5
Jäljellejäävän,5
Keskinään,5
Pdv,5
Kasvislinjalle,5
Syntihän,5
Möhkäleenä,5
Hyytelömäisiä,5
Lisaravinteet,5
Vegeburgerit,5
Niskasaarella,5
Maustamattomien,5
Jcjohnson,5
Erittelyineen,5
Ruokailupaikat,5
Kuvakkeena,5
Alkuperäisiäkin,5
Pillahti,5
Uhkauskirje,5
Tihutyöstä,5
Tenttasivat,5
Nakkipakettia,5
Herkullisiksi,5
Teräskuulia,5
Kriminalisoivan,5
Contemporaries,5
Tuikkaaminen,5
Uudelleenmuotoilua,5
Nfah,5
Huopaamisen,5
2009_2014,5
Shabaabiin,5
Sourcella,5
Terapiaistuntoja,5
Vaunuillaan,5
Ilmaistavissa,5
Laskettin,5
Maalaustaiteesta,5
Evakuoituja,5
Israelilaiselta,5
Liitopommin,5
Kevennyksissä,5
Ajatusloikkia,5
Kontrolloinnille,5
Kaltaisikseen,5
Kannattamattomampi,5
Mias,5
Iltapaskatasoa,5
F0iu0xe,5
Fanfaarin,5
Aliakset,5
Tallusti,5
Sotilasaseiden,5
Tutkinutkaan,5
Kappalemäärään,5
Nahkapenkkejä,5
Syytteeseenpanoa,5
Lääkejätit,5
Huracan,5
Stereon,5
Rosis,5
Paskanpuhumiseksi,5
Rynkylle,5
Tipauttamaan,5
Aikataululta,5
Harakirit,5
Kalajaa,5
Todennäköisyysjakauman,5
Vesakko,5
Extraordinaire,5
Alaikäseltä,5
Clickbaitille,5
Poissaaminen,5
Fanaattisilta,5
Jakaumahan,5
Kulttuuriakaikille,5
Alasajamassa,5
Aliin,5
Jalanjapyoralla_opas,5
10senttiä,5
Ihmishirviöinä,5
Tienylityksen,5
Jäsentämisestä,5
Kymppiäkin,5
Hyödyntävillä,5
Valtiorakenteen,5
Suuruudenhulluksi,5
Sääntöviidakossa,5
Uusfasistit,5
Avoinmielisesti,5
Myymäsi,5
Lawrence_kohlberg,5
Latexi95,5
Pakolllista,5
Historioiden,5
Kurssivalinnoista,5
140t,5
Suojelevana,5
Blop,5
Valutettiin,5
Kälyisen,5
Kiroitus,5
Lihasoppa,5
Seitsenvuotisen,5
Lakritsan,5
Tiukennuksesta,5
Kojida,5
Pakolaisen_m,5
Sosiaalijohtajan,5
Ketolaa,5
Ottelijan,5
Jätelaitokselle,5
Fleecellä,5
Hyllypinta,5
Tuotesuojan,5
Herätyskellosta,5
Jarkyttavat,5
Ufomiesten,5
Tootsie,5
Nauhaan,5
Pitkäkestoisuus,5
Nahkanilkkurit,5
Lupakäsittelyn,5
Sähköaitaa,5
Uudelleenkäytetä,5
Kirsikkapuuta,5
Urotekoa,5
Asuinaluettani,5
Osattujen,5
Veikkolassa,5
Mokin,5
Hadiasta,5
Asustaneena,5
Alaviitteeseen,5
Naapurikylien,5
Suuntiman,5
Puoluepohjasta,5
Avaruushissiä,5
Luontokappaleelle,5
Nickkejä,5
Keinokuituista,5
Esiintymistaidoista,5
Maamiesten,5
Vajat,5
Vietykään,5
Kilpailukykysopimuksesta,5
Peruspankkipalveluihin,5
Iltaseen,5
Poissulkuun,5
Huomauttaakin,5
Valitusluvasta,5
Nokkaasi,5
Downvoteatte,5
Rassatessa,5
Helkamat,5
Työuraksi,5
Munuaisongelmia,5
Enya,5
Vihanneeni,5
Keskimääräsellä,5
Iltaripuli,5
Kieltoaluetta,5
Dashcami,5
Vaikuttaaki,5
Haastatteluvideon,5
Hengähdyksen,5
Pumpatuista,5
Kauppaopistosta,5
Vitsikirjoista,5
Ease_of_doing_business_index,5
Navigoimiseen,5
Arvoitusten,5
Courtissa,5
Ohjelmakseen,5
Peale,5
Kommentihan,5
Tehoakku,5
Flightiin,5
Opiskelessa,5
Kaupankäyntinä,5
Sunkka,5
Kakkakikkaretta,5
Sporapysäkille,5
Khadijah,5
Riskiluokassa,5
Tietyntasoiseen,5
Terveysvakuutusmaksut,5
Lakijutussa,5
Ilmoittautuikin,5
Spadeksi,5
Nurkilleen,5
Protektionisti,5
Jaksotkin,5
Hakukohdetta,5
Margariiniä,5
Matkusteltiin,5
Omfattande,5
Stalk,5
Vedonlyöntifirmat,5
Nurmikonleikkuuseen,5
Päivärutiinit,5
Yrittäjätaustaa,5
Kehittääkään,5
Sotaherrana,5
ರ,5
Vickersin,5
Joukkoyksikössä,5
Käyttämättömyydellä,5
Apus,5
Soljuvuutta,5
Ihannoitavana,5
Ukonilmat,5
Sotilasjohtoon,5
Sotkeutuvan,5
Niilltä,5
Sheltered,5
Läskivitsit,5
Erikoissäännöillä,5
Lipuvia,5
Laaduttomasti,5
Suomenkielisillekin,5
Hammentavan,5
Rekkafirman,5
Helvetillisempää,5
Picsiin,5
Arveluttaviin,5
Suivaantuivat,5
Jakeluverkkoja,5
Letkautella,5
Partei,5
Glyfolla,5
Rakennusprojektissa,5
Suuntautuessa,5
Sakkouhan,5
Rahastukselle,5
Valtioki,5
Perinteisimmässä,5
Koulutuspolut,5
Kansalaisvelvollisuuksista,5
Tilittämässä,5
Lähipuiston,5
Myöhästyvän,5
Menetellen,5
Käsijarruja,5
Loogisuudessa,5
Luottotietojasi,5
Kaurakermalla,5
Omistusjärjestely,5
Miedoille,5
Nöyryytettyjä,5
Viestiviä,5
Kymmenhenkisen,5
Pökkiin,5
Selitteellä,5
Kelposia,5
N11,5
Kantapalan,5
Tehdasteollisuuden,5
Lyhytaikaisille,5
Männäkuussa,5
Itakeskuksen,5
Valikohtaus,5
Lantinen,5
Kuukautishäiriöitä,5
List_of_iarc_group_2a_carcinogens,5
Paperinkeräyksestä,5
Heittäessäni,5
Waitress,5
Juhlapaikalla,5
Kaulita,5
Pullonpalautuskuitit,5
Pihvilihan,5
Vegetaristia,5
Ylävatsan,5
Erikoissanaston,5
Mässäilyt,5
Saarnaamatta,5
Puskuroitu,5
Teurastan,5
Takkulaisen,5
Linkittely,5
Rääppeet,5
Äro,5
Vaalitaistelun,5
Kommunistisuus,5
Hankenilta,5
Avorahastus,5
Dorkasti,5
Veronne,5
Palvelutasoltaan,5
Ääriryhmittymä,5
10kmk,5
Valheellisilta,5
Allekirjoittajaksi,5
Keksineetkin,5
Vasemmistoterroristeja,5
Johtoporukasta,5
Pintaremontoitu,5
Hintapyynnöstä,5
Anarkistisilla,5
2x16,5
Siivoamiselle,5
Tulehduksella,5
Aluesairaalan,5
Säästöpakkaus,5
Tehdasduunissa,5
Haarniskassaan,5
Kersaansa,5
Keskussairaaloista,5
Röntgenhoitajista,5
Käyttöaluetta,5
Hierarkioilla,5
Kaljamahaksi,5
Mennneet,5
Skriini,5
Samankokoisilta,5
Irkkuja,5
Kattelemas,5
Taitoisena,5
Lemmylle,5
Voitollisempaa,5
66a,5
Vattuniemestä,5
Seniileiltä,5
Sattumuksena,5
Sulavamman,5
Slummiutunut,5
Toivonpilkahduksia,5
Laensimetro,5
Imeekin,5
Vaurastumiselle,5
Taivutuksineen,5
Kottikärryihin,5
Porkkanoille,5
Vedonlyöntifirma,5
Lopputurnaukseen,5
Tilaajamäärään,5
Mediaaniltaan,5
Akullisen,5
Siilipuolustusta,5
Oikeistoonkin,5
Kerrannaisvaikutuksensa,5
Zenfs,5
Peukalointiin,5
Odotellessä,5
Kotikoneena,5
Dänkkien,5
Pragmaattisemman,5
Toimeettomana,5
Syyrialaiseksi,5
Taaperotkin,5
Ripustettuja,5
Edellytettävä,5
Arvosena,5
Jämähtävän,5
Anorektikkoja,5
Parjattaisiin,5
W9f8vsowf8q,5
List_of_school_shootings_in_the_united_states,5
Sovittaviksi,5
Degenerate_art,5
Lietsovasta,5
4x100m,5
Väkivaltaluvut,5
Henkirikosluvut,5
Kuihtuvaan,5
Traumatisointi,5
Limusiineja,5
Koalitioista,5
Tykkäämisistä,5
Luonnollisimpia,5
Feikisti,5
Siiryy,5
Hedbo,5
Deletoimassa,5
Habermas,5
Knausgård,5
Naisoletetuista,5
Pääsykoemateriaaleja,5
Abdulkarimille,5
Nettikovis,5
Tehokurssi,5
Pelastimme,5
Rochen,5
Suvakkivassari,5
Rakennusmiehellä,5
Verotulojaan,5
Työmäärien,5
Eonline,5
Pakkotilannetta,5
Paniikkiratkaisu,5
Uhriutumisensa,5
Kirjanpidollisten,5
Päihdekuntoutuksesta,5
Itsehallintoprojekti,5
Miukum,5
Simulakrumi,5
Va0x5op,5
Oodille,5
Läpivetotuuletusta,5
Lapsivapaaksi,5
Kauneusasioita,5
Turunfunikulaari,5
Lääkeryhmät,5
Amenorrean,5
Itsarialueelta,5
Suorareunainen,5
Dickpickien,5
Kurdisiviilejä,5
Liittymiskeskustelut,5
Ahdistelumomentti,5
Siviilivastarinta,5
Jääkiekkotreeneihin,5
Femalefashionadvice,5
Lapsivapaiden,5
Kultun,5
Autoihini,5
Syomiseen,5
Jakoisella,5
Apothicom,5
Naistenvaivoja,5
Kleinbus,5
Jkjjgzpycly,5
Linolihappoon,5
Simuloitavissa,5
Konventeista,5
Spandexkiituri,5
Taparikollisena,5
Penkinlämmittimiä,5
Hobbiti,5
Roopehan,5
Takavarikoitiinko,5
Pesämäen,5
Wokeilijoita,5
Alalahko,5
Lähmäinen,5
Savuahventa,5
Mutkuttelusta,5
Puoliörkkejä,5
Lökäpöksyistä,5
Satutunnista,5
Rannekorut,5
Bentti,5
Merenneidoksi,5
Jytkeen,5
Mentors,5
Seuranhakupaikkoja,5
Vaatekokoa,5
Lämpösaarekeilmiö,5
Sävyttävä,5
Hintatasoaan,5
Hessuhopo,5
Velvollisuuksistasi,5
Sosmap,5
Munkkiluostarissa,5
Pulttilukot,5
Vaihdekepillä,5
Automaatillakin,5
Taviskansalaisen,5
Nimipaivat,5
Neliövuokria,5
Puolijohdevalmistusta,5
Sanoinaan,5
Annostuksessa,5
Hypetettäisiin,5
Loppusaldot,5
Lihasryhmälle,5
Kaasupuolen,5
Palvelusmuotonsa,5
Riskinarvion,5
Hellekeleistä,5
Kohtutulehdus,5
Hoitolinjoja,5
Kohdunkaulassa,5
Investointipankkiiriksi,5
Huotilainen,5
Naittamisen,5
8x5,5
Yksityiskuluja,5
Rx8,5
Mursuna,5
Adekvaatteja,5
Rsrc,5
Sisäkehän,5
Sivistämiseksi,5
Hyllypaikkoja,5
Pesäkkeiden,5
Karjatiloille,5
Winet,5
Internin,5
Suurleirillä,5
Koostetutkimukset,5
Nälkäkiukkua,5
Konventissa,5
Recur,5
Harmagedon,5
Kesäsellä,5
Ewerc8epsey,5
Myyntiyhtiöitä,5
Näennäenen,5
Apolitical,5
Kolkalle,5
Couscousta,5
Ramsayt,5
Äänittämisestä,5
Pornovideosta,5
Vesivessaan,5
Lieasta,5
Lähtöisiä,5
Painooni,5
Hiukses,5
Howie,5
Elossapitämiseen,5
Nettikirjoittelijoita,5
Sudenraiskaaja,5
Sivistysporvaristo,5
Ihmisrobotteja,5
Kahlehdittu,5
Knitted,5
Muffled,5
Kuulutuksista,5
Verosuunittelee,5
Paljasjalkakengistä,5
Torpedointi,5
Vaeltaneena,5
Viilennyskeino,5
Liitukaudella,5
Parvekekin,5
Öljyfutuureja,5
Yeap,5
Monikäyttöiset,5
Siiloutumisesta,5
Valmislihapullat,5
Moraalinvastainen,5
Länkytyksen,5
Ydinlämpöä,5
Renderi,5
Eristelevy,5
Alais,5
Vapaakauppasopimuksien,5
Tuuletusluukku,5
Liimailuun,5
Säveltävät,5
Pummaamiseen,5
Tarkenemaan,5
Käytöstavattomia,5
Polttavatkin,5
Juhannusviikonlopun,5
Kuumemmilta,5
Monarkeja,5
Kehityshommia,5
Lonkkuja,5
Trooppisiin,5
Auenneen,5
Nörttipoika,5
Viileintä,5
Kortisolitasoja,5
Laajamittaisempaan,5
Maararahatasoa,5
Länsivalloille,5
Puunhankinnan,5
Vertoa,5
Nälviviä,5
Maura,5
Labingi,5
Lihaversioon,5
Stung,5
Pupunruoka,5
Palkokasveille,5
Ratifiointivaiheessa,5
Sikte,5
Lammikoksi,5
Ajosuunnasta,5
Hihattomia,5
Ilmastonmuutoskysymyksia,5
Ylemmyydentunteensa,5
Petokalaa,5
Hypata,5
Kesäsesonki,5
Mielipidevainot,5
Pyorailyn,5
Nojautuneet,5
Kossuvissyn,5
Parsakaalissa,5
Instrumentals,5
Valmisruoalla,5
Puraset,5
Parhaimista,5
Naisekkaita,5
Tykistöammukset,5
Hirviniemihän,5
Asukaskeskittymät,5
4f86,5
Monopolivoimaa,5
7ctkp,5
Poimintasi,5
Siviilis,5
Tuluksilla,5
Depositing,5
Polttomoottoriautotkin,5
Turvaistuimiin,5
Asiantuntevuuden,5
Dragilla,5
Pesuloissa,5
Satuhetkiä,5
Lusimasta,5
Riisuutui,5
Ulkoiluttajien,5
Viljapeltoa,5
Potskin,5
Ratifiointinsa,5
Babadook,5
Seksiinkin,5
Stroked,5
Kannettavakettu,5
Sirkusviihdettä,5
Kirkkokuoro,5
Kituuteta,5
Queeneista,5
Vertaillaankin,5
Limee,5
Rajaturvallisuudesta,5
Hajoamisensa,5
Tilausansaan,5
Väsähtämistä,5
Uusintakutsunnoissa,5
Hankittavista,5
Keisseiltä,5
_studies,5
Suuntautuneisuuden,5
Esilletuomia,5
Aataminaikaisia,5
Kiusaantuneina,5
Kauppaketjuun,5
Vahankaytetty,5
Tuontikieltoja,5
Hautajärvi,5
Concealer,5
Paheissa,5
Meikkivideoita,5
Steriloitaviksi,5
Hyllykössä,5
Seksiasioista,5
Romiksella,5
Autoilulta,5
Alaikäsillä,5
Perusteltavampaa,5
Kapeammissa,5
Ikäluokkainen,5
Skuuttaajia,5
Hymistään,5
Täyskalju,5
Opportunististen,5
Liitoskohdissa,5
Odottamaansa,5
Suodatinpaperiin,5
Kuarter,5
Irrottaneet,5
Hiiliteraspannu,5
Polkemiselta,5
Gurusta,5
Huippukokkia,5
Ripittäytyminen,5
Paskafirmassa,5
Etuuskäsittelijänä,5
Fiksattavaa,5
Abc7ny,5
Parastamine,5
Toteumisesta,5
Nappirahoja,5
Impotentilta,5
Työyhteisöille,5
Streamauspalveluun,5
Vaskoolin,5
Hakupalveluista,5
Sampia,5
Meneemään,5
Karanneilta,5
4eb6,5
Perunapellolta,5
Sanomist,5
Itsekkyydestään,5
Kasinollakin,5
Proteiinii,5
Loittonevaa,5
Horticulture,5
Ylävartalosta,5
Ajoasi,5
Nytkää,5
Keinotteluilla,5
Bongausryhmä,5
Linsseineen,5
Kehitystasossa,5
Seksualisuuttaan,5
Nnnigh9g6fa,5
Koronakuopassa,5
Mb2,5
Ghiblit,5
Vhemmän,5
Kine,5
Browseri,5
Rivimiehille,5
Frenulum,5
Leenu,5
Amess,5
Heteroprideä,5
Taikaolento,5
Proteiinivanukkaan,5
Ihmissuhteesi,5
Taskuvarkauden,5
Kiipeilypaikkoja,5
Hammaslääkäreissä,5
Ruiki,5
Riistäisivät,5
Välttämättömyyksillä,5
Haraisi,5
Tykitetä,5
Periaatteisiinsa,5
Hätäjarrutusjärjestelmä,5
Tulppaaneista,5
Esidiabetes,5
Forkkaamalla,5
Staken,5
Fotonordic,5
Jäämassat,5
Ateroita,5
20uk,5
Keittokomerossa,5
Izvestija,5
Salitaustaa,5
Jalkaprässillä,5
Strengthin,5
Taloushuoliin,5
Keventäen,5
Koukistus,5
Autottomissa,5
Rassukan,5
Maksukanavalle,5
Vuokraluukusta,5
Hitaastihan,5
Kokonaispainon,5
Eroonpääsemiseksi,5
Lsjbot,5
Sopimusosapuolen,5
Retkeilykauppa24,5
Raksaukoista,5
Jämäkämmän,5
Nokkimisjärjestykseen,5
Ruenneet,5
Pöyristelemään,5
Seksiasiat,5
Homekämppiä,5
Sukeltavan,5
Säästämisastetta,5
Kuba,5
Maatilkut,5
Naurahtamalla,5
Olettamukseesi,5
Saajaansa,5
Maalaiskaupungista,5
20crisis,5
Moukarointiin,5
Whatabboutismin,5
Kiintoisammat,5
Kaivanne,5
Epäpoliittisiin,5
Uupumukselta,5
Sotatoimialueille,5
Kaasulämmityksen,5
Novellini,5
Phasmophobia,5
Mobiilimarkkinoiden,5
Rauhattomampi,5
Parantaessaan,5
Kosteammissa,5
Kaasuputkihankkeeseen,5
Kehityksessa,5
Investoineen,5
Marjaisa,5
Ex7z2xqtdaw,5
Rahapelituotoista,5
Veromarkkojen,5
Aukiolotunnin,5
Kesäkurpitsalla,5
Tuotantolaitteisto,5
Turmeltumisen,5
Pm_me_floofy_bois,5
Musavehkeitä,5
Skyrocketed,5
Itsensäkehittämiseen,5
Päivystäjille,5
Kiinniotettavalle,5
Kelataksia,5
Alustataloudella,5
Tallennusväline,5
Rajoituspäätöstä,5
Ammusvarastoista,5
Lisämaksullista,5
Harkittee,5
Bensakuluilla,5
Odotusarvoista,5
Suositutkin,5
Sykkeiden,5
Sukilta,5
Vastaksi,5
Nivelrikosta,5
Väinölä,5
Jonotuslapun,5
Hermokudosta,5
Miehittävä,5
Rakennussuunnittelua,5
Aromaan,5
Pääomillaan,5
Työtuloillaan,5
Työsuunnitelmat,5
Itseohjautuvampaan,5
Lässyttämiseen,5
Energiapiikin,5
Maavertailun,5
Keskiarvokulutus,5
Denialistille,5
Sokerisiin,5
Täysperän,5
Jfp,5
Publicationinformationview,5
Menkkakipuja,5
Tehostajat,5
Kelkkasi,5
Maksaneesi,5
Definnish,5
Mittakaavaeduista,5
Asiantuntijanäkemyksen,5
Vertailukoe,5
Keskiviivasta,5
Tiemerkinnöin,5
Hintatuki,5
Maksutapaan,5
Ampumapaikalla,5
Vahingonaiheuttajan,5
Siivilöitynä,5
Kuuluupas,5
Pähkinärinteen,5
Johtotähdet,5
Hinnanvaihteluista,5
Vastuuhenkilöltä,5
Kestavia,5
44ec,5
Ihamäki,5
Pikkuvaltiolla,5
_sid,5
Epävalidit,5
Mursuilla,5
Muistipaikkaa,5
Rilliä,5
Roberin,5
Hoitosuosituksen,5
Taikakortti,5
Pähkähulluihin,5
Kulutusmuutoksia,5
Mutkuja,5
Companiesmarketcap,5
Marketcap,5
Hoitotilanteeseen,5
Uudelleensijoitusta,5
Rahoituspalveluista,5
Svidun,5
Seitajarvella,5
Fossiilittomuuteen,5
Älykölle,5
Hömppäänsä,5
Kusemisia,5
Tylyys,5
Sentientmedia,5
Piiletä,5
Blockasi,5
Riehumatta,5
Häviössä,5
Biokaasulaitokset,5
Ilmavalvontatutka,5
Jauhiksesta,5
Hiilibudjetit,5
Puustokin,5
Nukuttamisen,5
2ccompress,5
Kimura,5
Chargen,5
Vastuunkannoksi,5
Opetuspuolen,5
Kasvisrasvoja,5
Käyttötila,5
Puhkutaan,5
Metsiensuojelun,5
Kuolinpesan,5
Somestrategia,5
Luvil,5
Saunakaljoista,5
Palveluseteleiden,5
Hapanolut,5
Kökköyden,5
Elävöityisi,5
Kelasto,5
Lastaamisessa,5
Eräänny,5
Veroaleihin,5
Tehosteannosta,5
Rikkaine,5
Mervolan,5
Naamioitunu,5
Kivespusseja,5
Ruskistuneita,5
Austiniin,5
Tehdashuollettu,5
Lisäresursointi,5
Tuontikiellot,5
Euroopalaisille,5
Kasvisprotskua,5
Crispiä,5
Serkierratys,5
Nettosummaa,5
Perustulojärjestelmää,5
Elliptical,5
Määritelmällisen,5
Laillisemmaksi,5
Tsygäilijä,5
Levennystä,5
Osaamisvinouma,5
Transnord,5
Futoniin,5
Lätkisin,5
Puolustusasianajajansa,5
Keskiviivalta,5
43c3,5
Ransomwarella,5
Pyynikiltä,5
Pehmusteina,5
Kissanpissan,5
Pienpaahtimot,5
Tutkimuksenkaan,5
Nissenin,5
Ohennetaan,5
Kannabisvalmisteiden,5
Teipanneet,5
Kärähtämisen,5
Magneettijuovan,5
Äänioikeudestani,5
Hyönteiskatoa,5
140s,5
Marketeis,5
Vehnäpullaa,5
Yrittäjäeläke,5
Vakuutusyhtiötkään,5
Harjottama,5
Kesyiksi,5
Pyydysti,5
Hännälle,5
Prinsiippiä,5
Viettämäänsä,5
Arela,5
Leipäpussiin,5
Selkeeks,5
Seipäisiin,5
Rinnakkaisluokalle,5
3d73,5
Vierailuajan,5
Ambulanssiväki,5
Huumeidenkäyttäjällä,5
Penkillään,5
Epäolennaisuus,5
Vahvistaessaan,5
Suhdanneherkkää,5
Raahauduttu,5
Suippopaprikaa,5
Rouhittu,5
Nauhotusta,5
Jutuistas,5
Hedelmöittyneellä,5
Varhaisempien,5
Lupailuista,5
Pakasteherneistä,5
Kokeilemisella,5
Ihmissaastaan,5
Jäävältä,5
Hiuksii,5
Biitissä,5
Sepport,5
Sekaisesta,5
Urbaanilegendasta,5
Joyous,5
Korviimme,5
Rajoittuneilta,5
Eritellystä,5
Päivämme,5
Sammakkofoorumilla,5
Oikeutetuilla,5
Elvytellään,5
Maailmanperintökohteita,5
Höpötystäsi,5
Pilkkomiset,5
Komposteja,5
Kahdennentoista,5
Näkemälleen,5
Ehkäisytapa,5
Metsästysaseen,5
Nauhoittavansa,5
Äidillänsä,5
Reunustama,5
Mutkatie,5
Yllättävämpiä,5
Minuuttisessa,5
Valmistusvirheiden,5
Suhdanneherkkiä,5
Maakunnalliset,5
Löyhkällä,5
Pamputtaan,5
Paskalävessä,5
Isoherroille,5
Sääntömuutoksella,5
Raskausta,5
Useasi,5
Uhkannut,5
Oikeusistuimelle,5
Internetkommentoijan,5
Lintukantojen,5
Kaikukammiotaan,5
Kirsten,5
Sanoville,5
Alekkain,5
Kaivelemisen,5
59kg,5
Neoliittista,5
Seurannaisvaikutuksista,5
Hohoijakkaa,5
Portinpieleen,5
Poliisijärjestelmää,5
Niskapartoja,5
Numeroi,5
Valtavirtaistumaan,5
Ruiskuteta,5
Keroa,5
Pikkumökissä,5
Tiinasta,5
Harhautuvat,5
Läpipaskan,5
Sammakkofoorumin,5
Uhtua,5
Keksimälle,5
Sopimuspohjaisen,5
Näyltä,5
Muoviroskalle,5
Pölyttämässä,5
Kannannottoja,5
Vianetsintään,5
Ilmoittaisikin,5
Sakramentit,5
Kuvastonsa,5
Jonkoping,5
Passeliin,5
Kulttuurirajoja,5
Käryäminen,5
Sopimussuhteeseen,5
Verollisina,5
Järkiporukkaa,5
Liristä,5
Kohdunulkoisen,5
Vaivaannut,5
Sateenkaariväestä,5
Saarnattaisiin,5
Julkaseminen,5
Ehdasta,5
Chorizosta,5
Leivitys,5
Kotikonsteja,5
Sweaters,5
Bookstores,5
Dexterity,5
Kovaäänisimpien,5
Kiusaamisvapaan,5
Löydöistään,5
Ylihoitamista,5
Sairaampien,5
Kuohut,5
Laitetetaan,5
Duo13633,5
Tuonnekaan,5
Lisättyihin,5
Tuloverokertymään,5
Lentsussa,5
Kehäpäätelmällä,5
Mielivaltaisuudelta,5
Taistelukykynsä,5
Taistelukyvytön,5
Vase,5
Oppimisymparistot,5
Kukkakimppuja,5
Puhelinvastaanotto,5
Uudistuvassa,5
Sairastodistusta,5
Talousunionissa,5
Poskiontelontulehduksen,5
Uhriutuvalla,5
Vakiopaikasta,5
Pyramidikusetukseen,5
Loukkantuvat,5
Syksymmälle,5
Niittykasvit,5
Rantasta,5
Pelisuunnitelmaa,5
Sataessa,5
Muotkalla,5
Kuraläppä,5
Pussukasta,5
Kahvipullat,5
Aurinkorasvasta,5
Vaihtojuna,5
Grillikatosta,5
Tulikuumiksi,5
Noiltakin,5
Kesäauringon,5
Arvokaampi,5
Toksisempaa,5
Oletussubi,5
Aikuistuneita,5
Ruohonkorsia,5
Tacoista,5
Luovuttama,5
Ylibuukkaa,5
Keburullaa,5
Droughtmonitor,5
Nigeriat,5
Hyväntekeväisyyskohteeseen,5
Hakkuutapa,5
Realiteetissa,5
Aikaleimoilla,5
Seksikumppanisi,5
Avott,5
Sopuisia,5
Venymistään,5
B922,5
Pahoittamiselta,5
Historiallinenkin,5
Pohjatasoa,5
Laittelu,5
Ruumisautoja,5
Leivottuun,5
Oikeusjärjestyksestä,5
Päivävuokra,5
Havaitsemansa,5
Ilmaisemiselle,5
Newday,5
Äkillisyyden,5
Kulkueelta,5
Celian,5
Pelvis,5
Bandage,5
Runkkaamasta,5
Epäorgaanisen,5
Suostumuslaki,5
Kieloja,5
Bookataan,5
Grammoihin,5
Kastelholman,5
Meijeriteollisuus,5
Kuumempina,5
Takeilla,5
Hurissut,5
Eläinkaupat,5
Vilpoiseen,5
Saranalla,5
Sanavarastoonsa,5
Etran,5
Riekaleiks,5
Betonikoppeihin,5
Julkkarilta,5
Nestetankkaus,5
Traumoistani,5
Stoltenbergille,5
Jöötejä,5
Sähkölaskulle,5
Ilmanlämpöpumpun,5
Ilmanottoaukko,5
Perheelläkin,5
Juomakelvoton,5
Undulaatteja,5
Uhrauksesi,5
Hätäsi,5
Lypsaa,5
Puutaloon,5
Kylmenisi,5
Muovikalvolla,5
Wattimäärän,5
Influenssereja,5
Palautusmahdollisuutta,5
Pääesiintyjät,5
Alumiinifolion,5
Kampaamopalveluiden,5
Usvasta,5
Harjauksella,5
2viikkoo,5
Settejään,5
Asteikäsenä,5
Asennuttaminen,5
Lauteeseen,5
Eskimokieliä,5
Koroltaan,5
Käynnistynyttä,5
Risteilijöistä,5
Seistyään,5
Keskeytettäväksi,5
Viskasivat,5
Pettävi,5
Tuhanten,5
Sankollista,5
Peltipurkeissa,5
Landespedet,5
Saatetta,5
Vesimäärään,5
Vesitipan,5
Ylhäistä,5
Maistelivat,5
Ohjattavuutta,5
Kulutustakin,5
Vemputus,5
Kouluaikanaan,5
Vertailtais,5
Törkyilyä,5
Dickpiccejä,5
Naatteja,5
Hautomassa,5
Tohjoks,5
Paskaseen,5
Cossacks,5
Moustaches,5
Hihittelemässä,5
Ilmastointiputki,5
Uutissivuilta,5
Vatkausta,5
Feissauksen,5
Nyljettynä,5
Keltaseks,5
Trampling,5
Kertyyn,5
Toimistohuoneiden,5
Palaces,5
Nettikurssit,5
Liberaalipuolue_,5
Karaistuminen,5
Eristetyillä,5
Rappioalkoholismi,5
Kipulääkitykset,5
Kaikkitietävältä,5
Viileeksi,5
Iltakasilta,5
Seurantatunnuksella,5
Markkinoitaessa,5
Rötväystä,5
Horisontaalisesta,5
Nykimiseen,5
Dickpicejä,5
Ilmotettaisi,5
Mitalleilla,5
Murjas,5
Opiskelijajäsenenä,5
Argumentointitaidoista,5
Työkavereidesi,5
Pakasteosastolla,5
Säteilijöitä,5
Interrupting,5
Vapettanut,5
Kaukokylmän,5
Karppaajien,5
Luistamiseen,5
Lattianrajasta,5
Tuuletusaukon,5
Kullikuva,5
Reposteltavaksi,5
Flirttailulle,5
Vähäväkisessä,5
Coolimpia,5
Iltalenkiltä,5
Saattaisitko,5
Pumppaavia,5
Pississä,5
Turmeltuja,5
Ihmismies,5
Helpottaaksesi,5
Etnografista,5
Lihaksistaan,5
Virkeimmillään,5
Syksyiseen,5
Eliössä,5
Ranttini,5
Ensimmäisitä,5
Akkutekniikkaan,5
Raakaaineet,5
Vakuuttaan,5
Ihmisoikeustilanteista,5
Laittamaasi,5
Työpaikkailmoitukselle,5
Viestintäkampanja,5
Väittelyvirhe,5
Ennakkoasenteidensa,5
Suuntais,5
Rääkymällä,5
Vaatteihin,5
Pääesiintyjäksi,5
Katsontakertaa,5
Pyykkikoppaan,5
Slushy,5
Tiesinkö,5
Kieltäkö,5
937a,5
Rasittavuudeltaan,5
Frasierin,5
Ilmaksi,5
Kokoneet,5
Jallitti,5
Tarkentavilla,5
Ranskankielisiin,5
Olosen,5
Insinööriliitosta,5
Tilausjärjestyksessä,5
Engagementia,5
Videosuosituksia,5
Teinitytöltä,5
Lemmetty,5
Bergrothin,5
Kohteliaampana,5
Turaaminen,5
Tsaijai,5
Sanoinkuvaamattomasti,5
Moderoinnilta,5
Kyvykkäämmän,5
Luetettu,5
Katkoisi,5
Huutonaurettu,5
Lainkirjaa,5
Luottorajasta,5
Voimassaoloajalta,5
Luonnonalueita,5
Riid,5
Epäonnistuisikin,5
Soijanakeista,5
Työtuntimäärään,5
Viljakasvit,5
Aloitteina,5
Konventiossa,5
Lounaspaikasta,5
Kasvisvaihtoehdosta,5
Kaivautumiseen,5
Ollaksee,5
Lapsentappaja,5
Risteytti,5
Kuulumistakin,5
Kevyetkin,5
Hienostelija,5
Liekehtivää,5
Räjähdyksellä,5
Koskettamiseen,5
Maalaispitäjissä,5
Juoksekaan,5
Pommitettais,5
Kasvisruokapäivissä,5
Sukseeta,5
Wanking,5
Ammattimiehellä,5
Saavutuksiani,5
Arkisanastoa,5
Enkunkielisillä,5
Legi,5
Lohdullisia,5
Lihaiset,5
Avannepussi,5
Pykättyjä,5
Nielaistaan,5
Suomenkielisiäkään,5
Ihannelämpötila,5
Kituuttelua,5
Stadioneille,5
Rajjaa,5
Uuvun,5
Lähiympäristöstämme,5
Huviveneitä,5
Monimuotoisuudessaan,5
Sisältörikkaampi,5
Meemuilijoiden,5
Puolitetut,5
Koostumukselle,5
Järjestelmällisempiä,5
Ilmoitusasian,5
Änkyränsä,5
Nipistettävä,5
Eessa,5
Ravintotiedot,5
Miljonäärinkin,5
Ohjelmistopaketti,5
Valtionkirkot,5
Kaapissakin,5
Minällä,5
Ulkopolitiikassamme,5
Opetellakaan,5
Kasvisruoiksi,5
Nostamastasi,5
Etupiiriajattelusta,5
Pitkittyvä,5
Mielenkiintoisimman,5
Kurdijärjestöjen,5
Solveltaa,5
Lomakyydit,5
Tiis,5
Asianomaisista,5
Proteeini,5
Vihannekseen,5
Rantakallioilla,5
Romppuja,5
Panssarivoimat,5
Ahvalnews,5
Aarteenmetsästys,5
Simtown,5
Pelaamiani,5
Sepustamaan,5
Millisekunnilleen,5
Pelatakaan,5
Keskeneräisiin,5
Nistiluola,5
Miesylivoiman,5
Elvytelty,5
Neuvottelukumppanina,5
Epäironisessa,5
Puntarointiin,5
Isänmaalisuus,5
Makuuhuonessa,5
Näkikset,5
Ylikalastukseen,5
Hauraaseen,5
Nesteyttämään,5
Jälkilöylyjä,5
Särähtämään,5
Kauppakoriin,5
Sulautuma,5
Nyhtöpossuun,5
Eevankin,5
Väärinkäsitykseltä,5
Kiihotat,5
Kuvitelluilla,5
Nälvimässä,5
Murkkuiän,5
Erityispiirteensa,5
Maksimitasolle,5
Nillittävää,5
Mehukkainta,5
Hutkinnan,5
Perustuslainvastaisen,5
Tunteiksi,5
Sekundan,5
Rokotedisinformaation,5
Sakeimpia,5
Nouta,5
Lukuinnostuksen,5
Äänestäjäryhmältä,5
Somefirmoille,5
Laskelmoidut,5
Halventavuutta,5
Halventavuudesta,5
Tekemiini,5
_united_states,5
Houkuttelevasta,5
Kaksikymppisille,5
Hiljennetyksi,5
Porukoillesi,5
Esimerkkeihini,5
Keskitasoisen,5
Vertauttaa,5
Vikavirtasuojattu,5
Havittelevalle,5
Jenkkilarppauksen,5
Johtomaa,5
Kriteereissään,5
Harhamaailmoissa,5
Sähkövedot,5
Taistelukuntoista,5
Erkkaopena,5
Persuöyhötys,5
Loukkaamismielessä,5
Kutsumiselle,5
Kansanmurhaajaksi,5
Liittymisesta,5
Huomaamattomampaa,5
Sisältyisivät,5
Pahoittaisit,5
Eläköitymiseensä,5
Neuvostolaisia,5
Perikuvaa,5
Perikuvaksi,5
46km,5
Lippispäinen,5
Mainoslauseesta,5
Selostaen,5
Twistaa,5
Latauspaikaksi,5
Iseillä,5
Käyttökuntoisina,5
Lahjotettaisiin,5
Pistävältä,5
Malmsten,5
Katvealueelle,5
Tarinavetoisten,5
Odesa,5
Keskustelumuoto,5
Laukaisijaa,5
Naistenvankilaan,5
Raiskaillut,5
Vallinneisiin,5
Jaisi,5
Mässääminen,5
Luontaa,5
Guterresin,5
Kilpailuoikeudessa,5
Poisoton,5
Kimmastuu,5
Finnish_military_administration_in_eastern_karelia,5
Yhteistyösopimuksesta,5
Juoruttavaa,5
Ulkonäkösyrjintää,5
Vempainten,5
Lämmitystolppaa,5
Kertakäyttölusikoita,5
Immuunireaktiota,5
Palvelusajastasi,5
Huolettomimmat,5
Jääkäreissä,5
Jäätelötötterön,5
Laukaisukoneiston,5
Kaaoottista,5
Taistoissa,5
Savotat,5
Maastoharjoituksessa,5
Kuvioinnilla,5
Näinpoispäin,5
Pikkudiktaattoria,5
Hallinnonalojen,5
Pihapuita,5
Mielyttävin,5
Maailmanpoliittiseen,5
Kädenlämmittimiä,5
Whatsaboutismia,5
Syysjuhla,5
Aktiiviteettiä,5
Markkinointirikoksesta,5
Muljauttaa,5
Hyväksytäkkään,5
Syytettiinkin,5
Tahdittomaksi,5
Siviiliinkin,5
Spottihinnoilla,5
Samannäköstä,5
Accede,5
Nuoleskelija,5
Sijoituskohteessa,5
Alavieskassa,5
Nikotiinituotteilla,5
Nerokkaina,5
Vahvusia,5
Kultasormus,5
Reaaliaikaisesta,5
Koruttomalla,5
Ilmastointikonetta,5
Louhintaräjähteitä,5
Jankkauksesta,5
Korvettia,5
Turripukuun,5
Kädenlämpöisessä,5
Kosmetiikkalaukku,5
Kotopuolessakin,5
Lupineni,5
Psyykkeeseensä,5
Upseerikunta,5
Ihonmyötäinen,5
Makkarakastiketta,5
Polkevaan,5
Rxenhu,5
B6ministeri_emma_kari_puolustaa,5
Rwx4id,5
B6ministeri_emma_kari_arvostelee,5
Rs001v,5
Luontokadon_pys,5
A4miseksi_tarvitaan,5
Täytemaaksi,5
Frenologiaa,5
Nopealiikkeisiä,5
Nightlight,5
Johtikaan,5
Porien,5
Turvakameraa,5
Ryynääminen,5
Pihvei,5
Vaihtosähköä,5
Korvetteihin,5
Tiekkarissa,5
Paskast,5
Sweats,5
Sisarjärjestö,5
Lauhtua,5
Moraalikäsitykselle,5
Järvikalat,5
Hahahahahhhahahaa,5
Lokalisaation,5
Lättäniä,5
Kuolonloukkuja,5
Napostellessa,5
Lankkaus,5
Metsäleiriä,5
Pilkkusi,5
Väliratkaisu,5
Toimistokoneita,5
Normiarjesta,5
Pyörittelyltä,5
Kypärähupun,5
Pyytelemällä,5
Jukolassa,5
Liikkumisvälineenä,5
Ajansäästäjä,5
Päämieheltä,5
Autotilanne,5
33min,5
Pidemään,5
Vaippaikäisiä,5
Perunasosetta,5
Stoalaisuudessa,5
Riksan,5
Aamukasin,5
Sähköavusteisesta,5
Kuulostaisin,5
Yleisötilaisuutta,5
Tälläses,5
Maalman,5
Hittibiisien,5
2ctctp9pshw,5
Kutsunsa,5
Satutuntien,5
Sanoituksiltaan,5
Autottomilta,5
Liikuntakoulutuksessa,5
Suomiversioita,5
Tukimuodoissa,5
Sisäpuolesta,5
Laivamatkalla,5
Suomimusiikin,5
Sojottivat,5
Kepeksille,5
Ristiinpukeutumisesta,5
Taulapäiden,5
Levytykset,5
Saataisimme,5
Ainekiiman,5
Palsuissa,5
Ilottomalta,5
Lestan,5
Pikkarinsa,5
Kasvismakkaroita,5
Raportoimaa,5
Culpability,5
Tarjoutuessa,5
Mesomaan,5
Tutkata,5
Railia,5
Hyodyttavat,5
Pyöräretkeä,5
10tuntia,5
Sähköaidan,5
Boit,5
Perunapellot,5
12tkm,5
Levittynyt,5
Pääsäännöt,5
Kulkuväylässä,5
Myrkyllisemmän,5
Totellu,5
Ilmastointilaitteessa,5
Roudattavan,5
Muotoseks,5
Mopoikäisille,5
Saarrot,5
Tekemisestäkin,5
Samaistuttaa,5
Joulukinkkujen,5
Kämpäst,5
Keittiöpyyhkeeseen,5
Vitsiäkin,5
Klovnina,5
Öyhötettäisiin,5
Supervalloista,5
Tuputuksena,5
Onelineriin,5
Teeskentelynä,5
Korkeataajuuksinen,5
Elämöinyt,5
Ikärajavalvottuja,5
Jälkeenjääny,5
Kannattamisensa,5
Liukkaammat,5
Pimeämmät,5
Kannabisaloitteet,5
Ristiriitaiselle,5
Suunnitelmiasi,5
Seuraajillaan,5
Cortes,5
Vargas,5
Ystäväpiirissäsi,5
Henkilöllisyystodistuksesi,5
Kuolemansairaasta,5
Töötistä,5
Huudattajat,5
Kämppäänkin,5
Kertakäyttögrilliä,5
Kyseenalaisempien,5
Selitykseks,5
Makkaranpaistossa,5
Aiheutunee,5
Pukeutumassa,5
Yökerhotkin,5
Rehupiikles,5
Poliisillekkaan,5
Valintamyymälä,5
Lemmikkikissan,5
Oletusasetuksia,5
Naapurisuhde,5
Koulutusjärjestelmäkin,5
Duckia,5
Tankkauspaikalle,5
Sähkövarastoja,5
Tukkupakkaus,5
Xgykbfcd_u4,5
Muunsukupuolisiin,5
Piippailet,5
Taloustalkoisiin,5
Graffitiseinät,5
Kommentoinnistani,5
Nautasika,5
Kouluosaamista,5
Erottuukin,5
Rahakkaalle,5
Ahdasmielisille,5
Kongi,5
Kierrätettäviksi,5
Aviopariksi,5
Nousukäyrällä,5
Emännyys,5
Syydettäisiin,5
Testiavustajana,5
Naisasioista,5
Trickster,5
Sanoistakin,5
Periaatettaan,5
Lamaannutti,5
Paperipostilla,5
Valmistumisestasi,5
Aikaduunissa,5
Nelitahtiset,5
Leikkelepaketti,5
Totuttamista,5
Sotilasvallankaappaukset,5
Helpommim,5
Määrämisestä,5
Alentuisin,5
Jutullesi,5
Neuvotteluvipua,5
Myönnyttiin,5
Unambiguously,5
Käsittelijöiltä,5
Polttavani,5
Sotilasvoimaansa,5
Karkureille,5
Puuskahdus,5
Kolahtaakin,5
Uudelleenkäsittelyyn,5
Huolehtivista,5
Tapattamiseen,5
Vuorokaudenkin,5
Metsästelin,5
Yksikkönään,5
Hehkutettuun,5
Suvakkipuolue,5
Kehareiksi,5
Oleviesi,5
Tatpeeksi,5
Sisällöntuottamista,5
Istuminenkaan,5
48ef,5
Maksimaaliselle,5
Kohkaajat,5
Lagerien,5
Hankkimine,5
Teloitettuna,5
Kätösillään,5
Panssarikolonnan,5
Manttelit,5
Piippalakit,5
Bukarestissa,5
Appelsiinitäysmehua,5
Mäntyihin,5
Luiskahdus,5
Liikuvan,5
Vaatimuksii,5
Kouluttajansa,5
Herätetyksi,5
Paskalähiössä,5
Stressinaihe,5
Fetissiään,5
Rahkasammalta,5
Lipsautin,5
Lukiten,5
Prompteihin,5
Reppanalle,5
Hyttyseen,5
Karmeimman,5
Epätyypillisille,5
Törkyhalpoja,5
Vitutuksissa,5
Umpeutuminen,5
Lehemän,5
Separisteja,5
Vapaamielisemmin,5
Kuvapankeista,5
Videotervehdys,5
Yhteistyöhaluja,5
Santsarina,5
Valtasin,5
Neuvontapalvelua,5
Organisaatiomuutosten,5
Ikäluokkana,5
Kiusaannuttava,5
Treffailemaan,5
Pyytämänä,5
Oppimisvaikeuksina,5
_taistelu,5
Keskisuomalaisten,5
Oikeisii,5
Risteävistä,5
Näenäisesti,5
Postituslista,5
Kevytkenkäisen,5
Verkkoyhteisöissä,5
Sotarikoksillaan,5
Tutunoloista,5
Ärtyisäksi,5
Miesmäisen,5
Grindiin,5
Rikoimme,5
Tukeiksi,5
Translatorista,5
Draamailla,5
Saalistamiseksi,5
Inhoreaktiosta,5
Nössöydestä,5
Ravintoarvolla,5
Väännettäis,5
Rustatessa,5
Queenejä,5
Nuorisotiloihin,5
Mahdollistavassa,5
Haihattelevat,5
Eläydytään,5
Ikärakenteiden,5
Kansallissosialismilta,5
Kriitikistä,5
Kulttuurisodaksi,5
Ylipomo,5
Solahda,5
Pedoa,5
Silvennoisella,5
Diilerisi,5
Meikkaamisessa,5
Ördäämistä,5
Osuuksistaan,5
Sutiin,5
Juhlamekon,5
Hennariikka,5
Iskemisessä,5
Lisätessäni,5
Pienentäis,5
Kissamaiset,5
Koulurepun,5
Lysytšansk,5
Kauniimpina,5
Löysentämään,5
Matkanneen,5
Sapluunat,5
Erinlaisuus,5
Diktattori,5
Tuskallisista,5
Riiaamaan,5
Tuontitullia,5
Epäkiinnostavat,5
Suolatikkuja,5
Jännempiin,5
Yehdä,5
Matinkylää,5
Neuletakin,5
Imarrelluksi,5
Rusehtava,5
Erityissotilasoperaatio,5
Pysäköintikuluja,5
Pyhäinhäväistyksiä,5
Vastauksilta,5
Hautamaan,5
Kossupaukku,5
Yliluonnolliselle,5
Suunan,5
Seksuaalisempaa,5
Tiesulkujen,5
Meikkasi,5
Fiiliksiisi,5
Huulirasvalla,5
Tartteisin,5
Kauppaketjuista,5
Väistäis,5
Haavoittuneeseen,5
Selektiivilaseista,5
Kaapinperältä,5
Alottava,5
Marttakerhoa,5
Goss,5
Roskiskatokseen,5
Kävelyreissu,5
Löysähköjä,5
Kangashousuja,5
Kuoriva,5
Vesipohjainen,5
Viestittelysi,5
Hoikaksi,5
Keinosiemennyksen,5
Päiväsajan,5
Palkkasummia,5
Tiesululla,5
Palvelunumeroesto,5
Erityisolosuhteista,5
Katupinta,5
27s_day,5
Kaatokänniä,5
Omaksuva,5
Flegmaattisena,5
Vituttamasta,5
Vihaakkaan,5
Baarityöntekijät,5
Irroittelee,5
Viisvuotias,5
Määrittelemäänsä,5
Sorretuilta,5
Mätkimisestä,5
Äkkisyvä,5
Kauhuelokuvaa,5
Mussukalle,5
Vahojen,5
Kiukutteluja,5
Päivitysohjelma,5
Amissi,5
Civilizationista,5
Horkat,5
Pohdintojeni,5
Taapertavat,5
Keskinopeuksien,5
Julkisenkaan,5
Ihmisoikeusrikkomuksien,5
Maratoonista,5
Kaksiraiteinen,5
Neliösenttimetrin,5
Rantakaistaleen,5
Olankohautuksin,5
Tintissä,5
Sijatsee,5
Paikoissahan,5
Pyöräilleet,5
Pyöriskelevät,5
Romutetuista,5
Koettavana,5
Metelöivistä,5
Kehotyypin,5
Videoaineisto,5
Heterogeenisestä,5
Pakkokeinolakiin,5
Teleosoitteeseen,5
Harhauttavia,5
Vähäisimpiäkään,5
Kerääntyis,5
Palkintosummat,5
Imitoinnin,5
Hydroxyl,5
Yksikaksi3,5
Radiotelevisio,5
Asuntokannassa,5
Maahanmuuttomyönteisistä,5
Ennenkui,5
Viihtyväsi,5
Istuinalusta,5
Geenieni,5
Lokalisoinnit,5
Sanoneena,5
Rekrytöinti,5
Rasvoittumista,5
Turvapaikkaakaan,5
Poistaminenkaan,5
Silviisiin,5
Majoittumassa,5
Vaaleahiuksisten,5
Laajakaistapalvelut,5
Pensaisiin,5
Mainoskuvista,5
Rutinoitumista,5
Leventämistä,5
Säädyllisellä,5
Kaiffareista,5
Suunnitellumpi,5
Voinnit,5
Hiirikättä,5
Puhaltelemassa,5
Asiantuntijoitakaan,5
Pohjustettuja,5
Alkuasukasheimon,5
Ympännyt,5
Vaiheessakin,5
Valitiin,5
Korttikoulutukset,5
Heimolaisille,5
Ponnareita,5
Tyhjiöllä,5
Ikäluokkalainen,5
Perusmuotoisista,5
Turuntauti,5
Luoviakin,5
Kulttuurinvaihdon,5
Yhteisökin,5
Onnenkantamoisen,5
Ahdistuslääkkeiden,5
Tölkitkin,5
Odotteesta,5
Samansuuntaisiksi,5
Koostetussa,5
Mitallisen,5
Palkkatulonsa,5
Ktk1,5
Mittarit_0,5
Mittarit_1,5
Mittarit_2,5
Romarilta,5
Viivakoodiskanneri,5
Maitokastiketta,5
Erehdykselle,5
Varashälyttimen,5
87t,5
Ckey,5
Kansankieliset,5
Huilunsoittaja,5
Myötävaikuttavia,5
Syysilta,5
Pokkuroinnin,5
Yksinkertaisimmissakin,5
Pureksitaan,5
Strutseja,5
Juuttumaan,5
4ah,5
Retroksi,5
Name_desc,5
Feidaamassa,5
Kaivetaa,5
Selvittamiseksi,5
Kulkukissa,5
Pulteille,5
Toimialaosaamista,5
Sopimustekstien,5
Palautuspäätös,5
Kauhomalla,5
Tottuneisiin,5
Sohimalla,5
Organisaatiokaavion,5
Kielikeskustelussa,5
Katalysaattoreiden,5
Alkoholismikaan,5
Treffikumppaniin,5
Urakoimaan,5
Historiallisiksi,5
Muistomerkeiksi,5
Siistiytyisi,5
Deittisovellukseen,5
Konsulttimaailmassa,5
Toimareina,5
Asiantuntijoillekin,5
Merkkipäivien,5
Astiaksi,5
Muutettuu,5
Kontakteillaan,5
Implikoineen,5
Välilehdistä,5
Nakertavia,5
Parametrista,5
Alkuperäislaji,5
_east,5
Karseimpia,5
Jytisemään,5
Simppelejä,5
Jälkikäsittelemään,5
Höperehtii,5
Vertaisarvioimatonta,5
Seksualisuutensa,5
Turvamekanismeista,5
Startterit,5
Myyntimäärästä,5
Tehovalvonnasta,5
Värikombo,5
Pohditun,5
Saaristonkadun,5
Ylemmäksikin,5
Muistelevia,5
Joukkoampumisesta,5
Kahvikulttuurista,5
Etnofasisti,5
Muilutusten,5
Viinipaketin,5
Halloumilla,5
Salakuljetuskin,5
Prosessissaan,5
Laardissa,5
Tukkukortti,5
Veljenpojilla,5
Pääomatuotto,5
Neljänneksenä,5
Pikkuvanhoja,5
Riennettiin,5
Fanitatte,5
Johtahan,5
8icezswzeoi,5
Haistettavissa,5
Turvatakuina,5
Kiristellyt,5
Värivallankumouksen,5
Kypsytysaika,5
Jauhaisin,5
Laukaustenvaihtoa,5
Tarjouskampanjoita,5
Boksina,5
Lämpöanturi,5
Pilkkasana,5
Mattimeikäläiselle,5
Laittomastakin,5
L7p57,5
Karpelasta,5
Pikkuhommiin,5
Mamujoukko,5
Kunnoitetaan,5
Valtaintressejä,5
Nationalistisimmat,5
Pettureihin,5
Epäilevälle,5
Osoittelija,5
Kiristyskirjettä,5
Humisevat,5
Jakeluketjua,5
Glitchin,5
Kapen,5
Kupeilla,5
Upotakseen,5
Sumplittu,5
Organisaatiokulttuurista,5
20te,5
Soihdusta,5
Sekakäyttäjiltä,5
Dunkkua,5
Köynnöksen,5
Vääntääkö,5
Joukkoammuskeluja,5
Veistämällä,5
Vertailuusi,5
Omistajatietoja,5
Lyyjyä,5
Vaikeaselkoiset,5
Storyjä,5
Möyhöämistä,5
Kansantaruista,5
Säädettävään,5
Vuoriksi,5
Papattia,5
Grillaten,5
Ammuskelijoiden,5
Bottomless,5
Itsenäisyyspäivääkään,5
Kären,5
Skeittaria,5
Viihdekäyttöään,5
Diagnoosein,5
Sarjatuliaseeksi,5
Mielenmaisemaansa,5
Kuvaruudulla,5
Viisasteluna,5
Sammen,5
Latausliikettä,5
Epäsopivuus,5
Ympäristöperustein,5
Maakaasuvoimala,5
Maajohdon,5
Kysyttäiskö,5
20most,5
Commonwealthfund,5
Terveydenhuoltomenoihin,5
Sairausvakuutusyhtiöt,5
Kyteny,5
Videomuistia,5
Bjarmia,5
Finnlandia,5
Ilmaisijan,5
Asuntolainojensa,5
Ihmishenkeen,5
Ikkunatkaan,5
Matalemmasta,5
Äänenmurrosta,5
Pakkautunu,5
Mass_shootings_in_the_united_states,5
Oileasti,5
Varastotiloista,5
Munivien,5
Roikkumaa,5
Retostele,5
Kamppaamaan,5
Lämmennyttä,5
Pajunköysi,5
Irtonaisista,5
Ominavuin,5
Pohjukkaan,5
Suuruuksiin,5
Koskettavassa,5
Laimeta,5
Homepesiä,5
Ikiwiki,5
Peritaatteessa,5
Lakimiestensä,5
Niskakipu,5
Iloisempana,5
Unabated,5
Pornopelejä,5
Riskipitoinen,5
Jäähdyttelyaika,5
Rotaks,5
Vastaanottama,5
Kuukausisäästösopimus,5
Markkinatuoton,5
Keinosiementää,5
Kenttäoikeutta,5
Natsisymppaajat,5
Yksivuotisen,5
Keinosiemennyksessä,5
Faba,5
Loppukevennyksestä,5
Hälyttämisen,5
Vakuuksina,5
Puolivillaisiin,5
Visioille,5
Projektijohtaminen,5
Tutkimusprojekteissa,5
Kuolemansynnistä,5
Työntekijö,5
Kurssikehitykseen,5
Ihmettelevälle,5
Ylpeyttäni,5
Reunaviivaa,5
Kiukuttelevien,5
Ajokelvottomassa,5
Keskinäisriippuvuuteen,5
Popupeista,5
Seuraamiselta,5
Rotvallit,5
Ympäristöriskejä,5
Kärttämään,5
Äänikomennoilla,5
Naamioituun,5
Kaivonkansia,5
Laskeuduta,5
Vesiastioita,5
Jouluaatonaattona,5
Kanssaliikkujien,5
Sopimuksilta,5
Kävelyväylät,5
Sekavuustilaa,5
Liioitteluita,5
Työkuluja,5
Robottipölynimurin,5
Lämmittelynä,5
Huippuhintaan,5
Morkkiksissa,5
Agrikulttuuri,5
Tilastoihisi,5
Nollauutisia,5
Ylösajoa,5
Siviilioikeudellisesta,5
Pilkatun,5
Kuulokkeitten,5
Henkimaailma,5
38snt,5
Filtterii,5
Repeilytti,5
Ratansa,5
Tyylitietoinen,5
Keplottelisi,5
1yot1hj,5
Hauvelinsa,5
Moottoriajoneuvoihin,5
Pinttyneimmät,5
Kulkumuodolla,5
Eritasoliittymät,5
Uusmarxilainen,5
Paskaläävämaa,5
Taaperoksi,5
Seksualisesta,5
Vaihdelaatikossa,5
Ohel,5
Schlieffen,5
Kasarina,5
Vuosisataisista,5
Erikoistarjouksessa,5
Polttoainekulu,5
Erisyistä,5
Kissas,5
Kattottua,5
Kosmetiikkatuotteiden,5
Levyineen,5
Treenamaan,5
Ravintoympyrän,5
Bugikorjaus,5
Prässäämään,5
Kehitykään,5
Grilleihin,5
Jäähdyttävällä,5
Bensaturisti,5
Hittas,5
Takkiini,5
Traditionaalisiin,5
Feminiiniselle,5
Uhittelulta,5
Vastamelutoimintoa,5
Officejjsmart,5
Venäiälle,5
Mieluisilla,5
Kantatien,5
Vikatilanteisiin,5
Valvontasofta,5
Peppukivulle,5
Pääomakin,5
Rämisevää,5
Sisävuori,5
Ostojaan,5
Silvontaan,5
Jme,5
Kuluttajaystävällistä,5
Srh,5
Peukaloruuvia,5
4ea1,5
A7ad,5
Imeväisikäisten,5
Pippelissä,5
Alokaskaudesta,5
Vannonu,5
Kotiutu,5
Vahattuna,5
Arvoasiana,5
Lyhentymä,5
Parikinkymmentä,5
Irmalla,5
Elikolle,5
Baptiste,5
Okeassa,5
Korjautuva,5
Hörhelöt,5
Risteäisi,5
Komennat,5
Makuukammarissa,5
Leikkikaluiksi,5
Värinenkin,5
24000e,5
Taukojaan,5
Lausutte,5
Tiedottajansa,5
Esiintymisien,5
Kerrostaloksi,5
Imeskelemässä,5
Syrjähyppyä,5
Varantoihin,5
Houellebecq,5
Viestisovelluksen,5
Opiskelijaradikaalit,5
Väärinymmäryksen,5
Ambivalentteja,5
Mieheltäsi,5
Rautaputkesta,5
Desimaaliluvun,5
Malttamattomuus,5
Hoitajajärjestöjen,5
Laskijaa,5
Ruumillisen,5
Tallaamiseen,5
Sähkösopparissa,5
Pitäisti,5
Romanivastaisuus,5
Sähköpostittaa,5
Motorilla,5
Helekatti,5
Tienaisimme,5
Kävelläkseen,5
Prefektuurissa,5
Poisleikkaaminen,5
Tappioluvuissa,5
Aamuseiskan,5
Ishii,5
Parlamenttiedustaja,5
Lähiövyöhykkeen,5
Viileille,5
Carlbildt,5
Ikätasoista,5
Rajavaltioita,5
Lähialueellaan,5
Toimintakentän,5
Nuorekkailta,5
Hobitteihin,5
Kirjainhan,5
Solurakenteen,5
49fc,5
4de0,5
Nelostyypin,5
Kaapistatuloa,5
Läheisistämme,5
Ihtelleen,5
Negatiivisiltä,5
Ruokailuvälineillä,5
Jakkihedelmää,5
Huuhtoudu,5
Hajustaa,5
Taii,5
Kamojani,5
Pienempikokoinen,5
Soluseinämät,5
Lopetakkaan,5
Jalankulkuväylä,5
Tiskikaappiin,5
Hammasongelmat,5
Viidesläisiä,5
Maakuntapäivät,5
Hyväksyttäisiinkö,5
Valpio,5
Tyyliillä,5
Lyhytnäköiselle,5
Vivuttavat,5
Neliömetrien,5
Kokevissa,5
Tiskiaineesta,5
Kötöstystä,5
Perusrakenteeseen,5
Räjähtävillä,5
Pistaasia,5
Järjenvastaiset,5
Älyttömyyksiään,5
Rasvatahroja,5
Panostamiseksi,5
Vakuusarvojen,5
Useemmanki,5
Äreitä,5
Juoksenteluun,5
Peruskorjattua,5
Moottoriremontti,5
Pyyhkimisellä,5
Hierovaa,5
Ruokailukertaa,5
Vannotin,5
Emulaatio,5
Noteeranut,5
Vaarallisemmissa,5
Epäluuloisuuden,5
Opintoalaa,5
Päänupissaan,5
Suolistosairautta,5
Lisille,5
Ryönästä,5
Selityksiään,5
Inhoavia,5
Lohilo,5
Tarkoitusperille,5
Palkkatodistusta,5
Vienniksi,5
Alentumalla,5
Erikoishammaslääkäri,5
Esitutkintaviranomaiset,5
Munsterhjelm,5
Hyssyttelyssä,5
Ohjelmanumeroa,5
Käyttäytymissäännöistä,5
Tiskivuorta,5
Alkusijoituksen,5
Kontrollereita,5
Löydin,5
Kirjoittaisikaan,5
Koekäyttöä,5
Arvobarometrin,5
Tilttaamaan,5
Peileille,5
Tykistöllään,5
Kerrostalossakaan,5
Tarkotuski,5
Kivityksellä,5
Peilikuvalleen,5
Aliupseerista,5
Huutavatkin,5
Avattavista,5
Miinusmerkkejä,5
Piippaava,5
Keskustelukykyä,5
Kaasuttelemassa,5
Etätyökäytäntöjä,5
Ipdmsxqvxim,5
Kylärallia,5
Juorukelloja,5
Pillurallit,5
Laitostumisesta,5
Hienouksineen,5
Sharpened,5
Paary,5
Thecabinsingapore,5
Moottoritievauhdissa,5
Lataussähkö,5
Vuodeen,5
Sinuttele,5
Winstonchurchill,5
Lusikoihin,5
Kämpälleen,5
Alaviivan,5
Nurtsiin,5
Irreparable,5
Pakkolaitos,5
Syljeskelyyn,5
Tietyntyyppisillä,5
Pikkupaikassa,5
Pomii,5
Airbägit,5
Päihdehoitajan,5
Ensyönä,5
Luonnonuskontojen,5
Kivenmurikalla,5
Rehabilitoitunut,5
Säästöpaikka,5
Jakelutoimintaa,5
Päättämäänsä,5
Persuksia,5
Nopeusrajoituksille,5
Epäystävällisiin,5
Asentoanturi,5
Pestävissä,5
Rahajärjestelmästä,5
Demonisointina,5
Kilpailukaan,5
Pelästyneenä,5
Electricscooters,5
Ohjelmointivirheen,5
Simppien,5
Ulkonäkökommentit,5
Skuuttaajat,5
Liikasyömisestä,5
Rokkenrol,5
Siirtoraja,5
Puuttumisista,5
Ankarempia,5
Koputellut,5
Itsehallinta,5
_päälle_,5
Kohtaamissani,5
Pirstaleisia,5
Isojärven,5
Noudattamaa,5
Pitkäkarvaiset,5
Jaettavassa,5
Skimmattu,5
Koukeroissa,5
Pääminsterin,5
Jarrutellen,5
Aleessa,5
Komentoriviin,5
Muokkaile,5
Epäkäytännöllisyyttä,5
Forkista,5
Älysopimuksen,5
Forkkien,5
Torikojusta,5
Vaikeuttais,5
Kehäkolmosella,5
Fanittaan,5
Investoituneita,5
Luonnonuskontoja,5
Kaloripitoisuus,5
Pörräämistä,5
Kurkistava,5
168h,5
Kasvituotteet,5
Seisovana,5
Anteeksiannossa,5
Miljonääreinä,5
Edgyilyyn,5
Pysäköintiruutuun,5
Pyörittävissä,5
Nostalgiaakin,5
Lindaa,5
Aikatauluunsa,5
Työttömäksikin,5
Liiikaa,5
Tunnistautumisten,5
Sylkeneet,5
Yleishyvän,5
Crosstraineria,5
Prodee,5
Ihrasta,5
Finanssisektorille,5
Epäuskottavuutta,5
Naistenmiehenä,5
Analysoima,5
Poksahtamiseen,5
Obeliski,5
Janus_putkonen,5
Treenitaustaa,5
Peruslaitteet,5
Kaksijakoisena,5
Käyttelet,5
Kyseltävää,5
Harjoitusohjelman,5
Urheilupaita,5
Kurmeeta,5
Treenamisesta,5
Voimannostoa,5
Crosstrainer,5
Varmistajaa,5
Reenaus,5
Plakkariinsa,5
Vesilukosta,5
Suihkuttelemalla,5
Weebot,5
32kg,5
Hiljenet,5
Maltillisempina,5
Tukipaketeille,5
Alkunkaan,5
Grillibileisiin,5
Varjoisassa,5
Kauhoilla,5
Puurokattilan,5
Vastuskuminauha,5
Hyttyskarkote,5
Tööttäile,5
Läpimädässä,5
Lajivalinta,5
Piipitykset,5
Kaasupolkimeen,5
Häiritsevillä,5
Suulake,5
Uudenvuodenlupauksen,5
Tarttuma,5
Rampauttamiseen,5
Syntyperäiseltä,5
Agressiivisilta,5
Naapuristasi,5
Kuluttajamallit,5
Teräspannua,5
Kokoelmasi,5
Keskustelualustoista,5
Tastier,5
Bakteereineen,5
Kypsennettävä,5
Seedaamaan,5
Silmätikkua,5
Googleplay,5
Termodynaaminen,5
Likeellä,5
Kylkiasennon,5
Kokeneillekin,5
Hankaisi,5
Hankaamisesta,5
Hammastahnatuubia,5
Ruuansulatusjärjestelmä,5
Kipeäks,5
Kilpikonnalla,5
Makeahkoja,5
Syyntakeisuuteen,5
Istumisena,5
Voirasiaa,5
Kantapäistä,5
Aworkoutroutine,5
Tiedustelupalveluissa,5
Petkuttamista,5
Makuineen,5
Rajoittamattomuuden,5
Oravana,5
Vertailuvuodesta,5
Hilautunut,5
Pidentyvän,5
Tuotteistanut,5
Oleksi,5
Nollatuloiset,5
Lähtölaskennan,5
Mediaasi,5
Kysyntähuipun,5
Sairaalakäynteihin,5
Uberistä,5
Alasivua,5
Tasaisimmin,5
Vaatekerroksen,5
Yhteisöveroina,5
Perintöasunto,5
Lukaaleista,5
Hobbs,5
Perimiskulut,5
Tunarointeihin,5
Megarikkaita,5
Realisoimassa,5
Rahapussit,5
Hirtt,5
Työllistämistoimissa,5
Paskaideologiaa,5
Ruokalähettipalvelu,5
Seilannu,5
Kulkutavoille,5
Hiljasessa,5
Pyykkäyksen,5
Bussivuoroista,5
Trollailumielessä,5
Harhaileen,5
Autokeskeisiä,5
Eerolat,5
Kaksisuuntaiselle,5
Osaomistama,5
Kiivaus,5
Federerin,5
Osamista,5
Käänteellä,5
Lobbauksista,5
Kilometrikorvauksien,5
Käytönnöt,5
Hallinnoimille,5
Idiokratiaa,5
_lähes_,5
Omistusasujaa,5
Työmyyränä,5
Reippailulla,5
Vihastuttamaan,5
Kattomisessa,5
Paprikoihin,5
Tilastointitapojen,5
Yhteenhiileen,5
Prosessiteollisuuteen,5
Aikuisopintorahalla,5
Kaadellut,5
Saastuttamilla,5
Alennustarrat,5
Vuokraamme,5
Laukauksetkin,5
Psykopaattisesti,5
Hengityselimiin,5
Tahoillanne,5
Suomifilmien,5
Mevlüt,5
Kulutusmääriä,5
Isketää,5
Kaksipyöräisille,5
Lakkautta,5
Kulloisiinkin,5
Seurannoista,5
Juuselaa,5
Verotukeen,5
Ihmisset,5
Juoksuputken,5
Viidensiä,5
Tutkakuva,5
2fs3,5
Asumisratkaisuihin,5
Keskenjättö,5
Tuplalasit,5
Tuottoasteen,5
Costcosta,5
Sähköskootterien,5
Forkkeja,5
Kypsemmän,5
Penskalleen,5
Karvajalasta,5
Uhkaamiselle,5
250cm,5
Kevytmoottoripyörällä,5
Keskusjärjestelmä,5
Ihmissuhteitasi,5
Kukkaansa,5
Menetetäänkin,5
Päässälaskuun,5
Laukomia,5
Elimistöllesi,5
Korreloitua,5
Putsaten,5
Viisinkertaisti,5
Kesätyöntekijällä,5
Casal,5
Riistoverotuksella,5
Kaksoisvirhe,5
Lihantuottajan,5
Expansessa,5
Kerimään,5
Moukaroivat,5
Menettäneesi,5
Sisäseinän,5
Värinäytöt,5
Hulpeat,5
Hyllyrivit,5
981f,5
Huoltosopimukset,5
Kharkov,5
Kostuttimet,5
Sekasotkuksi,5
Maksimeilla,5
Selailessa,5
Lakihommat,5
Miinuslasku,5
Kahtominen,5
Kompuutterilla,5
Tähtitornissa,5
Sotakoneistosta,5
Heppoisinkin,5
Epäesteettinen,5
Minullaoliaivohalvaus,5
Unisuus,5
Bändikaverin,5
Ulkomaanpelle,5
Vireämpi,5
A4kym,5
Mädättävän,5
Sähläämiseltä,5
Ammattirikollisena,5
Alikierroksilla,5
Massamuistin,5
Jouhevoittaa,5
Naarmuisia,5
Kiitettäisiin,5
Tahothan,5
Tasakatoista,5
Liitoskohdista,5
Ohjelmakirjasto,5
Romanisaatio,5
Kohdekieli,5
Malleissahan,5
Koronaongelma,5
Luterilainen_kirkko,5
Äärifeministiseen,5
Huikkaamalla,5
Supplementoida,5
Mykhailo,5
Näkymättömämmäksi,5
Kiinteistöomistus,5
Pörssihai,5
Hulluimmille,5
Hallinnolliselle,5
Samanarvoisuuteen,5
Kirkkoväen,5
Tuotantokoneistot,5
Viilentämistä,5
Infrapunaan,5
Sixthtone,5
Hakemuskin,5
Tietokonegrafiikka,5
Gmmvkznmema,5
Äärikristillisen,5
Kannabiskokeilujen,5
Loukkauksesi,5
Demonisiksi,5
Uudellaan,5
Kourusta,5
Arvomerkkiä,5
Puuhiinsa,5
Rukoushuoneilla,5
Himoinneet,5
Venäläisjoukoista,5
Valtaamissa,5
Olemassaolleen,5
Humanitaarisille,5
Kirjoittamaankaan,5
Myyntirahoilla,5
Päättelyltä,5
Naturalistit,5
Aikakaudellakin,5
Oleskelivat,5
Toviks,5
Purkamis,5
Siviilipalvelusmiehen,5
Miljoonaakaan,5
Värjötellään,5
Ngot,5
Demokraattisestikin,5
Coups,5
Sukupuolivähemmistöllä,5
Standardiratkaisu,5
Ihmiskärsimys,5
Dothemath,5
Rahoituspakettiin,5
Tykistöohjuksia,5
Ukrainetoday,5
Varastojensa,5
Hoitovälineiden,5
Suolakaivoksesta,5
Lautapelejäkin,5
Remppaisi,5
Työntekijäryhmää,5
Seksuaalietiikkaa,5
Ilmaiseman,5
Niib,5
Saunakoppi,5
Mätöstä,5
Keskustakämpän,5
Kurssinousut,5
Tietämystaso,5
Miullekkin,5
Eskaloinnilla,5
Myyntikelvottomiksi,5
Pelannutkin,5
Maksetaaan,5
Röntgeneissä,5
Syöminenhän,5
Joukkuettaan,5
Osasikaan,5
Tappioputki,5
Nohevampia,5
Hallintoneuvostosta,5
Tiennykää,5
Jälkilöylyihin,5
Suurusluokaltaan,5
Kritisoinutta,5
Muovitus,5
Lisäkilpenä,5
Nuoruuessa,5
Elintarvikeyritysten,5
Listaamattomille,5
Mahdollisuuten,5
Paloasemalta,5
Huvittavien,5
Karkoittanee,5
Alipalkatuksi,5
Onnistumisille,5
Mhh,5
Tittelillään,5
27cm,5
20person,5
Ongelmalapsista,5
Liuennu,5
Brunan,5
Omatoimisuuden,5
Transhenkilölle,5
Rattijuopumustuomioon,5
Kopalle,5
Omistuskohussa,5
Verkkosivustoista,5
Tasauslaskua,5
Huutavin,5
Destinyyn,5
Endgameen,5
Asetekniikan,5
Filmatisoinneista,5
Yhtiöittäin,5
Splitscreeninä,5
Israelillakin,5
Hälytysraja,5
Suurenemisesta,5
Hoi50028,5
Käsittelyineen,5
Venäläistämistoimia,5
Tarjouskilpailulla,5
Kehonrakentajalle,5
Puolustusveroa,5
Tuotetoiveita,5
Taksiyrityksille,5
Pintapuolisiin,5
Pilkkahintaa,5
Kaksistaankin,5
Tuotesivua,5
Imperialisteille,5
Holhottaviin,5
Valistavalla,5
Jatkohoitopaikkojen,5
Käyttötiloista,5
Uskonveljiltään,5
Tonnikalalle,5
Rahapelimonopolia,5
Animaattorin,5
Läntiksi,5
Imelin,5
Lupailemat,5
Lompsat,5
Oppimissisältöjä,5
Vaivoistani,5
Katkarapuihin,5
Karhuttava,5
Kuulasi,5
Huuhtelemassa,5
Kuuliaan,5
Sähköautoilijalle,5
Pyöritykset,5
Eksotesta,5
Ulosmyyntioikeutta,5
Turmelet,5
Yhtenäiskouluun,5
Täysmittaisina,5
Varavoimat,5
Tuontipolttoaineita,5
Varmuusvarastoilla,5
Ksyyt_2018_2019,5
Runnutettu,5
Iltavapaan,5
Kilpaillakaan,5
Baarireissulta,5
Ylhällä,5
Skarppaaminen,5
Kulkeutuuko,5
Pilkunnussinnaksi,5
Tahtomallasi,5
Kärkyllä,5
Vähinen,5
Rechnet,5
Piirroshahmoa,5
Vaihtoehtoishistorian,5
Painumisesta,5
Kahtiajakautuneen,5
Kissoineen,5
Liikkuvuuskin,5
Tilastoakin,5
Sukulaiskielet,5
Vesilitkua,5
Korjatessani,5
Fraicheen,5
Laskeutumis,5
Palkkaratkaisun,5
Dramatisoituna,5
Klassikkokirjallisuutta,5
Kaasukenttiä,5
Kulminoituen,5
Lahjoittaneiden,5
Uudelleenbrändännyt,5
Tolvanaksi,5
Lävikköön,5
Sähkölamauttimen,5
Konveksi,5
Hallintaotteen,5
Odotteita,5
Tarvekkaan,5
Muuttoilmoituksia,5
Sumutteista,5
Tuetumpaa,5
Ruumiinkin,5
2tlk,5
Päävammoihin,5
Taikaisku,5
Säätiöittäminen,5
Varasimme,5
Hautuumaista,5
Asat,5
Sössö,5
Viito,5
Kuivateta,5
Paikallisryhmissä,5
Lopettakoon,5
Jäsenistäsi,5
Rakennusurakoitsija,5
Säikyn,5
Vivutuksella,5
Hyödyntävänsä,5
Sovitetuksi,5
Kriisiäkin,5
Täysikäsiä,5
Pikkareista,5
Kulahtaneella,5
Pomppaakin,5
Osuusmeijerit,5
Jalostajia,5
Karttelevat,5
Kuihdut,5
Haltuunottopäätöksen,5
Vedenalaisesta,5
Aikahypyn,5
Masiinoilla,5
Eriparin,5
Rääsyjä,5
Palovammoilta,5
Liipaisevat,5
Liikeideansa,5
Ilkosen,5
Neuvostotasavallasta,5
Vaurioittaneen,5
Koekäyttövaiheessa,5
Mikroyrittäjän,5
Väijyn,5
Pilipalikursseilla,5
Sisäistäkään,5
Elintarvikevalmistaja,5
Lisälämpö,5
Rikkoutumisia,5
Pieniruokaisia,5
Bensakoneeseen,5
Moottorisahoihin,5
Pelleteillä,5
Työntarjoaja,5
Virkakielellä,5
Henkilöautoihinkin,5
Tankkaajista,5
Nelinumeroisiin,5
Bidesuihku,5
Epakohdan,5
Putkitukset,5
_v3,5
Ilmastoinneissa,5
Parkkeerattuihin,5
Hannaliubakova,5
Tasavalloille,5
Nelinkertaistumiseen,5
Keil,5
Suuntaamisen,5
Hevostellenn,5
Esikeitetyt,5
Hakumenettelyn,5
Yksinkertaistui,5
Pomppaat,5
Petkunterä,5
Kieriminen,5
Tahrimaa,5
Lämpötilä,5
Epäsopivilla,5
Tuottamut,5
Sanotti,5
Perustavaan,5
Intervallitreeniä,5
Juoksuradan,5
Markkinausko,5
Ylittäneelle,5
Huohota,5
Vänkäriksi,5
Hitsaussaumat,5
Hoilasivat,5
Muovirasioita,5
Saavutanko,5
Varastaakin,5
Fanitukset,5
Torpedoimassa,5
Minnee,5
Myslistä,5
Ylivedetyt,5
Vitsejen,5
Jakotukit,5
Riffata,5
Farkkusortsit,5
Talvipyörä,5
390g,5
Askelluksen,5
Kalenteripäivän,5
Omistuskämppää,5
Pohkeisiin,5
Traumoilta,5
Opiskelijahintaisen,5
Legacypaskan,5
Peräänkuullutan,5
Hämäläismurteissa,5
Linkoat,5
Selälteen,5
Tomaattejakin,5
Kannellista,5
Henkilöbrändäystä,5
Kivuliaalla,5
Hajonnutkaan,5
Ajopäiväkirjan,5
Laatikkoruoka,5
Voimaharjoitteluun,5
Vihanneskeitto,5
Hyökkäysrikos,5
Turistienkin,5
Siansaksalta,5
Liberaalisiipensä,5
Fiilannu,5
Lukeeneeni,5
Varakkaampana,5
Wateista,5
Masteroinut,5
Älytekniikkaa,5
Cancelin,5
Sydänkipu,5
Stavros,5
Pinnoittaminen,5
Irtonumeroina,5
Mädätyksessä,5
Kevytyrittäjäpalvelua,5
Vasektomiat,5
Insidiously,5
Pakkovärväyksiä,5
Jatkotutkimuksille,5
Kohdulliseksi,5
Eteläisistä,5
Tunkeilevat,5
Kuvannetaan,5
Virrankäyttö,5
Kuluttavampia,5
Fibromyalgiasta,5
Työkseensä,5
Lätkäistynä,5
Ilkkuja,5
V_nr31lv6h8,5
Incapacitate,5
Hedbergiin,5
Kohdunsuun,5
Patologisista,5
Sakeimman,5
Altialle,5
Rikastavan,5
Vilkkaisiin,5
Lavapersoona,5
Syystäkö,5
Autottomienkin,5
Satuiluja,5
Vihtojen,5
Uhriutuvien,5
Saunois,5
Suonensa,5
Salamurhaavat,5
Hormonilääkkeet,5
Iäkkäämmästä,5
Hevonpaskana,5
Shoppailuja,5
Mieleistänsä,5
Runnella,5
Alkuperäisasukkailla,5
Konsultoitava,5
Pienkoneista,5
Leventämään,5
Mennäänkään,5
Kärvensi,5
Istumisaika,5
Kusilammikko,5
Kilpirauhassyöpä,5
Kokemusperäiseen,5
Yksinaisyyteen,5
Monitieteellisiä,5
Turistinähtävyydeksi,5
Ajattelukykyäsi,5
Hankasivat,5
Iljettävästi,5
Herkistymistä,5
Vaihteistojen,5
Raavittuja,5
Nälkiintyy,5
Työelämäprofessoriksi,5
Instassaan,5
Ydinvoimaluvasta,5
Ydinfuusio,5
Palikalta,5
Nalkutan,5
Fanittamasi,5
Katkerilla,5
Kauniiks,5
Aikaeroja,5
Tiedetylle,5
Lisääntymiselimiin,5
Ffjv9qyrlwg,5
Iltaopintoja,5
Sulkeutu,5
Kaloripitoisia,5
Pinkeän,5
Leventynyt,5
Tukevammassa,5
Tiileksi,5
Pikatestiin,5
Lihaksikkain,5
Sisäistämästä,5
Kuukausiliksaan,5
Normipainossa,5
Viskanneet,5
8d53,5
Keekoilua,5
Ostokseesi,5
Keltasipuli,5
Diagnosointiprosessi,5
Autorisointi,5
Levossakin,5
Uusian,5
Tarvikeosa,5
Nurburgringin,5
Hymähtäen,5
Vähäpätöisempien,5
Vispataan,5
Rääkättynä,5
Kontrolloimattomista,5
Wokettamisesta,5
Pastissin,5
Masti,5
Pakkaamasta,5
Gynekomastiaa,5
Asioinaan,5
Hulivilejä,5
Opettajajohtoista,5
Vaiennus,5
Muistamaani,5
Ennätystenkirjaan,5
Uudelleenkäynnistämisen,5
Vaellettua,5
Pätkäsoppareilla,5
Neonates,5
Pudonnutkin,5
Ilmaislipun,5
Paikallaolleiden,5
Paasauksista,5
Kannattajakuntia,5
98cd,5
Veros,5
Napostellaan,5
Ihmisbiologian,5
Bcrich,5
Erektioiden,5
Huoltotoimenpiteistä,5
Tummempihipiäisten,5
Varjonyrkkeilet,5
Kakistettua,5
Ansiotasolle,5
Maksuhäiriöisistä,5
Jättiosinkoja,5
Faunaan,5
Chomskyllä,5
Kirkkohopeat,5
Metsästäminenkin,5
Kiireapulaisia,5
Mönkijälle,5
Alennettaisi,5
Thehustle,5
Korkeuttakin,5
Ilmakunnas,5
Salijäsenyydet,5
Sääkarttoja,5
Vaatimattomin,5
Lörpöttele,5
Tappamaankaan,5
Nostamatonta,5
Eläkepottiaan,5
Aineenvaihdunnalliset,5
Ilmastokiima,5
Salaliittoteoriaasi,5
Puoluettomasti,5
Mällätty,5
Ovelaan,5
Ylipitkiin,5
Havumetsissä,5
Vaarantuneeksi,5
Sokerihöttöä,5
Kantatiellä,5
Rintafilettä,5
Juhiksen,5
Organisaatiokaaviossa,5
Siirtolinjaa,5
Muroilla,5
Vatuloin,5
Perheettömäksi,5
Tasaavia,5
Lyhyehkönä,5
Laferrari,5
Natsivastainen,5
Yksillöllistä,5
Rassailemaan,5
Naapureja,5
Näpelöidä,5
Kaikenkokoisissa,5
Pakkosiirrettyjä,5
Kenentahansa,5
Pakkausselosteet,5
Härkkimistä,5
Hmmwv,5
Köyhiltäkin,5
Viärä,5
Radiolupa,5
Ihmiskorvalle,5
Hamletia,5
Rs4,5
Äärisäät,5
Tehostaan,5
Vaivaamalla,5
Sukkapuikolla,5
Sankareitaan,5
3lr,5
Mtvtekstikanava,5
Hedelmällisyyttään,5
Kaverisuhteelle,5
Lisätienestiksi,5
Parikerroksinen,5
Rohtoina,5
Magneettikuvaukset,5
Fysioterapiat,5
Kepulainenkin,5
Kamatkin,5
Vuokratyövoimasta,5
Tehokkuudeksi,5
Tehostaja,5
Myöhästys,5
Kiertyi,5
Herkistyneet,5
Kateusveroja,5
Korruptoituneimmat,5
Sähköteholla,5
Energiaremonteista,5
Etsiväsi,5
Samanhintaisessa,5
Muutamasata,5
Anarkistienkin,5
Linkitettyinä,5
Josksus,5
Jälkikäsittelyyn,5
Radaksi,5
Metallisissa,5
Hygieniariski,5
Karvaasta,5
Häsläämisestä,5
Debatoija,5
Ostoliikenteen,5
Kulinaarisesti,5
Kuuneltu,5
Luonteisiin,5
Redwallin,5
Luovuttiinkin,5
Toimintakykyisten,5
Turvaajia,5
Abstrakteiksi,5
Tykistöarmeijan,5
Jeeran,5
Vihamielisempänä,5
Lääkekoukkuun,5
Siedettäviksi,5
Pelleilyään,5
Internetyhteydellä,5
Koodamiseen,5
Somelta,5
Haittamaksuilla,5
Haittamaksujen,5
Mureutta,5
Löllöä,5
Ydinasearsenaalinsa,5
Signifier,5
Jäsemaiden,5
Komissaariehdokkaan,5
Kirurgeiksi,5
Vuosieni,5
Opinkohtia,5
Kopionut,5
Äärrimmäisen,5
Hyökkäyshaluja,5
Vertauksensa,5
Tutkijatason,5
Mustarastaan,5
Eteläosan,5
Polttoainekin,5
Vtpi,5
Ruuhkatuntien,5
Tekniikankaan,5
Ankkuroit,5
Kulkumuodolle,5
Lapseille,5
Kilpaillumpaa,5
Erimallinen,5
Koronanjälkeisen,5
Säilytit,5
Kommentoijja,5
Äänestettään,5
Ampumistapauksissa,5
Kyykit,5
Pimiäsä,5
Myrskylyhdyn,5
Meemuilen,5
_between,5
Pamahtamassa,5
Hikikarpaloiden,5
Luokkatiloihin,5
Voimafantasioidensa,5
Korjausliikkeistä,5
Hutchinson,5
Automaatiojärjestelmää,5
Muuntohuumeen,5
Siviilialueiden,5
Mårran,5
Paperipalan,5
Isopropanolin,5
Tihkuen,5
Hallintakoneiston,5
Epäpyhästä,5
Pikkelöityjä,5
Johtamisosaamisen,5
Yleissuunnitelmasta,5
Kirkollisesti,5
Autoralli,5
Suomalisille,5
Kauppakirjoissa,5
Kristeri,5
Sohlberg,5
Huomiottakaan,5
Piisamien,5
Voimajohdon,5
Siirtolinjan,5
Leukaani,5
Veroilmotus,5
Ilmestykseen,5
Varastosi,5
Hyväksiluettavia,5
Katalyyttinen,5
Sähkömarkkinaa,5
Soitolle,5
Ahneudestaan,5
Kuvailemien,5
Neurobiologiaan,5
Resoluutioltaan,5
Rullakollisen,5
Kroonisiksi,5
Tyrän,5
Tukkureita,5
Hynyt,5
Laahustetaan,5
Iltaysiltä,5
Rintojasi,5
Baidsi,5
Gyrvänhimon,5
Tavarankuljetuksen,5
Väinämöi,5
Thedebrief,5
Verivihollisen,5
Kerennytkään,5
Osallisesti,5
Aivokalvontulehduksen,5
Demonisoimiseksi,5
4e43,5
Laumasi,5
Työmiäs,5
Knoppitietoja,5
Käypähoitosuosituksen,5
Tehokkuudelta,5
Lääkeryhmä,5
Kökki,5
Hintaluokkaansa,5
Tuulimyllyille,5
Oudoks,5
Peltokankaalta,5
Lääkitset,5
Barbers,5
Tarjousehdot,5
Aputyökaluja,5
Angstaamaan,5
Kekseliäillä,5
Hannalle,5
Inhalaattoriin,5
Syrjäläinen,5
Valtavasi,5
Pääomavastike,5
Uutispostaukseen,5
Censure,5
Businesswoman,5
Equated,5
Menoliikenteen,5
Aktualisoituvat,5
Lukeutuukin,5
Kerätyksi,5
Tyttökissa,5
Tuhooja,5
Pienempiäkään,5
Väkimassojen,5
Hintakerääjä,5
Keruualueeltaan,5
Taksiyrityksestä,5
Tyyppimatkat,5
Hintahavainnot,5
Seilailua,5
Hysteerisimmät,5
Isotöistä,5
Puolustusjärjestelmään,5
Koskettanee,5
Kielenkäyttöö,5
Kustannusindeksiin,5
Mediavsreality,5
40cnt,5
Stockholmin,5
Kuljetusfirmalta,5
Kissaeläimiin,5
Hoitamattomuudessa,5
Kiputilaa,5
Kuivakat,5
Pudotetusta,5
Väriteemaa,5
Kannoillasi,5
Kauppalistana,5
Ylittävätkö,5
Karvakamuja,5
Superph,5
A9nix,5
Kestäneeltä,5
Oulaisiin,5
Nugetissa,5
Koronatuilla,5
Huumoriarvonsa,5
Luontaistuotteisiin,5
Lukevasta,5
Kolossit,5
Ilkkumiseen,5
Omailmoitukset,5
Shitholes,5
Doyle,5
Rikastamasta,5
Asiantuntijanäkemys,5
Tiedeartikkelit,5
Maapalolla,5
Teollisuusmahdiksi,5
Kuvakoosteen,5
Lämmittämän,5
Läpimenijän,5
List_of_most,5
Vaikkpa,5
Tukkoa,5
Erotelluksi,5
Valehtelijoilta,5
Grindas,5
Alkunen,5
Lääkäriopiskelijaa,5
Lentokoneitaan,5
Neuvostoliiton_partisaani,5
Iskut_suomeen,5
85m2,5
Tiedekanavia,5
Arvostamansa,5
Keskustelupalstoillakin,5
Kohtaamiinsa,5
Proviisoreille,5
Tiedevastaisuudeksi,5
Kebbeä,5
Parinkymmenentuhannen,5
Airtight,5
Yritysmaailmalle,5
Pinus,5
Seikkailuillaan,5
Paparazzien,5
Julkaisemissaan,5
Opetuspotilaita,5
Sisseinä,5
Kaukopartiomiehenä,5
Kahdeksastakymmenestä,5
Alipainoinenkin,5
Jäsenhakemusten,5
Lyhykäisiä,5
Persnetosta,5
Valtionomistuksista,5
Pikaruoassa,5
Kebabeissa,5
Kierrelly,5
20even,5
Kyynikoksi,5
Neuleisiin,5
Pursotettu,5
Utajärvellä,5
Kasvatusmalli,5
Vehreämpiä,5
Tervasaari,5
Huomannukkaa,5
Suunnitelmallisempi,5
Kevassa,5
Lässyttäviä,5
Brokadi,5
Viehättyneitä,5
Compulsive,5
Hawkeye,5
Kiljuisin,5
Sukeltaessaan,5
Sakkolaskurin,5
Sunmuihin,5
Momenteista,5
Pysäköintialuetta,5
Kiroileen,5
Asiakasryhmiä,5
Ajatusmaailmoihin,5
Lisätoimilla,5
Mystifioitu,5
Herpekseen,5
Uiskennellaan,5
Rahoituspalveluja,5
Amnesguider,5
Kuittiakin,5
Keppiäkin,5
Taiteenlajista,5
Oikoluetaan,5
Möhömahojen,5
Syövänkin,5
Osmoosia,5
Havainnoidessa,5
Lumipalloefektiä,5
Rupespa,5
Nähdeiden,5
Vaikutusvaltaisuuden,5
Hevareiden,5
Onnettomuuksina,5
Muttuisi,5
Kauhakuormaajalla,5
Toistaviksi,5
Määrittäviksi,5
Kitarariffit,5
Kitaroilla,5
Kuluttu,5
Alkusävelet,5
Kutsusi,5
Korkeimpaa,5
Viemälle,5
Räätälöidyissä,5
Sähköpostivastauksessaan,5
5metriä,5
Ehdottamana,5
Hyväksytetä,5
Hyöytyjä,5
Vikisemistä,5
Sohaisin,5
Hyötyvaikutuksia,5
Graaffista,5
Millaisethan,5
Taaperoiän,5
Viittauksille,5
Puheajasta,5
Provisiopalkan,5
Realisaatiota,5
Saville,5
Chablis,5
Tarjoutuisin,5
Vaareista,5
Osakesijoittajista,5
Lisäpääomaa,5
Päivystyskäynneistä,5
Ilmiselvyydet,5
Kusetettaisi,5
Näkösinä,5
Päällystöllä,5
Vanhuuselake,5
Kannoissani,5
Eväitäni,5
Dieselautosta,5
Vesilaseissa,5
Jättifirmoille,5
Kirjelähetystä,5
Byrokratiakerroksen,5
Kohtuukokoisia,5
Heikkouksistani,5
Tasavärisiä,5
Jakelupisteisiin,5
Sekajäteastiaa,5
Pesareiden,5
Kompostoitava,5
Kerääjällä,5
Osoittaneensa,5
Kaukaselta,5
Kasvispohjaisempaan,5
Alaäänivyöryä,5
Kokonaisonnellisuuden,5
Ulkomaalaistaustaisien,5
Makuuhuoneeseesi,5
Luutia,5
Kulttuuritaustaisten,5
Hoitajapulat,5
Kaahailijoista,5
Käräjätuomio,5
Levitteellä,5
Rikosalttiimpia,5
Murjominen,5
Asiakasrekisterissä,5
Käynnistysvaiheessa,5
Saataaisiin,5
Spekulatiivisilla,5
Julkisrahoitteisilla,5
Factoring,5
Kalsarini,5
Nauttiakkin,5
Sadepilvi,5
Aliredditeihin,5
Loppumaankaan,5
Aikuistumisessa,5
Alitajuntaani,5
Selviytymistilassa,5
Rakentamaani,5
Virgin_cleansing_myth,5
Elinkautisilla,5
Harrastusryhmiin,5
Kouluikäiseltä,5
Datojaan,5
Vastaavankokoisen,5
Silmukoista,5
Karjassa,5
Juhanalle,5
Pähkinäpuu,5
Hakuteksti,5
Selkäosaan,5
Villavaatteisiin,5
Huumeaddiktioon,5
Rengasrikko,5
Reiskalla,5
Mutuilevani,5
Keksiväni,5
Etäisemmästä,5
Mittausmenetelmä,5
Laiminlyön,5
Retroaktiivista,5
Syöksyvä,5
Puuhyölä,5
Harmitellessa,5
Onnistuneiksi,5
Maankayttosektori,5
Ihmettelijä,5
Erinomaisilta,5
Kiistanalaisempaa,5
Peitefirma,5
Normitkin,5
Aakke,5
Symmetriseen,5
Desalinaation,5
Kiperässä,5
Sotilaskoneilla,5
Terävämmällä,5
Säästäväisyyden,5
Sokeriveteen,5
Flunssaansa,5
Varapormestari,5
Arvonlisäverotukseen,5
Kasvisjauhista,5
Electricitymaps,5
Ylijääviä,5
Talvikuukautena,5
Pitkiinkin,5
Häirittynä,5
Liikuntavammaisen,5
Takamustani,5
Veljenpojista,5
Kylmäkaapeissa,5
Bilispöydän,5
Odotettavaakin,5
Hemiraudan,5
Laidunnurmi,5
Proteiinitarpeen,5
Sankaroimaan,5
Henkilötuntomerkkien,5
Tuntomerkkinsä,5
Häirintätapauksessa,5
Ammatitaidon,5
Hoitamistaan,5
Afrikkassa,5
Painiseuran,5
Latesta,5
Muutenvaa,5
Irtolehti,5
Raspissa,5
Tehosterokotusta,5
Yrittämäs,5
Ovel,5
Käymäs,5
Konsulttiyhtiöille,5
Jumittivat,5
Patoaltaasta,5
Vahemmin,5
Kuskaavan,5
Saksalaistyylistä,5
Tarjoilijatkin,5
1mwh,5
Valotaulujen,5
Has_verified,5
Huudattamisesta,5
Tiedevastaiselta,5
Kvartaalitulokset,5
Fantsuin,5
Koulutusmateriaalit,5
Maxdickpower,5
Järjestelmäasiantuntijaksi,5
Tippipurkkiin,5
Propagandalehtisiä,5
Olemassaolevatkin,5
Huomaavansa,5
Elinvoimaiseen,5
Siirappisia,5
Kyttäävän,5
Innokaita,5
Käryllä,5
Tulehdukselta,5
Tuhissu,5
Takein,5
Projektiluontoinen,5
Lepakoksi,5
Brittisotilasta,5
Harjoitustoiminta,5
Laittomampia,5
Pirunmoiset,5
Seurantatutkimuksiin,5
Triplattua,5
Tavaratilasta,5
Omistusliitteet,5
Hyväkroppainen,5
Perseenreijän,5
Sijamuotona,5
Huippukouluihin,5
Hajotakseen,5
Kuuntelevista,5
Meager,5
Koulupoliisin,5
Huumepelottelu,5
Leimasimet,5
Cqc,5
Kastanut,5
Tutkimustapaa,5
Suostuttua,5
Pahoitteluita,5
Niccolo,5
Someviestintää,5
Pervoiluun,5
Defensiivistä,5
Resorin,5
Protokollansa,5
Kilteillä,5
Tutustuneelle,5
Käyttäytymistapaa,5
Aavistivat,5
Valencian,5
Lääkevastaisuutta,5
Ilmastonmuutosvastaista,5
Keskustelutaidoilla,5
Velkaongelmien,5
Hyvälllä,5
Kusipäisissä,5
Sopeutumiskykyisiä,5
Kuohuaa,5
Opettajatarta,5
Keskituloisenakin,5
Perusduunareilla,5
Vaporisoimaan,5
Terveydenhoitokustannuksia,5
Välikappaletta,5
Altaineen,5
Kakkosluokkalaisille,5
Möllötät,5
Käyskentelyä,5
Lomamoodiin,5
Uhraustasi,5
Sukulaisvierailuja,5
Kamankäyttö,5
Perheelämä,5
Mykkäelokuvan,5
Roamed,5
Mafiosoille,5
Viihdekäyttäjästä,5
Tarkastelehan,5
Lottopeliä,5
Tuontimäärät,5
Kylmälaukut,5
Markkinointitiimejä,5
Puoliinkaan,5
Hoitohistorian,5
Normaalikokoiselle,5
Liikuvat,5
Luottokorttivelat,5
Riskikäytön,5
Ravintolamuseo,5
Tyylikkäissä,5
Penetroitumaan,5
Tieteiskirjallisuudesta,5
Punavaloa,5
Tosiuskovien,5
Communityjen,5
Ainontie,5
Pajautteluun,5
Masennustaustaa,5
Sädesieni,5
Tuntivat,5
Kulttimaisesta,5
Vasikoidaan,5
Korvauspäätösten,5
Clade,5
Kumppaneidemme,5
Palkkasotkusta,5
Vittuillakses,5
Tuttavissani,5
Hourimaan,5
Ilmalaivoja,5
Lesboparin,5
Samoaja,5
Fiksoituneita,5
Törkynen,5
Alistavalla,5
Partikkelikokoa,5
Maahantulolupa,5
Epäluuloisuudesta,5
Kaviaarista,5
Statustani,5
Omituisiakin,5
Todistajaan,5
Krakat,5
Valtionohjauksessa,5
Likakaivoon,5
Nazima,5
Aamupalaansa,5
