Hermafrodismi,3
Webisivulla,3
Vaaleaihoisuuden,3
Fysikalistit,3
Ekalmanen,3
Kaumalla,3
M06,3
Järjestelmäpiirillä,3
Diakoneja,3
Nenäsuojainta,3
Palveluseteliin,3
Paukkulangat,3
Hotelliketjut,3
Gcmap,3
Joukkoliikennelipun,3
Absurdimmaks,3
Kameratekniikan,3
Lapsettomanakaan,3
Vyöhyketerapeutti,3
Enkeliparantaja,3
Väitöskirjatutkimukseen,3
Moittimasi,3
Brändeillään,3
Rahaaminen,3
Suurimmillakaan,3
Sähköasennustöistä,3
Muuraamme,3
Harjoitusmateriaali,3
Finaviaan,3
Ruuttaan,3
Ieh,3
Deterrenssi,3
Kampuksellakin,3
Retkillään,3
Pepperissä,3
Tälläisii,3
Kookosrasvassa,3
Sovitteleminen,3
20meat,3
Ymparistovaikutukset,3
Nupoutetaan,3
Konversiosuhde,3
Idootteina,3
Esiinnyttyään,3
Pringlesi,3
Ultramarines,3
O7hgjuffn3a,3
Bricky,3
Tahtimoottori,3
Kritiikittömille,3
Simppaajille,3
Vaijennetaan,3
Kansa_ah,3
Vaaliboikotti,3
Avohakkaavat,3
Turvejuntit,3
Radioantennin,3
1983_soviet_nuclear_false_alarm_incident,3
Puhuithan,3
Roskasäkiltä,3
Twitteröimään,3
Läpsyjen,3
Epäoikeudenmukaisilla,3
Oikeussirkus,3
Posturoinnin,3
Balkanisoitumiseen,3
Koventavaksi,3
Tuntemantonta,3
Motivoidutaan,3
Exelistä,3
Tavotteellista,3
Useimmien,3
Eliöiksi,3
Heprealaisista,3
Vammauttamiseen,3
Häkäpäästöjä,3
Luokkahierarkiassa,3
Hikipediainfo,3
Pikkuriitoihin,3
84vuotias,3
Makukomboja,3
Kauppakeskittymässä,3
Vasemmistolaisemmiksi,3
Vihakampanjassa,3
Kettumaisempaa,3
E2021830118,3
Gangstakulttuurin,3
Fantasioimme,3
Ylpeydenaiheeksi,3
2fmaps,3
2fplace,3
2c3a,3
2c75y,3
2c90t,3
20google,3
Porthanin,3
Immateriaalioikeusjärjestelmää,3
Flesukka,3
Bc_,3
Tuktimaan,3
Teippirullan,3
Henkilötietoon,3
Leimauksessa,3
Ranskan_sekularismi,3
Natsipassit,3
Hakaamaan,3
Polkupyorapoliisin,3
Partioinnis,3
Järjestelemästä,3
Tuomioistuinlaitoksella,3
Sosiaalistamassa,3
Turkulaisfirma,3
Tuhopolttamiseen,3
Tuudittautumiseen,3
Katensa,3
Aavistanutkaan,3
Kaksipuoleisella,3
Äänilappuja,3
Ilmastopakotteet,3
Parkkeerataa,3
Levyasemallisen,3
Luenne,3
Satunnaisemmaksi,3
Opintovelkojen,3
Rummutettuja,3
Viinitonkkaa,3
Lyhytkatseisille,3
Kumm,3
Pölyhuiskan,3
Kandisemma,3
Puukauhalla,3
Maahantulemisen,3
Pellejengiä,3
Etffät,3
Puhuessan,3
Junailemansa,3
Kannahoidollisesti,3
Susilaumoista,3
48be,3
Pannoitettuja,3
Asepajan,3
Perspektiivia,3
Puudeleista,3
4e88,3
58de1c9d,3
53cc,3
87ba,3
E0d07f18a859,3
Eivätä,3
Ydinvoimien,3
Blashemian,3
Metsästyskaverit,3
Kitisisin,3
Taskunpohjia,3
Pikasulun,3
Kiilautua,3
Neofasismia,3
Lastensuojelulaitoksilla,3
Emilialla,3
10cc,3
Someseinälle,3
Latauspistokkeesta,3
Roottaamiseen,3
Vihannissa,3
Urheiluopistossa,3
Seofq7,3
Vtvn_entinen_p,3
A4johtaja_tytti_yliviikari,3
Pukertaa,3
Järjestelmäsovelluksia,3
Korruptiojutut,3
Henkilöpatsas,3
Hirvieläinkanta,3
Susihyökkäykset,3
Althusserin,3
Lomautushan,3
Pomadaa,3
Headshop,3
Ylivilkkaudesta,3
Madaidans,3
Lukuintoni,3
Kabinettipäätös,3
Metallimaa,3
Steppereitä,3
Uhanalanen,3
Laitteile,3
Virkaehtosopimuslain,3
Seurailija,3
Obejektiivista,3
Sörsseliin,3
Rahankäyttökohdetta,3
Venesija,3
Lämmönpoisto,3
Ydinvoimalalta,3
Jenkkivaltion,3
Takkatulta,3
Natsilogoja,3
Historiankirjoituksiin,3
Keskustelutaktiikkana,3
Polttovoimaloita,3
Päivystyskorvausta,3
Oivalluksiaan,3
Kampanjatilaisuuden,3
Hukuttua,3
Paimentamana,3
Nuuttipukiksi,3
Ylistämääsi,3
Ojamäki,3
Lindbohm,3
Suolentoiminnan,3
Ametisteja,3
Genshinin,3
Periaattellisuudesta,3
Hedonistia,3
Talvirukkaset,3
Huoltokomppanioiden,3
Henkilökuntamäärän,3
Otsikkotasolle,3
Jomma,3
Polttaakaan,3
Huomataksemme,3
Vieraantuneissa,3
Täysipituinen,3
Liikkeenharjoittajien,3
Varaamattomia,3
Talvelan,3
Telahaupitsia,3
Saarekkeissa,3
Avaavaan,3
Räkättäisivät,3
Ääntenlaskujärjestelmän,3
340d,3
Ilmastoilmiöt,3
Bädäss,3
Palkassahan,3
Automaattivalmistajan,3
Kamaria,3
D082,3
Wadez1000,3
Pakoille,3
Mäenpisteaita,3
Kiinnostuslistalla,3
Suihkuuni,3
Ennaltaehkästä,3
Ottoisä,3
45fe,3
Kaupallistenkin,3
Influenssarokotukseen,3
Rafladuunari,3
Ejecting,3
Työmaakäyntejä,3
Koulutustakuu,3
Talvisäät,3
Valtakunnanrajasta,3
Pyydystellä,3
Romahtamasta,3
Henkilöillekin,3
Puhdistaan,3
Johdateltua,3
Syöpätapauksiin,3
Soihtunsa,3
Talikkonsa,3
Mainituistakin,3
Rakentamispäätöksiä,3
Tytäryhtiöissä,3
Rokotusmäärän,3
Jääkendoa,3
Kähistä,3
Tukkumyyntiin,3
Vankimääriin,3
Downtimen,3
Insinööritöistä,3
Kostuessa,3
Referoimista,3
Pakkorokottamisen,3
Stiik,3
Jonottavilta,3
Tutkaamaan,3
Vahapaperiin,3
Vangittuun,3
Ydinvoimakielteisiä,3
Cribhouse,3
Alleyways,3
Mediaesiintymisiä,3
Ajattelussassi,3
Viritelmäsi,3
Lähiässän,3
Impossiblet,3
Ydinvoimaprojektille,3
Totutteluaikaa,3
Vuodepaikoista,3
Putsaavan,3
Sössöttämättä,3
Riskiryhmänsä,3
Sopimuspuolen,3
Ortodoksikirkkoja,3
Tetanuksen,3
Kauppakumppanilta,3
Liikkumamuoto,3
_että_,3
Siirymistä,3
Perusvapaus,3
Motoja,3
Kokeiletkin,3
Yleisohjeeksi,3
Maustunut,3
Pikkulikkojen,3
Linnunpöntöistä,3
Turvapiiri,3
Fpp2,3
Raihnaisina,3
Muunnoksessa,3
Vapauksistani,3
Korkeudellaan,3
Kulttuuristakaan,3
Kyriilisillä,3
Värittelee,3
Testomake,3
Lomauttanut,3
Korkuisten,3
Putiikilla,3
Pyörälijöiden,3
Sisältyviksi,3
Spämminy,3
Estäjistä,3
Epämoraalisista,3
Viikkaat,3
Sidotaanko,3
_iii,3
_iv,3
Hedonic_treadmill,3
Kukkisi,3
Markkinoinissaan,3
Kannattajaryhmiä,3
Ссср,3
Vastustamisia,3
Voivoittelee,3
Polosia,3
Lomessa,3
Tilipäätöksiä,3
Piipahduksen,3
Otsikointitapa,3
Röökipaikalta,3
Futuristisesta,3
Murtomiehille,3
Ituhipillä,3
Toissapäiväistä,3
Huoltovarmuusargumenttia,3
Aiempanakin,3
Kiduttamisessa,3
Reuhkan,3
Saataavuus,3
Sekvensoinnissa,3
Tuotepakkausten,3
Pyöristetäänkö,3
Siviilipalvelukselta,3
Kiistoihinsa,3
Aerosolileviämistä,3
Julkkisnaisia,3
Luulekkos,3
Desperado,3
Sotabudjetin,3
Lihansyömättömyys,3
Pamaha,3
Arvioia,3
Reuhkaa,3
Utilitaristiselle,3
Ealw_wcb,3
Pehmustanut,3
Sukulaiseensa,3
Vähentelet,3
Päästöttä,3
Turkistarhaajalle,3
Elintarvikehygieniaa,3
Eliölajeilta,3
Betonikentiksi,3
Kaksk,3
Tarjoovan,3
Prognoosia,3
Pirkanblogit,3
Höyrypaine,3
Kyseenalaistaminenkaan,3
Tiilinen,3
Hyllyttävä,3
Tienylityspaikasta,3
Edistavat,3
Pakastettaessa,3
Maarittelevaa,3
Hybriditaistelijoita,3
Brazilialainen,3
Pakastetuotteet,3
Mainostaulusta,3
Vuokriltaan,3
Ruuvikiinnityksellä,3
Katkeamiselle,3
Kukoistavin,3
Painovoimakentästä,3
Ostoskärryllä,3
Hoitavilta,3
Hyppäänkin,3
Tuotemerkkiin,3
Kokeneinkaan,3
Oletusteni,3
Seksuaalipreferenssit,3
Kokonaamarin,3
Isoaidin,3
Rokotettukkin,3
Työpöytäversioon,3
Ardbegin,3
Kuuntelulta,3
Aerosolimuodossa,3
Sundströmin,3
Seellannissa,3
Pakkaskausi,3
Linkolakaan,3
Selviämisasemalla,3
Flunssapöpöjä,3
26vuotiaana,3
Ulospotkituksi,3
Aikalilla,3
Harvenevista,3
Muriset,3
14päivää,3
4d65,3
Antaamuksella,3
Kotiparturiin,3
Osiks,3
Commonrail,3
Tekoturkkia,3
Burnerin,3
Ohimolta,3
Raakapaino,3
Kiertokävely,3
Sääntöjärjestelmän,3
Isäänikin,3
Jalliksen,3
Kielenkäytölläni,3
Kaksiokin,3
Päälakeani,3
Kevättalvelta,3
X5304e,3
Käyttäväkin,3
Hiilinegatiiviseen,3
Hiustenlähdöstä,3
Jouluohjelmia,3
Teinimuistoja,3
Kiinnitettävästä,3
Astronautilla,3
Elintarvikesäännösten,3
Tilannekatsaukset,3
Peruslogiikkaan,3
Traumoi,3
Hermokaasuun,3
Aluehallintovirastoissa,3
Horjahdat,3
Suihini,3
Adenovirusvektorit,3
Ohimoiden,3
Pakotettii,3
Jouluruoaksi,3
Monneihin,3
Sairaalakuormitukselle,3
Röökinsavun,3
Motorisation_rate,3
Ympäristötavoitteista,3
Valituskaan,3
Aamuihisi,3
Uunivuuan,3
Vaivaaviin,3
Klassikoks,3
Bloomer,3
Forevercarrot,3
Uudelleenkoulutuskeskus,3
Koittakee,3
Grünberg,3
Neovim,3
Handyman,3
Snowdepth,3
Gineksestä,3
Ylilyövästi,3
Kunnollisee,3
Mexicolainen,3
Ankaremmat,3
Pomppuna,3
Huoltamattomuus,3
Tieteenalasi,3
Avoimesa,3
Krule,3
Vinkkausta,3
Hauskankin,3
Pyörittä,3
Äikät,3
Varhaisnuorison,3
Voimalajissa,3
Laajennuksille,3
Kadath,3
Kirjoitustuloksilla,3
Kutistivat,3
Leipääntyneen,3
Amiksenkaan,3
Opiskeiljoista,3
Kohdattaisi,3
Pääpirteittäin,3
Hittaat,3
Haukkailla,3
Ajoaikoja,3
Dösäkuskien,3
Ovenavauspainiketta,3
Tyhjänään,3
Psykerokki,3
Lähetykselleni,3
Kohdeosoite,3
Reittitietoja,3
Palkkataistelusta,3
Tinkimattomyyden,3
Yhtäpitkälle,3
Tilavammalla,3
Hehkumista,3
Kuvastoksi,3
Sullei,3
Ooppiumina,3
Iljettävämpi,3
Livauttanut,3
Pakettejen,3
Nyrjähtäneitä,3
Aliarviointina,3
Miniporkkanoita,3
Kaniinia,3
Linkalla,3
Aateltua,3
Nykäisyä,3
Selitystesi,3
Propellipäätä,3
Wilhelmiina,3
Palajoa,3
Yhteiskuntamuotoihin,3
Vuorotarjonta,3
Omantyylisen,3
Saaliskannat,3
Toimintaperiaatteessa,3
Miinusäänestystä,3
Paves,3
Reteämmät,3
Russian_federation_,3
Roskaamistaan,3
Sinisyyden,3
Selkärankaislajia,3
Oppisisältö,3
Todistuksiksi,3
Erikoisjoukkoa,3
Uhoilua,3
Puolustusyhteisönä,3
Jälkiselvittelyjä,3
Alueillasi,3
Olat,3
Ammattilaistasoa,3
Kirsikalta,3
Vaihejohtimen,3
Alkuviikostahan,3
Whitefinn,3
Natomyönteistä,3
Stalinillakaan,3
Selitään,3
4b07,3
B7af,3
Mielekäämpää,3
Juodakseni,3
Luonnonsuojelutyö,3
Sieltå,3
Önnönönnöö,3
Käyttötilanteita,3
Vihollisuus,3
Liitttyvän,3
Tassullaan,3
Kiveksiini,3
Haavemaailmassaan,3
Herhiläispesän,3
Sähikäisiä,3
Pinneissä,3
Plutokraattinen,3
Ohellla,3
Globaalisesta,3
Kiikkumasta,3
Salasanasäilöä,3
Kurssijuhlan,3
Tulitukselle,3
Epäkäytännöllisistä,3
Esanssille,3
Lippujärjestelmät,3
Complexia,3
Ympäristötekniikassa,3
Etuovelleen,3
Räpsytä,3
Veljeskansojamme,3
Mongerruksen,3
Lokaationsa,3
Osaamisvaatimuksissa,3
Vuorensa,3
Vuosikurssissa,3
Sulautu,3
Solvaussana,3
Airbageista,3
Julksiella,3
Myyntiosastoa,3
Tulostaulu,3
Puskurimaita,3
Hätävalhetta,3
Pläräilen,3
Näkösten,3
Kuvagalleriaa,3
Esineellistävästi,3
Harjotelleet,3
Fonttinsa,3
Vastatoimeen,3
Syrjäsessä,3
Poikakaverilla,3
Pötköteltiin,3
Kirveleviä,3
Sulloutuu,3
Biletyskuvia,3
Homoilukin,3
Tulorakennetta,3
Lottovoittonsa,3
Hyvinvointialuemalli,3
Todistuskiintiötä,3
Vaikutelmaani,3
Hoitajavero,3
Alkuperäisuskonto,3
Synkkaat,3
Älylaitteillaan,3
Syvenemässä,3
Poliisiille,3
Varmenpi,3
Hinnaltaa,3
Emämaastaan,3
Tervejärki,3
Keikisteli,3
Xeroxilla,3
Muuntajakoppi,3
Ensikoira,3
Eläinlääkärimaksut,3
Elukkaansa,3
Uptimea,3
Hoitopalvelu,3
Kanditasoa,3
Silloo,3
Kelpopelejä,3
Lentokoneellaan,3
Ajatuskuplaan,3
Tankkausinfran,3
Areatype,3
Vakuuttelusta,3
Passittomille,3
Taustatutkimusten,3
Väinämöiseksi,3
Henkeänne,3
Yksinäisyytensä,3
Maalauskohde,3
Jälkivaikutuksella,3
Kukkaistutusten,3
Tankattaisi,3
Bd0e,3
Toimintakuntoisen,3
Manuaaliloota,3
Vieroksuville,3
Akuuttipotilaita,3
Mikkihiirelle,3
Latauspisteeltä,3
Merkkiuskollisten,3
Vastakaupaksi,3
Amkkilaisen,3
Vinkatko,3
Keittolientä,3
Venäjan,3
Kaksipuoluejärjestelmien,3
Asukaslukunsa,3
Syntynykki,3
Gigatavujen,3
Mediatiedostojen,3
Porttiohjauksen,3
Työnantajasektorilla,3
Aivopeseytyy,3
Amerikkalaistunutta,3
Sekaisi,3
Visiottomuudesta,3
Tietokoneistettuja,3
Kielitietelijöitä,3
Kertauskurssien,3
Jonotustilanteet,3
Satiirinkin,3
Olennaisemmaksi,3
Nimipäiviin,3
Fanikulttuuriin,3
Essonbaarit,3
Venya,3
Hippuset,3
Maksamamaan,3
Nähtykkää,3
Sottaamassa,3
Jenkkiautojen,3
Porsasteli,3
Jmir,3
Etenä,3
Anakronisesti,3
Bitcon,3
Vauraammista,3
Naureskellaankin,3
Siirtolinja,3
Navigoitavia,3
Tikkusuora,3
Aikaansaamaansa,3
Vastaanottoihin,3
Huuhtaistuja,3
Karanteenipäätös,3
Farpeoplehate,3
Vakuutusyhtiöitäkin,3
Toimistoapulaista,3
Ev1,3
Mainittematta,3
Turvekysymyksessä,3
Ristiriidattomaan,3
Luopumisensa,3
Jokaöistä,3
Kannatusmittaukseen,3
20kest,3
Dubbaisi,3
20liikenne,3
20tilannekatsaus,3
20jaettava,3
Ydinvoimalinja,3
Arpoville,3
Pahentamisessa,3
Lobbaamiselta,3
Kuokkinut,3
Palkkaohjelmaan,3
Henkilöhaku,3
Arabikansat,3
Mordvalaisten,3
Vitsikkäin,3
Räkäindeksin,3
Riskipitoisia,3
Finskiksi,3
Aronkydön,3
Resurssivajaukset,3
Osteltaisiin,3
Kiukkupotkuilua,3
Yhteensattumahan,3
Suolakurkulle,3
Profiileiden,3
Lockdowneille,3
Siruttamisen,3
Mielekiintone,3
Swaippailemassa,3
Ladonovet,3
Kannabismyönteisen,3
Askartelemia,3
Savuisista,3
Investoikin,3
Omavaraisiin,3
Prepperin,3
Bondaaminen,3
Kokonaisuudestaan,3
49c5,3
Yleistekoälyä,3
Saunamme,3
Kulkutaudeille,3
Eksistentiaalikriisi,3
Downvoteillaan,3
Vihdot,3
Huoltokuluina,3
Verkkopiuhaa,3
Nenänpäässä,3
Johtohahmonsa,3
Sytytätte,3
Paukkuaraksi,3
Aurinkotuulta,3
Porsaista,3
Arkipyhäkorvaukset,3
Leikkauskohteesta,3
Aliverkkoa,3
Juoksenkin,3
Tutkittujakin,3
Lillumaa,3
Liberaaliakin,3
Ympäristösäädöksistä,3
Leipureihin,3
Zigbeen,3
Asiakastöihin,3
Maalaileman,3
Pysäyttääkseni,3
Peffasta,3
Wokismia,3
Hakaristisymboli,3
Kanssalla,3
Edgyyttä,3
20ne,3
20kaikkialla,3
Tuotetalosta,3
Neljänteenkin,3
Pommittelevat,3
Kerhoilta,3
Tuntipalkaks,3
Haluamakseni,3
Arkillisen,3
Puuelementti,3
Tuhisen,3
Decoys,3
Mutuilevaa,3
Myöhästymislisää,3
Laphroaigh,3
Natsitoimintaan,3
Kivilattiaan,3
Koronavirustestissä,3
Jouluruuhkien,3
Pyörittäämään,3
Ostamillaan,3
Heseenkin,3
Osoitteessaan,3
Ruuhkaisinakin,3
Tarkistukselle,3
Ukillani,3
Itseääntoistava,3
Bensiinimoottoreita,3
Sivuilt,3
Puhelinumeroa,3
Reklamaationi,3
Kirjanpitovuosi,3
Himpatti,3
Viihdetuotteeseen,3
Jakeluautoon,3
Kakaise,3
Kohdistella,3
Lisättävänä,3
Nimelliskapasiteetti,3
3a4yk,3
P5uky,3
Ovisummereita,3
Kiirehdittää,3
Toimitustakaan,3
Eläinsuojelullisista,3
Kannatusmaksuja,3
Eläkemaksukyky,3
Bändisoittoa,3
Kryptolouhinnan,3
Tieteilijältä,3
Ostohalu,3
Työkavereistanikin,3
Hellittäisikin,3
Muurejaan,3
Vitukkeita,3
Hattuarvio,3
Palkansaajallakin,3
Hirvilupien,3
Ihmislogiikan,3
Sammutettaisi,3
Palovahinkoja,3
20group,3
Lakkoilijan,3
Ensosta,3
Urheilijapiireissä,3
Käyttävänne,3
Rivitaloaluetta,3
Työnantajaleiri,3
859e,3
Rikitöntä,3
Sairaskertomusta,3
Iskostuneeseen,3
Ylipäätäistä,3
Puhepakettiin,3
Perusteitasi,3
Täyttämille,3
Aseettomuuteen,3
Virumassa,3
Satter,3
Epästabiilimpaa,3
Eli50,3
Osaajatkin,3
Menneenkin,3
Veitsitappelussa,3
Mainaajien,3
Ensisynnyttäjiä,3
Runet,3
Palkkavaihtelua,3
All_models,3
Constyear_e,3
Ravintolasulusta,3
Tradeksi,3
Aamupalakohut,3
Ikiliikkujien,3
Upsää,3
Metsälajit,3
Infoamatta,3
Raportoitavissa,3
Spastista,3
Myöntämissä,3
Neuvottelijalla,3
Elämänmenolla,3
Symptomatology,3
Huijattavana,3
Virtualisoidun,3
Nlin,3
Tekstaillut,3
Viljapellolle,3
Jytyjä,3
Naapuritaloa,3
Ääniherkkyyttä,3
Verokkimaassa,3
Vastuusee,3
Valmisruoasta,3
Kuljetusyhtiöistä,3
Harvinaistuvat,3
Synnytysväkivaltaa,3
Mäkkiateria,3
Ennallistamiselle,3
Luonnonsuojeluohjelma,3
Ammattikuntakin,3
Vähimmäistasosta,3
Juoksureitit,3
Ampumahaavasta,3
Aikalait,3
Nettikäyttö,3
Ffm,3
Irtisanouduttaisiin,3
Kuolevasti,3
Identtiteettiä,3
Vastakkainaseteltu,3
Muunhan,3
Alikellotettu,3
Koronarajotuksia,3
Kirjelaatikoita,3
Kipukohtana,3
Laihduttajalla,3
Yliopistokursseilta,3
Posautellaan,3
Kolmikantaneuvotteluja,3
Työtekijäpuolen,3
Laiskistuin,3
Paperitiikeriltä,3
Marmattajan,3
Editoimatonta,3
Mittauslaitteisto,3
Räjäyttelevä,3
Kansalaishakemukseen,3
Sivustakatsojaan,3
Neuvottelujärjestelmä,3
Monimutkaisenkin,3
Syöpäformaatista,3
Lähetyslista,3
Kuorittuun,3
Vikalistasta,3
Alivaltiosihteeriksi,3
Discandooon,3
Koirallinen,3
Viskositeetin,3
Pronomiini,3
Ikeniini,3
Oltaski,3
J44svaqc5wy,3
Tukiprojekti,3
Numbcles14o,3
Järkeilisi,3
Pläräilemään,3
Reaalisti,3
B140fa0a,3
6f07,3
C4cbae43b1ee,3
Nuhien,3
Vähemälläkin,3
Huoltomiehistä,3
Nuokkarista,3
Röökitkin,3
Vssn,3
Identiteetillistä,3
Pragmaattisille,3
Valtionjohtojen,3
Insesmiin,3
635k,3
Eliitteihin,3
Asiantuntijapaneeliin,3
Tekstikokonaisuuksien,3
Istumatasapaino,3
Opiskelupäivä,3
Kaimasta,3
Eläkkeeseenkin,3
Piilotelluista,3
Riistohinnoittelu,3
Rokotetutkimuksista,3
Organisaatioden,3
Rekrytointilisiä,3
Alaäänestäjää,3
Räknäävät,3
Instakramissa,3
Ruiskuttelee,3
Huoltokatkojen,3
Riekkujia,3
Safööri,3
Reikihoitajia,3
Huononpia,3
Herätelly,3
Säteilevällä,3
Rintamalinjoille,3
Immuunipuutteisia,3
_magnetism,3
Lutkutetaan,3
Hörhölauma,3
Vieruskaverista,3
Eristäydyttävä,3
Etätyökäytännöt,3
Kustantajasta,3
Tuomitsisimme,3
Varastojamppa,3
Inflationtool,3
Ohjauspuikoissa,3
Caesarille,3
Tartuttavuudella,3
Taksilaskun,3
Vuotenakin,3
Boosterirokote,3
Yrittävätkään,3
Neuvostosiviileille,3
Kylänväen,3
Saavuttanutkaan,3
Jupakalla,3
Henkosiaan,3
Polttopuitaan,3
Luotettavimpiin,3
Henkilötunteja,3
Askeettisella,3
Antennikaapelilla,3
Pahanmakusta,3
Maintsemiisi,3
Itsareissa,3
Tärkeltä,3
Illastaan,3
Tutkajärjestelmissä,3
Ruokaylijäämää,3
Puuvillateollisuuden,3
Rahoittuminen,3
Analyyttisemmalle,3
Vismalla,3
Reposteltu,3
Taajuusalueille,3
Kidnappas,3
Ruotsinpyhtään,3
Kommunikaatiovaikeudet,3
Natsiupseerina,3
Paskantavia,3
Kookosöljystä,3
Laitolle,3
Jacksfilms,3
Lähdössäkään,3
Jumpperit,3
Joukkueenjohtajalle,3
Määräenemmistövaatimus,3
Mittautti,3
Olkiluodolta,3
Inahtanutkaan,3
Vilkkuvaan,3
Itäpuolista,3
Alushousutkin,3
Vahoille,3
Viskomisessa,3
Jankuttaisi,3
Alkututkimuksia,3
Kannustinloukkuongelmaa,3
Pyykinpesuaineiden,3
Nelosvaihde,3
Restarted,3
Viikolloppu,3
Kirjoittettiin,3
Lounaisosien,3
Kuolemanriskejä,3
Tarkistetaa,3
Nelimetrinen,3
Kiirastulilla,3
Liityntäsopimuksia,3
Viiloilla,3
Välttävillä,3
Tärykalvossa,3
Jhsph,3
Statistiikoille,3
Sipali,3
Suosaloa,3
Asutoon,3
Tartunoja,3
Kehittäjäkin,3
Taivaallekin,3
Sellutehtaista,3
Radioasemista,3
Näytteliä,3
Suolistosairauksille,3
Sprinkling,3
Vieraannuttamiseksi,3
Brechtin,3
Melkose,3
Kuion,3
Työnsitkö,3
Selviytymistarinoita,3
Pikkusisaruksen,3
Lispin,3
Sivitykseen,3
Edeltäjänsäkään,3
Riippuvuksia,3
Sekajätekin,3
Tuputukseksi,3
Karahtaisi,3
Stigmatisoitaisi,3
Merenkulkijoille,3
Kuuntelemisensa,3
Kurssityötä,3
Palkkapyyntöjä,3
Impulsiivisuudella,3
Kuollakkaa,3
778c,3
Puukkohippasiin,3
Nuoltaisiin,3
Rasilainen,3
Pahvikääreeseen,3
Massamuotia,3
Rajutkaan,3
Kaikuvalla,3
Asuinkaupungissasi,3
Oireilleni,3
Mielenterveysdiagnoosia,3
Kokemusmaailmaasi,3
Luikasta,3
Karanteniin,3
Laskennalliselta,3
Koronpassia,3
Heittäville,3
Silmästähän,3
Vwce,3
Lentäviksi,3
Palkkapyynnöistä,3
Soveltavansa,3
Nicheksi,3
Nucleiraphe,3
Pitkällevietyjä,3
Hankitaketjut,3
Sembramännyn,3
Ainutlaatuisiin,3
Tajuttas,3
Rintamme,3
Epäsopusuhtainen,3
Spesiifisti,3
Huvipuistolaitteeseen,3
Pressakampanjan,3
Talvipesä,3
Aseenkatoluvan,3
Räjäytystyöluvat,3
Kadehtijat,3
Rokotekeskustelua,3
Purkaukselta,3
Somalei,3
Krämmäleitä,3
Suojelevasi,3
Jankutuksesi,3
Pelailuista,3
Hoitoonpääsystä,3
Kirjoituksiksi,3
Pestannut,3
Heataan,3
Risikosta,3
Muistipaikoista,3
Vastasuus,3
Sisäilmat,3
Yleiskorotuksena,3
Vainuta,3
Methodi,3
Listittäisiin,3
7b26f0a5,3
39da,3
68579706757d,3
Kehonpainollakin,3
Ulkomaanpuhelu,3
Puhelinlinjalla,3
Pistoolikin,3
Testosteronini,3
Sopiaa,3
Ulkosaleja,3
Houkuttavuuteen,3
Kotitreenistä,3
145kg,3
Hankalammaks,3
Olutkuppilassa,3
Sähköpostittelun,3
Siloittelua,3
Uhottelua,3
Juorunneet,3
Leppyytellä,3
Geneerisimpiä,3
Bensaautot,3
Sylinterisistä,3
Gäppiä,3
Sähköteollisuus,3
Traumastasi,3
Persoonallisuushäiriöisille,3
Peesanneet,3
Keskustelumallia,3
Latukoneen,3
Nuotiopaikalta,3
Äitiyslomille,3
4ha,3
Korostuneempi,3
Syrjityillä,3
Suositustaso,3
Muljahtelu,3
Varusvaihdosta,3
Kansaäänestys,3
Blogipostauksesi,3
Inttimeininki,3
Äärioloihin,3
Oireitansa,3
Kylähullutkin,3
Larpaamaan,3
Fjffbi,3
Ymmärrettäväks,3
Melkoise,3
Vertailukausi,3
Koodarijuttuja,3
Monisatapäisestä,3
Inflaatiotarkistuksen,3
Vierastyöläisille,3
250x,3
Pehmusteissa,3
Lenkkikäyttöön,3
Kalustoyhtiöllä,3
Uhkapelatessa,3
Sormissani,3
Kepuilun,3
Varusvaihdossa,3
Kylmemmälläkin,3
Sielunkumppanuutta,3
Neitiin,3
Ajatusviivasta,3
Luistovoide,3
Uusimaalaisessa,3
Valkobandiitti,3
Metsapinta,3
Verestetään,3
Hiirenkin,3
Pullistuneet,3
Tietoihi,3
Kokeneemmistakaan,3
Dreamanother,3
Punctuality,3
Lockheed_bribery_scandals,3
Jäsenyyksiensä,3
Valkokaulusammateissa,3
Draamakomedia,3
Sorassa,3
Autohallille,3
Uusintajulkaisuja,3
Nomitratic,3
Listaamallesi,3
Philipistä,3
Huippukohdassa,3
Liikkeesseen,3
Molokissa,3
Kasveillesi,3
Minimipalkkavaatimus,3
Kasvatuksissa,3
Teikäläinenkin,3
Rekkamiehistä,3
Torpparille,3
Amatöörilukemia,3
Aplen,3
Googlais,3
Eteläpuoliselle,3
Korpikin,3
Yritysvastuulakia,3
Valmistelutyölle,3
Vehkalahdelta,3
Yksilösuoritusta,3
Syventävänä,3
Sovittelevaksi,3
Vilukissoille,3
Ventovieraillekin,3
Panti,3
Laitemyynnistä,3
Valtuuttamat,3
Tililles,3
Astuakaan,3
Yrjöämistä,3
Mainosverkostoon,3
Ötykkä,3
Kesälomamatkaa,3
Sätää,3
Fantasiatarinaa,3
Turpiainen,3
Liitettii,3
Insituutioista,3
Ylitiedostavan,3
Loppuelämäkin,3
Siviilipalvelushakemusta,3
Luennoiva,3
Tintattiin,3
Kebumestan,3
Tilakohtaisia,3
Väestöosuuteen,3
Ammattikoulutettujen,3
Koulutusalallani,3
Misandristiselta,3
Kotiplaneetalleen,3
Kunnonkohotukseen,3
Parempilaatusen,3
Tarjoiluissa,3
Intesektionaalisuus,3
Loukkaavammalta,3
Automaattikauppaa,3
Yksinhuoltajaperheisiin,3
Sutjaantuu,3
Mutuilullasi,3
Kärähdin,3
Ammattikokemusta,3
Napamoottorilla,3
Koulutustoiminnan,3
2010_film,3
Henkosilla,3
Muuntuessa,3
Käytöstapojesi,3
Scammien,3
Silmissäs,3
Ydinvoimainsinööri,3
Mestaruussarjan,3
Piiskas,3
Tunkemiseksi,3
Sämpylöillä,3
Nyrkiniskuja,3
Srtgkjcyrvg,3
Luovuuttakin,3
Larousse,3
Gastronomique,3
Hakemuksestaan,3
Vastauksestaan,3
Kettu_ja_pihlajanmarjat,3
Dwindled,3
Somettamalla,3
D4a0,3
18c60fd663a1,3
Monopolimaista,3
Vientikieltoja,3
Aggressiviselta,3
Sumatralla,3
Pannujauhatuksen,3
Ystävällisinä,3
Kyynelehtimisen,3
Nh2ybd,3
Koen_lapsikohteista_seksuaalisuutta_ama,3
Käännöksissäkin,3
Ykkösasiantuntija,3
Hyppysillä,3
Ruokakirjoja,3
Hammashygieniaan,3
Hullaantumista,3
Tompkins,3
Verkkolomakkeita,3
Syleilen,3
Hämmentävyyttä,3
Luvullesi,3
Ihannevartalon,3
Hyvaksymat,3
Puolustusmenoille,3
30minuutiksi,3
Laskukoneella,3
Viittaavasi,3
Sotekiinteistöt,3
Purkitetussa,3
Kuntoutettavia,3
Pannukaffet,3
Laatukomediaa,3
Vastajauhetusta,3
Munanne,3
Käsipesua,3
Teepussiaforismi,3
Hetalia,3
Veikkaajia,3
Parasetamolivalmisteet,3
Fossiilisähkön,3
Hiehoa,3
Pororajan,3
Kiinitetään,3
Leverkusenin,3
Ruotsinlapinkoira,3
Hampaidenpesusta,3
Pyöreälamppuinen,3
Käyttökelposet,3
Kuorituissa,3
Makujakauppa,3
Rupsahtaneita,3
Työntyvän,3
Höyrystynyttä,3
Suunnittelunsa,3
Vastakkainenkin,3
Täyssulkuihin,3
Tyhmyydelläsi,3
Mikrometritarkkuudella,3
Suö,3
Surffaukseen,3
Ohukaisia,3
Pinaattilätty,3
Perinnöttömiksi,3
Ketoprofeenin,3
Povitaskustaan,3
Kuukauspalkalla,3
Potretteihin,3
Aromisuolan,3
Perusmätön,3
Karanteeneille,3
Työmatkavähennyksistä,3
Juksaavat,3
Luentotallenteista,3
Kotivoitto,3
Hätäkäyttöluvan,3
Sipatti,3
Kytkoksissä,3
Oppilastovereiden,3
Hipsteritytöt,3
Manuaalimoodi,3
Turvallisuusjoukoilla,3
Lootboxia,3
Suurporonhoidon_alku_suomessa,3
Sähköpostinne,3
Arveltiinkin,3
Posttraumaattista,3
Koronarajoitus,3
Syyttäessäsi,3
Intricacies,3
Iskaus,3
Pinaattiletun,3
Frittikanaa,3
Luumuhillolla,3
Maissille,3
Triggeröitymisistä,3
Terveysfasistinen,3
Sulkunsa,3
Fredrikinkadulla,3
Syömishäiriöistään,3
Asuntosijoittaa,3
49d4,3
Takuujutut,3
Kotielämäänsä,3
Ministerityöryhmässä,3
Magneettilinkin,3
Kuuluisilta,3
Everybodya,3
410b,3
Saanneissa,3
Lungimpaa,3
Omenasoseen,3
Kuiteinkin,3
Suihkuseinästä,3
Kne,3
Loppukohtaan,3
Discotheques,3
Digitalisoitumisesta,3
Energialuokitus,3
Loppuelämälläni,3
Inistäisi,3
Tapailematta,3
Peruteita,3
Synalla,3
Ilmastoliikkeeseen,3
Puollustavan,3
Pikkunippeliä,3
Mallintamisella,3
Kasvisliemeen,3
Leivänpäällinen,3
Kaakeliuunin,3
Karnaubavaha,3
Marmelaati,3
_moscow,3
Kuuloisten,3
Urheiluporukoissa,3
Kuumottavuus,3
A750,3
Hyvänolontunteita,3
Altocumulus,3
Pakettiisi,3
Uskonnolliskulttuurillinen,3
Puhtausvaatimuksia,3
Kattokruunussa,3
Hyvävelikerhoksi,3
Päivälippuja,3
Kiinnityksillä,3
Sci_arttext,3
Liikuntasuorituksesta,3
Veikkaustakin,3
Neuvottelustrategiaa,3
Metromatkat,3
Väsymystilan,3
Teinivuosiaan,3
Kireyksiä,3
Ruokavammaisille,3
Kananpalojen,3
Eksternaalit,3
Kiristimen,3
Maahanpääsyyn,3
Theseuksesta,3
Pyöristyneet,3
Suuripäästöisiä,3
Soijarouhetortillat,3
Ärhäkäs,3
Avaimestasi,3
Viiltosuojaliivit,3
Suojani,3
Härkäpapumuru,3
Rakenteeltaankin,3
Translaattorilla,3
Lisääntymiskoneita,3
Peukalosääntöön,3
Kahjommiksi,3
Holmströmistä,3
Riskistään,3
Kokkaustaitoa,3
Keiteltävä,3
Puolivalmisteissa,3
Sitkeämmästä,3
Hampparipihvejä,3
Nettioikeistolaisten,3
Nostopaikat,3
Työpaperia,3
Sairaalahoidolla,3
Barbaarisempaa,3
Nuljahtaa,3
Suositusmäärät,3
Hakemistoista,3
Patenttihakemuksessa,3
Nugeteille,3
Hyvinvointijohtajat,3
Rangaistukseks,3
Sopijapuolella,3
Tiedoksisaamista,3
Priorit,3
Ekstroverttiydestä,3
Kommentoiman,3
Kokemattomiakin,3
Niittäessä,3
Latupohjan,3
Lumikolia,3
Vahemmalle,3
Azkabanissa,3
Valtiokanslian,3
Tahdittamaan,3
Ampumaturva,3
Ratamaksuja,3
Junnumpi,3
Julkisuustempauksilla,3
Näennäisestäkin,3
Kariutuneen,3
Pelotteluineen,3
Pontikkapannua,3
Aineistojaan,3
Etunimikäytännön,3
Käristyksenä,3
Sijoiltaanmeno,3
Tardit,3
Kauimpaa,3
Buustaisi,3
Optimituloksen,3
Poikkes,3
Dubatuista,3
Witold,3
Hiihtohullu,3
Suomipaskaa,3
Oppimistilanteisiin,3
Pilkuntarkalla,3
Oireiselle,3
Ristipääruuveja,3
Teuvoo,3
Jalkavammoja,3
Sankariteoksi,3
Proteiinivaihtoehtoja,3
Uurastaa,3
Taikavarvulla,3
Käyttäytymisvaikutuksiin,3
Yläastematematiikkaa,3
Ruokapäästöistä,3
Viimosena,3
Ajastuksessa,3
Rasisimikohun,3
Ekstrahyvää,3
Leonardon,3
Raumakin,3
Oikeudenmukaistetaan,3
Metsäsystä,3
Layeri,3
Vakavatkaan,3
Koronadenialistiksi,3
Rajanylittäjistä,3
Parittavat,3
Vaihtokelpoisten,3
Villansa,3
Jäädytettyinä,3
Jauhelihankorvike,3
Älyjä,3
Yksiväriseen,3
Ovimieheltä,3
Kreaamas,3
Mutanteille,3
Nurkis,3
Hauduttamista,3
Loggasi,3
Apsista,3
Suututtuaan,3
Määrittämättömään,3
Muunlajisia,3
Heilahtais,3
Loukkaantujiin,3
Kalibroitiin,3
Testauskapasiteettiä,3
Soittaisiko,3
Apteekkarikin,3
Lääkevaihdon,3
Pregabaliinin,3
Palkintopaikalla,3
Ainaisemmin,3
Tekijänoikeusvaatimuksia,3
Lekottelee,3
Tarviiskaan,3
Maallemuuttaja,3
Riistakantoja,3
Patsaankin,3
Ansapyynti,3
Puhaltaneen,3
Spidey,3
Lopettaville,3
Järjestämisellä,3
Apteekkitoimintaan,3
Ristipäätä,3
Kannibalisoisi,3
Asiakaspalvelijoiksi,3
Ympyröissäni,3
Rikkua,3
Vaatteillaan,3
Pelastaneensa,3
Valloitetussa,3
Hirvikantojen,3
Lisähärpäkkeen,3
Soopaksi,3
Ketjuliikkeessä,3
Kasviharrastaja,3
Urbandesignmentalhealth,3
Ultramoderni,3
Puuveneen,3
Kvinoalla,3
Kuulodtaa,3
Täysjyväistä,3
Toimitushetkellä,3
Purskahtivat,3
Purentaongelmat,3
Riehahtaa,3
Rimpuillaan,3
Juonenkulku,3
Liittymäntarjoajat,3
Mobiililiittymästä,3
Murtaan,3
Yrittäjävihamielisyydestä,3
Jälkipolvesta,3
Hevoskuurin,3
Hintasella,3
Riisipurkin,3
Umbrellaa,3
Pitkätukkaisesta,3
Kondominkin,3
Puhtoisuudesta,3
Kiviseiniin,3
Reikäjuustoo,3
Pervoilemassa,3
Näpistelevän,3
Adia,3
Avovaimoltani,3
Lankeisi,3
Pörisijöitä,3
Ökyaluetta,3
Kahdeksankymppisinä,3
Työukkoihin,3
Hinkkailee,3
Langenneensa,3
Virttyneitä,3
Pyyhkiäkseen,3
Purkaessani,3
Perskuleen,3
Yksinkertaisellekin,3
Kaupanhyllystä,3
Näkymyksen,3
Edunvalvojani,3
_tehnyt,3
Kusetusfirmalle,3
Tepastelua,3
Voittamani,3
Kaduttiin,3
Työpaineet,3
Liittoko,3
Mitenvaan,3
Hypertodellisuuden,3
Sukulaisuussuhteista,3
Kiinnitteli,3
Putkimiehinä,3
Sekvenssien,3
Loukatakseni,3
Rokotepropagandaa,3
Kuvastolta,3
Näköhermojen,3
Nisäkkäiltä,3
Turvallisuustarkastukseen,3
Indikatiivisia,3
Peliverkkareitaan,3
Hoitoalue,3
Komponenttiensa,3
Kasvatusoloja,3
Kitkeristä,3
Työkortteja,3
Teorista,3
Filantropiasta,3
Uskollisella,3
Pokkuroitiin,3
Mediaanivarallisuutta,3
Spockin,3
Solvaajasta,3
Voitsitko,3
Saamisiin,3
Someiluun,3
Kasvukausina,3
Terapeuttisilla,3
Riistakantaa,3
Jatkokehitystarpeita,3
Petoeläimeltä,3
457f,3
B24b,3
Vilkutteluun,3
Verkkokortilla,3
Hyötykäytetä,3
Syyttelevien,3
Lajitellun,3
Klikka,3
Tarkenteena,3
Pienetämiseen,3
Lämpenekään,3
Hekotan,3
Kaapelimodeemeissa,3
Fylogeneettisessä,3
100tuhatta,3
Osinkosalkkua,3
Pelastustehtävistä,3
Ilmataso,3
Tuhlauskulttuuria,3
Vieraantuneista,3
Tallennuspaikkana,3
Viikonloppumatkat,3
Autovuokran,3
Guttaperkkaa,3
Hieroglyfeillä,3
Odottakkaan,3
Luonteisten,3
Rekaksi,3
Järjetelmällisesti,3
Hyötyliikunnaksi,3
Keskikaiteeseen,3
Patternien,3
Lentokonetyyppejä,3
Hääriminen,3
Keertyy,3
Mielenterveysjärjestelmä,3
Alirahoitettua,3
Comicit,3
Johtopäätöstesi,3
Ilenny,3
Vaikuttavimpien,3
Esitettävästä,3
Takapakeista,3
Eulasta,3
Tietyntyylisiä,3
Nahkasohvia,3
Tupakanpoltolle,3
Asennekysymyksenä,3
Seuratoimija,3
Vakioasetukset,3
Summailla,3
Kohtalontoverin,3
Näkyvii,3
Kolmosilla,3
Tokastua,3
Tutkintorakenteeseen,3
Edettyään,3
Taajamerkkien,3
Lätkäisemässä,3
Pyllistämisestä,3
Supikoirilla,3
Turistilauman,3
Sijauspatjaan,3
Jiujitsua,3
Pettään,3
Salipäivän,3
Mediariippuvuus,3
Uniklinikka,3
Uudestaankaan,3
Kirjanmerkistä,3
Särjettyä,3
Röhötyksen,3
Unettomista,3
Mutuamaan,3
Doksepiini,3
Viljelläkseen,3
Lavrovissa,3
Vaikuttanutkin,3
Kaskeamalla,3
Uudistimme,3
Tarvotse,3
Ymmärräkkö,3
Murahduksia,3
Eineksensä,3
Presided,3
Piikityshuoneilla,3
Erillismaksua,3
Kaikelaisia,3
Suunnattavat,3
Avaruusprojekteja,3
Rahakysymyksiä,3
Hikipajalle,3
Rikkakasveille,3
Monotonisempaa,3
Fonttitiedoston,3
Etuilusta,3
Prosessorikapasiteettia,3
Nortonia,3
Spämää,3
Doctorowin,3
Opeillasi,3
17_kat_001_fi,3
Käsikipuun,3
Anteenina,3
Irvokkuudessaan,3
Roistovaltiosta,3
Pistäjä,3
Jnee,3
Yläpeukuista,3
Rakeesta,3
Kaavailemansa,3
Tilavuusmittoja,3
Rukatessa,3
Sisäänpääsyni,3
Roikotettaisiin,3
Lehtiotsikkojen,3
Kovemmanluokan,3
Jatkohoitopaikkaa,3
Rajoituksiinsa,3
Lausuntokierroksia,3
Sairaalani,3
Itkullasi,3
Potilashistoriaan,3
Teippaillaan,3
Eristyksesi,3
Vandalizing,3
Jakopäiviä,3
Iäkkäimmistä,3
Rowers,3
Insinöörikoulutukset,3
Hämärtyvää,3
Cyproksen,3
Syntymävuodelle,3
Jalkarahina,3
Lieväoireisina,3
Kreationisteilla,3
Saamelaisaluetta,3
Opiskelijapippalot,3
Ämpärijonon,3
Loppuelämältä,3
Jäätyen,3
Ruuhkautuneissa,3
Tärkeimpii,3
Liimautuivat,3
Sairastanutkin,3
Lisäsyytä,3
Uutiskierron,3
Dot_pictograms,3
Siloiteltuun,3
Jakopäivä,3
Remeli,3
Selviävää,3
Töherrän,3
Kompensaatiokin,3
Paperiroskiksen,3
Raiskailet,3
49ed,3
Lisämaut,3
Uutistulvaa,3
Yhdyskuntapalveluksen,3
Nuhteettomalle,3
Implanttiin,3
Iskaria,3
Loukkamisesta,3
Hatarasta,3
Itseajaminen,3
Avustuspetoksen,3
Seolihautausmaakaavio,3
Mätöistä,3
Sukankuluttajilla,3
Kärkevämpää,3
Stooreissaan,3
Rustiikki,3
Makeistehtaan,3
Omakotitalomattoa,3
Onnellisimpaan,3
Kausittaisesti,3
Sirullisia,3
Valtuustotyötä,3
Tasollensa,3
Mukavuusvyöhykkeeltä,3
Keskussuunnittelijan,3
Öyhöoikeistolle,3
Rankaisekaan,3
Seurantakäynteihin,3
Asiakaspalvelupisteellä,3
Saamelaistenkaan,3
Koskiosuus,3
Bensakorkki,3
Vaikeavammaisia,3
Alivuokra,3
Keskuudessakaan,3
Päättjiä,3
Kotipolttoisten,3
Irttarihyllyllä,3
Euroopplaisessa,3
Lisäntyneen,3
Euroistaan,3
Väärinkäsityksistäsi,3
Conviction_rate,3
Eliitiä,3
Stäkkejä,3
Mainosjuttuja,3
Verokikkailuista,3
Pötköttelijät,3
Tunnarini,3
Kanpanjoi,3
Funktioida,3
Distribuutioita,3
Kireemmät,3
Kapitalistiporvari,3
Totuudenmukaisuudella,3
Mäntyineen,3
Estetisoimaan,3
Esteettisinä,3
Interaktiolla,3
Säikähdyksiä,3
464b,3
Järjestelmääni,3
Rapisevia,3
Kiirellisin,3
Virhepäätelmille,3
Hälyttämistä,3
Tuomioistuinlaitosta,3
Henkilöstöresursseihin,3
Vakioasiakkaan,3
Lastentarhanopettajiin,3
Nostalgiaviboja,3
Vaneritehdas,3
Hoidonrajaukset,3
Ilmakyykkyä,3
Oikeuslahteet,3
Pellemäinen,3
Perehdytettäväksi,3
Aktiiviharrastaja,3
Pussitti,3
Velotin,3
Pikanäppäinten,3
Vetoisa,3
Hyvityssummat,3
Muserru,3
Groo,3
Oleval,3
Luonnonsuojelemisen,3
Erityistapauksensa,3
Sairastaen,3
Taklaamisen,3
Itsenäisyysjuhliin,3
Puheliaisuudesta,3
Inmar,3
Partasuista,3
Taklausten,3
Kauraleivistä,3
92f8,3
Luetunymmärryksellä,3
Mjuabix4jli,3
Vitutuksensietokyky,3
Maiskutetaan,3
Talousrikoksena,3
Vahingonkorvauslaista,3
Paistettuu,3
Kröhhöh,3
Vieraitasi,3
Vuorokausitolkulla,3
Kysymäti,3
_fi_yja_pvservices_web_portlet_list_militaryserviceslistportlet_redirecturl,3
2fintti,3
2fpalvelustehtavat,3
3dfi_yja_pvservices_web_portlet_list_militaryserviceslistportlet,3
26_fi_yja_pvservices_web_portlet_list_militaryserviceslistportlet_mvcrendercommandname,3
252fpvservices,3
252fview,3
Esoteerisin,3
Ketsuppiakaan,3
Chilipääksi,3
Korkeakoulutetutkaan,3
Kiinteistöinä,3
Pommitellaan,3
Jakaumille,3
Sivistyssanoiksi,3
Mössössä,3
Irkkikannulle,3
Kiintotähdistä,3
Meemisivuille,3
Suunitelleet,3
Osoitteelta,3
Koronalinjauksia,3
Kartanostaan,3
Tamppoonimainoksia,3
Viuttaa,3
Moitteettomana,3
Äärimateriaali,3
Epidemiaskenaariot,3
Kysymyksestäkin,3
Samohin,3
Kirjavalintoja,3
Puheellekin,3
Runokokoelmia,3
Leikitellen,3
Muuttannut,3
Royalilta,3
Kasvatatetaan,3
Cbga,3
Kämmäily,3
Siipinä,3
Lisäkäsiparia,3
Tyhjaksi,3
Kiinteämpään,3
Sähkönlähteenä,3
Banalisoituu,3
Repliikeille,3
Sanaparret,3
Vempulaa,3
Samaistuttavammaksi,3
Tilttaava,3
Moottoriääntä,3
Lainvalmistelulla,3
Tuotantopaikan,3
Aattet,3
Ryhdypä,3
Ensiautoa,3
Lisätilalle,3
Näytelmäkerho,3
Varastoitui,3
Hitsauslaitteet,3
Pulsua,3
Maksiaskia,3
Aitoustodistusta,3
Virologisti,3
Äänestetäkkään,3
Mammeli,3
Informatiivisuus,3
Saneluihin,3
Palvelusmäärät,3
Kma,3
Konekääntäjillä,3
20far,3
0athe,3
20human,3
20find,3
20ten,3
Jäsenyyskeskustelu,3
Satane,3
Korukieltä,3
Tautiesimerkin,3
Asetellulla,3
Tarkastaneeksi,3
Uskonnonvastaisuudesta,3
Syrjäytymisputkeen,3
Roipeet,3
Opseihin,3
Kääntämis,3
Roolleissa,3
Valtionrajaa,3
Puupelloilta,3
Googletetuin,3
Kuukävelyä,3
Labratutkimukset,3
Flygflottilj,3
Mielikuvitusleikkinä,3
Työvoimaresurssi,3
Lunari,3
Ennustettavilla,3
2017a,3
Markkinasyistä,3
Jäänmurtajaksi,3
Kunniatehtävänä,3
Kansalaistottelevainen,3
Lateraalinen,3
Ensisanoikseen,3
Laiminlyötyjen,3
Qaznm1xjetm,3
Kunnissakaan,3
Arvattaviin,3
Risuille,3
Luultii,3
Musiikkitapahtumat,3
Mafiatoiminta,3
Koherentissa,3
Hyväkuntoiseen,3
Oppineisuudesta,3
Kehittynt,3
Ajatusvaje,3
Kaanteinen,3
Auscwitzin,3
Skippais,3
Kertasuoritus,3
Korouoman,3
Koronasairaiden,3
Nettihairinta,3
Yksinvaltiaille,3
Volkswagenilta,3
Seinäön,3
Persulien,3
Ohjelmaformaattien,3
Justwatchissa,3
Lupahakemukseen,3
Viihtysämpää,3
Kimpoilua,3
Lyijyluoti,3
Lyijyluodit,3
Haastavemmissa,3
Muirin,3
Mobiilipelaajista,3
Salaliittoajatteluun,3
Tallustan,3
Omalaatuiselta,3
Vakuutuspohjaista,3
Lähtönopeudesta,3
Hyväkuntoisimmat,3
Riskiryhmäläisissä,3
Wyld,3
Vaihdettavuuden,3
Sanontansa,3
330t,3
Kartoituksissa,3
Tuttavapiirissa,3
Riskinottaminen,3
Heijastussumujen,3
Nojatuolikenraaleja,3
Lähipalveluista,3
Hyväksymisvaalitapa,3
Otsikkotoimittaja,3
Energiaintensiivisestä,3
Soppareitakin,3
Narratiiviini,3
Korotuksilta,3
Kakkukahvien,3
Kasvispainotteisuuden,3
Laukaisimia,3
Ruostepaikkaus,3
Surullisenkuuluisalla,3
Pissattamassa,3
Taitetaanko,3
Määrittelevässä,3
Lyijykynien,3
Henkilöstöfirman,3
Valtuustotasolla,3
Arvomailmaa,3
Mietteideni,3
Muutakon,3
Arvioinneilla,3
Omisteisiin,3
Läpäissy,3
Arvotuista,3
Kunnatkaan,3
Maksimilämmöt,3
Pörssisähköhinnan,3
Järkipuoluetta,3
Arpeggioita,3
Otelaudan,3
Kalibroit,3
Tiluttaa,3
Vesivärityöt,3
Paskakastiin,3
Komentotulkin,3
Kengillään,3
Latuna,3
50mcg,3
Mahdollisuuksiansa,3
Työvoimaresurssien,3
Piikkikammosta,3
Monivaiheisella,3
Ylipääntänsä,3
Herttuakuntaa,3
Maalahdella,3
Pururatoihin,3
Jumppavaatteet,3
Lumipalloista,3
Svinhufvudista,3
Vallinilla,3
Persettiä,3
Cobretti,3
Kireimpiä,3
Tirsojen,3
Sijoittavani,3
Kruisaile,3
Sisäsiittoisissa,3
Lisäverottamaan,3
Uloshengittää,3
Cansan,3
Topologiassa,3
Meshiä,3
Extendereitä,3
Käyttäjätukea,3
Piikattu,3
Asiaosaamisesta,3
Tyovaen,3
List_of_conflicts_in_europe,3
Hidastaaksemme,3
Nipottajat,3
Lisenssiehtojen,3
Nodelta,3
11r,3
Valopilkuista,3
Ruusupensas,3
Alkuperäsee,3
Liikkatunneille,3
Karvapallojen,3
Milliwattiin,3
Transterveydenhuollon,3
Eraatio,3
Idolilleen,3
Alakouluaikana,3
Valheisiisi,3
Jääkärikapteeni,3
Tukareihin,3
Torppareiksi,3
Edustajinaan,3
Autopuolueena,3
Sukupuolineutraalimpia,3
Vallanhimoisesta,3
Ruokailutilat,3
Armeijakuntien,3
Kiilloitettua,3
Pikkumaihin,3
Sähkökaupasta,3
Lisätwistiä,3
Viruspartikkelin,3
Lohikäärmepornoa,3
Aikookaan,3
Edustustoissa,3
Immuuniteetti,3
Yleissanastoa,3
Pehmeäpäistä,3
Lukiotaustalta,3
Yhdistetysti,3
Kostonkierteet,3
Hiekoitetuilla,3
Kaulana,3
Laskimille,3
Kalliitkaan,3
Kuntoutuskeskus,3
Ihannetilanteeseen,3
Muskelimasat,3
Olemat,3
Myöntymiseksi,3
Alotetun,3
Verkkokaapelin,3
Maahanmuuttovastaisuudessa,3
Lennokeille,3
Alihankkijaan,3
Nojatuolikenraaleille,3
Rinnakkaiskehitystä,3
Kulturellin,3
Asemoitumisesta,3
Parkkipaikaa,3
Kadunvarsipaikoille,3
Rytmeissä,3
Lasivillaan,3
Näytöksien,3
Lipitellessä,3
Valitusosoitus,3
Mafyn,3
Kehosuhteeseen,3
Katsoneelle,3
Kurkkaisit,3
Varhaiskasvatuslakia,3
Podcastaajat,3
Filantrooppien,3
Pienkeräys,3
Esitutkinnalle,3
Hammaslääkikseen,3
Fanaattisuutesi,3
Kertasimme,3
Voittajassa,3
Pediatrician,3
Nuoremmillekkin,3
Urheiluhetkeksi,3
Looginenhan,3
Mikrofoninkin,3
Karvasmantelia,3
Kanarialinnun,3
Ruuneperintorttu,3
Rojektista,3
Pikkujutuksi,3
Jätevoimalan,3
Minimituomiota,3
Informationisbeautiful,3
Vaihtovälejä,3
Suljetu,3
Vetelään,3
Räpäytti,3
Tohtorikoulutettujen,3
Tohtorintutkintojen,3
Irtisanoakaan,3
Bumerangeja,3
Ryssäfani,3
4d66,3
Koepallona,3
Irtipisteitä,3
Ulkorakennukseen,3
Painoalueet,3
Ammattitaitoamme,3
Ylivirittyneet,3
Huitelun,3
Helppoutena,3
Yllätyslahja,3
Idänsuhteisiin,3
Kolvailu,3
Hengittämä,3
Bottiverkostot,3
Mitoitukseltaan,3
Kasvisosaston,3
Universaalille,3
Subjektiinen,3
Oikeudenkäyntiprosessista,3
Saatanast,3
Muotoseikkaa,3
Kirsty,3
Maccoll,3
Karvapohjasuksia,3
Keuhkoputkeen,3
Suksessa,3
Vertaillutkaan,3
Puukotettuna,3
Rallikilpailu,3
Terminaalipotilaiden,3
Siltalaa,3
Turvallisimpaan,3
Tyhjänpäiväisiltä,3
Lennettyjen,3
Logiikastaan,3
Merkinantoon,3
Ylijäämätuulivoimalla,3
Ilmoitusviesti,3
Printzille,3
Verifioinnin,3
Kansallisuuskysymys,3
Sukulaiskansojamme,3
Lämpöasteilla,3
Vaikutusken,3
Kirjaimellistesti,3
Yhtäkiä,3
Stroganoffin,3
Veneittein,3
Nimiväännöksistä,3
Kirjaimellisemmassa,3
Kuluttajavehkeitä,3
Kuivahtanu,3
Romppeelle,3
Kävelypolulla,3
Havaintoasemien,3
Pentinkulman,3
Lavigne,3
Mustikkamaito,3
Rasittais,3
Pystyttäjän,3
Hötkyilevät,3
Taistolaisesta,3
Ivallisella,3
Tippuuhan,3
Kysyykään,3
Siemmin,3
60äo,3
Nortteja,3
Kenttäpuolella,3
Härskiyden,3
Kotipiika,3
Suosikkiaiheeni,3
Kyrilliseltä,3
Kipuunkin,3
Faktantarkistuksensa,3
Luisteltu,3
Hyvesignaalina,3
Kommunikaatiokeino,3
Poimimattomat,3
Vakavammistakin,3
Sähköntuottajana,3
Ydinaseestaan,3
Päiväkortti,3
Paisutetun,3
Kalateistä,3
Mediasoittimen,3
Vaelluskaloista,3
Höynäyttämiä,3
Astrazenecahan,3
Lentojensa,3
Kyltymättömiä,3
B559,3
Poliisitaloissa,3
Vaativimmiksi,3
Simppeleitäkin,3
Novakin,3
Cohenilta,3
Kertakäyntejä,3
Tuuppaisin,3
Sensuaalinen,3
Ilkkakin,3
Miehellistä,3
Ymärillä,3
Normaalihinnoin,3
Jätteenpoltossa,3
Permanent_structured_cooperation,3
Puolustusjärjestelyä,3
Merikalastus,3
Filttereinä,3
Aineistoineen,3
Äyttää,3
Huoltosuunnitelmat,3
Kohdistaan,3
Kutittelun,3
Liittyisimmekin,3
Höpinääsi,3
Heilasta,3
Hahd,3
Isukeille,3
Yöheräilyt,3
Vanhempisuhde,3
Esihenkilöistä,3
Olympiajoukkueeseen,3
Hyppyrinnokalla,3
Yliyrittämistä,3
Katettujen,3
Ilmiantonappi,3
Normaalipainonen,3
Prylovha71c,3
Tietokatko,3
Hummeripojat,3
Tulivuorenpurkauksesta,3
Pelaajasopimukset,3
Hiplatessa,3
Liimattavaa,3
Pikkumoottori,3
Monttupyörällä,3
Aktiivihiilifiltteri,3
Suoraselkäisiksi,3
Itestaan,3
Kursittiin,3
Passisysteemi,3
Tavuttanut,3
Kryptojuutalainen,3
Sairaalakeikkaa,3
B6dyllinen_yhteis,3
Kuulostaakkin,3
Erittävien,3
Harrastamattomia,3
Joukkoliikennetuen,3
Entisenkaltaista,3
Vaakata,3
Maisemansa,3
Maaseutupitäjän,3
Pastellisävyjä,3
Asunnun,3
Dubbaamisen,3
Grannia,3
Asuvillakaan,3
Kääntäväsi,3
Valintateoriassa,3
Koronasekoilua,3
Factorya,3
Mittausasemia,3
Vetelehtimisestä,3
Defenssireaktion,3
Aivokuormaa,3
Yövalolla,3
Kotipuutarhan,3
Elokuvakokemuksesta,3
Häkkikanalan,3
Luetteleva,3
Miesasiamiehen,3
Kasvaattaa,3
Reaalisilla,3
Näyttelemiä,3
Tutiseen,3
Hevonkukun,3
Ihmiskyrvältä,3
Tollekki,3
Vilkuttamista,3
Ihmisiäki,3
Eriytyvyys,3
Tietotöitä,3
Merittävästi,3
Hifimpään,3
Niuha,3
Mallaillaan,3
Jenkkioikeistosta,3
Ajalata,3
Hede,3
Seivasi,3
Politiikkatoimenpiteistä,3
Aksnes,3
Saanneen,3
Lottoaisi,3
24vo34,3
Veikkauksellahan,3
Kaasukäyttöisille,3
Passimme,3
Rahanahneina,3
Kokoonpanoille,3
Sijoitussumman,3
Kilpailukykyisimmät,3
Raportointijärjestelmiä,3
Kökit,3
Itsevetävä,3
Myyntitavat,3
Bukelen,3
Hedgefundeihin,3
Sotasyyllisyysoikeudenkäynneissä,3
Cancelöi,3
Peukutit,3
Tarkentaan,3
Myymälässäkin,3
Kritisoimaksi,3
Jyrähtämässä,3
Ostoreissulla,3
Myyntitavoitteiden,3
Pöhinämies,3
Pelikuulokkeita,3
Upouusien,3
Tietokoneohjelmaan,3
Investointipankkiireita,3
Ajattelunikin,3
Työpisteeltäni,3
Dramatiikalla,3
Ostellakaan,3
Halkemia,3
Jodl,3
Bloatwaret,3
Tyrkytyksestä,3
Syötkin,3
32pv,3
8e67,3
Ajattelutottumukset,3
Kuluttajansuojaviranomaisen,3
Purtavan,3
Bruttokansantuotteestamme,3
Philipsiin,3
Selveä,3
Uninstaller,3
Oaaa,3
Halveeraavasti,3
Pilipalivehkeitä,3
Palautetuissa,3
Ophan,3
Nirhaumaa,3
Möhömahaa,3
1ba7b239,3
Saturoivat,3
Cosmonauts,3
Lohkasut,3
Jatkokehitellä,3
Gravitoi,3
Lisähärpäkettä,3
Ylijäämäisestä,3
Oireellisesta,3
Elektroniikkakaupoista,3
Åkea,3
Alkutaipaleilta,3
Nyppylällä,3
Vaalihuumassa,3
Maksimirasituksessa,3
Määräytymisperusteena,3
Jännittyneeseen,3
Kaakelimaali,3
4m15,3
Kaverein,3
Cassun,3
Ylläpitämäsi,3
Viikinkikaudella,3
Luovuttamistaan,3
Tätsin,3
Oudoksuin,3
Siemensekoitukset,3
Kohdinhan,3
Autokoulussakaan,3
Liikennevakuutuslaki,3
Antiamerikkalaisuutta,3
Uimaseurat,3
Ajtus,3
Tyttöoletetuille,3
Harhamuisto,3
Härskiyttä,3
Härskimmästä,3
Lenkkisaunaan,3
Vasemmistopuolen,3
Viestiti,3
Fanaattisimpien,3
Kirjastotilan,3
Uudestamaan,3
Sertifioimaan,3
Paikkaaja,3
Emuloimisen,3
Peruskohteliaisuudet,3
Megapixelin,3
Viimisintä,3
Kuuloisella,3
Hinnoitteluperusteita,3
Natsivaltakuntaa,3
Vihatuille,3
Marxisteille,3
Puoleessaan,3
Analogisoida,3
Metsolaa,3
Piikittämästä,3
Leipzigissa,3
Takatiloissa,3
Etunojapunnerrus,3
Holohölinää,3
Treenaajista,3
Sairastumisilla,3
Vilkuteltua,3
Suomettumiset,3
Sähköfarkkuja,3
Vastuuhommat,3
Aivosoluilta,3
Tampoonien,3
Parannetuksi,3
Fearmongeringia,3
Koukkaamassa,3
Lähialoilta,3
Nettokapasiteetti,3
Kulttuuribolshevismista,3
Tekoseksi,3
Tukisanoja,3
Virastoaikoja,3
Hyvätuloisuutta,3
Sanomattomana,3
Lisäelementtinä,3
Rytminä,3
Grafiikkaohjain,3
_marxism,3
_conspiracy,3
Miedommalle,3
Virransyötössä,3
Autoltakin,3
Cincinnatiin,3
Junaverkostoa,3
Tarkastalee,3
Disruptiivisesta,3
Tuhlaavalla,3
Tuottoisien,3
Rikkoutumiselle,3
Henkilökohtasiin,3
Baareihinkaan,3
Välityksiin,3
Tulvasuojan,3
Laukastua,3
Kazakstanissakin,3
Häärin,3
Revisionistien,3
Villitseminen,3
Holokaustinkieltäjää,3
Antivasemmistolainen,3
Asikasta,3
Asiakastapahtuma,3
Alaääniähän,3
Verosia,3
Pomoell,3
Ryyppäysrahaa,3
Ilmastopommi,3
Selitämään,3
Takaajalla,3
Huumeonglema,3
Lehtiöitä,3
Kannnata,3
Kauhistellaanko,3
Koronaintti,3
Käsityskyvyssä,3
Jouluvalotkin,3
Ieltä,3
Epäluottamuslauseeksi,3
Matkustajatilassa,3
Evakuointisuunnitelmat,3
Kotisynnytyksen,3
Viitearvosta,3
Eurooppasta,3
Hektellä,3
Jääkaapistakin,3
Clousattu,3
Taupauksessa,3
Uudelleenjärjestämiseksi,3
Etäpalavereilla,3
Meemikonservatiivien,3
Kansanomaisin,3
Kannatustansa,3
Bethesdaa,3
70prossaa,3
Sijaintipaikassa,3
Hippiaate,3
Vaalimainoksien,3
Mörskät,3
Tölkkihernekeittoa,3
Ikäryhmäkohtaisia,3
Rajallisille,3
Epäkohteliaaseen,3
Epälegitiimeinä,3
Expansioni,3
Monimutkaiseks,3
Jäätelöhyllyllä,3
Häritä,3
Vetytuotantoa,3
Optimaalisessakin,3
Mieliharmia,3
Reetalle,3
Sotimis,3
Työpaikkailmoituksensa,3
Provisiopalkkainen,3
Tuloslista,3
Kyvyistäni,3
Kuivaavalla,3
Harjoitteluiksi,3
Laitoista,3
Särkeny,3
Järjestöalan,3
Näkösissä,3
Valmistuneillakaan,3
Otsikkoineen,3
Voimafantasioimaan,3
Sivuttamista,3
Painoluokasta,3
Halunnutta,3
Luotiaseilla,3
Sanaiseen,3
Ruokaryhmää,3
Myyntihomma,3
View_doc,3
Turvallisuusneuvostolta,3
Imagolliset,3
Prosessorituulettimen,3
Tehtäväkohtaiseen,3
Kansallislajia,3
Satamatyöläisten,3
Lähteinen,3
Vatsoissa,3
Valmistautumiselle,3
Saastuttamiset,3
Kannatettavampaa,3
Tarppiin,3
Pakoterintamassa,3
Inhimillisyytesi,3
Muunneltavuus,3
Kaikkitietäville,3
Qg1kojrjcjg,3
Pihakaivo,3
Yksityisomistuksiin,3
Sidoksien,3
Ostajanakin,3
Sylikoiriksi,3
Metallityöntekijä,3
Asenta,3
Kokonaistarpeesta,3
Pelastusyrityksiä,3
Esitelmälle,3
Ruistaikinaa,3
Nyrkinkokoisen,3
Puolikuntoista,3
Porkkanalettujen,3
Liittyvämme,3
Paikallistuu,3
4a76,3
Downgradeta,3
Liittymiskeskustelu,3
Lautauspisteen,3
Kuvillasi,3
Tavotteidensa,3
Näkemiimme,3
Junnas,3
Vuollessa,3
Westminsterissä,3
Uuttta,3
Aluesyyttäjän,3
Synnytystalkoilta,3
Jeejeejee,3
Seurausketjuja,3
Sotilasavustuksena,3
Nikottelevat,3
Poliisiratsiassa,3
Jäännöksen,3
Välinehuoltajia,3
Sutturalta,3
Kaasujakaan,3
Paikannustietojen,3
S8j3ja,3
Koloo,3
Taksihinnoilla,3
Palautettukin,3
Himoitsemisen,3
Selitätä,3
Tofuwokki,3
Vaalilistoille,3
Haihtumapäästöt,3
Hiilijalanjäljestäsi,3
Sekotukselta,3
Kalaruokiin,3
Labratuloksista,3
Loppuhuipentuman,3
Puolustusvelvoitetta,3
Skippaava,3
Teknikoiksi,3
Roadaaminen,3
Eleniaa,3
Pestaa,3
Omaisuudestahan,3
Perhetukea,3
Prosessialalla,3
Valokuvvaamine,3
Kerjäätte,3
Hyväksikäytönkään,3
Häiritsikin,3
Olitsitko,3
Kulttuurilaitoksessa,3
Kotiryssäksi,3
Puhumattomuudella,3
Kielioppiteoria,3
Harjotuksella,3
Tutustumisajan,3
Rikkomattakin,3
Hirmujohtaja,3
Sovittavaa,3
Nykykirjallisuuden,3
Lastenraiskausrinkiä,3
Kobujutsua,3
Keinutuolia,3
Housuistasi,3
Pelaamine,3
Hiihtelen,3
Kehityspuolelle,3
Tutkimusprojektissa,3
Räpsyistä,3
Suometuta,3
Myynnistäsi,3
Epältynä,3
Vaikutusvaltaisemmassa,3
Pilatuksi,3
Epäongelma,3
Tykkääpi,3
Ihmisbiologiassa,3
20put,3
Seksuaalisävytteisen,3
Vaikutusasemassa,3
Pedaaleita,3
Pilluissa,3
Epätodnäk,3
Haasataan,3
Satsatut,3
Hullunkurisemmaksi,3
Innostumiseen,3
Homofoobiseen,3
Laajentumispolitiikkaa,3
Soittona,3
Osastasi,3
Pitåisi,3
Nörttifoorumilla,3
Kulkineella,3
Lukennut,3
Cinian,3
Työilmoituksiin,3
Moobseja,3
Alimitoitettuna,3
Koronaeristyksestä,3
Kauneusstandardit,3
Puolustellaksesi,3
Näppissoturit,3
Höpötyksissä,3
Paheksukaan,3
Propagandaosastolla,3
Monenmoisista,3
Äitiyskin,3
Kuunneltavassa,3
Quebeciin,3
Ohjeistuksissaan,3
Järeätä,3
Reaalipolitiikalta,3
Torniojokilaakso,3
Popedakin,3
Tulokulmalta,3
Original_antigenic_sin,3
Lorevideoita,3
Yönäkö,3
Energiatehokkuusdirektiivin,3
Gwllä,3
Osuvaakin,3
Pädille,3
Psykofyysisenä,3
Kommentoivani,3
Kuvakerrontaan,3
Käyttöönottotarkastusta,3
Elukoillekkin,3
Nkgnejj0ome,3
Valkosipulimajoneesiin,3
Mielenkiinnonkohteidesi,3
Tarkotuksellista,3
Mahdollistä,3
Mcdonaldshan,3
Erehdyttämiseen,3
Hallittavammaksi,3
Analyytikoista,3
Tallusta,3
Pitsaperjantait,3
Ajoittaisesti,3
Kaatopaikkoihin,3
Tytyväinen,3
Säilytysaikaan,3
Latvalahot,3
Mobiiliverkolla,3
1m²,3
Hallintohimmelihän,3
Jhalderm,3
Ivoting,3
Ccs14,3
Huipentuisi,3
Vastikemaksuja,3
Säilytyskustannusten,3
Polyesterinen,3
Minimekko,3
Vesittymisestä,3
Väärinkirjoituksen,3
Sixpäkissä,3
Nordstreamissa,3
Kitisijän,3
Heterologous,3
Varpaistasi,3
Indeksisijoittaja,3
Mielikuvitukseesi,3
Kähinästä,3
Terroriaaltoa,3
Somalitaustaisesta,3
441d,3
Heresyä,3
Briiffata,3
Omakotitaloasujista,3
Pikkuyritysten,3
Keskusvaalilautakuntaa,3
Impedanssiin,3
Kieliriidat,3
Ympäristörasitteen,3
Kotiuttaisi,3
Purified,3
Saksalaisviranomaiset,3
Rikoslaillisia,3
Sanottun,3
Virkamiesporukka,3
Nujertavat,3
72eac45f,3
6b0a,3
D5f7,3
E89ee97b89fc,3
Kerronnaltaan,3
Puhdasverisen,3
Talousrikolliseksi,3
Talousajattelultani,3
Perusterveitäkin,3
Loppuksi,3
Vaaliteemasta,3
Pyssyhommat,3
Eritasoisilla,3
Palvelustehtävää,3
Miespareille,3
Liittyien,3
Alaamme,3
Yövartiovaltio,3
Ilmamassamittari,3
Neuvostosotilaista,3
Jääkuutiota,3
Homoseksuaalisuuttakin,3
Fornitaly,3
Typpioksidipäästöjä,3
Helpottane,3
Ruohonjuuriliike,3
Grima,3
Pieniruokaisena,3
Vettyä,3
Riisijauhoja,3
Tukkeennu,3
Arvokortin,3
Kodintavaroita,3
Ibrahimia,3
Vallassaolon,3
Sarjapettäjät,3
Faijaansa,3
Eihään,3
Keburullia,3
Käymiseni,3
Maanpuolustusvelvollisuudessa,3
Vääränlaisille,3
Tööttiin,3
Suuttuen,3
Reklamoivat,3
Lämmitystäkään,3
Tankatakin,3
Kirurgitkaan,3
Suojelumetsista,3
Tenna,3
Säädetysti,3
Möykästä,3
Jättävälle,3
Sivuikkunoihin,3
Geneetisesti,3
Ottohetken,3
Kääritystä,3
Yhdys_sana_virheitä,3
Sotaveteraaneilta,3
Ilmoittautuvia,3
Länkkärissä,3
Pizzakastikkeen,3
Matalaviritteisiä,3
Portinvartioi,3
Oppimispäiväkirjan,3
Palkannoston,3
Käännösohjelmalla,3
Kahdellä,3
Devaajiksi,3
Maakasusta,3
Kilpailijakseen,3
Kumitta,3
Monimuotoisuudet,3
Koulutustarjonnalla,3
B8benhavns,3
Emämunausten,3
Satuttamiseksi,3
Markkinakapitalismista,3
Törmättäessä,3
Vaihtoehtobudjeteissaan,3
Keskeytetyssä,3
Gummid,3
Puolenvuotta,3
Sikaparkkiin,3
Talousmetsälle,3
804a,3
Peruskoulupohjallakin,3
Ikonisista,3
Leipätyössään,3
Vastauksieni,3
Ekakertaa,3
Metsäammattilainen,3
Olomuodostaan,3
Kokoomusnuortenkin,3
Vassarinuorissa,3
Käännöskurssilla,3
Tekstittäjät,3
Äärimmäisyyden,3
Humukset,3
Anaalipenetraation,3
Mediakulutuksen,3
Aamushowta,3
Nivustaipeen,3
Republikaaniäänestäjien,3
Satisfyerit,3
Kongitiivinen,3
Alkuihmisten,3
Sisäänmenoa,3
Nipistele,3
Homeetonta,3
Stimpy,3
Kilpailisikaan,3
Tehtävittäin,3
Yksilöimättömiä,3
Narske,3
Hummeripoika,3
Kärkiteemaksi,3
Saarnani,3
Senaattoreihin,3
Kukainen,3
Lähtiään,3
Pehmoiseen,3
Raivoisasta,3
Runkkailevat,3
Hurahtaneella,3
Nättilää,3
Repeytynyttä,3
Pompittu,3
Avainjuttuja,3
Väistöstä,3
Broblemo,3
Tiedusteluita,3
Palautushan,3
Vuosikertaviinejä,3
Honoris,3
Suhk,3
Vibraattorien,3
Esivanhempiaan,3
Ilmarille,3
Keskivakavia,3
Hiihtohissillä,3
Koalitiohallitusta,3
Miessukupuolisia,3
Huutistelevat,3
Varvastaan,3
Asuntokauppalaki,3
Joogahipit,3
Kiitospuheessa,3
Vaaliviestinnän,3
Homekoiria,3
Radioasemalla,3
Sananvapauteensa,3
Ehdokkaallesi,3
Paloasemilla,3
Jälkipuoli,3
Sodanlietsojaa,3
Äänestysmahdollisuudet,3
Talkkien,3
Pääseemään,3
Logiikkan,3
Pintarempattu,3
Aiheutuvilta,3
Arvostelleiden,3
Twå,3
Neuvovaan,3
Valepoliisina,3
Ajatusmaailmoiden,3
Nettotuotot,3
Miletä,3
Rahoitusmalleihin,3
Omantalon,3
Helpottaaksemme,3
Alempienkin,3
Paavaliin,3
Eaad,3
Uskonnanvapauden,3
Muuttamkseksi,3
Vaalikonettakin,3
Asciina,3
Slammer,3
Hardina,3
Arvoliberaaleina,3
Rahapelimonopolista,3
Referaatilla,3
Alfamiesten,3
Homogeeniä,3
Tarjoustuotteilla,3
Uskonkappaleitaan,3
Vaihtoehdokseen,3
Ydinsisällöksi,3
Merialueelta,3
Matkustuskohteena,3
Ruhtinaita,3
C7f1,3
Olinpaikkaan,3
Microdosingia,3
Ottaakkaan,3
Janassa,3
Miestyyppejä,3
Epäkelvollinen,3
Tungettavaa,3
Yläosalla,3
Kultavarojen,3
Nonagressioperiaatteesta,3
Hallintohimmelille,3
Vaalipäiviä,3
Pokerinpelaajana,3
Kutittanu,3
Sunnutait,3
Nassikoista,3
Helpoti,3
White_rose,3
Toimimtaa,3
Aprotiniini,3
Mijardi,3
Valelääkärikin,3
Nonaggressioperiaatetta,3
Haaskaisin,3
Hillitsevästi,3
Pyramideineen,3
Varuskuntakaupunki,3
Vötkäle,3
Ennätyskalliin,3
Naislukija,3
Asuintoihin,3
Sekavemmaksi,3
Hintaryhmässä,3
Keskimmärin,3
Salonkikelpoisempaan,3
Tuotantolinjastot,3
Oheistoimintoihin,3
Bookkaamaan,3
Pilkatessani,3
Piparkakkutaloja,3
Maaliämpärin,3
Helteidenkin,3
Himoaan,3
Tummapaahdot,3
Sössimisten,3
Ehdotuksiisi,3
Suklaisempi,3
Vaistomaisesta,3
Hoitopiiriin,3
Extremee,3
Rikastuttajat,3
Kuunvaihdetta,3
Persreijät,3
Ottawaan,3
Vehnäjuuri,3
Harvalukuiseksi,3
Henkilöytesi,3
Ekumeeni,3
Osakeostoilla,3
Kuvauspäivät,3
Suomelakaan,3
Mahataudit,3
Urheilutoimitukseen,3
Kuol_2019_2020,3
60tuhatta,3
Paahtimosta,3
Havainnollisempaa,3
Alapeukutuksia,3
Saikkuihin,3
Läpikäyneestä,3
Virkos,3
Venyttelyitä,3
Keskikokosen,3
Jenkkeilyä,3
Kapteeneilta,3
Luonnonsuojelumielessä,3
Ammentuu,3
Ahvenoita,3
Kaivosasiat,3
Esbjerg,3
Kärsivällisille,3
Sivuseikoilla,3
Pääpainoitteisesti,3
Energiakulutuksella,3
Pikantteja,3
Ebdf3207,3
811f,3
336327f6f6bf,3
Finanssipalvelut,3
Maahanmuuttajuutta,3
Lunastuspalkkiot,3
Piirrossammakko,3
Referointeja,3
Vihkosessa,3
Kandityöhön,3
Therapeutica,3
Huilaamassa,3
Kuhafilettä,3
Arvosanahan,3
Harhaajohtavasti,3
Itseopiskele,3
Hyökkäyshelikopteria,3
Mandatumilla,3
Kirpeänä,3
Pennittömiä,3
Rosoja,3
Ilmaisiahan,3
Sairaalamaksun,3
Tutkimustuet,3
Paskaankaan,3
Keskustelupointti,3
Sairaalamaksuihin,3
Heikkolahjaisemman,3
Kovimmilta,3
Opintopsykologilta,3
Tänäään,3
Varaustakin,3
Yllytämisen,3
Puollustukselle,3
Mieleläni,3
Dikatuurit,3
Elämäntuskan,3
Voivassa,3
Taloudenhoidolla,3
Nietoksesta,3
Kertaantuminen,3
Vastuutehtävästä,3
Listoillekaan,3
Tanksassa,3
Lääkispaikka,3
Näkemättömässä,3
Kuukausisäästönä,3
Sinustahan,3
Tarpeilleni,3
Pyramidimaisen,3
Hätävalheesta,3
Vuokaleipää,3
Jauhotetulle,3
Yllätettävissä,3
_denied,3
5eb7,3
Kommentoisikin,3
Taidegalleriat,3
_standard,3
Kehitysvammasen,3
Hörpättyä,3
Plusmiinusta,3
Nettisivulleen,3
Selväjärkisempiä,3
Huippupaikoillakin,3
Armstrongille,3
Ammattilaisapuun,3
Pyrkimyksiäsi,3
Virtuaaliympäristöissä,3
Riesaksesi,3
Talousyksiköitä,3
V2014,3
Täyttänytkään,3
Kritiikiin,3
Kenelleekkään,3
Kirjanpitojen,3
Ymmärtämyksen,3
Homostelet,3
Tunnistuslentoa,3
Hehkeänä,3
Uusinatsi,3
Pahvipaskaa,3
Studiolaitteet,3
Heslinki,3
Kulttuuriarvo,3
Kasattuihin,3
Muuttopuuhat,3
Äännehän,3
Styroksisia,3
Kiskobusseja,3
Hymynkin,3
Energiavajeesta,3
Influensereiden,3
Elinkelpoisiksi,3
Succinctly,3
Legitillä,3
Siivousvideoita,3
Levittä,3
Palautettaneen,3
Omatunnolleni,3
Julksuudessa,3
Kortsuissa,3
Loppukevääseen,3
Piilaaksostakin,3
Rahanarvolla,3
Pyhääkin,3
Nuortenohjelmat,3
Ediblejä,3
Ylikalastuksesta,3
Kaappamalla,3
Elemänsä,3
Tituleerattavan,3
Korruptoinutta,3
Karsintaottelun,3
Tappoverotuksen,3
Säilöttyihin,3
Facepalmausta,3
Siviiliammattinsa,3
Kehitysehdotuksille,3
Ihmisasutuksia,3
Florinuksen,3
Kattojärjestöstä,3
Partioleireillä,3
Tappajasepeliä,3
Vihreilyä,3
Viemäksi,3
Paliskuntaa,3
Kuolemaanjohtaneita,3
Oleskelulupahakemusta,3
Ikäkausien,3
Säntilliseen,3
Lippukuntaa,3
Kypsyystasoa,3
Avaruusnatsit,3
Maalaajan,3
Tuotetietoa,3
Kuplalaiset,3
Pelkäämätöntä,3
Kanatarhan,3
Uzyk,3
2snrkq,3
Estradilta,3
Seikkaileeko,3
Lemmikkikoiraa,3
Viittamasi,3
Fiksatulla,3
Paskoontuvat,3
Sovitustyön,3
Avaruusnatseja,3
Paikallistoimitukseen,3
Naisjohdon,3
Kuivailee,3
Lausuva,3
Sipsiksi,3
Hiekkasia,3
Jarrulevyihin,3
Köyhimpinä,3
Peuralaumojen,3
Kannanottoasi,3
Hypersomniaa,3
Irtipito,3
Päänsilittelynä,3
Karjankasvattajille,3
Ihmisarkoja,3
Tunkioilla,3
Juttuvaihtoa,3
Menetyksineen,3
Palkoin,3
Suupalalla,3
Sammuttajia,3
Kuorineenkin,3
Instruct,3
Peruskouluruoka,3
Paskamahojen,3
Luonnonmonimuotoisuutta,3
Scopella,3
Lääkärinne,3
Laihuli,3
Aiheelliselle,3
Yleiskommentti,3
Tyypiks,3
Metsästystapahtuman,3
Keskuskeittiöihin,3
Komenttina,3
Protolabin,3
Koronastrategiansa,3
Kärimystä,3
Psykoosithan,3
Rationalisuuteen,3
Myymättömyys,3
Snackyn,3
Woj_ugy,3
Cheerfully,3
Intentionaalista,3
Nasaalilla,3
Soijapelloksi,3
Ootinki,3
Hyökkäyskapasiteettia,3
Sisäliikuntatiloissa,3
Ristipostaamassa,3
Biotalousstrategia,3
Teknologianeutraalia,3
Lääkekokeilua,3
Kasvisruokaviikko,3
Eräilyhommia,3
Yrityspäättäjien,3
Rappuunkin,3
Etäopiskelijoille,3
Vedänki,3
Pursuilevat,3
Purilaispaikka,3
Räknääminen,3
Kuulusteltaisiin,3
Haineväkeittoa,3
Peloittele,3
Demokraattipropagandaa,3
Foliohattupiireissä,3
Suunsoittajat,3
Dunkata,3
Omakotitalos,3
Messiaiden,3
Laukkaava,3
Merkitsisikään,3
Asiavirhettäsi,3
Harrastuneisuustodistus,3
Imetysiän,3
Äärihörhöille,3
Kangistamassa,3
Panostaessa,3
Lyijyksi,3
Kuvauspaikoilla,3
Teollisuuskeskus,3
Sohlasi,3
Nauhoittavasi,3
Typpikaasun,3
Erikoistehtävistä,3
Kuumees,3
Flätimpi,3
Amerikanraudoilla,3
Tuloaikaa,3
Aloinpahan,3
Keskituntiansioksi,3
Paikallekaan,3
Rahareikinä,3
Talvikunnossapitokin,3
Konverttaa,3
Ihmisoikeusasiaksi,3
Räpläilemään,3
Yhtymältä,3
Juomavaihtoehtoja,3
Ympäristöteoissa,3
Koventamiset,3
Ravinnearvot,3
Lautaselles,3
Vuokravälitysfirma,3
Tupelo,3
Arkkityyppien,3
Mielipidejakaumaa,3
Johtoelimessä,3
Peseytymismahdollisuuksia,3
Kirkkoslaaviksi,3
Kannattavinaan,3
Kaupunkimaasturia,3
Ansioluettelonsa,3
Markkinauskovaisena,3
Ajamattomia,3
Pienitulosena,3
Fundamentisti,3
Anollakin,3
Seksuaalirikollisrekisteri,3
Keittolautasen,3
Preamble,3
Näkkärii,3
Neuvotteluratkaisuun,3
Alentajat,3
Sekatyöntekijä,3
Voittamattomuudesta,3
Ulosannissasi,3
Ydinvoimapäätökset,3
Ostostasi,3
Ohjaavalta,3
Lämmitystolpissa,3
Nakkisuojaa,3
Äideillekin,3
Maksamallakaan,3
Kasvistuotteille,3
Ylkkyä,3
Hoitohenkilosto,3
Kakuille,3
Rätingin,3
Seurakuntavaaleja,3
Järkilinjan,3
Vaak,3
Humalahakuiseksi,3
Uskalta,3
Liehuttamassa,3
Ikiroutien,3
Tullittoman,3
Rikosrekisterien,3
Oppilashuoltotyöhön,3
Alkupuoliskosta,3
Verokompensaatiota,3
Koulusafkaa,3
Opposiosta,3
Palkkaamilla,3
Kouluruasta,3
Mustanpekan,3
Teemasitsit,3
Hintajoustoista,3
Kansanmurhafantasioista,3
Veneilyharrastukseen,3
Sitsilauluja,3
Kännäämättä,3
Sillävälillä,3
Kännäämiseksi,3
Työpäiviään,3
Kaivoitkin,3
Rekrytilaisuudessa,3
Irtisanomissäännöt,3
Ostokuitteja,3
Metsäkeskustelun,3
Nostalgiapäräys,3
Asiantuntemuksellasi,3
Kunniakkaista,3
Isisa,3
Piipertäjien,3
Horrorilta,3
Musiikkka,3
Ovhn,3
Maalaiskomediaa,3
Holittomiksi,3
Ruokamarketti,3
Tutkintavangin,3
Näheeni,3
Aamutreenit,3
Neflixistä,3
Sillkaa,3
Kayttaneet,3
Sovittas,3
Vuokrahuoraus,3
Suositeltavista,3
Keinoturkista,3
Kobot,3
Kelvottomalle,3
Verohyvityksiä,3
Huumetestauksen,3
Keskuteluiden,3
Metsästysvaatteita,3
Kiivautta,3
Komeammaksi,3
Ruohojen,3
Turkiskaulusta,3
Atomitason,3
Joutuisa,3
Toimeentulostani,3
Onnitteleva,3
Hypoksiaa,3
Vääntäytyi,3
Tasailemaan,3
Meilleki,3
Sekstaamaan,3
Raikaavan,3
Inhoamme,3
Holittomilla,3
Takakireiden,3
Naamattomia,3
Rekrytilaisuuksissa,3
Suojakuplassa,3
Kompensaatiomekanismit,3
Kaameimpia,3
Heinätöitä,3
Somettelussa,3
Rennoiksi,3
Johtoasemalla,3
Pöhinänä,3
Trendaavaan,3
Ilostuttaja,3
Hermafrodiitiksi,3
Voteessa,3
Jakeluvelvotteita,3
Normaaliälyiset,3
_kiinniotto,3
Mumbleräppiä,3
Suosikkijuttu,3
Mutkistamassa,3
80twh,3
Muistuttumaan,3
Episodina,3
Välikausi,3
Vakisopparin,3
Waitinen,3
Takapihallakin,3
Mäkelänrinteellä,3
Mäkelänrinteessä,3
Livetilanteen,3
Roikuit,3
Ulostuontiin,3
Lopetetusta,3
Kihniöllä,3
Turvavöittä,3
Räpeltelyyn,3
Leppälintu,3
Selainympäristössä,3
Takaisinmaksuturvaa,3
Dreddit,3
44b7,3
Amaranthen,3
Kiireella,3
Järkiargumenttien,3
Harrastajaporukka,3
Fbryhmässä,3
Kuhmossakin,3
Pakkorokottamaan,3
Ranneläpsyjä,3
Jvgtä,3
Luonnontiedelukio,3
Nahkasen,3
Paheksujia,3
Liikennevaloon,3
Kenttävittuilun,3
Naisvieraita,3
Maskeerattuna,3
Aavistuksenomainen,3
Peruspessimistinä,3
Varastopäällikkö,3
Kohtuullistavana,3
Jatkaneena,3
Kofeiinillista,3
Pikkukunnalta,3
Epäilä,3
Landbo,3
Huristellessa,3
Kauheakaan,3
Ntaa,3
Astumis,3
Aikasn,3
Karuuteen,3
Vaatetyylit,3
Perusläppäriä,3
Pojillensa,3
Ilmastonmuutoksiin,3
Otsoniin,3
Yogurttia,3
Vtvlle,3
Haettiinkaan,3
Siilitukkainen,3
Fraktuurasta,3
Osuuus,3
Niiiih,3
Rekkasaattueen,3
Paholaisella,3
Pelates,3
Lapsiystävällisessä,3
Sweetener,3
Guaranasta,3
Määrittelyille,3
Lapamatojen,3
Konkreettisempaakin,3
Minätutkin,3
Turusa,3
Patkan,3
Aloitetaanpas,3
Taloi,3
Somerummutus,3
Lähikiskan,3
Kieltovaatimus,3
Urbanista,3
Rahamääräisen,3
Kuusankoskea,3
Kärttyset,3
Talotehtaalta,3
Pitkulaisessa,3
Darkjokes,3
Syöksyvirtauksia,3
Ensitekijöiksi,3
Lilliputtikieltä,3
Airgapin,3
Perseenreiäksi,3
Muistitilan,3
Vauvavakuutukset,3
Korruptiotaan,3
Vahvistaneensa,3
Lohjalaisista,3
Poliitiikkoa,3
Järkätää,3
Koehenkilöissä,3
Eväämisenä,3
Libiso,3
Palkankorotustoiveet,3
Hiillostivat,3
Liberaalienkin,3
Fanonin,3
Koulutusinstituutiot,3
Metsäneläin,3
Suklaamoussea,3
Valvoisikin,3
Jumppatunteja,3
Paistopisteiltä,3
Lobbausorganisaatioiden,3
Tarkoitteen,3
Hiplattu,3
Kertaluokkaero,3
Kriitisimmät,3
Yleisfiilikseen,3
Alennuksellakin,3
Tätimäistä,3
Konfilktin,3
Kovint,3
Maahantulotarkastuksessa,3
Jumppatunti,3
Sähläily,3
Leipiintyneitä,3
Muminalla,3
Espanol,3
Jurvasta,3
Luottamuselinten,3
Lapsiperhealueella,3
Faktatekstiä,3
Purkkiruokia,3
Metsästäjätkään,3
Superpätevä,3
Maalaiskunnilla,3
Asiasisältökin,3
Etän,3
Eloisuudesta,3
Pakkolukemista,3
Maasodankäyntiin,3
Kirjallisuustieteisiin,3
Ajaneilta,3
Tinaamiseen,3
Tahana,3
Pakkisafkaa,3
Mukeenkin,3
Muonitusryhmä,3
Tietokirjasarjaa,3
Löytäisinkin,3
Haihatteluita,3
Kebabpaikat,3
Buffaus,3
Herrasmiehiltä,3
Penko,3
Painellaa,3
Taustatiedosta,3
Huumeseuloilla,3
Ylittämiseltä,3
Annosteltava,3
Tiedeohjelmia,3
Hyytelöityä,3
Taustaäänistä,3
Votkinin,3
Arvioittaa,3
Kauratyynyt,3
Savy,3
Kepeästä,3
Myteri,3
Sekaleipä,3
Kaljapäissämme,3
Suomiversiona,3
Winer,3
Seilaisivat,3
Etteikös,3
Hollilta,3
Miedät,3
Laukaisuvalmiina,3
Suklaakuorrutettuja,3
Tuulenpuuskat,3
Tuotevastaava,3
Kaakaojauheen,3
Polttoainekustannuksien,3
Mausteisuuden,3
Pasteurin,3
Elänny,3
Goodreadsia,3
Tangentissa,3
Tripodia,3
Mustikkakiisseliä,3
Havumetsistä,3
Brittiläisenä,3
Pianonsoittoon,3
Nollaprosenttia,3
Lehtitaikinaa,3
Passionin,3
Jakotukki,3
Sarvipäät,3
Airoissa,3
Uistimeen,3
Kotivaakutus,3
Friscoa,3
Länessä,3
Brittilapsista,3
Vuosikymmeniks,3
Kaupunginosajaon,3
Sielkin,3
Lakupussin,3
Anelemista,3
Ravintoaineiltaan,3
Urza,3
Biisejänne,3
Jugurttikastiketta,3
Zombiemarja,3
Appiukkokandidaatti,3
Bunkkeriöljyssä,3
Muminaan,3
Häätökielto,3
Laskettavilta,3
Haaveilussa,3
Phillyn,3
Gastarbeiter,3
Todaytä,3
Moussea,3
Kehitystoiminta,3
Pitserioille,3
Kebabpitseriat,3
Huviajeluita,3
Odottaisiko,3
Työnvälityspakko,3
Työvelvolliselle,3
Antiporvarillisen,3
Amerikkalaisvastaisen,3
Atlantistien,3
Euraasianistien,3
Värjöttelevät,3
Sandran,3
Kotiintuloajasta,3
Ohjautu,3
Juomisestani,3
Koputtelemasta,3
Kavelemassa,3
Twixiä,3
Käikki,3
Menoineen,3
Voimistaakseen,3
Infrapunakameroilla,3
Replyistä,3
Hallintatapa,3
Bensiinikäyttöisissä,3
Rihkamakoruja,3
Puuttuvuus,3
Kallistuvaan,3
Ryöstöhintaisia,3
Mielipuolisempi,3
Lestadiolaisyhteisössä,3
Mieluisti,3
Pikkutaajamassa,3
Kuteilla,3
Elainkapinan,3
Ilmastojuttuun,3
Emiraatiksi,3
Keskiriskisten,3
Organisaatioprosessi,3
Propagandaako,3
Satokaudesta,3
Perunamaitoa,3
Talebanhan,3
Nahkarannekkeita,3
Zkwx18i,3
Oikeistoliberalisti,3
Kuwaharan,3
Komentoketjuyhteyttä,3
Agitaationsa,3
Deadnamettanut,3
Ajokulttuuria,3
Rajkumarilta,3
Vauvakeinuun,3
50te,3
Kotoutujien,3
Kotoutujalle,3
Karmalukuihin,3
Uutiskatveeseen,3
Sakararecordscom,3
Apulantaofficial,3
Afgaanipakolaisiin,3
Pokaillen,3
Fujixweekly,3
Vehnäpullan,3
Pagus,3
Nasujaisissa,3
Toistettavuusongelmasta,3
Natsitieteilijää,3
Ihmistietelijöiden,3
Yhteiskuntieteilijöiden,3
Julkaisuluetteloja,3
Artikkelipohjainen,3
Luonnontieteelliseksi,3
Delsitech,3
Lausunnonpyytäjä,3
Monoklonaalisista,3
Ainamo,3
Handtrackingkeyboard,3
Korruptoitavampi,3
Jaksottuvan,3
Hupireissua,3
Katseentunnistus,3
Sadinmaata,3
Deltamarinin,3
Nippuväitöskirjan,3
Poronmaitoa,3
Ramsdale,3
Wardak,3
Assosioiko,3
Businesspäätös,3
Kattavuusvaatimus,3
Liittyj,3
Pojallammekaan,3
Detrickin,3
Vaaliryöstö,3
Tuhoavuudesta,3
Keskustelupisteissä,3
Yhtenäistymispakotus,3
Estetiin,3
Ilmastotoimilta,3
Viiiiuh,3
Ilmoitusasussa,3
Luuloasi,3
_com_liferay_asset_publisher_web_portlet_assetpublisherportlet_instance_ued5t2wdmr1c_assetentryid,3
Hyvinvointiyhdyskuntaa,3
Syöpäkivun,3
Milardeja,3
Turvavälivaatimus,3
Paenneisiin,3
Datadashboard,3
Jide,3
Xhaka,3
Assua,3
Tursonkadun,3
Turvavälivaatimukset,3
Yökatselun,3
168g,3
Kannattamilleen,3
Mahtikarva,3
Rahaperustainen,3
Hamehahmo,3
Koronavirusdiagnoosia,3
Vähenetävät,3
Pikkukolmion,3
Intrasex,3
Escapismin,3
Cdcdirector,3
Heittovaihtotiedostoa,3
Kivuttomille,3
Isänmaaltaan,3
Haltiahan,3
Työttmyydestä,3
M3925,3
Tehokokeessa,3
Cluster_randomised_controlled_trial,3
Resurssimatematiikkaa,3
Nelipyörällä,3
Mielipidelatautunutta,3
Yläastemuistoissa,3
Badcf9d4,3
Vatsakipuiselle,3
Msmi,3
Hakemukseet,3
19d4,3
Eb11,3
001dd8b73018,3
Thermopylai,3
Mörssäreillä,3
Amistosta,3
Pakkoavioliitoksi,3
58d,3
Sääntelymallista,3
Pepeen,3
Myhoa,3
Katunimitys,3
Sahkopolkupyora,3
Inrikespass,3
Sössöttäjien,3
Suosikkimaitosi,3
Avj0cp,3
Kauppasivulta,3
Lehmanmaito,3
Jarkevampi,3
Tresemmen,3
Nucleotides,3
Wo2020060606a1,3
Kielssä,3
Sanakirjatyöhön,3
Hc3glfc,3
Hc5shvp,3
Hc67801,3
Hc60crk,3
Porvarisäädylle,3
Raapimapuita,3
Miestaidoista,3
Cancelointikulttuurin,3
B6aktivistit_osoittavat_t,3
A4n_mielt,3
Kaapala,3
Iblis,3
Venekaiuttimet,3
Ulkokaiuttimet,3
Detransitiota,3
Ccsa,3
Sukupuolibinääriseen,3
Karsinogeenisena,3
Skitsofrieniaan,3
Yliannostuksille,3
A826933f,3
E760,3
7b53ab771297,3
Ostia,3
X121e,3
Tutkijakoulutettavaa,3
Nautiskelutuotteisiin,3
Lumileikeistä,3
Psykooseiksi,3
Eikhä,3
Strutsireaktiosta,3
Penistensä,3
Hoitokontakteista,3
Kustantantamiin,3
Osastojaksojakin,3
Koronaryhmien,3
The_daily_telegraph,3
Lukutyötä,3
Kuolleisuusryhmässä,3
Maajärjestelmien,3
Sääntelymallissani,3
Minimivelvoite,3
Gk2gc0,3
Former_antivaxxers_what_caused_you_to_change_your,3
Cok6sl,3
Exantivaxxers_of_reddit_what_made_you_change_your,3
9bo217,3
Serious_former_antivaxxers_why_and_what_changed,3
Säätiöilleen,3
Hyvesginalointi,3
Panttitilejä,3
Orvavaa,3
Geenihygieniasta,3
Risitiiroja,3
Hyvesingaloijaa,3
Asiakaskohtaamisessa,3
Koronarokotevastaista,3
Vaxeriksi,3
Sähköpostitililtä,3
Palashampooseen,3
Komponenttitasolle,3
Taajamakyltin,3
Lähialueillani,3
Rejektit,3
Ammattoylpeyden,3
Glofo,3
Oao,3
Pykälänpunainen,3
Pellonpläntit,3
Afrotukkaisten,3
Älyisinkin,3
Signanthealth,3
Bifobiaa,3
Tunneaivo,3
Liivipellelle,3
Liikuntamaksuja,3
Bussimaksuja,3
Maskuliininenkin,3
Normijoukko,3
Lapsiluvukseen,3
Konservatiiviöyhöille,3
Makrotrendi,3
Verkkopankkipalveluissa,3
Kotipössyttelijöitä,3
Vakaumuus,3
Valikoitumisharhasta,3
Smos,3
Lisäkilvin,3
Kalastusliike,3
Pienikulutuksisella,3
Normipalkkainen,3
Unfaithful,3
Syndikalismista,3
Tylsistyneisyyttään,3
Kesksuteluun,3
Viherkommunisti,3
Internettejen,3
Elämäntapanne,3
Reitilleni,3
Korkalovaaran,3
Rustailet,3
Ihmisinho,3
8ba0,3
Kuuloisina,3
Jarrutehon,3
Ødegaard,3
Ratkaistaviin,3
6ql85qcpgfo,3
Nahkajalkineita,3
Vanhuudensairaudet,3
Korkeakouluharjoittelija,3
Syvällekkin,3
Ilmastonmuutosasiaa,3
Tapahtumahenkilökunta,3
Kamelinpaskaa,3
Pitkitän,3
Jatkuvasit,3
Midari,3
Tanssisin,3
Tyyttäilee,3
Karsinogeenisen,3
Teloituskäskyt,3
Asiatuntijoiden,3
Jälleenrakentamisella,3
8a76,3
Kattautuu,3
Raajoistaan,3
Magnituudilla,3
Epäonnekkaaseen,3
Hyödyllisyyksistä,3
Mutavellileirillä,3
Collabs,3
41x,3
Pöntöstäkin,3
Kärttyne,3
Pizzatyyppien,3
Varallisuuserä,3
Osteluita,3
Kutsumushommana,3
Pystyivätkö,3
Tapahtumarajoituksiin,3
Korttipohja,3
4f97,3
Avustustoimet,3
Päälauseessa,3
Hyhmää,3
Maltillistettu,3
Ammatikorkea,3
Nostovälineitä,3
Nipistämässä,3
Palkkasiin,3
Purilaispaikkoja,3
Nuorisotutkimuksen,3
Musiikkipedagogiikan,3
Itsetajunta,3
Suuhteellisuusteoria,3
Paastaisi,3
Konstellaatiota,3
Soveltajina,3
Retoriikoin,3
Tieteentekijällä,3
Taustamuuttujiin,3
Kummallsita,3
Tiedeväen,3
Tutkimuskysymyksissä,3
Politisoituessa,3
Kidutuskuoleman,3
Falcata,3
Panjshirin,3
Auktoriteettivastaisen,3
Ylönuoli,3
Puhekomennoilla,3
Taustajuttuja,3
Muunnoksille,3
Verohelpotukselle,3
Maistraateilla,3
Chargebackiä,3
_relativity,3
Narskuttelen,3
Villalta,3
Täyspitkänä,3
Sulfaattipäästöjä,3
Herrasmiesmäisiä,3
Käsityövideoita,3
Qobuz,3
Kansallissäätiön,3
Korkeakulttuurille,3
Ryhmäytymisleikkejä,3
Puritanistisia,3
Pillistön,3
Epäkunnioittavalla,3
Vastemielisenä,3
D91fuk11qvu,3
Caracallan,3
Etteplan,3
Virtauslaskennan,3
Tiedostoni,3
Itsevarmempaa,3
Googlauksista,3
Työympäristössäni,3
Opinahjolle,3
Enäänhän,3
Puolijohdekriisi,3
Päätyvältä,3
Kumitetaan,3
Luokkaisen,3
Kasvutekijähoidon,3
Ohjailevana,3
Ohjauskirjeet,3
Häpeilemättömyys,3
Matkitut,3
Valeidentiteetti,3
Hyväntahtoisin,3
Dysforiastaan,3
Mittarilentoon,3
Apupoikaa,3
Trendsejä,3
Cp1018,3
Palkkainflaatioon,3
Tämöiset,3
Noudattamistilanne,3
Sniikkasi,3
Asiansta,3
Julkaisualustalle,3
Liberaalinpuoleista,3
Reissaillu,3
Ripusteta,3
Politiikantutkimukseen,3
Kuppaamiselta,3
Charliekin,3
Wooshille,3
Salmelalta,3
Newsbox,3
Paistinrasva,3
Tutkimussuunnat,3
Darkholme,3
Janakulkijoiden,3
Bisnesvainusta,3
Kotiseutumuseosta,3
Veritasiumilla,3
Propublican,3
Viihdepalveluiden,3
Ympäristötaloustieteen,3
0fhaeilgux4,3
Ratkaisutyö,3
Kunniakäsityksestä,3
Hippiliikkeeseen,3
Muuntohuumeeksi,3
Reflektiivistä,3
Wahhabilaisiin,3
Toksiini,3
Korkeapalkkaisin,3
Lähtöilmoitusta,3
Ydinvoimalaitoksesta,3
Projisoinnissa,3
Sukupuolieroteltuja,3
Yhteiskäyttötiloja,3
Neljännestuloksen,3
Hottake,3
Antiviraali,3
Automaattipistooli,3
Tyti_2021_07_2021,3
Ilmapuolustusverkko,3
Liveroolipeli,3
Piikitetyistä,3
Verospesialisti,3
Rokoteinto,3
Pummataan,3
Headship,3
Tyontekijalta,3
Hyvinvointirakenteiden,3
Rakastajiaan,3
Twiittaajista,3
Kytkemättömissä,3
Ajattelukieli,3
Senioritaloa,3
Vahinkosaneerausten,3
Merkittavien,3
Televisiointilistaan,3
Muorisolainen,3
Persuvihaajilla,3
Konstaapelikin,3
Potkupyörän,3
Ampiaishämähäkki,3
Perhesurmaaja,3
Paikallisjoukoille,3
Silmäkoon,3
Opiaatiksi,3
Säätelijät,3
Kaivospolitiikasta,3
Painonsiirtoa,3
Sahanpuruksi,3
Vitaalia,3
Elämäntasostaan,3
Doksatuksi,3
Vääristelystään,3
Takaisinsoittopyyntöön,3
Bordellitkin,3
20lang,3
Jäykkyyttää,3
Differentiaalit,3
_yhdistetty,3
Sarjakuvahahmoa,3
Logaritmifunktiot,3
Siirtämine,3
Valonkantajaa,3
Pilvenpohjissa,3
Koristekuviona,3
Palkitseviin,3
Askartelussa,3
Kolikkokasasta,3
Vuoropäälliköitä,3
Reorient,3
Metallikäsityön,3
Marssimatta,3
Mittausarvot,3
Xnwkz7cthkk,3
Kaljantai,3
Totaalimpaa,3
Tilinpäätöksillä,3
Todistusvoiman,3
Opetustoimista,3
Tyoaikakatsaus,3
Osaisiaan,3
Pirikään,3
Spesifisyydestä,3
Koeryhmällä,3
Käytösmuutoksia,3
Lämpösaarekeilmiön,3
Räikköseen,3
Palvelinpäästä,3
Infokanava,3
Dementiapotilaiden,3
Suomalaistumisesta,3
Medioitunut,3
Työnantajatahot,3
B05a,3
Pmc2705925,3
Laittaneista,3
Yksityisrahoitteisesti,3
Henkilöpiireihin,3
22vk,3
Redditöijän,3
Kaksoissokkoutettu,3
Vuokraten,3
Dekooderia,3
Vetskareita,3
Vitossointuja,3
Implisiittiseksi,3
Pussailevan,3
Hma,3
Ownaamiseksi,3
Oliverwilliams1,3
Läpsyttämistä,3
Kunnaksella,3
Maistelkaa,3
Pakkosteriloinnissa,3
Polttovälistä,3
Kulkutapaa,3
Valmistajatkaan,3
Herranpelkoista,3
Lentokonekaupalla,3
Kahdeksankymmentäluvulta,3
Nobelanerissa,3
Sukupuolenvaihdosleikkauksessa,3
Perhekeskeisemmät,3
Sukupuolenvaihdosprosessiin,3
Ghengis,3
Kehitelmäsi,3
Suoritepainotteiseksi,3
30vuotiailla,3
Kriminalisoimisessa,3
Erityisruokavalioisille,3
Oppositioaktivistin,3
Vastareaktioni,3
Parkkivalvojat,3
D34855ce,3
15c7,3
9f6c,3
7deef0cb318c,3
Lumus,3
Jaakkoja,3
Argumenttiasia,3
Stigmalle,3
Oppituntimaiset,3
Oikeuslaitoksiin,3
Tuoksuyliherkkyys,3
Kidutettava,3
Textfixer,3
Vastaanottajavaltiolle,3
Pyörälläs,3
Sahkoskootteri,3
Reppupuhallin,3
Ötökkämies,3
Orwellfoundation,3
Barrén,3
Kokeellisuudesta,3
Sinusi,3
Spawnattiin,3
Gbo,3
Hämähäkinseitit,3
Empineet,3
Perkin,3
Rokotuskohdassa,3
Luuttuat,3
Nootropiinit,3
Öljyvalon,3
Rappiotaiteilijat,3
Kulkuani,3
Juomakäyttöön,3
3pvää,3
Aputöihin,3
32015r2120,3
Kevytkannabikseen,3
Constrict,3
Viljakasvi,3
Nollapotilas,3
Puraisusta,3
Sosiaalikuraattorit,3
B7f2,3
Ympäristötyö,3
Iltasatuihin,3
Kelpaavampia,3
Luonnontilaiselta,3
Metabolisoi,3
Ontariolainen,3
Elinoloihinsa,3
Tuleviasuudessa,3
Protease,3
Kanaloihin,3
Arpajaislainsäädännössä,3
Kanabis,3
Seuraavanan,3
Heroinin,3
Peltikolareista,3
Verukkeenaan,3
Tunaroinnistaan,3
Männynjuuressa,3
Bangordailynews,3
Maines,3
4a7e,3
Rahtikontteja,3
Expanselle,3
Kultinjohtaja,3
Apinoiduilla,3
Intersektionaalisilla,3
Pystäriä,3
Haittaoireita,3
Tupakkahyllyihin,3
Fraenkelin,3
Koulutuseliitti,3
Budissa,3
Valnevan,3
Verrokkidataa,3
Käyttömäärätkin,3
Zf2001,3
Poseerattuja,3
Olleellisesti,3
Opparisi,3
Kissankello,3
2gwh,3
Louhintakorvauksena,3
Kultisteista,3
Entististä,3
Ympäristöverukkeella,3
Ruuanhankintaa,3
Melodramaattiset,3
Hupinaan,3
Individuaalien,3
Rauhassasi,3
Avaamas,3
Kask,3
Viestikseen,3
Hörhöydestään,3
Oijeasti,3
Rmhidta,3
Rokotevaatimusta,3
Tuplarokotukset,3
Fmed,3
Suomen_armeijan_ulkomaalaiset_vapaaehtoiset_talvisodassa,3
Kiistelet,3
Azmedmj,3
20cannabinoids,3
20chronic,3
20pain,3
Alaistuuteen,3
Alkoholintuottaja,3
Altiankin,3
Käyttöverotus,3
Asukastakaan,3
Downvoteejan,3
950c,3
Oikeusvaantoa,3
Kurallaan,3
Kusiripulipaskaa,3
Luokattomuutta,3
Muotojani,3
Metrimittoja,3
Törkeilyn,3
Miessaattaja,3
Nauruemojia,3
Ristiriidssa,3
Innovoinnille,3
Saludolta,3
Järventausta,3
Öljymoguli,3
Segregraatio,3
Morituri,3
Joogaopettajien,3
Mesiangervon,3
Haittavaikutusilmoituksissa,3
Zio,3
Kauttakulkumaista,3
Pysäköijässä,3
Ilakoivan,3
Etäparannus,3
Neologism,3
Feidailu,3
Korvaustilanteessa,3
Epärealistisine,3
Poljenneet,3
Funikulaarilta,3
Miehiänsä,3
Macankan,3
Raitahauta,3
Skeittialue,3
Samapalkkariitaa,3
Disinformaatiokampanjalla,3
Brändilogoja,3
Hankkeitten,3
Teorisoinnilla,3
Ruotsikielinen,3
Kreationisteiksi,3
Triceratops,3
Kieltokylteillä,3
Homofoobikoihin,3
Vyöriviä,3
Guadalcanalilla,3
Divisioonallista,3
Ordnar,3
Moraaliahan,3
Tsemppaavien,3
Patikoijia,3
Kehitysohjelman,3
Liittosopimuksia,3
Itsestäänselviö,3
Seksimatkat,3
Tehottomampiin,3
Riipaisemalla,3
Rutolta,3
Maskinaamaiset,3
Koronasairaita,3
Apeistä,3
Markkinointiyrityksen,3
Taivutteluja,3
Keskitulolla,3
Maintream,3
Paranoideina,3
Thegloriousfinn,3
Kasvipeitteisinä,3
Pakanajumalten,3
Antigender,3
Metsitystuki,3
Kanavoituminen,3
Luokkajakaumaa,3
Rokoteskeptiset,3
Dogmaattisilla,3
Vuorovaikutuskin,3
Paljastelun,3
Pitkäaikaisriskit,3
Yletyn,3
Ominaisuuspäivitys,3
Taikataivaassa,3
Patterikäyttöisiä,3
Kuliminoituma,3
Albumillisen,3
Yleislaturia,3
Avaramielisyyttä,3
Konvergoitumassa,3
_customs,3
Lallemand,3
Lade,3
Yankki,3
Virkamerkkia,3
Ahistavin,3
Ihmetyksellä,3
Liikenteitä,3
Opiskelijaetuuksia,3
Harrastusmahdollisuuksiakaan,3
Nurmikonsiemeniä,3
Runneltua,3
Perhebarometrissä,3
Määränpäässäkin,3
Ympäristönäkökulmista,3
Eläkkeellepääsyä,3
Paremmuudentunteessa,3
Etfä,3
Piillottavat,3
Tunteettomuuden,3
Valjastin,3
Crenshawilta,3
Blamea,3
Kruunutus,3
Kissejen,3
Pohjaehtoja,3
Lähdöstäkään,3
Eduskuntavaaleilta,3
Aiempiinkaan,3
Puuhastelema,3
Taksiedut,3
Raukkaparkaa,3
Overmedicated,3
S13293,3
2gfsookahzg,3
Rivikannattajista,3
Putkayön,3
Rikemaksut,3
Asetietojärjestelmä,3
Kilpailupaine,3
Lähiesimiehestä,3
Tarjoamine,3
Valtiö,3
Leikkasivatkin,3
Pastessa,3
Peruskeittimen,3
Kalvola,3
Halveksuttavinta,3
Sisaryhtiöltä,3
Suostumuspohjaiseksi,3
1000hz,3
Kädenoikeus,3
Öljyvahinkoja,3
Referal,3
Natsimielisyys,3
Friteeraamisen,3
Laivamoottori,3
Uraaurtavaa,3
Ympärisötekona,3
Laskustus,3
Nouuseet,3
Tituleeraama,3
Silmälasikaupat,3
Moottoripyöriinkin,3
Vänni,3
Marisisivat,3
Ilmastoasiantuntijoiden,3
Kaksmetriset,3
Argumentoitaisi,3
Ratapölkkyihin,3
Näkeeki,3
Ruhoilla,3
Lainamarkkinaa,3
Osoittelulla,3
Tavoitteelleen,3
Luottopisteitä,3
Blam,3
_munition,3
Matalapalkkaaloja,3
Ennakollisia,3
Bannihistoriaa,3
Suurlähetystöään,3
3vac_3jgpko,3
Väitteesikin,3
Ymmärrättevää,3
Olosuheet,3
Kynäillessä,3
E461,3
Syöpäformaatissa,3
Tukiehdot,3
Groundin,3
Tyrimiset,3
Monikerroksisesti,3
Ponnistettua,3
Upouusilta,3
Lyösin,3
Maltallakin,3
Oletettiinkin,3
Kurkkija,3
Vainoaman,3
Karanneena,3
Yheistyötä,3
Lähdevedestä,3
Moraalitasoa,3
Luksuskulutusta,3
Tsssh,3
Nyrkkikin,3
Yliajajalla,3
Sutatuilla,3
Konservatiivisuudeksi,3
Psyoppia,3
Nakyvyys,3
Alkaessakaan,3
Äärimmäisyyksille,3
Ralliversio,3
Inhokkiruoka,3
Perverssiys,3
Kokkauksille,3
Laajempine,3
Suojavyöhykkeeksi,3
Antifaschistischer_schutzwall,3
Edustushuvilan,3
Kauempanakaan,3
Ylikalastettu,3
Lässyttäneet,3
Fiilistelysi,3
Torville,3
Seamlessly,3
Hillona,3
Kesäkurpitsoista,3
Siirtyäkseni,3
Käyntikorttien,3
Bashaaminen,3
Piippuaan,3
Keikolla,3
Sotilaskarkureina,3
Ärsyyntymisellä,3
Keinosiemennetty,3
Alahuulesta,3
Kettaa,3
Karmeimmasta,3
Myötäileväksi,3
Makosaa,3
Rasvaprosentiltaan,3
Viskipäissään,3
Tarrautuva,3
Perusvarusteisiin,3
Kasvituotantoon,3
Soppatykille,3
Kielikeskusteluissa,3
Lihahyllyn,3
Syyllistävästä,3
Huudahteli,3
Collective_action_problem,3
Öhöö,3
Oois,3
Kummituksena,3
Ulkopolitiikkaakin,3
Keskustessa,3
Lierihattuun,3
Suuruste,3
Amphionin,3
Deaktivoinnilla,3
Peeärrä,3
Tiedeleikkaukset,3
Markkinointimateriaaleja,3
Poimiikin,3
Alueeella,3
Talousajatuksia,3
Vessanpönttönsä,3
Lipuva,3
Neutraalimpiin,3
Juvenal,3
Immortan,3
Jatkokurssille,3
Museoesineen,3
Muistikatkot,3
Liikkus,3
Kumarrakaan,3
Tommista,3
Voimattomampi,3
Puulaakille,3
Kaurakeksin,3
Kortillisille,3
Aloitussetin,3
440mw,3
Eläkehuijaukseen,3
Koronaskeptikot,3
Kansaltaan,3
Andyltä,3
Hennossa,3
Katsastajia,3
Frangénia,3
Pumminut,3
Meinigeissä,3
Mukavuuksiaan,3
Perustietämykseen,3
Halvekseminen,3
Turvallisuudentunnettani,3
Konnalta,3
Ideallasi,3
Brassi92,3
Pingistuomari,3
Muistoissaan,3
Verineen,3
Vieraantui,3
Kerryttämäni,3
Materaalista,3
Värkättiin,3
Lorvijoista,3
Yrittäjyydet,3
Lainailleet,3
Pesujauhetta,3
Vaihtorahojaan,3
Stokastisuus,3
Siteeratessani,3
Hyökkäyslinjalle,3
Tietynikäisille,3
Hauskuuttamiseksi,3
Kiusaamistasi,3
Kolotusten,3
Varhaiselämän,3
Viskaistaan,3
Perunoitaan,3
Vakavuusastetta,3
Neomarxismista,3
Asuntoautojen,3
Panttitölkkejä,3
Nukahtamislääkkeiden,3
Bedrocankin,3
Diggailun,3
Rokotekuolemaa,3
Pyöröovessa,3
Uskonne,3
Syömiin,3
Sopimuspykälää,3
Puoliyön,3
Sisuri,3
Tuutilullaa,3
Hyödyntäjien,3
Neokolonialismista,3
Nanosiruja,3
Huonokuntoinenkin,3
Elättävistä,3
Viimesijaiset,3
Perusparannuksen,3
Työnvälittäjä,3
Ml84rt,3
Rakennusalan_yritt,3
A4_harmittaa_kun_ei_voi,3
Gtjyzrt,3
K1a40s,3
Laaja_tutkimus_paljasti_ulkomaalaistaustaisilla,3
Gdn2jbd,3
Vaskiluotoon,3
Uniongelmani,3
Aivorunkoa,3
Kansalliskonservatiivin,3
P44jm6,3
Resurfaces,3
Idioottejakaan,3
Hassuttelukin,3
Uhmaavalla,3
Softalisenssejä,3
Väes,3
Onnekkaampien,3
Utopiahan,3
Koyhän,3
_kzopqla7mk,3
Dm7q8ehowcw,3
Itseselvyys,3
Kiihdyttävien,3
Kääntyäksesi,3
Aivolohkoissa,3
_tqvgibnctg,3
Bs63antvvg4,3
Masinoivan,3
Miljoonasadetta,3
Juokaleen,3
Lintuinfluenssaepidemia,3
Kusela,3
Vallankumouksenkin,3
Käyttämättömässä,3
Folkahtava,3
Addiktoivaan,3
Ephdpat7uww,3
Olympialaisiinkin,3
Opitaankin,3
Puukepeillä,3
Uz45ys0ryxo,3
Albumiaan,3
Raidaamiseen,3
Jouhikkoa,3
Vuosi_,3
Päästelyn,3
Kiirimään,3
Upseerikunnassa,3
Hyyyyyi,3
Hamsteriin,3
Toimetta,3
Seksualirikoksissa,3
Aluelta,3
Islamilaisiakin,3
Yhteislaulusta,3
Korkeakouluttautuvana,3
Heterocismies,3
Ottolastensa,3
Sähköboksiin,3
Valuttamatta,3
N3lzn0veu3c,3
Valtioviisautta,3
Toisinajattelijansa,3
Kypsenee,3
Radioplay,3
Porsaanleike,3
Käytettävyydeltä,3
Zo8w_,3
Koaksiaalikaapeli,3
Kantiksesta,3
Gh63tm0lznm,3
Yu08ghnq_pg,3
Utsgfig2usa,3
Fennovideo,3
Nahistellessa,3
Käytettävämpään,3
Companyä,3
Paskadiktatuuri,3
Unelmaduunista,3
Kuulokevahvistinta,3
Perunaviipaleita,3
Kevenevän,3
Alghazanth,3
Varmuusvarat,3
Istunnolta,3
Automatisoidakin,3
Oikeanlaisiksi,3
Seksikumppanieni,3
Lattiakaivoista,3
Sysihalpaa,3
Päällisillä,3
Uskonnontulkintaa,3
Tunaroimisesta,3
Ravitsi,3
Kaapeliliittymät,3
Lemppariruoka,3
Interventiopolitiikkaa,3
Pilkkalauluja,3
Länsimaalaisempaa,3
Xeqlry8yqvy,3
Julkisrahoitusta,3
Osaketilillä,3
Täplittävät,3
Jousessa,3
Hyväksymille,3
Vuosikurssiin,3
Altistettaisi,3
Sisäilmaongelmaan,3
Laskeuduttaisiin,3
Susquehanna,3
Riisivelliä,3
Kerryttään,3
Hapanjuuritaikina,3
Tulkinnatkin,3
Ilmastoasioille,3
Aaanyway,3
Tuulituhoja,3
Kuorineet,3
Träkkereissä,3
Kiertueensa,3
Tasoitussysteemi,3
Sosiaalityöntekijästä,3
Ylisukupolviseen,3
Joutunutu,3
Level2,3
Elinaikaodotteen,3
Yliopistoakaan,3
Korkeakoulutettavia,3
Jättäjien,3
Verkkokriisikeskus,3
Paskaduunissani,3
Miinustajia,3
Elintasokuiluja,3
Jälkeläisiksi,3
Qqthwyf2lqy,3
Herättäneeksi,3
Irtojäätelön,3
Yökkäysreaktion,3
Raksatyömaalta,3
Amkhin,3
Kuluttajavihamielistä,3
Työpaikkahakemuksissa,3
Spiraaliksi,3
Sinikaulusduuneissa,3
Hurjastellut,3
Artesaanileipää,3
Kulutettaessa,3
Zapier,3
Viipeestä,3
Kryptologisesti,3
Puutaloalueen,3
Optimaalilla,3
