Kerottiin,4
Markion,4
Nimiis,4
Metelöitsijät,4
Kärkimiehenä,4
Lonkkaproteeseja,4
Myötähäpeäistä,4
Juristitaustainen,4
Nahkatakkisiin,4
Rappukäytävillä,4
Valtavirtamielipide,4
Sarjamurhaajaan,4
Suostumukselliseen,4
Terveysperusteista,4
Bananin,4
Välttämättömyystarpeita,4
Tietueena,4
Asuttaisiinkin,4
Xjgbm4hkihra1,4
Hätävaratilille,4
Ilmastorahastoa,4
Chatgpt4,4
Pommiuhkia,4
Vattia,4
Vihaöyhötystä,4
Kokonaisinflaatiosta,4
Rahastusmenetelmä,4
Playtikan,4
Jauhopuoli,4
Lactatia,4
Kynnyskysymyksissään,4
Kiinniotoilla,4
Keinolle,4
Interneet,4
Budjettipäälliköt,4
Valonpilkahdukselta,4
Nettikomentoijien,4
Tatakae,4
Dlk00403,4
Kirkkoneuvoston,4
Canaria,4
Metrilakun,4
Värvääjän,4
Sisällönluojien,4
Käräyttämistä,4
Pokeritulojen,4
Tulolaji,4
Rahapanoksen,4
Teleliikennetietoja,4
Vesijalanjaelkiraportti_final,4
Isonzo,4
Uudelleenrahoittamaan,4
Bibani,4
Vappumarssista,4
Epaluuloa,4
Satunnaiskäyttöä,4
Piffaat,4
452c,4
B142,4
Äänestämiseeni,4
Muodostajaksi,4
Täyskieltäytyminen,4
Kansanmurhaamatta,4
Kenesta,4
Marjasannikka,4
Vuorotelleen,4
Kirpeästi,4
Henkeäkään,4
Kaupungintalot,4
Kuiskaajana,4
Ellisiä,4
Lopeensa,4
Illegaaleja,4
Väärennyksistä,4
Xaisfd,4
Pääkysymykseksi,4
Puberteettiblokkereiden,4
Tummaihosta,4
Rahoituskatto,4
Hormoniblokkereista,4
Paikkamäärältään,4
Sekotettiin,4
Pisteyttämisestä,4
Caracasissa,4
Istuitte,4
Isseelle,4
Talousliberalisti,4
Siteerattava,4
Indeksinsä,4
Säästötapoja,4
Vauvakoneiksi,4
Majoriteetti,4
Menestyviksi,4
Kolmepäivää,4
Myyntierän,4
Lääkärijohtajat,4
Blurrattua,4
Käännössovellusta,4
Deittailemani,4
Ajattelultani,4
Tilimaksu,4
Trube,4
26vee,4
Ennakkokäsityksiäsi,4
Ylimyyty,4
Pääomasukuja,4
Oecdorg,4
Satellitesites,4
Vianorilta,4
Hurraakerkko,4
Juhlahumua,4
Luikauttamassa,4
Tulkka,4
Punasini,4
Valtaiselle,4
Ydinäänestäjäkuntaa,4
Paikkajaosta,4
Kriisii,4
Kärkkäämmät,4
Jakamisjärjestelmä,4
Läpipäässeissä,4
Servausvideoita,4
Yandexista,4
Asiaka,4
Kostautuneen,4
Arvanneelle,4
Huumeturismia,4
Tietotasolle,4
Ruokakuskeja,4
Työllistämiskurssille,4
Seinajokinen,4
Kohottu,4
Vitsailitkin,4
Leikkaushallituksessa,4
B5060d6b,4
E7ec,4
24822fa539a4,4
Sopeutustarpeen,4
Ajankohtaissatiiria,4
Spermatogenesis,4
Käpertyneitä,4
Harjanteeseen,4
Taskunöyhtää,4
Pakkofysiikasta,4
Liittymisestäkin,4
Kaupunkiyksiöstä,4
Nevala,4
Transnaisiksi,4
Versioituna,4
Lyder,4
Salasananhallintaohjelma,4
Kauhukohtauksia,4
Ihmiskorvan,4
Ällöiltä,4
Pulloruokintaan,4
Arvometallista,4
Hyvinvointialueesi,4
Forein,4
Hastavaa,4
Korruptioriskiä,4
Ministereineen,4
Fraught,4
Oikeistolaisimpana,4
Simogronroos,4
Vieroksuen,4
Miestyyppistä,4
Cerebrovascular,4
Overeita,4
Käsittämättömämmäksi,4
Kiinnostelleet,4
Edustusasunnolla,4
Säästöstrategia,4
Velkapaniikkia,4
Urz,4
Ryeoaig,4
Lainapäätös,4
Trolliviestejä,4
Viestintäpalveluja,4
Vankkumattomaan,4
Lähetymistapaa,4
Hakuaikoja,4
Perillisiin,4
Uuvestaan,4
Perustavimpia,4
Hikikomeroita,4
Arvojenkin,4
Tavoitellusti,4
Vasenkätisyydestäni,4
Siltasairaala,4
Ratayhteyttä,4
443a,4
Velkavaalit,4
Tullii,4
Pääsiäislomalla,4
Optimistisiksi,4
Kulkuväyläksi,4
Bfgznmxw,4
Tykittäis,4
Pääministerikaudestaan,4
Ihmisetn,4
Veronkorotuksetkin,4
Duunaripuolelta,4
Ruudukolla,4
Räiskintöihin,4
Kidutusmurhata,4
Turvapalveluista,4
Nollavitoset,4
Rankaisuihin,4
Vicellä,4
Keity,4
Baanojen,4
Henkilöstöetuja,4
Tulosyitä,4
Sirkulaattorin,4
Polytheistic,4
Masennuskysely,4
Luottavilla,4
Poistokaan,4
Gabagool,4
Jalkakaytava,4
Hakukoneoptimoitu,4
Karkimaita,4
Sähkösoppareista,4
Turistikohteesta,4
Edustustiloja,4
Kärkeviin,4
Kuluttumassa,4
Opastekyltit,4
Spesiaalista,4
Teepaidassa,4
Bolsenaron,4
Virkahenkilönä,4
180x200,4
Mieluisemman,4
Ylikorostettua,4
Ruudunpäivitysnopeudella,4
Ajatusrikokseksi,4
Avainkortit,4
Eroteltavan,4
Huijauksiakin,4
Työanantajan,4
Yleisperiaatteet,4
Oivallisella,4
Osuutes,4
Prönts,4
Julkkiskavereita,4
Kokeilujaksoon,4
Suolaliousta,4
Varttuneemmassa,4
Supertykkäyksiä,4
Kestat,4
Ylikorkean,4
Aivolävistys,4
Havainnoiden,4
Trvitse,4
Kilkuteltiin,4
Pitkäaikaisimmat,4
Pitkäaikasin,4
Kikattaminen,4
75cm,4
Hiekkapaperin,4
Arvotuksessa,4
Altisteita,4
Militarisoi,4
Sokeripaketeilla,4
Kasviksilta,4
Kuskityyppi,4
Kaueammaksi,4
Päihdekaupan,4
Tuomitsevani,4
Näppäilyvirhettä,4
Käyttäytymiskaavoja,4
Mäkkäriateriaa,4
Tasanopeutta,4
Juustoaterian,4
Maakuntavaltuustosta,4
Naulitse,4
Oravaksi,4
Juhlahattu,4
Hihitti,4
Epäkunniottava,4
Narsistisin,4
Päätetapahtumiin,4
Vaatiivaa,4
Raiskaajathan,4
Mutisemassa,4
Sipsihyllyllä,4
C4b8,4
Arho,4
Havrén,4
Turruttaen,4
Työkulttuuriltaan,4
Sivistysporvarien,4
Poliisesta,4
Seksuaaliksi,4
Raideleveydessä,4
Kannabisnistit,4
Striimajat,4
Sänkyään,4
Toleen,4
Palkkajarjestelman,4
Suolammen,4
Päihdehakuista,4
Päkillä,4
Muutko,4
20synnyt,4
20avopuolisoille,4
20elatusvelvollisuutta,4
20huolehtia,4
20puolisonsa,4
20elatuksesta,4
Vilisevään,4
Asumiskustannuksiaan,4
Avoparilla,4
Oikeansorttista,4
Fillarikaistalla,4
Riskiasemaan,4
Perusvarman,4
Ryskätä,4
Rospuuton,4
Tiedusteluosastolla,4
Simoista,4
2fphotos,4
Tsennaa,4
Roplaan,4
Kommentoinnillaan,4
Ennakkoperinnön,4
Ennakkoperintö,4
Yo_rahoitusmalli_fi,4
Kolmessakaan,4
Ajeltuun,4
Yöjakelussa,4
Henkilöstömäärässä,4
6vrk,4
Kategorialtaan,4
B617,4
Töyhtöhyyppä,4
Hoivapaikka,4
Kuuluneisiin,4
Wavellroom,4
Markkinahäiriöistä,4
Empiiristäkin,4
Vastalauseessaan,4
Sairalaa,4
Hyväluontoisen,4
Lamaannuttaisivat,4
Käräytyksen,4
Valmistumishetken,4
Saatetuista,4
Kämppääkin,4
Laikkarit,4
Nujakaksi,4
Kirijotan,4
Myllykoskea,4
Mukavuustason,4
_julkaisi,4
Kokoversiota,4
Moderaattorioikeuteni,4
Murskatappioon,4
Palliotteen,4
Publicationdate,4
Eventdate,4
Nextweek,4
Suhtautuisvat,4
Ikineitsyitä,4
Moikkaako,4
Kuron,4
Aukeasi,4
Intressiristiriidat,4
Rimpsulla,4
Kynnyskysymyksensä,4
Etävanhempana,4
Hyväksikäyttäjälle,4
Ylöstalo,4
77g,4
41g,4
298g,4
Ihmisystävällisin,4
Kannatuskyselyihin,4
Tapaturmallisesti,4
Löytyneeltä,4
Gabba,4
Lehmänhermoisia,4
Hallintaotteiden,4
Twerkkaavan,4
Kaarasta,4
Osqq,4
Kokreettisesti,4
Yhdensuuntaisella,4
Asiapohjaltakin,4
Valuuttakursseilla,4
Tontiltamme,4
Ylipaisuneita,4
Kaksoisnimen,4
Osakemäärän,4
Chicagolaisen,4
Keväthangille,4
Kellekki,4
Tutkimuspuolesta,4
Lasiastiassa,4
Vuodeosastoilta,4
Korkeapalkkaisempaa,4
Sotesotkuissa,4
Määritteleppäs,4
Loppuunvienti,4
Hoidattavat,4
Häviötään,4
Eroistamme,4
Valcoissa,4
Vihertynyt,4
Oppisopimusjärjestelmää,4
Kieltäytymisellään,4
Käyttistään,4
Työssäoppimispaikkoja,4
Sovittavalla,4
Sennuja,4
Whitepaperit,4
Smartyoutubetv,4
Ohjelmointitaidoilla,4
Tytyrin,4
Epätehokkaamin,4
Järjestetylle,4
Korvataa,4
Pmc4799869,4
Huhuttavan,4
Hankitojen,4
Palkkauksien,4
Vanhoillisella,4
Dr19,4
Dv12,4
Dr16,4
9dc6,4
Esikoisalbumi,4
Möykkäämisessä,4
Yleissivistäviin,4
Ottamattomuutta,4
Hattarassa,4
Hallitustunnusteluista,4
Mielenterveyshäiriöisten,4
Lähettiensä,4
Televät,4
Artifakteina,4
Ilmeistesti,4
Asiaperusteisuutta,4
Vuorokautisen,4
Televisiokameroille,4
Pureuduttava,4
Kustantamisessa,4
Koiraks,4
Pääpiirre,4
Riekaleen,4
Polisiien,4
Lukuisempia,4
Saippuoimaan,4
Satanismipaniikin,4
Rintamasotilaan,4
Terveystaloja,4
7krs,4
Valutellaan,4
Vesijalanjalki,4
Epäsuosituille,4
Johtamisjärjestelmää,4
Äänestyskohteensa,4
Kokoluku,4
Ummistaisi,4
Meiu6txyscg,4
Mutuilleet,4
Vesilaskusta,4
Tietöntä,4
Tietoavelalliselle,4
Ylimääräisistäkin,4
Arvosista,4
Hautaustointa,4
Sukurasitteita,4
Flsenate,4
Harrastamisena,4
Päivitystarpeesta,4
Kiinanhan,4
Avaruusteknologialla,4
Kirjekaverien,4
Ansoitettuja,4
Riidattomia,4
Salvadorille,4
Sekuntina,4
Kovennettujen,4
Osallistumiskielto,4
Värisokeillekin,4
Urheilufaneja,4
Turvalukossa,4
Cisnaisiin,4
4c40,4
Sovelluksiinsa,4
Kaapimisen,4
Ministeriöineen,4
Kolmessasadassa,4
Pitkittyneesti,4
Avohoitokontakti,4
Tutkimusavustajan,4
Imetetään,4
Wolttikuskia,4
Porvali,4
Vauvapyyhkeitä,4
Sägs,4
Puliukolla,4
Traumataustan,4
Suostumuksellisuutta,4
Tappomääristä,4
Ymmärtäväisellä,4
Ihmisyydestämme,4
Askeettisena,4
Puoliintuvat,4
Essentiaali,4
Climatetown,4
Päätöskykyinen,4
Menoeräni,4
Ordlista,4
Aikarajana,4
Vauhkoamassa,4
Pizzakala,4
Viallisuutta,4
Ammattitautilain,4
Lukeutumaan,4
Laidunalueita,4
45w,4
Katoamaa,4
Törsäämme,4
Suosikkihommaa,4
Wallriver,4
Protoneja,4
Nipullisen,4
Psyykkaavat,4
Assertioita,4
Kuvitellakseen,4
Epätotuuksien,4
Puoluetuilla,4
Edistäisikään,4
Myrdal,4
Translapsen,4
Hölöttäjiä,4
Harrasteporukan,4
Puheseuraa,4
Odkb,4
Neämmä,4
Rikosoikeudellisille,4
Datapisteille,4
Vastustaaksemme,4
Livekuva,4
Pyörineisiin,4
Päättäsit,4
Lakulla,4
Mainoksellaan,4
Kelpaatko,4
Klusterinsa,4
Hyvesignaloivina,4
Ulosantien,4
Avotilojen,4
Mediaanikansalaisen,4
Köyhyttäminen,4
Musiikillisiin,4
Kaverisuhteille,4
Epämukavuusalueellesi,4
Myyntikiellosta,4
Täsmällen,4
Ulosanteja,4
Linjamuutoksista,4
Daavidintähteä,4
A4hiid,4
Perinnehän,4
Äänestyspaikoista,4
Ohjelmistofirmojen,4
Aikarajattuja,4
Muiluttamalla,4
Ollir,4
Aikuisviihdenäyttelijä,4
Taiteilijanimeltään,4
Kanavoimisesta,4
Luokkavihasta,4
Vihlasi,4
Veroillakaan,4
Totemus,4
Hassutteli,4
Pissatestin,4
Suoraselkäiseksi,4
Neutralisuus,4
Neuvostotasavaltana,4
Vitkuttelemalla,4
Lahjonu,4
Pätevyysvaatimuksissa,4
Päätepisteisiin,4
Lupauksiakin,4
Taikinapalloja,4
Länsiblokin,4
Lihasuikaleet,4
Kemingrad,4
Venäläisoligarkin,4
Hedelmäpalat,4
Siviililentokone,4
Pahviseksi,4
Sorbetit,4
Salaliittoteoristi,4
Blinkeniltä,4
Sosialisoituu,4
Meditoimiseen,4
Sienimäisiä,4
Puheenjohtajatentin,4
660g,4
Ksenofoobista,4
48cm,4
Koulunkäynnillä,4
Vasemmistoakselin,4
Merkitttävä,4
Botata,4
Ylekuronen,4
Kotipaikkakuntien,4
Kuvitelmiaan,4
Jatkokeskustelun,4
Syvennystä,4
Kärsimättömille,4
Jeesuksilla,4
Hullunmyllyn,4
Verkkomediasta,4
Ingocnito,4
Köyhyysrajasta,4
Teloittamiset,4
Piikkkiin,4
Kokonaismaahanmuutosta,4
Yksityistettävän,4
Sinetöivä,4
Norfolkissa,4
Sailyy,4
Alkotonta,4
Suosikkijuomaa,4
Saimenin,4
Tuutattava,4
Maaan,4
Ravintolahommat,4
Kalkkiviivoille,4
Raekaa,4
Bongasinkin,4
Sahamiehet,4
Projektoinnilta,4
Kaikkonenkin,4
Oikeuslaitoksenkaan,4
Addiktiostani,4
Helpottavien,4
Shorteilla,4
Hälyttävään,4
Kasvatusvastuuseen,4
Asiallisimmat,4
Defenssimekanismit,4
Missioita,4
Tarjoillun,4
Bidää,4
Suosittaakin,4
Talouspaperirullat,4
Selitettyyn,4
Selvitystyöllä,4
Rikosoikeudenkäynnin,4
Maanraosta,4
Haittasuomalaisille,4
Ihmisoikeuskysymyksistä,4
Sadannan,4
Abc13,4
Katseluhistoriaa,4
Tukijärjestöt,4
75op,4
Ohjaileminen,4
Poltiiikkaa,4
Avaruuslaaserit,4
Läpikävi,4
Vaalipaneleissa,4
Satien,4
Yritystukensa,4
Makeutusaineeksi,4
Äänestyskohteen,4
Luikautti,4
Vaihtoehtoasi,4
Lietsovana,4
Ryyppyrahat,4
Homovastaisista,4
Resurssoi,4
Tahatonkin,4
Kuolinvuosi,4
Mytyn,4
Finskejä,4
Luokkaerottelun,4
Yskäkin,4
Arvoliberaaleihin,4
Arvokonservatiiveihin,4
Kaapelitelevisiota,4
Palauttavana,4
Orastaa,4
Sosiaalipalvelualalla,4
Ympäristöpoliittinen,4
Vesihuoltolaitoksen,4
Seisauttamaan,4
Puukkohippaset,4
Maahanmuuttokriittisyydestään,4
Kelani,4
Sattuneisiin,4
Haittamaahanmuuttajina,4
Shrapnel,4
Lääkintähenkilöstö,4
Kanniskeli,4
Pelkäämäänsä,4
Distanssia,4
Ammattitaitoakin,4
Puliveivattu,4
Lavasteilta,4
Psykososiaalisena,4
Täysnollaus,4
Parannukkaan,4
Juorukerhot,4
Hajautui,4
Fuldan,4
Kummoisilla,4
Uutisetjakannanotot,4
Läiskäsee,4
Tovereillesi,4
Céline,4
Holveihin,4
Sivumausta,4
Tukipuolueita,4
Toimik,4
4ac7,4
3kaverin,4
Esanssipaskaa,4
585e,4
Määrätietoisista,4
Sosiaalidemokraateilta,4
Populistiliikkeiden,4
Nielasu,4
Passipoliiseja,4
Ammattitutkijat,4
Luulisivatkin,4
Uusimistodennäköisyyttä,4
Veronluontoisia,4
Yhteishakuihin,4
Tienisteillä,4
Mannerlaatasta,4
Ripulivelliä,4
Neliraajajarrutuksesta,4
Perustas,4
Kannatatetaan,4
Allegory,4
Autofeed,4
Ruokapalkka,4
Kouluasteille,4
Roskakatoksella,4
Ostettunakin,4
Esitetyltä,4
Tartutaa,4
Eriskummallisista,4
Käymisaika,4
Edeltäjätkin,4
Paperinipun,4
Aliedustetuiksi,4
Henkilöartikkeli,4
Pertains,4
Terveysedut,4
Tutkimuksessä,4
Basilleja,4
Teetättämässä,4
Jatamme,4
Lopetamalla,4
Puheenjohtajatenteissä,4
Ratkaisutapaa,4
Luvanvaraisiin,4
Vasemmistoagenda,4
Scottilta,4
Siirappeja,4
Jäteautoon,4
Vedensuodattimet,4
Äänestämiseenkin,4
Eduskuntapolitiikkaan,4
Kulttuurituki,4
Hävittyäsi,4
Rättinsä,4
Vedenpaineella,4
Logiikkakaan,4
Kouvolanlakritsi,4
Pehkuissa,4
Leikkauslistanne,4
Zyskowicziin,4
Superhenkilö,4
Brittiyliopistoissa,4
Pennini,4
Palkkaorjuuden,4
Munkkilatinaa,4
Saastassaan,4
48a,4
Yhdenvertaisuuspykälään,4
Erheeksi,4
Aukottomana,4
Pikkutuomion,4
Suunnitelmastasi,4
Kirjoittaviin,4
Päätösvaltaista,4
Palvelevassa,4
Paneelinen,4
Taululiituja,4
Teroitetut,4
Varakkuudestaan,4
Jenkkisyöpää,4
Pukeutumisestani,4
Ulkomaalaisryhmää,4
Ruispaloille,4
Mainostuskin,4
Kaksivuotisia,4
Laatuarviot,4
Hampit,4
Valtaisella,4
Laskentakoneet,4
Lääkkeettä,4
Liittolaismaihin,4
Avotilat,4
Halukaskin,4
Hegemonisista,4
Amerikkalaismaista,4
Alapeukutat,4
Läpimenijöitä,4
Maahantulolupaa,4
Suoritatte,4
20lis,4
Juksattua,4
Ratkomiselle,4
Omanikäiseni,4
Laitossiivoojista,4
Pehmopornosta,4
Liibalaabasta,4
Aukkoiset,4
Paskatahrat,4
Kaupunkikeskittymistä,4
Monistamisen,4
Sanoitusti,4
Yksilöimällä,4
Fossiilina,4
Edelliskesän,4
Määritelköön,4
Baldandbaldrdossier,4
Rumilukset,4
Oikeuttamiselta,4
Masiksessa,4
Huomauttelen,4
Seuraamia,4
Väistössä,4
Päätöksentekoasemassa,4
Takinkääntöihin,4
Liikuntapainotteisia,4
Urheilumenestystä,4
Edustajanpaikka,4
Kdllä,4
Raivostumista,4
Ysärityyliin,4
Aliravittuina,4
Inhoaisivat,4
Ubc7qbs1ujo,4
Parkeeraan,4
Ystävyyssiteet,4
Kunnianhimoon,4
Tupeella,4
Lisäminuutti,4
Lyriikkojen,4
Metallibändille,4
Sisärempan,4
Vastaisempi,4
Jaksaapi,4
Putkenpätkä,4
Edustajapaikka,4
Skarppiin,4
Kommelluksistaan,4
Empaattisina,4
Liittymislinkki,4
Puhdistelee,4
Kokoonen,4
Lyömäkapulana,4
Zyskowicziä,4
Puolitoistakertaiseksi,4
Pessimistisyyteen,4
10päivän,4
Tuomitakin,4
Talousta,4
Optimaalisimpana,4
Paljastusvideoiden,4
Liipaistuivat,4
Levysepät,4
Aikuisviihdealan,4
Valmennuskursseineen,4
Laivueesta,4
Rokuan,4
Porvarilääkäri,4
Nuhjuisissa,4
Suurituloisemman,4
Puheenlahjoja,4
Vihervasemmistona,4
Kantamuksin,4
Pienimuotoisemmin,4
Osinkoverolla,4
Clientteja,4
Joogakurssi,4
Perusaatetta,4
Ennakkoääniin,4
Ylibuukataan,4
Halutaab,4
Setelitukut,4
Tietojärjestelmähankinnoista,4
Ylioppilaskirjotuksiin,4
Kokonaisuudessaaan,4
Vakuutusarvo,4
Moobyd00by,4
Näkökulmast,4
Ennakkoäänestyspaikkojen,4
Lähetekirjeessä,4
Laajentavansa,4
Mobiilikäyttöä,4
Vetäytyminenkään,4
Komentajasta,4
Sulkijalihakset,4
Vitamiiniksi,4
Pergamentin,4
Mulkvistia,4
Vuosipari,4
Puheenjohtajavaihdokset,4
Libsejä,4
Ykköspuolueena,4
Pietikäistä,4
47f9,4
Vuokraasuntoa,4
Aurinkotuolissa,4
Eristämättömän,4
Talousosaajaa,4
Touhutipan,4
Likasankko,4
Kumartelijoita,4
Pulikkaa,4
Ура,4
Laitaoikeistolaiseksi,4
Anyones,4
Ääniosuudessa,4
Alviinan,4
Valtuustoryhmätovereita,4
Oikestopopulisti,4
Sisustasta,4
Ääniharavoista,4
Lähtöpaikaksi,4
Lastillinen,4
Pelotteleekin,4
Hyysäysyhteiskunta,4
Äänestyslipuissa,4
Sosiaaliturvamaksua,4
Vertailuluvuissa,4
723y2k,4
Kristillisdemokraatit_ja_piilev,4
A4nikynnys_eli,4
Ruotsinsa,4
Riskipääoman,4
Progressiivisina,4
Virkamiesmäisen,4
Eduskuntavaaliin,4
Klikkailut,4
Verokirstua,4
Kiitospuheessaan,4
Supertähdeksi,4
Luonnonsuojeluna,4
Valtoselle,4
Lomakertymää,4
Lilluen,4
Paikkamääränsä,4
Puukalu,4
Pohjoispäähän,4
Tempoilee,4
Arvokonservatiivia,4
Ihmismäisempi,4
Servaajia,4
Lähettäneeni,4
Vähätuloisempien,4
Eeta,4
Sikspäkistä,4
Sotavangille,4
Säästeli,4
Nukkuvaksi,4
Höntin,4
Ammattitaitoiseen,4
Täyttämättömistä,4
Halusivatkaan,4
Käsinkirjoittamisen,4
Sipiläläinen,4
Sensorisiin,4
Kielialueisiin,4
Yhteiskunnallle,4
Nauhoituksena,4
Omiim,4
Vetoavun,4
Polvivaivoista,4
Kalahduksen,4
Tervehdyttämisen,4
Jakelevia,4
Kannattajistosta,4
Elämänkatsomukselle,4
Taloussuunnitelmaa,4
Kompromissipolitiikka,4
Ääniprosentti,4
Jeesmiesten,4
Hidastavaksi,4
Perusilmeellä,4
Oikeistovetoiseen,4
Kyytipalvelua,4
Pääviestiä,4
Todentamaton,4
Levitettyinä,4
Kutsuitteko,4
Ryöstämme,4
Performanssiaan,4
Verifioitavaa,4
Meemipuolueita,4
Sulisi,4
Vedetäkään,4
Peruspaketissa,4
Pahkasikakin,4
Loppukappale,4
Puunpolttoon,4
Hankintamielessä,4
Irtopistettä,4
Liikkumismuodoissa,4
Suosittavaa,4
Tervehdyttävät,4
Pätkäduunien,4
Syteemiin,4
Taphtuisi,4
Provosoivalta,4
Loivennettua,4
Matkalaukkunsa,4
Rapidsave,4
Pälyilevät,4
Silmiltään,4
Sanailemaan,4
Psllä,4
Kärhämöimään,4
Tosiasioitten,4
Ylivelkaantuu,4
Maakuntamatka,4
Tuhojia,4
Lautasliina,4
Persumaisesti,4
Korjaavalle,4
Lähettikin,4
Lähipysäkillä,4
Täytyvän,4
Tuvas,4
Johot,4
Mahdollisimpana,4
Mielentöntä,4
Keksipurkista,4
Huoltamia,4
Arvoliberalisteja,4
Tunneargumentteja,4
Pääagendana,4
Päiväbudjetin,4
Eksyisivät,4
Vähemmistöhallitukselle,4
Puollustele,4
Lehistä,4
Tuntemillesi,4
Puutteelista,4
Vääntävien,4
Sitoutumattomina,4
Yello,4
Hallitusneuvotteluilla,4
Heikentyivät,4
Shakespearesta,4
Tullipolitiikasta,4
Vaaliväittelyjä,4
Authleft,4
Sijoittuis,4
Vasemmistoäänestäjien,4
Maakuntapolitiikkaan,4
Precipitated,4
Unscrupulous,4
Toimituserät,4
Valmia,4
Eläinystävällisiä,4
Vestiairecollective,4
Blokilta,4
Alkuelämän,4
Konseptipaperille,4
Mechanixin,4
Koulutusintoon,4
Pantzarin,4
Scammin,4
Pekkasvapaat,4
Pitkäkatseisesti,4
Kerrallaankin,4
Äänetyksen,4
Kiskastua,4
Itekseenkin,4
Anonkin,4
Täysjärkisempi,4
Tyollisista,4
2m52s,4
Jonkinasteisissa,4
Tukiaisin,4
1192k51,4
Psn_purra_unohti_olleensa_vuosi_sitten,4
Sokerijuurikkaita,4
Hääräisi,4
Autopesuista,4
Istuskeleen,4
Sylikoirina,4
Patongiksi,4
Vaalikonevastauksissaan,4
Tietoisuuttaa,4
Vetonuppi,4
1f80f4bf,4
C3af,4
C7801d8f9395,4
Rahapiirit,4
Puoluees,4
B36f,4
Koiranelämää,4
Keinovalikoimalla,4
Sotepuolelle,4
Turvataksensa,4
Turkistuotantoon,4
Loppuunajetut,4
Kotitaloustasolla,4
Konstruktiivisen,4
Vaalikierros,4
Selventäneet,4
Pitkäähän,4
90minuuttia,4
Ruokinnat,4
Hännystelijöihin,4
Kuulostavalle,4
Valuneita,4
Vihreimpiä,4
Kolmikot,4
Käsikirjoittavat,4
Sinivalkoinensiirtyma_2023,4
Viherahokin,4
Jaoittelun,4
Neuvottelukierroksilla,4
Tottumattomien,4
Telkänrannan,4
Talousoikeistolaisessa,4
Peesaaja,4
Hankintaosaaminen,4
Nuijiminen,4
Valtiosäännöstä,4
Kompromissitta,4
Sallitumpia,4
Kokkelipäät,4
Kannattavemmaksi,4
Öyhöäminen,4
Siirtyma,4
Kutkuttavaan,4
Lostia,4
Yksityiden,4
Käännösvirhettä,4
Korkeakouluopiskelijoihin,4
Halvaantuneeseen,4
Apupuolueelle,4
Ostaneetkaan,4
Tuotantoketjulle,4
Harhakäsityksiin,4
Portauttaa,4
Kommunistihallitusta,4
Bungaloo,4
Laittaisiin,4
Polkuhintaa,4
Rajoittunu,4
Vihervasemmistohallitusta,4
Ahdistamasta,4
Sr_1_8,4
Itseaiheutetussa,4
Elämänkumppanista,4
15vrk,4
Harvalukuisille,4
Palaakkaan,4
Helpotettaisi,4
Ryysyläiset,4
Äänestysalueilta,4
Articlelanding,4
Eettisempiin,4
Augment,4
Irtisanomispykälien,4
Unihalvaukselta,4
Kiusallanikin,4
Porttaamaan,4
Karttanäkymästä,4
Kuukausierien,4
Ajatelmaan,4
Kuntoutat,4
Peruskuluttajien,4
Valamiseen,4
Lokerikkoja,4
Sukkii,4
Ajureille,4
Järisyttänyt,4
Asuinkunnat,4
Säpsähtämään,4
Epäkäytännöllisessä,4
Lakisäänteisesti,4
Sävelkulkuja,4
Yleisterveyttä,4
Vaalitaistelussa,4
Enderin,4
Saarivaltioihin,4
Vermeille,4
Vuotislahja,4
Pysäköinnistään,4
Antibioottiliha,4
Lainasopimuksia,4
Listojakin,4
Provoilin,4
Äänestysaluetta,4
Sharen,4
Valokuvaat,4
Ilmoitusasiaa,4
Viestintäministeriksi,4
Parisuhdearkea,4
Persuehdokkaita,4
Nukkumisongelmia,4
Oppilasmääriä,4
Sipaisi,4
Muotibrändien,4
Häilyvästä,4
Extrojen,4
Liideri,4
Kultivointia,4
Biokaasulaitoksia,4
Nelkkua,4
Betonilähiöiden,4
Talousopintoja,4
Synnyinpaikkakunnallani,4
Terveystaso,4
Muuntokouluttaa,4
Leges,4
Työttömyyspätkän,4
Pinalla,4
Persoonahäiriö,4
Valituksellaan,4
Punatakit,4
Marginaalisemmassa,4
Viisii,4
Perustajajäsenien,4
Lisenssiavaimia,4
Osallistumismitali,4
Jatkokäytöstä,4
Taustavaikuttimena,4
Lukasenkalle,4
Rallikuskeilla,4
Varatoimi,4
Lähiörakentamista,4
Rehupeltoja,4
Aijempia,4
Ekolokeroon,4
Pilluna,4
_sinulle_,4
Kohteluakin,4
Oikeistolaitaa,4
Liittojohtajat,4
Ratikkakeskustelussa,4
Uudiskohteesta,4
Hihhuloinnissa,4
Ympäristösuojelu,4
Aihekokonaisuutta,4
Aivokuoleman,4
Luotsina,4
Päätteiseen,4
Svedupelleille,4
Mediamoguli,4
Epäkäytänöllinen,4
Countilla,4
Countia,4
Talousoikeistolaisesta,4
Laatutekijät,4
Menestyneiksi,4
Respecti,4
Asiaankuuluvampi,4
Mielipidemuutos,4
Kieltäymyksen,4
Kateelliselle,4
Yritysriskiä,4
Lapsensurmista,4
Äärioikeistolaisesti,4
Retraining,4
Roolikseen,4
Tyydyttyvät,4
Fotonia,4
Peittelyitä,4
Tuuheana,4
Sivuprofiilia,4
Hematooma,4
Erkauma,4
Hevarina,4
Räkättävät,4
Neurologeja,4
Irvistelet,4
Adoptoinnista,4
Toiseensuuntaan,4
Paskajulkaisun,4
Kulukorvauksien,4
Suvacceja,4
Alettaan,4
Väärinkäsitystäsi,4
Heteropariskuntien,4
Diagnosoitavien,4
Paraatissakin,4
Viestimiehellä,4
Työkoneensa,4
Nihkeiksi,4
Hahmottamatta,4
Mongoloidin,4
Salaisine,4
Lyhyestikin,4
Bodycountin,4
Sijaistoiminto,4
Palkattaisiinkin,4
Herkkyyksistä,4
Conquerors,4
Parijonoa,4
Tuuletuksia,4
Varapaikalta,4
Capitulation,4
Uinua,4
Klopalisti,4
Luovutettavien,4
Merkkihahmot,4
Kyvyilleen,4
Kehittamiseksi,4
Rallatellaan,4
Repalainen,4
Aikaansaamattoman,4
Puheenjohtajanakin,4
Mökkiäsi,4
Kriisivuoden,4
Poseeraavia,4
Somevideolla,4
Keidenkä,4
Viranomaistietoja,4
Mariniahan,4
Harhaluulolta,4
Törttöilynsä,4
Kesäviikonloppu,4
Tappelupelien,4
Inputeilla,4
Videois,4
Yläasteellahan,4
Statementtinä,4
Sovinnaisuudesta,4
Ilmestyviin,4
Valtiovetoiseen,4
Kulholla,4
Minibussissa,4
Täyttäneeltä,4
Menekkiään,4
Maataloustukensa,4
Alkupätkä,4
Ryöpytettiin,4
Vasemmistodemarit,4
Töppäyksen,4
Piippiippiip,4
Tsydeemiin,4
Hiuksillaan,4
Päätyttä,4
Ammattilaisurheilusta,4
Pointsiii,4
Provoatko,4
Puolustusministeriöiden,4
Nostelut,4
Ilaskiven,4
Pesukoneesi,4
Kättelivät,4
Muhkeamman,4
Transurheilijaa,4
Naispääministerinä,4
Kiinteistönvälittäjältä,4
Parlamenttiryhmään,4
Puheessan,4
Seksisteistä,4
Monden,4
Puhelinkeskuksissa,4
Puhelinkeskuksia,4
Koripallosarja,4
Arvostustasoa,4
Neonatsin,4
Kesäkaudeksi,4
Alalajeineen,4
Terapiamaksut,4
Loppukuuhun,4
Kevättalvea,4
Onglmaa,4
Boardingia,4
Siirrännäinen,4
Oikeuksiahan,4
Ilmanstonmuutoksen,4
Väitteellehän,4
Ihmisiryhmiä,4
Urheilulääketiede,4
Rapautumiselle,4
Tunnusvärit,4
88s,4
Johtajatyyppi,4
Säätöpyörä,4
Hammastus,4
Trivialisoitu,4
Suomimusaa,4
Kilpailulajeissa,4
Käsittelyitä,4
Hormonituotantoa,4
Punaistahan,4
Työntekijön,4
Mukaudumme,4
Muodostaviin,4
Saamenkielisiin,4
Pjotrin,4
Vuodeosastojen,4
Starlinkista,4
Kärjistyneistä,4
Odottaneensa,4
Ilmatorjuntakykyä,4
Tabeihin,4
Lynkkasivat,4
Kilpailiat,4
Sävytettyjä,4
Räpsähtävät,4
Hylkäyspäätöksen,4
42d6,4
Vierottautumiseen,4
Nummille,4
Laariinhan,4
Klementti,4
Kymmennys,4
Tuuheus,4
Orpokoteihin,4
Canceloinnilla,4
Ryhtiliikkeellä,4
Aivopestyyn,4
Kullanmussukka,4
Kysyttäessa,4
Eroamisestaan,4
Nightin,4
Kuukautisvuotoa,4
Tömähdyksen,4
Loroteltua,4
Valittin,4
Kymmennyksellä,4
Höykyttämään,4
_attack,4
Lykkäänny,4
Wahrman,4
40bd,4
Kaksipiippuisella,4
Valmistumisnopeudesta,4
Kuuluisampaa,4
Maahanmuuttajaporukat,4
Pienuuttaan,4
Ovaries,4
Viivottimet,4
Walmartimages,4
Perhekoossa,4
Työmatkalleni,4
Länsiteknologia,4
Perusolotila,4
Kouristeli,4
Joulukortteihin,4
Huvettua,4
Kysäisinkin,4
Terveyskyselyyn,4
Lamborghineilla,4
Kartturiksi,4
Rimputtamalla,4
Likasii,4
Matkatavaroitaan,4
Repustani,4
Myöntämisperusteissa,4
Porotilaa,4
Kestoaikaan,4
Venkoiltu,4
Mäntiin,4
Vieritellä,4
Skippaantuu,4
Haaskaukseksi,4
Puoleisena,4
Lisäalueita,4
Tukikuukausilla,4
Taikakone,4
Päätehtäviä,4
Epäterveellisempiin,4
Puhujissa,4
Kestävyysjuoksuun,4
Sukupuolitetuissa,4
Hostiili,4
Terveysministerit,4
Kantasolusiirron,4
Kudista,4
Huippulahjakasta,4
Velkatilanteeseen,4
Työharjoittelujaksoja,4
Perusjampoille,4
Leikkattaisiin,4
Antagonizing,4
Työkyvyttömyyseläkkeisiin,4
Katkuja,4
Väläytelly,4
Puolueryhmää,4
Sunnitellun,4
Pörssikursseissa,4
Antamille,4
Työskenneellenä,4
Käyttöomaisuutta,4
Talouskuripuolue,4
Savukalan,4
Memoriae,4
Vigeliukselle,4
Jäämisensä,4
Emämaansa,4
Lähisuhteet,4
Poppas,4
Verrokkimaiksi,4
Kohtelekaan,4
Tyriny,4
Ohjusmiehen,4
Kivimäärä,4
Useammallakaan,4
Visit_id,4
Alumiinitikkaat,4
Pahennuttua,4
Pikkukentiltä,4
Viivaton,4
Kuukausituet,4
Lankapuhelimilla,4
Copelta,4
Viikkoisten,4
Äänikynnyksiä,4
Monikäyttöisyyttä,4
Savuttomalla,4
Taktisille,4
Aaterakennelma,4
Ohjeelliseksi,4
Linjanaan,4
Ulistaa,4
Veroporkkana,4
Konsentraatiosta,4
Acidity,4
Tälläsin,4
Jakojäännökseksi,4
Userspace,4
Tallinnahan,4
Öljyliuskeen,4
Kosahtamista,4
Oikeistajun,4
Sielunrauhaa,4
Tuonlaisissa,4
Varmennettuna,4
Joutuubia,4
Viranomaisina,4
Seurailisin,4
Hivellen,4
Luottamusviroissa,4
Palautuskoneet,4
Grammamäärät,4
Bulkkikamana,4
Milligrammasta,4
Abstraktiotasojen,4
Joonakset,4
Pikakaistalla,4
Keräisikin,4
Adoptoiduille,4
Kiivettävää,4
Feikkitutkimuksia,4
Arvoitaisiin,4
Yiuw,4
Kiinakrääsässä,4
Biologisetkin,4
Maaperillä,4
Huokailtua,4
Roskasäkissä,4
Rumpulippaallista,4
Koiranluu,4
Tyhmemmälläkin,4
Päivystystoimintaa,4
Ristojen,4
Metallijätettä,4
Aikakausilehteä,4
Kenkäostoksilla,4
Palautuskone,4
Metriikoissa,4
Juostaankin,4
Uusfasismin,4
Tuhahtelemaan,4
Asuvalinnasta,4
Oppimishäiriöt,4
Sisämarkkinoitaan,4
Johtamisorganisaatio,4
Haastetteluja,4
Linkittyviä,4
Moottoriurheilija,4
Pelikoneeni,4
Hakeakkaan,4
Kategorisista,4
Huterilta,4
Tullilaitos,4
Ylasteella,4
Haastateltukin,4
Iteratiivisesta,4
Lukupaketti,4
Terveydenhuoltohenkilökuntaa,4
Inhimmillisten,4
Roskakalana,4
Aterimille,4
Tuskastuneen,4
Elinkautisensa,4
Tarkastusmaksuun,4
Palveluesimies,4
Kansalaisaloitteenkin,4
Laitteesee,4
Rynnäköisi,4
Urapoluista,4
Edunvalvontaorganisaatio,4
Sensationalisoida,4
Riittvästi,4
Rasputinin,4
Tyydyttäisivät,4
Runkkarista,4
Julisteella,4
Siskompi,4
Pajlon,4
Ihastukselleni,4
Rataosuudelle,4
Suhteutti,4
Cthulhuun,4
Mustikkana,4
Myrkytyksissä,4
Gordonia,4
Starzinger,4
Sopimukseesi,4
Työliivit,4
Bisnestäsi,4
Moraalipaniikille,4
Kuristajille,4
Fanipohjaa,4
Vattassa,4
Mielipdettä,4
Raastavaksi,4
Kuunneellaan,4
Kaksivärisiä,4
Tummahipiäisempi,4
Saunatuvan,4
Söiskään,4
Mölöö,4
Nauhoitatte,4
Saapuvalta,4
Utelevalle,4
Hiekoitushiekat,4
Betti,4
Frendilt,4
Yleisivistystä,4
Keskustelenkin,4
Taustahälinästä,4
Sähköpostillakin,4
Kanaliemikuution,4
Israelite,4
Acknowledgment,4
Lapsenraiskaajaksi,4
Koiranputkia,4
Hautauksia,4
Oirekyselyt,4
Aktivoitavia,4
Taistelujakkaralle,4
Kakarani,4
Naisellisuudessa,4
Kalastelisi,4
Juudeaan,4
Rasismijutut,4
Copee,4
Hyökkäysreitti,4
Earlychristianwritings,4
Verestettyä,4
Vääräoppiseksi,4
Ensiviikoksi,4
Jahkata,4
Sukuriidan,4
Inflaatiotasoa,4
Purkkitavaraa,4
Anteeksiantamus,4
Kivineen,4
Myndigheterna,4
Forslag,4
Rikollisverkostoja,4
45bc,4
Gnostilaisista,4
Paheksumatta,4
Filejä,4
Uutistarinat,4
Trekissäkin,4
Tarkisteluun,4
Auraamattoman,4
Manikyyriin,4
Rikosepäilty,4
Nooalle,4
Pyöräbaana,4
Välintöntä,4
Näkemystäkin,4
Hyötyisinkin,4
Fanfictiota,4
H9,4
Siirrymä,4
Hoitokontaktista,4
Analysis_en,4
Perusteelliseksi,4
Pelonlietsonnalle,4
Mobilisoimisessa,4
Harrastanutkaan,4
Läikkymään,4
Gravelilla,4
Sairaalaympäristöön,4
Oikeanvärisen,4
Laukeavaa,4
Sopeutustarpeesta,4
09_003,4
Kannabisjuttu,4
Ympäristöviraston,4
Puukauppaan,4
Sharetoken,4
Oppikirjaesimerkit,4
Tekoälyään,4
Puituja,4
Kukkumista,4
Sumuiseen,4
Pyhittämistä,4
Tiedonhankintakeinojen,4
Impregnated,4
50luvun,4
Tulonlähteeseen,4
Paskavaltioilta,4
Validialainen,4
Paperilapusta,4
Polkevassa,4
5kympin,4
Hoitoani,4
Kansanviisauteen,4
Haitolta,4
Koysi,4
Pääkonsulaatti,4
Toimistorotalla,4
Orpoakin,4
Innovaatiolta,4
Poliisitehtävässä,4
Kalansaaliista,4
Kalakantaan,4
Tiennäyttäjiä,4
Ulommaisen,4
Dyykkaavat,4
Kuukausittaisina,4
Läpivetoon,4
Nurmikonkin,4
Loukatessa,4
Jalankulkuväylällä,4
Leakattiin,4
Laukeamisella,4
Sinappii,4
Osotteleen,4
Verrokkimme,4
Snagarille,4
Keulittua,4
Tuntomerkin,4
Käytänöllinen,4
Vilteillä,4
Paatuneenkin,4
Rummuttelu,4
Temppuile,4
Kipukohtaan,4
Perustoiminnasta,4
Olenassa,4
Irrallaankin,4
Suklaamunien,4
Ajoteiden,4
Shikaanin,4
Autoilian,4
Suhteseen,4
Sananvapaudellasi,4
Ruuhkautuvan,4
Alasammuttua,4
Stubbillahan,4
Tietovuodoille,4
Masturboimista,4
Lausunnonantajista,4
Katujengillä,4
38cm,4
Samastahan,4
Kyyristy,4
Laittavista,4
Unelmatyöpaikkaan,4
Tukevammasta,4
Lisämateriaaliin,4
Maksuttomissa,4
Mielipiteeltään,4
Perinteistämme,4
Märisi,4
Ryöstörikollisuus,4
Hirviseuran,4
Talttui,4
Raiskausrinkejä,4
Sikailijoiden,4
Oksentavani,4
Uuniperunalla,4
Naamamuisti,4
Istumiselta,4
Seratoniinin,4
Menettämää,4
Löfströmin,4
Tullein,4
Opioidiriippuvuuden,4
Ylikehittynyt,4
Pelikaanimies,4
Oikeudenkäyntiasiakirjojen,4
Tulio,4
Anttilakin,4
Palindromien,4
Herättäisin,4
Nicci,4
Katupysäköintiä,4
Vaalikampanjoinnista,4
Juoksuhaudantie,4
Filmatisoitu,4
Eduskunnissa,4
Elonet_elokuva_107867,4
Matkatavarahyllyt,4
Painoisiin,4
Demoversiota,4
Kauppareissuni,4
Järviäkin,4
Törmäsikin,4
Metsanomistus,4
Ircssä,4
Tuliaisille,4
Tšekkoslovakiassa,4
Vakoilukeskus,4
Liikatuotantoa,4
Erikoisasemansa,4
Terkkojen,4
Itsepalvelupesulaa,4
Coolimmat,4
Pingottamaan,4
Söpöydellään,4
Lipeämisestä,4
Syöttöporsaita,4
Keravassa,4
Tallustelua,4
Luxotica,4
Halvimmallakin,4
Annostelemana,4
Tuulivoimateollisuuden,4
Meemeiltiin,4
Valtaoikeuksistaan,4
Kohellettu,4
Hopeakoruissa,4
Käsikassaraa,4
Psykooseilta,4
Noctuat,4
Sivuttaispitoa,4
Sytyttäessään,4
Tuulivoimatuottajia,4
Paritettua,4
Tyytyväisyydestään,4
Ilmanraikastinta,4
Ghetoilla,4
Asumisajasta,4
Paskamyrskyy,4
Minarit,4
Juttelitte,4
Muuttopäätös,4
Junamatkustajat,4
Seksistään,4
Testidatasta,4
Luonteeltamme,4
Murokuppiin,4
Tullessä,4
Tuotantoinfra,4
Ulospääsystä,4
Pysyttäytyy,4
_49735645_drugs_comparisons_464gr,4
Majottamaan,4
Haitakkeen,4
Putkahtaneen,4
Postaukse,4
Konsevatiivi,4
Tulliportin,4
Saimaannorpille,4
Luonnetestit,4
Koiranjalostusta,4
Rähinöinnistä,4
Sadesuojia,4
Luistelutyylin,4
Tunnistanee,4
Anulla,4
170mm,4
Hyvinkäyttäytyvä,4
Pennu,4
Akunkulutusta,4
Pompsahdella,4
Korvausasia,4
Kohentamisena,4
Reittimuutoksia,4
Elonet_elokuva_114523,4
Lähiomaiseksi,4
Kaskisten,4
Owneriksi,4
Avaamisenkaan,4
Aloitusajankohdalla,4
Nihdin,4
Riidanhaluiselta,4
Pelokkuuteen,4
Löylytetään,4
Vakuutaa,4
Vaivojani,4
Valokatkaisijoita,4
Palkkaluokkasi,4
Voittorahoja,4
Itsehallintoalueesta,4
Ulospäinsuuntautuva,4
Kotitalousvähennyskelpoinen,4
Nojattava,4
Logotkin,4
Edukkaaseen,4
Vaatijoilla,4
Luiskaotsaisia,4
Perusvehje,4
Mikroihin,4
Thörnroosin,4
Merivartioasema,4
Kieroilemalla,4
Online_boolean,4
Näytepalat,4
Vuokrailmoitusta,4
Turvallisuusintressit,4
Matkustatte,4
Vuosikertomuksissa,4
Kulttinne,4
Latingilla,4
Erottuvansa,4
Asuntotarjousta,4
Jumbojetti,4
Rapsutettavaksi,4
Vaihtaisivatko,4
Myllättäisiin,4
Siemailun,4
Vaihtoasemalla,4
Pelureista,4
Kansanedustajaksikin,4
Takertuvaa,4
Vesiklosetit,4
Prososiaalisesti,4
Covidit,4
Sääntöperusteinen,4
Lääkärikontaktia,4
Loikoilusta,4
Kaupunginvaltuutetuille,4
Opiskelukavereillani,4
Seuranhakupalveluun,4
Lämmityskustannuksien,4
Koulutuskokonaisuus,4
Toiminnallisena,4
Alareunat,4
Kurahousuja,4
Toissakauden,4
Datingia,4
Rakkinsa,4
Johtajavirkoja,4
Mätsiksi,4
Lisäpaketit,4
Umpiseen,4
Hiilenharmaa,4
Räpläily,4
Alottele,4
Rääky,4
Hahmottamiselle,4
Köyhdyttävää,4
Kumppaninhaku,4
Tehdaspaikkakuntia,4
Pyllyreijän,4
Takaasin,4
Reikäkortteja,4
Kylppäriremonttia,4
Sohvakalusto,4
Ukrainia,4
Jekulla,4
Visiitissä,4
Päähinevalinta,4
Kompaktimman,4
Levittäminenkin,4
Illustraatio,4
S41567,4
Hyväsydämisyyttä,4
Vaakakupissaan,4
Luottokieltoon,4
Tahdoimme,4
Maksattamiseen,4
Verkkopankkisopimus,4
Koloseen,4
Vippifirman,4
Salolta,4
Pakkosiirtävät,4
Koronanpandemian,4
Tyhjienkään,4
Asuntoportfolion,4
Ahtari,4
Pidättyminen,4
Sekopäissä,4
Sopimuken,4
Russofoobi,4
Liikuttelisi,4
Endstand,4
Firmallasi,4
Rikkalle,4
Xcoverissa,4
Harrastuskaverin,4
Inflaatiotasoilla,4
Siivoojillekin,4
Energisempää,4
Paeten,4
Ketjutuksessa,4
Iitee,4
Osaajakaan,4
Narratiivejasi,4
Aihepiirillä,4
Kituuttamassa,4
Palkkaisena,4
Keksimällesi,4
Jaoteltavissa,4
Vuorovaikuttamisesta,4
Miespuheenjohtajaa,4
Federica,4
Jännämiesten,4
Kanslaisten,4
Kotoutustoimia,4
Kusimulkut,4
Haavoittuneesta,4
Liimauksesta,4
Lähtöselvitykseen,4
Lähisukuun,4
9xx12ve,4
Ähkimisen,4
Suojauduttaisiin,4
Dullantuoksuinen,4
Willassa,4
Säleitä,4
Käsipainoa,4
Murjut,4
Pikanäppäintä,4
Kokeillahan,4
Sävytä,4
Systeem,4
Vuokrayksiöiden,4
Kannattajakuntakin,4
Kehoituskieltolaki,4
Noidenki,4
Lausumiksi,4
Omakotitalona,4
Tarrattua,4
Taskuihisi,4
Punos,4
Rytkyä,4
Nyssykkää,4
Kritisoivansa,4
Piireissänne,4
Terrorisoimatta,4
Kirkkaanvihreän,4
Yrittäjämäisellä,4
Ihmissuhteilta,4
Mannermaahan,4
Parempiä,4
Miesongelmasta,4
Tatuointiaan,4
Kandasta,4
Mamuraiskaajat,4
Piiloutumasta,4
Ruumalaukkua,4
Hallintojohtajat,4
Liikuntapalvelujen,4
Ajolinjaan,4
Rasvaveron,4
Pankiin,4
Yksihuoltajia,4
Resonanssit,4
Menestykselleen,4
Tuottoisakin,4
Huhuilet,4
Rankimpien,4
Motarillakaan,4
Ongelmapesäkkeet,4
Kirkkoherranvirastossa,4
Pehmentelemään,4
B6hallitus,4
Safkojaan,4
Lieberman,4
Tukottamaan,4
Pornossakin,4
Kruunupäät,4
Veroist,4
Ihonväreille,4
Seitistä,4
Vertailulukuun,4
Kehäpäättelyksi,4
Integroitumiskyvyttömien,4
Joukkosyyllistäminen,4
Jyrsittyä,4
Raivofeministin,4
Vähemmistöstatuksesta,4
Ydinosaamisessa,4
Tutkimustietona,4
Riskiryhmiltä,4
Oikeuskäsitteet,4
Bännäät,4
Desimaalipisteen,4
Korkaan,4
Valmistusmateriaali,4
Ärsytyksissäni,4
160mm,4
Roikotettua,4
Yleistäviin,4
Heitollaan,4
Maurilta,4
Kädenojennukselta,4
Puhelutiedot,4
Wreckin,4
Makeisverolla,4
Omistusrakennetta,4
Kotoutuspolitiikka,4
Rallikansaa,4
Kirkontornista,4
Varotit,4
Kolhuille,4
Autoletkoja,4
Paheksuntaani,4
Hääräsivät,4
Puhtaanvalkoista,4
Tunneälykkyyden,4
Ilmasua,4
Asuntotyypin,4
Kukkupuhetta,4
Hautomoita,4
Käyttäytymiskoodisto,4
Surevien,4
Epäseksikkäät,4
Alkukantaisuus,4
Mittaajaa,4
Roinaajia,4
Pikkulapseen,4
Ruokavaliokaan,4
Selvennettään,4
Väitöstyö,4
Kerkä,4
Kansallistason,4
Toistavasta,4
Jatkuvastu,4
Luototuksessa,4
Teiniporukan,4
Lihoissakin,4
Väistelemättä,4
Konfliktinhakuisuus,4
Oregaanoa,4
Organisaatiokaavio,4
Turjaketta,4
Diagnoosejaan,4
Mestarintunnelin,4
Akuissaan,4
Sotakorvauksetkin,4
Juostuna,4
Dokumenteissakin,4
Umpiluupäinen,4
Amislaisen,4
Salamatkustaja,4
Opintieni,4
Vetelehtijöitä,4
Pujottelen,4
Norri,4
Ennusteltiin,4
Biopohjaisilla,4
Epäkohdistaan,4
Vilkuttomat,4
Keittiötason,4
Yökyläilyä,4
Toimistotyölle,4
Agileen,4
Käpynä,4
Vastineenkin,4
Rahvaista,4
Tarkkailuksi,4
Puolueessanne,4
Roikkuisivat,4
Toistamisee,4
Ymmärtämättömyydellään,4
Avaruuskakkuja,4
Nikotiiniriippuvuudelle,4
Vilkuttaako,4
Tallottuna,4
Kannattaan,4
Anelevalta,4
Jurotan,4
Velvollisuuttani,4
Jonkatakia,4
Karkaillut,4
Moditkin,4
Kavereiltakaan,4
Huipputehoja,4
Kokonaistehosta,4
Ministerisalkkuun,4
Kekkuloivat,4
Jumittelu,4
Painukaapa,4
Nuhaisten,4
Huumausainerikollisuudessa,4
Ihoksi,4
Ulkonäköasia,4
Kateudessa,4
Töppäilynsä,4
Vauhdille,4
Mielenköyhyydestä,4
Epäjärkevä,4
Vakoilemasta,4
Ainettakin,4
Tissikuvatkin,4
Aamumurojen,4
Skidii,4
Palvelijoilla,4
Säilönnässä,4
Jorisemassa,4
Laitetasolla,4
Luokkahypyt,4
Vuosirajan,4
Työkohtaista,4
Klubikeikkoja,4
Hanurille,4
20many,4
Plebiaanit,4
Älyttömäks,4
Tönittyä,4
Pitkäkantoiset,4
Solisluuta,4
Aviovuoteessa,4
Ohikulku,4
Kunnianhimosia,4
Kulutustapa,4
Suurpetoihin,4
Luonnollisimmista,4
Katupysäköinti,4
Kivihiilivoimaloihin,4
Pikavippaajat,4
Arvostelusivusto,4
Möyhöö,4
Faktoidia,4
Kaareutuvan,4
Varastokoppiin,4
Nyrkkeilemässä,4
Pienist,4
Nykymallisena,4
Lierojen,4
1524mm,4
Kannaltanne,4
Infrahanke,4
Jälkiselvittelyissä,4
Tarinallasi,4
Keskusteluvaiheessa,4
Deittailuäppi,4
Keksen,4
Sekoiluunsa,4
Tuotekategoriaan,4
Vähävaraisimpiin,4
Maakuntamatkalla,4
Heijä,4
Keplottelija,4
Psykoosisairauteen,4
Neuvoessaan,4
Vinkujaa,4
Sopusuhtaisella,4
Argumentointu,4
Pariltaan,4
Persesilmän,4
L2p16,4
Lihatuotannolta,4
Koululleni,4
L9vu4zo,4
Huoltotaukoja,4
Rahattomasta,4
Keskipainon,4
Ulkonäköpreferenssejä,4
Seisakit,4
Exemplified,4
Profetioilla,4
Delaat,4
Kaljunsa,4
Hitaampaakin,4
Kivijalkamyymälää,4
Tökköä,4
Satuttamisella,4
Vapottamisesta,4
Tuotantolinjansa,4
Pyydystyksestä,4
Kynteen,4
Epäterveyttä,4
Kuilta,4
Hiisaaja,4
Genetiikkaansa,4
Lähituottajan,4
Assosisaation,4
Runoileva,4
Valtaisivatkin,4
Puristamisessa,4
Ääriviiva,4
Reseptivapaiksi,4
Pohjasen,4
Ampuvaksi,4
Alarungon,4
Kiihkoillen,4
Mehustettu,4
Takariviä,4
Urheiluautoillaan,4
Voivoteltaisiin,4
Pienimunaisiin,4
Ohitusleikkauksessa,4
Suoravelotuksella,4
Yksityisalueet,4
Kehityshistoriaan,4
Kivihiililaitos,4
Filamentteja,4
Kierosilmä,4
Mestauksiin,4
Aineis,4
Ampumaetäisyydellä,4
Frendeilleen,4
Musertavaksi,4
Pornoteollisuudesta,4
Hölmöilyille,4
Oletettais,4
Ennakoivaksi,4
Kyljes,4
Piilovitsi,4
Natsiretoriikka,4
Kasvualaa,4
Edistyisivät,4
Teroitellaan,4
Cannabikseen,4
Tulonsiirrolle,4
Määrärajoituksista,4
Pettolapsen,4
Lentopistettä,4
Pääministerikausilla,4
Televisioille,4
Popularisoinnit,4
Deittiprofiiliin,4
Kertakorvauksesta,4
Tukiini,4
Tulotietoihin,4
Lentokorkeuden,4
Rekyylijousen,4
Valeuutissivusto,4
Patruunaksi,4
Äänikirjaversio,4
Avainpari,4
Vuokrakustannuksia,4
Vinoutuneessa,4
Edikassa,4
Pölisemään,4
Automaattejakin,4
Päättyneiksi,4
Sairaalassaolon,4
Tiktokien,4
Kahviautomaattia,4
Virallisuuteen,4
Pataluhiksi,4
Mutkikkuutta,4
Hölkkäsivät,4
Elääki,4
Lukudiplomi,4
Alivuokralaisekseen,4
Eskaloitumistaan,4
Loihtimista,4
Vuokristaan,4
Pantaessa,4
Hankiutua,4
Venäläisrahaa,4
Yksinvaltaisuuden,4
Päihteidenkäyttöään,4
2wci10cnuxu,4
Koettaan,4
Futuurihinnat,4
Crossoverin,4
Suosutunut,4
Pätkätyötkin,4
Seksikkäiksi,4
7fc57b69,4
133c,4
C323cd6e00c3,4
Kavaluutta,4
Vajaakuntoisille,4
Tuumaten,4
Hoitosopimuksella,4
Ottolapset,4
Vähyydelle,4
Puhelinmyyntipaikkoja,4
Tietopläjäyksen,4
Corpore,4
Vituttavaksi,4
Yllätyskulu,4
Lausuntoo,4
Tasaviikkoon,4
Kolmanteentoista,4
Laimentumaan,4
Röökinhajua,4
Kuleksimassa,4
Ikonisena,4
Korsikalla,4
Kouluikäisiltä,4
Myyntitarjouksia,4
Aitosuomalaisten,4
Varatulta,4
Vuositilasto,4
Missanneensa,4
Peppukipuun,4
Ravintorikkaampia,4
Uskollisilla,4
Todellisuuskäsityksestä,4
Päiväkirjalle,4
Sanoittamisen,4
Konkurssitalouteen,4
Mobilisoitui,4
Lähteittesi,4
Pohjustetut,4
Napavaihteiset,4
Incidenttiä,4
Nahkahihnan,4
Surkia,4
Taustatueksi,4
Pystymisen,4
Sepustuksista,4
Väistelisi,4
Ojanpohjassa,4
Tiik,4
Somejulkisuudesta,4
Olisim,4
Keikkalippu,4
B3fa,4
Driveriksi,4
Autisminsa,4
Hetkauttanu,4
Salaliittoöyhötystä,4
Paniikkihäiriöinen,4
Oikeusavustajaan,4
Iloitsemista,4
Fiiliksistäsi,4
Syväkurkuttaa,4
Tutkimustyönsä,4
Tohtorinkaan,4
Liikoihin,4
Magneettiseksi,4
Magneettisuus,4
Väliinputoaminen,4
Diagnosoisi,4
Kursailematon,4
Oikeusturvakeinot,4
Lukunopeudella,4
Tuuraajien,4
Työkyvyttömyydeltä,4
Konsulttilafkoihin,4
Afterworkille,4
Pyrkyriltä,4
Vähennyksensä,4
Verotuspäätöstä,4
Yöjakoa,4
Sommittelee,4
Muotoutunu,4
Huitsinnevadaan,4
Nauttijaa,4
Omistajatahon,4
Rusketusraitoja,4
Mainoskanavalta,4
Solovyev,4
Ksyyt_2014_2015,4
Kotikaljaan,4
Naapurinki,4
Heittäytyykö,4
Nauhoitetuista,4
Porvarihallituksien,4
Kuorituu,4
Mediarumba,4
Työssäkäyvilläkään,4
Opintosuuntia,4
Pintanahka,4
Kustannusrakenteilla,4
Kiusaako,4
Roikottamiseen,4
Luonnonvaraisiksi,4
Asuntoansa,4
Osoitteellasi,4
Monitoimittajaprojektissa,4
Palkkahaarukkaa,4
Purkukuntoisina,4
Sukupuolikysymykseksi,4
Ressaamatta,4
Lähdekuvaa,4
Saldorajat,4
Muikkareita,4
Keskivertoredditorin,4
Kauhistelujen,4
Petailua,4
Raiskaavalle,4
Faucista,4
Sivuuttamiselle,4
Keinonne,4
Tähtääviksi,4
Nostaisitte,4
Kysymyspatteristosta,4
Tarinoistakin,4
Seurustelukumppaneille,4
Kotirouvina,4
Salaliittoporukkaa,4
Tunneliverkostosta,4
Piirrellen,4
Jakeluihin,4
20vk,4
Parkkeeraajat,4
Lepuutus,4
Petsamokin,4
Sairaalaympäristö,4
Fanittajaa,4
Levityskanavia,4
Pressuun,4
Sipilänki,4
Pystyttäisikään,4
Kuluihisi,4
Jutilaa,4
Koirametsän,4
Naskaleilla,4
Läydy,4
_omien_,4
Kaksikkoon,4
Lähdekritiikille,4
Salaliittotyyppien,4
Tienatessaan,4
Matalastikoulutettuja,4
Omistusasuntooni,4
Tuntiliksasta,4
Täpästä,4
Pöyristelty,4
Joukkotuotannossa,4
Ryssämielisiä,4
Osakesijoitukseen,4
Retkikamat,4
Veripisara,4
Hyperventilaation,4
Luonnonkauniilla,4
Asiantuntijahaastatteluja,4
Paitainen,4
Fuusioituneet,4
Aborttilaeista,4
Huokuvasta,4
Julkaisupakkoa,4
Hiilinielunsa,4
Karismaattisuuden,4
Hoitotilanteissa,4
Pitäydyttävä,4
Hihhuleitten,4
Etnisine,4
Hoopot,4
Blokkaavansa,4
Lähetteeni,4
Actresses,4
Nettohiilinielu,4
Siviilihenkilöiden,4
Myötäkään,4
Arvioitavien,4
Holdissa,4
Jättämääni,4
Käynen,4
Itteäänkin,4
Eksoduksen,4
Vinssata,4
Soluhuoneeseen,4
Suihkutellessa,4
Kovatuloisilta,4
Pössypäät,4
Ammattiinkaan,4
Salakuvaajat,4
Yhdenmukaisessa,4
Huoltotunnelit,4
Mainettaa,4
Sikahauskaa,4
Luvitukseen,4
Karnevaalitunnelmaa,4
Nimenmuutokseen,4
Rasvamassa,4
Palvelualaan,4
Sijoitustani,4
Transvalille,4
Mariossa,4
Imagoani,4
Varhaiskasvatukselta,4
Rataosa,4
Loviisankin,4
Ostopalveluille,4
Jobsiin,4
Sovellettuihin,4
Kiroaisivat,4
Farkkuauton,4
Esittämästään,4
Buranaakin,4
Uppoamiselle,4
Tilanteess,4
Kompleksisiin,4
Aikaansaannoksestaan,4
Kartassaan,4
Muotinäytöksiin,4
Synnintekoa,4
Lukusovellus,4
Naimisiiin,4
Karvanaamainen,4
Jakaessasi,4
Puhkeis,4
Leikeltävä,4
Siskontyttöä,4
Perintäfirmasta,4
Parkkeeraisivat,4
Vaalirahoitusilmoitus,4
Mahdon,4
Palvelussakin,4
Hienovaraisista,4
Rajoistasi,4
Panssariprikaatilla,4
Osumissa,4
Työpahoinvointia,4
Epäoriginaali,4
Kainoa,4
Sokeuduttu,4
Edgelordiksi,4
Yhdyntäkerta,4
Riutuneita,4
Myyntitöihin,4
Äänestysalueesta,4
Ynmärrän,4
Kaikennäköseen,4
Ydinryhmään,4
Höhlät,4
Asiantuntijatyöksi,4
Saisivatkaan,4
Nurkkauksia,4
Huipputehtävissä,4
Terveysverosta,4
_node,4
Metsäiseen,4
Suolakaivoksissa,4
Työvoimien,4
Paljonkun,4
71g,4
Muokkaako,4
Lähtökohtasestikin,4
Löysennys,4
Puristaisivat,4
Avustettavaa,4
Liittymiseni,4
Sorkista,4
Tuppaavan,4
Taimenien,4
Imagotappiot,4
Rasteille,4
Tautiepidemioita,4
Lisimään,4
Lihavointia,4
Harrisburg,4
Hyväntekemiseen,4
Kiistään,4
Rakennusstandardeja,4
Katsantaa,4
Konsolidointi,4
Hyökkiminen,4
Tavoitteessani,4
Hännystelijän,4
Kaivautuisi,4
Valokuvamalleja,4
Kaupungisssa,4
Venäläisvalmisteisia,4
Jengipellet,4
Kipulaastareita,4
Muisteleekin,4
Pössyttelylle,4
Pröystäilyksi,4
Kasatuksi,4
Twiittajia,4
Eksponentaalista,4
Koyaanisqatsia,4
Maisemakuvasta,4
Yksiselittäisiä,4
Tavoitepainon,4
Jaostoon,4
Tavoittelemaansa,4
Sonnista,4
Tulihelvetin,4
Verenpainelääkkeiden,4
Avaruuslakana,4
Serengetin,4
Teurastanu,4
Tulitaistelusta,4
Raahat,4
Liiketä,4
Julkisuustempuksi,4
Värivalintoja,4
Sääskiäkin,4
Nauravalla,4
Vapahduksesta,4
Kerryttämät,4
Ihmisoikeusrikoksien,4
Ratsastamisessa,4
Tyypilta,4
Käyttäjäryhmille,4
Jatkokehitelmä,4
Hölkkäs,4
Fiidistään,4
Äidinnussijat,4
Lämpökäsittelyllä,4
Supersalaisia,4
Terveydenhuoltokustannuksissa,4
Valehyökkäyksiä,4
Karmivampaa,4
Morkkaamiseen,4
Rahanäkökulmasta,4
Diippiin,4
Kivisalmen,4
Sentyyppinen,4
Tolkumpia,4
Stressinaiheuttaja,4
Ydinkannattajakuntaansa,4
Rakkaampia,4
Avionin,4
Nälkäpalkkoja,4
Puhkeamistaan,4
Sekoon,4
Laukasemaan,4
Muistettavampi,4
Leiriytymässä,4
Kipinävahtina,4
Kirjotusasuun,4
Mixun,4
Pestessäni,4
Autotehtailta,4
Ylöspäi,4
Viskikolan,4
Jalankulkioille,4
Sairaanhoidollisista,4
Terveydenhoidolliset,4
Salaliittoteoreetikkoihin,4
Overheat,4
Renaulteissa,4
Amalgamaatio,4
Tuudittauduin,4
Otsalamppujen,4
Rikastetulla,4
Alkumalja,4
Tyttökaverinsa,4
Autiotuvan,4
Pullovesissä,4
Reiältä,4
Terveydenhuoltomarkkinan,4
Korrelaatiotutkimuksia,4
Vaihteluu,4
Tervehenkisesti,4
Väestöntiheydet,4
Ylihinnat,4
Sitöä,4
Parkkipaikkojakaan,4
Bacardia,4
Kilowateista,4
Vuorojärjestely,4
Unohtamat,4
Kyykkyhyllyn,4
Raakannut,4
Uutistoimittajia,4
Estettään,4
Ideologisimpia,4
Astuneensa,4
Valmistustekniikat,4
Yölllä,4
Kesälomasi,4
55cm,4
Kelattais,4
Kieltamisesta,4
Lahetysta,4
Demoniset,4
Synnyttään,4
Ulkoryhmiä,4
Rymistelemään,4
Velanottoja,4
Järkiperusteiseksi,4
Toistettuina,4
Hiidenmaa,4
Opiskelijamäärillä,4
Laudanpätkä,4
Asiantuntijaroolit,4
Viihdesivustoja,4
Emootioilla,4
Throught,4
Kengistään,4
Wof0xpumw38,4
Virkamiespäätöksiä,4
Tiennannut,4
Yksityisasuntoja,4
Pupsista,4
Klooripitoisuus,4
Vakiokokoisia,4
Viekkautta,4
Sananvaupauden,4
Électricité,4
Silinterihatut,4
Linjanvetona,4
Suodattamana,4
Mustekasetteja,4
Panttipullon,4
Muovikeräykseen,4
Väestönlaskennasta,4
Ymparileikkausta,4
Roskaantumisen,4
Fanittamalla,4
Noitaroviot,4
Jäsenyydestäkin,4
Tanssiravintoloissa,4
Rapakko,4
Faniuden,4
Ulkoiluvaatteista,4
Olkapäillään,4
Mailata,4
Korkeatasoiseksi,4
Talotekniikalla,4
Demonstroimiseen,4
Noriega,4
Valotukseen,4
Tolppapaikasta,4
Puutumisoireita,4
Akullista,4
Kovettama,4
Tiettyisiin,4
Makumieltymykset,4
Varapuheenjohtaksi,4
Vättänyt,4
20ottaa,4
20siis,4
Saavutetulta,4
Moikanneet,4
Tulleitta,4
Jättäisitkin,4
Direktivit,4
Matalapalkkatuki,4
Paatunu,4
Säästyneissä,4
Taajus,4
Aisioita,4
Glysiiniä,4
Ydinvoimaprojektin,4
Vinkkivitosia,4
Kemikaaliksi,4
Vuosijuhliin,4
Dopamiineja,4
Hallituslaisia,4
Siivouspäivän,4
Järjästelmän,4
Työllistäneitä,4
Sääriäni,4
Muhamettilaisyhteiskunnista,4
Partasuumiliisi,4
Kodifioitavat,4
Töniville,4
Räkiville,4
Kiroileville,4
Rempoo,4
Maailmanennatys,4
9a1d,4
Sanelemansa,4
Kirjaava,4
Luontotuhoa,4
Tiedotuslinjasta,4
Spämmitty,4
Epämieluisampi,4
Raiskanneiden,4
3kuukautta,4
Hunajasimaa,4
Armottomiin,4
Alalauteelle,4
Täyspäisiltä,4
Ihmiskuvat,4
Kaksitoistavuotiaita,4
Nuorisovankilat,4
Generatiivista,4
Valvottamaan,4
24cl,4
Kunnianhimoisiakin,4
Kaistanvaihdolla,4
Pysäköintipaikoille,4
Huvinvuoks,4
Vanguardismi,4
Nikotiinikorvaushoidon,4
Käyttäjäpäässä,4
Krampissa,4
Sydänkirurgin,4
Rangaistuspolitiikkaa,4
Rubiinit,4
Venytelly,4
Nakuttamista,4
Vartilta,4
Strangulation,4
Ulosantina,4
Verkkoalustojen,4
Rikoksentekijäksi,4
Lannoitetuotannon,4
Pikachunaamat,4
Partiarkaatti,4
Mikrokosmoksessa,4
Talousarvioissa,4
Siirtomäärärahoja,4
Mahdoliisuutta,4
Kriisesitä,4
S9dbxsizk,4
Tapahtunyt,4
Hintakartelliin,4
Opecissa,4
Tapauksssa,4
Rikasti,4
Pohjanneet,4
Järkivihreä,4
Kolme_miest,4
Rekrytointinsa,4
Kiryun,4
Hokemansa,4
Marvelissa,4
Järjestäviin,4
Läpikotainen,4
Yläpeukuttavat,4
Pornokuvien,4
Olemmme,4
Jälkimainingissa,4
Lojaliteetteja,4
Reportoinut,4
Reaktionäärisen,4
Sisällöttömyys,4
Harrastustoimia,4
Kömpelöiksi,4
Ryöstetyillä,4
Uutisisissa,4
Spämmäävän,4
Kuopppaa,4
Ennakkosensuurilta,4
Ylellisestä,4
Moderoineet,4
Yritystenväliset,4
Riskihallinta,4
Omahyväisyydessään,4
Omahyväisyydessä,4
Pitkäkestoisuuden,4
Saunahetki,4
Tietokoneosia,4
Asialinjasta,4
Takinkääntämisen,4
Esilletuonnilla,4
Korvamatojen,4
Materiaallista,4
Lokkiin,4
Naisopiskelijoiden,4
Todistettuani,4
Filiat,4
Paljn,4
Kampanjavideo,4
20miljoonan,4
Maskoteilla,4
Vesilinjat,4
Umpikujien,4
Skaalaamiseen,4
Waylandin,4
Beitti,4
Heittokäden,4
Lipuisivat,4
Biaksella,4
Aivotukset,4
Pointtti,4
18veenä,4
Luovatkin,4
Hiljaisemmalta,4
Uutispostauksissa,4
Nollatilejä,4
Makepe,4
Säännölliesti,4
Stewartilla,4
Todistaakses,4
Ginostele,4
Sudenkuopasta,4
Torpatessaan,4
Painostettavaksi,4
Pyllistämällä,4
Välkkää,4
Syötettävistä,4
Maailmankuvilla,4
Lukkareita,4
Täytelly,4
Noutamalla,4
Peittäny,4
Musanteko,4
Ammattikeittiö,4
Verrokeihin,4
Valitaankaan,4
Sukujuuristani,4
Innostavuutta,4
Wyman,4
Tagthesponsor,4
Kasvotustenkaan,4
Normiksia,4
Belgiat,4
Ennakkoluuloisina,4
Osastotunnuksissa,4
Laskeutunutta,4
Negaatioiden,4
Mummoutunut,4
Kahvistaki,4
Seemiläistä,4
Toivomiseksi,4
Watchdominion,4
Valtakirkon,4
Heilaamista,4
Pelätäkkään,4
Viriiliin,4
Aiheisiinsa,4
Tyypeist,4
Pacifiers,4
Miljööhön,4
Sikakalliit,4
Naikkosille,4
Valmistuakkin,4
Permanentit,4
Petäkään,4
Funni,4
Paperita,4
Seksuaalirikosasioissa,4
Seksuaalirikollisena,4
Makuukammariin,4
Palauttikin,4
Perherakennetta,4
Alastomuudella,4
Lumilautaa,4
Kengännauhalla,4
Hiirenpaskaa,4
Kakuissa,4
Onnistuakki,4
Kulttuurirahoituksen,4
Elintarvikevärillä,4
Sekundäärisenä,4
Palkkauskaan,4
Perättäisiin,4
Himoitsemia,4
Tietokoneitakin,4
40eb,4
Huuhtasu,4
Kassakuitin,4
Löyhemmässä,4
Sosiaaliohjaajana,4
Juoksemas,4
Sitoutuneensa,4
Työkokemustakaan,4
Typpikaasua,4
Perheinstituutio,4
Kuumailmapalloja,4
Tuettaviin,4
Halpatöihin,4
Välipalakeksit,4
Hyytävässä,4
Nokitellaan,4
Suuryhtiöistä,4
Sysiä,4
Kutosluokkalaisena,4
Ihmisaaltoja,4
Kysymyspatteriin,4
Paloasemien,4
Puolijoukkuetelttaa,4
Kasvupolitiikan,4
Jyrkintä,4
Koulumotivaatiota,4
Leipomat,4
Primääritavoite,4
Yliopistokampusta,4
D133c298,4
A509,4
8d9fdcb71ebf,4
Kiteinä,4
Väkivaltauhkausten,4
Poteroistamme,4
Tulonjakoja,4
Juottaisi,4
Paljastavammat,4
Saanukkaa,4
Lähivanhempaa,4
Nykytilannekkaan,4
Mähmäinen,4
Araya,4
Preferoivan,4
Painottavaksi,4
_know,4
Niskuroinnilla,4
Kurssipaketti,4
Suojauskeino,4
Kiipivät,4
Mädättäen,4
Perusporvarillinen,4
Yhteensattumaan,4
Passivapauden,4
Saimaahan,4
Terveysperusteiset,4
Ratsastusharrastus,4
Liimaamiseen,4
Walesilla,4
Illuminatilta,4
Chättäilyä,4
Huutajasta,4
Kirkastamisesta,4
Terrorikampanjaa,4
Luovutuskieltoon,4
Huolellisuusvelvollisuus,4
Loppumaailman,4
Hymyilyllä,4
Kruunupyyssä,4
Pysymisensä,4
Intensiivisyyteen,4
Toivookohan,4
Voimakeinoon,4
Aitaakin,4
Kandeilla,4
Yliajattelin,4
Itsepuolustustilanteesta,4
Savusaunoista,4
Lämmitelleet,4
Vilusta,4
Desktops,4
Keksisikään,4
Pihasaunat,4
Putsattuja,4
Selailivat,4
Palkollisiksi,4
Öljyvuotoa,4
Tyylitajuisia,4
Tettiläisten,4
Räkäposkella,4
Julkisentalouden,4
Kurjistamiselle,4
Laakerien,4
Päihittäisivät,4
Halvemmatkaan,4
Innostakaan,4
Omistuspohjaltaan,4
Keikkahommana,4
Raksaukolle,4
Tummempihipiäinen,4
Torvisoittokunta,4
Opiskeluyhteisö,4
Rahoitteisia,4
Edustettavista,4
Hallituspeliä,4
Kiikareihin,4
Nautinnolliseksi,4
Koulukavereitani,4
Alkuasukkaiksi,4
Aktiivissa,4
Raportoinnille,4
Faktuaalisten,4
Työpoissaolojen,4
Eritasoisina,4
Herunutkaan,4
Heittämien,4
Yhteystietoon,4
Toistais,4
Ristelyohjuksia,4
Simppeleissäkin,4
Identiteettipolitiikkaansa,4
Yksityisfirman,4
Järjestyksenvalvojasta,4
Kurmottamista,4
Neuvottelutaktiikasta,4
Koulututtu,4
Vennamot,4
Poistumiskehotusta,4
Virkot,4
900milj,4
Taikinoiden,4
Valuuttapolitiikan,4
Hirvesäti,4
Korkeakoulutetuillakin,4
Elokapinalaista,4
Tarkkailulähetteellä,4
Jynkystä,4
Öyhöstä,4
Maahanmuttajan,4
Irlantilaisina,4
Lastenvaatemerkki,4
Talkingpointteja,4
Pösöjen,4
Lempiruokansa,4
Hallintoalueista,4
Järeydestä,4
Sijoittajienkin,4
Maksamattomille,4
Modsit,4
Lääkekaupan,4
Metalliastia,4
Nordiskt,4
Ihmettelijää,4
Nähtesi,4
Puolijulkisiin,4
Leikkauslistaansa,4
Teholuokkaan,4
Tyoerää,4
Huipputuotteita,4
Veroviranomaiselta,4
Puolipallon,4
Valuttaneet,4
Duuniluuri,4
Kulhoihin,4
5hlö,4
Olleemme,4
Tulovaiheessa,4
Sadeviitat,4
Peräkainuun,4
Lippulaivoihin,4
Avaruusasemat,4
Stalkkaavat,4
427f,4
Kuivatelakalla,4
Tieteelisen,4
Ruokakassissa,4
Käynnistettäisi,4
Evri,4
Valmissafkaa,4
Pottuilemaan,4
Velkavivutettuja,4
Sairaslomalaput,4
Höyrystyvä,4
Rekrykampanja,4
Vastuutahot,4
Syntymäpäiväjuhlien,4
Ensimmäistenkin,4
Freehin,4
Syntymämaat,4
Laiskoteltu,4
Taipumattomuuden,4
Auktoriteettiasemaansa,4
Keveämmältä,4
Lasiisi,4
Indusoidu,4
Hoitojonoa,4
Chatbottia,4
Kaikenikäisissä,4
Ihmelääkkeellä,4
Mutujesi,4
Kusijoita,4
Balloons,4
Jäädytykseen,4
Pyörätuoliramppi,4
Kauhavalainen,4
Ratsailee,4
Huutonauramaan,4
Raijalla,4
Ostoskoreihin,4
Asiakasomisteisia,4
15kiloa,4
Helpostikki,4
Sanoinkos,4
Chättäilee,4
Orkku,4
Pidättämä,4
Viinankaan,4
Vässykästä,4
Tölkistäkin,4
Tehottomuudessaan,4
Laittamattomuus,4
Ruokahaluttomuuden,4
Veripisaroita,4
Näpertelen,4
Ministeripuolueiden,4
Maastavedot,4
Valuuttakeinottelun,4
Avohoitokäyntejä,4
Sivukulua,4
Pantuja,4
Oblastien,4
Keuhkoröntgen,4
Mustavalkoseks,4
Itsekasvatetusta,4
Peesailee,4
Tuonnilta,4
Baronakin,4
Vasemmistopoliittinen,4
Kiillevaurio,4
Monitorointia,4
Työehtosoppareita,4
Nooteista,4
Pikapaketin,4
80cnt,4
Palkkaavana,4
Kutne,4
Suuntaaviksi,4
Katsantokantansa,4
Opintotausta,4
Suhteutetusta,4
Vertauskohdat,4
Combustible,4
Sertifioidusti,4
Terveydenhuoltoni,4
Mielivaltaisuuksiin,4
Vitosenkin,4
Juhlatunnelmissa,4
Tutkintopapereilla,4
Asennushommista,4
Polkaisevat,4
Insinööritöihin,4
Läpivirtaus,4
Huuhtelunappia,4
Mätämunien,4
Haastattelustakin,4
Tietotaidossa,4
Häsmäkkää,4
Anestesialääkäreitä,4
Sinus,4
Lätkämatsit,4
Paskabakteerit,4
Palkkakuitissaan,4
Normivaatteita,4
Kasittelyn,4
Helppolukuiset,4
Suoritteella,4
Olemmekohan,4
62x53,4
Alanvaihtoja,4
Terveyspolitiikalla,4
Ihmisryöstöt,4
Coloradolla,4
Sanelujen,4
Breathless,4
Ryhmäkuvat,4
Päihdevammainen,4
Kurssilaisille,4
Valmistujia,4
Leikeillään,4
Undulaatit,4
Lützenin,4
Kansanvalistus,4
Ruotsalaistaudin,4
Itseajavissa,4
Kansalliskonservatiivisen,4
Pöntöön,4
Rividuunareille,4
Hylätää,4
Terveellisimmin,4
Vastauksestakin,4
Taiteenmuotoon,4
Alennuskuponkia,4
Keuhkotautia,4
Käsiäkään,4
Kriminaalipolitiikkaan,4
Verrokeissa,4
Kuminassa,4
Sotatrauma,4
Dullat,4
Työnkuvastaan,4
Huulieni,4
Aloiteet,4
Kuukausimenojen,4
Huvittelut,4
Regressiivinen_vero,4
Tasaverokin,4
Vierotushoitoa,4
Melunvaimennusta,4
Tupakkapaikoille,4
Tuottavempaa,4
Kehottamasta,4
Nälvinnällä,4
Apupuolueekseen,4
Onttoutta,4
Räväkkäämmin,4
Kuluttajalaite,4
Kolvaa,4
Pilvihommissa,4
Paksusuolentulehdus,4
Tanssityyli,4
Suolasten,4
Peruskoulupohjainen,4
Hintasena,4
450bt,4
Ohjelmistoyrityksessä,4
Prosessisuunnittelija,4
Identiteettis,4
Seksualisoivia,4
Sutviintuu,4
Sisustassa,4
Sukurutsainen,4
Palkkauksestaan,4
Tutustuttavaksi,4
Ihankohan,4
Kuulokkeessa,4
Haaskaukseen,4
Ipoa,4
Bussitettiin,4
Perushoitajien,4
Ojankaivajista,4
Sangasta,4
Käännösnimissä,4
Unscheduled,4
Mahtaviksi,4
Seminaarimatkat,4
Persuila,4
Nukkuvasi,4
Ikkunanpesunestettä,4
Kaikki_,4
Eduskuntakeskustelu,4
Mainoslehdestä,4
Rekisteröintipakkoa,4
Myyntivalttihan,4
Kusetusmainoksia,4
Kesäkissat,4
Erimallista,4
Tiiet,4
Juontuvasta,4
Menestyneimmäksi,4
Softaversiota,4
Hintalaatusuhteella,4
Lankanetti,4
Neuvottava,4
Uudelleenlataus,4
Mätänemiseen,4
Pilvenkäyttö,4
Ryskäämään,4
12700k,4
Loppukokoonpano,4
Mediaanikäyttäjä,4
Varustautumiset,4
Moraalisaarnat,4
Arvosteluperusteita,4
Reissul,4
Sakottaakin,4
Joululahjojakin,4
Oppikirjamaisen,4
Henkilökohtiasesti,4
Pietismi,4
Fiksoituu,4
Repeämällä,4
Rakettiensa,4
Totuuspohjaista,4
Kuolinilmoituksesta,4
Ostamasa,4
Kannattavienkin,4
Tyrkyttävistä,4
Sisätöiden,4
Hyödyttömillä,4
Työskentelystäni,4
Bannimisen,4
Aluueella,4
Kommervenkkia,4
Invan,4
Peliohjelmoinnista,4
Kvarttaalissa,4
Itsehäpeä,4
Sekoittajan,4
Heitäkö,4
Narisisi,4
Tekemistän,4
Katsomassani,4
Värilämpö,4
Elinikähän,4
Ensiolettama,4
B802,4
Työttömyysturvallakin,4
Työllistäessä,4
Mammuteista,4
Akkusyöppö,4
Cappuccinosta,4
Miinuskarmat,4
Sosialisoivan,4
Ompeleista,4
Vihervassarinaiset,4
Blokkerilla,4
Räjähtämättömän,4
Palkkakartelleja,4
Diagnosoinnit,4
Siivoajilta,4
Pommittakoot,4
Ohitusleikkauksia,4
Totuus_kiihottaa,4
Consanguineous,4
Vuoksiksi,4
Natsikirjallisuutta,4
Osoittaudut,4
Sukulaisiini,4
Pidar,4
Terveysfirmaa,4
Numw,4
Pikkudiktaattorien,4
Tuotekehityksensä,4
Ulosannille,4
3kiloa,4
Raiskausfantasioista,4
Suvunsa,4
Vapettavat,4
Huostaanottolakien,4
Roiskit,4
Rahankeräysrikosta,4
Aloistaan,4
Reissutyöt,4
Riemuitsisivat,4
Hekumoinnin,4
Hiirileikkiä,4
Kliksutellut,4
Kontroilloimaan,4
Gangstereilta,4
Yliaja,4
Kriikuna,4
Tyrnimarjoja,4
Ylätasoilla,4
Omistuasunnossa,4
Säti,4
Menoleikkauksille,4
Generoiduista,4
Vakikäyttäjä,4
Teloittajana,4
Ofn,4
Martínez,4
Syrjäyttämää,4
Vanhuudenpäiviä,4
Kasvuyhtiöihin,4
Velkarallin,4
Ihmistoukkaa,4
Juoruilemassa,4
Vieroittanut,4
Vilkaisemisen,4
Hiltonista,4
Työelämäsi,4
Miesoletetuilla,4
Perhekeskeisyydestä,4
Oollut,4
Pakkovärväystä,4
Syöttäessään,4
Tekstimäärästä,4
Poinntini,4
Kirvellen,4
Addiktoituisi,4
Huonontamisella,4
250s,4
Kriminalisoimisella,4
Lomamökkiä,4
Maksukorttina,4
Rikollisliigaan,4
Höynäytettävää,4
Hiiliyhdisteitä,4
Etulinjoille,4
Konkreettisemmalta,4
Kohudokumentti,4
Tehokkuutteen,4
Sisämarkkinassa,4
Pahenevissa,4
Liivijengiltä,4
Pojallaan,4
Kuppaukselta,4
Välitettyjen,4
Tutkimusmenetelmin,4
Vastuuksia,4
Roskausta,4
Sysipaskassa,4
Painetuilla,4
Hallitustaipaleesta,4
Tulotilanne,4
Venäläiskaupungin,4
Introspektiivistä,4
Haastateltavaks,4
Rahankäyttäjänä,4
Siivoajasta,4
Raamatuntutkimuksen,4
Raportointikäytäntöjä,4
Peukaloo,4
Tappoverotus,4
Naapuruutta,4
Sijainneella,4
Gpx,4
Elintasolta,4
Vuodesohvassa,4
Flirttaa,4
Jauhesammuttimia,4
Sekottunut,4
Kemikaaliseen,4
Haalimatta,4
Hiippakuntavaltuuston,4
Veljilleen,4
Orjienkin,4
Yksinyrittäjillä,4
Peruoikeuksien,4
Ilmaisseeksi,4
Sallikoon,4
Tutkimuslähteisiin,4
Taloustiedoista,4
Takiksi,4
Koirallekaan,4
Herranhelvetti,4
Dramaqueen,4
Aatepohjalta,4
Tuloksekkaasti,4
Diagnoosiakaan,4
Ylevin,4
Kuristunut,4
Kirjoitusajankohdan,4
Faceliftattu,4
Laukaisten,4
Kahlattiin,4
Pitenemistä,4
Feilaamaan,4
Myöhäistäisi,4
Peräsintä,4
Pommituslento,4
Vuokrakolmiossa,4
Hakuvahdin,4
Käpelöity,4
Yksityiskohdalla,4
Peruskansalaisista,4
Mandaatissa,4
Kaudeks,4
Parikyttuhatta,4
Virittämiseksi,4
Pohjalimat,4
Positiivisessakin,4
Ccacoalition,4
Ennaltamäärätyt,4
Kartellitoimintaa,4
Lyhytjalkainen,4
Valvomille,4
Paloittelumurhat,4
Syntyvyyteenkin,4
Kuoppaamisen,4
Oida,4
Kipasee,4
Emergenttinä,4
Bändipaitaan,4
Kämmään,4
Osaavammilta,4
Muovikorkkien,4
Hakuiselta,4
Naureskelisivat,4
Kihisten,4
Jankkaamisena,4
Näivettynyttä,4
Ihmettilisi,4
Ertyisen,4
Liiskattuna,4
Oikeudenkäyntikuluriski,4
Luullee,4
Sopimuspohja,4
Möläyttelijät,4
Pillastumista,4
Tasohyppelypelin,4
Yalla,4
Talokaupoista,4
Kosteusmittauksissa,4
Riskirakenteiden,4
Näyttäytymällä,4
Lennäkään,4
Saapujista,4
Nipistelyä,4
Ajatteliat,4
Economie,4
Hallitunkkia,4
Ristikkoavainta,4
Rengassarjaa,4
Cthulu,4
Ehdotuksessahan,4
Toimenpideohjelmaan,4
Luuril,4
Tuijoteltu,4
Väitettäis,4
Kontekstuaaliset,4
Kyseenalaistajille,4
Arvostamieni,4
Vihaamalleen,4
Paskavaltiosta,4
Tentatessa,4
Korjatko,4
Mitäm,4
Tavaroidesi,4
Uusavuttomana,4
Huoneiksi,4
Sieluttomuutta,4
Huumausainelainsäädännöstä,4
Varrellisia,4
Tuomitsemaksi,4
Halveksivana,4
Suggestiota,4
Puoliteta,4
Deckille,4
Sarviaan,4
Projektejakin,4
Kokkaamasta,4
Outhouse,4
Tavallisempiin,4
Luolaihmisten,4
Hallitsevilla,4
Allergeeneihin,4
Rickyn,4
Salaisuuksistaan,4
Scrollaamisen,4
Petona,4
Voimillani,4
Komennettavaksi,4
Alavat,4
Suomalaisturistien,4
Helteisiä,4
Lautamiehillä,4
Bugg,4
Guzzling,4
Velkaantumisasteita,4
Kotoutuneista,4
Huviaan,4
Käyttelytilillä,4
Rahanarvoiseen,4
Tanssineena,4
Tanssitunnilla,4
Kuljetusliikkeessä,4
Alkoholipsykooseja,4
Kalastanu,4
Käyttötasolle,4
Fidgetspinnerit,4
Lisäymmärrystä,4
Kupattava,4
Relentlessly,4
Tottelevaiset,4
Laukullaan,4
Freskan,4
Jännitteettömäksi,4
Minimipistemäärä,4
Hiilidioksidipäästöä,4
Päähenkilökin,4
Ujomman,4
Halipuu,4
Lääkäripariskunnalle,4
Ilmianneta,4
Dekriminalisoineissa,4
Ilmiötkin,4
Tanssiparini,4
Maksutilille,4
Leaded,4
Kukinnolle,4
Argumentoijalta,4
Rosenholmin,4
Puolustustaktiikkaa,4
Muslimivihaaja,4
Tapahtuivatpa,4
Persekuvista,4
Käänteeltä,4
Mahdolisuudet,4
Arpajaislainsäädännön,4
Erheellisiä,4
Hyppelemässä,4
Pakkomieli,4
Poislaskettua,4
Transhomman,4
Sopeutustoimilla,4
Kuroutua,4
Kannattajistakaan,4
Sementointi,4
Otosharhaa,4
Jargoniaan,4
Puskurialuetta,4
Vääntelemättä,4
Alkupanos,4
Vaihtelevalle,4
Vihapuhujiksi,4
Tuulitakkiin,4
Murretuista,4
Sokuria,4
Verosuunnitelulla,4
Kriittistäkin,4
Lotrasi,4
Maksusitoumuksesta,4
Sosiaalipaivystys,4
Yhteiskuntakriittisiä,4
Kreetta,4
Esiintyisikin,4
Öljyparonien,4
Tienvarsiin,4
Varotusmerkki,4
Todisteit,4
Rahoist,4
Elokuvissakaan,4
Ammattipsykologin,4
Persoonallisuuspiirre,4
Pörröiseen,4
Kaivelussa,4
Roolihahmoon,4
Lähikiskalla,4
Karpokaan,4
Vuorotöillä,4
Osoitteestakin,4
Pysäyttelyä,4
Kalastamasta,4
Kirkkaine,4
Varjoineen,4
Paikannan,4
Napautan,4
Koronaeristystä,4
Eristäytyivät,4
Sairaalaosastoilla,4
Kylmäsäilytyksestä,4
Kuib,4
Patoineen,4
Im4420001234,4
Im4420001223,4
Im4420001008,4
Asiakaslaskutuksesta,4
Hiukseton,4
Sulkemisilla,4
Ammatinharjoittajalla,4
Ydinkannattajia,4
Elämänmyönteinen,4
Varoittelevia,4
Erityisruokavaliona,4
Rapeampia,4
Taittuneena,4
Poliisitutkintoja,4
Piirijärjestöä,4
Kivijalaksi,4
Turrutin,4
Myyntikuvat,4
Selvitytymiseen,4
Incestuous,4
Bauman,4
Pohjakerroksesta,4
Lässähtivät,4
Mielenterveyspalvelua,4
Kosteuttaminen,4
Jenkkivankilassa,4
Vakkarityöntekijä,4
Peseytyisi,4
Huljauttaa,4
Eristyssellit,4
Kansikuvista,4
Huudettavana,4
_käytännössä_,4
Yksityiskohdissaan,4
Kumpaistakaan,4
Hoppuile,4
Kuolemaantuomioita,4
Arabiemiraatteja,4
Ravintolasalissa,4
Lxlpqy9asto,4
Hississa,4
Ihmispaskaan,4
Huutokisaan,4
Artisteillakin,4
Lahjatoiveita,4
Lilluvan,4
_here,4
Hallitustoiminnasta,4
Kirjoittaneisiin,4
29kk,4
Viitetietoja,4
Niskala,4
Luottamushenkilöön,4
Kirjastolaitokseen,4
Oltavana,4
Kusinurkka,4
Suosittuus,4
Vedenpintaan,4
Mainostajiakin,4
Helpponakki,4
Alkutaipaleelle,4
Lähialepan,4
Tituleeraavien,4
Tiedänki,4
Godsend,4
Nippi,4
Murhaajiakaan,4
Propagandapätkä,4
Intorelanssi,4
Likavesi,4
Vaimoainesta,4
Työhaalareissa,4
5krs,4
Äänestyskierroksella,4
Pyydys,4
Ohjelmistoprojektia,4
Järjestelmähankintoja,4
Syventyi,4
Hernán,4
Mittausmenetelmät,4
Vanhenpana,4
Twiittailijan,4
Tuhoisempaa,4
Breikkejä,4
Tauoiksi,4
Ympäristöseikat,4
Kuntayhtymiltä,4
Yhtymällä,4
Koekappale,4
Ilmoittanee,4
4bc5,4
Värjäämiä,4
Sijaispula,4
Maatalousyrittäjälle,4
Kurmuutettiin,4
Lakimiestään,4
Purnukassa,4
Nopeuttamisessa,4
Kommentoiduin,4
Suositellessaan,4
Mäntysuovan,4
Luikauksen,4
Haalata,4
Litramääriä,4
Rehevöitä,4
Kasvillisuudessa,4
Aluejohtajana,4
Hilseilyn,4
Duunariäijä,4
Alkupalkkaan,4
Tymäköitä,4
Kuontalolle,4
Kosteusvoiteet,4
Erimielisiltä,4
Hamuat,4
Resultant,4
Kiirellisyyden,4
Feminiinisissä,4
Erinnäisissä,4
Koronarokotteille,4
Suorittamisvelvollisuus,4
Reagointikeinon,4
Huomautusmahdollisuus,4
Muutoksenhakumahdollisuus,4
Omistajakunta,4
Keinuttamaan,4
Tuomiisi,4
Mietityttävistä,4
Työajanseurantaan,4
Päästöllisesti,4
Kasvihuoneviljelyyn,4
Syöttäisivät,4
Karenssiksi,4
Rakastavin,4
Moikatessa,4
Numeroidenkin,4
Kilahteli,4
Paaleina,4
Roistona,4
Opuksensa,4
Haggard,4
Eroittelu,4
Yövuorossakin,4
Ihmisyhteiskunta,4
Totaah,4
Tietävämmän,4
Polaarisuuden,4
Riitauttamatta,4
Elimistöömme,4
Koostaisi,4
_1939,4
Parodisoidaan,4
Karhuaminen,4
Tuntilaskulla,4
Hitsauspalvelu,4
Kirkoissaan,4
Eheyttämällä,4
Jälkeenjääneisyyden,4
Kesäpaikkaa,4
Liipasimia,4
Jahkaileva,4
Uskojaan,4
Yksiavioisen,4
Hälytysäänet,4
Mielipiteenmuutos,4
Aavikkouskonnolla,4
Kehareilla,4
Kertakulut,4
Puhisemassa,4
Prikaatilta,4
Perpektiivi,4
Lämmätä,4
Kohteliaisuussoitto,4
Kausityöt,4
Onnistuisinkin,4
Hylkäyksellä,4
Taidemuodot,4
Medianlukutaidolla,4
Postisopimuksista,4
Aidompana,4
46c0,4
Testejäkään,4
Saastutuksella,4
Yhdynnälle,4
Pakosarjaan,4
Keltasininen,4
Normitoiminta,4
Hiihtämäänkin,4
Lisäongelmat,4
Osatotuuksilla,4
Sulupuolta,4
Salesforcen,4
Kodinvaihtajia,4
Ironisemmin,4
Tasapainotellut,4
Rättikaupat,4
Suutelija,4
Roikotellaan,4
Tulehduta,4
Käyttöänsä,4
Korviansa,4
Constituting,4
Vakiotyyppi,4
Takavarikoimat,4
Grossin,4
Handsfreenä,4
Perheyhteisössä,4
Listaykköset,4
Murtohälytin,4
Ammustarvikkeiden,4
Naksui,4
Luonnonläheisyyttä,4
155m,4
Räjähdyksenä,4
Fundamentalismiksi,4
Misinformatiota,4
Luvitettiin,4
Halvaannu,4
Päästäsin,4
Finaalisarjan,4
Korvanapilla,4
Huoltotyöstä,4
Sokeuttaminen,4
Moniurahihna,4
Purree,4
Kaltoinkohtelet,4
Pahottaisin,4
Juurtajaksaen,4
Xiaopingia,4
Viestisovelluksista,4
Juttusilta,4
Aleuita,4
Hakurumbaan,4
Voimaurheilussa,4
Epätoivosessa,4
Harjoituskaudella,4
Olettanukkaan,4
Pöhisemällä,4
Kokonaispäästönsä,4
Criminal_justice_system_of_japan,4
Pikaviestejä,4
Narsistitkin,4
Kosteuttakin,4
Plugien,4
Datakäyttöön,4
Softapäivityksillä,4
Vahvuuksistasi,4
Kolmekymmpisenä,4
Suihkunraikkaana,4
Vuokrakasarmeissa,4
Mitoitetulla,4
Lämpöaaltoja,4
Demaripiireissä,4
Pesenkin,4
Taitotasosi,4
Aktiivisenkin,4
Pöyristyt,4
Erokirjan,4
Edistäneeksi,4
Haittakäyttäytymistä,4
Aristotelesta,4
Firmakohtaisia,4
Ennakoitavampia,4
Heimopäälliköille,4
Kyrpääni,4
Korimallit,4
Ikäsarjat,4
Lievesti,4
Nettiuutisointia,4
Leimannu,4
Urheilukysymys,4
Varoitusaikoja,4
Verkkorikosten,4
Epäselvyyksissä,4
Bändinimi,4
Packien,4
Peruspaivaraha,4
Soihdunkantajaa,4
Möykkäsivät,4
Pimputin,4
Läpsäisen,4
Keskipitkälläkään,4
Ankaroittamisperuste,4
Ojentua,4
Radiomastoja,4
Sikeät,4
Lahjakkuutena,4
Urheilualalla,4
Kärkisijojen,4
Tariffiin,4
Backendia,4
Hartioitani,4
Yhteydenotoille,4
Testausmäärän,4
Kolmevuotiaaseen,4
Tehtaassaan,4
Palkkionkin,4
Julkkarina,4
Istuinpaikkojen,4
Tukkukauppana,4
Rakastaisikin,4
Konsolinetin,4
Dekillä,4
Paralympialaisissa,4
Skeittejä,4
Harppausten,4
Munger,4
99v,4
Kilpailukielloista,4
Yksiselittäisesti,4
Nuoleskelulle,4
Merkityssisällön,4
Mielenkiinnonkohteena,4
Haluamatonta,4
Bidenissa,4
Sinertäväksi,4
Väliovessa,4
Klaarata,4
Lisäklikkejä,4
Motivaatiostani,4
Vyöhykerajoja,4
Alueitamme,4
Uutuuspelit,4
Tytäryhtiöitään,4
Suojelevalle,4
Rytkyy,4
Pääministeripaikalla,4
Mobiilipeleille,4
Velkaisesta,4
Lirkuttelevat,4
Miljardejaan,4
Motarivauhdissa,4
Lomailemalla,4
Orjuutetun,4
Tapeltavaa,4
Lapsituki,4
Teollisuustason,4
Puolittuuko,4
Havainnointini,4
Törmäiltyä,4
Normiautoja,4
Metapolitiikkaa,4
_toiminta,4
Kikkelinheiluttelu,4
Herpaantumisesta,4
Ojanpohjia,4
Punchlineen,4
Vibainen,4
Hömppäpuolue,4
Notkistuu,4
Juustopurilaista,4
Köyhillekään,4
894fb3b5,4
94d2,4
F8af19cd2328,4
Puhekulttuuria,4
Routinut,4
Töhöltä,4
Kalliimat,4
Turvaamiseks,4
Tykättävä,4
Artikkeleineen,4
Polvenkorkuisia,4
Nettimaailma,4
Ääniyliherkkyydestä,4
Pahaisen,4
Projektitutkijoita,4
Tohtoritasoa,4
Neulasten,4
Räystäitä,4
Polkupyörälähetin,4
Peruskuviot,4
Paskattanut,4
Lonkeroille,4
Puoluepropagandaa,4
Puhistua,4
Allergiaoire,4
Humanistisien,4
Hengailijoita,4
Kuormatila,4
Tyyppihyväksyntään,4
Katsastamalla,4
_paitsi_,4
Juhliminenkin,4
Discoissa,4
Perustuslakitasolla,4
A1ekkoslovakian_miehitys_1968,4
Doggoja,4
Passivoivampaa,4
Unohtunutkin,4
Reguloiminen,4
Asiakasryhmistä,4
Kakkavaipat,4
Näköistö,4
Rakastelemassa,4
Nektariinin,4
Opuslex,4
Auktoriteettiongelmaisena,4
Retkeilyvälineet,4
Menstruoi,4
Heiteltävänä,4
Puuhilta,4
Leikkauskiimassa,4
Turvavälille,4
Templaattia,4
Erikoiseriä,4
Nauratta,4
Ohittajista,4
Kiittämättömistä,4
Porvalin,4
Mopoautoillaan,4
Kehräs,4
Saavuttettaisiin,4
Hyllyillään,4
Talkata,4
Kovapalkkaisista,4
Selkänojiin,4
Animaatiosarjoja,4
Algojen,4
Taiteenmuodot,4
Kurantimpaa,4
Etujärjestössä,4
Puoluesihteerejä,4
Avohoitosuhde,4
Hupien,4
Epätarkimman,4
Kattopeltiseppä,4
Urheiluvälineisiin,4
Punatulkkuja,4
Syöttävänsä,4
Rottaillut,4
Ennätyslämmin,4
Noudatettavasta,4
Asentajina,4
Heikkouttasi,4
Stressaillut,4
Hintakikkailusta,4
Enimmäisraja,4
Maataloustyön,4
Hurtalle,4
Katsellä,4
Karseelle,4
Vuorovaikuta,4
Tabuaihe,4
Rakennusmaaksi,4
Harjottelupaikkaan,4
Ennakkoasenteeseen,4
Perintöriitojen,4
Kilistelevät,4
Näppäimistöltäni,4
Harit,4
Vatsamakkara,4
Sentiäkään,4
Toimeentulolaskurin,4
Kädenjäljellä,4
Tekemänään,4
Ableismiksi,4
Inhibitioiden,4
Megayritykselle,4
Terveydenhuoltomaksu,4
Baarityöntekijää,4
Ylihintasen,4
Journalistitkaan,4
Kentällään,4
Suunittella,4
Palkkaaminenkin,4
Virutetaan,4
Palkanmaksukin,4
Pyyhkiessään,4
Aintaa,4
Urbaanius,4
Naitettavaksi,4
Pykälille,4
X12,4
Hevoskuskit,4
Myyntivolyymiin,4
Pilkkoutumista,4
Asenneilmastosta,4
Ylijäämäpalautukset,4
Herrakerhoista,4
Cäncelöintiä,4
Omistautumiselle,4
Suostumuksellisuus,4
Osallistumiselta,4
Kerääville,4
Epäuskottaviin,4
Romanssien,4
448c,4
Mahalleni,4
Toteuttaviin,4
Keloille,4
Karsinana,4
Taidettaisi,4
Pienemmälläki,4
Symppaankin,4
Kivikkoisessa,4
Kuulemaankaan,4
Ajoitukseltaan,4
Sataakahdeksaakymppiä,4
Puhekykyä,4
Fisheriä,4
Metkunsa,4
Maapalasta,4
Mahdatkaan,4
Alapääsuihkua,4
Kauhistuneina,4
Kalliimpaankin,4
Lievemmissäkin,4
Ampeeriin,4
Sahkoautoilu,4
Arvostanee,4
Hälinät,4
Risukasoja,4
Härnätty,4
Omatekemässä,4
Viinitonkan,4
Talousohjelmasta,4
Psyykistä,4
Vaihteluahan,4
Muinaisesineitä,4
Kolonisaatiossa,4
Puhujamäärältään,4
Spektrumissa,4
Pikkulapsiajan,4
Joogatunnille,4
Jaksellut,4
Puolijärkevästi,4
Toiminta_ja_talous,4
Luottotiedottomuutta,4
Rekkakuorma,4
Lapsiasioista,4
Pesäkolonsa,4
Opiskeluvuodelta,4
Yhdistymiselle,4
Vanhemmuuten,4
Asuvistakaan,4
Tupakkamainontaa,4
Saintsugary,4
Sotineille,4
Hiilivarannot,4
Piristymistä,4
Oikeistologiikkaa,4
Boikottisi,4
Verkkoliiketoiminnasta,4
Yritettäisikään,4
Nollaukseen,4
31g,4
Räätäliltä,4
Raskaustestien,4
Böömiin,4
Ylidiagnosointi,4
Oirekuvauksen,4
Mainitsemin,4
Ilmatorjuntakyky,4
Kyläläisillä,4
Aivokuvantaminen,4
Kohteellakaan,4
Öljyjalostamot,4
4e1d,4
Tulkinnoin,4
Ahdetuksi,4
Keräilyharrastuksen,4
Toiminukaan,4
Haareminsa,4
Hoi50104,4
Avaruusasemilla,4
Lasulle,4
Ehkaisya,4
Tunkija,4
Rahoitusvakauden,4
Päihtyny,4
Talvisäilöstä,4
Ihokontakti,4
30sekuntia,4
Mieluisemmaksi,4
Vertailuluvukseen,4
Logiikkaportteja,4
Osaamispisteen,4
Perehtyessä,4
Ohjelmaankin,4
Kertausmateriaalia,4
Hupattaa,4
Piipulta,4
Kumuloitumista,4
Hintarakennetta,4
Harhalla,4
Ikkunapaikalta,4
Sähköpyöräni,4
Silvicultural,4
Biotopes,4
Avosoita,4
Vedottua,4
Nikotuttaa,4
Mielenterveysdiagnoosien,4
Nuorisojohtaja,4
Yksipaikkaista,4
Nohni,4
Löytämäänkään,4
Rasistine,4
Kylvöön,4
Pärstöjä,4
Erupts,4
Tulevaakin,4
Maalikkojen,4
Työttömyysriskin,4
Joukkovoimallaan,4
Teleporttaamaan,4
Epänäkemään,4
Antaisinkaan,4
Korvensi,4
Kiinnostakkaa,4
Poistuja,4
Vasemmistoblokille,4
Vaalivoittajaa,4
Ilmaisemme,4
Terapiaistuntojen,4
Periaatteenkin,4
Hoputtamista,4
Häpeämättömiä,4
Nettiterapiasta,4
Rahamäärinä,4
Tsekkailua,4
Korkeusasteella,4
Riveistäkin,4
Silitettiin,4
Sujuvammalta,4
Joukkueurheilulajeja,4
Sosialistejä,4
Postinjakajalla,4
Rajavetoa,4
Kortteeria,4
Leikkimökistä,4
Pakaralihakset,4
Kilpailuttaen,4
Vappusimat,4
Suolasella,4
Muuttumattomasti,4
Sairasteluja,4
Kaltereihin,4
Nalkuttajia,4
Alkuminuuteilla,4
Kronorin,4
Digivaluuttaa,4
Ajatuksenkulussa,4
Alentaan,4
Rosessori,4
Suoraveloituksia,4
Lämpökautta,4
Optimoiduilla,4
Hukuttivat,4
Rannikkokaupunkeihin,4
Piknikiltä,4
Ilmastohippi,4
Passivoidutaan,4
Paperiahan,4
Vanhem,4
Seksiakteihin,4
Lämpimähkö,4
Tuputtamisessa,4
Heteroseksuaalisesti,4
Puheääniä,4
Harvinaistuminen,4
Ruumiinavaukset,4
Parantamis,4
Elinsiirroista,4
Ehtoopuolta,4
Mekastamista,4
Sisäelintä,4
Arvopohjaiseen,4
Sahkopostivuodon,4
Ihmislähtöiset,4
Hallinnassamme,4
Oravannahalla,4
Onnellisimmasta,4
Kymppiluokkaa,4
Maksuvaihtoehdon,4
Paimentolaistarinoita,4
14_kat_001_fi,4
Avustusohjelmat,4
Romuläjiä,4
Jankkaukset,4
Yhtämonta,4
Puskurille,4
Vauvakirjan,4
Kärvistelleet,4
Liikuntakasvatus,4
Käsitteellistämään,4
Fe07a044,4
A82712856705,4
Canterburyn,4
Hyödyttömyyksiin,4
Kaksnaamasta,4
Terapiakoulutus,4
Motkottanut,4
Lapsilukuihin,4
Lestaperheissä,4
Pyöräparkkeihin,4
Pöytyä,4
Whitefish,4
Lintsannu,4
Landelaisia,4
Nyrjäytät,4
Enkelihoidoista,4
Jatkavalta,4
Jännärit,4
Etiology,4
Sävykin,4
Ylivaltiollinen,4
Alkeishiukkasista,4
Peruskoulutaustaisia,4
Sähköistymisessä,4
Kaatamaa,4
Jenkkivetoinen,4
Rakkaudellaan,4
Paavonkin,4
Evacuations,4
Vakuutustuotteita,4
Aatteseen,4
Näkyvimmällä,4
Konttorihommat,4
Humattavasti,4
Maljar,4
Karkotamme,4
Kantavenäläisiä,4
Saamalle,4
Tägiin,4
Sulosäveliä,4
Pensasaitaan,4
Raidasi,4
Homoromanttiset,4
Purukumiin,4
Pahoinvoivassa,4
Korruptoitumattomia,4
Hakkaajasta,4
Lällättelet,4
Monopolisoitumaan,4
Makusista,4
Kotikaljalta,4
Kummastelun,4
Ilmotuksii,4
Ryntäily,4
Lahjotukset,4
Trukeilla,4
Kannatushuutoja,4
Lähetyskoodin,4
Kansanedustajapaikan,4
Sanaoksennusta,4
Kehittämistyössä,4
Aktiivisemiin,4
Pleikkarinsa,4
Enemmistöhallitukset,4
Ellips,4
Karanteenitoimenpiteiden,4
Hiukkasissa,4
Intensivvård,4
Fp2ezbbuma0,4
Impilikoi,4
Harjoitusvarusteiden,4
Desiannostimien,4
Diymask,4
Pelirasite,4
Testausmäärissä,4
Bsl3,4
Ylikuormittumisriski,4
Iulpx1zkkmc,4
7a6,4
Em6ecwj5a1sqv,4
Wtiqvpdeg9vwlfwnpdjyg8weujsrvidjgwapnr5,4
Hqsg52xzva4pvcm,4
5ycu5ir8b6ysvoaektgso,4
Kukistaneen,4
Rajaustoimet,4
Pandemiavalmiuteen,4
Koronavirussubi,4
Ilirin,4
Frl7tu,4
Meta_koronamegaketju_pit,4
A4_poistaa,4
Cute_animations,4
87da,4
Fl3idq,4
Koronavirus_megaketju_19_maaliskuuta_muut_ketjut,4
Sinivuokosta,4
Väärinpuhumisesta,4
Influensarapport_2017,4
2018_sasongssammanfattning_final_v3,4
Änkyrämaahanmuuttokriitikko,4
Erityisvastuualueittain,4
Tcdtfhbxovulpm,4
Infectiousness,4
Fv27vk,4
Koronavirus_megaketju_5_huhtikuuta_muut_ketjut,4
Hybridistrategiaan,4
20conversation,4
Altruismissaan,4
Turistilentokone,4
Yhteyslentoja,4
Natso,4
Bpqfccsi0pu,4
Verenluovuttajilla,4
Testikattavuus,4
S0140673620305663,4
Yksiloita,4
Wp2389,4
810e7e91d5,4
Gelbaum,4
Ulosottovelkaiselta,4
Yhteishankintasopimuksen,4
Jylhälle,4
M_tippa,4
Owklle,4
20robotics,4
20sept,4
Suusuojainta,4
B6palokuolemat,4
Varderar,4
Darkfrogs,4
Uudelleenpystyttämisellä,4
Apbtä,4
Runthal,4
Raiteiltani,4
Butterflyers,4
Oksennusrefleksejä,4
Eurorackillä,4
ال,4
ث,4
Cheesukseen,4
Juustouskon,4
Merkityksellisimmiksi,4
Decepticoni,4
1680x1680,4
Pully,4
Ainetutkimuksista,4
Qt7v8176q8,4
196ace573609,4
Jeannen,4
Suodatustehokkuus,4
9b07331,4
Overshootin,4
Kehityshankkeensa,4
Maakuntaidentiteetteihin,4
Kulttuurialueensa,4
Hölläämisestä,4
Pmc4771005,4
Lnq,4
S11150,4
96c6054f,4
09b0,4
Aa22,4
269a82e923d8,4
Myonnettyrahoituskorona,4
Jaostoille,4
Hidastamispolitiikka,4
G6wn5q,4
Quibi,4
20nsw,4
20schools,4
Wfoe,4
Kolář,4
Dlk01043,4
2020_04_28,4
Päihdeperheiden,4
Hallintastrategia,4
J1k8rmjscp4,4
Koronapotilasmäärät,4
Tartuntakuolleisuuden,4
Tillvaxtverket,4
Korttidsarbete,4
Seurausvaikutuksilla,4
Jälkikiristys,4
Moralities,4
Tutkimusryhmäämme,4
Moimtutkimus,4
_cact5aek7bwbx49,4
Sv_cact5aek7bwbx49,4
Siistist,4
Toteamattomana,4
Shulepov,4
Politicalcompassin,4
Pystypöydän,4
Jälleenrakennustyöryhmän,4
Tarttuvuusluvusta,4
Gdl3gg,4
Falleti,4
Austriassa,4
Äldreboenden,4
Väestöimmuniteettia,4
Suojainasiakirja,4
Sanluisobispo,4
Article242527331,4
Giesecken,4
Kestovaippojen,4
Asuntolainayhtiöt,4
Tyyppisin,4
Searchweb201603_,4
Korkeakouluttaudu,4
I9ne8ah,4
Obamagatessa,4
Lnv0d0k,4
Gk43g3,4
Kaunis_kev,4
A4t_maisema_r,4
A4_sataa_ja_kaikkia,4
Forensicator,4
Yokokeisiin,4
Calculatorissa,4
Esthndvftyldjkdgh,4
Tilannekatsausinfossa,4
Unitedstates,4
Priestap,4
Dyingage,4
20067074v3,4
Weirdous,4
Yritystukityöryhmän,4
Gsod,4
Suosikkitaistelu,4
Invalidating,4
Repudiation,4
Silmäsuojia,4
Keskeytysvakuutuksesta,4
Massatestauksen,4
Rahanpainamista,4
Lomautan,4
D41587,4
Yritysvakuutukset,4
Isokoski,4
Epidemiavakuutuksesta,4
Tehohoitokielto,4
4b2d,4
Visiireitä,4
Sulkupäätöstä,4
Tartuntatautipäivärahaan,4
Teräspinnalla,4
Kuolintapauksista,4
Sushirajan,4
Virustilannetta,4
Virheraja,4
Samulilla,4
Tartuntaprosentti,4
Sidekickiksi,4
Tartuttavuusluvun,4
Höyryjyrän,4
258525804_testing_the_efficacy_of_homemade_masks_would_they_protect_in_an_influenza_pandemic,4
Vaaratekijöistä,4
Votemäärä,4
Mansikkatiloja,4
Tietoaineistoihin,4
½tl,4
Infektoivat,4
Sairastuis,4
Gak7ax5hksu,4
Kansliapäälliköistä,4
Internäshönääl,4
Plantain,4
Testimäärällä,4
Tyoterveyslaakari,4
Pluraliteetti,4
626f,4
Pääsiäislomille,4
Icd10_1_2_,4
Sex_1_2_0_0,4
Vientitaloudella,4
Teknologiabuumin,4
Hihavakioita,4
2oqz471sa19h3vbwa53m33yj,4
Vaihdokselle,4
Riskiryhmäläiseltä,4
2020_coronavirus_pandemic_in_finland,4
Appropioida,4
Pätevähkö,4
Hiivaleipäjauhoja,4
Deepstaten,4
Flexailee,4
Qvintus,4
Ilahtuvan,4
Koronahuipun,4
Jäljittämiselle,4
Hashcat,4
Ruisleivasta,4
Kotimaskeja,4
Julk201209,4
Nenäsuojuksia,4
Rally_,4
27round_the_flag_effect,4
Hengityssuojaimilla,4
A4_tapahtui_antti_rinne_ja_ty,4
B6llisyys_memelle,4
Maskitilauksesta,4
Masaa1991,4
Mregmies,4
Vanhuspalvelun,4
Pohjaantuva,4
Vanhainkotikuolemat,4
Epidermiksessä,4
Karanteenirahaa,4
Seroprevalenssi,4
Tervapastilleja,4
2020_coronavirus_pandemic_in_south_korea,4
4bdb,4
Rotumääritelmässä,4
Awftzawoc9k,4
Leikkausalueelle,4
Uudelleenkoulutuskeskuksiin,4
Infektiivinen,4
Säheltäjien,4
Ornamentteihin,4
Leipäjuustoissa,4
Privilegi,4
Nollakorkopolitiikka,4
Filsusta,4
Ʊ,4
Epäautenttisuuden,4
ʙ,4
Keuhkovauriota,4
Dewine,4
Ajotakkia,4
Koijareilta,4
Kaupattujen,4
Maskitehtaan,4
Nuolasin,4
Huonoaiti,4
Vnexpress,4
Intensivvard,4
Jälkikirjauksia,4
Sadeviittoja,4
Homoperhe,4
Leimahtamista,4
Voittomaina,4
Tautihuipusta,4
Levittäessäsi,4
Viruksina,4
Ainetutkimuksessa,4
Ultraviolettia,4
88633fab,4
4f25,4
A33d,4
52f52eb69b5d,4
Vong,4
Whitty,4
Heikkipatomki,4
Laumasuojastrategiaan,4
Uimarenkaan,4
Opetuslain,4
Ohjeellisena,4
Maastalähtö,4
Fimlabille,4
Julkilausuttuihin,4
Vaihtoilman,4
Tapausmäärään,4
Roamingissa,4
20cbe6af,4
9f0e,4
15cf5e9a7908,4
Idänpään,4
Palveluviennissä,4
Tba,4
43bb8f98,4
E023,4
F5d1849c3f38,4
Meikääkin,4
Pääsykoejärjestelmään,4
Tyyssijasta,4
Hortonomeille,4
Ainepositiivisten,4
Korjausoikeutta,4
Talvimaiseman,4
Sellunielun,4
Frolf,4
Mallinnusryhmän,4
Tiedustelukomitea,4
Flynnistä,4
Syöpäyhteys,4
Pitsajauhoja,4
Italianherkut,4
Gkfapt,4
Duumahtava_mamelukkikala,4
Klikkiotsikkotyylisesti,4
Poistotoimet,4
80000hours,4
Satelliitille,4
Munifin,4
Vectored,4
Sluibaamalla,4
Aaltomuoto,4
Elvytysten,4
Jpmorganchase,4
Lomauttamassa,4
Rikkalapiota,4
Matkustusrajoituksilla,4
Alteillaan,4
Havaitsemattomat,4
Lähelläkkään,4
Ylikuormittumiselta,4
Gasping,4
Tappiollisille,4
Elammeko,4
Vammasii,4
Biologicaldiversity,4
Perseenreikinä,4
Hihaani,4
Leviämistavoista,4
Locatelli,4
Kenttäsairaaloihin,4
Liikkumattomassa,4
Tautialueilta,4
Morsetusta,4
Kertakäyttösuojia,4
Bael59isujy,4
Ratsuksi,4
Fh91v2,4
Biojate,4
Pisaratartunnalta,4
Ylpeimpiä,4
59b5,4
B6tet,4
Lavastamisen,4
Syntejäsi,4
Farssikomediaa,4
Levinnäisyys,4
Neoscope,4
Datanurkka,4
Varakuvernööri,4
Ääriryhmänä,4
Hydroksiklorokiiniä,4
Ikkunallisia,4
Pieruakin,4
Poikkeustilaksi,4
Molekyylistä,4
59f6,4
Poikkeuslakiin,4
2fv,4
Askartelulle,4
Niskoitteluna,4
Antibioottiresistenttejä,4
Koronavouhotuksen,4
J5becrsw,4
Suodatustehoa,4
Vesimiehen,4
Kuihtuneiden,4
Viemärikaivon,4
Epämukaville,4
Vaikutavat,4
Luontokuvaajat,4
Lääppien,4
Infektoituu,4
Apupyyntöjä,4
Dashboardissa,4
43ae,4
B5b0,4
Rra,4
Alokkaiksi,4
Rahoituskanava,4
Andamento,4
Alafoorumi,4
Kk_308,4
Moskowitz,4
A4nestyslanka,4
Uhkaillessaan,4
Huoltosuhdeongelmiin,4
Muhivasta,4
4b0d,4
Mittauspisteillä,4
Tgctours,4
Sairaanhoitoalueet,4
Pylväsdiagrammiin,4
Lehdiston,4
Saito,4
Jälkiviisastelusta,4
Hengitystieinfektiosta,4
Koodailleet,4
Myyntirajoituksista,4
Skenarioista,4
Terveystoimialan,4
Sovelluksineen,4
Treenailin,4
Muuntautuminen,4
Ruotsinsomalit,4
Hapanjuurella,4
Lähteidenkäyttöä,4
Värikynästä,4
Taklattavaksi,4
Sairaalareissusta,4
Maskitkaan,4
Koronakeissin,4
Jauhopakettia,4
Kansanperinteemme,4
Valtapeliksi,4
Tappavuuteen,4
Puheluina,4
Dlk00570,4
Plkvbisawn2lt0bofwc,4
