Kuuntelematonta,2
Hautoisi,2
Scum_manifesto,2
Porssiyhtioihin,2
A1426750518326,2
Havunoksa,2
Rietastella,2
Tsgc0k594js,2
3m32s,2
Sietävien,2
Varhaiskantasuomesta,2
Väkivaltajengi,2
Isinööri,2
Sijamuodolla,2
Paatoiminen,2
Kanuunankuula,2
Coveroinut,2
Graph1,2
Unikohtaus,2
Polkeneena,2
Autoilioita,2
Ehokkaaks,2
Ulkomaalaispoliisi,2
Minkalaisiin,2
Holistisuus,2
Cidraie,2
Sinapinsiementä,2
Keskikulutuksia,2
Esinäytöksessä,2
Taivutustyyppiin,2
Paskaduunareilla,2
Vastuuhenkilöllä,2
Akateemikkoina,2
Ravintomääriä,2
Kuljetuskoneessa,2
Makkarapihviä,2
Naisproffia,2
Kolmostahan,2
Fruitariaani,2
Ravintopitoisuudesta,2
Maitohappokäymisen,2
Juomistavat,2
Heroinisteja,2
Sanakarit,2
Terveystietoina,2
Laajsti,2
Rakentemaan,2
Kylmäasemille,2
Pääväylienkään,2
Finland_motorways,2
Uskonsuuntauksen,2
Asemaketjun,2
Umpitylsään,2
Määräalennuksella,2
Konfliktimineraaleja,2
Suostuvaisempi,2
Päätelmäketju,2
Perheystävällisemmäksi,2
Litiumkarbonaattia,2
Kasviruokavaliosta,2
Opetusnäytteitä,2
Gugkptx,2
Sunmuitten,2
Küla,2
Võron,2
Raippamaksu,2
Yksinasujasta,2
Mielenterveystarkastus,2
Tietoturvasuoja,2
Roskasubeja,2
Sarnased,2
Variaatioiksi,2
Vokaaliharmoniaan,2
Interpreters,2
Rippikouluikään,2
Pienjännite,2
Liittymääkin,2
Kytkevän,2
Rebooteilla,2
Ostosuositus,2
Tantaali,2
Futuureille,2
Naispääosilla,2
Miesroolien,2
Raideriin,2
Paskhaa,2
Yhteneväisyytenä,2
Matkaesitteen,2
Naismalli,2
Matkoistasi,2
Pentagons,2
Propagandakeinot,2
Pienemiä,2
Rahantekemiseen,2
Hoitsukin,2
Aino_nykopp,2
Neonkyltti,2
Yliarvioiko,2
Kananmunaton,2
Inklusiivisin,2
Vwbkycbdvyk,2
Prinsessakakusta,2
Tiramisusta,2
Agenttileffassa,2
Osarahoittajana,2
Kajautat,2
Hauskaltakin,2
Escapismi,2
Ikkunoissaan,2
Natsisymboleista,2
Ajotarve,2
Kilowattiakaan,2
Makaroonirahoja,2
Terapiasessioon,2
Kotivalmistukseen,2
Eure,2
Stank,2
Haaleampia,2
Tuomitto,2
Sotalipusta,2
Symbooleilla,2
Voittajavaltioista,2
Kannabislaista,2
Hirmuhallituksena,2
Uhri_,2
Ismo_junni,2
Sairaalloisuutta,2
Ennakkoluuja,2
Harmittavalla,2
Mafioitua,2
Heilailla,2
Tummanpunaisena,2
Vegaanihipsterit,2
Pikkuhitleriä,2
Lonkerojen,2
Saunakaljaksi,2
Manaamaa,2
Tuhoamiseensa,2
Palkkauskuluista,2
Käyttäjäkokemuksien,2
Laillissa,2
Laillistat,2
Huostaanottopalvelut,2
Työntekovaatimus,2
Jreviews,2
Kannatusmääriä,2
Patoakaan,2
Kaarinalaisen,2
Liikennetuntemusta,2
Nakertaako,2
Hissittömien,2
Rautabisneksessä,2
Oraclelta,2
Somekohuksi,2
Arkkitehtiopiskelijoita,2
Lavastustaiteen,2
Kimpoutui,2
Niitattua,2
Oheistoimijat,2
Tarinavetoisesta,2
Syöpätapaukset,2
Supermutantteja,2
Tolailut,2
Brienne,2
Laitosjohtajan,2
Haphazard,2
Annealing,2
Carcinogenesis,2
Foetal,2
Mitoosiin,2
Ruumiissamme,2
Omenaluureja,2
Röökaamalla,2
Nielestäni,2
Pulpetitkin,2
Sähkötaulut,2
Suojeluohjelmaan,2
Vähehmmän,2
Luuletaan,2
_kaikilla_,2
Objektiiviseltä,2
Opastekylttiä,2
Kotinettien,2
Törkykirjeiden,2
Metronews,2
Muidenkuin,2
Vuokattia,2
Käveleskelemässä,2
Lumioista,2
Nauruhermoani,2
Vähättelyäkin,2
Juggling,2
Mitäänsanomattomilta,2
Phablet,2
Sketseissään,2
Napsijoita,2
Deaktivoivat,2
Purkuakin,2
Kuivahtaisi,2
Kaljakassia,2
Arkkitehtikunnassa,2
Pallasmaa,2
Tilajaon,2
Entisenään,2
Valikoivammin,2
Piraattihommat,2
Pitkäsorminen,2
Mailapelien,2
4hengen,2
Arabitaustan,2
Raisasen,2
Murteellisella,2
Rynnäkköhelikopteriksi,2
Fillarimatkat,2
Dubbaamiselle,2
Teknopoliksen,2
Sävelkulkua,2
Jännimmistä,2
Kuluttujana,2
Soppakauhaa,2
Chänssejä,2
Oksennuksille,2
Wiitä,2
Ostomäärään,2
Hautausalalla,2
Oikeimmat,2
Taustamölynä,2
Puoliturhat,2
Seittemäksi,2
Vainajiaan,2
Tutinassa,2
Raatokärpäsiä,2
Juutuupit,2
Bodaajia,2
Z4w7h48tbs8,2
Impotentit,2
Pakoilemista,2
Tiputtelivat,2
Testomänit,2
Arkiesine,2
Arkunkantajana,2
Älyteevee,2
Käydesä,2
Anoppilasa,2
Oikeuslogiikkaa,2
Terveysvaikutuksetkaan,2
Selviytymispaketti,2
Ydeltä,2
Oikeuskäynnistä,2
Kissakoirat,2
Mielipidekirjoittelu,2
Selostustakaan,2
Omnivoorina,2
Skorettaa,2
Kasvissafkaan,2
Keventääkses,2
Hämäräfirmoille,2
Livetapahtuma,2
Kalervo_palsa,2
Yhteiskunnallisissakin,2
Mainoskanaville,2
Mainoksettomuuteen,2
Intiön,2
Ylppärilahjaksi,2
Ekoloogisuus,2
Aurajuustopastaa,2
Ostaessanne,2
Sisältölinja,2
Mamubusiness,2
Vileniä,2
Kauppakeskuksineen,2
Ihmistiheyden,2
Oikeusasiaan,2
Luunpalanen,2
Sz_y2cndiow,2
Pakkaustakaan,2
Eripariset,2
Peruskorjausiässä,2
Umpikujainen,2
Mobiililaajakaistansa,2
Potilastiedosta,2
Houkuttamiseen,2
Tmjsp,2
Odusogan,2
G8ze8njzxiu,2
Arvonmuodostuksessa,2
Rähinöitiin,2
Pääpoliisiaseman,2
Kotisähkö,2
Jännitetasoja,2
Peeping,2
Mtvnimages,2
Nelinkertaistamista,2
Sähkönjakeluverkkoa,2
Levyjärjestelmät,2
Olemassaolollenne,2
N770,2
Lahtelaisiin,2
Vinkkeleitä,2
Rempomaan,2
Psykologisiakin,2
Balmerin,2
Crouton,2
Kelejäkin,2
Väkijoukoille,2
Linuxs,2
Työpöytäympäristöissä,2
Puhelinluettelostakin,2
Pelikoneiksi,2
Univormufetissi,2
Hupsuttelulta,2
Asteensa,2
Rämpää,2
Loppuartikkelin,2
Pohdiskeluille,2
Sosiaaliveron,2
Tiuhemmalla,2
Rintamamiehistä,2
Syöpälinkki,2
Natuja,2
Väittäö,2
Päivityksilläkin,2
Tarkoitatat,2
Pussikaljoitellessa,2
Hämäräs,2
Hirveelt,2
Kusetukselt,2
Kummaltaki,2
Jäätäisiinkö,2
Operaattoriltani,2
Kertomallani,2
Sanonunut,2
Sukuhautaa,2
Kusettamaankaan,2
Applarin,2
Kaupunkitapahtumat,2
Säästöruuvia,2
Päällekäyvällä,2
Sotienjälkeisten,2
Jalostusasteelle,2
Lukulaisilla,2
Viinanmyyntiin,2
Puukiukaista,2
Turvapaikanhakusysteemi,2
Turvapaikanhaulla,2
Otherness,2
Juhantalokin,2
Kaupunkifestivaali,2
Liukkaampana,2
Kokoomusministeriä,2
Moshataan,2
Jälkieditointi,2
Callrecord,2
Työväenyhdistystä,2
Geeneillesi,2
Pidämmälle,2
Pahoittanutta,2
Keskustareissun,2
Intelkin,2
Meressa,2
Keskeytysprosentin,2
Pontikankeittoon,2
Tislausvälineet,2
Urheilusponsorointia,2
Kätketyssä,2
Talousliberaalein,2
Jonneaikoina,2
Viisikerroksisen,2
Alanaapurin,2
Vetäytys,2
Verkkokaupassamme,2
Parisuhteistakin,2
Metallibaaria,2
Kommarinuoria,2
Mediamaisemassa,2
Kerhoksi,2
Määräysvaltaketjun,2
Andalusian_revolt,2
Kiinteistönhoidosta,2
Heinänuhan,2
Raastimet,2
Heralded,2
Ruokatoimituksissa,2
Salonkeja,2
Geeniset,2
Työjutussa,2
Sivulinjoilta,2
Segmentointiin,2
Tuotesivuilta,2
Liitetiedot,2
Suttuisemman,2
Kohokuvioina,2
Säveltämän,2
Sovituksiaan,2
Sielunmaisemassa,2
Yhteistyöta,2
Valaytti,2
Nuorisojärjestöläisiä,2
Pohjasedimentti,2
Kokonaiskoko,2
Pieneläinklinikalla,2
Pahuutesi,2
Kuolleenkin,2
Selkäpiin,2
Kansallislauluihin,2
Jollotukset,2
Voimanosoitukset,2
Motitettuna,2
Lähdevedet,2
Jatkouralla,2
Vappuriehassa,2
Eliittiklubiin,2
Neoplastic,2
Metanoliakin,2
Veneväylä,2
Lähdevedelle,2
Pulossa,2
Lastenlevyä,2
Deontologian,2
Kirvesmurhaajalla,2
Seurausetiikalla,2
Konsolidaatiosta,2
Vuosibonuksensa,2
Delvotest,2
Aprillipaiva,2
Lentosotakouluun,2
Säteilytystä,2
Helvanu,2
Sijoittajanero,2
Lauluakaan,2
Örinälaululla,2
Hiphopiksi,2
Marginaaligenrejä,2
Kehitysvuosi,2
Metanolipitoisuudet,2
Bookmarklets,2
Herkuistaan,2
Itsemurhakultin,2
Tilastotieteilijästä,2
Juomakulttuuriamme,2
Piirijärjestöllä,2
Sivukujat,2
Kusirännejä,2
Hävettääkään,2
Suomijantteri,2
Suomen_demokratian_pioneerien_liitto,2
Johdattamina,2
Ämmäsuon,2
Energiapuolelle,2
Macleanit,2
N_tarina,2
Tanskalainenkin,2
Painovapauslain,2
Sensuuritoimintaa,2
A4_polte,2
Protestilauluja,2
Kbcsp1rhb2q,2
Paariana,2
Likvidoitaisiin,2
Nokittaako,2
Paperivalinnan,2
Marginaalikorkoa,2
Hävikkikin,2
Opiskelupäivänä,2
Juhlistuksella,2
Tulehen,2
Hylkijöille,2
Tavoiteaikana,2
Eroottisuuden,2
Kellonaikaraja,2
Piilotyöpaikoiksi,2
Tyhjästävalittajia,2
Ansiotulotasoa,2
Tukahdutettuihin,2
Peppupanoa,2
Palvelusväellä,2
Palveluksessakin,2
Iltavuorokin,2
Zaryaa,2
Atintori,2
Vegehylly,2
I386,2
Mobiilichromella,2
Tietokoneversion,2
Pääasialliseti,2
Etatia,2
Dowager,2
Titteliäkään,2
Makuiselta,2
Arkistojuttu,2
Omistajarekisterissä,2
Suosinnasta,2
Televisioruutuun,2
Verosuunnittelulta,2
Isokokoisiksi,2
Pökätä,2
Metatutkimuskin,2
Höllyvää,2
Yritysvihamieliseksi,2
Surfacessa,2
Nyrkkeilyvuosina,2
Potkinen,2
Kbtfv2oppqg,2
Kirjallisuudentutkijat,2
Palkanki,2
Xc8epam4nyy,2
Aminohappoprofiililtaan,2
Ruokayhdistelmä,2
Pingottua,2
Ananastukkaan,2
Täysjyväkauraa,2
Privilegiosi,2
Akronyymia,2
Suojelijalla,2
Miesmäiseen,2
Verokirjasta,2
Veronmaksamisesta,2
Sukurutsatuimmat,2
Patties,2
Baltar,2
Tempputyöllistämistoimenpiteet,2
Metalliverkosta,2
Matkamuistoiksi,2
Tuntilistoille,2
Otomit,2
Runoilijalla,2
A6863381,2
Rosvopäällikköä,2
Hamppurouhetta,2
Puoliväliinkään,2
Suomalaisäijän,2
Slummissakaan,2
Miekkalähetyksestä,2
Loppunna,2
Moraalikäsitettä,2
Schröndingerin,2
Moraalikäsitykseksi,2
Boksisi,2
Ranskiksille,2
Raipaniskun,2
Ryhmäraiskauksen,2
Faithworld,2
Kyräilevälle,2
Sanoillekaan,2
Globalcolorsmall,2
Talvisotahenki,2
Kuolemantuomoita,2
Anatoliaa,2
Verenmakuinen,2
Bacchuksen,2
Asiakaskäyttäytymistä,2
Valehtelemisesi,2
Asiakkailtahan,2
Tuotteestanne,2
Myyntipuheeseen,2
Abbasidien,2
Wanhin,2
Hyväksikäyttäessään,2
Sodanhaluinen,2
Edistysaskelena,2
Lähdetekstien,2
Valloittaneita,2
Battani,2
Transmission_of_the_greek_classics,2
Täyskomppaus,2
Infancy_gospel_of_thomas,2
Monivalintakokeen,2
Kanssakeskustelijalleni,2
Miitingissä,2
Nimipalvelimiltaan,2
Tulevaisuuttas,2
Investointeineen,2
Vartioimiseksi,2
Aineitasi,2
Identifioimiseen,2
Kusimuttereista,2
Historiakäsitystään,2
Laurentin,2
________________________________,2
Softakomponentteja,2
Intterweppiä,2
Aatteenaan,2
Vaikeatakin,2
Kritiikko,2
Työttömyystukijärjestelmä,2
Hankkija_lippis,2
Halpispaitaa,2
Pörssivoittojen,2
Epäreaalisia,2
Sultanate,2
Kiinnostuksenpuutteesta,2
Kuvaakkaan,2
Dhimmeiltä,2
Kääntyneiltä,2
Maamiesseurojen,2
Ahdistelukampanja,2
Assyrialaisen,2
Seinähulluista,2
Hanata,2
Vasemmistokuplat,2
Paalaus,2
Paalauksen,2
Traktorinkin,2
Konehallissa,2
Viimeiseeen,2
Tuottajahinnasta,2
Stydiksi,2
Äijäkerhoon,2
Jatkuneeksi,2
Varotoimenpidettä,2
Ilmoittelussa,2
Kirjoitushäiriö,2
Mamuflairin,2
Sanoinkuvainnollisesti,2
Kannustimineen,2
Lasejani,2
Brändeiksi,2
Markkinointiviesti,2
Megatunnettujen,2
Valinnanvaralla,2
Veistäkin,2
Halkeilivat,2
Villakankaisia,2
Kakskolme,2
Lakilta,2
Itellana,2
Hakkaisikin,2
Opettamis,2
Kauemmalta,2
Huomaannut,2
Juhlamenot,2
Lukiotasoiseen,2
Astevuoden,2
Vitostason,2
Taphousessa,2
Monimiljoona,2
X509,2
Projis,2
Yhtiöistämistä,2
Muhammadiin,2
Resolveri,2
Viakseen,2
Piikittävien,2
Joukkorahoitettua,2
Järkevimmässä,2
Yhtioittaminen,2
Shopeu,2
Loikoilen,2
Nostettuani,2
Nouseppas,2
Revittin,2
Osamaksudiili,2
Kiskurikorkoinen,2
Kommenttihaarassa,2
Kahvinkeittohommiin,2
Edmonds,2
Pakkolunnastetaan,2
Pakettimatkoilla,2
Maanantaiaamuni,2
Bikarbonaattia,2
Kaksoissukunimi,2
Korkeimpiakin,2
Pornosohva,2
Pörisivät,2
Maanantaivitutus,2
Postanneella,2
Artikkelintynkä,2
3r7zuq,2
The_beginners_boot_buying_guide_v20,2
Hintojenkorotusten,2
Akrobaattina,2
Iskunvaimennuksella,2
Turismiarvo,2
Hymypoikapatsas,2
Maanantaiaamut,2
Urheilujuomajauhe,2
Urheilujuomaksi,2
Keskeytyksien,2
Päivänokosilla,2
Mineraalisuolalla,2
Natriumvetykarbonaatti,2
Suolaisemmasta,2
Kalamaraton,2
Merinovillabokserit,2
Käyttämättömyyskään,2
Hawkingiin,2
Tastelemiseen,2
Osakepääomansa,2
Hylättyja,2
Käsittelijäkin,2
Alusasuissa,2
Uravalmennus,2
Loistavakin,2
Aamuvenyttelyt,2
Skroden,2
Yrittelet,2
Takavarikoidulle,2
Jugi,2
Hunttereita,2
Kukkahatuilta,2
Copya,2
Työntarjonta,2
Piioksidi,2
Mineraalisuolan,2
Vaikeutuneen,2
Politikointinsa,2
Pysyväisesti,2
Absolutistisen,2
Lähtöpainon,2
Lähtöpainoksi,2
Edestää,2
Silmäsairaudesta,2
Vanhentuineista,2
Lentäjilleen,2
Kattavemman,2
Uutteruudesta,2
Pitkäikäisellä,2
Cordovan,2
Perilläolo,2
Erzs,2
A9bet_b,2
Jeesuskanava,2
Ahmijan,2
Mamuflairia,2
Worshiped,2
Venjältä,2
Rikollisjoukkoihin,2
Lehmääni,2
Saalistin,2
Metsästyskaverilleni,2
Hiilaripitoisen,2
Nomikai,2
Ryypiskeltyäkin,2
Lentäjiensä,2
Halpalentoyhtiöihin,2
Glyfosaattisuola,2
Levelseistä,2
Ammattiliitostani,2
Aravan,2
Työkokemusvaatimusta,2
Verkkoluennoilla,2
3boy_tlweqa,2
Kivennäisaineille,2
Ropelleja,2
Tuulivoimapuistolle,2
Arvosin,2
Uutteruus,2
Soinillakaan,2
Pienemisellä,2
Selvitysasteiden,2
Pidentyneinä,2
Kirkastamisen,2
25255b6,2
25255d,2
Opiskeljiat,2
Sentyyppisestä,2
Valtiokoneistosta,2
Läpikululta,2
Fillariaktivistit,2
Fillarikommunisteiksi,2
Päätöksentekoprosessille,2
Polkuhinnoittelemalla,2
Merikylpylä,2
Seivästettyä,2
Ennustajiin,2
Tietovisoihin,2
Punttisikana,2
Lihasmassani,2
Kynäniskoilla,2
Vegaaniravintolat,2
Amerin,2
Atomicin,2
Lääkärikäynnitkin,2
Rokotuksiinkaan,2
Uutissyötteestä,2
Huusissa,2
Yksilöidyin,2
Dogmiaan,2
Vääntäytyvät,2
Splitattuna,2
Läskiyttäsi,2
Talokauppa,2
620x412,2
Siltarummusta,2
Puljaan,2
Tulosorientoitunut,2
Maataloustukihimmeli,2
Tuontikieltojen,2
Tukkuliikkeelle,2
Ttcdn,2
Toiveikkuuteni,2
Protskupitoinen,2
Kokonaiskalorien,2
Nahoistaan,2
Polkupyörävarikolla,2
Oikeistolinja,2
Makaronilaatikkojen,2
Mikropitsojen,2
Halkaisusta,2
Klapuiksi,2
Eventsissä,2
Lampaidensa,2
Tekeköön,2
Spesiaalimpaan,2
Covetousness,2
Maliciousness,2
Implacable,2
Kitetytettynä,2
Maukkaampaakin,2
Jylisi,2
Hewing,2
Muotivärit,2
Hamen,2
Dissektio,2
Lääkisopiskelijoille,2
Pääsemiksi,2
Lääkärinalku,2
Ihmiskakkaa,2
Pääsykokeisii,2
Läskiyttäni,2
Pääsykoekursseista,2
Searchtruth,2
4lt8xr,2
Hyvä_artikkeli_hommalaiset_vaan_löytäny_tän_ja,2
Kivilompolo,2
Ketosten,2
Rakennusliikkeestä,2
Gyborgi,2
Automarkettejakin,2
Levitysalaa,2
Kaavoitusmonopolia,2
Extriimli,2
Deingerous,2
Heitteillejättäjä,2
Autonkuljettajille,2
Ohikulkijoile,2
Työpaikkapysäköinnin,2
Pysäköintihalleista,2
Apilaviskiä,2
Ravinteikkain,2
Mukuloitanne,2
Pakolaisrt,2
Sisaryhtiölle,2
Kartoittavasta,2
Pseudointellektuellina,2
Itsemurhapommittajina,2
Metropoliseudun,2
Hemoglobiiniarvo,2
Jalostetuiden,2
Itäväylät,2
Ohitustilanteesta,2
Itkupotkuraivariksi,2
Virvoitusjuomienkin,2
Kilpailuvaltteina,2
Puuseinän,2
Helsingintoimitilat,2
Phpwcms_root,2
Asentumista,2
Synnyttihän,2
Cczrxw,2
Pfce,2
Aseentesta,2
Perheyrittäjänä,2
Kyberavaruusmies,2
Kyyjärveläisiä,2
Asentumassa,2
Huippumoderniin,2
Pelkääviltä,2
Productionsin,2
Spämmilootaan,2
Yrittänykkää,2
Kadettihan,2
Naljaile,2
Penkkitulokset,2
Everitiem,2
Emojärjestöltä,2
Yhteentoimivuutta,2
Kaupaisi,2
Fundamentalistisilta,2
Kummallisestityydyttävää,2
Sario,2
Markkinointimasiina,2
Maidonkulutuksesta,2
Komennollakin,2
Polkupyörällänsä,2
Bisneskäytäntöjä,2
Galaktika,2
Meijerialalla,2
Kaunistama,2
Kroonisempaa,2
Vessatauoilla,2
Kasuaaleillekin,2
Harrastelijapiirin,2
Vapaudenrajoitus,2
Koikkelehti,2
Sairaalasi,2
Ekstrapalkkaa,2
Kertahankintoja,2
Diginäyttö,2
Pahaanoloon,2
Työlaitteita,2
Hakaristilippistä,2
Tälläsista,2
Minikunnassa,2
Asennusvaihetta,2
Tietotekniikkataidoilla,2
Mutkasella,2
Natsijutuksi,2
Manageerauksesta,2
Kolmosoluessa,2
Purkkiversiot,2
Korvaamisten,2
Kuoriminenkin,2
Backportattu,2
2016051821585647_uu,2
Kulkuvälineissäkin,2
Überkuskiksi,2
Koukkaamisia,2
Reitiltäni,2
Fixubuntu,2
2static,2
Poikkittain,2
Infantiiliin,2
Sähköjohdoissa,2
Öljypurkki,2
Fußball,2
Naulitsemiseen,2
Urologiin,2
Association_football,2
Handegg,2
Tavoittamattomuuden,2
Englantiversiossa,2
Tietokeneella,2
Kopiospagettia,2
Kännykkätukiasemien,2
Ympärisäteilevään,2
Paneeliantennin,2
Vetoketjuperiaatteen,2
Neularoskis,2
Sexuaalinen,2
Liikennerike,2
Faijallani,2
Motoristeihin,2
Smyygailee,2
Vammautumiselta,2
Tieosan,2
Matkapuhelinmastoon,2
Putoamisriskin,2
Kalevankankaalle,2
Lämmittelivät,2
Mikroaaltolähettimen,2
Sopimuskausiin,2
Paskapläjäys,2
Kinsey_scale,2
Uomilla,2
Samoamassa,2
Päivityshän,2
Maahanmuuttajakysymys,2
Paripäiväinen,2
Ohiajaja,2
Lunastaaksesi,2
Uutissähkeen,2
Haitarointia,2
Euroopan_komissio,2
Harjot,2
Nordenskjöld,2
Ehrensvärd,2
Tirpitz,2
Lakiton,2
Jampetti,2
Provosoitumasta,2
Kohlin,2
Kimppakyydeiksi,2
Seksuaalisoitua,2
Odf,2
Lyököhän,2
Vaukutus,2
Vihru,2
Sukeltamisella,2
Kampanjien,2
Sahkomagneettiset,2
Suuritehoista,2
Tehonsyöttö,2
Kirvettä,2
Kirveenheiluttelun,2
Internationalistista,2
Janssoneiden,2
Siirtomaavallalta,2
Matkamuistomyymälää,2
Nordkalk,2
Yeih,2
Euroedustajaa,2
Jalomielisyys,2
Kehittyneimmästä,2
Triplattiin,2
Salasan,2
Jälkeenjääneisyydestä,2
Lesboi,2
Tupakkanurkalla,2
Salaattijuustoksi,2
Salaattijuustolla,2
Vietteleen,2
Tolppakamerat,2
Lannisterien,2
Integroituine,2
Logistiikkoineen,2
Asejärjestelmineen,2
Comptonia,2
Banalisoi,2
Turistialennusta,2
Paperisa,2
Cheeseburgers,2
Tutkimuksesa,2
Koliko,2
Lampaanmaidosta,2
Tuotetyyppejä,2
Maantieteellisin,2
Normaaliälykäs,2
Puikulaperunaa,2
Mönttösen,2
Kätevöittää,2
Ponnistusalusta,2
Scalie,2
Luontodirektiiviin,2
Kotoutumisongelmien,2
Apartheidille,2
Erimallisten,2
Meemiauto,2
South_african_farm_attacks,2
Kiihottavasti,2
Hakuprofiili,2
Julkiverkossa,2
Keskutelunaihe,2
Earth1999,2
Arkisinta,2
Tavanomaisinta,2
Japanilaisinsinööri,2
Öljynhinnasta,2
Ympäristöveroista,2
Resurssisodista,2
Eroottisina,2
Tanssijoina,2
Tarkoittaviin,2
Buuria,2
Eteläaasialaisia,2
Pyöräilyhetkiä,2
Kimpuunsa,2
Kävelyy,2
Vähäsissä,2
Työmääräarvioon,2
Käärinpapereita,2
Kiinteähintaisina,2
Levya,2
Mongosta,2
Tavutukseen,2
Patenttiratkaisuista,2
Hwp,2
Sputnik_not,2
Insuliineja,2
Keposella,2
Fillarikuski,2
Kännipuhelun,2
Shanoin,2
Kultamokkaan,2
Halloweencostumes,2
Syitänsä,2
Vincitille,2
Puhujakeikkoja,2
Potilaatkaan,2
Sananvalinnassa,2
Seulontatutkimuksen,2
Suosituksemme,2
Seuranhakuilmoitusten,2
Hintavampaakin,2
Headings,2
Kiuaksen,2
Outgroupin,2
Valikoimille,2
Harvinaine,2
Viharunkata,2
Naistoimittajille,2
Aivovammasten,2
Kuolemansyytutkinta,2
Ulkomaanvelalla,2
Loatuksi,2
Mccreen,2
Syohyvaa,2
Sukupolvillakin,2
Selleistä,2
Vankilatyö,2
Maksimoidan,2
Ympäristöystävillisempää,2
Liikaliha,2
Pikkuapuri,2
Herra47,2
Elämänmakuisempaa,2
Ttömän,2
Saantimahdollisuutta,2
Putsaamiselta,2
Tötöilynsä,2
Suurilevikkisimmän,2
Epäsosiaalisiin,2
Huippupalkattua,2
Moraalisoida,2
Jälkimakuun,2
Taksikuljetuksen,2
Imettävistä,2
Sijoituksin,2
Milnen,2
Puoluekokousväen,2
Piirijohtajista,2
Surkuttelut,2
Proviision,2
Tapakouluttajan,2
Vertailumalleja,2
Tt1985949,2
Pitäsis,2
Verkkoalueesta,2
Verkkoalueelle,2
Napsuteltavaa,2
Prekaarityötä,2
Työväenpuolueina,2
Verosääntöjä,2
Budweiserit,2
Cancunissa,2
Seksituristiksi,2
Itsensäpaljastelijoiden,2
Kuseksimisesta,2
Darthstubb,2
Uberissakin,2
Laatutiedote_15012015,2
Maksettiinhan,2
Michaelangelon,2
Bulkkiroskaa,2
Kallistamassa,2
Aktualisoituneet,2
Palkkausmenoja,2
Vähempipalkkaiset,2
Korkeampipalkkaisiin,2
Tehtaanjohto,2
Autoimmuuniperäinen,2
Keksiäksesi,2
Poluissa,2
Kanavanippua,2
Mealiin,2
Testihenkilöille,2
Labo,2
Katsastamattomia,2
Maidontuottajaosuuskuntaa,2
Sortiment,2
Vegeissä,2
Välipalapatukoissa,2
Duunatuissa,2
Juustoketta,2
90kpl,2
Kaakaopitoisuus,2
B6postin,2
Buddenbrookit,2
Eläinsoluista,2
Ryöväriä,2
Taksinkuljettajaksi,2
Eteväksi,2
Maggaralla,2
Maantierosvous,2
Sisäänkoodattu,2
Jalotofulla,2
Reseptejäsi,2
Pienporvareista,2
Kebabiakin,2
Broilerinlihantuotannossa,2
Oikeuslääkäreiltä,2
Pyöräturmasta,2
Tykkeen,2
Elämän_koulussa,2
Hammastahnatkin,2
Yksisarvisilta,2
Taxiforbundet,2
Narkotikabrott,2
Frihetsberövande,2
Dömda,2
Kört,2
Vuororaporttiin,2
Sideaineeksi,2
Snackseille,2
Uhranneeni,2
Poistopohja,2
Bostonissakin,2
Polarisoidusti,2
Stargatesg1,2
Sarahcutter,2
S_tealc01,2
Oikeuslääkärit,2
Ampumavuoroilla,2
Naisjäsenistä,2
Vegaanilafkassa,2
Sipseissäkin,2
Vegaaniaikoinani,2
Epäluonnollisuudesta,2
Uutisfeedissä,2
Oppikokemus,2
Seteistäkin,2
Lippujonot,2
Leivityksestä,2
Alkuperäisetkään,2
Säätyläinen,2
Psycinfo,2
Korkeapäästöinen,2
Davidoff,2
Jyol9vp,2
Luottokelvotonta,2
Sarveiskalvolle,2
Täx,2
Nassib,2
Talebilta,2
Massuttaa,2
Nimenvaihdoksella,2
Aamutreenejä,2
Digitaalisuudella,2
Vientitullien,2
Nykyjournalismia,2
Maiharinnauhojen,2
Luolakauden,2
Sportaccord,2
Q9bc7blfjfy,2
Sotkemiselle,2
Taarpeeksi,2
Nokiavuosina,2
Havitteluun,2
Ekolo,2
Mätitahnojen,2
Onnellisuusvertailujen,2
Notkuneet,2
Maryja,2
Kekkereiltä,2
Peruslaskemista,2
Xxvii,2
Tahtomattomia,2
Asiantuntimusta,2
Lähisukulaisilleen,2
Tarkkuusammuntakin,2
Huijausohjelmat,2
Vakutaa,2
Forberedelse,2
Terroristbrott,2
Inssikoe,2
Sääennustemallin,2
Työllisuuden,2
Yössäkin,2
Musiikinteosta,2
Tiilitehdasta,2
Loppujoukko,2
Formulointiin,2
Ruoholeikkuu,2
Elinasta,2
Nykykoneille,2
Subbreddit,2
Kaistanvaihdos,2
Notable_cases,2
Mielenkiinnonkohteissa,2
Pällistä,2
Krititisoitu,2
Identifications,2
Eskolinia,2
Kansanvälisestä,2
Poliisiyhteistyöstä,2
A1448853132408,2
Pillukarvoja,2
Laheiselle,2
Itsepahan,2
Urhelijan,2
Vihamielisyyksiin,2
Boikottikampanjat,2
Kyynärvarsia,2
Miellyttavaa,2
Nahr,2
Häpeilty,2
Viikonloppusuunnitelmiin,2
Juutalaisalueiden,2
1glb,2
Dadaistin,2
Tonykin,2
Paperisaasteen,2
Shishkinin,2
Performanssitaiteessa,2
Ḱun,2
Metallinkappale,2
Hätäilmoituksia,2
Rikoksentekijanluovuttaminensuomestayhdysvaltoihin,2
Kertanostona,2
Radiokamaa,2
Liukuvampia,2
Kiellettäviin,2
Rinnakkaislupia,2
Lisäoptiot,2
Väärennetyille,2
Asiakirjoille,2
Corbettreport,2
Medicated,2
Ssristories,2
Nettikyselyitä,2
Seksiorjanaan,2
Tinkaisi,2
Tuntituotanto,2
Johtosarjaa,2
Maatio,2
Töpselikärsistä,2
Eenkin,2
Hypoteesistä,2
Pääsykokeillakaan,2
Kokoilua,2
Asedirektiivejä,2
Vikavalojen,2
Hynttyiden,2
Mielenkiintooni,2
Rahoittanutkin,2
4dupihg0vse,2
Hitchcokin,2
Qdupxwukkiy,2
Rasvaklöntti,2
Hylkeelläkin,2
Vesakosta,2
Vallisaarella,2
Automyyjistä,2
Turvatasoltaan,2
Valvottavuudeltaan,2
Kilpailumoodilla,2
Parisuhteisiinsa,2
Hattuheitto,2
Proviikka,2
Tehmy,2
Valmistajila,2
Hyväksikäyttäjiensä,2
Mitigates,2
Uskonsotureihin,2
Makkarahyllyllä,2
Tofunakkien,2
Pukujuhlia,2
01_kuv_002_fi_001,2
Ilmapiireillä,2
Kalapuikkoviiksille,2
Lopetusaseelle,2
Monalisaan,2
Maastamuuttokin,2
Puttasi,2
Alanuolittajista,2
Algaa,2
Liikennevalottomalla,2
Vedenjuomista,2
Ajoosi,2
Antibioottibroileria,2
Kävelytieksi,2
Pysäköidylle,2
Lukioaineen,2
Periaatepäätösten,2
26000kwh,2
Monotan,2
3wyhluyxfww,2
Tinkaamiset,2
Antibioottilihan,2
Antibioottikana,2
Vähäeleisillä,2
Höbö,2
Kuluttajalainsäädäntöä,2
Tunnistetietona,2
Koskettiinko,2
Kertotauluakaan,2
Omaksumaasi,2
Koeistettu,2
Nykysuomen_sanakirja,2
Sortumistaan,2
Havainnointikyvyllä,2
Valtiorakenteista,2
Evankelistana,2
Käänteisissä,2
Pöpökin,2
Perustuloseminaarissa,2
Pakettipalveluja,2
Massamigraation,2
Wofueeceovw,2
Tienylittäjän,2
Turhamaisuutensa,2
Suhteettomista,2
Suhteettomilta,2
Vapauduttaisiin,2
105s,2
Seikkailunhaluiseksi,2
Riksoja,2
Roskapankkina,2
Runoushan,2
Syyttämäksi,2
Moraalirelativistisesta,2
Heiluttamssa,2
Avaisikin,2
Hankintalupaan,2
Julkiseksikin,2
Urheiluammunnalla,2
Jobbarilla,2
Perseraiskasi,2
Keittäessäni,2
Sifonki,2
Iltaneljän,2
Tikkakoskellakaan,2
Mopotukset,2
Taulukoimalla,2
Käyttämässämme,2
Clickbaittejä,2
Enkelisijoitusta,2
Leenä,2
Salpux,2
Uctbsw,2
Hc461t20oehqw_kqg,2
Vaurastunutta,2
Salmiakkikarkeissa,2
Dextran,2
Foxellille,2
Instrumenttihoitaja,2
Skoban,2
Kaasutteluun,2
Suoraviivaisessa,2
Insinöörimatematiikassa,2
Luokittajalle,2
Lihantuottaminen,2
Tuotantotekijän,2
Vajanaisempi,2
Korkeakoulumatikan,2
Omaksumis,2
Efofinland,2
Piniin,2
Ulkotelttaa,2
A1447572657330,2
Sinapinmakuisia,2
Reunustanut,2
A4liin,2
Keittiöjakkaraa,2
Puoliinsa,2
Keinokuiduillakin,2
Turhautuma,2
Lonkeropäkkiä,2
Perineiden,2
Jätskiautoa,2
Nahkatuotteista,2
Esanssimaut,2
Muunnelmille,2
Salmiakkimämmi,2
Soze,2
Korviketuotteita,2
Liimausten,2
Elokuvanimien,2
Nimisuomennoksista,2
Pysähtyväni,2
Liittymisiin,2
Restauraatiota,2
Arbitraasimahdollisuuksia,2
Nojatuoleista,2
Vedotan,2
Vaarallistenkin,2
Kamppailujutut,2
Huippulöytöjä,2
Lukiourani,2
Joutuisivatko,2
Banaanivasaralla,2
Metatron,2
Lldvgnqohmbmdju4m1h1bt1g,2
Tyyliänsä,2
Takanurkalla,2
Metsävaahtera,2
Tutkailtiin,2
Pölykapseleilla,2
Porttikieltoo,2
Nbcmiami,2
Talouskoulussa,2
Vaahteroiden,2
Soitinyhtyeenä,2
Huumausainetestauksesta,2
Adèle,2
Vuosipaketin,2
Qsrmagazine,2
1m03s,2
Uskomisena,2
Pikkuistanbul,2
Rodi,2
Mezzaluna,2
Milanissa,2
Janariin,2
Raparpereja,2
Oppikirjasarja,2
Puututtuaan,2
Rikkakasvina,2
Alkuperäisnimillä,2
Jälkipolvienkin,2
Tatooinella,2
Konsulle,2
3m50s,2
Göreme,2
Göremen,2
Korvausvelat,2
Niskasa,2
230s,2
Tienreunaa,2
Happamempi,2
Kertaapas,2
Uudenlaisiksi,2
Ensiluokkaisten,2
Pizzamafiasta,2
Koristekirsikoita,2
Luottokorttipelko,2
Laivayhteyttä,2
Baabelissa,2
Luottokorttilaskuun,2
Sihteereineen,2
Temppuiluaan,2
Jännitysmomenttinsa,2
Vuosituhansissa,2
Matalapalkattujen,2
Vasemmanpuoleisimman,2
Karsastavaa,2
Maalaisuutta,2
Koiraparan,2
Ihmedieeteille,2
Debitiltä,2
Stockmannien,2
Kiusaamisee,2
Käteisnostoa,2
Pysäköintietua,2
4ms8b9,2
Avautuneelta,2
Tulimyrskyjä,2
Kivipintoja,2
Newspeakissä,2
Suolistontoiminta,2
Uhkailuina,2
Pikaruokayrittäjät,2
Räyhäsivät,2
Putkihaulikon,2
Duunariäänestäjä,2
Kirkkomäelle,2
Taisen,2
Kärttyisistä,2
Umpeenkasvanu,2
Korttiturvallisuus,2
Tuttaviemme,2
Rynsestereillä,2
Luottokorttifirmaa,2
Soijatehtaan,2
Huumausainerikkomuksista,2
Päätöstekstiä,2
Aineopinnoilla,2
Inssitoimistossa,2
Watabautismia,2
Oululaismiehen,2
Hyötyväthän,2
Leimatua,2
Talletustiliä,2
Varmentavaa,2
Luotolliset,2
Peruspankkipalvelun,2
Asiakassuhteelle,2
Työterveyslekuri,2
Säteilykuorma,2
Rateen,2
Diagnosoitavat,2
Magneetilta,2
Tehdasvalmisteisia,2
Hierarkisena,2
Ottaapi,2
Osingonmaksajiin,2
Osavuosikatsauksien,2
Asekauppiaana,2
Housupyykiltä,2
Kapeahkolla,2
Markaruoka,2
Villasukkaparia,2
Keräävissä,2
Sijoitusaikaan,2
Hikipajaduuni,2
Lapsuuskokemuksilla,2
Realtimecorr,2
Latzit,2
Kiperämmässä,2
Kolahtanee,2
Jafar55555,2
Lähtöpääomalla,2
Tinkijä,2
Kaivurista,2
Bluffauksen,2
Kabinettipolitiikan,2
Oikeuskäynneissä,2
Länsimaistumisesta,2
Takapajuisuudelle,2
Työtapahtuma,2
_h8qrxqknmc,2
Salakuljetustapoja,2
Alastarossa,2
Ratikka_ja_bussi,2
Liikennöintikustannuksiltaan,2
Rellestävä,2
Aloittamassakaan,2
Löytökodeista,2
Menestysyritykset,2
Moottorinohjainta,2
Taaperoilleen,2
Tuottoisuudesta,2
Globalisoitunutta,2
Yhtiöoikeuden,2
Kaluaminen,2
Avainasioita,2
Hakuikkunan,2
Polarisoivina,2
92uhobr1,2
Uiveloilta,2
Nokkineensa,2
Yrittäjyysvouhotus,2
Vihervasemmistokuplan,2
Normityöntekijän,2
Ogfvyiittj0,2
Kierrätysintoa,2
Salaattiaineita,2
Einespullissa,2
Bändäriä,2
Simulaatioina,2
Metahuumorista,2
Islamisoitumiseen,2
Rastapään,2
Osakeyhtio_ja_osuuskunta,2
Alapaalla,2
Lystisti,2
Kaeslarantonesj,2
Purjehtimmaa,2
Merriin,2
Suarinesj,2
Salaminesj,2
Suanen,2
Kierteep,2
Puijonsarven,2
Huuteloo,2
Lainsäädöllisesti,2
Juoksukilpailuksi,2
Mediakritiikissä,2
Serverijupakka,2
Ajautuneista,2
Voitettuihin,2
P480x480,2
Koululaisvitsien,2
Linneanet,2
Gepardihattujen,2
Rasistisestikin,2
Kidutushan,2
Politicususa,2
Rävitään,2
Sisäänostajien,2
Algandustmannglitzmanning2010,2
Puutteeseenkaan,2
Kunagi,2
Vaimonhakkaajapaitoja,2
Valitsevatkin,2
Säilyvyydellä,2
Leipähommiin,2
Tehoakkuja,2
Rääkit,2
Peaksid,2
Päivystyskäynnit,2
Ihastuttavasti,2
Lahjusrikosta,2
Tasauksissa,2
Sata_kuntaa_elaa_suomessa_muiden_rahoilla__katso_oman_kuntasi_tilanne,2
Piirustuspöytä,2
Puuduttavuutta,2
20nimi,2
0aet,2
Taikureilta,2
Eläintarhauksen,2
Müüakse,2
Edblog,2
Veronmaksustaan,2
Vegaaniravinnolla,2
Häkitetään,2
42go,2
Üllar,2
Jörberg,2
Kutse,2
Mägi,2
Curlingikin,2
Lahjalipulla,2
Broadwell,2
Spadeista,2
Lemmikinpitoa,2
Sanonnoille,2
Maalausfirma,2
Liskodiskossa,2
Muslimikielloista,2
Talvipäiville,2
Havahtuessaan,2
Ammattikoulupoikien,2
Bisnesmiehistä,2
Kuntataloudesta,2
Nettosaajamaakunnassa,2
Asemyyntiin,2
Rintamerkillä,2
Kearney,2
Mopollansa,2
Ammattilaisvehkeet,2
Istvan,2
Raamatust,2
Riskisyyttä,2
Riskisempään,2
Ripuloituu,2
Washwire,2
Kuoliniskusta,2
Pottusäkki,2
Rapuruttoa,2
Ikkunoida,2
Kajastivat,2
Junkersit,2
Lisäepäilyksiä,2
Kahvimaitopakkauksissa,2
Eläkeputkiin,2
Jeweller,2
Täytääntöönpanoon,2
Kuulutuksetkin,2
Huutoäänestyksissä,2
Primaryssa,2
Tasaluvut,2
Vanhanaikaisimpia,2
Puoluerekisteröintiä,2
Pullapussia,2
Shamppanjasosialistin,2
Peukaloimista,2
A1305923967033,2
Soimaten,2
Deviated,2
Clergymen,2
Popes,2
Torpedoveneillä,2
Perinteikkäiden,2
Erisnimeen,2
Poliitikkojan,2
Sankaripoppoo,2
Taiderahaa,2
Suomi_viro,2
Apinoimatta,2
Pohjautuikin,2
Kijrotusvihre,2
Tipumaan,2
Matkustajamäärällä,2
Näyttötutkintoa,2
Arbetslosa,2
Regelverket,2
Laskutettaviksi,2
Tiketille,2
Vjc89n9pl3m,2
Miteni,2
Asemiasi,2
Autoarvostelut,2
Katsottavampaa,2
Suihkuveteen,2
Koristakin,2
Maullakin,2
Kofeiinipiikin,2
Suhdannevaihteluilta,2
Burgermestoja,2
Vaateella,2
Vaarallisimmassa,2
Torpedoista,2
Pystyneitä,2
Tykkivenettä,2
Tehokeinon,2
Venerekisteri,2
Puolustettavansa,2
Sanahelvetti,2
Mariassa,2
Luontojutut,2
Pahampi,2
Seminaarinmäkeä,2
Ääritoimijat,2
Lähtestä,2
Roadtrippailu,2
Hippijuttuja,2
Ykkösdivaria,2
ಠل,2
Ominaisilla,2
Lihansyöjälemmikkejä,2
Kirjepalstoilla,2
Messää,2
Teeleidiltä,2
Sotapalvelus,2
Suosottelen,2
Kananmunankin,2
Vehnämössö,2
Heijastuksien,2
Kampanjakoneistonsa,2
Lähitaistelukoulutusta,2
Pikalatausverkostoa,2
Katkeamattomuutta,2
Pisteeltään,2
Hydratsiinilla,2
Concurred,2
Salaattiaterioita,2
Sohwin,2
Vegaanimenu,2
Kaapelirata,2
Uutisosion,2
Pystösä,2
Kalevalalta,2
Hilari,2
Mikroaaltouuneilla,2
Sironnan,2
Modulaatioista,2
Synkronoidulla,2
Lipittävistä,2
Tehopulan,2
Reachiä,2
Kysellyn,2
Videomatskusta,2
Vaalivoitoista,2
Säteittäinen,2
Mainosgeneraattori,2
Cylons,2
Y360,2
Käännöskuluissa,2
Hiipimisen,2
Inspirelandpodcast,2
Kokelaina,2
Golovin,2
Tiedusteluoperaatiota,2
Dwightin,2
Kötöstelemään,2
Käib,2
Jaksoonsa,2
Mainoskatkoihin,2
Lentokelpoisuustodistus,2
Satirisoivan,2
Tunarois,2
Osuinpas,2
Selkääntaputteleva,2
Namedroppaamalla,2
Läheb,2
Pääsyiksi,2
Maanomistusoikeuden,2
Rukkauksella,2
Automaattireaktio,2
Räägid,2
Sivutettavan,2
Vaihtaisikohan,2
Vaatiinee,2
Satirisoivat,2
Rutsaamista,2
Mielipidetutkimuksista,2
Peltilehmässä,2
Pahottaminen,2
Teennäisyyksiä,2
Aeneis,2
Lojaalisuudestaan,2
Näytteistää,2
Sondia,2
Huups,2
Näyttelikin,2
Mitähan,2
Johtamiskurssit,2
Käyttäessa,2
3ahttp,2
Seksityontekijoiden,2
Sotaankaan,2
Eläkkeellesiirtymisikä,2
Kisamitat,2
Ipqnp2vqh94,2
Väistään,2
Käyttätunnuksen,2
Tunneleitakaan,2
Koplaamassa,2
Robottisilmä,2
Lihavaihmisviha,2
Eviään,2
Humoristeista,2
Shalimarista,2
Ympäristörasitukset,2
Kehittämishankkeista,2
Sätkynukeille,2
Uhmaamassa,2
Romanivähemmistöä,2
Keikannu,2
Keliriippuvaista,2
Bulgarialaisesta,2
Kerjääjältä,2
Ajokorttihakemuksen,2
Lipputarkastajille,2
Puolustuskuvioihin,2
Kerjätessä,2
Ostopäivämäärä,2
Etujarruun,2
Katusoittajiksi,2
Salaojarempan,2
Valvontakameroistakin,2
Lastenkutsuihin,2
Laitelipun,2
Elehtimällä,2
Koodarivoimaa,2
Katumuusikoita,2
Sulavatko,2
Maitojuustot,2
Jalapenoilla,2
Työpisteilleen,2
Nallepuhläppärit,2
Kipurajansa,2
Laitesukellukseen,2
Riippuliitoon,2
Rigiä,2
Coredumpit,2
Lankaverkkoa,2
Katusoittajaa,2
Nuokkuva,2
Auno,2
Ulapalta,2
Lahipiirissa,2
Pullomies,2
Pullopussit,2
Nuudelipussia,2
Kahdenhuntin,2
Pakansekoitus,2
Lehtolapseksi,2
Kävelykortin,2
Makkaramafian,2
Pepperoniviipaleita,2
Päävastaava,2
Yhteydessäkään,2
Mykiö,2
Röntgensäteilyllä,2
Campaignagainstsexrobots,2
Poliisi_romanikerjalaiset_eivat_ole_ihmiskaupan_uhreja,2
Omahyväisemmäksi,2
Metallipurkissa,2
Pahvilapussa,2
Poksahtaan,2
Luudat,2
I62,2
Unisefiin,2
Varakoneena,2
Typoiltu,2
Kuvausalueen,2
Juhlasankarin,2
Huoltohommiin,2
Ruuvailen,2
Rosenblatt,2
Röntgenkuvaukseen,2
Kännejäkään,2
Ionisoivilla,2
Tollasiksi,2
Fiilisteltävää,2
Määräaikojaan,2
Astonished,2
Silmännäkijät,2
Antiklimaattiseksi,2
Pakitetaas,2
Hyväntekeväisyyskeräystä,2
Meduusatkin,2
Spraying,2
Kiusakses,2
Syöntisuositus,2
Computerweekly,2
Täysjyvävehnäjauhoja,2
Kaulimista,2
Kaukaisimpana,2
Ydinvoimalafkojen,2
Kranaattikonekiväärejä,2
Täysjyväpastasta,2
Täysiveriseen,2
Itsevalmistettua,2
Naudanpihvit,2
Suntola,2
Nudgettaa,2
Spliffien,2
Kärrättyyn,2
Tarkastusmaksukin,2
Proteiinilähteisiin,2
Kasvisresepteistä,2
Ranuiksi,2
Lehtipalstat,2
Heiluttajana,2
Sekasyönnistäni,2
Ravintoketjumme,2
Lupamaksuun,2
Stratofääriin,2
Arvokalat,2
Tottanut,2
Paksunsuolen,2
Kuukautishäiriöt,2
Syävät,2
Tulehdussairauksia,2
Henkivakuutusrahat,2
Modaliteetti,2
Sammakkopataa,2
Salausavaimilla,2
Piripäänatsien,2
Maapallokaan,2
Ykkösjutuksi,2
Piffen,2
Murkinoita,2
Yhteiskielen,2
Kokolihasta,2
Perusvegaani,2
Raunot,2
Järjetöntäkään,2
Taviksistakin,2
Julkaisuajankohdat,2
Rillaan,2
Luonnonsuojeluaate,2
Matkaavilla,2
Aineallergioiden,2
Töhöilleelle,2
Päiväystuotteina,2
Vapausperunoiksi,2
Ohjelmanmuutos,2
Lemmenlaivalta,2
Loppureissusta,2
Kuninkaanporttia,2
Eftervard,2
Botn,2
Hielp,2
Benghaziin,2
Naiskortilla,2
Tshekkoslovakiasta,2
Hrushtshov,2
Reiniltä,2
2päivän,2
Pidempääki,2
Muotiksi,2
Kasvatettavissa,2
Markettitavaran,2
Kieliaseman,2
Ruokailumieltymyksiä,2
Uunimakkarasta,2
Sokerisella,2
Näkymystäni,2
Suomalaislafka,2
Ajelon,2
Jolal,2
Remppakuntoisia,2
Huipputasoiseen,2
Makrulooraa,2
Todenpuhumisen,2
Sovelly,2
10keurosta,2
Lempaalassa,2
Valtiottomalle,2
Laisse,2
Odineissa,2
Tuhrija,2
Pressapesti,2
Anarchism_and_marxism,2
Osajoukkona,2
Turvallisuustakeisiin,2
Rakennusosien,2
Hippikausi,2
Vaimonhakkaajalta,2
Kivitelleet,2
380ke,2
Anarkistisiksi,2
Teorisoinniksi,2
Alkupremissiin,2
Kituutettua,2
Varuskuntasairaalaa,2
Mikäseoli,2
Puhkikäytetty,2
Nukkumisympäristö,2
Anarkistiryhmät,2
Kiistoilla,2
Palavampaa,2
Ympäristöjärjestöillä,2
Melansa,2
Hasistynnyreitä,2
Mucosa,2
Katsausartikkelista,2
Kotikadulleen,2
Asuinkuntoinen,2
Parvekeremontti,2
Päivärähalla,2
Lipashommat,2
Hukkaanpa,2
Asuntojärjestelmä,2
Modaliteeteissa,2
Takaperinvoltti,2
Modaliteettia,2
Hoitotaidon,2
Anarkistisille,2
Taloteknisten,2
Iiiiisi,2
Kriminaalijengistä,2
Välirahakin,2
Harhastaan,2
Tusseltorf,2
Kunnallispäättäjistä,2
Hörskän,2
Nyhtökauraksi,2
Aikoko,2
Pkterveys,2
Puuduttavaks,2
Dinkuille,2
Walesia,2
Tuotantovauhdin,2
Asunnonostajilta,2
Kivuliaamman,2
Metsästyskaveria,2
Päätety,2
Asustavatkin,2
Jatkopeleissä,2
Hankisääskiä,2
Ihimetteleen,2
Leikkimökille,2
Äänittelen,2
Parkkipaikkavaatimusten,2
Mopattiin,2
Fab3byrw5la,2
Eläinoikeuslainsäädäntö,2
Epäoptimaalisesta,2
Valjastetaanko,2
Mère,2
Rajattomammin,2
Вода,2
Buusterissa,2
Q320,2
Kohtauksii,2
Auttele,2
Saarnauksia,2
Reaktorimallin,2
Seutumatkoja,2
Odareiden,2
Kuvittelevatkaan,2
Biology_and_political_orientation,2
Palautejärjestelmät,2
Bussilinjoille,2
Ohjesivustoja,2
Ulosteensiirroilla,2
Pipertään,2
Södrik,2
Huippurikkaille,2
Tulokone__katso_kuinka_asuinalueesi_tulotaso_on_kehittynyt,2
Hikiää,2
Nippelistä,2
Maaleineen,2
Karsintalohkosta,2
Pyöräilykelvotonta,2
Brändöhön,2
Nielaistavan,2
Viivästyisikin,2
Jalkapallomaita,2
Ytu8wbtbzmi,2
Seisahtuvan,2
Ajeteltiin,2
Keikkaliksoja,2
Suklaapupun,2
Yhteislauluksi,2
Salakuvauksiin,2
Ankerl,2
Huopakaton,2
Blackberryjä,2
Tauluammuntaan,2
Pöytätietokoneisiin,2
Rasvatyyppi,2
Sokeripitoisesta,2
Talsimasta,2
Voisilmään,2
Suvelaksi,2
Pseudonym_741,2
Puhelinmarkkinoille,2
Swaippaaminen,2
Läpillään,2
Messagease,2
Aatemaailmallaan,2
Nettivieraat,2
Lapihuutojuttu,2
Katsojakuntien,2
Teräväkärkisiä,2
Huutokilpailussa,2
Tasureista,2
Ämpyillään,2
Pelifilosofiaa,2
Finaaliksi,2
Kiiltävine,2
Videoresepti,2
Virkatodistuksessa,2
Taivutettaessa,2
Jytkymään,2
Doxxauksista,2
Yksityiselämät,2
Vanhaksiko,2
Debuted,2
Mbc,2
Fasistiliikkeitä,2
Foorumipaskaa,2
Ahtautui,2
Seisotuttaa,2
Käytöstäpoistettuja,2
Purkamattomia,2
Mixup,2
Huoltajakiistat,2
Lahtivatin,2
Ministeripaikoilta,2
Kanadanmajavan,2
Sydänjuurista,2
Yxbwawq9aglnagxhbmrlcjtzbt0xo3c9odaw,2
Saranapuolelle,2
Jyvaskylalainen,2
Paperinippua,2
Kirjastotädiltä,2
Skriivaat,2
Hallintoalan,2
Lauseenvastiketta,2
Tyhjennyssopimus,2
Ryvettämään,2
Puuseehen,2
E540,2
Fcek_l_,2
6ki,2
Katossaan,2
Kertatulikivääri,2
Suoritusperusteisiin,2
Palkanalennukselta,2
Kosketusnäyttölaitteisiin,2
Tuottavuuskriteerit,2
Tehdasduunareille,2
Yleissitovuuttakin,2
Heräteostoksilla,2
Ylityöliksalla,2
Veroleiman,2
Kuapissa,2
Uutissubien,2
Poistelusta,2
2009_fort_hood_shooting,2
Mielialamuutoksiin,2
Kesäravintolaa,2
Vakiopalkalla,2
Aamuksikin,2
Vuoksea,2
Perehtymiset,2
Kutsumushommissa,2
Stahanovilaisista,2
Unpopularity,2
Toistepäinkin,2
1m41s,2
Kampuskulttuuri,2
Qblwxqqaprq,2
Edokkaan,2
Paskataide,2
Demography_of_the_united_states,2
Mueck,2
Ateriarytmeistä,2
Tj4,2
Kinkkuplaneetat,2
Ideologiahautomo,2
Webselainta,2
Rikospaikassa,2
Vuosityöajat,2
Kovemilla,2
Kehottavien,2
Utrassa,2
Koulupuukotusta,2
Araviesti,2
Taikuroimaan,2
Traumatisoiminen,2
Puutteesseen,2
Potentiaalisine,2
Lisätaustoitusta,2
Väärinkäytetyiksi,2
Tt_2_2013,2
Bannauksista,2
Työpäivämme,2
Rapasakki,2
Vihakupla,2
Nauramiset,2
Go1dfish,2
Perusosasia,2
Sijaisloukkaannu,2
Muslimikaverillesi,2
Vitsailtaisiinko,2
Epäkunnioittavinta,2
Huumorintajuttoman,2
Käsittelu,2
Ehxyl,2
Bugaaminen,2
Picket,2
Sarjatuliaseesta,2
Ilkeämielisyydellä,2
Käppäiltiin,2
Arvioineelle,2
Hepreankieliset,2
Oberlin,2
Liipaisinvaroitukset,2
Yliopistokulttuurissa,2
Privilegioni,2
Vaiennusyritys,2
Markkinointivoitto,2
Toksiineista,2
Juhlittuun,2
Alanuolita,2
Himossanne,2
Kaupungistanne,2
Puhetilanteen,2
Korruptoimattomin,2
Suosikkiväline,2
Sosiaalisoturit,2
0pivuycw4rg,2
Ihmeiset,2
Avustustoiminnalle,2
Finsect,2
Verenpainettanne,2
Mnryioqy,2
Jengiläisyyden,2
Worstof,2
Reuropean_is_back_under_the_disguise_of,2
Tutullakaan,2
Salaliittoteoriatasoa,2
Talousideoiden,2
Aattellut,2
Kertatuliversio,2
Varastonmuutoksen,2
Approovaakaan,2
Nauhotetta,2
Vaihtarikuplaa,2
Uskontulkintojensa,2
Etiikkakurssi,2
Tilastovetoisesti,2
Perustuluita,2
Äänitekään,2
Tupankointi,2
Mmakela,2
Vessa5,2
Puutarhaletkussa,2
Syöpäsolukko,2
Kamerunilaista,2
Terveysruoaksi,2
Rikostutkintapyynnön,2
Nakurannoilla,2
Capreja,2
Aborttioikeudelta,2
Bipartismi,2
Laitasiipi,2
Superteknologisia,2
Sosiaalikonstruktio,2
Kielifilosofisesti,2
Ouluzonella,2
Vetoajilla,2
Lempimedia,2
Raiskuksesta,2
Personallisushäiriö,2
Lgbhqt,2
Liittovaltiotasoisiin,2
Ilmaisuhetkellä,2
Partikularisoiva,2
Masinoitui,2
Ydinjutuista,2
Wokeilijoista,2
Erikoisvasemmistolaisten,2
Magatrollien,2
Hirvitysläjöistä,2
Internetkampanjoinnilla,2
Toilailuta,2
Moraalittomuudelta,2
Kypsentääkin,2
Korvakorusarjasta,2
Kulttuurrirelativisteja,2
Lyijyttömästä,2
Selväkai,2
Ruiskutetaanko,2
Bisnesvoittojen,2
Breivikissä,2
Identiteettiryhmälle,2
Finntrafic,2
Taikakahleilla,2
Kahlehditun,2
Esilletuomiini,2
Nwmfdgr,2
Nikkeliallergiasta,2
Taikakahleissa,2
Vaikutustvaltaa,2
Nikkeliallergiaan,2
5b17f4c451cd955261f17030148630c0,2
Lisätappioiden,2
6x0o_oobjbu,2
Alihoitamista,2
Lääkäriyhtiöille,2
Iänodote,2
Piiriliigalaisilla,2
Olympiamestareita,2
Nuhapotilaista,2
Talolähiöitä,2
Imagotappioon,2
Kevb26m,2
Conventionné,2
Vaeltakaa,2
Kebulaketjun,2
Omistusasteeltaan,2
Lainstämisjärjestyksessä,2
Irtomaksuja,2
Tuomarietuja,2
Kokonaissubventiota,2
Viheltämätön,2
Määräämättömällä,2
Sakicin,2
Asemasuhteen,2
Bayesilaisilla,2
Imatrallahan,2
Lisäukkoa,2
Osakesijoittajalta,2
Suositumpina,2
Hienohkon,2
Tortillalätyillä,2
Innoistuitko,2
Soijaamaan,2
Ihmisoikeuksisita,2
Telemedin,2
Koulukissatyttö,2
Vasemmistoenemmistöisiä,2
Ajatuspoliisityö,2
Majoneesitäyte,2
Trooppisena,2
20x600x2500,2
Teippillä,2
Malonella,2
Työnantajallen,2
Panataisko,2
Yhdyntääkin,2
Supermarketissakin,2
Sinappituubissa,2
Pornolakeja,2
Mallinukseksi,2
Tainnuttanut,2
Ylästatusta,2
Sjop,2
Pulolesta,2
Banaanivaltiomainen,2
Vossikkakuskit,2
Unattractiveness,2
Asennussarjat,2
Fishinginfinland,2
Johdasta,2
Ultradeluxe,2
Tuloilmaputkea,2
Viilennysmattoja,2
Lampoalustat,2
Oikeistohallituksiinhan,2
Blenderartists,2
Photoreal,2
Megistölkin,2
Ydinasemaahan,2
Alikäytetyt,2
Z3mbbra,2
Naturistituristi,2
Raiskaussyytöksille,2
Tukipakettipolitiikan,2
Vmhix1,2
_ratapuolella,2
Xj4jnkaw,2
Sosialaiturvan,2
Ulkopuollele,2
Puhummet,2
Lisääko,2
Yksiosaiselle,2
Sekretareva,2
Burleskiartistia,2
Rataverkko_01012021,2
Aomon4zhmxi,2
Kiskosta,2
Tukemispäillä,2
Teenjuomisvideon,2
30x600x2500,2
Perussairaanhoitoa,2
Newsbeezer,2
Teräsosien,2
Rännänpaskaa,2
Huomionauhasta,2
Rxqve80fwz4,2
Paviljonkeja,2
Törkypuheisuudestani,2
Mikseritiskin,2
Lauhduttamiseen,2
Riippuenkoulustasi,2
Valinnaisopinnoista,2
Finnsplain,2
Kuppikoosta,2
Sultatuli,2
Alastonkuvagalleria,2
Nousukausihuumassasi,2
Realistisimmista,2
Operable,2
Tuputettavat,2
Riskianalyysisi,2
Kanstasi,2
Miksaavat,2
Slapanneen,2
Järkkäriaikoina,2
Vastuudenvapaudesta,2
Kullikuvasta,2
Oikeuskuvani,2
Kylmäsäteilijöihin,2
Powernapin,2
Munakuvien,2
Kylmettävä,2
Peruskohteliasuudet,2
Nuorimmaisesta,2
Ilmal,2
Maalämpökohteissa,2
Konstanttinopolin,2
Jxdrcxf,2
Mutkittelusta,2
Urukkeja,2
Wildlag,2
Ristisiitoksia,2
Itsehallintorojekteja,2
Diktaattoriehdokas,2
Aseistavientikieltoja,2
Satelliittijärjestöt,2
Pakkovärväämisen,2
Terrorismihuolet,2
Hevoskauppaa,2
Kurdisviiilejä,2
Huijauksetkin,2
Viestinnännän,2
Westronia,2
Epäitsenäisten,2
Ajantaisainen,2
Huumekaupalta,2
Ahdistelurikosten,2
Studioversion,2
Tähtitarinoita,2
Vakuutusyhtiölääkäri,2
Tiisheippaus,2
Intterfeissi,2
Työperheeseen,2
Professionalilt,2
Englishii,2
Koscher,2
Simeille,2
Herhilä,2
Silikonisaumoista,2
Silikoneista,2
Porsaankasvatus,2
Suurtuontantoon,2
Checkatut,2
Tutkintoiteen,2
Erityisenpainavaa,2
Yksivertainen,2
Sheippauksesta,2
Massaruokailussa,2
Vegaaniaktivisteihin,2
Puuparta,2
Kuuluisvat,2
Creata,2
Kärvät,2
Kasvispöperö,2
_about_,2
Arnor,2
Resqesta,2
Kaloriaaa,2
Soijamakatonilaatikkoa,2
Makukivennäisvedet,2
Kasvissyöntihän,2
Rivitalonpätkää,2
Tuplahuti,2
Ilmastonmuutostalkoot,2
Näyki,2
Rebeccahughes,2
Paasaanto,2
Kuihtuneilta,2
Wokeimmilta,2
Ypgta,2
Aineettomatkin,2
Puolustusratkaisunsa,2
Eurooppalaisine,2
Moraaliristiretkeään,2
Tahtotilanaan,2
Martekan,2
Ilmastoltansa,2
Antisosiaalia,2
Tekohengitykselle,2
Servosta,2
Testailuissa,2
Puolustusjärjestelyihin,2
Itsesääliinsä,2
Eteläkorealaisetkin,2
Arvotuksistasi,2
Lihaäijät,2
Mystix,2
Suomipuussa,2
Poisottajia,2
Älähtele,2
Ajankohtaisviittaus,2
Kantaväelle,2
Pilkkaajaansa,2
Salamaniskulla,2
Juuttuvalla,2
Vitamiinipillereistä,2
Mediaomistus,2
Hemokauan,2
Lausuntataiteilija,2
Seitapaikoille,2
Sprodoing,2
Kommunikaatiodta,2
Shukosta,2
Ik6ss8cxyzo,2
Duapolia,2
Rienaamiselta,2
Pikaviestinnästä,2
Hakukonetoiminnasta,2
Duapolit,2
Zuckersamma,2
14bb,2
E1e8,2
3c18,2
5ff5,2
627d,2
Bb1ec40b,2
5d540f484dc2,2
Kakspuoluesysteemin,2
Mcs2021,2
Hamista,2
Laroche,2
Bännäämästä,2
Mainosmarkkinoista,2
Akzo,2
Hälytystasoa,2
Werot,2
Item56efcb17cd,2
1s4aaoswyo5f1uw0,2
3aaqahaaabmdscc14zy9,2
2fieorvtxjzqqpwb32uy,2
2bmv6tbpfue,2
2fzvkbsxa1kf1uwzvymbkq4hcb4vs7xukryzaxbawqikqgoe1xhuubu2bttp4o3mwg5b1e,2
2bln,2
2beube2zldia,2
2bliczwdshr3mnwqn7zhedgov4oddovvro2emvghfnnaapn8lpssv,2
2by6,2
2fsfvepsdlihe4nu6gwgkj8jhaqdbvu09,2
2f3jhaf5z7oipyfu9tow4oefzt755ntdrghazsnvo8cn1uhnkqcpjbquilm2gmekfy92aj,2
2fozuwz,2
2bm9ti7s1lozhumut,2
2byhz3uoenqumazvc3rcxxcqftdmmhd59olyblqt4gde7saenheyat8,2
2f1gnelbam9mxcutlazsxcad2vnjufercgjmabcx7oqg,2
2bjds0l4y,2
3abfbmnvrkylzg,2
Dystopiamaisuudestaan,2
Ncta,2
150304_consumer,2
Internet1,2
Konsolidoituminen,2
B41a5f7f,2
012c,2
48b1,2
Bbd0,2
99b4236485f8,2
Sähköpelissä,2
Vo0o6h,2
Eli5_sananvapaus_suomessa,2
Ginekselle,2
Matkalaturit,2
Oikeuslaiksen,2
Läppärilupaa,2
Ekokatastrofikaan,2
Bensatankkausta,2
Puolustusympäristö,2
Vndqcm,2
A4llainen_on_suomen_ruotsin_ja_turkin,2
Ie7dowm,2
Putinistipuhetta,2
Kurdiyhteisöjä,2
Voa1re,2
Uniformussaan,2
Newsonlineoctober2021,2
_ftnref3,2
Sotilaskohteitamme,2
Hupielektroniikka,2
130v,2
Rahantuhlaushulluttelusta,2
Puolustusemoja,2
Turkinlomat,2
Viileähkön,2
_wanoqqk9vo,2
Eyxg6o996kq,2
Uzhl9untxsc,2
Hiilidioksidipäästökeskusteluun,2
Pahvijuttu,2
Freonipäästötkään,2
Festarikojuille,2
Koivukehrääjän,2
Höpöasiakirja,2
Maitokauppiaan,2
Tuppuuttaa,2
6h9dd5bmqq0,2
Postitraumaattinen,2
Duopoleiksi,2
Larppaajaringiksi,2
Puolukkakastike,2
Raakaöljyvuodot,2
Puhdistuspuikolla,2
Viilentäis,2
Höyryks,2
Kasvisruokiakaan,2
9zo,2
Lzyhbm4,2
Viileääkin,2
Mammapappa,2
Turnausmatkat,2
Vaihtovaatteista,2
Fpst,2
Päiväkotimatkaan,2
Lapsiperhekäytössä,2
Kompetenssilta,2
Keskimatkanopeus,2
Vow85p,2
Poliisiteht,2
A4_keskustakirjasto_oodissa,2
Hedelmämössöä,2
Postauspolitiikka,2
Criminalised,2
Setämieslangassa,2
Kelathaahan,2
Nallesadut,2
Smurffilimppari,2
Brahimin,2
Huumaisaineisiin,2
Satuhetkeen,2
Fetissitouhua,2
Ccampbellbased,2
Jokkikseen,2
Crepesien,2
Crossdressaamista,2
Satutuokiona,2
Turrifetissin,2
Mopokonserttia,2
Räntämyrskyssä,2
Crepejen,2
Valastui,2
Idm45949344239488,2
Purjealus,2
Feikkituomioilla,2
Queeneissa,2
Ransuun,2
Elämöijä,2
Syttymää,2
Kansanvallankumouksilla,2
Ulostuloilma,2
Purjeveneilijä,2
Bongittanu,2
Jspp,2
Dragsatutunteja,2
Uusnatsirikollisia,2
Performanssihahmosta,2
Etupiiriiä,2
Turrihahmon,2
Lesbobaaria,2
Seksialakulttuurissa,2
Performanssikulttuuriksi,2
Danthermgroup,2
Työautoiluun,2
Alennusryysiksessä,2
Kassahlö,2
Meta_skarb,2
Umpilampi,2
Wilchins,2
Regressed,2
Lihamakkaraa,2
Kuluttajaparka,2
Socail,2
Kiinteistöpalveluun,2
Tuplaväärin,2
Meatballseissa,2
Queeni,2
Lähettäävät,2
Marjanmakuisia,2
Tavaratalomalli,2
Estetisoituna,2
Transykyrpää,2
Sirkusklovnit,2
Seksikulttuurilta,2
Naiskämppiksen,2
Alivuokraajana,2
Pilipalidataa,2
Satutunneilla,2
Tanssitaiteilijoita,2
Fetissikulttuurin,2
M19633,2
Seksuaalisuutten,2
Seksialakulttuurista,2
Fetissikulttuuria,2
Pikkujenkkiläksi,2
Sormussormi,2
Kiimamisu,2
Vähemmistöilmiöiden,2
Osallisustumisesta,2
Adpkzkh,2
Ilmastovakio,2
Waisia,2
Silico,2
Karkausyritys,2
Sellikamu,2
Koettupuoli,2
Työkkärinrahat,2
Aseidenvienti,2
Työttömyystuien,2
Kärsimyslaitos,2
Minuuttisitten,2
Jätegeenejä,2
Grahnsit,2
Radioaktiivisempi,2
Pullojensa,2
Balcohols,2
Ang2dve,2
Neuvostovaltioihin,2
Rajaturvallisuudensa,2
Koivuakin,2
Lehtomainen,2
Lehtomaiselta,2
Holhousasiat,2
Metsälautakunnalta,2
Pk9hrp,2
Suurvaltapelinappulat,2
Valloitusyrityksiä,2
Käenkaali,2
Käenkaalia,2
Sotaintoilijoita,2
Käsikola,2
Ristiretkeesi,2
Lehemää,2
Puhuteltaisiko,2
Puhelinumeroani,2
Ismokurki,2
Suomenkielin,2
Pikkulapsestaan,2
Hätääntyisimme,2
8x7ylk6,2
Sivistyssanakirjoista,2
Παράσιτος,2
Äärivasemmistoideologia,2
Kannattajinsa,2
Hämmästelevä,2
Strapilla,2
Fantasiointinne,2
Tettämässä,2
Näivät,2
Sulkupuoli,2
Wokeimmista,2
Homosoimista,2
Homouttamista,2
Vessahysteriaan,2
Binäärisyyksiä,2
Vessakäynneistä,2
Satutuokioilla,2
Be72,2
Kohtelust,2
Wokeajan,2
Omniseksuaali,2
Kahtiajakoo,2
Kapsaisiiniuutteita,2
Vessajuttuun,2
Yörauhasi,2
Terveysihmiset,2
Binaisia,2
Vessahysteriaa,2
Sananvapausmarssi,2
Kaksinaismoralismiskin,2
Perivenäläisissä,2
Kansallistamisissa,2
Ostoskoritutkimus,2
Kolmenkeskeiseksi,2
Vqizcj,2
Sairaaloissa_on_niin_kova_hoitajapula_ett,2
St087477,2
T80132,2
E_pyll,2
Runkolaskuri,2
Tapaturmapäivystykseen,2
Vessahysteria,2
Aut8a3nwgfe,2
Ruskalaavu,2
Munariskiä,2
Taaperonsa,2
Vetäytyneensä,2
Suattasimpa,2
Essencellä,2
Siviiliapua,2
V66ehz,2
Ibeqer2,2
Huulivoide,2
Miniyksiöihin,2
Gryderien,2
Tuuletettavuuden,2
Läpivetomahdollisuus,2
Transfobikoiden,2
Dinopuvussa,2
Mukademokraattista,2
Mosatkin,2
Taikasoppaa,2
Sivistysporvarillisena,2
Sotahissa,2
Zizzi,2
Iso_omena_kirjasto_espoo_matinkyl,2
Tullilomakkeessa,2
Ihotyyppisi,2
Ihotyypillesi,2
Koppiasuntoja,2
Finskasvenskas,2
Gaturally,2
Miesvapaita,2
Veroluetteloita,2
Rajoitettavassa,2
Rannoissa,2
Suosikkiranta,2
Nilkkakuula,2
Rataosittain_010422,2
Anniskelualuesäädökset,2
Elikeinonharjoittamisesta,2
Chromatic,2
Vaikeuttisi,2
Katkunen,2
Nudistirannalle,2
Itersex,2
Ikärajapyykit,2
Oikeustapa,2
Tiedonantovelvollista,2
Raportointivelvollisiksi,2
Valvontakehys,2
Isännöintipuolen,2
Kartellitutkimus,2
Kkvtä,2
Kansalsiyhteiskunnasta,2
Asianeuvoksen,2
Konsolipelaajaksi,2
Säätäminenkään,2
Kilpailunvalvonnan,2
Hävikkihinnalla,2
Elokuvateatterikin,2
Kestävyysajoja,2
Laaturyhmiin,2
Kuuntelulupaleimaisintuomioistuimelle,2
Maratoonaamisen,2
Bingeämisen,2
Bingetystä,2
S4lm9,2
Pyöräkiilan,2
Tunkkaisikin,2
_binge,2
Ujcdb5p2v0y,2
Huumeräppiä,2
Pirjoihin,2
Bingetettäväksi,2
Huonogeenisiä,2
Queerteoria,2
Lahjakorttii,2
Alitulkinnan,2
Hiuksellinen,2
Listalt,2
Meikkivoiteet,2
Huonogeeniset,2
Pukuhuoneitahan,2
Hiussiirtoon,2
Tt0144550,2
Tynnyrivatsa,2
Ahminnasta,2
Työolokohun,2
Pylle,2
Ponkkari,2
Jpg_q90,2
Jpg_,2
Välinäytöksistä,2
Partateräpaketeissa,2
Hälytinsilmukkaa,2
Tiedusteluajoneuvo,2
Äärioikeistohessu,2
Hälytinporttien,2
Lurauttelen,2
06vshx1dypo,2
1secefllapnjotxrd0vpk8vg,2
A4ki_housing,2
Sidotti,2
Betonitalojenkin,2
Ehostumiseen,2
Taskaritarinoiden,2
20kiinniotto,2
2doikeus,2
20vahingonteko,2
20liev,2
20petos,2
Tuoteportin,2
Sushirafla,2
Dewaltilla,2
Oikeusjärjestelyä,2
Koristelleet,2
Verkkoadapterin,2
Tolppalupana,2
Salakuunteluna,2
Orkkien,2
Kauppatieteilijällä,2
Kauppatieteilijöinä,2
Lapsenkenggissä,2
Patterihaan,2
Rivikoodaan,2
Sivuaineileva,2
Soustuu,2
Salaatinaineksia,2
Pottukattilaa,2
Salaatinpilkkojalla,2
Tiskaajalla,2
Alepäivinä,2
Hupipuuhaukko,2
Rivikoodareilla,2
Konekivääreita,2
Fedotoville,2
Firearm_mortality,2
Mallinnuspuoleen,2
Dipilla,2
Voimaelain,2
Pesäerolle,2
Musiikkijuhlilla,2
He613e96e3e,2
Akkulaitteita,2
Jeppekofod,2
Pedarointiin,2
Valsi,2
Retk,2
Tolppaluvassa,2
Väärinkäytötkin,2
Siivoajatkin,2
Perustamispääomaa,2
Afmsyao1cxe,2
Wj7pi0nhwrp1c2g,2
Cashbackina,2
Janikahannele,2
Elementtirakennuksia,2
Kuunteluluvan,2
Yhdiistelmä,2
Salakuunneltaviin,2
Etsimessä,2
Luotaanty,2
Lapsiperhekulttuurin,2
Pirjoaminen,2
Salakuuntelurikoksista,2
Latauspuolta,2
Jatkolevityksen,2
Zef354spsxg,2
Kohteletteko,2
Ukrainalaistamiseksi,2
Hoi030,2
Kyvyttömyuyttään,2
Natsipataljoonasta,2
Pommitukseksi,2
Murobbbs,2
Partnersseilta,2
Ratifioinneille,2
Keittokirjacookb00wall,2
Dagegen,2
Ravintolakierrot,2
Perusvaltio,2
Sarveiskalvoon,2
Känniläisinä,2
Terrorismitasolla,2
Pakastevartaan,2
Keskivertoapinan,2
Suvereniuuteen,2
Pakkoliittänyt,2
Venäjäkuvan,2
Naapuruussuhteisiin,2
Qnvful21vjssaibk8,2
Kodinputkimiespommeja,2
Räjähdysvoimaltaan,2
Stockeista,2
Tekmät,2
Aseväkivaltatilastojen,2
Stoppt,2
Mielipiteistämmehän,2
Sieluttomanan,2
Täysiautomaattisiksi,2
Nailonnarulla,2
Täysiautomaattiseksi,2
Lankahenkarin,2
Mediaseksikkyydestään,2
Ampumarataviikonlopun,2
Harhaanjohdattavien,2
Terrorismiasiantuntijan,2
Hoblofoobikoksi,2
Asefiilin,2
Jänkkäämiselle,2
Mouldy,2
Jänkkäämisestä,2
1185123050144hz,2
485121650ti120hz,2
Acipenser_oxyrhynchus,2
Fx506heb,2
Hn187t,2
12ue,2
G513qm,2
Hf225t,2
82j,2
Pullamössösukupolvet,2
Röhmuaminen,2
Valtionjohtoisuutta,2
Meiliboxi,2
Tyriän,2
Tyrjän,2
Opiskelijatunnukset,2
82k201pdmx,2
Lisäale,2
Laeppaereitae,2
Huippualella,2
Lisaealekoodi,2
Suhdeasteikko,2
Idiebändi,2
Keikanjälkeen,2
Remotes,2
Ajatusrikoslainsäädäntöä,2
Makuhuoneeseesi,2
Kuvanottajalla,2
Aseväkivallalle,2
Tipusilppuri,2
Lupiinistakin,2
Vastuullisuusperiaatteiden,2
Viinakuolleisuuteen,2
Työelämätaitoihin,2
Eliittiasenne,2
Hiilineutraaliustavoitteisiin,2
Lottorinki,2
Kertkeää,2
Meppikourallisen,2
Sinikaulusalalla,2
Aienopinnot,2
Hämeenlinnantiellä,2
Rantabaanalla,2
Juomahaluu,2
Planters,2
Mielikuvitussäännön,2
Pyörälijää,2
Hengiltysilmaa,2
Ignatova,2
Korjauskehotuksesta,2
Kilparadalle,2
Jarruremppaakaan,2
Vpu6m2,2
Kyläkauppatukiin,2
Talousokeiston,2
586b09fb,2
65ac,2
8de2,2
02db8c7b06cd,2
Pikkukauppakasseja,2
B2116558,2
Kuulemistilaisuuskin,2
Tunnekyvyttömältä,2
Liikkumisenvapaudelta,2
Diomeden,2
1sz381lbcz94op1x8inu17jg,2
Itkukonservatiivipiireistä,2
Asentajile,2
Valtioomistus,2
Peruslogistiikka,2
Ihmishenkin,2
Ydinvoimaomistuksen,2
Talouspöhinän,2
Viallisuuksia,2
Jampoakin,2
Aikatauluriippumattomuudessa,2
Bioligisesti,2
Geoblockki,2
3efpm0b,2
Gameettien,2
Työyksikköön,2
20luvun,2
A4ysten,2
20yksityiskohdista,2
20sopia,2
B6ehtosopimuksella,2
Papumylly,2
Moraalinvartioiden,2
Asiapolitiikointia,2
Silikoneihin,2
Oletusrahastoilla,2
Hampaistakaan,2
Hammastöistä,2
Mielästä,2
Conditiobeita,2
Phimosisrengas,2
Karvalutkutin,2
Vartiointiyrityksessä,2
L561,2
Yleishyveellisenä,2
Qiqqeli,2
Koristamana,2
Pienvirkistysmetsät,2
Magnetronista,2
Iccho_itoh,2
Pankeillahan,2
Kysynnyän,2
Kymmenpotenssimuotoon,2
Ihomes,2
Murhakirjeellä,2
Sleepinginairports,2
Bulkkibetonikoppeja,2
Asuinaluesuunnittelun,2
Remontoitavia,2
Ldp,2
6262024d,2
D65b,2
2b66360df245,2
Vhaku,2
Halutila,2
Väliviivamuotoa,2
Orjuutaneet,2
Kirjoitussuojatulle,2
Snorrin,2
Rillivastukset,2
Ammattijargonissa,2
Yleisluontoisemmassa,2
Urostiikerin,2
Alkkaa,2
62ad8840,2
42b8,2
Bbb4,2
Dfda11938b32,2
Fuksivuodelta,2
Cktvfqmts23ye0b55jgptr0uv,2
Jalkinee,2
Käsinpesulla,2
Navyhistory,2
Astioissasi,2
Glitchfeminismi,2
Normituloiset,2
Df80cf63856b4c1db06e9339ff49ec11,2
Sormimähmät,2
Tarjontakäyrään,2
Hammasteknisiä,2
Trumpilaiselle,2
Latte_macchiato_with_coffee_beans,2
Paukkupullo,2
Hmlääkärit,2
Ey28zyvpb6i,2
Häkkikellariin,2
Aritmeettisesta,2
Vauraammalla,2
Sateenkaarevuuden,2
Esihuuhdella,2
Vapaussodankin,2
Pahuuttaansa,2
Upseereile,2
Popittaan,2
Nuoruudenhuumassaan,2
Oikaisuliikkeitä,2
Rihkamakoru,2
Periaatteesssahan,2
Jboner,2
Petraannu,2
Metästi,2
Ohituspätkällä,2
Sivustanäkijän,2
Kostokierteet,2
Dft,2
Riskikuljettajat,2
Pridevouhotuksessa,2
Faksanneet,2
Pienpuolueasemaa,2
Huomionhakuun,2
Tulitikkuaskilla,2
Muutosvaatimuksen,2
Rubylane,2
S4424,2
Nopeushajonnasta,2
Daimlerchrysler,2
Dixieen,2
Vilunkikonsteilla,2
Karhuvuosia,2
Betonielementtiasunto,2
Automieheksi,2
Ohittamattomana,2
Kryptotuhon,2
Kokonaistransaktio,2
Julkisiata,2
Käyttövälineistä,2
Potkulautafirmalle,2
Trafi__taksiliikenteen_kustannusindeksi,2
010_tslhi_tau_101,2
Pysäköintikieltoalueita,2
Sensuurinkestävä,2
Elinkeinonvapaudelle,2
Informaationvapaudelle,2
Älysopimuksiin,2
Maailmankauppaorganisaation,2
Endthefud,2
Seksishortsit,2
Transkatiokuluilla,2
Kryptoverkon,2
Kalasteluohjelmat,2
Kiihdyttimet,2
Laskentakiihdyttimellä,2
Korttijättien,2
Isviirit,2
Ifh,2
Wfw,2
Normaalikäyttöiseksi,2
Lompakkosoftan,2
Pakkojarrutus,2
Kryptopörssien,2
Maatukiasema,2
Kermaiseen,2
Nettiyhteyttäkin,2
Traumatisoituvia,2
Cryptomaailmassa,2
Paskatokeneita,2
Porttikäytävästä,2
Ruokapankit,2
Kameliratsastajan,2
Peukaloimaton,2
Luottamusongelmaa,2
Nykyvuosikymmeniä,2
Liehittelyssä,2
German_soldier_with_flamethrower_c1941,2
Taivasler,2
Totška,2
Likvidimmäksi,2
Tokenisoimalla,2
H7phngtgdwg,2
Vapaapainoliikkeitä,2
Pystypunnerus,2
Tulvis,2
Perusjampoilla,2
Tekniikkaohjeet,2
Qq2bhx,2
A4yminen,2
Hjxjf7m,2
Kolmijakoisella,2
Stronglift,2
Pääliikkeitä,2
Alatalja,2
1xnunc8yg,2
_j2irrl2teypttvy5umx5ddcbsbmwfp9yhk,2
1xnunc8yg_j2irrl2teypttvy5umx5ddcbsbmwfp9yhk,2
Kevytliikenteelle,2
Kreatiinimonohydraattia,2
Energiaitsenäisyydestä,2
Rauhandiilinsä,2
Dappeista,2
Kryptonarkkinoille,2
Käyttäkseen,2
Hamstraaminenkin,2
Marketcappi,2
Stabiloituessa,2
Energiassuhteen,2
9cdffd0c8db5e48ebdc6e73c79fcf1ae,2
Lihasmassaksi,2
Yksijakoisen,2
Jälkiruualla,2
Geoblockerit,2
9w74aeuqsiu,2
Workout1pppp,2
Maksukanavalleen,2
Ostotakaukset,2
Täristäjä,2
Emepxx7rs5i,2
Ostotakauksiin,2
Lobbauslaki,2
Osammistuminen,2
Vehkees,2
Kantoin,2
Rasvavertaus,2
Sähköpostipyyntö,2
Konnarista,2
Sulkutransaktiota,2
Peräaukottomat,2
Laakamadoilla,2
Luotettavemmiksi,2
Ethereumillahan,2
Cebuanonkielinen,2
Vaikkutamiskanaviin,2
Kahvipaisumuksen,2
Rmqqter,2
Sjoittamista,2
Kovettuva,2
Arvonsiirtoverkkoa,2
Hypetermien,2
Basaarikaupaksi,2
Toimntasi,2
Rikollisuutesi,2
Tukihäkkyräksi,2
Striimisivusto,2
Tietopalveluilta,2
Epsteinien,2
Mepcosta,2
Ystävyysuhteista,2
Avaruusjoulu,2
Pääomallasi,2
Veropakkoa,2
Odetetulla,2
Taksiyrityksiin,2
Linjatessa,2
Yläpidän,2
Vuokrabisneksestä,2
Onboardit,2
Kadehtimia,2
Ostotakauksia,2
Garantiat,2
Vuokraluukkukierteestä,2
Omakotilo,2
Kokonaistakaukset,2
Sivumarginaaliin,2
Miljardööriveroja,2
Aseteiltaan,2
Omistusasuvista,2
Polkupyöräläheteille,2
Alustapalvelukyytien,2
Subventioraha,2
Uudelleenfilmatisoinneiksi,2
Kuluisena,2
Perähikiöiltä,2
Läheshometalosta,2
Tappiotaloja,2
Garantiakaan,2
Kaskukeskusten,2
Umpihulluista,2
Lainamarkkinoista,2
Luonnonmulistuksia,2
Taksiluvatta,2
Nsbgnipf3zq,2
3563s,2
Julkistettuaan,2
Suomalaisisa,2
Taksisysteemin,2
Tuppukylissäkin,2
Totaalikaaos,2
Paketet,2
Riskilainan,2
Paikallisesten,2
Kaskukeskuksia,2
Lainansaantiin,2
Tolikoita,2
Biljönäärit,2
Riskikkäämpiä,2
Sähköautolinjat,2
Riskilainoihin,2
Lainanhoitokuluissa,2
Osakekämppiin,2
Kyseisesellä,2
Työsuhdepolkupyörä,2
Säästämisellään,2
Riskilainaajat,2
Äärisympatioita,2
Lounaseduista,2
Riskilainaajia,2
Neutraali_n,2
6d9c52ea,2
Äärioikeistoaiheista,2
Saksalaiskaupunkia,2
Kampanjatilaisuudet,2
Kerryttävälle,2
Pärempi,2
Garantiaa,2
Pikavippityylinen,2
Mailmassasi,2
Pysakointiluolasto,2
Kulkumahdollisuuksia,2
Teknosirkuksen,2
Lyhennyskyvyn,2
Jonyyonnu2i,2
Lohkoketjunteknologian,2
Brottutuloilla,2
Pihvinmakuista,2
Megabudjeteista,2
Idafl8n2ys39b,2
Taskurahojaan,2
Vakuutusmaksuverot,2
Määritelmälllsesti,2
Hartialinjan,2
Nikamalinjan,2
Microfoni,2
Vetovoimaisimmassa,2
Seitsemäntoistavuotiaana,2
Aseistuminen,2
Kulutustavaransa,2
Vaalitäky,2
8h8c77,2
Dyiju07,2
93swdx,2
Qcucp0ohtuo,2
Mlrd,2
Kahovkassa,2
12x9,2
Asiakkaanedustaja,2
Lämmityspumppu,2
Päkkilä,2
Posenin,2
Lisäinflaatiosta,2
Demonihomoja,2
Haalealämpöinen,2
Top_marginal_tax_rates_in_europe,2
Decentralise,2
Kättelyihin,2
Vladimirissa,2
Urgdiaz4qng,2
Energy_transition_scenario_in_germany,2
Oppipohjalle,2
Uskontotieteellisiä,2
Mzi2mzk2ndqynzg6mzm3nti2mtewmzk0na,2
Ghd20,2
Hsp21,2
Tip21,2
Majureen,2
Pättäisi,2
Alistuneessa,2
Puolustusliitoissa,2
Ekoäly,2
Moldoviaan,2
Tiraspolista,2
Kyykkytanssi,2
Tunnepurkauksilla,2
Sterifilt,2
Sterifilt_uk,2
Formulapelejä,2
Ohjelmatoimittajan,2
Gtlk,2
Hellenicille,2
Naturisteilla,2
Kmidwkwgl,2
3vm,2
Energiamuutoksessa,2
Webbfirstimages,2
Almaz,2
Kojaamiseen,2
Naisreserviläisten,2
Nykymaailmantilanteen,2
Kassatyypille,2
Bombmanual,2
Spessuhyvää,2
Lihaksenkasvu,2
Biokuiduista,2
Varakanslerilta,2
607e9538,2
Aa3e,2
C01e6b2d8f9a,2
Talkpoverty,2
Sipojen,2
Vxbp9z,2
Varusmiespalvelus_mullistumassa_kevyet,2
Floristille,2
Sopivanlämpöisenä,2
Djemalertnews,2
Cooppimähinää,2
Viljelöille,2
Moraalistesti,2
Pravitel,2
Правитель,2
Asennekasvatustyön,2
Tovereittes,2
Opetussisällön,2
_yleisohjelma,2
Rihmankierlämää,2
Sailorrooscout,2
Haastajiksi,2
Ripassaa,2
Pinnaakkeli,2
Rahapelituloilla,2
Monthelie,2
Riottes,2
Kierdorfwein,2
Monthelie1ercrulesriottes,2
Mik1618,2
Kotipöytään,2
Porvaripuolueitten,2
Valkovenäläisensä,2
Syöksytäänkö,2
Kaasupulan,2
Matonpesupaikkoja,2
Mikropanimo,2
Kysyntärakenne,2
Koffeiinia,2
Exploretopics,2
Rahapelimonopolille,2
Laskentataitoisina,2
Kaasunmyynnistä,2
Sponsoroiduilla,2
Sponsorijuomatölkeissä,2
Tehoreserville,2
U1ux27,2
Mammalomalta,2
Budjettiruokia,2
Öljytankkeja,2
Saattohoitokynnystä,2
Omavastuulaskut,2
Pössytelystä,2
Rikostelemalla,2
Sirran,2
Tulouttamien,2
Miehittämättömälle,2
Avoluodolta,2
Osotteena,2
Ensiviisas,2
Kielenkärjellä,2
Palvelutarpeeseensa,2
Markkinahäiriöpesässä,2
Laulupuolessa,2
Stonemaista,2
Pyttipanu,2
Panssarintorjujien,2
Ambulanssikyytien,2
Höylähirsi,2
Döpta,2
Norrmark,2
Födelsedatum,2
Kastetuista,2
Dopdag,2
Edla,2
Särkisäilyke,2
Möd,2
Kuljetuspyyntöä,2
Lanssikyydit,2
Fettuccine,2
Kalkanian,2
Wihannekset,2
Saapumispäivään,2
Asenteleekaan,2
Minimivahinkoa,2
Sairaansijaa,2
Kalsaripyykille,2
Legiin,2
Varausprosessi,2
Bataattii,2
Alexanderplazin,2
Golfkentat,2
Metsakentta,2
Drooninohjaaja,2
Bulkkihinnat,2
Hintakattosopimukset,2
Ainesluetteloa,2
Asemanvaihto,2
Maksimiahdistus,2
Alustatalousfirman,2
Kipusignaali,2
Ekkon,2
Vinnytsjan,2
Vinnytsja,2
Epc2016,2
Karhuveikko,2
Moraalihomostelijat,2
Pisteoptimoinnin,2
Harrastustutkintoja,2
Minisite,2
Hakkeroimisen,2
Pihaputkiston,2
4mvt,2
Sxmauc,2
Eladio,2
Isoeleinen,2
Sulanapitokaapeleita,2
Merkityskentässä,2
Heläytä,2
Merkityksellistäjän,2
Jyrsijäongelma,2
Protestimedia,2
A775307,2
Venetyksiä,2
0r8nawyl,2
Itsenäisyyskokeilu,2
Snft,2
Keskustelunaloittelu,2
Sykealueista,2
3xvko,2
Parveillessaan,2
Acaster,2
Lukemisen_erityisvaikeus,2
Kivelällä,2
Ubique,2
Americangeo,2
Miesapteekkarilta,2
Yrityskentällekin,2
Reumatologian,2
Uudelleenkirjoitusprojekti,2
Ravintorikkaampi,2
Leasattua,2
Leasingvehkeen,2
Vzj7oi,2
Onko_haminassa_mursu_anne_tallensi_videolle_oudon,2
Naislääkäreiltä,2
Vauhtilenkeistä,2
Peruslenkeille,2
Palautumattomilla,2
Tönköillä,2
Virheasennoille,2
Vauhtileikittelyn,2
Lenkkinopeuksien,2
Lyconet,2
Vzgfma,2
Naisten_kokemia_kipuja_v,2
A4tell,2
A4n_ja_sill,2
A20794978,2
Marathoners,2
Tarzian,2
Jeselnik,2
Kultakalkkuna,2
Vihdassa,2
Lounasmyynti,2
Mututuntuilen,2
Oirekuvauksiin,2
Tyydyttävyys,2
Mieslääkäreihin,2
Rauhanydinkärki,2
Kazakeilta,2
Vxcovy,2
List_of_destroyed_ammo_depots_with_visual,2
Sisätutkimuksessa,2
Leikkauskipuun,2
Kuukautiskipu,2
Invalidisoivasta,2
Redrawing,2
Pimpam,2
Volvo69,2
Vohveliveneessä,2
Kopiotaidetta,2
Vuosisadassakaan,2
Hoitoperiaatteiden,2
Symppaukseltasi,2
Vznkpu,2
Vihreiden_kannattajista_puolet_hyv,2
Ig9lxkn,2
Liiviläisille,2
Bdsm_acronym,2
Russofiliaa,2
Väittelylupaa,2
Baddesigns,2
Sw2ev9,2
Öyhöävä,2
Avioituneilla,2
Mädätyspuheet,2
Yhteiskuntajäsenien,2
Kysyminmen,2
Huumespesiaalioperaatio,2
Makkarapellin,2
Propelleineen,2
Pannukakakusta,2
Sylkirauhasista,2
Webbisivuilleen,2
Tutkimattomaan,2
Pejantaina,2
Korkeempiin,2
Zy4mwk174c,2
Projektiopetusta,2
Oppijalähtöisiksi,2
Niputtamat,2
Opettajajohtoiseksi,2
Hoikimmat,2
Korkeakouluharjoitteluiden,2
Sokeripaskasta,2
Superlapsellisia,2
Laihuttanut,2
Säännöstelyaltaisiin,2
Pullonkaulatilanteissa,2
Asiakasorganisaation,2
1xn700g,2
Lisäverorasite,2
Hj60,2
Mursukänni,2
Faktantarkistuksista,2
Koulutusympöristö,2
Kraftnät,2
Nordsyd,2
Invalidisoivalta,2
Dlk00735,2
Quadrifoglio,2
Psychology_,2
Julkaisukanavahaku,2
Julkaisumäärien,2
Öljylämmityksestäkin,2
Sinkomiehet,2
Slingers,2
Välivuotoa,2
Seinäremontteihin,2
Asiaone,2
Historiapodi,2
355a1d447f1e6752c8b689f656e8431e,2
Nosiseptiivista,2
Kudosvauriokipua,2
Naistentaudeista,2
A6b8lhc,2
Viroihin,2
Rokottautimassa,2
Caicnkd,2
Kiputyyppiin,2
Tracyogunihonr,2
20percentage,2
20rmp,2
Tunnelmana,2
Soidinääni,2
Rumuushan,2
Hoitoannosta,2
550h,2
Viskeraaliseen,2
Tulehduskivun,2
Opetustuokiot,2
Backpedlausta,2
Kehittämiset,2
Telanderin,2
Simplici,2
Kipumuotojen,2
Kipumuodoissa,2
Asfalttiralli,2
00c9edea9b684fcde3f76cf38389e891,2
Kulminoit,2
Cjwkcajw5s6wbha4eiwacgnczdl4ksrli3kol7gnwhznr169e26,2
Mörösta,2
Mitätöintien,2
Huonojalkaisen,2
Lontooseekaan,2
Teityllä,2
Fillarityyppi,2
Siltahanketta,2
Tilankulutuksella,2
Neliökilometreja,2
Reumakipua,2
Poikkileikkausaineiston,2
Tutkimusmuotona,2
Subventoinneista,2
Ammuslogistiikan,2
Hinnoittelujaksoa,2
Selitysvoimaisempaa,2
Potilaskokemusta,2
Minuuttasi,2
Päästötonnista,2
Yksinkertasempana,2
Ruoa,2
Omaisuuserällä,2
Thesoul,2
Ruokatieteilijältä,2
Joukkoliikennehintoihin,2
Panikoijalla,2
Minimipysäköintivelvoite,2
Vahingonkorvausen,2
Ulvaden,2
Painotussuhdetta,2
Tsemppaama,2
Kariranta,2
Dlk00215,2
Presidenttineuvostossa,2
Associazione,2
Verace,2
Rakentamisboomissa,2
W1tjeg,2
B6ntuotanto_starttaa_joulukuussa,2
Voimalasuunnitelmat,2
Tuotantotukiaisia,2
Ekoegot,2
Sisänahka,2
Riiputa,2
Höyhtyvät,2
Jänteisimmät,2
Keltasipulisilppua,2
Kullertavan,2
Rintalihojen,2
Keitinliemestä,2
Kivispiiran,2
Leipäpalojen,2
Alkupaloina,2
Suurustaakin,2
Täkästä,2
Kaupunngeissa,2
Vzr0su,2
Ammattikalastajalla,2
Harrastajakalastajilla,2
Ohjauskonsolin,2
Sinikko,2
Siipipeiliä,2
Tulehduskipua,2
Amenorreaa,2
Duo99751,2
Vähälapsiset,2
Heittopeltiä,2
Kuitusiiman,2
Sähköhuoltovarmuus,2
Teknillistaloudellista,2
Rikkihiukkaisia,2
Kommmenteissa,2
Ydinjätevarastoon,2
Asikloviiria,2
Liiittymisprosessia,2
Gutierres,2
Notebookilla,2
Deeplearn,2
Timanttipattereita,2
Dd7b175f,2
E3f3,2
522c193be4a6,2
Muuttivatydinjatteen,2
Kestaviksi,2
Timanttipattereiksi,2
0f3d682a,2
269c,2
89a6,2
8ad9fbe4786e,2
Energystartups,2
Endometrioosihoitoa,2
Amenorreaan,2
Raittiuspiireistä,2
Vaihehtoisessa,2
Vanhempainvapaarahan,2
Militanttivegaanien,2
3xfauhg,2
Kutsuvaiheessa,2
Hoitovastikkeellakin,2
Vertailta,2
Valiokuntatoiminta,2
Tilastoidulla,2
Hoitoviiveellä,2
Tietokantakatsaus,2
Yhdistelmäehkäisyvalmisteita,2
Yleisvarmana,2
Yhdistelmäehkäisyvalmisteet,2
Yleisvarmoja,2
Progestiineja,2
Amennorreasta,2
Paskapuheeni,2
Lähdehaun,2
Päästömatematiikan,2
Haaroitetun,2
Seisomapöytänä,2
Nekomatata,2
Haminalaisia,2
Endometrioosipotilaille,2
Kuormantasaukseen,2
Poikkituki,2
Isännöitsijan,2
Julkasulta,2
Keskuskissa,2
Fuerdait,2
Kierosilmäiseltä,2
Päivystyshomma,2
B86b76ef1bc2c6c5e03ab63e061e6a17,2
Assettiarvoihin,2
Diskonttokäyrää,2
Framnäs,2
Dailyboulder,2
Asiakastoiminnasta,2
Brndifl,2
Inio,2
Raapaiseva,2
Kristallikiviä,2
Mcstash,2
Mcstashia,2
Yhdistelmäehkäisystä,2
Wq71,2
Pankkimellakat,2
Ringway,2
Viherliikkeiden,2
Tupruttajan,2
B9780081030172000027,2
Paskatuote,2
Annoinpas,2
Uimakoulustako,2
Gynaecologists,2
Igzzm05,2
Issendai,2
Estrangement,2
Haittaveromalleja,2
Meriahventa,2
Maankosteuskartasta,2
Kurakebabin,2
Matokompostoria,2
Hasirissa,2
Sbar,2
Sormenosoitteluja,2
Göräns,2
Hassasitte,2
Preppaatko,2
Gemüse,2
Illyrians,2
Currysoosia,2
Schaibat,2
Webarchiv,2
Textarchiv,2
Kw15,2
Araratissa,2
Lääkintämuodoista,2
Sijoitushimmeli,2
Sijoittamattomuusstrategian,2
Uniperiakaan,2
Upiassa,2
20arvonlis,2
Takaustoimintaa,2
Palkkiotuotot,2
Ooettamaan,2
Sijoituspolitiikkasi,2
Mursuherran,2
Mursuherra,2
Kaksoissokkoutettuja,2
Kadir_nurman,2
Tupssa,2
Sokaliin,2
Vihapropagandaansa,2
Mursukeskusteluun,2
Sizees,2
Kenttäpoliisina,2
Mielentilatutkimuksella,2
Terveysvasteelle,2
Прощайте,2
The_sexual_politics_of_meat,2
Irtauttamisen,2
Puhelinosakkeille,2
Ratifioineeksi,2
Kebaanit,2
Astrid_qvist,2
Rollost,2
Rapinkin,2
53a6f7d323a88aace01d3c6ddb2e60c0,2
Whitesnaket,2
Yhteistaksi,2
Vakioreitille,2
Vakutuusmaksuveroa,2
Discostahan,2
Opiskelijasoluhuone,2
Tukkulihaa,2
Iktaffd8fsa,2
Vakuutusmaksuverotus,2
Sotastragiaa,2
Hoitostrategian,2
Esimerkkivä,2
Kebulihaa,2
Mursuu,2
Feministikopla,2
Islamsäkkiin,2
Satunnaismuuttujiksi,2
Nuorisopolku,2
Katalooneja,2
Ikestään,2
Guupee,2
Rootsin,2
Nykymaksajan,2
Eläkekertymääni,2
Sotkusessa,2
Pyramidihan,2
Sotienjälkeiseltä,2
Eläköidyttiin,2
Hedelmäsoseet,2
Tekosissa,2
Laadunvarmistamissyistä,2
Työttömyysmaksuineen,2
Korkeahkoiksi,2
Täyskapitalisteista,2
Berliininmunkkiin,2
Eläkejärjestelmäuudistuksen,2
Ukrainalaiskapinallisten,2
Sinivalkopääoman,2
Investointipääomat,2
Bnncm8gvsx8,2
Mursusaagalla,2
Megafirmassa,2
Testisuureen,2
Belike,2
Luotavien,2
Adsorptioprosessin,2
Reseptehin,2
Puhelija,2
Exitwithcode0,2
Mutustelija,2
Sektiokaan,2
Yhteistyökumppaninaan,2
Läheteny,2
Kuoh,2
Alkoholiminä,2
Mahb,2
Ahdistelukulttuuriin,2
Paikallispuudutteella,2
Keruuvelvollisuus,2
Ryhmästatukseen,2
Perunarutolla,2
Quidditch,2
Rikosilmoitusrekisteristä,2
Tenniskenttiin,2
Taoahtuvat,2
Fayum,2
Lappi_,2
Pelikelvottomaan,2
Lypsytilallisilla,2
Pysäkistäni,2
Rahankerayslupaa,2
Ostoalustalle,2
2blwovylwyu,2
Koodisanastoa,2
Sarvenaiheet,2
Wranglerin,2
Porukoitani,2
Ruusukimppuja,2
Vähemmistöosaan,2
Ocpcmghnefmdhljkoiapafejjohldoga,2
Asvalttiskuutti,2
Mantiksessa,2
Gyllet,2
Koalakarhu,2
Ostomorkkista,2
Siviilitransponderia,2
Päävirtakatkaisijaa,2
Syömisikkunaa,2
Viljelymaatalous,2
Tuttavissaan,2
Inflaatiotermin,2
Rehuruokinnalla,2
Sairaalasiivessä,2
Rohkeeseen,2
Rauramolla,2
Ahtonite,2
Vegaanijärjestöt,2
Jenkkinavetasta,2
B6reningen,2
Ravinnonhankintatapa,2
Bjinv6ffo00,2
Torrenttiservu,2
Hörpöttämässä,2
Vakuuttaneilla,2
Majesteetillisesti,2
Viljelysmaaosuuden,2
Warnt,2
Anestesialääkkeiden,2
Koostetutkimusten,2
Kuluttajaturvan,2
Duunitahtia,2
Verkkokauppiaalta,2
Kirkpinar,2
Climateskeptics,2
Ruoansaantinsa,2
Sairaanhoidostakin,2
Konsultoijaa,2
Hintavassa,2
Tippauksia,2
Vhx,2
Atoslive,2
2adf4a1d,2
8f23,2
33752772c35e,2
3e2fc024,2
Bjjee,2
Talutettavaa,2
9hlzl,2
Xvvcrzhfo1itsuicque68,2
C24d5886,2
29b4,2
Konsultointiapuun,2
Aksiomaan,2
Aulakameran,2
Myllyvilja,2
Konversiomaksujen,2
Tarttuisivatpa,2
Lakkautamalla,2
Tippaukset,2
Juomarahain,2
Juomarahoiksi,2
Puuntuhooja,2
Hapanoluisiin,2
Puutoslistalle,2
Pikkutukarit,2
W5ayxc,2
Valvottu_k,2
B6tila_huumeita_k,2
A4ville_aloite,2
Sairaalatyyppinen,2
Porters,2
Pesänselvittäjästä,2
Siileiksi,2
Piikkeihinsä,2
Jenkkiurheilun,2
Urheiluliigaa,2
Eliittijoukkue,2
Yliopistourheilussa,2
Rumuussuhteesta,2
Bescara,2
Örvellyskännien,2
Mitetitkö,2
Vattuihin,2
Kärrypoletin,2
Korentojen,2
Frittis,2
Maarattava,2
75ul29,2
Edustu,2
Zeppelins,2
Suosikkielokuvikseen,2
Loiskista,2
Truefilmsissä,2
Snowpiercerille,2
Vuokraoligipolin,2
Tupakansavuja,2
Jehovapaska,2
Hislopin,2
Nimrodia,2
Tarkkuuskello,2
Sairaalakuluille,2
Msic,2
Huumedokumentteja,2
Marginaalisimmat,2
Marginaalisimpiin,2
Vanhimmisto,2
Mokasitte,2
Vaikutuspyrkimyksissä,2
Positiivisuusviestintä,2
Saarnaustyössä,2
Vanhimmistolle,2
Haaratoimistojen,2
Bjmcgbj,2
Energiatehottamassa,2
Paastottuna,2
Paastoavien,2
Pudia,2
Honkametsä,2
Markkinointikonsulttiyhtiön,2
Kustannusarviointeja,2
Laitarepublikaanin,2
Toffifeetä,2
Roastattavaa,2
Letterboxdia,2
Valkosipulipanini,2
99tapionp,2
Erikoismuodot,2
Rightis,2
Konventteihin,2
Luomiskyvytöntä,2
Kokkaajalle,2
Kuluttajavetoisemmaksi,2
Valehtelemattomuuden,2
Kuvaavankin,2
Paljonvaltavirtapolitiikasta,2
Vieroksuttavia,2
Soijarouhekastikkeen,2
Cookingmadehealthy,2
Nettovarallisuuksien,2
Mitätöivänä,2
Loukkaaseen,2
Da76ce2646d1598f1a53e762dd54d23a79ae2ab8,2
Kuolemankellon,2
Todistajuudessa,2
Dissonaatio,2
Vikurapää,2
Äidissäni,2
Uf3030479476,2
Uskaltautumisella,2
Maksipaine,2
Meikäneitsyt,2
Matkakirjoituskoneella,2
Ihmiskyrpyyttä,2
Liiterissään,2
Ikäisyyteensä,2
Skyyttiläisteoriaan,2
Palottelusta,2
Tarkastuslomakkeen,2
Merkitsemisvirhe,2
Virhepäätelmässäsi,2
Pyöräisille,2
440mm,2
Arvojaottelu,2
Unkarilaisethan,2
Xiongnuista,2
Trailerparkin,2
Ruokapaivakirja,2
Valtimotaudissa,2
Kauppakassikuvat,2
Venäläisturismista,2
Liikkumispuoli,2
Lisaravintoa,2
Suoratoistotilaukset,2
6u0hfo,2
Tappoivatatkin,2
Massatuhoksi,2
Punasipulikuutioita,2
Zuomen,2
Otsegu,2
Darqoididqo,2
Sipulisaatio,2
Sovittelunhaluinen,2
Rotuhygieenikon,2
Solshenitsyn,2
Uniapnealaitteita,2
Kilokalorimäärä,2
Yhtiökokouksien,2
Giboxen,2
Tarkasteluita,2
Työintensiiviset,2
Alikaloreilla,2
Työttömyyskassajärjestelmän,2
Höpödieettiä,2
Duo13175,2
Suomensosiaaliturva,2
Neliporras,2
Anoreksiataustan,2
Verojärjestelmäsi,2
Terveydenhuoltojärjestemiä,2
Kuvautunut,2
Käsitemaailmassa,2
Rekkakuskinkaan,2
Mulkvistisuudesta,2
Koukaus,2
Himmaavasi,2
Täystehosilla,2
Masydzb,2
Tuomiokirkonaukion,2
Tuplaviivan,2
Pyöräilyviivoja,2
Hermopaineen,2
Vyöhykkeellinen,2
Puuvillafuton,2
7b33f535,2
780ec6eb9e0a,2
Yhteiskuntapolitikka,2
Saengynrunko,2
Maenty,2
Lindbaden,2
S89496002,2
Tu1h9mgxmovxuvzy6,2
Michaeltnietzel,2
W7uej0,2
Pyöräliikennekkin,2
Sulkuviivas,2
Battōga,2
Kaahailis,2
Röökamisen,2
Sarioe,2
Brankkareihin,2
Onnettomuustutkijoihin,2
Sivuhaju,2
Exposaus,2
Asiankulkua,2
Kansanosna,2
Hoitokotitodellisuudessa,2
Tunnuksellesi,2
Säästöliekistä,2
Paneelisto,2
Munakoisotahna,2
Workoutina,2
Espnajalaisten,2
Dqetcadrbbyaqvwt6,2
Asettautuakseen,2
Kondenssivesien,2
Yhdistelmääni,2
Zoomerkieltä,2
Kvarttaalihuollot,2
Toiminnanohjaussoftan,2
Suojausviltit,2
Likajälkiä,2
Perintöjalkalamppuja,2
Terveydenhoitotietokanta,2
Terveydenhoitohommat,2
Pudotusvalikothan,2
Kiinnitysvaihtoehtoja,2
Pienpanimotouhu,2
_sohvan,2
Pyynikinpanimo,2
Yhdennettynä,2
Vaivoihinhan,2
Perämehtien,2
Discoverabilityn,2
Quinceyn,2
Intimatepartnerviolence,2
Ipvsvandstalking,2
Seksuaalirikoslainsäädäntöön,2
Röntkenis,2
Possunaarastani,2
Koralliriuttaa,2
Cabjonr,2
Myyntitytäryhtiön,2
Ilmailupuisto,2
G664857,2
D1548625,2
_mogan,2
Ij8wt7o,2
7rhlgz9,2
Opiskelitkaan,2
Keinomakeuttajia,2
Kertakäyttöasioihin,2
Noudettaviksi,2
Himassaaan,2
Sikamusiikkia,2
Ui1plai7xj0,2
Painmakerilta,2
Aasiakkuus,2
Ohennuksella,2
Lenswayltä,2
Alholismia,2
Hypermaistuvuus,2
Ohennetusta,2
Hiomon,2
Puoltaminuuttia,2
Tiputusnopeuksien,2
Lihasössöä,2
Xoh0pjpb4pc,2
Suomipienistä,2
Laspek,2
Pekonihessuista,2
Legalise,2
Tuotantopään,2
Kusetustermi,2
Abortintekoa,2
Alkuhärän,2
Huorittelematta,2
Ettinen,2
Päihdekäytöön,2
Kiinostuspohja,2
Solgarin,2
Putkimallisissa,2
Aborttihomma,2
Persgrillejä,2
Autokohtaiseksi,2
Laitiselta,2
Kthuumerikokset,2
Kassikoukut,2
Realiaikaisen,2
Lisäominaisuuksille,2
1320e,2
Kuukausimaksullisessa,2
Konkurssikelpoinen,2
Suorittamattomalle,2
Samahtaa,2
Hyttysettömyys,2
Hyttyskarkottimista,2
Litchfield,2
Varustepaketeilla,2
Keittiodilemmaakin,2
Kortonkipaketin,2
Nistikujalla,2
Kevätsipulit,2
7mpxrx,2
Ajotietokoneelta,2
Rosvohommiin,2
Wagyupihvin,2
Tunturilammelle,2
Vaellusvideoita,2
Kuluttajapäädystä,2
Kävellessähän,2
Päivämuodon,2
Lihaklönttien,2
Labralihatapauksessahan,2
Mokl2xgzlw0,2
Sekoittavaan,2
Kirjolohista,2
Ympäristövouhkaajat,2
Jaysire,2
Lukitseeko,2
Ruumiishuoneelle,2
Heikkohermoisiksi,2
Vetoniemen,2
Kosmopolitti,2
Petoaitoja,2
09maauart4m,2
Urheiluautoiksi,2
Urheilusedanit,2
Franchisingina,2
Karkkipaperipusseissa,2
Voikukanjuurista,2
Oviset,2
Coupét,2
Tourerit,2
Vankilaanheittämiseen,2
Kaksiytimisinä,2
Meranrantavyöhykkeellä,2
Sijoitustaitoa,2
Katthinta,2
Generointitapoihin,2
Sitoumusehdot,2
Ylikuluttamatta,2
Yhteisoasuminen,2
Teufelsberg,2
Abandonedberlin,2
Baerenquell,2
Reaalisetkin,2
Portfolioissa,2
Keulimisiinkin,2
Öttiäisistä,2
Flamma,2
Luopumeet,2
Verovapautenne,2
Saieaalalääkärin,2
Mailmanhistoriassa,2
Pyramidihuijauksee,2
Merikarhullekin,2
Ropefantasian,2
Peikkolaiseksi,2
Runequestissa,2
Peikkolaiset,2
Itsepilkkaan,2
Eläkeläisharrastus,2
Kustilinjassa,2
Hiidenpeikko,2
Kuljetusvälineen,2
Tilausmaksullisena,2
Hiparii,2
Fumblasi,2
Mamasan,2
8tn,2
Työkäsineiden,2
Miriel,2
A4isille,2
Kaistoihi,2
Mutanaamoja,2
Kesäkokemus,2
Paskamädätyksen,2
Maatalaoutta,2
Lumenpudottimilla,2
Sekunillakaan,2
Hevipussissa,2
Epätavallisuutensa,2
Raharikkaalta,2
Wazwhk,2
A4yssotaa_k,2
A4yvien_maiden_kansalaisten_p,2
4200kwh,2
Laskupohja,2
Puukotusvamma,2
Grendelin,2
Illiaassa,2
Illiaan,2
Elessar,2
Laskutusfirmalta,2
Kevytyritysfirma,2
Valomainoksensa,2
Skootterikäyttäjän,2
Suoraveloittaa,2
Avainlätkän,2
Piipattavaksi,2
Klassikkohahmo,2
Drowina,2
Sketsityyppisiä,2
Tiedonhankintasi,2
Trivialisointisi,2
Etätarkastuksen,2
Takatelineeseen,2
Venäjäapologiaa,2
Venäjäapologismia,2
Tiinehtimistä,2
Jaloittelumahdollisuuksista,2
Recorderlig,2
Limulinjalle,2
Guyaranaa,2
Nuys,2
Tervakarjala,2
Shokataa,2
Jaloittelutilaa,2
Avoimenkirjeen,2
Lehmätoffeita,2
Rötöskierre,2
Mursupuku,2
Auttamisyrityksistä,2
Käsidesitki,2
Vhq9qecqu4w,2
Käsidesiautomaatista,2
Kommunismiperintöä,2
Punnituslaput,2
Uudistusurakalla,2
Kehonpainolleen,2
Escamar,2
Perkuujätteeltä,2
Saappari,2
Wowservers,2
Kaulakorumysteerio,2
Esimerkkiruokia,2
Erityisopetusluokalle,2
Paperibyrokratiasotahelvetti,2
Perunavihannespakaste,2
1xcvpgbbfsufsv8wib2bkdbsfuzznv9ikwww8kkmmeca,2
Iltavuorolaisen,2
Viileelle,2
Omomomomom,2
Pihavahti,2
Betonipohja,2
J1xbjhy,2
Läpsyissä,2
Viramomaisia,2
Ammattijohtajilta,2
Paastoamispainotteisesti,2
Edtimes,2
Kjäyh,2
Ds2432,2
260m3,2
293kg,2
336kg,2
003c,2
Konkurssikypsiksi,2
Talousfilosofialla,2
Puoluteita,2
Maanveiljelijät,2
Määrillehän,2
Reaktiohakuista,2
Rakentavuuteen,2
Sappinesteiden,2
Elintarvikkeilleen,2
Murkinastanne,2
Markkiniden,2
Hyvinvointiovaltiota,2
Riskibisneksiin,2
Mediantuotannon,2
Markkinamääritelmässä,2
Karjalaistaustaiset,2
Ryssänpentuina,2
Vakuutusvelvollisuudestaan,2
Omatoimisestikaan,2
Lentokenttärumbat,2
Tuntilaskutushinnan,2
Ecliq,2
Perinnöllisyystiedettä,2
Eläintiedettä,2
Studyyear,2
Ajokyvyttömäski,2
Kryptosijoituksiin,2
Middleeasttime,2
Sekoileville,2
Videokuvaamisessa,2
Trophyna,2
Kurssimuodossa,2
Vaihtarikaverin,2
Juhannustaian,2
Hankintalupaa,2
Ääninauhasta,2
Ammusvarikoiden,2
Salttia,2
Ihmissuhdedraamat,2
Olemattomuuttaan,2
Vihervassarinkin,2
Petollisina,2
L17p25,2
Republikaanipoliitikon,2
L24p6,2
Seksipositiivisuutta,2
Laadunvalvonnallisista,2
Miehitysvalta,2
Toimivampikin,2
Chickenit,2
Alenin,2
Aattelitteko,2
Pakastepuolelta,2
Höllentyi,2
Kivikylällä,2
Maustesotkut,2
Ompelulankaa,2
Tukipuita,2
Wilhelmillä,2
Teiniparit,2
Käskeneensä,2
Seksifilmejä,2
Kastiket,2
Salaattimix,2
Paneskellessaan,2
Karmivissa,2
Punakoneesta,2
Kaapist,2
Deontologisesti,2
Pottumussia,2
Punaviinikastikkeen,2
Pussikastike,2
Vammaiseläkkeelle,2
Kysesen,2
Vittaisi,2
Paistilihat,2
Spagettikin,2
Seksiturismilla,2
Paskasana,2
Vastuutti,2
Strollers,2
Hengähdyksestä,2
Peeing_sitting_down,2
Caprihousut,2
The_best_men_can_be,2
Vettenpäällä,2
Ihmisoikeusajattelulla,2
Suojapellit,2
Shakkimatittaa,2
Uhrinsyyllistämistä,2
Ihmisalkioiden,2
Onnettomuudes,2
Lähtöporttia,2
Lennolleni,2
Ruutupaidan,2
Grillihiilillä,2
Rasvamössöstä,2
Sinaapin,2
Poikapuolisen,2
Tegelissä,2
Viherpiipertäjältä,2
Seksisession,2
Oppailta,2
Kamerunilaisesta,2
Agendahakuinen,2
Maahanmuuttotaustalla,2
Tuotoja,2
Luokkaamisesta,2
Touhuaisi,2
Autosegregaatio,2
Nauhoittelu,2
Retrofuturistista,2
Äänittämisessä,2
Akusaarelainen,2
Harrastusvalineen,2
Pituusrajoja,2
Aborttitilanteissa,2
Nauhottavansa,2
Paisteleen,2
Ruiskauksen,2
Käyttäjätiliisi,2
Luonnonsuojelullisessa,2
Tiedusteluretkellä,2
Panonsa,2
Teinimutanttininjakilpikonnan,2
Basrissa,2
Suostumuskaavakkeista,2
Energianvarastointi,2
Lojaliteettejä,2
Siittämispäiväksi,2
Vahvistamiin,2
Tunneperusteinen,2
Tuulilasinpesunesteestä,2
Bajamajoihin,2
Todisteleen,2
Bajamajatkin,2
Tykäät,2
Sosiaalipolitiikkaakin,2
Selkämerkki,2
Matkakumppanille,2
Ispien,2
Alennuspäivinä,2
Oikeuskäynteihin,2
Möhinä,2
Abfjuqp867g,2
Lanseerasit,2
Abotin,2
Persenreikä,2
Huuhdeltuina,2
Vapaaehtoisryhmä,2
Pelastusvelvollisuuden,2
12vkon,2
Runsaimmista,2
Leiansa,2
Ab1,2
Kololla,2
Kyyberpunk,2
Enemmäb,2
Nimikkokala,2
Perusvarustelun,2
Kuukaudessakaan,2
Virittämille,2
Aborttikieltoon,2
Venetyypillä,2
Selipaatti,2
Pikseleita,2
Kelvanut,2
Asetettiinko,2
Aikamonessa,2
Lippusalot,2
Myrkyttele,2
Mehevimpiä,2
Ihmisvihansa,2
Aborttivapaus,2
Jututissa,2
Traagisemmat,2
Myymälävarkaalle,2
Isänmurhan,2
Huohotan,2
Sännöistä,2
Vientihyödyke,2
Pystypalkin,2
4r62zekrkde,2
Työnhakuilmoituksessa,2
Kastikemainen,2
Tehtäisikin,2
Sinemasta,2
Terkkalääkärinä,2
Wokeisto,2
Masinoiduilla,2
The_violinist,2
Rullaverhojen,2
Ikäriippuvainen,2
Kohottamisena,2
Valehdellä,2
Kamulla,2
Suurpääomalla,2
Suomish,2
Maailmankatsomuksien,2
Pinkkitukkaisia,2
Pistosjälkeä,2
Muodustuneet,2
Piirtaa,2
Zelenskij,2
Yksityiskuluttajalle,2
Nukkumaanmenoo,2
Asennettuaan,2
Masokismina,2
Persoonallisuudellani,2
Maksukyvyttömyydet,2
Urealle,2
Tanat,2
Homokoiran,2
Omanoikeudentuntoista,2
Oikeassaolevat,2
Museonmerkki,2
Nykykäsitysten,2
Kontekstisokeaa,2
Weirddalle,2
Kielivariantteja,2
Ebrahimit,2
Mussoliniksi,2
Tulkituista,2
Rubeja,2
Parempua,2
Marinaati,2
Sinema,2
Jäähdytyssiilejä,2
Kolisuttavia,2
Accompanies,2
Brutali,2
Kehuskelemasta,2
Hiippaillu,2
Nöyryyntymään,2
Kodifioituna,2
Huilujen,2
Ryhmälipun,2
Stokastisella,2
Alienoituneita,2
Republikaanituomareiden,2
Ihmisheimoja,2
Blogiansa,2
Arkahan,2
Puolimetrisiä,2
Koetellun,2
Ratasillan,2
Näennäisestikään,2
Pestihän,2
Kiukkuisella,2
Bisneskikka,2
Terrorismiasioissa,2
Printtereissä,2
Kovettavat,2
Perusteltavasta,2
Cuisinea,2
Appropioivat,2
Nakosia,2
Kjellenin,2
Bismarckilta,2
Laulaakseen,2
Jäähdytettyinä,2
Ahkerii,2
Ajattelumaailmojen,2
Kumppi,2
Takerrella,2
Lastenaterioita,2
Molluska,2
Rukkaamisessa,2
Tupakkatehtaalla,2
Tyyppivirhe,2
Whatabotismista,2
Protoilu,2
Inlfaation,2
Rataliikenne,2
Depressiivisen,2
Seuraavanlaisissa,2
Sammakkofoorumia,2
Toiseutensa,2
Höykkyytystä,2
Kunniaahan,2
Harteikkaita,2
Kertakäyttölasiin,2
Roolileikkinä,2
Uppopaistamisen,2
Tuottovaatimuksista,2
Spacious,2
Unvoiced,2
Uselessly,2
Pullover,2
Enameled,2
Pianos,2
Rumblings,2
Lullabies,2
Roikutan,2
Latteissa,2
Kahlauksella,2
Kertalaukauksilla,2
Kypsennettyjen,2
Vähäjärkisen,2
Myyrävuosi,2
Ratatöihin,2
Mp4sj7ydfqm,2
Viraalimarkkinoinnit,2
Doksaamisen,2
Erikoiken,2
Jälkikeynesiläiset,2
Elinkelvottomuuden,2
Aborttiargumentit,2
Viuhahtaen,2
Klassekampen,2
Omv,2
Chorizonakit,2
Huljuttamista,2
Selamat,2
Kansa_,2
Lämpöputkilla,2
Guimarães,2
Faron,2
Vatikaanissakin,2
Palopäälliköt,2
Minimitasoista,2
Legosettejä,2
Plavelua,2
Nilkkan,2
Vakuutetuilta,2
Emergoituvaa,2
Henkevyyttä,2
Palkkatutkimuksiin,2
Senmukaan,2
Lentsuun,2
Täysjärkinenhän,2
Holokaustinkieltäjän,2
Livekeskusteluja,2
Pölhöpopulistin,2
Ilmoituslomakkeen,2
Reunahuomautuksen,2
Luonnonmetsävyöhyke,2
Mettänsä,2
Onnittelukortit,2
Laboratoriaan,2
Huuhtoutui,2
Aanestysta,2
Eurovaalikauden,2
Paperilappusilla,2
Koulutuskusetuksen,2
Muiskaus,2
Rullatun,2
Tienpientareet,2
20tasa,2
Alihoidettuja,2
Työterveytenä,2
Puistopiknikille,2
Retkieväät,2
Tautisina,2
Lääkäriresurssit,2
Sipata,2
Heikotukseen,2
Ferritiinimittaus,2
Pointedly,2
Tarjoiluksi,2
Alikapasiteetti,2
Ylikapasiteetista,2
Artikellin,2
Varallaolossa,2
Pelastustehtävästä,2
Paloasemille,2
Kivenlohkareet,2
Verkkohattu,2
Kirkonkyliin,2
Mömmömkisoihin,2
Pyöräillytkin,2
Kuumemmassakin,2
Eristävästi,2
Rullakebuja,2
Toisinajattelevan,2
Asiaväitteitä,2
Maanteidenkin,2
Talkoopäivä,2
Survoisin,2
Metallurgin,2
Hipistellä,2
Hoitolinjausten,2
Ihmettelmistä,2
Vinkattukin,2
Avalanchelle,2
Nykypalveluissa,2
Lempisuklaata,2
Kiekkojeesus,2
Duchene,2
Bednarin,2
Karvauspeliä,2
Tähtivoimaa,2
Varjoo,2
Kroisanttia,2
Kyydittämänä,2
Kiinteistöverotulot,2
Mömmömkisoissa,2
Keitettäviä,2
Hyönteiskannat,2
Hypääs,2
Oikeastikki,2
Oceansignal_plb1_hatalahetin,2
Yhteyskunnalliset,2
Tilataksia,2
Taksimme,2
Tuoksukynttilöistä,2
Kikhernesalaatti,2
Nuudelisalaatti,2
Pukeuduttuaan,2
Käyttänyy,2
Soutuveneessään,2
Lisäveden,2
Junahenkilökunta,2
Rekolaa,2
Festivaaliliput,2
Mittailtiinkin,2
Coimbrassa,2
Ahvo,2
Valmistuskeinot,2
Mikrofoniaan,2
Megatähden,2
Jalkateristä,2
Joenvarren,2
Luonnonkukista,2
Konkurssissaan,2
Huohottaville,2
Kolmioleiviksi,2
Peruutusmahdollisuutta,2
Kyliksi,2
Toitotatte,2
