Chunk,28
Tipsi,28
Jormalla,28
Laakkonen,28
Poppareiden,28
Gitlab,28
Suunnistuksen,28
Somelynkkaus,28
Firstly,28
Inarijärven,28
Lähitöissä,28
Kieltolaille,28
Liikenneruuhka,28
Himoksella,28
Prossusta,28
Syvänmeren,28
Samsungeissa,28
Superrikas,28
Honeypot,28
Herkemmät,28
Laudoilta,28
Galil,28
Auot,28
Väestönlisäys,28
Lentokieltoalue,28
Valistuneesti,28
Cringen,28
Satavuotiasta,28
Naksu,28
Joukkuepeleissä,28
Ylläolevalla,28
Köyhälläkin,28
Äärimuslimit,28
Misogyyni,28
Ilmaisusi,28
Rinnakkaisluokan,28
Rubles,28
Kodilla,28
Kitsas,28
Käsittelemätön,28
Maalaiskuntien,28
Kussa,28
Dakota,28
Toimitaanko,28
Tekijänoikeuslakien,28
Buffeteissa,28
Villasukkaa,28
Ulkoministeriölle,28
Ympäristömyrkyt,28
Oikaise,28
Vierasperäiset,28
Intensiivi,28
Goalle,28
Lyhytikäinen,28
Auringonkukkaöljy,28
Mietteeni,28
Mauto,28
Tasavertaisten,28
Teeri,28
Totuuskin,28
Häkessä,28
Lotion,28
Keuhkoahtauma,28
Tällaisessä,28
Alkoholijuomissa,28
Psykiatreista,28
Kuntapolitiikan,28
Kiitoradat,28
Sateisella,28
Kyiden,28
Ennakkoäänten,28
Marital,28
Puutuotteet,28
Piirroksissa,28
Oikestolainen,28
Pallomeri,28
Taantumuksellisuutta,28
Maijalle,28
Feedit,28
Matkatoimistot,28
Osastohoito,28
Yleislääkärien,28
Hirret,28
Radiolle,28
Pullotetaan,28
Huutelit,28
Esiteinit,28
Koronatoimissa,28
Kuvaukseni,28
Helo,28
Viljellyn,28
Editoria,28
Kahvakuulan,28
Enduro,28
Ojennat,28
Immuunisysteemi,28
Pitkospuita,28
Kapteenilla,28
Futuuri,28
Pullonkorkit,28
Psykoterapeutiksi,28
Säästökohteet,28
Geenitutkimus,28
Suomenruotsalaisetkin,28
Kaavoittamisen,28
Timosta,28
Mitähäh,28
Punavihreille,28
Senegal,28
Asuntovarallisuuden,28
Nordnetissa,28
Olkinukkesi,28
Wol,28
Oikeudenhaltija,28
Käsirautoja,28
K7,28
Ympäristökuormitus,28
Nuukan,28
Viitaa,28
Vadelmavene,28
Potilasturvatyöhön,28
Brittimuunnos,28
Deltavarianttia,28
Unreddit,28
Afa,28
Inexin,28
Daredevil,28
Paluumuuton,28
Taksiluvat,28
Sopimusteksti,28
Perheenyhdistämiseen,28
Vapriikin,28
Aikaansaamattomuus,28
Twistinä,28
Sähkömarkkina,28
Rakennuskulut,28
Höyryttely,28
Raipe,28
Megaketjujen,28
Lääkekannabikseen,28
Sukupuolentutkija,28
Harjotuksen,28
Toppila,28
Lurkkaan,28
Teris,28
Siepin,28
Monetisaatio,28
Hölömö,28
Säästelen,28
Adele,28
Automarkettiin,28
Jätesäkit,28
Remedylle,28
Patsaassa,28
Vuosityöaika,28
Geologinen,28
Röökaajat,28
Kaipaamme,28
Välttääksemme,28
Luonnonläheisyys,28
Työtekijät,28
Villiintyneet,28
Palvelutarjonta,28
Paikallistuntemus,28
Ruostuminen,28
Kuntoilen,28
Kastrointi,28
Kuvitteellisena,28
Epäsosiaalisuus,28
Kimono,28
Kouluterveyskysely,28
Nunnat,28
Preventive,28
Käväisen,28
Kotivakuutuksessa,28
Kannatukseni,28
Kruununa,28
Lauda,28
Kän,28
Tietovuodot,28
Piispaa,28
Wuz,28
Dieselveron,28
Kansalaisaktivisti,28
Ydinaseesta,28
Egalitarian,28
Mitsubishin,28
Travels,28
Pidemällä,28
Eläkkeetkin,28
Seafood,28
Mansi,28
Peugeotin,28
Sono,28
Waretin,28
Höyhen,28
Tuollaseen,28
Vaasankadun,28
Instagramit,28
Sekulaarisuus,28
Kivijalkaliikkeiden,28
Soittokunta,28
Taantuvan,28
Intissäkään,28
Akryyli,28
Neekereille,28
Korppoo,28
Ikimetsä,28
Televalvontaa,28
Venukseen,28
Tiedustelutiedot,28
Sparraus,28
Autoritärismi,28
Fiilistelin,28
Köpikseen,28
Jeesusteippiä,28
Tatuoija,28
Voimatasot,28
Pikkukylillä,28
Sekoitanko,28
Kikkailin,28
Litteät,28
Portugalilla,28
Kauppasodat,28
Vanhoillislestadiolaisten,28
Remonttireiska,28
Muinaisilla,28
Ympäristölainsäädännön,28
Tympeetä,28
Neuvolajärjestelmä,28
Risteilyalus,28
Hilijaa,28
Yrittäjissä,28
Iskuporakone,28
Tollaisissa,28
Amerikkalaistuminen,28
Dää,28
Aamulenkille,28
Kaasutoimitusten,28
Isänmaallisesta,28
Vaiheittainen,28
Vastakulttuuri,28
Kevätlukukaudella,28
Hirvikannan,28
Väestönsiirrot,28
Peseydyn,28
Kiivettiin,28
22n,28
Aliarvostetuin,28
Sydämellinen,28
Yugoslavia,28
Palasit,28
Nettiterapia,28
Leonarr,28
Toimituspäivä,28
Vaihtelevien,28
Hoitajamitoitukset,28
Lokalisaatio,28
Kivapuhe,28
Pääjuoni,28
Halkaistu,28
Viisaasta,28
Tuomiojat,28
Sisävesien,28
Hiekkapillu,28
Patteja,28
Ookkei,28
Röyhkein,28
Kaupunkimme,28
Herrain,28
Omit,28
Työvelvollisuus,28
Asuntoyhtiö,28
Scat,28
Darker,28
Evoluutiobiologi,28
Pintapuolisella,28
Takaisinperinnän,28
Deffa,28
Kuuntelitko,28
Viikonloputkin,28
Jormalle,28
Kielikoulutus,28
Verouudistuksen,28
Kahvikupit,28
Virheellisyys,28
Encoding,28
Selittäkääpä,28
Yleismittarilla,28
Kissanpennut,28
Kytillä,28
Kaupunkikin,28
Bokeh,28
Offtopiccia,28
Ikkunaton,28
Iotechin,28
Joululahjaks,28
Mokahan,28
Ruokalähetin,28
Miästen,28
Gpt4,28
Keittiömestari,28
Mindfulnessia,28
Rekisteröintiin,28
Hague,28
Vegaanihaaste,28
Velkaakin,28
Aihekin,28
Harkittaessa,28
Ainoona,28
Kuntaliitoksissa,28
Jytkyt,28
Naturalistinen,28
Ketoosissa,28
Meseä,28
Riskisi,28
Hallitulla,28
Fysioterapeutit,28
Varjobudjetissa,28
Psg,28
Tutkimusartikkeli,28
Softatuki,28
Yritäppäs,28
Kuljetusmaksut,28
Räksyttävät,28
Influenssarokotteet,28
Korjaako,28
Koronavuosien,28
Bipolar,28
Kolmosvaiheen,28
Automaattimetro,28
Klikkasit,28
Pinker,28
Kilpailulain,28
Dried,28
Hallitut,28
Työntekijäliitot,28
Sisäänottomäärät,28
Banksyn,28
Osallistumiseksi,28
Kulkutautimyönteiset,28
Kantasolurekisteriin,28
Edellisviikolla,28
Höyryjen,28
Transitional,28
Maskipolitiikka,28
Radikaalifeministit,28
Rangaistuslaitoksen,28
Edittisi,28
Keskiaikaisista,28
Vokkeihin,28
Sähkötupakassa,28
Uusavuttomat,28
Polon,28
Supercellistä,28
Sinunkaltaiset,28
Poseidon,28
Jakamistalous,28
200x,28
Koekäytön,28
Maahanmuuttomyönteiset,28
Orimattilan,28
Tefloni,28
Siviilikäytössä,28
Kanjit,28
Googled,28
Alennat,28
Unohdetut,28
Ongelmaks,28
Rotukysymys,28
Kauppakorkeakoulu,28
Huvipuistot,28
Finlandization,28
Maglev,28
Elektronisessa,28
Pumpuli,28
1w,28
Hämmästyneenä,28
Kessin,28
Adjustments,28
Concession,28
Taloustieteilijöillä,28
Dmg,28
Pelinkehitys,28
Murrosikäiset,28
Saantely,28
Webbiä,28
Ojennan,28
Mobiiliversio,28
Kamux,28
Esplanadilla,28
Pakistanilaisista,28
Meshuggah,28
Kungfu,28
Koulutusleikkauksien,28
Alkuviikko,28
Yangolla,28
Pralletriini,28
Kvinoaa,28
Finluxin,28
Muukalaislegioonan,28
Palvelukin,28
Tuikku,28
Lampsin,28
Julkinenliikenne,28
Nykymuotoiset,28
Namusetä,28
Sinipunassa,28
Autoalalla,28
Onkai,28
Nettopalkat,28
Voikos,28
Ultraan,28
Bounce,28
Kitkarenkailla,28
Colorized,28
Puhdistan,28
Tsss,28
Tuhosit,28
Kanttis,28
Webastoa,28
Ylireagoit,28
Ulosantini,28
Mielenterveyslain,28
Toimittaako,28
Helikopteriraha,28
Varus,28
Huonopuoli,28
Ässään,28
Sähköyliherkkyys,28
Kilometrikorvausten,28
Uuniperuna,28
Olkipukki,28
Pertit,28
Monitasoinen,28
Dkt,28
Pidgin,28
Ruuhkavuosien,28
Taishan,28
Mentiinkö,28
Fudia,28
Tarvehankinta,28
Banger,28
Pressiklubissa,28
Hipsuli,28
Lankesit,28
Engrish,28
Hyväpalkkaisten,28
Katalaanit,28
Horisontaalinen,28
Nettiradio,28
Vesijalanjälki,28
Vuokrakatot,28
Tarhatäti,28
Liitu,28
Perheenjäseneni,28
Ovetkin,28
Pollan,28
Ottaisinko,28
Poikkis,28
Laskelmani,28
Pingaa,28
Silleesti,28
Pisaratartunta,28
Infektiolääkäri,28
Koronatauti,28
Koulukiusatut,28
Keskitytäänkö,28
Conceptual,28
R3,28
Vastamelutoiminto,28
Hoitsuilla,28
Toolbox,28
Char,28
Julkistakin,28
Tempputyöllistämistä,28
Onnemme,28
Tarkistappa,28
Svedu,28
Rahaliitto,28
Coren,28
Cumin,28
Vihtahousu,28
Nettivinkkasin,28
Shouldnt,28
Buddhist,28
Neuvostovallan,28
Epäsuorassa,28
Polvistuminen,28
Toisinsanoin,28
Daca,28
Elonjet,28
Työnäyte,28
Onnibussiin,28
Kryptoniten,28
Vuokratyövoima,28
Tuoksussa,28
Ounce,28
Junallakin,28
Lutikka,28
Toblerone,28
Swot,28
Oppikirjamainen,28
Sivunumero,28
Satiirissa,28
Keksitäänkö,28
Hommahopo,28
Postikaan,28
Ihastelin,28
Kivijalkakauppa,28
Pajarin,28
Vientialat,28
Pyramidihuijaukset,28
Polyester,28
Tumbler,28
Oecdn,28
Varpusen,28
Kypäräpappi,28
Alaäänestäjien,28
Hohdon,28
Suihkuajatuksena,28
Keikaku,28
Streamista,28
Teekkareille,28
Perussetit,28
Datanomina,28
Softcore,28
Homopiireissä,28
Käykääs,28
Merivartioston,28
3op,28
Quu,28
Bacardi,28
Otsonointi,28
Aapisen,28
Kaivokadun,28
Oikeistoradikalismi,28
Francois,28
Ideaparkissa,28
Fryer,28
Melan,28
Ratina,28
Leivot,28
Monillakin,28
_se,28
Yksinyrittäjänä,28
Levada,28
Bussissakin,28
Kingejä,28
Hitachi,28
Muistaaksen,28
Päiväkohtaiset,28
Soijarouheessa,28
Apotilla,28
Kuivahiiva,28
Kansalaisvarmenne,28
Rake,28
Puru,28
Kirjeenvaihtajan,28
Propagandaahan,28
Avensiksen,28
Tsemppia,28
Apologia,28
Nauratte,28
Jalkine,28
Viidakkorumpu,28
Itellänikin,28
Kadunvarsipysäköinti,28
Telamiinat,28
Kirvesmiehet,28
Tulsi,28
Integrating,28
Seatin,28
Teneriffan,28
Pihtiputaalle,28
Populistioikeisto,28
Savolaisittain,28
Asukoot,28
Antamillasi,28
Usbilla,28
Ohjelmistopuolella,28
Gazeta,28
Tietynasteinen,28
Dlct,28
Dikki,28
Kuntasektori,28
Narsistille,28
Groupille,28
Raks,28
Ässien,28
Granaatti,28
Arkkipiispan,28
Heitäs,28
Kaukopartio,28
Vapaamuurareiden,28
Kenkinä,28
Kiristäjät,28
Tulenteko,28
Punavihreillä,28
Skeittilauta,28
Mannan,28
Salmiac,28
Valloissa,28
Kasvaessani,28
Pohjustan,28
Määritelläänkö,28
Wiktionaryn,28
Paikallisliikenteessä,28
Miesasiamies,28
Vh,28
Takahikiän,28
Gigolo,28
Tälllä,28
Ämmällä,28
Rabble,28
Kiinostais,28
Harrastetaanko,28
Vile,28
Googles,28
Nashville,28
Ulottuuko,28
Velkaantumistahti,28
Makuhan,28
Frontin,28
Pizzapohja,28
Konsonanttien,28
Lotan,28
Upista,28
Sexi,28
Hämettä,28
Senaattikiinteistöt,28
Luimme,28
Pähkinöissä,28
Äänestämättömyys,28
Mursujen,28
Mielentilatutkimuksessa,28
Inttirolex,28
Tietoturvallisuus,28
Piffi,28
Odotimme,28
Streamien,28
Overhaul,28
Matkustusmukavuus,28
Sokeriteollisuus,28
Marinoi,28
Venäjät,28
Pesusienen,28
Turkiskuoriaisen,28
Penalta,28
Kauppahalli,28
Trekit,28
Crème,28
Itkettääkö,28
Biltemassa,28
Massimies,28
Huolehdimme,28
Kierrätyskeskuksista,28
Forged,28
Audiblen,28
Metsälaki,28
Manit,28
Kelakyydit,28
Vaalilain,28
Pikkanen,28
Kirjoitushan,28
Saanemme,28
Adoptiossa,28
Riittäisiköhän,28
Afrikkalaisessa,28
Siinain,28
Scalp,28
Ryss,28
Austraaliassa,28
Tietääks,28
Föri,28
Miehemme,28
Roskapankki,28
Huolimattakaan,28
Koha,28
Erämaasta,28
Resonanssi,28
Twitterissään,28
Suorapuheisuus,28
Squirrel,28
Leipäjuuston,28
Kärre,28
Kuntalain,28
Wonderland,28
Pillupäiväkirjat,28
Natsittelu,28
Jc,28
20bot,28
Chadin,28
Superdelegaatit,28
Harakkaa,28
Takkulaiset,28
Suomenuskon,28
Metsäsuomalaiset,28
Urbanization,28
Viimeksihän,28
Riikinruotsi,28
Turvapaikkapäätökset,28
Kaskun,28
Btk,28
Kaisla,28
Linkkaappa,28
Hoks,28
Kreditit,28
Leopardin,28
Herkkutatti,28
Ansaitsevatko,28
Serbejä,28
Ryhm,28
Tehomaatalous,28
Mgm,28
Uretaania,28
Firepower,28
Summasit,28
Moss,28
Brenkku,28
Pienituloisimman,28
Aamuvuorot,28
Poliisikoiran,28
Riksussa,28
Tamppaa,28
Invalidiliitto,28
Puoskarilakia,28
Ilmeneekö,28
Pyöristin,28
Peijaksen,28
9mrd,28
Matx,28
Kielilaki,28
Liikuntakin,28
Kantelijan,28
Tykimies,28
Arina,28
Rautaristi,28
Mäysä,28
Pöhisi,28
Esitutkintalain,28
Palkkaahan,28
Kanala,28
Receiver,28
Hähähää,28
Insurrection,28
Seurataanko,28
Keinokuidut,28
Jalopeura,28
Fudge,28
Orvolle,28
Lamborghinin,28
Hyyppä,28
Indeksijäädytys,28
50mbit,28
Syanidi,28
Thaikut,28
Parannamme,28
Dll,28
Opetuslupa,28
Immersive,28
Sieviä,28
Kapsaisiini,28
Ristipostaus,28
Jopoja,28
Soittiko,28
Hyvähyvä,28
Penat,28
Suomirock,28
Yhdysvaltalaisilla,28
Karjalat,28
Decentralized,28
Masokismi,28
Maltalainen,28
Seurasitko,28
Mclaren,28
Kell,28
Nyyhkistä,28
Paahda,28
Tilakoon,28
Inhan,28
Undead,28
Tanskalaisessa,28
Valittaako,28
Bent,28
Eloapinat,28
Aurinkokuivattu,28
Hiluxin,28
Vihapuheessa,28
Punamusta,28
Tamkissa,28
Kuusista,28
Dabiq,28
Pyramidihuijauksessa,28
Mirtatsapiini,28
Jätänkö,28
Toteutuiko,28
Pääsyyt,28
Tutkimattomia,28
Reade,28
Pitäkäähän,28
Kryptonite,28
Ventures,28
Suvanto,28
Niskalaukauksen,28
Imguria,28
Kulttuurirelativismin,28
Kaivosala,28
Revolver,28
Oscareita,28
Equivocal,28
Unodc,28
Wzb,28
Nbn,28
Skeptic,28
Buddhalaisuudessa,28
Höhöhöhö,28
Tiedämmekö,28
Venyttelen,28
Tietenkinhän,28
Osm,28
Kokkareissa,28
Huomioidaanko,28
Pandas,28
Elves,28
Vsshp,28
Sambiassa,28
Toiseksikin,28
Roadster,28
Muttako,28
Veganism,28
Hurrikaanien,28
Tarvitsemmeko,28
Skeleton,28
Työmatkavähennys,28
Puhutaanpa,28
Eikäku,28
Siegeä,28
Focuksen,28
Ook,28
Renaissance,28
Pääsihän,28
Editionia,28
Nettiautoa,28
Ytt,28
Liberaalipuolueesta,28
Krpn,28
Kyivpost,28
Vatican,28
Stokkalla,28
Nautiskele,28
Välitätkö,28
Taantumuksellisuus,28
Pyongyang,28
Naistenklinikalla,28
Vaihdoitko,28
Toivotamme,28
Kongolainen,28
Helmetin,28
Marxismissa,28
Salaam,28
Paituli,28
Paskapuhettahan,28
Eau,28
Parkkipatelle,28
Määrittääkö,28
Kuomat,28
Ringiä,28
Mida,28
Vokista,28
Tumblria,28
Kerrothan,28
Kookomus,28
Keksikö,28
Eskimon,28
Ittelläki,28
Arrows,28
Netpostiin,28
Estolääkitys,28
Redditiinkin,28
Superia,28
Särmärit,28
Davinci,28
Oleppas,28
Valvooko,28
Mortin,28
Qp,28
Tättärää,28
Niemeä,28
Durum,28
Patsi,28
Ryssällä,28
Mölkyn,28
Smartpostiin,28
Kk2020,28
Elokuvasäätiö,28
Bergele,28
Maalittamisella,28
Mtb,28
Kilauta,28
Varushenkilö,28
Pelkäävätkö,28
Petkele,28
Riemurasiasta,28
Morse,28
Catalonia,28
Tellus,28
Biosista,28
Viittikkö,28
Nimetkää,28
Sanomalta,28
Clasun,28
Heipä,28
Perusuomalaiset,28
Praxis,28
Sissipuukko,28
Globetel,28
Murjaani,28
Kampela,28
Sujuuko,28
Wotlk,28
Mitenkö,28
Gorillasodankäyntiin,28
Eurostoliitto,28
Quarterly,28
Lääkärithän,28
Kenenkähän,28
Paranoidin,28
Domen,28
Retina,28
Sanokaapa,28
Moar,28
Buyitforlife,28
Ehehe,28
Tetriksen,28
Npp,28
Fabulous,28
Painter,28
Anarkokommunismi,28
Haunted,28
Villein,28
Noa,28
Maze,28
Likert,28
Molari,28
Haapa,28
Jetsulleen,28
Shellit,28
Douppikauppa,28
Määpä,28
Scholarilla,28
Kahtellaan,28
Perussuomalaistenkin,28
Hallitustyö,28
Ylilaudassa,28
Comet,28
Oreoita,28
Mielelläänhän,28
Johtiko,28
Piilaaksosta,28
Kansanuutisten,28
Ilmoittelen,28
Työskentelemme,28
Hitmix,28
Kummallisinta,28
Buttcoin,28
Oltaisko,28
Kravun,28
Jeesusteippi,28
Procreate,28
Sihteeriopisto,28
650w,28
Shafi,28
Sorcerer,28
Cernin,28
Jesseen,28
Emmäkään,28
Kritisoitko,28
Impi,28
Pidättekö,28
Tampereel,28
Supra,28
Piritorille,28
Rakentakoot,28
Essitalopraami,28
Aitäh,28
Opamox,28
Akita,28
Varovaisuusperiaate,28
Weo,28
Telegrammin,28
Vahvistamme,28
P20,28
Rasse,28
Ultran,28
Taimikko,28
B450,28
Minilexin,28
Scotch,28
Superjärkyttävää,28
Steelseries,28
Dart,28
Oneblade,28
Unifi,28
Microg,28
Jojon,28
Holup,28
Superalko,28
Gn,28
Edi,28
26amp,27
Maahanmuuttokriittisiksi,27
Vks_id,27
Keskusteluilmapiirissä,27
Kaukisen,27
Tco2,27
Mielikuvissaan,27
Pnref,27
Kättelyyn,27
Nukeista,27
Sijoituksistaan,27
6500e,27
Paloheimo,27
Seasonin,27
Muslimiväestöstä,27
Oxforddictionaries,27
Vastaanottajista,27
Itälä,27
Alkoholijuomiin,27
Vaientamisesta,27
Kohdelluiksi,27
Äkännyt,27
Xlarge,27
Ladattujen,27
Apusen,27
Hellittäisi,27
Kaavussa,27
Kuljettajilta,27
Hyväksyttävämpänä,27
Piessyt,27
Vahingoniloisia,27
Amounted,27
Aloittamat,27
Kohdistaneet,27
Jäsenvaltioon,27
Riistohintaan,27
Deras,27
Tukahdutti,27
Persians,27
Hehkeää,27
Ämpäreissä,27
Kauttakulkumaa,27
Roudaavat,27
Kalastamisesta,27
Rakennuslain,27
Kuiskasi,27
Puolueaktiiveja,27
Nikotiininesteiden,27
Leikellyt,27
Kepulikonstein,27
Pääasialliseen,27
Lahtasivat,27
Kohdemaata,27
Käyttöannoksen,27
Harjoittelijoista,27
Kehäpäätelmiä,27
Infottu,27
Määriteltäessä,27
Satiirisesti,27
Paukkuneet,27
Potkaisen,27
Kivittämällä,27
Ohjattavan,27
Joustamisesta,27
Rypyssä,27
Kertonutkin,27
Yllytetty,27
Oululle,27
Säädäntöä,27
Mittapuussa,27
Korttiani,27
Majakat,27
Rogerwessman,27
Lainoistaan,27
Asiantuntevampaa,27
Huitaisu,27
Kultuuriin,27
Yrityssalaisuuksia,27
Tuetusti,27
Siivitti,27
Sotureille,27
Mieltymyksien,27
Pirstoutunut,27
Talousongelmista,27
Itsemurhapommituksia,27
Vankilatuomioon,27
Varotusta,27
Hietasen,27
Nettipalvelun,27
Taustasäteily,27
Ammateille,27
Käyttämättömäksi,27
Professoreiksi,27
Dialogille,27
Erikoislupa,27
Tahden,27
Hienovaraisen,27
Rakentavien,27
Kuvailuja,27
Tarjouskilpailuihin,27
Räjähtävästi,27
Geeniperimältään,27
Kappaleeksi,27
Ummistamista,27
Puolisoja,27
Naishenkilön,27
Omistavista,27
Suhteellisuudesta,27
Huolissas,27
Väärinkäsityksesi,27
Massamuuttoa,27
Tiedotteisiin,27
Edustavista,27
Tyokay,27
Taipuvaista,27
Piirteissä,27
Painivia,27
Kotiovelleen,27
Lanttiakaan,27
Ragnar,27
Todellisuudet,27
Ihmeratkaisu,27
Touhuttua,27
Aiheutuivat,27
Öykkäröi,27
Machoja,27
Läjittäin,27
Lisäehtoja,27
Kiinnitykseen,27
Maineikas,27
Lieventyneet,27
Verohyötyä,27
Ostarissa,27
Siunaamaa,27
Loottia,27
Spesiaalimpaa,27
Epäyhteensopivia,27
Vikamme,27
Orjuutusta,27
Epäeettiseltä,27
Sukupuolitettua,27
Ajatusleikistä,27
Kuulijasta,27
Identifioitumaan,27
Uskomattomaan,27
Syvenevät,27
Aidatun,27
Kadottavat,27
Sääntelemällä,27
Elämisestään,27
150mm,27
Selittikin,27
Ilmastotieteestä,27
Sairastellut,27
Hakukohde,27
Kielitieto,27
Kvanttifysiikkaa,27
Hyotya,27
Kohtaisin,27
Ammattiini,27
Opittuihin,27
Tutkimuskemikaaleja,27
Mamutaustaisia,27
Brändeihin,27
Palkalliselle,27
Tulkittaisi,27
Subjektina,27
Kuumottelu,27
Yhteensovittamisesta,27
Epäilyksensä,27
Sijoitettuun,27
Tuloutetaan,27
B6ist,27
Taksimatkaa,27
Miehillekään,27
Irrottamiseen,27
Taloasi,27
Ihoisia,27
Demonisoinut,27
Lähestytä,27
Susipaskoja,27
Väyliin,27
Subventoiminen,27
Bieberin,27
Tenttimässä,27
Tietomäärä,27
Menestyksekkäitä,27
Loppuiset,27
Pyrkimyksessä,27
Yritystoimintasi,27
Reson,27
Poteroistaan,27
Pitoisuuteen,27
Tavoittelija,27
Mutisemaan,27
Sodittaisiin,27
Puntissa,27
Typepad,27
Erottamattomia,27
Löpinät,27
Pääsiäismunia,27
Korttelista,27
Merkityksiin,27
Pilkkovat,27
Liikeideaa,27
Kykenisimme,27
Kehittyäkseen,27
Ehdollisesti,27
Vastustavasi,27
Menetkin,27
Vistbackan,27
Päättäen,27
Epäilyttäviin,27
Käyttöoikeuksien,27
Rumentamasta,27
Käsimatkatavaroissa,27
Alaikärajaa,27
Tukkoisuutta,27
Vihaisille,27
Tarvitsevatkin,27
Tapahdukkaan,27
Kuristettiin,27
Tulorajoista,27
Heleniuksen,27
Aktivisteihin,27
Päivittäessä,27
Myöhästymään,27
Tulvimaan,27
Riskittömämpi,27
Tallaajaan,27
Verisuonien,27
Vilkuttelee,27
Äänestäjätkään,27
Hiluilla,27
Mustelmaa,27
Sorrolla,27
Naytatuote,27
Asiakaskuntaansa,27
Sortaisi,27
Työvoimatoimistoon,27
Asuttamaa,27
Hyperbolan,27
Paljastunu,27
Omistautuneet,27
Rakennuskustannuksista,27
Äänestäjäjoukko,27
Houkuttelemassa,27
Og_nichander,27
Sanomaksi,27
Consisted,27
F5zg_af9b8c,27
Himmeleihin,27
Hääri,27
Rahastoille,27
Bussiyhteys,27
Tutkittavissa,27
Kylläisyyttä,27
Äimänä,27
Vaeltelemaan,27
Hajoilevat,27
Kasvavina,27
Ilmataistelussa,27
Löytämä,27
Aseisti,27
Imperiuminsa,27
Pissaaminen,27
Holtittomaksi,27
Vouhkaaminen,27
Puuhastellessa,27
Pyytämä,27
Alempiarvoisiksi,27
Koetteleva,27
Approx,27
Agenteista,27
Parkkipaikaksi,27
Hirren,27
Tottuneempia,27
Aikataulutusta,27
Meikkaamista,27
25s,27
Ansioidensa,27
Vaikutusmahdollisuuksien,27
Kyhjöttää,27
Lyhytnäköiseen,27
Päivinään,27
Lähikunnista,27
Puolueineen,27
Sagt,27
Dominoima,27
Typeryyksien,27
Viittaamista,27
Myllytykseen,27
Pahenevaan,27
Munuaisille,27
Tekstareilla,27
Kojelautaan,27
Venues,27
Maksiminopeudella,27
Leikkausjonossa,27
Accents,27
Kiitospäivää,27
Polkujaan,27
Contentin,27
Onnistuneeni,27
Andersenin,27
Hyötyväni,27
Mestata,27
Teoksissaan,27
Täysmittaista,27
Mielenterveysongelmaan,27
Huipentumaa,27
Kyseenalaistettava,27
Juoksijaa,27
200cm,27
Suitsimiseen,27
Kyyditä,27
Ehdottomuudesta,27
Tilailu,27
Moskan,27
Alistuttava,27
Exchanges,27
Salatusta,27
Taloustieteilijää,27
Herjaavaa,27
Foolish,27
Ottaneista,27
Mädättäjistä,27
Asennoista,27
Läpikulun,27
Tyoaika,27
Nisteiksi,27
Aikapäivää,27
Tilastoinut,27
Oppimaara,27
Juhlijoita,27
Misogynistisiä,27
Rysäyksellä,27
Valmistuisivat,27
Emergentti,27
Nillittämässä,27
Voimassaolevaan,27
Väestöpohjaa,27
Eritreasta,27
Omituisilta,27
Todistelut,27
Fundamentaalisti,27
Elämisesi,27
Lakkautettua,27
Kiinostavan,27
Seksuaalisuuttani,27
Nopeudeltaan,27
Linkkiäni,27
Karkoteta,27
Tuotantona,27
Suuttuessaan,27
Sanoisimme,27
Stereotyyppisiin,27
Mielessämme,27
Operaatioille,27
Opinnoistani,27
Forskning,27
Koottaisiin,27
Nuijittu,27
Säädettäväksi,27
Lähtömaita,27
Edellyttäisivät,27
Keppihevosina,27
Selkäänpuukotus,27
Teurastamoon,27
Lukeneesi,27
Kasvatettuna,27
Määrätyillä,27
Suunnittella,27
Tappelematta,27
Vauhkoamaan,27
Huohottaa,27
Taipumassa,27
Tarjoavaan,27
Erillälailla,27
Perisynnistä,27
Narkkareiksi,27
Jäämisellä,27
Kaiveluun,27
Heikkenivät,27
Sopimattomina,27
Kehonkielen,27
Hyödyks,27
Physicist,27
Tiedollista,27
Teljetä,27
Karkottamalla,27
Proseduurit,27
Keksijöitä,27
Tottelivat,27
Muodostamien,27
Mielessäs,27
Keskipisteeksi,27
Mentävän,27
Taitavammin,27
Segmenttiä,27
Putoilevat,27
Olkansa,27
Vellovat,27
Valuuttaansa,27
Vitutukselta,27
Lakiteknisen,27
Prostituoitua,27
Puhumiselle,27
Ohjelmointikielten,27
Seksuaalirikollisen,27
Ruikutat,27
Pudonnutta,27
Perijöitä,27
Huonopalkkaista,27
Maksukykynsä,27
Määrittyisi,27
Pahentumista,27
Turhauttavampaa,27
Tunnuksiaan,27
Ruumiistaan,27
Mahatma,27
Köyhemmäksi,27
Monetisoida,27
Joutuneesta,27
Osapuolissa,27
Suojatussa,27
Aistivinani,27
Kertalleen,27
Itsesääntelyelin,27
Sallivia,27
Imurissa,27
Kelattua,27
Pedagogi,27
Hakemaansa,27
Päättämiseksi,27
Telttoihin,27
Jälkivaikutuksia,27
Homeiseen,27
Kolinat,27
Riehujia,27
Räjähtäisivät,27
Fantasiamaailma,27
Sivurooliin,27
Tyttönsä,27
Kehityskohteita,27
Mehustelemaan,27
Maalaamatta,27
Pätemisestä,27
Poppoolta,27
Kaytti,27
Äitiänsä,27
Pelkistettyjä,27
Älykkyydeksi,27
Piikittämistä,27
Kuivuisi,27
Ihannoiminen,27
Putkahtanut,27
Kolisemaan,27
Viiteryhmiä,27
Huomattavaksi,27
Vaarattomina,27
Haastavamman,27
Empimään,27
Trollausmielessä,27
Metatasolle,27
Tönöt,27
Mahtaakaan,27
Neutralisoimaan,27
Tavanneeni,27
Tyhjentävästä,27
Ulkonäöstäni,27
Tyypitkin,27
Näpräämään,27
Ylittämällä,27
Lisukkeen,27
Hälvennyt,27
Pelatakseen,27
Liittoutuma,27
Minkäänlaisissa,27
Kilpaillessa,27
Pilkattavaksi,27
Muuttajille,27
Ajavasi,27
Ampaisee,27
Hengellisenä,27
Azureedge,27
Muistoon,27
Kiinnostaakaan,27
Radikaalissa,27
Mellakoitu,27
Tunnetiloista,27
Seurustelleet,27
Pokat,27
Tilattuun,27
Prässätty,27
Pinkillä,27
Nousseesta,27
Broilereille,27
Raitistua,27
Kestävämpiin,27
Kysymyksenasettelulla,27
Painottuvaa,27
Putsaamista,27
Vihreyteen,27
23_tie_001_fi,27
Tukilakkoon,27
Kaatopaikkaa,27
Simmons,27
Etäisyyksille,27
Hahmoiksi,27
Valtiosääntöä,27
Jyräämässä,27
Olleskaan,27
Hermostuneisuutta,27
Loistoonsa,27
Rukkaamalla,27
Sählinkiä,27
Sallivampaan,27
Toivova,27
Katsotaankin,27
Liukkosen,27
Seoksesta,27
Taskuuni,27
Kertaiseen,27
Loanheiton,27
Subset,27
Rakastumaan,27
Kajoamisen,27
Periaatteissa,27
Hengenheimolaisten,27
Satuilua,27
Yhtiöitettiin,27
Kikkailuista,27
Luontoarvoista,27
Tuotavasta,27
Vuotoon,27
Aineenvaihdunnasta,27
Loukusta,27
Auttanutkaan,27
Naihin,27
Ahdistuskohtauksia,27
Maastoissa,27
Sellaistenkin,27
Sikailuja,27
Vuokrasopparit,27
Kuolonkolari,27
Vaihtelulla,27
Pakottamisena,27
Pienentämässä,27
Rajautuvat,27
Sortavaksi,27
Myönteisyyden,27
Maagisena,27
Mussutti,27
Tottumusta,27
Käyttömahdollisuudet,27
Poljettaisiin,27
Paljastuksesta,27
Ikälisiä,27
Nelinkertaisella,27
Korjamaan,27
Syyllistävästi,27
Laukasta,27
Toivotte,27
Poistunutta,27
Vastarinnalla,27
Hallintokoneiston,27
Roiskunut,27
Sanottavasti,27
Arkipäiväistynyt,27
Moottoritiestä,27
Havainnoilla,27
Solvaamalla,27
Taistelijaksi,27
Edistivät,27
Sähläyksen,27
Virkamieskoneistoa,27
Loppumisella,27
Taksikuskeilta,27
Lausuvan,27
Kansamurhaa,27
Mukanamme,27
Kommentiisi,27
Epämukavana,27
Engineered,27
Arvojärjestelmän,27
Rahakkaiden,27
Ääntelyä,27
Tähtäisi,27
Välitykseen,27
Katkeamatta,27
Murresanoja,27
Lure,27
Koskettelun,27
Mitro,27
Tapakulttuurista,27
Vari,27
Edelläsi,27
Vähästäkin,27
Kärsitä,27
Paheksuivat,27
Tottelet,27
Hoteisiin,27
Lanseeraamaan,27
Sormeakaan,27
Sankarillista,27
Kierii,27
Hankkiutuneet,27
Liutaa,27
Myynteihin,27
Tyoehtosopimus,27
Vastapuolenkin,27
Opiskelupaikkoihin,27
Hiippareita,27
Maisterista,27
Realisoituivat,27
Ajatusharhasta,27
Pienyrittäjistä,27
Valkokaulus,27
Modaaminen,27
Alkeellisilla,27
Osteleen,27
Edustaville,27
Vivahteikas,27
Valehtelulta,27
Selvityspyyntöjä,27
Vaihteluihin,27
Värimaailmaa,27
Korvattavan,27
Vehkeilystä,27
Naaivi,27
Solmittuja,27
Sivujaan,27
Erolta,27
Hijabiin,27
Tekijanoikeus,27
Ylinopeuksiin,27
Muijansa,27
Tohina,27
Tieteenalaan,27
Kääriytyneenä,27
Apatiasta,27
Lahjoituksella,27
Jättämisistä,27
Kohteestaan,27
Mediaakin,27
Rikosjuttu,27
Viittaavista,27
Viikonpäivän,27
Heittäkö,27
Törkätä,27
Convey,27
Nettitrollien,27
Tvhumh9lia4,27
Häpäissyt,27
Aggressiivisemmaksi,27
Hirveyksistä,27
Kirkkaimpia,27
Liukumäkeä,27
Näkökannoista,27
Niskalimassa,27
Naisvaltaisiin,27
Edustetuksi,27
Kannattavina,27
Aiokkaan,27
Mouths,27
Vaatteistaan,27
Menehtyivät,27
Lihoisi,27
Sivuuttamisen,27
Kohtalolla,27
Ytimet,27
Alasajaa,27
Asunnotonta,27
Ilmastomyotainen,27
Mielivallalle,27
Degeneraatio,27
Harmittomista,27
Takaumat,27
Kässää,27
Veivattua,27
Harlinin,27
Terveellisiksi,27
Lähestyvien,27
Siivilöidä,27
Virkarikoksen,27
Tultaneen,27
Päätöksiltä,27
Outlined,27
Tuotantoketjusta,27
Tavoittelematta,27
Rogers,27
Työtodistuksia,27
Selättämiseen,27
Blogikirjoituksesta,27
Peltotöissä,27
Kaappihomoja,27
Vaihdeltua,27
Dictatorial,27
Lievennettyä,27
Pilaria,27
Rahakkaisiin,27
Zoneista,27
Jäsenvaltioihin,27
Ilmastoiduissa,27
Referoinut,27
Foliohattuilulta,27
Selkkaukset,27
Vaaleahiuksinen,27
Degeneroitunut,27
Supertähtiä,27
Lääviä,27
Silmäparia,27
Maltillisempaan,27
Laajentuu,27
Kasvattelee,27
Hinattua,27
Vammaisiksi,27
Innokaasti,27
Kanakeittoa,27
Palkittua,27
Työskentelisivät,27
Ihmisoikeusloukkauksiin,27
Ymmärtääkään,27
Ruotsalaisina,27
Kielitaitoaan,27
Kapistuksen,27
Maustamisen,27
Rollaattoria,27
Elämäntarinaa,27
Jäähyyn,27
Delfiiniä,27
Asuttamassa,27
Puollustella,27
Hirvitystä,27
Newsletter,27
Ahdistui,27
Elämänlaatuasi,27
Kivitettiin,27
Langaksi,27
Syötöt,27
Myynissä,27
Tautinsa,27
Suuttuisivat,27
Sijamuotoa,27
Maajoukkueeseen,27
Äänestäjäkuntaansa,27
Arkkitehtia,27
Meriittinsä,27
Otsikkoaan,27
Seksityöntekijöitä,27
Käpälään,27
Höyryillä,27
Ekologisiin,27
Lämpöisiä,27
Etenemiselle,27
Kristillisesti,27
Kulutettavaa,27
Susipaskaa,27
Johdannaista,27
Ristitty,27
Innostavan,27
Etiikkansa,27
Kesätyöstä,27
Sisaruksiaan,27
Liittäneet,27
Päiväisessä,27
Tietäisitte,27
Tahkottiin,27
Kopioksi,27
Rahoilleni,27
Viljelisi,27
Lukiomatikan,27
Paimentamista,27
Vesikauhua,27
Kelloihin,27
Negatiivisilta,27
Paikannut,27
Helmien,27
Ambitiot,27
Tappioin,27
Kirveeseen,27
Kuvanottohetkellä,27
Vuoksikin,27
Kukkarollaan,27
Epäammattimaisesti,27
Joustoon,27
Isällisesti,27
Suosituimmasta,27
Toimilupia,27
Näytöksiin,27
Satelliitteihin,27
Nautintoaineiden,27
Operatives,27
Rallista,27
Jakaantumisesta,27
Kommentein,27
Kahvilta,27
Puoleiseen,27
Tiukentamisesta,27
Foliohattuiluksi,27
Lahjoittama,27
22_tie_001_fi,27
Jättöä,27
Kaupungistuu,27
Mittaansa,27
Laukaistua,27
Hyvinvoivana,27
Turvoksiin,27
Kestävissä,27
Kestitä,27
Tiivistymään,27
Sosialistisiksi,27
Altistettu,27
Haalean,27
Nousemalla,27
Voittikin,27
Uudistettaisiin,27
Väljemmät,27
Asemiestä,27
Riippumattomina,27
Kurosen,27
Perspektiivistään,27
Sisäkengät,27
Yaşa,27
Maalitti,27
Incite,27
Rauramo,27
Selkäkipuihin,27
Pommitettua,27
Ratifioimatta,27
Kiljuntaa,27
Orientaation,27
Luistonestoa,27
Sotakassan,27
Estäjiä,27
Paperisi,27
Seikaksi,27
Läntin,27
Maksimoimisen,27
Vessas,27
Korjauskuluja,27
Tilaamisessa,27
Käytösmallien,27
Galilei,27
Puhdisteta,27
Muistelmissa,27
Globaalilta,27
Tapojasi,27
Valppaina,27
Muotilla,27
Keskieurooppalaista,27
Tykästyny,27
Arkeeni,27
Harvempiin,27
Liikuntarajoitteisten,27
Liikauttaa,27
Harvalukuinen,27
Tasoisille,27
Hersoniin,27
Gorbatsovin,27
200kcal,27
Ylimitoittaa,27
Lantrattu,27
Myymiseksi,27
Nauhoitteita,27
Yöpöydälle,27
Sanomastaan,27
Pysymiselle,27
Taululta,27
Suupielestä,27
Ennallistamista,27
Metsistään,27
Vaihtoehtokin,27
Tietokonepöydän,27
Ostaneille,27
Samoine,27
Saldoja,27
Koneitten,27
Vilautti,27
Jälleenrakentamaan,27
Valunu,27
Imagohaittaa,27
Visiitistä,27
Mieslapsen,27
Toimillasi,27
Moraalittomiksi,27
Paastoamaan,27
Trollailemaan,27
Kiveenhakattua,27
Kärryllinen,27
Oleellisilta,27
Liittymis,27
Pyöräilisi,27
Erityislupia,27
Luukutetaan,27
Esittämiseksi,27
Alistamiseksi,27
Suuremmitta,27
Palkkoineen,27
Kansasi,27
Perustehtäviin,27
Worst_actor_ever,27
Validiutta,27
Partnerinsa,27
Tykitetty,27
Vierailleena,27
Asuista,27
Listautua,27
Yllättyneensä,27
Exported,27
Perehtymättömänä,27
Ihmisiinkin,27
Ihmeellisemmin,27
Väliseiniä,27
Aihettaa,27
Voiveitsellä,27
Tulitikuilla,27
Sakottaisi,27
Varoitusvalo,27
Käyttökelpoisuus,27
Lahjoittaisivat,27
Työpaikastasi,27
Joustosta,27
Uutuutta,27
Hölmöihin,27
Tavoitteleville,27
Akalle,27
Varttuvat,27
Heikennät,27
Käsittelyissä,27
Maahanvienti,27
Läträämisen,27
Palauttavaa,27
Silotella,27
Työntekijöihinsä,27
Sukupuoltansa,27
Julkkiksiin,27
Koeasetelmaa,27
Printattua,27
Ylijäämäistä,27
Yskänlääkkeet,27
Vähäisyyteen,27
Artikkeliinsa,27
Paran,27
Katsoakaan,27
Isoistakin,27
Aivovammaa,27
Aiempaakin,27
Paradoksaaliselta,27
Osotteessa,27
Edistava,27
Ympäröinyt,27
Ryöstetä,27
Lestadiolaista,27
Roiskui,27
Ansiotulovähennys,27
Asemoituu,27
Askeissa,27
Porcupine,27
Rustoa,27
Eristynyt,27
Suhteuttuna,27
Laskeutuneet,27
Luontokadosta,27
Halustasi,27
Valtarakenteissa,27
Turvaverkkoon,27
Keksikään,27
Piirikunnissa,27
Paistunut,27
Coughing,27
Jämäkämpää,27
Ilahtua,27
Parantuakseen,27
Nielevän,27
Nesteyttää,27
Paskarrella,27
Kattavuudessa,27
Aloitteellisesti,27
Putkille,27
Julisteista,27
Kuvakulmista,27
Tehostettuun,27
Teoksistaan,27
Lupaamassa,27
Nilkuttaa,27
Tyytyväisiltä,27
Jeesii,27
Iällään,27
Kylmetä,27
Ilmoittaakseen,27
Ilmoitukselle,27
Luuleekin,27
Innostuttu,27
Selkokielistä,27
Tunaroimaan,27
Ööhön,27
Sipuleista,27
Nostatte,27
Majapaikkaa,27
Fraaseilla,27
Idoleita,27
Käytttää,27
Mediajättien,27
Tytötellä,27
Palveluntuottajia,27
Meninki,27
Exceeds,27
Tunkemisen,27
Totuudenvastaisia,27
Kattomiseen,27
Adolfin,27
Kamppeissa,27
Välttämättömyyteen,27
Expelled,27
Ylähyllyltä,27
Päivälliselle,27
Poijes,27
Hurtig,27
Lihatuote,27
Varatulle,27
Paineistettua,27
Satukirjaa,27
Sanoitti,27
Asetettuun,27
Saamastasi,27
Huvitukset,27
Sovitulle,27
Tappaamaan,27
Uraputkea,27
Keikkahommaa,27
Stuntin,27
Kasailemaan,27
Työmaailmaan,27
Nousuista,27
Pakollisuuteen,27
Edullisimmasta,27
Affirmation,27
Ohjeisteta,27
Esineinä,27
Leipomoita,27
Pölvästejä,27
Foliohattuiluun,27
Vedätetyksi,27
Millääntavalla,27
Ilonsa,27
Projektipäälliköt,27
Voitokkaasti,27
Asevelvollisille,27
Asemaltaan,27
Laimentamaan,27
20who,27
Sähköpostiosoitteesta,27
Palkitsemisjärjestelmä,27
Leijuvan,27
Gunshot,27
Roikkujat,27
Nimellisarvo,27
Regiimin,27
Alistivat,27
Protokollalla,27
Viestitellyt,27
Kypsymässä,27
Kestämättömiksi,27
Autoileville,27
Epähumaani,27
Mielisen,27
Ulottuvuuksista,27
Väkivaltasia,27
Pyorailijan,27
Kannattajakuntaansa,27
Suostumista,27
Valittaville,27
Täyssulkua,27
Numeroisen,27
Takaluukku,27
Vaikutusvallalle,27
Pikkuporvareita,27
Tarjoisi,27
Käytettäväks,27
Intoleranssia,27
Vammautumiseen,27
Kiittelemään,27
Sotateollisuuteen,27
Blockattu,27
Kapteeniksi,27
Riippumattakin,27
Dokumentaatiosta,27
Paikkailtu,27
Yleisempikin,27
Valinen,27
Komponenttina,27
Rajallisuutta,27
Asioitansa,27
Tutkimuslaitoksessa,27
Välityspalkkion,27
Viisaista,27
Pankkitiliin,27
Juomapullon,27
Myöntäjän,27
Virnuilee,27
Lannistuu,27
Kestämättömältä,27
Omistuksistaan,27
Näyttäytyneet,27
Teeseihin,27
Kaivautuneet,27
Päätyäkseen,27
Oirehtii,27
Mullistusten,27
Kontrollifriikki,27
Pyytelemässä,27
Aliarvioisi,27
Värisille,27
Kansalaistottelemattomuudeksi,27
Rajalleen,27
Kouraa,27
Suututtamatta,27
Viihtyviä,27
Riisille,27
Muslimitaustaiset,27
Koplata,27
Reaktoreja,27
Kattelus,27
Suikaleiksi,27
Elämäntapaamme,27
Kaatumiselle,27
Videoitten,27
Ohjaamiseksi,27
Palvelleen,27
Kolleegan,27
Loikkii,27
Lähtevällä,27
Aukioloaikaa,27
Kokeilleen,27
Kiihtyvässä,27
Purru,27
59v,27
Lapsiinkin,27
Diagnostinen,27
Koodille,27
Vieroituksen,27
Kivuliaaksi,27
Prioriteetillä,27
_yhtään_,27
Määräaikaisina,27
Vuotamalla,27
Koukuttavampaa,27
Yritysidea,27
Sonnalla,27
Advises,27
Pyyhkiytyy,27
Vihjaamalla,27
Pursuava,27
Repäisy,27
Oppilaitokselle,27
Epäekologisempaa,27
Liikennevinkki,27
Kilpailijoilleen,27
Kirkkaaseen,27
Vuosituotanto,27
Nytonpakko,27
Eliminointiin,27
Merkkaaminen,27
Sosiaalipoliittisesti,27
Metodologialla,27
Tyhmyytesi,27
Taidemuseossa,27
Rikastetaan,27
Menestyneimpiä,27
Rassannut,27
Osakesalkkua,27
Vastustavilla,27
Sairastavalle,27
Kiihtyneessä,27
Tasattaisiin,27
Mainitsemattomassa,27
Pidettävään,27
Ikiaikaisesta,27
Hihittää,27
Kohteilta,27
Markkinavoimista,27
Vakuuttavana,27
Kehittäjiltä,27
Haavilla,27
Mokailun,27
Katvealueella,27
Keskisormet,27
Katteltua,27
Kertojasta,27
A4n_my,27
Metroasemalta,27
Piikittämisestä,27
Korventaa,27
Saastuttaneet,27
Väärinymmärtävät,27
Kollegoilleen,27
Alatkin,27
Deterministisiä,27
Kustannuksellani,27
Vartiaisesta,27
Hashtag_click,27
Informoitua,27
Mailoilla,27
Valtaavan,27
Lynkkausmielialaa,27
Välttämättömimmät,27
Rehellisiin,27
Perustaito,27
Puuttumisena,27
Crid,27
Tavoittelevalle,27
Sormiensa,27
Arvolta,27
Rakastajia,27
Banaaniin,27
Ruokalusikallisen,27
Sndp,27
Hivelevä,27
Epäilyksestä,27
Assadille,27
Kirjoittavansa,27
Laittamat,27
Huumerikollisuuteen,27
Tarttekkaan,27
Korottaen,27
Ohjelmassakin,27
Tallentamatta,27
Koittaakin,27
Teränsä,27
Laavua,27
Myrkytettyä,27
Hintajoustosta,27
Päälaelta,27
Rehottava,27
Parkkeerausta,27
Toimivankin,27
Ronkeleita,27
Säätään,27
Ilmaisuilla,27
Rakastaman,27
Kaihertamaan,27
Varustautuneena,27
Erikoisuudesta,27
Välinpitämättömyyttään,27
Palkattomalle,27
Kiduttajia,27
Hormonin,27
Eroilmoituksen,27
Välittämässä,27
Ääkin,27
Sermi,27
Vuohijoen,27
Lyöneensä,27
23p,27
Ahdistelleen,27
Pystiä,27
Vasemmistopoliitikon,27
Palkanmaksajan,27
Valinneita,27
Elämäntilanteestaan,27
Parkkiruutuja,27
Palautuksina,27
Istutusta,27
Omituisesta,27
Rikoskierteen,27
Omistautuu,27
Laitetusta,27
Kyvykkyytensä,27
Ostettais,27
Ratkonut,27
Ihmismäärien,27
Huoneessasi,27
Varustetuissa,27
Symboliin,27
Elämänlaadussa,27
Räikeällä,27
Tehdasasetuksiin,27
Epätosiksi,27
Sänkeä,27
Competitor,27
Sotilastukikohtaa,27
Löydäkään,27
Hostomelin,27
Tuotoille,27
Sitoen,27
Saneerata,27
Apinoitua,27
Getvideo,27
Vilkuna,27
Epäsuotuisia,27
Saavas,27
Suomalaisellekin,27
Kahvisi,27
Rasvaamaan,27
Vaientamista,27
Aiheuttavalla,27
Tarkoituksilla,27
Näprääminen,27
Pahoittamisesta,27
Video_game,27
Parametreihin,27
Rauhoittumassa,27
Johtuis,27
Säiliötä,27
Sotahistoriasta,27
Kohdennetuilla,27
Validoimaan,27
Osuen,27
Stationed,27
Luokitelluista,27
Makuakin,27
Pitääksesi,27
Toteutetussa,27
Reistaa,27
Varmanpäälle,27
Vaihdolle,27
Sessioon,27
Ruuille,27
Pöllähti,27
Puulajia,27
Ammattikuntansa,27
Pakkaspäivinä,27
Henkiloliikenne,27
Palohälyttimen,27
Riitävä,27
Juorulehtien,27
Kauppaamista,27
Kummituksiin,27
Antaakaan,27
Löytäjälle,27
Gluteenittomana,27
Kunnianloukkaussyytettä,27
Roikkumiseen,27
Välittämisessä,27
Kirjavampi,27
Väkisinkään,27
Kärkipäähän,27
Eduskuntakaudella,27
Sotkuihin,27
Ajanhukalta,27
Aivopesulta,27
Telkan,27
Vastattavaksi,27
Painoarvot,27
Ajoistaan,27
Nieluja,27
Tihutöitä,27
Utriainen,27
Varatuilla,27
Toisenkaan,27
Lahjoitettua,27
Keikkui,27
Ympäristöpolitiikasta,27
Pelisarjasta,27
Innokkaina,27
Lopettamasta,27
Ownata,27
Liiketoimet,27
Taktiikassa,27
Mitallinen,27
Raportoitavaa,27
Kunnallisista,27
Palkanalennusta,27
Toiveikasta,27
Eritysen,27
Analysoimassa,27
Liikenneasiat,27
Ymparistolle,27
Tempussa,27
Vastutetaan,27
Työtovereita,27
Uuestaa,27
Kankeaksi,27
Mitattuja,27
Tiheiten,27
0p,27
Perustuslakinsa,27
Muodollisuudet,27
Earns,27
Alueiltaan,27
Eskaloiminen,27
Verkkosivulle,27
Lakkaaminen,27
Kärjekäs,27
Sympatioista,27
Kostamassa,27
38k,27
Rikkoessa,27
Saamiani,27
Luokkakaveria,27
400mm,27
Surkeammin,27
Aibrony,27
Puuhastellut,27
Merkitsivät,27
Juontua,27
Heitoille,27
Elegantisti,27
Luennoitsijaa,27
Kohotettua,27
Kulmakarvaa,27
Positiivisa,27
Kausaalisuutta,27
Ostoskasseja,27
Pureskeltavaksi,27
Vatsaansa,27
Lämpösäteily,27
Tarkoituksenmukaiseksi,27
Miehittämillä,27
Möykkyjä,27
Hiljasella,27
Pönöttämään,27
Alaisuudessaan,27
Erityisosaaminen,27
Ylläpitämien,27
Semmoisiksi,27
Sujuisivat,27
Pientaloja,27
Tunnetuiksi,27
Kristallinkirkas,27
Odotuksiaan,27
Palkankorotuksille,27
Takapajuisena,27
Elämäntavoissa,27
Pohdittuna,27
Oottelemaan,27
Ääniharavaksi,27
Halvoilta,27
Jakamien,27
Raskastakin,27
27s_law_of_headlines,27
Hengästy,27
Pitämisenä,27
Miesvaltaisista,27
Kustannettiin,27
Kulahtanutta,27
Funktioon,27
Myönteisyydestä,27
Alettiinkin,27
Ladattaisiin,27
Statussymbolina,27
Rakennelmien,27
Verovelvolliseksi,27
Ohjeistuksiin,27
Maanmiesten,27
Yksisarvista,27
Veroluontoiset,27
Sokeutua,27
Ulisijoille,27
Kiinnitettävän,27
Marjastaa,27
Vaipuvat,27
Kivijalkaliikkeen,27
Pastennut,27
Synkronointi,27
Monitorointi,27
Hyppineet,27
Kulkeneena,27
Raportoimassa,27
S41591,27
Edesauttaminen,27
Avainsanan,27
Pimeeks,27
Osottanu,27
Iljettävänä,27
Hyppely,27
Korotetusta,27
Loistoon,27
Linjaamaan,27
Mediakentällä,27
Takertumaan,27
Arvostavasti,27
Opiskeluvuonna,27
Mystisenä,27
Yleisluontoisia,27
Miehitetyksi,27
Maaoikeudet,27
Ratkeisi,27
Työkavereitaan,27
Tärähti,27
Rukoiltiin,27
Dramatisoida,27
Opettelemisen,27
Saavuttamasta,27
Tietotaidosta,27
Kallistakaan,27
Kutsutusta,27
Oksentavat,27
Hallitsijaksi,27
Taholtaan,27
Siirtyneiden,27
Puolustelusta,27
Piirtoa,27
Tukita,27
Lokeroitu,27
Öyhöttäviä,27
Tyylipuhtaasti,27
Alkuperäiskansana,27
Teksteille,27
Tarttekaan,27
Vilkuillen,27
Haukkumisena,27
Byrokraattiseen,27
Kävelijälle,27
Kolonisoi,27
Näyttäneen,27
Vasaroida,27
Lykkääntyminen,27
Änkemään,27
Istuntoihin,27
Näkymättömänä,27
Tykkäämisestä,27
Tarkastuttamassa,27
Kiistämisestä,27
Varotuksia,27
Pikavoittoa,27
Valitsemalle,27
Hyveellisenä,27
Mortem,27
Leipäänsä,27
Peesata,27
Ruokkivia,27
Elinkelpoisuus,27
Kaveeraavat,27
Välittyisi,27
Kesärenkaita,27
Juottamaan,27
Tanskahan,27
Symboloida,27
Ryhtymättä,27
Intented,27
Dumpattua,27
Torjuttavissa,27
Toukkaa,27
Kiintiönsä,27
Vuodentakaiseen,27
Vilkkuen,27
Retained,27
Luikahtaa,27
Johdakaan,27
Lainvalmistelusta,27
Unmarried,27
Ohjenuoran,27
Syntejään,27
Tulojasi,27
Yksikkopaastot,27
Poisteltu,27
Änä,27
Kasvatetuista,27
Haluttomuutensa,27
Defaultiksi,27
100miljoonaa,27
Siteerausta,27
Feminiinisen,27
193cm,27
Thetwo,27
Innovaatiolla,27
Kaistanleveyttä,27
Vahingoittunutta,27
Ivata,27
Leimaudu,27
Muodostamiselle,27
Vuosivuodelta,27
Alustaansa,27
Umpikujasta,27
Tiedetää,27
Edustamiseen,27
Jugnerin,27
Eroteltiin,27
Selviäväni,27
Laitteillaan,27
20_tie_001_fi,27
Turvautuisi,27
Sekaantumiseen,27
Muuttumisella,27
Panostuksista,27
Luettaviksi,27
Minimoidakseen,27
Lähteistettyä,27
Syrjäytyviä,27
Resemble,27
Sairaslomaan,27
Pärinän,27
Teollistui,27
Avustajiksi,27
Kusettaneet,27
Opea,27
Viihtyisyyden,27
Lobbareista,27
Logolta,27
Tappaessaan,27
Pinnallisiin,27
Energiatehokkaasti,27
Ehkaiseva,27
Kirpputoreja,27
Oleskellaan,27
Jääviin,27
Kasvamisessa,27
Katsomukset,27
Agenteille,27
Merkitysta,27
Kavennettua,27
Junailemassa,27
Tekoonsa,27
Ajanhukkana,27
Skitsofreenistä,27
Asiayhteyksistä,27
Epäinhimillisiin,27
Innostuis,27
Polttaviin,27
Työskennellen,27
Tulodesiileissä,27
Jättäviä,27
Pyytelevät,27
Eukk,27
Kantavalla,27
Puuttuneen,27
Tuuttia,27
Muotosia,27
Sarjalaisen,27
Migraatio,27
Ehdottamisesta,27
Transfobiseksi,27
Markkinoinniksi,27
Äänitetään,27
Katsomiaan,27
Toimineelle,27
Työstressin,27
Luonteenpiirteiden,27
Käyskennellä,27
Kuulosia,27
Kunnioitettavia,27
Tieteenhaara,27
Tienää,27
Perheeltään,27
Kiristyvän,27
Riistaeläimiä,27
Kilpailijamaissa,27
Perehtyneelle,27
Konepistoolia,27
Valtiosihteeriä,27
Yhteenlasketusta,27
12cm,27
Tehtailleet,27
Viisinumeroisia,27
Paukuttavat,27
Parannuta,27
Sekotettu,27
Himmeitä,27
Panttivangeiksi,27
Rajatuista,27
Kollektivistisen,27
Räpläämisen,27
Potilaassa,27
Papistosta,27
Argumentoitavaa,27
Taysistunto,27
Huijaisi,27
Nimitykseen,27
Hourailua,27
Ratkaisuilta,27
Suojellaksemme,27
Tehtailuun,27
Pulahtaa,27
Sijoittuvassa,27
Itkuvirsiä,27
Paikkatietoja,27
Radanvarren,27
Huopaamista,27
Lähiajoilta,27
Eläköitymässä,27
Verkkokortti,27
Mahdonta,27
Harhaanjohtoa,27
Kriisitilannetta,27
Kansalaispalautetta,27
8lk,27
Waited,27
Kappaleina,27
Asustamaan,27
Viehättäväksi,27
Roskasi,27
Muttuu,27
Kumarsi,27
Asiantuntijatietoa,27
Pääsynsä,27
Epäasialliseksi,27
Shrink,27
Tonttisi,27
Rynnätään,27
Lakimiehiltä,27
Kausaatiosta,27
Vartiaisella,27
Deterministisesti,27
Kätkettynä,27
Jälkkäri,27
Ylenkatsoo,27
Tärppäisi,27
Arvottomasta,27
Rokotteena,27
Ohjuksin,27
Vaalimisesta,27
Politisoimaan,27
Verokantaa,27
Hyvännäköiseksi,27
Grundström,27
Suistunut,27
Kasvojasi,27
Pääministeripuoluetta,27
Lausuisi,27
Toteutettaisi,27
20isn,27
_nkw,27
Trendinomaisesti,27
Hyytelö,27
Kielellisistä,27
Surevat,27
Sukupuolekseen,27
Niv,27
Keskusteluohjelmat,27
Senhetkiseen,27
Luonnontuotteita,27
Suorittamiin,27
Hörhöiksi,27
Metsalehti,27
Eriäville,27
Välilehdeltä,27
Pänniä,27
Saariluoma,27
Isanpikajuna,27
Lahjoina,27
Art_2009,27
Downshiftaamaan,27
Palkkakuitille,27
Riepoteltavaksi,27
Tavallisellakin,27
Jargonilla,27
Yhteenvedot,27
40737_kotiniemi_ulkomaalaistaustaisten_rikollisuus_lukuina,27
Asioitakin,27
Kauemmaks,27
Nizza,27
Tilaavan,27
Aili,27
Surrendered,27
Kuolevaisuus,27
Maahanmuuttopoliittisen,27
_term,27
Keskelläkin,27
Arvioiva,27
Tarvitsevilla,27
Vaalikampanjaansa,27
Jiiriin,27
Isommistakin,27
Kohtuullistamaan,27
Lällättelemään,27
Kognitiota,27
Ajuria,27
Koventamisella,27
Azerbaidžanin,27
Supisuomalaiset,27
7kpl,27
Piittaamattomasti,27
Homogeneity,27
Hallituskausilla,27
Lindströmiä,27
Lävistys,27
Kaulakorun,27
Kuntoutetaan,27
Verratta,27
Yläpeukun,27
Tukehdut,27
Siirtotyöläisiä,27
Päätielle,27
Iäkkäille,27
Likejä,27
Pelaavana,27
Kusettajan,27
Kehittäessä,27
Vankilareissusta,27
Psykoterapeuttia,27
Polteltiin,27
Tunnollisempia,27
Baletista,27
Toimineesta,27
Kohtelemista,27
Nyregion,27
Hätätilanteisiin,27
Äänetöntä,27
Pihatielle,27
Päänupissa,27
Etulyönti,27
Laukaisemiseen,27
Murusen,27
Päreensä,27
Paikkaamista,27
Kuupan,27
Hyökkääjään,27
Kiusaamatta,27
Käyttikin,27
Lapsiemme,27
Kääntyilee,27
Tuijotuksen,27
Maihari,27
Checkata,27
Haistattelemaan,27
Asumismuotoon,27
Vastuualueen,27
Kuormittamasta,27
Ikästen,27
Ruskeisiin,27
Koukuttaviksi,27
Seonneet,27
Hetkille,27
Tehtäneen,27
Halutakkaan,27
Huitteilla,27
Selkeyteen,27
Tivaaminen,27
Mentaaliakrobatiaan,27
Alkavien,27
Tarinankertoja,27
Tarjoamalle,27
Haneen,27
Tarkasteltua,27
Hävittäjäksi,27
Todentamiseksi,27
Kultakimpale,27
Mittavaan,27
Kojelaudalla,27
Koettelemaan,27
Rahavirrasta,27
Ajamastaan,27
Osallisen,27
Lakifirman,27
Ongelmajätteet,27
Reddittejä,27
Sujuvia,27
Seksistisenä,27
Integroinut,27
Rekrytoinut,27
Hävittämisessä,27
Vaivautumaan,27
Poksahtanut,27
Pystytystä,27
Solmukohtiin,27
Nesteissä,27
Auttelemaan,27
Aseteollisuudelle,27
Psyykelääkkeitä,27
Hyötyjistä,27
Pilaavia,27
Tunnepitoisesti,27
Tehostettaisiin,27
Tärveleminen,27
Edellyttämän,27
Kesätyöpaikassa,27
Lamaannuttavaa,27
Paikantimen,27
Puolittamista,27
Scholtz,27
Healthdata,27
Laskevalla,27
Keuhkovaurioita,27
Coronaviruset,27
Näytteessä,27
Pärskii,27
Kasittelymaksu,27
Epäonnistumisensa,27
Näkemätön,27
Hamstraamisesta,27
Packalénin,27
Järkeilyyn,27
Logiikaa,27
Tägännyt,27
Perustervettä,27
Loppuakseen,27
Punnertamaan,27
Elättävä,27
Tekojemme,27
Halpatuotantomaihin,27
Kelpoisuutta,27
Päämme,27
Haukkumiselle,27
Perusteellakin,27
Milligramman,27
Paskemmasta,27
Käsitelleen,27
Identtisistä,27
Taustakohinaa,27
S41586,27
Akselinsa,27
Tabeja,27
Laiskottelun,27
Maaraa,27
Analyser,27
5bmin,27
Vastakkaisille,27
Vaikeimpiin,27
Koodailemaan,27
Romahtamisella,27
Julmempia,27
Porukassaan,27
Terveyskuluja,27
Liioitteli,27
Harrastelemaan,27
Ylläpitäjältä,27
Tukitoimintaa,27
Ryhmissään,27
Eskaloituessa,27
Fataali,27
Välinein,27
Lamauttavia,27
Loppuunkin,27
Supistuvan,27
Julkaisemissa,27
Kiperiä,27
Merkittävämmän,27
Tiskistä,27
Pulpetteja,27
Uudelleenohjaus,27
Leijailevat,27
Laukeamiseen,27
Meemuun,27
Haluttavuuden,27
Survominen,27
Yhteenliittymää,27
Kaivurilla,27
Korrektiksi,27
Altistutaan,27
Ottanutkin,27
Penkomista,27
Väestöpohjalla,27
Taustajoukoissa,27
Turvaajana,27
Valun,27
Hyväksemme,27
Saakkaa,27
Toteamatta,27
Syyttelemällä,27
Ihannoinut,27
Korruptoituneelle,27
Monipuolistunut,27
Herkkäuninen,27
Kopeloimaan,27
Tiedottaisi,27
Uskottua,27
Tautitilanteessa,27
Seuravaan,27
Äänentoistoa,27
Silittelee,27
Säädetyssä,27
Suljettaisi,27
Toimittamien,27
Disagreed,27
Elinkaarikustannuksia,27
Presidenttinsä,27
Obamankin,27
Maassaoleskelun,27
Tietosia,27
Kirgisia,27
Eläkkeellään,27
Hyöytyä,27
Paukutteli,27
Kylessä,27
Teräsrakenteita,27
Ahertaa,27
Silvonnan,27
Hirveyttä,27
Kumppaniltaan,27
Karataan,27
Laajastikin,27
Korkeamalla,27
Sähkölaskunsa,27
Sopeutettava,27
Erillailla,27
Alkoholimäärän,27
Ylistävän,27
Satsattaisiin,27
Kiteyttämään,27
Latailemassa,27
Naisillekkin,27
Lanttuja,27
Repiviä,27
Väestöntiheydestä,27
Jankuttamista,27
Olosuhteille,27
Auraamatta,27
Mekaniikkaan,27
Merkkaus,27
Laillisempaa,27
Pidelly,27
Mittauttamassa,27
Tavoittamiseksi,27
Poissaoloihin,27
Virkistyy,27
Hannulan,27
Pöhisijä,27
Alentuneesta,27
Keskilämmöllä,27
Alankomailla,27
Onnistumisprosentilla,27
Ärtyy,27
Tunnistama,27
Mustavalkosia,27
Sotatantereella,27
Kolmekymppisistä,27
Indepth,27
Heräteltyä,27
Kantakielen,27
Mainiona,27
Perhemalli,27
Ulkoistettuna,27
Kieltäydyttyä,27
Materiaalipankki,27
Hataralta,27
Mitattavaan,27
Utilized,27
Puolitoistavuotta,27
Kiintiopakolaiset,27
Nöyryyttävältä,27
Kanssakäyntiin,27
Hätävarjeluksi,27
Aurinkoisessa,27
Tienaamat,27
Perehtymättömälle,27
Rivikansalaisella,27
Erityisempi,27
Kuvaavien,27
Ympari,27
Kahdenvälisen,27
Klikkailua,27
Omistajatkin,27
Tilipussista,27
Virkatehtäviin,27
Forbids,27
Juopolta,27
Radikaalimmaksi,27
Jaksaakin,27
Nuorisorikollisuudesta,27
Biletä,27
Työtehtävissään,27
Vaikeuttivat,27
Rinnastettavana,27
Kustannetun,27
Meeminsä,27
Leutoja,27
Julkaistessaan,27
Rehellisyydessä,27
Sukupuolittuminen,27
Näytäkkään,27
Yllytetä,27
Elätit,27
Puhuvalla,27
Massoissa,27
Peluun,27
Väkivaltaisilta,27
Etuoikeuksiaan,27
Tesit,27
Filosofioita,27
Silpputyötä,27
Pukkina,27
Alushousuihin,27
Elakejarjestelmat,27
Viharikollisuus,27
Yhteenlaskua,27
Sortajana,27
Pikkuseikat,27
Vuotisia,27
Asioilleen,27
Ajajaa,27
Nikillä,27
Määräytymisen,27
Opettavia,27
Yllättyneistä,27
Jlk,27
Kuolata,27
Lyhennyksestä,27
Maksukortille,27
Toiseuttamista,27
Aikomuksesta,27
Syöneensä,27
Tissillä,27
Eturyhmää,27
Stressitasoa,27
Foodtype,27
Portionunit,27
Portionsize,27
Bruttokansantuotteestaan,27
Zubierin,27
Homoudelle,27
Pelihahmo,27
Halutulta,27
Automatkoja,27
Kauheudessaan,27
Airisto,27
Yhtämittaisesti,27
Janaa,27
Turvamiehen,27
Kannattajasta,27
Junailtiin,27
Hautakiviä,27
Epäinhimilliseksi,27
Ympäristöäsi,27
Moraalijärjestelmä,27
Sotilasoperaation,27
Kaliiperissa,27
Ruuduissa,27
536i21,27
Aaltolalle,27
Tuontitavaraan,27
Tolpille,27
Viestihistoriani,27
Talouspoliittiseen,27
Suomenkielisyys,27
Sisäkumi,27
Lyhytkasvuinen,27
Systeemia,27
Rasismisi,27
Korrektissa,27
Kirjanpitäjiä,27
Suurperheiden,27
Vuollaan,27
Suvakkeihin,27
Rahallisena,27
Peeniksen,27
Parantunutta,27
Autistiseksi,27
Planeetoilta,27
Kielivirheitä,27
Kampfissa,27
Söpönä,27
Puolustaaksesi,27
Suojelijat,27
Yksikätinen,27
Jääräpäistä,27
Loppusijoitusta,27
Hofer,27
Esimerkkiäni,27
Kebuloissa,27
Leviticus,27
Tyopaikkoja,27
Uskontunnustusta,27
Saker,27
Dylanin,27
Rikastamista,27
Striimauspalvelusta,27
Hiirimaton,27
Taloudellemme,27
Paradokseja,27
Traumaattisten,27
Kuvaisivat,27
Varmoista,27
Käytöstapa,27
Itsareita,27
Bureaucratic,27
Kommunistilta,27
Kirjoitettukin,27
Maustamattomia,27
Tyttöystävään,27
Järvikalaa,27
Yla,27
Ajotuntuma,27
Carson,27
Siirryttyään,27
Termistössä,27
Negatiivinenkin,27
Mantteli,27
Henkivartijan,27
Maistaneena,27
Potun,27
Lääkärikulut,27
Viritteli,27
Ostettavien,27
Punniten,27
Elämyksiin,27
Rintaääni,27
Lync,27
Rangaistavissa,27
Velallista,27
Tytteli,27
Vaalein,27
Puuteollisuuden,27
Pokkareita,27
Tarinoina,27
Solisti,27
Ulinasi,27
Luontaistuotteita,27
Somalialaista,27
Ratsastamassa,27
Taksiyrittäjälle,27
Kyräillään,27
Terminaalia,27
Tulojakin,27
Pakolaisvirtojen,27
Mayoclinic,27
Terävimmän,27
Hiljentävät,27
Klaaneja,27
Agendaksi,27
Tylsistyvät,27
Hiekkainen,27
Branded,27
Kansallisromantiikkaa,27
Kurssikirjoja,27
Nollakommentteihin,27
Naisii,27
Kustomoitua,27
Keinuttaa,27
Heikkotasoisia,27
Käänteiseen,27
Nimmarit,27
Pääkipu,27
Tyrehtyisi,27
Maakohtaista,27
Juottolassa,27
Silmittömästä,27
Lausumiseen,27
Makedoniassa,27
Tulostat,27
Tapolla,27
Edunvalvonnassa,27
Järkyttävissä,27
Laktoosittomat,27
Paasaan,27
Asianajotoimistossa,27
Laiskempaa,27
Salaiselle,27
Lyhytnäköisestä,27
Nelikymppisinä,27
Lauserakennetta,27
Matelua,27
Upottivat,27
Odottavalle,27
Koksun,27
Valtamereen,27
Painoarvoltaan,27
Kaatuilu,27
Piirakassa,27
Tutkimuspaperin,27
Salaateissa,27
Rekisteröidyille,27
Suksii,27
Kotopuoleen,27
Hätäistä,27
Konventionaalisen,27
Kyselijät,27
Fiidifi,27
Kahvikuppeja,27
Kestämisen,27
Kohtelustaan,27
Maru,27
Tekijöitäkin,27
Doupit,27
Taloudenpidossa,27
Maantieteelliselle,27
Humalaiselta,27
Huonolaatuisempaa,27
Energiamarkkinoiden,27
Viharikosta,27
Työntekijäpulasta,27
Mainospuheita,27
Ilmamassa,27
Tulosuuntaan,27
Patchi,27
Elämäntason,27
Elinvoimaisen,27
Hiihtokeskus,27
Rangaistuksille,27
Lelulla,27
Juoksevasta,27
Immuniteettiin,27
Kansaryhmää,27
Hongisto,27
Väikkäreitä,27
Autoilevien,27
Misunderstood,27
Etäpesäke,27
Opiaattia,27
Persoonallisuudet,27
Säilyttivät,27
Esittäjälle,27
Kantanne,27
Luudalla,27
Keskisuurista,27
Sydneyn,27
Laurila,27
Oppitunneilta,27
Syöttämisestä,27
Oilisi,27
Breikin,27
Varsova,27
Metroradan,27
Ominaislämpökapasiteetti,27
Kyvykkäiden,27
Suomenruotsalaiseen,27
Pöllöä,27
Kokopäiväisiä,27
Alkeelliseen,27
Ruokatieto,27
Tooodella,27
Harakanvarpaita,27
Easing,27
Luoville,27
Tunnepohjaisesta,27
Istuskellaan,27
Vapaamatkustajana,27
Rationaalisemmin,27
Luovana,27
Tapauskohtaisen,27
Tjooh,27
Ratikoihin,27
Seksitautien,27
Säilytettynä,27
Arvoset,27
Videopätkää,27
Röökejä,27
Valotti,27
Kärkinimiä,27
Ääriliikkeeseen,27
Keskusteluympäristö,27
Kapinana,27
Netist,27
Vuotaneiden,27
Ylikallista,27
Olivier,27
Nauloilla,27
Soluttautuja,27
Seutukunta,27
Rasitusvamman,27
Taloustieteet,27
Amfetamiineja,27
Riehut,27
Pentueen,27
Postaava,27
Lehdistötiedotteita,27
Laskettelukeskukset,27
Loikkasivat,27
Paratiisilta,27
Asiantuntijuudesta,27
Maksimipalkka,27
Velttoja,27
Jäätyivät,27
Järnefelt,27
Puulajeja,27
Lennätä,27
Suomennettuja,27
Elämyksestä,27
Ammatillisella,27
Varakkuudesta,27
Dominanssin,27
Puoles,27
Veronkierrolla,27
Markkinatilanteesta,27
Sanallisesta,27
Supplying,27
Sshs,27
Bolognesea,27
Täyssähköautoa,27
Janis,27
Käyttöpaikka,27
Kiihtyvyydellä,27
Oksettavat,27
Tynkkynenkin,27
Kehittämis,27
Puolustuslinja,27
Jälkikäsittely,27
Elektroniikat,27
Kiireiltään,27
Ajolle,27
Lehdistönvapaudesta,27
Kuuliaisena,27
Jääkaappipakastimen,27
Keskenkin,27
Miehekkäällä,27
Töksähtää,27
Roskakorin,27
Moralisoinnista,27
Yliampuvasti,27
Hallitsijoille,27
Musisointia,27
Käyttötavarat,27
Silloiselta,27
Typhoonin,27
Asekauppojen,27
Myöhästymiseen,27
Rakennuttavat,27
Osiolla,27
Puuhasta,27
Dokumenttejä,27
Neekeripoikaa,27
Murheiden,27
Feikkaaminen,27
Machiavelli,27
Palvikinkkua,27
Vastakkainasettelulle,27
Sallimisessa,27
Asutettuja,27
Taivaanlahja,27
Packia,27
Keskiö,27
Aktivisteilta,27
Kuormituksessa,27
Asustavat,27
Ulkomaanmatkoilla,27
Puhutteluja,27
Energiapuuta,27
Vertailevan,27
Keskustellun,27
Tilastoille,27
Pitaako,27
Vajaalta,27
Tapettavan,27
Niuvanniemen,27
Homomiehille,27
Myrkyllisyyttä,27
Luottamuspulasta,27
Kommenttiosioiden,27
Koulumenestyksellä,27
Asiakysymyksiä,27
Marinoitunut,27
Sukille,27
Oluset,27
Rästejä,27
Kasvojensa,27
Epäonnistujat,27
Penkkiurheilija,27
Ulkkareiden,27
Rikosseuraamuksia,27
Kohenna,27
Veroäyriä,27
Teikäläisillä,27
Narisevat,27
Provokaatioihin,27
Makuyhdistelmä,27
Kosmeettisesti,27
Henkilä,27
Soittimista,27
Traktoreiden,27
Yhteiskuntatieteellisen,27
Babbys,27
Pikkutiet,27
Eiliselle,27
Pääkonttoria,27
Jalkojeni,27
Mukautuvan,27
Maanalle,27
Jätevettä,27
Leukaparta,27
Arabiankielisiä,27
Fiilistelyyn,27
Makuuhuoneet,27
Punkkaan,27
Orjatyönä,27
Hupsuja,27
Yhtynyt,27
Kovolla,27
Pakolaistulva,27
Temppelistä,27
Selainversio,27
Sinuttelu,27
Homehtui,27
Kybän,27
Parimetrinen,27
Lääketeollisuudessa,27
Palkkatasolle,27
Redditoria,27
Rekisterejä,27
Moottorittomalla,27
Pollaa,27
Sovellettavia,27
Kirjoitelmat,27
Paimentaminen,27
Vangelis,27
Sääntörikkomus,27
Alihankinnan,27
Metriset,27
Vegaanisten,27
Keskusteluryhmissä,27
Nuotiopaikalla,27
Miljööseen,27
Blogikirjoitusta,27
Pehmolelun,27
Asemasotaa,27
Ylimmistä,27
Traced,27
Varaosana,27
Huostaanotot,27
Paahtimen,27
Työpäivälle,27
Alittaminen,27
Itsellämme,27
Lähdeluetteloa,27
Bedroom,27
Laihempia,27
Ohjauskorkoa,27
Megawattitunti,27
Tiedetäänkin,27
Loskapaska,27
28e,27
Väliseinän,27
Peruselintarvikkeita,27
Oppitunneista,27
Kukinta,27
Kryptosta,27
Kansalaisvelvollisuuden,27
Keitetystä,27
Särkylääkkeen,27
Öisestä,27
Nokkakolarin,27
Viranomaisesta,27
Hiilineutraaliudesta,27
E18,27
Varotoimi,27
Syyttelyllä,27
Rippumatta,27
Tuukkaan,27
Vaaleanpunaisten,27
Shelves,27
Hiekkapaperia,27
Astuttuaan,27
Tuulettimesta,27
Raffi,27
Sekasyöjille,27
Litteästä,27
Tatjana,27
Luovutuksista,27
Desibelejä,27
Jännämies,27
Mielyttävä,27
Murkula,27
Päihteetöntä,27
Aktiivisinta,27
Pikkukaupan,27
Pitämättömät,27
Reitittimelle,27
Surkimus,27
Höpöttelee,27
Petivaatteita,27
Rajanylitykseen,27
Niput,27
Allegation,27
Miesvaltaisen,27
Älypäät,27
Perheenisänä,27
Lounareita,27
Omias,27
Tätinaiset,27
Vatsakipuja,27
Sokerittomana,27
Suolaliuosta,27
Salapoliisit,27
Vetäydyt,27
Pysähtyny,27
Kampea,27
Liukkautta,27
Järkähtämätön,27
Mittanauhalla,27
Mädättävää,27
Tomaattipyreetä,27
Vilkaisua,27
Nukkuviin,27
Elementillä,27
Varauksista,27
Fanikunnan,27
Koulutusasteesta,27
Selkkauksesta,27
Listaamatta,27
Tuomareihin,27
Läksivät,27
Tuhmien,27
Puolimaratonin,27
Perinteisemmissä,27
Jalojen,27
Partiolle,27
Hallintoalue,27
Tunneperäisiä,27
Provosoinnilla,27
Apujoukkoja,27
Slangilla,27
Tarjottuna,27
Viruksessa,27
Ohjaajaan,27
Aikuistumiseen,27
Kaalikääryleitä,27
Jahdatessa,27
Esteinä,27
Nielussa,27
Löysien,27
Juoksentelu,27
Keskustelualustoja,27
Soffalla,27
Pakolaistaustaisten,27
Paperina,27
Instrumenteilla,27
Transvastainen,27
Vastamelun,27
Palleissa,27
Rullamitta,27
Palkanlisää,27
Lainsäätäjiin,27
Luvattomista,27
Piekkarilla,27
Lojuneet,27
Oikeusoppineita,27
Kiihdyttäen,27
Periaatepäätöstä,27
Synkkasi,27
Läheltäkään,27
Käyttäytymismallien,27
Sotilasvalan,27
Suorakulmion,27
Liehui,27
Vähättelyksi,27
Ihastuksesi,27
Luonnonresurssien,27
Mediayhtiön,27
Kiskottiin,27
Ennätyslukemiin,27
Vauraudessa,27
Tartuntapiikki,27
Ballistista,27
Influensserien,27
Veikkonen,27
Paikallisiksi,27
Kielteisellä,27
Hierarkisia,27
Sotilasarvoa,27
Lisämotivaatiota,27
Ginestä,27
Maksasi,27
Piuhoista,27
Kommentoitavaksi,27
Hypermarketteja,27
Irvailu,27
Verisuonisairauksia,27
Oneself,27
Pakastepitsan,27
Avaruusolioita,27
Valjastaneet,27
Belly,27
Jenkkityylisiä,27
Suolaiseen,27
Siluetin,27
Ylivoimaisuus,27
Autopeli,27
Jäykkien,27
Poliisillakaan,27
Pitäjänmäki,27
Trooppi,27
Hillitymmin,27
Naamakuvia,27
Kannanottoni,27
Humanistiksi,27
Elinkeinoministerinä,27
Kouluttajalta,27
Väritetään,27
Peräsuolesta,27
Määrittämisen,27
Huvilaa,27
Elokuvateollisuuden,27
Lääkinnällisesti,27
Laihalla,27
Evoluutioteoriasta,27
Hedonistisia,27
Huomattavampi,27
Räikeämpää,27
Aloittamaasi,27
Mustikkakeittoa,27
Sähkölämmitykseen,27
Toimivimpia,27
Rohkaisu,27
Laillistettuja,27
Hoidolta,27
Humusta,27
Puutalojen,27
Ihmiskeskeinen,27
Ylistivät,27
Ihmisapinoiden,27
Roistovaltioita,27
Säkkipimeässä,27
Asennetuista,27
Admineita,27
Siirreltiin,27
Työpaikkojakaan,27
Enklaaveja,27
Metsätietä,27
Nuoruusvuosilta,27
Villasukan,27
Maanalaiseen,27
Kiristämiselle,27
Opiskelupaikassa,27
Haudutettua,27
Indefinitely,27
Kauppapaikalla,27
Lupauksissa,27
Latausnopeutta,27
Vertailuihin,27
Alanvaihdosta,27
Sisäpoliittisten,27
Koiraakin,27
Joukkoampumisista,27
Palkastakin,27
Maksakirroosiin,27
Transnaisiin,27
Julkaisupäivää,27
Trollaava,27
Uusvanhaa,27
Remppoihin,27
Perääntymisen,27
Reagoimalla,27
Tulokulmalla,27
Kuulus,27
Työnantajassa,27
Aikahaarukka,27
Mantereeseen,27
Tarvittavissa,27
Mesopotamiassa,27
Kirjasarjoja,27
Supervaltana,27
Komentotalouden,27
Perusteelliset,27
Pesien,27
Maajoukkueet,27
Ruvettava,27
Onnistuneimpia,27
Golfkentällä,27
Vaatimattomasta,27
Suuntaamalla,27
Morkataan,27
Luetusta,27
Huonommuuden,27
Rytinää,27
Kaikkie,27
Karhukirje,27
Isommassakin,27
Vuosineljännes,27
Rikkomaton,27
Ärsyttäis,27
Vihapuhelakia,27
Musavideoita,27
Jälleenmyyjälle,27
Twiittaus,27
Huolehtien,27
Evaa,27
Vasemmistoliittolaisia,27
Säkkien,27
Kulumia,27
Kokopäiväisen,27
Palkkakuluihin,27
Revanssia,27
Tuhkakuppiin,27
Varastoimalla,27
Päivitettyjä,27
Rahvaaseen,27
Lepakkojen,27
Kaliiperilla,27
Hävitettäisiin,27
Hankintalistalla,27
Vammaisuudesta,27
Uphold,27
16s,27
Hyötyisimme,27
Roimalla,27
Omassakaan,27
Pakotie,27
Meemitason,27
Patrioottista,27
Sinetöidä,27
Motareiden,27
Rajaliikenteen,27
Pelikentälle,27
Karsiutuisi,27
Takamatkalla,27
Panttereita,27
Lusikoida,27
Napatut,27
Liskoaivojen,27
Umamin,27
Köyhtyisi,27
Siinämäärin,27
Uiskentelee,27
Epävarmuuksien,27
Ihanana,27
Ihmisellekin,27
Pistoolista,27
Hoitoonpääsyä,27
Järjestäjiin,27
Satelliittikuvien,27
Lisäaineista,27
Traumaperäisen,27
Pakkoliikkeitä,27
Munannut,27
Värähtelyä,27
Syntymättömiä,27
Etäilyä,27
Nuhjuinen,27
Lapsiavioliittojen,27
Havaijilla,27
Tarkistaessa,27
Rattijuopumuksista,27
Uraohjuksia,27
Virrankulutuksen,27
Taittuminen,27
Ilmoitetuissa,27
Refleksin,27
Karppinen,27
Tuiskussa,27
Pahvisen,27
Rikosuutisia,27
Limusta,27
Luiskan,27
Kohottavat,27
Perustelette,27
Oikeusperiaatteet,27
Harrastusvälineet,27
Tähen,27
Turvallisuusvirasto,27
Ojitetaan,27
Vuotaneen,27
Potkija,27
Tansania,27
Rajauksesta,27
Heimoajattelua,27
Lautakasan,27
Pyykinpesua,27
Alikille,27
Macronista,27
Seksuaalirikollisuuteen,27
Entsyymien,27
Sotilastiedustelua,27
Fiksumpiakin,27
Pytinkejä,27
Laadulliset,27
Kannabiskasvin,27
Allatiivi,27
Tartuntatauteihin,27
Määkii,27
Urpoilla,27
Pääruoan,27
Kahina,27
Ilmastokeskustelun,27
Sytytintä,27
Liukastunut,27
Pakolaissopimuksesta,27
Järjestettäviä,27
Valitsis,27
Merits,27
Karsintojen,27
Hyysärit,27
Kerjuulle,27
Jengiväkivaltaan,27
Perustellulla,27
Ulkomaalaisiakin,27
Rekrytoijia,27
Ammattinimikkeistä,27
Toimitusvarmuuden,27
Työtaisteluita,27
Puheoikeus,27
Christensen,27
Kaakaojauhe,27
Tuntunen,27
Autoritaaristen,27
Räätälöidyt,27
Koirankopin,27
Giljotiinia,27
Uhkaavilta,27
Epäonnekas,27
Täysiksi,27
Pimentää,27
Mönkijää,27
Uhkina,27
Liiketoiminnallisesti,27
Valmiiksikin,27
Pragmaattisempi,27
Inventaarion,27
Pikkumaan,27
2000v,27
Pessimistisen,27
Kinua,27
Heimokulttuurin,27
Kapellimestari,27
Paskanpuhujia,27
Jäähystä,27
Hehkuva,27
Tietoisuudelle,27
Korulause,27
Kansannoususta,27
Adoptiolapsia,27
Hyökkääjästä,27
Joho,27
Eliksiiri,27
Kurjempaan,27
Salaliitolla,27
Kusitesti,27
Toiminnassani,27
Mietinnöstä,27
Suojelivat,27
Rinkat,27
Keskittäneet,27
Tuotantolinjaa,27
Sikarikas,27
Mahdollistamisessa,27
Viestinnälle,27
Yksityistilaisuuksia,27
Laitevalmistajan,27
Perusasiatkin,27
Käyttökustannusten,27
Kulttuurievoluution,27
Tutkimuksellisesti,27
Itäsuomalaisia,27
Printtimedian,27
Baden,27
Ihastuksesta,27
Lainkohtaan,27
Nuorimpana,27
Yhtäkkisen,27
Kutsuma,27
Ääriliikehdintää,27
Kaksosilla,27
Pienpuolueisiin,27
Älylaitteista,27
Äänestyslippu,27
Hattuhyllylle,27
Platformilla,27
Välienselvittelyt,27
Ministerejä,27
Pikkujuttua,27
Äidinkielemme,27
Opintopisteisiin,27
Alentaisivat,27
Kestetty,27
Repaleinen,27
Tunteellisuus,27
Kompromissiratkaisu,27
Juttutuokio,27
Kuoppainen,27
Jätevesistä,27
Pitbulli,27
Voimattomana,27
Koodaava,27
Yläjuoksulla,27
Virkistystä,27
Singon,27
Hämärtäminen,27
Kilogramman,27
Laheta,27
Vaaleapaahtoista,27
Intetään,27
Aamiaisia,27
Tuloskin,27
Kärkikolmikossa,27
Torjuntavoiton,27
Matemaatikkojen,27
Hallituskokoonpanosta,27
Olennaisempia,27
Sapattia,27
Sekos,27
Löytääksesi,27
Jalkapalloilijat,27
Vapautetun,27
Kissingerin,27
Miesvahvuus,27
Luottokiellon,27
Noidankehässä,27
Verokorttiin,27
Irtisanoneet,27
Lennonjohdon,27
Pressalle,27
Vainoharhaisuuteen,27
Emossa,27
Rajaseudulla,27
Takamuksen,27
Frisbeetä,27
Periytyvyydestä,27
Pedofiilirinki,27
Prosessoinnissa,27
Harjoitustyö,27
Hittibiisi,27
Pienituloisimpiin,27
Veljellesi,27
Mietona,27
Vaateisiin,27
Muutemia,27
Joltaki,27
Alakuloa,27
Lainailee,27
Flynniä,27
Spolleja,27
Lähiomaisille,27
Ylläpidolta,27
Lähetysteho,27
Closures,27
Presidenttiehdokkaita,27
Rauhio,27
Australias,27
Ylimmille,27
Nocontext,27
Clancyn,27
Ylihinnan,27
Rahapulaa,27
Vetämätön,27
Kylmiltä,27
Modausta,27
Vasemmistoradikaalien,27
Lainaajalle,27
Vedeltiin,27
Dösää,27
Soveltamisalaan,27
Työvoimapoliittisen,27
Foliohatuksi,27
Natsisympatioita,27
Luukkaan,27
Elinympäristöt,27
Keskituotto,27
4f,27
Virallisemman,27
Tukirakenteita,27
Suurvaltapolitiikasta,27
Penseä,27
Linjauksien,27
Paikkatiedon,27
Montenegrossa,27
Edellämainituilla,27
Rajotettu,27
Keskustas,27
Kaasuautoja,27
Minkäänlaisilla,27
Valaistut,27
Pitkäaikaisempi,27
Osuvampia,27
Pilapuheluita,27
Löperöä,27
Uusnatsijärjestön,27
Ehdoiksi,27
Epämotivoituneet,27
Laittomuudessa,27
Pettäjiä,27
Aiempikin,27
Rahanarvoisen,27
Näpistykseen,27
Downshiftaan,27
Ongelmamaista,27
Taloustieteistä,27
Amnestyä,27
Huippukohta,27
Kotirintamaa,27
Hernerokkaa,27
Kuolinsyitä,27
Ohjelmahan,27
Aseistakieltäytyjät,27
Oleellisina,27
Sydäninfarktin,27
Hirveillä,27
Lobbaisi,27
Toimivuudella,27
Pienituloisuutta,27
Puhujaksi,27
Redusoi,27
Ittestäni,27
Junioreille,27
Elakkeiden,27
Keskitetyllä,27
Uhkakuvissa,27
Hygienialla,27
Kuningasperheen,27
Sosiaalimenoista,27
Hoitosuhteessa,27
Viranomaistahojen,27
Pelokasta,27
Gambiaan,27
Repostataan,27
Omistusmuoto,27
Originality,27
Enen,27
Lakiehdotuksesta,27
Kieliosaaminen,27
Joulunajan,27
Muuttolaatikoita,27
Palkkatietoja,27
Yötöistä,27
Epäkorrektisti,27
Compressed,27
Komissaarimme,27
Wielding,27
Valotusaikaa,27
Vuotajaa,27
Maakuntahallintoa,27
Kiihottamisella,27
Aurauksen,27
Vakuutusehtoja,27
Luksustoimintoja,27
Pillereissä,27
Tumppia,27
Aseellisena,27
Terävämpiä,27
Varusvarastolle,27
Radikaaleinta,27
Tuottamattomasta,27
Roadmanien,27
Hormonihoidoista,27
Tukitaso,27
Messuilta,27
Heikommilta,27
Tykkiin,27
Vyyhdissä,27
Rottana,27
Puhisee,27
Tulisijaa,27
Polttajan,27
Kuntsaria,27
Baikal,27
Sahtawn,27
Katseluaikaa,27
Towel,27
Maahanmuuttokriitikkona,27
Hyvityksestä,27
Bussikaistoja,27
Salkunhoitaja,27
Troijalainen,27
Vaikeimmassa,27
Oikeatakin,27
Lisätöistä,27
Alaäänejä,27
Kanakin,27
Soitellessa,27
Portfoliolla,27
Lykkäämällä,27
Loukkaantumisriski,27
Raiskauskulttuurin,27
Petät,27
Taksimarkkinat,27
Perspektiivit,27
Rajatkiinni,27
Taksitoiminta,27
Vähemmistöjään,27
Laiturien,27
Myönnettävää,27
Puolipäivää,27
Tornitalon,27
Liikutte,27
Yliluonnollisten,27
Nurmeksessa,27
Kiistanalaisista,27
Vastaanottorahaa,27
Sivistymättömyyttä,27
Playeri,27
Kiristivät,27
Bmjopen,27
Epäoikeuden,27
Piirtäisin,27
Hukut,27
Katsoessasi,27
Todellisuutena,27
Kireämmät,27
Kahjoa,27
Voiced,27
Hashtagien,27
Pärisevät,27
Tämäntyyppisen,27
Tarkoituksenmukaisuus,27
Vittuuntui,27
Maantiedossa,27
Modernimpia,27
Valtiomiehiä,27
Maahyökkäys,27
Edukkaampaa,27
Paperillakin,27
Pakettiautomaatista,27
Huorista,27
Graafikoita,27
Deposits,27
Snu,27
Aikamies,27
Rekisterihallituksen,27
Ylijäämänä,27
Muslimimaahanmuuttajien,27
Spitfire,27
Pysähtyen,27
Jättäytyivät,27
Insinööritieteiden,27
Tyhjänpäiväisten,27
Valtauskontojen,27
Käsivarsien,27
Diff,27
Oikeastikaan,27
Narkkarille,27
Jäyhä,27
Valtaväestössä,27
Pahimmanlaatuista,27
Siirtoyhteyksiä,27
Kansakunnista,27
Pakkaskelillä,27
Siteistä,27
Vakaumuksista,27
Kantiksien,27
Pakolaisongelmaan,27
Johtajakoulutuksesta,27
Halpatyö,27
Kauppanimi,27
Polilta,27
Oppilasaineksen,27
Oluttölkki,27
Kosteuteen,27
Terveyskulut,27
Valintaprosessissa,27
Nenäkarvat,27
Radikaalille,27
Roopella,27
Tiputellaan,27
Neuvotteluasemat,27
Fanaattisuuden,27
Kehitysvaiheen,27
Itsesuojelua,27
Vainoharhaiset,27
Vantaaseen,27
Antautumalla,27
Astronautteja,27
Helevetinmoinen,27
Padasta,27
Kuulemman,27
Päällisinpuolin,27
Jäävuoreen,27
Maatalousyrittäjät,27
Valituksien,27
Akselissa,27
Minimalistisen,27
Moraalittomampaa,27
Hahmotin,27
Suolistosta,27
Potilaina,27
Esseissä,27
Kosteista,27
Randomiin,27
Timed,27
Lonka,27
Vapaamatkustajan,27
Rakastajan,27
Lievitä,27
Uskomattomana,27
64k,27
Recount,27
Autoritaarisuuden,27
Aivokasvaimen,27
Perinteisemmillä,27
Siad,27
Sukari,27
Syventävän,27
Määritetyn,27
Ihmisoikeusasioissa,27
Ronnie,27
Googlausta,27
Aukioita,27
Zlatan,27
Pilvilinnassa,27
Uskottavuutesi,27
Oikat,27
Vetisen,27
Tutkareita,27
Ennakkosensuurista,27
Taistelulla,27
Ylipitkät,27
Puhumattomat,27
Mitättömyys,27
Ruumiinrakenteeltaan,27
Viinerit,27
Rebecca,27
Laminaatit,27
Koulutusmäärä,27
Vammais,27
Emolevyllä,27
Piskit,27
Aaltoliikettä,27
Suotuisaan,27
Pinkerin,27
Eristäytymisestä,27
Käen,27
Raudoitettu,27
Minimitasolla,27
Poistettuihin,27
Konekin,27
Noroviruksen,27
Perhevapaista,27
Kauneusihanne,27
Vakiduunissa,27
Ratkaisevaksi,27
Oikukas,27
Lakituvassa,27
Mielivaltaiseksi,27
Loopit,27
Puheenvuoroon,27
Economical,27
Klickbait,27
Kamaluus,27
Pastissi,27
Vastuuttomalla,27
Surffaan,27
Valkoihoiselle,27
Kaulalta,27
Laskuttajan,27
Lihansyöjistä,27
Klikkiotsikolla,27
Pakotetulla,27
Ditch,27
Kielt,27
Byrokratiakoneisto,27
Ääriesimerkin,27
Soijakastikkeella,27
Saksanpaimenkoiran,27
Yläluokkaiset,27
Lotraa,27
Pikaistuksissa,27
Jommallekummalle,27
Samallaisia,27
Vessaharjaa,27
Ammatinharjoittajana,27
Karkoituspäätös,27
Keskikulutuksen,27
Runkkailla,27
Ikkunani,27
Arkkitehtonisesti,27
Työkään,27
Kvartaalitaloudessa,27
Rumbassa,27
Yksissäkään,27
Rikosprosessin,27
Ohittelu,27
Milbona,27
Johtajakin,27
Pikaruokaketju,27
Stipendillä,27
Hellepäivänä,27
Riistaan,27
Juhlavaa,27
Hyvärinen,27
Vuoan,27
Tietoisuudella,27
Jupit,27
Hellyttävä,27
Taiteilu,27
Palkkataulukon,27
Kudokset,27
Patrioottien,27
Haikeaa,27
Kulttuurisodat,27
Kauppaostokset,27
Kärnästä,27
Adhamin,27
Sittem,27
Kahvikuppini,27
Villieläintä,27
Kävyn,27
Shortseihin,27
Kuivauskaapissa,27
Omatekoista,27
Rasvana,27
Harrastelijana,27
Pätkäpaaston,27
Basilikan,27
Alimmaksi,27
Kirkollisvaaleissa,27
Minimoit,27
Tummennetut,27
Sähkökitaraa,27
Nuotiolle,27
Kassoissa,27
Julkaisemassaan,27
Salakuljetti,27
Faang,27
Kommandona,27
Paikallisuutisia,27
Veneilijät,27
Miljarditappiot,27
Spekulatiivisen,27
Pyramidihuijaukselta,27
Mattoveitsellä,27
Miedosta,27
Monimutkaisemmissa,27
Hölmöläinen,27
Sähköttä,27
Practitioner,27
Autoliikenteelle,27
Esitiedot,27
Levinneisyyttä,27
Eräpäivät,27
Sähköni,27
Joustavuuteen,27
Gourmee,27
Pitäydy,27
Pitkäaikaissairaiden,27
Terveysasemia,27
Eristät,27
Tilavat,27
Varmaati,27
Kylmintä,27
Mediaanissa,27
Messuja,27
Porasi,27
Voileipäkakkua,27
Koukulla,27
Kultastandardi,27
Kieltäytyisit,27
Lisähyöty,27
Kynistä,27
Kärjistymiseen,27
Esittäytyi,27
Hevoskärryillä,27
Sanakirjojen,27
Rituaaleista,27
Ehkäisyvälineet,27
Satelliittikuvat,27
Ammattiurheilijoita,27
Eläimellisen,27
Pihlajamäki,27
Valetut,27
Autotallit,27
Importtaa,27
Käppä,27
Webshop,27
Teollisuusalan,27
Ulosteessa,27
Deittimaailmassa,27
Keplottelu,27
Maanteille,27
Käsimerkit,27
Haulikkoon,27
Tammela,27
Jonkinnäköiset,27
Cissukupuolinen,27
Historiaakin,27
Tyynyjen,27
Huolettoman,27
Vessaharjan,27
Arkistointia,27
Vuosittaisissa,27
Ukrainassahan,27
Rykäisy,27
Vertasitko,27
Informaatiovaikuttamiselle,27
Päivystäjänä,27
Vaateiden,27
Yöpaikkaa,27
Onnistus,27
Käpälät,27
Genetiivissä,27
Menestyvissä,27
Kristillisyyteen,27
Epäterveellisistä,27
Joycen,27
Parijonossa,27
Lässähtänyt,27
Kamerakuvaa,27
Nykylakien,27
Tupakoijan,27
Möröksi,27
Kiinnipito,27
Topissa,27
Tilastotieteellisesti,27
Rauhanehdot,27
Mehutiivistettä,27
Sähkökaapin,27
Persoonallisuudella,27
Dokkareissa,27
Populäärikulttuurin,27
Kommenttiketjuissa,27
Liquidity,27
Vuokranmaksua,27
Ääninäyttelyn,27
Finlaysonia,27
Kelmun,27
Perusmaksut,27
Tönimiseen,27
Käärmeistä,27
Vaikutusalueen,27
Näyttämö,27
Skineillä,27
Myyntituloilla,27
Ennakkoäänestystä,27
Kertoakseni,27
Ammennetaan,27
Kulttuurimuutos,27
Ruisleipiä,27
Antagonisti,27
Erityisluokan,27
Itärintaman,27
Menettelytapoja,27
Minullekkaan,27
Katkoksen,27
Liveseuranta,27
Hammastarkastukseen,27
Demokraatitkin,27
Botski,27
Taksitolpilla,27
Mulkvistit,27
Työnantajaosapuoli,27
Normimeininkiä,27
Lottokuponkia,27
Ruumiilta,27
Ttaa,27
Objektiivisista,27
Laatumedia,27
Läpäisyn,27
Vauvaksi,27
Lootboxeihin,27
Kiipelissä,27
Latinoista,27
Luottamustehtävät,27
Tiedotuskeskuksen,27
Lainasanana,27
Liikennevirhemaksun,27
Menettäisimme,27
Nuorehkon,27
Urheilukello,27
Erityisryhmät,27
Talloi,27
Näiksi,27
Informative,27
Romanikerjäläisten,27
Aikusia,27
Nukahtamisessa,27
Reopening,27
Lihakeittoa,27
Läksyksi,27
Tikkakoski,27
Konekivääreitä,27
Eksoottisemmat,27
Optiikat,27
Hirrestä,27
Eläköityneitä,27
Rajavartioiden,27
Teknologiayritykset,27
Mielenterveydellä,27
Etymonline,27
Keltasen,27
Artikulointi,27
Loppuissaan,27
Kaasuttamisen,27
Ostelet,27
Kolat,27
Tiukinta,27
Taikasanalla,27
Potissa,27
Maskitta,27
Himos,27
Olisis,27
Talutan,27
Ennenaikaisiin,27
Hoitojonoja,27
Muide,27
Puhuttaneen,27
Hätääntyneenä,27
Iltamat,27
Huonoimmillaankin,27
Detrans,27
Tottelevainen,27
Paiskasi,27
Härnääminen,27
Näillänäkymin,27
Headhunter,27
Marche,27
Kehäpäätelmää,27
Erottautuminen,27
Rikosnimikkeeseen,27
Poliisityön,27
Kirjanpitorikos,27
Epäliberaali,27
Marijuanaa,27
Vaalitukea,27
Rikospoliisin,27
Ylivelkaantumista,27
Configuration,27
Täytää,27
Ydinsähkön,27
Lääkefirmoille,27
Taskussani,27
Natsikin,27
Monarkioiden,27
Pelaajatcom,27
Yleiskäyttöön,27
Kaivosveroa,27
Loisteputkia,27
Tykittely,27
Tukijärjestelmien,27
Helppolukuisia,27
Jääkärinä,27
Rivakkaa,27
Luotosta,27
Rajanylityksiä,27
Turkmenistan,27
Juhalle,27
Häiriköimällä,27
Kehittelyn,27
Klaanit,27
Avarakatseisia,27
Emuloi,27
Subjektiivistä,27
Tyhjensivät,27
Rääväsuu,27
Työnvälitys,27
Pornotähtiä,27
Saksankieliset,27
Ylväästi,27
Yves,27
Narskuu,27
Plugins,27
Rahapeliautomaatteja,27
Revontulista,27
Nyhtistä,27
Ilkeilyä,27
Resigns,27
Hallituskoalitio,27
Savulohta,27
Simulaatioon,27
Kilpirauhasarvot,27
Aphex,27
Karpaloita,27
Vastat,27
Armeijamme,27
Elefantteja,27
2n,27
Kasvisruokapäivänä,27
Maksimisumma,27
Pointsi,27
Äärimilleen,27
Rikosjutuissa,27
Talousliberaalien,27
Referoiden,27
Päättäväisyys,27
Pufa,27
Yksityistäjä,27
Peitetarina,27
Feministinaiset,27
Puolustusministeriä,27
Aviisin,27
Aluepäällikkö,27
Epädemokraattisten,27
Laveat,27
Tärähtänyttä,27
Nerokkaana,27
Räjäytyksen,27
Nevanlinna,27
Työvuorolistaan,27
Ruletissa,27
Contentti,27
Tuolileikki,27
Laskuksi,27
Väärennöksen,27
Koristeellinen,27
Kodille,27
Asennettaessa,27
Lukujärjestyksessä,27
Huijauspuheluita,27
Koulutuspohja,27
Vuokravakuudesta,27
Kengätkin,27
Kirjasivat,27
Palatsivallankumous,27
Kirpaisisi,27
Pummaa,27
Osakesijoittamista,27
Parkkeja,27
Sakkoina,27
Puolustusasianajajan,27
Katualueella,27
Vitsailit,27
Sekulaarien,27
Rullas,27
Unanimously,27
Tiivistyminen,27
Soveltuvuuskoe,27
Rabatti,27
Mokaili,27
Ylikuolleisuudesta,27
Hajulukon,27
Donation,27
Perheyrityksessä,27
Momentilla,27
Supervision,27
Lisämaustetta,27
Taivaanrannassa,27
Työläppärin,27
Ranged,27
Contagious,27
Vaativuustason,27
Tuntitaksa,27
Selkärangattoman,27
Etelärajan,27
Diettiä,27
Helppoheikit,27
Rokotesuojan,27
Luopumisessa,27
Yleissivistävänä,27
Kansankiihotusta,27
Joutunevat,27
Kinnostaa,27
Vetokoukkua,27
Lasiseinän,27
Kevinrothrock,27
Lahjakortista,27
Tiedettäis,27
Pysäköintivirhemaksuja,27
Saamelaiskieliä,27
Ongelmatapauksille,27
Theo,27
Framet,27
Sosiopatiaa,27
Huolenaiheeni,27
Mikävaan,27
Viidakkoveitsellä,27
Bullshitin,27
Lauon,27
Komentorivillä,27
Toistossa,27
Simojurri,27
Buprenorfiinia,27
Hairy_gogonuts,27
Sähköntuottajien,27
Visegrad,27
Ruokajonoja,27
Yleisötapahtuma,27
Liikennöitsijä,27
Sekoitussuhde,27
Budjetiksi,27
Lumisessa,27
Valmennuskurssille,27
Finnkinolta,27
Kaamean,27
Edistynein,27
Verovähennysoikeuden,27
Ansaitsematon,27
Saamelaiselle,27
Vähäisintä,27
Tulosteen,27
Saamelaisuuteen,27
Korvaavasta,27
Hotakainen,27
Huolimattomuusvirheitä,27
Polkupyöräilyyn,27
Perusongelmat,27
Nettiäänestyksen,27
Victorious,27
Kortepohja,27
Koristellaan,27
Humaanilla,27
Limsapullo,27
Uppoudun,27
Keikkalääkärin,27
Sivilisaatioista,27
Sarjahukuttajan,27
Valkokangas,27
Mortyn,27
Läskisoosia,27
Vaihtoehtotodellisuus,27
Koiraihmisiä,27
Tiesulku,27
Muunnellun,27
Kuhmosta,27
Tunnetaidoista,27
Entsyymit,27
Nygårdia,27
Tekstityksiin,27
Tunkeudu,27
Mielenosotukset,27
Sukurutsa,27
Tatuoidut,27
Vedenpaisumus,27
Kemiallisella,27
Intersektionalistit,27
Eläkelupaukset,27
Raiskausilmoitus,27
Pienviljelijöitä,27
Kauppista,27
Julkispuolen,27
Suomalaisiinkin,27
Laatumedian,27
Konginkankaan,27
Tsuhnat,27
Lienekkö,27
Mumina,27
Lietsot,27
Satumaailmassa,27
Kerrannaisvaikutus,27
Pandoille,27
Aikasempien,27
Vaihteilla,27
Joustamattomat,27
Postimiehen,27
Senioria,27
Kiinteämpää,27
Siskokset,27
Helppokäyttöisyyden,27
Keta,27
Suoritusaika,27
Tällaiseenkin,27
Puhdasverinen,27
Nummelan,27
Estolistalla,27
Tämänlaisiin,27
Tukipolitiikka,27
Rukouksiin,27
Joksus,27
Taloustieto,27
Tekstiiliteollisuus,27
Työskentelisin,27
Sijoitusneuvojan,27
Ihailet,27
Romaneilta,27
Politrukki,27
Itäblokkia,27
Torino,27
Perusolettama,27
Ylimielisyydellä,27
Linkistäni,27
Osuuskuntiin,27
Tervehdit,27
Klubista,27
Aurinkolaseissa,27
Hiltusen,27
Pörssiyritykset,27
Keitettyjen,27
Visitor,27
Suomennosten,27
Hajottivat,27
Vallanhimoisia,27
Oikeanpuoleista,27
Kivijalkakaupassa,27
Uusvanha,27
Ääripäillä,27
Syrjähyppy,27
Kebabrulla,27
Lehdistökin,27
Konetekniikkaa,27
Uitiin,27
Vainoaja,27
Tekosyysi,27
Possuille,27
Sotaoikeuteen,27
Hakemani,27
Vako,27
Persujenkaan,27
Lukutaidottoman,27
Opiskeluaikoja,27
Ihmissuhdetaidot,27
Poliisikoulu,27
Reggaeta,27
Käyttäjätunnuksesi,27
Osuvammin,27
Käytettävissämme,27
Höysteeksi,27
Vladin,27
Aikuisväestö,27
Länsimaalaistunut,27
Öljynvaihdot,27
Elokuvahistorian,27
Metsäpalovaroitus,27
Mediakritiikin,27
Meridian,27
Häviäjistä,27
Arabiemiraattien,27
Mobiililaitteita,27
Päiväkohtaisia,27
Kaksikaistainen,27
Tussari,27
Sekoilen,27
Työviisumia,27
Kauppamies,27
Mestaus,27
Jetset,27
Alkuvaihe,27
Taiteilijanimi,27
Hips,27
Näkyyköhän,27
Koulutyö,27
Rengastie,27
Erikoistumalla,27
Mielipuolia,27
Bulkkiolut,27
Magneettikuvaukseen,27
Verokilpailua,27
Launcherin,27
Massahysteriaa,27
Tuodakseni,27
Äänestysalueen,27
Osaisinko,27
Ryöstän,27
Raksafirman,27
Minimiaika,27
Tyhjentäessä,27
Shenzhen,27
Punaviherkuplassa,27
Pyörävarkauden,27
Negativiinen,27
Yhteiskuva,27
Globalisoitunut,27
Vaihtoehtonahan,27
Pyöräytän,27
Huorittelusta,27
Airplanes,27
Kuuntelut,27
Kouluampujista,27
Leffalla,27
Arveluita,27
Museolla,27
Rahtilaivan,27
Hakaristia,27
Kimmoke,27
Reaaliaikaiset,27
Kasviruoka,27
Opetusministeriksi,27
Malesiasta,27
Avustusjärjestö,27
Itsenäisillä,27
Programmers,27
Mafioso,27
Kaamee,27
Liraus,27
Vegaaniruokavaliolla,27
Skeet,27
Sotaveteraaneille,27
Käli,27
Eliminoimalla,27
Runnerin,27
Kaupallistuminen,27
Pultsarit,27
Pohjakerroksen,27
Vantaassa,27
Laihtui,27
Vastaväittelijän,27
Dragiin,27
Hyönteismyrkky,27
Tanelin,27
Perseestäs,27
Kohtaamispaikka,27
Mikroja,27
Tuhlaaja,27
Heräteostos,27
Kummipojan,27
Voimaharjoittelun,27
Tasaraha,27
Kasvisproteiinia,27
Pelastuslaitokset,27
Vokalisti,27
Sisälämpö,27
Eläinproteiinin,27
Nähtäväks,27
Kasvoit,27
Hyttysverkon,27
Diagnostiset,27
Illal,27
Tiedonhankinta,27
Murhalle,27
Oikeusjärjestys,27
Kyselytutkimusta,27
Kastetta,27
Jehovantodistaja,27
Tilantarve,27
Sytyttimiä,27
Harhaoppinen,27
Ulkopinta,27
Meirl,27
Yksityisviesteihin,27
Puolustusasioissa,27
Luonnonperintösäätiön,27
Turvallisuuskin,27
Definite,27
Tasaverot,27
Luokkamme,27
Uskaliasta,27
Luottamusmieheen,27
Odottamattomat,27
Järkisyyt,27
Puolitosissani,27
Toiveunta,27
Luca,27
Värisävyt,27
Shopit,27
Raneja,27
Kamiinoita,27
Absorb,27
Oikeustieteilijöiden,27
Pedofiiliä,27
Korkeemman,27
Rykmentti,27
Puuroo,27
Hajukin,27
Habeck,27
Fossiilisissa,27
Helevettiläinen,27
