Luetellut,115
Kuvasivat,115
Tietämykseni,115
Lentolipun,115
Erisnimi,115
Vakuuttavan,115
Jokasesta,115
Alennusten,115
Keskustelukumppanin,115
Pärinät,115
Lohkon,115
Kävellessäni,115
Voimafantasia,115
Voimakeinot,115
Vastaanottokeskuksiin,115
Julistat,115
Nimee,115
Integroidaan,115
Luterilaisia,115
Pitemmät,115
Kansallispuisto,115
Kippo,115
Vaimonhakkaaja,115
Advocate,115
Myis,115
Rajatapauksia,115
Orgasmi,115
Elatusapua,115
Palautteet,115
Kasper,115
Tavu,115
Sarjatulta,115
Stubbille,115
Kommenttiosion,115
Kirjanpitäjän,115
Salaattiin,115
Sukupuolittuneet,115
Lihankulutus,115
Jung,115
Rungot,115
Ydinsotaan,115
Jalostetut,115
Joona,115
Founded,115
Kiusattuna,115
Kreikkalaista,115
Aikaisemmalla,115
Jouset,115
Järjestyksenvalvojia,115
Vankeusrangaistukset,115
Konsulaatin,115
Lihapulla,115
Maaliskuusta,115
Kerronta,115
Sarjakuvissa,115
Valokuvien,115
Kuumotukset,115
Shoppailu,115
Kiintiöillä,115
Mainitsemillasi,115
Lykkäys,115
Ostatte,115
Suppean,115
Työharjoittelun,115
Muakaan,115
Militia,115
Arguing,115
Ihastus,115
Parturit,115
Ydinenergian,115
Keraaminen,115
Satuttiin,115
Jänikset,115
Blah,115
Suuttuminen,115
Työmaat,115
Vihervassarien,115
Opettajatkin,115
Ergonomia,115
Alikessu,115
Nukuttiin,115
Lukumääräisesti,115
Joutais,115
Hengenvaara,115
Muistiossa,115
Rautakaupassa,115
Limppari,115
Bensassa,115
Karusti,115
Osakemarkkinoilla,115
Mutaa,115
Dubai,115
Jeba,115
Experimental,115
Saavun,115
Davis,115
Typen,115
Huumevalistus,115
Ykköseen,115
Ekoissa,115
Lakiuudistus,115
Sunnuntailisät,115
Tala,115
Pääomatulo,115
Ursula,115
Fishing,115
Basilika,115
Parking,115
Monokulttuuri,115
Autokauppias,115
Mummosi,115
Kemiassa,115
Luettelemasi,115
Listaat,115
Painting,115
Hankintameno,115
Telegramin,115
Navigaattori,115
Isolation,115
Venäläisetkin,115
Stubbi,115
Aloittelevalle,115
Kassatäti,115
Upp,115
Vasemmistolaisessa,115
Meiltäkin,115
Reactor,115
Marihuana,115
Varjoja,115
Lumipallo,115
Svensk,115
Täkäläinen,115
Monsanto,115
Joopajoo,115
Sharp,115
Makeutusaineet,115
Persaukiset,115
Ruotsalaisella,115
Lämpöpumppu,115
Stna,115
Ingressissä,115
Hytti,115
Valkosuklaa,115
Demilitarisointi,115
Pystytäänkö,115
Genesis,115
Perustutkimus,115
Porschen,115
Parhaassakin,115
Sorrut,115
Setäni,115
Aikuisuus,115
Halusitko,115
Puskaradio,115
Rohkeat,115
Oreo,115
Meetup,115
Sanomiin,115
Mullvad,115
Whatsapissa,115
Joudunko,115
Echo,115
Lestadiolaisuus,115
Kadehdin,115
Chip,115
Cooking,115
Dotan,115
Gamma,115
Karjalanpaisti,115
Multakin,115
Sääliks,115
Harmittaahan,115
3d0,115
Espan,115
Papa,115
Vaivannäöllä,115
Ikävintä,115
Täytyypi,115
Omistaako,115
Tehdäänpä,115
Jaksatko,115
100mbps,115
Kehtaavatkin,115
Näitkö,115
Pony,115
Mihinkähän,115
Chi,115
Dall,115
Protocol,115
Huomannet,115
Tamperelaisena,115
Brigade,115
Sg,115
Lääkkeensä,114
Chose,114
Entiselleen,114
Vääristyneitä,114
Rästissä,114
Jemmata,114
Laatuisia,114
Väittäneen,114
Assumed,114
Pintansa,114
Puolustamisessa,114
Humalaista,114
Palaisivat,114
Tapahtuikin,114
Rajatta,114
Porukkansa,114
Palvelimille,114
Menna,114
Ryminällä,114
Provosoivat,114
Jyrkässä,114
Nähneetkään,114
Vakiintuu,114
Samanlaisiksi,114
Eläneen,114
Rakentamiseksi,114
Ilmaannu,114
Seuduille,114
Käskyistä,114
Yhteyksiin,114
Paisuvat,114
Pahastuu,114
Delegoida,114
Pohdita,114
Kohtaamasta,114
Etsimisessä,114
Tekemisten,114
Rajausta,114
Urheilijaa,114
Herpaantuu,114
Marginaalisesta,114
Vanhempiinsa,114
Keskittynyttä,114
Diabetekseen,114
Suojaamiseen,114
Viehättävänä,114
Suuruisia,114
Luistella,114
Meneekään,114
Ennakkopaatokset,114
Kohdistuivat,114
Haittaan,114
Monisyisempi,114
Aikaistaa,114
Sisäsyntyistä,114
Edisty,114
Vaikuteta,114
Lakinsa,114
Löydöksiä,114
Horinaa,114
Voimankäytöllä,114
Tarkastellut,114
Väliselle,114
Pätenyt,114
Piirrettyä,114
Asiayhteyteen,114
Johdettua,114
Ahtaammalle,114
Rakennettuna,114
Setvimään,114
Väittäny,114
Tappavampi,114
Imuroimaan,114
Kuuluisikaan,114
Kokemia,114
Laatimassa,114
Turhautumistaan,114
Lataisi,114
Riistämistä,114
Huomiolla,114
Tehneelle,114
Velvoittaisi,114
Suosita,114
7ctwterm,114
Järjestelyitä,114
Mainioin,114
Kohdallesi,114
Objektiivisena,114
Saikuttaa,114
Hyväksyttäisi,114
Kärsimyksiä,114
Alhaisemman,114
Lauseista,114
Oleskellut,114
Kumoamiseen,114
Saavutuksiin,114
Lipsahtanut,114
Arvokkaina,114
Käsittävät,114
Kasvualusta,114
Väittämien,114
Näivettää,114
Kieltämisessä,114
Mustamaalaa,114
Pöksyt,114
Länsimaahan,114
Nimekseen,114
Nörtin,114
Vuorokaudeksi,114
Korjauksista,114
Rauhoitella,114
Subredditillä,114
Jalostusta,114
Kopit,114
Pöljiä,114
Ammattilaiseksi,114
Ylläpitänyt,114
Toimintakyvytön,114
Panostaneet,114
Laueta,114
Ajallakin,114
Pudotettiin,114
Maistunu,114
Syöviä,114
Ängetä,114
Vesittyy,114
Jupakassa,114
Vartioimaan,114
Addikteja,114
Generate,114
Donaa,114
Viulua,114
Patukoita,114
Sanottiinkin,114
Veruke,114
Separatisteja,114
Häpäisee,114
Tiukemmalle,114
Perusedellytys,114
Ymmärtämättömyydestä,114
Järjettömästä,114
Voittaessa,114
Puolisoita,114
Luuraa,114
Aukeaisi,114
Ylläreitä,114
Vetäytyvät,114
Turvapaikanhakijoina,114
Häiriköinnin,114
Sisäpiirissä,114
Tulosvastuuta,114
Roistoja,114
Suutuspäissään,114
Kappaleena,114
Lapsillesi,114
Menoks,114
Kuluttamassa,114
Etappi,114
Edustetaan,114
Takovat,114
Eksponentiaalista,114
Loputtomasta,114
Jatkumon,114
Maarajaa,114
Pläntti,114
Asetettava,114
Vittuna,114
Puolustettavaa,114
Revennyt,114
Säästyvät,114
Suullista,114
Lavalta,114
Selaillessa,114
Heräsivät,114
Ostetusta,114
Kopista,114
Kosketuspinta,114
Kylmenee,114
Klikkiä,114
Intohimolla,114
Vaalitappion,114
Lumihankeen,114
Työkykyyn,114
Parantumisesta,114
Kukkaron,114
Loisii,114
Kannustamista,114
Poistuma,114
Jotan,114
Kotietsintää,114
Parhaimpaan,114
Ilmoittautui,114
Harhaanjohtamisesta,114
Lahkot,114
Jarlan,114
Kirosi,114
Rikastumista,114
Eugen,114
Tourists,114
Rahastossa,114
Perustuksia,114
Kärjistämistä,114
Guarantees,114
Yksityiskohtaisemmin,114
Resoluution,114
Puhelinnumeroita,114
Oikeakin,114
Bussimatkan,114
Valehtelulla,114
Samankaltaisesta,114
Terrorisoi,114
Nationalistisia,114
Halveksii,114
Kammottavan,114
Maistissa,114
Uusnatsin,114
Kokonaisuudet,114
Työhuoneen,114
Maalaamista,114
Mittaamattoman,114
Shortseja,114
Raakaöljyä,114
Nostatti,114
Containing,114
Kouluajan,114
Liittoutunut,114
Asiakaspalvelijoita,114
Kritisoijat,114
Janttereita,114
Neliöiden,114
Makujen,114
Herkutella,114
Paranemisen,114
Kopiointia,114
Ympyrään,114
Popup,114
Ohjeeksi,114
Kiinnostaakin,114
Luonnollisempaa,114
Ostohinnan,114
Creates,114
Väliaikaiseksi,114
Hyrrää,114
Voittaakseen,114
Kärsijä,114
Pyytäessä,114
Uskonnollisuutta,114
Vähemmässä,114
Tutkintavankeuteen,114
Uutisoinnit,114
50mm,114
Alastonkuvia,114
Kebua,114
Epämukavuuden,114
Kasvihuoneessa,114
Onto,114
Sukellusveneitä,114
Ruuanlaittoa,114
Makedonian,114
Kehittyville,114
Kuolettavan,114
Harrastuksille,114
Vapaustaistelija,114
Vänkäämisen,114
Metsänhoidon,114
Suurvaltana,114
Graafeja,114
Kirjoitusasun,114
Kannu,114
Valtarakenteiden,114
Annoksessa,114
Picking,114
Sallittujen,114
Kamaan,114
Toimitusjohtajalle,114
Yhteenvedon,114
Liikkuvasta,114
Yhdistyminen,114
Tölkeissä,114
Raiskasivat,114
Ryömii,114
Fosforia,114
Takaoven,114
Mahdollistamalla,114
Virastoa,114
Nearby,114
Käyttäjämäärä,114
Raketilla,114
Kävelijöille,114
Suojelurahaa,114
Politik,114
Kuhunkin,114
Legendaarisia,114
Accountin,114
Maailmanpolitiikassa,114
Kotihoitoon,114
Yksilöi,114
Juoksemisen,114
Lehmästä,114
Ehdokkuus,114
Raivostuttavan,114
Neutraalilla,114
Yheltä,114
Pöytäkirjat,114
Då,114
Tilapäisiä,114
Originaalia,114
Ituhippi,114
Kuvahaulla,114
Ruotsalaiselle,114
Luottamuksellista,114
Heikommista,114
Atmosphere,114
Latauspaikkoja,114
Vapaaehtoisille,114
Kilpailutuksissa,114
Palavia,114
Foorumien,114
Hauskuutta,114
Hammaslääkärille,114
Huumeidenkäyttäjien,114
Tons,114
Asunnoilla,114
Kepit,114
Shotti,114
Terveystarkastus,114
Omankäden,114
Bilsan,114
Järvelle,114
Fyysisillä,114
Poliisiaseman,114
Mielenterveyteni,114
Paananen,114
Yhdenlainen,114
Ylimääränen,114
Luetunymmärtämisen,114
Väyryselle,114
Sijoitusasunto,114
Lehdon,114
Sipilään,114
Koodareille,114
Vaistot,114
Täytteiden,114
Puoluetukea,114
Humanitarian,114
Väärinajattelijat,114
Satamia,114
Kertaluonteinen,114
Parkkeeraus,114
Alanuolet,114
Ilmaherruuden,114
Käännytys,114
Tarkenee,114
Jumalanpilkasta,114
Ulinasta,114
Hienommat,114
Ruton,114
Mielisairaat,114
Kytkimet,114
Toleranssin,114
Käyttöehdoissa,114
Ennaltaehkäisyä,114
Väliinputoajia,114
Keskioluen,114
Nörttinä,114
Printti,114
Halvemmassa,114
Cousin,114
Alistuminen,114
Diplomaattiset,114
Vietnamiin,114
Syötävän,114
Hiilihydraattien,114
Geopoliittisen,114
Perunoista,114
Mustikkaa,114
Uskolla,114
Rammsteinin,114
Renaz,114
Wiskari,114
Hyvesignaloinnista,114
Toimettomuus,114
Virkamiesruotsista,114
Dystopian,114
Testaamalla,114
Ehdokkaani,114
Atlantis,114
Tikkari,114
Verenpaineet,114
Opiskellessani,114
Pakettisi,114
Yhdistyneiden,114
Kesälomien,114
Huumeidenkäyttäjä,114
Univormu,114
Aidolla,114
Kikan,114
Omaehtoisen,114
Tunnelmallinen,114
Matkapuhelin,114
Maanpäällinen,114
Haittapuoli,114
Tollasiin,114
Liikuin,114
Limsat,114
Kiireellisen,114
Nejm,114
Etiketissä,114
Kirppareilta,114
Siirtymäajan,114
Ehdotetun,114
Sosiaalityön,114
Työssäkäyvällä,114
Eläintuotteiden,114
Autos,114
Tietoliikenne,114
Äänioikeutettuja,114
Kaivoslain,114
Rikosilmoitusten,114
Panen,114
Keskeisimmät,114
Vittumaiset,114
Olkiukkosi,114
Tiedustelulain,114
Myths,114
Joukkoraiskaukset,114
Moderneilla,114
Roomaan,114
Työväenliike,114
Keittäjä,114
Pahuksen,114
Politifact,114
Ihmisrotuja,114
Meilahden,114
Pääministerikin,114
Lauttasaaressa,114
Rough,114
Roni,114
Sähkölaitteiden,114
Eteläsuomessa,114
Demografinen,114
Palkokasvit,114
Koskapa,114
Newsflash,114
Yövuoro,114
Puupelto,114
Tuiskun,114
Vastamelu,114
Todennäkösemmin,114
Graphic,114
Saisipa,114
Ulkoministeriössä,114
Sytkäri,114
Ind,114
Virolaisille,114
Ylijumala,114
Höps,114
Liittoutumattomuus,114
Lakka,114
Hämeentien,114
Osakemarkkinat,114
Jaaa,114
Leijonia,114
Synnitön,114
Globalistit,114
Editoit,114
Niken,114
Ammattimies,114
Joulukuusi,114
Innokkaimmat,114
Rangaistusasteikko,114
Riisipuuro,114
Karjalanpiirakat,114
Työmatkani,114
Influensserit,114
Allen,114
Qi,114
Nuotti,114
Sekakäyttö,114
Carrier,114
Tiputa,114
Vertauskuvana,114
Redissä,114
Merinovilla,114
Rob,114
Luontokato,114
Fullstack,114
Windfall,114
Paritus,114
Kokon,114
Buddhalaisuus,114
Härkä,114
Diginatiivi,114
Kessu,114
Iama,114
Nigerialainen,114
Kestin,114
Kuivatut,114
Lappalaiset,114
Niinkauan,114
Oral,114
Angels,114
Kannattaahan,114
Analogiasi,114
Pepsin,114
Laudatur,114
Hämmästyin,114
Redditiltä,114
Obamacare,114
Nytkun,114
Rng,114
Tarjoile,114
Miksemme,114
Tulisko,114
Chillaa,114
Lasketko,114
Katiska,114
Occupy,114
Seiskassa,114
Keskusrikospoliisi,114
Airlines,114
Ottiko,114
F2,114
Niskalaukaus,114
Opetetaanko,114
Mestarien,114
3t,114
Lidar,114
Bongattua,113
Tuloistasi,113
Kaikukammion,113
Hännille,113
Tapaamisista,113
Asiayhteyksissä,113
Ittelleen,113
Kykenevänsä,113
Poljettua,113
Tuotettuun,113
Pistettyä,113
Julkaistuun,113
Yhdistämisestä,113
Äitiyslomalle,113
Tiheää,113
Ryssii,113
Syövänsä,113
Ratkaisemista,113
Tavoittelevia,113
Oppinsa,113
Suuruisen,113
Itsetunnolle,113
Pantata,113
Sijoittuminen,113
Joutunutta,113
Virtasi,113
Kerenneet,113
Pönkittämiseksi,113
Otetuista,113
Huononi,113
Minimointiin,113
Menettäneen,113
Maksimoinnin,113
Kehittymiselle,113
Nostanu,113
Typeryyteen,113
Ikäluokille,113
Esittelyä,113
Kiriä,113
Pitäväni,113
Matkustelee,113
Kestäisivät,113
Epäolennaisuuksiin,113
Johtaneita,113
Peitettynä,113
Mieleisekseen,113
Teetkin,113
Laantunut,113
Esityksistä,113
Valkenee,113
Tekemälläkään,113
Hyödykkeisiin,113
Menopeli,113
Erotettua,113
Ehdokkaansa,113
Valmistetun,113
Sulkevia,113
Kirjoituksiaan,113
Kahlaamaan,113
Temmeltää,113
Postaama,113
Vertailtavissa,113
Ominut,113
Ankarampi,113
Hautua,113
Asutussa,113
Ominaisuuteen,113
Kierteestä,113
Autoasi,113
Järjettömällä,113
Kertomana,113
Postaamatta,113
Torppaamaan,113
Suhteelle,113
Kärsineen,113
Määrärahoista,113
Kerrytettyä,113
Köyhtyvät,113
Nojaamaan,113
Rokoteannosta,113
Tuputa,113
Tasoittamaan,113
Ohjelmalle,113
Periferiaan,113
Viileästi,113
Homouteen,113
Pistämistä,113
Äänekkäimpiä,113
Kehitysmaaksi,113
Tihkuu,113
Taustatutkimusta,113
Hurraavat,113
Ajavana,113
Kysymistä,113
Haluvat,113
Permanently,113
Mytologiaa,113
Kamppanja,113
Sumeilematta,113
Mielikuvituksessa,113
Mässäillä,113
Väestöryhmän,113
Kirjoituksistaan,113
Kiemurtelua,113
Kourallista,113
Katselusta,113
Edesauttaisi,113
Lapata,113
Suotava,113
Sairauksille,113
Korrekteja,113
Peruuntuu,113
Luotaantyöntävä,113
Nipottaa,113
Niistää,113
Oppimäärää,113
Paskomassa,113
Lobbasi,113
Pysyen,113
Rohkeammin,113
Kertaiset,113
Väittämiin,113
Vääristele,113
Siirtelee,113
Yhtäläisyysmerkkejä,113
Harmaaksi,113
Oikeelle,113
Työehtoihin,113
Kysyen,113
Lipsumaan,113
Neuvonut,113
Kauppansa,113
Armeijoita,113
Olemaa,113
Taistelisi,113
Viittasivat,113
Syntyvien,113
Piennarta,113
Ulkoilmaa,113
Oikeuslaitoksessa,113
Kodeista,113
Kulkupeli,113
Periytyminen,113
Kyvyttömyyden,113
Luonnontieteisiin,113
Arkistot,113
Sisäelimiä,113
Kadonnu,113
Levittivät,113
Taetta,113
Esittämiin,113
Vittuillut,113
Käsiteltäessä,113
Pointtiini,113
Omaisuuteni,113
Voimakkaasta,113
Monimutkaisemmat,113
Verbiä,113
Jäistä,113
Lapioimaan,113
Koalition,113
Jäsenmaissa,113
Leimautuu,113
Lounaasta,113
Naureskelivat,113
Statussymboli,113
Naiseuteen,113
Ällöttäviä,113
Huomautusta,113
Eksyneet,113
Avuttoman,113
100kmh,113
Liittoutumista,113
Laihtunut,113
Vaakaa,113
Itselles,113
Ärähtää,113
Putoo,113
Kriittisiin,113
Viikoiksi,113
Kuntasi,113
Ulostuloista,113
Tuhkaksi,113
Ponnistus,113
Kööpenhaminassa,113
Ebrahimin,113
Jerusalemin,113
Vesitetty,113
Nasevaa,113
Korjaavia,113
Laaksonen,113
Polvia,113
Piirroksia,113
Harkintakyvyn,113
Sairaalalle,113
Tarjoiltiin,113
Mustamaalausta,113
Merkityt,113
Työpisteellä,113
Vauraita,113
Eristäytymistä,113
Käyttökohde,113
Asiantuntemuksen,113
Perintää,113
Vakavamman,113
Loukkaannut,113
Itkemisen,113
Varautumisesta,113
Boikottia,113
Suurempikin,113
Harjan,113
Uusimisesta,113
Viihtyvyyden,113
Sisämarkkinoille,113
Meemuilua,113
Uusavuton,113
Nopalla,113
Oppivelvollisuutta,113
Heiteltiin,113
Alireddit,113
Selviämistä,113
Lämpöjä,113
Ilmotusta,113
Ongelmakäyttöä,113
Itsepuolustuksena,113
Harmittoman,113
Aseteollisuuden,113
Hengityssuojaimia,113
Päiväuni,113
Agi,113
Clintonille,113
Haittaohjelmia,113
Vähäiseen,113
Taitoni,113
Tukeni,113
Salkussa,113
Rekisteröityjä,113
Tumpelo,113
Kritiikit,113
Myöhä,113
Kännisen,113
Piinaa,113
Lataamalla,113
Radikaaliin,113
Kotiinkuljetusta,113
Tuhoat,113
Kommunistia,113
Virkavallalle,113
Viljelijöitä,113
Kiviniemi,113
Itikoita,113
Häkkäsen,113
Tiukennetaan,113
Eskalaatiota,113
Palkkatyöstä,113
Laseista,113
Loppuunmyyty,113
Noah,113
Korkokaton,113
Huomautettavaa,113
Siivoojalle,113
Naisien,113
Maskeihin,113
Pumppaaminen,113
Tsäänssit,113
Episodes,113
Ihmetyksen,113
Kehys,113
Pystymetsästä,113
Koulutettuna,113
Siitäki,113
Barbaarinen,113
Tasasesti,113
Ylinopeuksia,113
Patoja,113
Tommosista,113
Vastauksien,113
Kriittisin,113
Käsikirjasta,113
Lisäkoulutusta,113
Arvailun,113
Tassut,113
Juontajan,113
Invade,113
Pakollisuuden,113
Raikaa,113
Rehellisyyteen,113
Syytetylle,113
Aminohappoja,113
Teinipoika,113
Huonompina,113
Kiusaamiselle,113
Kuormittavuus,113
Laittomuutta,113
Populistipuolue,113
Kivojen,113
Hyvesignaloinnin,113
Verotietoja,113
Malisen,113
Nälkäkuoleman,113
Aktiivisista,113
Ulkomuoto,113
Maailmallakin,113
Hillitöntä,113
Marked,113
Mielipuoli,113
Pampulla,113
Korkeakulttuuria,113
Muoviroskaa,113
Kaljoja,113
Jääkiekkoilija,113
Väyrysellä,113
Sähköpyörää,113
Yritystoiminnasta,113
Kouluajoilta,113
Kivittäminen,113
Tuvasta,113
Rokottamalla,113
Työkaverilta,113
Nuorisotyön,113
Yllytti,113
Kriittisempi,113
Ootkin,113
Väkijoukossa,113
Sukkaa,113
Lapsukaiset,113
Meemeille,113
Positiiviselta,113
Maahanmuuttokeskustelun,113
Finlandian,113
Hierarkinen,113
Bostonin,113
Tolpassa,113
Prosessorit,113
Roskaväkeä,113
Särkylääkettä,113
Keskijohdon,113
Seulonta,113
Helvetinmoiset,113
Kaupallisille,113
Panssarivaunun,113
Naisoletettu,113
Alipaine,113
Aikapaljon,113
Maahanmuuttokriittisyyden,113
Reliable,113
Inarissa,113
Ituhipit,113
Kiiltävä,113
Rikesakon,113
Jacksonin,113
Kalskahtaa,113
Ylisuuri,113
Rumpujen,113
Ankean,113
Optula,113
Renkaissa,113
Turvapaikkahakemusten,113
Kyynisen,113
Koviakin,113
Jyrähti,113
Rajoituksissa,113
Bissee,113
Hipin,113
Kestät,113
Tweets,113
Bombs,113
Tunnepohjainen,113
Jälkiruoka,113
Liukkaria,113
Työntekijäpuolen,113
Lipputulot,113
Medialiiton,113
Pysymällä,113
Sotilastiedustelun,113
Kasvomaskeja,113
Silppua,113
Käräjäoikeudesta,113
Graafissa,113
Narut,113
Kestänee,113
Rahvaalle,113
Tariffit,113
Salaisten,113
Tukahduttamisen,113
Raukkamaista,113
Liikenteessa,113
Insinöörille,113
Jarruttaminen,113
Mattojen,113
Väestönvaihtoa,113
Sahan,113
Juoksija,113
Mamuilla,113
Sipuleita,113
Kirjallisessa,113
Varakkuus,113
Leivänpaahdin,113
Kommunistipuolueen,113
Talonpoika,113
Öbaut,113
Luolamies,113
Murmanskin,113
Vapaissa,113
Keskitysleirin,113
Normo,113
Ekologiset,113
Sosialistisessa,113
Nokialta,113
Teoreettiset,113
Fortumilta,113
Liitoissa,113
Ranneke,113
Neljäkymmentä,113
Värikkäät,113
Energiayhtiöt,113
Työttömältä,113
Homoliitot,113
Päähenkilöt,113
Seittemän,113
Rasahti,113
Suklaalevy,113
Maskeilla,113
Ikänä,113
Poljin,113
Mpkk,113
Panssarivaunujen,113
Nautojen,113
Nerokkaasti,113
Kristillisistä,113
Astronautti,113
Nugetit,113
Varastat,113
Puhelinlasku,113
Kaljuuntuminen,113
Riikan,113
Avauduin,113
Ydinpommit,113
Kalasatamassa,113
Junaliikenteen,113
Hmh,113
Ajokortit,113
Entisillä,113
Insuliinin,113
Jauhan,113
Lähdekritiikin,113
Binge,113
Hondtin,113
Altian,113
Kalu,113
Laitamme,113
20a,113
Ylläolevasta,113
Sulo,113
Mccain,113
Litiumin,113
Keskittyisit,113
Digita,113
Sosiaalimenot,113
Kops,113
Palkkapäivä,113
Satunnaisena,113
Amerikassakin,113
Aloittelin,113
Matkustajamäärät,113
Wwii,113
Otavan,113
Kioskit,113
Vape,113
Nazism,113
Daavidin,113
Jenkkityylinen,113
Keskisuomalaisen,113
Maskun,113
Medialiitto,113
Nonnih,113
Terroristinen,113
Ammattikorkeakoulujen,113
Kansanvalta,113
Gud,113
Andreas,113
Nopeana,113
Keltanen,113
Liekin,113
Kaupassakin,113
Dpr,113
Tämmöisenä,113
Kotimaisuus,113
Mobiilipelit,113
Varakkailla,113
Jouduimme,113
Hiihtäjät,113
Kerettiläinen,113
Erasmus,113
Satellite,113
Sora,113
Kino,113
Psykopatia,113
Crow,113
Delirium,113
Kertokaapa,113
Srs,113
Europarlamentin,113
Borg,113
Perusteluni,113
Wilman,113
Oxygen,113
Kättely,113
Ironisinta,113
Sp500,113
Iphonessa,113
Ej,113
Tilli,113
Ylenkin,113
Toy,113
Yritimme,113
Voispa,113
Vaarini,113
Russofobia,113
Arrow,113
Wu,113
Phantom,113
Glögi,113
Fame,113
Korostin,113
Kisu,113
Japanilaisilla,113
Jam,113
Iittala,113
Leopardit,113
Tarkotatko,113
Ina,113
Hesellä,113
Itsekriminointisuoja,113
Demi,113
Ikäväkyllä,113
Singer,113
Tyhmähän,113
Lienen,113
Jehova,113
Löytyikö,113
Omaposti,113
Skriptin,112
Rakennettuun,112
Käyneillä,112
Soveltua,112
Tieteistä,112
Kansalaisesta,112
Kannanottojen,112
Irrationaalisesti,112
Tarvitsemat,112
Joukossaan,112
Jauhamista,112
Tiedäkkään,112
Alkuvaiheissa,112
Toimiteta,112
Tarpeidensa,112
Replaced,112
Ryssinyt,112
Met_y,112
Varastaisi,112
Feminiinisiä,112
Orjapalkalla,112
Alueillaan,112
Tulleissa,112
Kayttoon,112
Vittuuntuu,112
Saatavalla,112
Olivatkaan,112
Johdettavissa,112
Alennu,112
Kirkkaalta,112
Työnnettyä,112
Lojumassa,112
Vastaamisesta,112
Toimeliaisuutta,112
Sisältynyt,112
Kävijää,112
Ulottua,112
Päässeen,112
Katkaistiin,112
Automaattiseen,112
Hankalempaa,112
Pyörittäisi,112
Osastosta,112
Kaytosta,112
Kasikirjoitus,112
Rahottaa,112
Venähti,112
Pallille,112
Osoitteista,112
Tuomioistuinta,112
Johtohahmo,112
Tallennettua,112
Muodostaen,112
Sentistä,112
Läpikäyminen,112
Vaatimasta,112
Maailmanaikaan,112
Pesukoneeseen,112
Lykyllä,112
Kyselly,112
Jutteleen,112
Teoiksi,112
Konstruktioita,112
Tiputettua,112
Siviilikohteisiin,112
Kustantanut,112
Masseja,112
Hyötynsä,112
Pohjata,112
Hiomaan,112
Minimointia,112
Hyötyvänsä,112
Mitenkin,112
Näyttäytynyt,112
Hommaamista,112
Palelee,112
Vetäytymistä,112
Asennuksia,112
2cm,112
Nähtäisi,112
Kylvetty,112
Elkein,112
Vaikeuta,112
Pyöränsä,112
Julkaistava,112
Selviytynyt,112
Tietonen,112
Kyllästetty,112
Tappanu,112
Turnauksissa,112
Erillä,112
Makeasti,112
Salliva,112
Järkytti,112
Stereotypioista,112
Muodostaisivat,112
Huolenaiheita,112
Vedenpitävää,112
Hintalapulla,112
Nauhalta,112
Hyvityksiä,112
Pysyttävä,112
Kiukkua,112
Suurenee,112
Velkaantumiseen,112
Oppineen,112
Kirjojaan,112
Juuressa,112
Harjata,112
Täsmäävät,112
Pimeiltä,112
Mukavuudet,112
Setelillä,112
Komponentin,112
Jäätyvät,112
Mahdollisuuksiaan,112
Taantua,112
Katkoo,112
Annettuihin,112
Sarvista,112
Ongelmallisuutta,112
Yhdistyksille,112
Poiki,112
Tunteellisesti,112
Märäksi,112
Heräämisestä,112
Diktatuuriksi,112
Laturiin,112
Asettamassa,112
Höllätä,112
Duginin,112
Tarkkailua,112
Partioi,112
Väitöksiä,112
Takapihalta,112
Väärinkäsitystä,112
Selkeämpiä,112
Lonkeroita,112
Oleskeluluvalla,112
Mekanismeista,112
Valvomista,112
Turisteista,112
Astutaan,112
Mainitsemiani,112
Heteroa,112
Ontuvaa,112
Erhe,112
Jatkoaikaa,112
Kummajainen,112
Latoo,112
Impression,112
Keittänyt,112
Korvauksilla,112
Ajokorttiin,112
Uusinut,112
Vähäisistä,112
Reissannut,112
Kivuliaan,112
Ajoneuvosta,112
Natiivien,112
Hoitomuotoja,112
Päätöksenä,112
Työhyvinvointiin,112
Liharuokia,112
Kypsentää,112
Salilta,112
Herkän,112
Seinäkello,112
Ruikutusta,112
Rajasi,112
Perheenä,112
Kiireestä,112
Valtaisan,112
Jääskeläisen,112
Testituloksen,112
Pakolaiselle,112
Paapominen,112
Metroasemalla,112
Autonomisia,112
Sopivuudesta,112
Kirjoittamaasi,112
Menevällä,112
Lakanan,112
Nöyryytyksen,112
Syntymästään,112
Ylipainoista,112
Monimutkaisemmaksi,112
Voimalasta,112
Loukkaamisen,112
Tiivistettyä,112
Palkkaeroista,112
Edullisella,112
Elektroniikkaan,112
Päättäviin,112
Leveän,112
Hiotaan,112
Varuiksi,112
Haastatelluista,112
Joukoittain,112
Uskollisuutta,112
Mellakoista,112
Asuntopulaa,112
Sellasenaan,112
Professorina,112
Väistämisvelvollisuutta,112
Solve,112
Valtaviin,112
Priorisoinnista,112
Yksinkertaisessa,112
Letkan,112
Ideologisena,112
Jenkkiläistä,112
Kuumottavia,112
Pulasta,112
Puhtaimmillaan,112
Vihjaus,112
Mollaa,112
Tied,112
Lähetteitä,112
Turskaa,112
Lahjoista,112
Toimeksiannon,112
Raivataan,112
Asiasisällön,112
Alimitoitettu,112
Perimmäistä,112
Kognitiivisesta,112
Syrjäytyneille,112
Paikallis,112
Moskeijaa,112
Terveyshaittojen,112
Negatiivistä,112
Maksajiksi,112
Kapeakatseinen,112
Välttämättömistä,112
Luotettavista,112
Hoidetut,112
Hihnalla,112
Sähköiskun,112
Tuuripeliä,112
Umpisurkea,112
Muuttaessaan,112
Laskutettu,112
Hankittaisiin,112
Ylemmille,112
Ydinvoimalaan,112
Alustaan,112
Pienyrityksiä,112
Oudoista,112
Allegedly,112
Kevyestä,112
Jaotellaan,112
Kantahenkilökunnan,112
Ydinkeskustaan,112
Epätyypillinen,112
Kampaus,112
Kommenttihistoriaa,112
Eväiden,112
Asiantuntijalle,112
Riitojen,112
Kunnanvaltuutettu,112
Elinvoimaa,112
Syytekynnys,112
Täyspäiväinen,112
Muslimille,112
Älykkäänä,112
Tuumaakaan,112
Amatöörejä,112
Epäluottamuksen,112
Browse,112
Marginaaliveroaste,112
Itsevarmuudella,112
Intiaaneja,112
Kalervo,112
Ahneuksissaan,112
Innovatiivista,112
Maalämmöllä,112
Monenmoista,112
Tylsempi,112
Aivokuollutta,112
Kouluikäisenä,112
Häiriköiden,112
Piikkien,112
Toimituksissa,112
Onpi,112
Lopputyön,112
Fasismille,112
Lukioita,112
Vaalikampanja,112
Ruuanlaiton,112
Maantieteellistä,112
Näyttönä,112
Määräävän,112
Pöntöt,112
Kalifaattia,112
Lypsetään,112
Bloombergin,112
Saksalaisiin,112
Kunnianloukkausta,112
Vesistön,112
Ambulanssit,112
Pidättäminen,112
Lahjukset,112
Virhearvio,112
Poikkeustilanne,112
Sirkkoja,112
Ruokalaan,112
Sairaanhoidosta,112
Tikki,112
Lahjoittaminen,112
Alkuperäisillä,112
Väittele,112
Syvällisempi,112
Mutsille,112
Matkailusta,112
Patjat,112
Leimakirves,112
Juotava,112
Suuryhtiöiden,112
Keniassa,112
Alapää,112
Analyytikko,112
Jytkyä,112
Ammatilliseen,112
Oivaltava,112
Applying,112
Alokaskauden,112
Lyhyille,112
Kulukorvaus,112
Matoa,112
Yritysjohtajien,112
Anarkistin,112
Espanjaksi,112
Kadonneita,112
Pelialalle,112
Pakkotyöllä,112
Paaaljon,112
Hätävilkut,112
Sterilisaation,112
Kuluvia,112
Kivikautinen,112
Akademin,112
Ittelleni,112
Itseluottamuksen,112
Tosikko,112
Statistiikan,112
Nose,112
Mielenosoituksilla,112
Suojaosa,112
Marinoitu,112
Humoristista,112
Keskivertokansalainen,112
Maisterivaiheen,112
Tornioon,112
Bussiliikenne,112
Toistuvasta,112
Luokkaerot,112
Käsivarsi,112
Lähihistoriasta,112
Jalmari,112
Valtionosuuksien,112
Antibiootti,112
Maraton,112
Vitunmoista,112
Conscription,112
Sorrun,112
Karseaa,112
Rystyset,112
Hiphop,112
Harsh,112
Bussikortti,112
Missi,112
Lahjaveroa,112
Relevanssi,112
Täyssähkö,112
Öyhö,112
Edellisillä,112
Teikäläisten,112
Herttoniemen,112
Lesken,112
Kupillinen,112
Baltiasta,112
Miekat,112
Teh,112
Blizzardin,112
Painotin,112
Expanse,112
Suomenlinnan,112
Chemicals,112
Katkerat,112
Rts,112
Savustettu,112
Terveystietojen,112
Autonkin,112
Panostaisin,112
Laadullinen,112
Naudat,112
Etualalla,112
Ylioppilaskirjoitusten,112
Canonin,112
Soup,112
Hydrogen,112
Afghanistaniin,112
Hammurabin,112
Ajatusrikos,112
Moderaattoreilla,112
Afgaanit,112
Tempo,112
Mielipidekirjoituksessa,112
Punkit,112
Tätäpä,112
Kuljetusalan,112
Oppositiolla,112
Elektroniikassa,112
Treenaan,112
Destination,112
Ulkoasiainvaliokunnan,112
Lillukanvarsia,112
Lk,112
Marxism,112
Toimivatko,112
Mietimme,112
Pentin,112
Sähkövero,112
Embassy,112
Hoitotakuu,112
Grass,112
Shiiojen,112
Lähdesuoja,112
Iranilaisia,112
Kulttuuriala,112
Lautamiehet,112
Vasemmanpuoleinen,112
Polkupyöräilijä,112
Chair,112
Katotaa,112
Arkadianmäelle,112
Ez4ence,112
Pyöristetään,112
Teoriassahan,112
Warsin,112
Aktiivimallissa,112
Suunnistus,112
Alkolle,112
Shiia,112
Raudassa,112
Vuokratyö,112
Kaupunginhallitus,112
Korkeasaari,112
Kaneli,112
Skandinaviaa,112
Omassani,112
Aux,112
Mik,112
Kysyppä,112
V6,112
Imagen,112
Hommalaiset,112
Cam,112
Hommafoorumin,112
Metakeskustelu,112
Lopultahan,112
Räyh,112
Jokerin,112
Cityssä,112
Määkin,112
Tarkkaile,112
Nykissä,112
Beats,112
Irlantilaiset,112
Menipä,112
Suvivirren,112
Selvensin,112
Tiivistäen,112
Resq,112
Yhdenvertaisuuslaki,112
Pitääpäs,112
Opetusministeriö,112
Reposti,112
Pelästyin,112
Acer,112
Mikali,112
Freudilainen,112
Töi,112
Pirkkaa,112
Onlinen,112
Spa,112
Dash,112
Saattaapa,112
Pyydämme,112
Fred,112
Oneplussan,112
Satuttamaan,111
Liksoilla,111
Laiskoiksi,111
Rynnätä,111
Halventavasti,111
Näyttämisestä,111
Majailee,111
Muokkaamista,111
Idim,111
Siirtyny,111
Sosiaalitukiin,111
Selitykseen,111
Kasaantua,111
Suorittaman,111
Referenssejä,111
Varojaan,111
Tulkinneet,111
Riittivät,111
Hyppäämällä,111
Turvallisella,111
Suojannut,111
Opiskelevia,111
Kohdistama,111
Luovutettava,111
Kohilleen,111
Encourage,111
Arvostaan,111
Purkamisessa,111
Työtehtävässä,111
Rekrytoi,111
Omistuksista,111
Heitoilla,111
Lietsomista,111
Kokeneensa,111
Epäilyistä,111
Raahaaminen,111
Tarkoitusperiin,111
Kärsimättä,111
Maksetaankin,111
100ke,111
Ajatuksistasi,111
B6st,111
Tavoitti,111
Päästettäisi,111
Lopettamisessa,111
Varoitella,111
Täyttämisestä,111
Ilmoittamista,111
Liikkumassa,111
200v,111
Mielisiä,111
Tarpeisiinsa,111
Prosessoimaan,111
Kilolta,111
Loppuunkäsitelty,111
Itsejään,111
Makaamassa,111
Vaihdelleet,111
Aktivoitunut,111
Vaikeimmista,111
Perikuva,111
Radikaalimpaa,111
Eroamiseen,111
Haittaava,111
Tuotantoja,111
Aiheutuneen,111
Trumphan,111
Epävarmalta,111
Kiinnostuneen,111
Valtaisi,111
Myyjiltä,111
Aloittaneen,111
Menoo,111
Osilta,111
Lemmikkeinä,111
Huipussa,111
Ahdettu,111
Hassata,111
Rääkätä,111
Liittymättömän,111
Jätöksiä,111
Yhdy,111
Toimeenpanna,111
Pxdata,111
Appelsinin,111
Järkkyy,111
Mellakoi,111
Postikuluja,111
Saarnataan,111
Möisi,111
Kiertämistä,111
Menneiltä,111
Tuntemattomaksi,111
Imeytymistä,111
Heikentävä,111
Asialliseksi,111
Hankaloittaminen,111
Hetkisessä,111
Suunnitelmansa,111
Valtaoikeuksia,111
Tarjouksella,111
Pukemaan,111
Vähäisenä,111
Puolittaminen,111
Kiireellisesti,111
Pestissä,111
Vuorovaikutukseen,111
Jotteivat,111
Katastrofaaliset,111
Työskennellään,111
Moderneihin,111
Möykkää,111
Jyvittää,111
Varovaisempia,111
Eksyvät,111
Nähdyt,111
Polkemisesta,111
Tuotantokausi,111
Valuvan,111
Tuloistani,111
Tietoutta,111
Matkii,111
Taakseppäin,111
Loikkasi,111
Kertoneen,111
Ohuella,111
Tieteentermipankki,111
Adapterin,111
Epidemiaan,111
Kiusaamiseksi,111
Hitautta,111
Lämpiämään,111
Käsiteltävänä,111
Eläkemaksua,111
Tiedonvälitystä,111
Hillarya,111
Avustaminen,111
Yhtenäisestä,111
Olettamusta,111
Roolimalli,111
Hauskempia,111
Taidonnäyte,111
Hahmolle,111
Parhaimpiin,111
Ottas,111
Ulkomaalaiselta,111
Lisätukea,111
Kutsuvan,111
Ängetään,111
Merillä,111
Blogikirjoituksen,111
Siedettävällä,111
Agentin,111
Vääntyy,111
Heikentymistä,111
Painolasti,111
Viestinnässään,111
Twistillä,111
Varoituksesta,111
Tuppasi,111
Peilejä,111
Suklaalevyn,111
Miehityksellä,111
Väitteissä,111
Puolueohjelmaan,111
Kollegoilta,111
Pysäköintiin,111
Hävitti,111
Epämukavan,111
Presidenttikauden,111
Seonnut,111
Vaalissa,111
Liikkuvaan,111
Lajeilla,111
Ammuttavaksi,111
Tuomioistuimien,111
Viisastuneena,111
Palvelevan,111
Terveyspalveluihin,111
Vätyksiä,111
Tasavertaisen,111
Tuloeroihin,111
Vuosituotto,111
Ihanuudesta,111
Käänsivät,111
Ova,111
Työläistä,111
Vahinkoon,111
Lenteli,111
Salat,111
Syntyneestä,111
Liikkuivat,111
Naisessa,111
Ruutia,111
Lyömisestä,111
Palkansaajille,111
Hanlonin,111
Väärinajattelijoita,111
Valvotuissa,111
Pakua,111
Ihmiskontaktia,111
Koneistossa,111
Mykkäsen,111
Toisetkin,111
Kuohuu,111
Perhesuhteet,111
Separatistien,111
Euforiaa,111
Protesteissa,111
Vaatimuksissa,111
Veroasteella,111
Luomuna,111
Kuumalle,111
Sopimusvapautta,111
Varret,111
Lättyyn,111
Sulamisen,111
Hyödyttömän,111
Mustetta,111
Rajotukset,111
Valtakunnasta,111
Takseihin,111
Vaatimustason,111
Vahingoniloa,111
Kakaroille,111
Kriminalisoinnin,111
Esitetystä,111
Sukunimiä,111
Luokkayhteiskuntaa,111
Laskutuksesta,111
Rikastumisen,111
Tekijöiksi,111
Hevonpaska,111
Vahti,111
Ruoantuotantoa,111
Itänaapurimme,111
Vertaillessa,111
Taistoon,111
Sisäpoliittista,111
Tunteellista,111
Samanikäisiä,111
Suojaamatonta,111
Asensi,111
Vähemmissä,111
Korruptiolla,111
Sterilisaatiota,111
Toimisikin,111
Kaupallisista,111
Epidemiasta,111
Hyväntekeväisyydestä,111
Bussilipun,111
Peltonen,111
Jännitä,111
Badly,111
Tyylit,111
Plays,111
Mustalaisia,111
Kulttuurieroista,111
Ilmoitettujen,111
Parhaimpien,111
Taustatietoja,111
Töykeää,111
Tytäryhtiön,111
Räjähde,111
Virne,111
Europes,111
Oinonen,111
Rasahtelee,111
Ääkkösiä,111
Valheessa,111
Paitojen,111
Valistuneen,111
Ostamasi,111
Methane,111
Monenlaiseen,111
Jonotetaan,111
Marginaaliset,111
Kaatunutta,111
Kirpasee,111
Empatiasta,111
Yksiköllä,111
Kastelee,111
Hoitajiin,111
Näppäin,111
Tukiasemia,111
Orbania,111
Ruhon,111
Leikkauskohteita,111
Kilpailijalla,111
Quarantine,111
Pyörittämällä,111
Tukiverkot,111
Viharikokset,111
Palkkaani,111
Altaat,111
Teissä,111
Tallenteen,111
Viljelijän,111
Kovina,111
Kirjoitusvirheen,111
Burgeria,111
Ydinvoimalasta,111
Särkylääkkeitä,111
Käsissämme,111
Kettua,111
Hiuksiin,111
Kilowatin,111
Tekstareita,111
Varovaista,111
Terässä,111
Vetoketju,111
Havaitseminen,111
Hallitusvastuuseen,111
Reserviläisille,111
Wartranslated,111
Taloyhtiötä,111
Haikaillaan,111
Hyökkäs,111
Tasaveroa,111
Ekonomisteja,111
Kulmien,111
Meksikolaisia,111
Kasvisruoasta,111
Sisäpiiritietoa,111
Experiments,111
Neidon,111
Lansi,111
Rumana,111
Liedellä,111
Ydinperheen,111
Soluihin,111
Puhuessani,111
Laajin,111
Kaatuneita,111
Murteista,111
Valkopesu,111
Yksinpelejä,111
Kylpyhuone,111
Jäisellä,111
Häpeäksi,111
Terveysaseman,111
Ohjaamossa,111
Tennarit,111
Otsikkotasolla,111
Wärtsilän,111
Belgiaan,111
Naseva,111
Elintasomme,111
Kirjoittaisit,111
Laajempana,111
Pienehkön,111
Vastaanotin,111
Roolipelejä,111
Altistuksen,111
Pseudotieteellistä,111
Tykkääminen,111
Palot,111
Tulipalot,111
Testosterone,111
Alkoholipolitiikkaa,111
Kameroissa,111
Kuntotestit,111
Siirtolaisuuden,111
Liikeen,111
Järjestetyt,111
Sairaskohtaus,111
Footage,111
Karut,111
Deficit,111
Ministeriöstä,111
Rauhallisuus,111
Varastivat,111
Syntistä,111
Iskelmää,111
Ostohousut,111
Fossiili,111
Peliongelmaisten,111
Melania,111
Tehohoitopaikkoja,111
Äänestyspäivänä,111
Finlandiaa,111
Lomautuksia,111
Asenneilmapiiri,111
Vähäosaiset,111
Ihottuma,111
Vangeilla,111
Moraalipaniikki,111
Asumiskulujen,111
Ostoskorin,111
Keijon,111
Odotusarvoisesti,111
Psykan,111
Puusilmä,111
Pöytien,111
Noillakin,111
Scenes,111
Tuetut,111
Kotimaisena,111
Etnisyydellä,111
Tauski,111
Liukkaat,111
Hake,111
Kansallissosialistisen,111
Lätyt,111
Kompa,111
Oksan,111
Värinä,111
Ajamme,111
Äkäinen,111
Fazerilla,111
Kirjastolla,111
Vihapuheelle,111
Pyy,111
Naistutkimuksen,111
Karkaaminen,111
Kaarti,111
Ilmatorjuntaa,111
Näytää,111
Tuomioksi,111
Hautausmaan,111
Konsulaatti,111
Lastensuojeluilmoituksen,111
Moottoriteillä,111
Kolkyt,111
Normally,111
Juolahti,111
Ryssäbotti,111
Bensakulut,111
Itävaltaan,111
Nappaat,111
Amisten,111
Puhelinmyyjien,111
Masennuslääkkeiden,111
Cow,111
Kevättalvella,111
Jengiväkivalta,111
Cosplay,111
Kortsut,111
Sellai,111
Ystävämme,111
Venäläisiksi,111
Acceptance,111
Designin,111
Tutkimustyö,111
Separatistit,111
Foot,111
Lumisade,111
Aziz,111
Vatikaani,111
Kopioit,111
Kepulaista,111
Itikat,111
Transut,111
Patriarkka,111
Vinkkini,111
Valtakunnalliset,111
Pajan,111
Krooniset,111
Kääntäisin,111
Otanko,111
Ilmoitusvelvollisuus,111
Häpeäisit,111
Verified,111
Lihaton,111
Charity,111
Röyhkeys,111
Hebdo,111
Lankesin,111
Drain,111
Shocked,111
Simsalabim,111
Citroen,111
Smile,111
Jj,111
Usalla,111
S7,111
Pohjoismaisten,111
Biljardi,111
Kanin,111
Aluetuet,111
Panostan,111
Autoritarismi,111
Halko,111
Jepulis,111
Ääritapauksessa,111
Mormonit,111
Keskiolut,111
Ruuhkamaksu,111
Vaihoin,111
Dji,111
Vihjaatko,111
Intelligent,111
Kona,111
Tasapäistäminen,111
Lone,111
Katsomosta,111
Tupakkaveron,111
Torppa,111
Lehtitietojen,111
Tulisipa,111
Tippaaminen,111
Pressopannu,111
Kannattaisikohan,111
Saving,111
Tarjosit,111
Otimme,111
Tulimme,111
Keke,111
Restante,111
Relax,111
Logitechin,111
Tessi,111
Ylelläkin,111
Tietävätkö,111
Mysql,111
Mustamakkara,111
Laitapa,111
Lease,111
Myönnätkö,111
Elokapinalaiset,111
Minecraftin,111
The_paavo,111
Pyöriikö,111
Alibi,111
Tulkoot,111
Odottakaa,111
Mighty,111
E4,111
Deputy,111
Ivy,111
Vaikeaahan,111
Corps,111
Amppari,111
Hytty,111
Buffalo,111
Laitetaanpa,111
Tri,111
Yrititkö,111
Badger,111
Häiritseekö,111
Hyvältähän,111
Toverin,111
Goodbye,111
Gtfo,111
Accounted,110
Kylliksi,110
Laatija,110
Propagandassaan,110
Lukevani,110
Suoriutumista,110
Alhaisilla,110
Hukkaamista,110
Hankkimiseksi,110
Lisärakentamista,110
Perukoilta,110
Puhkeamista,110
Yllyttämisestä,110
Otannasta,110
Muuassa,110
Pitimiksi,110
Kylppäriin,110
Olekkin,110
Määrittelevä,110
Pohjin,110
Suunniteltaessa,110
Selvittäneet,110
Sotketa,110
Lieneekään,110
Laadulle,110
Palkkalistoille,110
Ominaisuudeksi,110
Prosenttiyksiköllä,110
Intressin,110
Tuottavasti,110
Myönnytys,110
75v,110
Mahdottomiksi,110
Kuluttaisivat,110
Innostanut,110
Täysipäiväistä,110
Kumpuavan,110
Aikajaksolla,110
Tartuttu,110
Siistiksi,110
Osteltua,110
Tippuvan,110
Murtauduttu,110
Ulottuva,110
Epäreiluksi,110
Käsitystäsi,110
Selitettyä,110
Suunnattuna,110
Tuhlattavaksi,110
Voidakaan,110
Ketjulle,110
Korjaantunut,110
Menettävänsä,110
Kasvuna,110
Harmitella,110
Maatansa,110
Valheelliseksi,110
Aikaansaada,110
Heikentävän,110
Käyneeni,110
Voinutkaan,110
Kontaktiin,110
Vetoavan,110
Tarttenut,110
Keräten,110
Kaihtamatta,110
Prosenttista,110
Käytöstäni,110
Tienoolla,110
Osapuolesta,110
Katsoneeni,110
Huolenpidosta,110
Itseäs,110
Vaivauduttu,110
Selailun,110
Myöntämiseen,110
Ystävystyä,110
Hyötysuhteeltaan,110
Mahdutettua,110
Signaloida,110
Torpattu,110
Perineet,110
Äänivaltaa,110
Laitoksista,110
Esteettistä,110
Toistettiin,110
Liehuu,110
Otetaankin,110
Seurauksella,110
Kierrätettyä,110
Kateelliseksi,110
Asioivat,110
Kehuista,110
Sopeutumisen,110
Ansaitsemaansa,110
Indikaatio,110
Ympärileikkaukseen,110
Hampurilaista,110
Maailmanjärjestystä,110
Sanankääntein,110
Argumentoivat,110
Lässähti,110
Nojasi,110
Loistavalta,110
Todellakaa,110
Hinnalta,110
Organisaatiolla,110
Kantokykyä,110
Facilities,110
Äänteet,110
Lyhyelle,110
Investointiin,110
Maksullisiksi,110
Ilmoitustaululle,110
Aggressiiviseksi,110
Osapuoleen,110
Litania,110
Kuukausista,110
Raksuttaa,110
Aamutuimaan,110
Inhota,110
Sahkon,110
Ilmatilaan,110
Kaupunginosissa,110
Työpaikastaan,110
Kuvatulla,110
Tuolista,110
Vaatimattomia,110
Paheksu,110
Rämpiä,110
Kuistilla,110
Kävelijöiden,110
Menetelmiin,110
Tarjoavia,110
Taattava,110
Lykkääminen,110
Lievemmin,110
Ideoihin,110
A4minen,110
Toimintaani,110
Jääriä,110
Itsereflektiota,110
Oloisen,110
Vastuullisuudesta,110
Standardeihin,110
Planeettoja,110
Sukupuolelta,110
Laillistettiin,110
Redusoida,110
Pietikäinen,110
Säger,110
Huvittunut,110
Kotouttamisesta,110
Pirukaan,110
Argumentille,110
Salonkikelpoista,110
Ainutlaatuisia,110
Yleisyyttä,110
Halpatyövoimalla,110
Ruumiilliseen,110
Säännöllä,110
Harrisin,110
Elintä,110
Näytelmää,110
Kulkuyhteyksien,110
Alempiin,110
Operatiivisen,110
Pysäyttävät,110
Rajapyykki,110
Puolustettu,110
Välimatkan,110
Ystäviäni,110
Tapaukselle,110
Optimoinnin,110
Keskustelisi,110
Fanaatikkoja,110
Sovinismia,110
Kädenpuristus,110
Järjestäjille,110
Svinhufvud,110
Ojia,110
Yhtenäisesti,110
Lähetyksissä,110
Mietitte,110
Kokousten,110
Serveriä,110
Elinkaarta,110
Demonstrate,110
Vääristymää,110
Pippeliä,110
Venäjällähän,110
Paljonki,110
Jointtia,110
Sensoreita,110
Tajun,110
Postiluukkuun,110
Paloista,110
Puhkeaminen,110
Subventiota,110
Aikuiseen,110
Kiistoja,110
Ampumisia,110
Jäätelöitä,110
Bluffi,110
Turmioon,110
Epämääräisistä,110
Tuntemuksista,110
Honkasalon,110
Sovitetaan,110
Lahjoituksista,110
Toiviaisen,110
Suhmuroida,110
Nöyryytystä,110
Asumislisän,110
Yrittaja,110
Taksikuskeja,110
Saaristoon,110
Väkivallantekoja,110
Esittelyn,110
Pudottaisi,110
Hokeminen,110
Modernille,110
Taloudellisena,110
Vaihtoehtoisiin,110
Vihervasemmistosta,110
Tolkullinen,110
Romanttisia,110
Eestä,110
Imperialistista,110
Muuallekkin,110
Innovaatioista,110
Suspects,110
Käynee,110
Palvelumaksuja,110
Ammattilaisiin,110
Käsistään,110
Altistumista,110
Terveyteni,110
Epävakaan,110
Synnytään,110
Tutustui,110
Tahnaa,110
Hälytyskelloja,110
Saasteista,110
Vittuilulla,110
Kaltoinkohtelu,110
Valuuttojen,110
Diktatuurista,110
Tilannenopeutta,110
Lausuttuna,110
Maanpetturuutta,110
Observations,110
Muukalaisvihaa,110
Käännöksistä,110
Vetäjät,110
Sellasii,110
Savustettua,110
Satatonnia,110
Huomaisivat,110
Oikeutetun,110
Halventaminen,110
Häiriköivät,110
Näyttelyä,110
Eturyhmät,110
Manifestia,110
Jääräpäinen,110
Mekaniikkaa,110
Farssin,110
Avustuksista,110
Gustafsson,110
Apteekkia,110
Aiotte,110
Ryystää,110
Aseistettua,110
Viihtyvyys,110
Aseetonta,110
Äänestätte,110
Vittuilut,110
Terveistä,110
Helevetisti,110
Voittais,110
Vapaaehtoisvoimin,110
Aikakoneella,110
Moralisointia,110
Inclusion,110
Herättyä,110
Reservit,110
Tunnistettiin,110
Pidätyksiä,110
Ehrnroothin,110
Sähköistäminen,110
Probability,110
Fasistin,110
Hyysääminen,110
Paperisotaa,110
Rinkiin,110
Heittona,110
Ylityökorvauksia,110
Kavalluksesta,110
Jolleki,110
Syksyltä,110
Ilmastovaikutus,110
Mutinaa,110
Uskomattomat,110
Turhauttava,110
Nettisivuillaan,110
Suoritetut,110
Trollille,110
Vihapuhelakeja,110
Vihreämpi,110
Dieseliin,110
Kökköä,110
Seikkailun,110
Tekijänoikeutta,110
Orjuuttamista,110
Aims,110
Tarkistettiin,110
Alkas,110
Rajallisella,110
Darwinin,110
Yhtälöitä,110
Vastauksessaan,110
Timanttinen,110
Nukkuvan,110
Reserves,110
Nykyisenkaltaista,110
Inhimillisempää,110
Tapoista,110
Dispute,110
Examine,110
Kävelytie,110
Roskisten,110
Kynsi,110
Matalammin,110
Hävitettiin,110
Kernaasti,110
Maskotti,110
Orjatyöllä,110
Ballots,110
Ihmisoikeussopimus,110
Perkeleestä,110
Natiivin,110
Laittomuuksien,110
Pesemällä,110
Monopoliasemaa,110
Lahjoittamalla,110
Talousliberaali,110
Minimivaatimukset,110
Korvasivat,110
Eskalaation,110
Tukikohdat,110
Vyötärön,110
Pikkujouluihin,110
Ohjekirja,110
Startupin,110
Vanhemmatkaan,110
Läntisten,110
Kiinnität,110
Jauhelihat,110
Sellaselle,110
Muuttajat,110
Etnonationalistinen,110
Salatun,110
Kesy,110
Sisämaan,110
Säveltäjä,110
Korso,110
Lämmität,110
Lapsettomille,110
Merkkivaatteet,110
Sormenjäljen,110
Perunamuusia,110
Jstor,110
Pisimmälle,110
Vaijeri,110
Perusasteen,110
Siirtomaat,110
Anarkismista,110
Kirurgia,110
Yksinkertaisuuden,110
Insight,110
Käräjien,110
Hienoissa,110
Välitunnit,110
Energialle,110
Kapitalistiset,110
Muslimimaiden,110
Houkuttaisi,110
Siviileillä,110
Avokin,110
Lapsettoman,110
Perustoimeentulo,110
Harrastukseni,110
Verrannollisesti,110
Julkisuuskuva,110
Silakkaa,110
Helvete,110
Kotoisa,110
Vuosaareen,110
Ajatustasolla,110
Insinöörillä,110
Päämaja,110
Tositv,110
Oranssit,110
Massin,110
Tarha,110
Päänahka,110
Punavihreän,110
Musiikkivideo,110
Keskiarvoisesti,110
Merenpinta,110
Katolilainen,110
Forgot,110
Rukkaset,110
Nykylainsäädännön,110
Hienovarainen,110
Jollaki,110
Välillinen,110
Hongkongin,110
Laumasuojaan,110
Jättimäiset,110
Naantali,110
Autossani,110
Johanneksen,110
Kirjuri,110
Patent,110
Kemiin,110
Palkatkin,110
Ammattikoulutus,110
Hullunkurista,110
Auschwitz,110
Veronpalautukset,110
Westendin,110
Latausnopeus,110
Pikkunen,110
Toimistotyö,110
Solidaarisuusveron,110
Filippiinit,110
Halaa,110
Simppelit,110
Lutka,110
Lauren,110
Kolina,110
Reaktioaika,110
Joditabletteja,110
Pohdiskelen,110
Understandable,110
Perheenäiti,110
Alkuperämaa,110
Hillon,110
Blogistin,110
Taistolaisten,110
Accomplished,110
Kokoaikainen,110
Työperäiset,110
Boomerien,110
Mangaa,110
Keskituloisella,110
Monipuoluejärjestelmä,110
Logical,110
Certificate,110
Digimon,110
Aatto,110
Shanghai,110
Erikoistuva,110
Architecture,110
Rautatieasemalta,110
Billions,110
Laittomassa,110
Arbery,110
Joidenki,110
Autopaikat,110
Saunon,110
Mukavinta,110
Aurajoen,110
Vaihtoehtoisessa,110
Turing,110
Hungarian,110
Ryyppään,110
Huolehdin,110
Räpin,110
Sosialismilla,110
Nodeid,110
Lastensairaalan,110
Järvistä,110
Statistik,110
Merkillinen,110
Jodi,110
Ikävin,110
Puutun,110
Ilmavoimissa,110
Biokaasun,110
Unionille,110
Kertauksissa,110
Liioittelet,110
Tarzan,110
Toimintamme,110
Vodkan,110
Akkukesto,110
Reditissä,110
Merkonomi,110
Miesasialiike,110
Suurimalla,110
Vesihuollon,110
Parhaimpina,110
Tiedostin,110
Saksalais,110
Monestihan,110
Mitö,110
Mosque,110
Entropia,110
Sukulaisella,110
Viesteistäsi,110
Työmarkkinajärjestöt,110
Jonotin,110
Tarjoon,110
Kotsa,110
Elastinen,110
Lohikeitto,110
Piä,110
Biology,110
Hikoilen,110
Mortal,110
Hehee,110
Muistakaamme,110
Vastasitko,110
Savolaisen,110
Viili,110
Makitan,110
Sievi,110
Ohio,110
Eeei,110
Manchester,110
Bitcoinissa,110
Simp,110
Vincit,110
Whoosh,110
Viestintävirasto,110
Manskun,110
Upin,110
Platinum,110
Sopisiko,110
Europol,110
Tuntuuhan,110
Pinaattikeitto,110
Exile,110
Ark,110
Tass,110
Fe,110
Nvme,110
Katupartioita,109
Väkivaltarikollisia,109
Latimes,109
Edeltävästä,109
Luotettavuuteen,109
Valituslupaa,109
Kärkimaita,109
Kolosta,109
Haettuja,109
Kokeileen,109
Säästetä,109
Faktapohjaa,109
Työikäistä,109
Päiväpalkalla,109
Osallisina,109
Laimenee,109
Tuhottavaksi,109
Tummempaa,109
Muotoiset,109
Hallitsivat,109
Arvottamaan,109
Ylivertaisuudesta,109
Pyörineenä,109
Arvoisten,109
Vanhimmista,109
Rakennelmia,109
Sivuihin,109
Syntyneelle,109
Raiskaajiksi,109
Koheesion,109
Kauppaamaan,109
Suuntauksista,109
Jakaantunut,109
Liitykään,109
Muuttamisella,109
Kiintynyt,109
Kiinnitettynä,109
Pahoittaisi,109
Harteilleen,109
Yrittäjinä,109
Kokevansa,109
Jäähtymään,109
Nenästään,109
Muine,109
Edistämässä,109
Ryypännyt,109
Kannaltahan,109
Piilottanut,109
Vastaantulijaa,109
Mahkuja,109
Muuallekaan,109
Kymmenesosan,109
Osoittelemaan,109
Mobilisoida,109
Mustamaalaamaan,109
Lähtevää,109
Hetkeltä,109
Lobbaamassa,109
Viemiseen,109
Puolueessaan,109
Harhaanjohtaa,109
Paihdelinkki,109
Ratkaisseet,109
Asteisen,109
Mukaisten,109
Kokoisiksi,109
Syöntiin,109
Aloitteinen,109
Kaninkoloon,109
Vihaamiseen,109
Suuntautuva,109
Lomapäivää,109
Linkittämään,109
Vaihtuvan,109
Tuntevani,109
Levitystä,109
Sylkemään,109
Tapailla,109
Täytettyään,109
Johtohahmot,109
Aktivoitu,109
Jatkunutta,109
Perusteluineen,109
Kuumottamaan,109
Pituiset,109
Tallaajaa,109
Pohtimassa,109
Synnyttyä,109
Kuolevansa,109
Pallonpuoliskolla,109
Puolestapuhujat,109
Ansaitsevan,109
Aikatyön,109
Näkyvästä,109
Lonkkaa,109
Perustuneet,109
Hyväksiluettua,109
Turvaamisesta,109
Kovimpaan,109
Räpeltää,109
Muistuttanut,109
Kansanosaan,109
Rangaistukselta,109
Kamppis,109
Hatkat,109
Rokoteta,109
Siviiliväestöä,109
Pahene,109
Olettamuksiin,109
Viettäminen,109
Mielialahäiriö,109
Järkyttävällä,109
Formed,109
Putoamista,109
Yleisyyden,109
Väsytä,109
Läheisensä,109
Haistanut,109
Todisteisiin,109
Hyväksyntänsä,109
Paineeseen,109
Hitaudesta,109
Myynnille,109
Oppikirjassa,109
A4yt,109
Häiriötekijöitä,109
Kauhisteltiin,109
Miellyttääkseen,109
Harkinnu,109
Henkilöllisyydestä,109
Videona,109
Käyttönsä,109
Tosielämään,109
Vaarantanut,109
Sukulaisiaan,109
Jännittämään,109
Ylilyönneistä,109
Palautumisen,109
Kanneta,109
Toteamuksia,109
Mädän,109
Kuritusta,109
Vittupäitä,109
Soittoon,109
Työolosuhteita,109
Värisen,109
Uhreilta,109
Kunnossapidosta,109
Rapidly,109
Perustuslaillisen,109
Amputatorbot,109
Näkymän,109
Alaäänillä,109
Candidates,109
Leireissä,109
Ahdistuneita,109
Huippunsa,109
Fiksuksi,109
Lutherin,109
Kehotuksia,109
Sortui,109
Uivat,109
Keuhko,109
Ideologisin,109
Yllytetään,109
Ymmärrettävän,109
Yhtyy,109
Päällekkäistä,109
Lainkuuliaisia,109
Teollistumista,109
Kuuntelijoita,109
Rakennetusta,109
Tasaisia,109
Myötämielinen,109
Kiihtyi,109
Lykkäämään,109
Ikuiseksi,109
Puristettu,109
Samanhenkisten,109
Julkaiset,109
Kansalaisoikeus,109
Junamatkan,109
Potkuihin,109
Dsm,109
Pummeja,109
Muovikassin,109
Kansallisissa,109
Iholta,109
Taustoittaa,109
Juttelevat,109
Lähettämät,109
Kommenteistani,109
Yksityisviestejä,109
Palkkakehitystä,109
Kankaalla,109
Päivittelee,109
Määrittelemättä,109
Pippalot,109
Omaisi,109
11e,109
Oppiin,109
Kiinteistöissä,109
Pavuilla,109
Hinnannousun,109
Kieltävää,109
Leimautumisen,109
Assadia,109
Verotusoikeutta,109
Geneettisestä,109
Remontista,109
Theonion,109
Biodiversiteettiä,109
Suoritusten,109
Kivitetään,109
Kansallisuuksien,109
Opetettava,109
Katsoessaan,109
Yksisilmäinen,109
Käännöksissä,109
Teholtaan,109
Otuksen,109
Toimipisteen,109
Slummeissa,109
Kannustavan,109
Heroiiniin,109
Tutkassa,109
Raiskareita,109
Hallituskokoonpano,109
Värillisiä,109
Tilannekuvaa,109
Kunnallisia,109
Vaikutusvaltaiset,109
Naapurustoon,109
Brains,109
Alipainoinen,109
Stereotyyppejä,109
Vääristyneet,109
Remontteihin,109
Poikaansa,109
Residence,109
Epätosia,109
Päästökauppaa,109
Monimuotoisuudesta,109
Asioit,109
13k,109
Olemukseltaan,109
Yhdistelee,109
Junnilan,109
Ankarin,109
Kiertäviä,109
Koulusi,109
Ominaisuuksissa,109
Rikkomukset,109
Virastoihin,109
Samaista,109
Kinaa,109
Kommenttiosiota,109
Oireilun,109
Bugin,109
Testiksi,109
Linkitetään,109
Brandon,109
Sanktioilla,109
Juomissa,109
Exceptions,109
Kymppitonnia,109
Selkäni,109
Viinalle,109
Keskiluokassa,109
Ignoorata,109
Oikeistolaisempi,109
Ympäröivien,109
Keittämisen,109
Tapion,109
Velassa,109
Laitoksilla,109
Sanomisilla,109
Tilavuuden,109
8x,109
Kitkerä,109
Requests,109
Kukkaruukkuun,109
Jonoista,109
Huijareille,109
Joutaakin,109
Tarkennuksen,109
Sijaisen,109
Öyhötykseen,109
Auringonvalon,109
Maallistunut,109
Antibioottia,109
Insentiivejä,109
Talousasioista,109
Poistetun,109
Liikunnallinen,109
Competitive,109
Maailmankaikkeudesta,109
Apurahan,109
Erittelyä,109
Konsertissa,109
Värisuora,109
Tankista,109
Lottovoittoa,109
Fraasit,109
Kommenttipalsta,109
Kamppailun,109
Limun,109
Tiukoissa,109
Keskiarvoista,109
Tarveharkintaa,109
Bags,109
Arvopohjalta,109
Elintavoilla,109
Argentiinan,109
Rakko,109
Lisukkeet,109
Servu,109
Ikäryhmät,109
Havaitut,109
Kotikaupungin,109
Epäonnistuneiden,109
Sumua,109
Joukkueella,109
Nuotit,109
Häkkiä,109
Kielitieteilijä,109
Jakaisivat,109
Erillisten,109
Valtiovarainministerinä,109
Pohtimista,109
Biljardia,109
Muusia,109
Synnyinmaan,109
Tupakoitsijoita,109
Tukiopetusta,109
Joutaisivat,109
Pukeudutaan,109
Kuumuutta,109
Tieliikennelakia,109
Suhmuroi,109
Korvauksien,109
Hinnaston,109
Perehtyminen,109
Modernina,109
Onnellisuudesta,109
Dementoitunut,109
Kesäkuuhun,109
Michel,109
Loukkasin,109
Ajatusleikkiä,109
Pamaus,109
Näkymättömän,109
Viljelijöille,109
Lukumäärät,109
Eläintuotannon,109
Opiston,109
Älyllä,109
Objects,109
Palkkatuloista,109
Taotaan,109
Proteiinien,109
Ylennys,109
Sadantuhannen,109
Pedofiileille,109
Pommitusten,109
Pääministereitä,109
Autottomia,109
Hopeavettä,109
Pysyvässä,109
Stillerin,109
Myyntiluvan,109
Damien,109
Flairissa,109
Herkkusieniä,109
Pahimmalta,109
Pakkotyöstä,109
Asennemuutosta,109
Nälkäkuolema,109
Settlement,109
Palautusten,109
Tongue,109
Ranskikset,109
Dynaamista,109
Viinapullo,109
Raflaavan,109
Kuvausten,109
Arpomalla,109
Kalpea,109
Materialismi,109
Hätävarjeluna,109
Perhepiirissä,109
Kasvavalla,109
Äärivasemmistosta,109
Saavutaan,109
Kuljetuskustannukset,109
Ostaessani,109
Poliitikan,109
Talviajan,109
Toistaseksi,109
Talouskurin,109
Tehotuotannon,109
Pinaattia,109
Näsäviisas,109
Mielenrauha,109
Kalliimmassa,109
Kiiltää,109
Liiman,109
Captured,109
Representation,109
Kypros,109
Varallisuudella,109
Klaanin,109
Klitoriksen,109
Translations,109
Ruokakauppoja,109
Kuntavaaleja,109
Kesäajasta,109
Rinteelle,109
Välipalaksi,109
Fiksulla,109
Epäpätevät,109
Nisäkäs,109
Hävittäjillä,109
Threshold,109
Actor,109
Iltavuorossa,109
Elintarvikkeen,109
Nuuskat,109
Kosk,109
Vesisade,109
Hitsari,109
Alaskassa,109
Ryöstäjät,109
Kasvissyöjien,109
Huoleni,109
Piirakan,109
Sosiologit,109
Interviews,109
Jenkkiläisen,109
Hitain,109
Streamaus,109
Ministeriltä,109
Pääomistaja,109
Rennon,109
Pysäkit,109
Syrjäseudun,109
Kaviaaria,109
Yläpeukkua,109
Pluto,109
Nesteytys,109
Omatoiminen,109
Aseluvat,109
Moninpeli,109
Verify,109
Morris,109
Delivered,109
Engineers,109
Capitalist,109
Pankkikriisi,109
Kaurapuuron,109
Yliopistokoulutuksen,109
Pohjoismaalaiset,109
Pyykkikone,109
Keskimmäisen,109
Särmää,109
Ylläolevaan,109
Kutsunnoista,109
Epäterveelliset,109
Rude,109
Tuhannesti,109
Naapureina,109
Kylmäävä,109
Välittäjät,109
Soy,109
Sylkeminen,109
Atomi,109
Lokerointi,109
Sveitsiä,109
Kotikaupunki,109
Felony,109
Roy,109
Valiokunnat,109
Luminen,109
Perheenyhdistämisen,109
Ajankäyttö,109
Kauppahinta,109
Teil,109
Rakentaisin,109
Pablo,109
Litteän,109
Xperia,109
Roskaväki,109
Islamofobiaa,109
Tietokoneissa,109
Psy,109
Ravintoloitsija,109
Aluevaalit,109
Riparilla,109
Kertausharjoituksissa,109
Päiväsakko,109
15m,109
Pisimmillään,109
Sosiologiassa,109
Varusmiehenä,109
Kustantajat,109
Matkakortti,109
Fph,109
Sovittelu,109
Rocky,109
Killan,109
Keinoäly,109
Redditorit,109
Kamikaze,109
Naurettavin,109
Hedge,109
Sausage,109
Sosionomi,109
Läppäreissä,109
Kohtuullisuus,109
Tintti,109
Macgyver,109
Kokkikartanon,109
Ioniq,109
Lakimuutoksella,109
Maanviljelys,109
Neoliberaali,109
Simpson,109
Lopullisena,109
Zoomer,109
Corsa,109
Crap,109
Chess,109
Assimilaatio,109
Kiroan,109
Kansanäänestykset,109
Silminnäkijät,109
Wsb,109
Ohitin,109
Salsa,109
Centerin,109
Foliot,109
Pippurisumutteen,109
Ehdonalainen,109
Eurovaalit,109
Ruottalaiset,109
Minkki,109
Sakemannit,109
Hämeenkadun,109
Apteekkarit,109
Persian,109
Selvennetään,109
Iter,109
Silakat,109
Sallitaanko,109
Jonnea,109
Spollet,109
Ethics,109
Robo,109
Paraskin,109
Ox,109
V0,109
Tarkastelin,109
Tyypillisessä,109
Avenue,109
Muistelinkin,109
Telegramissa,109
Wää,109
Siteerasin,109
Lukasin,109
Pelkäänpä,109
Näyttääpä,109
Finanssiala,109
Kiesus,109
Sanoitko,109
Mobiilivarmenne,109
Nas,109
Poliisiylijohtaja,109
Kiinnostavasti,109
Omakantaan,109
Sadly,109
Twenty,109
Risen,109
Μg,109
Horneteista,109
Juhlamokka,109
Cas,109
Rk62,109
Tarkottaako,109
Hazard,109
Metoon,109
Zeitgeist,109
Nano,109
Kelpaisiko,109
Switchin,109
Netflixit,109
Eniveis,109
Highway,109
Deck,109
Vult,109
Javascriptin,109
Lux,109
Kirsikoita,108
Lukumäärään,108
Kytköstä,108
Mantran,108
Rikastui,108
Pilkkanaan,108
Toimintaedellytyksiä,108
Itkisi,108
Pyytelemään,108
Poikennut,108
Merkitsemään,108
Syöksykierteessä,108
Tähdentää,108
Harjoittivat,108
Lisäävää,108
Maksimimäärän,108
Käsittelevästä,108
Kummoisempaa,108
Hyödynnettävissä,108
Kulujaan,108
Heruu,108
Pohjilta,108
Ristiriitaiselta,108
Henkilöllisyytensä,108
Löytävänsä,108
Toistelemaan,108
Käyttämien,108
Työsuhteissa,108
Säätäneet,108
Vahvempana,108
Erikoistunutta,108
Kurkkia,108
Soiteltu,108
Recognized,108
Kokemuksille,108
Yskimään,108
Sanottujen,108
Pölyttymään,108
Kurkkimassa,108
Ihmista,108
Otettavat,108
Omineet,108
Hömpötyksiä,108
Ikuisuuksia,108
Valitsemallesi,108
Asiattomasta,108
Maksamien,108
Puolustaneet,108
Subventoimaan,108
Epävakaita,108
Tarvittavasta,108
Istuskelemaan,108
Painokkaasti,108
Kalibroida,108
Hyllyä,108
Sekoittamista,108
Voimallisesti,108
Tekemäksi,108
Puskettua,108
Varpaisiin,108
Päättyneet,108
Toivovan,108
Saannissa,108
Hypettää,108
Hurskastelua,108
Pilaantunutta,108
Saastuttamaan,108
Läpästä,108
Pakottama,108
Siruja,108
Poistella,108
Paisuteltu,108
Päivystämään,108
Protesteihin,108
Kuukausituloilla,108
Kammalla,108
Tuntemat,108
Pysäyttäisi,108
Tuntuisia,108
Elämäntilanteissa,108
Vaikutuspiirissä,108
Päättymiseen,108
Vastauksilla,108
Torpattiin,108
Sitovan,108
Sekoillut,108
Avautumisesta,108
Päättämiseen,108
31v,108
Päästöttömästi,108
Alkupuoliskolla,108
Tarkoituksellisesta,108
Piis0140,108
Länsimaalaiseen,108
Väkivaltaisempi,108
Meriläisen,108
Työmahdollisuuksia,108
Räyhää,108
Integroituneita,108
Agendaasi,108
Pysäkeillä,108
Tulokkaiden,108
Ykkösjuttu,108
A4in,108
Epätodennäköisiä,108
Pehmeämpää,108
Kukkaroa,108
Yleisty,108
Isommankin,108
Koomaan,108
Tekstille,108
Saatavuudessa,108
Omistajaan,108
Räikeässä,108
Häiritsevänä,108
Sijainteja,108
Poskea,108
Viestiään,108
Arvokkuutta,108
Välimaastosta,108
Ekonomisteista,108
Kitaan,108
Vähentymistä,108
Fiiliksistä,108
Tyynyyn,108
Ruoalle,108
Nettisivulle,108
Alitajuntaan,108
Riville,108
Läheisempi,108
Sisältöihin,108
Viljanen,108
Urputtaa,108
Alentuu,108
Homoavioliittoja,108
Mölyt,108
Kaksioon,108
Sulaneet,108
Erika,108
Tyon,108
Yhteydenoton,108
Miljardikaupalla,108
Tarjoilua,108
Pakottavia,108
Tikkarin,108
Pelloilta,108
Jaarittelua,108
Discordapp,108
Velvollisuudeksi,108
Ryhmäkuria,108
Luettavana,108
Autotalliin,108
Bussikuskia,108
Radikaalista,108
Mänttä,108
Maailmankatsomukseen,108
Sivutaan,108
Olkinukkeja,108
Niitetään,108
Liipaisinta,108
Foreignpolicy,108
Tärkkelystä,108
Miehityksestä,108
Prosesseissa,108
Ongelmattomia,108
Erinomaisesta,108
Nuppia,108
Lihoa,108
Laiturilta,108
Sähkösopimusta,108
Vauvoista,108
Testauksesta,108
Raskauttava,108
Kiinnostavien,108
Hyökkäämisestä,108
Lomailee,108
Rauhallisesta,108
Huomauttaminen,108
Telineessä,108
Kuluttajalta,108
Patteria,108
Massiivisiin,108
Kuvas,108
Raadon,108
Yhteneväinen,108
Lähetteellä,108
Juurisyytä,108
Vessanpöntöstä,108
Tuotantoketju,108
Kisaamaan,108
Totalitaristisen,108
Reiluudesta,108
Urallani,108
Rokottamista,108
Pätkään,108
Juridiseen,108
Maailmankaikkeutta,108
Eristyksiin,108
Taiteellisesti,108
Häiritseväksi,108
Makeutta,108
Otollista,108
Turpaani,108
Fasistia,108
Toita,108
Maksuissa,108
Muotonsa,108
Natiiveja,108
Painitaan,108
Työllistäisi,108
Vetäytymisen,108
Valaiseva,108
Jatkunee,108
Suhteelliseen,108
Landea,108
Kirjekuori,108
Pukkarissa,108
Sanoituksia,108
Pykälistä,108
Pratchett,108
Elämättä,108
Maanantaita,108
Tukahdutettu,108
Mediuutiset,108
Menestymisestä,108
Yhteydenpidon,108
Sähkölaskusta,108
Sairaalla,108
Diagnoosilla,108
Ior,108
Selkeätä,108
Levikki,108
Onset,108
Lipuilla,108
Kyltistä,108
Kusihätä,108
Valituksista,108
Geeniä,108
Ladut,108
Vakuutusyhtiöön,108
Romantiikkaa,108
Reflect,108
Twiitata,108
Dioxide,108
Elatuksen,108
Salaisesti,108
Ennakoitu,108
Veliseni,108
Itsesuojeluvaistoa,108
Jörn,108
Hormoni,108
Hittoon,108
Palomiehiä,108
Vahvistamisen,108
Nälästä,108
Hyysätään,108
Kierteet,108
Faktapohjaisesti,108
Länsimailta,108
Kulissi,108
Aggressiiviseen,108
Ikävuodet,108
Opetussuunnitelmasta,108
Kerätyn,108
Luonnollisempi,108
Kusemalla,108
Palveluntarjoajalle,108
Teloituksia,108
Pommittamalla,108
Eduskuntapuolueen,108
Tarinoilla,108
Mahdollisuutesi,108
Ällän,108
Totesinkin,108
Paljastava,108
Varaaminen,108
Leveämmät,108
Ateistiksi,108
Tekosyiden,108
Semantiikan,108
Sivukuluineen,108
Kommenttiketju,108
Jalkaisin,108
Tönkköä,108
Näytteistä,108
Änkyröiden,108
Vankileireillä,108
Dronejen,108
Ohjelmistossa,108
Vertaansa,108
Remonttien,108
Riisiin,108
Pottua,108
Selvittelyn,108
Kyttäys,108
Asutuskeskuksissa,108
Reippaita,108
Modella,108
Surmaa,108
Sekasyöjiä,108
Avajaisissa,108
Palamisen,108
Yhdistelmät,108
Altright,108
Kokoaminen,108
Moonsorrow,108
Kupataan,108
Vallilassa,108
Kantelua,108
Tuoreella,108
Kampanjalla,108
Ahdistelijat,108
Tahra,108
Työehtosopimuksissa,108
Keskushermostoon,108
Hehkulamppu,108
Englanninkielisillä,108
Rasvaan,108
Kivutonta,108
Käsitteillä,108
Tarttuvuus,108
Leikkauslista,108
Pakkopalautuksia,108
Vulnerable,108
Rikun,108
Tunarointi,108
Mainostoimiston,108
Yliopistollisen,108
Utan,108
Diabeetikko,108
Omistajina,108
Montun,108
Suorempi,108
Sotilasjuntta,108
Huumeidenkäyttöä,108
Viskit,108
Kiintolevy,108
Huolenpito,108
Miettisivät,108
Kausilippu,108
Eriskummallista,108
Eksyn,108
Pysäyttämistä,108
Homework,108
Maahanmuuttokritiikkiä,108
Trollitili,108
Eeppisiä,108
Väkivaltafantasiat,108
Autokaupan,108
Mitalit,108
Syrjinnällä,108
Abstraktista,108
Ääriliikkeen,108
Göteborgin,108
Suurkuluttajat,108
Irvokas,108
Lauerma,108
Ihmiskehon,108
Palveluspaikka,108
Täsmällistä,108
Lisäkysymyksiä,108
Mädättäjä,108
Oleellisimmat,108
Ajattelemisen,108
Kummi,108
Potterin,108
Ystäväpiiri,108
Narkkeja,108
Myyntilupa,108
Kompassin,108
Kykenemme,108
Severity,108
Tekemättömyys,108
Lihansyöntiin,108
Rosenberg,108
Pässit,108
Lakikirja,108
Pistoolia,108
Mehevä,108
Kauppakeskusten,108
16k,108
Kotimatka,108
Liver,108
Naisopettaja,108
Plagiointia,108
Totaalikieltäytyjä,108
Metsänomistajien,108
Vakkarit,108
Ansan,108
Reppanat,108
Chilen,108
Tervehdi,108
Eräänlaisia,108
Myymälät,108
Arvopaperi,108
Rukoillaan,108
Stolen,108
Kuoro,108
Samankaltaisuuksia,108
Symboliikka,108
Neuroverkko,108
Viestintäjohtaja,108
Tuhopoltto,108
Älypuhelimella,108
Palvelualalla,108
Pullamössö,108
Toistuvien,108
Myrkytyksen,108
Nippelitieto,108
Prosenttiluku,108
Sosiopaatit,108
Tämänkaltaisissa,108
Satisfaction,108
Satamien,108
Klikkiotsikoiden,108
Puukotuksia,108
Kumpiakaan,108
Vapaaehtoisuuden,108
Phys,108
Sukellusveneet,108
Vieraskielinen,108
Kasveilla,108
Marraskuusta,108
Components,108
Kouluruoan,108
Asennukset,108
Flashbackit,108
Pätkätöiden,108
Moves,108
Keihäs,108
Viivi,108
Vanhakin,108
Herrasmiehet,108
Puikot,108
Kärryjen,108
Lastenhoitaja,108
Ikoninen,108
Empirical,108
Surkeeta,108
Puliukko,108
Suojatyöpaikat,108
Vaimojen,108
Vikassa,108
Huntu,108
Enforced,108
Puolalaista,108
Falun,108
Luurangot,108
Pietarsaaressa,108
Kiasma,108
Muori,108
Aurinkoenergian,108
Peliautomaatit,108
Maalitus,108
Tajunta,108
Sukupuolenkorjaus,108
Ultima,108
Interpretation,108
Virkkunen,108
Ylimenevä,108
Huumet,108
Puhdista,108
Koka,108
Jmmgo,108
Kioton,108
Stressaan,108
Pierre,108
Välikohtaus,108
Nettomaksajat,108
Rikosasioissa,108
Pirkkala,108
Leivinuuni,108
0aremindme,108
Tourism,108
Toyotalla,108
Kansalaispalkan,108
Paikallislehti,108
Talouskasvulla,108
Monikulttuurisen,108
Islamistiset,108
Supermarketin,108
Hankkisivat,108
Stimulantit,108
Paukun,108
Tarjoaisin,108
Punavuori,108
Barrel,108
Pienhiukkaset,108
Islaminuskoiset,108
Associate,108
Ilmoitettuja,108
Tupakki,108
Ocr,108
Heroin,108
Ihastuin,108
Cargo,108
Tuksu,108
Perustulokokeilu,108
Tankkasin,108
Vahvistat,108
Egyptiin,108
Pandojen,108
230v,108
Lemmikkieläinten,108
Mielipidevaikuttamisen,108
Torrentit,108
Viittaamasi,108
Vältin,108
Kollektiivisessa,108
Paljousalennus,108
Christians,108
Liukkaan,108
Säästyneillä,108
Työllinen,108
Signalin,108
Madventures,108
Tia,108
Doctrine,108
Oivoi,108
Nuke,108
Yllytys,108
Hemuli,108
Ennakkoäänestys,108
Javan,108
Javalla,108
Abloyn,108
Ringin,108
Autio,108
Kärjistän,108
Hva,108
Vv,108
Firefoxiin,108
Iltalehdeltä,108
Soinilaiset,108
Hispanic,108
Röllin,108
Näyttäähän,108
Itsepä,108
Hyväähän,108
Rainbowin,108
Taksiliitto,108
Chairman,108
Ohjaamo,108
Trivial,108
Vokeissa,108
Quorn,108
Mitäpäs,108
Kolumbus,108
Viskipuolue,108
Bellingcat,108
Oudointa,108
Tartuntatautilaki,108
Wowin,108
Poist,108
Cmore,108
Kättelemään,107
Markkinaraon,107
Vastenmieliseksi,107
Objekteja,107
Kiinnostuvat,107
Kohdistumaan,107
Kalliimmiksi,107
Anteliaasti,107
Juoneen,107
Vieviä,107
Sekasortoon,107
Katteleen,107
Pyrkivien,107
Verotuloina,107
Palkkatyöhön,107
Juoksisi,107
Epäpuhtauksia,107
Edeltäneen,107
Puukotettiin,107
Diilaamaan,107
Käyttäytymisellään,107
Tienkäyttäjien,107
Älyvapaita,107
Viedessä,107
Tuntemuksen,107
Kypsyä,107
Litkuja,107
Rakentua,107
Ulottuvuuteen,107
Fiilistelemään,107
Lisäämisessä,107
Säikäyttää,107
Elämäntapaansa,107
Puolusteta,107
Palveluistaan,107
Kelaamaan,107
Sijoitusasuntoa,107
Katsova,107
Loukatulle,107
Alistamaan,107
Nyppiä,107
Rangaistuksetta,107
Toimissaan,107
Työntekijöistään,107
Lukeutuvat,107
Närkästyä,107
Haluaisivatkin,107
Haalittua,107
Worldpopulationreview,107
Maalitaulu,107
Pitkittyessä,107
Pudotettua,107
Puhuttukaan,107
Rikkoneen,107
Rakentelua,107
Tuotettujen,107
Mahdollistavan,107
Ylettyy,107
Sukujuuria,107
Touhuamaan,107
Heijastu,107
C_fill,107
Sairastuisi,107
Tapauksessaan,107
Särkemään,107
Palveluaan,107
Seurauksesta,107
Ponnahtaa,107
Otettavissa,107
Sida,107
Sankarille,107
Rohkeudesta,107
Ystävällisen,107
Kaapuun,107
Uusnatseista,107
Tyrannian,107
Runnotaan,107
Väkivaltaisuuksiin,107
Laskeskellut,107
Tavallasi,107
Taskussaan,107
Sopivista,107
Kämmentä,107
Sallimisen,107
Uusnatseihin,107
Tulikaan,107
Tulokkaita,107
Ilmoitettaisiin,107
Lappunen,107
Yökylään,107
Elämäntapansa,107
Efektejä,107
Insinööreiksi,107
Itsessäsi,107
Napsuu,107
Maalattiin,107
Oppimistuloksiin,107
Äärilaitaa,107
Altistusta,107
Kommunistiseksi,107
Itsetarkoitus,107
Kaventunut,107
Häviämistä,107
Tehdyltä,107
Siirryttävä,107
Successfully,107
Pone,107
Illallisella,107
Erilaisiksi,107
Asuis,107
Perusperiaatteita,107
Hajoamassa,107
Pajalle,107
Henkisenä,107
Pääomatuloina,107
Viidenteen,107
Akkaa,107
Palvelutasoa,107
Aikuisuutta,107
Kaltaset,107
Osastoille,107
Yhteiskuntakelpoisia,107
Kumppanilta,107
Lusittu,107
Hankitun,107
Predicted,107
Politiikassaan,107
Vaikuttavuudesta,107
Samanikäinen,107
Identiteetistään,107
Ostossa,107
Opinnoilla,107
Talouspoliittista,107
Paljastukset,107
Maanpinnalle,107
Sequitur,107
Korjausten,107
Pysyttelee,107
Työnantajiin,107
Vääristellyt,107
Pössytellä,107
Minimitason,107
Kantakaupunkia,107
Työviikolla,107
Vihollisiksi,107
Paksumpia,107
Vipinää,107
Peittele,107
Avautuisi,107
Säästöstä,107
Palvelimilla,107
Korruptioksi,107
Lukitussa,107
Solmitaan,107
Määräytyisi,107
Helpottavia,107
Käytöstapoihin,107
Hirmuteoista,107
Eristettynä,107
Stressaavat,107
Hallituskumppani,107
Lehdistönvapautta,107
Kierteessä,107
Närkästynyt,107
Äänestävien,107
Varastoimaan,107
Suuniteltu,107
Varastoihin,107
Kestävänä,107
Rikkoutuminen,107
Saastuttamisesta,107
Radikaaleihin,107
Imagolle,107
Rentoutuu,107
Intention,107
Kommentia,107
Harhan,107
Ladulla,107
Kyselyllä,107
Sixten,107
Epäoleellinen,107
Etiopiassa,107
Libido,107
Aktiivien,107
Humanitääriseen,107
Häviävä,107
Opasta,107
Vaatimatonta,107
Palavereja,107
Mittakaavasta,107
Hietanen,107
Järkeäkin,107
Kaatamisen,107
Perillisiä,107
Epämääräisyys,107
Ostettujen,107
Harhakuva,107
Esineistä,107
Pohjattoman,107
Toteuttivat,107
Väsyny,107
Varmistettiin,107
Stipendin,107
Rotuerottelua,107
Vastaanottavat,107
Työnnettiin,107
Juoppoa,107
Rikollisesti,107
Haaskataan,107
Venkoilu,107
Tähtiin,107
Hienoihin,107
Simppelin,107
Epätoivoisen,107
Laadutonta,107
Tulemalla,107
Haitallisin,107
Novellin,107
Syrjäyttäminen,107
Assosioituu,107
Sanoon,107
Prigozhin,107
Älykkyysosamäärää,107
Isänmaallisuudesta,107
Tutkimustuloksiin,107
Yläastetta,107
Käytännössäkin,107
Usp,107
Perustutkinnon,107
Istuma,107
Kalorimäärä,107
Moneenkin,107
Hengailevat,107
Loista,107
Ykköstason,107
Suurlähetystöön,107
Wealthy,107
Ruotsinkielisiin,107
Edellisvuoden,107
Omienkin,107
Kitaralla,107
Loisiminen,107
Kuivataan,107
Puolisosta,107
Välttämättömyydestä,107
Pumppua,107
Keuhkokuumeen,107
Tunteeton,107
Tuttusi,107
Pakollisuudesta,107
Isovanhempi,107
Kiskoilla,107
Teräaseella,107
Viestintäpäällikkö,107
Olds,107
Kuollaksenikaan,107
Unemployed,107
Radikalisoitumiseen,107
Väkivaltaisuuksia,107
Kansallismielistä,107
Huijaamalla,107
Asks,107
Tulevaisuudelta,107
Naputtaa,107
Tuoksut,107
Texts,107
Versaillesin,107
Moninainen,107
Muttaa,107
Epätieteellinen,107
Oikeusapua,107
Kryptovaluuttaa,107
Lihaksen,107
Terveyshaitoista,107
Mahdollisina,107
Hikisen,107
Teinityttöjen,107
Teinistä,107
Kusettamalla,107
Lauantaille,107
Koronatestiin,107
Lastenhoidon,107
Hakasulkujen,107
Valitulle,107
Infrassa,107
Sopeutumiseen,107
Kynttilää,107
Aatemaailma,107
Virheellisten,107
Radioaktiivisia,107
Hiilamo,107
Masentunutta,107
Velkojien,107
Liberaalille,107
Rajaat,107
Perseellä,107
Sirkukseen,107
Sairauslomalla,107
Viihdekäyttöä,107
Noitavaino,107
Numeroni,107
Ukrainakin,107
Todennäköisimpänä,107
Maahanmuuttokriittisen,107
Whistleblower,107
Klooria,107
Kannattamattoman,107
Firmasi,107
Alakohtaista,107
Haapasalo,107
Etujärjestön,107
Joessa,107
Baaritiskillä,107
Epäsuoran,107
Päättäköön,107
Hauskasta,107
Omaisen,107
Korkee,107
Pahemminkin,107
Jännempi,107
Valaistumisen,107
Pasanen,107
Lemmikeille,107
Lauantaita,107
Pimeydestä,107
Huomattuaan,107
Harjoittelijat,107
Rekrytoijat,107
Vaivoin,107
Keskustelupalstoja,107
Hämäävää,107
Tuubista,107
Homomiehet,107
Lavuaari,107
Sateinen,107
Tarkastusmaksun,107
Assigned,107
Viisain,107
Aurinkopaneeleita,107
Taikasieniä,107
Kokeilujen,107
Viiskymppiä,107
Kommunismille,107
Ykköset,107
Valtiomuoto,107
Sotaveteraani,107
Vastuunpakoilua,107
Penttilän,107
Tuottamaton,107
Sunkaan,107
Sipoossa,107
Koulutukseni,107
Salakuljetusta,107
Nettikaupassa,107
Koiranpaskaa,107
Puoluetoimiston,107
Keksien,107
Nopeuttaisi,107
Reminders,107
Kevyessä,107
Sink,107
Kasinon,107
Suojaikärajan,107
Itärajalta,107
Kilpailullinen,107
Kavereitakin,107
Rekrytoijan,107
Sisältönä,107
Psykoterapiassa,107
Viruksella,107
Graduja,107
Kiitteli,107
Vastavalmistuneen,107
Siirtyisin,107
Poljen,107
Vaelluskengät,107
Keskiansio,107
Mörökölli,107
Tiestön,107
Rotuopin,107
Kotitehtävät,107
Kauppakassi,107
Ykkösluokan,107
Pullakahvit,107
Kangaskassi,107
Viirus,107
Rajakit,107
Keskipäivällä,107
Urokset,107
Erityisopettaja,107
Köyhäkin,107
Geneeriset,107
Pisimmän,107
Koulutusmäärät,107
Itsepäinen,107
Tabut,107
Kortitta,107
Popcornia,107
Laadittiin,107
Sotarikollinen,107
Lähivuosien,107
Paskot,107
Kannattamalla,107
Sopimussakko,107
Meemeissä,107
Ylimmällä,107
Amerikkalaiselta,107
Työeläkemaksuja,107
Vaihtoehtojakin,107
Oikeusistuin,107
Autoteiden,107
Turvapaikkajärjestelmää,107
Divisioona,107
Enson,107
Turhautuneena,107
Letut,107
Koulussani,107
Pour,107
Selittynee,107
Tucker,107
Strategies,107
Wider,107
Ylemmillä,107
Uskonnonvapauteen,107
Pyhässä,107
Guantanamo,107
Kehollinen,107
Menestyjät,107
Mehiläiseen,107
Lihateollisuuden,107
Valloittaja,107
Haukuin,107
Hillolla,107
Nojatuoli,107
Behavioral,107
Hangossa,107
Kaikkivaltias,107
Valiolla,107
Kahvipaketti,107
Aikavyöhykkeen,107
Vana,107
Loppuvuosi,107
Avengers,107
Rauhanturvaajat,107
Keys,107
Jokisen,107
Pultti,107
Woken,107
Piispan,107
Korpraali,107
Farage,107
Talousteorian,107
Covidista,107
Noppa,107
Ukip,107
Eräillä,107
Näyttäisin,107
Jättääkö,107
Laihduin,107
Boschin,107
Somalialainen,107
Thronesin,107
Suurmoskeija,107
Puujalka,107
Terveyskeskuslääkäri,107
Lähetämme,107
Msci,107
Contemporary,107
Martta,107
Hh,107
Epub,107
Kotiruoka,107
Salaries,107
Wolfenstein,107
Nähään,107
Hassuna,107
Siirtelet,107
Aggregaatti,107
Palestiinalainen,107
Kukkakaali,107
Ulkosuomalaisena,107
Osaavatko,107
Nimismies,107
Ilmavoimilla,107
Adl,107
Shokeeraavaa,107
Päädyimme,107
Punamulta,107
Passat,107
Joutsenet,107
Oomi,107
Kutsutaanko,107
Korealaisten,107
Elämänkoulu,107
Vilkasin,107
Kamppailulajit,107
Kokkareet,107
Opintolainahyvitys,107
Msnbc,107
Nimimerkistä,107
Ydintalvi,107
Vaihtoehtosesti,107
Brasilialainen,107
Oliskos,107
Kimalaiset,107
Itsellänikään,107
Israelilainen,107
Perustili,107
Miksköhän,107
Ilmoittaudu,107
M8,107
Muumimamma,107
Ihq,107
Viimesin,107
Ooksä,107
Luoto,107
Artikkelihan,107
Teinkö,107
Ascii,107
Nostakaa,107
Ahma,107
Vakka,107
Debian,107
Bean,107
Hammer,107
Sokerina,107
Donate,107
Otanpa,107
Foundations,107
Proton,107
Honk,107
Etsy,107
Similarly,107
Koffia,107
Attached,107
Rakkaalla,107
Kepuun,107
Suome,107
Hut,107
Tessien,107
Sisters,107
Valtiaat,107
Keva,107
Tietaa,106
Kiistämässä,106
Derived,106
Kertynyttä,106
Teesejä,106
Asukkeja,106
Pointed,106
Hakien,106
Annostella,106
Mainostaisi,106
Väärässäkään,106
Löytämättä,106
Aktiviteetteihin,106
Rakennetuissa,106
Sisältyisi,106
Sketsistä,106
Epäkohtaan,106
Liiketoimintansa,106
Kaipaavan,106
Ohjaavan,106
Ollet,106
Kohdistuneita,106
Tietojensa,106
Helpotettu,106
Tiputettiin,106
Muultakin,106
Vaikuttimia,106
Sulautuvat,106
Ilmiannosta,106
Ylemmyydentunnetta,106
Osakkeitaan,106
Suositelleet,106
Ryhtyisivät,106
Syklillä,106
Hiipui,106
Lähettelemään,106
Vuosisataan,106
Säilytettiin,106
Sivuuttavat,106
Trollina,106
Palikkaa,106
Harrastavia,106
Rinnastettavassa,106
Jouda,106
Hiipumaan,106
Traumatisoituneita,106
Siedettävästi,106
Jatkamiselle,106
Etsitä,106
Kukkasia,106
Aikaväliltä,106
Maailmankartalta,106
Ehtoopuolella,106
Kaadeta,106
Muodostuva,106
Trollaamassa,106
Tavoitellut,106
Riippuvaa,106
Liottaa,106
Huolellisemmin,106
Kepittää,106
Polarisoituu,106
Jyräämään,106
Rankaisemiseen,106
Keruuta,106
Määriteltyjen,106
Kantautunut,106
Pahemmasta,106
Oudoilta,106
3vk,106
Supussa,106
Piileekin,106
Äppejä,106
Aktiiviseksi,106
Päättämistä,106
Olevankin,106
62x39,106
Aitouden,106
Törmänneet,106
Käyttöö,106
Hiljaisempia,106
Sulatella,106
Sähkölaskuun,106
Olleenkaan,106
Näkökulmaasi,106
Kontrollointia,106
Perusteluin,106
Tulkitsivat,106
Hidastamiseksi,106
Jälkeisiin,106
Jamanetwork,106
Tasaaminen,106
Perseilyistä,106
Arvuuttelemaan,106
Lähettämiä,106
Yöunilla,106
Puoltavan,106
Hetemäki,106
Wikisummarizerbot,106
Sopeutumisesta,106
Edulliseksi,106
Huuteluksi,106
Kilvissä,106
Ainoalle,106
Järestään,106
Sarkasmiksi,106
Lietsonta,106
Attributed,106
Alettais,106
Huonoutta,106
Viljellyt,106
Vihaansa,106
Jutussaan,106
Selittämättä,106
Kokemuksiini,106
Haittaavia,106
Lahjoittavat,106
Naurettaisiin,106
Suuntia,106
Positiivisempaan,106
Johtaviin,106
Conclude,106
Ylitsepääsemättömiä,106
Putsaamaan,106
Yrittääkään,106
Poistamisessa,106
Sulautuu,106
Kalorin,106
Erikoisemmin,106
Lappusia,106
Juokseviin,106
Palaveriin,106
Valitessaan,106
Turvallisuudessa,106
Eitä,106
Maittaa,106
Suoltanut,106
Värjätä,106
Liirumlaarumia,106
Tehokkaimmista,106
Idioottimaisesti,106
Neutraalilta,106
Tyyssija,106
Tiiviiksi,106
Paskoiksi,106
Leikkipuistossa,106
Hyppäsivät,106
Eritasoisia,106
Fiiliksillä,106
Kauhistelevat,106
Annettavaksi,106
Oppilaasta,106
Pyssyä,106
Optimoitua,106
Dynaamisesti,106
Arvioisi,106
Kasvihuonekaasu,106
Valopää,106
Vaarallisuuteen,106
Isiensä,106
Kaukaisia,106
Tallainen,106
Helpful,106
Maksamilla,106
Poikkeavien,106
Ansaitsematonta,106
Sisällissotia,106
Kivoihin,106
Systeemeitä,106
Penkeillä,106
Vajaasta,106
Jarruttavat,106
Palapeli,106
Kannettavaa,106
Latuja,106
Löyhää,106
Sipiläkin,106
Jassm,106
Mukavammat,106
Luvuksi,106
Liberaalimpaa,106
Pelimerkit,106
Rapeita,106
Päivärahalla,106
Kattellu,106
Hitauden,106
Työkavereilta,106
Perseilyllä,106
Kiristykseen,106
Uskovaista,106
Politiikaksi,106
Muuttuvaan,106
Piilosta,106
Oville,106
Iskuilla,106
Kelvotonta,106
Tottelevat,106
Väläyttää,106
Approves,106
Sikin,106
Kaappeihin,106
Keksityillä,106
Hihnaa,106
Vaalityötä,106
Kuunneltaisiin,106
Huomioitiin,106
Tarvitsevalle,106
Lähisuhdeväkivaltaa,106
Kohuista,106
Mielenosoittajille,106
Takerru,106
Tyttäresi,106
Kännisiä,106
Ruumiissa,106
Halvimmista,106
Aseellisia,106
Googlettamisella,106
Kansallisuuteen,106
Kohtuullisilla,106
Jättiläisiä,106
Ruokkivaa,106
Alaikäiseen,106
Kerrointa,106
Kaliningradin,106
Realisoimaan,106
Ajoneuvoihin,106
Nappas,106
Vihervasemmistolaista,106
Aineistoja,106
Homofobian,106
Tuutin,106
Ylityksen,106
Matskut,106
Difficulty,106
Monimuotoista,106
Tilastollisesta,106
Allergian,106
Fyysiselle,106
Ottaisimme,106
Siisteydestä,106
Kannanotoista,106
Kompostiin,106
Mikrogrammaa,106
Polttaja,106
Vaisu,106
Umpi,106
Perustelematonta,106
Merkityksellisempää,106
Puolituntia,106
Puolivillainen,106
Strategiassa,106
Verbaalista,106
Annostusta,106
Skarppi,106
Kusetukset,106
Reasoning,106
Koskettelua,106
Komerossa,106
Uskontokunta,106
Sairaseläkkeellä,106
Monologia,106
700k,106
Valkoiselta,106
Kodittomana,106
Mannerheimia,106
Vaikuttimena,106
Tottumukset,106
Maailmoja,106
Loppukäyttäjän,106
Tehostamalla,106
Lokeja,106
Yhteiskuntajärjestelmän,106
Puhdistuu,106
Neuvoteltiin,106
Sensorin,106
Esivallan,106
Yltäkylläisyydessä,106
Työmatkoista,106
Sanomalehteä,106
Synttäreille,106
Sirpaleita,106
Ottelut,106
Kaikenkattava,106
Lupaavaa,106
Lapsiluvun,106
Pahoille,106
Jussilla,106
Tieteenalojen,106
Kirsikat,106
Järjesty,106
Käyttäytymismallit,106
Sosiaalidemokratiaa,106
Liikennevaloista,106
Kalalla,106
Taviksia,106
Eloton,106
Suurkuluttajia,106
Välineistä,106
Harkitsi,106
Pienempinä,106
Turvasta,106
Tukiverkosto,106
Ydinohjuksia,106
Loppusijoituspaikka,106
Ihossa,106
Vuodenaikaa,106
Silkan,106
Pahastunut,106
Perättömästä,106
Puruja,106
Detaljeja,106
Yhteydenpitoa,106
Immuunijärjestelmän,106
Preferences,106
Killings,106
Verenvuoto,106
Yllämainitun,106
Defensive,106
Senverta,106
Käyttämätöntä,106
Pyydettäisiin,106
Häviäjien,106
Konkreettisempi,106
Dorkaa,106
Huolehdit,106
Lahjoituksilla,106
Paistinpannulla,106
Tukiasemien,106
Actors,106
Novgorodin,106
Ajanhaaskausta,106
Enimäkseen,106
Professorilta,106
Ravintona,106
Kauppakeskuksiin,106
Tankataan,106
Maksullisissa,106
Taskulampun,106
Stressaaminen,106
Nuokaan,106
Tönäisy,106
Palatessaan,106
Epidemioita,106
Hyväntahtoisesti,106
Sivullisena,106
Mieleenpainuva,106
Keskussairaalaan,106
Sarkasmilla,106
Potilastiedot,106
Pikkulapsille,106
Kärjistettyjä,106
Rikostilastojen,106
Tilliä,106
Hirviön,106
Legitimate,106
Mustelma,106
Puolalla,106
Työkuorma,106
Pasianssia,106
Aakkosjärjestyksessä,106
Kaveriks,106
Nokkelasti,106
Rokotevastaisuutta,106
Kymmenennen,106
Taloushallinnon,106
Pelikenttä,106
Tienaisin,106
Guarantee,106
Downvoten,106
Throwing,106
Yksinvaltias,106
Vaihtoehtoisista,106
Pääministeripuolueen,106
Vahvempien,106
Upouusi,106
Monaco,106
Puhetyyli,106
Suvaitseminen,106
Koululaisen,106
Ruokahävikkiä,106
Kiellolla,106
Tapsa,106
Voitaisiinkin,106
Tokaa,106
Huoltovarmuuteen,106
Sivukulujen,106
Takseista,106
Adoptoi,106
Kolmoseen,106
Sähköisestä,106
Korkeakouluopiskelija,106
Itsemurhayksiössä,106
Viennissä,106
Romaneihin,106
Ämpärillinen,106
Homosexual,106
Vanhustenhoitoa,106
Elatusmaksujen,106
Tehää,106
Vaikeustaso,106
Telineet,106
Boostia,106
Isoo,106
Faktasi,106
Paavosta,106
Museoiden,106
Supisuomalainen,106
Lyömätön,106
Pidempiaikainen,106
Kommenttiketjun,106
Distributed,106
Monopolilla,106
Uskosi,106
Britannialle,106
Liikennevakuutuksen,106
Suositukseni,106
Uppoava,106
Julkaisijat,106
Pyyhittyä,106
Deittailun,106
Willen,106
Arlan,106
Oikeistolta,106
Yksitoista,106
Vanhentuminen,106
Lyhyehkö,106
Oppimisvaikeuksia,106
Roomalaisia,106
Käännösvirhe,106
Anybody,106
Varaava,106
Yhes,106
Salaliittojen,106
Governance,106
Humanistisilla,106
Varsinaiseksi,106
Taannoisen,106
Vältyt,106
Trainer,106
Siirtohinnat,106
Kuvataiteen,106
Palkkatuen,106
Asiakaspalvelijat,106
Assist,106
Kommunististen,106
Kymenlaaksossa,106
Pyöräilijöillä,106
Keisariksi,106
Dippainssi,106
Nukkuva,106
Juntin,106
Etelässäkin,106
