Viidenne,1
Melakoimaan,1
Sopimusfirmojen,1
Sivukaistoilla,1
Nimikkäilläkin,1
Deeveevee,1
Hesehen,1
Järjestysasetuksen,1
Rokotekieltäytyjistä,1
Märkäunelma,1
Hätälainsäädännön,1
Sukupolviryöstö,1
Kiinakrääsäähän,1
Tuoteturvallisuustaho,1
Kokonaismassalle,1
Maksimiriskillä,1
Viikkolanka,1
Käsinetila,1
Pikakirjauspalvelu,1
Jauhanee,1
Asiakasalennusta,1
Eedeeämmää,1
Bulkkihintoina,1
Saunaradio,1
Reputtivat,1
Perhetuttukuvioita,1
Kokousmikrofonina,1
Police_sharpshooter_at_ferguson_protests,1
Hh_polizeihauptmeister_mz,1
Kiekkomatsiin,1
Historiaas,1
Koputtaessaan,1
1ly1dra_pug,1
Bussirahtina,1
Virkemies,1
Haalistuneensiniset,1
Juksutetaan,1
Hiillostamasn,1
Metapaskalangan,1
Yhteislainan,1
Rauhallisiahan,1
Heidätn,1
Peittävemmän,1
Cd7d19fb,1
Pääharrastukseksi,1
Eläkkkeellä,1
Glitteripölyä,1
Pettämishopinä,1
Controlled_substances_act,1
Latinorouva,1
Villieläinotteen,1
Pyyhittävällä,1
Sinikauluksiin,1
Tarkoitusperiaatteita,1
Etädiagnosoitiin,1
Linjavalinnalta,1
Kokonaistavoitteista,1
Valittuhan,1
Sauhuttelut,1
Huoitaa,1
Viivytyksenä,1
Sukupuoliongelmaksi,1
Maanpuolustuskurssiksi,1
Valintakoetulosten,1
Federalistisena,1
Federaatiopuhe,1
Teleologisuuden,1
Kansallisajan,1
Hävittäjäinvestointi,1
Lukijakirjeisiin,1
Äänenkannattajalle,1
Kzqpijjdprq,1
Esgoust,1
Nrjthwyc7ai,1
Supranationaalinen,1
Sivarihakemuslomakkeen,1
Rbp2pxd,1
Homovitsiksi,1
Kierrosaluetta,1
Matemaattori,1
Eurolliset,1
Sijoituskasvusta,1
Avioissa,1
Vihaliemikuutioiden,1
Vihaliemen,1
Perässäroikkujaan,1
Ruttuperse,1
Eläkejärkestelmä,1
Korporaatiohärän,1
Rokotusoikeus,1
Lukuapit,1
Ennakointipykälän,1
Ammattimaisimmasta,1
Koettelemuksena,1
Haaramerkit,1
Linjassani,1
Varusmiestoverien,1
Lapsahtaa,1
Xuomi,1
Jantteteita,1
Kapteenillapa,1
Tyytymättämyytensä,1
Uimapuvuksi,1
Kumipäisiä,1
410vnfudlol,1
_ac_sy580_,1
Seurailikin,1
Äitikulta,1
Päänsilittelyillä,1
Metallikärjellä,1
Kumikärkisillä,1
Metallikärkisiä,1
Talouspainotteisena,1
Läppälapaset,1
Kryptokolikkohömpän,1
Kusipeltia,1
Iras,1
Recoilless,1
Allevivannut,1
Liikekeskuksella,1
Rynkkypoliiseihin,1
Matalasuhdateen,1
Yirttäny,1
Kaljapassin,1
Satapäiset,1
Eläkepennoset,1
Murtoosuuksia,1
Eläkesysteemii,1
Oljefondeniin,1
Kuolonkoppeja,1
Budjettiautoissakin,1
Kuntotestauksessa,1
Outtaamisella,1
Sovittelumusiikkia,1
Hoveraan,1
Skannaamiseksi,1
Panssarivaunikomppaniassa,1
Parisuhdekokemattomana,1
Postimyyntinainen,1
Möykkäämiset,1
Taloyhtilön,1
Itsännöitsijäkin,1
Viipaleensa,1
Myökkääminen,1
Osakkuuksissamme,1
Kelvottomammat,1
Äärivasemmistoideolofiset,1
Enemmistöpäätökselle,1
Liittovaltiovelkaa,1
Palauttamasaa,1
Yyberii,1
Jangoo,1
Bannaatko,1
Omikronikin,1
Yömöykkääjien,1
Maailmankulmassa,1
Työjälkeään,1
Pääministerininä,1
Hallituskriiseja,1
Juutuubilta,1
Hypeaalto,1
Klikkilypsy,1
Paniikkihousuunpaskantajat,1
Kangaspalastavapaustaistelijat,1
Syvänverkon,1
Backlashista,1
Grillivideon,1
Analprolapse,1
Jumputuksista,1
Alaäänitetyksi,1
Todellisuudssa,1
Eläkesijoituksesi,1
Luetunymmärtämisvaikeuksia,1
Avirakaan,1
Virustorunta,1
Kirjoituksestanne,1
Extenaionia,1
Promodsilla,1
Cashatkaa,1
Täyssurkeisiin,1
Ohareitakin,1
Petrokemiaan,1
Kietoutuvista,1
Sysihuonoista,1
Kuivapainoa,1
Heppasissa,1
Kiihdyttäjiltä,1
Köröttelijämummuilta,1
P1po7ml6b6h31,1
3947068e6a7643faa4831ca9b6593048f6526191,1
8aa45632,1
D6b9,1
Bde4,1
67da4fe921e6,1
Päivänpoliitikolta,1
Runnomille,1
Simulatorisi,1
Liikennepuistolla,1
Rkf0wbn,1
Etunojia,1
Kolattavan,1
Mnghjru8eks,1
Vaunukokemus,1
Naississiradisti,1
Miesalokkaista,1
Miesalokkaita,1
Montenegrot,1
Pikkunäpertelyksi,1
Kokousjämät,1
Teiniduunien,1
Pioneeriruk,1
Suojelupioneereja,1
Seinälaatan,1
Laastipuolelle,1
Ajanvarausjonoa,1
Väestönvähentäminen,1
Lamminvuoriset,1
Kosketusnaytt,1
Naistäydemmiksi,1
Talonrakentajaa,1
Tahtooooo,1
Hmikzai,1
Ybjotdzbx1g,1
Ze_pzwkwc0e,1
Alspeukut,1
Ansiomahdollisuuksien,1
Suoriutumiseksi,1
Toteuttamissuunnitelmaan,1
Lähiomaisiani,1
Tasaantuneesta,1
Telaremontti,1
Sivupanssarilevyjä,1
Isommastikin,1
6b7c2f0e,1
11a1,1
6ac912181fd8,1
R4cy0x,1
Auton_kanssa_ongelmia_neuvoja,1
Rikollisuuskestustelusta,1
Taloustietelilijä,1
Jäsenkriteereitä,1
111hv,1
Liittyttäessä,1
3tn,1
Alapeukutuksiin,1
Kranaatinheitinkomppanankassa,1
Yleiskunnostasi,1
Moottor,1
Umpiviivan,1
Riistopaskavuokrafirmoihin,1
Metelöinnille,1
Kierrätyksessäkin,1
Kierrätyskerran,1
Rewindit,1
Koronobottiin,1
Demokratisoiduttuaan,1
Lainakriittiset,1
Lainaelvyttämiseen,1
Karttalaajennukset,1
Simputusmentaliteettia,1
Ällitällien,1
Telaremppa,1
Rttbs,1
Promodsille,1
Edelleenkös,1
Kävijäreskiterit,1
Pyyhtiään,1
Megalankaakin,1
Investigativejournalismforeu,1
Petoksentorjuntavirastosta,1
Auditoinnista,1
Tankkauspäiväkirjasta,1
Serbuan,1
Ihmissuhteena,1
Koronarajoituksetkaan,1
R4zyld,1
Professorilta_kovia_sanoja_wokea_ja_rokotteesta,1
Dobrodetelevin,1
Rokotemyönteisen,1
Kausisairastamista,1
Keuhkorakkuloitakin,1
Peruskoulubilsasta,1
Paineaalloille,1
Hormonivalmistetta,1
Populaatiokoossa,1
Dislikeiltä,1
Korporaatiopuolelta,1
Savikiekkoammuntaa,1
Paskavuokrafirmojen,1
Patterittii,1
Vastutuskykyisempiä,1
Seitsenkymppisiksi,1
Epätykkäykset,1
Aineistokoo,1
Lisääntyneesti,1
Rokotteessakin,1
Toleranssimme,1
Lääkehaitoille,1
Juridiikkakin,1
Hyssyttelisi,1
Aattelinettä,1
Versieristyksissä,1
Kyyneleetkin,1
Hmkfndz,1
Suurvaltalaisiin,1
Olkapääkipua,1
Bhrsoxgossk,1
Arveluttavistakin,1
Ympäristövaikuttaja,1
Kelailemassa,1
Tykättykään,1
Syyllistyskulttuuri,1
Rikollisvankejakin,1
Joutumattomilla,1
Buffapaikat,1
Jälkkäripöytä,1
Heidänparishuteensa,1
Dijoubitiin,1
Myyntiuvasta,1
Menestyjämaiden,1
Nykymenettelyllä,1
Oppimissignaalia,1
Rokotemyönteisestä,1
Mainosvideoilla,1
Boulevardilla,1
Piikkikammoaan,1
Minimityötulon,1
Työkyvyttömyystuist,1
Sveitsil,1
Välttääkseeni,1
Meemijakso,1
Jarruttamisskenaario,1
Kiihdytysvaran,1
Äänsestämättä,1
Kontennti,1
Agregaattorille,1
Perusterveellekkin,1
Kyrpähyrrä,1
Johtajatuvassa,1
Tunkkastaa,1
Smsc,1
Sendroutinginfo,1
Forshortmessage,1
Rullu,1
Vastaankaa,1
Äkikseltää,1
Viskaamaa,1
Evästettynä,1
Riverdancen,1
Raiskaamistuomion,1
Terveysturvallisuusohjeita,1
Kundiakin,1
Arkkitehdeistähän,1
Nettiöyhö,1
Tunkkasemaan,1
Väestönväheneminen,1
Vakavammitkaan,1
Terveystilanteesta,1
Miljoonoa,1
Tuhopolttomellakoita,1
Nenäsumutteeesta,1
Muistkaakseni,1
Rdcsbzf1_ng,1
Taksivalinnalla,1
Vastamelulaite,1
Koronapassikiimaa,1
Mutkaankin,1
Distruptiivista,1
Yhdistäytyminen,1
Yläpeukkukin,1
Patrioottitaisteluna,1
Rekkapelit,1
Yläpeukkuikoni,1
Leluteollisuus,1
Strategiaklikkeri,1
Expous,1
Spoofaamisessa,1
Testarin,1
Spostipalvelut,1
Spostispoofaajia,1
Reeneissäki,1
Mikropitsoilla,1
Netfliksillä,1
Yrittäjyyshenkisyydestä,1
Palkkasuhteisessa,1
Täyskaasuasennon,1
Ääninauhurinkin,1
Ilmoittavista,1
Sirenhead,1
Royalee,1
Kouluikäsistä,1
Korealaissarjan,1
Koromataudille,1
Ddossas,1
Etäseurattavaa,1
Ääninauhuria,1
Kantamallani,1
Vetoketjueffektillä,1
Goarmya,1
Hankintakejtu,1
Jakeluhimmeliä,1
Huumepostitoimisto,1
Koheltajista,1
Lumijumista,1
Vinssejä,1
Katuarvoltaan,1
Verotusaspekteilla,1
Eläkesäästötileistä,1
Lightpeopletwitter,1
Natsisetä,1
Negatuloksella,1
Joissaim,1
Hihhuliosastosta,1
Käskynantoa,1
Keikkametsureiksi,1
Vesakonraivausta,1
Savottahommia,1
Ovenkahvohja,1
Keskistelukumppani,1
Holokaustivertauksissa,1
Vastauskortissa,1
Millenniaalilla,1
Piirimestaruuskilpailuissa,1
Ennakointivelvollisuudestakin,1
Tatskoineen,1
Kävijärekisterien,1
Lakidokumenttiin,1
Loyrrebuedq,1
Jälkässä,1
Työllistämiskustannus,1
Nippase,1
Työnhakupalstalta,1
Fetissitapaus,1
Sadpiano,1
Liimansyöjiä,1
Kaupunginrakentelupeli,1
Identiteettipolitiikkaako,1
Alustataloudelle,1
Zitp93pqtdq,1
Rokotuskiistassa,1
Timurista,1
Raitiovaunukaistalla,1
9000ekk,1
Andrelle,1
Bisseiltaa,1
Piridiileristä,1
Logistiikko,1
Perehdytysmateriaaliaan,1
Bcrger_movement,1
Illegitimeetti,1
Rikkoovat,1
Paskavalehtelija,1
Muutamasaa,1
Julkisuudenhahmoista,1
Sovciteillä,1
Tilapäisenkin,1
Kesälaadun,1
Natanael,1
Metelinen,1
Vesieristyksien,1
Eläkeaikaasi,1
Yksilöllisyysargumentti,1
Työuramalli,1
Pikkukäyttäjät,1
Kirjanpidonhan,1
Toimeentulotukikirjeen,1
Puoliskoki,1
Suomireggaeta,1
Ratsatuksi,1
Checkeja,1
Boomeribookissakin,1
Painottamattomalla,1
Macguineas,1
Underperformance,1
Sähkötarvikeliike,1
3900eur,1
Hyperpolarisaatio,1
Holokausteista,1
Skannaajalta,1
Holokaustismia,1
Rokotusvastasuutta,1
Pakettiautojakin,1
Hevosvoimaisena,1
Muusiperunat,1
Pilailupäivä,1
Käryyttäminen,1
Ruutukaapauksia,1
Koodeistaan,1
Hevosvoimaiseen,1
Purkaamo,1
Julkishallintoja,1
Tekohengittävän,1
Lisäetuihin,1
Varianttiiin,1
Kazakshtanissa,1
Turvavyönpaikkaan,1
Pässimäisellä,1
Leivänpalasella,1
Ubermenschen,1
Gileadiksi,1
Plkdgwccrjay7eu973_kb_6apnu1oubgxh,1
Nqpiqiindts,1
Aluerajapäätöksiä,1
Byrokratianpyörityksen,1
Päätöksentekoalue,1
Nysvättävät,1
Elinkeinoelemässä,1
Foxla,1
Uuniperunoissa,1
Mainoshelvettipelejä,1
Piiloittamisesta,1
Käyrällähän,1
Alkoholisoituvatko,1
Kaksiulotteisolla,1
Informoimatonta,1
Twittervuorovaikutus,1
Natsilampaat,1
Birkenauhun,1
Seikkaikemaan,1
Nordinhan,1
Nettikurssinsa,1
Sovcitit,1
Muusiperunoita,1
Vakavamielisyys,1
Asutuskeskuset,1
Ultamola,1
Lafferien,1
Alkolihuurisen,1
Brunssiin,1
Nettiosaaminen,1
Estokeinojakin,1
Kolaroivissa,1
Lääkkekorvausten,1
Kompensaatiotuen,1
Tupailloista,1
Natsimeemihassuttelun,1
Käyttövaatimuksista,1
Koronakoodilukija,1
Alotteisuuden,1
Ammattikouluhun,1
Maataloista,1
Keskiviroon,1
Vaihtoehtolääketiedeoperaatiossa,1
Vaikuttamismahdollisuuttaan,1
Kiillostusta,1
Googlelaisiin,1
Porhothan,1
Pöhinämiehet,1
Distruptoimaan,1
Pubivisassakin,1
Ryyppykavereihin,1
Tähtikatu,1
Autokoulutodistus,1
Ihmishenkea,1
Onnistusivatkin,1
Rokottautumaksi,1
Pikkutöpäilyjenkin,1
Wakefieldille,1
Jälkilauseessa,1
Passivastaiset,1
Mutmutmutmut,1
History_and_profile,1
Meemiaiheen,1
Savolaisaatelisnimiin,1
Epäsuhdanteiset,1
Mainosystävällistä,1
Lohkoperunoissahan,1
Kuorenpalaset,1
Kuorittaessa,1
Perunaliisteriin,1
Kotiseuroja,1
Tullihuijaus,1
Peltipakosarja,1
Kakegurui,1
Usogui,1
Akagi,1
Kisaohjelmina,1
The_genius_,1
Great_escape_,1
South_korean_tv_series,1
Yltiöväkivaltaisesta,1
Pentupaikalla,1
Enxvgrfzqnm,1
Mustekalapelistäkin,1
Liittoilemaan,1
Väestönvähenemiseen,1
Muailmalle,1
A_finnish_maxim_m,1
32_machine_gun_nest_during_the_winter_war,1
Vahvituslinkkiä,1
Larsmon,1
1sv_qevj3od0szgvhnb7yywa,1
Ogrishit,1
Tölvistellään,1
Taistelukypärän,1
Hupipassi,1
Fanatik,1
7h0fqhcwlcnjbw4,1
A1mwz2iilws,1
1100x0,1
Ah3,1
Todennäköisesyydet,1
Alanuolittaminen,1
Pariutumistrendejä,1
Demografiallehan,1
Hallitussopujen,1
Immuniteetissani,1
Deittisivun,1
Kulkutautirajoitukset,1
Dfn,1
Riskiyhtälöä,1
Nykypolvella,1
Hiilekkäämpää,1
Vähähiilisyyden,1
Kuorimattomista,1
Maankäyttölupiaan,1
Viranomaistodistuksia,1
Sokas,1
Hehkuttamaalla,1
Kahvitaukonsa,1
Kansanrunollisia,1
Hävikkitalkoisiin,1
Valtakunnalisen,1
Liittovaltiokeskus,1
5co2uv8mizbakq32w9ajre,1
9152495422584db6,1
Vaalijärjestelmällähän,1
Perusmekanismejahan,1
Pelastushenkilöitä,1
Teknareita,1
Rokottautuneista,1
Huumepostiljonnet,1
Qckkfsn,1
Uusliberaalisiiven,1
Inuiittikyliä,1
Asukkaillensa,1
Battilanan,1
Keskisormiemoji,1
Säännössäkin,1
Klikkausbaittiin,1
Informaatiokatveen,1
Hippikommuunin,1
Imgflipistä,1
5w1nbm,1
Säkkinä,1
Uudisnimien,1
Eränkävijäinsinöörejä,1
Telakkasomevastaavia,1
Oileutan,1
Hammastahnatuubi,1
Pohjalaismamman,1
Sisäänkelaavat,1
Aluejaolle,1
Untamolan,1
Untamolaan,1
Seurustelukultuuri,1
Yhtäpitävyys,1
Meemiteorioiden,1
Kuvitusessa,1
Päävientituotteesta,1
Mineraalejakin,1
Uikuttaisivat,1
Porokeisareille,1
Googlaamasi,1
Bktsen,1
Seksuaalitauteihin,1
Iwk2we5,1
Tarustostamme,1
Loukkaantuman,1
_maria,1
_nordin,1
Koronapassi_vs_maria_nordin,1
Nötkötiksi,1
Nokkakolaroidessa,1
Turvavyöttömällä,1
Vyöllisellä,1
Puuteollisuuskaupungista,1
Casinoistaan,1
Velkaantuneelle,1
Leste,1
Kaivoprojekteihin,1
Lotrilta,1
Kännäämiskohtaus,1
Kökköydellä,1
Snowrunnerista,1
Täysimielisen,1
Teekuppikunta,1
Puoluekunta,1
Muunnoskoulutuksen,1
Valtionosuukset,1
Valtionosuusmalliin,1
Onlkizl,1
Kuvitteelisille,1
Talosivua,1
Hintsas,1
Rutiinitoiminnasta,1
Positiivisuusbotteja,1
Taikauskoillaan,1
Uutuudestakin,1
Sosiaalivakuutuksella,1
Naittamiset,1
Koronahysteerikko,1
Kesäperunoiden,1
Talviperunoiden,1
Uskonharppaus,1
Palanneissa,1
Lisäsuojauksen,1
Könttäverolla,1
Vakuutusmaksulla,1
Keräysohjelma,1
Työehtosopimusmalleista,1
Latitude25,1
Kokonaisveroasteessahan,1
Perunassahan,1
Ruuissani,1
Matolääkkeelle,1
Lestadiolaistodellisuuteensa,1
Vältelttävissä,1
Perässänne,1
Koheltamiset,1
Perustulotalibaanien,1
2x9w8eu,1
Autohörhöjen,1
Eduatamiani,1
Olliukkojen,1
Ennätyshintaa,1
Liikevoittoennätyksiä,1
Uunipottu,1
Kohelluskomedia,1
Fanittelemassa,1
Selvistely,1
Perunankuorijoiden,1
Riskiarviointisi,1
Hehkunutki,1
Sähkörullalla,1
Ylinäytteleviä,1
Turvalaitevarustelu,1
Ituhippihipstereiden,1
Kirkkolakiasia,1
Poissaloloillaan,1
Hyväksikäyttölangoista,1
Aslym,1
Tympiiko,1
Tuulilasipeite,1
Jäänpoistajia,1
Lahdest,1
Sulattamis,1
Lib_clicks,1
Link_,1
Väestökehityksensä,1
Diipsteitti,1
Hevoversiota,1
Antiviraaliksi,1
Tenchut,1
Bandicoottien,1
Deittikultturissa,1
Mindcotrollia,1
Laiksihan,1
Jatkouutisessa,1
Talkkarikokelas,1
Heilauttivat,1
Kitkaenergiaa,1
Autotarvikekaupassa,1
Hellraiserit,1
Skrabataan,1
Uritetulla,1
Loskaset,1
Kuiviks,1
Yhtämittasta,1
4hglftgx1lyaaaam,1
Kirkollishallitusta,1
Videoversiohan,1
Pentuporukoissa,1
_wouu,1
Uuu_,1
Psyykenkehitykseen,1
Kiehtovine,1
Edgyhköt,1
Hevosläkkeeksi,1
_sigh_,1
E2016976118,1
Skrabailla,1
Onkivavalla,1
Hovituomiossa,1
Analysoity,1
Ravintolavaunuihin,1
Kotiintilatun,1
Kansalaisyhteiskuntana,1
Todellisuuskäsityksissä,1
Täsmällisia,1
Luottamuslistalla,1
Avausviestit,1
Pikkuniksit,1
Unohtaenkin,1
Viivästymisille,1
Tietosuojatoiminta,1
Vihertävissä,1
Solaniiksi,1
Tomatiiniksi,1
Suolistokipua,1
Glykoalkaloidipitoisuus,1
Glykoalkaloidipitoisuutta,1
Aisoilla,1
Vakavaoireiseksi,1
Dvdinä,1
Työssäkoulutus,1
Neljäosaisen,1
Systeemitasoisia,1
Hiilinielulaskelmaan,1
Suovarastoja,1
Nielulaskemissa,1
Bcfa2162,1
Ea1b,1
6b9c9a601970,1
Turvetuotantosoiden,1
Ennallistaminenkin,1
Nykypäästöoikeuksien,1
Hiilirahaston,1
Laskentasäännöissä,1
Ruohikkoalueet,1
Raaputinta,1
Hirviprikaatien,1
Machoudessaan,1
Hoopola,1
Tramadoleista,1
Concertoistaan,1
Teslaryhmässä,1
Cxn64jp,1
Ylikuorimuttumisella,1
Madagascarille,1
Arkkujaan,1
Rumassakin,1
Välittäjältämme,1
Taloyhtiöpaperit,1
Lepolaatikoita,1
Kauppakeskukses,1
Hintakeskusteluyhteys,1
Läbyrinteissä,1
Puupyssyillä,1
Metkuiltaan,1
Omituisellekin,1
Foxcjrf8nqk,1
Austaralian,1
Hallituspuoluee,1
Kehyksettömän,1
Länsiteknologiasta,1
Kuoriakseni,1
Untamolaisia,1
Victoriaforster,1
Matheel,1
Vaneeriarkku,1
Tammiarkusta,1
Masennusmielin,1
Kirkonviroissa,1
Pihoo,1
Raiskatakko,1
Vessanoviksi,1
Ulkonäköpotentiaalia,1
Kuukausiliksoja,1
Haukkututka,1
Desibelitason,1
Riskintotostaan,1
Suurjänniteverkkoa,1
Kuorikaa,1
Alice_in_borderland_,1
Muumimukikokoelmalla,1
Torsokin,1
Klamydiaakaan,1
Kuiskuttelisi,1
Miskää,1
Tehtailluila,1
Feikkilääkkeillä,1
Imobile2,1
Jäänpoistospray,1
Ymärretään,1
22tuhannella,1
Ruokarahana,1
Aineyliherkkyyksiä,1
Sitähån,1
Saikkulapusta,1
Kortisonikuurin,1
Ilveilylle,1
Työsopimusympäristöstä,1
Kepluilla,1
Musastriimauspalveluissa,1
Relelämmön,1
Mostkarin,1
Väsyneiks,1
Illallistamisesta,1
Sainkoin,1
Tsiljoonalle,1
Sisälämpötilaks,1
Tykkäyssuhde,1
Omenajumala,1
Reggaeen,1
Rakennettaja,1
Sananvapautesta,1
Perustuslakimuunnos,1
Cledoksien,1
Rupubiitteihin,1
Maallistuttu,1
Peruskouluduunit,1
Kevytyrittämisparatiisiin,1
Blockimalla,1
Alaäänestetyistä,1
Maapurin,1
Yksikertaistetaan,1
Sekamelkska,1
Mediatalpt,1
Leikkaillen,1
Väsyneiksi,1
Idiotisimia,1
Puolipeitteen,1
Skraappaamisen,1
Skraappaamiselta,1
3x5min,1
Heatherin,1
Peruskuorintavoiteella,1
Karvanajeluvaahto,1
Suihkustatulorutiiniasi,1
Kynsienhoidon,1
Peruspatterista,1
Älypatterin,1
0kqdhfycel8,1
Snaoin,1
Harkkahaastatteluissa,1
Kuntouttavuus,1
Komeroituneille,1
Alkuperäishinnoista,1
Bastardsin,1
Yksikertaistetuista,1
Edistämäsi,1
Satumaasta,1
Koronalangoilla,1
Televisiohärpättimet,1
Kilpailijaksesi,1
Hiilivoimastahan,1
Applikaatiopohjaisen,1
Tuntisahko,1
Ramokselle,1
Vapaaehtostyötä,1
Kuluttajahibta,1
Vastaanottamalle,1
Skraapata,1
Detransistoroitunut,1
Ennneku,1
Ajattelujumpalla,1
Yritysjuttuja,1
Elinkaarituloiltaan,1
Muumitalomukistani,1
Pahvikaton,1
Kvanttikestävä,1
Elgamal,1
Kattilaaa,1
_molotov,1
Eksoottisimmasta,1
Natsivertauksista,1
Aivotutkimukselle,1
Chiapudding,1
Mangomelbaa,1
Powau,1
Chiavanukas,1
Parantuminenn,1
Kannattelusta,1
Vakuutuksenomaisia,1
Sähkövakuutusta,1
Ilmoittautuvissa,1
Työmmekin,1
Fiilisti,1
Endorfiiniaktiivisuuden,1
_passista,1
Vuokraukkelina,1
Nostovaljaat,1
Pianoille,1
Kiristekalvot,1
Sidontaliinat,1
Kalustehommissa,1
Kusiseks,1
Öljysuojamaksut,1
Öljysuojamaksuja,1
Painajaisajatus,1
Liittosopimus,1
Edistyimme,1
Valmistumispäivänään,1
Vilpoisessa,1
Fastinen,1
Virtaankosken,1
Oikeankokoisen,1
Luntsille,1
Tasankohypoteesia,1
Julkimoltakin,1
Retweettaillaan,1
Rajoitusvastaiset,1
Icecoldblob,1
Nistitalossa,1
Musapiirejä,1
Tuulettumet,1
Q3dvbm6pias,1
Asomaksut,1
Lasinpesunnestettä,1
Nokkamiehillä,1
Lähtöliksaa,1
Sadekamoja,1
Rakennushaalauksissa,1
Työsuojaimet,1
Rekrypalkkioilla,1
Pystysiirtojen,1
Lempimuki,1
Tavastica,1
Neoterra,1
Labbica,1
Kuuakuteen,1
Sairaanhoitajapariskuntaa,1
Satukirjakamaa,1
Flairissas,1
Fazilja,1
Patentittomalla,1
Lainaushomman,1
Totuudrnmukaisesti,1
Asemantaustan,1
Länsiharjun,1
Vinkkaamasta,1
Picardo,1
Porrastusten,1
Häpykarvoitustaan,1
Häpykarvoillahan,1
Sukellusvaihdetta,1
Kayttoaste,1
4a70c0bd,1
Dc01,1
Bd4a,1
83065fb41478,1
Metallikalvo,1
Keskimääreisesti,1
Sateenkaarivastaisuudessa,1
Avaruusteleskoopeista,1
Aluevaihdoksia,1
Arbat,1
Knigi,1
Rammifikaatio,1
Federaatiot,1
Bisnespäättäjät,1
Silittäminenkään,1
Työnantajajäjestö,1
Laivafirma,1
Palatsivideonkin,1
Dlk00718,1
Lohkeiskohan,1
Yhdenvertaisuusrikkomus,1
Meluilmoitusta,1
Minikantonista,1
Pöyristyksenne,1
Aluevaatimuksen,1
Allyna,1
Pöyristyitte,1
Saivarteluitta,1
Epäkeskusteluun,1
30000kwh,1
Tällerää,1
Naapuriyksiössä,1
Lasukeissiähän,1
Kaulakiikkuakaan,1
Arkkupajalla,1
Puistokaupunginosassa,1
Installoitua,1
Supliikkiudesta,1
Selvälti,1
Rustiikkimuusiksi,1
Karkeampitekoista,1
Puikulamuusiin,1
Kokonaisverojen,1
Inflaatiomittarista,1
Arvioisinko,1
Superchargereille,1
Noinpas,1
Yhdistymisvapauksia,1
Uusintamatsiin,1
Osossa,1
Kekustassa,1
Jäähdytyslaitteisto,1
Rihkamamukit,1
Satakuntahan,1
Huovis,1
Jaaraappa,1
Tortuistakin,1
Kvanttimustanaukon,1
Rämemajavasi,1
Nauhoin,1
Synttärilahjaarahaa,1
Koronatartunnatkaan,1
Komedialähetys,1
Peilikuvaanikaan,1
Reunakrysanteemit,1
Aidonoloisissa,1
Käyttömukit,1
Oletusasetelma,1
Kuulustelijoitakaan,1
Epälyttäväksi,1
Bännienkiertäjä,1
Totuusmasinana,1
Palstanselaajalle,1
Pölkkypäisyyttä,1
Viisumikampanjaa,1
Palkittut,1
Nahisteltiin,1
Kannabisveloista,1
Ennakkoasetelmastakin,1
Balttaissa,1
Sotaaedeltävästä,1
Toimeentulokurimukseen,1
Teinibisnesmies,1
Laukaisuohjelmistossa,1
Lainanhyvityksen,1
Vensku,1
Helvettinään,1
Henkivartijoiltaan,1
Rajakahakoitsijoita,1
Suodatinkahvikahvi,1
Liittouduin,1
Tyypilli,1
Pälkähtävä,1
Hunajaisilla,1
Koodinne,1
Westfold,1
Jäntevästi,1
Sairaalahoitokulut,1
Rappunaapurit,1
Ilmastonmuutoksenvastaiselle,1
Kitsastelin,1
Lunts,1
Läpivalaisemia,1
Kastehelmiä,1
Kovivun,1
Torilli,1
Soihtumarsseja,1
Ryssälovereiden,1
Nykyipanat,1
Kvanttitietokonearkkitehtuuria,1
Kvanttitietokonetutkimuksen,1
Pedepoika,1
Olima,1
Baariseurueelle,1
Koksunousut,1
Sivutilin,1
Kipulääkehistorian,1
Cocktailissakaan,1
Rakennettuille,1
Verkkoyhteyksille,1
Kihvelitempuilla,1
Kuulavodka,1
Tmtt,1
Karkkivihollinen,1
Äidinkielentyössäni,1
Konamakrade,1
Woketyyppiä,1
Jyräisikään,1
Eläintuottajan,1
Pistääki,1
Bonusmateriaali,1
Aluelaajentumispyrkimyksensä,1
Ihmisfarmeissa,1
Kuuraantumislämpötilan,1
Lumoasunnossa,1
Empatiaperskännit,1
Slayerkaraoken,1
Bonusmateriaalissa,1
Piirreltyjen,1
Aluejakolinjojen,1
Sutkisti,1
Aluekiistoistahan,1
Blenderöinti,1
Jeesusmessut,1
Kansalaisvelvollisuuttaamme,1
Isänmaattomilla,1
Laitostui,1
Vastapainevoimaloihin,1
Sähköverossa,1
Kungsilla,1
Ylivedot,1
Siivoustuotteet,1
Harjotusryhmät,1
Huumevälittäjästä,1
Promotoivaan,1
Kuristuttaa,1
Köythät,1
Hurahtaneetkin,1
Tietämäöttömyyttään,1
Valkohallituksen,1
Puolisokokelaita,1
Pauhanneiden,1
Valtaammepa,1
Rokotekokemuksia,1
Alustoinut,1
Pm8rt5dwgsw,1
Joukkokeskustelua,1
Kahviporukoihin,1
Tosimenijöiden,1
Johateltavissa,1
Rokotepakote,1
Laskumenetelmillä,1
Peliasennot,1
Ompelukerhoryhmä,1
Keskustelusääntöjenkin,1
Disinformaatioryöppy,1
Kissaenergialla,1
Ikiopiskelijasta,1
Tartuttamistilaisuuksia,1
252f9d32w2,1
Koronakuolematilastoinnissa,1
Itseraportoiduista,1
Välltytty,1
Huutonautut,1
Rokottautunutta,1
Rokottautuneisuutta,1
Seuraussuhdeta,1
Uhrikuvia,1
Tunniatin,1
Nauruääneni,1
Woltkuskia,1
Haittailmoitusluvut,1
Haittailmoituslukemat,1
Bannienjälkeinen,1
Kissavoimala,1
Maininnanarvoisesti,1
Koronanrokotuksen,1
List_xl,1
C98f41e011cd30c8ae079031dc6dd30b,1
Lpuuispc,1
Disinformatiiviset,1
Ivekmektiini,1
Metodillisesti,1
Bannineet,1
Häätävä,1
Tiedeyhteisönsä,1
Irritaabeli,1
Facepoota,1
Tukihenkilökunnalle,1
Koronavirusrokotteista,1
Qubitillä,1
Työturvallisuusrike,1
Suurimissta,1
Sanamagian,1
Cb275b58,1
79af,1
004854d55fba,1
Ruokamyrkytyshoureisiin,1
Hyökätessänne,1
Liittolaisianne,1
Neuvostoliitonhyökkäystä,1
Kaikkeinprimitiivisintä,1
Pöytäetikettiä,1
Ihmiskulttuuriin,1
Katsellemalla,1
Ilmastoimattoman,1
Nivustaipeideni,1
Häätöyrityksiä,1
Luonnonoikuilla,1
Pilseriä,1
Selkäkeikkanaurua,1
Kiertelimme,1
Naurajalle,1
Torjuntatehokkuus,1
Kytkeny,1
Sydänsairausriskit,1
Lipsyncanneet,1
Callouttaamista,1
Vasemmistoautöritäärien,1
Etätulkkiin,1
Jenkkitiedusteluelimien,1
Jenkkitiedusteluharrastaa,1
Massakeräystä,1
Massaprofilointia,1
Jenkitiedusteluelimillä,1
Ilmiantokanavaan,1
Mailamake,1
Vuutituupi,1
Kinkkkupaketti,1
Tehostettaisiinko,1
Fragilebrownactivist,1
Vaccinatedin,1
Kirvellee,1
80ies,1
Lähijohtajat,1
Kehittäjääkin,1
Valvontaelinkin,1
Genzedon,1
Sairaalakiinteostöt,1
Kehujasi,1
Kaasuvalaista,1
Keskittymiskaarella,1
Rokotetuimmissa,1
Kopioideen,1
Ammattikouluajoiltaan,1
Raksapojat,1
Tulkkaustilauksista,1
Asiointitilanteissa,1
Tulkkausfirmoja,1
Provikkahomma,1
Tulkkaustilaus,1
Päivystettävästä,1
Venähtelee,1
Viittomakielikään,1
Hätäviesti,1
Karmakoomas,1
Mainoskampanjoitakin,1
Päiväkävelyasuihin,1
Pyörälähettinä,1
Henkilöllisyytodistus,1
We6mnpmztoq,1
Stromectol,1
Rikastujia,1
Lopetustuomion,1
Aamuradiot,1
Nadjaa,1
Kertalaakirokote,1
Jaajopaskaa,1
Iltapäiväohjelma,1
Tyhjännaurua,1
Ymmärtävani,1
Tahattomissa,1
Ikisinkuissa,1
Käyttövastikkeet,1
Täydennyspiikkiä,1
Urheiluradiota,1
Harhauttama,1
Juustohöyläyksen,1
Sisäpistokkeemla,1
Sisätilafööni,1
Binar,1
Nigeria_trovafloxacin_lawsuit,1
Helvetinkovaa,1
Rahkolle,1
Luuloakin,1
Dudun,1
Perusvuodeosastolla,1
Investointihousuja,1
Liikennepuiston,1
Nettiturva,1
Aamumyslissä,1
Paakkumaitoon,1
Nenämääräisellä,1
Tienaaamaan,1
Owwaan,1
Häwitty,1
Sähkölaskuihisi,1
Karhukoirakaan,1
Kuorioiden,1
Kuorimattajättävät,1
Perunanvarren,1
Muonitusreissu,1
Maistuivatkin,1
Säätöteknisestä,1
Festaritason,1
Jogurttituotteet,1
Kelluvuustestillä,1
Perjaatteelle,1
Iltapäiväshowt,1
Kaupallisradiosontaa,1
Invalidisoitumaan,1
Webbiredditillähän,1
Mahdaakohan,1
Afkrikan,1
Pointlesslycolored,1
Panoäänestä,1
Työntekijäpulia,1
Nikkaroiduista,1
Moninpelia,1
Osallistumaanhan,1
Ruokarahaakaan,1
Tetanusta,1
Säälikorvaus,1
Tarkoits,1
Työeläkejärjestelmämmekin,1
Villiviruksiin,1
Boostereiksi,1
Vakityöpaikkojen,1
Saavitettu,1
Kohtaantaongelmaa,1
Cäncellöinniltä,1
Inflaatiotiedot,1
Hussissakin,1
Pandemiasulut,1
Valkopyykätään,1
Pandemiassahan,1
Tappiomeiningillä,1
Rokotekehityssysteemi,1
Kaasutilanne,1
Johdannaiselle,1
Kahvinkeittäjille,1
Käyttlökelpoisena,1
Kokkaripoliitikon,1
Kohtaantaongelmaan,1
Liiikkuvuus,1
Etseri,1
Työnomaisessa,1
Pörssipomoille,1
Printtipäivää,1
Rakettimatkalle,1
Läpättäen,1
Kesäorjiksi,1
Senvadta,1
Luisuukin,1
Saatama,1
Kuntouttajan,1
Nettopäästöttömyydestä,1
Tulokorjaamattomia,1
Vilahtamisesta,1
Myllypurolaista,1
Kännykkäkouluihin,1
Kännykkäkoulu,1
Kemiläisfaija,1
Piilomasentunut,1
Nihilistiporilainen,1
Pienvesivoiman,1
Ntuotannosta,1
Lisääntymisalueilleen,1
Palkkaavustuksella,1
Kallonmuotojakin,1
Piilopromoomiselt,1
Puhuvistakaan,1
Europeans_fi,1
Tilienne,1
Aiheutuvis,1
Mukanakaan,1
Kebabranska,1
Etemlwdxeakwhyk,1
Sivuoireestani,1
Arkielämäkin,1
Säilytystavat,1
Lämpötilavaihteluthan,1
Vastadesinfioidussa,1
Introverttiäkin,1
Renkutuksista,1
Lobatuksi,1
Vastustuskyvylleen,1
Tehohen,1
Täyttäneitäkin,1
Sydänlihaskin,1
Canceloisivät,1
Aistinvaraiseen,1
Käyttöpäiviin,1
Aikojaankin,1
Hitsarinduunin,1
Aikataulutkaan,1
Kausilipuille,1
Pakastuksella,1
Autoasentajille,1
Yliopistotytyistä,1
Yipfnbz_wro,1
Kepappeja,1
Riemupuheta,1
Turvetouhuina,1
Rajakkihommathan,1
Uusnatsiporukoilla,1
Kusestetuiksi,1
Paapoko,1
Juustohöyläänsä,1
Virolasilla,1
Perustusoikeudellinen,1
Edesauttamuksella,1
Koulutusvastimukset,1
Muoviköynnöksiä,1
Vitutusmittarin,1
Megagame,1
Asentanalla,1
Plöm,1
Biodiversiteettivaikutukseen,1
Tuuliturbiineilla,1
Extrinsic,1
Demotivates,1
Juustovuoren,1
Koskettamuus,1
Jenkkityöläiset,1
Salamikuutioita,1
Etättöpäivä,1
Kaljakellunnankin,1
Chabla,1
_etunimeni_,1
Avohoitokonttorilla,1
Vakiokastikkeen,1
Arabikanava,1
Sokeutuneisiin,1
Reall,1
Farsiin,1
Urduun,1
Vietnamilaistaustaisia,1
Karelianlihajaloste,1
Kylmäkalusteet,1
Ribbentroppia,1
Peugeoteja,1
Molotovhan,1
Toyotaksikin,1
Rähäkkään,1
Vaikutuksenalaiset,1
Historiantutkimukset,1
Metsätalousmalleista,1
Etuoikeutettujakin,1
Koekaniiksi,1
Drkbnfc,1
Eristemateriaalina,1
Kanakebabrulla,1
Ranskakebua,1
Yariksetkin,1
Trokailee,1
Viiksiveikkojen,1
Mössööntyneillä,1
Leipäkuutioilla,1
Massaviestimiä,1
Katukebua,1
Konekivääreineen,1
The_joulukalenteri,1
Tulevaisuustaito,1
Hinkuskä,1
Audenttinen,1
Historianutkimukset,1
Vahdollasta,1
Lounastaakseen,1
Pleperin,1
Pleper,1
Rukoillakseen,1
Showrunnereiden,1
Koronainflaatiosta,1
Välimerenmatkoilta,1
Ulkoväliseinään,1
Styroksiryynejä,1
X5bauz2riao,1
Leipäkuutiot,1
Kebupaikasta,1
Karmajunaa,1
Mannerveljiensä,1
Kahlitsemia,1
Tuttavuuspiirissä,1
Hämyihin,1
Peräpöydässä,1
Liikejuttua,1
Pukujäbä,1
Dedededetransitioituneita,1
Vuorottelevista,1
Uhrimittari,1
Ranskalaisrulla,1
Omnikroni,1
Kommunikointiväylät,1
Perusoikeusasiakirjasta,1
Paikkakunnannimipizza,1
Älynäpeltimissä,1
Erityistaidoksi,1
Lörpötellessä,1
Nanoilua,1
Harrastelijakriitikot,1
Peruskatsoja,1
Cishettiä,1
Halinut,1
Puhelinkameraa,1
Työmaakuteet,1
Tuotanno,1
L3wokc,1
Hts_toyota_with_zu232_technicals_in_idlib,1
Vessakyltti,1
Rentoutumispiste,1
Vöönerranska,1
Maksimikilometrikorvaus,1
Tulonhankkimismenoerä,1
Vähennettävässä,1
Pizzakebuloissa,1
Riskinottajatyyppiä,1
Kesätyörintamallakin,1
Irtisanoutumisaalto,1
Uhrikotitesti,1
Puhdasvalkea,1
Tälläisestakin,1
Nupeldassa,1
Päätehtävältä,1
Menokuuri,1
Kummisetääni,1
Lestissää,1
Yleisomistuksellisia,1
Tiedesupervalta,1
Pierukaasuun,1
Erikoisnäkkileipää,1
Suosikkisnägäriään,1
Sosiologithan,1
Xfddoqwcoay,1
Tulonhankkimisväennystä,1
Ikkunateippikuva,1
Testauskäytännön,1
Tiedottikin,1
Oireetomina,1
Vähäoireisine,1
Perusrokotussarjaan,1
Traumapotilaitakin,1
Penikseesi,1
Nykäsyjä,1
_c2430b213d,1
8695666206_c2430b213d_b,1
And9gctv0pfkmontn9t54lnn5hrolwcomc62kadeznabnv0xqjjntdthi7h0aflz,1
_vlk5ze5qkm,1
And9gctv0pfkmontn9t54lnn5hrolwcomc62kadeznabnv0xqjjntdthi7h0aflz_vlk5ze5qkm,1
Potilasmonitoriin,1
Monitoripasseja,1
Tuhlaantuva,1
Kaupungivaltuuston,1
Taimitarhathan,1
Pneumokokkikonjugaattirokote,1
Pcv10,1
Pcv13,1
Aivokalvotulehduksia,1
Käteisien,1
Talleettaa,1
Göränilta,1
Bothsideismista,1
Erityisestu,1
Umpipunaisella,1
Mättöraflasta,1
Tiuhemmaksi,1
Vakiokebabin,1
Paskoimmista,1
Välitunneillakaan,1
Tiilitapetin,1
1t3f0na,1
Valkosipaale,1
Calibrations,1
Kehäreittejä,1
Solidaarisuudeen,1
Antiworkis,1
Upvotemääriä,1
Säteilyhoitoon,1
Saurasloman,1
Kiiltokuvapoikamainen,1
Polottavasta,1
Ikkunateipit,1
Qyjomdyjyvm,1
8ce98ea3bcc14c4810eb5a1111e1df49,1
Hevonkuusessakin,1
Silppukinkku,1
Kinkkujuustopastaan,1
Pakkomiittejä,1
Pikkuduunit,1
Kotonapasissa,1
Samantia,1
Puhetilaisuuksiinsa,1
Puupaneloidut,1
Keskitiheys,1
Ati_2019_04_2020,1
06_tau_011_fi,1
Kulinaristille,1
Päävirtoja,1
Turvevoimalakaan,1
Muunnta,1
Unkraista,1
Jeppinen,1
Vikikin,1
Nuorisoradionkaan,1
Malabadin,1
Urbaanikulttuuria,1
Äärivihervasemmistolainen,1
Businessosaajat,1
C5b87bb0,1
D80be3ae70f0,1
Kesprosta,1
Kebabyrittäjistä,1
Nettiautoilulla,1
Koronainflaatiohan,1
Matkatavarasäiliö,1
Riisillähän,1
Kermaviililitkua,1
Tuulivoimatukiin,1
Syöttötariffihumpuukia,1
Ydinvoimarakennusta,1
Meemitietoisuuden,1
Repsistelin,1
Maallikonakin,1
Miellettömän,1
Aamuohjelmaan,1
Musiikkiuudistuksesta,1
Liikennöidyimmän,1
Lihanen,1
Koodaamaansa,1
Heilutuksel,1
Kamerast,1
Hätäkeskuskiii,1
Soraharjuista,1
Kebabkastikkeen,1
Haisulinsa,1
Edelelenkin,1
Molovtov,1
Rippentropin,1
Sopimmus,1
Ajoiki,1
Judeobolshevistimin,1
Kummankinpuoleinen,1
Itärajoilta,1
Kovistelluista,1
Revannsissta,1
93neuvosto,1
Natsi_saksan,1
Etäilläkin,1
Kebujäbät,1
Varttimallin,1
Judu,1
Gegsisi,1
Irjalassa,1
Hiilidiosidiverosta,1
Lampokeskus,1
Tilisiiirrolla,1
Syynätaan,1
Nanowrimolaisten,1
Juonisuunnitelmat,1
Juolahdusmenetelmällä,1
Kirjoittamisvimman,1
Suoмelainen,1
Mannergeimin,1
Ystäväällistä,1
Gitlerin,1
Luvaanut,1
Fašistinen,1
Pääsekretääri,1
Tonttilalainen,1
Työtoimminasta,1
Kebabauto,1
Otlaisiin,1
Britttien,1
Rippentropissa,1
Neuvottelusita,1
Muistopäivinä,1
Tviitilleni,1
Puhaltelette,1
Rupellia,1
Arabimaatkin,1
Hybridipalavereita,1
Valokuvataulu,1
_pitsan,1
_enk,1
_menett,1
Tilasin_pitsan_enk,1
A4_ole_koskaan_menett,1
Väriää,1
Tylsyydensietokyky,1
Engiz,1
Metawokeismiksi,1
Väsytyssota,1
Viranomaispyynnöt,1
Autottovat,1
Korjailemiseen,1
Korttitaloleikeistä,1
46euroa,1
Asennenongelmien,1
Biletysääntelystä,1
Jälkitaudeihin,1
Jälkiseuraudpelosta,1
Välinpitämättömyudestä,1
Ihmismasspja,1
Rakenneratkaisujen,1
Peruskapasiteetissa,1
Retoromaaninkin,1
Halaliin,1
Etupiirjako,1
Ranska_neuvostolliittosopoimuksen,1
Tariaan,1
Katstrofin,1
Iq0cq,1
Tirilän,1
Pihviannoksia,1
Furkan,1
Lounasannoksille,1
Muusille,1
Grillijuustolle,1
Kurinpitojärjestelmää,1
Etäilyäkin,1
Etäilisi,1
_3ba8236524682d08454f0978fe012ca9,1
Dm_3ba8236524682d08454f0978fe012ca9,1
Eristävästä,1
Itsemäärämisoikeushuuruissa,1
Kaatumisherkät,1
Lätkyt,1
Kebupitsat,1
Suomikiihkoksi,1
Yhtenäisyyskulttuuria,1
Yhteisnäisyyskulttuuria,1
Muisteleisi,1
Kebablihassa,1
_tsf,1
Kasvatuskeskustelussa,1
Kurinpitorangaistuksen,1
Yksinkertaisempaakin,1
Pohjalasille,1
Turvejengille,1
Konservatiiviutopia,1
Sotskov,1
Tietojenluovutuksista,1
United_states_foreign_intelligence_surveillance_court,1
Räkänokkateini,1
Sivustoona,1
Ammattikotikokkina,1
Tukkupullia,1
Kastikkeenkaan,1
Superlaadukkaista,1
Uudelleenkoulutuslaitokseen,1
Sanojille,1
Liittolaisuussuhteesta,1
Suomalaislähteistäkin,1
Lähdettii,1
Kiinnosotanut,1
Aikiasemmin,1
E84,1
Nd5utuhei98,1
Neuvostonäkemys,1
Neuvostovuosille,1
Kebabtyylistä,1
Alumiinikomposiitti,1
Paloturvallisempaakin,1
Suojeluvelvollisuuden,1
Protestoiski,1
Bensassaki,1
Matkanjatkumisturvaa,1
Kuumaleikeltyä,1
Energiantuotantoyhtiönsä,1
Lammaskebab,1
Lampaansyöjälle,1
Monitoripassia,1
Kuiviketurpeeseen,1
Päästöintensiivinen,1
Rystyriä,1
Raahavilta,1
Astinkiviä,1
Heittelinkin,1
Kummankipuolisen,1
Halukaampia,1
Tehovuorokautta,1
Zufallista,1
Z0r,1
Tekohengittääkään,1
Wieninleikkeisiin,1
Pakastelastu,1
Luoenko,1
Aivovoimistlemaan,1
Turvetuottajista,1
Snelkun,1
Bothsideismia,1
Syntikkadiskobiittien,1
Iskelmähengessä,1
Omistussyistä,1
Markkinatalousmaan,1
Kebabranskatulikastike,1
Ruokamyrkytkseen,1
Ruokias,1
Pydes,1
Ruualaitos,1
Minimipalkkasääntelyn,1
Alakohtaisi,1
Hingeroostas,1
Paidoil,1
Joinattu,1
Selviytymisselittely,1
Diagnoosikäytännön,1
Mk1bzzycplc,1
Kylmäketjuksi,1
Virhemaku,1
Päästöoikeudethan,1
Markkinatalousmekanismeihin,1
Kymmennet,1
Abussa,1
Itkustellaan,1
Ylipäällystö,1
Uhkaasia,1
Kiistanaalista,1
Rauhaneuvotteluissa,1
Awssän,1
Twiittajana,1
Vahdola,1
Ilmaisuvoimaisempana,1
Käyttökelpoisempana,1
Adhdlaiset,1
Tehtävälistoihin,1
Kännykkähälytyksiin,1
Taukoajastimet,1
Vihatakkin,1
Normisoossi,1
Digihoitajan,1
Vähälumisissa,1
Lumikerroksia,1
Kestivätkin,1
Koodikatselmoinneissa,1
Riccin,1
Fantasialarppia,1
Poisjättäytymiselle,1
Lastaaan,1
Tavarasäililöt,1
Kurkkumädät,1
Jäykkikset,1
Arkikielessään,1
Nyanssisen,1
Tietoisuku,1
Teschenin,1
Czechoslovakia_1939,1
Saknsan,1
Psitettiin,1
Sähkötoimitus,1
Haketoimitukset,1
Toppilaankin,1
Bulgarianjugurtilla,1
Väestöliikkeet,1
Savukinkkupalasta,1
Ydinmerkitys,1
Päästökauppakaudelle,1
Päästökauppaviranomaiset,1
Energiantuotantolaitoksille,1
Kebulaksi,1
Arviova,1
Päätavoitteistaan,1
Puheluissakaan,1
Vikittele,1
Enehielmiä,1
Gfbjrie,1
Noutamisille,1
Älypillerinä,1
Energiasisältöverolla,1
Matalalattiabusseissa,1
Mustanaamat,1
Pätemisillä,1
Tölkkitomaattimehussa,1
Kuolemanloukkujen,1
Pyörittäjissä,1
Jyväpussi,1
Öäin,1
Kokonaistuotantovolyymit,1
Plattscontent,1
Palmoilanalytics,1
Pink_flamingos,1
Marblelle,1
161ktojelkw,1
Connien,1
Saastaisimman,1
177811152_max,1
Itsensäpaljasteluretkillään,1
Epäsiveellisestä,1
Cityburgerista,1
Rautaboileri,1
Thueringen,1
Warteliste,1
Maalaisarkun,1
Maalaisarkku,1
Liimattavalla,1
Matalaenergiaharkon,1
Ulkopointaan,1
Annospakkauksesta,1
Barulin,1
Eeriks,1
Valkotsupilis,1
Häkäpytty,1
Perusnuudeleita,1
Nissing,1
Laitetanko,1
Koreografialleen,1
Kikkelikerho,1
Puuttinilta,1
Läskikansa,1
Pyssykerhoon,1
Georgiaksi,1
Sulguni,1
Vehnäleipätaikinaa,1
Hopejjaaa,1
Hätäviestissä,1
Mf6dcvmyckc,1
Ämillään,1
Xd2vby9,1
Kansallissosialistejen,1
Päiväkerhoryhmään,1
Nongshim,1
Oyakata,1
Katuruokakulttuuri,1
Haltioitumisaineet,1
Sivushow,1
Mikrokebabbia,1
Päästökompensoitua,1
Intensiivisinä,1
Pakasteki,1
Selkeentyy,1
Päällepäsmäröimän,1
89e2347c492cc6f8e47571ce4a6ff6e3,1
Kebulal,1
Ehdtotatko,1
Säväyttävyyttä,1
Suomenkulttuurisia,1
Ilmentyneiden,1
Uxaq,1
Jululw,1
Xqayubqc_jw,1
Kepuloissa,1
Einesjuustopiirakka,1
Eerikin_pippuri,1
Persraiskaamaksi,1
Renkutusten,1
Pakkosoitto,1
Paskapopin,1
Heteropornoon,1
Polttehesta,1
Taistelutahtosi,1
Jättikorporaatiothan,1
Murhaamisia,1
Työväenliikkeita,1
Lisärikastumiselle,1
Enginedebartment,1
Kebabgrilli,1
Tukkupalasia,1
Toimistokuhinaa,1
Glukogeneesi,1
Kulttuuridominanssiin,1
Kansaivälistymisestä,1
Alvarinkulmassa,1
Kebabköntsän,1
Kebat,1
Cebon,1
Döönerit,1
Kebubit,1
Tacomajolla,1
Spicyä,1
Miesnuttura,1
Vermicelli,1
Neoguri,1
Daebak,1
Valvontapotentiaali,1
Tarkastussovellus,1
Lähetysosuuden,1
Koronatarkastussovellus,1
Näkemänsa,1
Passintarkastelu,1
Englanninnetun,1
Getzejä,1
Korkuisiin,1
Porealtaam,1
Poreisiin,1
Esihistoriallisessakaan,1
Itseensäkääntyvä,1
Diktatuurijohdolla,1
Demografiapommi,1
Kharazipour,1
Päätökauppamekanismi,1
Taskata,1
Enemяää,1
Suφmalainen,1
Vφisi,1
Φlla,1
Bozhe,1
Baritonille,1
Pimputuksessa,1
Naissukua,1
Perusnarsistisika,1
Lapiz,1
Perseestääää,1
Mannerlaattamaisen,1
Optimiveroteoriassa,1
Tukkineilta,1
Maissinviljelyä,1
Velvollisuuttena,1
Sissijohtaja,1
Periaatekysmyksissä,1
Markkinatalousvastaisesta,1
Vallankumousajattelu,1
Periaattellisuus,1
Kritisoidu,1
Proletariaattiaristokratia,1
Skandinavisittain,1
Exponentiaalisessa,1
Vsssssssh,1
Pshthththt,1
Maissiviljelmille,1
Lannotetaan,1
Myrkytettään,1
Dööner,1
Kinkkutehtaalla,1
Kappaleelleen,1
Katkeamisilla,1
Spördärit,1
Kurinpidollisina,1
Kiinostavampia,1
Toimistotyökulttuurin,1
Toimist,1
Tenttivaatimukset,1
Tenttiit,1
Kaasumittaria,1
Huuhaasivut,1
Nimikkolätyn,1
Nappiotsikko,1
Kulkuluvasta,1
Matalalattianen,1
Sivuluukkujen,1
Barkleyyn,1
Pitkäaikaistutkimustietoa,1
Potialaillekkin,1
Kokonaisveroprosentilla,1
Gifter,1
Hourlwry,1
Maahantulokin,1
Romuutaa,1
Loppelämä,1
Tippaletkulla,1
Äärimielipiteitäsi,1
O0abgz,1
Markinaaliveroaste,1
Sairaanhoidollisiinkaan,1
Rokoteasioihin,1
Onkelmassa,1
279e8741acc1132afc1087ef5a9e3347,1
Barkeley,1
Käyttöpäivähän,1
Matkatavarakontti,1
Penet_remailer,1
Pilaantumispäivä,1
Lisächiliä,1
Pornosubreddittejä,1
Ääntämysmaailman,1
Tunneargumentoinnilla,1
Yhtiöjärjästelyihin,1
Kommunismiongelma,1
Pakkauspäivää,1
Massahöttöä,1
Käyttämättömäänkin,1
Niskuroivista,1
Woketetuksi,1
Nynynynyyy,1
Rajalisella,1
Tuhoi,1
Menneyisuuden,1
Desinfioivan,1
Lähmäisillä,1
Ikaantynytta,1
I65fbe,1
Hkis,1
Pahanhajusen,1
Disgnooseihin,1
Kenkäpuhelimen,1
Haamukeittiöt,1
Ghost_kitchen,1
Venymiskipua,1
Kadullaväistämisdilemmasta,1
Rauhakseis,1
Nykykustannustasolla,1
Museoikäisiä,1
Tulvasuojelualtaiden,1
130usd,1
Amispoppinsa,1
Peristalttisesti,1
Ruokamassaa,1
Aaltomaisilla,1
Lihassupistuksilla,1
Hampaanpaikkuuta,1
Lihaskerros,1
Ruokamassan,1
Lihassupistus,1
Wrappedissa,1
Julumassa,1
Kylymässä,1
Muuailmossa,1
Ammattikeittötarvikkeiden,1
Ruskeisuus,1
Vaistoinkäymisiä,1
Siivoojapalkkaiset,1
Itsariyksiöihin,1
Auttamisalalle,1
Hakeuduttaan,1
Kasaritojotalla,1
Makselamaan,1
Osinkoveroprosentteja,1
Listauduttuaan,1
Syntymäkuurojen,1
Puhdistusaineenahan,1
Pureskeleehan,1
Pöytäkaiutin,1
Etäilystäa,1
Ruokatorvessani,1
Röyhtäisyä,1
Nielaisuliikkeillä,1
Kurkunputkeen,1
Tömäkkäämpi,1
Konsulttipornonimiä,1
Virastoinstanssi,1
Kieliasenteeseen,1
Valtionistanssit,1
Erillisnimiä,1
Kipparikvartettia,1
Saunapalo,1
Rouskuttele,1
Mausteetkaan,1
Otokylän,1
Boorin,1
Yli60,1
Bodypositiivisiä,1
Oirelomake,1
Parlamentarian,1
Taagi,1
Tuliako,1
Kanistereittain,1
Öljynjalosteita,1
Erohehku,1
Crackedista,1
Kaksikielisyysriitely,1
Käytettykortsu,1
Päättäreille,1
Ulkomaantrolleja,1
Rattareille,1
Demolisher,1
Pikatestata,1
Järkätäkään,1
Työhuonekin,1
Liitäntäjohtoja,1
Kuolemaansakaan,1
Epäluotettavakin,1
Testauttaako,1
Rusketuttuaan,1
Etätyökompromissilla,1
Päätrynän,1
Kertapamauksen,1
Rotavirustartunta,1
Arvonmuodostusteoria,1
Röyhtyä,1
Stondaamassa,1
Mielenterveysyksiköiden,1
Neuropsykatrian,1
Polikinikan,1
Olennasesti,1
Kiireimmän,1
Purkkinuudeli,1
Pussinuudeleista,1
Mamalla,1
Peruskebab,1
6psctfofda,1
Puristiksi,1
Rahoitusmarkkiinoista,1
Arvonmuodostuminen,1
Arvonmuodostumista,1
Maissipohjaisia,1
Naksuilta,1
Päivänvastaisia,1
Kutitetulla,1
Dopamiinipamauksia,1
Itsehoitokeinoja,1
Perustiloina,1
Riepotelleestä,1
Kominformin,1
Kk4hoga257k,1
Vartijakäynnit,1
Nightingalesecurity,1
Vallankumousorganisaatio,1
Ammattikommunistit,1
Uusleninismiä,1
Suurvaltastuksen,1
Vasallimailla,1
Ympärilään,1
Totell,1
Sairaalakliinisesti,1
Historiantuntijat,1
Pajunköyteen,1
Ennenin,1
Muutosaihioita,1
Salaattivalikoimasta,1
Makaronisekoitus,1
Polskuttaa,1
Palkkaverotukseensa,1
Asumistukiloukku,1
Emeiess,1
Selasky,1
Zwzqmjn,1
Vahtolaisia,1
Älyttömämmältä,1
Sympatianikin,1
Kanisterettain,1
Ebrahimistä,1
Paroxetiinilla,1
Lisdeksamfetamiinidimesilaatilla,1
Monipuoluetyöryhmissä,1
Verovapaine,1
Pitkäaikaistutkimustieto,1
Karvisella,1
Risiiikebabi,1
Majonesii,1
Refluksissa,1
Mötkähdin,1
Sokkeleihin,1
Routasuojaukseen,1
Kondensoitumksen,1
Kerääntyminenkin,1
Kuivattumaan,1
Palonkestoaika,1
Jälkiteinigooteille,1
Vituttamisella,1
Pilkkanimeen,1
Finanssineuvoksen,1
Rapulasafkaa,1
Eläkötymisikää,1
Seiskaymppisenä,1
Mardinin,1
Paljonakaan,1
Radiosketsejä,1
530h,1
Kiimailema,1
Väkisinrokotus,1
Koronakoomikkoja,1
Maailmanpelastusoperaatioiden,1
Ohjenuorassa,1
Benzosit,1
Aidsinki,1
Tiedepöhinä,1
Supervariantin,1
Ansiotuloveroverotus,1
Suosikkireaktioni,1
Directorina,1
Orgenesiksessä,1
Nielastaa,1
Laivamiehiltä,1
Osiitteessa,1
Jotainihanmuuhunliittyvää,1
Ghj8,1
Sähkökieseillä,1
Kebabperunat,1
Poropitsaa,1
Tekstiviestipalveluun,1
Täysjyvänuudeli,1
Polttoaineverottomana,1
Yhteisöverotettavasta,1
Palkkatulotaulukolla,1
Nelilaskinosaava,1
Fetiistit,1
Sosiaalipumit,1
Ansiotuloprosentilla,1
Eurosentistä,1
Hakkaran,1
Forsblomin,1
Tissikuvasytkärin,1
Hivelöit,1
Pehmopokessa,1
Ikäverrokeista,1
Koulubiologialla,1
Jbk5bwr,1
Yssin,1
Ammmuuuu,1
Meikämansikkaa,1
Piimänautiskelijoita,1
Possuröhäys,1
Lisätavaratila,1
Rasvanhajuisia,1
Lainsäädäntösekundaa,1
Lääkitustä,1
_harkinnan_,1
Premiumini,1
Hyväksyttäisiinkään,1
Rinnakkaistodellisuuteensa,1
Conguer,1
Kyynärpääiskuja,1
Raksaäijääkin,1
Krapulayrjöltä,1
Middlemanagereita,1
Työsuhdebemarilla,1
Saavutettavammat,1
Poliisikaverilta,1
Pyayvää,1
Agressön,1
Soitetumpien,1
Eläkeperseily,1
Reeva,1
Säänneltykin,1
Listaykkösenäni,1
Kuutelemaani,1
Humpaksi,1
Haukkasul,1
Ketsut,1
Intiasafkan,1
Täytehuttua,1
Slemanigrilli,1
Genreytys,1
Svinhutfut,1
Esimerkkiveroprosenttiin,1
Taulukkoveroprosenttien,1
Pääomaverotulo,1
Viihdelehdille,1
Työsuhdebemarin,1
Hifistelynuudeleita,1
Tuommoisissahan,1
Mahdottomuusteoreema,1
Pakkoytiöittämisvimman,1
Mutkikaampi,1
Nejänneksen,1
Miullekkaa,1
Kuunteluaikana,1
Kuunteluaikasi,1
Koulupapereiden,1
Hesburgerinsa,1
Hiiligrillit,1
Irtisanomisenaikaa,1
Itkekin,1
Sponsoroiduissa,1
Whitenoise,1
Haittaliikuntaa,1
Laiskottaako,1
Huumeidenhallussapidosta,1
Elcat,1
Citycat,1
Nyhtävän,1
Virkamiehistähän,1
Trollitasoa,1
Alkolukoissa,1
Huumeominaisuudet,1
Winder,1
Optiojargonia,1
Kapale,1
Reissanneilta,1
Ishavsveien,1
Verkostohan,1
Jauhoisemmilta,1
Alkuperäisdubbaukset,1
Tehdävien,1
Cruisereita,1
Tšadia,1
Taistelumoraalinsa,1
Tšadilla,1
Vetäytymää,1
Takaiskn,1
Hakaristikohu,1
Muistollehan,1
Käteisalennusjärjestelyssä,1
Brarbaarista,1
Työvaippoihin,1
Terveyspalveluissahan,1
Taikinallakin,1
Voitaikinalevyistä,1
Lehtitaikinoista,1
Rakentavimpiin,1
Eläkeläisiäkö,1
Romahduksiakaan,1
Paremaakaan,1
Tilausjaksoista,1
Pätkittäisellä,1
Ginuwine,1
Suoratoistapalvelua,1
Pölyisimmätkin,1
Viihdeyhtiöt,1
Paramountia,1
Työterveyspaketit,1
Eläkertymän,1
Asumiskulukatto,1
Marlonia,1
Sukkaulottuvuus,1
Muukalaiskammolle,1
Joululeivoksilla,1
Torttutaikinahan,1
Lehtevää,1
Finnfoamisssakin,1
Kissanrasvajauhoseoksesta,1
Kukkatorttu,1
Taikinasuhde,1
Minitortut,1
Normitorttuneliö,1
Tähtitortuista,1
Hajoilevaa,1
Kuivahtaneena,1
Bcdlbf,1
Hello_old_friend_oc,1
Pääministeripuoluekkin,1
Paskspuheilla,1
Ylitettyäänkin,1
Kauhaistua,1
Indomie,1
Neotodellisessa,1
Korvaavissakin,1
Aseteknikolla,1
Kanelimarmeladia,1
Piilkikammosia,1
Aionkaan,1
Libertaarisistakin,1
Valvontatilaisuus,1
Seurantapotentiaali,1
Poikkeumasta,1
Tuuliviiriyden,1
Karvaisuudessaan,1
Putkisukka,1
Äänesin,1
Tulojenpiilotusmekanismeja,1
Keskusjohdottomana,1
Rapauttaakseen,1
Pakkorokotteisiin,1
Rokotepassipakko,1
Turvaamaankin,1
Kausiflunssapiikki,1
Tuulimittarilla,1
Puikottajan,1
Lapioimisnopeudessa,1
Lohiannoksien,1
Peeveelläkin,1
Voimakratia,1
Talouskannanotot,1
Järkiperäisenä,1
Estettävistä,1
Nykysuuntautumisesta,1
Ikunan,1
Antigeenipikatestiä,1
Nbcuniversalilta,1
Showtimelta,1
960km,1
Unohtaakaa,1
Ylioptimistisille,1
Arwardsit,1
Pitkäjänteisemmiksi,1
Invetoinneiksi,1
Hätätoimenpiteiden,1
Määrärahamomenteista,1
Ahhaaa,1
Neukkularppaajia,1
Paskatortut,1
Raittiillakaan,1
Työttömyysprosenttian,1
Proteiinivettä,1
Kaoottisina,1
Irtivetoina,1
Perussanomalla,1
Keskustahimmeli,1
Harakirilta,1
Kannatustilanteelle,1
Diktatoorisessa,1
Raittiusöyhöttäjät,1
Armysta,1
Meilenkiintoisia,1
Joukkoidiotismia,1
Influenssastakaan,1
Rhinovirusten,1
Parainfluenssavirusten,1
Naiiviudelle,1
Vallantavoittelulle,1
Teuvohakkaroimaan,1
Sunttiin,1
Joenuomasta,1
Lämmittettävä,1
Ownaajien,1
Urheilisikin,1
Shimiä,1
Pieksämäme,1
Asiakasläpysköjä,1
Eeeeey,1
Rusya,1
Kardeşlerimi,1
Bırak,1
Plusmiinuksella,1
Tuulilasivakutuus,1
Madonreiässä,1
Henkilötuntien,1
Pääidiootti,1
Äijäpitsa,1
Sakaratkin,1
Lämmitintäkin,1
Peruslasinkin,1
Saariarjesta,1
Hufd,1
Natsipuolueensa,1
Olenhyvinalykas,1
Veepeeännällä,1
Tuotantosuunnittelusta,1
Omicronkaan,1
73nfs8iy9uo,1
Crudest,1
Sukulaisperheelle,1
Revolvereistahan,1
Vuonnatynnyrin,1
Pienempituloisena,1
Iiiiiiiiiihan,1
Keskustavasemmistopuolueilta,1
Ilmastonmuutoksellen,1
Pandemic_trump,1
Muumithd,1
Kyseenalaisa,1
Pöytälaatikkofirmansa,1
Rakkauslauluteksti,1
Rahkanhukkaa,1
Audioraitaan,1
Pikkuihmisellä,1
_rasvaton_,1
Noususuhdanteessakaan,1
Seurakuntatapahtumiin,1
Filtteroimaan,1
Mammavapaille,1
Ulkorajamaiden,1
Ruokatuotantopuolella,1
Ninjojat,1
Tutkimusasemilla,1
6ef3,1
Ravinnelisästä,1
Saliharrastajan,1
Näkökulmastapäätös,1
Vaihtelevammaksi,1
Lasiturvan,1
Videoyhteenvetoa,1
Kuriositeetteineen,1
Perhetilin,1
Työläisvastaisuus,1
Tuulilasinlämmitintä,1
Ikkunonoita,1
Takaikkunanlämmitin,1
Koelaudasta,1
Uyvqkgm,1
Proviisoria,1
Salonkikelpoisuudelle,1
Naispolitikoiden,1
Oppoturnistisen,1
Valtiosääntökirjoissa,1
Vastapainelaitokset,1
Pullanmurut,1
Kuulist,1
Dulj48rvp1c,1
Niistävä,1
Hyttyslauma,1
Skottina,1
Paukkupatruunaröpötykset,1
Takalaseja,1
Lämmitinjärjestelmät,1
Lohkolämmitinkin,1
Seulontatastaamisessa,1
Sairaaladiagnostiikassa,1
Piruilulla,1
Verenolaista,1
Nykyvolvot,1
Kesäautonsa,1
Sivuoirekammoa,1
Yliajetulta,1
Aminohappoi,1
Purkistaki,1
Osoitettanee,1
Rokotettukkaan,1
Iskelmäkulttuurissa,1
Milloiin,1
Vähemistöhallituksissa,1
Kärkijoukkoo,1
Ensisijaislääkkeellä,1
Pitkäaikaishyödyistä,1
Rcttä,1
Vasemistoliitolla,1
Crewissä,1
Päällysteinen,1
Moraalilogiikka,1
Radioteleskoopilla,1
Atomikelloilla,1
Tarkistuspisteinä,1
Sossulaivan,1
Rekattuja,1
75000min,1
Lumihiutaletorttuja,1
Lumihiutalejoulutortut,1
I873a9,1
Ministerivirkoihin,1
Tasavertaiseisti,1
Parlamenttaariset,1
Hepimiz,1
Türküz,1
Solukosta,1
Dnaksi,1
Sisäilmankierto,1
Langatkaan,1
Sometustaan,1
Ninjalajeja,1
Etulaseja,1
Omavastuutaa,1
Sisäasianministerinä,1
Heimosotilaiden,1
Radikalisoituneensa,1
Heraprotskua,1
Minuuteil,1
Piikkikammoisiin,1
Kannustuspuheen,1
Muikaan,1
Veroprosenttiahan,1
Kaltoinkohtelemaksi,1
Seksuaalisethalut,1
Concetra,1
Merginaaliveroon,1
Sydäntälämmittävät,1
Orpojenmurskauskonetta,1
Kuurnassa,1
Corsaankin,1
Klusterikseen,1
Tähtitortussa,1
Sekailaisen,1
Sadeanturilla,1
Cxwcbmp,1
Taustamökänä,1
Kannatusmittaisu,1
Alkupandemian,1
Variantejen,1
Laitoskäytön,1
Salamurhaväläytykset,1
Periaatteelisen,1
Välipalavesi,1
Virrtä,1
Diaesityksestä,1
R56,1
Hallitusmuodoista,1
Uudelleenrikastettua,1
Sunnuntaipyyhkijät,1
Raskassarjalaisena,1
Sydänoireisille,1
Nhsltä,1
Keskimaalle,1
Örkkiensä,1
Docs_e,1
Legal_e,1
Trips_01_e,1
Talousleikkauksista,1
Patenttisuojiin,1
Ammattiottelijoissakin,1
Loputomaan,1
Paskapaperipiireissä,1
Paskapaperityöturvallisuuskortin,1
Thaimaastahan,1
Sairaalareissuista,1
Amatöörivirheistä,1
Pantentoinnin,1
Erityispitkää,1
Nännikarvaani,1
Googlediagnosoimaa,1
Pullamössöravinteita,1
Täyttävämmällä,1
Proteiinipitoisilla,1
Heltiäisikään,1
Sparrierät,1
Puuskuttamiseen,1
Concertoista,1
Hipaan,1
Sivuvailutuksista,1
Sentistin,1
Omikronmuutos,1
Kolmaskymmeneskin,1
Vuokrainen,1
Ruoktorven,1
Ruokatorveas,1
Kurkkuus,1
Ongelmamaahanmuuttokeskusteluun,1
Lämmittämätönkin,1
Kokonaisminuutit,1
Rikosilmioista,1
Pitämisten,1
Elitistilarppaan,1
Vignale,1
Dementoineen,1
Kierrolsukumittari,1
3sg27mi,1
Jettassani,1
Urheilulajitkin,1
Hypoksisessa,1
Arkijuttuihin,1
Netillekään,1
Paukutettais,1
Laboratoriolääkärit,1
Laboratoriotestiä,1
Tutkakamera,1
Portaallisen,1
Penkinlämmittimissä,1
Fasistiliikkeisiin,1
Lisensoitavana,1
Tuulilasilämmittimiä,1
Oikeusvalituksena,1
Kuuver,1
Bissnesidea,1
Loopila,1
Sivubissneksen,1
Eristeille,1
Hiilidioksidikuplia,1
Paistettatessa,1
Ahjohitsataan,1
Teräslaadut,1
Uudelleentaontakerralla,1
Delaminaation,1
Teräaihio,1
Eristekäytössä,1
Kaasutila,1
Pintasuunnassa,1
Kuplarakenteessa,1
Katkaisureunat,1
_trek,1
Kuuntelemallesi,1
Kuuntelukerroistasi,1
Lempiartistiasi,1
Liittovaltiohahmotelmat,1
Lämitetty,1
Suolavesikylvyssä,1
Katukivetykseski,1
_syntyi,1
_1960,1
_puolustusministeri,1
_tarpeisiin,1
Internet_syntyi_1960,1
Luvulla_yhdysvaltain_puolustusministeri,1
B6n_tarpeisiin,1
Sufficiency_of_disclosure,1
Enablement,1
Notional,1
Scroblaan,1
Sijoituskoroilla,1
Novavaxilta,1
Valnevalta,1
Repäisyvaiheessa,1
Kivialan,1
Kauppatoriin,1
Carrarassa,1
Materiaaliamme,1
Myyntihintaamme,1
Louhimolle,1
Graniittiamme,1
Graniiteista,1
Kiviyritykset,1
Louhintaluville,1
Louhintasäädösten,1
Karkottamisongelman,1
Vakoilijatahoilla,1
Turaamaa,1
Vituttavimpana,1
Jyrsimälle,1
Työkalustusta,1
Propagada,1
Tahmeasorminen,1
Takapuoliläpsyjä,1
Twatterkommentit,1
Pakilantykeskus,1
Puutyöverstaaseen,1
Senkaltaiselle,1
Sadeanturia,1
Kourokselle,1
Bugattista,1
Henkilöautomerkeistä,1
Elokuvillekin,1
Sarjavalikoimaa,1
Spottarissa,1
Enemmistöhallitukseksi,1
Voidepurkki,1
Ympräristöasioista,1
Erityistiukka,1
Jouluhaastatteluja,1
Patenttivirastot,1
Vahanvakavasuomi,1
Hauskasuomi,1
Kuolemanvakavasuomi,1
Hullunhauskasuomi,1
Kyllästyivätkö,1
Konejärjestelmiä,1
Mondeossani,1
Rautamötikkää,1
Humaltuakin,1
Huminatrack,1
Kristillisistäkään,1
Tuuliviiriäänestäjiä,1
Wiuzko8,1
Valtavirtahyväksyttävää,1
Foliohattuporukoille,1
Somekritiikittömiä,1
Ravintoarvoin,1
Mutatoidutaan,1
Merirosvouskin,1
Suoratoistoaikaan,1
Moldessa,1
Rokotustasoa,1
Viherrakentaja,1
Laivarallia,1
Unimusat,1
Tilastosivut,1
Lollottele,1
Ajojärjestelijöitä,1
Juitsareiden,1
Tavarankuljetuksissa,1
Juitsarihan,1
Nollapostaamista,1
Vedätysherkkää,1
Freimaavat,1
2432kcal,1
Työläisvastaisuutta,1
Poistusit,1
Typpikuorma,1
Retostelisi,1
Tuotantosuunnittelijat,1
Saapumiskiellot,1
Testodoupattu,1
Pleikkaripeleille,1
Patenttivirastolla,1
Siveysasetuksessa,1
Daily_cases,1
Orvillesta,1
Tainnutuspistoolilla,1
Tanapäät,1
Testidoupattu,1
Sokerirahkalla,1
Twixillä,1
Kehonsisäisistä,1
Kerrostalossako,1
Muunnokselle,1
Foordeista,1
Nibaa,1
Suhteellisem,1
Someäänekäs,1
Renazmielisiä,1
Sanankieltäjiä,1
Lammitettävää,1
Rokotetutkimuspalvelut,1
Rokotetutkimustoiminnan,1
Pääpaikat,1
Kasvuhäiriöisen,1
Työläisaristokraattia,1
Vastapunnusten,1
Taustatutkimustyö,1
Kehittikö,1
Sande23,1
Knowledgeportalia,1
Oxfordastrazeneca,1
Samponsa,1
Tikarimerkistä,1
Koronavouhottajien,1
Logistiikkaliikenteeltä,1
Rajojenolisi,1
Nettisankareille,1
Luettelitko,1
Yhtiöhallitukset,1
Sydäntulehduksiin,1
Segregaattori,1
Alligaattorille,1
Työansioista,1
Sairaseläkkeineen,1
Segregaattoria,1
Monenmonella,1
Mikrassa,1
Kiekkamittari,1
Penkinlämmitinkin,1
Rakkauskirjeenä,1
Ep0mu5,1
W4aanstv,1
Ahvenkengät,1
Listahittibiisien,1
Urheilullisemmalle,1
Enclosing,1
Sublicensed,1
Commercialize,1
E0nfjxtx0aaepah,1
Intersektionaalisuuskamaa,1
Proteiinipitoisina,1
Proteiinifanaatikkoihin,1
Katsastusmieshän,1
Lasiliikkeessä,1
Erikoiskriteerien,1
Jxwb7cc,1
Waaaaaagh,1
Verenhyytymissyndrooma,1
Raapulteltua,1
Koronataistelulla,1
Arabimainen,1
Miljardiomaisuuksiaan,1
Nälvintäni,1
Lihottavaksi,1
Alkusetupin,1
Tehtailualgoritmi,1
Trekkimenolta,1
Kipps,1
Rokoteyhtiöitä,1
Morkkismaista,1
Flunssamaisia,1
Nuppilääkkeitten,1
Tutkimusmenoja,1
Sattunnaisesti,1
Rokotepatenteilla,1
Torpeedossa,1
Pulsariin,1
Kohtauksiaan,1
Klassisseen,1
Gimmesin,1
Spotifytilin,1
Algoritmiharavaan,1
Terävöittämällä,1
Urukseen,1
Positettu,1
Natsihakkaamistarrojen,1
Kotikunnastasi,1
Perhetilejä,1
I90kdf,1
I94kt7,1
Gsdbgqg,1
Paintdotnetistä,1
Paperipiirissä,1
Rekkamiehenpastillit,1
Jääpinnoitteelta,1
Loisittavaksi,1
51003min,1
35d,1
Rokotetutkimusyhtiön,1
Natsitorttutaikinaa,1
Sattumoisim,1
Prosessilinjan,1
Yörg,1
Ylialkemisti,1
Kivilasti,1
Kiviukoilla,1
Adikvaks,1
Mobiiliaite,1
Alustamiseksi,1
Tuulilasivakuutukset,1
Viivytystaistelustahan,1
Ryöpsähdyksiä,1
Tahallsita,1
Efusixf,1
Laskuvaiheen,1
Mogul,1
Mq0pa0d,1
Koodaamis,1
_mogul,1
1ojecqt,1
Heilke,1
Vanilijarahkaa,1
Soittomääriini,1
Soittomäärä,1
Kuuntelusessiosta,1
N2ihs7jwk4zfyay,1
Vastuslangoilla,1
Safelite,1
Imagesv3,1
C919610c_2,1
Rojaltiensa,1
Soittomaa,1
Tilityssummaa,1
Abdala,1
Ghia,1
Biisestä,1
Sarjapetoksista,1
Rokotepakkovastainen,1
Painostamiset,1
Rny0dt5sspm,1
Vjrkkmigova,1
Harvavastuksisen,1
Lämmitinvastuksia,1
Lasikerrosten,1
Laminoinnissa,1
Tarkkanäköisille,1
Kalvotyyliseen,1
Lämmitysvastukseen,1
Tullimaksulähettimet,1
Poikkeusolotkin,1
Terveydenhuoltokykyä,1
Landepuolue,1
Hallitusryhmästä,1
Urbaanipuolueet,1
Muutatuttamassa,1
Kaseiinipohjaista,1
Lihottaviksi,1
Glykeemistä,1
Termogeenisesti,1
Ilmastohaittaverolla,1
Biocubafarma,1
Odottaneelta,1
Ruongan,1
Lämmitystolpalla,1
Ulottumattomilta,1
Polttonestekustannukset,1
Viranomaistoiminnat,1
Fanatismillaan,1
Sakaroihin,1
Taikinalevyt,1
Kanelimarmeladiversio,1
Svinhuwut,1
Arkkupakastinihmisiä,1
Stimulääkitystä,1
Radiospiikin,1
Kulkeutuvista,1
Polyradikyliitit,1
Gastroskopioita,1
Kolonoskopioita,1
Myokardiitille,1
Immonologisille,1
Karkuriverot,1
Vallitsevä,1
6x1ulgk9urdv1k1dn3ha6c,1
Ech3ctoyrwk0fhcyusbbqa,1
Ammattiautoilijatkaan,1
Oleskelullekaan,1
Verotushommia,1
Ireopou,1
Esiberneriläisen,1
Kyytivälittäjän,1
Taksitarpeensa,1
Tyydyttäjäksi,1
Savupirtissa,1
Noudattajatkaan,1
Liikennebonukset,1
Kutitellaanko,1
Alkuinvestoineen,1
Terveydenhuoltokykyyn,1
Leskeyden,1
Keittiöhenkilökunnalla,1
Kansainvälistyäkseen,1
Satunnaiskäyttäjään,1
Työmatkalaiseen,1
Nettokaloreihin,1
Rokotepatentteihin,1
Onnettomuusriskiyhtälöön,1
Rokotepatentteja,1
Sertifioivat,1
Juridessa,1
Sertifiointitaloilla,1
Sertifiointitahon,1
Luottaisia,1
Prohibitively,1
Innovaatiovientiä,1
Ääninäyttelemiä,1
Graniitiksi,1
Taiteiliian,1
Indiee,1
Uhoile,1
Pöyhtäillä,1
Pykrivät,1
Ruusutorttu,1
Paistuvia,1
Natsitorttuina,1
Twinsin,1
Pbbuelkzt74,1
Siviilitilastoja,1
Onnettomuushistorian,1
Ammattikuljettajatkaan,1
Ruotsinkielentaitoisen,1
Halventaisimme,1
Ruotsiossa,1
Säätiöivät,1
Heradrinkki,1
Kannanttajien,1
Toissavuonnakaan,1
Unlockaantuu,1
Highrisemogul,1
Painterit,1
Sementoituneen,1
Hallitusputki,1
Kutkuttavin,1
Säädellyin,1
Baldwinillä,1
Produktiostaan,1
Alecille,1
Virtapaketti,1
Paluuhaluja,1
Koronasirkuksessa,1
Afrikoiden,1
Aasioiden,1
Ykstiyistämisessä,1
Peruslaatuiseksi,1
Laatuluokissa,1
Ammattikuskeillessaan,1
Ammattikuljettajuuden,1
Ympäröityvät,1
Ritvojakin,1
Persuillako,1
Aminahappoprofiili,1
Hutisaloa,1
Wfht5t2,1
Ohjelmistokehitystermeissä,1
Haulikkodebuggausta,1
Kulutushetkeä,1
Sähköostot,1
Markkinaliberalismini,1
Veropolitiikallaan,1
Kaavoitussäädöksiä,1
Nrayhaaoc6g,1
Luonnonrokotteen,1
Deezeriin,1
A7nussikaahiljempaa,1
Federaatiotason,1
Velkaantuneempien,1
Proteiinikulutuksen,1
Nitisisivät,1
Perusmaksuna,1
Jatkuvammalla,1
Albumikokonaisuuksien,1
Taulukaupolla,1
Voimaurheilijoista,1
Nettisankareilla,1
Genrejaottelu,1
Sateenvarjoinen,1
Genremääritelmien,1
Spotarin,1
Kerrosvoileipäasujaksi,1
Viherkorjaus,1
Louhestakin,1
Ähkittäisiin,1
Keinoillasi,1
Räystäslaudan,1
Posrille,1
Lounasruokalaa,1
Wolttilaskun,1
Metallivastukset,1
Ammattihuolto,1
Porttautuva,1
Lasivakutuusta,1
Itsenäistymistapahtumaa,1
Perustutkinolla,1
Virkanmiehellä,1
Työhakemukseksi,1
Hakemuksekseen,1
Työnhakemus,1
Virastonsäädöt,1
Villitaksi,1
Vastenmielisimpään,1
Testaustaso,1
Purkkipaskaa,1
Möteen,1
Oomihan,1
Kansallistat,1
Kartti,1
Toriparikin,1
Aurankadun,1
Lepopulssin,1
Sydämenpydähdykseen,1
Pendannut,1
Kolmensivun,1
Eläinruokaosastolla,1
Nerffitty,1
Mäcos,1
Postprocessit,1
Pikkujulkasijalle,1
Farmaca,1
Farmasiaopinnot,1
Uskomushoitonsa,1
Varustetasolta,1
Indiedevin,1
Soolodevaajalle,1
Ordinaaliset,1
Itseomistajuutee,1
Tieteesee,1
Malleist,1
Kartellilainsäädäntöön,1
Vapail,1
Petoskumppanit,1
Eksklusiivine,1
Suostumuksellisti,1
Aseoikeuksii,1
Alumiiniaihiosta,1
Yhteiskuntasopimuksel,1
Joukkora,1
Kartelleist,1
Taloustiedet,1
Lupii,1
Paretot,1
Summakaavat,1
Pidempiiki,1
Rothbardii,1
Utilitaristia,1
Uskostas,1
Johdonmukane,1
Perusteleks,1
Verotust,1
Utiliteettii,1
Mielivaltaine,1
Taloustietee,1
Tarpeellisuudel,1
Itseomistajuutta,1
Johdonmukaine,1
Mielivaltane,1
Älylline,1
Lääketietedettäkin,1
Ysärinlapsena,1
Simulaatiopelitottumuksista,1
Sanmoin,1
Markkinaliberaismi,1
Suutauksiin,1
Hoksaakkonää,1
Arkajalkailtua,1
Soitellessakin,1
Johdannaisillahan,1
Luontomeuhkaaminen,1
Lintusilppureita,1
Työvoimapalveluun,1
Tuntitaseet,1
Orwille,1
Bugirapsojen,1
Ihmissuhdesekoiluista,1
Kuumakuulan,1
Omakotinoutaja,1
Atarashii,1
Otonablue,1
Tkdz2b,1
Wride,1
Libux,1
Ylijääneelle,1
Kiinteistömassalle,1
Korkeakouloilla,1
Tuhlattavissa,1
Faniremasteroituna,1
Vikisemätä,1
Kuulagoras,1
3biyh8lenrs,1
_heck,1
_reurope,1
Liberaalifasistien,1
Ominaisutta,1
Etuperästä,1
Mittayksiköstä,1
Ironcrown,1
Pallando,1
Alatar,1
Lankaviritelmä,1
Geelylle,1
Volvo_,1
Harjallahan,1
Nenänkaivelusormella,1
Enemmistöpuolueella,1
Simtowerille,1
Yoot,1
Cqnecxcd9iu,1
Korrelaatiokertoimena,1
Kilpailutussivuilta,1
Jaffakuulia,1
Kuluriskit,1
Bandicamilla,1
Palantírinsa,1
Liftocracy,1
Yhteistulokset,1
Deckissäni,1
Osteitä,1
Rokottamattomiksi,1
Fileesuikalepakettikin,1
Pakaroiksi,1
Tilastokummajaisia,1
Nettovoitolle,1
Rokotesalaliittoilun,1
Lähteenpyytäjälle,1
Tilastonlukutaito,1
Iltapuluprovoa,1
Henkilövetoiselta,1
Elokuvastudiolla,1
Aseteknikkojen,1
Leikkiaseilla,1
Leikkipanoksilla,1
Liipaisimestakaan,1
Loppulukemia,1
Jälleenreklamoida,1
Antajaakin,1
Puulastusta,1
Puijarin,1
Instrument_en,1
Ecl,1
Inpage,1
Maijut,1
Affiliaattimallin,1
Kehonkoostumustaan,1
Kitaramikrofonit,1
09c,1
Upjohnin,1
Celebrexin,1
Sawano,1
Aliez,1
Henkienkelienergiahoidot,1
Enkelienergiahoidon,1
Solunsalpaajalääkkeet,1
Madonreijät,1
Insuliinen,1
Kerätyissa,1
Pyyhkijänvarren,1
Akselikiinnitys,1
Skrabaamalla,1
Vankilapäivään,1
Ucto7d1l,1
Miroozicxk9ut5q,1
Piikkilankaratkaisun,1
Keinukatkaisijalla,1
Kasariautoissa,1
Jättirassilla,1
Välipalatäydennyspysähdyksen,1
Pulssitaajuusmodulaatiolla,1
Mukauttavia,1
Lääkeasioista,1
Lääkkeettömyyyeen,1
Medialukutaidottomuutesi,1
Kietäytyjiä,1
Investoima,1
Bbb5f283,1
A1926c9db068,1
Kilojeeverttiä,1
Kokonaiskuuntelu,1
Interneristä,1
Asiakakas,1
Puhuvii,1
Asianmuksisella,1
Palantireista,1
Vajaaälyisimmät,1
Icecubella,1
Suitsiva,1
Haastatrlla,1
Finnoskotlantia,1
Sikahinnois,1
Omakotitalosoppari,1
Doupilta,1
Lisääntymisella,1
Vajaaälyisimpiä,1
Sopimuskaiden,1
Arviointimenettely,1
Porttihuumeisiin,1
Autoyrityksen,1
Kuormitusongelmia,1
Autokauppiais,1
Omistuksinaan,1
Polttovoimailaitoksina,1
Treidauspuljusta,1
Eronmaksajien,1
Riskibisneksellään,1
Scrobblauksen,1
Scrobbleri,1
Jakorumbaan,1
Artistisuositukset,1
Korgi_analogue,1
Soittolistalinkkiä,1
Lempparihommaani,1
Narkoleptikoista,1
Epilepsiassakin,1
Värittömämmän,1
Kepeeltä,1
Naksuttelulta,1
Sohvasurffain,1
Kehitysvaltiosta,1
Skrapakin,1
Kirjeromaanin,1
Pelailuille,1
Taksifirmoissa,1
Rattikaan,1
Citybuilder,1
Xqabajk,1
Suvereenisuutensa,1
Hevifestareilta,1
Luotetakaan,1
Uskotana,1
Traumaterapiatyössä,1
Nosebosta,1
R6rp6m,1
Blursed_pondering,1
Univaikeuksiinkin,1
Sarjajoja,1
Kirkonpolttohevi,1
Puoskarihoitojen,1
Kumiosien,1
Paakkua,1
Sadetutkia,1
Skyboxi,1
Ninjatähdistä,1
Atomisoitumasta,1
Aprikoosihillolla,1
Kirjamääritelmä,1
Olympicsit,1
Hblog20210512,1
Saatananapalvaukseen,1
Parents_music_resource_center,1
Hinnankorotuksemme,1
Sähköntoimitussopimus,1
Emävalheet,1
Spämmikampanja,1
Friikkejään,1
Uiguurikysymyksellä,1
Taksitilauskeskusta,1
Sgameitout,1
Saunamahdollisuus,1
Takaisinsoittohuijaukset,1
Lämpöiselläkin,1
Epätoivomusiikka,1
Finderilla,1
Ministerivalinnoilla,1
Ganstarapilla,1
Huijaussoittajilla,1
Omikrinmuunnos,1
Pelitileiltä,1
Nipulta,1
Deeppia,1
Genrenhän,1
_kuulan,1
_tuotekehityst,1
_fazerilla,1
_1946,1
A4n_kuulan_tuotekehityst,1
A4_fazerilla_1946,1
Tarinankertojiin,1
Piteää,1
Kerrostalopeli,1
Justimusta,1
Luottamuskysymystä,1
Puutarhankuopsutus,1
Tiedeuutisoinnit,1
Nestlefoobinen,1
Iskeydyttyä,1
Microsoftsupporthowmayihelpyou,1
Kausaliteetillä,1
Oomun,1
Uyghurtribunal,1
Victims_of_communism_memorial_foundation,1
Aseenteet,1
Negatiiviksiksi,1
Messiaskompleksilla,1
Mobiilidatasiirto,1
Rahanruinaaja,1
Myrkkykaasusta,1
Glykomikälievarastoissa,1
Saksanmaassa,1
Selittelevätkin,1
Myyntinumeroista,1
Kertakäyttöluonteen,1
12hx6pv,1
Puhumumisesta,1
Sekoilusetit,1
Pikkukikkelillä,1
R73w7n,1
Top_1_suomen_spotify_kuuntelia,1
Pulushakkiasenteella,1
Ripattuina,1
Ekoin,1
Playingfieldissa,1
Arkiviikonpäivät,1
Härökommenttia,1
Kaavaviranomaiselta,1
Talopakettifirmojen,1
Kreikkalaisnuoret,1
Kehotyypeistä,1
Osakekorissa,1
Suomisähkösopparin,1
Pimputtelijoille,1
Eteenpäindiilaavien,1
Väkisinkaivaminen,1
Skämmipuheluita,1
Lainantakauksissa,1
Sukkakaupoille,1
Suuririskisenä,1
Uiguuriperäiset,1
Raaistuneessa,1
Katujengitilanteesta,1
Katujengipuheelle,1
Vaaralaisten,1
Ryhmäilmiöitä,1
Identifioituneita,1
Ekologiseks,1
Zhgnsm5u,1
Vihaaherättävän,1
Vaikutusaikoja,1
Mahkujaan,1
Hiekkamaata,1
Pintamaaleista,1
Puoltanne,1
Mihähh,1
Valokuitutarjoajan,1
Kuoppaankin,1
Järvialueella,1
Salaojilla,1
Ydinasekehityksen,1
Painollekin,1
Hellittelysana,1
Ministerksi,1
Pituuskysymys,1
Spämmipuhelun,1
Velkaorja,1
Naururaivoa,1
Siirreetään,1
Kenkäjätti,1
Sketchers,1
Pakkotyöraportissa,1
Sketchersin,1
Boteillakaan,1
Poispääsykeinoja,1
Metaboliakanavat,1
Harrastusohjaaja,1
Etulyöntiasemassä,1
Jonneräppärit,1
Gangsterii,1
Hasselpähkinätäyte,1
He_eivat_tehneet_matematiikkaa,1
Catfishaavat,1
Tissivolyymin,1
Kyssattua,1
Meemiarvoinen,1
Modeemipurkki,1
Peräkammaria,1
Gangastap,1
Kaksinaismoraalijuttuja,1
Sairaalloisenylipainonen,1
Piikkiikin,1
Kertatapaamisesta,1
Laaduudella,1
Protskunlähde,1
Kamppihin,1
Pärinäräppäreillä,1
Murhatuiks,1
Iltalööpissä,1
Pariutumisvalintoihin,1
Täyshörhöiksi,1
Kolumninahan,1
Somalimaahanmuuttajamiehet,1
Larppavat,1
Ympäristöintressit,1
Asiakkaisin,1
Sivuaivolla,1
Tiedonsiirtomaksut,1
Väkivaltatehtäviä,1
Liettulaiset,1
Hirmuvaltiosta,1
Yhteiskunatieteen,1
Lähteytystä,1
Syvälisemmin,1
Tyytyjän,1
Pituusasia,1
Yksityistarinoissa,1
Aineeenvaihdunta,1
Blueseilla,1
Ccaf,1
Mining_map,1
Sähkösopimuspaskaa,1
Venäläissubeissa,1
Palotusmurhaajista,1
Halinneen,1
Nwasta,1
Rokoterahat,1
Kylätä,1
Pariutumispointin,1
Dn2667,1
Akselistona,1
Etutakalasinlämmitin,1
Epoec85o,1
Kauneusstandardeja,1
Vinkkipuhelinta,1
Pohjanmutiin,1
Kukutuksenkin,1
Kekkeriltä,1
Räppereitä,1
Päihdesairasta,1
Viisivuotiselle,1
Väitöskirjatyölle,1
Ulottumattomuudessa,1
Muotakin,1
Olethaneja,1
Purkauksiani,1
Exältäs,1
Incelkääpiö,1
Svenskarap,1
Vastuuseuraamuksia,1
Vihejttä,1
Painonhallintaongelmiin,1
Gängstäräppi,1
Rakennuttamiselle,1
Kehonrakenteeltani,1
Avaruuspikseleidenammuntapelistä,1
Twitterfeministeillä,1
Kylätappeluinstituutio,1
Vitsansa,1
Louhivista,1
Lyhyyskommentointi,1
Internetmeemuilusta,1
Incelulinasta,1
Incelulinan,1
Pariuduttua,1
Lookismia,1
Ulkonäkökriteeri,1
Altavastaajatilanteessa,1
Pienitissisyys,1
Lyhythiuksisuus,1
Tuommoiiset,1
Metavittuilua,1
Markkinointivinkkejä,1
5wh1be,1
Ennustekäyrän,1
Kilttiydellä,1
Ystävävyöhykkeelle,1
Sänkyasiat,1
Härökommentit,1
Söpöttely,1
Vallanhaku,1
Ohjestusta,1
Poliisirikosjutussa,1
Määpähkinävoita,1
Rasvanlähteistä,1
Aamupalaprotskuja,1
Pamppailee,1
Yhteystietolomakkeen,1
Pöytäbookkausta,1
Irtoripsetkö,1
Juttuaiheenakin,1
Mieshenkilöjä,1
Pituusjakaumaa,1
Normaalijakaiman,1
Söpöttelyssä,1
Dzoutsen,1
Trollipalstansa,1
Epäileväisen,1
Tapanaisen,1
Yleisadion,1
Mediankäytön,1
Paremmuuskilpailu,1
Veljentyttärille,1
Striimausmäärät,1
Reviirijaot,1
Huonekalukauppiaitakin,1
Dealbreakerina,1
Salipullistelijoita,1
Pimpottavan,1
Pituusvaatimukselle,1
Elämäntapavalinnoissa,1
Mukakehuna,1
Korostaessasi,1
Ylemmyisyyttä,1
Ihannetyyppiä,1
Jolkakin,1
Kiusausmielinen,1
Manletiksikin,1
Ihastuksilta,1
Wanahana,1
Mallimittaisista,1
Modinootti,1
Skippailevansa,1
Hrj81g,1
Verkkoalustassa,1
Vidiet,1
Tunneherkkyydestä,1
Kynttilääni,1
Vapaamuurarireptiliaanien,1
Syödäkses,1
F_tyuinrq,1
Telekyttäykseen,1
Verrokkiaan,1
Ominaisuuksiltasin,1
Kohuhaastattelu,1
Pääteltävän,1
Sairastamisille,1
Rokotuspaperit,1
Humblebragaamisestä,1
Humblebraggaamiselta,1
Ghostailleet,1
Sponsorimerkit,1
Kehorakenteeltaan,1
3120003_astolfo,1
Agartha,1
Jumppapäivä,1
Röhinääkään,1
Ikalailla,1
Pisimmäs,1
Muokkauttaminen,1
Pituusjutuista,1
Pituudestanne,1
Iltaprojektiksi,1
Chilliksi,1
Irtokalusteilla,1
Lyhkäiseltä,1
Ylläpidostakaan,1
Tunnistamiini,1
Chubbylta,1
Henkilöesimerkiksi,1
Gängesteri,1
Jengsteri,1
Hiljasuusaikoja,1
Huolehtimattomuudesta,1
Kauhukaljat,1
Vihreänkuulanpuolittaja,1
Profiilitekstinsä,1
Kiiponroulingbeibee,1
Aloitusviestissänikin,1
Käskyvaltasuhteita,1
Kireäällä,1
Levynsoitinta,1
Sivistymättönälle,1
Velhokortin,1
Crystalcommerce,1
Kerpin,1
Seikkailumoduulissa,1
Pallandosta,1
Ufmaaoswrd9drltd,1
Miesjulkkikset,1
Luukuttajien,1
Mökäbättlellä,1
Spleinaa,1
Humortistisesti,1
_pituus_,1
Poikkeusajokortin,1
Selitykseenkin,1
Askarteluloota,1
Kipsivellillä,1
Sukupuolittamasta,1
Hallituspulasta_asiantuntijahallitukseen,1
Kikkelirock,1
Tinderkeskusteluissa,1
Etäännytetystä,1
Alittaja,1
Prefrenssejä,1
Värjätyissä,1
Pidätymääräykset,1
Berylliumista,1
Kupolinpuolikkaita,1
Meisselijäbän,1
Meisseliote,1
Plutoniumytimen,1
Neutronisäteilyä,1
Meisselijäbä,1
Persreikädesign,1
Orkesteritkin,1
Nuohat,1
Intellektuaaliseks,1
Habatus,1
Verkkotekniikat,1
270mwh,1
Vatsakumpu,1
Itensiteetillä,1
Liidaama,1
Ruttuisen,1
Kummajaismaisen,1
Soolourallanhan,1
Ymäröimänä,1
Raitakuosilla,1
Patriarkaalisuuteen,1
Vartaloihanteita,1
Musiikkikokemuksen,1
Subpacin,1
Tuskailevana,1
Metelöintisi,1
Varastosts,1
Varsstot,1
Puolees,1
Hömppäsivuja,1
Linkin_park_in_the_end,1
Jumputin,1
Kaiutinrakentelua,1
Jyrisevistä,1
Humisevista,1
Painossakin,1
Kysytessä,1
Korkkareille,1
Janitoria,1
Neggas,1
Pontsolla,1
Urkuharmoonia,1
Julkasunsa,1
Mahkunsa,1
R7w438,1
A4ilee_viiden_henkil,1
B6n_suunnitelleen,1
Rekrykausi,1
Läskivitsillä,1
Azureuksella,1
Daemoidista,1
Järvenpäät,1
Boomerhuutelijat,1
Lowpolystäkin,1
Humauksessa,1
Koulumaailmoissa,1
Koronatodistuksellisena,1
Lomarhoista,1
Pituuskriteereitä,1
Vskzvdu,1
Minmivaatimus,1
Hogiscoopit,1
Paraflex,1
Terrorismivaaraa,1
Pullonkerääjämummoista,1
Ensijäät,1
Gängsta,1
Scrollausuutisia,1
Pituusasioista,1
Cypress_hill,1
Jump_around,1
Ilmastotekopyhyyden,1
Pakettisähkötuotteet,1
Tilastoviranomaiset,1
Askarteluprojekteja,1
Arpajoulukalenterin,1
Pituusrajan,1
Työkaluakkuihin,1
Mk18b,1
Akkukenkiä,1
Työkaluakkuun,1
Pituutees,1
Teollistuimme,1
Vähätoriin,1
1600turku_2017,1
Q7k3o_9x,1
Turku_museum_of_art,1
Suurtoriin,1
Img_9719,1
Finpkkbk,1
Kauoungeista,1
Ladukkaan,1
Tviikkiä,1
Ponnahdusilmoitusta,1
Pituusko,1
3x6v,1
_128,1
_1435,1
67_128_1435,1
Robopölynimuriin,1
Roboruohonleikkuriin,1
Ampereita,1
Batteryupgrade,1
Shopbrowser,1
Assortmentproductid,1
Shopgroupid,1
Johtopätkillä,1
Ääshouldesainia,1
Kyborgijalat,1
Agenttinaisella,1
Agnettinaista,1
Jalkaproteesit,1
2500kw,1
Mihinkäki,1
Tissivankilaa,1
Jouluaika,1
Meemittelijöitä,1
Sissimainontajoukot,1
Tuotenostot,1
Tälläsiks,1
Pornopiirrettyjä,1
Verkkoympäristöä,1
Saviluoto,1
Latausvauhtia,1
Uutiskynnyksesi,1
Erityiskylmän,1
Peruspakastin,1
Womanspleinaamista,1
Imesh,1
Piraattipoukamam,1
1377x,1
Lapsenuskoisen,1
Oleskeleviakin,1
Realaudio,1
Pippalotyypiä,1
Jatkokemuja,1
Käpertyjä,1
Sipsinsyönti,1
Mediakokoelmia,1
Itsenäisyyspäivämielessä,1
Lemppariase,1
Viehätykseen,1
Vastaamismaksu,1
Atsiiiiih,1
Hologrammitarra,1
Silikonirannekkeessa,1
Kaikatin,1
Ryobeista,1
Vapeliikkeestä,1
Odoitan,1
Banaanoida,1
Tripnotic,1
Displ_lang,1
Kehojahan,1
Vertailtiinkin,1
Ninjapuheluun,1
Pierutyynyominaisuus,1
Äänestämisel,1
Deeveedeitä,1
Veehooässiä,1
Yhdintehtävä,1
Luottareilta,1
Pätkäpunkero,1
Luurankokääpiö,1
Kööpenhaminalaisten,1
Lowpolyssa,1
Reservaattitunnelmat,1
Keskisormenosoitus,1
Kamppailulajiseuraksi,1
Ikoniensa,1
Mietelausettasi,1
Kotirosvot,1
Möläytelläänkö,1
Omppumahaksi,1
Normaaleitten,1
Periencen,1
Valtionverostakin,1
Marinaalivero,1
Esimerkkihenkilöolettama,1
Kuntaveroalueella,1
Kirkkoverovelvollisuuteen,1
Solsport,1
Näytönohjaimineen,1
Vesimassavirityksiä,1
Väännettäisiinkö,1
Sähkönsiirtolaskukin,1
Kommenttiristiriidasta,1
Sensuurihaaviin,1
Typpäsi,1
Offspringia,1
Rintakokoa,1
Pituusjutut,1
Pituusvaatimusta,1
Ulkonäkökeskeisessä,1
Seuranhakuäpissä,1
Jenkkilarppaamisella,1
Kivakundeista,1
Kaikattimen,1
Lapsuusfrendit,1
Omanikäisissä,1
Simukulttuuri,1
Iracingit,1
Teatterihuoneen,1
Torvibasson,1
Ginilukuun,1
Aviomiesehdokkaan,1
Kazaahan,1
Roskasovelluksien,1
Privacysavvy,1
Poledourisin,1
Louhinnalle,1
Mikromuoviakin,1
Rakennuskannastamme,1
Betoniblokeista,1
Kopioijansa,1
Kohderyhmiksi,1
Mamupitseerioita,1
Tinalanka,1
Kolvailtua,1
Väliaikasvirityksiä,1
Kuivumaanki,1
Maaperätutkimus,1
Putkeineen,1
Runkovaluineen,1
Sisätäyttö,1
Yli_menemiseen,1
Rakentamis_päivä,1
Ulinahype,1
Rockaway,1
Atwoordia,1
Adblokker,1
Mutkikkaampaaa,1
Hemorrhage,1
Liimautumisen,1
Sähköpostirumballa,1
Öykkäriasenne,1
Juonentynkään,1
4f288e0fc2d407dba0c1c320309c7b41,1
Kasinoit,1
Jenkkimössö,1
Syövässäkin,1
805425e7fe25d2c05c2e6625f621c5c7,1
Käsittelvissä,1
Ghdzh9,1
Itseilmasun,1
Laihahko,1
Eturepulla,1
Pitseeeioihin,1
Mamukänkyn,1
Itsetuntopaineita,1
Kuntotasoissa,1
Selainikkunasta,1
Xxxtentacioneita,1
Kuolinsyyssä,1
Aspiraatiopneumonialle,1
Paskakuntoisilla,1
Miesalokkailla,1
Kovakuntoisimmilla,1
Pystypiano,1
Pystypianon,1
Sähköpianoa,1
Selluliiteista,1
Manserokki,1
R7ywvg,1
What_a_time_to_be_alive,1
Adelehan,1
Lempparivaihtoehto,1
Luuluttamiseen,1
Ydinpommihommista,1
Samovarius,1
Senttinauha,1
Tervehdysviestissä,1
Gamescopella,1
Gamescopen,1
Rikoskavereitaan,1
Rannikonvartiolaitos,1
Koivupuiset,1
Kaksikerroiksinen,1
Naapurikämpäässäkin,1
Soittajapariskunta,1
Joulukonsertin,1
Suojeluskuntalarppausta,1
Pittamattomuus,1
Jookyllä,1
Conscription_in_israel,1
Pituudetta,1
Hakemistolistauksia,1
Kotikoneilta,1
Piraattisaitteja,1
Valkosipulileiville,1
Mahottomiksi,1
Huijaustekstareita,1
Kommunikoijana,1
Kuulareaktorista,1
Kuulareaktori,1
Sixninen,1
Kastellille,1
Murhamotiivien,1
Friikkikerhoon,1
Hevipaniikinkin,1
Levitettavasta,1
Suosikkipitsasi,1
As1fcqe3uas,1
Annettavaisiin,1
Ganstarapista,1
Turpoilla,1
Puristettahan,1
Koputettua,1
Järkyttely,1
Omasvuono,1
Leveten,1
Killamaisesti,1
Aluevaatimusta,1
Höttötaikinaa,1
5abswwm,1
Jääry,1
Jemz7o8ryvg,1
Hilijasemmalle,1
Hartiapankkirakentamisesta,1
Puuvihaa,1
Vaakaputkesta,1
Haavanlehtiä,1
Vaakarännin,1
Keittomaalilla,1
Multamaaleissa,1
Tämänsyksyinen,1
Hirsirivitalosta,1
Keittomaalin,1
Keittomaali,1
Hirmeitä,1
Halpisraaka,1
Kebulakänkyn,1
Läppäriakuista,1
2x12v,1
Topinstoresta,1
Topinstore,1
_aikio,1
Sust266_aikio,1
Sarkasmiässä,1
Segregaatiopolitiikat,1
Ylijäämädynamiitteja,1
Ullomaille,1
Anuassakaan,1
Cerwin,1
Asconasta,1
Tyylinenkö,1
Mulavemman,1
Kuunteluelämyksen,1
Helenkin,1
Subpackit,1
Kajarisetti,1
Valontaelin,1
Rokotepalkkio,1
Parissakymmennessä,1
Kasvuhankkeita,1
Lihahaava,1
Huolinutkaan,1
Sosiaalikeskustelulla,1
Bob_marley_alalalalong,1
Ajatusleikkinäkin,1
Paineentuntua,1
Lanttulaatikostaki,1
Kauneisihanteita,1
Nedah0,1
Hands_of_harry_daghlian_and_louis_slotin,1
H9uuviy,1
Naapurirauha,1
Pitävinäni,1
Jonkuvverran,1
Purkupäätöstä,1
Robottisoittajaa,1
Despite_having_just_58_sales_over_38_of_bug,1
Linkinpark,1
Tottumuksillaan,1
Kuile,1
Meluvalituksesta,1
Ilmnenee,1
Skrollautuneen,1
Skrollailutoive,1
Panoroinniksi,1
Fiksumppa,1
Darude_sandstorm,1
Intohimoisuutta,1
Amule,1
Sisämaalaiselle,1
Mukavanolonen,1
Kriisirahojen,1
Sarjaani,1
Hassunen,1
Skobeists,1
6clbqzq,1
Postalmiehen,1
Sisääntunkeutumisetkaan,1
Kilikalikohteista,1
Spottailee,1
Joobel,1
Uiguuripakkotyöllä,1
Rahanpesurekisteriin,1
Arkadianmäeltähän,1
Frostwire,1
Kugels,1
Ärsyttävimmältä,1
Ppaa,1
Ruikkuperse,1
Hehkuttakaa,1
Salmiakkiruutua,1
Läskifobiikoksi,1
Omenian,1
Arvokeskeinen,1
Ammatilista,1
Rakenteelllinen,1
Maksuliinisuudesta,1
Girl_gets_fucked_in_the_ass_linkin_park_mp3,1
Strokerin,1
Eighteensound,1
Autosubittelua,1
Pohjosimaissa,1
Tsärvo,1
Pizzakärrystä,1
Aloitusduunin,1
Ärkipäähän,1
Skibaletta,1
Devaajiakaan,1
Puhelumahdollisuuden,1
Puheliittymäkin,1
Emppiiristen,1
Korroosioriski,1
Liukupinnoilta,1
Jarrutapit,1
Käyttisautolla,1
Jumputtamisella,1
Alakeskitaajuuksiin,1
Lyriksien,1
Kehonkuvastaan,1
Braklube,1
Bättlet,1
Hakupalveluverkko,1
Kademlia,1
Nomadiselle,1
Itsenäisyyspyrkimystensä,1
Läpipaskoksi,1
Normaalipainoindeksin,1
Venytyspenkistä,1
Pannupizzaan,1
Kaskoksi,1
Rekisteröintikatsasta,1
Taikinoitten,1
Pannutus,1
Kassaraportit,1
Madetoja,1
Häirikkösoitoiksi,1
Muistisairaudeksi,1
Muodoissaanhan,1
Htbbxb,1
Tki2otf,1
Taskuuha,1
Kiihoittumista,1
Saunaolusiin,1
Jarruksihan,1
Asioinnu,1
Rahoituskuluissa,1
Normikilsoilla,1
Sähköautolaskelmiaan,1
Piratismifiilarit,1
Pakkaskuorma,1
Zezl2r9jdjm,1
Bluetoothkajari,1
Etnovaltiokseen,1
Minkälaanen,1
Buumboksi,1
Duunineen,1
Yövuororupeaman,1
Jumputtajat,1
Telinevoimistellen,1
Yritö,1
Pualustusvoimis,1
Salaasta,1
Tuntematomattomille,1
Ostoinnostukseksi,1
Keitteles,1
Baitingiä,1
Bassiin,1
Maailmanmusaan,1
430hv,1
66hv,1
Matkantekokaan,1
Larppivuosista,1
Liveroolipelaamaan,1
Painopreferenssiä,1
Dollarijäillä,1
Vrvsi,1
Noutamssa,1
Selitysyriyksille,1
Kitkapintaan,1
Altavastaajafiilis,1
Yksityistämisellekkin,1
Perusautosta,1
Vakuutuste,1
Hinnanalenemien,1
Etnsiminen,1
Urhelevien,1
Peilauksia,1
Muutamankymmenentuhannenmiehen,1
Kymmeniätuhansiamiehiä,1
Satojatuhansiamiehiä,1
Elämäntapatyöttömyyden,1
Saunagandalf,1
Tulenjohtolaukkua,1
Panssarijääkärijoukkueenjohtajan,1
Rannikkotulenjohtoa,1
Yllätyttii,1
Äänekkät,1
Syssitellä,1
Huudattamatta,1
Tubla,1
Erikokoisilta,1
70b,1
Ympärysmittakokoja,1
Risiiniöljyllä,1
Keikkajärjestäjiä,1
Voivoteltua,1
Kovempiääniset,1
Tuskastumiset,1
Kiljaisut,1
Hyperfiksaatioita,1
Kotipallokysymyksiin,1
Poimisessa,1
Tapahtumani,1
Änklare,1
Kitaravahvarit,1
Rääyn,1
Perusmeiningit,1
Väsähtä,1
Japanissassahan,1
Yakuza_exclusion_ordinances,1
Kriminaalinuoriso,1
Rikosrinkiä,1
Haukuttukki,1
Biokaasuautoilijana,1
Kaasukulut,1
Tehdaskaasullinen,1
Kaasullisen,1
Heinäkepiksi,1
Kalaparoilla,1
Bergamot,1
Viestissäänkin,1
Roskapostiviestiä,1
Tunnistannu,1
Södlfksödlfk,1
Kuumavesialtaissaan,1
Roudaskaan,1
Itsenäisyysviikonlopun,1
Poikkeustilanteesen,1
Lakisa,1
Pimpottelen,1
Fetissoivaa,1
Maksunpalautus,1
Wtblkxvyuky,1
Risifruttin,1
Viivytystaistelukin,1
Zeppeliiniin,1
Maksaiset,1
Triggeröityneeksi,1
Nygårdilta,1
Klamydialta,1
Tusinahitin,1
Kiling,1
Sohvamainoksia,1
Markkinointijuttuja,1
Kokkausillat,1
R8bzt2,1
Someone_made_a_mistake_and_gas_was_priced_at,1
Asumistyylejä,1
Kuljetusupseerit,1
Hallikatoksista,1
Ruostuttaisi,1
Puhkiruostumista,1
Paskakalusto,1
Kuljetusupseerien,1
Pentsiiniin,1
Käytettyin,1
Bluetoottia,1
Keksinnältä,1
Edustusautoks,1
Palvelys,1
Potääkin,1
Econetic,1
Aähköautoilijoilta,1
Varreltakaan,1
Sakustani,1
Säästänet,1
Chatrouletteen,1
Äärioikeistoterrori,1
Käsitteenään,1
Nimikkotasavaltaa,1
Mansilaisuus,1
Komilaisuus,1
Vepsäläisyys,1
Nenetsiläisyys,1
Marilaisuus,1
Jakuuttilaisuus,1
Dolgaanilaisuus,1
Tšuvassilaisuus,1
Ainulaisuus,1
Uiguurilaisuus,1
Yhdenpolkimen,1
Maatalomeininki,1
Kakkosrundille,1
Julkkkiksia,1
Terrorisuunnitelmat,1
Sturho,1
Sohviksista,1
Uunihodareita,1
A540acfad01345788c3b10512826f8e1,1
Oorho,1
Klonkkupelikelpoiset,1
Ihokerroksissa,1
Herkkupaussi,1
Privatehubi,1
Trhtäviä,1
Mangapicgallery,1
Md_,1
354968_3543633,1
Kalvopäällysteisiä,1
Vesikiteet,1
Ovaalinmuotoisia,1
Klonkkusormia,1
Lautaväleille,1
Yllätysklonkulla,1
Perusbilemusiikkia,1
Erikoislauteet,1
Rakoleveys,1
Varhainhan,1
Peräkoneet,1
Nurmileikkurit,1
Edelis,1
Sähkärimarkkina,1
Lekantti,1
Kolumnei,1
Mukavuusfactori,1
Autopilotillaan,1
Aivorappeumasairaudeksi,1
Jarrusatulakin,1
Herkistelin,1
Jarruhuoltoa,1
Dieselveroista,1
Kvartaalinvaihteen,1
Kurkkukivulle,1
Virinneeseen,1
Vankileirikatastrofi,1
Rokotuksenvastustajia,1
Kalusteessa,1
Naisihmisperse,1
Leiskunnut,1
Jäkstereiden,1
Kitaransoittotreenejä,1
Kenestäkkään,1
Luopumishetkellä,1
Pihistelyn,1
_omillaan_,1
Käsijarruakaan,1
Ilmastointihuollot,1
Futsalporukan,1
Kääpiöjälkeläiset,1
Slsk,1
Pierupornoon,1
Äkkilaskettuna,1
Opetellanpa,1
Minnesotahan,1
Jibliin,1
Uudenhohtoinen,1
Rahallisuudelle,1
Soulseekiä,1
Seksismiksikin,1
Sokeripaskan,1
Sijotustuloja,1
Sijotusrahaa,1
Peräänkuuluttavien,1
Armeijankäynnistä,1
Rynkynheiluttelun,1
Maarypäleeksi,1
Tertussahan,1
Xzciyw1zfb0,1
H2ty82z3xxu,1
Verovelvolliseen,1
Koneisessa,1
Saunahaki,1
Lämmehtä,1
Paskaaamerikkalaisetsanovat,1
Perhepuoti,1
Vaativimmusta,1
Venekki,1
I4j1hhjvp8,1
W91zkgzv_g,1
Toisintojaan,1
Väärinkäsityksemme,1
Sopivuustestejä,1
Paskanmussutusta,1
Moottoritiepainotteista,1
Checklistillinen,1
Normaalikilsoilla,1
Kotilataukset,1
Latauskukut,1
Täyskaskoilla,1
Ohjelmistovalikossa,1
Latauswidgetti,1
Rasismiansa,1
Misogyniaansa,1
Peruuttelet,1
Reaalitaloudelta,1
Ilotteluu,1
Nimelliskantavuus,1
Tauloustilanteensa,1
Stilettoja,1
Kakkunaamalle,1
Deittailupreferenssit,1
Piharasia,1
2a2v,1
Tietokoneveljo,1
Tietokoneveljojen,1
Veljojen,1
Kylmäeteistä,1
Jäkityslokaatiot,1
Nykysijainnissa,1
Kurkkikipuun,1
Ripulipeinttereiden,1
Hn69w5n,1
Säännetään,1
Humpukkia,1
Berian,1
Neuvostokansalaisesta,1
Maatalouspropagandan,1
Käyttäytymishäiriöiksi,1
Jettataloilta,1
Huoneala,1
Jettatalojen,1
Lattiavalusta,1
Sisätöille,1
Klassikoilta,1
Julebord,1
Peuhaamiseen,1
Vakuutussetti,1
Replasin,1
Asemanukio,1
Consertat,1
Musiikinkuuntelumieltymyksensä,1
Paddyn,1
Suomi_kutsuu,1
_finland_calling,1
Metaperunat,1
Kilometrihintaan,1
Polttomoottoriautolaskuissa,1
Ykkosva,1
C2178934,1
Cialiksen,1
Pohjnamaalta,1
Nuuskijoille,1
Rahapuhe,1
Ikäjakaumakorjatut,1
Vakaumuksetonta,1
Owdcuokycki,1
Bensavastaava,1
Talläinen,1
Aivopesukirkko,1
Neuvostovitsien,1
Rustaamiseksi,1
Homoseksualista,1
Wiktionärystä,1
Häätämättömyydestä,1
Gentai,1
Evluttia,1
Vakaumuksettomasti,1
Maapallokeskeisestä,1
Osuuskaupallakin,1
Liivitunnukset,1
Natsialttarista,1
Natsilipulle,1
Mäihäkysymys,1
Lajiliitoittain,1
Ultrauinnissa,1
Ultrajuoksuun,1
Satutaukiot,1
Outopeukaloisena,1
Nettoavia,1
Moottoribensiinistä,1
Maallistuneeksil,1
Putkikatseeseen,1
Lukioajoilla,1
Vakauksesta,1
Vuoso,1
Deittailupreferensseillä,1
Terrorisuunnitelmiin,1
Kommunikointikehityksestä,1
Putkikatseista,1
Sinikeltaisin,1
Jäännöserällä,1
Käteissummasta,1
Jäännöserää,1
Musamiljonääreille,1
Tilauslomaketta,1
Robocallersoittoja,1
Testosteronitasojenkin,1
Showtimel,1
Vesil,1
Lempiartisteille,1
Musakentällä,1
Musiikkikentälle,1
Sheeranille,1
Viikonloppujahan,1
Tekstitäsi,1
Taiteilevana,1
Lauantaivuoroja,1
Haastateltavamme,1
Vihallenne,1
Ironiakelloni,1
Tekstipalstalle,1
Ammatiurheilua,1
R8nqkl,1
Lia_korjasi_sukupuoltaan_murskaa_nyt_naisten,1
Hn7kvl4,1
Synttäripäivänään,1
Koetyö,1
Työvelvotteetonta,1
Koepalkanmaksua,1
Nuuskalastin,1
Lisäuutisia,1
Yllätyslapselle,1
Natsiagenda,1
Polttomootoreista,1
D78b211e,1
1bb3,1
B81912f1d1d5,1
Tanas,1
Soittoyritykseni,1
Terroristiteivät,1
Geosentrismi,1
Maksuesteelle,1
Maksuesteen,1
Laskumaksut,1
Elintarvikelavoja,1
Lattianpesin,1
Jumankeuda,1
Konsertiivisempaan,1
Heimohallintoihin,1
Lujamielinen,1
Kirkkokultin,1
Aukiselitetytvitsit,1
Limewirus,1
Kiinnostanaan,1
Turpavärkkiin,1
Kyläpahaseenkin,1
Kirkkoansa,1
Kommandomyssy,1
Ihmieissään,1
Bensaprofeetta,1
Fashistien,1
Proppagundaa,1
Uuskommarien,1
Sarjissivulta,1
Terhakoilla,1
Leveälantioinen,1
Syväuskovaisen,1
Kanttoristi,1
Kulttuurihakuisesti,1
Näpyttelees,1
Hymiöitään,1
Henkivakuutusmainoksia,1
Menagha,1
Bulevard,1
Bxtlhbv,1
Ansaisisivatkin,1
Tinderbioonsa,1
Terrorismitapaukseen,1
Oocj1k8,1
_ska,1
Grimsey,1
Yvetta,1
Hlaváčová,1
Ultrakestävyyslajien,1
Iskuketjuun,1
Tt8110232,1
Longswims,1
Hengiltäpäästämiseen,1
Laijeista,1
Tiktot,1
Kyltitettynä,1
Mosflvxnbgk,1
Farväl,1
Terrorikeskusteluun,1
Lovinmalta,1
Agius,1
Linosa,1
Ultrauinti,1
Ultrajuoksuista,1
Matkaennätyksiä,1
Vuodia,1
484381c5,1
53a3,1
5c54c75b8959,1
Yksittäissuoritusta,1
Sivustossani,1
Järjestämilla,1
Härskimmältä,1
Uintiennätys,1
Kuulakaappeja,1
Kuulallaansa,1
Kuulakaapit,1
Pätemättömyysperusteella,1
Klonkutusvuorolla,1
Kommenttikierrokseen,1
Pahoittaviinkin,1
Kankaanpäällä,1
2bri3hk0bvcpvechrhpnseuutvu,1
393281206d53504179d1b2176ed023e43043cdbb933c9f8d2e750b17afc4de6e,1
Peruslava,1
Lavakiinnikkeet,1
Bezons,1
Luksusteollisuudessa,1
Luksusteollisuuteen,1
Luksusteollisuuden,1
Saunaihmiset,1
Brändikelpoisempi,1
Terrorismiketjussa,1
Sji8jwn0upo,1
Asiakaseduistani,1
Käyttövinkeistä,1
Parhaistatarjouksista,1
Uutuustuotteista,1
Shooting_at_the_1992_summer_olympics_,1
93_mixed_skeet,1
Ykistyiskäyttöön,1
Server_message_block,1
Laatukansaa,1
R6icnb,1
B6kulma_ven,1
A4_esitt,1
A4_naton_kielt,1
Fkbrt,1
Mc220l,1
Allasvesikään,1
Smirrekettu,1
Enimmäisvarauksena,1
Lyydiat,1
Turvepellettejä,1
Vodessa,1
Tikkuisimmat,1
Systemiccapital,1
Emolevytkin,1
3v0g1gm2p6o,1
Viegraa,1
Dilpomi,1
Ampumaleiritapauksessa,1
Zeiger,1
Pampersia,1
Zsbogfwfbee,1
Pyllynreikäsuunnittelu,1
Nettikaavakkeita,1
Pätsätyt,1
Sukulaissielujen,1
Sissukupuolinen,1
Sismies,1
Tuonpuoliselle,1
Cisleithania,1
Transleithania,1
Cislunar,1
Translunar,1
Taantukoon,1
333litraa,1
Benshhiiniä,1
Hyoltoon,1
Sänkymainoksia,1
Uskonnonmaikoista,1
Metakeskutelu,1
V4ztqxyvt3u31,1
Viettelemisen,1
Vakavaflairien,1
Toitittanut,1
Ilmastopilleröity,1
Lapsiasiamiehiä,1
Natsiäärioikeisto,1
Tuhoamisleiriltä,1
Elizier,1
Yudkowskya,1
Asqy7yhj6npd44rno,1
Kansallislaulussamme,1
Maidonjuojat,1
Vihapuhetutkimuksessa,1
Haahahah,1
Velivenäläistäkään,1
Kuulaasi,1
Stalinfanatikon,1
E341b1a1,1
1ff7,1
B2a8,1
92f3b74a86b2,1
Minuuttipankilla,1
Vuokrauskorvaus,1
Jaappanilaiseen,1
Sulosoinnuillaan,1
Explictly,1
3sb3g8k7n7i,1
Armahdetussa,1
Pankkitunnit,1
Lghdtv,1
Aymklxxsnz0,1
Jqlydkvbjly,1
Beatyful,1
Metalification,1
Näpsyteltyä,1
5rzs2vs,1
Porraskäytäväkin,1
Tutoriaaleiden,1
Pikkurillinappeina,1
Keilaradalle,1
Golfsimulaattoriin,1
Perstrumpetti,1
Edustuva,1
Transistoriradiosta,1
Tehdaskaasullisella,1
Huoltovälithän,1
Nykykaasun,1
Adblokatulla,1
Modmy,1
Keskoboikottiin,1
Suunnitelijalle,1
Suklaalakon,1
F___,1
Plumpsaukset,1
Ihmismaantieteellinen,1
Prospektejani,1
Pastoraalipsykologiassa,1
Katsomusaineeseen,1
Kasiluokkan,1
Kulitusmäärät,1
Vuorileijona,1
Mikäikinäonkaan,1
Perseilemäs,1
Suunnanpuutteeseen,1
Päinvittuamenemiseen,1
Nuolaasin,1
Käyttäjäkyselyä,1
Kenkäteollisuuden,1
Siskollakaan,1
Kirkostaki,1
Vapaavaltioon,1
Msclkid,1
Baa4a208f25210692b90c3a32e508865,1
20bbf,1
20loppu,1
20titlar,1
Tekopimpsa,1
Tärkeempään,1
Deittailupreferensseistä,1
Toisintaneet,1
Laatukuula,1
Kuhameemitjavastaavat,1
Thzlvsh,1
Kerrastokin,1
Kuulapula,1
Kaksoissidokseen,1
Tyhjäpuhujien,1
Toveriutta,1
Gritit,1
Ammattilaistarvikkeet,1
Saneltavina,1
Riunattu,1
Hiekkapaperiksi,1
Kuminauhalliset,1
Jtsika,1
Young_living,1
Thefashionlaw,1
Jämätuotetta,1
Sukkageimi,1
Skedee,1
Awesomilla,1
Vaaliorgasaatio,1
Sitaaatille,1
Hintayllätys,1
8e4428fc,1
F9286a93c7e9,1
Mainospalvelimiin,1
Hävittäjämainokset,1
Tsdriasvgtq,1
Koskiputous,1
Isäntänimi,1
Luonnonresursseihinsa,1
Suomalaiatunut,1
Saamelaissuku,1
Dekolonisaatiohankkeissa,1
Meemiarvottomia,1
Report2021_global,1
Tuplaseinillä,1
Äänieristeovi,1
Oleskelutilohin,1
Äänitetä,1
Äitipisteet,1
Suomailaisita,1
Vakoojapojasta,1
Pallohiirissähän,1
Kennopaperin,1
Pensatha,1
Kjehkejkejekhkejekheh,1
Kohillaaa,1
Kjekehejekkehejekhekhkje,1
Säväyttämiset,1
Toimiinryhtyminen,1
Troolattuani,1
Romahdusfantasiat,1
Kyseisensukuisia,1
35llä,1
Karvasuus,1
Kepabbilassa,1
Kotitaloustuotteet,1
Kerrosvaatetus,1
Ullajamaija,1
Kotikutsuilla,1
Pöytähomma,1
Dekolonisoinnin,1
Venausta,1
Antreki,1
Craic,1
Loiskahdusen,1
Rhotic,1
Prrrrrrrkele,1
Deskmattia,1
Veroistaki,1
Limakalvoiltahan,1
Rokotettuillakin,1
Testibugi,1
Ffap,1
9awgfe,1
Uskomatont,1
Duhteellise,1
Syöd,1
Lisäpari,1
Hätäjarrumekanismia,1
Hätäkiihdytysmekanismi,1
Ledgend,1
Jaettavakdi,1
Kusipääveljen,1
Tärkeyteensä,1
Paisutteluihin,1
Averdade,1
Livro,1
Tottle,1
Fome,1
Fraude,1
Lähteistettyihin,1
Työkalusalkku,1
Variaatiolle,1
Malkkia,1
Landilainen,1
Akselerationismihan,1
N7bj9w,1
Ncose,1
Reinotkin,1
Kahvainen,1
Ammattilaisveitsiä,1
Seurajoukkueen,1
R8u5sp,1
My_wife_is_finnish_and_just_played_tulkoon_joulu,1
Hn802sx,1
Toiti,1
Vanhenmilta,1
Hullufutisjunnu,1
Tilivaluuttaa,1
_surkein_,1
Surffingin,1
Airb,1
Sisäpinnoitteesta,1
Uusinaispuritanistisia,1
Muoviputjua,1
Bisfenolit,1
Muovipartikkelia,1
Ymmärrytetty,1
Squished,1
Tirskunnat,1
0es2v1su_hw,1
Oxbqcpa,1
Tuplabasaritykitystä,1
Jäätely,1
Tarjuksia,1
Kiki_ttyzc4,1
Deskmatteja,1
Mykeyboard,1
Deskmat_2522,1
Feikkarin,1
Fuel_cell_vehicle,1
Avnstars,1
Gayvnstars,1
Xkg,1
Hukkalämpöö,1
Vetypolttokennojen,1
Pimperoinen,1
Kattotiilistä,1
Vessassq,1
Lahjalompakot,1
Kertasiirtymä,1
Polttomoottorikalustolla,1
1gigaa,1
Orjuutusvapaaksi,1
Zisoyp,1
D5h0,1
Akselariotismi,1
Sakeimpana,1
Haastattelujahdin,1
Sopimuksenhan,1
Hourithan,1
Image_w_280_h_700_scale_canvas,1
Jaloviina_kolme_0,1
Mottoriurheilusta,1
Ratatapahtumaan,1
Työpöytämatto,1
Ecplosice,1
Kellokädessä,1
Steadybody,1
Epäluotettavatvihreätkuulat,1
Pisulaarejen,1
Statesmanin,1
Criticallegalthinking,1
Senmmosen,1
