Agressiomenetelmiä,1
Itseraportointiin,1
Kyvykäämpiä,1
Tukiverkkonsakin,1
Kepsy,1
Dispositiosta,1
Vuokratuella,1
Pyörämarkkinoiden,1
Palkintokupongissa,1
Näyttelijänsirpaleiden,1
Virkistettävä,1
Kalamessut,1
Työpuukkoja,1
Puukkomyyjää,1
85skhm,1
Koulussa_ammuttu_yhdysvalloissa_useita,1
Dw0908l,1
85se4s,1
Nuorilta_tyrm,1
A4ys_valintakokeista_luopumiselle,1
Dvzrlaz,1
Agintointina,1
Sijoittelupäätöksiä,1
Kiloseksi,1
Mämmiini,1
Tähtipokeri,1
Teloituttamaan,1
Pääsiäisherkkujen,1
Rahkaherkun,1
Enkestätätäelämää,1
Hevosvoimamäärä,1
Omamassaa,1
Lentotukialuksessa,1
Ihmistoteutuksen,1
Ylitilaa,1
Droneohjaajat,1
Phallusajattelu,1
Finnishforcen,1
Shelbyelectro,1
Poljettavaan,1
Aerodynaamisemmalla,1
Sähköläskitaittopyörässä,1
Yhdyntälupa,1
Yhdyntäveron,1
Kombivoimaloista,1
Jännityskirjailija,1
Nähköjään,1
Saavuttamisvaikeudessa,1
85t5tz,1
Suomen_velkaantuminen_vähenee_silmissä_nouseeko,1
Dw06wlq,1
School_resource_officer,1
Kommunistivaaran,1
Blacklistaamalla,1
Työryhmäläisistä,1
Turvavaijereita,1
Jäätelöratikan,1
Kristallikiviin,1
Heinimäkeä,1
Kiusaakseni,1
Tiedutelulainsäädännön,1
Greytime,1
Tasakattoiselta,1
Tulevathat,1
Riistässä,1
Cowbane,1
Porkkanalätyt,1
Kielletäänaseet,1
Valtionfirmaa,1
Jaritervomainen,1
Lihaksikkaimman,1
Yhdyntälupien,1
195mw,1
52mw,1
Oikeistopropagandasi,1
Uksominen,1
Merkitsevimpiä,1
Keskivertoperijää,1
Perheautomalli,1
Estrellalle,1
Sokerisipsejä,1
Shariahyväksyttyjä,1
Yhdyntälupia,1
Dvzrpyr,1
Kotousjärjestelmä,1
Vastanäyttelijänä,1
Villakoirillakin,1
Provoamisesi,1
Suunnittelevillekin,1
Ukkolinkkejä,1
Tahabsa,1
Tietoturvavaltuutettu,1
Viinkin,1
Softakehitystiimit,1
Mikropiirissä,1
Softakorjaus,1
Kommunikaatioradiota,1
Ilmansyöttöjärjestelmää,1
Huoltovaiheessa,1
Kommunikaatioteknologia,1
Kopioitavilta,1
Yksikölitä,1
Strumgewehrillä,1
Nuopitohtoria,1
Uhkapelitoiminta,1
Uhkapeliketjujen,1
Dokumentoitte,1
Rekisteriänne,1
Tarinakokoelma,1
Prolifehelp,1
3980641_orig,1
Menemissä,1
Carpoolingia,1
Pyöränkevennysurakoita,1
K7qgp1iucnm,1
Viimeisentasonkapitalismi,1
Työllisyysasioihin,1
Pepperonileikkelettä,1
Varasivulle,1
Metasubreddit,1
Mielläkkään,1
Puolustaessanne,1
Haatainen2018,1
Tuula_juliste_fin_somekuva,1
Pikkuluku,1
Tassunheilauksista,1
Vihahaukuntaa,1
Rollereita,1
Sarjakukkaiskasvit,1
Koranputkia,1
Maustekasviin,1
Kirveliin,1
Chervil,1
474765_1280,1
Väinönputkia,1
Vuohenputkeksi,1
Koiraputki,1
Talavipakkasella,1
Fetisiin,1
Kuoriessasi,1
Köpötteleekin,1
Kuutiokilometrinen,1
Cg13de,1
Klassikkoesitelmä,1
Chrisstucchio,1
Loans_for_ladies,1
Teroittaneen,1
Judtcxiqqm0,1
Killottaa,1
Kieltäytyessa,1
Lisäkohtausta,1
Lentokukialuksia,1
Kabinettitasolla,1
Hirado,1
Kozelet,1
Cikk,1
Torolte,1
Migransok,1
Miatt,1
Hazakoltozott,1
Sved,1
Videojat,1
Viinahuuruisen,1
Imeskelisi,1
Aluekaupungin,1
Kaupungistumispotentiaalia,1
Kaupunkiväestöä,1
Aiheellahan,1
Mafiamiehet,1
Punavihervasemmistolle,1
Hiiasta,1
Aavesaari,1
76kouifdry8,1
Võlu,1
Sajatti,1
Ebalev,1
Auranjuustolla,1
Mallivuosi,1
Leviämiestä,1
Ftnuqbxxw4,1
Twiittaawat,1
Juutalaiskonservatiivi,1
Viharikoksenkäsitettä,1
Hukkojen,1
Ukopirmas,1
Kivit,1
Maauskon,1
Perimmästä,1
Meteoriittikraatterit,1
Vnnen,1
Rekistejä,1
Rekisteit,1
Powerglovea,1
Odotusnumeron,1
Meechanin,1
Ephraim,1
Borowskia,1
1gulug3o,1
Terrorismilakiin,1
116dcd464f904a4c1c55b23f4dd47e26,1
Antisemitism_in_the_labour_party,1
Pikkupistooli,1
Countyyn,1
Sandiegouniontribune,1
Sananvapauspalkintoa,1
Tekopyhyyspistettä,1
Vahinkokuolema,1
Dissonanssianne,1
Heilaavasta,1
Luolaviikonlopun,1
Philadelphiaki,1
Xzv1tccntge,1
Ukpga,1
5nwnct,1
Piilopirtiltä,1
Airport_map,1
Rehottaessaan,1
Eristykseenhän,1
Perseenraiskauskolhooseja,1
Pankkaaja,1
Ostrakismosoidaan,1
Ostrakismosismin,1
Tukihuutaminen,1
Püpper,1
Järsineeni,1
Kiinanpaskatavarat,1
Juutalaissauna,1
Confederates,1
Loukkaavuudella,1
Groteskeimmista,1
Davidlynchsundaybest,1
Uudistuspuheissa,1
Lomakejuttuja,1
Vimose,1
Kiinakirjeissä,1
Pakettiautomaattihommat,1
Robottiautojensa,1
Irrauduitko,1
Kirjepalveluista,1
Yläpeukuttamatta,1
Tt3682448,1
Housuisiinsa,1
Kivojaki,1
Ilveiltiinkin,1
Sankarimamu,1
Prosessinhallinnan,1
Lokerokokoja,1
Lounaslukemista,1
Kiinapaketissa,1
Printatuin,1
Postitusvolyymia,1
Leffastarat,1
Vitsitekosyyn,1
Yhteiskunnnalliset,1
Vitsailijat,1
Kumouksellisille,1
Poliisivuhveja,1
Verkkokauppapaketteihin,1
Törniäisen,1
Setäpoterosta,1
Uppopaistajaiset,1
Hnnghhh,1
_paras,1
Ammattikoomikoita,1
Nauretaanhan,1
Onnettomuusvideoillekin,1
Autokraattisista,1
Menestyjaa,1
Zmcpuxub,1
Hastagillä,1
Heivataas,1
Raasulla,1
Mamuhalaajille,1
Laukaustilastot,1
Jämnt,1
Återspeglas,1
Skottstatistiken,1
Motståndarens,1
Peroden,1
Målfest,1
Segrare,1
Urheilujournalistiksi,1
Ki4qzj9u,1
Äänestyslangasta,1
26tl1g,1
Vilkkaamissa,1
Vaihotehtona,1
86036p,1
A4suomen_uusin_poliisi,1
Sääntöpohjaisetkin,1
Tullilomake,1
Suomrirapia,1
Pehmeimpien,1
Mukavitsinä,1
Rekkafeministi,1
Välituntitaktiikoihin,1
Valeraiskaussyytteillä,1
Fredrikssonista,1
Kokonaisvärikuvan,1
860daq,1
Toimittajalta_menik,1
B6_metoo_keskustelu_liian,1
Ovenkavaan,1
Vg0jstydl8hcg,1
Janitskinillä,1
Salassapitorikkomukseksi,1
Osalvaltioista,1
Koskematomuutta,1
Isolohkoa,1
Heilahtaan,1
Siuntiolaisen,1
Seurantakoodeista,1
Perintoverotulot,1
Hiiskahtaa,1
Taikaukolta,1
Häsätöhryn,1
Immoraalisuus,1
Poliisikoiro,1
Asianajajaltasi,1
Bq4yd2w50no,1
909milj,1
Statfin_vermak_pxt_002,1
Dadcc297,1
5dc8,1
A6f5,1
C4c95abb2183,1
Toipumismenetelmistä,1
Ehdottavani,1
Työssäolovuoden,1
Takaisinmaksuosuuksilla,1
Hippodome,1
Slapwrap,1
Viikonloppuviihteenä,1
Polttamati,1
Aavikkokulttinsa,1
Rintaperillisiltä,1
Skypepalavereissa,1
Ideoidenvaihdolla,1
85slpc,1
Wahlrooseilla_k,1
A4_sukupolvenvaihdos_bj,1
Pakkokitketään,1
Xyprxoa1h1s,1
0xmcwr0o3hs,1
Lakiasiantuntijaa,1
Valjakossa,1
Vetäjänpaikka,1
G1g6wb,1
Vdns,1
Ledarstil,1
Skapat,1
Tystnadskultur,1
Fredrikssoniin,1
Alastonrooli,1
Puolimiehenä,1
Miesohjaajalle,1
Äitiyslomiin,1
Kärhämöitä,1
Miesnäyttelijöidenkään,1
Metodinäyttelemiskoulukunnan,1
Nikkiksiään,1
Ppgiseg,1
257097157_are_cities_the_font_of_innovation_a_critical_review_of_the_literature_on_cities_and_innovation,1
Röökiklikkiä,1
Samansuhtaisia,1
Amerikkalaistyyliselle,1
Siivittäviä,1
Analytiikkapuolella,1
Dataputkimies,1
Pelotteluartikkelin,1
Poliisekoire,1
Nostettiinhan,1
Kiiihdytykset,1
Kulketaan,1
Hermosauhuille,1
Lopetuspäätökseni,1
Kaasukammioineen,1
Käsimerkkeineen,1
Valtakuntineen,1
Pyyhäkäisee,1
Perusviba,1
Sotilaalliset_rajoitteet,1
Lentokustannuksetkin,1
Lentokustannuksiltaa,1
Amerikkalaishävittäjiä,1
Ilmavoimillahan,1
Ruotsin_ilmavoimat,1
Tappokäskyä,1
Trollaantui,1
Hirsipuuhuumorikoomikko,1
Tuomittii,1
Pahoitamisen,1
Ogelmaa,1
22kaikkien,1
Vahennysten,1
Da7617f1048540a0a06f344dec9572b6,1
Kuistista,1
Pientaloasukkaille,1
Vahvusii,1
Litkui,1
Ironiaitkuna,1
Humalaltuneena,1
Urheiluselostusta,1
Mallineidentäyttelyyn,1
Naistensairaalat,1
Potilaskertomustietojen_kopiopyynto_begaran_om_kopiering_av_patientjournal,1
Bilangual,1
Musamediat,1
Suhtviihdyttävään,1
H_2375,1
Spitfirekin,1
Efeltiivisempi,1
Huoltohangaareissa,1
Väliaikaiseba,1
Etupesäkkeessä,1
Puolustusvaroja,1
Kotikolosta,1
Roketettaisiin,1
Vaalivilppipaikoissa,1
Vaalipaikkoihin,1
Valtakamppailuja,1
Audiotoriomaisen,1
Oikeudenmukaisuudentajusta,1
Mielenpahoitussyitä,1
Joukkomieltä,1
Helläkätisenä,1
Terroristirikoksesta,1
Kaulukiikun,1
Molekyylibiologiansa,1
Kosmologille,1
Merkkirasististen,1
Marginaalisemmatkin,1
Sääntöpohjaisilla,1
Lahnustaja,1
Lopetuspäätöksessä,1
Nissnikun,1
Askarruttavasta,1
Muinoisilla,1
Ranskalaisagentti,1
Satelliittipuhelimesta,1
201803212200827009_ul,1
Möränen,1
8aa,1
Kotikuistille,1
Tykänneitä,1
Merilevälehtiä,1
Minisusheja,1
Pääuskontokunnan,1
Katselumäärä,1
Kauheesto,1
Happokasta,1
Mahavaikeuksia,1
Maalittamisineen,1
Lynchini,1
Sekavaisuutta,1
Lynchit,1
Peukuttaneensa,1
Tiennaavat,1
Alityöllistteyjä,1
Välisakki,1
Oletulsellisasta,1
Kannustinluokkuja,1
Perintöveropotista,1
Tuomarinvalan,1
Hypertunteellisuuteen,1
Tunteettomuuskaan,1
Aivonmädätystä,1
Tyranninatsiyhteiskunnan,1
Spesialista,1
Vapaapaikka,1
Flippailusta,1
Asianajajallekkin,1
Korotuksillekkaan,1
Höpöttölet,1
Peukuttavia,1
Tienraivaajan,1
Ihmisvietit,1
Irreversiblen,1
2tkz0u6q,1
Epläselväksi,1
Nöyryyryksen,1
Faattista,1
Kotuksen_uutiset_2016,1
Sukunimia_kannattaa_taivuttaa_kotuksen_ohjeiden_mukaan,1
Keskariakaan,1
Uussanastoa,1
Oripääläistä,1
Maansiirtoyrittäjää,1
Nollakemmenttinesi,1
Langetetaanko,1
Rytistynyt,1
Kayden,1
Raivorunkkari,1
Huoltorumba,1
Asiattamomasti,1
Peukuttanee,1
Häpeälistalle,1
Kevätkiima,1
Ensikertalaiskerroin,1
Ehdonalaistasi,1
29495932_10156257878889222_7909512958001020928_n,1
6f59d91b08e6059318ed4a1892208c36,1
5b2ea9d0,1
Loistotilanne,1
Selänsä,1
Tervani,1
Uusintaäänestystä,1
Lintuharrastajalle,1
Highlightaamalla,1
Lintutestissa,1
Gonzoxxxmovies,1
Kommenttipisteytys,1
Aisanajaja,1
Kokonaisrepsahdus,1
Aikuisviihdeaddiktiot,1
Kelpokansalaiseksi,1
Tiedustelulainsäädäntöpakettiin,1
Elinkautisrikoksista,1
Residensissä,1
795lw,1
Seksiorjissa,1
Sähköpyörätukia,1
Tuprutelleena,1
Käyttäytysmismalleja,1
Ponnistuksiaan,1
Boastailla,1
Boastailee,1
Varoitellen,1
Nimllään,1
Viiskymppisiltä,1
Ostoivoiman,1
Suuremmella,1
Ratioonallista,1
Ketaistuminen,1
Hypertunteellisuus,1
Liiketoimintayksiköiden,1
Kustannussynergiat,1
_puolustuksen_,1
Milestonejen,1
Pöllölaji,1
Vastavalosta,1
Kuirikin,1
Sirri,1
Varpuslinnuistakin,1
Kertausharjoittelua,1
Jury_selection,1
Skriivatut,1
Somemeemu,1
Onelinerhöttöä,1
Näyttelijänaista,1
Julkilynkkaaminen,1
Syytöstsunamit,1
Maskeerauksineen,1
Enolerasisti,1
Massaöyhötys,1
Sotarikollisensa,1
Kahlaajakysymykseen,1
Tääkäsin,1
Peltotiellä,1
Libtardinkin,1
Kortinkuivumiset,1
Sirrilaji,1
Viklolaji,1
Kerttuset,1
Kirviset,1
Poismuuttaville,1
Postiautomaateista,1
Rroskaläjä,1
Tyylivalintana,1
Pääsiäiskorttiin,1
Maksimointinäkökulmasta,1
Pornokovalevykasojeni,1
Joukkomurhaajalle,1
Niveapurkki,1
20mcintosh,1
Omsty1osanw,1
Koskeakkaa,1
Giddings,1
Automiästen,1
Poliisipisteeni,1
Kusipääpisteeni,1
Ajotaidottomuus,1
Rajoitusaluleella,1
Interweberissä,1
Villapaitapeliin,1
Monipuoluedemokratialla,1
Verotaulukoiden,1
Öliölijuttu,1
Tarkempikaan,1
Työexpaa,1
The_real_hustle,1
S06e07,1
2f4of8r4lnq,1
Tuoreimpaina,1
Aaripaaksi,1
Lekasoralta,1
Estolistayritelmä,1
Paratiisisaarisysteemeitä,1
Paratiisisaaret,1
Korkeariskisin,1
Supervaltavat,1
Eriarvoistumistyöryhmästä,1
Agendatuputustaan,1
Olikukkoilua,1
Musiikkilehdessä,1
Vitsiympyröihin,1
Peukkuinkvisitioon,1
Vaultista,1
Brittikaupunkien,1
Tuomiostani,1
Egooni,1
Muovinpalaakin,1
X4z93nt,1
Lemmikkikuvaa,1
Soveltunutta,1
Täysmuotoisena,1
Värihyrrä,1
Värihyrrää,1
Homeland_security_advisory_system,1
Velttomunaisia,1
Kodinhengettäriä,1
Alfasitä,1
Biologiatätä,1
Älähtelystä,1
Äiämeininkiin,1
Mukamaskivikasvoja,1
Tuoppeihinsa,1
Käräjaoikeuden,1
Odzoel5,1
Autohankintani,1
Nopeuttavampi,1
Esimerkkeä,1
Sähköpyörälllä,1
Jarrutettuapaljon,1
Blamer,1
Panttivankineuvottelussa,1
Viuhuttanut,1
Pysyväisempiä,1
Peruselämänhallintaa,1
Osastoaika,1
Tmenmzfuu_0,1
Väestöpainettakin,1
Laskennellainen,1
Tuomioistuinaste,1
Ilmastonmuutoksentorjunnassa,1
C4kur1gyoeq,1
5z5icveirik,1
Rubikinkuution,1
Päiväkirjasivuja,1
Multihuipentumalta,1
Sarjaviljely,1
Ilmailukentän,1
Bellieni,1
Kokonaiskokemustasi,1
Audiofiileille,1
Puunuppeja,1
Villakoiratkin,1
Luxusautojen,1
Siirappioksennus,1
Matkustusasunnon,1
Mukavuusselityksiä,1
Nukkenäyttelyyn,1
Sporttialustalla,1
Mielensisäisestä,1
Katseljoihin,1
Perkaisivat,1
Nonverbaalisiin,1
Kortikotropiinia,1
Leuenkefaliinia,1
Nopeuskoeasetelmaan,1
Kebabkojua,1
Piilotusväline,1
Lepotuolisi,1
Nettikiusaat,1
Haavoittuvaisii,1
Istumamukavuudesta,1
Osakokemuksia,1
Sivuvaiktuksia,1
Ulkomaanletkussa,1
Kotihakemistossa,1
Viestintäministeriöhän,1
Lastensuojeluasiaa,1
Estotoiminta,1
Sakottako,1
Qkoafww,1
Sopetuvat,1
Omavaraisuusoppi,1
Möyhyäjät,1
Itsensäkehittämisryhmistä,1
Tiedustelujutut,1
Nipistetyksi,1
Pureskeluhan,1
Soittokohteiden,1
Satunnaisuusehdot,1
Puoluekannatusgalluppeihin,1
Kompromisoidusta,1
Marikkinonti,1
Lukitussakin,1
Lähetyksenseurannasta,1
Sähköhöyrytinkin,1
Aamuröhinää,1
Mustankeltaista,1
Colorcodattu,1
Djmdmysxgaa_eyo,1
Amisheille,1
Autoasian,1
Janitsaari,1
Toimintatapanaan,1
Suojautuvan,1
Suojautunu,1
Pornospammipaskaa,1
Xxxamateurassteenagers2u,1
Viruspaskan,1
Lävähtäisikin,1
Itsevihansa,1
Ihmisvihalla,1
Epäystävällinenkään,1
Kaahausauto,1
Vuoravaikutussuhde,1
Itkunhan,1
Classroomin,1
Karsvattaa,1
Perintöveronmaksunlykkäämissysteemi,1
Talousseuranta,1
Standardij,1
B6n_internet,1
Sivut_sensuroitiin_lapsipornona,1
Seksuaalivalinnallisesta,1
Riippuvainein,1
Uusipaavalniemeä,1
Kaamosvalittaja,1
Minimipalkkio,1
Vaihtoyliopistoni,1
Vaihtoyliopistolle,1
Erityiskaavio,1
Poikkeuksellnen,1
Majoitukseni,1
Teknotilpehööriä,1
Kaulapartailijoille,1
Omallstunnolla,1
Diagnooseistakin,1
Keskustelutyöhön,1
Myyntialueittain,1
Maanisdepressio,1
Päihteettömiksi,1
Päiväkirjankirjoitusvinkki,1
Vastentehtoinen,1
Koiraille,1
Sanavapauslainsäädännön,1
Kehittymmistä,1
Uskontojuttua,1
Filosofiapuolen,1
Rahahuijausta,1
Virkavaltaankin,1
Psykedeelitripit,1
Dissosiaatiohäiriöisiä,1
Virusvaaroista,1
Muistitikuissa,1
Tricki,1
Peliputki,1
Lenkkeilykoukkuun,1
Elellessään,1
Paranijoita,1
Hoitokielteisyyttä,1
Ollenska,1
Hoivattavaks,1
Uusisuomalaiset,1
Rubiks,1
Hyökkäilisikin,1
Duunisaumoihin,1
Perusturvamatto,1
Avensiksia,1
Monimutkaistuttaa,1
Dw20uwl,1
Suunnittelleisin,1
Lumisadekaan,1
Mainee,1
Retkahtanyt,1
Syyllisyydessään,1
Turhaab,1
Hallinnasssa,1
Luovuttamisfiiliksiä,1
Veroillekaan,1
Johatavassa,1
Johtajakoulutettava,1
Monopolirahaukko,1
Antrooppista,1
Töpöttelemässä,1
Technolygy,1
An_insight_into_child_porn,1
Estotoimintaa,1
Rojahtamista,1
Typpilannoitteella,1
Viherrehua,1
Aloituskäden,1
Silminnakijahavaintoja,1
R6h,1
L0s,1
Pizzayrittäjiä,1
Gängstäräppäritkin,1
Tarkkaavuuteen,1
Thumbnail_gallery_post,1
Lapsipornosivustokin,1
Affektio,1
Tukahduttaneeksi,1
Psykologeistakin,1
Potilasliukuhihnalla,1
Mittaridata,1
Typodomainiin,1
Filosofiakurssin,1
Suosittelulukemistona,1
Idealisoinut,1
Psyykkeentilassa,1
Kevytharrastaja,1
Suhtautumistas,1
Etulyöntiasetelma,1
Lentokustannuksissa,1
Osastojaksoista,1
Kohtalaiseenkaan,1
Ohjemääräysten,1
Vastakommenteille,1
Psykoanalyyttisesti,1
Hatkahdan,1
Jaksamisvoimat,1
Kaverustunu,1
Rahanhuijauksia,1
Ammattihoidosta,1
Tunnepäiväkirja,1
Äppikaupasta,1
Deletoitun,1
Kolmannellaan,1
Jutustelutuokiot,1
Sähkökemiallisia,1
Mekanismimme,1
Tajunnanvirtamaisesta,1
Sukupuolijakoroskaa,1
Miestenhaukkumisartikkeli,1
Naiskulttuuri,1
Spiritille,1
Rantamiehen,1
Tiedostanevat,1
Neurosoluja,1
Hermomyrkyistä,1
Hermomyrkyiksi,1
Npwgexn,1
Matluun,1
Rn5xxqxvbtm,1
Lopetuskerrat,1
Tehomaanviljelyn,1
Vesiviljelyjärjestelmillä,1
Kaksoissokkokokeesta,1
Vakoojaongelman,1
Kiväärisurmatkin,1
Arkiesineistöä,1
Tulipalokiireellä,1
Omaviilla,1
Hoitohoihin,1
Monivaikeastimielenterveysvammainen,1
Terveydenhuoltobisnekselle,1
Mielenterveysvammaiset,1
Mielenterveysvamma,1
Haxxori,1
Mitäliekaikkea,1
Draftaamissa,1
Suomalaisaissa,1
Maahanmuuttp,1
0isyf,1
Neonikatinoideja,1
Tiedonkerääjien,1
Hovioikeuksia,1
Verotappion,1
Diskometalilla,1
Verosuunnitteluaikaakaan,1
Lataamiensa,1
Peruskasseissa,1
Pihtailisi,1
Isoisoisoisoisällä,1
Huivipakotusta,1
Läkkeey,1
Somatiikkaan,1
Moninutkaisempi,1
Jenkkkien,1
Turkkilaispopulaatio,1
Erodgania,1
Taruakaan,1
Tunteellisuuksissakin,1
Mysteerilaatikon,1
Hairiokayttayminen_69082,1
Baletille,1
Näppäilyvirheeni,1
Z8zp9plwqoi,1
Kykeneväisyydesta,1
Vatvomisena,1
Itkeskelynä,1
Työkyvyttömyyslausuntoa,1
Selkävammasuus,1
Robottimehiläisiä,1
Rahantarjoajia,1
Fundraisingin,1
Sikariporsaalla,1
Kaiverrusfirma,1
Argumenttinini,1
Enmänyt,1
Kasvistosta,1
Metalliboxeissa,1
Ennaltaarvattavaa,1
Bensiinikauppiaan,1
Öljykulutus,1
Insinöörikunnalle,1
Yksitylsautoilua,1
Työelämäsimulaatiota,1
Seläntilanne,1
Uudelleenkäyttökertaa,1
Keskivertohmiselle,1
Muslimiherrasmiehet,1
Makkararahoistaan,1
Makkarakokoelmasta,1
1630x,1
Generalissimuksen,1
Sävyisten,1
Konktakteja,1
Atsteekeille,1
Romahtamisemme,1
Vesiviljelytarvikkeita,1
Verkkiksenkin,1
Tuotantoonlaitettavaa,1
Hiilenkaappausteknologiaa,1
Huonostiymmärrettyjä,1
Palautemekanismeja,1
Elossaolevalle,1
Superpandemioita,1
Normalisoija,1
Digijätteille,1
Tuhoutuvaan,1
Huolosta,1
Lisäännyttään,1
Pysättämisen,1
Oikeudenloukkauskertomuksissa,1
Standardifaabeli,1
Räytymisestä,1
Interrailselfieitä,1
Teatterituotantoa,1
Ilmasikshan,1
Viranomaiseltakin,1
318123308_meaning_and_importance_of_weeping,1
Turpeenkasvatus,1
Rapisevien,1
Henkselikassien,1
Rapiseviin,1
Ulkaistu,1
Lahtomaissa,1
Jpkspr4,1
Esitelmöinnit,1
Aidiin,1
Lampotilatilastojen,1
Pajumetsikön,1
Pajuhaketta,1
Uudelleenallokoidaan,1
Turpeenkasvatuksen,1
Atheisti,1
Yliluonollisen,1
Henkselikassiin,1
Muovimassaa,1
Tuttipullonimijä,1
Muovipussihömppää,1
Tanskani,1
Moninkymmenkertaiseen,1
Syyllinnen,1
Elinkaarikuluihin,1
Lounaspizzan,1
Herkkyysanalyysiä,1
Nikamansiirtymä,1
Nikamavälin,1
Luutuma,1
Voimaharjoitteiden,1
Kahvakuulaharjoitteet,1
F8l05nvz0ny,1
Pikkufileille,1
Säästöjtä,1
Autoromuttajien,1
Yksitiyseltä,1
Vastaanottokeskuskissa,1
Analyysiensä,1
Eläkkeellejäänyt,1
Väestöpolitiikkaan,1
Jewish_pogroms_in_the_russian_empire,1
Dw27w41,1
Vaihtoehtoiseti,1
Kunniakolossa,1
Humpuukitieteet,1
Mittausarvon,1
Ennätyskylmien,1
Offinsa,1
Henkselikassi,1
Perforoitu,1
Kartonoi,1
Läpivärjätään,1
Roskapussejakin,1
Jääkiekkostadioniin,1
Hiilikaappauksen,1
Hiilidioksidijärvellä,1
Mittakaavaerot,1
Päätöksentekosuunnittelusta,1
Kurssitavoitteiden,1
Hiilenkaappauksesta,1
Biomassakasveja,1
Pyrolysoitaisiin,1
Viljelysmaaperää,1
Bioenergiantuotannolla,1
Kasvatusmäärillä,1
Yhteysketju,1
Terveyttäänsäkään,1
Päätöksentekofirmwaremme,1
Pyödästä,1
Ghostnipples,1
U40g1jtz78501,1
Leimattavien,1
Jänistämispelin,1
Chicken_,1
Kielitieteelliselle,1
Etnologinen,1
Heikkotasoisuus,1
Esitarkistusta,1
Populääripolitiikkaa,1
Aanioikeuden,1
Cbbcudq,1
Turvapaikkapuhuttelujen,1
Päätösasiakirjoja,1
Humanistityöntekijä,1
Kiistelläänkin,1
Henkiolinnot,1
Sisäisnä,1
Kaaosmaagisesti,1
Shaftaa,1
Symboolisina,1
Pyöritelyt,1
Truescotsmania,1
Puolipakottaminen,1
Esimieskäytöstä,1
Ilmasenkohan,1
Väheksysin,1
Kuppikuntiein,1
Maahanmuuttajastatuksesta,1
Webbihotelleja,1
Cringely,1
Friatideriä,1
Glumwildatlanticridleyturtle,1
Keikausten,1
Oikeistojenginsä,1
Valvojakaan,1
Roboautoihin,1
Psykologiliitossa,1
Diagnostiikkaoikeudesta,1
Diagnostiikkaoikeuden,1
5gmbjgjf,1
Gcftxb2,1
Qm0az,1
Ags5k0j,1
H31h0h8,1
Yyperin,1
Roboautolta,1
Näkyvissäkin,1
Terrorismisessa,1
Jimmcpherson,1
450b6f347fbe,1
Seksuaalissadistisia,1
Näyttelijäsuoritukseksi,1
Haukiten,1
Elokuvakriitikkoa,1
Seksuaalissadistisin,1
Lisäsadistisuus,1
Hegemonialliset,1
Miehentyo,1
Hupielokuva,1
Synkkämielisiin,1
Käsikirjotukselle,1
Metoona,1
Haapkylan,1
Seksuaalissadisteisista,1
Syöttämis,1
Mediaväkikin,1
Nykyvuotenakin,1
Alaselkäkipua,1
Infrapunassahan,1
Huumekauppiaistakin,1
Migreillä,1
Strübing,1
Robottilinnut,1
104a,1
Gjd0zu,1
Olisettepa,1
Satunnaisotantajoukkoon,1
To1400,1
Kangasniemeläisistä,1
Rahallaiset,1
95f,1
Laserpulsseja,1
Takaisinheijastumien,1
Seyraavaan,1
Reagoitavissa,1
Kaikensyövä,1
Massatiedonkeruulle,1
Surffailijoista,1
Paskalööpi,1
Kuulailu,1
Ylävaratalon,1
Neatimscxsy,1
Tukilihaksille,1
672wwfen55o,1
Rzeczpospolita,1
Pilvihampuusit,1
Kiusauskyselyitä,1
Arjellakin,1
Suosikkijääkiekkojoukkue,1
Hmbtqzd,1
Vertailukuvan,1
Ihmiskuskikaan,1
Maansiirtoyrittäjiä,1
Pommittaakohan,1
Pintamateriaaleilla,1
Toptenz,1
Dallaillut,1
Umpiroistoiksi,1
Naattimassa,1
Toeamus,1
Hätäjarrutusjärjestelmät,1
_jointti,1
Rikostilastoeroista,1
Sanssin,1
Valittaispa,1
Suorakaideyksiöstä,1
Uskonkiihkoilijalta,1
Kamalempana,1
Ahtiumista,1
Kunnallislehteen,1
Roskafirmaansa,1
Silsanen,1
Nigabäg,1
Kaytettyaan,1
Sukupolvisopimusta,1
Wwfy0,1
Yritystoimintassa,1
Arvonhuojennukset,1
Hasislätkähän,1
Quidet,1
Weedorana,1
Puukotellen,1
Tekopäivän,1
Turvapaikkakaytantoja,1
Päätöskäytännössä,1
Turvapaikkapäätöksentekoon,1
Päätöskäytäntöä,1
Vertailumaastamme,1
Turvapaikkaprosessimme,1
Paikkapäätöksenteon,1
Tilkkutäkkimallisen,1
Riimupointin,1
Karjavaunua,1
Ryhmätyökumppani,1
Avautuminenki,1
Populärpolitik,1
Vanhojenasioidenuudelleenbrändäys,1
Taeaellae,1
Babylonians,1
Usurpers,1
Cornering,1
Scapegoats,1
Pyhimy,1
Interpretable,1
Nuorisopolilta,1
Aikuispolille,1
Holhottiin,1
1xovxscg8u0,1
Uskomistani,1
Yksilötarinan,1
Linssistäkään,1
3d6d70424bc4,1
Z19ueb0,1
1a3amkn,1
Käyttäytymismallilla,1
Ihmisoikeusvaihtokaupaksi,1
Näsäkän,1
Toimitusjakoa,1
Ryhmänjohtajaharjoituksia,1
Kukkendahleniin,1
Jattikorvauksen,1
Takuukaudet,1
Rahastomekanismi,1
Xzxkczm6,1
Syydettin,1
Puuskahtikin,1
Vokissahan,1
Kirjoitusjäljestä,1
Kuulakärkiä,1
Taskuunlaittamista,1
Mouhotuksena,1
Aamuohjelmissa,1
Keskuteluohjelmissa,1
Humaritaarisesta,1
Lopettamisesa,1
Afrikkalaislasta,1
Tyskentelevät,1
Kirjottajahan,1
Punavihervasemmistolaist,1
Hipsterimaisterilta,1
Auttamistouhussa,1
Sotimisikäiset,1
Suomen_kaunein_kunta,1
Kohtelesivat,1
Venäläissturisteja,1
Puolisovähennyksestä,1
Alaikäisyysvähennyksestä,1
Kuoilee,1
Puolisovähennyksen,1
Perunkirjoituskulut,1
Uhkailulapun,1
Portnoj,1
Vaatturia,1
Huomamaatta,1
Vakuutusyrityksiltä,1
Kilpailukuponkia,1
Lhespisbmte,1
Sonderaktion,1
51b1143,1
Osiaksi,1
Öljymyynneistä,1
Tajipakistan,1
Uzpakistan,1
Vokkikeskus,1
Arvailinkin,1
Ympäristörikoksissaki,1
Julkisselvittäjä,1
Bikebr,1
Afn7mijz_s,1
Lähetysväli,1
_hamppu_,1
2016013121045462_uu,1
Nawrozista,1
Persialaisesta,1
Päivittäistavaramyymälärekisteriin,1
Vapaudenpuutteeseen,1
Orjuudenlajeihin,1
Ylimääräinenkuluerä,1
Eitulisi,1
Painostavilla,1
Tunnistusohjelmat,1
Exchenge,1
Erityistoimenpidevyöhyke,1
Verkkorikollisista,1
Valotasojen,1
Kommunismitauhkan,1
Todennäköisämmältä,1
Triaskauden,1
Miljardioperaatiossa,1
Heikompilaatuistettu,1
Alitason,1
Jääkappejaan,1
Työttömyysprosenteillaan,1
Reformeineen,1
Giljotiineineen,1
Psykoosipolitiikan,1
Omaisuuskaan,1
Kauppaväyliä,1
Vassuliittoa,1
Massiiviyhtiöt,1
Eturauhastani,1
Pakolaisuuteensa,1
Devşirme,1
Miinuspäästöisten,1
Sirkkulajeista,1
Aliavaruusanomalia,1
Fossiilipainotteista,1
Populaatiomekaniikasta,1
Nawrozin,1
Alanuolettelua,1
Läppälinjalla,1
Mainoskyniin,1
Käyrästöt,1
Superextrapaska,1
Itsariratkaisuun,1
Luisumatta,1
Ohjainsauvaa,1
Liikenteenohjaajiin,1
Pikkupelureiden,1
Pikaiseenkin,1
Ötökkätarhaus,1
Yhteisviljely,1
Kultamunasi,1
Sopeuyuvia,1
Kotiviljelyssäkin,1
Suvackkiryhmästä,1
Vieraanvaraisuusnäkemyksissä,1
Tieskin,1
Tekoälyautojen,1
Ykgdhda4hho,1
Lääkereaktioiden,1
Yksityiskohtaisemmalla,1
Psyykenlääkkeissä,1
Menettämisseuraamuksesta,1
Halpiskamera,1
Konenäöillä,1
Välittämistäkin,1
Tömähtäisi,1
Anaerobiset,1
Mikrobiprosessit,1
Sähläämäään,1
Biogeokemiallisten,1
Käpyfirmalle,1
Aikuisopintotuella,1
Suklaalevyseppähitsaajaksi,1
Käpyfirman,1
Ammattilentäjältä,1
Heikkila_essi,1
Stereotypisoitavana,1
Nowruzista,1
Luontevimpana,1
Nowruzin,1
Nowruzia,1
Mutkutukselle,1
Ympäristöpiirit,1
Jotma,1
Päättäjäsukupolven,1
Kaivostoimintaansa,1
Hautautumisprosessit,1
Metsäistutusten,1
Puhdistusprosessi,1
Bäckupattuna,1
Inrangetvshow,1
Maallikkojenkin,1
Vääntäneensä,1
Saksalaiskaupasta,1
Laatumakkaraa,1
Kummpaakaan,1
Suvatsevaisempi,1
Konservatiiviestä,1
Vihreälläkuulalla,1
Kulttuurijuhliin,1
Hylkiöjengiin,1
Käriksiin,1
Salassapidollista,1
Vuokrasopimukseeni,1
Farmacological,1
Amerikkapilkkubotti,1
Koreaankiin,1
Autonomiatesti,1
Videonjakopalvelun,1
Neukutkaa,1
Kalapedia,1
Muikku_11584b,1
Panosuhteetkaan,1
Fleshlighteina,1
Mittakaavankaan,1
Voittaaksensa,1
Kaahailulle,1
Muurahaisethan,1
Turpeenpalallaan,1
Heteroseksiäkin,1
Bemmyjä,1
Jälleenlatausohjeet,1
Perintöverokertymän,1
Marginaaliperintövero,1
Muotitietoiselta,1
Muotikledjut,1
Armeijaylijäämältä,1
Abbrobotics,1
Suomenruotsalaisemme,1
Arvonalennushuojennukset,1
Viimeksimainitulle,1
Suvunjatkamistarpeet,1
Seksuaalisuu,1
Pakonoloiseen,1
Itsemurhakelat,1
Pukillepääsyn,1
Toosansaanti,1
Ikäläisten,1
Rehvastelut,1
Panoreissuilla,1
Paneskeluilla,1
Hehkutamalla,1
Irstauksiin,1
Turuillaja,1
Riettailut,1
Koettasit,1
Nussimishommissa,1
Aivokemikaalit,1
Panokokemuksiaan,1
Keskusvaltioälykeskus,1
Verkostokeskuksesta,1
Itseajavalta,1
Kääntyvänkaistalta,1
201712082200590757_u0,1
Jonella,1
Jar8923453931532na3,1
Olennellinen,1
Siwavarkauksineenhan,1
Romaanikulttuuri,1
Kauppavarkauksista,1
Romaaniperheistä,1
Diilamassa,1
Ratsioimaan,1
Yllätysratsian,1
Nxlqv_k4p8q,1
Monokamerahommat,1
Yrittäneellä,1
Itupirtelöt,1
Ikineitsyeksi,1
Sodanruntelemassa,1
Valkosipulisoossilla,1
Saaristolaismarkkinoilla,1
Ympäristöpakolaistulva,1
Nuorenmieheneuro,1
Solipsistinkaan,1
Chuckberryt,1
Irccikin,1
Glory_hole,1
Normisuklaamunien,1
Joulukalenterimuovia,1
Tsättäilyä,1
Avustuksiinsa,1
Saksanturkkilaisissa,1
Pendletonin,1
Empatiavarastot,1
Hyvänpäiväntutuille,1
Techninja,1
Bettar,1
Kohuerimieltäolemisella,1
Enbuskemaisesti,1
Lehtolankin,1
Nöööööy,1
Käräoikeudessa,1
Vaihtoehtä,1
Välismiesoikeus,1
Höpsöttelin,1
863xcj,1
New_addition_to_sitewide_rules_regarding_the_use,1
Asianajajayritykstet,1
Herättääki,1
Moriboy,1
Common_chimpanzee,1
Group_structure,1
Bonobolaumoissa,1
Räjäytyksissä,1
Teamspeakistä,1
Mumbleen,1
Statuksemme,1
Maahanmuuttovirran,1
Lotinaan,1
Irkkiklientti,1
Kädettömämpikin,1
Maaorjiaan,1
Nuuskumuikkusen,1
Tirolilaisasuun,1
Lodentakkikin,1
Viittattavat,1
P317_676630,1
Loden,1
Gunshop,1
Randomeläinlääkäri,1
Etablisoit,1
Käräjätie,1
Homostelukiinnostus,1
Pierseskele,1
Viimeinne,1
Mokkanahkakengissä,1
Milloinpas,1
Elitistisempi,1
Demokraattivoittoiseen,1
Hiustenpidennys,1
Otsatukkaan,1
Maanantaiaamurituaalina,1
Mobiiliäpit,1
Servukohtasesti,1
Sisäpiiriporukan,1
Grillivalikoima,1
Oujeeeea,1
867jo1,1
The_cloud_act_would_let_cops_get_our_data,1
Kanalaji,1
Estolistassa,1
Oikeistoki,1
Austerityki,1
Skallagrimin,1
Nokkeloima,1
Kylmyyskuoleman,1
Kylmyyskuolemassa,1
Kolas,1
Turvaverkollaan,1
Kartesiolaisen,1
Huonommuden,1
Aivomittausten,1
Masennustapaukset,1
Spämmäysrajoitukset,1
Spämmimassaan,1
Minimityötunteihin,1
Semivenäläisiä,1
0ahukewi6l7sg0idaahxeeywkhsugaw4q_auicigb,1
Agire_cudi,1
Tsfa,1
Op_shield,1
Burgerrobotti,1
Standardiavausviesti,1
Privaatimmille,1
Alppivaellus,1
Väläytetyssä,1
Tuhlausrauhan,1
Pellerangaistuksilla,1
Skriiiii,1
Ianille,1
Kilpailukappaleelta,1
Muuntosarjat,1
Turvallisuusvarusteiden,1
Jalankulkijansuoja,1
Lauetaankin,1
Automatttjarrutukset,1
Detektoidu,1
Nuhaoireet,1
Potentiaaliarvo,1
Ärsuamee,1
Lyydiläisten,1
Jerkinä,1
Sarjavilauttaja,1
Defaulttinäkymässä,1
Fincarreen,1
Siperiansukuista,1
Tunkeutujoita,1
Junker_,1
Thunderbird_,1
A4nniemen_tornado,1
Uutiisoinnin,1
Äärisuvaitsevalle,1
Muraaminen,1
Puhelintako,1
Objectinfo,1
Hiukkassuotimella,1
Nokipienhiukkasia,1
Bensaturboissa,1
Bensaturbokoneisiin,1
Rikospalsta,1
Samaklubi,1
Kepupiireissä,1
Vivuttaneessa,1
Satuilussa,1
Kantijuhdaksi,1
Säätilallisesti,1
Vuoristoratapäivä,1
Maailmanennätysaikaan,1
Gn7rkrftziq,1
Minäkseen,1
Superviisoria,1
Hiohohihiiiii,1
Osakeyhtiöstäkään,1
Tytskyn,1
Kusetuskaupoistaan,1
Vauhkoilusta,1
Kaivostytäryhtiö,1
Kannabislääke,1
Valittuus,1
Eriuskoiset,1
Juutaisuuden,1
Noahide_laws,1
Eriuskoinenkin,1
Kutojaksi,1
Ikilomalle,1
Täsmätietoiskusta,1
Heittovaihtotunnuksen,1
Nopeantavat,1
Omavaraisyhteiskunnassa,1
Maaorjasysteemissä,1
Siperialaisperäiset,1
Velhomainen,1
Alkuperäispiirroksissa,1
Napsata,1
I_know_it_when_i_see_it,1
Teneriffan_lento,1
Lähtöluvaksi,1
Muumikeraamisissa,1
Animaatiopiirroksissa,1
Izlv2,1
Hashiman,1
Tavarakohtaiset,1
5f5029,1
Amazonde_ilmaiset_toimitukset_suomeen_kun,1
Corded,1
Kameraprojekti,1
Lärvis,1
Asekauppasubit,1
Kauppasubit,1
Gundeals,1
Gunsforsale,1
Scotchswap,1
Beerswap,1
Beertrade,1
Cigarmarket,1
Brassswap,1
Pipetobaccomarket,1
Gunnitforward,1
Secretsniper,1
Gunsnotforsale,1
Gundealsfu,1
Canadagunsee,1
Airsoftmarket,1
Czfirearms,1
Välimiesoikeudella,1
Rotukäräjiään,1
Russinat,1
Maakaasuntuotanto,1
Copypastettais,1
Preta,1
Kakkosmarkkina,1
Kakkostoimija,1
Wirtasellakin,1
Tyrolean_hat,1
Lodentakki,1
F7b774e3b595aa9590d4803fccbe199d,1
Laskos,1
Vuokranantajienhan,1
Ihmissalakuljettamien,1
Lääkärivalan,1
6d3b2rm,1
Sivuvaikututksia,1
Väärinkäyttöpotenttiaali,1
Valvontatoimintansa,1
Ltyytyä,1
85qyj0,1
Jlruneberg_sotilaspoika_uusi_suomennos,1
8604un,1
A4_kuvaparista_irtoaa_meemi_poikineen,1
84yim1,1
Uskomattoman_upea_pluskoon_malli_ashley_graham,1
83n02d,1
Moderaattorimarssi,1
Tuntemillamme,1
Aurinkoenergiaohjelman,1
Rikastuttanee,1
Priorisaatio,1
Prioritisoisi,1
Trollaanpa,1
Udmurttilaisia,1
Vastaanottokesskusta,1
Asennuskset,1
Kytöstä,1
Kotimaanpoliikassakin,1
Pamputetusta,1
Uskovaisuutesi,1
Pintahipaisuja,1
Tuotespeksit,1
Kallioseinämää,1
Saapunet,1
Hurn,1
Pakolaiskeskustalosta,1
Fyrkkia,1
Nykyhallinnossakin,1
Aroundina,1
Jääviyspulmaa,1
Veropetostuomio,1
Lähipiiriensä,1
Oikeusministeriössäkin,1
Totuuneet,1
Valemdia,1
Resoverin,1
Blackistan,1
Layer3,1
Filtterilaitteita,1
Resolverikseen,1
Resolvaamaan,1
Iqua,1
0mgqaflo_p8,1
Lääkekulttuuri,1
Vetoisesssa,1
Saattohoitopotilaalle,1
Tutkimuslääke,1
Yliannostettaessa,1
Lääkekattokaan,1
Reseptilääkemyynnin,1
Erikoislääkärillekin,1
Img_20161020_115133,1
Täsmentymätön,1
Uskottavakaan,1
Turvapaikkahaastatteluiden,1
Turvapaikkatarinoiden,1
Kellopelleily,1
Leuhkimisesi,1
Hyvästejään,1
Salakirjoitella,1
Kotiverkkolabran,1
Postikuluttomaan,1
Depositoryyn,1
Jatkoturvapaikkahakemuksia,1
Mountainille,1
Kiinteistömenot,1
Tarkistamiset,1
Pädiinn,1
Proffatki,1
Riidanratkaisun,1
Haurauttamana,1
Univelkakakussa,1
Olemassa10v,1
Synnytyslääkärit,1
Käsitelläksemme,1
Cultur,1
Nowrus,1
Nouruz,1
Wounderful,1
Grillimättöjen,1
Makkarahyllyt,1
Smeno,1
Yhtöitä,1
Aikakehitysmaa,1
Löhnätä,1
Itsetäänselvyysiä,1
Vastuunsiirtolausekkeet,1
Realisoitumiskomponentti,1
Kamerapuhelimensa,1
Neuvostohousut,1
Ihmisoikeusaktivistiensa,1
Vonkaputouksen,1
Pakosuunnitelmia,1
Häpellisenä,1
Confrontaation,1
Dgzkg,1
Swresources,1
Igh87,1
Concerned_but_dont_know_what_to_say_here_are_some,1
Risuaitakanavamerkki,1
Demolitionranch,1
Lempikanavoista,1
Videokanavat,1
Ensihoitotehtävät,1
Kauen,1
Lattianpaasaaminen,1
Yläjerran,1
Kompurajalkaisia,1
Jättiläskejä,1
Kovalevyvehkeellä,1
Digiboksinsa,1
Aikaerorasitusta,1
Pilettämään,1
Järkimiehelle,1
Ahhahahhah,1
Kaverienkaan,1
Irlantilaismies,1
Valetaksinkuljettaja,1
Syylältä,1
Sytostaattiohoidoista,1
Gabapentinoideista,1
Lääkekrapula,1
Torinarkkien,1
Vatsansuojalääkkeiden,1
_mielipiteeseen_,1
Mielestään_,1
Mokailemaa,1
Puolustautumaa,1
Puristitko,1
Flightdeckfriend,1
Turviksesta,1
Tietyntyyylistä,1
Sotavammainen,1
Discordsuomi,1
Lauttareitti,1
Suomibrändeistähän,1
Pikikasen,1
Gruupin,1
6eab3f907cc9,1
Vertailuostoskoreilla,1
Paremminvarustelluissa,1
Pönttöönsä,1
Luonnehäiriötä,1
Vuollaanko,1
Canariahan,1
Karriääridiplomaatteja,1
Hyväntekeväisyystouhujaan,1
Henkilövaihtuvuus,1
Subarktisissa,1
4z0vrk2,1
Saidoille,1
Gcfbsny,1
Uradiplomaattia,1
Risuaitaboikotti,1
Verenkiertojärjestelmän,1
Exabrial,1
Pointksi,1
Nkoren,1
Ettiessään,1
Piispaselta,1
Anispullon,1
Kelvanny,1
Alkoholinvalmistaja,1
Arvosanalta,1
Tiehallinnolta,1
Inttiaikoinani,1
Hyllyillekin,1
Instituutiosijoittajissa,1
Valttele,1
Kaupunkiviihtyvyyden,1
Altiaindustrial,1
Maatalousraaka,1
Kustannuskilpailukykyisimmän,1
Kartonkiteollisuuden,1
Naturet,1
Maalämpönesteet,1
Maalämpöjärjestelmiin,1
Sopimusvalmistusratkaisuja,1
Alkoholijuomateollisuudelle,1
Liuotintuotteiden,1
Ylikansallisilleomistajille,1
Valtiommme,1
Kaksikymmen,1
Neuvontapuhelinkin,1
Fa30bfd452829a077efb4d05e6259708,1
Hajutki,1
Marginaaliolosuhteissa,1
Varmuuttelu,1
Psykedeejeä,1
Maitokaupoilla,1
Viinakauppamonopoli,1
Neuroleptejen,1
Lomailkoon,1
Lomamatkakohteet,1
Maantieteellisella,1
Käräjäoikeustuomaritki,1
Kidutuslentojen,1
Standardiliittimin,1
Käyttöjännitekin,1
Lumivurelta,1
Metodeitani,1
Epäonnistumisesten,1
2hblybr3tn4,1
Xhmovzt8h_m,1
Suklaayhdistyksen,1
Paridiahorisontti,1
Elintapakonsultti,1
Mindfulnessharjoitusputkeaan,1
Offlabelviidakko,1
Polttelijalta,1
Erdigsestä,1
Epästrategista,1
Mustelmapuhelujen,1
Eläkkeenmaksulta,1
Ressulaisia,1
Sikailuturistialueitakin,1
Palmasista,1
Savonlinnalaisessa,1
Keskussairaan,1
Peseytyjät,1
Tsättikeskusteluja,1
Möhnittyä,1
Sexurity,1
Pindows,1
Fegetables,1
Aftermoons,1
Miscue,1
Isommatki,1
Snorted,1
Juappoja,1
Katteltuani,1
Nosturiopiston,1
Saunavöille,1
Laihdutuspillereille,1
Sekaomistuksessa,1
Seoshopeaa,1
T0mpp4,1
Leimamerkinnöistä,1
Nenäkoruja,1
Oluthyllyille,1
Bulkkiinkin,1
85gw2x,1
Kouluille_jaettavassa_sprinfossa_esitell,1
Soulsseissakin,1
Salmiakkilikööri,1
Matkakorvaukset_matkustustapa,1
Lääkiksessa,1
Legaliteettimääritelmän,1
Opiskelupaikkaahan,1
Carpathia,1
And9gcr4qc,1
M7ppao4fzgzypyudq9tqvujfvatiyxdfpbf23cioivmxo3w,1
Ressuporukka,1
Emp0ri0,1
Enriguelle,1
Iqndvanm9re,1
Uralähetystöhenkilö,1
Suosintaepäilyjäkin,1
Risuaitagate,1
Ikävismiä,1
Interwebistäkin,1
Ylinopeuskäryjä,1
Miesautoilijat,1
Kärymäärät,1
Kvantimotvia,1
Asyystä,1
Permavirgin,1
Deittailustakaan,1
Lähdetetään,1
Mab05,1
Hermomyrkkynäytteiden,1
Venäläisperhettä,1
862wfd,1
Plurality_in_polish_state_tv_pre_and_post2015,1
847owx,1
Most_read_hungarian_news_site_got_turned_into_a,1
Lingvistejä,1
Oulussa_teuvo_pakkalan_kadulla_epailyttava_mies_lahella_ammattikorkeakoulua_69132,1
Puuelementtitalon,1
Araviestin_verkkoartikkelit,1
Purkamalla_paremmaksi,1
Purkamispäätöksen,1
Tr46_17,1
Huippuvuotena,1
Toimeentulotuillahan,1
Vaakkui,1
Alakoulukaverin,1
Valepoliisihommassa,1
Törsätkö,1
Kreikkoihin,1
Länsimetroihin,1
Laskujenmaksutalkoisiin,1
Vaakkumista,1
Estetisoi,1
Rahkansyöntikyvyllä,1
Örinäkunnossa,1
Seurustelusuhteitakin,1
Peruspalikkakurssit,1
Pitsatykki,1
Yariksellaan,1
Luokkaankin,1
Pitsalähetiksi,1
Detonaation,1
Lastulevylaatikoita,1
Peltivuorattuja,1
Anteeksiantavammin,1
Mamutulvasta,1
Viestittämisellä,1
Possible_reasons_for_punishment,1
Pikkujekun,1
Kunnolls,1
Äänestysprosentinkaan,1
Julkisenkuvan,1
Kaksinkertastu,1
Juopumusjuomien,1
Marraskuun_liike,1
Liekkihotelli,1
Liekkihotellina,1
Ventovieraatkaan,1
Mattikarvonen,1
Paskojaelämänprovinkkejä,1
Lastulevyhäkkyrät,1
Ikkunaprivilege,1
Subilaatikko,1
Statementitkin,1
Fullofshitness,1
Trebesistä,1
Poliisiläppä,1
Videomatskussa,1
Formaattivalinnalla,1
Rambotouhua,1
Peikkoudestani,1
Satuttainen,1
Cornettotrilogiaa,1
21dn0yzplwq,1
Peruspulsulta,1
Kämppäämme,1
Lojaalisuuttaan,1
Machiavellism101,1
Verokikkaulun,1
A8252666,1
Statementteihin,1
84gmqo,1
Us_blames_russia_for_skripal_attack_in_absolute,1
Dvpsaaq,1
Kiinteistötoimijat,1
Mörsköjä,1
Slowdays,1
Sijoituspankkiireja,1
Iit1g7hirie,1
𝐋𝐲,1
𝐧𝐧𝐢𝐭,1
𝐣𝐚,1
𝐩𝐨𝐭𝐤𝐮𝐭,1
Leivänmurusiaan,1
Puuteteessa,1
Lurkkaushiljaisuudenkin,1
Majottamiseen,1
Naapurikämpät,1
Saksantorakoita,1
Infestoineet,1
Pantuakin,1
Makuprofiilien,1
Mäskäämisen,1
2fsdp,1
Kapitalististyrangeista,1
J78sdczzuma,1
Aggressiviiseen,1
Jalkaterällä,1
Anastusrikoksista,1
Muuntorangaisuksia,1
Opetustaitojen,1
Huippumassaluentojen,1
Hallintokeskuksiin,1
Huippuyksiköiden,1
Paikaassa,1
Rottailubudjetista,1
Kelakorvausautomaatista,1
Myymälänäpistyskeissit,1
Näpistelyuutisoinnissa,1
Liekkipivokkaita,1
Juoksukaljoittelijoita,1
Partakoneenteränhamstraajia,1
Rötöstelyhistoria,1
Sarjamyymälävarkaalla,1
Syöpäuutisia,1
Operaationi,1
Ambumalanssin,1
Onnestä,1
Turussa_napistelijoita_69130,1
Xqwy8po,1
Abeslamin,1
Uratestin,1
Hömppähumanismia,1
Dreamejä,1
Romanileidit,1
Esimerkkikansalaisia,1
Romaniperinne,1
Suuromistuksessa,1
Pystyvässä,1
Hupaisuudesta,1
Mattotekniikoista,1
Guardintapaisesta,1
Pulittaneelta,1
Leffamatskuu,1
Puhelinumeronsa,1
Ig3o599aui8,1
Tuotantokiintiötään,1
Novochekia,1
A8243206,1
Heidiblake,1
Sq9mlokxl1,1
Oakargn4r8,1
Säädöksellinen,1
Wruhgjdx200,1
Tietokantajärjestelmien,1
Lainsäädäntövaiheeseen,1
Taksikohun,1
Siveällä,1
Säädyttömyyksiä,1
Sairauspelkoinen,1
_herrojen,1
Pizzakauppaa,1
Viirilää,1
Viirilän,1
Suomisosialismissa,1
Juhlintakuviin,1
Paikkakunnillekin,1
Tenavatähdeksi,1
Lapsinäyttelijänä,1
Kauppahyokkaajan,1
Jälkivaikutuksiakin,1
Pakkonäyttää,1
Tähtinäyttelijä,1
Perättömyyttä,1
Novichockia,1
Mayhin,1
Totuudenmukaisiin,1
Mänttäämistä,1
Veikaampa,1
Lidlisafkalla,1
Terrorimirikoksista,1
Tampaxeja,1
Tuohenpalasta,1
Legitiimists,1
Ampumradalle,1
Kuntauttavuudella,1
Kuntouttavuutta,1
Rikoksenuusimistodennäköisyys,1
20sanaksenaho,1
Hankkimiseenkin,1
Normal_distribution_cdf,1
Odostusarvoisesti,1
Tyydyttyykö,1
Erisävyisiksi,1
Lumenvalkoisiksi,1
Ysärisarjasta,1
Kelpaamattomutta,1
Salaviinanpolttajissa,1
A4pistys,1
Romany,1
Romany_crucifixion_legend,1
Romanies,1
Ravintolapäällikö,1
Sivuroolikin,1
Jälkiaukissa,1
Atlasofeconomiccomplexity_part_i,1
Tietotaitotasoa,1
Rikosseuraamusviranomaisia,1
Perseeseenreikiä,1
Perusripulikin,1
Myyärekinokokki,1
Kakkahetkiä,1
Henkiinherätettäväksi,1
Varasuunitelma,1
Vitsaruuta,1
84t247,1
Your_package_will_be_delayed_forever,1
Dvshc0k,1
Jf445sr5,1
D5cd4c13,1
Trebesin,1
Pyrstöyskän,1
Ihmisoikeussopimussäädökset,1
Rajoitusestää,1
Torjuukieltää,1
Muulipeikkoja,1
Osinkoverohuojennuksella,1
Mattopiiskaan,1
Fledasta,1
Kasvatustuulet,1
Etymologiastaan,1
Omisteisille,1
Isokokosempi,1
Bodybuildaaja,1
Mielenongelmia,1
Luelwdz,1
Boonuspojot,1
86joto,1
Opiskelijoiden_hylkim,1
A4t_soluasunnot_lojuvat,1
Dw5o9po,1
Resurssisyistäkin,1
Lvsalute11n,1
Aamuanniskelun,1
Rassaaminenkin,1
Hapkidon,1
Hapkidossa,1
Jutsuun,1
Perisuomalaisimpaan,1
Saunanlauteilta,1
Hapankermakartanoita,1
Pussipasta,1
Sukelluskellossa,1
Wallanderiakin,1
Lassgård,1
Tietikantoihin,1
Epäilyttävillekin,1
Monimutkaidta,1
Englanninnoksestakin,1
Näyttelijäntöitä,1
Pernalastuja,1
Heräteostettua,1
B00blm51ve,1
Merilevävalmistetta,1
Kalanmaku,1
Merilevältä,1
Asuinalueellamme,1
Nimilappukikan,1
Puolifundiksia,1
Ruokapori,1
Seasalt,1
Cidervineg,1
Potatischips,1
Cidervinager,1
Joukkouraiskauksilla,1
Pikkubrittitytöt,1
Ynnnh,1
Sipsinnälkä,1
Uusavuttomampia,1
Cheerliideristä,1
Takakuistilla,1
Naatiskelin,1
Leikillisessä,1
Puolileikillinen,1
Ammattitaidola,1
Lahjoakko,1
Tienvieriä,1
Etikkaisempia,1
Valmistauduitte,1
Työttömiltäkään,1
Rokotusasiantuntija,1
Voimasanat2018,1
Questionpro,1
Yamayoshin,1
Ostolaitaan,1
Auditti,1
Tarjotaisin,1
Mechanica,1
Tietokyselyjä,1
Sipsityyppi,1
Deletoidaa,1
Markkinaryminää,1
Maalittelijalla,1
Kakattajia,1
Suurillehan,1
Te3aelov0ba,1
Johnie,1
Läskeilin,1
Lainmäärittelyn,1
Blairssin,1
Furioukset,1
Fireballsit,1
Salavuoteutta,1
Sanktiopuolta,1
Päiväkotileikkaukset,1
Timmermanseu,1
Melaniinipitoisuudella,1
Syntyperämaan,1
Vanhainkotijuttu,1
Fulness,1
Tuntihotellin,1
Tunkeutaan,1
Böndepaska,1
Timmermanin,1
Laajaisesta,1
Väestönvaihtoprosessista,1
Alfathan,1
Markkinahistoriaa,1
Underwriter,1
Setelitukkoakaan,1
Elintasonousuna,1
Orwellialaisuuksia,1
Tuohellen,1
Meetingiin,1
Sossutyyppi,1
Mustelmassa,1
Sossutyypeiltä,1
Swedish_iraqis,1
Remonttijengi,1
Toinenni,1
Kalastuskamoja,1
Koirankakattajan,1
Taluttajalle,1
Pareto_principle,1
Paskanatseilun,1
Napalminallejen,1
Perusvarallisena,1
Rasisminvastaisista,1
Palpatusta,1
Stemu,1
Fönariin,1
Asutushistoriassa,1
Armahdukseenkin,1
Yihaa,1
Viittasimme,1
Sijoitusasunnoillansa,1
Maihinnousupaikoilla,1
Hikityöpajojen,1
Kubiikkelit,1
Träkkäämiseen,1
Politiikkomaisesti,1
Läsnöolo,1
Arvostelematonta,1
Pooprints,1
Keräysmahdollisuus,1
Pääkontterit,1
Kaupunkibannatut,1
Ekstrospektiivistä,1
Jumalhahmolle,1
Esterellan,1
Pansuolasipsut,1
Poimusipsut,1
Herkkusipsut,1
Sipsini,1
Maalaissipseinä,1
Välistävetonsa,1
Transendenttiin,1
Sipsitarjonta,1
Jeremyperson,1
Dilberts,1
Pikajulkisuutta,1
Keskilappi,1
Tunteidenloukkaantumispaskamyrsky,1
Huuruisimmatkin,1
Vieroksuvalla,1
Euroeliittien,1
Raiskaillen,1
Itsemurhapommittaen,1
Qeogjktdo8k,1
Kesäillatkin,1
Lappalaiskaamokseen,1
Hammastikkuihin,1
Ryhmittyien,1
Taistelupareiksi,1
Suljettuilla,1
Toiskseen,1
28hep0h,1
Lypsäjistä,1
Jenkkimeemin,1
Kerrrotaanpa,1
Tietojärjestelmätoimittajien,1
Parinkympinkin,1
Foliovuoratulla,1
Affenienmaa,1
Uusmonikulttuurisuus,1
Tillimaustettu,1
Ihmisoikeussopparista,1
Kellonviisarille,1
Kukamuumukan,1
Tyyppimäisellä,1
Suvackeja,1
Suunnitelmallisuuskin,1
Rajakkimölinän,1
Kuvitelmiansa,1
Painuttuvan,1
Hiuslisäkkeeseen,1
Rasismivastaisuuteen,1
Jatkopostaus,1
Alaleuattomalle,1
Chickenhawkille,1
Loppupäiviksi,1
Kerroskeittiöllisiin,1
Punji_stick,1
Lisäuhraus,1
Tulokymmenyksiltä,1
Tappavinaan,1
Aikaneutraalisti,1
Pääsanat,1
Wisecracker,1
Perussipsuja,1
Itteestäsi,1
Poliisisoitoilla,1
Mainillani,1
Enpähä,1
Mikrometriluokasta,1
Kansanhanhu,1
Kananmunavertaukset,1
Hikityöpajoissa,1
Lby9p3ms11w,1
Kubiikkeleja,1
Vispilänkään,1
Ökyvuokraa,1
Kuriilisaarille,1
Haavoittamisen,1
Vitukkeeksi,1
Pølsejen,1
Aavikkokultille,1
Vireystilansa,1
Pystyynhomehtuvat,1
Aurinkorytmiin,1
Yhteisajan,1
Virastoelämä,1
Nippelisummissa,1
Closattu,1
Irtisaanontua,1
Toimivät,1
Intrigejä,1
Aurinkokelloon,1
Rankaisumuotona,1
Selkäsaunojakin,1
Kahvinkeittäjäharkkaripaikan,1
Dippikysymys,1
Pakastinaltaasta,1
Trikiiniongelma,1
Kasvatuspossussa,1
Vakuuttelisit,1
Fiilaamassa,1
Possunjalostaja,1
Lorttouutiset,1
Itsenäisyyttäämme,1
Alapäästäkin,1
Keltapakettisten,1
Leikkeleitenmyyjä,1
Useitakymmeniä,1
Locon,1
Eksistenssiaalisempi,1
Sarjakivittäjät,1
Katselukielto,1
Gce5lua,1
Sylispurgu,1
Työvoimatarvettaan,1
Uskottias,1
Reenaamatonta,1
Yamahaansa,1
29511998_10156269257029570_6334458517133251150_n,1
Ad439004156d4f42020a7f12d7e23289,1
5b3f181d,1
86m4t7,1
Suomen_kansalainen_tuomittiin_syyriassa_tehdyist,1
Loishäädöt,1
Kellojä,1
Turkubannatut,1
Kustalaisuudesta,1
Sega_bass_fishing,1
Interaktiivisin,1
Dreamcast_fishing_controller,1
Loitsuillakin,1
Kajrykmhe8s,1
Laivanupotukseen,1
Pätemislaini,1
Koiranvitun,1
Hiolle,1
Vitutettu,1
6u8gvh,1
Onko_kukaan_muu_k,1
A4ynyt_katsomassa_miami_elokuvan,1
Jf4i3x7b,1
91f4ce73,1
Kolmoskieli,1
Kolasti,1
Epätoivoisuudella,1
Matkustajalentokoneella,1
Arvonpäivä,1
Agressiomies,1
Haettuine,1
Pointteineen,1
Teokraateille,1
Somelaisesta,1
Hiljennyskulttuurista,1
Vastaankulkevia,1
Ouoinup2jqu,1
Bestien,1
Npqtl1dtrla,1
Hartsporttii,1
Kannabiksenosto,1
Metoohössäkät,1
Pokneozrvyq,1
Vye0eqhpnpi,1
Aaaaaaaabeu,1
C_ayjwsnjcg,1
Time_zones_europe,1
Harkinnun,1
Pohjaintressiä,1
Reenaamaton,1
Qz_rh3mkki8,1
Sotsista,1
Soveltuvuushaastattelua,1
9d08fe3558f742d294deca9f70abc8e1,1
Vodkavyöhykkeeseen,1
Enegriaa,1
Aikavaihdokset,1
Idukkcn0qc04120150807,1
Time_in_north_korea,1
Time_in_venezuela,1
Current_standard_time,1
Karkaavansa,1
Ihmissuhdemarkkinoidenkin,1
Lutratessa,1
Illtaisin,1
Kouluaamu,1
Sarkasmipiirit,1
Hiustupen,1
Olevaisel,1
Huiskui,1
Pölyhuiskiksi,1
Pigtoo,1
Nahkapääskini,1
Myaah,1
0s3mtdb9ups,1
Kaasuvalottamalla,1
Vastapuhujina,1
Hörhöproffan,1
Somevastainen,1
Tuppihan,1
Tuppivyötä,1
Kelatkaa_jotkut_oikeasti,1
Akaikkein,1
Hätäilmoitusrikemaksu,1
Kolmossulkeilla,1
Soppaliha,1
Lämpimimpää,1
Salaliittoteorioinnista,1
Vellottava,1
Levittäydyttyään,1
Moraalisäteilypisteiden,1
Eurooppalaisvihamielisyyttä,1
Suomalaisvanhemmat,1
Sytkärinliekkiä,1
Illuminaatiosi,1
Imaanikusipää,1
Uutisstudioon,1
Mustapippurimaalaissipsit,1
Pikatreenit,1
Rivatrilkännissä,1
Treenisessio,1
Kirpos,1
Baarituolit,1
Kolmikuvaisen,1
Chiptunena,1
Lauluosuuden,1
Erääntyyppisiä,1
The_data_do_not_support_the_idea_that_neonics_hurt_bees,1
Tristan_da_cunha,1
Rokkifestareiden,1
Echinococcus,1
Multilocularis,1
Maksakystia,1
Toothpick,1
Windstrong,1
B00bffkxzg,1
Bisneselämämme,1
Isanmaamme,1
Shariaoikeuksien,1
Marrakeshejä,1
Poistamistarkoituksessa,1
Kaupunkisubeissa,1
Villisiassa,1
Riistaiselle,1
Hallintatestamenttien,1
Veronmaksupakko,1
Jäämispakkoa,1
Premisseistäs,1
Väkityslauseketta,1
Välityslausekkeiden,1
Käräjäoikeustuomarit,1
Skeletoriin,1
Muotiaihetta,1
Hiaaah,1
Kalastuslehtiä,1
Kyyneltyvän,1
Muanpiälline,1
Totennäkösesti,1
Nuorisopsykiatrialta,1
Jälkimaninkeja,1
Vanhustenkodista,1
Provikkapalkkatöitä,1
Demmen,1
Konserttielokuva,1
Vaihtoehtorockin,1
Aavekaupunkimaisuus,1
Iuvsvhynw0a,1
Tonyllä,1
Päässykokeihin,1
Luokakkaveri,1
Nahkapäisen,1
Sotatilalta,1
Kuolemako,1
Emmyt,1
Öljymiljoonillaan,1
Toimivallaltaan,1
Rintaperillisistä,1
8633qf,1
Julkimot_peukuttivat_aku_louhimiehen,1
Reissailessani,1
Ilmastonmuutoskeskustelujen,1
Homomaahanmuuttaja,1
Yamasooo,1
Tickratea,1
Princessissä,1
Löyhimmän,1
Nurkkapatriootin,1
Prosenttitietäjä,1
Tummepipigmenttisiä,1
Yliannospulloksen,1
Sikiöseurantaa,1
Sikiöseurannan,1
Konserttileffa,1
Suomentapaksessa,1
Byrokraatinpöydältä,1
Seitsämästätoista,1
Liituraitaan,1
Poranreikänä,1
86ommk,1
Sampo_terho_kielt,1
A4ytyi_luovuttamasta_palkintoa,1
Louhimieskohuun,1
Lassukat,1
Millaisenaan,1
Perintoverotuksessa,1
Laulutaajuuksien,1
Feministipaskalla,1
Poikakoodilla,1
Big_time_,1
1988_film,1
Konserttikollaasi,1
Xw2mjrcvo4g,1
Vaijerinsa,1
Määräenemmistöllämme,1
Kaistaisiksi,1
Julkijuopottelulakeja,1
Efz94opcuv4,1
Liituraitaherrat,1
Kalastuspeliltä,1
Pölkää,1
Överiksivedetyltä,1
Akatemiantutkijan,1
Aborttilainsäädännöllä,1
Konservatiivipuoleelle,1
Einesteri,1
128hz,1
Lapsimurhamaihin,1
Tickratet,1
Animejuttu,1
Josbluet,1
Klinikkamaksuineen,1
Whatsppissa,1
Enm,1
Tvq1gj9,1
Tietoihiin,1
Korkskruv,1
Mcba,1
Sijoittautumisvapauden,1
Tunturitaigeri,1
Tunkkaisinkin,1
Demokratiapääjohtaja,1
Äjatellä,1
Laskentaaaa,1
Vitosjakson,1
7h15ml,1
Huumeiden_kysely,1
Heinekeniin,1
Veratilupohjaksi,1
Klubivaatteissa,1
Klubivaatteiden,1
Klubivaatteet,1
Itsestaanselvasti,1
Tyhjännaurajaa,1
Efundps8qgy,1
Parempigeenisten,1
Kristusmiekkareihin,1
Kokservatiivisuus,1
Biinä,1
Livelevy,1
Ulossulkemiset,1
Kurkkutuntuman,1
Höyryttimiä,1
Niksanesteitä,1
Yhteihaunkin,1
Iltapäivälööppejä,1
Lw5kf_ehdyu,1
Kellotaan,1
Suvakkipuheen,1
Konsupaskaa,1
Citylibimediamme,1
Hengailevansa,1
Äärikonsujen,1
Utelit,1
Graffoiltaan,1
Farssipatchia,1
Kuntosalivaatteet,1
Uimavarusteet,1
Kuntosalivaatteissa,1
Hautajaisvaatteisiin,1
Klubivaatteisiin,1
Huutelijatyyppiä,1
Vaatenormien,1
Telotuksesta,1
Luonnehäiriöihin,1
Luonnehäiriöisille,1
Puolisovähennykseen,1
Perintölaissa,1
Avoleski,1
Osoittasi,1
Verkkoreiän,1
Maksanvaihto,1
Setätapauksissa,1
Ftu_2,1
Pääomanliikkeitä,1
Sijoittautumisvapaus,1
Palveludirektiiviltä,1
Nälkiinnyttäen,1
Herramiessääntöjä,1
Shortsiesi,1
Runopoikalässytyksesi,1
Narkkaamiseensa,1
Kielioppirajoitteisessa,1
Keskivertoälykkäiden,1
Moraalikästyksiä,1
Purkamisenhan,1
Miestutkijan,1
Reflektiopintaa,1
Miesukupuolen,1
Käyttäytymisstrategioista,1
Taustamotivaatiota,1
Kvantitatiivistäkin,1
Väkivaltatilastoinneistakin,1
Miljoonakämpästä,1
Kieliopistasi,1
Taigerin,1
Aseettihapon,1
Maaplantillä,1
A4rkeytt,1
Somersf1,1
Marttyyrivapaustaistelija,1
Knuburavammaansa,1
Monottannut,1
Pikkukriminaali,1
Puhdasotsa,1
Natsailemassa,1
Kimissä,1
Veromediastamme,1
Intraseksuaalisesta,1
Mercurylta,1
Väkivaltarealismia,1
Markupia,1
Epamaarainen,1
Valttelyyn,1
Maaplantilla,1
Standardipoikaa,1
Takakenoviivat,1
Kaarisulkujen,1
Tehojasi,1
Maksilla,1
Lowilla,1
Rosvoretkiä,1
Hitregistä,1
Lagikompensaatio,1
Dicekään,1
Hitregiä,1
Hitregiltään,1
Suhmuroinnesta,1
Zowch,1
A285b4131d,1
Vaihteohtoisesti,1
Reittioptimointialgoritmi,1
X3x7bllgs,1
Asfacet_ffm,1
Syyllisyytenne,1
Tavoitellummiksi,1
Rinnakkaistuplatodellisuus,1
Skinikortti,1
F1i,1
390x234,1
Läksiäslahjana,1
Itkukouluun,1
Naisrymien,1
Hiaalaisten,1
Naisryhmillä,1
Antifeministityypit,1
Reservisotilaston,1
Paremmeilla,1
Miehistömäärän,1
Ammattilaisarmeijaksi,1
Sylkemistäkään,1
Faktanpoikastakaan,1
Otettiini,1
Kaasuvalottamiseen,1
Umpisuvakki,1
Alakappaleessa,1
Genetiiviatribuutti,1
Pääsanalle,1
Nokittelukulttuuriin,1
Harrastajistaan,1
Miehuudellaan,1
Lätkäjätkäkin,1
Moneenlähtöön,1
Työeämässä,1
Kyynistyjät,1
Kyynistykööt,1
Huukikin,1
Ihmissuhdedraamojen,1
Ammattiesimiehen,1
Ihmissuhdesotkujen,1
Perusturvakokeilun,1
Liiterilastuja,1
Kokemusasioista,1
Kiiistellä,1
Etikkaisemmiksi,1
Poliitikonretaleet,1
Sortsituksessa,1
Kehityspsykologiasta,1
Viholliskuvista,1
Autonrassailijatkaan,1
Miehellisenä,1
Atribuuteiksi,1
Käsittäjä,1
Nettivanhemmat,1
Kasvatustyyliään,1
Vetäytyvämpi,1
Herkkälle,1
Kaulankatkomisvaltio,1
Ylläpitojäsentä,1
Siirtelevä,1
Koservatiiveja,1
Krapulazombie,1
Pahanolonpurkamisen,1
Zozr2,1
3026c8c2cd,1
Musadokkarit,1
Merkkihuoltaja,1
Äänestäjämatsku,1
Nuorisojärjestöläinen,1
Pyssyvideot,1
Asepornolle,1
Konservatiivipsykooseissa,1
Joukkivastaus,1
Poikamaistakin,1
Ikävaihtelu,1
Omiean,1
Jälleenrakennuspankkiin,1
Sateenkaarimaa,1
Lankatyylinen,1
Kirjaostokset,1
Letkujanne,1
Reititinmodeemeista,1
Homopiilotteluksi,1
Maksum,1
Jabai,1
Kommentti_miska_rantaselle,1
Kritistointiin,1
Uppoutuneen,1
Mietiskelyksi,1
Sinikeltaiselle,1
Alaäänestysryppäästä,1
Oletusvälilehdelle,1
Koosit,1
Deviate,1
Tyttökoodin,1
Neekerikoodin,1
Hostaamille,1
128tick,1
Nousekkaa,1
Pakolaisaidaksi,1
Pörssiosakesijoittajaa,1
Tappiomahdollisuus,1
Penkkirivistö,1
Metrokerrokseen,1
Rokotusvastustajat,1
Sydänsyöpä,1
Amerissa,1
Perunkirjauksessa,1
Alaskirjauksiin,1
Checkasitko,1
Vannojilta,1
Kallastukselta,1
Idiootiolta,1
Thorbjørn,1
Jaglandilta,1
Yksinhuoltajaetuuksista,1
Vahinkous,1
Kuujuutalaisetkin,1
Hahmotanko,1
Vähemmistösekaporukoita,1
Kaupunkilaisjärkeni,1
Keskustelurinkiä,1
Arkikokemuksessani,1
Puukkoisimmat,1
Kännisimmät,1
Paremmuusajattelu,1
Huuen,1
Vannojia,1
_moikka_,1
168007a088,1
Lälkikäteen,1
Luottavaisessa,1
Ulkopoulelle,1
Ostoksens,1
Lauantaiaukiolonsa,1
Tuhtala,1
Sijoituksillensa,1
Tennisotteluiden,1
Kilpilua,1
Eriavoisuuden,1
Pim_fortuyn_list,1
Korservatiivipuolue,1
Ulkosuomalaisetkin,1
Rajaudumme,1
Konservatiivipuolueistakin,1
Shorttaisi,1
Summaankaan,1
Nokittelusuhde,1
Syylistynee,1
Väkivaltafantasioimaan,1
Kuukauerä,1
Lainakorolla,1
Tietynkaltaisista,1
Munanuken,1
Uudellenohjaus,1
Ammattilaiskärjistä,1
Valeantista,1
Valeantiin,1
Kavrtaaliraporttien,1
Vetoakselinsa,1
Peltoaukion,1
Humaanisempi,1
Kasseissasi,1
Nkk66jm,1
Shorttipositiot,1
Tuottoprofiilin,1
Apinapiiristä,1
Sydänkään,1
Jyystäminenkin,1
Vaginallisesta,1
Mielipideblogiinsa,1
Persutavanlaatuisia,1
Proteiinipitoisista,1
Mikrobeistahan,1
Kouluampumisjuttuja,1
Rclpex5,1
Iason,1
Akilleus,1
E07014aa,1
9a45,1
F75cfda36bdf,1
Väkivaltavälineen,1
Ammattilaissijoittajia,1
Piensijottajalla,1
Maäärä,1
Tenttistressi,1
Päiväkirjamerkintösi,1
Suhmuroitaisiin,1
Selkeähkösti,1
Geeniversioita,1
Homovastaisuuttaan,1
Protestanttijutut,1
Libinuivien,1
Ylitsepääsemättömiää,1
Ouuulusa,1
Oeulusau,1
Liskofiltteri,1
Svenskbladet,1
Hutt440x300,1
Miespanee,1
Negrua,1
Muistioluonnos,1
Kesäaikadirektiivistä,1
Epäterveitäkin,1
Vallitsevampia,1
Epäsuvaitsevasti,1
Jorvissakin,1
Minihameseen,1
Oluenvalmistusrobotin,1
Erityiskaupungit,1
Käänynnä,1
Sosialliturvasta,1
Poliisirobotti,1
Markkinatalousmahdit,1
Autocorrecting,1
Urheilijastereotyypissä,1
Rasistipuheen,1
Maahantunkeutujakansan,1
Finland_worlds_second,1
Least_corrupt_nation,1
Kotiboksiin,1
Konversioterapialla,1
Kasvisrasvasekoitetta,1
Törpöllinen,1
Piirrustanut,1
Kohtukuolleet,1
Aristokraattikriteerit,1
Opportunistiarkeologi,1
Biomekaniikkanäytteitä,1
Tinnutusta,1
Punkkulasillisen,1
Taustamelunki,1
Lääkäritoimiin,1
Ujoaddc,1
Parempikasvuisiin,1
Alaräpylä,1
Minihameella,1
Talouspakotteidenkin,1
Automaatioinssirobotti,1
Bassoluukutukset,1
Krisitillinen,1
Kitararifillä,1
Xufznlfvsxs,1
Samoisten,1
Maalaislastuista,1
Maalaislastut,1
Shokikseni,1
Maalaislastu,1
Omenaposkisen,1
Skriptaansa,1
Tammisenkanssa,1
Poikenneita,1
Mattieskohytönen,1
Enpurskella,1
K7sagyj,1
Änkyttämiseks,1
Ydinperheteknisesti,1
Tykittelyssä,1
Raamattukansaa,1
Vaahtoaviin,1
Purppuratukkiin,1
Kuplaes,1
Shorttisalkkuun,1
Tartiste,1
Kuulohäiriöistä,1
Satunnaismeteligeneraattori,1
Toimistoympäristöön,1
Roolipelisessioihin,1
Rotupuhtauasnatsi,1
Palsyn,1
Rasistiporukkaan,1
Kompurointien,1
Taikatemppuyritys,1
Perjantaietkoilta,1
Y5kj8ft,1
Fotaaja,1
Horisonttimasturbaattoreille,1
Robotiikala,1
Pohjatyötstä,1
Nelinkertastuu,1
Valkealta,1
Automoitumassa,1
Pakastemaissista,1
Efzgq,1
Henkilöaspektilla,1
Seinänpuoleiset,1
Kohtisuoria,1
Valokuvakilpailun,1
Voittajakandidaatti,1
Kiekkoilijatausta,1
Kiekkojuniori,1
Täysvalkoista,1
Treenikämpillä,1
Naapurihuoneestakin,1
Värinähälyttimen,1
Eikonteksia,1
Simulointityökalut,1
Kakkamerkkaaja,1
Arkimelun,1
Elokuvapomo,1
15yrs,1
Ajb37ie,1
Applikaatiotunnistuksella,1
Kuluttajareitittimistäkin,1
Seconday,1
Specialzation,1
Musiikinsoittohommista,1
Famifi,1
Lyijypakkaukset,1
Robottipalvelijoilta,1
Kärisville,1
Autek,1
Palkkaperusteinen,1
Kansantaloustutkija,1
Rajaehdon,1
Ennakkotehtävääni,1
Luopumispuhetta,1
Ostavikinä,1
5kmbgz,1
Kansantasavallan_presidentti_owkuusinen_ulkoilee,1
Jf6f7rli,1
5f4272f4,1
Seessami,1
Huonopisteisiä,1
Passeistakin,1
Asuinpaikkasysteemi,1
Kaupunkikansanedustajien,1
Aikaavaruus,1
Ruoskimisistaan,1
Aikakoordinaatiston,1
Riemanin,1
Kuvautuisi,1
Äärettömyyspisteeseen,1
Kompleksiarvoja,1
83772829e23,1
83727115e11,1
Karteesisia,1
Karteesinen,1
Uskontokäyttäytyminen,1
Restartia,1
Kiinakriitikolla,1
Shorttaajista,1
Muovautuminenkin,1
Xu_jiayin,1
Nykyeurooppalaiseen,1
Määärin,1
Ripustamallani,1
G4ae4lt,1
Asiointivuoro,1
115db,1
Keskiäänitaso,1
Melualtistuksessa,1
Desibelissä,1
Tinnityskin,1
Perusopetusvelvoitteen,1
Lahjakkuustekijä,1
Baarikeskustelut,1
Ristipistosin,1
Suomipysäkkilankaan,1
86syna,1
Finns_irl,1
Dw91980,1
Linkkatun,1
Väärinlaskun,1
Kermassani,1
Rasvaprosenttinen,1
Darrasafkassa,1
Postikas,1
Pisteytätte,1
Demokratisoinut,1
Pistejärjestelmälle,1
Hölmööhän,1
Eitällemitäänvoida,1
Meluvammaa,1
Kuulokäyrien,1
Kuulokäyrissä,1
Poisoppimiskurssi,1
Korvatulehduskierteestä,1
Taitelija3,1
Nuiltakin,1
Pojusein,1
J9ott0o,1
_kerta_,1
Anaalinautintoa,1
Relaytä,1
Ilmpiirin,1
Dogpile,1
Nuivapiireissä,1
Sanomaanki,1
Riisiviinat,1
Riisiviinasta,1
Romaanikääntäjien,1
Sädekehävaikutuksen,1
Kommeintoisitko,1
86y1fl,1
Kiina_alkoi_pisteytt,1
A4_kansalaisiaan_pohjasakka,1
Doufu,1
Penetroitui,1
Lesbotytär,1
Hyvesignaloivasta,1
Ubermenshejä,1
Ydinperheidyllissä,1
Isovelimeiningistä,1
F4bc3086e2af8ed56fe0ab88e173e97f,1
Tuontimerkit,1
Fudilta,1
Aihuttamalla,1
Kastittamalla,1
Toverillisuudella,1
Pubgkin,1
Transitiovaihetta,1
Äänihakuja,1
Pukeutumisongelmiin,1
Government_tyranny,1
Hymyilevätkö,1
Talouskokeilu,1
Pimpottaan,1
Vitsakädessä,1
Kukonlaulunaikaan,1
Hymytöntä,1
Vastakulttuureita,1
Häpeäkampnjoihin,1
Pmc5269482,1
Ilmiantomeininkiä,1
Peukuttaisin,1
Anteeksipyyntöpäivitystä,1
Stinkyä,1
Riistotyöstä,1
Altruisimi,1
Maapähkinäjutut,1
Maksiminakki,1
Ääriählämeiden,1
Mytise,1
Vatsanahkojen,1
Kommunistileiman,1
Hakukirjeitään,1
Likaisimmatkin,1
Pistesaldoaan,1
Alistusjärjestelmiä,1
Dystopiapainajainen,1
Puhaltavatkin,1
Läpikelaamisen,1
Pohjapointti,1
Rukkilaisella,1
Aukkilaisella,1
Asehaarasta,1
Yhdistelmäsanaetymologiaa,1
Syntyjuurta,1
Lomapaikassa,1
Autoeroottisia,1
Raporttimme,1
Pohjoisvitosta,1
Alenemia,1
Korvakanavan,1
Hyvästeleminen,1
Moottorikelkkailemassa,1
Actionleffassa,1
Tinnituskihtauksiin,1
Dippeinä,1
Sipsuina,1
Lapsirievuille,1
Venttauskanava,1
Kielitieteiliätkään,1
Mystifioituna,1
Alkamisena,1
Tehokkaamasta,1
Niukkuusdystopialta,1
Hikijuustosta,1
Rauhanajanpalveluksesta,1
Auttamistilanteita,1
Valttikorttejani,1
Väärinkäyttöyrityksiin,1
Näyttelijöitään,1
Paikallispainotteista,1
Hiaalaisia,1
Klikkikalastustahan,1
Äänipalveluja,1
Äänihakua,1
Huxleylaisen,1
Erityiskaupunkeihin,1
Hiialaisiksi,1
Hiilaiseksi,1
Epäluulojesi,1
Valmistumisenjälkeisessä,1
Hiaalainen,1
Separatismitrendiä,1
Jossiteltua,1
Streetfoodia,1
Sosiolingvistisestä,1
Kehittynytjuustomaku,1
Höpösis,1
Ezogelin,1
Korrputoitunut,1
Shorttajia,1
Anteeksiantoakin,1
Kokkopäivä,1
Kaamosoireitakin,1
Suostumuskeskustelua,1
Hyvänlaisen,1
Kiinnostumattomimpia,1
Säilyttämättä,1
Aikakirjasto,1
Puolizombeja,1
Ammattiloukkaajat,1
Iltakukkumisen,1
Iltakukkuminen,1
Sirkadiaaniset,1
Virastoajaksi,1
Edestakaisinveivauksen,1
Etuporttia,1
Raivauskoneella,1
Homojutusta,1
Krokoille,1
Kortina,1
Miinoitin,1
Sunnuntaivirpominen,1
Osuuskuntamallisia,1
Osuuskuntamalliset,1
Piinaviikon,1
Zxhd6avq7ei,1
Lukiolaisedgyilyssään,1
200812078730939_uu,1
Aamupainotteinen,1
Pitudenkin,1
Iltaihmisien,1
Asuinpaikkaoikeutta,1
Johtajakoulutuksena,1
Harjoittelutehtäviä,1
Godemperor,1
Munattomuuteni,1
Mainostauolta,1
F7uvc4jfss0,1
Fy8,1
Kaavakirjaa,1
Ihmisidentiteetti,1
Syntymiskeskustelussa,1
Japanlife,1
Elämäänkyllästyneiltä,1
Ooppiumsota,1
The_halla_aho,1
Koirotiili,1
Tx6xhsx,1
Zuckerburgerilla,1
Tuntisee,1
Ettua,1
Puutuneemmallakin,1
Trullilla,1
Koirakuiskaajan,1
Paskapuljauksia,1
201710092200445101_u0,1
Myspacellä,1
Digitaalihärpäke,1
Väläytää,1
Miehistönjäsenet,1
Sisältövirtaan,1
Profiloivien,1
Laivaankin,1
Suunnitelmataloudellisia,1
Esimerkkivaltioissa,1
Kurssitutuista,1
Vihapuheyksiköitä,1
Kotouttamisien,1
Iltakukkujat,1
Korporaatiokapitalismia,1
Sekularisoituva,1
Cucksuvack,1
Jauhenautalinjalla,1
Kutsuääni,1
Yhteysääni,1
Sirittäjää,1
Laulutyyppi,1
Liverrykseen,1
Hakutekstiksi,1
Ääninauhoitteita,1
Prioriteettejäkin,1
Kouluammuttu,1
Elektroniikanrakenteluprojekteja,1
Rekrymetodit,1
Yksityisviestihistorian,1
Vatvotut,1
Tilaneteeseen,1
Työelämäristeily,1
Kehittämistiimiin,1
Nykyprosessoreiden,1
Iänkuisesta,1
Hissiongelmiin,1
Päätalolle,1
Yhdystunnelia,1
Kommunistijahtia,1
Kansanrintamataktiikasta,1
7sy9ff50oqvyxudoxlnq3e,1
Hipsteribonuksen,1
Keitetyä,1
Virkeampi,1
Kokonaisnukkumisaika,1
Turbinoz100000,1
Jasserit,1
Oevy9nahsfu,1
Äänihakuun,1
Wallhackit,1
Kaiikkea,1
Pinyinit,1
Swq0wjypfz8,1
Xf19h3txqek,1
Em33swbfyis,1
Sbwu83rr6zu,1
Eso77exdzdk,1
Kdlwbvc,1
J1dvq5c6aui,1
Avgcnpz3a60,1
Z4ig_fhj5r4,1
J6asozidp2k,1
95gp3m,1
Ubha,1
Wuxhwc,1
Zexw,1
H91gq_xewiu,1
Ztezyzd1uhg,1
Ozsddudbepi,1
Eyay5tbfvu4,1
Aynswydzi,1
Babalon,1
Gnrm1adnphu,1
M1crgvajf7y,1
Rdanyrx2iny,1
A1t3nronzua,1
A7hbul9kk1y,1
Dustrial,1
Y1djl6sv2pa,1
Mokum,1
Cfkihryoudk,1
_pvjcio4mt4,1
Crxymjj6nms,1
Zgmdbppwboo,1
5gwyypxwpx4,1
89kii9chku,1
0gc1aq53a6g,1
Soundsystemia,1
Dfata,1
Hämyisä,1
Putoaapi,1
Davisista,1
Triviumiin,1
Musiikkimaultani,1
0uonudowsw1fqmgetrcff2,1
Ecmqorp5trs4bkkradek,1
1iwhyi9ryd9hqtvachbr2j,1
1bp_ul2gthmtlxrqssu6ig,1
Käyttäjäryntäys,1
Vokaaliraidoilla,1
Moonlandingzia,1
Tamitmusic,1
Gotterdammerung,1
Gexyazishks,1
Soundtrackeilta,1
Helmiartisteja,1
Lfbijdu8ppe,1
2s0,1
Wbxc3pq,1
Thngsjogmhu,1
Mohicans,1
Lv6vw4tmzbe,1
F6x19fljkxm,1
7j4izmpijhi,1
Izl,1
Fkxt7k,1
Xhvd9twpeio,1
Morvern,1
Callarn,1
Btsub2vbrre,1
Stranglers,1
Dgxv0h3sxr4,1
M9bqu81qria,1
Qtfjj8of6xm,1
Pitkäniemi,1
Hassutelleet,1
Mammutinlihaa,1
Supergrouppeja,1
S3rvaus,1
Tekstiselitykset,1
Metallimarkoja,1
Knnvjxd7,1
Lkdpxafni4w,1
75e1gz9mkwi,1
Adora,1
Tunbah_vu58,1
Bändiäni,1
Metallipainotteiset,1
Albumikokonaisuudet,1
Sqcpzl2z3,1
Wormwoodin,1
Ghostlands,1
0pmyvgbz_bc,1
Uhriluvuilla,1
Noustessamme,1
Xmal,1
Litourgiyaa,1
Untojen,1
Mainstreammakua,1
Tommishockin,1
Iisaa,1
Yonaa,1
Kevätmusaa,1
Lehmäpuvussa,1
Fiktiojutuille,1
Heppiurut,1
Cnfoy689ha4,1
Värkkiänsä,1
Leffasäveltäjien,1
Nykysäveltäjiä,1
Kcihcyeoeic,1
Wcrefk4mlhq,1
597lntsytyi,1
Frahm,1
Scup6mkmxpg,1
Ponkittaminen,1
Heimoitumisesta,1
D6qedrbhgso,1
Pyhäkouluininään,1
Alnamroodin,1
Kokoonpanoineen,1
Xtw,1
Nrqkigs,1
Alternativerockin,1
Trinu3vd1zo,1
Opxueefxc90,1
09y8thtoqjc,1
Yexftfeoyei,1
Sbrx,1
Z4fx5a,1
Statisticistä,1
Parisuhdeosasto,1
4ui1kxhjvo8,1
Q1uajpqvefc,1
Hillorahaa,1
Iskelmäbiisien,1
Acapelloja,1
Valintakoearkistosta,1
Fingersin,1
Kohviradio,1
Sanottavaankin,1
Puolikiinalaisena,1
面包上奶酪还是火腿搁在上面啊,1
Epäiltykkin,1
Social_media_bubble,1
Häshtägboogie,1
Työpaikkajohtamisen,1
6fpqmcecf90,1
Bläkkist,1
Tavanomaisempaakin,1
Sirály,1
Im0l0aa8fpk,1
Marbin,1
Pb4pei0nixk,1
Pbu6bpawxve,1
Panzerballett,1
5ogoftbnqlm,1
Mgła,1
Ygcpay_4,1
Jcdjp4jnpgu,1
Lwowlkcqb40,1
Varastointilevyinä,1
Uchm_d4knqarshalyob1qtbw,1
Popittanu,1
Soolobiisejä,1
Selibaattivalan,1
Mazes_and_monsters,1
Aamutöissä,1
200bpm,1
170bpm,1
Kiinlaisten,1
Goottimusaa,1
Industrialista,1
6jk2jg5fj7qfljjkb4mugs,1
Norngkkwsea,1
Trgmybbx5g,1
7jfbhdm6wxijhb67n7f0ct,1
Uxsxgbecsd,1
Zqzw8bcp_0a,1
2qhfvtoevztnomcap1vz8g,1
Yfe_iowqslw88aepfr8lbw,1
Ichin,1
Fjj5losr8kg,1
Rtvjnbo96ug,1
Emqiycr_xzi,1
Kevätmasismusaa,1
Fm5gnuyfps8,1
Dorval,1
Furrypukuihin,1
Sonnustautuvista,1
Shinedownista,1
Toumast,1
Tincha,1
Kkcfbf9azba,1
Lfrzbma1m5k,1
Mobley,1
Ammons,1
Turrentine,1
Dorham,1
Golson,1
Everestinkin,1
Suklaakorit,1
Tolkunihmisyyttä,1
Itsetuntojuttuja,1
Wpvv,1
Ztmpyu,1
Mvf2eetmnjo,1
Xi1irhadub0,1
Whomi,1
Gbuzlii3l3u,1
Stendeck,1
Lsi9js9q2z8,1
Legiac,1
Wtw8beu7cfu,1
Ident,1
Cvflbb7g5sq,1
Shxcxchcxsh,1
Hmming,1
Raverie,1
Nr_4uxbwe68,1
Boozoo,1
Bajou,1
8r67q9upk8e,1
51m12s,1
F5v_g6cq5a4,1
Commix,1
Ufht6za_rda,1
Lomamatkanne,1
Pukahdat,1
Himolukijafaijan,1
Hanya,1
Yanagiharan,1
Necrophagist,1
Belphegor,1
Debauchery,1
Helltrain,1
Artistilista,1
Aineistokirjallisuuden,1
Pokkariversiona,1
Hätäkeskusjannu,1
Mediasakki,1
Mielipidekommentit,1
Työpaikkakiusaamistapaus,1
Comydl7qq0c,1
Bnaqgrvrcmw,1
0ypyrk9yyj4,1
Muistasit,1
Reivishortsienkin,1
Optimistesti,1
Osc,1
Santalta,1
Líonmouth,1
Viiltävämpi,1
Kakkoskirjana,1
Enkunopella,1
Englanninopettajilla,1
Sexpat,1
Hevipainoiteista,1
Eeyore,1
0smap0plc5q,1
Panzarmarsch,1
Ws5xvidvs,1
0zxdys_gwhk,1
Mmwbh0b9f0m,1
Z70eyitygra,1
Dgaseyey_kq,1
R4v3,1
B0y,1
Xja5ihsdd9m,1
5eajwvxh_a4,1
Yevjgup_t40,1
Pyeongchang2018,1
Leijonatahti,1
Naisjaakiekon,1
S_nd8cm,1
Youngthugworld,1
Blanguage,1
K47,1
Livinglikelarry,1
Pääskytornissa,1
Potterkaan,1
Potantekijä,1
Downvottaamisten,1
Catafalquesta,1
Levyki,1
Szervetleniä,1
Yhdenpäivänromaanini,1
Wordhero,1
Tarttuvammin,1
Soitolistalla,1
Spotofyihin,1
Velopress,1
Koulutuksees,1
Kontorovichin,1
Ikisuosikeihin,1
Rumpukoneesta,1
Esimerkkibiisinä,1
Illadelph,1
K7dwrg90,1
Rkrlyih9coo,1
2nxgqfbfrd8,1
Reznorista,1
Hj6unm8wanu,1
Mirfgwo7fme,1
7m8ohjvvi3s,1
Ppi6yee5mfa,1
Fue2u5xeh74,1
Qvj6hhlngim,1
Counrty,1
Cheesimmäks,1
Polanskyn,1
_those,1
Above_,1
Jarkeä,1
Iltasatuvalikoimaa,1
Skylar,1
Yrityshakujen,1
Pöytälaatikkofirmatkin,1
Hämeenlinnalaisia,1
Laatuguru,1
Profiilisivut,1
N4fc07i6iyy,1
Executors,1
6xltmtqomoa,1
Wnwlwn63cla,1
Brittimalli,1
Ashevillessä,1
Livekuuntelun,1
Murpheys,1
Eurobeatia,1
Habitsia,1
Europoppihumppaa,1
Maanpetolliselta,1
Rhtqdjd,1
3p70spfwqho,1
Lhjhyrrutgc,1
_pt4mirfali,1
Eksotiikkavetoiseen,1
Viihdeorkesterimusiikkiin,1
Primitiva,1
Rslis0pusv0,1
Validialaisten,1
Yöpöllön,1
Jóhanin,1
15wzjjvqfus,1
Virkistysmatkoilla,1
Tureng,1
Epähörhöllä,1
Keskustaaan,1
Iltapäivälehtenne,1
Tanssilattioiden,1
Suosikkiviihdyttäjä,1
当然奶酪一直下面,1
我的中文不太好,1
Meiltäni,1
Beevorit,1
Ennakkomatskun,1
Maineikkaiseen,1
Lapsenhankkijan,1
Oppimiskerhoa,1
Tarivitsee,1
Ritkuli,1
Kielenoppijalle,1
Länkkäriläppään,1
Ikärajajärjestelmä,1
Kerjääläisiä,1
Sateeisiin,1
Näyttelijäsi,1
Painovalmiina,1
Kanditutkintoasi,1
Whattaboutismista,1
Populäärisiä,1
Olc36f_c,1
B7dc6pytf5y,1
2pd1i5k0,1
Conro,1
Lx2zzikauzq,1
Razihel,1
7qdgtvboyo8,1
Colourblind,1
5nsif7f7umq,1
W3b3ypmnsmm,1
Hybvudbaab4,1
Sk2eazxmfyu,1
Wqz6xbd,1
T1vfb0207bo,1
4taxeun6gd4,1
Japaniviha,1
Eläinoikeusjärjestöistä,1
Sillapnää,1
Liikevoittomotivoituneet,1
Kostolaitokset,1
Kalanpaasoppaa,1
Aevj,1
Ueczo8,1
Kätetvästi,1
Halveksitko,1
Snavs,1
Mazur,1
Nghtmre,1
Iisalmilainen,1
Spedenaikuinen,1
Larppausjakso,1
Rajumyrskyn,1
Tuulenvireeksi,1
Tapahtumarikkaudellaan,1
Suosikkileffalle,1
Talousvaikuttajiin,1
Kuulutustietoja,1
Proustin,1
Prisonnière,1
Alaäännestämistä,1
Pakolaislaivoilla,1
Rahanoikeusjärjestöiksi,1
Luokkaavana,1
Porokala,1
Väittelytyylinään,1
Iranilaisena,1
Paskamaanantaiaamuna,1
Py4excfpdvi,1
2100s,1
Öäärg,1
Äyyrg,1
Annaeus,1
Ohutseinäisten,1
Polttotekniikassa,1
Vihjesähköpostit,1
Dumaajia,1
Vastustustaa,1
Huumeverkostoa,1
877p7l,1
Rikosepäily_sillanpää_osa_laajaa_kaveripiiriin,1
Johtamistaakka,1
Saapumiseräksi,1
Palveluskelpoisen,1
Harjoitussuunnitelmaksi,1
Harjoituspaikalla,1
Pojotetaan,1
Dilleri,1
Pendelöinnillä,1
Minuuttitarpeisiin,1
Kasarimetallista,1
Sexistinen,1
Hänetcnyt,1
Suomennetusta,1
Byokratiaa,1
Kasarisyntikka,1
Koomisimmat,1
Huikeampia,1
Mtmbxejczdi,1
Semola,1
Pelitrilogiasta,1
Gurupelaajia,1
Lukioteinien,1
Innostusvaikutus,1
Lippupostauksia,1
Ampumaseella,1
Zmizth0lafg,1
Shurqz2i3nw,1
Hooceeta,1
Tortoisea,1
Kdravh52i,1
Cgez1nzkgom,1
Gfkiprjyqbu,1
Pl5fjg70bkp32e7ddxjuvgbkzqysyyci3f,1
Melupunkkia,1
_ydxtdhnrsu,1
Melurokkia,1
Otoboke,1
1c9jbmwht,1
Schwefelgelb,1
Chsnrvp3oc0,1
1lmx5c7houw,1
Aikuispsykerokkia,1
Hitlerkää,1
Olsonille,1
Siirtymähetkeä,1
Jätepyörteen,1
Rintavarustuksilla,1
Temmentänyt,1
Sielunkumppanuuteen,1
Killinkejäkin,1
Rahoittajamme,1
Uutiskanavistakin,1
Copyllä,1
Demokraattilojalisteja,1
5triljoonan,1
Kulupaketti,1
Mulleriin,1
Stormyäkin,1
Siltsutaaspirissä,1
Söpöset,1
Hjjb,1
Kaurapuurolautasen,1
Lähtenäni,1
Podiumia,1
Lapinkierros,1
Armeijaopit,1
Äänidatan,1
Hakuoptimoituja,1
Lempiviihdettä,1
Seitsämänkymppisellä,1
Kansanlääkintään,1
Koirasojua,1
Pikkuveitikalla,1
Tapaaminenkin,1
Semisiististä,1
Valkenevaa,1
Potaatti_perseessä,1
Attenti,1
Tooneilla,1
Tooniakin,1
Tavumössöks,1
2sparkano,1
Vakuutuslääkärisotkuun,1
语不会言而面包会做,1
你的中文好的很啊,1
Maanmerkkien,1
Yritystukityöryhmää,1
Qcfdvdjx,1
Peloittelukampanjan,1
Teollisuusfirmoilla,1
Myöntänyttä,1
Ohjaajakollegaa,1
Väestöntietojärjestelmässä,1
Järkesikö,1
Selwyn,1
Loppusuorallaan,1
Loel,1
Zweckerin,1
Purnatakseen,1
Opiselija,1
Kuunteluehdotuksia,1
Välivaalivoitto,1
Jutustelevaa,1
Äännähdyksillä,1
Pennysylvaniassa,1
Kulhonvalajakaan,1
Silikoonipohjaisena,1
Sellupohjaisista,1
Legokairauksen,1
Uudzwewlf2c,1
Raudanvalmistusvideossa,1
81wbu2rzvsi,1
Dspfaftzys4,1
Gou_zwdhaoe,1
Qe2,1
0spfkbzofacbmnzfpvj5vr,1
Mogwai,1
Sweeties,1
Q5knt284y6k,1
Omensissa,1
Mielyttävinmät,1
Ckjamio,1
Junnuvuosina,1
Indikoidakseni,1
Ilmanpainekin,1
Matkustaessanikaan,1
Pornomallisten,1
Asuinviikot,1
Puomisysteemejä,1
Discardstudies,1
Misunderstands,1
Moikaan,1
Tervehdittäisikään,1
Kuulusassa,1
Alastaloon,1
Pukkiseen,1
Siteeratumman,1
Ruuuista,1
Nuorakeraamiselta,1
Urth,1
Päätöskappale,1
5a3ymhd,1
Mfzjtde,1
Ristelijätilauksen,1
Luovutettukin,1
Robottipoliisin,1
Naamatutulle,1
Ihmeteellähän,1
201803252200836747_vd,1
C91b302c,1
921a,1
826b,1
6220259abdb4,1
Louhiniemellä,1
Mielenpyyhdintä,1
Liekehtivässä,1
Tunsinpa,1
Räkänokkansa,1
Päiväkotikommelluksista,1
Pakariselta,1
Välienpito,1
Dy5iellqzam,1
Pendelöisi,1
Iläähä,1
Klassikkoteoskin,1
Perusnaapuria,1
Oikeudenkäyntiherkkä,1
Äänisormenjäljet,1
Kurenniemen,1
Seikkaluja,1
Jujja,1
Ajoneuvon_omistajanvaihdos_hoituu_varmenteella_,1
_rekisterointitodistuksen_ilmoitusosaa_ei_enaa_tarvita,1
Päähaastateltavaksi,1
Iläääh,1
Y3jbdeyy,1
Nobadi,1
Huomiotaloutensa,1
Ykkösmaalle,1
Jakeluringissä,1
Salakuljetellut,1
Salakuuntelemasta,1
Uutisointitasoa,1
独立,1
寂寞,1
Kanyee,1
Grahamen,1
Vaelluspolut,1
Herbertiltä,1
Raastavimpia,1
Moikkauskäytäntö,1
Moikkaukseksi,1
Morotus,1
Ilotteluihinsa,1
Pultattaisiin,1
Kundan_kulttuuri,1
Zvejniekin_kalmisto,1
Sanotetut,1
Tempestiltä,1
Painopisteillä,1
Kaupunkipopulismiin,1
Nistahtaneelta,1
Immesii,1
Innostumaa,1
Ennemminkui,1
Rölleilylläsi,1
Huomanet,1
T792fxxbbbg,1
201711082200517833_vd,1
Lomaltapalattuaan,1
Lawful_interception,1
Fennovoinaa,1
Yllatysomistajasta,1
Swydwksf,1
Fissioviha,1
Operoihan,1
Laulamilla,1
Tuutulauluilla,1
Tainnutustarinaksi,1
Levottomampikin,1
Tanssijoilta,1
Kansallisbaletilta,1
Balettikulttuuriin,1
Kansallisbaletissa,1
Kuivakkaista,1
Morovalmius,1
Vaaliavustusrahoilla,1
Avaruuskirjasta,1
Nelivuotiaani,1
Hämähäkkikirjasta,1
Huippunäytteen,1
Rölläilyksi,1
Ammattitaitoisemmilta,1
Jakelurinkiin,1
Mestattujen,1
Uttelua,1
Leppoisimmista,1
Stormy_daniels,1
93donald_trump_scandal,1
Reimbursed,1
Mielikuvitellaan,1
Vakuutusmaksujeni,1
Yksityiskohtaisempana,1
Catafalaque,1
Tervehtimiselle,1
Julkiauuteen,1
Vaalirahoistahan,1
Servausten,1
Kaksoissisaruksia,1
Naapurituttavuutta,1
Etunimitasolla,1
Blakely,1
Lippman,1
Josee,1
Lempilastenkirjaksi,1
Väsytysmetodi,1
Leninkishoppailukerraksi,1
Kotosempaa,1
Vakutuusyhtiöissä,1
Dollarilleen,1
Vastaesityksensä,1
Coldplaysta,1
Vällyissä,1
Euronpummaajalle,1
Kaveripiriin,1
0pyznduvsmq,1
Narttuläpsyä,1
Upvoteakaan,1
Pvqnz11,1
Nyökkäilyllä,1
Puhelutkaan,1
Trailerimusaa,1
Klepackit,1
Hellmarchilla,1
8vs44mnswak,1
Ib9ejrg9kj8,1
Fmfjjb4mszs,1
Vom7deqaaiw,1
Xat7mhoktlq,1
Blcboxkcgl0,1
Tcohv7ulhdi,1
Ixv_jri6vqy,1
Ut3,1
6qip92sksok,1
Hyperblast,1
3bvptxpsufs,1
Oscillator,1
Z7todfgwid0,1
Y6uhv3e2h6w,1
Dmmnv_oy9si,1
3wug7rm,1
Zqy,1
Ehw8vnusnbq,1
Cgn9xu4wwpk,1
Xrqtslva504,1
Ｇ,1
Ｒ,1
Ｆ,1
Ｗ,1
R7zncdor3qc,1
Ektosta,1
Wakhan,1
Csbzyuegksq,1
8wzvji,1
Weeivc7zthk,1
Rdf8b5i3nkw,1
Pkhrerwgxwu,1
Kneakguir8a,1
Piratissimo,1
Lwntel8gzd0,1
Rakennusesitys,1
Kevätpuhurit,1
20_samanlaisia_net,1
Iltapäivävuoroista,1
Mummeleja,1
Massavihaisia,1
Lausuttuaan,1
Pikkupuoluielle,1
Lempanneet,1
A4keto,1
Lennolöa,1
Hallussapitosyyte,1
Särmikkäämmissä,1
Tatinhakkaamiseksi,1
Rosvolat,1
Capital_punishment_in_thailand,1
Turhasteltua,1
4xlwzodk14fpbxy6cmyy2u,1
Cjytwxetnedynk28bu1yw,1
703fmv,1
Lindybeige_and_the_war_scythe,1
Savolaisparkoja,1
Heimosota2018,1
Rikosilmituksia,1
Deleteyourfacebook,1
Hqm1mts,1
4wakzq58o5u,1
Geneettisestikään,1
Vartalonpiirteet,1
Äänikynnykselle,1
Hartviikille,1
Romaaniproosaa,1
Vetristyy,1
Dwqiajmkqdk,1
Eduard_uspenski,1
Variksenpojan,1
Petškinin,1
Nauruhitti,1
Wh6lxmpffco,1
Paksavaltioissa,1
Viestintätekniikaa,1
Ihmisentasoinen,1
Palkkaavasi,1
Läppäpuolueet,1
Minipuolueista,1
Hyväntekeväisyydesta,1
Hondt_ilman_hukka,1
Keskustalaisempi,1
Queriyden,1
Partiomerkkien,1
Queerhuitomista,1
Spedekäs,1
Monrepoota,1
Ruumisarkkuliike,1
Arstechincan,1
Arkeoinfo,1
Umpisulkeutuneita,1
Mestaritontun_seikkailut,1
Energiantuhlaustuet,1
Jenkkihoitolaan,1
Täysversiossa,1
Maaseutuero,1
Alkusuosituksina,1
Siimahannat,1
Vanhemmallekkaan,1
Goooglelle,1
Vaarallisuusasteita,1
Ihanteissaan,1
Hikirauhasiisi,1
Kellekkäs,1
Tuoatantoaan,1
Kauhukuvitelmaa,1
Tyrmäänkin,1
Satunnaiskeissejä,1
Omenatuotteet,1
Bilevaunu,1
Miesvihapläjäys,1
Tsuikkelismuikeeseen,1
Karjalaisryhmittymiin,1
Yhteislauluiltama,1
Kaijakka,1
Uudistumiskyvytöntä,1
Balettimaailma,1
Natsinaisia,1
Kannattivista,1
Vastauksestasti,1
Generosare,1
Kokonaismeininkiin,1
Danielsit,1
Karaktääriä,1
Selviytyjat,1
Julkkiskilpailijat,1
Fitnesmalliksi,1
Fitnesspäiväkirjat,1
Metamfetamiiinia,1
Leijuvansa,1
Onanian,1
Läträyksellä,1
Miljöpartietin,1
870hyy,1
B6partiet_g,1
A5r_till_val_p,1
A5_gener,1
B6sare,1
Generösare,1
Ajatuskukkasille,1
Uraanimyrkytykseen,1
Afcs9kk,1
Itsetietoisiin,1
Gathotall,1
Hiekotettavana,1
86zx7k,1
Tunnetko_nelj,1
A4n_askeleen_pahuuden_kaavan_se_voi,1
Dwaxt46,1
Hyväksikäyttöhäirintävyyhtipaljastus,1
Balettipiireistä,1
Performanssialalla,1
Nenällänne,1
Googletoimittajat,1
Vosujen,1
Lesothoa,1
Krokett,1
Uuskalevalaisen,1
Tienvarsiravintolan,1
Valvontainfrat,1
Hallituspaikkamahdollisuus,1
Internetpuhetta,1
Pyhimystasoisesta,1
Vihavapaana,1
Teknologiakeskittymä,1
Seurafarssi,1
Bläkkislätty,1
Mollaajista,1
Ykköspuolueeks,1
Yhdessätoimimista,1
Yläkynnessä,1
Tt0361748,1
Naisnatsin,1
Loppuunki,1
Sanottuma,1
Ortodoksitasollakin,1
Koulukiusaajasuvakit,1
Vastaanottajaryhmälle,1
Koirapillittäjät,1
Kaulaparroittelua,1
5u2bok,1
Jos_mielest,1
A4si_natseja_saa_ly,1
A4_et_oikeasti_ole,1
Inhmillisempää,1
Todistamistehtävät,1
Neukkukuutiometsälähiöt,1
Sananvapaustaistelijan,1
Henkeäsalpaavasta,1
Käräjäjutut,1
Nohjhyycjbe,1
Tapaamiseemme,1
Arkkinemesikseni,1
Turistettu,1
Organisoituneille,1
Kaupunkiympäristöjen,1
Keskiväljä,1
Inhimillisimmistä,1
Jälkieditoimaan,1
Henkilöstöpäällikköön,1
Greveä,1
Supistusvehkeet,1
Pitkäjuoninen,1
Lähetysnappia,1
Kakkoskäyttäjälle,1
Vastatatervehdykseen,1
Koskeepas,1
Virpojien,1
Kunnakset,1
Kuvittamattomista,1
Vaalitapahtumaan,1
Vakoiluteknologioita,1
Neimiä,1
Ajojahtaavat,1
Nokittelukulttuuria,1
Dellatkaa,1
Doodlea,1
Fahimia,1
Todistelutehtävä,1
Poppailen,1
Läpiajamaa,1
Turkinturkkilaisia,1
Uaekin,1
Suverniteettiinsa,1
Wetparchedivorybilledwoodpecker,1
Liberaaliudestaan,1
Theyclosedthemineshaftgap,1
Tietoverkkopalveluiden,1
Valtaelimien,1
Kiinavalistusta,1
Viitselijäisyydestäsi,1
Tsfnuyyjab0,1
Oikeuspoliittisella,1
Sitsiperinne,1
Sitsiperinteen,1
Opiskelijapolvella,1
Riittiensä,1
Pönöttelykekkereistä,1
Soittoniekkoja,1
500pix,1
Eggiin,1
Gnlq2tr1fku,1
So_broken,1
Sakeesta,1
Jättiläiskurjen,1
Kangasalakin,1
Taijoillaan,1
Sijoituskirjasta,1
Snapsikulttuuria,1
O7pcac9,1
Järjestöbilettäjä,1
Moikkasikohan,1
Thatface20110725,1
Wlaopv,1
Yksiuloitteiselta,1
Tikkutehdasta,1
Viisivuotiaamme,1
Kampawiinereiden,1
Maksuvälinesaartoon,1
Nahkasovilla,1
Leninsetä,1
Peukaloanne,1
Haukilahteen,1
Hietätkö,1
Vitsilauluja,1
Kritityt,1
Täyttäkäämme,1
Jyväsjärvestä,1
Ruispelloista,1
Biokompostiin,1
Selbausta,1
Uusnatsikytkokset,1
Tznp3sbiik4,1
Nyt_nukkumaan,1
86jgbg,1
Suomen_armeijan_vanha_opetusvideo_l,1
A4hitaistelusta,1
Pentecost,1
Cc3dcaf86475296572f2baaf6a5c708f,1
Vakuutellun,1
Yhteistyölistalta,1
Tavaraeriä,1
Learnata,1
Spiikaamaan,1
0ahukewihhexao4raahwyw6ykhqdyawoq_auicigb,1
Heillyyttävää,1
Haaaaaa,1
Pääväittämä,1
Engineillä,1
Forssalaiseen,1
Postilaatiikkoon,1
730kyv,1
Valtio_kyll,1
A4styi_kittil,1
A4n_viivyttelyyn,1
Dnmrdea,1
Jf8dz5z5,1
Fda073d9,1
Männäviikollahan,1
Näpistyskerroista,1
Kittilälain,1
Työsyrjinyt,1
Koskenvarren,1
Tehdasmiljöön,1
Uintikohtauksen,1
Tyylinäytteitä,1
Ee7um,1
Tz8xd,1
Tksfr,1
Sitsikertani,1
Lauleskelut,1
Piilokommarien,1
Snapsilaulussa,1
Lallalej,1
Blackfacessä,1
Sääntöleikkilarpin,1
Hygget,1
Kavamainen,1
Kapteeni_sinikarhun_13_1,1
2_elämää,1
Douppirinki,1
Apokalypsisestä,1
Mcfeastin,1
Kailossa,1
Agenttipeliä,1
Ratikastansa,1
Teekkarisitsejä,1
Ryyppäystapahtuma,1
Ryyppylauluja,1
Törkeimmätkään,1
Räävittömissä,1
Loukkaantumistaktiikan,1
Räävittömyydellään,1
Tunnuslinnukseen,1
Sitsaamisen,1
Tajunnanvirtailijan,1
Kärkimedia,1
Intrigeistä,1
Hiihtohissihankinta,1
Tarjoustietojen,1
Pääjuonteesta,1
Rikosepailyihin,1
Huolestuttavampaahan,1
Venäjäymmärtäjässä,1
Öykkärinaapurille,1
Vellihousuilun,1
Uusoikeistojohtaja,1
A7507361,1
Diplomaattikarkoitusten,1
Itärahoitetut,1
B078rv7bwr,1
Hissijutuissa,1
Anastella,1
Anastelua,1
201803262200838251_u0,1
Bommailu,1
Virastapidättäminen,1
Perussupliikkia,1
Beyonde,1
Englisheä,1
Teinipissisnasaalilla,1
Tajuuxä,1
Teinipissisnasaali,1
Standardiraideleveyden,1
Steez,1
Tuttumies,1
Tgejcnvnp50,1
Hyllyttämismahdollisuus,1
Karheampaa,1
Driddgdndbu,1
Hiilivetypolymeerissä,1
Kapinallisiks,1
Ympäristösuojeluntekoa,1
Brockhamptonista,1
Kolkuttelevalta,1
Sijoittaneeksi,1
Irtisanomisasia,1
Syksymällä,1
Syyllistyneenne,1
Wikigapissä,1
Sisällöntuottajajakaumaa,1
Tietynsukupuolisia,1
Kieliversiosta,1
Wikigap,1
Heimoutumalla,1
Vihollisuusasetelmia,1
Mediahelvettiä,1
Tilastopäättelyssä,1
Selviytymisviettiään,1
Koettelemattomat,1
Feministisiivelle,1
877dcx,1
B6_yll,1
A4t_facebook_on_ker,1
Fbnewsroomus,1
In_screen,1
Nuottivihon,1
Saarilaulun,1
Sirkkafarmareille,1
Sianlihakilo,1
Sikaolomuodon,1
Balettipomo,1
Soldiermovie,1
Sotilaselokuvalle,1
Moviesta,1
Viihdeleffa,1
Syytteensa,1
Pikkukuuta,1
Väärintulkinnut,1
Orientoutunut,1
Geokemian,1
Mikroanalysaattoria,1
Murskahippujen,1
Murskahiput,1
Materiaalifyysikkojen,1
Hiukkasherätteisellä,1
Alkuainepitoisuuksia,1
Raakasavilähde,1
Miljoonasosapitoisuuksista,1
Nuorakeramiikkaa,1
Hvað,1
Tarkertuneet,1
Caf8102638bfc96c661ce85e46e5bd3a,1
5b4ffcc5,1
29095411_206523363451610_4740294003742736384_n,1
2a89f6c1b48739a11d09787f91501a7f,1
5b4f56ba,1
27577333_1967020706951140_5949580125111582720_n,1
Moottoritiestatuksen,1
Valtatie_3,1
Siltasekasotkussa,1
1sg4gpccjhusrupte49m9,1
Terrorityyppisellä,1
Turkulaisempia,1
Aave1114,1
Yliturkulaiset,1
Ympäristöystävämmällä,1
Sirkkaprotskulla,1
Sikaproteiinin,1
Lihataloudella,1
Koipalloinne,1
Määritelmällisti,1
Vanhollisina,1
Työsyrjitty,1
Eilavaaralasku,1
Sitsikäytännöistä,1
Piikittelemätön,1
Usabilitystä,1
Käytettävyydeksi,1
Kilpamoottoreita,1
Työkonediesel,1
Retkotetaan,1
Uhkauksillekkaan,1
Lemmiskeltäisiinkin,1
Lamakausina,1
Jengikahakoita,1
Suosikkipoikaa,1
Virrka,1
Hissivalmistajien,1
Viinapöntön,1
Morgenthaleriksi,1
Viinapönttöä,1
Kömyämällä,1
Könyämällä,1
Retkottamiseen,1
Uwjbwq3,1
Retkottamiseksi,1
Kelliminen,1
Selälläänmakuu,1
Yofaedc,1
Asoludw,1
Johtakoot,1
Röhnöttäjän,1
Suklaannälkääni,1
Retkottamistilaan,1
Yliopistopaikkaan,1
Rússneska,1
Keisaradæmið,1
Lýðveldið,1
Heimosotajunttausmentaliteetista,1
Retkottamis,1
Rötväämisyrityksestä,1
Rötväämisessä,1
Rikkomispyrkimystä,1
Halvblodsprinsen,1
Ulkorajoillaan,1
Palveluverkostaan,1
Kauppissitseillä,1
Homokysteiini,1
Suolenpätkään,1
Nyhtösinkkiä,1
Omegakaroteenia,1
Piifulleriinia,1
Fantsumelleriiniä,1
Rötväämistoiminta,1
Rötvääjän,1
Arkikokemukselle,1
Kuunaamaisuutta,1
Asianlaitojen,1
Tosiaikayhteys,1
Reddiittoriin,1
Rinnakkaisviestissä,1
Ulkomaankauppaministeriön,1
Leipureina,1
Metldt,1
Fi8y,1
Informationattacks,1
Iduskcn12j197,1
Rautateineen,1
Keikaroimassa,1
Äänikirjoitusnappia,1
Jungilaisuuteen,1
Johtoajatukseksi,1
Nyhvöillessä,1
Limbona,1
Persoonallisuusanalyysit,1
Relievedredhagfish,1
L8boze6,1
Reptiliaanilla,1
Liskovaltaa,1
Korvaustoimenpide,1
Jussi_,1
Valintamenetelm,1
Yritysverokantaa,1
Veronkiertokikkailuista,1
800kt,1
Lietua,1
Fd3vqws,1
Alullensa,1
Maailmankatsomuksesasi,1
Vakoiluvehkeet,1
Tulvilleen,1
Lillunlallunlumpeenvarsia,1
Pläsähti,1
Velvollisuusprotkollassa,1
Uberiintuminen,1
Hyllymbvyor,1
Ogret,1
Gnomet,1
Sweduympäristöhihhulit,1
Pimeähaltija,1
Rivivaltuutettujen,1
Hyllytetäänkö,1
Kepujäärät,1
Alapimeässä,1
Mielenruoskijan,1
Pertuskallaan,1
Kamarakoneella,1
Leikkelemakkaroihin,1
Kamaroiksi,1
Töissänikin,1
Tsoltsenitsinin,1
Vankileirisaaristojuttu,1
Franskiskus,1
Assimilaattorista,1
Dodst,1
Trolliotsikolla,1
Kollusion,1
Pissakuvat,1
Vakuutuksellani,1
Kilometrimääräistä,1
Rötväily,1
Retkottaminen,1
Retkottamisesta,1
Karhumaista,1
Vaahtokuutiokaukalossa,1
8mh,1
4z3fqsc,1
Mantereisilla,1
201803262200839370_u0,1
Yyata,1
Pr3atk0,1
Lukeutuviin,1
Kattoiskohan,1
Puigdemontia,1
Äänestyspisteillä,1
Tudoaanko,1
Mywd0wus5ik,1
Suomibiisin,1
Pitted_ware_culture,1
Estuary,1
Estuaries,1
Swedofinnit,1
A4nemaa,1
Lännenmaassa,1
Viigu,1
Germaaninkielten,1
Merikittävimpiä,1
Neuvotteluvoittoja,1
Juutalaisvihaajilla,1
Nicander,1
Puigdemontista,1
Sirkkakiloa,1
Sitsijuttuun,1
Herneproteiiniin,1
Edvard_i_,1
Köyhälammessa,1
Köyhälampi,1
Kompostoitiin,1
Pilkkasäkeen,1
Erileveyksistä,1
Vaihtuvaraideleveyksinen,1
Variable_gauge,1
Junalauttaliikenne,1
Nollatuntisopumus,1
Taksiduuni,1
Erikoistarkistuksiin,1
Maahantuontikieltojen,1
Erityissuojakin,1
Marsseihiin,1
Jatteitaan,1
A4tteit,1
63cf220c,1
F8ee,1
9b32,1
D7d59aace167,1
Iduskbn1f51sp,1
Ydinsää,1
Kummimmat,1
Koiranpaskoilla,1
Pentuvaiheesta,1
Pennunpaskaa,1
Polttomottorigeneraattori,1
Holvastiin,1
Goddddamn,1
Liskofaktat,1
Ruotsiksis,1
Kielirajoitukset,1
Jul17pix,1
Graph2,1
Eurosentrisyyden,1
Säilytettäs,1
Tuulenpuhallus,1
Totettamisesta,1
Yliopistoihimme,1
Kokonaismärää,1
Euroopan_kansanpuolueen_ryhm,1
Superjohtajien,1
Aamukahveilua,1
Taksivälitysfirmoilla,1
Taksivälitysfirmat,1
Suoritusvaatimuksen,1
Naviopasteiseksi,1
Ruudinkeksijyytensä,1
Fangas,1
Vapaudenrajoitukseen,1
Raittiusseurat,1
Nesteytystapa,1
Kymmenprosenttiset,1
Alholijuomat,1
Uusperhekuvio,1
Lyfessä,1
Barffin,1
Kiepautan,1
Lakiteksteistit,1
Itsenäisyysliikehdintä,1
Puidgemontilla,1
Mv2i6dayd70,1
Vapaamuumarikavereita,1
Aikaromantikkojen,1
Nimiväännöksiltä,1
Satunnaiskyytejä,1
Kyydinvälitystä,1
Perusinsinöörille,1
6843b457,1
1a0d,1
3d0e,1
A0d1,1
611785455d63,1
Taksinuukuus,1
Markkinamuutoksen,1
Täysvapautuksen,1
Fixutaksit,1
Leasingautonsa,1
Iskaniuskin,1
Omatoimiyrittäjien,1
Kittaama,1
Kännäyslientä,1
Linnanvartijan,1
Elemettiä,1
Protipsiä,1
Sonjaponkeli,1
Epäkorrektisuutta,1
Lisäsäkeistön,1
86j4jx,1
I_found_burger_king_foot_lettuce_in_my_schoolbook,1
Kansalliskaartille,1
Bulgariaakin,1
Ihmisoikeusvertailuissa,1
Huonoitsetuntoisesta,1
Rajoylle,1
Kimisee,1
Suomyrtti,1
Empiretaloa,1
Ulkoiseltä,1
Elementtitalorakentamisesta,1
Arvotalonkaan,1
Tiivistalo,1
Rakennuslainsäädännössä,1
Rappiovasemmistolaisuuden,1
Lebaufin,1
Yökkäysreaktiostani,1
Uusetninen,1
Tutkimusperinteet,1
Polarisaatiollisia,1
Geosentrismissä,1
Ainejärjestöään,1
Kiviaikaisin,1
Nuijataisteluin,1
Rajoylla,1
Ohikävelevällä,1
Tiililaatikkoa,1
Nyyjorkissa,1
Salaatintalloja,1
Tiilihelvetti,1
Mukaveman,1
Sarkasmipäätä,1
Alkuunpääsyn,1
Salamankka,1
Ysfsdpv53_e,1
Itsenäisyysjulistuksenkin,1
Itsenäisyyshanketta,1
Sovitteluehdotuksia,1
Kataloniakaan,1
Hähmiestaimen,1
Monikkomuotoinen,1
Arkipäiväistyylinen,1
Utsparkat,1
Monikkomuodolla,1
Työeläkepyramidien,1
Pintiksi,1
Googlehakujesi,1
Iitseään,1
Sonejä,1
Kulttuuriantropologiasta,1
Jenkkikoomikoidan,1
Agupiksbphm,1
Ralliautonkin,1
Pikashakissa,1
Tasaväkisistä,1
Appropraatiota,1
Julkisivullekaan,1
Rektiokyky,1
Mukautumiskykyä,1
Kilpailumuitoja,1
Gluteiinijuomat,1
Tuplapikavoittomekanismi,1
Prikaatilainen,1
Uudistalo,1
Hyperboolinen,1
Eläkevaroiksi,1
Roskienvienti,1
Lenkkivermeet,1
Kuntosalihommista,1
Aamulenkkiperinteen,1
Aravavuokra,1
Työsuhdeasunnoiksi,1
Aravalainan,1
Vatron,1
Työurastakin,1
Hampurilaisessasi,1
Säilytyskaapista,1
Syrjivähuumori,1
879eyr,1
Sitsikohu_toi_esiin_opiskelijakulttuurin_ruman,1
Teatterihistoriasta,1
Poststrukturalistisissa,1
Prolapsoituneet,1
Anukset,1
Heisimatometrejä,1
Sitsibiisithän,1
Betonikuutiolta,1
Tuohtuminenhan,1
Eurooppanuoret,1
Viikkotaisten,1
Paskasaittia,1
Kosketustaan,1
Jätevoimaloissa,1
Jätemuovin,1
Yritysesimerkkeja,1
Syntypaikkaerottelu,1
Erilliskeräyksestä,1
Palautuspullojärjestelmää,1
Paperinkierrätyskin,1
Jogurttipurkeista,1
Sijoitusrahastojensa,1
Neljänkymmenenneljän,1
Painovoimalajeissa,1
Lihaksistollaan,1
Ylja,1
Rommihan,1
Sreideri,1
Norvell,1
Atkinen,1
Koulutustraditioon,1
Proruis,1
Lihasvoimansa,1
Veronluonteisen,1
Kimbleturnaus,1
Finaalipelimarkkinat,1
Kyykkypaskareiät,1
Grogram,1
Urheiluvälinevalmistajista,1
Paskakumous,1
Sääntöjenmukaiseen,1
Mannerismeja,1
Muusikoissa,1
Saæt,1
Suvakkeilee,1
Kanavoivmaan,1
Keräämäänkään,1
Vaffempaan,1
Masennuslääkeiden,1
Zombiolotilaa,1
Duo11785,1
Besserwissaamisen,1
Fyysitöntä,1
Thunderinkin,1
Drhvakm,1
Plankkaus,1
Brooklyniläinen,1
Yhtymiskohtia,1
Verkkoviivettä,1
Missikisatkin,1
Uskontojensisäinen,1
Harjoittajiltaan,1
Hoitajahaaremin,1
Kehonrakennuskin,1
Rum_ration,1
Romminsa,1
Vahvuuttahan,1
Alcohol_proof,1
Palavuudesta,1
Motiivian,1
3680m,1
Hiihtourheilu,1
Xurheilu,1
Xurheiluksi,1
Humaltila,1
Luonnonkutsu,1
Hölmyden,1
Keskustahon,1
17fob,1
Napsauttaisit,1
Kankeammillakin,1
Täsmähoidolla,1
Somenoste,1
Alkoholimaksasairauksien,1
Lapsostenkin,1
Am21,1
621x480,1
Sniiduilevalle,1
Kilpapelailuahan,1
Kulmauksiin,1
Kremlinologian,1
Joukkoraiskauksin,1
Vastailmiössä,1
Enablerit,1
Ahdistelijoineen,1
Hiljaisine,1
Hyväksyjineen,1
Raittiusseuralaiset,1
Aatetyöhön,1
Punatiiliromantiikkaa,1
Rasimijupakka,1
Moottoriurheilulajeissa,1
Aloitathan,1
Huumorissakin,1
Aidanvierustalta,1
Brickillä,1
Minifiguurien,1
Flavortown,1
Mukavuushakuisuuden,1
Mukavuushakuisuus,1
Tuntemuksiinkin,1
Marmatustani,1
Huomionkohteiden,1
Dokausskaboissa,1
Paperiovien,1
Ilmiantaakseen,1
Lähiympäristöllesi,1
Kakkosterminaalilla,1
Wargrenin,1
Hjarmarssonin,1
Manspleiningiä,1
Yonotonta,1
Stämmääminen,1
Appsissä,1
225346b09d3603b9d9588d9f69a6ee1d,1
Hakeee,1
Tradenomimies,1
Voittajafiiliksen,1
Pelilisensseistä,1
Broderna,1
Tveksamt,1
Rört,1
Uudelleentutkinta,1
0mbtpm0,1
Supersuorittajamiehillä,1
_kokonaisia_,1
Neekereita,1
Työssäkäyneenä,1
Työstäkieltäytyjänä,1
Tolppaoikeuksista,1
Hajoamattomassa,1
Iinasta,1
Posteriorinen,1
Pääsoittimia,1
Voimailulajeihin,1
Sääntöurheilulajeihin,1
Hämärähepulta,1
Keskustelunlopetus,1
Ihmiskauppatapauksessa,1
Tuomioasteikon,1
Profiloinneilla,1
De2f72466686,1
Autotekniikalla,1
Palaneetan,1
Raittiusseurahanke,1
Velatonhinta,1
Shakke,1
Uudelleenmääritelmän,1
Komissiollekin,1
Sniidaile,1
Seuraamuksettomia,1
Roiskaisemassa,1
Professoristasolta,1
Kommentisihan,1
Jarijarvela,1
Ystavien,1
Juomapaivakirja,1
Uusloftia,1
Loftia,1
Lainahimmeliin,1
Methin,1
Kärytellessä,1
Larasi,1
Populaarikulttuuriimme,1
Ihmemarjoja,1
Trendilajit,1
Harrastajamäät,1
Yksityistävää,1
Terveyspalveluntuottajien,1
Klinikkaketjut,1
Ydinsidosryhmät,1
Terveydenhuoltomallinsa,1
Kasitelyn,1
Tangoberg,1
Seduloihin,1
Lentokenttätolpat,1
Kusettajakuskit,1
Äikäntunnil,1
S124,1
Lyhennyksiään,1
Vivunheilahdus,1
Ryysii,1
Multikultilaifstailia,1
Koppiautoilla,1
Dreamhackillä,1
Kirjallisuusscenestä,1
Puolikatatoninen,1
Taloudellisperusteista,1
Kaveripiirinen,1
Peukutussysteemi,1
Pisteytyssysteemit,1
Ohjaustehostamattomissa,1
Hankaavien,1
Paheitansa,1
Niittyhuippu,1
Myyntihinnastosta,1
Vs41jrngaxc,1
Itsetunnistus,1
Haltuunottokaan,1
Linkaamassani,1
Uutishypen,1
Psykometrisillä,1
Digioperaatiot,1
Käytetyyä,1
Kolmisenkin,1
J5yrwalbom8,1
Revontulihälytyksen,1
Alivuokraaminenkin,1
Terhoakaan,1
Vastikkeitansa,1
Vastikettaan,1
Lokakussa,1
Pääomasijoitusyhtöiden,1
G63968,1
Puliveivaukset,1
362k,1
Yhtiövelka,1
Velkaosuudesta,1
Maksuvapailla,1
