Somevaahtoajalle,1
Odug5s,1
Couple_of_questions_to_help_me_m23_not_screw_this,1
Salaliitoteorioillaan,1
Patruunapesässäkin,1
Yhteiskehitän,1
Selvitellessämme,1
Modenisoidu,1
Tahvoiksi,1
Infarkteissa,1
Poisohjatut,1
Esiintysmisluonne,1
Suultaan,1
Haittamaahanmuuttovastaiseksi,1
Uppiniskaisinkin,1
Huipputapauksia,1
Hakkuurajoitukset,1
Nuhteitakin,1
Pohjoismaakaan,1
Ylltätäen,1
Talousongelmamme,1
Tyytymattomyytensa,1
Nasserasset,1
Ghorgulhan,1
Poikkeukselline,1
Mielenoisoituksessa,1
Istutkaan,1
Tukkiaksesi,1
Käryttelemään,1
Hyvesignalointimaat,1
Parasvyöhykkeen,1
Pohjanlukemat,1
Ilmastopaketissakin,1
Ymparistoministerio,1
6j7h2o,1
Tautipuolen,1
Pörssipelureita,1
Montasata,1
Käpreessäkään,1
Elinikäodotteet,1
Valhellisia,1
Viagara,1
Jatkuvapeitteisenä,1
Solidaarisuusverotkin,1
Pirjotkin,1
Autokanteen,1
Ruskoturilaalta,1
Hönt,1
Linkki_kuvakaappauksesta,1
Talonrotiskoissa,1
Halimiseen,1
Kristallihippiäiset,1
Webbiversioon,1
Pilvipalvelija,1
Käyttökäppyrät,1
Ilmaisrajat,1
Makuläpysköille,1
Turvapakkajärjestelmän,1
Ongelmakastiin,1
Sivistysmailta,1
Ihmisyyssopimukset,1
Turvissankarit,1
Turvapaikkahausta,1
Osinkopalkinto,1
Tappiovuosina,1
Mafiaryhmä,1
Hyvinvointivaltioilla,1
Esuittävät,1
Metavalituslankaa,1
Somemutuilussa,1
Pohjalata,1
Voimatrippailla,1
Väärintoimittua,1
Vierastaloon,1
Leipäkuoriais,1
Alitajusiesti,1
Maltillisuudelle,1
Iskostettavaksi,1
Talonrippeet,1
Katagoriassa,1
Q_into_the_storm,1
Moderaatiomeilissä,1
Sääntöpläjäys,1
Valemmistolaiset,1
Varallisuuskymmenyksen,1
Iskanderkebu,1
Havumetsämaat,1
Polttamisellakin,1
Sarvisen,1
Harpunsoittotunneille,1
Potenssilääke,1
Ilmastopakettiaan,1
Vähämaaliseksi,1
Maalijuhlaa,1
Röökihyllyt,1
Perseseksikerhoon,1
Vaihtoehtoteorioissa,1
Pikavippimäisesti,1
Puistoreivejä,1
Rupennu,1
Kierrostakin,1
Rahtaripro,1
Ristijäisiä,1
Ympäristöperusteilla,1
Hiilidioksidiakaan,1
Törmäyksenestot,1
Vammautumisetkin,1
Ruuhkaveroja,1
Pikkukaupunkeihinkin,1
Rokotettavina,1
Vuosikasvupylväät,1
Kilpailuvaltion,1
Päinvas,1
Vääränpuolen,1
Eriarvoisuushommista,1
Kimuksen2,1
Syrjivimpiä,1
Fornjot,1
Skjalf,1
Agne,1
Jonoäijä,1
Keskustelutoveria,1
Pelledildoksi,1
Irefeurope,1
Integraattien,1
Jalostetaankin,1
Erikoisrajajääkärikomppania,1
Isellekin,1
Kiinteistöomistuspuoli,1
Kiinteistöomistuksien,1
Arvokiinteistöalueilla,1
Maahanmuutonb,1
Rukoileminenkaan,1
Kranaatinheittäjämiehet,1
Ioun,1
Kaikkonemaan,1
Propagandatekniikassa,1
Pkarjalan_raja,1
Nykyporukassa,1
Miutaki,1
Laimeemedia,1
Taisteluvyössä,1
Rajajääkärikokemuksia,1
Ilmatieteilijan,1
Downshiftingiä,1
Makavaan,1
Keinuttamista,1
Liittovaltiokehityskin,1
Kertaluonteisuuteen,1
Syyvydessä,1
Pistäjällä,1
Merellämme,1
Syysmyrskyyn,1
Vantaalaismän,1
Hippimäisestä,1
Vaihtoehtoislääketieteestä,1
Lectura,1
Keulavisiiriä,1
Mielipidekyltti,1
Vaihtamisessahan,1
Jäävahvistettu,1
Jäävahvistetun,1
Salaliittoteaoria,1
Orjanpöyrää,1
Oktpcs,1
Ano_turtiainen_vauhdissa,1
H5a0dfp,1
Yhteisvastuutetaan,1
Kynänjälkenä,1
Nostattajista,1
Pallofanit,1
Karanteenirikkurit,1
Jaksamisessani,1
Jaaritteleminen,1
Kiinnostavuuttani,1
Helmiäiskoristeita,1
Absorboituvasta,1
Absorboima,1
Ennätyshuonolta,1
Jäättömyydestä,1
Pahviboksi,1
Voihkaista,1
Turkuki,1
Metallimöhkäleeseen,1
Supranationalistisen,1
Pesäpallomailatkin,1
Banaanivaltioajattelua,1
Highwaymaneiksi,1
Findglocal,1
Avohakkuuasioilla,1
Wpt,1
Osastopäivystyksiä,1
Sijoitusomaisuudet,1
Okn8ty,1
Meta_julkisten_somepostausten_jakokieltos,1
Sedimentit,1
Kriisikeskuksiinkin,1
Valiojäätelöllä,1
Persumutuilun,1
Verenohennuslääkkeisiin,1
Faktarjoku,1
Kunnallisvettä,1
Muinaishieroglyyfejä,1
Onnistutttu,1
Siilouduta,1
Huijjuma,1
Vedonlyöntikumppaneista,1
Autoallas,1
Hyysäysvalitusten,1
Empulla,1
Homonaluille,1
Yleispäivystyksessä,1
Verenohentajiin,1
Ms_herald_of_free_enterprise,1
Jenkkifrendi,1
Oranssipäästä,1
Äänetyshuijaus,1
Töyttömyysaste,1
Kaksinkeratainen,1
Todennökoisempiä,1
88x,1
Veronpetos,1
Lameassmedia,1
Erb4n8pw2qw,1
Betonihallista,1
Toiminimisiivooja,1
Paperikonetehtaan,1
Työläiskollektiivin,1
Olkiukkoyhteiskunnalta,1
Histastunut,1
Tiekarttaehdotus,1
Klientillä,1
Puunkaatajat,1
Hyvinvointitasonsa,1
Vusoittain,1
Puunkaatotarinan,1
T9lgkshxp0a,1
Huippupalkkaiseen,1
Hiomenna,1
Ammattiohjetta,1
Siitą,1
Haikkavaikutusten,1
Paikkumaan,1
Dokkarissakaan,1
Makulitkua,1
Äänsetivät,1
Päästövähennyslain,1
Ehdotuspaketin,1
Kasvun_hidastuminen_,1
Salaliittovainoharhaiset,1
Fantasiahipit,1
Seisomologiset,1
Salaliitotteoriat,1
Murtovedessä,1
Aselasteista,1
Varallisuusdesiilejä,1
Ruotsailaisille,1
Purkkijätskiä,1
Mandariinijugurttisuklaa,1
Autorampista,1
Hydrauliservot,1
Kiinityksistä,1
Rekkaonnetomuus,1
Asiakasjoukko,1
Komissaarivirat,1
Komissaareistamme,1
Agressiivisutta,1
Äänestämisprosentin,1
Floppataan,1
Ilmastopakettialoituksensa,1
Uponnessa,1
Voimavektoria,1
Päästölähteiltä,1
Nopeakiertoisiksi,1
Pästölähde,1
Nielugraafi,1
Allokot,1
Tollasistakin,1
Kiltalaisen,1
Huipeli,1
Haipeli,1
788milj,1
Fleetnation,1
W_1120,1
G_south,1
L_text,1
Style_gothic2,1
20keph,1
20senett,1
O_20,1
L_watermark4,1
O_25,1
Y_50,1
V1539026215,1
Ovh5nmvesnlisqijamhy,1
Saiaisuuksista,1
Tällaiten,1
Ilmastopakettien,1
Lutkutan,1
Pööpötintä,1
Nikotiinikarkkia,1
Nikotiinimäärällisesti,1
Kaksakkuset,1
Akkuluukkusysteemi,1
Perheomaisuutta,1
Dokkariporukka,1
Epämääriseltä,1
Viinatermeillä,1
Makunesteisiin,1
Luirumpaa,1
Atopäihin,1
Sähkötupakointikäyttöön,1
Aamutelevisiosta,1
Sähköverkkomyyntiä,1
Meriarkeologien,1
Vähäsuolaisuuden,1
Laivamatoja,1
Puuhylkyjä,1
Tehosäädöillä,1
Olisikojan,1
Panssarihöysrylaiva,1
Rusalkan,1
Alusluokista,1
Nikotiinisuolan,1
Vasa_,1
Haaaardly,1
Tuomioipäivän,1
Unelmakeli,1
Likkuvampi,1
Taistoluharjoituksessa,1
Tetsatessakin,1
Kutren,1
Rusalka_,1
Keulasa,1
Äänestysvilpeistä,1
Pääseuralle,1
Tavoiteitta,1
Integroitavilla,1
5tonttua,1
63vuotiaana,1
Julistuksetkin,1
Inaktiivisuuden,1
Hyödyntävätkin,1
Modenatsojen,1
Alempaansa,1
Maleksiva,1
Rasitusmurtumilta,1
Tienviitoittajat,1
Koirapillinkäyttäjän,1
Modijono,1
Umpille,1
Sellukuitu,1
Hakkuukelpoisiksi,1
Alkusäästö,1
Tenuriffalla,1
Lentosuunnitelmasta,1
Tehtiii,1
Hardresettiä,1
Aramax,1
Finnvapeissa,1
Elektrosavussa,1
Neukuntoukka,1
Persuöyhöttäjäksi,1
Alondra,1
_oubr,1
Alondra_oubr,1
_pigliucci,1
Massimo_pigliucci,1
Akkreditoituneita,1
Merriman,1
U2440,1
Perbal,1
Mãori,1
Neurogenetic,1
Dorfman,1
Curr,1
Chistiakov,1
Chekhonin,1
S13353,1
Manuck,1
Mcclay,1
Poulton,1
Crampton,1
U2439,1
Psychopharmacology,1
Tzeng,1
Uvntr,1
Fergusson,1
Horwood,1
Comppsych,1
Roettger,1
Vntr,1
Visscher,1
Nrg2322,1
S0882,1
Clevel,1
Ebstein,1
E8516,1
Shumay,1
Volkow,1
Methylation,1
Jonassaint,1
Pluess,1
Brummett,1
Palumberi,1
Krystal,1
Gelernter,1
Bisnesmatkustukseen,1
Riskivaltiot,1
Kasvatuspaikkojen,1
Huumesodaksi,1
Vasemmistoaisurit,1
Räyhääjiksi,1
Känniräyhääjät,1
Kellokkaatkin,1
Palaudumme,1
Itsemurhaepäilyistä,1
Skraapattu,1
Oivaltaisivat,1
Virheolettamahan,1
Graffigit,1
Ruostesuojauksesta,1
Vaihtomoottoreita,1
D1995,1
Bensakoneetki,1
Vaahteranhöttöistä,1
Liberaaliunelmaa,1
Näennäisystävällisen,1
Realpolitikiä,1
Ammattipolitiikkomme,1
Maskulinoistuminen,1
Sekvensssoitiin,1
Julistetyiin,1
Geenipseudotiteen,1
Pmc4776744,1
Pmc3965568,1
Replikaatiokriisissä,1
Systematic_re_evaluation_of_genes,1
Taantuneisuutta,1
Vahvistusharhansa,1
Perusulina,1
Vaihtuki,1
Nakkikioskiyrittäjällä,1
Sijoitussuunitelmaa,1
Transihmisilläkään,1
Myllyhoitoyhdistys,1
Selvitys_palvelulabyrintista,1
Työaikasäännöt,1
Kurottelut,1
Salpauttaa,1
Neronilmauksia,1
Kölninvesiä,1
Autotilasto,1
Autovakuutustakaan,1
Alkusuunnittelu,1
Koronakämpän,1
Suojalaseina,1
Hakijajuopon,1
Kuntaomisteisista,1
Vesihuoltotoiminnoista,1
Vesihuoltotoimien,1
Raportoitii,1
Solidaarisuustulonsiirto,1
Teknohärpäkettä,1
Mechlyfe,1
Arcless,1
Innokin,1
Höyrystiminä,1
Ressitöntä,1
Räjähdysteoriassa,1
Vastaayntyneelle,1
Paskapuuhillaan,1
Vientiriippuvuuteen,1
Uhkavaltiosta,1
Keskustlukokemukseni,1
Vierotukset,1
Terapiahoidoissa,1
Aiheuttavuutensa,1
Huumerekisterimerkintöjen,1
Haitattomammaksi,1
Haisevamman,1
Lorvailen,1
Herättämisenä,1
Rakennepoikkeavuuksissa,1
Aukeaville,1
Turvaväliongelmia,1
Jenkkikapitalistit,1
Kesämökkieloa,1
Päivittäiskäyttöni,1
Tukiaankaan,1
Hajunpoistojärjestelmä,1
Vähähajuista,1
Pakkomalleja,1
Palkkapohjia,1
Fittestistä,1
Yläkannelta,1
Pelastusveneasema,1
Teinibemarit,1
Kapinointitarvetta,1
Velkariitoja,1
Sairaiskulut,1
Pankkivarallisuutta,1
Kondenssitankki,1
Kainnuu,1
Dattaa,1
Skplybiq7,1
8_havainnot_onnettomuuden_jalkeen,1
A9c33e39,1
Fe0d,1
Af2e,1
E81fdffc949c,1
Vakivaltaisuuksissa,1
Polttelemat,1
Polttelekkaa,1
Työntahdissa,1
Niskaanhengittävien,1
Puhaltelisin,1
Käsittämää,1
Huumehoito,1
Vähentämää,1
Tupakoidijoiden,1
Hinnakastakin,1
Sevväliä,1
Kenne,1
Nokkakolaritilanteessa,1
Hurmoksellisuuden,1
Jalkapallohullu,1
Metsätilanteesta,1
Valemmistokusetusta,1
Vastapatti,1
30kiloeurolla,1
Liqvideettiä,1
Vähähappisena,1
Pössäyttelijä,1
Ryöstelytilaisuuteen,1
Durbanissa,1
Natalin,1
Sihle,1
Zikalala,1
Lukukyvyttömyyttään,1
Bilareihin,1
Bilareita,1
Tässävyyhdissä,1
Huippufutiksen,1
Puheälimet,1
Lähipuistikoissa,1
Erektiostaan,1
Siivousaskareilla,1
Hyperkapitalistiseen,1
Miellekuvaan,1
Suurentuneisiin,1
Miljonääripalloilijoista,1
Brittilapset,1
Kannabiskauppaan,1
Punkerommat,1
Sanest,1
Naukkailija,1
Työttömyyspätkineen,1
Mutterinlaskijaa,1
Minintöitä,1
Polttoaineautoissa,1
Töpseleinä,1
Öyhötysmodeen,1
Fcit,1
Mod2,1
Hellepotilaiden,1
Henklökunnan,1
Kärytyyppiä,1
Sukupuolilainsäädäntöön,1
Pikahuumetesterit,1
Painolehdestä,1
Junttihuume,1
_dsc7584ldr,1
Antidootiksi,1
Oleellsisesti,1
Pukkaillaan,1
Ilmankosteuksissa,1
Hödyllistä,1
Maaliämpärillisen,1
Postoputkesta,1
Sisälaitteelta,1
Jäähdytysala,1
Uudelleenpiirtelyt,1
Kosteudenpoistolla,1
Lomapäivätkin,1
Kerässä,1
Qgewpyq,1
Uutiskähetystä,1
Kennonlämpötila,1
Kastepisteeseen,1
Äkkijarrutustilanne,1
Vakkarityöpaikkoihin,1
Moraalinvalvonnan,1
Sätkääkin,1
Liukkarikerroksen,1
Liukkareissa,1
Pikkusiivoukseen,1
Siivoustyölle,1
Päihdekuntoutusryhmät,1
Amatööritutkijoita,1
Pössöttäjään,1
Ravintolalupia,1
Leaserina,1
Pesusaaviin,1
Encoodausta,1
A4tski,1
Erottelumekanismeja,1
Metsänhoitomenetelmistä,1
Virginijus,1
Metsäkysymyksiin,1
Metsänhoitajista,1
Metsäpäätöksiin,1
Sinkeviciuksen,1
Metsätermien,1
Hallussapitoineen,1
Kaasuräjäyttelevät,1
Sähkövekottimiinkin,1
Pekkapuskalainen,1
Tätiselittämään,1
Kähmimisiä,1
Suhmurointikoneistoa,1
Perusaikana,1
Urheilufanaattisuutta,1
6l5048,1
790000km,1
Riippujalle,1
Siriusta,1
Bilettämistäkään,1
Ruisleipäriippuvuus,1
Benjoviekkareihin,1
Tusataan,1
Meriittiperusteilla,1
Asiantuntijapohjaiset,1
Lassautin,1
Ganjamiinin,1
Poistoilmaletkun,1
05859c4b,1
7b23,1
806952867ab2,1
56dc,1
Piripaskaa,1
Kinostels,1
Pirstaloituneisiin,1
Pikkumetsiin,1
Selektiivistiä,1
Epästabiilei,1
Siroimpia,1
Esmer,1
Puroilla,1
Kuumentumistaan,1
H5dl9ir,1
Pontonisiltaa,1
Leikkaamattomista,1
Juhamildinleftiballssi,1
Sähköhenkilöiden,1
Maalaisseutu,1
Kasvatuspuuhiin,1
Nuy,1
Automallianikin,1
Monisukupuolisuudelle,1
Poistoputkeen,1
Seminopean,1
Laajentamissuunnitelmia,1
Peruslatausta,1
Latausasemiin,1
Lisännytä,1
Polvihousuton,1
Työterkkarissa,1
Pikkukaupunneille,1
Blöäähg,1
Vedix,1
Öörr,1
Nassustaan,1
Federaatuon,1
Arvovaltatuittuilun,1
Miespresidentin,1
Wailingwall,1
Kosteudenpoistoasetuksella,1
Jäädytystilassa,1
Kondessivesi,1
Täyssähköautolle,1
Tupakanpolttajiksi,1
Yrttinäkin,1
Postitusoikeutesi,1
Alaäänivalituksista,1
Markkinavaatimuksiin,1
Höttöst,1
Lefaklönttii,1
Nekrubudii,1
Kaisikseks,1
Kukitukses,1
Fosforii,1
Ykstyisomaisuuden,1
Yhteissitova,1
Moamar,1
Aldalin,1
Näköpuolet,1
Töksyt,1
Mitietitään,1
Vierot,1
Vieroilla,1
Polttelupätkän,1
Ikärajavalvonnat,1
Kansallisaatekin,1
Ryöstelytalkoisiin,1
Natlenvtrainers,1
Kannabinoidiuutteet,1
Kannabinoidiuutteita,1
Lääkkeellisillä,1
Stairwaytoheavenin,1
Talvilukemat,1
Ylipäätäänki,1
Pilvikuski,1
Treads,1
Jollaset,1
Siiloutuisi,1
Asukaspysäköintien,1
Viikonloppujeeppi,1
P991523780501,1
Tuomitsemistaseni,1
Laboratoriomenetelmillä,1
Pilvikuskin,1
Tullimieheltä,1
Työaikatauluineen,1
Tiimityökaluineen,1
Polttelutkin,1
Putsariin,1
Raikkaammaks,1
Matokuurihan,1
Vaihtomahdollisuuksista,1
Linkolako,1
Rantapummeista,1
Pulsukämpältä,1
Välkyytelee,1
Läpinäkyvyyslainsäädäntömme,1
Kelosta,1
Syväaurauksia,1
Vesilettoja,1
Vesakkomyrkkyjä,1
Kuusipeltojen,1
Biotehtaisiin,1
Sellukeittimö,1
Epäsuorathaitat,1
Suontaan,1
Miekkahauta,1
Быт,1
Шкафе,1
Лежатся,1
Mutanttisukuelimiä,1
Laittajina,1
Ricolaisia,1
Pamputtaassa,1
Rutiköyhyys,1
Kitupiikiksikin,1
Uskomushoidotkin,1
Vaihtomoottoreista,1
Lempiseuran,1
Keskariahan,1
Adjacently,1
Peruselintarvikkeiksi,1
Vuokravarastokokonaisuudet,1
Kiikarissaan,1
Toimistoremontti,1
Polttomoottoriautoilta,1
Cdh13,1
Kapitalistivaltioissa,1
Koronahätäauton,1
Kasvisglyserolin,1
Maksimivarauksen,1
Vikaherkkyyteen,1
Huollontarpeeseen,1
Halpiskäytettyjen,1
Sähkövastine,1
Automobilesin,1
Poltilla,1
Musiikkiäänestystä,1
Latauasemat,1
Bensakaveria,1
Satamakylästä,1
Laturitolppa,1
Käyttövoimaveropelleilystä,1
Vuokralaisyhteiskunnan,1
Polttomoottoriromuilla,1
Valtameriliikenteessäkin,1
Kaksoispolttoainesysteemiä,1
Matalarikkiseen,1
Rikkisääntelyn,1
Läpikohtaisin,1
Pisaroinnista,1
Asuinseudullas,1
Ghanassako,1
Endorfiinini,1
Dopamiinini,1
Tunneherkkään,1
Rautiaisenkin,1
Puhelintenkaan,1
Älypuhelinkaudella,1
Luonnonsuojelivat,1
Avohakkuitakaan,1
Hakkuukäytäntöihin,1
Kestämämpään,1
Eettiseksikin,1
Staticfiles,1
Drug_and_alcohol_crash_risk,1
Naksussa,1
20blues,1
Lääkeherkän,1
Sakkomenettelystä,1
Päätteliin,1
Työharkkapaikat,1
Kouluvalinnasta,1
Vaihtomotti,1
Gkf6dckjljo,1
Vuosiverot,1
Ajokuntoisuuden,1
Kuivil,1
Osaamisvuosista,1
Jättikorporaatiossa,1
Karkkikaapista,1
Yrityspropagandaa,1
Hypekulttuurista,1
Javaosaamiselle,1
Javamaailmasta,1
Fronttiosaamista,1
Kirjastohelvetin,1
Paskaproggikseen,1
Javasovellusten,1
Pilviarkkitehtuurin,1
Sääsovellukset,1
Harkinut,1
Aytkt10002,1
Naissoturillaan,1
Pistettiinpä,1
Ohjelmointikursseihin,1
Ensihoitopuolelle,1
Maisteripuolelle,1
Heilastelisi,1
Katsastusmaksuihin,1
Uhkatiukka,1
Pösöäni,1
Täyssäköautolla,1
Alylaturi,1
Järkihintaisessa,1
Perussähkäreissä,1
Klikkiostikoi,1
Jengipuukotuksia,1
Agrekaateista,1
Hevosvaunun,1
Kiinnitäminen,1
Avomielisestikin,1
Kennottelee,1
Merkkarilla,1
Akkusolun,1
Unelmatyöpaikastasi,1
Inhokkityöstä,1
Unelmatyöpaikkaasi,1
Orhtodontics,1
Tractoreita,1
Pleksiset,1
Polttokopit,1
Hamppukuidun,1
Puukuidulta,1
Lobbauskampanjan,1
Uudelleenkennottajat,1
Kaasuautotkin,1
Haaskanneeni,1
Suositust,1
Korruptoituneineen,1
Resursssiit,1
Nestele,1
Happivakuutuksia,1
Hyristelevät,1
8312jv7,1
Happopohjaisista,1
Piripohjaisista,1
Aivopieruargumentteja,1
Mydieselillä,1
Kilpineitoineen,1
Muidemme,1
Selvityskeskuksessa,1
Skodisti,1
Lätkäistyillä,1
Kauppablokilla,1
Kaupunkiasujille,1
Kauppareissuakaan,1
Piippa,1
Annostuksestahan,1
Villityksiin,1
550mw,1
Suurjännitelinjat,1
Kylmänkeston,1
Merionnettomuuksien,1
Makaaminenhan,1
Valuuttapolitiikastaan,1
Hiilirankkua,1
59430e5b,1
868519c351e2,1
Goatsehan,1
Metsienkäytön,1
Luonnonperintösäätiöitä,1
Hävikillisempi,1
Pöljäpaukuissa,1
Pressaajat,1
Killing_of_peter_r,1
_de_vries,1
Huumerikollisorganisaatioon,1
Ridouan_taghi,1
Musiikkitieteeseen,1
Haastepuolia,1
Kannabisvoin,1
Ottajaan,1
Öljyvalmistetta,1
Kompensoimut,1
Sisätilojenkin,1
Jätevesitutkimuksiin,1
Sekakäyttöongelmaisten,1
Autonkuljettamiseen,1
Muffinssitaikinaan,1
Avohakkuumuotoilu,1
Serkä,1
Lokamaholi,1
Kehittyisikö,1
Virnamäenpuiston,1
Istumatiloja,1
Palailtiinkin,1
Vältelläänkö,1
Keittiökemistejä,1
Lohkolämmitys,1
Kälyltä,1
Tatuointejani,1
Liikuttavasta,1
Silmön,1
Aurinkokuntaam,1
Haasteer,1
Ailliin,1
Varaosaliikkeistä,1
Yksikertaisin,1
Kestien,1
Pullasin,1
Vaivallako,1
Niskavammaisen,1
Kyläolutkulttuuri,1
Brenkkuja,1
Kemuihinsa,1
Keisariudella,1
Nuhteettomiakin,1
Teiniroadmanit,1
Kossulestin,1
Edustuksiin,1
Utelunsa,1
Terassipaikkoja,1
Käsikaatoa,1
Dispossessing,1
Nettiautohan,1
Vsraus,1
Christmas_flood_of_1717,1
Wikimobilelinkbot,1
Huumerattijuoppoa,1
Navigointiongelmat,1
Friederike,1
Yhtämittaisesta,1
Panssaroimattomat,1
Zombihyökkäykseltä,1
Poikkeuskäyttötapauksia,1
Sähköleluista,1
Lataustekniikalla,1
Latauskapasiteetista,1
Zq6_rojiv4e,1
Venymistapauksessa,1
Voitelutarvikkeita,1
Kohtuuten,1
Tempoillen,1
Pieninlatenssiseen,1
Jättilaivoista,1
Ol94ga,1
H5d05do,1
Töissäjaksamista,1
Tietenäkin,1
Kumallissen,1
Kaasuläppään,1
Sähkökomponettien,1
Päästöloukkujen,1
Hevonpaskalähteet,1
Elyvytyspaketteihin,1
Polttomoottorikieltoon,1
Tasapuolisuusharhainen,1
Borgström,1
Kuuroiksikin,1
Ajotyylistään,1
Hidastelukin,1
Hevonpaskaako,1
Noppalukujen,1
Noppapelissä,1
Pirtutrokareita,1
Automaattiviesteillä,1
Tuulikaatoja,1
Kuvantajalta,1
Kuvantajan,1
Ajoprofiilin,1
Työskentevänsä,1
Tulonsiirtomyönteinen,1
Tulonsiirtopaketteja,1
Kehityssyklin,1
Schukostakin,1
Laiskimmallakin,1
Schukolaturilla,1
Rimseillä,1
Kiistoiksi,1
Teknologoa,1
Anderegg,1
Metaboliahärön,1
Cyp2c9,1
Polttisrutkuilla,1
Knanabiksen,1
Puistomaastureita,1
Todennäköisyyskäyrällä,1
Entonces,1
Sediento,1
Polttokennoteknologiasta,1
Mediaanirangaistukset,1
Kuuliaisilta,1
Välimallimuoto,1
Trumpmobiilin,1
Vastaanvänkimistä,1
Automaattiaskiin,1
Sähkisvoimalinja,1
Teknomiljardööri,1
Ihmekoneesta,1
Nautinpahan,1
Ihmiskunnann,1
Omakotiltaloistakin,1
Kolmivaihevirran,1
Täyteläisemmässä,1
Voikuurin,1
Luvuissaankin,1
Sairaaladuunitkaan,1
Ethethethethetheth,1
Ethehethethetheth,1
Ethethetheth,1
Suolamyllyä,1
Kusase,1
Somejulkkikselle,1
Meinaain,1
Viisumipyynnöt,1
Mycs47vf,1
Dysmorforian,1
Tmäärittää,1
Lähtökannan,1
Tulvatilastoja,1
Jokiahan,1
Junttimaisuudestasi,1
Ylt_2019_2020,1
10_fi,1
Metodologiakin,1
Karkihankkeisiin,1
42ke,1
Jääpalalootan,1
Nyhjitä,1
Tulvasuojausta,1
Sukellusryhmistä,1
Promomateriaalista,1
Sukeltelmassa,1
Sukellushaluisten,1
Valvontakalustosta,1
Sukellusvideoista,1
Tullaushässäkkään,1
Jenkkipaketin,1
Kiinanpakettina,1
Lähetyslistoja,1
Katiskatiellä,1
Jäähdytysrivat,1
Pahenevant,1
Serus,1
Hukkumisilla,1
Dekaaleilla,1
Öljynvaihtoväleillä,1
Korkeiks,1
Perustulppa,1
Vaihteistoviat,1
Pölypesun,1
Siirtorallia,1
Vihjeellisen,1
Ylösajoprojektia,1
Jurmolle,1
Raijanneet,1
Mielitiettyjen,1
Premiumsähkistä,1
Premiumsähkiksen,1
Naapuritaloyhtiöön,1
Od336j,1
Saatanan_posti_ja_itseni,1
H3yn7as,1
Hytistäkään,1
Pakkailtuna,1
Pannunostoressiä,1
Krapulapäissänne,1
Sohvanne,1
Vaaratonkin,1
Hermafrodiitille,1
Juguista,1
Toffeetuutit,1
Mielikuvaleikki,1
Grftr,1
Olbs4f,1
Puolalaislähtöinen,1
Puolalaislähtöisyys,1
Näopinsö,1
Varapisteeseen,1
Ruutipohjaiset,1
Bomb_icon,1
Sihisisi,1
Fribaradalla,1
Pustokkeesta,1
Korjaamattajättäminen,1
Kittiläkatu,1
Fossiiliviestillä,1
Toimituspalveluita,1
Muovimylly,1
Ulkokaarteesta,1
Politiikkatoimille,1
Seulitaan,1
Annosteluväline,1
Kaksinumeroisin,1
Soijuudestaan,1
Hipsteriviiksimies,1
Ohittamaa,1
Kuukautiskipupalstoille,1
6ytqr8t05ou,1
Työntekovertaukseen,1
Nipsittiin,1
Kiihdytellessä,1
Skeittikypärää,1
Opintoputkea,1
Kasikoneessa,1
Kirjoota,1
Rankkasadepäivien,1
Lanuvpubl,1
1_infoblaetter,1
Info_38_englisch,1
Landesamt,1
Historisches,1
Unwetter,1
Sonst,1
Gemessene,1
Überschritten,1
Gebot,1
Stunde,1
Folgeschäden,1
Perusrenkutusradiokanavalla,1
Y1cclts,1
Mainoskertomuksia,1
Viiksihipsteri,1
Kauppiaaltaan,1
Käyttömotiivit,1
Huumetermin,1
Apsiburgereiden,1
Yhtenäisyyspuolueelle,1
_however,1
Palaveritäytteistä,1
Täysvähennys,1
Yhdeksikin,1
Laittaakki,1
Lohkaiseet,1
Rullalautailuliikkeessä,1
Hifistelysuoloja,1
Pesevistä,1
Mikrosörsseleitä,1
Mahdotontan,1
Profeministimiehisyyden,1
Peiliinkatsomattomuus,1
Hyvixiin,1
Persupersvakoäijät,1
Kansalaistoril,1
Työpersoonaa,1
Avokonttorikerrokset,1
Ruintsinkielinen,1
Punaviherlaseista,1
Laitareunakkaalle,1
Meemioikeistolaiselle,1
Hitukkakin,1
Teurasjätepihveistä,1
Natiiviäpillä,1
Skeittailussa,1
Kynäniskalle,1
Motokypärä,1
Ritapanahi,1
Pine_tree_riots,1
Advovolicious,1
Ryöstäjälauma,1
Faecesocietatis,1
Soijansyöntiin,1
Tutuimmista,1
Muovisissakin,1
Kauppakassivertailuissa,1
Tiedonmyyntiä,1
Analyticsit,1
Hakutuloksistakin,1
Baanata,1
Valtateidemme,1
Halloumiburgerimainos,1
Himottavaksi,1
Polarisaatiokysymyksistä,1
Tulehdusvaikutusta,1
Suolamyllyn,1
Sirottimessa,1
Sirottua,1
Sulkeutumishäiriön,1
Pahvisänkyjä,1
Unirauha,1
Juoksukaljavarkaan,1
9tkm,1
Murhahelle,1
Tarvontien,1
Tuplaviivalla,1
Eunukkiteamin,1
Classifica,1
Stillmed,1
Commissions_pdffiles,1
Medical_commission,1
11_ioc_consensus_meeting_on_sex_reassignment_and_hyperandrogenism,1
Ohitsn,1
Integraatiovaiheen,1
Avokypärät,1
Limburgissa,1
Säätiedotteessa,1
Sosioekonomisenstatuksen,1
Italialaiskauhuleffa,1
Aistiharhasta,1
Rouhimassa,1
Suupalalle,1
Kasseistakusijaksi,1
Itanian,1
Häikäilettömämpi,1
Palkkamurhattanut,1
Kilvenkiillotusmainos,1
Siirtomaahallinnossa,1
Majnoksellinen,1
Halpakaupalta,1
Halloumihamppimainosta,1
Näytilleen,1
Autoilijaryhmistä,1
Flirttivosu,1
Lipitelty,1
Päihdehakuisempaan,1
Aromiainetta,1
Siemenpankit,1
Mintz,1
Korkealaatuisista,1
Höyrystyslaitteista,1
Kannabisfiilistelyyn,1
Kuulosuojainpakko,1
Luujohteisena,1
Vedenhuoltoa,1
Vesipuliin,1
Kesisin,1
Ilmalänpöpumpulta,1
Rivastoon,1
Suomenkielisiähän,1
Moittitavaa,1
Manasikat,1
Pääkohtaisia,1
Styroksinpalat,1
Pyöräilykypärinä,1
Kannattelijat,1
Proteiiniketjujen,1
Paistotuloksen,1
Pyöräkypärissä,1
Haaparannallakin,1
Skeittikypärät,1
Anteeksipyytettömättömästi,1
Hyllyjärjestelyistä,1
Hyllyjärjestely,1
Svidduilu,1
Pohjoissuomalaiseen,1
Sta1,1
Validejakaan,1
Rullaluistelukypäriä,1
Ajayyy,1
Kliseelause,1
Markkinointipoppoo,1
Kehitellyltä,1
Saverin,1
Maatiloineen,1
Vauhtiraitojen,1
Suddenlycaralho,1
Joukotuhonta,1
Kulutusvimmasta,1
Kuhertelevaa,1
Pumpaan,1
Morsetettua,1
Roikuis,1
Ärsystäväksi,1
Pohjavesivarantoa,1
Haittaamattomasti,1
Kaupalisena,1
Paskatarinoita,1
Viikonlopullekaan,1
Rvveddpgncf4d2ev7,1
Wnkng9e7fndb6vqq7,1
_soybean,1
Keskivertovastaaja,1
Harrikoidessa,1
Perushuolloissa,1
Ilmanputsareissa,1
Jarruosissa,1
Pringeleitä,1
Maalauskokemusta,1
Maalipesu,1
Choppereita,1
Viiksienkin,1
Asiomasta,1
Suorakatselu,1
Rgdwicp0pta,1
Tahmeeks,1
Perustojota,1
Crossikypärät,1
Cruisaillessa,1
Tiltisti,1
Kuolemattomuusajatus,1
Skeittipotan,1
Ulkomaanelävätkin,1
Vehicles_en,1
Hiililauhdevoimaloille,1
Hiililauhdevoimalan,1
Saavutettanee,1
Ajokäyttöön,1
Dieselmoottorisen,1
Bensiinimoottorisella,1
Lämpötilansäätelyyn,1
Lisäenergiakustannuksia,1
Nettovähenemää,1
Hiililauhdevoimaloilla,1
Hiilipäästöiksi,1
Varastointiominaisuuksiltaan,1
Kapitalistifasisteja,1
Kuivahkolla,1
Ruokakauppamainoksen,1
Telassa,1
Katukuvahaittojen,1
1cf1f1ba,1
1f7d,1
0dc288a6c7c0,1
Kokovartalopanssari,1
Kokovartalopanssarilla,1
Panssariasu,1
Hukkumisriskikin,1
Kokatessakaan,1
Kokopanssariasu,1
Ennaltehkäistä,1
Pötypuhettahan,1
Kokopanssariin,1
Jatkovarresta,1
Telalle,1
Päällemaalauskuiva,1
Persvaolta,1
Anza,1
Keskikarkeat,1
P8208,1
Pohjamaalasin,1
Kosketuskuivana,1
Monokulttuurimännikköä,1
Moottoripyöräkypäriin,1
Keskikorkeudet,1
Nöyryyskin,1
Matkimme,1
Luksushoteilla,1
Korporaatiosiipi,1
Kaupunginjohdossa,1
Somekupliinsa,1
Häntätapauksia,1
Työllistyneidenkin,1
Maahantoisimme,1
Lähtötilanteeseensa,1
Investointikasvukeinottelumahdollisuuksista,1
Kiihdytystilaa,1
Asttuu,1
Tuhatkastaisilla,1
Seilaaville,1
Elintarviketoimija,1
Elintarviketoimijan,1
Lastuvaneria,1
Kytkenty,1
Televisiotani,1
Sänkyhommakin,1
Vadelmapiirakan,1
Mainosestimet,1
Pikkutietokoneen,1
Mainosdomainit,1
Pyörätiejärjestelmästä,1
Pyöräilykulttuurista,1
Valikoimapäälliköiden,1
Loimuttavia,1
Matkavapojen,1
Satunnaiskäyttöäkin,1
Suomenruotsalisessa,1
Kypäräkeskusteluun,1
Mummorinki,1
Kiertoliikkeeltä,1
Ympäristöpainotteisesti,1
Friikkionnettomuuden,1
Pyöräilyväylältä,1
Pihaympäristössä,1
Normaalivauhdeilla,1
Hybrinä,1
Mulkoilukuvaa,1
Umpikypäriä,1
Sähköhärpätintä,1
Asioidenhoitoajon,1
Vastakkainasettunutta,1
Kapiteeleillä,1
Kuivayrtti,1
Aromaterapiahöyrystintä,1
Kurkkappahan,1
Nuhapumppuihin,1
Sähkärihän,1
Atolinen,1
Ilmankosteuksilla,1
Kurkkupastillini,1
Kostonhaluansa,1
Työntekijöiltäänkin,1
Halpamuoveissa,1
Rajuti,1
Aamutortulta,1
Fdf072120,1
Hautaanvievä,1
Työterveyellä,1
Päihdekappaleen,1
_laittomat,1
Laittomia_,1
_nistit,1
Kanttisempia,1
Ärdepression,1
Lähitokmannilla,1
Minimihyvinvoinnin,1
Etanavauhteja,1
Materiaalivaurioilla,1
Muistikompleksi,1
Lohkoketjuälyyn,1
Vetkuttelemme,1
Pohtiessamme,1
Yhteiskäyttöautopalveluja,1
Joosepit,1
Köyhemmilläkään,1
Ennätystulvia,1
Katselon,1
Pienrautaosastoa,1
Wmivsqobr5871,1
Saamelaisuutisia,1
Ihkaakin,1
Helletä,1
Läkisääteisiä,1
Valioaine,1
Raapustuksesta,1
Toivelappua,1
Puropahasia,1
Älvin,1
Jalkopallofaneja,1
Supervatikaani,1
Feednavigator,1
Luomusoija,1
Kestävyystavoitteet,1
Omakohtaistaopiskelua,1
Ohkasempiin,1
Markinoillekkin,1
Ulkostaisin,1
Paakkuuntumisenestoaineitakin,1
Mukamurteella,1
Potturi,1
Perunapesurin,1
Mielisolmujen,1
Käääärmeeeeeee,1
Ajatteluharhoja,1
Polkupyöräpumppu,1
Aarinko,1
Noutopäivinä,1
Reissuunkaan,1
Palvelupisteeltään,1
Uudelleenpostitusta,1
Alistamattomia,1
Hyllyittäin,1
Nääääää,1
Vetävimmistä,1
Moukarimies,1
Aiturinainen,1
Maratoonarimies,1
Kaljoittelut,1
Tsemmipaskaa,1
Qq_dddou2kg,1
Sisäänostostrategiat,1
Pientuottajiin,1
Sairaalia,1
Liuluhihnalla,1
Väkikivallan,1
Nilkkasirkkelin,1
Selkärangoille,1
Kauppiasmainos,1
Helleihmisten,1
Ruskettuneeseen,1
Vituikseni,1
Jalanlämmikettä,1
Sylkitestia,1
Alinopeuta,1
Autoissan,1
Kunnossaolevilla,1
Rippileirejä,1
Avainsanahakua,1
Terapiatason,1
Kesähessukommentti,1
Valmistietokone,1
Kyhjötellyt,1
Uudelleenherätellyn,1
Indoktrinaatiotani,1
Reseptivalmisteisiin,1
Veritulipistakin,1
Kuskilleni,1
Veritulppailmiökin,1
Perustaksiin,1
Artefact,1
25tk,1
Kaljajuoppo,1
Perhetapahtumiin,1
Painostamistaan,1
Pienivolyymisissä,1
Rinkkaakin,1
Henhkoht,1
Lisägooglailu,1
Googleosumalla,1
Taksitarve,1
Rokotekuolemista,1
Revitysotsikkokamaa,1
Loppuim,1
Saapuikaan,1
Turvakotisophie,1
Turvakotijakson,1
Kärkivaltio,1
Ydijätteetkin,1
Pissahätäasento,1
Lempparivaatteet,1
Pakokassissa,1
Mamutaksi,1
Yliärsyttävä,1
Keskoreggae,1
Perusenergiassa,1
Sähköntuotanoa,1
Ydinvoimahakemus,1
Vastustaminan,1
Aikaikkunalta,1
Hakkauspäiväkirjaa,1
Kaupunkisuunnitelussa,1
Epätärkeämpi,1
Suppeampien,1
Kylmäkäynnistyminen,1
Adenorokotehan,1
Gini_fig3_313904513,1
Ld08cuui,1
Ld08cuui_ek,1
Raastemöykky,1
Lihvis,1
Esisuolauksella,1
Timjamista,1
Markkinajumalia,1
Alennusmyyntei,1
Öljyfirmoilla,1
Asemillee,1
Ottaisivitkan,1
Kylmäasemlla,1
Pysähdyseen,1
Taksirähinöitä,1
Taisteluareenoja,1
Sovelluksellaki,1
Lajittelukeskuksestaan,1
Noutolapun,1
Kokonaistoimeentuloa,1
Kokonaistoimeentulo,1
Uudistustaksit,1
Uudistakseissa,1
Epäluotettavine,1
Humaltuneissa,1
Arpoessasi,1
Cabiä,1
Ilmatonmuutos,1
Erimotiivisia,1
Maksamaann,1
Dataminer,1
Munakypärästä,1
Ttxs8w0xqnb71,1
Olsj47,1
Share_of_vaccinated_among_parties_in_bundestag,1
Greener_alien,1
Neljäkymmenen,1
Ykköskodeissa,1
Voitontekomahdollisuus,1
Hiilipäästöautoissa,1
Reweb2,1
Reweb,1
Rewebjsessionid,1
6f9317e07960fa83f3194ca6b5727801,1
Rwsite,1
Rwobj,1
Redisplay,1
Prod0000000000448379,1
Restanteks,1
Bernerillähän,1
Saniteettikonferenssin,1
International_sanitary_conferences,1
Pikkenin,1
Ylihalvoilla,1
Lennnoilla,1
Vapaudeenriistohan,1
Vertaisavun,1
Railaa,1
Pikalautausta,1
Hyperpikalaturia,1
Koiranluun,1
Kertakustanteinen,1
Kipuilija,1
Pensseliputsia,1
Minien,1
Helteenkaltasen,1
Ruuminlämpötilaa,1
11euroa,1
Elämänhallintahaasteellisillehan,1
Neivostoliiton,1
Urheilihat,1
Rasistisävytteistä,1
Rasistikuskeilta,1
Palkkaosuudesta,1
Kansanryöstöä,1
Virnistäny,1
Hiilineutraaloa,1
Energiataloudella,1
Muuttautua,1
Pistokeasemiksi,1
Sqkdhrk,1
Armoaika,1
Keskipieni,1
Pallottevat,1
Polttomoottoriautokantaa,1
Rahapuoleen,1
Perseo,1
Trionfante,1
Tulleessani,1
Uudenmaantiellä,1
Käännyttin,1
Kunnallisairaalantien,1
Kehotettin,1
Plottereissa,1
Liftaile,1
Hänti,1
Zuckerbug,1
Rapukävelemään,1
Antedeluviaaniseen,1
Liskosivilisaatioon,1
Pähkäni,1
Pähkinänkuoret,1
Koijaamaksi,1
Keksiota,1
Myööh,1
Vaatuuta,1
Jättikonserneille,1
Figumaalausta,1
Tipattiin,1
Vammaispalveluliiton,1
Kyytiketjun,1
Velottamiseen,1
Hintaselvityksiä,1
Pikkujoulujonoja,1
Hintaluetteloa,1
Duunarikolhoosien,1
Kuljettavilta,1
Suihkukurkku,1
Avoerotapauksissa,1
Asuntolafkat,1
Hyttihinta,1
Kellarikomeroa,1
Paskalööppiä,1
Brakingin,1
Moottorinkokoa,1
Nissaneja,1
Päästösydeemit,1
Sähköautok,1
Itsekorjaamis,1
_62428393,1
_frescopic,1
Vastaantulisivat,1
Elinkeinonhapaudesta,1
Sopimisvapaudesta,1
Liftaaja,1
Kaupoiltakin,1
Osaaku,1
Böliiv,1
Toolkin,1
Kömmershal,1
Vöörd,1
Daiv,1
Suunnistuskyvyttömiä,1
Vuokraajaan,1
Kotialttarissa,1
Alkuperäishahmoon,1
Juudasvuoheen,1
Kellokkaana,1
Speedrunaamisesta,1
Stockyards,1
Poseidonius,1
Laitoskoko,1
Miesarsehan,1
Joulukranssiini,1
Luotaimessa,1
Plottereille,1
Monijärjestelmämyllerryksessä,1
Korvaamilla,1
Ärta,1
Laatukilpailutukset,1
Maksetti,1
Hurisutetaan,1
Julkaisuhinnan,1
Typpioksidien,1
Päästöttömältä,1
Kyyditsen,1
Aivotutkijoidenkin,1
Rapsutelleet,1
Terkemmin,1
Raaputtelevat,1
Tuntemattomaankin,1
Perheenjäseneensä,1
Kansantuomioistuimessa,1
Karvalakkibemari,1
Matkustajatuontiinkin,1
Whacko,1
Kakolanmäellä,1
Kotiseuduillee,1
Isännöitsija,1
Canova,1
Asukasvalinnassa,1
Poikkeusvakuus,1
Valmishernekeitot,1
Säilytyslaatikkoon,1
Kesätarjouksella,1
Uimahallijäsenyyden,1
Lähipaikkakuntiesi,1
Majoittajiin,1
Majoitusapua,1
Balkkanilla,1
Turvesuoltasi,1
Syitää,1
Viikkokaljat,1
Pyykkikorivinkin,1
Irtaantuvien,1
Neuvontalähteissä,1
Nappikuuloketyyliin,1
Dwvar_jbl,1
20endurance,1
20sprint_color,1
Sankakuulokkeita,1
Rideal,1
Hinnoitteluperiaatteella,1
Taksiappit,1
Ohjeistitko,1
Luottokuskilta,1
Neuroosiniilo,1
Tarjuksen,1
Kierrätysmakkispekkikset,1
Tallotut,1
Haitariefektistä,1
Figukeräilyn,1
Muksuminä,1
Subscribetä,1
Esiettelen,1
Maalinpoistoon,1
Kitsaampaan,1
Päjäämään,1
Kesäeskoihin,1
Liuotinalkoholia,1
Taksiuudistuksilla,1
Lorejuttuja,1
Nauvontavelvoite,1
Whackos,1
Aktiäänet,1
Tolppahommat,1
Baarikyydit,1
Päivystystäkään,1
Rotoettuihin,1
Rjehkjäh,1
Ilmastopaketillaan,1
Talviviikkoihin,1
Hierovaksi,1
Bisneneuvotteluita,1
Vaiktutuksesta,1
Hintsäännellä,1
5mlrd,1
Kyykkypäivä,1
Hipsterideekun,1
Varoitusflairia,1
Asiointikielto,1
Moottoritiereissun,1
Kehitysapuina,1
Itsesuojeluvaistostas,1
Myllysuolaa,1
Konfliktihaluton,1
Kuugletin,1
Varustelutasoltaa,1
Kryptoperseilijöiden,1
Oleisitkin,1
Upvottaaminen,1
Rakenteluprjoketia,1
Lonkoeroo,1
Tr_6dibpdfo,1
Rokotusskandaaleja,1
Heiluttelemasta,1
Olympiaurheilijalta,1
Iltamyöhäällä,1
Passipakon,1
Puhelinasiointi,1
Hyvinvointiyhtyma,1
130bec74,1
727fc96752c6,1
Kansallissosialiselle,1
Huumoriontajuttomuutta,1
Olympialapsia,1
Taksitoimijaa,1
Tehometsällä,1
Palvelujani,1
Räntteihin,1
Verouutisiin,1
Laihialaismeininki,1
Tutkimustapoja,1
Peruvehkeinä,1
Rahoituskarvalakkimersuja,1
Ökyilynä,1
Haittavaikutusepäilyä,1
Miljoonile,1
Zgjigmx,1
Duuninteon,1
Käyttöoikeusrajoitettu,1
Otsaanläpsäytys,1
Silmienpyöräytys,1
Taksiaikojen,1
Taksiskeneä,1
Maksusuoritustakaan,1
Valvontainstitutiota,1
Aggressivisoitua,1
Optimalisoimiseksi,1
Attali,1
Attalis,1
Työmaalasien,1
Claimataan,1
Projektipäällikkökurssi,1
Hinnasto_xc90,1
Mopokypärien,1
Junakuskiksi,1
Henkilölogistiikan,1
Jauhmasta,1
Pöhee,1
Ehtoneet,1
Kokonaamarespiraattorin,1
Pemotettu,1
Tyylitietoisille,1
Jäähdyttimillä,1
Maavuokrista,1
Taksimarkkinoistaan,1
Vastaväittelijälläsi,1
Asuntomarkkinaongelmat,1
Policyanalyysi,1
Tarkoituksenvastaiseksi,1
Lipidistä,1
Alarmistisina,1
Freeeeeeeeeeedoooooooooooooooom,1
Ulkkikselta,1
Jäähileillä,1
Maustekauppias,1
Raastinvempeleen,1
Adenovirusvektoria,1
Piikkiproteiinitunnisteen,1
Luolamiesjuttuihun,1
Sensaatiopapereita,1
Koronamaanisimpien,1
Suovalla,1
Jiätelöstä,1
Respiraattorit,1
Koivunpalassa,1
Työstövaraa,1
Vuoravakuuden,1
Intentionaalisia,1
Tasoitusvetoja,1
Tasoitusvetoa,1
Rissan,1
Levyselle,1
Tasoittaakseni,1
Kuivumisvaiheessa,1
Hiontakuivaksi,1
Sniidummalla,1
Puhtaussyistäkin,1
Märälläkään,1
Autopaidoissa,1
Persedes,1
Puurakennuksien,1
Pesiinsä,1
Maaliväri,1
Taksiuudistuskeskustelua,1
Lukitutkin,1
Huippumuotiahan,1
Kiellettyistä,1
Ajovuorolistoista,1
Välitysyhtiötänikin,1
Ajovuorolistojen,1
Intentionaalisen,1
S2166_88_4_471_eng,1
Turautin,1
Sba3k72,1
Kulkuvälineden,1
Wtvarf812ii,1
Eipaskasherlock,1
Taksihelsingiltä,1
Overheadinsä,1
Korvikeaskartelu,1
Kypärättömään,1
Olgx5j,1
Turusta_l,1
B6yty_t,1
H5eo553,1
Immuniteettivajaa,1
Tartuntatautiflunssan,1
Taksikokemusta,1
Humallusaineen,1
Simongerman600,1
Surullien,1
Bioenergiakasviksi,1
Arvopainotuksista,1
Arvokonfliktista,1
Ruokohelppi,1
Energiakasvi,1
Ajatuspropaganda,1
Ajatteluprosesseiltaan,1
Jumalvita,1
Kusettavilla,1
Lainapyörät,1
Yksytyiset,1
Vuokranpaperit,1
Kiirrelisenä,1
Kurjoitat,1
Ajoissahan,1
Varoitusleima,1
Hitsaamoon,1
5chan,1
Sähköpostitilaus,1
Taksijäärät,1
Pöhinäfirmaan,1
Keulaporttinsa,1
Luolamis,1
Käytöb,1
Viikatemiehiä,1
Kutisruu,1
Chillaileen,1
Kerrossiivoojat,1
Hilkoillut,1
Latausinfrakin,1
Hyödykkeeltä,1
Stratovarious,1
Saunakoulutuksen,1
Vyää,1
Lainsäätävä,1
Osnan,1
Vouchia,1
4sh5bkl,1
Velloessaan,1
_vupis2c,1
Laavaki,1
Vastavirralta,1
Elämästini,1
Rair,1
Pilsit,1
Karkkikauppiasta,1
Pölypussikauppiasta,1
Valvontainstituutio,1
Soluhengitykseen,1
Hiilineutraa,1
Liudesta,1
Alkusatsin,1
Goatsemies,1
Lisääntymisvaurioita,1
Kestolaudeliina,1
Hiilidioksituottoa,1
Systeemitila,1
Täsmärokotteita,1
Materialisoituminen,1
Ilmastonmuutostyötä,1
9b4oup,1
The_leidenfrost_effect,1
Heimolaisineen,1
Pinjaisten,1
Käsityötunneilta,1
Työkappale,1
Scannailtu,1
Aivokudoksia,1
Sairastaneiltakin,1
Tilavuusmittaustulokset,1
Kudoskatoa,1
Välttäneillä,1
Turisteistakaan,1
Kellokoskelaisia,1
Pilkkahintaiset,1
Baarikännejä,1
Hiiltyneemmältä,1
Satelliittiyhyeyden,1
Julkisssti,1
Maadeudusta,1
Maalaissukulaisilla,1
Dissaamminen,1
Ääänesi,1
Läpikulkureittien,1
Pqghgqg,1
Tukkipeliä,1
Kuiviudesta,1
Suomenkielisiö,1
Nollamaksusopimus,1
Kertasuorituksista,1
Lisäsuoritukseen,1
Laavat,1
Rajuksikin,1
Silmäniskumurhaaja,1
Tyynyralli,1
Varastettavalle,1
79ad,1
Pompejikin,1
Lähtökassista,1
Alavarastossa,1
Kaikkij,1
Nazipolitzei,1
Käsikoukussa,1
Nazipolizai,1
Ananaskirsikkaa,1
Vaellusriparilla,1
Retkimuoniin,1
Noihinko,1
Sienestysämpäri,1
Vuokranvälitysfirma,1
Alkamispäivän,1
Kuukausiprepaid,1
Kuukausiliittymään,1
Ht2ynm,1
Sorsakuva,1
Pertinent_refinery,1
2fomboig,1
2fsorsakuva,1
Brändättäviin,1
Heterokardinaalit,1
Mersedes,1
5vn9kfjqdxq,1
Raidaajana,1
Saunalakit,1
Lähestyttävämmin,1
Infokuvaa,1
Spurgumopoa,1
Maakuntamatkailut,1
Kamerallisten,1
Aamuit,1
Sähköbuumi,1
Ajomatkatkin,1
Poissaoloilmoitus,1
Triforcettaa,1
Tulostuslaitteet,1
Ruuhkailtoina,1
Biotooppinsa,1
Rajumi,1
Estoaine,1
Leuoillaan,1
Pykeltää,1
Raitahan,1
Tolppataksijärjestelmä,1
Miellyttäväntuntuisen,1
Nauhoittavalla,1
Puhtaanapitohuonetta,1
Rokotehaittatietokannassa,1
Ulkkarikuskit,1
Kovanenkin,1
Vankilaheittoon,1
Kotitalossakin,1
4kymppiä,1
3kymppiseksi,1
Smarttubenextiin,1
Optiikoista,1
Taksiliitonmiehen,1
Pikavippilainaa,1
Neuvotusta,1
Ykkösautolla,1
Siirtyessäkin,1
Yliperehtyneeltä,1
Kartanovolvoon,1
Kartanovolvoja,1
Ulkkarikuski,1
Foorumikäyttäytymistä,1
Holttittoman,1
Lihantuatanto,1
Opeinko,1
Vilvoittelen,1
Krauttien,1
Aikataulutettuine,1
Löylynheittoineen,1
Puhekieltoineen,1
Persepefletti,1
Rantapyyhe,1
Slanggimaisen,1
Pandemiaikana,1
Ch3qsvp,1
Sähkövallankumouksen,1
Pölypussikauppiaalta,1
Saunahattujen,1
Kieriin,1
Anekdootallisia,1
Esimerkeiks,1
Kausaliteetittomuuden,1
Nojautu,1
Täyssähkömallien,1
Kotisulakkeet,1
Ruokastoppi,1
Puoluekannatusmittauksista,1
Henkenäkin,1
Khoi,1
Oikeiuden,1
Wowihistoriani,1
Vihalemppari,1
Tiniii,1
Illanistumiset,1
Lentoautoja,1
Saunavati,1
Vsnhemmilla,1
Tusinamarkkinoiden,1
H5dfspv,1
H5dh7sx,1
Hallussapitävien,1
H5eh3xo,1
H5js6u8,1
Feissaritarjonta,1
Tolppasekoilusta,1
Vertailusivustoilla,1
Etäpalaveeraus,1
Businessmatkailu,1
Huviveneellänsä,1
Pikkuvekarana,1
Havainnoidessani,1
Ikäsiten,1
Vetykenno,1
Kanssaelävät,1
Kaksviitosen,1
Tikkurilalta,1
Teknokselta,1
Ylläpitokysymys,1
Pinttyvät,1
Teknologiallinen,1
Seitseemän,1
Metrilakumies,1
78faf117,1
04aa,1
96a6,1
B65fc8681e15,1
Muutttunut,1
Läänineläinlääkärillä,1
Kolmivoiman,1
5rzi7qqaqco,1
Yodweaes4ei,1
Ktqnarvfjwu,1
Maaillan,1
Viikkoduunilla,1
Mäkkiduunarille,1
Illallisensa,1
Käsirshan,1
Artikulaatiosi,1
Laavakin,1
Vauvaräjähtäjien,1
Keltamulta,1
Pellavaöljymaalit,1
Kenenkkään,1
Hiihtohissiä,1
Taksiukoista,1
Markkinateoriakaan,1
Mautonpiparin,1
Gluneenittomia,1
Opetellaanpa,1
Kastautuminen,1
Salkareissa,1
Skywqrd,1
Tainjuna,1
Alkutuutoroinnin,1
Ryhmäytynyt,1
Asisksi,1
Aloituskustannuksen,1
Rajatspaus,1
Passatillakin,1
Autobrändiin,1
Finanssimarkkinassa,1
Lisäharmitus,1
Alanpäin,1
Pystyttäkäämme,1
Brukeista,1
Nollakymppärillä,1
Tilastoilmiölle,1
Kolmasvaiheen,1
Pikajuosta,1
Perussairaihin,1
Liikuntatuntiohjelmistoa,1
Ateisminvastasesta,1
Invataksimallina,1
Normaalivuoteen,1
Piilopulloleikkejä,1
Tekstitaidollisesti,1
Alkoholiverokaan,1
Spekuloitiiin,1
Penarikuski,1
Luprsista,1
Bacardibreezerit,1
Hiivalitkuilta,1
Aidinkieli_ja_kirjallisuus_maaraykset,1
Hikoontuuhan,1
Esisuihkulla,1
Törppöillen,1
Räkänokkakakarat,1
Varaosamaksu,1
Parisuhdereferenssi,1
Kotijoukoillekin,1
Uckm,1
Dnga1s,1
Määtilakin,1
Gränforsilta,1
Halkomis,1
Kaatamiskirveitä,1
Dumpty,1
Pullakuskien,1
Vakkarivieraana,1
Säätiedotusheviksi,1
Rapstuvassa,1
Bääasia,1
Makuuputkilo,1
Artikkelisanoista,1
Thedas,1
Käärmekiilan,1
Poliisivoimatkaan,1
Nykypuhelinta,1
Kestoluokitus,1
Limuvuunalla,1
Omenaviinisiidereitä,1
Bulkkilaageriinhan,1
Kyykkäriä,1
Tapakohteliaisuudet,1
Päivävuorolaisiin,1
Hämärännäköisiä,1
Tilauskutsu,1
Istuuntumista,1
Virkapukuunsa,1
Kuljettajaliiton,1
Taksijärjestöillä,1
Navigaattorikaan,1
Asfaltillahan,1
Kylmyyskausiin,1
Linkittäää,1
Tislesekoitelonkerot,1
Alkoholikäymisen,1
Sikunaöljyjä,1
Juomakseen,1
Lonkerohifistelijöitä,1
Romubemari,1
Luigimario,1
Tiiliskiville,1
Erikoisjärjestelmäpiirejä,1
Sierpi,1
84ski_triangle,1
Näkövampit,1
Viistoistakesäisenäkö,1
Konevasara,1
Huopapinnan,1
Kovettamatonta,1
Toomivat,1
Savukerroksen,1
Nelmari,1
Viiskari,1
Kuuskari,1
Ohuimmaksi,1
Sisäosille,1
Luppotilaa,1
Muuripataa,1
Kotkärryillä,1
Karviointineuvosto,1
Alkoholijuomaverotaulukko,1
Snacksident,1
Greippimehusta,1
Tehdaslisävaruste,1
Munatuotantoon,1
Sivubisneksenään,1
Pienvalmistusta,1
Kanoottila,1
Gigastore,1
Karsiutuvia,1
Kotkottilassa,1
Ilmaisiaan,1
Töötterissäki,1
Kalanviljelylaitos,1
Taimenkasvattamoksikin,1
Tankkauspisteetkin,1
Tuuppuri,1
Tönärille,1
Hiivaisuuteen,1
Spacejam,1
Ilmastotukija,1
Skeptikkoaistiin,1
Luotetetaan,1
Liikuntavammasten,1
Veitsilöidä,1
Autoliikkennöinnin,1
Valtionvirastomaisen,1
Öljymontut,1
Axecraft,1
Billnäsistä,1
Hakkuukirves,1
Ravistumaan,1
Muumää,1
Kilomettin,1
Oikeasrti,1
Jättinäyttöjä,1
Allitterointia,1
Kurtesaani,1
Oravanpyöräpeli,1
Peruskuvana,1
Ilmalaivoille,1
Ajaavähän,1
Varatilanteita,1
Sukopistokkeesta,1
Tilsstoissa,1
Hiilettömäön,1
Thesiksissä,1
Turvallisestikkin,1
Metsäluontohallintotoimitusmikälie,1
Metsäsäätiö,1
Kuulokeliittimellä,1
Motööörhead,1
Kuitukäytössä,1
Seonwhoooosh4llaolla,1
Kirvelöidä,1
Cistem,1
Astekaverin,1
Satunneisen,1
Editointiharjoitusta,1
Kinesviikonloppua,1
Maatalousmessuille,1
Sävyviuhkan,1
Mallilistasta,1
Twängiä,1
Pikkuleivat,1
Baselinena,1
Luvallisimmilta,1
Ohitusalueella,1
Vesurointi,1
Kiinalainenravintila,1
Nollarikin,1
Liikenteem,1
Audistinen,1
Ohitusmatkasta,1
Klassikkovalinta,1
Kylteriäiset,1
Massakaljatissitapahtumat,1
Neetila,1
Iwar0npbx8cgslx8yugkilpfrlqis9fvndezmjaozvdedclvgfmxiomu3cnyq,1
Peittyispä,1
Paskatägit,1
Rikollise,1
Minuuttinsa,1
Akkuhuoltoja,1
Kirvetetä,1
Polttoaineeni,1
Liittymisnopeudella,1
Työkyvyttömyytensä,1
Ueheiluharrastusten,1
Osuuksiöla,1
Mutkiakaan,1
Lähiörikollisuus,1
Pikkufanille,1
Taskupysäköintitaitoja,1
Kotkotitila,1
Ghottoutuminen,1
Vaporisoidaan,1
Vaporisoidusta,1
Kusipääkämppis,1
Rajoutus,1
Tyyriksen,1
Työvoimakuluille,1
Taloususkovaista,1
Mutkuiluasi,1
Todistamusta,1
Kirvellään,1
Kaupunkiruuhkissa,1
Ohittamisaikeita,1
Tuutulaulaa,1
Öyhötyslasit,1
Kämpänovia,1
Asuntopakulla,1
Rinkirunkkarien,1
Karjapuskurista,1
Hilpastiin,1
Leiriporukan,1
Edelläajavankin,1
Katutaidetapahtumassa,1
Rällättäminen,1
Vaikutelmansa,1
Päästäön,1
Akkupankkiin,1
Liivitetty,1
Hukkumatapaukset,1
Alkoholikäytännön,1
Thaikkumesta,1
Kellaristako,1
Haramtila,1
Meripäivilläkin,1
Tyrkitä,1
Pihtaili,1
Vilkkunesteeseen,1
Pikitielle,1
Paskatuherruksilla,1
Naissäädön,1
Sähköaudon,1
Latauspaikkojakaan,1
Motoreita,1
Juutalaisghetoista,1
Pyssyttää,1
Superkriittisen,1
Neuloosia,1
Xjuzqxj,1
Sahaloida,1
Sisältäämaksimissaan,1
Makeuttamis,1
Uniikkisempia,1
Persene,1
Aamupäiväkännit,1
Grcv,1
Persseenalusia,1
Perussähköntuotantoon,1
Psykopaattimiljardööri,1
Perseenalusta,1
Kasvattajansakin,1
Binäärivaihtoetomme,1
Hurmehen,1
Kotisähköstäsi,1
Mankalasähköä,1
Vedenkeston,1
Tasavertasuutta,1
Rallikisoja,1
Ekstrahuolella,1
Sekottunutta,1
Vessatarroihin,1
Intoilijaporukan,1
Peräpetäjien,1
Mökkikylissä,1
Fiilistelysyistä,1
Kulahtaneista,1
80luvulle,1
Tusinahotelleista,1
Ennätyslämpöjä,1
Matkustajavakuutus,1
Miekkaloidaan,1
Pyssytetään,1
Öljytilassa,1
Oiotulta,1
Ornitologiaan,1
Vyöryisipä,1
Telttakylämme,1
Puraiseva,1
Pelikehitystouhut,1
Katsastellanihan,1
Kuulokeliitännättömään,1
Rally1,1
Keskustasauspyörästö,1
Nestejäähdytyt,1
Ekopolttoaineet,1
Tukotukset,1
Betonilabyrintti,1
Vittuhuorat,1
Kerkeimmillaan,1
Buusus,1
Muovimaasturi,1
Taivaskaima,1
Jumiuttanu,1
Kotiprintterilaatua,1
Koripritterillä,1
Perustarraarkkiin,1
Lapsiuhrikaan,1
Kransnedlaggning,1
Hedra,1
Terroroffer,1
Anhoriga,1
Inbjudna,1
Jamboreella,1
Luonnonlahjakkuuteen,1
Liiketoiminnankin,1
Huilitauko,1
Ylikompleksinen,1
Mullistavuudestakin,1
Ylikompleksisuus,1
Epätarkkuuksien,1
Mutuaalisena,1
Sairastukoon,1
Tavalllisesti,1
Kuvakansiosta,1
Kulutuskuoppaa,1
Tietokoneseen,1
Näytönohjamet,1
Pronominikampanjat,1
Orjatyökrääsämyymälöitä,1
Hössöttely,1
Keskusmaksua,1
Creditii,1
Puf5estsczi,1
Tamperestereotypia,1
Tbhc9u89,1
Puhelinkorjausliike,1
Ufomiehiin,1
Teräspinnoista,1
Uutistaiheesta,1
Itsjustaprankbro,1
Ansaitseekohan,1
Heinäkuussä,1
Puusilla,1
Pikaviestinohjelman,1
Röökituolin,1
Nitkumatta,1
Löystyneisiin,1
Tiedonsiirtoluvan,1
Linklest,1
Dndbeyond,1
Kilpikonnatkin,1
Fonedog,1
Qxoflo3wmtm,1
Uudelleenliimaa,1
Hunajakenno,1
Puuntyöstöstä,1
3x3custom,1
Uc39z4_u8kls0llaij3rrzaq,1
Ucqkcuj4_6t4h_3zopspanhg,1
Näýttäisi,1
5tl5gzkt38411,1
6c66f37fca74be49125c81494f5555f3cdd16e87,1
Selittämättömin,1
Mähdään,1
Catcallereiden,1
Maahanmuuttajahuuteluun,1
Kuntokalliossa,1
Leiriväkeen,1
Tsiinasta,1
Markkointi,1
Brändistäsi,1
Plokki,1
Lonkerovihaajana,1
Limoviikunat,1
Henkilövahinkosi,1
Taksispesifinen,1
Tippisysteemillä,1
Hinnanmuododusta,1
Fiksuutestani,1
Yksikkötestauksessa,1
Rd58,1
Kuumahuoneisiin,1
Puhelinjärjestelmiin,1
Puhelinkeskuspuolella,1
Autonpenkit,1
Taksiajon,1
Uberkeikkaa,1
Kulttuurikiikari,1
Graf3,1
Da0csxax0aatbwu,1
Pikkuotuksille,1
Juomapaikoista,1
Ucph,1
Limulonkeroita,1
Bussimatkaevääksi,1
Kurkojakin,1
Grillijonotappelun,1
Findmymobile,1
Luutavoima,1
Sutimahti,1
Julpista,1
Kittanaa,1
Normiajoon,1
Akkujänskätykset,1
Vahvistuvinouman,1
Satunnaisvaiheluun,1
Tilastotieteellisillä,1
Pykäillää,1
Bdaqzuzjcnm,1
Vilkunkäyttötaitoja,1
Liejutaskuravusta,1
Asununt,1
Helsinhissä,1
Ourakratia,1
Mälsintä,1
Takiaiseen,1
Ysikymppisten,1
Sanovalle,1
Ruohonkorsissa,1
Kuivatellen,1
Timorinkaan,1
Karttatyötä,1
Odelleen,1
Pierunhajuisella,1
Kuuleneet,1
_häirintä_,1
Flirttiyrityksiä,1
Vieraslajilla,1
Kuskattavien,1
Pohjahinnoista,1
Rokotuspaikkaa,1
Kaivolupansa,1
Sukupolineutraalisti,1
Bondilintu,1
Lcqtevm,1
Kimeera,1
Wikinew,1
Emtllvxrrfs,1
Ajoisssa,1
Ylimääräisiö,1
Selvännäkijäkyvyillesi,1
Ak3,1
Yhxokyc,1
Sekaanuksia,1
Lgtigxqhacxjjgad9,1
Alkutuotantomaa,1
Luutamummo,1
Kaistanuoli,1
Kiertosuuntakyltti,1
Langoitusohje,1
Metsästyseuroille,1
Fairphone3,1
Kossumiksejä,1
Omsosq,1
32_p,1
A4n_enn,1
A4tyksellinen_helleputki_kartalla,1
Epäviehättävyyteni,1
Hankoossa,1
Pori5a,1
Viheltämisellä,1
Petopunkeilla,1
Sinilupiinin,1
Rehulupiinien,1
Metsäomena,1
Maailmanjerruus,1
Tämolisi,1
Yhdysvallalle,1
Finlandärare,1
Trumppilasta,1
Hlölohtaisesti,1
Bisnesmeininki,1
Jokkismeininki,1
Katuhäirinnästä,1
Lyyleistä,1
Tämänmuotoisen,1
Testauslaitteen,1
Mekaniikkapuoli,1
Kestävyystestejä,1
Jthters,1
Atob,1
Tulikose,1
Infrapunamtitarilla,1
Tilastoituhin,1
Dekotarra,1
Tavaratuonnista,1
Gummidugsia,1
Catcallaajat,1
Tuumakoot,1
Samsung_i9190_galaxy_s4_mini,1
Tasapainoiteltavia,1
Influencereistä,1
Defensivedriving,1
Laivatoimitus,1
_gras,1
Minto,1
Toimittajauran,1
Mediatempauksillaan,1
Napafilms,1
Tommosiakaa,1
Tussil,1
Spraymaalil,1
Inhottavii,1
Sprayaamal,1
Bepusta,1
Kotiinpalureissulla,1
Tilausbussikin,1
Kottiinsa,1
Sähkövioilla,1
Moporeissun,1
Liikenneympyrätoilailua,1
Vilkutuksesta,1
Zojoing,1
Välilehdi,1
Vesiliikennejuopumuksena,1
Vilkuttavissa,1
Maalipisteellä,1
Nurmolaisille,1
Piskiltä,1
Sivutplee,1
Siitosmarkkinoilla,1
Polttoainetoimiston,1
Tuontitapauksissa,1
Randomrojusta,1
Kuullottamiselta,1
Tjuommoinen,1
Kjäsitys,1
Jalkapallokulttuurista,1
Näkehän,1
Elokuvavertaus,1
Urheilufaneista,1
Pultsarimetsäksi,1
Arnold_platon,1
Catcallingiin,1
Juopotteluördäys,1
Viillennystä,1
Pelastiti,1
Summarumina,1
Harrastelijaporukat,1
Kapiteeli_,1
Versaalit,1
Porttailla,1
Pelimoottoriprojektia,1
Lomasäät,1
Kiinakamat,1
Edullistuu,1
Hotelleiltakin,1
Liikenneympyröille,1
Liikenneympyra,1
Kolhaistuakin,1
Kehaisisi,1
Oikeassä,1
Sanavssana,1
Hiplaavia,1
Muniinkaan,1
Olkiukoillesi,1
Muujaan,1
Laivatoimituksesta,1
Valmistamiseks,1
_samuel,1
_luiz,1
Killing_of_samuel_luiz,1
Jalkahoitola,1
Välilehtinäkymää,1
Normiliikenneympyrän,1
Lähimpäristöön,1
Lattariamerikassa,1
Kuhnattiin,1
Korjaantuukaan,1
Syrjemmät,1
Saastaisuudelta,1
Lämpötilaheittelyihin,1
Mediakäräjistä,1
Hyvinvointivoittonsa,1
Tuskaisiin,1
Stooksi,1
Danmillerinpanama,1
Buuuullllssshiitttttt,1
Ekstrimistien,1
Kännimestojen,1
Bidenilä,1
Mäu,1
Lirkuteltiin,1
Vuosilukemissa,1
Taparikollisuuteen,1
60ed4280e4d4d8b75f8b45e7,1
Perusespanjalaista,1
Esittelmään,1
Pullonkerääjien,1
Piilotteleville,1
Välilehtiryhmissä,1
Kyläjuopoilta,1
Catcallaus,1
Kohtuudellisella,1
Jääkaapun,1
Pöyristelysi,1
Työnpaikkasankin,1
Häränfilettä,1
Basilikamajoneesia,1
Vanhakirjakauppa,1
Tunnustustensa,1
Rikostuomiostaan,1
Siviilioikeusjuttua,1
Siviilioikeustunnustuksia,1
Todisteinta,1
Lääkinneensä,1
Rikosoikeudellisina,1
Brittiparlamentaarikko,1
Patsaidentuhoajat,1
70tms,1
Lutikoihin,1
Perustuloaktivisteille,1
Ördäilyyn,1
Hypepostauksen,1
Budzier,1
Olympiahakuun,1
Aurinkoisellakin,1
Kohteluni,1
Kätkooling,1
Kotoutust,1
Bca39593,1
10d7,1
830f,1
9e6a29daf2ca,1
Bunda,1
Loppuiäsksi,1
Jäji,1
Nuortenkouvola,1
Kahteenkymmneneen,1
Ärsruomen,1
Intomieliä,1
Sovittavassa,1
Täyspäiväistätyöllisyyttä,1
Sivutoimiseksiyrittäjäksi,1
Suorasuunnata,1
Kalpeaihoinen,1
Livestriimeissä,1
Natsibannereita,1
Gf2kpzfadefgltqv9,1
Siviilioikeuspuolella,1
Perustuslakiteknisistä,1
Ärturkki,1
Tehonpuutetta,1
Konduktion,1
Viihdeuutisien,1
Lähteistäthän,1
Tilannetajuasi,1
Kelvottomatkin,1
Jyllandspost,1
Jupakankin,1
Sivistyneisasteisuudessa,1
Pedofiiilistä,1
Rivoiksi,1
Linta,1
Tutkijoihin_kohdistuva_lausunto,1
Tilaamallakaan,1
Nistirottia,1
Valistuneilta,1
Mallikansalaisilta,1
Vilkuttelevan,1
Itseisarvoninen,1
Traumasiirtymän,1
Sekoominen,1
Maitohuoneessa,1
Äijäporukalta,1
Alutajuisesti,1
Seksualisointikamaa,1
Hyväksymisgeimissä,1
Tunteettomuutena,1
Jylhyytenä,1
Trumppila,1
Provosoituneeseen,1
Punkstoosta,1
Ennakkoluominen,1
Somekeskeisen,1
Auktoriteettivastaisilla,1
Ulkoryhmittelystä,1
Raivotautisesti,1
Taksisääntelyyn,1
Kompponenteja,1
Instadp,1
Välilttömästi,1
Plakiointi,1
Takaajatuksen,1
Paikkakuntavaihtelut,1
Punkkiskenen,1
Väkivallanvastaisia,1
Rantsikassa,1
Kahvanpaikka,1
Uudelleenliimauksessa,1
Laittainsin,1
Esporaustreiät,1
Itseporaavilla,1
Lähenne,1
Kantaväestöryhmä,1
Kiusaamistapa,1
Lynkkailla,1
Lukukausimaksujärjestelmään,1
Työllistysmismahdollisuudet,1
Ajatusmaailmallisista,1
Orgiakeskittymä,1
Sosiaaliturvaämpärin,1
Tuotantoketjuakin,1
Tuontidirektiiveillä,1
Persetuotantomeiningin,1
Kullakii,1
Isomanvemmat,1
Venäjänkielisinä,1
Taireta,1
Haetaankaan,1
Siviiliautojakin,1
Suuvauriot,1
Piskaaminen,1
Luonnottamaan,1
Juoksutyyliin,1
Muheet,1
Reagioisi,1
Tuloullaiset,1
Salapoliisitoimit,1
Pimahtamatta,1
Kunnioittama,1
Näyttökynnykset,1
Anarkistiskene,1
Salonkikelpoisinta,1
Dikkailin,1
Surkuttelutarinaksi,1
Turkuunki,1
Suolistovaivojen,1
Oikeudenjaot,1
8dj,1
8d_clan,1
Kunniotettu,1
Yhteisökoodi,1
Koulutoimintoja,1
Insentiivimalleja,1
Randomfinnishpersonille,1
Ympäristökriiseiltä,1
Yllätyspaljastus,1
Husupostailijoiden,1
Sähkönoottori,1
Videoitumisen,1
Rebelllll,1
Itseännekin,1
Websteriltä,1
Vuotiaidenkaan,1
Elinvoimattomiksi,1
Lääkäripuolisonsa,1
Ammattivalinnalle,1
Vaaraliselta,1
Viehättyisi,1
Sukupuolihiukkasia,1
Rahavoima,1
Kansallisuusmolekyyliä,1
Käytettyynkin,1
Isokoneiseen,1
Suuvaurioita,1
Kuolaintutkimus,1
Suuvaurioista,1
1e92d8bd,1
Ravikilpailusaannot_20210601,1
D40e5297,1
Laakintaohje_210421,1
B6c076af,1
C858,1
42fa,1
43df799c7dc8,1
Huonompiakii,1
Otna,1
Sihteeriopistolta,1
Sananvapaustaistelijaan,1
Käyttömuodossaan,1
Rapajuoppoo,1
Pienempimoottorisissa,1
S023f,1
S04t8,1
S04ur,1
S0575,1
S0842,1
S0853,1
De_de,1
S027c,1
S06c4,1
S06wd,1
S0801,1
S0851,1
S0879,1
Auringon_kokonaissateilyenergian_summa_45_asteen_kulmassa_etelaan_pain_suunnatulle_pinnalle_suomessa_seka_erot_vuotuisissa_sateilymaarissa_eri_kaupungeissa,1
Vaakapinnalle,1
33kwh,1
83kw,1
Majakopperokin,1
Kähmijäveikot,1
Toteutuspaikan,1
Sankarikirurgeista,1
Lepotauolla,1
Lataustehoksi,1
996w,1
Kokonaissäteilyä,1
Myyntikäyrillä,1
Työpaikallekin,1
Agitaatiolla,1
Peruskuvaus,1
Ajokilometreistäni,1
Paneeliteknologioilla,1
Ly1,1
Kriteeriks,1
Piskata,1
Halpisnakeissa,1
Loppusiivottu,1
Vihtinyt,1
Noljakankaari,1
Talouspohjaisia,1
Kurvauksille,1
Maapähkinätasoiseksi,1
Rokkikukkosetämiesidoleihin,1
Istuskelujuoman,1
Taiteilijajuttu,1
Tuontiprofiili,1
Valkoviinipainotteisempi,1
Heteroviittaus,1
Somedudena,1
Nakukuvilla,1
Umpeutumispäivämäärä,1
Härveleistään,1
Värkeistään,1
Seksisäätöjen,1
Näyttelisikään,1
Nsuttia,1
Väestöhuipusta,1
305326470_population_projections_recipes_for_action_or_inaction,1
Vastapas,1
Magneettikuvaat,1
Rasvakasvain,1
Kuvantamiskynnys,1
Yhteiskuntatasosta,1
Hoitoinstansseissa,1
Kaakatuksia,1
Autoveromalli,1
Luonnonvararikkaat,1
Korruptiokierteeseen,1
Valtioperinteen,1
Kisaturistipelleiltä,1
Vastaavailta,1
Asetettaville,1
Olkiukkoryhmää,1
Tastansa,1
Neropsykologisten,1
Flowerpiercer,1
Paljastuskirjalle,1
Stagione,1
Vähimmäisvaatinus,1
Rantapenkereeseen,1
Larpahtelu,1
Korvausvastuissa,1
Pukkareilla,1
Yökoulussa,1
Limsatölkeistä,1
Muumitikkareista,1
9bcbeeb6,1
1d4c,1
974fdbe6de1e,1
Vakuutusmaksujakaan,1
Massakampanja,1
Ehtoollistuu,1
Tukistavia,1
Tympiintyneet,1
Lujuuslaskelmakin,1
Jalapeenoja,1
Kadutessaan,1
Kaitaluoma,1
Luonnonvaraesiintymä,1
Esiintuomisene,1
Ekstraoutoa,1
Medianaan,1
Autonrengaspizza,1
Starailla,1
Kekriloma,1
Kannustuksenkaan,1
Fiiliksestään,1
Näkemyksemin,1
Pelastamiseksseen,1
Pakuusi,1
Fetajuustot,1
Kekripukkikulkuetta,1
Kulttuurisäätiö,1
Vaaliikin,1
Kampaamohomma,1
Amerikaaneiksi,1
Amerikkarilaiseksi,1
Brasialaisia,1
Puolikesyn,1
Suppilovahero,1
Somekenttätuomion,1
Kokeemaasi,1
Huutaisitko,1
Listapitsoista,1
Brukarin,1
Nimekkeillä,1
Koulutuspohjilla,1
Pamut,1
Moooooneen,1
Festarialuettakaan,1
Kotialbumissa,1
Vakkajuhla,1
Huumesekoilussa,1
Wokearmeija,1
Konformistisilla,1
Anarkiapinssejä,1
Normikissan,1
Saalisvalinta,1
Aluevaalisotkua,1
Rapajuoppokin,1
Telotukset,1
Vakiopitsa,1
Euroedustajakaan,1
Kylvyssään,1
Argumentaatiokeinona,1
Alastonkuvasta,1
Pitkäaikaistuki,1
Kohtaamisissasi,1
Lokeroimieni,1
Kouraisua,1
Skenekokemuksia,1
Kolmikaistasella,1
Vasemmanpuoleisemmalta,1
Puuropainotteista,1
Pimeämpien,1
Feikkipunkkari,1
Feferonia,1
Coopsverige,1
C_lpad,1
H_330,1
W_330,1
Lastuaa,1
Ovuloiva,1
Efebofiiliprofeetta,1
Blogipalveluun,1
Nestekiertolämmitteisessä,1
Joukkolynkattuja,1
Kaveristakaan,1
Tvuä,1
Privagynellä,1
Myödäänkö,1
Hellekkin,1
Pumppulaitosta,1
Varatsydeemit,1
Riidanhakutermistössä,1
Kaapiihan,1
Labraihmiset,1
Papoja,1
Viikottaisostoksille,1
Instajutuissakin,1
Somesentrisyys,1
Somekeskustelukulttuuri,1
Eläintarhana,1
Tutkimusperspektiivistä,1
Ihmisyydeltä,1
Sukuperänsäkin,1
Rikosvankeja,1
Ilveilijöitä,1
Latsaroneja,1
Porttolanpitäjiä,1
Posetiivareita,1
Lumppureita,1
Veitsenteroittajia,1
Tinaajia,1
Jäläisiä,1
Boheme,1
Saunakohtaisia,1
Instatarinoissa,1
Halvaannuttavissa,1
Hellejuoma,1
Kampanjointihan,1
Oikeusteissä,1
Arboristina,1
Maaiomanlopun,1
Juhlittiinkin,1
Sirpako,1
Uudelleenohjelmointileirille,1
Ikieroa,1
Profiilivetoinen,1
Suoraviestintäpainotteinen,1
Lurkkausprofiili,1
Tuhoutuu_,1
Tietämättämään,1
Seulapapat,1
List_of_george_floyd_protests_in_the_united_states,1
Roseeviinien,1
Viinitonkkaseksin,1
Pariutumisriitissä,1
Tervetulleesta,1
Haastatteliaa,1
Tiheämpänäkään,1
Ohittuminen,1
Aurinkokuivatuilla,1
Elementtejähän,1
Punkkukolasta,1
Autocaps,1
Näättekste,1
Nykyetikettiin,1
Ammattikirjoittajalta,1
Vakaasaa,1
Pohjaratkasukin,1
_polttohautaus,1
Suomalaisia_,1
Pakanakansa,1
Vokaaleiksi,1
Kakla,1
Kakra,1
Pudru,1
Kysymyslauseet,1
Levittämisriskin,1
Pähkinäparmesaani,1
Sisäsuihkunki,1
Seksuaalirikoshommissa,1
Aloittaisia,1
Kekripukinpolttoa,1
Laajemallekin,1
Huolellisuuta,1
Matkailuvehkeiden,1
Katsastuspaikasta,1
Alakulttuurityypeille,1
Periaatepaperista,1
Samallalaila,1
Harrastelijaporukasta,1
Skenejumalastatusta,1
Muuttonegatiivinen,1
Wokearmeijaa,1
Nykysuomipunkissa,1
Pärimanipunkissa,1
Tavoillla,1
Ryysyläistön,1
Säristinmusiikkia,1
Sekakäyttäjäöyhöt,1
Pakettipistettä,1
Lässyttämän,1
Stupidolla,1
Klapikasaan,1
Multidimensionaalinen,1
Asioitella,1
Raiskaajasekakäyttäjien,1
Instakuolausta,1
Jooooei,1
Välilehtilaajennoksiakin,1
27s_ratio,1
Änsanan,1
Lääkärikieltä,1
Alzheimereista,1
Parkinsoneista,1
Lähetteeksi,1
Matkarullalautailu,1
Kekreilty,1
Leivän_paahdin,1
Irrottaisiko,1
4e4db2b8,1
6ba0,1
E8ba289a4ba6,1
Ajantiedossa,1
Jakoajaksi,1
Aurinkovuosi,1
Aurinkovuotta,1
Keuri,1
Kansallisuusvähemmistöt,1
Syrjintäuhan,1
Toriporukalla,1
Venelaskuramppia,1
Oirelistalla,1
Googlettelijan,1
Daf03401b3eeb76e6edcb6892895f2517175828f,1
Vakoiluepäilyyn,1
Tekopyhälehmä,1
Tulipesillä,1
Liianpaljon,1
Selostamiseksi,1
Konsultaatiolähete,1
Farmiliigoissa,1
Saalistansa,1
Simpukalla,1
Autocapitalisation,1
Digiaggregaatti,1
Vedensäilytyskäyttöön,1
Näkkäreiä,1
Asuissani,1
Laavapalloja,1
Oikeudenkänti,1
Luonnetuomiosta,1
Rokotelotto,1
Ohio_vax,1
Tankavaaran,1
Urhokekkosenkansallispuisto,1
Reittikuvaukset,1
Tankavaarankuukkelilenkki,1
Pitkokset,1
Reitittämässä,1
Määräysasiakirjan,1
Reseptitavaran,1
Lähettäviäkin,1
Sähkökatkoalueella,1
Aggrekaatteja,1
Hiekkaskkejä,1
Talviautoina,1
Ukandan,1
Grokodiili,1
Naisurheilussahan,1
6bf703,1
Autovalintoihin,1
Ensivalmistetuilla,1
Roadsters,1
Azheimerista,1
Kirjoitusnäytteenä,1
Lataushäviöistä,1
Tasavirtalähteitä,1
Perinneautoilla,1
Digietiketti,1
Jäsentyvän,1
Kulutusjuhlapyhistä,1
Talvikemut,1
Kevätkemut,1
Soitinlaineella,1
Suolikielet,1
Nailonina,1
Kipukohtauksina,1
Hotellikarantteeneista,1
Naperoina,1
Lemmikkiluusereita,1
History_of_the_punk_subculture,1
Valkoima,1
Soitinlaineesta,1
Harpunkielet,1
Etuoikeuskehässä,1
Eila_ruuskanen,1
Vieroitusmahdollisuuksia,1
Luovistella,1
Kahdeksikkosolmuilla,1
Harpistikaverilta,1
Gemlog,1
Vakkajuhliakaan,1
Naintiin,1
Roseviinien,1
Villilintujen,1
Rahankeikkaussuunnitelma,1
Hyväntekeväsiyyttä,1
Ikäistyylistä,1
Bisnesmiljardeja,1
Bisnesmiljardit,1
Karkailtua,1
Kehänkin,1
Vastustusmoodi,1
Avustaman,1
Tekarimukista,1
Päihdeporukoista,1
Päihdeihmisten,1
Monioneglmaisen,1
Kommunikoimisensa,1
Harjavaltalaisilta,1
1s0wuzyhewxgzqpdk43hs5jg,1
Ihmishahmoisella,1
Tviitattujen,1
Etyylillä,1
Tarkistuslistalta,1
Roskisasukilta,1
Kaljakapakoissa,1
Asuvalinnoistaan,1
Inspiraatioistaan,1
Uimataidottomuuteni,1
Uimistani,1
Äijäilyssä,1
Syyllisillekin,1
Uudelleenkoulutat,1
Frontotemporaalinen,1
Oiretiedostuksen,1
Muistisairausdiagnostiikkaan,1
Tautinimiä,1
Muistikyselyn,1
Kärsinneillä,1
Pelkistyksiksi,1
F4f,1
Q3iy,1
Laskeskelleena,1
N1274358,1
Elämänhallintaongelmien,1
Rantatreenin,1
Jumppahommissa,1
Harpusta,1
Bow_brand_lever_3rd_e_nylon_str_no15,1
Helpdesk_shipping,1
Bountyhunter,1
Rengaspolttimella,1
Piirilevyvikaisena,1
5000va,1
Pihakoneisiin,1
Pihakanalasta,1
Coloriin,1
Marginaalisuuskategorioista,1
Puoliringissä,1
Puolirinkiä,1
Kehähän,1
Miestenhuomattavasti,1
Kohdelluille,1
Bingopisteitä,1
Fennisellä,1
Tutkimusmielssä,1
Laitettavussa,1
Malliesimerkissä,1
Haavoittuvaisuusympyrästä,1
Kontekstuaalisuudesta,1
Kallioaineksen,1
Syvyysetäisyyden,1
Resonaatioita,1
Sivuuttavaksi,1
Kesäteologina,1
Isoiseksi,1
Ryhmäjäsenyytensä,1
Bissettelyissä,1
Tutkimussukelluksiin,1
Minimental,1
Diagnoosiväline,1
Diagnoosivälineenä,1
Huumen,1
Tietomurtopäivänä,1
Voimamiehille,1
Selvittelykuluista,1
Harpsin,1
_w27,1
4gcnvn,1
Meemitilille,1
Woodwinds,1
Irtokieliä,1
Feminismismiin,1
Ylitiedostavassa,1
Uimataitoiseksi,1
Juhannuskaan,1
Perintenseen,1
Bow_brand_kf_3rd_e_harp_string_no15,1
Kysästäkki,1
Saaristolaisethan,1
Lukiopojallakin,1
Skenemiehenä,1
Vastaamata,1
Huolehtijanaan,1
Sekavuusepisodin,1
Deliriumina,1
Suostutteluistani,1
Tapahtumajatkumon,1
Päiväkirjanomaisella,1
Rappeumaansa,1
Tuorelättynä,1
Maustehärkä,1
Välilehtiryhmät,1
Lapinmatkalla,1
Etuoiketutempi,1
Koputtelees,1
Yöst,1
Kokemusperusteisuudessa,1
Valamiehistöihinkin,1
Syyllistenkään,1
Välttäneenä,1
Raiskausraivoista,1
Lisätaitoja,1
Naiskavereilla,1
Naishirviöistä,1
Uudelleenpieksentään,1
Samuelia,1
Aktiivilomat,1
Päivittelinkin,1
Tomaattisoossit,1
Sopimuskokonaisuutta,1
Lainalyhennyksiään,1
Prokoppia,1
Rotailut,1
Intersektoonaalinen,1
Diskurssianalyyttisestä,1
Äärisuunnalta,1
Vienanmerella,1
Tuliteraa,1
Ohjustaan,1
6c0vkf,1
Työnjohdollisin,1
Ohajaajan,1
Ilmoitustapaa,1
Tilaviakin,1
Uimataitoon,1
Seuranneni,1
Takapakissa,1
Ydintorpeedo,1
Ydinhiukkasia,1
Todistusaineitoa,1
Kautojen,1
Kvanttifysiikḱamädätyksellä,1
Pekulia,1
Nattasia,1
Kbs7ds5ubzc,1
Intersektionialismi,1
Henkilökuljetuskäytössä,1
Matkustustarkoitukseen,1
Synnyinkunnastani,1
Minimentalin,1
Laatuvaatimustasot,1
Jätkält,1
Filmikameroidenkin,1
Ujellettaa,1
Ravintolsta,1
Tittele,1
Työterveellisyyttä,1
Konekääntämään,1
Erikoislapsille,1
Ruottalaisena,1
Itsestäänseelvänä,1
Silmänavaava,1
Pistearvona,1
Painoarvoeroja,1
Etuoikeusmääreitä,1
Partnereistaan,1
Avioitumisistaan,1
Väärinpukeutuvina,1
Epäsovinnaisina,1
Litanjassa,1
Mielikuvataistelua,1
Intersektionalisista,1
Kostajallekin,1
Parsekeissä,1
Miestenvege,1
Työväenlaulujen,1
Tunnistamisharhana,1
Formuloitiin,1
Suuntavinkkejä,1
Bingopeli,1
Ydinretaliaatiolle,1
Avainratkaisuna,1
Chulot,1
Suhdateenssa,1
Jenkkiäänestäjille,1
Avaruuskuvissakin,1
Melojista,1
Uimisreissujen,1
Akvaariokaloille,1
Sporttailla,1
Lajijohtoa,1
Valmennusporukkaa,1
Lajijohdossa,1
Kärkipaikoiöta,1
Laskeskeskelet,1
Kyknee,1
Tosts,1
Tamperelaisnuoret,1
Suoritusluku,1
Kiitostämän,1
Homovaisuus,1
Lesbovastaisuudelle,1
Pythonis,1
Järvestäkään,1
Mukamukahardcorekillan,1
Mukamukahardcorejäsenet,1
Progressoidessamme,1
Lk25hc,1
Hetereomies,1
Yksinäisyytttä,1
Työssäkuolleisuutta,1
Finurand,1
Avaruusluotaimiin,1
Kolottavaan,1
Huilahtaa,1
Suomi2000,1
Korteistamme,1
Osoittasin,1
Seuranhakuryhmässä,1
Samantyyppessä,1
Todennäkeisesti,1
Törpötellyt,1
Setämiestenkään,1
Johdattelisit,1
Puinutta,1
Ääretönpäs,1
Nakukuviin,1
Nettisekstailusta,1
Uimataitoisuuden,1
Uimacoopper,1
Puoleukartalla,1
Seniileillä,1
Säkövatkaimeen,1
Sekoilutermejä,1
Kotialuuelta,1
Kummuttava,1
Puoluepoliittiinen,1
Lukioiköisestä,1
Itsete,1
Modesääntöä,1
Meemitehtaiden,1
Twittertilien,1
Automoderoidaan,1
13vksi,1
Kysisi,1
Setäiässä,1
Lapsipyöreys,1
Javascriptissäkin,1
Analytic_frame,1
Väsyessäni,1
Chattilogi,1
Jarimyllykoski,1
Kasiaan,1
93b160ff,1
Tapahtumajärjestäjiltä,1
Tunnistaneita,1
6csloa,1
Aliavaruus,1
Pizzeriakulttuuri,1
Kebabkastikkeita,1
Vuz4be27vfr21,1
E7a0a877f7c89c02c0fe7433138a081c1029ddf9,1
Kebabsas,1
Meemipropagandaa,1
Vuonahan,1
Vakituisemmatkin,1
Jnp2ymzphu6hrgslprgqca,1
Chntb2jpbgutz3dzlxdpei1zzxjweam6aggpujefwnbbynnfaarwahgagagjaygb2hisaqqylji0maeaoaebwaeb,1
Feminisminvastaisten,1
Määritelijöitä,1
Rinnastuskohta,1
Meemikuvassasi,1
Alleviivaama,1
Kontekstuaalisuus,1
Tutustumattomuudesta,1
Miriamin,1
Aerodynaamisiä,1
Raukkauden,1
Haudassapyörimissliikeestä,1
Eneargiaa,1
Ylinedustaja,1
Iduskbn2ap2fy,1
Tehosterokotusaikaa,1
Päihdesairaalaan,1
Alkoholismihoitoon,1
Sotepolun,1
Kotiasujana,1
Tehosteaikoja,1
Rokotusajavarauksessa,1
Antovälisuositus,1
Epätasaisaisesti,1
Johtajatantan,1
Litanjasi,1
Luonnontieteellisinä,1
Prosenttirn,1
Silakkamies,1
Häiritssevästi,1
Mittausjärjestelmässä,1
Liikenneopasteappsin,1
Laitetunnisteella,1
Vuokrauskiellon,1
Affirmate,1
Ryyppyvelkojaan,1
Käännösuutisissa,1
Suhtellisuudentajua,1
Verkkokiusaajajoukkoa,1
Twitterväännön,1
Twitterporukka,1
Ylioppilasaineen,1
Koulukiusaajaporukan,1
_vähemmistöihin_,1
Panikoidu,1
Loraamalla,1
Sukeltelemalla,1
Joukkolynkataan,1
Diskurssianalyyttinen,1
Tutkimusotteeksi,1
Konfliktiteoriaa,1
Naapurissammekin,1
Varoitusjärjestelmässä,1
Saksalaistyyppiset,1
Pulinakerhot,1
Ilmastonmuutosmietteensä,1
Ilmastonmuutoskinaamisessa,1
Keskustelualueellesi,1
Massapakolaisuudesta,1
Ilmastokauhu,1
Hiilikapinallisia,1
Kasvatusammattilaisten,1
Suomianarkisti,1
Anarkistimpi,1
Trollijoukot,1
Äärivasemmistofoorumi,1
Miljoonamersuilla,1
Ensiautoks,1
Reviteltäväks,1
Massavaeltavat,1
Lahjoituksilta,1
Mahanmuuttajiien,1
Rokotusrumba,1
Sadonmenetyksiä,1
Kirjoittajin,1
Vihapostitulva,1
Ydinaseretaliaatio,1
Kapteeneille,1
Parikymppiseltäkin,1
Vesitorneissa,1
Vesivarastoa,1
Kangoosta,1
Henkilöversiokin,1
Viiskytdonaa,1
Autobudjetista,1
Ilmastonmuutospuheen,1
Käärmeenmunista,1
Intersektional,1
Asuntotilantte,1
Keskittyvämpiin,1
Analyysiväline,1
Konsulttibyrokratia,1
Sateenkaaripesulla,1
Kiintiövärillinen,1
Sinikauluspuolella,1
Prioriterttien,1
Kommunistiterroristipuolue,1
Suurtavaltapolitiikan,1
Virusinstituutin,1
Kisaturistipellejen,1
Reissaamisellaan,1
Doxas,1
Internetkirjoittelijoita,1
Kuljetusveneessä,1
Vastahyökkäysjärjestelmään,1
Syvyyksisstä,1
Kostoupseeri,1
Lähettimeltä,1
Kuljetussukellusvene,1
Kostojärjestelmästä,1
Hätäisiksi,1
Kostovan,1
Rekkalaukaisimillaan,1
Piilottevan,1
Meriydinmiinan,1
Ydinlatingin,1
Partiolenkkiä,1
Ydinohjussukellusveneet,1
Kostopeloitteesta,1
Partioinniltaan,1
Hyperavaruudessa,1
Illallisvieraan,1
Retalatiate,1
Kuusinumeroisiksi,1
Koronahotellit,1
Pilakuvaajan,1
Palestiinalaispoika,1
Verilammikkossa,1
Ylrnnyksellä,1
Identtiteettiäsi,1
Impotenssiasi,1
_nopea,1
Paskajournalistien,1
Hyökkimisessä,1
Puokustaurumisessa,1
Ääriortodokseista,1
Tyylikikka,1
Masinoivansa,1
Varaaville,1
Terveydenhoitojärjestelmällemme,1
Kesäaukioloaikojen,1
Terveysasematoiminnasta,1
Tartunnanjäljittämisestä,1
Mvc_covid,1
Novavax_covid,1
93gsk_covid,1
Epivaccorona,1
Soberana_02,1
Lapsihahmon,1
K9ru0kf,1
Ihmisoikeuksienvastaista,1
Maskivastaista,1
Tykkäävisiä,1
Tilastolähteitä,1
Marginaalisuuskategorioiden,1
Kaninhampaiset,1
Japanilaiskarikatyyrit,1
Japanilaisvähemmistöjen,1
Öyhöpiireissä,1
Tuuppava,1
Aamupöpperöäni,1
Lasikuituahan,1
Seisomakorkeudesta,1
Mukavuudetkin,1
Impotenssiani,1
Tavinnu,1
Dereilatuksi,1
Lävistyskorujen,1
Rajallisempien,1
Flobaalia,1
Stm_2020_35_j,1
Monimuotoisuusohjelma,1
Öyhötyspiireissa,1
Laukeili,1
Henkilövetoisemmin,1
Photoshoppailija,1
Ideavaiheessa,1
Pisteytytyn,1
Nimitteleet,1
Karuimmista,1
Pilkkanneille,1
Pakkomuutoin,1
Runkodiodia,1
Synkronikompensaattoria,1
Yhdysvaikutus,1
Huipputuloksista,1
Megahyvistä,1
Kasvislätyt,1
Luokittelijamuuttujat,1
Konservatiiviseti,1
Lisäkuraa,1
Ideaalituloksessa,1
Syntyominaisuus,1
Raskaastä,1
Arkullisen,1
Jänishampaisista,1
Koronarokotepolitiikka,1
Aiesuunnitelma,1
Riskienhallintatunteja,1
Suuruudenhulluuspsykooseissaan,1
Ilkeämielisin,1
Vuotiaakta,1
Stigmavaaran,1
Alaikärajana,1
Määritelmävääntöä,1
Aikavälinkin,1
Työkaluvastaus,1
Bonusmittarin,1
Cosbyltä,1
Siviilitapauksessa,1
Oikeistobias,1
Vastuullisuusuutiset,1
Imdn,1
Trollimediat,1
Verotuskierroksen,1
Tyyppikohtaisesta,1
Mediaseksikkyyteen,1
Fiktionakin,1
Aikaistminen,1
Anarkokapitalistejakin,1
Ksskssksskss,1
Epätyytyväisyyttaä,1
Metallinilmaisinta,1
Hiekkaleikit,1
Metallinpaljasteluhommat,1
Etnovaltiona,1
Verimagian,1
Pedofiililiskomiesten,1
Gentiilien,1
Pääpuutarhurin,1
Zx821qz,1
Rikkipoikki,1
Sateenkaarihyllyn,1
Diskurssipakkia,1
Tuplavertotusta,1
Haredeille,1
Netzah,1
_yehuda,1
Fundamentalistiyksikkö,1
Vannottaen,1
Juutalaisseurakuntia,1
Ongelmalasien,1
Tartoisin,1
Juomavarastona,1
Turvallisyyskysymys,1
Aihuttamia,1
Oikeistokonservatiivisiakin,1
Pisteytyssysteemeistä,1
Pulpetiltansa,1
Nihilistipunkkareita,1
Feikkiravintola,1
Jäsentelytapa,1
Pikkunapero,1
Muutoslokista,1
Filtteröitäviin,1
Uudelleenlöysin,1
_430e0dcef9acd81d6c18ea75e1036fb2,1
H_430e0dcef9acd81d6c18ea75e1036fb2,1
Gommunismin,1
Rambergin,1
Kotikorttelissa,1
Ulkoterasseille,1
Siirtolaisporukasta,1
Ortodoksijuutalaisen,1
Ymmärtäväisemmiksi,1
Oluenterassikanniskeluja,1
Kurkunkäyryyksiä,1
Peukunkeräyssyyttelyt,1
Peukutuskeräysteoriaa,1
Default_subreddit,1
Jutteluthan,1
Yhteishakuajan,1
Kiveskarvojen,1
Asukaspysäköintimaksulla,1
Gardellin,1
Limanuljaskoista,1
Sivitysvaltioiden,1
Somekai,1
Kapitalistikokkarit,1
Puhelinjärjestelmään,1
Nettihomman,1
Työkunnossakaan,1
Lähdittiin,1
Tuntipysäköijät,1
Tällätteitä,1
Hääräileviä,1
Titent,1
Soteuudistusten,1
Tavoittaminenkin,1
Autovarastoiksi,1
Parkkipaikkavarannosta,1
Soitellaanpa,1
Voimalehti,1
Pääomatulojasi,1
Ajatelisin,1
Huurupäille,1
Sylkäistessään,1
Ilmastonmuutospropagandaa,1
Kaksitahtiskootteria,1
Ilmastohömpässä,1
Nykysulaminen,1
Erikoisravintolaan,1
Lähipalveluperiaatteen,1
Itseisarvollisena,1
Kuplamaailmaan,1
Pikkutuisen,1
Canseloijat,1
Blokkilistailijat,1
Synthetised,1
Retroharrastajien,1
Baksia,1
Tokmen,1
Uhribingoihin,1
Tannerilaiseksi,1
Henkitorviin,1
Transwarp,1
Sähköhärvelit,1
Moottorittomiin,1
Rajoittaisiin,1
He_154,1
Pilkkikisojen,1
Kartanolleen,1
Vootaisko,1
Lämpimikseskö,1
Lillukanvarsistasi,1
Puhdistusohjelmasta,1
He2d88f11,1
Keskustelupanostusta,1
Valonnopeudessakin,1
Dilithium,1
Uliseminenhan,1
Mautin,1
Kaukosäädettävään,1
Papatuksestasi,1
Kokoomuslaisisya,1
Hallituskumppanuudelle,1
Uimataitoisena,1
Uimataitoisuus,1
Cardiokunnosta,1
Lisarajoituksista,1
6divzq,1
Itsejärjestetyt,1
Ulkotapaamiset,1
Täytäntöönpaneminen,1
Immuniteettiheikkouksia,1
Tuplarokotekattavuuden,1
Punkmusakin,1
Kapitalistipunkkia,1
E6xxlbfweakhqyv,1
Kaksirattaisuus,1
Kuvankaappailua,1
Vajakistosta,1
Tekohetkon,1
Sairaalatarve,1
Nousuhdanteessa,1
Taaksapäin,1
Byrokratianpurkamisläppää,1
Essonbaarityyppi,1
Photoshoppailivat,1
Röhöttelivät,1
Pysähtymiskieltoalueita,1
Wokeihmisiin,1
Viestintäalustan,1
Avautukin,1
Yhtämittaiseen,1
Tauottomaan,1
Tulkihet,1
Taidoissakin,1
Rokotuspaikoista,1
Suomalaiskäännöstä,1
Kiusaajavainoajilta,1
Hackbackkiä,1
Rajotuksille,1
Verenpainelääkityksellä,1
Savumerkkejäkö,1
Pikkumedioita,1
Paljastushan,1
Hellejaksosta,1
Suomen_äänioikeuden_historia,1
Työhakemusteni,1
Sähkökangoo,1
Preferektuurista,1
Ikäsisistä,1
Samik100,1
Käsäloma,1
Spiraloimaan,1
Ratkooko,1
Säköinssi,1
Streittariksi,1
Arabikansalaisilla,1
Linnuruokaa,1
Hellepaskaa,1
Ilmastoinninmuutos,1
A52a54e143964515ac328d12b336ddbb,1
Käännöksissäni,1
Kuormaamisesta,1
Veneessäki,1
Yltiöpäisimmät,1
Justwrite15,1
3499620_orig,1
Martinsit,1
List_of_prisons_in_australia,1
Vetypommitetuksi,1
Ydinsopimuksissa,1
Häivepommikoneista,1
Propagandoivat,1
Käyttäisivätkään,1
Tavistallaaja,1
__tartunnanjäljitystä__,1
Aboriginaalinaiset,1
Seksipyyntönä,1
Urakkamallisempi,1
Käsittelyrataa,1
Eksytytty,1
Keulakasvo,1
Siilipuolustautumistakaan,1
Patriarkkaattisista,1
Työttömyyskorvauksieni,1
Okx9gx,1
A4n_kymmenest,1
A4_suomalaisesta_k,1
B6yhtyi,1
Lukupainotteinen,1
Ulkoamuistamis,1
Arvatkaapavaan,1
Oma_yllä,1
Viettelyksiin,1
Täysin_,1
Energiafirmalla,1
Punkkikeikalle,1
Progressiivinenkaan,1
Poliisiperseilyblogi,1
Kulutusvalinnassa,1
Kusipullolta,1
Yltiohyviksille,1
Päällystöille,1
Firmapomo,1
Kampanjoissakin,1
Setvittävään,1
Kakkospiikkinäkin,1
Kakkosrokotteita,1
Tietokonepeliriippuvuus,1
Taidetoimintakin,1
Seksielämäsi,1
Altilleni,1
Tavisostajiakin,1
Ykköspiikkejä,1
Lohkaisematta,1
Lunnista,1
Unelmoimastani,1
Fantasisesta,1
Laitavasemmistolaiselta,1
Vihapuheavustajalle,1
Somepuhepoliisin,1
Intersektionaalilta,1
Bikinitytöistä,1
Ikkunamalleille,1
Laatikkomallisia,1
Pystymallisiksi,1
Työskentelytilojen,1
Riittänisi,1
Murhasyytteenkin,1
Desileejä,1
Oppiihapa,1
Vihapuhekeskustelu,1
Neppailuista,1
Rasisistisesti,1
Persusetiäkin,1
Persusetä,1
Blogikirjoituksena,1
Rokotusryhmässä,1
Snuffipätkät,1
Levityskieltoon,1
Testauksellekkin,1
Kuntavaalitappioon,1
Empatiavajeisia,1
Megaluokassa,1
Pakottavammista,1
Kysäises,1
Hellepakolaiseksi,1
Luxusilma,1
Hengetar,1
Ulmanvaihto,1
Seksintappajahelteet,1
Virherekrytoinnille,1
Höövelillä,1
Intersektionaalifeminismistä,1
Haaatateltu,1
Tuteet,1
Jossitellä,1
Yhteiskuntatieteilijöissä,1
Pukeutumissäännöstä,1
Ryyppyremmeissä,1
Piipparistit,1
Kommeteissa,1
Vittuhin,1
Vastuumuseoille,1
Kokoelmakäyttöön,1
Massatavaroissa,1
Muok0r,1
Siirrettävä_ilmastointilaite_ja_ikkunoiden,1
Gvbs2ho,1
Monpolimainen,1
Tietoverkkopalvelut,1
Käyttäjätunnusmäärän,1
Korkeakoulupolitikointia,1
Koulutusosastolla,1
Hälytyskelloi,1
1lu7xprklnhbqjckr8k8qrzuzbbw7kzxb5vu72gmrn2e,1
Parvekkeenkautta,1
Juokaleelle,1
_meitä,1
_kammottavaksi_,1
Mädätystä_,1
Bikinitkin,1
Neliösenttimääriä,1
Turvapaikainhakija,1
Nettuja,1
Evrylle,1
Teleoperaattoriyhtiö,1
Evryllä,1
Suöpäää,1
Kiitävästä,1
Pesukestävänä,1
Energiapelloilta,1
Kaasutuslaitoksiin,1
Häkäkaasusta,1
Punkkareina,1
Pistokoemisesti,1
Tullilappuhin,1
Regulaatiopuoli,1
Konfiguraatiotiedoston,1
Fetissisteille,1
Opettelurata,1
Varsinaisempi,1
Varsinaisin,1
Tuplakuidun,1
Matkapuhelinoperaattoreita,1
Konfiguraatiomuutoksen,1
Syväänjuurrutettujen,1
Urakkatyylisillä,1
Tuntimiehinä,1
Sukulaisellesi,1
Stromia,1
Arvokämpissä,1
Passiivisagressivisella,1
Rinkirunkkuylä,1
Kokemäenkartanon,1
Yritysjohtajaöyhöt,1
Muovilaatikkoisia,1
Vuokrauspakkauksia,1
Tullaamansa,1
Vuokrapelien,1
Ixp,1
Tuplayhteyksistä,1
Bannikitinäsubi,1
Msz,1
Hr25vf,1
Konservatiivivastaisista,1
Satelliittitouhuja,1
Nostalgiahengessä,1
Penskampana,1
Mutaaminen,1
Aikeitansa,1
Stadionrock,1
Spedemaat,1
Nojatuolidiplomaattina,1
Punkkikeikat,1
Turvallisuusulottuvuudessa,1
Suvakkiportaalin,1
Portaalikristallin,1
Turkimuksista,1
Dumn992kfiy,1
Puheenaiheidensa,1
Extramaksu,1
Sisältyminenkään,1
Spämmikansioonkaan,1
Koliaa,1
Kirjabloggaus,1
Jokeriarvaus,1
Matriarkaalisuutta,1
Sellujuna,1
Yksityisomistajalle,1
Neturei,1
_karta,1
Kätkemien,1
Persutrollin,1
Kuutiolitran,1
Brassailin,1
Sähkötyslaitetta,1
Lj0snrxo8z8,1
Yjncxptnqde,1
Valtakuiluun,1
Hoitajakadolle,1
Nimitettään,1
Motivoiduimme,1
Lisämakeutta,1
Kantokykyhän,1
Epäpunkkarimaisia,1
Kaappausyrityksiä,1
Sisäilmanongelmat,1
Innoissaaan,1
Yksinkertaisisssa,1
Kierroslukurajoitettu,1
Rcurj35f2g4,1
Ameriikaksihan,1
Samanmiel,1
Ylikuormittumattoman,1
Niisäs,1
Abebooksikin,1
Käyttäjäoikeustunnistuksien,1
Yrittksiä,1
Haastattelluja,1
Antirasismikoulutukset,1
Verhoutuen,1
Stooreissani,1
Naiskavereitani,1
Ördääjäurpolle,1
Poteroitumisilmapiiriä,1
Punkpiirien,1
Automaattipistoolihyyppä,1
Loppuovella,1
Paskemilla,1
Suoruudestasi,1
Raketinheittinen,1
Immuunipuolusta,1
Lähihoitajathan,1
Käuttää,1
Avaruusturisteista,1
Yläilmakehäturisteja,1
Verrantojen,1
Huonopalkkaiseenkin,1
Crptovaluutan,1
Kiertoscriptejä,1
Lovitse,1
Likapussivasemmistolaista,1
Ammattiurapolitikkoja,1
Viesintäfirmoihin,1
Normivasemmistolaisesta,1
Insinöörihallitus,1
Antisemitismikortit,1
Ominaisuuksellisten,1
Piittasit,1
Toiveikkaammassa,1
Vektoritkin,1
Kuoievat,1
Desiieihin,1
Kyhäilemiä,1
Homopropagandalakeja,1
Hakkeroinissa,1
Keskipenkin,1
Natsipunk,1
Henkilöstöbisnestä,1
Yhteiskuntatieteilijyys,1
Leijuit,1
Nelikymppisilläkin,1
Laukkakomppisi,1
Lähiötutkimuksesta,1
Musiikkipalvelutkaan,1
Huippukylmistä,1
Huippulämpimistä,1
Aurinkorasvaakaan,1
Kuumuuskaan,1
Commienazis,1
Retroriikka,1
Epätoivoisimmilta,1
Uusintama,1
Neuvolasysteemiin,1
Vanhemmuuskoulutus,1
Sotaromuksi,1
Oikeistomyönteistä,1
Kesälomasijaisista,1
Opiskelipaikkakunnalta,1
Vakikämpästä,1
Rudiger,1
Wphg05ormilpe7ipkp75mdoqsk0,1
1400x1298,1
4683650_,1
Be91c,1
Vasemmistounelma,1
Riehahti,1
Räkätautikoronaa,1
Jussaying,1
Ylivarovaisista,1
Siviliteetin,1
Jätettämisestä,1
Viuhauttaa,1
Varkinkin,1
Hihhulimummeleista,1
Hihhulimummeleita,1
Zarathrustrasta,1
Fundamentalistiperheet,1
Sotilasdiktatuurivaihe,1
Valtiostatuksen,1
Danielille,1
Kingpinnin,1
Tullirajat,1
Sotilassdiktatuuria,1
Taajamakylällä,1
Maallittamat,1
Todistestaan,1
Motörheadiksi,1
Kouluttautuineiden,1
Sotilasjuntalta,1
Vqgypv8tb6a,1
Multisplitistä,1
Tekoälykehittäjän,1
Tekoälyynsä,1
Kuvaostosta,1
Taideteoksiakin,1
Rahoituspotit,1
Yksisarvislippu,1
Resizeä,1
Tietoliikennehäiriöille,1
Päättömämmäksi,1
Nimellisiksi,1
Titteleiksi,1
Valtakunnanosat,1
Kuningaskuntiaankin,1
Tultaessahan,1
Hallintoyksikkönään,1
Viimekätisessä,1
Valtakunnanosanaan,1
Vallankaapanneena,1
Lähdevesipullot,1
Säilyvyysmerkintöihin,1
Vehtaisi,1
1ab,1
Seitsemänhenkinen,1
Impatako,1
Tener,1
Probablemente,1
Recibes,1
Cambias,1
Pakojärjestelmä,1
Mcclenaghanrhys,1
Delegitimisaation,1
Peräpunkalan,1
Äänestysformaatista,1
Esimerkkikysymyksistäni,1
Luotä,1
Esimerkkivirkasi,1
Ihanteellisimmat,1
Säkkituoleihin,1
Pomppulinnoihin,1
Maaíta,1
Kantahelsinkiläiset,1
1000äo,1
Vaippakustannuksissa,1
Fordistisesta,1
Luontosudetta,1
Lukiofilosofien,1
Peruskoulufilosofeja,1
Salakoodilta,1
Lämpiään,1
Groomaajapunkit,1
Feikkipunkkeja,1
Punkkiskenestä,1
Vetäes,1
Yksityisomistajiile,1
Rikosilmotuksissa,1
Olympialaisurheilijat,1
Vaaleansävyiset,1
Käymättmyyden,1
Saunoittain,1
Pintapesulla,1
Ammattikeittiöissä,1
Persekarvaaja,1
Karvoil,1
Kysyttyäisiin,1
2blwgd4,1
Evj7asv,1
R6biwe6,1
Iwzlttm,1
Transferia,1
Tyylikuvan,1
Sisältökuvan,1
Tyylikuvia,1
Koli_2019_1,1
Rn5psb0,1
Stylekuva,1
Professonaalinen,1
Mieleenpiteeni,1
Tähtikelluntaa,1
Kelluntojen,1
Suoristettuina,1
Kuopimisella,1
Youutubesta,1
Käsivetoon,1
Selkäuinnista,1
Tipurinta,1
Käsivedon,1
Käsivetoa,1
Jalkasuorana,1
Uimamaisterinpapereista,1
Suominarkki,1
Sakokaivosta,1
Hakeutumalle,1
Prepperöintiä,1
Bikinipyllyjen,1
Tulonjakopoliittisia,1
Kasvupoliittisia,1
Suhdannepoliittisia,1
Läpielämänsä,1
Teollisuushommien,1
Palkkaerittelun,1
Ainepalettiin,1
Argumanteetiovirheille,1
Ulkoterassitoiminnan,1
Ulkotarjoilutilat,1
Asukasparkkipaikkojen,1
_cockney,1
Slang_,1
בדואים_מכינים_קפה,1
Jnf024146,1
Säkkimallisia,1
Tullanneet,1
Progressioksi,1
Pajunköysimentelmät,1
Vapaushysteriassa,1
35vllä,1
Yksityisyysaktivistilta,1
Naisemia,1
Kierrätyspaikkoihin,1
Pitkäkyntisin,1
Henkilöstästä,1
Vm_henkilosto_170517,1
7f222a7e,1
D51b,1
A18b,1
Cae1ea5cf1ad,1
Tuloerohommassa,1
Pherkele,1
Laity,1
Selsuaaliselle,1
Väkivalalle,1
Kerrostslokämppä,1
Jakelukanavalla,1
Keskikiluokka,1
Varallisemmat,1
Kehonrakennuskilpailuihin,1
Perämoottoriaan,1
Hävettiinkö,1
Isopalkkaisimpien,1
Laukaisiitin,1
Sutkauttelijoiden,1
Plagaatti,1
Hsh,1
Kisavaatetusta,1
Yleisen_,1
A4nioikeuden_toteuttaminen_kunnallisvaaleissa,1
4päivänen,1
Siirsiin,1
Kesäolympialajeja,1
Vittuiluyritys,1
Kehonrakentajaesimerkki,1
Avaruusfanina,1
Syvännöllisemmin,1
Valtious,1
Ikonoklastisesti,1
Asianosaavasti,1
Keisarihallituksen,1
Näkökantaaa,1
Kilpasäännöistä,1
Törkyveroja,1
Rantalenttikseen,1
Lainahakemusten,1
Seinärahaa,1
Koronaseinät,1
Asuntolainoittamiseen,1
Arvonnousustakin,1
Koronasijoitusten,1
Huineistossa,1
Ulkoyksilän,1
Humoristilta,1
Pelaajakortit,1
Spekstaan,1
Origamien,1
Fasttalklabs,1
Sijoitustuitoilla,1
Jatkojalosteta,1
Löhtenyt,1
Kaljaördäilyistä,1
Ummisteluun,1
Räppipaljastuksista,1
Punkjäbän,1
Räppijumalilla,1
Xxxtoo,1
Suomiraptoo,1
Stalkkaussivustoja,1
Psykepiireissä,1
Norjalaistutkimukseen,1
Vilustumiseksi,1
Koronainfektiossa,1
Tulivuorenpurkauksiin,1
Mesosfäärissä,1
Mesosfäärin,1
Äärioikeistolaistrollien,1
Sligensä,1
Monistautuneena,1
Skämmas,1
Ögonen,1
Tasasummaveroksi,1
Rajaveroja,1
Häirikkönaapureista,1
Räsäsellekään,1
Spostiviestitse,1
Minimimärä,1
Tuloerotutkimuksissa,1
Ponttikin,1
Avaruusturistien,1
Lentoperämieheksi,1
Märkäpukutyyppistä,1
Dokumentaatiossaan,1
Bioakut,1
Suomiräppitilillä,1
Henkilöllisyydenselvittely,1
Liittimilläkin,1
Day2day,1
Erotaminen,1
Levintää,1
Väläyteltykin,1
Landscape16,1
Yly,1
Maalimiehistöksi,1
Hippostalosta,1
Meidatkin,1
Ahdidtelijoita,1
Taiteilijaproffa,1
Johtojakaan,1
Henkilöstökuluilleen,1
Biljonääriä,1
Loukkautui,1
Ostokorilla,1
Korviketermi,1
Testimaa,1
Ollamielestäni,1
Uhkapelimäiseen,1
Lähdeviitekäytännön,1
Avauduttaisiin,1
Voisikoha,1
Ugog,1
Syytöstelyä,1
Syyllisyydenhän,1
Hiilimateriaaleja,1
Painottomiin,1
Jäykisteenä,1
Painonsäästö,1
Luujuudeltaan,1
Lentokonealuminia,1
7rjf_n3bc0i,1
Mentaalikuperkeikkaa,1
Vänhemmat,1
Ökyasuntoon,1
Tartuitpas,1
Muötä,1
Rotattua,1
Kesäsijaisen,1
Kroppasia,1
Homoilujakin,1
Rytmitellysti,1
Punkpiireissä,1
Bändikaverinsa,1
Perserkarvooja123,1
Backstagesta,1
Henganneille,1
Biljoonaluokassa,1
Tälläsiäkää,1
Paikkariin,1
Öhötettiiin,1
Persupallero,1
Cityläiset,1
Morttari,1
Laumaimmuniteettinäkökannan,1
Pullohappea,1
Iskelmätoo,1
Olankohautteluita,1
Lääppimistäkin,1
Lukasi,1
Eriytyva,1
Palkkigraafeissa,1
Ramppaamisilmiö,1
Summamuuttujilla,1
Hypercorporaatiot,1
Rhkiinni,1
Erakkoampiaisen,1
Harrasteluhuone,1
Mignognan,1
Cancellaajilla,1
Saunapalavereista,1
Morttarilla,1
Pistokerasia,1
Kaboooooom,1
Ruumiinaukkoni,1
Rokotukattavuus,1
Syysty,1
Ypsilon,1
Uhkapolitiikalla,1
Handjobi,1
Tekstityypillä,1
Pinnallenosto,1
Räyhäviinageenit,1
Ovigorillan,1
Äijäkäytöstä,1
Seksuaalirikosoikeudenkäynnin,1
Vakivieraita,1
0d63387a,1
Tunnetaitoina,1
Kasvatusongelmia,1
Festarisivustoille,1
20210721_102606_068,1
Tukipajalla,1
Lannoittelit,1
Rapperstoo,1
Disposable_and_discretionary_income,1
Discretionary_income,1
Vuokrakustannus,1
Elintasoinflaatioon,1
Koilottas,1
20210710_woc798,1
Stemloordeilu,1
Suitsiminenkin,1
Illuminatinsa,1
Sairaalakuormituksena,1
Ahdistelijassa,1
Ottotehoo,1
Fudisturistit,1
Happipula,1
Laakehappea,1
70a3l1,1
_118866568_optimised,1
Faisal_09062021,1
Teilauksia,1
Vääryyksein,1
Brändädään,1
Sairaammasta,1
Teinitaposta,1
Kirjatuloja,1
Asettaneetkaan,1
Aivomuutoksista,1
Lievittymisessä,1
Ihmusroduista,1
Ääriwoket,1
Rokotuspassistakin,1
Kodakista,1
Julkisekis,1
Genresidonnainen,1
_aidosti_,1
Kevytmoottoripyörältä,1
Räptähteyden,1
Opintolainatohjelmat,1
Arvuteltavaa,1
Rokkottaa,1
20they,1
20tell,1
20ends,1
20nicole,1
20perlroth,1
Sähkökulkuneuvolle,1
Astunko,1
Trollimiinaan,1
Feodaaliläänityksiä,1
Vassaripiirisi,1
Akkusähkösahaa,1
Oksasaha,1
Lynkkausryhmiin,1
Rcna1399,1
Kummisetien,1
Miesfeministeihin,1
Julkifeministisiin,1
Ulossuljetuista,1
Kännitouhuni,1
Lastenraiskailuun,1
Tangomarkkinathan,1
88wh,1
Tavoittelemia,1
Litiumesiintymät,1
Jomotteli,1
Wokejenkin,1
Turistialalla,1
Olankohauttelijat,1
Miniakkulaturi,1
Reiviskenestä,1
Todistamat,1
Hippiestoon,1
Psykeskenessä,1
Rahottaamista,1
Lituimista,1
Metsäneekerit,1
Pensashottentotit,1
Mongoliset,1
Saarikansat,1
Kaukasoidit,1
Kongoidit,1
Kapoidit,1
Mongolidit,1
Australidit,1
Sarkastele,1
Naiskommenttia,1
Kutsumuspaskaa,1
Siivoillessani,1
Luomulannoitteella,1
Meloneissa,1
Miesvihaongelma,1
Oo6829,1
Hoitajapulan_uusi_seuraus_terveyskeskuksia,1
H5x9dk2,1
Lämpimiksenikin,1
Pakkauskartonki,1
Sellukuidusta,1
Saosteaineet,1
Nanoselluloosa,1
Marginaalisuure,1
Maginaalisuureessa,1
Desilistä,1
Riemunpurkauksia,1
Rappifestareilla,1
Itsekkyyttäs,1
Määritelämä,1
Töllistelyyn,1
Monipuolejärjestelmää,1
Takanaolevia,1
Linkkaaihmeessä,1
Ihanvilpitön,1
Tuleejulkinen,1
Poliittisessatoiminnassa,1
Jlukisuudesta,1
Suuntaumuksesi,1
Pitkäjännitteisessä,1
Kartonkituotteet,1
Kartonkituotteetkin,1
Mh0420,1
Mh0420_01,1
Alapesupönttöjä,1
Oviapinan,1
Yksityisoikeudelliseksi,1
Yksinasuva_alle45v_hiilijalanjalki_netti,1
Sijaisptsd,1
Racketeer_influenced_and_corrupt_organizations_act,1
Konemallintamista,1
Humankindtoo,1
Peruslättykin,1
Laintaulujen,1
Alagenrien,1
Rovaleirin,1
Autoimmuunioireita,1
Tulehdusreaktioiden,1
Aivoveriesteestä,1
Umpiporvarillisista,1
Milttonlaiset,1
Lissin,1
Juhlijoihin,1
Määritteessäsi,1
Rockjumalia,1
Rockjumalalle,1
Tpnwboefbvs,1
Heiluiko,1
Toimistotyössään,1
Vänkäämästään,1
Hulilupterissa,1
Otetuin,1
Kriisiähän,1
Lehtisellua,1
Kaupparajoitteitaan,1
Kutstuttuja,1
Olettanutkaa,1
Crossdress,1
Dominikaanista,1
Tulostuspalvelusta,1
Ganvas,1
Ammattiartisteja,1
Yritysvideoihin,1
Ääninäyttelijöiltä,1
Lääpii,1
Kapinoimisesta,1
Miesprofessoreja,1
Motorheadin,1
Ht_l73ta6y8,1
Toimintasädekin,1
Marxisimin,1
Innoittajalta,1
Kimberle,1
Hooksilta,1
Näkulmaa,1
Lintapiito,1
Kierroslukualueella,1
Variaattoripohjaisessa,1
Suosiminenkin,1
Eläkkeelllä,1
Vihamielisestil,1
Syväluotaisin,1
Korruptiosuossa,1
Sgoldenclassics_too,1
Metalligenreä,1
X7ydcrgn79s,1
Mesofääri,1
Gisslandramat,1
Onsdagen,1
Begär,1
Kebabpizzor,1
Kusipäähuora,1
Temmatuinta,1
Sotesektorit,1
Helluntailaisissakaan,1
Linkkaamasin,1
Tavanomaiseksikin,1
Merkkipäivälahjoja,1
Kudostuho,1
Apinoidaankin,1
Itanaapuristakin,1
Hyökkäyssukellusveneen,1
Havannalaisensa,1
Lihoviin,1
Taiteilijapuolelta,1
Enimmäisasumismenoina,1
Öyhölähteestä,1
Skeneihmisiä,1
Testausinto,1
Johdonmukaisuussyistä,1
_ismo,1
Copypastamatskua,1
Laittautuminenkin,1
Tsekkilässä,1
Näpyttelytyötä,1
Laivoitse,1
Ankkuroidu,1
Sukupuolispesifisti,1
Käyttömetodeista,1
Reagointivaraa,1
Trecenton,1
Madrigaaleja,1
Kirjanpitoneuvoja,1
Sairatta,1
Oikeiskäytäntöön,1
Skenespeciaali,1
Iskelmäpossen,1
Kansanvälisissä,1
Lahtauskisoissa,1
Ennakkoinnin,1
Aitaamisenkin,1
Toimenpideilmoituksesta,1
Huohottelemaan,1
Tutkijayhteisöistä,1
Opiskelijayhteisöistä,1
Tuomise,1
Biitsiversio,1
Lentopalloksi,1
Härvylä,1
Sisäistetytksi,1
Putkiaivoalalta,1
Nukkumisjärjestelyjä,1
Merikarttaa,1
Sisävesialueitakin,1
Veneilyharrastajana,1
Navigointivarustus,1
Panttivankiensa,1
Asuinkuntannusten,1
Maalitölkit,1
Kuvaaaaaaa,1
Spesiaalijuhlaan,1
Tekaskaa,1
Suomirapstoohon,1
Nibbling,1
Kummunismi,1
Tuhovoimansa,1
Moraaliposeeraanko,1
Käyttäytymismalleissaan,1
Normiyhteiskunta,1
Viisitoistavuotista,1
Kolminaisuuksineen,1
Peltoautosi,1
Lapsuudenyhteisöösi,1
Elämänkatsomuksellisiin,1
Muutoksiisi,1
Mainländerin,1
Kristilisessä,1
Metalstoo,1
Metallipaljastusten,1
Työpaikoillesi,1
Äähähähähähähähäh,1
Asevoimai,1
Nippusiteilllä,1
Peliasuista,1
Lestadioalainen,1
Yhteenkuuluvuudenpuutetta,1
Uudisidentiteeteillä,1
Hurahtaisit,1
Syvimmillåän,1
Menojuomaks,1
Kyselytutkimuksissahan,1
Kierroksellahan,1
Julkisovinistit,1
Silloín,1
Eräpersettä,1
Demilitarisointipolitiikka,1
Yleismaaimallisesti,1
Korruptoitumatta,1
5c7f93dfbec148e1bcb49d9bbbfd719a,1
B05cda792c2147bfb4af08ec59b26c78,1
Pikkukylii,1
Vaivauduttas,1
Avaruushomoluksuskommunismin,1
Puheitse,1
Tukijäsenen,1
Henkilöjäsenilläkin,1
Paperikoko,1
Citykämpän,1
Ainakinsesim,1
Quer,1
Pakosuunnitelman,1
Aruain,1
Asetusjuttuja,1
Pikkukylätouhua,1
Klientistinen,1
Portaisen,1
3million,1
Vankipaikkaa,1
Löytömme,1
Peittymättä,1
Lvl8,1
Esikartoituksissa,1
Primääriaineistoja,1
Lukiessta,1
Seuatessa,1
Rahouttui,1
Uppoamaa,1
Väliläl,1
Ohjailijana,1
Venäjäkle,1
Sponssijuttua,1
Epäiltävään,1
Heterojäbää,1
Sisäll,1
Massamurhauttamalla,1
Komukoilla,1
Täystyöllisyydestään,1
Naarattuna,1
Linssivertaus,1
Miesvihalasit,1
Merkkimäärien,1
Tietääkseretoriikkaa,1
Naistenasioiden,1
Instagrammiajoilta,1
Ryhmäideologian,1
Vastakohtamuotoon,1
Sukupuolierotteluja,1
Menstoo,1
Baariketjua,1
Mariel_cumar_2439,1
Riemuidioottisuunnitelmasta,1
Fraasiakin,1
Murhapuro,1
Lapsenkasvatusmetodista,1
Valtavirtaihmisiä,1
Sjostain,1
Valtavirtaväestöksi,1
Urheilufanitus,1
Juppiveneet,1
Vastaanottokomiteaa,1
Jäälkeläisiä,1
Vakavahenkisemmässä,1
Asukassukupolven,1
Valtavirtasuomalaisilla,1
Hämeenmaata,1
Lapsilukunsa,1
Minkäkinlaiset,1
Tempauduttua,1
Avartuivat,1
Rasitusoikeuksia,1
Rohkeudellani,1
Qws33kwmsew,1
Omaksumattomalla,1
Rytömaailman,1
Ihmisoikeusloukkauksilta,1
Iisakit,1
Antautuako,1
Fkocupigsdc,1
Akkukansi,1
Liimakansien,1
Latauspiireissä,1
Ongelmiaankin,1
Sarjanumeropohjainen,1
Akkuhärvelit,1
Adventhealth,1
Suoritinteknologian,1
Västberga_helicopter_robbery,1
Liikekannallepanokäskyn,1
Palopommista,1
Absoluuttimonarkian,1
Esikoislestadiolaisista,1
Työmääränkin,1
Asutessa,1
Toitetellaan,1
Ajankohtaispoliittiset,1
Tuohotaan,1
Kummastelemasi,1
Surfacea,1
Näyttöasetukset,1
Asuntorumbaa,1
Pistospäivänä,1
Tuntemuksesikin,1
Yhteisöittäin,1
Fledani,1
Sisäänsuuntautuneelle,1
Autotuunareita,1
Kutomispiirejä,1
Teatteriporukoita,1
Pistojälkeä,1
Rokotusjälki,1
Laastarinsa,1
Turisemiseen,1
