Viulxozg2bi,1
Aaaaaaaaa0u,1
_xvkrr_0p5y,1
2bmainos,1
2b1920,1
Varputavi,1
Voita1,1
Riskientunnistamiskurssi,1
Tunnepinnallisuuteen,1
Kaninpojat,1
Villikaneille,1
Haukkaemo,1
Haukankin,1
Vauvakanikasan,1
Lounasetukin,1
Pysätytyskuva,1
Sisääntuodusta,1
Palkkakierrokseensa,1
Henkilöautoni,1
1e2b75d7,1
F7b7,1
B866,1
Ac3c7764078a,1
Tuntohermoilla,1
Tuntoaistimuksesta,1
Käskypäätöksen,1
Sensorifuusiona,1
Aistidatasta,1
Hoatzinin,1
Haisukäen,1
Hoatzin,1
Opisthocomus,1
Angosturalla,1
Haisukäestä,1
Voileipäeväät,1
Vinyylitarralla,1
Blokgarden,1
Mothersday,1
Mänöks,1
Ihmeden,1
Dhkxuld,1
Henkilöiltäkään,1
Vuosimiljooniin,1
Alkusyksyksi,1
Eläintenpelastusyksikköön,1
Järjestötoimintakaan,1
Blurilla,1
Hydroxeista,1
Laboratoriopalveluja,1
Yhteisöpuutarhan,1
Yänkkilän,1
Vajavaisuuksien,1
Käärmeennahkansa,1
Litteäpallolaiset,1
Kivilläparantajat,1
Breatharianit,1
Someoksennuksen,1
Corelia,1
Keffassa,1
Energiatonta,1
Silppoi,1
Taidelaatikkoon,1
Rekkijavikkia,1
Poikimiseen,1
Vesireittiä,1
Kiristysruuvina,1
Oksennuspusseja,1
Turvekeskustelun,1
Tukiaiskiimaa,1
Sähköntuotantovoimalat,1
Kaukolämmöntuottoa,1
Vedätyksessään,1
Kaukolämpöeneriga,1
Kaukolämpötuotantoonsa,1
Lauhdesähkövoimala,1
Kaukolämpöveron,1
Kaukolämpöverojen,1
Leastadiolaiset,1
Keputausta,1
Altaina,1
Stadionintorneina,1
Potkupallokenttinä,1
Kerrostalokaksioina,1
Elokuvareferensseinä,1
Käännösuutisoinnissa,1
Puskapisseissähän,1
Siimaleikkureihin,1
Vaalitenttivideossa,1
Pursuvat,1
Päätäntövalta,1
Hallituksenmuodostusvastuuta,1
Turvelankoihin,1
Ylikuormia,1
Laskennalisen,1
Kiniinitiputuksessa,1
Virvoitteiden,1
Pokemista,1
Steriloitaiisiin,1
Radiokutsultaan,1
Täysvarustetulla,1
Setäolettamat,1
Pulu1,1
Kriisiterapialla,1
Tunnolleni,1
Supihäkkeihin,1
Läähättivistä,1
Seksuaalisempana,1
Läähättäväksi,1
Itsehallintaansa,1
Lopetusmenetelmistä,1
Lopetustekniikoista,1
Vilahtele,1
Huumevoimala,1
Kommunikaatiovälistä,1
Patuck,1
Keltatiilitalosta,1
Yksityisnäytös,1
Imlastonmuutoksen,1
Dunkaten,1
Kuukävelyllä,1
Wrightien,1
Mottoroidulla,1
Lomarahahomma,1
Pintajäätä,1
Miljoonasosapromilleen,1
Pingviinipopulaation,1
Adelie,1
Fossil_genera,1
Jäniskoira,1
Bestagons,1
Eettisessäkin,1
Tuomarkkinat,1
Jobbarifirmojen,1
Meisselivalikoimaan,1
Veikkaushäviörahoja,1
Armeliaanpaa,1
Petokotilo,1
Maksuinfrastruktuurien,1
Suoraviivaistamisessa,1
Neuvotteluhaluinen,1
Eläinsuojeluvaltuutettu,1
Lounaskupongit,1
Hintalistaa,1
Kauassa,1
Kollegallasti,1
Pahoinvoiviks,1
Komeaviiksisen,1
20dcaf4a2a41427c9e9bc62cdbbb8e5b,1
B8cb09430de246908e77c3027f8f6317,1
Pic_5_5306898_k6270872_1200,1
Länkkärimaiden,1
Välttääkses,1
Kamerarullia,1
Hävetysnauru,1
Sisällissotienn,1
Riepottelemat,1
Tiiätkään,1
Kammotavat,1
Natsitoiminnan,1
Tapatuttaminen,1
Repressiot,1
Varhaiskantaisemmista,1
Kauhukuvauksista,1
Satrapies,1
Plenipotentiaries,1
Rosenfeldt,1
Collectivising,1
Recollectivised,1
Onnettumuuksia,1
Kanssaolevia,1
Nakkikriisi,1
Tinderdeitiltä,1
Illallismyynnillä,1
Nurjuuksissaan,1
Kulmaloordeilussaan,1
Ksenofobiana,1
5u1l9x,1
Koalas_are_terrible_animals,1
Nykyasemamme,1
Tuion,1
Nälkäpalkkaan,1
Räyhäyspäissäsi,1
Eläpistäkikkeliäsinne,1
Samanveroisten,1
Pyytämisenkin,1
Rusakkourokset,1
Metsäjänisnaaraan,1
Jänisnaaras,1
Hedelmöitetyksi,1
Aleineita,1
Sopimushintojaan,1
Osapuolellekin,1
Nallisgranista,1
Brainbleach,1
Normipalkkalaiset,1
Luotsivia,1
3atarja_halonen_1c389_8827,1
Pyyntöäkään,1
Vihernokat,1
Gravitaatiokentässä,1
Positiivimassaisia,1
Miinusvarauksiset,1
Antihiukkaspareja,1
Kvanttifluktutaatioiksi,1
Virtuaalihiukkasista,1
Lämpökylvyn,1
Painovoimakiihtyvyydellä,1
Lämpökylpy,1
Unruhin,1
List_of_films_impacted_by_the_covid,1
Minari,1
Nomadland,1
Babyteeth,1
Neljännesvuosittaisia,1
Perunamakkarat,1
Asiakkuuttasi,1
Tinkausmahdollisuus,1
Vahingoittineenakin,1
Maailmanparantajalaki,1
Välinekulunsa,1
Inflaatiokertoimen,1
Kauppaesimerkissä,1
Hienohiuksiset,1
Neuvotteluasemiaan,1
Aristotele,1
Mcnu4drqt1i,1
Unelmaamme,1
Okseni,1
Mjötööööööh,1
Pudottamaansa,1
Moninkymmenkertaisella,1
Uudelleenvaltauksen,1
Haihatellutta,1
Farringdon,1
Anarkistinistiä,1
Tukirottailu,1
Kestopigmentaatio,1
Polissenille,1
Svenssoniksi,1
Asialuennointi,1
Huumorikettinkiä,1
Oloisuutta,1
Sm3tana,1
Arvostukseesi,1
Twiittailemalla,1
Navaljnyn,1
Päeväkodista,1
Tuntena,1
Kyhnyttäjät,1
Kerääntyneetkin,1
Raya,1
Elokuvalevitysaikana,1
Erikoishintaisiksi,1
Selkärankareumalta,1
Tulehduslääke,1
Premiumsaliin,1
Premiumsali,1
Berdigo,1
Housud,1
Kiskoessani,1
Fisuflesu,1
Premiumsaleja,1
Premiumsalit,1
Romujollaa,1
Lisätyöllistämisessä,1
Luokakin,1
Gepardihan,1
Kylvys,1
Hiiligrammoissa,1
Onnettomuusherkkä,1
Rokotesatseilla,1
Sopulilaumana,1
Furgal,1
Sledcom,1
Kyyräilijät,1
Yritysevoluutiota,1
Lateleppa,1
Piileevät,1
Peruspelottelu,1
Linjatyöpaikkoja,1
Positioini,1
Fdedeb14,1
A9e5,1
06fbb2d8da08,1
Suurisuisille,1
Minimilomat,1
Eyukalyptuksen,1
Protodiktatuuriin,1
Laumanimi,1
Pikkupullossakin,1
Miehistönkuljetusaluksia,1
Siirtolaisveneitä,1
Myyntihuudot,1
Sähköpianonsa,1
Ulosvetävien,1
Sisäfiksit,1
Entilooppi,1
Levonpäivä,1
Toimeentuloista,1
Myöhäatyminenkään,1
Rikoilmoituksesta,1
Työnantajaverkosto,1
Äitisnussija,1
Sitruunapillu,1
Koulukiusaamisest,1
Redditadmin,1
Läskeis,1
Defenestraatiosuunnitelma,1
Koronaikaa,1
Kehänopeus,1
Muurahaispesa,1
Tapppelussa,1
Jättimuurahainen,1
Erityisasiantuntijaduuni,1
Perustellustikaan,1
Työnantajillahan,1
Verorälssit,1
Kassankuluttajia,1
Testausarviot,1
Vertaillevissa,1
Tclän,1
Pandapornoa,1
Anarkistinistin,1
Rokotusvuoroaan,1
123pv,1
Tapposopimuksia,1
Palkkakilvoitteluun,1
Ekologiakoetta,1
Kasvimaaprojekti,1
Papupopulaatio,1
Hyllytykseltä,1
Rokotushaluisista,1
Ällöruusuisten,1
Harjantekijät,1
Jannicka,1
Jekkubatteryt,1
Keinonahkalle,1
Leikkautetaan,1
Laskutyylillä,1
Murahovski,1
Maksimishin,1
Rustam,1
Agishev,1
Asuitta,1
Elämäm_hommat,1
Tautitilanteista,1
Perustuivatko,1
Keksintöönsä,1
Patenttiinsa,1
S67jkn2koi4,1
Kanipopulaatio,1
Keuhkomatoihin,1
Lihotukseen,1
Talvihoitoon,1
Haloilmiöiden,1
Lajisyrjintää,1
Mopojuoppudesta,1
Satanakkiviittaus,1
Läpimurtoina,1
Julkisist,1
Kdoran,1
Doran_math,1
Hortoileen,1
Metsässtysseuran,1
Mettäjäbät,1
Hyötyalgebraa,1
Eläinlajiketta,1
Pihatuolin,1
Yhteiskäyttöaseistaan,1
Yhteiskäyttöaseet,1
Mielipideoperaatio,1
Aseidenriisunnan,1
Tureeltaan,1
Petrovaltio,1
Droonihyökkäyksen,1
Grillitomaatteja,1
Mamugrillimestasta,1
Palkkabudjetissa,1
Neuvottelutaitoisia,1
Maastopyöräilijäksi,1
Whiskasit,1
Pelitietokoneeksi,1
Rokotusaikataulua,1
Veriongelmista,1
Vähimmäispalkkaakaa,1
Aliarviois,1
Kuuloelimeni,1
Ökyhintasissa,1
Huumoriarvosteluja,1
Odotetaampa,1
Reumasairauksissahan,1
Fatalismillä,1
Sahan_tasavalta,1
Jakuutteja,1
Jakuutit,1
Rczvy7,1
N_rq,1
Konglomeraatteihin,1
Perusmeinikiä,1
Reklamointiprosessiin,1
Haamutekijöitä,1
Mintataan,1
11000kpl,1
_minuutissa_,1
Länkkärikaivokset,1
Vanhuutemme,1
Venkuloidessa,1
Pipeline123,1
Jalkapallokeskustelua,1
Ratkaisemat,1
Kissaryhmissä,1
Sijaiskissan,1
Käytöshäiriöisiin,1
Ikäviikkoa,1
Aidiltään,1
Löytökissoja,1
Käräjöinnillä,1
Asiantuntijanäkemyksiään,1
Rokotushienostelun,1
Tuottomäärä,1
Toimimattumuuden,1
Höpösatuja,1
Suhtauvat,1
Trumpismiakin,1
Amputoiduista,1
Verenmyrkytyspotilaista,1
Scadalla,1
8dfb66d9,1
968e,1
Ae07a936423f,1
Bideismiä,1
Maarekisteröintiin,1
Konferenseista,1
Prosessiosaamisessa,1
Kiinniajaja,1
Havitteleman,1
Tetheria,1
Printaatt,1
Lisänippelitieto,1
Lutzowin,1
Panssarikansiristeilijä,1
Asiantuntijatyöläiset,1
Mahtilääke,1
Pitkäaikaissaita,1
Indeksikorotettavat,1
Elämänpidennysteknologian,1
Monisairauskokonaisuuksia,1
Dollarireservillä,1
Isoimipia,1
Unimate,1
Jarkia,1
Perkeleita,1
Ensilemmikiksi,1
Aamupellettien,1
Wavr7fcvjbe,1
Väkivaltanaista,1
Maanpuolustusvihamielistä,1
Colorwheelco,1
Viewcatcher,1
Itsensäkkään,1
Tyehdot,1
Pakettirahti,1
Tuolllaisen,1
Institutionalistisoitumiseen,1
Varjottuun,1
Ryöstökapitalismiin,1
Liukuläppä,1
Tuuduttautuisi,1
Pankkivirkalijoista,1
Pankkivirkailijaohjelmiston,1
Kassarobotin,1
B001dkmzng,1
Vastutamisjuoppous,1
Maahanmuuttofoorumiksi,1
Arazi,1
Ilmastopolotiikkaan,1
Reindeerspottingit,1
Piikityskäytöstä,1
55fd6738,1
Bd13,1
Ffd84bb0f576,1
Lastulevyhyllyssä,1
Elinkautaisen,1
Arazista,1
Cypton,1
Dp2,1
Teloitusfakta,1
Valtakunnandemarilta,1
Etunamme,1
Taulukkoveroja,1
Vasemmistiodemarit,1
Laillissti,1
Jäykimpinä,1
Vasemmistopoliittisia,1
Popkornipaketit,1
Virusporno,1
Sofistikoitumpi,1
Erinoistetulla,1
Mökkärin,1
Teiniklikkien,1
Yliampuvilla,1
Etäpaikkojen,1
Segs,1
Gomedia,1
Ampumakerho,1
Sormirajaus,1
Ttum8ge,1
Kikseissa,1
Sormirajailla,1
Kiireajoksi,1
Ilmenemisiä,1
Äiteelleen,1
Minkäköhänlaiseksi,1
Tehokkuuskonsultit,1
Zɛnəˈfəʊbɪə,1
1c1gcea_enfi807fi807,1
Alekk034plekrqgxofxzp,1
Iap5fufbhjiq,1
H4siaaaaaaaaaomifcrowy3w8sc9ysnjswtoxmpu5einkmrpk81lzkwsyczpexljygljlcov4ppi4ekqsm3ll8jit8pmtgjrykrn41nekp2rx65qkq9qansvd9swqobqbabkw7xcxwaaaa,1
Pron_lang,1
Pron_country,1
2ahukewjkkppg_r7wahuciyskhr6nddsq3eedmab6baggeac,1
Evakkolapsia,1
Katoshan,1
Okone,1
Onnekastahan,1
Huippuviikon,1
Viikkoilmaantuvuus,1
Arvostelujärjestelmäänsä,1
Trolliarvosteluita,1
Scadat,1
Pääkeskukseen,1
Modeemiliikennettä,1
Askartelumateriaali,1
Margariinirasiasta,1
Hernejuttu,1
Turvallisuudentunteelleen,1
Hallintojärjestelmälle,1
Kaninpentuja,1
Rokoteasiantuntijoina,1
Viranomaisuskovaisuus,1
Äärivarovaisutta,1
N4dzv3,1
The_final_episode_of_conan_aires_june_24th_conan,1
Gxm3r28,1
Vivicaa,1
Valtionavustusvarat,1
Kodittaman,1
Arvohegemonian,1
Sittlichkeit,1
Sivistyslaitoksesta,1
Oksennustapaukset,1
Tuotearviointimallin,1
Populistipropagandoimassa,1
Dp094_en,1
Nettomaksajuuteen,1
Elvytysmenetelmät,1
Paikallisradiotkin,1
Longeron,1
Rajoitusinfo,1
Puolikkaankaan,1
Saturahad,1
Vaimikäsenyt,1
Iflgllss6jk,1
72miljoonaa,1
Populaatiotasolle,1
Ihmisillem,1
Kirurginmaskilla,1
Monetasoisia,1
Vuorotetaan,1
Lihakasoina,1
Hapetusvauriot,1
Ylityöajoilla,1
Melindasta,1
Kiirepiikki,1
Suvakkimädättäjäkommunistifillaristien,1
Partitioi,1
Joululippuihinkin,1
Joululahjalippupaketeissa,1
Tiedostoihinkaan,1
Perersonilla,1
Arvosteluoikeutta,1
Haluammatta,1
Signaaliryppäät,1
Riuksi,1
Liiketoimintapuolen,1
Kumimatolle,1
Sisäputsaus,1
Putsauksineen,1
Automahdollisuus,1
Moitteettomuusvaatimus,1
Pakolasiväestön,1
Puukotustapaukset,1
Groomingmeno,1
Preventatiivisiä,1
Litvinenkonille,1
Kisavauhdista,1
Elokuvateatterikokemuksia,1
Kulutusvelat,1
Pikavippiaikaan,1
Trollianturini,1
Pohjusmarjaksi,1
Banaaninakenen,1
Istutuksestaan,1
Peiytyminen,1
Vanbemmat,1
Lavertelijoita,1
Jahtaamillaan,1
Luottohistoriaan,1
Luottokorttihakemus,1
Pankkiketjuja,1
Luottokorttienkin,1
Villakoidan,1
Verivenäläisten,1
Poliisilisä,1
Maahanmuuttokuvaajasta,1
Pakolaisvuosi,1
Kärjistettettynä,1
Opetetteisiin,1
Gangterin,1
Leikkimenen,1
Jack_daniel,1
Poliitikkoasi,1
Omaisuudenhoitopalvleuiden,1
Syömävelkalainan,1
Mwwvcd,1
Konstaapeli_j,1
A4i_verekselt,1
A4n_kiinni_murtokeikalta,1
Gvkqboj,1
Tuullettaa,1
Ackwards,1
Tunkkavasemmisto,1
Nogoalueelta,1
Sosiaalipistejärjestelmäksi,1
Etnotnationalistiterroristeja,1
Pääpuolueki,1
Likudkin,1
Sekopääposse,1
Bernadoten,1
Kyydittämästä,1
Silkeutunut,1
Auttajamaalle,1
Kotoutumistoimenpiteiden,1
Histoarillinen,1
Lämpölaatikoita,1
Hautunu,1
Lämpölaatikoissa,1
Puolestapäivästä,1
Yöttömyyden,1
Tavoittteena,1
Kurssinei,1
Tavistyösuhteisiin,1
Ylikuumentumassa,1
Hovikoikeus,1
Fäktsekk,1
Ninjaeditoinut,1
Raanskassa,1
Foorumidekkari,1
Poliisivastaisuuttaan,1
Kaksoisrangaistuksen,1
Ea03049f5ebb4daf6f2502ec7e764518,1
Kioskimajoja,1
Kasvattetaan,1
Inregroidu,1
Thteiskuntaan,1
Syrkäytyvät,1
Ilamnvaihtokone,1
Kasvovakko,1
Fäktsekattu,1
Debeissattu,1
Leveilevätkin,1
Pickatuihin,1
Välinputoajasta,1
Localin,1
8cfa6212,1
949a868c7cbe,1
Ruotsissaa,1
Nettoraiskaukset,1
Etnosyyksiä,1
Tavoitehousut,1
00xx,1
Kirsikkauutisia,1
Hoitamistyössä,1
Hoitatyttöjä,1
Sunkans,1
Lähiöidne,1
Pakolaiaet,1
Pakolaismyönteisempi,1
Varataa,1
Maatalolta,1
Kaupunkilaisporvarin,1
Neliraajajarruttamassa,1
Lähteiä,1
Pakolaistyöhön,1
Personaallisuushäiriöistä,1
Pantillisella,1
Unelmoimiseen,1
Uusintahakemuksissa,1
Wikipediatekstin,1
Argumentinpönkityspankista,1
Pakolaisopimuksien,1
Lomasaldossa,1
Lauantailomapäivää,1
Lauantailomat,1
Lapsenpuukottaja,1
Ruotsalaislähiöiden,1
Jurritappoa,1
Salaliittoteoreettiko,1
Moraami,1
Ostoksiasi_,1
8oq5xbq,1
Natsijuutalaiset,1
Obgelman,1
Räjähdstä,1
_give,1
Job_,1
Ihonvärisillä,1
Secirity,1
5tqymxa,1
Ministerinhuitomiskuosissa,1
Reseptilääkemainokset,1
Arkiesineissä,1
Aanestyspaatoksiin,1
Vaalikoineista,1
Macciinkin,1
Syrjijällekään,1
Pomonne,1
A6vnm44,1
Ostovakuutus,1
Luottokelpoisemman,1
Puoliautomaattipiekkari,1
Eläinrakkain,1
Toimenpitäät,1
Zwhtgqe,1
Rahottamasta,1
Tuupaat,1
Morsiushakureissuken,1
Keskivertomatti,1
Keskmmääräisiä,1
Etsinä,1
Harrastusporukoille,1
Huomemenna,1
Parhauten,1
Biotalousvirityksille,1
Leeviveetien,1
Discoverilta,1
Sluibailisikin,1
Ongelmakäytöksenä,1
Tilastointimuutos,1
Ulkomaalaisetrikoksentekijoinajauhreina,1
Kansalaisuusryhmillä,1
Sukupuolirakenteella,1
_tehtäviä,1
Maksajia_,1
Liittymisbonukset,1
Siirtomaapakolaistensa,1
Taitopaletti,1
Pakolaisuusilmiötä,1
Kotisiivoojasta,1
Puukkoveijaritkin,1
Rahankäyttösuunnitelmat,1
Ekoleimaa,1
Keskustelupaletista,1
Ekoleimasta,1
Poliisiveteraanin,1
Fmdwvaj,1
Windowsiahan,1
Järjestötukiasten,1
Suomisedät,1
Todelisuuteen,1
Edelyyttää,1
Luottojärjestelmässä,1
Kryptoväite,1
Lyhytaikasista,1
Filosofiointini,1
Chillstepiä,1
Metsäsyts,1
Vihapuhepoliiseilla,1
Jengisankareita,1
Kuukautisiks,1
Erla,1
Itsetekee,1
Ymmärrsttävästi,1
Suuretntutn,1
Utaku,1
Akilamam,1
Kidutusvälineitä,1
Eikadidafoej,1
Sdsc,1
Kaadun_,1
Lukihäröisenä,1
Shekkivihkolla,1
Käyttörikosnimike,1
Päihdesairauksien,1
Diabeteskorvaukset,1
Antipiratismihommalta,1
Konsulttikaan,1
Kuusivaltaisiin,1
Vaahsaa,1
Tesametineeisaa,1
Seejeesus,1
Omeoe,1
Ssiiehhe,1
Nteettä,1
Vahsivhsi,1
Tis4a,1
Djqjsao,1
Mlllle,1
Uley,1
Eisi,1
Mvai,1
Kurpistana,1
Kafdanfasd,1
Fismeeiaf,1
Trolliarvioilla,1
Laitaseutua,1
Fonttinatsi,1
Lähilehtien,1
Lehtilehdelläkin,1
Typerystoimittajalle,1
Osamaksuluotto,1
Maksuhäiriöote,1
Pulleitakin,1
Luottorekisteritietokin,1
Luotototuspäätöksen,1
Edistämiseski,1
Pahimapana,1
Satakannun,1
Äänestäjia,1
Qanoiksi,1
Monospacea,1
Valonpilkahdust,1
Suomentumaan,1
Pakkouskonnoksi,1
Ihmisryhmkstä,1
Suhtenen,1
Arvuuttelupelin,1
Prosestit,1
Kristall,1
Olkiukkeile,1
Homofobisiks,1
Satukirjassakin,1
Realvnc,1
Vnc_security_flap,1
Salasanavahvistusta,1
Verottelemaan,1
Koronaelpymispaketille,1
Rahoitusmekanismeille,1
67695cef227f,1
Näennäisneutraalilla,1
Faktantarkastajallakin,1
Kesäsähköauton,1
Ioudby,1
Xooc,1
Asiakkuuspisteistä,1
Kiskurihintaisiin,1
Toimittamattomuuteen,1
Yliopistopisteytyksissä,1
Ikärajoittanut,1
6097eae60dbb8800049896cc,1
Ahdistuskriteerissä,1
Mallioppimiseen,1
Huumekriteereissä,1
Yksityiskohtaistakin,1
Kolmesssa,1
Fundamentaalikristityt,1
Sekduaalivähemmistöjä,1
Ajokielloista,1
Maatalousyrittäjyys,1
Työmaatyötä,1
E10suomenmets,1
A4varat_006,1
Murhaajaraiskareita,1
Väkivallattomampia,1
Tekotyyppi,1
Jonkunnäköisessä,1
Rännitti,1
Pullistumiin,1
Hiekkapohjaisessa,1
Elektrolyyserien,1
Iranian_revolution,1
Kissimirriä,1
Vetypolttokennoista,1
Griftiltä,1
Äärioikeistohippien,1
Masennuslääkeryhmän,1
Bulkkiosista,1
Ideologiseati,1
Häggman,1
Summeerasi,1
Huijsukselta,1
Tohlailuista,1
Valloittaamaan,1
Känniriehumiset,1
Puukkojunkkaroinnit,1
Gigawattitunneissa,1
Sähkölatauksen,1
Sähköautovalikoimaa,1
Väärinkuvailuilla,1
Juggaloot,1
Tpdennäköisempää,1
Luottokorttihistoriaa,1
Lainahistoriaa,1
Terässulattojen,1
Erikoisasemilla,1
Asiakkuuspiste,1
Lehtipuutkin,1
Unisimmallekkin,1
Strtusille,1
Folioajatuksina,1
Mutiaisethan,1
Muijathan,1
Juhapetteri,1
Pyramidihuijauspuolue,1
Epstein_didn,1
27t_kill_himself,1
Salaliittoteoriolle,1
Pitsaravintolain,1
Kuolinsyytutkijaksi,1
M91uun,1
A4seudulla_asuva_mikko_kumoaa_s,1
B6autoiluun,1
Grkjz54,1
Rajoitustekijää,1
Wikipediasivusto,1
Pitsagatekin,1
Clinton_body_count,1
Keskituoloisissakin,1
Prosenttilaskunkin,1
Sadoiltatuhansilta,1
Maailmanpolittiisia,1
Vesivahingonkin,1
Suutuksissan,1
Kiekkomailalla,1
Jarvenpaahan,1
Asukasomistaja,1
Grilliterassi,1
Musalaji,1
Maakaistaleessa,1
Lehtosaarekkeita,1
Syusa2,1
Esimerkkivideosta,1
Muuttotappoinen,1
Finlandnewstv,1
Feikkisaitti,1
Aktivistitoimintaa,1
Räppimusaa,1
Vallanomistajille,1
11d568992d4e15d19f680fc4f5fc5e9a,1
Pörinävaihtoehdot,1
Pöristimille,1
Myonteisia,1
E44d1bee,1
B535,1
42fd15bfb31c,1
Patterirasseille,1
Vakavoitumiseen,1
Ajohidasteet,1
Jwojd21,1
Vihainenylävene,1
Kutittamisesta,1
Nippuuntumisia,1
Roskalössiä,1
Jengiväkivallanteoista,1
Multispeed,1
Trapetsitaitelua,1
Onhieno,1
Tartunnansaanti,1
Metsäteollisuusfirman,1
Ministerityöstä,1
Europarlamenttikokemusta,1
Luonteesen,1
Yhtenäisvaltiossa,1
Turvapaikanhakijoden,1
Liittovaltiovastaista,1
Derailaaja,1
Maahanmuuttajvoittoisten,1
Ehdollistumineen,1
Traumoineennuseimmat,1
Oloduhteidensa,1
Purrrfect,1
Nettivärväykseen,1
Partamiehiin,1
Jjbvnd3,1
Väkivaltajengit,1
Moottoripyöräjengitkin,1
Elinkautisrangaistukset,1
Jarrahissa,1
Takaisinvaltaamat,1
Lakipykäliäkin,1
Shrikh,1
Jarrahin,1
Israelilaisporukan,1
Kylttiprotesti,1
Iltsarissa,1
Noudaa,1
Markinasäätelyä,1
Kannatuskattoaan,1
Nykymalleilla,1
Pilkkahinnoista,1
Kaupankäyntipalkkioissa,1
N5ja0c,1
Kokoomus_tekee_h,1
A4suunnitelmaa_jotta,1
Gx4vu1a,1
Täyspäiväiduuni,1
Uudelleenneuvottelee,1
Turvavälioppi,1
Pilottihankkeella,1
Varhaiskasvatusasteille,1
Kaverikyyliä,1
Positiivisasenteista,1
Kanssaoppimista,1
Motivaatiovalmentajille,1
Tilannesidonnaisen,1
Hallintatahdon,1
Apupyöristä,1
Kotikyylä,1
Korttelikohtaisiin,1
Omavalvontasuunnitelmiin,1
Katupartiotyyppisesti,1
Elämänpilauskampanja,1
Valvontayhteiskuntajärjestystä,1
Äärimmäistämistä,1
Normistunut,1
Kkoä,1
300bit,1
Kasvaaksemme,1
Emämokanneet,1
Ympäristöissään,1
Suhdannetasaavia,1
Äänestäjlleen,1
Hyperinfraaltio,1
Itsetehdylle,1
Valttikortista,1
Pakettienhallintaohjelma,1
Näytönohjaimenajurit,1
Paavotus,1
Photoshophumoristi,1
Kävelläkö,1
Byrokraattistukaa,1
Mmgtnd,1
Cycling_is_ten_times_more_important_than_electric,1
Välimerenvaltioiden,1
Tirehtöörille,1
Yhdestästä,1
Sepede,1
Budjettiteatterissa,1
Hävitysbisnekseen,1
Taustatsekkausta,1
Ulosottopaskamyrskyjä,1
Finnishvikingille,1
Lesboparisuhteissahan,1
Tehomaan,1
Velkafederaatioon,1
Joakiminkin,1
Cryptovaluutalle,1
Aprobatur,1
Romarit,1
Renuni,1
Farkkumalleja,1
70eri,1
Epätodemmiksi,1
Lechterin,1
Inarnaatio,1
Kryptokauppapaikoille,1
Olympialaisvuosinakin,1
Marginaaliajaja,1
Pikalatauksilla,1
Kinnereitä,1
Vasemmistopolitiikkakin,1
Massiii,1
Teinisosiaalisessa,1
Debunkkauksissa,1
Muslimipainotteiseksi,1
Valtionvarainvaliokunta,1
Pedofiilielitistien,1
Turvenui,1
Kokonaisenergiakulutuksesta,1
Statfin__ene__ehk,1
Statfin_ehk_pxt_12vk,1
Statfin__ene__salatuo,1
Statfin_salatuo_pxt_12b4,1
Siilivaroitusmerkki,1
Everrfo,1
Lateraaliin,1
Ajuripaketti,1
Nogoalue,1
Autoveroperseilyssä,1
Juoksuklubi,1
Kutsuviestiä,1
Clubhouseen,1
Seinäpistorasiasta,1
Taajuusvaihteluista,1
Yhtäpajon,1
Sotavertaukset,1
Höntsykisat,1
Huippucenterin,1
Liikkumispohjainen,1
Perseensuristusseurantasiruun,1
Koronaelvyttää,1
Onnellisuusindeksissä,1
Varaustehokkuus,1
Tulonmenetuksen,1
Lyhentamällä,1
Perfektionistisiä,1
Järeille,1
Taloidenpidon,1
Nimeonaa,1
Verorahoittanttomat,1
Muuntopiirien,1
Satl,1
_sahkoauto,1
_kannella,1
Satl_sahkoauto_opas_kannella,1
Makuuhuonepoliisi,1
Änärijoukkueen,1
Aseistamisena,1
Maakuntamuseolta,1
Puolijulkunen,1
Kivakseen,1
Bitpandassa,1
Minimitalletus,1
Altcoinejakin,1
Hopeeankin,1
Pikkoloja,1
Räikeyden,1
Kuvittleee,1
Optiokeskustelun,1
Rekryhemmo,1
Työspesifiset,1
Amouranthin,1
Sotilashenkilöstöstä,1
Hömppäproffaa,1
Irtoteenhaudutus,1
Rushaamassa,1
Maahamuuttajajoukko,1
Jäsenyttää,1
Amisviiksen,1
Iltahuvi,1
Vekottimellaan,1
Paskantaakohan,1
Kausityöntekijöihin,1
U175,1
Xnatoharold,1
Dsifi_yfpt,1
Teinikäytössä,1
Kaksneliskanttisia,1
Muovisäleikkö,1
Työmahdollisuudetkin,1
A35b041a,1
448b,1
431729b60e43,1
Toppling,1
Cecebc90,1
5f99,1
5487bbd1c63a,1
Kanapurilaista,1
Keskikertaisia,1
Nugeteita,1
Pissahätäinen,1
Elekin,1
Suihkunatot,1
Bisneksiaan,1
Boikoteilta,1
Heureeka,1
Energiankriisiin,1
Tietoliikenneongelmia,1
Sivukortti,1
Tipoten,1
Pelmineitä,1
Insiderpaper,1
Tavottamattomissa,1
Vadelmaveneteollisuus,1
Lenkkireittinsä,1
Onollutgarkki,1
Oliollutgarkki,1
Pluskvamperfektin,1
Olisigarkki,1
Presensin,1
Olisiollutgarkki,1
Lieneegarkki,1
Lieneeollutgarkki,1
Olkoongarkki,1
Olkoonollutgarkki,1
Pussyfistiäkin,1
Parkinsonilta,1
Xtrakola,1
Paperipussitestin,1
Sotavapaaksi,1
Kykintä,1
Kontekitiin,1
Rauhanilta,1
Klikkatua,1
Kaasuviennit,1
Kyytimään,1
Portaassahan,1
Selustamme,1
Edustustasoksi,1
Hiljentyisivät,1
Valesuomettuminen,1
Rabbitholeja,1
Lukasenkanhan,1
Henkiriepuja,1
Kaukotähystyslaitteita,1
Sytykepanos,1
Osoittamisestakin,1
Natsihallittuksen,1
Kakkosmiehiltä,1
Deflaatoituvalla,1
Pöhinävaaluutalla,1
Hybridivaluutta,1
Taidanpamennäostamaangarkkiagaupasta,1
Erikoistumiskoulutusaika,1
T5wjnp,1
Russian_economy_and_stock_market_right_now,1
Mitennään,1
Luetum_ymmärrys,1
Eristykesestä,1
Taulunkiinnityspaloja,1
Kiinnitysteipit,1
Irrtottelee,1
Äänenvaimennushuopia,1
Myrkytätkö,1
Maastoajoneuvoissa,1
Tyyppikoulutus,1
Virkahaastattelussa,1
Renkaanpaineensäätöjärjestelmiä,1
Raskasajoneuvokuljettajankoulutus,1
Paluutuki,1
Valtionjohtoonsa,1
Kävee,1
Omistusvuosien,1
5e1499429718281625601,1
2ft5w9a0,1
Takalaarin,1
Pitkittääkö,1
Kotiutumattomana,1
Sinkomiehiä,1
Ajatusmasilmasta,1
Ihkuihin,1
Aksenttivärillä,1
Avainsanapilvellä,1
Venäläisjohtajalla,1
Neukkuelämän,1
Anteeksipyytelijöitä,1
Semechki,1
Kausityövoimalla,1
Muuttotarvetta,1
Kielivirheeksi,1
Inspiroitava,1
Varapaloja,1
Väinämöissä,1
Viiksihikeä,1
Välittäjäkohtainen,1
Yksiensimmäisitä,1
Perustulohommeli,1
Etälaukaistavasta,1
Etälaukaistaan,1
Tietokonemallinnusta,1
Harrstettaisiinkaan,1
Autonlyhennystä,1
Kiälissä,1
Mahdottomiinkin,1
Perustaktinen,1
Tuontilannoitteella,1
Rohmusta,1
Ydinasevalloilta,1
Kvanttisuperposition,1
Kommunikeoista,1
Avunannos,1
Putsauslaitteita,1
Käsitäristysvirta,1
Kuutuska,1
Myytinomaisesta,1
Tavaittu,1
Peruskolaa,1
Mansikankasvatus,1
Yiv,1
Aussiarmeijasta,1
Kansanmurhatouhujaan,1
Nopeatahtisemmaksi,1
Rajaepäselvyys,1
Manchurilaisten,1
Jäävapaan,1
Junalogistiikan,1
Viljapula,1
Tsaaritaria,1
Cracow,1
Wrocław,1
Pelistudiotytäryhtiöitä,1
Tuhoisuuttaa,1
Kaasutuottajana,1
Rynkkys,1
Kaukotähystyslaitteilla,1
Jauhojulppi,1
Lähetystötkin,1
Lozh,1
Nepravda,1
Meemipaskat,1
B65e4f1ddea75097a15a28d7197d5c7f,1
Tiedonlähdeinä,1
Verratkoot,1
Cyberfunk,1
Intressipiiriensä,1
Jauhopötköihin,1
Mansikkabisneksen,1
Ag2,1
Ag3,1
Rockstar_games,1
Mouhkaava,1
Purekkaan,1
Puolilaillisesti,1
B1d20e2d96a1ba64,1
Briiffiin,1
Sotilasjohtonsa,1
Teboilsta,1
Metsätalousministeriltä,1
Osuva_nimi_l,1
Kulutustasolta,1
Pellerauhaan,1
Kehnotkin,1
Kutrinet,1
Memeäkään,1
9mhqpyn6iak,1
Sanivat,1
Aseelliseks,1
Konfliktiks,1
Sodaks,1
Empatiapuheet,1
Osasvat,1
Löhde,1
Tiebaisivatkin,1
Jupakoitakin,1
Idiottitkin,1
Euroviisuehdokkaasta,1
Ruubeli,1
Energiajäteissä,1
Gulaagissakin,1
Ruspurkeria,1
Rotanlihasta,1
Hespurkerit,1
Propagandaviestit,1
Bingokavereita,1
Nauramasi,1
Ihmisarvomme,1
Rustubessa,1
Monikymmenmiljoonaisessa,1
Kipaisepa,1
Efipett,1
Vladivostkista,1
Frooj,1
Facebooksivuille,1
Propagandasaappaita,1
Bonushyödykkeiden,1
Fritattuun,1
Twinttuiluaan,1
Kausittövoimalla,1
Haminantien,1
Seiskasatkut,1
Nytky,1
Bfreetheatre,1
9e4rjlqkaveoub9xw5mgfa,1
Markkoinoille,1
Chancellors,1
Himaanekan,1
Vuttu,1
Ukrainasaatio,1
Saatevideolla,1
Lehtiständissä,1
_33,1
Warning_graphic_33_civilians_were_killed_by_an,1
Rataverkkoaan,1
Junakuljetusten,1
Väkimääriltä,1
Zrzut,1
Ekranu,1
974x1024,1
Räjähdystarvikkeisiin,1
Telamiinoituksia,1
Lukasukasta,1
Jatkojalosteiden,1
Keskiarvoauto,1
Peruskouluopeilla,1
Lomakeno,1
Sotalogistiikassa,1
Täyspasifistit,1
Ihmisseiniä,1
Woooshh,1
Kuulokeyrityksessä,1
Ej08xsqfvdpafkyp0xtoma,1
Mittayksikköön,1
Ulkopuelelle,1
Kevareille,1
Galluppienkin,1
Kevättöitä,1
Siirtotyöläistarve,1
Realtorit,1
Kunniatutkintokin,1
3oogqwt,1
Yhteydeydet,1
Liikenneyhteyksiltä,1
Voivottava,1
Burjaatti,1
Mobilititeetille,1
Otaas,1
Huono_photoshop_googlemaps_su,1
Cj0kcqia64grbhczarisaholril8tv6m7r5xwmkpe65vhy3kh2fy0gqepsz7mbgxd5kr_kh96pidot0aathfealw_wcb,1
Hallintokustannukseksi,1
Vitkalaukaisin,1
Äärilappi,1
Hallituksellelle,1
Kokouskutsujen,1
Peruslatauspisteille,1
Hidaslataukseen,1
Supertankkeria,1
Megaristeilyaluksia,1
Puhelinasiakaspalveluduuniin,1
Lyhytaikaseen,1
Venähtiki,1
Eafb5c8e,1
199c,1
88f2,1
9b3672c426a6,1
Hpirimistq,1
Faktapohjasesta,1
Taask,1
Räjähtämättömille,1
Jäähdytysgeneraattoreiden,1
Siroittelemalla,1
Hiuskuontaloonsa,1
Jenkkimedialtakin,1
Esiteinivuosina,1
Hakkaamallakaan,1
Kovamuovikuori,1
Sytitin,1
Mansikkakriisi,1
Shukolatauksia,1
Hallintorakennuksessa,1
Pommituksenkin,1
Nuorgamhan,1
T5q9ps,1
Säästö_sale,1
Maanviljrlijä,1
Väistömajoituksessa,1
Laukaisuvastus,1
Möllykkän,1
Pfasistina,1
Hankalaltahan,1
Pangaiukset,1
Sankarillistaa,1
Hyvännäköstäkin,1
Työkuormatasolle,1
Varmistusaikojen,1
Maksumääriä,1
Räjäyttämäminen,1
Sorsastaisi,1
Suotaviakin,1
Ilmoitustaulutkin,1
Pelokkaimmillekin,1
Nimikkokappaletta,1
Neutraloituna,1
Delimilitaroidusta,1
Enollenikin,1
Öljyostojaan,1
Kumppanieta,1
Surisimme,1
Laitanpuolenkulkija,1
Takuuleima,1
Киев,1
Ки,1
Їв,1
98adb3b0,1
A7d8,1
13d06b37f256_story,1
Yanykovychin,1
Yanykovych,1
O5zejjs,1
Muumimukisarjaan,1
Kaupunkialueetkaan,1
Saatailla,1
Sotaskenaariossa,1
Atomitouhut,1
Juttuainesta,1
Toistetuilta,1
Turvatakuidenkin,1
Kiovaksi,1
Hoitoparadigmalla,1
91dfafb1,1
A40e,1
A61e608611af,1
Suhovetskin,1
Rahanmaksimointikoneena,1
Saarillansa,1
Touhusäkin,1
Kirjoittamisestakin,1
Prosessointipuoli,1
Mediarummutuksessa,1
Jenkkitapausta,1
Äveriäys,1
Kuuluisasa,1
Ukrainamateriaalia,1
Taloyhtiöstäkin,1
Hidaslatauspaikoiksi,1
Asukaskyselyn,1
Hidaslatauspisteen,1
Autopaikkasääntöihin,1
Turvallisuusetu,1
Puolustajaosapuoli,1
_arveli_,1
Valtaussuunnitelmia,1
Кирилицею,1
Johtamiskeskuksen,1
Reserviluutnanttina,1
Käräjäkäsittelyn,1
Päänimikkeenä,1
Syyteyista,1
Ahvenanmaalaiselle,1
Pakenisimme,1
Jäisimmekö,1
Suorituskyvyltäni,1
Perustyössäni,1
Songo,1
Rankassut,1
Lähikaupassakaan,1
Altiala,1
Ruotsinlaivallinen,1
Diilijäbä,1
Agresssioita,1
Maailmanjärjesteys,1
Mestarikisällejä,1
Thermobar,1
Massatehtailuun,1
Allekirjoittamalle,1
Motivoivassa,1
T5yews,1
_stock,1
_drinks,1
_hes,1
Alemmuuskompleksikaunoja,1
Helsingforsiksi,1
Salamaoperaatiolle,1
Watfordilla,1
Öljyoligarkin,1
Pelkopornouutisiin,1
Natsikommentit,1
Nälänhädä,1
Issues_over_release_of_devotion,1
Tingas,1
Tulikeppi,1
Ilmatorjuntaohjuslavetti,1
Linkkiå,1
Rauhanturvaajansa,1
Näytteleviä,1
Lipunmyyntisivustoja,1
Konepestävän,1
Kalustolliset,1
Yksikölliset,1
Ydinvoimalaansa,1
Zaporizhzhjan,1
S8c0pb,1
Netikettiaiheinen,1
Habki,1
Ulkoministeritason,1
Rautatieviranomainen,1
Ithhgcj,1
Maakaasuesiintymien,1
Kaasuputkiston,1
Videopelisota,1
Agressiotaipumus,1
Osiinhan,1
Sätkynukkediktaattori,1
Suurtasavalta,1
Hydratsiinia,1
Päämoottorit,1
Apuvoimalaite,1
Saint_barth,1
A9lemy,1
Kenraalikuvernöörinäkin,1
Normivenäläinenkin,1
Parantannettu,1
Julkaisupainosta,1
Cyberpunki,1
Harri_era,1
Zujwrdb0hioblqa7,1
Taiwan_relations_act,1
Puolustushalukkuus,1
Siroiteltuja,1
Historiatietäjien,1
Kirjallisuustyyli,1
Hedelmajuomatiiviste,1
Viinimarjamehua,1
Honnan,1
Ruroiksi,1
Yöpaniikkilanka,1
Lentokieltoalueineen,1
Rauhanturvaajineen,1
Varusmieskustannuksiin,1
Vartiossaan,1
Mellakkapoliisiin,1
Maahanlaskuosasto,1
Irokeesitukan,1
Ryöväilemään,1
Tseteseniassa,1
Pönkittyminen,1
Uuskoloniaalisiin,1
Jyrkimmiten,1
Kommunistihierarkiassa,1
Aroniamehu,1
Paskansyönnistäkieltäytyjä,1
Elvytämisestä,1
_ceau,1
Grüssner,1
Saltvikissä,1
Kartanoluokan,1
Ahvenanlainen,1
Sankarimaisen,1
Venäjämieline,1
Erikoisaatetta,1
Täyspasifistin,1
Hyökkäyssotiinsa,1
Englannikielisissä,1
Mapas,1
Owje,1
Europe_1918,1
Halisyli,1
Vessanseiniin,1
Ampumavarusteineen,1
Reserviläishommia,1
Maanomistajina,1
Järjestelysuunnitelmat,1
Merivartiostohan,1
Nilleekin,1
Vodkahuuruissaan,1
Vitunhomo,1
Russofobien,1
Voimassaankin,1
Joukkotuhovoimaa,1
Kausimäärän,1
Tietonan,1
Mielikuvitustapahtumia,1
Hirttääkään,1
Äänestystutkassani,1
Puukkoterrorismista,1
Liiteriäkään,1
Maahanlaskutoverit,1
Maahanlaskujoukoille,1
Hostomelissakin,1
Hyökkäyskiila,1
Vittuiltin,1
Komediakäännökset,1
Kommandotyyliin,1
Afronbladetin,1
710kpl,1
Rajavartiostohan,1
Rajanvartioita,1
Asevoimillekkaan,1
Toimitettavina,1
Ampuisivatko,1
Ruumasalkussaan,1
Pikkusuomea,1
Tikutakuut,1
Psakin,1
Haisunäädällä,1
Suomilaatuisista,1
Maustepippureista,1
Varastokentältä,1
Kyllästeaineena,1
Kreosoottiyhdiste,1
Kresoottihakkeen,1
Venpo,1
Suodatuskentän,1
Toteuttamiskulut,1
Ratapölkkyhake,1
Molotoovin,1
Quislingia,1
Zex,1
Surkeannäköistä,1
Oesfd1c,1
Puhelukäytössä,1
26putin,1
20impose,1
04t11,1
3a06,1
293z,1
8432217f,1
Efdf,1
B1cd,1
14a1cca064c1,1
Normalise,1
Mangle,1
Mikäsvittu,1
Kaikoinen,1
Muovisemmille,1
Äänenhiljennyksen,1
Kirkonkymmenyksiä,1
Kumileimasinhomma,1
Obstruktiota,1
Sihteerinappia,1
Tuohikorvilleni,1
Neuvostliittoon,1
Mansikkamehutiiviste,1
Doublespeak_award,1
Puoluettomaan,1
Junalipunhan,1
Eurohintaisen,1
Londongradiksi,1
Nappimalli,1
Sensurounti,1
Livevetoon,1
Akrobatiataidot,1
Ulkovaltioille,1
Vippiyteen,1
Kärrypolettia,1
Vippiydestä,1
Melumaailmasta,1
Rengasmelut,1
Wh1000xm3,1
Bluetootilla,1
Käytettäessa,1
Boompro,1
Kuulokekaapeli,1
Kianoni,1
Votkakellunta,1
Sitruunajuomatiiviste,1
Jalkaväkipataljoonamiina,1
Harkiv,1
Hengentuotoksiin,1
Tulkintasession,1
Osittelujen,1
Kutznetsovin,1
Savuverhoamisjärjestelmä,1
Pausettelemaan,1
Intinkäymättömille,1
Teserviläiskerholta,1
Aktiivikuulosuojausta,1
Kuulokearvosteluja,1
Wholesome_norppa,1
Kremliinit,1
Bissness,1
Keventäjänä,1
Spashfecta,1
Vauhtijuoksua,1
Nyekbkx2y8y,1
Vasemmistovaltio,1
Irtautunuttaa,1
Kiirehdityllä,1
Tölkkilinjalla,1
Wanhahtavat,1
Tarkkaamokuulokkeita,1
Ympätille,1
Merivartioiksi,1
Tussasin,1
Lmista,1
Harrastepeleiksi,1
Dorkantti,1
Hyökkäystähän,1
Bassovoittoista,1
Ydinhysteriaa,1
Otsikkotasoilla,1
_still,1
_lot,1
Sadly_even_after_all_this_putin_still_has_a_lot,1
Korvakohtaista,1
Solmuunnu,1
Takuuton,1
Bensamoottorinkin,1
Sotilasstragegisesti,1
Korvanappihandsfreen,1
Bt135,1
Kartoittelua,1
Taistelumuonapakkaukset,1
Tunnekiihkoista,1
Kylmäpäisempää,1
Hikoiliski,1
Köhähtää,1
Miehittiäjiä,1
Puolustusorganisaatioon,1
6cf1842e,1
605a,1
94d0,1
0dc7bd1788c0,1
Xnstdfdfc,1
Postimerkkejähän,1
Louskuttelijan,1
Joukkojenkuljetusbussia,1
Liittolaistilanne,1
Rahaliitonkin,1
Suurvoimiin,1
Epäyhdenmukaisiin,1
Reagtioihin,1
Numerologiaperseilyä,1
Numerologian,1
Asettemasi,1
Taikarajan,1
Päviitti,1
Typoani,1
Krelministä,1
Tsemppibonarit,1
Rublia,1
Euronmerkki,1
Treenilaukussa,1
Energiasiirtymästä,1
Hyvittelystä,1
Leeeeeroy,1
Jennnnkins,1
Chanelilla,1
Testikuulokkeet,1
Hevikeppi,1
Siviilitiedustelut,1
Harjoitteluoperaatioon,1
Hyväuskoiseen,1
Spesiaalioperaatiota,1
Z6l6k3ceqqxsxgsicujptq,1
Tasapainottelulla,1
Suomettuisimme,1
Kamerahaastattelussa,1
Vanhanpuoleisia,1
Timestampätä,1
Polustajt,1
Sokaisseen,1
Hallitustapaileen,1
Puukkoterrori,1
Rässiin,1
Perusteellisempien,1
Levittämäll,1
Cautiousness,1
Teleporting,1
Diktaattorimaihin,1
Hyoimpekrc9tdavz8,1
Perääntymää,1
Laskuvarjoin,1
Diomainen,1
Synapätkä,1
Rumpusaundi,1
Baaritarjoilija,1
Olkaimien,1
Riukuun,1
Tiedustelukyvyistä,1
Naispresidentiltä,1
Kurinpitometodin,1
Niskuroivilla,1
Puhkunta,1
Underperform,1
Bäkmänit,1
Neutraloinnissa,1
Julkilausutussa,1
Massahysteriatrendin,1
Kommenttiisiin,1
Kikkailijasta,1
Bjelarus,1
Teknjik,1
Virjeitä,1
Maanpuolustusinnokuuttasi,1
Turvallisuusyhteisön,1
Nopeutettukin,1
Kintos,1
Avustusretkilleen,1
Eivoida,1
Pakolaisjärjestöihin,1
Bonarikortilla,1
Lokasönkkö,1
Kannnaotot,1
Imperialistipropagandaa,1
2hg0ktg7edjmsylkefvgrw,1
Tilaussivuston,1
Uc07sgtf2,1
Qyhgqr87upsazq,1
Videoclipeistä,1
Säröltä,1
Volut,1
Kykenemättömiin,1
Superautomarkkinat,1
Ceasusescunille,1
Juutupevideo,1
Xwukbghfahs,1
Lähetinpää,1
Latausasetukset,1
Umpiselvien,1
Naveaa,1
Bgcciux,1
Kjiv,1
Ukrainalaisperhelle,1
Rautapappa,1
Upseeristoineen,1
Johtaineita,1
Kaupunkinäkymän,1
Eliittikoulutuksen,1
Olanzapin,1
Rannikkojääkärikoulutuksen,1
Metakognitiotaidot,1
Lankaparia,1
Likasangossa,1
Rasvanahkassa,1
Täyttäisivätköhän,1
Leirityspuheet,1
Hätämajoitteeksi,1
Massamajoitus,1
Mittarikellohärveliin,1
Näppäimetki,1
Pessismistinä,1
Ryhmäfunktio,1
Sodasreamillä,1
Sodasream,1
Palautustikullakin,1
Levynkorjaus,1
Livetikun,1
Korjausmikäliejuttu,1
Livetikku,1
Kannattajapiirillä,1
Propagandakoneistoilla,1
Morffautuvat,1
Dissainaama,1
Tuningmahikset,1
Ropeltaessa,1
T2uggn,1
I_was_raped_by_russians_soldiers_and_i_dont_know,1
Puted,1
Irrallisinakin,1
Puikulanmallisessa,1
Verkkonimet,1
Palaveristä,1
Soekulaatiota,1
Natsijohtajaltaan,1
Hybrid_warfare,1
Liikavarpaat,1
Ttuuntunut,1
Duunaritasoa,1
Aatteittesi,1
Hömpötyksenhimo,1
Laskeskelkoon,1
Valintnsa,1
Koip,1
Faseryhmissä,1
Haaskatuksi,1
Maabanneja,1
Näppisongelma,1
Myrkkytysyrityksestä,1
Ydinarvoiksi,1
Arvofiltterinsä,1
Pehmentänevät,1
Meuhkatkoon,1
Republikaanijohtoa,1
Bisnesmyönteisempään,1
Konerikot,1
Ymspmbwuzcq,1
Verkkoilmiöalusta,1
Tynnyrimuotoisesta,1
Varmasputioita,1
Kormasviteoita,1
Hyymörmerkintöjä,1
Vaarallisuusfaktorisi,1
Ylitettävän,1
Byrdit,1
Möyhentämistä,1
Bäcman,1
Nimimuutoksen,1
Kuolemanruttoon,1
Ydinkiimaiseen,1
Sotahulluun,1
Päkmänihän,1
Hahmokisaan,1
Kookoskolhoosien,1
Polvimutka,1
Jalkaväkimiinoitteeksi,1
Veteraanisenaattori,1
Kuosmane79,1
Bideninä,1
Decimatiota,1
Motivaatipuheita,1
Punkkibiisiin,1
Kaasuhälytysten,1
Koesoittoja,1
Paniikkiherkkien,1
Tuomionpäiväuutisointiin,1
Toimiyhtymä,1
Mekanisoiduksi,1
Bäkhole,1
Varautumistoimenpiteistä,1
Kumiliuska,1
Paskasuudestakin,1
Miehitysvyöhykkeille,1
T6g7qi,1
Street_performers_vibing_with_a_tourist,1
Rokkibasistina,1
Ephialtes_of_trachis,1
Aastin,1
Chääns,1
Kyllästepuun,1
Ulkorakentamisen,1
Vesikosketusta,1
Mädäntymättä,1
Tarjapsykooseissaan,1
Natsinarkkareista,1
Halpiskalijat,1
73bbe677,1
2ac1,1
892e,1
154eb0084d91,1
Mutapaakkuja,1
Venytettykin,1
Boris_berezovsky_,1
Brinkmann,1
Sodanvastustajillakin,1
Ilyamatveev_,1
Ppd_bhwoddc,1
Mielikuvituksettomalla,1
Paskanjauhannallas,1
Ländäävä,1
Voittajajokeri,1
Piilovitsiä,1
Amöriikkaa,1
Asumusalue,1
Taikaviitaksikin,1
Raavaassa,1
Amerikkakeskeisistä,1
Naapurikuoppiin,1
Puoluejohtohan,1
Aurinkokukan,1
Kansalliskukkaa,1
Aivanjuu,1
Pääkanavan,1
T17hke,1
Ahdistus_maailman_menosta,1
Hyf3ib3,1
Miinaestelomake,1
Maastonkohdasta,1
Kiinalaiskopioihin,1
Venäläisenraadolla,1
Mietityttänään,1
Venäläishaastattelussa,1
_hd,1
Sennheiser_hd_25_plus,1
Ammattilaisluurit,1
Sönkön,1
Nichego,1
_disappearance,1
_forgive,1
Ukraine_will_never_forgive_russians_for_this_war,1
ᴋɪɪɴɴɪ,1
ᴀᴜᴋɪ,1
Uskollisemmat,1
Neukkusotilaalle,1
Intoutus,1
Pelotevaikutukseksi,1
Rusikoin,1
Sormilihat,1
Umpijäiseen,1
Pioneeriporakin,1
Peräveivari,1
Tarktori,1
Sorakentässä,1
Puolustuslupaukseen,1
Trienna,1
Valloitustehtävissä,1
Johtajanpaikalta,1
Maantiteellis,1
Kuolinsyynselvitykset,1
Lisäsanktioiden,1
Koncha,1
Zaspa,1
Finambus,1
Tavoittelisikin,1
Serbijoukkoja,1
Tankkie,1
Sides_,1
Möyhötyskulttuuri,1
Saunaputiniks,1
Reikäpuolen,1
M3dxgp,1
8e_,1
B5_,1
B8_,1
_keeps,1
More_and_more_really_graphic_footage_keeps_coming,1
Natsifikoimaan,1
Ovatkun,1
Configurointiin,1
Graaffikon,1
Ohjeistankin,1
Bisneskursseilla,1
Länsimielisimmäksi,1
Majoituksetkin,1
Worthya,1
Kullankimpaleita,1
Käyttökokemuksestaan,1
Vladimirinkatu,1
Genombrottskaja,1
Nimihommissa,1
Demilitarisointisopimus,1
Standaarinsa,1
Isoiden,1
Etupiirijakoajattelu,1
Puolustusartiklan,1
Tynnyrilogon,1
Ukrainavideo,1
Hakkaajapaita,1
Kiiv,1
Pelekästtään,1
Kiriotusasu,1
Kasaamilla,1
Puhelimillamme,1
Jeesusteltaisi,1
Sdssa,1
Kunnioitaisi,1
Kyyiv,1
Latinisointi,1
Tyyppiseltähän,1
Kijev,1
Derekistä,1
Venäläistuotantoa,1
Ennakkotiedustelutietoa,1
Piirritetyssä,1
Sotajohtajien,1
Basicsella,1
Eioleenäägarkkeja,1
Zhzh,1
Vivahteeseen,1
Putkiasentajiin,1
Rutiliinipuikkoja,1
Kylmäpäisempiä,1
Syöttäjänhakkaajapaita,1
Lentokilsat,1
Kotikolossa,1
Umpiroudassa,1
Tantereel,1
Niellythän,1
Hengitysilmaamme,1
58npaebzh94,1
Hätiköimätöntä,1
Vaunukanuunoilla,1
Luokallisiin,1
Ccnp,1
Certificaatit,1
Alivaltiosihteereiden,1
Panimofirma,1
Julistettavaa,1
Kansalliskukat,1
Kukistuuko,1
Käytösetiketti,1
Inssitutkintoon,1
Thunderf00ttia,1
Boforsilta,1
Nlawta,1
Certifiointi,1
Koulutustahastolta,1
Tallaavalla,1
Paskomasssa,1
Kapakkakierroksille,1
39qwqrfpeyg,1
Suomettuneihin,1
Katujengikäräjien,1
Vaahdottanu,1
Pojjimmillaan,1
Aaltousa,1
Mod_search,1
Työlistymisessä,1
Kykenevämpikään,1
Varusmieskoulutuskin,1
Liitekin,1
Kreosoottiakin,1
Luusyövän,1
Movetuksen,1
Putkivahvarikombon,1
Vahvistinpiirin,1
Elektroniikkajuttuihin,1
Vaimentamana,1
5e1499763642170019846,1
2fliveupdate_f36dae02,1
Fab39dc014ee,1
Lisensiaattikin,1
Liiketalouskursseilla,1
Stahanovilaisessa,1
Ovenavauskiintiö,1
Huoltokolonnat,1
Yllätyshyökkäyksille,1
Sympatiahyöty,1
Suomalaisjoukkojen,1
Tsernobyllin,1
Threadreaderappilla,1
Militääripornoa,1
Hyväfirmapisteet,1
Pedaalirakennushommia,1
Numerolukkoja,1
Paskamaililla,1
Htkellä,1
Kiif,1
Kansallisvaltiokehitys,1
Hysteriakortti,1
Designvientiä,1
Toikkaa,1
Dragonstone,1
Vallotustahti,1
Varautun,1
Valmistautuneesee,1
Vihollisee,1
Toinel,1
Parhaassaki,1
Siksee,1
Susilleni,1
Selkääntaputtelureissuja,1
Roli,1
Fantasikaointia,1
Paasataa,1
Suoraselkäsempiä,1
Lgbt_slang,1
List_of_slang_terms,1
Silittelijä,1
Varusmiestaidot,1
Pirunpeltoja,1
Puoliorpoina,1
Vitkuttelamaan,1
Jäsennyttä,1
Lisävahvistuksien,1
Morbiidilla,1
Ammuskelusotaan,1
Sinkkubanaanit,1
Keskustellee,1
Zhnf8p5kqcc,1
Boikotillanne,1
_tulevaisuudessa,1
Tradepuolellakin,1
Termomukeihin,1
Kommunistimieliset,1
Pylkkäästä,1
Telleriltä,1
Tasaamaa,1
Rekisteröintiruutu,1
Boikottipäätöstä,1
Neutraalisutensa,1
Baakmanin,1
Koskikkara,1
Sotatoiminnasta,1
Kissanulostetta,1
Suuruokinta,1
Kotiinlaskeutuja,1
Pilipalivaluuttansa,1
Rimpuiluaan,1
Luotsissa,1
Yhteyslautoilla,1
Postiveneillä,1
Majakkavalvojina,1
Useampisatapäinen,1
Luotsaus,1
Majakkojen,1
Ymmärtämisellesi,1
Aktivoisivat,1
Kulttuuripsykologiaa,1
Voiteleman,1
Adomibommi,1
Luotilevyt,1
Temaattisesta,1
Askarruttaneita,1
Käsitellevään,1
Psykohistoriavibat,1
Huoltohommaan,1
Konfirmoitua,1
Pessimismistäni,1
Hjalua,1
Pikkustiplu,1
Ärhäkkiä,1
Camovärjätty,1
Naveaks,1
Viisais,1
Mikälil,1
Lukashekon,1
Muuleihin,1
Komentomajoitus,1
Marssinneet,1
Jonjomckay,1
Etualallakin,1
Kylvette,1
Venäjäsidonnaisuuksillaan,1
Sidonnaisuuksillaan,1
Brittipappa,1
D9hjj2l,1
Tutkimattomuus,1
Prisons_in_russia,1
A75427,1
Putkaputkaputka,1
Rajoittamasi,1
Vertailukeinoksi,1
Pampuiskuun,1
Aivainsana,1
Yhdistelmätuloksesta,1
Quebec_nationalism,1
Puupäisten,1
Hengenheimolaisistasi,1
Yieto,1
Liibalaabailusi,1
Kansallisvaltioidenkaan,1
Håld,1
Luettelo_ruotsin_sodista,1
Conssilla,1
Palelimelle,1
Conssin,1
Epäpresidentti,1
Sotilasteknologiankehitys,1
Internationalismiksi,1
Historycrunch,1
Seeprakangasta,1
Huutistä,1
Silikoniremmillä,1
Bysanttinen,1
Mongolivalloitus,1
Venäjyys,1
Dostoyevksi,1
Ortodoksismi,1
Ikonikulkueita,1
Narodnost,1
Kansaus,1
Säälittivä,1
Comfysti,1
Hesburgereja,1
Peukulle,1
Kasvihuonesysteemejä,1
Pähkäilykierroksella,1
Pesetat,1
Mehiläiskenno,1
T6phva,1
Hzcvlzn,1
Ukrainalaismielipidettä,1
Kolajäteistä,1
Maailmanduho,1
Mitchmatch,1
Nukkumisalkoovin,1
Lisähyllyn,1
Kaapelileikit,1
Seeprakuviona,1
Kaksinvälinen,1
Puolustusvastuun,1
Usbportti,1
Argumentinttini,1
Kiljuherra,1
T6g38m,1
Des_b,1
A4ckmanin_perjantaipullo_on_jo_auki_meno,1
33w5j5,1
What_was_staff_work_like_for_the_roman_legions,1
Cr3n33g,1
Pikkupahanen,1
Sketsiryhmältä,1
Sulautettuhinjärjestelmiin,1
Reititimestä,1
Juoksutreeniohjelman,1
Iduskbn1fr0mk,1
Buhedaba,1
Yaril,1
Bigwig,1
Jerrycans,1
Coolies,1
Apuuntulon,1
P4ydjr,1
Tällä_kertaa_sarjassamme_suomennosten_helmiä,1
Elokuvarkiston,1
Legioonalaisella,1
Sotaukkoa,1
Maajoukoillakin,1
Kännimato,1
Kärsimyshistorian,1
Silmäatä,1
Puukiulussa,1
Da7x,1
Toiveuneni,1
Yhdeksänmillisen,1
Edustustilaan,1
Sisustusturvallisuus,1
Rajojenne,1
Kaarrelleen,1
Prosessimuotoista,1
Kyselyosiossa,1
Toisteluihin,1
Lakeltä,1
Suomelleki,1
Plänäämään,1
Psykoosioireesi,1
Tuomionpäivänennustajat,1
Testihälytys,1
Ydinaseblokin,1
Lihasmuistijuttu,1
Tikkuihinkin,1
Muovikorkkihärpäke,1
Konfliltin,1
Natolangan,1
Punakan,1
Asperiiniä,1
Lukolillekin,1
Koripallonpelaaja,1
Tappiomielellä,1
Joutilaisuuttani,1
Velkainenkin,1
Jättisaastuttajat,1
Molemmia,1
Mamaaaaaaaahuuuuu,1
Uuuuhh,1
Ytimenjatkeessa,1
Pointtesis,1
Hyökkäysalustana,1
Mielivaltaisuudenn,1
Zelenskynkadulla,1
Musteläiskätestin,1
Patoutumiasi,1
Roskaruokajättejä,1
Yhdenmukaistaessaan,1
Kaikkihommat,1
Rullaluistaa,1
Länsikehitys,1
Tehottamalla,1
Kukkakaalipirteilöillä,1
Kanipadan,1
Syömistavoissa,1
Ilmantorjuntaohjuksella,1
Ydinaseuhkansa,1
Alistuimme,1
Neuvostoliittokana,1
Neuvostotasavaltoina,1
Halpatavarakauppa,1
Iskuvalmis,1
Totuttauduttu,1
Ennaltapanikointi,1
_välitöntä_,1
_yhä_,1
Hzdmpqx,1
Tapaamiista,1
Hzdledf,1
Stickannut,1
Mielenterveyspalvelunpuhelinta,1
Hzdmkm9,1
Hzdpsz9,1
Investoimisenkin,1
Minioimaan,1
Johtamispohjaa,1
Sopimissotilaita,1
Tulihelvettiä,1
Tsetseenimaalla,1
Sotajumalalta,1
Vastuargumenttisi,1
Doompostaamista,1
Internetsota,1
Tyydyttäytyy,1
Otttamaan,1
Annabellestä,1
Privaattitapaaminen,1
Tapaamana,1
Ryhdistysliike,1
Eimerkissäsi,1
Valtiosopimustason,1
Puolustusministeriämme,1
Supersydänkohtauksen,1
Tulipalokin,1
Koulutusosastossa,1
Koulutusosasto,1
Tapeltas,1
Pelleautot,1
Kaartinjääkärit,1
Tambere,1
Nagornokarabakh,1
Rauhanteoria,1
Eoäkuntoon,1
Kernaastikin,1
Lennokeiden,1
Priukseksi,1
Infrasteuktuuri,1
Suhdeajattelun,1
Ryöpsähdellä,1
Kansalaisreaktiota,1
Tiekartalta,1
Voldograd,1
Azabadhiin,1
Valtauskohteita,1
Ydinaseistukseen,1
Johdotuksien,1
Uudelleenlämmittelystä,1
Speznatsit,1
Wegneriin,1
Umpirähmällään,1
Wagnereitten,1
Ef112b5d,1
A550,1
Cac56377fbb0,1
Hälytyskeskuspäivystäjänä,1
Työssäpärjääminen,1
Vilivälimäen,1
Usbitkin,1
Pahottelevasti,1
Bunkkeribisset,1
Turvallisuustilannekeskustelua,1
Härnäten,1
Kehdattuamme,1
Eskaloikaa,1
Rikkimenneestä,1
Dååth,1
Tehohoitokapasiteetista,1
5400kg,1
Kytkentäpistekin,1
Ergonomisemmassa,1
Pyrkyrikulttuuri,1
Statuspaineet,1
Nouseve,1
Päättämättömistä,1
Ilmanottoritilässä,1
Kiinnitäkään,1
Siege_of_mariupol,1
Ng_ukraine,1
Peukalol,1
Tussittanut,1
Koukeroillaan,1
Liittymäprosessin,1
Palkitsemaa,1
Rahanmaksimointi,1
Tasapainolleni,1
Provakaatio,1
Strippariluolan,1
Rumiste,1
Alaskirjaaminen,1
1smev,1
Mx21yl,1
_xzbkf9mxzlw,1
Influensserithan,1
Pikkusanailuun,1
Viranomaisviestintäkanavana,1
Kabinettisopimukset,1
Vinohakaristi,1
Sontaviestintää,1
Unelmakarttojen,1
Tislausvälineistöllä,1
Ponukeittäjä,1
Sokeuttaja,1
Menestysteosta,1
Julukasua,1
Ennätysnopeesti,1
Ukrainalaiskaupunkiin,1
Paskaprokkiksesta,1
Diipadaapalinja,1
Industriesille,1
Aerospacelle,1
2zljvo2hqlmpm5d5aagg,1
Ylijäämävarastoistaan,1
Strnad,1
Lukemaltani,1
Avustusmateriaali,1
Voitonparaatiaan,1
Stunttimiehet,1
Pilaatumatta,1
Muovihelmimosaiikkeja,1
Kooohtalaisen,1
Puolustusteknologioissa,1
Ostokilpailusta,1
Vähempiarvoseks,1
Venäläistämätöntä,1
Linkittäminenkö,1
Kemististä,1
Keukoahtaumataudin,1
Winfried,1
Kromiyhdisteet,1
Aamuhannu,1
Wtdb3dpe3eg,1
Alamäkenä,1
Juustobisneksen,1
Datchan,1
Everstillutnandi,1
Probelmo,1
Öljyhankintansa,1
Öljyntoimittajamaan,1
Bygailtiin,1
Stemun,1
Täyshin,1
Vjäärä,1
Syomelle,1
Armeiijoiden,1
Meemuiluaihiota,1
Tiedonjakopaikka,1
Perusmosalla,1
Hankintalähteemme,1
Tuoteseoksistamme,1
_goldman,1
_sachs,1
_jp,1
_morgan,1
_already,1
Svidduilupuhelun,1
Annakontuloiden,1
Käytäntöäni,1
Hätärakettihavainnoista,1
Majohajon,1
Benssiiniä,1
14500kg,1
Heposelle,1
357kg,1
Lasiseks,1
Autiomaaks,1
Ennätysmyynnit,1
Metallisenkin,1
Alkuaikaina,1
Divisiionaa,1
Revolveristä,1
Eniromaisesti,1
Kaasusentrifugi,1
Xvj_qpqc39u,1
Ammuskelutarpeen,1
Tyynnyttämistä,1
Konsensusperiaatteen,1
Kiepasta,1
Trumptardin,1
Sellunhajusta,1
Ydinbommi,1
F7ucuuy,1
Kirkasu,1
Debyyttialbumille,1
Hätävarapulloa,1
Bloomberg_goldman_sachs_and_jp_morgan_already,1
Chevroniin,1
Exxoniin,1
Puolustuspoliittisella,1
Suorituskykyarvioita,1
6russaqvghi,1
Baukku,1
Sienibilvi,1
Kantasikapoonuksia,1
Piiloilmaus,1
Totetellaan,1
Hupelimessa,1
Muulitietous,1
Vetosia,1
Karkkikauppiaalla,1
Normaalian,1
Populaaki,1
Yeess,1
Propagadaa,1
Myyntikatettaan,1
Tydgnyi,1
Sateenkaariolut,1
Meemitettymä,1
67iufs,1
Pornobännin,1
Sädeily,1
Lasgeuma,1
Maastoutunu,1
Ceasefirewe,1
Venäläismulkuilta,1
Kylmäkoneasentaja,1
Suunntiellun,1
Seurus,1
Lentosillalla,1
Hygeniamääräykset,1
Doomscrollailuista,1
Insinöörilähteistä,1
Seniorkoodaaja,1
Puuttuuki,1
Kauppasuhteillakin,1
_maksettuja_,1
Muuleilla,1
Talvileireille,1
Muulillahan,1
Tutkintopapereista,1
Jrmygrdn,1
Sulamiskuntoon,1
Hintsunlaisesti,1
Kolminkesken,1
Erikielisen,1
Orwelikaan,1
Ilmatorjuntaohjusteknologiassa,1
Kohotellu,1
Sisarusparvessa,1
Marmelaatikko,1
Mäyriin,1
Puutarhaonnettomuuksiin,1
Kanmattaisiko,1
Neurologiassakin,1
Tautijärjestelmä,1
Palestinialaislasten,1
Upseereiltaan,1
Miellytämään,1
Asennetutkimusta,1
Huippulaatumerkki,1
Slurpslurpslurp,1
Lidskoe,1
Daytoniin,1
Tasauttavaa,1
Boikottoida,1
Palkkarekisteriä,1
Ihmeitäki,1
Kiovan_kana,1
2321k,1
Påivååm,1
Putinaa,1
Myyntisitoumuksien,1
Odotusarvopeliä,1
Markkinatuntemuksia,1
Sokkonasijoittaminen,1
Alihinnoteltu,1
Sopimusjulistuksia,1
Paikkalliset,1
20combination,1
2danalyses,1
20concluded,1
20modality,1
20alone,1
Karpalomehutiivistettä,1
Newi,1
Kannatuskuvio,1
Loppupeleistään,1
Pulttini,1
Avunantokieltoon,1
Hesburgerikin,1
Inttiään,1
Vakavahkot,1
Koulutusavustukseksi,1
Sähkötäpäri,1
Nukethan,1
Lisäpelotteita,1
Punclineä,1
Loikari,1
Maakaasuputkeen,1
Puhdistuskelkkaan,1
Kaikkonenkaan,1
Laajemmallekkin,1
Kiinakytkökset,1
Konesrvatiivipuolueita,1
Maailmantilahan,1
Pinekeänä,1
Lliltä,1
Aselähetyksistä,1
Suurvaltiomies,1
Materiaalivarastoja,1
Kumppanimaassa,1
Amerikkalaisjoukoille,1
Laitteistoinvestoinnit,1
Liittymäsopparilta,1
Puikkoihi,1
Läpikäymine,1
Veljeskansoista,1
Twättääjät,1
T6mvus,1
Journalist_tries_to_show_russians_photos_of_the,1
Zukkerperkeleen,1
8x44oc,1
_remake,1
_19th,1
_painting,1
_reply,1
Sanaväännökset,1
Prostestointiin,1
Uudelleenimetää,1
Eteläseinustalla,1
Palturitupakkaa,1
Palestinaalaista,1
Allya,1
Länsiaggressioon,1
Maihinnousupaikalle,1
Sarjakuvastrippien,1
Hiqrxzi,1
0hxienc,1
Bikereiden,1
Kokelaskausi,1
Liittoutumattomuudeksi,1
Asemoitumaton,1
Vartiopaikalta,1
Solmittavasta,1
Domitianuksen,1
Uudelleenlevitystä,1
Toinitaansa,1
Asemoiduttu,1
Shelmihimpukka,1
Uazn,1
Totuttelevaksi,1
Tiedotuspaikat,1
Teboileillahan,1
Albumilinkki,1
Niinonkii,1
Sotilaskoneistoa,1
Keittostatukseen,1
Liikkeellepanomekanismeja,1
Oravannahkainen,1
Abdecujiiz4,1
Nknnbg8vocs,1
Mikäsb,1
Plastikkoa,1
Liittymissopimuksessan,1
Šluijba,1
Ilmapäivälehdillä,1
Fiktiivisteoreettiseen,1
Elinlaatukin,1
Gainsien,1
Karmataso,1
Tukirooleja,1
Konreettisten,1
Varavoainen,1
T4a6yb,1
Ole_varovainen_intti_tarinoiden_kanssa_,1
Liittolaisuuus,1
Pääsorttia,1
Virginiantupakka,1
Liitupiippu,1
Liitupiipunvalmistus_ruotsissa_ja_suomessa,1
Virginiantupakkakin,1
145miljoonaa,1
Kotitarvekasvattajaan,1
Kasvuhuonettakin,1
Puutarhahommelit,1
Ministerivieraan,1
Iäkkäämällä,1
Pääministerein,1
Ertu,1
Swiftness,1
Neuvottelutiimiin,1
Kireevin,1
Honcharenkon,1
Kireev,1
Puhelinnauhoitteita,1
Singaporelaiselta,1
Laserpanssarivaunut,1
Teollisuuspakoa,1
Erilliskokouksella,1
Performanssinäytöstili,1
Enrgiapolitiikan,1
Enrgiajättien,1
Tulitikkujaan,1
Millaki,1
Jengivärin,1
Propagandakuluja,1
Kessunkasvatuksen,1
Omatarveviljelyssä,1
Virginiantupakkahan,1
Virginiantupakankin,1
Pasifistiäänestäjien,1
Ydinasettomuutta,1
Puoluestrategisena,1
Ingnorata,1
Capital_punishment_in_ukraine,1
Kuolemanragaistusta,1
Tulivuorivakuutuksen,1
Näpiksille,1
Mmna,1
Enegiapoliittista,1
Jyristeltyä,1
Kauppaargumentti,1
Yhdysvallta,1
Oikeuttakseen,1
Pohjoiskoreoituminen,1
Mediayhtiot,1
Valeuutislakiin,1
Keskeyttavat,1
Uutistoimintaansa,1
Obstruktionismia,1
Disneykurre,1
Einato,1
Läntisemmille,1
Fasistinarratiivia,1
Banderiitit,1
Överöintiä,1
Överöi,1
Pehmennetyksi,1
Tivaamas,1
Saavuttaaksee,1
Kaltastakaa,1
Suomellakaa,1
Hiljasimmista,1
Rajakaupunkeja,1
Kumppanimaille,1
Puolustuskaupan,1
Turvallisuusyhteisty,1
Heisest,1
Vyytt,1
Nnet,1
T7a33h,1
Suomi_ja_ruotsi_hakevat_yhdess,1
U00e4_major_nonnato,1
Analogioitas,1
Vakuutussoppariin,1
Hakijamaissa,1
Doktriinistaan,1
Ylipäällikönvaltansa,1
Omtr_2008_8_perustuslaki_2008_,1
Tyoryhman_muistio_212s,1
Etteiniiden,1
Aali,1
Rusakkojänis,1
Hämmästyneelle,1
Goldenkamuyhunting,1
Citatap,1
Oravaresepti,1
Joukkojakaa,1
Potkukelkkapataljoonan,1
Eurooppalaistamista,1
Agencylle,1
Policy_of_the_trump_administration,1
Kelmupaketti,1
Kuulostaneita,1
Jpmorganas,1
Suojeluhälydys,1
Punaraidallista,1
Erityisstatuksia,1
Kansanedustajiston,1
Pilkaako,1
Hyökkäysohjuksia,1
Teloituskesta,1
Läntimaiset,1
Liittovaltioitahan,1
Karkkipaketeille,1
Sijotettaisi,1
Puolustusministeriään,1
Berater,1
Ruinierte,1
Populismihöyryissään,1
Pelotevaikutuksille,1
Laajenemishaluinen,1
T75bm7,1
Kaksinapaisissa,1
Liittoutumattomuudellamme,1
Aluevesiämme,1
Hangaraoundin,1
Järkiolentoa,1
Ctrlcssä,1
Nator,1
Planefinder,1
Aviapages,1
Käytäytymisellään,1
Itkuparkumassa,1
Coffeefer,1
Asevientien,1
Jäsenyysvalmistelut,1
Majdollisuus,1
Blokatuks,1
Suatetaan,1
Osoitekyltti,1
Kaapeliliittimet,1
Observoidaan,1
Heterogenisyyden,1
Pohjustettuaan,1
Kapinointiakaan,1
Venäläisterroristi,1
Jenkkitakuut,1
Fysiikkoja,1
Inssiosaamista,1
Meikkimäärältä,1
Doublelta,1
Underqultille,1
Dedign,1
Pakotepesäkkeen,1
Pähkinäinenkin,1
Eskaloitamaan,1
Neuvostoalueista,1
650mrd,1
Aliarvioimasta,1
Lansiyritysten,1
Vetaytymista,1
175883c2,1
5efbf2a2a389,1
Varusmieskato,1
Kesärenkaalle,1
Skittleseihin,1
Valtaportaassa,1
Valtionpäässä,1
Banderovci,1
Syyttömia,1
Tuotenimiehdotus,1
Denatsifikoimassa,1
Lämmönvarauskyvyltään,1
Veteraanipilkasta,1
Oikeistolaisissakin,1
Hyljekin,1
Hevonpaskalogiikkasi,1
Kiinteistökauppabuumi,1
Lisävelvoitteiden,1
Vermilion,1
Unnista,1
Homoseksuaalisuudenkatu,1
Öljyrikkaiden,1
Harošii,1
Puolustusbudjetikseen,1
Ikäisinten,1
Hiihtokelpoisia,1
Lääkintätavaraa,1
Taikysymys,1
Nollatyösopimuksesta,1
Palkkatukityön,1
Kiihtelystä,1
Maanpuolustusvelvollisuudestaan,1
Sähköhoitosta,1
Akathisiaan,1
Mineraalivarojaan,1
Brändilisenssiä,1
Tvf1nye,1
Kyyhkyspostin,1
Lahtarileipää,1
Palvelusrakenne,1
F4f4,1
Muuttamisjutut,1
Asiantuntijasektorina,1
Huojennuksina,1
A8gkawkxxkatcp57yraupa,1
Kunnanvaakuna,1
Hauholaisille,1
Hupikävelyllä,1
Sotatoimenpidettä,1
Sokuritoukkaa,1
Annosidea,1
Strategistenvoimien,1
Strategisetupseerit,1
Laatuisempiin,1
Kanakeisari,1
Syöyty,1
Peliautomaatitkin,1
Tukkeutumisongelma,1
Elämöimää,1
Puhutaankaa,1
Lauselmista,1
Tuohoa,1
Vapaaehtoisistakin,1
Harrastetali,1
Hyvänato,1
Petroveita,1
Arhipoveja,1
Ylianalisoit,1
Ituhupinkin,1
1saotifxtks,1
Säätävästä,1
Judotuttu,1
6ycnqipdjke,1
Kehitysmaadiktaattoreille,1
Arabiarmeijoilla,1
Hämäysyrityksestä,1
S9wr24,1
Muotidiagnoosilla,1
Turkismetsästäjät,1
Lastentarhoiasakin,1
Pettuurudesta,1
Ihmiskohteita,1
List_of_street_names_changed_around_diplomatic_mission_buildings_for_political_reasons,1
Harijotuksessa,1
Yrutyskulttuurissa,1
Roadiksi,1
Nöyristeltäisiin,1
Karvalakkimallejakin,1
Marošii,1
Yllätysiskuja,1
Tähystysluukkuja,1
Huoltorekkoihin,1
Bowenbbc,1
Osoitteeseenne,1
Kortiltanne,1
Käsittelykuluilla,1
Mihinkääb,1
Käyntihäiriötä,1
Ilmaisjutuissa,1
Ulkonakielto,1
Sotasensuurilaki,1
Riistalajihan,1
Invaasiosotaa,1
Vammojakaan,1
Bottitunnuksen,1
Banjaan,1
Psyopsiesi,1
Venäjätrollille,1
Bolshevisteille,1
Pistokereijän,1
Hiivakannan,1
T54,1
Hyökkäyskunnossa,1
Fasistipullaa,1
Turvallisuustalkoisiin,1
Kylymäsä,1
Tuloverojärjestelmää,1
T586aj,1
From_ukraine_nows_telegram_all_the_companies_who,1
T71ua2,1
Instead_of_posting_companies_who_are_pulling_out,1
T4y7tq,1
Ikea_and_hm_remain_open_in_russia_despite_almost,1
Gärbässieni,1
Ilmaistuotteille,1
Propagandaministerit,1
Diktatuuririskiä,1
Rypälepommeilla,1
Brutaalimmalla,1
Epäinhimillisemmällä,1
Eskaloinniksi,1
Ekaloi,1
Järkipäätä,1
Varusteisto,1
Kostohyökkäyksestä,1
Automaatisammutin,1
Pullafirma,1
Propagandaministeriönsä,1
Joissainkin,1
Suuryrityskulttuuri,1
Erityislahjakkuuksia,1
Aamulese,1
Koronavälejä,1
Junabuurin,1
Medvedevinä,1
Rajakaupunkeina,1
Murmasnkin,1
Bensaliimamassaa,1
Raittiusmielinen,1
Panssareitten,1
Übermulkero,1
Velvolllisuus,1
Rajojens,1
Venäjäismielisiä,1
Separisti,1
Kilpikoodeja,1
Ilmatorjutaohjuksia,1
Käyttömättöminä,1
Danbarker,1
Panssariletkojen,1
Kokonaisverosumma,1
Napalmiunelmasi,1
Tankkausaukosta,1
Screenatulta,1
Taidtelukenttä,1
Usyk,1
Lomachenko,1
Klitchko,1
Pormestarini,1
Modernisuutta,1
Onvatko,1
Tätilaumalle,1
Ideoitujen,1
4m³,1
Suosikkipanimoita,1
Eikohta,1
Raittiusnainen,1
Humalakävelyllä,1
Styrman,1
Vähäalkoholista,1
Raittiuskaljaksi,1
Talonpoikaisrommi,1
Itsensäkiillottaminen,1
Perunanälänhätä,1
Ilmoittihan,1
Ikivempat,1
Miinanpolkukurssille,1
Tulitaukolupauksista,1
Volnovahan,1
Tulitaukoehtoihin,1
Aseosakkeita,1
Harmaaoravan,1
Jenkiilässä,1
Pinskin,1
Rospuutosoiden,1
Ystävällismielisistä,1
Tykinruokajoukoista,1
Harmahtanut,1
Massaprosentteina,1
Iltaläpyskät,1
Kotihenkilöihin,1
Vastentahtoiseti,1
Reserviinkin,1
Verhohelpotuksiakaan,1
Painonnostokisasta,1
Haihduttamas,1
Kannannottona,1
Snacc,1
Miespuolisina,1
Sanna_nyassi,1
Sanna_pakirappa,1
780kg,1
Mokä,1
Lukevanne,1
Tunnetiloistani,1
3400l,1
Tajunnj,1
008x,1
Päätöksenkulku,1
Sääntömäinen,1
Neuvostokansalaista,1
Kirjoittaisani,1
Joudutamme,1
Virginiantukan,1
Siiderihyllyllä,1
Hinkuaa,1
Koronanperkele,1
Boran,1
Sytyttääksen,1
Tähtisadetikkua,1
Termiitistä,1
Termiittikin,1
Taistelupanssareille,1
Metalliseinämän,1
Paperikupissa,1
Ci0jx5tms0q,1
Possetyyppi,1
Ykdin,1
Menneidenkin,1
Asevelvollisuuus,1
Itseampumaansa,1
Naisotilas,1
Hitsareina,1
Käytänöllisesti,1
Sorakukkulan,1
Hybridiyhkaa,1
Kuulosuuntimissa,1
Lotistakin,1
Neukkupanosta,1
Kivulaisiin,1
Trollitehtaankatu,1
Ilmaistavaroista,1
Naganttejakin,1
Lampaaltasi,1
Tiedusteluasiamiehiä,1
Ydinasebluffista,1
Puolustuvoimen,1
Naisupseereille,1
Lemke,1
Käännyttämisellä,1
Propagandakypsää,1
Kurssiliikkeemme,1
Erityishuutikset,1
Kommettinihan,1
Tolppahillo,1
Kosketusnäyttöpuhelimistä,1
Romauttamista,1
_aikalailla_,1
Vastanottamaan,1
Lentotukialussaattue,1
Tutkainstallaatio,1
Baltikaa,1
Ikztoxkd22c,1
Sukkavarastoa,1
Vuosiasteella,1
Lessua,1
Mäomasta,1
Meemimaan,1
Miinustettua,1
Roplaamishimoa,1
Keyana,1
Tullimaksujenkin,1
Taskaamisen,1
Kosketusnäyttötekniikka,1
Ilmaistavaroita,1
Viettelyksiini,1
Kriiseilin,1
Tomislaveja,1
Joue,1
Potkasematta,1
Purkkaliimaviritelmä,1
Unohdettavassa,1
Kokkareessa,1
Borshia,1
Arikin,1
Lisenssihommeli,1
Myyntisidonnaiset,1
Öljytuoteyksikön,1
Ostomaata,1
Näykättyä,1
Telttailemasss,1
Maailmajohtajien,1
Suolaisuudeltaan,1
Trippailuissa,1
Exq0uh6ury,1
Motivoisivatkin,1
Väkiluvullisia,1
Ajanlaskulle,1
Фаворит,1
Zäännöt,1
Palellutetaan,1
Aseltetu,1
Verohelpotusrahansa,1
Db0oku3sxhdmdto,1
Ge04fq,1
Alennuspanoksilla,1
Sekaantumattomuudella,1
Tykistöhyökkäykset,1
Maailmantappelu,1
Tulivoimaisesta,1
Siviiliolosuhteisiin,1
T7jrg3,1
Ukrainian_president_volodymyr_zelenskyy_is,1
Johtoportoolla,1
Ydinsotimista,1
Paris_gun,1
Asennattaisiin,1
Maitipusseja,1
Epähavainnollistaa,1
Ostateis,1
Tarkkkuus,1
Nykyvevkeis,1
Wellanen,1
Vastavuoroisuuspykälä,1
Rajavyöhykkeellään,1
Tyttöjänsä,1
_axe,1
And_my_axe,1
Natsinarkkareita,1
Reagtiot,1
Toikminta,1
Loppulukion,1
Maksattamisasetus,1
Opiskelutestejä,1
Lapualaislarppaajia,1
Poliisiduuniinkaan,1
Polvivikaisena,1
Ruhomehuista,1
Maanpuolustusintoani,1
Puolimilitarisoitua,1
Harkkakylppärissä,1
Jounnetaan,1
Uel,1
Antha,1
Pyramidiverohuijaus,1
Normiopiskelijasetti,1
Metsästysrintamalta,1
Hupimeiningillä,1
Estolääkityksinjektion,1
Aroundiin,1
Prospectiin,1
Valtioyhteisöjä,1
Rokotehommissa,1
Yleihyödyllisen,1
15miltsii,1
Vatulointimme,1
Brändeisä,1
Grozevin,1
5e1500026685185572872,1
2fukraine,1
Pelkäâ,1
Sawlee,1
Sawleen,1
Sharleen,1
Spesialistitkaan,1
Anestesiahumautuksen,1
Pullistelutahdoksi,1
Alaoset,1
Liittymämies,1
Tiedustelutiedoistakin,1
Kameravanlvontasoftalla,1
Pideän,1
Aseenkantajaksi,1
Ratifionnit,1
Karanteenissaan,1
Tiedusteluaineistoa,1
Tapaisenkaan,1
Liittymättäkin,1
Konekivääripistooliliekinheitin,1
Konekivääripistoolikranaatinheitin,1
Tittelivalintaa,1
1eec1701,1
Neuvostoelämää,1
Gotbatsov,1
1mpx,1
Tallennuspalvelimia,1
Tallennuskäyttöön,1
Tallennusnopeus,1
Tallennuspalvelimien,1
10mpx,1
Kameraruutujen,1
Ja17,1
Molotovkin,1
U62czd9qi4i,1
Luoteiset,1
Kirjoitusvirheinen,1
Rangaustus,1
Vatmistettua,1
Epätodenäköisenpää,1
Toitotelleet,1
Kivääriammunta,1
Tuppiksia,1
Lisäpaiotteita,1
Takataskustaja,1
Rapé,1
Kuningasaikojen,1
Ydinaserajoituksia,1
Pienempikantamaisia,1
Ydinaseisiinsa,1
Organisatorisista,1
Notperfectlinen,1
Mittatilaistöitäkin,1
Ykkösvaatteita,1
Keplotteluihin,1
Mielipidekirjoituksessakaan,1
Squadeihin,1
Luentoaki,1
Korkanneen,1
Stadarin,1
Liittyes,1
Segregoimista,1
Jättireservistä,1
Pesasitko,1
Hyökkäämissuunitelmat,1
Hiisausillan,1
Joitapiti,1
Neuvostotasosta,1
Ui2wzj2h7qa,1
Tarjotintaan,1
Salamurhauhan,1
Betonipilarit,1
Lahjakkuudestani,1
Kupillisten,1
Yhdysvaltaisviranomaiset,1
Taikaliitto,1
Noobismin,1
Juhanunukseen,1
Massaesiintyminen,1
Ggl,1
Mansikkatäytekakku,1
Rallienglantina,1
Verkkojärjestelmään,1
Humpuukifilosofiaa,1
Neuvostomaissakin,1
Brittivaikutteista,1
Talousseuraamukset,1
Harjulehto,1
Nettikuplien,1
Viewobjectid,1
7eef45ee1skiyx,1
Algo_exp_id,1
Pdp_ext_f,1
22sku_id,1
Pdp_pi,1
40saleprice,1
3beur,1
Mainsearch,1
Nostalgiapähinät,1
Laukaisukäsky,1
Guychazan,1
Ilmaistyövuotta,1
Sittiksestä,1
Luonnonuskovat,1
_uskonrauha_koskee_vain_joitain_uskontoja,1
Kotitalousvähennyksiäkään,1
Diplomatiakoulutuksen,1
Huippudiplomaatin,1
Auvoisampi,1
Varakentiltä,1
Vähäpilvisempää,1
Kaasuvarantoineen,1
Jalkaväestään,1
Pomista,1
Meiddän,1
Ranskalaispitsat,1
Riippuvuussairaudesta,1
Asemoitumut,1
Lahjoituksillako,1
Järkiperäisistä,1
Venäläispoliiseista,1
Another_interview_with_captured_russians_if_this,1
Girth,1
Kutsuntasysteemiä,1
Partisaanitoimintaan,1
Määräsuhteet,1
Saksanmarkkaa,1
Ydinpomnmit,1
Informaatiokäpistelyn,1
Ydinaines,1
Naamiaisten,1
Kirjallisuusfestivaalien,1
Risteytymäksi,1
Ritarihaarniskoista,1
Kissankorvapinneihin,1
Nörttipaita,1
Paitataktiikkaan,1
Omakustannetaiteilijoilla,1
Lempisarjastasi,1
Pukukilpailujen,1
Comicconeihin,1
Traconia,1
Meissuilla,1
Etupiirijaottelu,1
Tilauskato,1
Animesälää,1
Junacon,1
Nörttimediaa,1
Nörttikonissa,1
Heimovaatetus,1
Loukkaantumisprosentti,1
Marssimurtumien,1
Sormaala,1
Ont_koski_toropainen,1
Tampereenurheiluakatemia,1
Stressfracturesfootterveystiimi_hh,1
Viestisuman,1
Webbitwitteriin,1
Kiihytteleppäs,1
Aineenvaihduntaas,1
Ronaldoon,1
Paahdettavaksi,1
Tiivistyksessäsi,1
Eu_stoykova,1
Lastenmurhaajille,1
Asiantuntijammekin,1
Fantasiapizza,1
Tullausmaksuilla,1
Kuluttajaboikotin,1
Kueh,1
Kirurgeillekin,1
Sukupuolivero,1
Animekerho,1
Fazerkarhu,1
E3dadc7c,1
01648222bfab,1
Lakas,1
Ruokahyllyistään,1
Bensahomma,1
Raatomehuista,1
Tollaviisiin,1
Mangatapahtumaksi,1
Animetapahtuma,1
Jonkunlaisien,1
Animateemaisena,1
Cossiakin,1
Normivaatteissakin,1
Fanipinssit,1
Cosplaykisoja,1
Roolipeliaiheisia,1
Mangaohjelmaa,1
Coniväkeä,1
Sivustaihmettelijäksi,1
Myyntisaleihin,1
Kommunikointikulttuuria,1
Leiväntuotantonsa,1
0u6wixsw_rq,1
Hyllyltäveto,1
Mariupolilaisten,1
Pietarilaistenkin,1
Putinistisomettajat,1
Iphoneistanne,1
Iltarukouksella,1
Tanssitreenit,1
Jenkkitapahtumissa,1
Elintarvikemarkkina,1
Miehityshallituksessa,1
Kolesterooliarvot,1
Sertifioinninkin,1
Viljatuotemarkkinoilla,1
Putinintukijat,1
Puolustusliittojärjestelmän,1
Ilvekselta,1
Žadan,1
Bekhtan,1
Kangaskosken,1
Suomentamat,1
Leipäfirmalla,1
Suosikkisuklaat,1
Cloettaa,1
Aktivistirouva,1
Jalkapallokortteja,1
Huonompilaatuisiksi,1
Suddenlylinux,1
Bengasissa,1
Lisävelvoitteen,1
Siviiliväestössäkin,1
Uudistettavana,1
Saksipaketti,1
Yelena_osipova_,1
Russian_activist,1
T7u988,1
Chief_of_the_general_staff_of_belarus_has,1
Kortsareilla,1
Hyökkäö,1
R_netsec,1
Aivopestävää,1
Legitimiteettikriisiin,1
Talouspakotteetkaan,1
Shrinkflationista,1
Coniksi,1
Cossaamista,1
Taidekujan,1
Boffer,1
Puheohjelmaltaan,1
Mangaharrastajille,1
Boikotoitavista,1
Animeohjelmaa,1
Animeohjelmaan,1
Porando,1
Bouru,1
Marssittukkaan,1
Hyväntekeväisyystuote,1
Oppressoinut,1
Tšeetsenejä,1
Oseeteja,1
Naispotilasta,1
T7gnv4,1
Kaksi_suomalaismeppi,1
A4_erottuu_joukosta_kun,1
Desuconlippu,1
Japanikarkkia,1
Töhrisin,1
Yliarvioivani,1
Haistavittuputiniksi,1
Heikentymien,1
T7ws96,1
Just_give_me_a_logical_explination_what_the_fuck,1
Sotilasrekat,1
Neutraaliussopimukset,1
Neutraaliussopimusten,1
Rauhanssopimuksessa,1
Ukrainasaatiopolitiikat,1
Bowland,1
Smaragdein,1
Tämmosen,1
Kwespa7,1
Tulvitettu,1
Tahmakäden,1
Nuivautta,1
Kivipaketin,1
Presidenttivirka,1
Koivistomaista,1
Tavaramerkkiheitto,1
Asteoidivyöhykesodan,1
Ranskikseni,1
Pizzaranska,1
Nugaalla,1
Vegaanisestisyoden,1
Suomalaisheimon,1
Tiedotusministerillä,1
Cadburyn,1
Kraftheinziä,1
Kryptoaiheisille,1
Traumatisoitumisiin,1
Trollamiselta,1
Bännitaan,1
Röllipoikaa,1
Marsitettujen,1
Njohnson,1
_145,1
Njohnson_145,1
Faxeria,1
Ostapäätökseni,1
Sfnw5cm,1
Seuraajaehdokasta,1
Paskakalustoon,1
Sotilasrekkojen,1
Siviilivehkeillä,1
Idealaatikkoon,1
Gravlantti,1
Myfazer,1
Groznyit,1
Bottipalvelimelle,1
Vänkäyslistalle,1
122030600553_1,1
Pakkolunastuksille,1
Donbasseja,1
Ilmapuolustusaseistusta,1
Mylskin,1
Frostbitessä,1
Getraenke,1
News_import,1
Kuluttelevan,1
Baron_harkonnen,1
John_schoenherr,1
Illustrated_dune_,1
Asiantuntijoidesi,1
Khrustev,1
Pidätysmobiili,1
_usa,1
Msf_usa,1
Kononaiskuvassa,1
Palomiehillekin,1
Zoomatussa,1
8js5fdpm,1
Ydinasemailla,1
Euronato,1
Lennokkaammille,1
Kaukopartiotoimintaa,1
Kokeilumerkki,1
Iiiuuuiiiuuu,1
Vaaratiedotejärjestelmän,1
Romuttamissa,1
Neliömäisemmältä,1
Pakoputkilla,1
54m09s,1
Kuulantyöntämiseen,1
Fysiikkarikoksiin,1
Ovihyllyyn,1
Tomaattimössöt,1
Kuivakaapis,1
Hedelmäkarkkipussiin,1
Kumimaisella,1
Sähkökatkonki,1
Pääkirjoitukseensa,1
4c3cd68c,1
Bf4df08edadd,1
Pelleverukkeella,1
Tuhkakulhin,1
Työmaajohtajat,1
Yhteistyöstäkin,1
Kalajoen4veto,1
Traktorihommissa,1
Mamanut,1
Pomminrakennusta,1
Alivarustettua,1
Pormerstari,1
Timppaden,1
Fazarin,1
Natsikuulat,1
Tuplakierron,1
Tuplakierto,1
Vaaassa,1
Liuut,1
Raaaoja,1
Hälyytysääni,1
Keskivertokulutus,1
Keskinvertaisia,1
Murroskohtana,1
Kesantotuet,1
Hintatukena,1
Duunimestaan,1
1faipqlsdv8tlwcux9rabtuthuz1krmmftqfukt1vlxvl7qok0a,1
Syömiskulut,1
Kommenttiketjulle,1
Näyttäytyen,1
Veljeksissä,1
Eg0viv,1
Fazerin_mainokset,1
Caposta,1
Vaikutusyrityksenne,1
Krimealta,1
Unpopulated,1
_golub,1
Sokeritahnamassa,1
Suklaamerkit,1
Ekokatastrofeista,1
Ympäristötavoitekin,1
Asbmilitary,1
Timot78,1
Neutraalikäytös,1
Kutaun,1
Irroitavansa,1
Varjagiheimoa,1
Vahingossaosuva,1
Sotateoreettisesti,1
Pirinatsien,1
Рубльt,1
Andaitskseen,1
Tummanvärisiä,1
Kivääriensä,1
Kuuroutuneita,1
Siviilautolla,1
Aurinkosymboli,1
Taivaankaarella,1
Kolmenvälinen,1
Kuudenvälinen,1
Minilateraalinen,1
Kahvimerkkikin,1
Rauhanturvaajajoukot,1
Pillutouhuu,1
Eurotankki,1
Massiivisuuteensa,1
Kaiutinsireeneillä,1
Sisältämiään,1
Kuulusaille,1
Deputinisaatio,1
Töllöinä,1
Läpinäkyvyydellään,1
Perseilyhyvesignalointia,1
Kaavakkeelle,1
Epämukavoittavat,1
Gevaliaan,1
Apuilma,1
Kaurismaito,1
Suojavaatevarastosta,1
Keskukse,1
Alueellakaa,1
Arrabiatta,1
Qsmkfa9xt9hcssfotth4gq,1
Astridia,1
Ruuantähteille,1
Päälliköitten,1
Vittupäisemmäksi,1
Sodanvataista,1
Yrituksen,1
Eo2zulf14,1
Ylipäälliköille,1
Sz1909_szemberg,1
Yllätyshyökkäykselle,1
Ilmastolupausten,1
Ykäboomereiden,1
Presidentinvaihtoa,1
Propagandanarratiivilla,1
Oynp5pnvwos,1
Viivyttelette,1
Firmab,1
Mediatiedotteista,1
Supermatalasta,1
Hukkapalallekin,1
Runnuttamista,1
Runkkaatsä,1
Jenkkiconeista,1
Contapahtumat,1
Sponssipaikoilla,1
Pöytäpelaaminen,1
Yleisconiksi,1
Konserninjohtajansa,1
Konsolitanssipelit,1
Puokkari,1
Konsoliständejäkin,1
Skotlannis,1
Julkilausuntaa,1
Yukicon,1
Sammuakseen,1
Iiiuuuiii,1
Vaaramerkkilaitteita,1
Käsikäyttöisinä,1
Taistelumuonapussien,1
Vajonneensa,1
Leimoillaan,1
Djngxw8,1
66bvplm1ldzzq,1
Vetäytymisissä,1
Mcgrude,1
Väitettyäkuvamanipulaatiota,1
Digituottajan,1
Helenowskin,1
Shayan86,1
Työsuojeluvelhot,1
T7a6em,1
Sir_take_my_reddit_gold,1
Dnuthjr,1
Käppäisillä,1
Kuvankäsittelytaidoillani,1
Romahtaneine,1
Kansantalouksineen,1
Vetäytymättömillä,1
Venäjätarhaan,1
Pilaantuvuuden,1
Kuljetuskustannusosuuden,1
Hirviömäisissä,1
Myrkkyruuasta,1
Tehdastamme,1
Leipomoamme,1
Alushousuistakin,1
Perusportaissa,1
Corridorcrew,1
Videotrikkien,1
Mittaristojen,1
Mongolivaltaan,1
Komentelevaan,1
Vallankaappausskeenarioita,1
Shougua,1
Keväkylvöjä,1
Boikoteissaan,1
Ruokateollisuuttaan,1
Frtankien,1
Boikoteille,1
Vähemmistötaustaa,1
Kamazeja,1
Jonkinnököisinö,1
Boigoddi,1
List_of_companies_that_applied_sanctions_during_the_russo,1
Jämäbingoa,1
Huikkaappa,1
Animeaiheisissa,1
Yleiskävijät,1
Cosplayaktiivit,1
Rytmipelaajat,1
Korttipelaajat,1
Idolikulttuuriin,1
Turrikansa,1
Conipiireistä,1
Yleiskävijästä,1
Erikoiskävijä,1
A94gyit,1
Nolanwpeterson,1
Postipaketeissa,1
Superoptimistinen,1
Vauvanruoat,1
Vauvanruokahyllystä,1
Kulutusvalinnoissani,1
Subventioidusta,1
Kaksikertaistunut,1
Ihmisalueiden,1
Kelloggsia,1
Muroissaan,1
Katalogiaan,1
Juomayhtiöksi,1
Testiajankohtaan,1
Verkkosarjakuva,1
Masentuakaan,1
Jallituskomission,1
Miiq,1
Sinnepäinsuomella,1
Leipomoliiketoiminnassa,1
Booffattua,1
Vetäytymispäätökset,1
E0zrdnrk2ya,1
Meemipörssissä,1
Muttamitässittennämät,1
Taistelukokemukset,1
Suklaalakutkin,1
Klassikkoteoksesta,1
Kurinpitoase,1
Kuulijaiset,1
Palosuojauksessa,1
Kiihdyttelyllä,1
Vihamiinit,1
Mähmimisestä,1
Katastrofimarkkinan,1
Jirivysin,1
Ukrainalaistaistelijaa,1
Puneinen,1
Filtterikuplien,1
Erityistalousalueellisiksi,1
Taisteluannoksia,1
Ekirjastolla,1
Cathering,1
Brunbergiltä,1
Kääreillä,1
Tytöryhtiötä,1
Selviintyä,1
Mukavuudestasi,1
Kunnianksi,1
Mustassameressä,1
Galaaxys,1
T2md1k,1
Todella_hyv,1
A4_video_nykytilanteeseen_liittyen,1
Lastulevyroskan,1
Lastulevyroskaa,1
Itämeininkiin,1
Incountry,1
Startuppöhinät,1
Maailmansotasimulaatiossa,1
Ihmisoikeusrikkomisista,1
Jokatorstainen,1
Ilmanottoventtiilin,1
Bisnesslogiikka,1
Materiaaalleja,1
Ruokailutapaan,1
Kadettiapukoululainen,1
Tulvapellolle,1
Ydinsukkulat,1
Kulutustrendeillä,1
Leikkuulautaani,1
Sijoittajain,1
Leukapartaenergia,1
Paisuun,1
Luotisateelta,1
Siviilitappiolukuja,1
Puetuille,1
Laskuvarjojoukoille,1
Piiritysyrityksistä,1
Hälytystestejä,1
Ykkösvälineet,1
Bensarekkoja,1
Ykkösjoukkoja,1
Alkaavaa,1
Sisustuspalveluita,1
Siviilipelastusoperaatio,1
Leenushkoja,1
Tatjaanoja,1
Boycotti,1
Palmuöljyttömiin,1
Säilötäänkin,1
Qsfp,1
400gbps,1
Meininkillä,1
Sosilla,1
Silmäniskuilla,1
Vetäytyvätpähän,1
Juliaioffe,1
Savuimuri,1
Lievättävät,1
Ensimunia,1
Ruokajalosteissa,1
Kulutusmunissa,1
Omakotilähiöön,1
Suojissakin,1
Zelenskynkadulta,1
Supernukeja,1
Vakoojakoneita,1
Huoltokuljetus,1
Lisätukikohta,1
Uuniensa,1
Konsernijohtajan,1
Todeollakaan,1
Höyhennetty,1
Spetsnatz,1
Nurmiporakomppaniassa,1
Tetsaisi,1
Tupakkatauoltaan,1
_units,1
_which,1
_invaded,1
Nöökäle,1
Luurejen,1
Duo11080,1
Terveysvaikutuksiakaan,1
Piirittämiseen,1
Äntyy,1
Elokuvapiirejä,1
Asunnoistahan,1
Ammattikoululaispojat,1
Pelastusretkelleen,1
Maahallintaa,1
Heitinjoukot,1
Etenemisvauhdin,1
Ydinasettakaan,1
Iskanderitkin,1
Avainhankintaa,1
Hyökkäysporukkaa,1
Menettelemmekin,1
Turvallisuusasiantuntijamme,1
Huippuhenkilöistä,1
Erikoisojaa,1
Ohjushyökkäystä,1
Kaveriale,1
Järjestäytynytkään,1
Sotilasradioiden,1
Signaaliosastotkin,1
Signaaliosasto,1
Nykyaikaisiakin,1
Infrapunakameroita,1
Plantia,1
Läskifoobista,1
Phatser,1
Maailmanhetkeen,1
Rypsiöljylitkut,1
Nostotapahtumaluvuissa,1
Korttejensa,1
Huomiohuoraukselta,1
Tavaralahjoitusten,1
Strötsin,1
_luopunut_,1
Anaalikuulia,1
Hajoittamaa,1
Spedeäkin,1
Nimekkäämmän,1
Seksirikollisen,1
Bactrackailyihin,1
Kaksnaamaisesta,1
Komponenttiasiaa,1
Fantasiajuttuja,1
Sivetti,1
Kevytpaahteista,1
Rupukahvia,1
Feikkihunajasta,1
Ummistetaanko,1
Kiinafirmoja,1
Sotasensuurilakiin,1
Ilmapuolutstus,1
Selittelyvoima,1
Vientikielloille,1
Vehnänviennistä,1
Sekoittamallahan,1
Kaupunkisodankäynnistä,1
Mutmit,1
Jengiö,1
Ennättäviä,1
Azovlaiset,1
Anastasiian,1
Ylivarustautuneita,1
Turvallisuutee,1
Harhasesti,1
Suhdettaa,1
Datahallia,1
Ilmastotieotisia,1
Raitaverkkarien,1
Jämäkarkeille,1
Eettisyyspippeliäänsä,1
Nunnannännejä,1
Lakujem,1
Seksirikossyytöksiä,1
Vesipurkit,1
Umlandandreas,1
Ywe_xiwlhpyajkwnpjmatw,1
Imestellä,1
Rapinapinta,1
Aniskarkki,1
Muurivaltiossa,1
Näennäisneutraali,1
Punasinivalkoisia,1
Valikomista,1
Nazerin,1
Sissikampanjoinnin,1
Aijäenergiaa,1
Jouvolaa,1
Ilakoijien,1
Americanexpress,1
Tutkas,1
Ohjukses,1
Tiputteleen,1
Kurkunleikkaajasissit,1
Setseeneilläkin,1
Lautapelaamassa,1
Tactical_nuclear_weapon,1
Lindastan,1
Comenius,1
Normitiliään,1
Animein,1
Puhelinmyyntikusetusten,1
Odotettavisa,1
Hefneriä,1
Pyörävetoisia,1
Nunnannännit,1
Sukulaiskansansa,1
Ljudmilan,1
Hänekseen,1
Avolavajono,1
Mainostesi,1
Mahruisi,1
Fazersson,1
Jääkaappisäilytys,1
Pitkäjäntisenkin,1
Pitkäjäntisen,1
Shilkaa,1
Syytteennosto,1
Cherrypikattiin,1
Mäkkärimuona,1
Kolatuotteet,1
Munaenergiaa,1
Viljakriisi,1
Spelissä,1
Kilpailukykysenä,1
Myyntitekniikasta,1
Narkkarinatseja,1
Korjaamiskohta,1
Nyttäminen,1
Kiipeilytyöhön,1
Työhöntulotarlastusten,1
Hättääle,1
Keetämme,1
Opvoljibmqw,1
Sähköpostitarjouksesta,1
Soittelepas,1
Kuntakokeilualueella,1
Pitkäaikaistyöttymyydestä,1
Sissimarkkinointioperaatiota,1
Txtviestä,1
Sankokalojen,1
Klousauksella,1
Jälkivarmistuksia,1
Länsikamasta,1
Kuluttajiltakaan,1
Sanktiomaksun,1
Tallaajaltahan,1
Kilotonniluokan,1
Neutronipommit,1
Normisuhteet,1
Hyökkäykse,1
Natsejapäin,1
Innovaatiokonsultti,1
Sinikeltaisille,1
Kuulilleni,1
Liittymisprosessiahan,1
Lastulevylipastokin,1
Pääsiästykystä,1
Aivosaasteen,1
229d4d3235d8,1
583b,1
X5kqjxrgav8,1
Logisitiikkajoukkojen,1
Logisitiikka,1
Rautatiejoukot,1
Rautatieinfran,1
Myyntiajatuksella,1
Markkinointiyhteydenotot,1
Kolajuomilla,1
Roosapulla,1
Roosapullan,1
Sarahtaber_bww,1
Sopimussisällöt,1
Tuhoutumispotentiaalin,1
Nunnannänni,1
Sinikeltaste,1
Kokeamiani,1
Ydinoimalan,1
Fuusiosähköhän,1
T8kg0z,1
30_russian_helicopters_destroyed_at_chernobaev,1
Miinasopparin,1
Kiristystarjous,1
Sireenissä,1
Testiääntä,1
Tiskikoneaineen,1
Kasitiskiaine,1
Citrusbergamot,1
Klousin,1
Provisioituu,1
Kauppamuroihin,1
Nauriskuoppia,1
Palowouti,1
Tunkkasempaa,1
Virkaisivat,1
Suomalaisyhtiöistä,1
Suunnanmuutoksille,1
Väiskihatut,1
Torpedossa,1
Laskeeeee,1
Porukkaaaaa,1
Clubmate,1
Cosbytason,1
Laattasivat,1
Nakkikipsan,1
Moderneistakin,1
Räjähdyskohdasta,1
Eliittisotilasainesta,1
Sissijuustomarkkinoinnin,1
Juuttunee,1
Ulkomaailmat,1
Lähetysnapilla,1
Pauligista,1
Kunnslla,1
Edettävät,1
Päällystämättömät,1
Piirityksiin,1
Stooriini,1
V3rti,1
Aamuan,1
Humanitaariseltä,1
Käsikirjoitusversioita,1
Vastakohda,1
Suojelulaattoja,1
Kunnostautuneille,1
Taajin,1
Palaveeravat,1
Vaappumiseksi,1
Siirappiastiat,1
Mäkkikolan,1
Yleismiehellä,1
Primorjen,1
Primorjen_aluepiiri,1
Tatjaanat,1
Lihanruuaksi,1
Perusvenäjä,1
Panssirivaunuja,1
K4wciedwty4,1
Propsganda,1
Suojelytyön,1
Mitätöinnissä,1
Läntiteknologiaa,1
Rajakähinöistä,1
Sisäänkävelyn,1
Bunkkeristaa,1
Lenitalle,1
Roskasakkihan,1
Miehistötappioiksi,1
Kohderyhmaa,1
Pölhöjähän,1
Maalimansivu,1
Pölhyyden,1
Dystopialaista,1
J7mqw02zskivxly5bimrfw,1
Menaisia,1
Kazastanin,1
Putinaattorin,1
Seniorikoodaajia,1
Operointikyvykkyyden,1
Puolustustaistelumahdollisuudet,1
Kuntoutunutkin,1
T8ixvm,1
Tiedonkulkukin,1
Sotapostausten,1
Ulvottavat,1
Kaiutintyyppisiä,1
Välitetyillä,1
Vaaratiedotteilla,1
26evacuation,1
20route,1
20mariupol,1
20mined,1
20red,1
07t08,1
732z,1
Db771701,1
6dc4,1
Bf4be97ab054,1
Päällekarkaukseen,1
Myöntäilevät,1
67jymvovdimhxcryem5aoa,1
Paikoijje,1
Hyökkäyskapasiteetti,1
Heippalappusota,1
Puoluekokoustaan,1
Taistoille,1
Mainosheput,1
Kikkelinkuvan,1
Metalliromu,1
Kaasuputkistakaan,1
Kokonaisviennissä,1
Paraatihevosmies,1
Työhönsijoitustarkastus,1
Lääkärintodistuksessakaan,1
Kikkelikuvioidusta,1
Saksipaketista,1
Väittämästäkään,1
T8k7hm,1
Near_mykolaiv_the_ukrainian_defenders_collected,1
Jenkkibrändejä,1
Luvallisin,1
Panssarimiinoitusten,1
Utdu,1
Oiy,1
Imagopeliäkään,1
T79wt7,1
It_started_in_russia_in_nizhnekamsk_workers_at,1
Kotityöosuudet,1
Äitiongelmaa,1
Hälytysmekanismeja,1
Helikopterisysteemi,1
Sateelliittikuvissa,1
Lasketumisplänttejä,1
Pytdf3vgvl8mcenc6,1
Peruskoululaine,1
Ylikireeltä,1
Helikopterivanhemmalta,1
Aikuistumaa,1
Ihimiseltä,1
Kolmikymppisenäki,1
Ysziqaclmfrrfjdwqb41gg,1
Palanneitten,1
Kollektiivisuudesta,1
Aikuiselämääsi,1
Naimaikäisten,1
Työteliäisyyttä,1
Slavismista,1
Slovenes,1
Nettinyymi,1
Täysikäsyys,1
Ainoataakaan,1
Sijoitusanalyytikkojen,1
Airistonkin,1
Labrani,1
Vartiosopimus,1
Deirezzor,1
Könttäsummalta,1
Ofhfopl,1
Neukkuestetiikkaa,1
Kontekstualisoivien,1
Selitetekstien,1
Uuelleenasettelemaa,1
Tnw,1
Jalkväkimiinoilla,1
Chaaaaaarge,1
Kuntuottavaa,1
Ruuanohella,1
Evakuointiväyliä,1
Progandahäviö,1
Lapinkaan,1
Miinaonnettomuuksista,1
Evakkotaustaisia,1
Miinavahingoista,1
Sijaintikartat,1
Hyökänneessä,1
Feministipersoonallisuuden,1
Peloteltavia,1
Ulokkeille,1
Ilikeyttään,1
Shokkiotsikkoja,1
Viuhkoissa,1
Laukasemassa,1
Kauppajonoissa,1
Lietsovilta,1
Vilkaseessa,1
Luvillakin,1
Perussähköasennusfirma,1
Tuulivoimafirma,1
Itkunen,1
Polliisisedille,1
Vallankuvausta,1
Polliiseilla,1
Helikopterimenua,1
Ylisuojeleviin,1
Kusimulkkuvanhempiin,1
Avvaa,1
Sapelimen,1
Pimpivaara,1
Äksdeedee,1
Yöhygienia,1
Viemäään,1
Vakavuusskaalassa,1
Kokonaismäärässään,1
Sulkijoille,1
Nojatuolikenraaliarvioni,1
Maalinosoituskykyä,1
Bolsevikkivaltioksi,1
Kukkapuistoksi,1
Petritsenkon,1
Stepan_petrit,1
Antibolsevikki,1
Kököttääkö,1
Pingottaako,1
Kusetusongelmat,1
Rehdilläkin,1
Myyntijeesuksina,1
Запад,1
Восток,1
Ilmansuunniltaan,1
Hätäavut,1
Ostajaboikottien,1
Bottipuheluille,1
Muuttoraha,1
Stressinpoistajia,1
Raivostuis,1
Normikokosella,1
Natomieliset,1
Eumieliset,1
Kekkosdoktriini,1
Myyntiyhtiöissä,1
Rumbista,1
Työttymyysetuksien,1
Perääntymismahdollisuuttakaan,1
Käännekohdalle,1
Suomettumismuseo,1
Tuotantoeläintaloudesta,1
Nuorisoasuntoon,1
Arikkalaisille,1
Jenkkivastaiseksi,1
Hurrau,1
Kemikaalipurilaiset,1
Huoltajankuvatus,1
Suorannaista,1
Tulenjohtotietoa,1
Lankkuakin,1
Amurikkalaisia,1
If11603,1
Uhatumpaan,1
Saalisvalikoima,1
Pikkujyrsijöistä,1
Jäniseläimet,1
Oltermannaavat,1
Anguilla,1
Inkriminointia,1
Puheenvarren,1
Alaikäsyyteen,1
Ryssävero,1
Tpahtuvia,1
Joukkoitsemurhasopimuksen,1
Ystävällismielisiksi,1
Randomkielelle,1
Buukkari,1
Omistajahankkija,1
Älypesukone,1
Tietorvasta,1
Kemitchell,1
Jääkaappiryhmään,1
Häijympiä,1
Soittaaki,1
Maatalousvehkeet,1
Palikkatestinkin,1
Ylösalaisinmaailma,1
Tasnim,1
Tumolle,1
Kapakkakeikat,1
Sulutteena,1
Sissisotahelvetti,1
Marssitettava,1
Paraatimainen,1
Sartreni,1
Seedbokseja,1
Voittoasetelmaa,1
Jälkaväestä,1
Blokkilistojaan,1
Tiliesi,1
Kotiinpäästyäsi,1
Muuttoaikeissa,1
Edding,1
Cj0kcqia95arbhcsarisac2xvfx7kotqwxnmqzvylmoyonrcn_bcyxlasipnrygvppnbiokaic_r02iaareqealw_wcb,1
Uv_avaimenperalamppu_nitecore_tube_uv,1
Poikaystäsi,1
Pilvipalveluinfraa,1
Tarkastuslaitoksella,1
Alarmismiksi,1
Ylivanhoillista,1
Teillesi,1
Fiilaakkaan,1
Ylikontroloivaa,1
Israelpalestinenews,1
Jalkamiehille,1
Asteopettajat,1
2fliveupdate_3aefe1d6,1
7a107eb4990e,1
Valuuttapakoa,1
Jalkaväkiminat,1
Lightreading,1
Ruhtinaskunnaksi,1
Rasahtaisikin,1
Neuvostokuutionsa,1
Sotimaam,1
Tulkisisit,1
Sw4xrt,1
A4n_annetaan_tapahtua_sikatilallinen,1
Hxk5w4t,1
Toimittajasopimuksissa,1
Pientalovaltaisilla,1
Sisätietoihin,1
Sakarimiinojen,1
Paikalliseltakin,1
Mkäs,1
Remppaääniä,1
Itzjjaj,1
Oikeusperusteita,1
M_willberg,1
Lähiöohjelman,1
Kaverinserkuille,1
Tarkistuttamisia,1
Oheistuotteissa,1
Termobaatiset,1
Explosioneista,1
Tukituloja,1
Kaivelemattakin,1
Vihkoonhan,1
Rajatonrakkaus,1
Huoltovarmuusriski,1
Ystävällismielisilläkin,1
B44dh8ua9m,1
Tarjouslehteen,1
Teematuotteisiin,1
Hampurilaisissahan,1
Shakirov2036,1
Huonetarkastukset,1
Hyönteismyrkyltä,1
Happamahkoja,1
Sivelevän,1
Sulutteesta,1
Housunpaskovia,1
Ajanvietetavoista,1
Gaslightaava,1
Nuortennetin,1
Hankkimispulmien,1
Myynnillisissä,1
Nyetflix,1
Cdnien,1
Onyt,1
Paskopuhetta,1
Itseähalventava,1
Lisäkotityö,1
Tasapainoittamassa,1
Markkinointikampanjalle,1
Vexit,1
Unirauhan,1
Venäiläiselle,1
Pitkittyneemmästä,1
Diskosulttaanit,1
Valtaustahto,1
Luoltaan,1
Alaikäsyydestä,1
Kuulustelluiksi,1
Elämänsäästöruplillaan,1
Nuoha,1
Hyrehi,1
Kepiän,1
Uutishuoneestamme,1
Separistiosista,1
Jännitteitähän,1
Resurssiylivoimalla,1
Sergeini,1
Suurentelis,1
Hälytyssineeriä,1
Vientiosuudet,1
Sosiaalinartulla,1
Iigorit,1
Panssarimiinoitteet,1
Kahdevälistä,1
Upseerivaihtoa,1
Kadenvälinen,1
Hyväntekeväisyysturvatakuita,1
Kultavarastot,1
Yuanvarat,1
Taisteluasemien,1
Salsatortilla,1
Sp07cm,1
Twistinään,1
Hzpfngy,1
Sireenistä,1
Onnettomuustiedot,1
Siviilihenkilöstä,1
Raivausosastoihin,1
Siviiliraivaajia,1
Vesitetyillä,1
Valmiusastetta,1
Lisävaateita,1
Isällesikin,1
Roudaamiseksi,1
Paraatipaikaltaan,1
Pälistä,1
Lesoamaa,1
_signalling,1
Suostumisena,1
342c11a1,1
19c2,1
4f3b,1
8e1d06c42e7e,1
Klousaajille,1
Varuskunnissaan,1
Kansainävälisten,1
Kokisboikotti,1
Vapaaehtoispaikkoja,1
Lempidekkarikirjailijoita,1
Noiriin,1
Qtjpu,1
25kr,1
Ob8hc2,1
Heard_you_all_liked_bug_traps_heres_one_for,1
Ryhdistäytyneen,1
Spekseistäkin,1
Saudiöljyllä,1
Tietoviisumi,1
Venäläistaustaisilla,1
Roistoryhmittymälle,1
Levil,1
Ilmassaa,1
Todennäköisempis,1
Vaellussaappaassaan,1
Dieselrutkullani,1
Maailmanmayhemissa,1
Rikkoutumiseksi,1
Pullailee,1
Tonnekkaan,1
Oljyesiintymiä,1
Eristysvastusmittauksiin,1
_a75912013e1a5572ef733fd4a7167d48,1
H_a75912013e1a5572ef733fd4a7167d48,1
Kokonaisjoukkojen,1
Tahdossaan,1
Kahvipöytätasolle,1
Meggeri,1
Meggerin,1
Edeullisin,1
Megger,1
Mit420,1
Gitgud,1
Skeittipaikat,1
Betonipooleja,1
Vaneriramppia,1
Tahdikkuussaappaassaan,1
Uussaappaassaan,1
Tiimityötehtävä,1
Paperisälää,1
Kiinteistövuokraamo,1
Perustuslakipykälän,1
Sosiaalitoimena,1
Tänne_,1
Molemmipuolista,1
Pihtää,1
Cocacolahbc,1
Sveitsiluxemburgveroparatiisi,1
Pullottajien,1
Nevustoliitosta,1
Remonttiasi,1
Soilailla,1
Kuukausikuluna,1
Ruokakultuuria,1
Biokaasupumpulla,1
Värähtänykkään,1
Polttoaineenkuljetus,1
Ylikurottamista,1
Lempparitoimittajista,1
Unihdan,1
Reserviläistähän,1
Tuontikaupat,1
Ruplamääräinen,1
Tuontiselvityksen,1
Vaihtamistaan,1
Päästeessä,1
Kiinnitetaan,1
Tekmättä,1
Valuutanmuunnos,1
Hälytyssireenejä,1
Voimavaltioista,1
Tunniksista,1
Menemisiisi,1
Tolppahintaa,1
Veroalekin,1
Tolppahinta,1
Minkäsmoista,1
Pakoteltu,1
Hienovaraisinkin,1
120usd,1
Polttoöljynki,1
Nykypuhelimethan,1
Aurajokirantaa,1
Kutyyn,1
Tutkintotavoitteinen,1
Yötyöläisiäkin,1
Pakkokuntouttavasta,1
Tutkintotavoitteisesta,1
Kansanuutisissakin,1
Keskivertodiesel,1
Ylisuojelevana,1
Hieromien,1
Ssaappaassaan,1
Tuplakirjainta,1
Poliisiupseeria,1
Kaltainkohtelun,1
Luokkaopillista,1
Thvjbiaglko,1
Kaupunkisivilisaatiot,1
Erikoisoperaatiovankeja,1
Laatusarjakuvasta,1
Kuukausikuluissasi,1
Kuukausikulua,1
Etanolipohjaisen,1
Lumeteta,1
Lumivarmin,1
Tykkikalusto,1
Tapettuu,1
Valuuttajohdannaiset,1
Valtionvelkojansa,1
Kovatasosia,1
Skeittaajanaisia,1
Telaris100,1
Vuorimiehenkatu,1
Huoltoasemahesestä,1
Äännättekö,1
Sormihomman,1
Koittamas,1
Vakuutusmyyjätkin,1
Puhkiajettua,1
Aikaisemmassasi,1
Kontroloitava,1
Tasopainottuu,1
Kuulokevalmistajaan,1
Steitt,1
Sotasääntösopimukset,1
Vaellussaappaassaa,1
Tuontirupla,1
Ruplahintaa,1
Perimiskelpoisia,1
Tuontiruplan,1
Valuuttaomaisuuden,1
Vastatoimenpiteiden,1
Setelikannan,1
Rahanuudistuksen,1
Hirmuvaltasi,1
Villihevosiaaa,1
Sisemmäs,1
Liukeneviksi,1
Saappaassanne,1
Vaellussaappaassanne,1
Psykoositekstiseinät,1
Säyt,1
Flycktille,1
Varastoimisessa,1
Maampetturi,1
Odensikin,1
Väestönhälytintä,1
Pommitekniikalla,1
Lenininpuistolle,1
Makhnonpuisto,1
_makhno,1
Konsonanttigeminaattaa,1
ˈliːt,1
ːe,1
ːsːæːn,1
ˈliit,1
Ssææn,1
Tottelemattomuudelta,1
Asunnonostot,1
Perusoikeuskollisio,1
Perusoikeuspunninnassa,1
Perusoikeuksien_ydinalue,1
Julkisestä,1
Yrityspalvelulain,1
Asiakaslain,1
Laattasysteemistä,1
Sisäilmafiltteri,1
Goeuy8ifxfg,1
Lätkäsitä,1
Mariuopolista,1
Ukrainalisten,1
Patalijoonien,1
Taposilta,1
Brnsavehkeen,1
Erikoisjepat,1
Bipolta,1
Voitoist,1
Dippiki,1
Provosointitrakoitus,1
Operaatiotarkoituksiaan,1
Shellihän,1
Koiranpureskeleman,1
Geelitukille,1
Adverbivirheestä,1
Tiivistyksesi,1
Kesoja,1
Persettäkkn,1
Varausmaksulla,1
Helsiginmäälimä,1
Paivältä,1
Ikäistyttyäsi,1
Kumppanuusmarkkinoinnilla,1
314km,1
Betoniparkit,1
Betoniparkin,1
Sotakuntoisesta,1
Ylläpitääkkään,1
Propagandapoliitikot,1
Salkkuu,1
Tasoisistakin,1
Ammattiliittokin,1
4c5205b7,1
98f6,1
24837e223e45,1
Itsemurhaseurannassa,1
Luentovideossa,1
Pskylogian,1
Käsityksenäni,1
Proferoimia,1
Sotavaleesta,1
Tankkaajaan,1
Furiosbeardman,1
Muistutussoitto,1
Suomansukuinen,1
Aarniokoski,1
Synkkyyssaappaisiinne,1
Pihakoristetta,1
Makeisekspertti,1
Modernisoituihin,1
Metsämaastosaakin,1
Pansaarovaunuille,1
Narkkarinatsia,1
Sigmaurokset,1
Kulttibisnekseen,1
Petritsenkossa,1
Vangitsis,1
Biokomponentista,1
Dinokiisseli,1
Huippuravontoloissa,1
Turpeeeseen,1
Tollaseessa,1
Pankkitunukset,1
Ttökyvytön,1
Soijatortilloista,1
Oikeuskäsittelyjenkin,1
Sentineelisaarien,1
Alkuasukkaitakin,1
Panssarintorjuntakyvyn,1
Sholz,1
Takamäet,1
Taloustieteenkurssi,1
Todetuksl,1
Kiihdytysjalalla,1
Vuokrarivariin,1
Goldylocks,1
Veikataanpa,1
Lenitahan,1
Vittuunnuttamana,1
Hakeepi,1
Bolšoi,1
Olympiakomiteaurheilijoilta,1
Jumppaklubia,1
Hakurumbat,1
Tasavireessä,1
Laukaisukulma,1
Propagandakoneelle,1
Miinajuttu,1
Epäpätevyydeltään,1
Eritarkkuisella,1
Toivotinpa,1
Putinjugendoinnin,1
Motiki,1
Nuorgaamiin,1
Geminaatioon,1
Fonologiassa,1
Laskuaikaa,1
Pauluswagner,1
Maastavetäytymisaikeiden,1
Milla_perusteilla_suomi_on_kenttatykiston_suurvalta,1
Joukoillakin,1
Reseviläisille,1
Personaallisushäiriö,1
Governementissa,1
Kaksisataasivuinen,1
Aviorikoksia,1
Pakomatkalleen,1
Tuulastanut,1
Salosensaaren,1
Meltauksen,1
Ounasjokivarressa,1
Vittumaisenojalla,1
Hiihdonopettajaa,1
Läähkimäkurun,1
Ravintolanvessassa,1
Heikkiseen,1
Erilaatuisiin,1
Governementtiin,1
Astorissa,1
Astoriin,1
Siirtosädettivät,1
Uralsia,1
Vanerilaatikossa,1
Paatui,1
Lempeäkatseinen,1
Vankeinhoitoylihallituksen,1
Seurustelutarkoituksessa,1
Sellinne,1
Salakuljetutti,1
Galvanoimislaitokselle,1
Peräpunktasi,1
Asiapaperin,1
Tutkintovankeutensa,1
Syvämietteiseltä,1
Henkilöhistoriallinen,1
Ratsukuriirin,1
Kiidättämä,1
Pikasähke,1
Rikoshistoriamme,1
Ulkomuurille,1
Pakotuokioiden,1
Harppuuniensa,1
Rahaatojen,1
Siirtosäiliöt,1
Paikallisana,1
8bqmf0u,1
Siviilikohteelta,1
Tadviser,1
840px,1
Rinsessan,1
Hajoaapi,1
Ulosteanalyysi,1
Ugindie,1
Elonmuskin,1
Etdeep,1
Tsygämissä,1
Stwan,1
Varauspantin,1
Iraqandthemedia2,1
Valuutanmaksulain,1
Leikkiruplalla,1
Mörkönäkin,1
Sosiaalipäivystykselle,1
Sosiaalipäivystäjän,1
Myyntipuheluilla,1
Markknoilla,1
Pgm,1
Vaellussaappaassaankaan,1
Hallukannella,1
Kyökkianalytiikka,1
Saippuak,1
Akkutietämystään,1
Leikkukaluja,1
Vuotiialta,1
Energiansaantimuutoksiin,1
Sossukäynnilleni,1
Kaijjjjaanissa,1
Öljypolttimeen,1
Kansallinrn,1
Lynkkausmenetelmät,1
Aihelliinen,1
Hob1nbp_ukm,1
Latitudeen,1
Cddbbo67cwl81,1
Zorglhomme,1
Öljykiellon,1
Katastrofalisesti,1
2fsys,1
2fpictures,1
2f1258021184891,1
2fstandard,1
Bearers,1
3d465,1
26quality,1
3dformat,1
26dpr,1
3d2f329e1f818c875aea64eab4d672a1dc,1
2fbooksblog,1
2fswastika,1
7ehi6w9tcmbrcm,1
6pjhahivij_2om,1
Weghhysij_j6oyqd,1
Goidg,1
Liettualaiselta,1
Teloilleen,1
Someviestintäsi,1
Päivitäthän,1
Pivotoitais,1
Tankkiletkan,1
Vitutushedaria,1
Mökkihöperöitymässä,1
Viidakkotohtori,1
Järäkyttävä,1
Ilohetkiä,1
Buhddalaisesta,1
Thich,1
Nhat,1
Hanhin,1
Noususuunnalla,1
Tiedekehitys,1
Suomalaisyhtiöitä,1
5vuottakin,1
_vitussa,1
_bussista,1
Miksi_vitussa_bussista_l,1
B6ytyy_t,1
A4inen_ja_mit,1
Diseli,1
Energianviennin,1
Överihengästynyt,1
0jwfkq84rofq3bmg5lw6pcijn4,1
Muuttuujiin,1
Töidenhausta,1
Tuolillani,1
Espanialaisille,1
Pankelle,1
Howscienceworks_01,1
Räkäisyyttä,1
Täyttyyttä,1
Kulkuaikoihin,1
Karjalankankaalle,1
Timeframes,1
Unneccessarily,1
Pititvät,1
Venäläissivustot,1
Yllättynt,1
Palatseistaan,1
Kuriilin,1
Tapettukkaa,1
