Capabilites,1
Aavuvha,1
Pändin,1
Paitayrittäjällä,1
Mahdollistunutkin,1
Megamöhköissä,1
Virtaviivaisemmat,1
Digiverstas,1
K3evp8ejnergpm0emkkjig,1
Zqpvctixke,1
Kattikin,1
Sörnäistentunnelin,1
Vallataksemme,1
Pelataksemme,1
Introducingmadrid,1
Catfishereihin,1
Kryptovaluuttapuuhiin,1
Rahansiirtojani,1
Kyyberhyökkäys,1
Mobilipankkiin,1
Tunnistusvälineillä,1
Sekà,1
Perssen,1
Pyöräilyuutisia,1
Seilorihattu,1
Jaavalle,1
Valikoitumisharhaa,1
Naksaha,1
Sanaväännöksiin,1
Medvechek,1
Sotakampanja,1
Katkeneilla,1
Polkupyöräparkit,1
Kaksikerrosparkit,1
Hybriidiin,1
Ajankohtaisemmalta,1
Postiraketti,1
Hoksaiskin,1
Pikkulapsihuumori,1
34sia,1
Imyuzxyjixw,1
Varhaiskavatuksen,1
Dmitrijevin_ja_memorial,1
Yhdistyksen_poliittinen_vaino,1
Amistodistuksestasi,1
Smolensk_air_disaster,1
Styrkkavideoita,1
Haukkuukaan,1
Hiilidioksipäästöön,1
Lyijypäästöjä,1
Pienlentokoneissa,1
Pakakaasujärjestelmiä,1
Ureapesureita,1
Pakokaasujärjestelmiä,1
Pöllyttäjiä,1
Pienempikulutuksista,1
Systembolaket,1
Nollatuntityöstä,1
Mainosihmisten,1
Mainostoimistojenkaan,1
Vasf6dsq3rq,1
Malmivaransa,1
Tervahuulet,1
Palvelukatkoista,1
Johtopäätöksenhän,1
Influensoija,1
Epämukavuuksiahan,1
Raivoisivatko,1
Paukaistu,1
Kaatuneisin,1
Aktiivihyökkääjien,1
Antiikkisista,1
Valintamallilla,1
Opintomotivaatio,1
_a18fb20b,1
Suit_a18fb20b,1
Stampassa,1
Pissishuora,1
Amatöörisettiä,1
Isolita,1
Futuristissa,1
1220032x,1
Sorapintaiset,1
Turvatarkastusjonoja,1
Näsäviisastelko,1
Jälleenpelattavuus,1
Hiprakasa,1
Teennäne,1
Amatöörinäyttely,1
Juone,1
Puolitekosta,1
Murtauvuin,1
Talloos,1
Feikkiskeidaa,1
Muuntokouluttautuu,1
Perusharjottelujaan,1
Amispojallekkin,1
Työmaapiirustusten,1
Hitsausmerkinnöissä,1
Suurpainejärjestelmiin,1
Levyseppähitsjaana,1
Asentohitsien,1
Restoroija,1
Ajatukseltaankin,1
Pääväylilläkin,1
Urautuneessa,1
Polanteessa,1
Ohjetekstinpätkän,1
Blogikappale,1
Buustaavia,1
Tähdenlentosomejulkkiksen,1
Tuotetietous,1
Myyntitilastoihin,1
Virheestähän,1
Talwiajoihin,1
Liitoautot,1
Robottiraketitkin,1
_69nn4b5y,1
_69nn4b5y_i,1
Työohella,1
Runkkufantasian,1
Leikittelynhän,1
Runkkufantasioita,1
Matilanniemi,1
Kesittyy,1
Vuokrasaunalla,1
Salakapakkamenoa,1
Kiltahuoneilla,1
Yhteystapahtumia,1
Sitsataan,1
Henkilöosapuolta,1
Titaanikin,1
Yliääninopeus,1
Testikoneita,1
Tannoinen,1
Näitöhän,1
Sisällönteko,1
Sisällöntekijöitäkin,1
Aliianssi,1
Doomiskrollauksesta,1
Presidentinsuunnitelma,1
Käteispanon,1
Suunnittelemilleen,1
Piilovakkuttamiseen,1
Mielikuvaliibalaabaa,1
Markkinointityöt,1
Heebelin,1
Päätäntäelimistä,1
Yliopistoistoaloista,1
Ammattikoulutodistuksesta,1
Ammattikoulutodistuksille,1
Thblckrbbtworld,1
Matkustajalaivassa,1
Motitusyrityksistä,1
Liitävissä,1
Ffffffffffuuuuuuu,1
Radioactively,1
Yuretzg,1
Kriisinaikanakin,1
Sähköautohullutuksen,1
Loppusijoituspaikkakin,1
Tuohikäppyrän,1
Loanheittämisen,1
Yhtiöpomoja,1
Kukkahattumodet,1
Porisuhdeneuvojako,1
061fa5110ac487e588384d29816bd6c5,1
Hälytyslistassa,1
Qlifaml,1
Pommitajiakin,1
Tekovaltioiden,1
Nasallahan,1
Stasihomma,1
Arkkitehtturi,1
Vesikulkuneuvoihin,1
Daughternumberthree,1
Persaukeiluun,1
Urallisia,1
Ammattiania,1
Todellisellakin,1
Ulkopirkanmaalaisella,1
Hörhöväitteitä,1
Pääsykoetehtäviin,1
Pyöräharrastus,1
8a83d674d63245a4ab5a2cf9342cb140,1
Asiakaspako,1
Arkielämäänne,1
Vakoojakin,1
Tekotyhmyyden,1
Hovihieroja,1
Lääkintäkenraalimajuri,1
Saksalaissuntauksen,1
Saksalaissuuntautuneita,1
Pentiikin,1
Kasaantuneissa,1
Moponettiin,1
Opiskelijahulinoihin,1
Black_sea_fleet,1
Kituuttelematta,1
Tienvarsiparkkiautotien,1
Felix_kersten,1
Haavoittamiseksi,1
Korelaisesta,1
Hyökkäysvoiman,1
Tehonpuutteesta,1
Hyvinnukkuneita,1
Kostopornona,1
Sponssipläjäyksen,1
Карельский,1
Фронт,1
Skiy,1
Fintechs,1
Lexis,1
Nexis,1
Bullough,1
Tapailusuhde,1
Yleisteologeja,1
Humis,1
Pappisopiskelijoiden,1
Verkkokauppoineen,1
Etäyhteyksineen,1
Rangellissa,1
Kajaalimies,1
Näkyyvät,1
Tulitikkuleikeillä,1
Haltianpolulla,1
Kulottaan,1
Pelijäätähän,1
Ahdistustilastot,1
Ainevalintojen,1
Kouluttautujille,1
Pääsykoepaikat,1
Tynkätutkinnon,1
Psykologiopiskelijoina,1
Qfc,1
Tdw5nww,1
Mantsanlaitoksella,1
Totuudenhallintaosastolla,1
Onnettusmuusaltista,1
Ioejiaqg0ow61,1
5miljoonaan,1
Kantosiipialuksia,1
Yvdh_dylvb8,1
Lastenkenkiin,1
Huristelevalla,1
Unjylwtyu8c,1
Postereista,1
Gammasäteillä,1
Paykin,1
Eilisesta,1
Suprajohtaviksi,1
Energiäystävällistä,1
Fermikaasu,1
Kakskolmevitosesta,1
Samuraimiekat,1
Pilot230,1
Aineenvahvuuksissa,1
Muksna,1
Kulkeamaan,1
Raketiessa,1
Autioilussa,1
Lyhennysmäärä,1
Uljaksella,1
Silokkipäissään,1
Nähtäväati,1
Tšaari,1
Lubimiy,1
Brändinimeen,1
Artistiuran,1
Paheksuttipa,1
Nopeemmille,1
Fairey_rotodyne,1
Πλανήτης,1
Αστέρ,1
Planétes,1
Astér,1
Korvettihankintojen,1
Lähtöpaikkoina,1
Hatsinostojen,1
Palloteoreetikot,1
Testilennoilla,1
Ihosyövänhän,1
Pitying,1
Pariahs,1
Ottelupäivistä,1
Säävalintojen,1
Pallonryöstön,1
Kankeloi,1
Seedit,1
D3423w2g5ur21,1
Avattaua,1
Opettelemisee,1
Vastustajii,1
Joditabletille,1
Nelosreaktorissa,1
Kännipizza,1
Tahnaisessa,1
Suoravelotuksen,1
Semmotahan,1
Magleveissä,1
Tuodsahan,1
Siiideeess,1
Jälleenvuokraamaan,1
Lyhytaikaisillekin,1
Alivuokraamiseen,1
Alivuokrauksessa,1
Seinäornamentin,1
Seinäkoristelu,1
Bulkkkimersun,1
Bulkkiseinää,1
Materiaaliesta,1
Titaniumista,1
Machiin,1
Titaniumilla,1
Höpöpuheiden,1
Göögelaat,1
Ekuksi,1
Katsopiiretytonline,1
Välilyöntinä,1
Oranssiväriset,1
Siwltä,1
Näköpuhelimia,1
Zvo0wtd,1
Artikkelikuvastakin,1
Pyramiideissa,1
Khafen,1
Sotilasjohtohan,1
Kekkonens,1
Ruplathan,1
Lääkintäorganisaatio,1
Levitellytä,1
Jälleenvuokrauksesta,1
Kasvatusmahikset,1
Iltapainotteisena,1
Halvempivuokraiseen,1
Jalakaas,1
Pizzoisa,1
Parivuorokautinen,1
Mcpurilaisia,1
Vesistöylitys,1
Puoluebarometreissä,1
Lähikulutukseen,1
Euroistumassa,1
Oikeistolaisimpaa,1
Työsektorilla,1
Keskustalähtöinen,1
Kyhättäisi,1
Työllisyysreformia,1
Puhelimmee,1
Järävenpäätä,1
Ilimasa,1
Erikkalainen,1
Bimateriaalit,1
Liikuttelema,1
Älyväpaata,1
Uhrilevyt,1
Raidetykeillä,1
Ruumislukuina,1
Ennees,1
Pizzasats,1
Höyhensarjalaine,1
Lomakerumbasta,1
Avaruusseikkailussa,1
Rengasmalliselta,1
Wc3e2qtciy8,1
Stdwqakzesa,1
Eu600,1
Bionisista,1
Otawan,1
Itsenäsyys,1
Museokorttikaan,1
Ennustekkin,1
Myooppinen,1
Viljavimmista,1
Selvitymistilassa,1
Telaketjufeminismistä,1
Feminismismiä,1
Kokoomusviidakon,1
Peruslandelainen,1
Leikkaavasti,1
Sicfileffat,1
Selkävikaisen,1
_verotusta,1
Veemäisyyttään,1
Fabfive,1
Putinoida,1
Magdalenat,1
Syvennetää,1
Mamukeskuksille,1
_sopivaan,1
Kunnolla_,1
Omavalintasta,1
Pakinatyylillä,1
Sumutusoperaatioita,1
Lamborghineillä,1
Rakennetutetaan,1
Hyvävelikerhokin,1
Kiihkoisänmaallisempi,1
Duumaedustaja,1
Callouttaus,1
Kansansosialististen,1
Kärripolku,1
Virumaahan,1
Taskuttaminen,1
Hjniq3,1
Screm,1
Oikeuspolulle,1
Julkeuttaan,1
Yksityisliisarilla,1
_menetettyjen,1
Elinvuosien_,1
Rahastoimattomia,1
Kaupunkikoti,1
Kivijalkaliikkeillekin,1
Kuihduttaen,1
Jumppatunneista,1
20220326_05,1
Telaketjuekstremistien,1
Saavillekin,1
Sananvapaudenkaan,1
Nukkupaikkaan,1
Petrimaljasta,1
93vm,1
Autokeskittynyt,1
Marjomäen,1
Telaketjuekstremistit,1
Paikallislaitoksen,1
Berserkkitarinoiden,1
Meriittipohjaiset,1
Lääketoiveisiin,1
Nukkumspaikkaa,1
Trollifarmeillakin,1
Lukionjälkeistä,1
Tutkimusväitteet,1
Näkökulmattomassa,1
Radikalisoitumisprosessien,1
Toyotaway,1
Liikkuvuuspalvelut,1
Lahoaakin,1
Virkamiesporukalla,1
Autontarpeeseen,1
Wunderbauminkäryn,1
2pyöräisilläkin,1
Vaakasuuntaisessa,1
Vahvistetuiksi,1
Etämyyntioikeudella,1
Liikelle,1
Balttianmerellä,1
Munamajoitus,1
Osaaikatöiden,1
Finlandialaisempaan,1
Ylläpitohuolet,1
Aviksella,1
Østersøen,1
Giannini,1
Razov,1
Nykyeläkeläisiltä,1
Rangaistusverottaa,1
Keskineliöhintaan,1
Suhteutettavalla,1
Varustelujen,1
Ilmanvaihtovaatimusten,1
Paskasatoa,1
Vierasjoukkueet,1
Nykäsyn,1
Saateisessa,1
Ennätysmatalien,1
Kriisiaikanakaan,1
Orpojengi,1
Onnelaamme,1
Intersektionalisteihin,1
Työtapaturmaisesti,1
Sytyteltäsiin,1
Äärihaarojen,1
Varisnaissuomea,1
Hörkyilyt,1
Motoivista,1
Aaaahaahaah,1
Germaniaksi,1
Germaaniheimoista,1
Alemannit,1
Manvellin,1
Etnohullu,1
Germaanisarjalaisia,1
Seksiturismifoorumilla,1
Baldiin,1
Käyttöehdoille,1
Kruununvuorenrantaan,1
Herneaareen,1
Laatikkojuttuja,1
Hernesaaret,1
Strontiumtabletteja,1
Romunkeräys,1
Fiedmanilainen,1
Äärihaarat,1
Identiteettinarsistinen,1
Kulttuurisotaroska,1
Pronominijuttu,1
Hääräämisistään,1
Turvallisuusselonteon,1
Jännittyisi,1
Roskinpuoleiseltakin,1
Alueloukkauksakin,1
Hybridimaailma,1
Opetushenkilölunnan,1
Finnovopiaa,1
Radikaalitoimenpide,1
Sopivahetki,1
Väyläuudistushanke,1
Natost,1
Internetvasemmistoa,1
Permakriisin,1
Rauhaisina,1
Karuutensa,1
Roseviiniä,1
Lakushotti,1
59cm,1
Njuuut,1
Ruiskukoneella,1
Äänioikeuttansa,1
Mihimmä,1
Moppade,1
Ylempiluokkaisten,1
Ensisijaisille,1
Kiinteistoero,1
Korovirukset,1
Ultraviolettivalo,1
Suippokierreraikastin,1
Koprokin,1
Kommandonakin,1
Päällyhousut,1
Kieligestapo,1
Äshoota,1
Kielinatsisto,1
Hattuäš,1
Véritén,1
Suomineidonkin,1
Cinemasta,1
Véritéstä,1
Päähenkilöidensä,1
Rotuvouhotuksen,1
Keskustelisimmeko,1
Inhmillistää,1
Rakenneohjelmat,1
Šh,1
Torjuntataisteluiksi,1
Ohjusiskuin,1
Lentopommituksin,1
Tutkimusapurahoituksen,1
Hiukkaskiihdytimensä,1
Merkkiaineiden,1
Hivenainepillereissä,1
Syytäisikin,1
Tankillisellakin,1
Alkoverkkokauppojen,1
Orpolaisessa,1
Mittausaliupseerista,1
Koulutyttönä,1
Alkoholilaintulkinta,1
Näkösel,1
Menopelil,1
Piiii,1
Tartuntataudithan,1
Kontrollikäyntejäni,1
Sairaanhoitoruuhkan,1
Lähireiteille,1
Ammattikoulutuspaikkoja,1
Sikapiirroksia,1
Ansiotuloveroasi,1
Yhteydenpitostrategia,1
Äššä,1
Pötkätöistäkin,1
Mediaanituloinenkaan,1
Vuokraloiset,1
Voissapaistamiset,1
Persunaisista,1
Jatkumasta,1
Kategorisuus,1
Autoritaarisuutensa,1
Kärjikkäimpänä,1
Wehsz38p74g,1
50kuutioisen,1
Tulolajiaan,1
Motorsportweek,1
Sijoituskeinottelijoiden,1
Kekkuloimiseen,1
Helistimenä,1
Natsihälytys,1
Tyypillenen,1
Tyylilajikritiikki,1
Inhmillistävien,1
Ihonväriperusteinen,1
Laiskanhyperboolista,1
Vastakysymystä,1
Therouxilla,1
Tyyliläji,1
Dinkkupariskuntana,1
Päivähoitosysteemien,1
Ääriaineistoa,1
Liikumattomuudessa,1
Santsilautasen,1
Pizzabuffasta,1
Voivottely,1
Massatraumatkaan,1
Konkursseina,1
Perustulakiaktiiveja,1
Koiranpaskavuoria,1
Kaupunkikakara,1
Suojeluaineista,1
Riisinsyöjät,1
Kokkaripropagandisti,1
Kämppähaku,1
Influensserisaastakin,1
Analysointitarkoituksessa,1
Haukkamielisille,1
Varattomampien,1
Kunnallisverotuottoja,1
Pistänyut,1
Postikorttimaisemana,1
Uneliaana,1
Kiinteistövarallisuuspankkina,1
Natsidokumentti,1
Vapaaikakäyttöön,1
Kaavoitusstatusta,1
Jackeparrock,1
Ympärivuotis,1
66mbkslskwmdim7z41hqoo,1
2_ndcpz0rueiessn8,1
Ltiw,1
Polttomoottorilaitteita,1
Ilmielvä,1
Fasistitausta,1
Kämppässäni,1
Kerrostaossa,1
Pellos,1
Verotulomenetyksistä,1
Tyjänolon,1
Oikeaeti,1
Käsilaukkuihin,1
Tekkistyöläinen,1
Estooniasta,1
Kuntoset,1
Tulevaisuuspankki,1
20fotosynteesi,1
20synteettiset,1
20hiilivedyt,1
Ääriöyhöjen,1
Enabloivista,1
Paskanluonti,1
Koulutttaa,1
Vitamaisuudesta,1
Pjääkhauphunginsheudu,1
Työssäkäymisalueita,1
Hyödyttömimpiin,1
Kaksoismassakytkin,1
Stereotyypittämistä,1
Luksusbunkkeriin,1
Perhetapaaminen,1
Kissatappeluksi,1
Mongoliheimoon,1
Terveydekseen,1
Salaliittoteoristilta,1
Soloveiltä,1
Valery_solovei,1
Okkultismilta,1
Mystiikalta,1
Marduusialainen,1
Kissantervauslaulu,1
Tiob4k,1
Ukraine_war_western_agents_seek_to_get_inside,1
Mikhail_bulgakov,1
Sähkösanomajärjestelmää,1
Kämpälläs,1
Kehumissasi,1
Nimikkojournalisti,1
Natsiudelle,1
Radikalisoitumismekanismin,1
Uskontososiologiassa,1
Kyynelkysymys,1
Kyynelkritiikki,1
Hellyyttävät,1
Radikaaliajatukset,1
Negistelemään,1
Dokumenttiskene,1
Suomiwikipediaan,1
Voitasinko,1
Terveyskonglomeraatille,1
Kuskitöitä,1
Riitto,1
Opintovuodelta,1
Lomailuista,1
Kastistista,1
Ajetaat,1
Kandidaattimaan,1
Varustautumut,1
Kalustetappioita,1
Liittymisessämme,1
Pingahtaisi,1
Suoramunaisen,1
Huolenpitävää,1
Työtuntienmäärä,1
Ehdotusket,1
6päiväksi,1
Vaanjäät,1
Valetutkijan,1
Todellkaan,1
Hiusfööniä,1
Muistittava,1
Aasinnussija,1
Poratuille,1
Verotuloilleni,1
Hyvinvoinvien,1
Mielekkyytt,1
Seudella,1
Veroluotoisiamaksuja,1
Testialueella,1
Nooooooooooh,1
Ylellisyyspalveluita,1
Vakiomopollakin,1
Kakkoskotejakin,1
Ääniopasteet,1
Metallitehdas,1
Elämiskustannuksen,1
Megatyperä,1
Sähkömaatalouskoneille,1
Suuruusluokkaerosta,1
Asennevikaan,1
Virittetty,1
Pikkutehtävistä,1
Kryptospekulaatiolla,1
Heikkokuntoisempikin,1
Maksikin,1
Demokratiauhan,1
Käymisastioillekkin,1
9c18b51f,1
Sieniveitsikin,1
Fd0dc3a1,1
7ad3,1
B61e,1
807115b7d496,1
Vyöryntävalmiudessa,1
Valmistelutöitä,1
Hattuäššällä,1
Sairalahoitoa,1
Normitreenissäkin,1
Yökumppani,1
Muuttoehdotus,1
Kimppakyytin,1
Ympräistöystävällistä,1
Mansikkatiloillahan,1
Hanalaatikko,1
Khylll,1
Cancelille,1
Muuttosuunnitelmissaan,1
Ja4qbvx,1
Mätkäistäs,1
Monimuotokoulutukseen,1
Wampien,1
Kuvismaikaksi,1
Kaatopaikkapuolue,1
Mediaanipariskunta,1
Haavepaikkaan,1
Persiiksessä,1
Ideologiakokeilta,1
Kahvilajien,1
Robustalle,1
Epätodennäkösesti,1
Maisterintutkintoihin,1
Gospodarka,1
Embarga,1
Bedzie,1
Stac,1
Wojne,1
Przekonuje,1
Rozmowie,1
4dtzf4r,1
Womenoppressedbypatriarchy,1
I26qryg,1
Rakenuskustannukset,1
Kiinteistövälittäjätuttavani,1
Keskinopeushan,1
6666km,1
Laintulkinnallaan,1
Asuntoilssa,1
Tekijöittensä,1
1773e,1
Lilliputin,1
Viisitonnia,1
Ykköskoti,1
Kakkoskodeista,1
Kulutusvarat,1
Henkilöopiskelee,1
Startupinnovaatioslushpöhinää,1
Yhtesikunnallisen,1
Valtionvirkamiestä,1
Vakaanyhteiskuntarakenteen,1
Suunitelmataloutena,1
Korkeampitasoiseen,1
Ohjauskeskuksissa,1
Työkalupaketin,1
Kaurasushi,1
Rigan,1
Paskadogmaa,1
Aluueet,1
Ylltää,1
Toimintahäiriöihin,1
Tulopiirakkansa,1
Kheikinend,1
Toteuttamahan,1
Totaalipuolustuksen,1
Puolasa,1
Hepassahan,1
Silvennoisellahan,1
Kremlinii,1
Kattonopeuteen,1
Näkökykyisiä,1
Vähättelenkö,1
Kuosikaftaaneita,1
Laukaisujärjestelmiä,1
Pitäkästyksissään,1
Näpräilyillä,1
Mökihyppytornissakaan,1
Sunnatulla,1
Isotuloisempiin,1
Vammaispalvelukorttia,1
Bussihinnan,1
Kaasuputkibisneksien,1
Lapsiperheisien,1
Haukkumisfantasiat,1
Kolonnit,1
Reaktiokaasuna,1
Veitää,1
Sivistystö,1
Campperi,1
Yliopistokoulutusen,1
Vuonovoimaloista,1
Aitotutkijan,1
Muinaisesineiden,1
Löytäjillä,1
Poikkeussääntelyä,1
Qaderzadille,1
Thegeekpage,1
Hyperborialaiset,1
Vaihtosysteemi,1
Menopeliäsi,1
Sähköpeleihin,1
Nettotappiollisia,1
Nettopositiivisilla,1
Kakkosasukkaat,1
Uimaportailla,1
Äijälästä,1
Bussilippukeissiäkään,1
Tuleille,1
Palotarkastajaakaan,1
Kaljalaivankapteenin,1
Pilapuheita,1
Tavoiteltaitaisiin,1
Ajoneuvotyyppinsä,1
Perustalollakin,1
Kasvukeskushinnoista,1
Jälleenvuokrattavaksi,1
Haokaan,1
Substanssilakeja,1
Perustelumuistioineen,1
Äänestyskäytökseni,1
Gbatemp,1
Multiboot,1
Löytökorvauksiin,1
Ruokoilee,1
Sillaisiksi,1
Maketaan,1
15_tau_001_fi,1
Yäddä,1
Rditykdrrä,1
Llt,1
Lullä,1
Kärkrä,1
Kesämökeistäkin,1
Ymimääräksmaksuja,1
Kommunistisiipeä,1
Staalin,1
Lukiouralla,1
Ensikertalaisuussysteemiä,1
Demonstratiivinen,1
Pikkuporvareina,1
Ilmastorumban,1
Sementoivan,1
Keltasiniset,1
Antipanssariaseita,1
Ynmärtävän,1
Spurgukämpässä,1
Bileministerit,1
Lentoemäntäkurssitukseen,1
Työnvälitypalveluiden,1
Palvelutöillekään,1
Erkkola,1
Invalidimopo,1
Kesämökikseen,1
Taisteluosastoista,1
Mbnaio0vofc,1
Vaurastuta,1
Pöhinämeemiosakkeita,1
Energiaratkaisujensa,1
Idänpolitiikkansa,1
Sammakkopuku,1
Luonnonvaravarasto,1
Häviäksi,1
Rattastaa,1
Lehmipoikavarusteet,1
Määritttyy,1
Pörssipäivässä,1
Kanttikoneen,1
Hätäseisnappia,1
Jammaileva,1
Metalliakseliin,1
Alkupääntuotannosta,1
Perusmoduulin,1
Hyödytävällä,1
Perushitsausprosesseihin,1
Elakejarjestelman,1
Väkhe,1
Varsihissa,1
Nouskoohon,1
Vaskilöyly,1
Tammikota,1
Kirikon,1
Perusmalliston,1
Kesäoperaattori,1
Perusoikeusulottuvuuteen,1
Kofeiiniriippuvainen,1
Nykyäjan,1
Vähämpiosaisia,1
Niihinkän,1
Loogisimpia,1
Sumuisassa,1
Suurkolariin,1
Qs_chgyl7xq,1
Savukuhaa,1
Töhöttäneet,1
Vuosiana,1
200x2,1
15volttista,1
Pullotuspuuhaan,1
Hanapömpeliin,1
Kippaannsitten,1
Hanakannuun,1
Lopettamiseenhan,1
Sutkua,1
Kuplakoneen,1
Piennemmässä,1
Sähkönsiirtö,1
Maailmanlaajusella,1
Ринку,1
Jokereineen,1
Sjoittamalla,1
Csdid90zsmp81,1
Kaltoinkohtelemia,1
Sammakkopuvussa,1
Dbfcjrq,1
Vassarivihaansa,1
Katalyyteillä,1
Prosessiteknisin,1
Fraktiosta,1
Dieseljakeesta,1
Pitkillekään,1
Pyhäkalsaritkin,1
Sorsakuiskaaja,1
Lokinkyttäystä,1
Tallirakennuksessa,1
Eläkeratkaisun,1
Balttiakin,1
Gerontokraattisessa,1
Pulustukseks,1
Sijotuskämpäks,1
Rikastumismahkuja,1
Biljädöörendoneja,1
Tarpeellisillaki,1
Kerrostalokorttelia,1
Poliitis,1
Kompassiani,1
Skenarioilla,1
Työturvallisuussääntö,1
Kanttaasi,1
Nykymediaanikin,1
Unelmillaan,1
Henkilökohtaisuuksiinkin,1
Verotarkastusmalli,1
Verotarkastusvaatimuskiimaa,1
Tahllisten,1
Tapathunut,1
Korvausvastuukseen,1
Kaupunkiasuntonaan,1
Tuholaisvuokralaisen,1
Vassarimpien,1
Aatesuunnstanne,1
Zombieyrityksestä,1
Alakylässä,1
Normikulttuuriin,1
Fetissihommien,1
Kjiz1al,1
Ankkabuumi,1
Luksusviittaus,1
Raharikkaalle,1
Substanssilait,1
Yksityisena,1
Vahingonkorvausvelvoitteesta,1
Budjettikurissa,1
Watchdogit,1
Blowerit,1
Vertailleena,1
Pullapaloilla,1
Kerjuuhattuni,1
Siiseliä,1
Räikiää,1
Puimakoneita,1
Juuttikangasta,1
8ex20,1
8x30,1
Piurtä,1
Stallariversiossaan,1
Lottorahani,1
Kuvailitikin,1
Ayanaensfw,1
Hevosehotuksesta,1
Poikapupu,1
Matikkaralli,1
Huoltopäivänä,1
13800e,1
Tulonsaajapariskunnalla,1
Keskusteluyhteisöistä,1
Patjatestaajan,1
Korsohan,1
Kaupssakäynnin,1
T7u0d76,1
Hiekkaboa,1
Viinilasissa,1
Eristyspeltisepän,1
Biomassansa,1
Mouhutaan,1
Aivosolustaan,1
Juurikasvikset,1
Toimittamistakaan,1
Kristallishottilasista,1
Maatilkuista,1
Uct4ov9l,1
Fl5ebwvvdvdtoxg,1
Ydinasekulissin,1
Syntikkakin,1
Hitsaamatta,1
Kemppiki,1
Cädissä,1
Lopputyönki,1
Akkarinkin,1
Kirjakielisinä,1
Asetestin,1
Kiristäisivätpä,1
Taloyhtiölainapaskahan,1
Luontopalkinto,1
Ayanae15,1
Retweettailen,1
Sulakkeeksi,1
Äänittelyjä,1
Mustavöiset,1
Valkovöisten,1
313k,1
Totaalihinnaks,1
Remppatilanne,1
Remppaustaitoa,1
Sijoitusyksiön,1
Sotatilanteesssa,1
Panssarivarustusta,1
Mamunhalaaja,1
Pössyteltävää,1
Kapybara,1
Sähkönlämmitys,1
Skibaleen,1
Vieroittumalla,1
Junnupalkkakin,1
Tekkisalojen,1
Lauttureita,1
Hehkulämmittimestä,1
Kaurasushia,1
Vensklattua,1
4epee,1
Viljatkaan,1
Painemotorisoidulla,1
64cemjtwrgw,1
Tullaushinnaksi,1
Valleyyn,1
Kakkoskämppäänkin,1
Kaksoiskuntalaisuuteen,1
Passiiivin,1
Puhekielisyysksiä,1
Kasvihuonekahvia,1
Huopatassutehtaalla,1
Lainakannassa,1
Luettemista,1
Kootoo,1
Neetoo,1
Viitoo,1
Kuutoo,1
Neeyy,1
Neekaa,1
Viiyy,1
Kuuyy,1
Seeyy,1
Kasiyks,1
Kasikaks,1
Kasikolme,1
Kasineljä,1
Kasisee,1
Sähköpianojen,1
Okamia,1
Ykstois,1
Kakstois,1
Tekkistyöpaikkoihínkin,1
Lepposammasta,1
Miljonäärisuburbiassa,1
Dekkareit,1
K1nokalle,1
Kaasukoukussa,1
Loistosoftaan,1
Abletonillekkin,1
Rauhallisempaahan,1
Tuskailemista,1
Aivojumpalle,1
Pistoliekin,1
Aluslautojen,1
Synonymisoida,1
Qmyxbh4,1
Tietokoneharrastajana,1
Mixbussia,1
Palkkaisemmista,1
Vpcwlwv,1
Terapeuteillenne,1
Suolakurkkumoposta,1
Editointiominaisuudet,1
Heavenswardii,1
Rääsykö,1
Tsikhanouskayalle,1
International_reactions_to_the_2020_belarusian_presidential_election_and_protests,1
Winsester,1
Ysimillinenkin,1
Ogfxgtsypbc,1
Murmanskinkin,1
Kusipääremmi,1
Opiskelijamenoissa,1
Vnc3e7c,1
Perehdyttäbä,1
Historiallsen,1
Cleanisti,1
Huoltovarmuuspiriä,1
Puritaanishenkisiä,1
Hölmöilysymboleita,1
Metallinetsijöistä,1
1600luvun,1
Kupariäyrit,1
Hkzj,1
Yzjj6e,1
Damagementti,1
Welds,1
Päivänvaloka,1
Gamgnam,1
Ggas,1
Jvmistä,1
Laajentumishaluisia,1
Syärään,1
Seinäjeonlaisilta,1
Luonnellisesti,1
Urasiirtymää,1
Pankuralle,1
Kunnostapitoon,1
Kolikkolöydöillä,1
Mupise,1
Okamistriimi,1
Idikseen,1
85yrtisd9q01yjdk,1
Asuinkompleksit,1
Vedetääm,1
Hukkalämmölles,1
Asunukkin,1
Väijytystaidot,1
Verotuskuviosta,1
Maariskinä,1
Mukavoitui,1
Varttianarkismi,1
Syyvvää,1
Tännäi,1
Maassaololupapäätöstä,1
Mubarakin,1
Piilorasisimi,1
Kybersotilaita,1
Hoikistaako,1
Iszyj5mhapi,1
Kooderillekkin,1
Lausuttun,1
Tuotantotaloudellisen,1
Bännitäänkö,1
Bänärissä,1
Yhteiskuntapolitiikkana,1
Ruokalaskuriin,1
Objektoiminen,1
Kaverinaisen,1
Stressitestirajalle,1
Veldaamisesta,1
Palkkakehitystäni,1
Taikaseinäajattelua,1
Suhmuroiin,1
Puolisotilaallistetaan,1
Budju,1
Harkitsemalleni,1
Rivariyhtö,1
Kakkareikää,1
Kotoutuneille,1
Vilunkikeinoin,1
Epätärkeää,1
Ihmisego,1
Itsesensuurikulttuuria,1
Insinöörihitsari,1
Hitchers,1
Matkailubloggaaja,1
Sieniveitsellä,1
Mandrilli,1
Lisätarjonnasta,1
Jäsenkorjaajaksi,1
Hiekoituskaan,1
Insinööripariskunta,1
Pimeäkauppaa,1
Endostahan,1
Kuberneteks,1
Discantoo,1
Lähipostiautomaattiin,1
Opisteltu,1
Jumalkompleksille,1
Kystiin,1
Perinnesepäksi,1
Läsö,1
Kilsoil,1
Kamaluudestahan,1
Jakopääremppaa,1
Jättilafkojen,1
Puhelinterrorismista,1
Energiakapasiteettia,1
Lämpövarastointia,1
Leimatermiä,1
Ysaaq9rh_vs,1
55jz7kw8h4w,1
Itätaustaisella,1
Dbefb9af4g8,1
Pizzeriakahvila,1
Vastuuttomuuspolitiikka,1
Hoylä,1
Sokeutumaan,1
Kommuunimaisesti,1
Groupiet,1
Struisebeershop,1
Debiertonne,1
Huonomisena,1
Lääkärissäkäyntikin,1
Hammaslääkärimaksuista,1
Harkistevat,1
Tunnetaakos,1
Pienpanimokaljaa,1
Sennsijaan,1
Kuuntelemisessahan,1
Anarkistienkeli,1
Teennäisille,1
Pohioispohojammaalta,1
Kovempipalkkaisesta,1
Laadunmittaajana,1
Chilleimmistä,1
Paistelis,1
Tarhaopeksi,1
Paloturvallisuusalalla,1
Vessatukoksia,1
Jakurihommaa,1
Suurempua,1
Poliittisemminkin,1
Haviteltaisiin,1
Johtamisvastuussa,1
Vaksinkopissa,1
Demobiisin,1
Sigelas,1
Ondo,1
1qy,1
I0w,1
N54eqgoteqo,1
Oikeudenmukaisuuskysymyksenä,1
Plakat,1
Rikollisfirmoista,1
Kellonajanmuutos,1
Hyyää,1
Kesäajanko,1
Etämyyjästä,1
Hulkkoseen,1
Operation_tanne_ost,1
Pilviasiantuntijan,1
Alanvaihdossuunnitelmat,1
Käsityöala,1
Jälkimmäisestähän,1
Kemppiliima,1
Säihkysaari,1
Farks,1
Nacks,1
Tullipapereita,1
Valosasta,1
Tietoliiketoimintayksikön,1
Kellonsiirtolakkoon,1
Vaihtoetoisesti,1
Koneistamon,1
Nakkikiskatappelulta,1
Sinisenkin,1
Hortoilisin,1
Villivihanneksia,1
Kuvittaisin,1
Koneenasentajaks,1
Ketjupetkuttajan,1
Nettikieltolailla,1
A525cb48,1
Veronmaksajafirmoja,1
Sooloilisikin,1
Hämäännyksen,1
Muuttoilmotusta,1
Everyoneis,1
Ofcountries,1
Foreignminister,1
Thani,1
Atthe,1
Rupkakulttuuriin,1
Inventaarihommia,1
Aukeamisvuoroon,1
Unirytminne,1
Korporaattien,1
Rutiiniensa,1
Tpebkr,1
Suomen_lippu_ukrainan_lipun_tavalla_vaihdetaan,1
Vähättelivillä,1
Ellilaamamaali,1
Alkoholijuomaverollinen,1
Fiitsereitä,1
Opetellanniin,1
Sonariin,1
Dawilta,1
Ilmaissettien,1
Tutoteissa,1
Sliikimpi,1
Varustetummalla,1
Käyttöfiilikseen,1
Nosturikuskiksi,1
Purnuttaa,1
Marsalkkaan,1
Kymppiluvulla,1
Reissuhitsareille,1
Ylityöviikonlopulle,1
Edunvalvontasopimusta,1
Parisuhdeneuvonnat,1
Valoisimpiin,1
Terassihetkiä,1
Äminen,1
Tommosesa,1
Symbolittomassa,1
Päälekkäi,1
Tukijärjestelmistämme,1
Aikatauluttamaa,1
Rikollisimpien,1
Sopimuksenmukaisia,1
Kellonlyömien,1
Muuttumattomuuskaan,1
Sovitaankaan,1
Territorioratkaisuun,1
Samoassa,1
Pragmaattisemmalla,1
Arbituaarinen,1
Bluessointujen,1
Ympäristömerkitty,1
Ympäristötakuulla,1
Tehtäväkenttänsä,1
Maanpuolustuskielteisyys,1
Aikavyöhykeraja,1
5deg,1
Ärsyytynyt,1
Autoaddikti,1
Autoaddiktien,1
Selviytymismekanismeihin,1
Keilahalleja,1
Konserttihalleja,1
Hirmuvallallaan,1
Sayiyan,1
Piirä,1
Krokotilli,1
Qatarkin,1
Nsijoittajia,1
Kuuroutui,1
Rohkasu,1
Talveenhan,1
Pimeyteenhän,1
Monillla,1
Tutkimusprofessorit,1
Downsiftasin,1
Alkostoressa,1
Laihiantie,1
Jätätystä,1
Tahdistava,1
Univaikeuksistaan,1
Univelkaisten,1
Sarastava,1
Sarastavat,1
Koskettavina,1
Handlasit,1
Jännittäväkin,1
Oottavatko,1
Kiusaamistavasta,1
Alasubissa,1
Perusvarmojen,1
Insinöörinpuolen,1
Nossekuski,1
Asennusnosturia,1
Tankotanssikin,1
Työaikoihinkin,1
Pasetšnik,1
Naapurialue,1
Separatisteha,1
Päivärytmistään,1
Vuorokautemme,1
Aurinkovuorokauteen,1
Mukaanlukienkaan,1
Päästökertoimelle,1
Virastotyöajaksi,1
_njet,1
Moloff,1
Intensifies_,1
1nainen,1
Aktiivisaunojalla,1
Aikavyöhykkeiseen,1
Nettikokoukset,1
Omieta,1
Aamukuudelle,1
6deksi,1
Työmaatykit,1
Kutsupalveluliikennöinti,1
Eufemistista,1
Kertalämmitettävälle,1
Superoptimaalisten,1
Hissirempat,1
Saunahatun,1
Nollameridiaaniksi,1
A4linen_meridiaanikonferenssi,1
Iltavaloa,1
Hattupäisen,1
Lapseltanne,1
Komentajienkaan,1
Pirauttelevat,1
Hyötykohde,1
Sotepommikin,1
Tuulenhenkäyksen,1
M0015vbn,1
Toimituksin,1
Sairausvak,1
Videotilauksia,1
Lauseyhteydestään,1
Sitruunanviipale,1
Autoilleenakin,1
Kolomiotielle,1
Maskiselvityksissä,1
Adoptiopaprut,1
Kolmiuloitteista,1
Maamattu,1
Peehana,1
Oikeusmerkin,1
Yekt,1
Nostotyöstä,1
Haalausmiehenä,1
Ensipäiväkortti,1
Rahastointikohteet,1
Rahastointiosuudella,1
Säteilysuojan,1
Turvaopas,1
Ox5egble76w,1
1saskarketuri,1
Twiittasiko,1
Ksuden,1
Kanittavat,1
Kesivaiheen,1
Kärkijoukkueet,1
Dollarisäkin,1
Kryokammiota,1
Varasinkaan,1
Konsesusmielipide,1
Aurinkovuorokaudella,1
Säilykelava,1
Säilykelavassa,1
Pahvialustoilla,1
Dolmioita,1
Takaisinpäinsiirtoa,1
Huomaamattomis,1
Sijotettuja,1
Pujottelisivat,1
Aluepuolustuksrstaan,1
Varustautumistaan,1
Ultrakestävä,1
Punavihervärisokealle,1
Puistonikkari,1
Kotikatsojalle,1
Juhlapostimerkki,1
Avunantosopimuksesta,1
Kesäaikaakin,1
Heikinen,1
Vdipmg,1
Hajuisiakin,1
Kerrostaloasuntomökkejä,1
Puistovirasto,1
Liikenneosasto,1
Tienumerolle,1
Nopeudenvalvonnasta,1
Höpöhöpömaahan,1
Kolmiokyltin,1
Aihealyeet,1
Orkesterimuusikon,1
Runotaidetta,1
Suuntutuu,1
Pasaistit,1
Golfkentänhoitaja,1
Parivalinta,1
Kutsuntatilaisuudesaa,1
Erkoisjoukko,1
Cakewalkkia,1
Lääkintähenkilöt,1
Kassikohvik,1
Itsetuhoisammalle,1
Laajentumishaaveille,1
Hyökätköön,1
Tuomata,1
Aikaraudan,1
Posotettaisiin,1
Kertauksenkaan,1
Itellin,1
Varastoduunistani,1
Maunulalaiset,1
Tammipeli,1
Siirrettäisikään,1
Kenttäkierrosta,1
Kolmiulotteisiin,1
Turvallisuuspolitiikkamme,1
Mielenkiinen,1
Liikennevälinepako,1
Sotilasaparaattia,1
Tiastelukärkiäsekä,1
Tuntijärjestelmän,1
Extralta,1
Närvilän,1
Matkustuksenhan,1
Piilokolmiot,1
Muotoselta,1
Lääkintähihanauha,1
Itsesensuroimalla,1
Kasarmiseksi,1
Kirkkokuntahan,1
Grillailusta,1
Vastaavanikäisiä,1
Toimistoaliupseereina,1
Liikennemerkkimuutos,1
Fryitylooper,1
Laivatalousalaa,1
Talousapulaisen,1
Kokkistuertiksi,1
Ennakkoluuloihinkin,1
Oikeudellisiksi,1
Alkukristillisyydessä,1
Valmisteveroissa,1
Syksyviikonloppu,1
Kellonvaihdon,1
Imperialistiarvoineen,1
Arvoineni,1
Foundmyfitness,1
Selviöt,1
Luonnonvaroihimmekaan,1
Vanhenuneet,1
Yövuorojäbä,1
Feltsaamisesta,1
Näkemäalueiden,1
Sääpalvelua,1
Pystyini,1
Sesonkibonukset,1
Leikkipäätettävää,1
Epäajatus,1
Kolmiokyltit,1
Raitalipun,1
Fanaatikkokaan,1
Zenitissä,1
Decipäivä,1
Centipäivä,1
Millipäivä,1
Lupasvammalta,1
Ajautuisivatkin,1
Kulmikkuussosialisti,1
D36vvb,1
Laivaliikenteestähän,1
Suhdejakaumasta,1
Laivaliikenteemme,1
Marinekohan,1
Irakiaiset,1
Hasanabikin,1
Kulahtanees,1
Hauas,1
Hyo1c08,1
Jenkkikalusto,1
Ehdikkä,1
Nejm199604043341416,1
Apl9451317,1
Tupakkasponsoreita,1
Pommituskalustonsa,1
Selkämpää,1
0h22m53s,1
Ysiluokal,1
Kamppailumieltä,1
Mielensäpahoitan,1
Exposetobacco,1
Väestökasvaa,1
1s5za8tyi9pz8tymv1oaaeig,1
Tilausmaahan,1
Betonistahan,1
Sisäsähköjä,1
Ulkoinfraa,1
Väsertää,1
Perhanaaaan,1
Maastamuuttaneista,1
Lentopisteämmä,1
Neuvostolee,1
Jännittävääkään,1
Hemanit,1
Babyboy,1
Piktät,1
Kirijottannu,1
Halkokarilla,1
1swgftmm1vabfaxyl3la72pw,1
Bunkkeriöljyllä,1
Nollapituuspiirillä,1
Time_in_europe,1
Logiikkapähkinöitä,1
Kaivautti,1
Heittelenkö,1
Aurinkokeskipäivää,1
Rutiköyhiin,1
Gangrene,1
Tykinruokakalustolla,1
Virhearviotahan,1
Menekänä,1
Bunkkeriöljy,1
Krakkereihin,1
Sotakalustolleen,1
Dementioissaan,1
Ainemäärällisesti,1
Krakkaamalla,1
Kempelemaraton,1
Messiaasi,1
Spetznas,1
Matkusteluita,1
Velhottaren,1
Tarhantädille,1
Leikkimiekkoja,1
Ensyöksi,1
Tpf1q0,1
Cancellaaja,1
Gaslighttaukselta,1
Perustoimeentuella,1
Liikkennesäädösten,1
Timesnewsuk,1
Asiakasmääräsi,1
Aikuiskoulutuslaitoksessa,1
Kärkikolmioksi,1
Tolkkuuntuakseen,1
Ydinräjähteita,1
Sü,1
Liikennesuunnittelijatkin,1
Etuajosäännöt,1
Puljuasi,1
Toimipisteesi,1
Zwwxw_gjcoo,1
Surkeatasoinen,1
Jools,1
Liikenemerkkien,1
Venäläistymiseen,1
L_rywy_7y1q,1
Kemmukorttia,1
Kysymyksiö,1
Työvoimafilosofia,1
Kokoomuspoliitikoille,1
Matalapalkkatalouden,1
Selviytymispalkkaa,1
Rekrykitkan,1
Hhbfndvs,1
Rännistyneeseen,1
Valtasuvut,1
Prostitoiduiksi,1
Harmaamapana,1
Psykoseksuaalisia,1
Hemaneilla,1
Tpic9g,1
Putinin_armeijan_synkät_salaisuudet_varusmiehiä,1
I2cqdlk,1
Uhriutumiskompleksia,1
Vallankumoistaa,1
Taloudentoiminta,1
Baxryrpbnua,1
Tepsyn,1
Tehtäski,1
Paksummiks,1
Neonvihreeks,1
Armeijallemme,1
Puolustuskysymyksiin,1
Asevelvollisuuspohjaista,1
Asevientiteollisuuteen,1
Sivutoimistoihin,1
Valkokauluskokoomusäänestäjä,1
Rahakkaisimpiin,1
Hävittäjäfirmat,1
Taituvella,1
Prässityökalun,1
Suppeutuu,1
Orjuutukseksi,1
Lempieufemismiä,1
Hölynpölynarratiivilla,1
Tuhoamisiin,1
Terokaan,1
Ydinsähkösopparin,1
Tihrustamiseen,1
Supermenestynyttä,1
Yleverorahoja,1
Laalaalandiassa,1
Orjaparat,1
Laalaalandiaa,1
Tartettaisi,1
Maatilanomistaja,1
200ekr,1
Vaikuttaumis,1
Kepuloiko,1
Sisäpiirisetämiehien,1
3680w,1
Päivävireyteeni,1
Tappiolukemiin,1
List_of_active_separatist_movements_in_europe,1
Sinunkan,1
Väännättää,1
Amatöörijoukot,1
Tievaurioon,1
Ydinlatauksellaan,1
Pieruperä,1
Kolmakseltaan,1
Oikettu,1
Koskahavaitsi,1
Nänniennäyttökielto,1
Vanhemmuusoikeudet,1
Synnyttimet,1
Suurvaltanaapurillemme,1
Tunneköyhyyden,1
Nukkeharrastustaan,1
Kokoomustoimittajat,1
Kommenttiväen,1
Alkuperäispakkauksissaan,1
Sunnuntaihiprakkaisena,1
Direktiivinvastaisuuteen,1
Raidejokerissakaan,1
Tolkkuuntuisi,1
Matkustusmukavuudelta,1
Pandea,1
Peepoilen,1
Lousoixissa,1
Raitaisena,1
Ms400,1
Jukkia,1
Janitoja,1
Säästelevän,1
Kaartinarmeijoita,1
B2043212,1
Orgasaatioiden,1
Videojärjestelmissä,1
Käsittämätöntää,1
Syntymävuosikysymys,1
Pepunanto,1
Kirkkotramoja,1
Tilsnne,1
Enäätarvita,1
Viestintäharjoittelijan,1
Villikot,1
Kannustinluokut,1
Famnen,1
Tasaarvotilastoina,1
Kemikaalikuorman,1
Asevelvollusuudessakaan,1
Kutsuntavelvollisuutta,1
Kohderyhmissään,1
Feminisiksi,1
Jännyysammatilta,1
Väikkäriaihetta,1
Valitessakin,1
Tekstikirjamääritelmää,1
Puolustetuilla,1
Linnanherraksi,1
Varmistelevalla,1
Tupakkatuotevapaaksi,1
Elintapoihinsa,1
Kasvispainoitteisemmin,1
Vereenkierto,1
Miehisyyskin,1
Miinottamaan,1
Paavoaa,1
Viestintiäharjoittelija,1
Reflektointini,1
Tienpätkiltä,1
Maatie,1
Jonoutuvat,1
Avanneille,1
Kesäaikakeskustelussa,1
Aurinkovuorokauden,1
Aurinkovuorikausirytmiin,1
Lähiöliikenteet,1
Letkoittunutkin,1
Tiesvittumissä,1
Taantumajaksot,1
Uudelleennostamista,1
Neuvostonostalgiaan,1
Ottaishan,1
Tiedepuistoon,1
Suhmuriakrobatiaksi,1
Politiikaltamme,1
Suorittajaihmiset,1
Sääästötoimenpiteistä,1
Oikeudenmukaisuudestahan,1
Bitumiin,1
Juhlakortti,1
Fgahtradzyq,1
Kaksoistutkintojen,1
Suorittamistavoissa,1
Kaksoistutkintomahdollisuuden,1
Työllistymismantralla,1
Parisuhdeneuvonnalta,1
Tekstikirjarasismia,1
Uloshaluttaviin,1
Bussiyhteydestä,1
Raidejokeriyhteydestä,1
Silittäjänä,1
Saunalisiä,1
Hemanfetissi,1
Taluueläkeläinen,1
Kitkatappihitsauskone,1
Ruuhkatunnissa,1
Ajoajoissa,1
Mielikuvitustilanteen,1
Insinööriopiskeluihin,1
Yhtäkkkä,1
Varuilleni,1
Mammografisen,1
Naapurustostaan,1
Julkaisuaikatauluja,1
Sotavoimakin,1
Sekasikiösysteemi,1
Kotipaikkakunnallekin,1
Kilpailuhalusena,1
Lähetyskaappiin,1
Tappimainen,1
Pystyttämille,1
Tiedonjulkistamispalkintoja,1
Vastanottaminen,1
Konsensushenkistä,1
Myyntipistekohtaisesti,1
Habanerolla,1
Suudelmakin,1
Kolmoistutkinnossa,1
Semituntemattomalla,1
Nännibatmanin,1
Paskanmarjojen,1
Puunjalostusyhtiön,1
Plantaasitaloudeksi,1
Arveluttavin,1
Riitautuvan,1
Viinasella,1
Nakutuksesta,1
Lukituslaite,1
Muurauskauha,1
Akkukaapelit,1
Rumpunaulain,1
Pellintaivutuspihdit,1
Beetlen,1
Imurointini,1
Pölynäärästä,1
Sankiota,1
Mafiatyyliset,1
Pelottelukirjeet,1
Patriarkaattisissa,1
Roikotuttaa,1
Viimesijaisuudesta,1
Mielipidepainoitteinen,1
Tallaamatta,1
Kirjanpitorumbasta,1
Lisäpaskaantumisen,1
Teiniässä,1
Aloitetu,1
R2p4k92x2ah71,1
63d3cd99a011cb77cb9e8cf4b15f23d21c653488,1
Tuntumastakin,1
Aikaansaamiselle,1
Kertol,1
Psytynkö,1
Rauhanpatsaat,1
Nollatuntityöt,1
Indeksikorolla,1
Kalaruoan,1
Selkäevästä,1
Lähetetimme,1
Vetovitosen,1
Pyykkikoreista,1
Tosiasiallsiesti,1
Viinipullohintoja,1
Eritatavalla,1
Kuuloluurista,1
Sotahumpuukin,1
Tekstiviestipalstoilta,1
Auttamishalukkuutta,1
Innovatiiviutta,1
Protestoineesta,1
Ovsjannikovasta,1
Koululounaita,1
Virtuaalikortillaan,1
Mikrosekunttien,1
Cradles,1
Gpqfzjuzrny,1
Konservatorioiden,1
Powerpointmänäzerit,1
Kitkahitsaus,1
Fuusioituisi,1
Diplomatiankin,1
Informaatiovaikuttamisestahan,1
Nuollakses,1
Junttiapinoita,1
Nöyryytyskeino,1
Pölypalloon,1
Strategiavalinnalle,1
Osuvathan,1
Vankilaväkivaltahommelit,1
Neutronigeneraattoreiden,1
Keskusteluseurassa,1
Kylttereitä,1
Avoratikoissa,1
Harjoitettavalle,1
Kuljetusmuotonsa,1
Työvälinekustannukset,1
Mikrotyöt,1
Ylihajauttamisen,1
Takanlämmityksen,1
Riskat,1
Neliöit,1
Laskutileille,1
Sisällysluetttelosta,1
Perusbulkkiakin,1
Pesuhuonen,1
Aikaistamaankin,1
Rennommaks,1
Näyttielkein,1
Kauppreissut,1
Elukoit,1
Pudotuksii,1
Lojaaliudet,1
Cognitiivisen,1
Imuroinpa,1
Puskuroineet,1
Latistat,1
Sokeutuisit,1
Lähtökohtasestikaan,1
Viikolala,1
Pakotteisiinkin,1
Suunniteltavien,1
Srategisesti,1
Kokkaatteko,1
Synnytyksenjälkeiseen,1
Yhteisestiki,1
Paratiisirahajärjestelmän,1
Paratiisiyhtiöiden,1
Keskusjärjestelmästä,1
Leffamakuni,1
Diariessia,1
Hodlaajana,1
Sillaite,1
Kylmännytkään,1
Kissankarvoille,1
I23r6jy,1
Sivistömättömiä,1
Kimppapuuhaa,1
Apukokin,1
Järkikaupalta,1
Böndejäkään,1
Gibraltaria,1
Suezia,1
Euroopansuuntaisen,1
Ruokatoiveista,1
Paskaisemmat,1
Kotityösuhteeseen,1
Metatöistä,1
Punttisalini,1
663563ec,1
E966,1
82f4,1
E0a29de0d043,1
Hallusinaatiohyttysiä,1
Vaiheitakin,1
Tyhjentämisvaihetta,1
Kaapittamista,1
Q80t,1
Hoodhan,1
Huotajuuskiistoista,1
Tutisti,1
Opettejien,1
Tukkamalliksi,1
Reseptilista,1
Merkkailtiin,1
Ainemäärineen,1
Inttilookki,1
Alkolainsäädännön,1
Manitseminen,1
Mightily,1
Misadventure,1
Tutkimuksiinhan,1
Ruoanlaittovuorot,1
Etetyöpisteelleni,1
Täläistä,1
Komppanialaiset,1
Sulavuudella,1
Kalkkeutuminenhan,1
Jämympiä,1
Propagandatodellisuudessa,1
Avioeroko,1
Turvallusuutta,1
Kodeiininkin,1
Vubsftlkgn8,1
Skolioosigangsterit,1
Kellottakaa,1
Kotityötunteja,1
Rahamääräisellä,1
Kaitsemisensa,1
Puhkeasi,1
Löysyttämään,1
Narkkikredentiaalit,1
Häivytyksenkin,1
Tavoiltamme,1
Klimppiintyvät,1
Rajallisest,1
Dunkkaaki,1
Syytteetki,1
Määriteltiinkään,1
Vuntikka,1
Getsii,1
Kaverisuhteitten,1
Leikkitreffien,1
Vaaterumba,1
Vaihtovaatteiksi,1
Kurikset,1
Fleecevuori,1
Ipananperkele,1
Huuuuumeeet,1
Vuokrausehtojen,1
Ylläpitokunnostukset,1
Kuskailun,1
Liittoutumattomilla,1
Mamuparturit,1
Ohennussaksien,1
Kotityöaika,1
Parasetamolivalmisteesta,1
Uuttaisin,1
Rastisteja,1
Vierastavia,1
Kadunkunkulmasta,1
Viherpeukaloi,1
Tulisinkaan,1
Why_to_thank_your_partner_for_doing_the_chores,1
Päihdeongelmahan,1
Hamppupelloiski,1
Puimuroinnin,1
Zhilova,1
Järjestyksenpidollinen,1
Sotaleikkikiellon,1
Barbejen,1
Verkostomarkkinoida,1
Sukupuolikasvatuksessa,1
Vessapuhekieltoja,1
Tarhalaistenkin,1
Kumoituksesta,1
Asuinhuoneenvuokralain,1
Nykyseille,1
Julkisuusargumenttia,1
Viinakorruptiota,1
Viinaoligarkkeja,1
Puhahdellaan,1
Moscowissa,1
Varavaatteista,1
Hillovääpeli,1
Vegetila,1
Klooninkin,1
Taloudellusten,1
Ajakohtaisia,1
Lollerokamaa,1
Puistotiet,1
Pahotellu,1
Downilaiset,1
Väyryspuheet,1
Exelissä,1
Kertolla,1
Keskijohtomateriaalia,1
Vessapaperikaapit,1
Kodinhoitamisessa,1
Opioidihaittojen,1
Julkilausumana,1
Apkeriddi,1
Bensoina,1
Raidesuunnitelmista,1
Avariksi,1
Bussitie,1
Raidejokerillakaan,1
Kryvolapov,1
Kohdusti,1
Hyysäyspolitiikan,1
Siperialaisella,1
Photorator,1
Kuolleet_sielut,1
Neuvostoliitn,1
Sotaretkelleen,1
Liittotumattomana,1
Jahtiporukkaan,1
Rauhaisasta,1
Marjaskarhusta,1
Rauhaisammalle,1
Itsruhriutumista,1
Heteroiks,1
Vuokralaiseks,1
Kotiviljelmissä,1
Itseuhriutumiset,1
Vetran,1
Ydinpointteja,1
Siviilikomponentteja,1
3ksi,1
Irtosanomisajalla,1
Metatyä,1
Keepistä,1
Siivouspäivien,1
Kodintöiden,1
Horjuisikin,1
Rozarleasall,1
Followeria,1
224_valkama_litmala_2006,1
Ensiratkaisut,1
Muutoksenhauistakin,1
Muutosratkaisu,1
Varsinaisasioina,1
Yksinhuollosta,1
Yksinhuoltopäätöksissä,1
Liitännäisvaatimuksissa,1
Liitännäisvaatimuksessa,1
Huoltopäätöksen,1
Lähtokohtainen,1
Huoltajuusvaatimusten,1
Huoltoriitakierteenä,1
Siivoomisrutiinin,1
Waithytacal,1
Varastontyöntekijän,1
Puolilukukausittain,1
Koittuiko,1
Lankakuulokkeilla,1
Kissakissaten,1
Kissamangakissa,1
Manga_cafe,1
Kissanopankissa,1
Pan_kissa,1
Andrismin,1
Alistatte,1
Ed1ba50c,1
2cec,1
85a6,1
B250b34e4b50,1
Ensijaksoissa,1
Pilkanteolle,1
Mahalaskustakin,1
Rentoudessa,1
Nopeemmon,1
Kauhuduunissa,1
Yhteensopimattomuuski,1
Siivousnatsi,1
Erilaisiiki,1
Lähestymistapoi,1
Tiedonotto,1
Kasvatusteltoista,1
50geetä,1
Fixannut,1
Ilmauskengillä,1
Exelöinyt,1
Talkkarihommaa,1
Itsetyhjennys,1
Inkeihaenup,1
Kiinaradiot,1
Threadthyfabank,1
Valsquarete,1
Followereina,1
Negatiivisit,1
Bottisubausten,1
W_1280,1
0887961875027_5,1
Lasipalatseista,1
Ruotsihimmelin,1
Helppoheikeistä,1
Valikoimissaa,1
Skimvanhoma,1
Panadoleista,1
Opioidikoukkuun,1
Energiansäästölamppua,1
Huuuumelaboratorio,1
Oksin,1
Aamupalavärkkejä,1
Kitusesti,1
Karsitakaan,1
Raastavaakin,1
Kompsensoin,1
Työnantajayrityksessäsi,1
Kasvatustavathan,1
Aspiriinit,1
A4n_vuoden_1905_vallankumous,1
Ikealainen,1
Rehvejä,1
Natseilyn,1
Kotiinkuljetusaika,1
Oligargien,1
Asuttamaillaan,1
Mafiasodat,1
Rakkausromantikko,1
Tapaamisiks,1
Kellonsoittajalla,1
Ruukkujakaan,1
Kotityöpisteitä,1
Pyykkäminen,1
Mittayksiköin,1
Vessanpesusta,1
Ibuprofeinillakin,1
Liittouttumattomiin,1
Dropkickin,1
Kurdilaiseksi,1
Hemankin,1
Kauppaaki,1
Kaupplaista,1
Terveyskuplassa,1
Sketsipätkiä,1
Päätättekin,1
Laatamisen,1
Littymistä,1
Venäjäkielteisempiä,1
Puhelinnumeroida,1
Setseenikin,1
Työssäoloaikamme,1
Allekirjotettiinhan,1
Hommaatka,1
Aluakohtaista,1
Nykyseenkin,1
Ilmotusajan,1
Kuolaavasti,1
Kansallissosialistisesti,1
Pidempäään,1
Hähmyisiä,1
Vuokrafirmatkaa,1
Drunkenly,1
Unilelun,1
Tumppujen,1
Saivarartelusta,1
Erityisvaalikampanjaoperaatio,1
Kalluryhmä,1
Esthel,1
Desingastioita,1
Räjäyttämisissä,1
Tyrmättäköön,1
Äkkiväärimmät,1
Naisasiayhdistykset,1
Herraskerhot,1
Ruotineetkin,1
Oikeudenmukaisuusasiaa,1
Sellainenu,1
Telekuuntelulaitteiden,1
Kykällä,1
Sysihelppoa,1
Varkaude,1
Taistelujoukoksi,1
Strategic_autonomy,1
Littämiseksi,1
Jättitiet,1
Linkkitorneissa,1
Likašankolle,1
Hyökkäyskeinoa,1
Purkamispyyntö,1
Folihattuskeidaa,1
Viinasukupolvi,1
Veronkerryttäjäsukupolvi,1
Koskenkorvajokien,1
Propagandahevosta,1
Kansanterveysperuste,1
Pajakeskustelussa,1
Kossupulloverostaan,1
Verkkoinfrayrityksistä,1
Menoissanne,1
Avunantaneesta,1
Joutanevat,1
Sokkouteetut,1
A2i559rthdw,1
Rinnakkaisjärjestön,1
Liimailjoiden,1
Sorronvastaisia,1
Määräaikaisyys,1
Oikeistosubeja,1
Korporaatiosomeista,1
Kuukausivuoroin,1
Kuulapääjätkien,1
Ykskantaa,1
Miinamahdollisuus,1
Tielentokentät,1
Vihollisotilaita,1
Natsipainajaisessa,1
Kohteekst,1
Ennaltaehkäisynkin,1
Kasvatusprojekteja,1
Sähköstimulaattorin,1
Sokkoutettujen,1
Panostuspaikat,1
Kiikuttamisen,1
Osterihimokas,1
Moviehan,1
Pehmopornoleffaa,1
Älykajarin,1
Audiodraamatkin,1
Tärisevien,1
Löytövaatekorin,1
Varavaatekoriin,1
Liittyväy,1
Letargisia,1
Sokkotutkimusten,1
Huimaaminen,1
Reseptinki,1
Opeteltavis,1
Ryssävibat,1
Tietosaatavuus,1
Loodia,1
Ranskisviivoja,1
Netoworksin,1
Ylihengittävä,1
Vaktioitu,1
Tutkintaviranomaisten,1
Puuhahenkilöolettamat,1
Laajentumishankkeet,1
Murhakoneiston,1
Ilmataisteluasemieheksi,1
Taistelunjohtoaliupseeri,1
Apumekaanikoilla,1
Opiskelijapaikkakuntia,1
Valvontahässäkkä,1
Schematics,1
Puolustamistamisen,1
Ruonlaittoa,1
Maahanmuuttajaäidiltä,1
Tämänlailla,1
Valmistatuu,1
Hrustsovile,1
Totetltiin,1
Oleläpi,1
Huutojuttu,1
Naapuriseni,1
Korvaajissa,1
Ministerittären,1
Läähättämisestä,1
Oikeudentajuisemmaksi,1
Puolpimeänä,1
Alkoholikasvatuksen,1
Alkotyyppinen,1
Traumatistoituneita,1
Sieluillensa,1
Palkankorotuspyynnöissä,1
Tulokassaan,1
Kokkailuihinsa,1
Käsikassalääke,1
Skolioosipotilaalle,1
Hoitajissakin,1
Pikkutyttöjäkään,1
Pulikalta,1
Tollanennoin,1
Repeyty,1
Puuhöyläkommentti,1
Rfe3msmpewg,1
Flägäämässä,1
Viljantuottajamaat,1
Viljapulan,1
Rengasliitin,1
Viherpestyllä,1
Skolioosinsa,1
Rauhanystäville,1
Tqb9wi,1
Nokia_said_it_would_stop_its_sales_in_russia_but,1
Harmantakaan,1
Puoliskollasi,1
Laskettekin,1
Vaatehyllyssä,1
Ääripäädyn,1
Limbergiltä,1
Näpsitty,1
Tsudniv,1
Oppisopimuksellisten,1
Olidivat,1
Putkiklemmarin,1
Kiinnittimeltä,1
Beetlestä,1
Kannabispsykooseilta,1
Käkejä,1
Pelvottammaan,1
Sotilasliittoorganisaatio,1
Sivukammarissa,1
Liittoutumiskirjaukset,1
Avaunannosta,1
Lupaamattakin,1
Liittoumasopimus,1
Velattomallakin,1
Kotitalousvälineetkin,1
Kontekstinasi,1
Vaatikkeesta,1
Wmt8kqesthdb5537z9q,1
Natsikatsauksesta,1
Satalapsisesta,1
Ärtymystäni,1
Opintopisteitå,1
Kommunistimielinen,1
Epäongelmissa,1
Supernationalistista,1
Rasistipelleksi,1
Protestiliikkeeksikin,1
Avopuoliskolle,1
Pertviiniä,1
Havujensyönnistä,1
Stimulaattorihoidolla,1
Noikian,1
Kellarikomeroista,1
Vanhainaikaiselta,1
Tulukselta,1
Yliarvointiin,1
Dotatunnin,1
Ainunt,1
Riidety,1
Riitelykin,1
Hölynpölynarratiivia,1
Kauhistelevissa,1
Kukkahattukommenteissa,1
Feministityyppi,1
Kjeheheheh,1
Jymyuutista,1
52608a45,1
83168c9adf68,1
Kauluspaidatki,1
Stimulaattoreita,1
Jännittäisit,1
Jymyasteikolle,1
Kämmäiltiin,1
Vaarantuntoa,1
Traumapohjasta,1
Tq8j6e,1
Z_pickups_in_ukraine,1
Peruskampauksen,1
Colourpro,1
B001c1gszw,1
2krk73cdxzd7e,1
Haarschneider,1
2c93,1
Myötäjuoksijoilta,1
Laillistamiskehitykselle,1
Napakoruks,1
Dokudraamaa,1
Morite,1
Kaapelikiinnikkeet_3_i,1
Sähköjohdin,1
Pääantinatsi,1
Putkenkannattimia,1
Spasalsta,1
Pullottavasilmäiset,1
Lättänaamaiset,1
Lyhytraajaiset,1
Mikrosirumyrkkypiikit,1
Äitäh,1
Natsisuoja,1
Antifaschistischer,1
Schutzwall,1
Tyyppisilleen,1
Kohdellakkin,1
Opetusministerimmekin,1
Toggmumenbou,1
Puolustusmielialan,1
Lentopallokin,1
Auennuy,1
Maanantaiaivoilla,1
Paskapulujen,1
Mattilainen,1
Bunkkeriyhdistyksestä,1
Markmackinnon,1
U8r7uhqzwow1hyulgmbvzq,1
Yxizaqsxjjyzdu4xoxz4ta,1
Kipulääkket,1
Skolioosiin,1
Stimulaattorihoidosta,1
Parkisson,1
Herkomikivut,1
Läkekannabista,1
Kotiemäntänä,1
Painotteisempia,1
Huippuenemmistö,1
Räppikerhoja,1
Perheissänsä,1
Asiaakuuluvaa,1
Kilpailuhenkismpiä,1
Myötätuulisempia,1
Kätkeyttuä,1
Näköulmasta,1
Turhautuili,1
Destabilisoimiseksi,1
Kokoomuskuplastaan,1
Tynnyrieläjä,1
Olkiakohauttavaa,1
Hybridivaikuttaminenkin,1
Hevonpaskasyytä,1
Täyshoitolomalle,1
Pöhinältäni,1
Mainostukotus,1
Montametriset,1
Hesemainokset,1
Autoritäärihörhöjen,1
Lamarckistisesta,1
Valtavirassa,1
Ulospotkittavalla,1
Turvallisuusimperiumin,1
Selkäjäbälle,1
Timeline_of_the_iraq_war,1
Ministryofdefence,1
Kouliintuneita,1
Avaruuskommunistiseen,1
Köyhtyneensä,1
Notkahduksella,1
Jynkkysivuje,1
Mainoksie,1
Päivätarhassa,1
Sekaantuuko,1
Henkilöturvallisuusselvitys,1
Cort,1
Punastuisivat,1
Vaihtokaupastahan,1
Myskyiltä,1
Autoistit,1
Potkijankin,1
Retalioi,1
Liittymisvaihe,1
Nazifikaatio,1
Etulyöntejä,1
Antiputinismia,1
Tyhjänpuhujiksi,1
Yhdistysasioita,1
Velvolillisuuttasi,1
Country_finland_vs_ukraine,1
Berdyanskin,1
Liitopommilla,1
Kotitlitä,1
Sillontällöiset,1
Perusryssäilyjä,1
Liimakin,1
Taisikka,1
Reaganitet,1
Nikutaattori,1
Tasaviivalla,1
Dezanttihan,1
Esinahke,1
Toimintamenestyksellä,1
Juuhhan,1
Nystyrällinen,1
Pipoaan,1
Imploosiopommeja,1
Zhu2y9d,1
Kannabisviljelmästä,1
Isätyöntekijä,1
Nystyröillä,1
Haptista,1
Restentillinen,1
Huispausharjoituksiin,1
Propagandaketjussa,1
Kuormittavamme,1
Puritaanikyrvät,1
Cuttersia,1
Kanavalistassa,1
Kohoumatkin,1
Hiljalleeen,1
Medioitu,1
Dv046,1
Tulusrauta,1
Zelkärangaton,1
Twitzzlereitä,1
Älykaiuttimesta,1
Kansanmurhaltahan,1
Perhekuntoutusta,1
Asianneet,1
Docentiin,1
Matalalaatusta,1
Twizzlereitä,1
Twizzlerit,1
Snörre,1
Kengännauhakarkit,1
Ääniohjaukselle,1
Marshallheadphones,1
Uxbridge,1
Cjwkcajwuywsbhbyeiwakd_n_u2jo0mytb5n7w1wqokkxrnzw2fvhbbuipc6_6vtd7wqbz_zvzkjdrocinoqavd_bwe,1
Даун,1
Ruplamaksuihin,1
Energiatoimitukset,1
Deshumaninointi,1
Meemiplexejä,1
Meemiplexeinä,1
Käytännöllistäen,1
Bulkkikarkkinsa,1
Marrashan,1
Eafgh,1
Puuhatessani,1
Kakaroitakaan,1
Konfrontaatiolle,1
Kaluis,1
Vasarinnan,1
Sananani,1
Ratnikkiin,1
Tietokannoissaan,1
Sadeilmastossa,1
Trollisyötit,1
Autoritäärihöröistä,1
Natsiapologialta,1
Antiauktoritäärisiä,1
Uusnatsivaltio,1
Valmennuskouluttaja,1
Itsestäänselvempiä,1
Huuhtoutus,1
Töksäyksiä,1
Dailymailit,1
Hygieenistaan,1
Sitovuudeltaan,1
Erinäkemyksiä,1
Voisikä,1
Kohdallee,1
Tekstiasultaan,1
Vihjailaan,1
Kulttuurimarximilla,1
Venäläiskaupunkiin,1
Poikkilaituri,1
Silmäsilta,1
Silmälevy,1
Veneilytarvikekauppa,1
Silmasilma,1
Skolioosilainen,1
Tykkityypin,1
Isäluuriin,1
Piippalakkeilua,1
Gamemoden,1
Kangasteollisuuden,1
Kangasteollisuus,1
Peristeilla,1
Kristalleiksi,1
Kiteitäkin,1
7f14efe8,1
2f4c,1
9a755a39b626,1
Arvokysymystensä,1
Hurrdurrit,1
Ryssäkuplassaan,1
Miehitty,1
Iness,1
Shokkikampanjointiin,1
Valtakunnanrajoista,1
Natsinvastustajat,1
Kahelilokeroon,1
Mieleenosoitukset,1
Kiinnilaitolle,1
Jossittelunkin,1
Riskitunnusmerkit,1
Natsienlahtaamiset,1
50cm2,1
Kiroike,1
Suunnittelukuormaa,1
Siivoushetkestä,1
Siivoushetkelle,1
Kaverihenkisissä,1
Perkelees,1
Perekeleeksi,1
Dymtro,1
Shevchenkove,1
Leered,1
Mutely,1
Wahvan,1
Ällävian,1
Talpeeksi,1
Lullaa,1
Perrrhhhkrle,1
Mittanauhalta,1
Salaisuudeksikaan,1
Lääkärinsäkään,1
Lääketarkoituksesta,1
Vihaaaaaan,1
Zelenskynkään,1
Jokerityömaalle,1
Teinitrolleja,1
Taskuruplia,1
Lappusiasi,1
Amfetamiinina,1
Paluunmuuttaajat,1
Tiikkaam,1
Sanompaham,1
Avuntarjous,1
Paskansuolannan,1
Vampyyripaskaa,1
Olemustavalkoinen,1
Valmiskuraa,1
Puolustusmoraali,1
Oppositioata,1
Lähentymissopimuksen,1
Sepatiristi,1
Invaasiokäsky,1
Bluffattu,1
Akay_2009_05_2011,1
Heteroparista,1
Metakotityöt,1
Ajankäytöstämme,1
Ajankaytosta,1
Tutustumistunnukset,1
Spämmiemailiin,1
Metafiltterissä,1
Temporeen,1
Esittäisitkän,1
Niimku,1
Valitsemaam,1
Elokuvaharrastelija,1
Kengätnauhat,1
Kgpqqjf,1
Asioimiseeni,1
Lyhentemään,1
Hyväksilukija,1
Työssäkäymismotivaatiota,1
Pulata,1
Erillaist,1
Smellz,1
Repostattaisi,1
Molekyylikikkailu,1
Lippusotiin,1
Tóissä,1
Kohokuvioiden,1
Taustaväritys,1
Numeronäppäimiin,1
Suustahengittäjille,1
Näyttäneenä,1
Psitämään,1
Whar,1
Sivuhuomaututuksena,1
Asri,1
Vastaistaisen,1
Palvokoot,1
Kansanurhoja,1
Tiedusteluvalvontajärjestelmät,1
Ajastoon,1
Tenniskerhon,1
Huuhaaheinä,1
Ylihidas,1
Mehukattitölkkien,1
Vidkun_quisling,1
Turvakriittisessä,1
Sovsun,1
_q_47b507vg,1
Sotapoliisista,1
Unohtelija,1
Paskanpuhujalle,1
Lähituttuja,1
Lgbtqmikälie,1
Mitälieonkaan,1
Amfetamiinijohdannaisethan,1
Mgowvslevxkwu472t39zedk,1
Sendä,1
Persereikämme,1
Stradegisista,1
Tunmustelet,1
Muuttohalukkuuttani,1
Petsamostakaan,1
Kovaankaan,1
Horsesta,1
Munapersevoileipä,1
Kanattavat,1
Suoposta,1
Tuotekehitysmetodeista,1
Hottein,1
Kopioijaa,1
Kaalilaksoon,1
Noutais,1
Työtärväys,1
Horjuttaisikin,1
Tutusi,1
Täällä_,1
Metadoniklinikkaa,1
200a669a7235,1
Mwaaahahahahahahahahah,1
Putinmyönteisyydeksi,1
Gardie,1
Separatistialuiden,1
Elämäm_kalluilua,1
Omanmuotoisiksi,1
Napeikseen,1
Telecomando,1
203cn,1
93au,1
93eu,1
95au,1
B07qvwb1l6,1
Uskovaisetki,1
Natohöpinä,1
Maakassukenttiä,1
Congressionaldish,1
Cd067,1
Pystyviivoja,1
Vaakapalkissa,1
Korruptioviilauksella,1
Eläkeboomin,1
Tiedustelumiehistä,1
Mhem,1
Hehmh,1
Åålantilaiset,1
Mielikivasta,1
Siivousavusta,1
Rakennustietoja,1
Autiokylään,1
Nollanollaseiskalla,1
Drinkkitilaus,1
Puutarhaviljelyä,1
Erityislajikkeita,1
Ruukkutomaatista,1
Kalustovastaavaa,1
Vakoiluorganisaatiota,1
Nännipuristin,1
Kettukannat,1
Lumikkokannat,1
Kärppäkanta,1
Siiavähemmistöltä,1
Globaalikorttitalo,1
Levittäytyny,1
100iv,1
Legeraideja,1
Pogorannekkeella,1
Lisäakuilla,1
Pellolainen,1
Eikoisoperaatio,1
Peeerrkeleeeee,1
Piirittäneenä,1
Neukkustatuksen,1
Keittiökenraalilarppausta,1
Uudistumis,1
Luonaaseen,1
Republic_of_artsakh,1
Armeanialainen,1
Autosimuilussa,1
Rrrkele,1
Uutistoimistonsa,1
Mykeneläinen,1
Satota,1
Tahty,1
Verrukkimaa,1
Tavoittelukielto,1
Runossahan,1
Confused_pellehermanni,1
Venäjävastaisimpia,1
Pershelvetti,1
Pedalingia,1
Äännestykseen,1
Alettaiskin,1
Miessankaria,1
Urbanism,1
Salapoolisihommien,1
Persentiilille,1
Huoneistorekisterin,1
Pääjatkumo,1
Virkamiesmäiseltä,1
Nukkavierulta,1
Kaulusten,1
Muuntohuumeitahan,1
Hävityslinjalle,1
Kakkapöxyi,1
Evakuoiduilta,1
O_svxrvtl9c,1
W8w8xmqhn_i,1
Aaaaaaaabea,1
Y2dmxva7utiopoxl7id3fkyumu1rfkfdaclcbgas,1
Bugirapsa,1
Vaikuttamisyrityksinä,1
Suomentukijärjestelmä,1
Rahhoil,1
Chillihommien,1
Yksikaistaisille,1
Sineiden,1
Tissihommiin,1
Demaripersukokkariituhipin,1
Huulita,1
Tavoitelle,1
Laillisuusperiaatteistä,1
Pysähytä,1
Valtakeskittymäksi,1
Polveutuvansa,1
Työvuorokäytännöt,1
Maaparka,1
Globalistihallitus,1
Tiliylityksestä,1
Lisälukemistoo,1
Sotauutisointiin,1
Velodromin,1
Jyräytetä,1
Tälläasenä,1
Ituhippivassarina,1
Reagoia,1
Rakennussuojeltu,1
Kiinalähtöisesti,1
Valeuutishommat,1
Erikoissotaoperaatiota,1
Soveltuvuudet,1
Määnei,1
Työnhakumääräystä,1
Yrityskannusteita,1
Kälinää,1
Vaativiuteen,1
Mielipideitä,1
Sesonkipohjaisuus,1
Tulokorvauksille,1
Epäpääkaupunki,1
Umpikorttelikaupunkiin,1
Alijan,1
Jälijltä,1
Kaavottaiskin,1
Taklattais,1
Alkoholidrinkit,1
Helsinkilaistislaamo,1
Makuvetta,1
Hakemusmallin,1
Kodinkonemyyjäksi,1
Korjausvaatimuskaavakkeen,1
Alaeroa,1
Pohjammaaa,1
Vämpyyrin,1
Neofašistit,1
Kaapannjeet,1
Suomjin,1
Halljitus,1
Exkä,1
Pjelasta,1
Vjenäjläiset,1
Mannergeimiläisiltä,1
Rokote_kriittisiä,1
Schweppesillä,1
Russianilla,1
Pombey,1
Keskiuudellamaalla,1
Vakoilulainsäädäntöjen,1
Hakkeriterroristitrolleja,1
Kaksikielisyysrasitteesta,1
Väkevia,1
Kihelmoivää,1
Rekisterisovellusta,1
Kaupunkisuunnitelullisesti,1
Viisumihelpotuksia,1
Sopeutujasta,1
Jarheadistä,1
Nollamuuli,1
Limemehusta,1
20fun,1
Hiprakasta,1
Persemiehenä,1
Nollainfran,1
Pölkkykylä,1
Pölkkykylät,1
Rintamamiehelle,1
Lamauttaan,1
Meemikkäästi,1
Liikekiintwistö,1
Läppäritarra,1
Denatsifiointipuheita,1
Ekniikan,1
Kynenevät,1
Julkishyödyllisten,1
Aktiivisuustoimista,1
Työnhakuvalmennuksiin,1
Työnhakuajasta,1
M1815570400,1
Murhaoikeutus,1
Kokonaisansiona,1
Sairaalainsinööri,1
Tutkahäirintäjärjestelmiään,1
Painotuselle,1
Tavuna,1
Ullakkotilasta,1
Ullakkokomeroiden,1
Laittamastaan,1
Alotteellisuudesta,1
Hamppina,1
Salaliittopohjaisia,1
Puuhastelijalla,1
Tarjoilevassa,1
Mehuviritelmä,1
Nakusankari,1
Uustnatsismia,1
Pakolaiskanavia,1
Aaltojuomat,1
Lyres,1
Pistoriuskin,1
Napuee,1
Lantraamista,1
Polkuopiskelemaan,1
Lattianrakoihin,1
Sairaalainsinöörit,1
Tislanneensa,1
Oikeudenmukaistaisi,1
Rakennustietoihin,1
Parvekkeettomatkin,1
Erikoiskasveista,1
Perennavihanneksia,1
Idätysrumbaa,1
Pölkyillä,1
Talvijuurekas,1
Kumppanuuskasvien,1
Uiwnwxzn00q,1
Mustajuuri,1
Keuppaketju,1
Hintailmoituksista,1
Meemisotaa,1
Kansalaismielipiteiden,1
Halkeilujen,1
Epäjatkuvuuden,1
Firmapuolella,1
Huumausainelistan,1
Pitkäaikaisohjeiden,1
Lujitemuovikonsoli,1
Ongelmajätteenkäsittelylaitokselle,1
Eksorkismia,1
Vuotiaaseenkin,1
Luettellut,1
Ennakkoluulut,1
Valkoistaylivaltaa,1
Tosiasillisille,1
Arkaluontainen,1
Jatkutaan,1
Reeseneistäni,1
Huumautumisen,1
Lisääntymisoikeudella,1
Hellsinski,1
Makusiirappeihin,1
Perusparannukseksi,1
Keltavihreänä,1
Hipsteröintituotteita,1
8dcfe9a1,1
E83fc0c78d57,1
Modihan,1
Totellutkaan,1
Sitrusviballa,1
Valmitu,1
Kylväjänä,1
Rintamataisteluun,1
Insinööriamk,1
Administraattoreista,1
Åysynyt,1
Ovsjannikovaan,1
Fiilismutun,1
Bolševikkikapina,1
Menševikit,1
Vasemmistovallankumoukselliset,1
Taisetelivat,1
Votkanhuuruisessa,1
Kyvykäämmällä,1
Ennakkoluuloiksikin,1
Sisälmysluettelosta,1
Minskiläisen,1
Koronasalaliittohörhöt,1
Epähuomioiduksi,1
Koukatakin,1
Garjala,1
Dagaisin,1
Myräys,1
Tuhannentuhattamiljoona,1
Tunnusmerkeissäkin,1
Growlerien,1
722km,1
Alkoholillisetkin,1
Geostrategin,1
Lasillinrn,1
O3l6p36,1
Suurimmaksinosaksi,1
Onnenonkijoina,1
Ihmimistä,1
Koalitiopartnereita,1
Parkkihallissakin,1
Ongelmajuomiselle,1
Pikkuhiprakkaa,1
Kansallisvelvoitettaan,1
Pöönä,1
Panssariammuksilla,1
Veronrahojenkuppaus,1
Rajatapuksissa,1
Jäsenyysasiaa,1
Tehostanee,1
16ca2ad0,1
A23ec5d9b2ee,1
Seelonce,1
Myötätuntoisien,1
X91dbym0vse81,1
D842638859ba33440467e98e665efe0079fbe713,1
Nimityspäätöksestä,1
Liikuntatilojakin,1
Yleisurheiluharjoittelualue,1
Jenkkifutiskenttä,1
Jäkiskaukalo,1
Krikettikenttä,1
Padelkenttä,1
Pallohalli,1
Srpp4ilpxso,1
Mpä,1
Halvastahan,1
Vuokrapaikat,1
D89fffb4,1
F8b9,1
B8ed,1
1a9401f18f60,1
Mahtityökalut,1
Välimiesvarahenkilöstöyritys,1
Joustokykyinen,1
Protskuvajetta,1
Ikäryhmii,1
Edellisis,1
Häirittävässä,1
Toimistostakaan,1
Coveraamisesta,1
Juhannusjuhlijan,1
Taitotarkastus,1
Pesijäksi,1
Spuruja,1
Treenauksilla,1
Elintaparemppaa,1
Protskuriittoista,1
Kurssipaineesta,1
Normiostoista,1
Huippuinsa,1
0percentage,1
Participationrate,1
Elokuussa73,1
Tyti_2021_08_2021,1
Pienituntista,1
Barbaabi,1
Örkkikään,1
Kaupunkibulevrdit,1
Viinakorvikkeet,1
Negronissa,1
Vermunttitonicissa,1
Transworld,1
Tuumajalat,1
Kahviaddiktin,1
Kolmenviiden,1
Insinööripainotteinen,1
Sqlserver,1
9eb1587d,1
6e97,1
62b7b9270481,1
Woorkbook,1
Isvvba,1
About_actions_and_the_actions_panel,1
Alasajamiselle,1
Maahanmuuttajalukuja,1
Verotetaanpas,1
Valtionverotuksesta,1
Sattumalt,1
Ymmärrätänyt,1
Sotehallintoportaasta,1
Muunkinnäköistä,1
Lyöntilinjaton,1
Hupikäyttäjänä,1
Helsingisaä,1
P2eym03,1
Vallilanlaakson,1
Tilatot,1
Kaunistellan,1
Kelpoisuuvaatimukset,1
Viranhaltijapäätöksellä,1
Sairaalomilta,1
Vorssastanin,1
Vähäsokerisessa,1
Minikrapulaa,1
Työlllistämispolitiikkaa,1
Valtionverotuksella,1
Aluesiirrot,1
Joukkomuuttoa,1
Nmbyjä,1
Joutaapi,1
Nettiäkä,1
Vuokrafirmatki,1
Värisokeista,1
Statusesineet,1
Ykdityinen,1
Hakajaa,1
Insinööripainotteisella,1
Viidenvälisistä,1
Puolustusyhteistyökuvioista,1
Lahdattavana,1
Huumepropagansdaan,1
Pajasysteemi,1
Sk212011,1
Totaalikieltäytymis,1
Vankeuttani,1
Kasvatusrikos,1
Yhteneisyyttä,1
Vankiintunut,1
Perämetsäalueet,1
Jämtlandissa,1
Jonkunmoiset,1
Perusturvasysteemeistä,1
Asuntokohteet,1
Vinttikomero,1
Kusipelteihin,1
Ginivissy,1
Jäämista,1
Spashiba,1
Tjyostasi,1
Oikeistomeemithän,1
Postaamasn,1
Aluistoissa,1
Huumausainerikollisen,1
Sävyttyneistä,1
Puheidenkaltaisuuksia,1
Nassupossuliikkeet,1
Jonkinkokoiselta,1
Normitasoinen,1
Insinöörikeskeistä,1
Ihmiskeskeisempään,1
Perustut,1
Museokappaleena,1
Arvonkannattaja,1
Pakkomielteisyydelle,1
Juopollakin,1
Moraaliperfektionismia,1
Sotn,1
Toteutettevissa,1
Tyhjentäjiä,1
Uudelleensoveltamiseksi,1
Eurooppavastaiset,1
135v,1
Ilmatankkausoperaatio,1
Valeprofiililta,1
Rajaselkkauksilta,1
Touhuilleena,1
Pelaillallu,1
Mentaaligymnasialla,1
Ollukku,1
Eurojackpottii,1
Lesboparina,1
Koulutustavaatimattomia,1
Työllisyysprontista,1
Topparilta,1
Omistustonttia,1
Tarkoitukseksikin,1
Vuokrakämppämarkkinoille,1
Asumislisäsi,1
Perämetsäalueilla,1
Winterbois,1
Shottimuodossa,1
Sailwind,1
Taistrlukenttä,1
Epäsalaisiksi,1
Kaksinpeluu,1
Bussilippuunkaan,1
Asteveetit,1
Keliakiaani,1
Omahoitajaltani,1
Kuntoutushommaa,1
Työkkäriyhteyksiä,1
Omahoitajallani,1
Stressinsietokykyni,1
Työharjoittelujaksoilta,1
Vapaajakeluversioita,1
Naputtamaannniin,1
Kadunlakaisijoista,1
Ihmisluusereita,1
C65b94ad,1
E6c4,1
E7dc51767d71,1
Vassaritilillä,1
Komatsuja,1
Moktaili,1
Oppivelvollisuusikääkin,1
Petsia,1
Mökkivarkaudetkin,1
Wowitermein,1
Keskustelunkulttuuri,1
Huumausainetestauksen,1
Huumausainetestitulosta,1
Työturvalli,1
Huumetestaukselle,1
Huumausainetestaukseen,1
Maatalouslobbari,1
Työvoimatutkimuksissa,1
Tukholmien,1
Humaloitumisen,1
Päissäään,1
Tultapäin,1
Rosenttise,1
Arvokysmyksissä,1
Nonaggresioperiaatteesta,1
Noususisi,1
Arvoasumista,1
Arvorakentamista,1
Jalkapallokerhossa,1
Museosuojeltua,1
Erikoisoperatiivinen,1
Totuttelemassa,1
Takkutukkavassari,1
Rahasalkkukokoomuslainen,1
Vappusatkudemari,1
Pientilamallilla,1
Palkitseminenhan,1
Turbonisti,1
Lenkkeilypaikkoja,1
Maastokätköillä,1
Ennustanutkin,1
Lannistumisen,1
Aktiivisuudettomasta,1
Tsaarinaikaisista,1
Faktiotaan,1
Vuoskiymmenellä,1
Somatisaatiosta,1
Koffiratikka,1
Modipaketeilla,1
Lihasrentouttajia,1
Popsitko,1
Into_the_radius_vr,1
Laneettaan,1
Vässähdin,1
Vakiotykkimiehet,1
Raidiklaaniin,1
Vierähtänee,1
Hanttihommansa,1
Tanskalalaisen,1
Medinskin,1
Työllisyysprosentissa,1
Yhdyskuntapolitiikkaa,1
Työnantajavelvoitteitaan,1
Huutoäänestysboikotit,1
Komenpensaatio,1
_viinojen_,1
Työlisyysasteen,1
Törpöttelemään,1
Jalkapallomanagerointi,1
Datapäivityksien,1
Maailmankehitystä,1
Esityksesihän,1
Vammasempaa,1
Heinekeni,1
Kiiiilto,1
Epätodennäkinen,1
Striaght,1
Tullijohtaja,1
Mentiiki,1
Pikkuhedaria,1
Vitunmakusta,1
Pilkkun,1
Станисла,1
Евгра,1
Фович,1
Петро,1
Vaskiratsastaja,1
Polisiityötä,1
Soulshommat,1
Ikekanerva,1
Poissaoloistani,1
Mooncrash,1
Mellevää,1
Dippe,1
Paperitehdasduunaritaustaa,1
Tarkkaavaisellekin,1
Koronatesteissäki,1
Uhkapelaisi,1
Nemiroffkin,1
Työnohtajaa,1
Ykkösratkasu,1
Ylläpitopäällikön,1
Ulkoliikuntapaikan,1
Kunnalishankintoja,1
Suunnittelustasi,1
Puolukkatonicia,1
Työssäkäymisalueeseen,1
Vapailtamarkkinoilta,1
Katuroskistentyhjennykset,1
Missionista,1
Ajanmukaisemmista,1
Wesnothin,1
Kynäreitä,1
Uudelleenryhmitystä,1
Lentotyyny,1
Ensiapupakkauksissa,1
Avaruushuopia,1
Rangaistusjärjestelmänä,1
Työtoimintaankaan,1
Kahvinkeittelyä,1
Kuukausitalolla,1
Diagnoosikoodinkin,1
Kilpailutuskorruptioon,1
Tamereella,1
Tarkkaavaisuuttaa,1
Missioneista,1
Uudemmella,1
Mythologysta,1
Suurstrategiat,1
Pceelle,1
Romansoinnut,1
Todrllakaan,1
Jyräisimme,1
Kuvioit,1
Bipartisaanista,1
Kerettiläisyydet,1
Biomeille,1
Lisäcontentit,1
Käsiteinflaatiosta,1
Lässytätkö,1
Yhtämielisen,1
Irtautumisestaan,1
Seinäkelloiluun,1
Kulttuuriseutuja,1
Pusikoituvaa,1
Maantieteellisisti,1
Kulttuuripääkaupungiksi,1
Nostalgiasuosikki,1
Rengastuotanto,1
Overwatcheja,1
Deckbuilder,1
Trwp,1
Hommut,1
Essens,1
Cräfti,1
Theorycraftaaminen,1
Stresaa,1
Ostankuten,1
Parvekeremontit,1
Perheasunnothan,1
Scrollissit,1
Sudenpentujenkäsikirja,1
Tarviiha,1
Virtaviivaisin,1
Piatäny,1
Keihäänkäri,1
Pullanlutkuttaja,1
Suorittamattomuushan,1
Seksikohtauskin,1
Yetit,1
Mythologyn,1
Pelaappa,1
Vakuutuspetoksestakaan,1
Dubsteppi,1
Plussal,1
Semmosiakaan,1
Kerätäksensä,1
Campaigniltaan,1
Makereista,1
Honoreista,1
Flippailun,1
Pinnaista,1
Ehdollistutettua,1
Mukatuotteita,1
Tutkittavuudesta,1
Kerhokulujen,1
Favt,1
Avherald,1
4f6a8fd6,1
Jonglööraajan,1
Fromsofwaren,1
Väliosat,1
Käyttäjätutkijat,1
Yhteidkuntatieteilijät,1
Klassiessa,1
Buprenorphiini,1
Koristeline,1
Kokoonpanohjeiden,1
Kojimalta,1
Deckkejä,1
Vahvistuspisteillä,1
Kilpailikykyisiä,1
Tutkaanohjautuvat,1
Tutkaohjatut,1
Hermoisille,1
Tankkidivisioonakin,1
Multimättöä,1
Metabolaattien,1
Hajoamisajan,1
Ihokarvanäyte,1
Huumeseulaidean,1
Lukkarinrakautta,1
Suhteistakin,1
Lemmikinlelussa,1
Fitnessurheilijat,1
Rökitettyä,1
Handgranadesia,1
Hodarinakkeja,1
Runelle,1
Realisoitumisia,1
Henkilöautobisneksen,1
Auheuttaamaan,1
Teräspantterin,1
Arviojaksoista,1
Ndealla,1
Visakorttia,1
Virtuaalimetsästys,1
Kannustinluokuista,1
Juukeliati,1
Isoisoisoisoisoisoisoisänsä,1
Dishonoured,1
Kylölä,1
Paivittyva,1
Vähäosaisillako,1
Rangaistusmääräyksellä,1
Konferenssiesitelmä,1
Hakkailtu,1
Numiskan,1
Yläasteveetit,1
Wilmamerkintöjään,1
Selvinpäinolemista,1
Pudiksen,1
Tyyleillään,1
Viatonkaan,1
Elämäntapavalinnaksi,1
Paperipula,1
Ruplaseteleitä,1
Elämäntapavalinnoiksi,1
Bensantarve,1
Häipyivätkö,1
Mahdollistumisen,1
Kausaaliväitettä,1
Satuhistoriassa,1
Tseljabinskiin,1
Sosiaalipäivystysnumeroon,1
Sossurahahakemus,1
Tunteellisin,1
Assaains,1
Valhalalle,1
Pohjakoskestusta,1
Tarvikkeilleen,1
Firmaliiga,1
Gank,1
Siivousyhtiöön,1
Huoltokeskittymiin,1
Golfkierrokset,1
Kierrosmäärä,1
Heijastinosasto,1
Kriekan,1
Skiosin,1
Rannikkosaarten,1
Erikoistyhjennysoperaatiohan,1
Metaviekkareissa,1
Helvettimäiselle,1
Endingitkin,1
Metsästyskeskeinen,1
Riistanisäkäs,1
Ng3,1
Informaatiojakelun,1
Nettientiteetit,1
Venäläisnuorien,1
Kiertotaito,1
Aamuntorkku,1
Aamiaisrytmi,1
Wabbajackin,1
Wabbajack,1
Modilistat,1
Totokoneelle,1
630h,1
Elämaksuissa,1
Portofolioiden,1
Sotamaalauksilla,1
Kokkurassa,1
Ukrainaisia,1
Mernayaa,1
Jonglööraskin,1
Paussittamista,1
Paussittamaan,1
Nostalgiavyöryjä,1
Sulautumisaikeet,1
Ulkoasainvaliokunann,1
Clankkiä,1
Muistusuksella,1
Pitemmänki,1
Arvopohjaasa,1
Koronaisolaation,1
Konservatiivihörhöjen,1
Swotl,1
3kin,1
Kampanjarakenne,1
Megacorpoglobohomo,1
Yritysasiakkuuksienkin,1
Omaisuudenhoitajana,1
Pelamaista,1
Lempparien,1
Lölymajur,1
Työkyvyttömiäkin,1
Toimistokierrossa,1
Mcakus,1
Suosikkikaupunki,1
Mina_irleille,1
_reduces,1
_ocd,1
Cannabis_reduces_ocd_symptoms_by_half_in_the,1
Lisävinkkejäkin,1
Homfobinen,1
Tiedetäänhämme,1
Sissei,1
Työlei,1
Hahmokokoelmasta,1
Pelkuriluopiot,1
Viljatukku,1
Humuista,1
Juutuubissakin,1
Viharaivottuakin,1
Wipessä,1
P5r,1
Putkipuolel,1
Stradegiapelit,1
Korkeakoulurahoitusta,1
Terapiaviitekehyksestä,1
Behavioraalisten,1
Alaisemminkin,1
Fokusoiden,1
Psykoterapiasuhteessa,1
Iocdf,1
Mielenterveystalolta,1
Nacia,1
Acetylcysteine,1
Ristivaikutusta,1
Nitrojen,1
Idusl5n2vk3ak,1
Yleistäasevelvollisuutta,1
Pakkaantunu,1
Jämtlandi,1
Pakkauduttu,1
Campaingi,1
Kenttii,1
Warfighterit,1
Oakettirahastoja,1
Lakitieteitä,1
Treidasminen,1
Beetalle,1
Barony,1
Asiakaskeskeiseen,1
Viidenkymmenenviiden,1
Seitsemänkymmenenviiden,1
Viiskytviis,1
Näyttöoikeus,1
Uudelleenkatsottavaksi,1
Käyttäjätutkija,1
Sikiöasennoista,1
Matralla,1
Takaiskujakin,1
Julkaisukamaksi,1
Obejktiivi,1
Ylimaskuliiniselta,1
Edulliaten,1
Pyykkiaineet,1
Kosmeen,1
Avainlipullisen,1
Valomiekkojani,1
Sivujuonteessa,1
Verrannollisten,1
Lappusysteemiä,1
Metsäpuolukkaa,1
Suosikkidrinkkini,1
Kehityskeskun,1
Palkankorotuskeskustelu,1
Keittäjissä,1
Huoltomiehissä,1
Toimistosihteereissä,1
Lakkoilelemalla,1
Koulutusmuodon,1
Tulevaisuudettomuutta,1
Investointinäkökulmasta,1
Supermelee,1
Ihmisoikeusliittojulistusta,1
Maksimikokemuslisä,1
Dlymriq8jow,1
Kuuriluonteiseen,1
Oirehoitoon,1
Videopuhelujen,1
Avaruusalusosio,1
Stabiiliusmodit,1
Savegamea,1
Kokonaispalkoissa,1
Nykypalkoissa,1
Passituksella,1
Sotapoliisia,1
Aseenkäsittelytaidolla,1
Wonderlands,1
Tarkoituksennukaista,1
Siivouspalvelumarkkinoit,1
Maksympolyakov,1
Pelikokonaisuus,1
Scrollssit,1
Ruuvipussin,1
Tshushima,1
Ostohommiksi,1
Bakteerrikammo,1
Toininpäin,1
Bakterrikammoinen,1
Kynäriki,1
Tzixpmc,1
Jatkotiet,1
Dedemption,1
Rauhaisana,1
Kannabispeltojen,1
Opiumpeltoja,1
Kärvennysbiittiä,1
Palautekasan,1
Työtuloksessa,1
_nistinarinalla,1
Lausuttuna_,1
Harpattua,1
Kzx_n8ajikw,1
Endingit,1
Välttyväsi,1
Oireisella,1
Kokemistas,1
Expiä,1
Plaseboki,1
Lempeempäki,1
Vihoin,1
Lopputeksteihi,1
Rastlinks,1
Wipei,1
Kuntotuksesta,1
Distancingiä,1
Kuivausritilät,1
Kierrätystörpöt,1
Ulkoilualueista,1
Talvijutut,1
Yhdistelmälläkään,1
Kummosti,1
Pelatuimmissa,1
Supergiantin,1
Va11hall,1
Tupenraapinat,1
Tuppivyön,1
Vastuuasemmassa,1
Pilvesssä,1
Musukkat,1
Uc2mrpyftme0iywmka08m,1
Spmtb,1
Rullaamisessa,1
Ylikaupungistuneelta,1
Striimipaskat,1
Bibibi,1
Paasaus22,1
Mobiilimaksutapoja,1
Parraimpia,1
Mobiilitankkaukseen,1
Huumausainetestaamisen,1
Inveidailen,1
Turhauttaneet,1
Kltpp,1
1xe8k,1
Introvetttien,1
Terapiatie,1
Umpikujaolosta,1
Kiertämäs,1
Rangaistusvaatimuksena,1
Tiimikokemuksia,1
Pakkoajatuksen,1
Kaasukahvaohjaimen,1
_tuuli,1
Etäterapeutin,1
Täräytyn,1
Jälkihöyryt,1
Betastq,1
Sergiykyslytsya,1
Amrwsuwwpsrlhn_zoen,1
Korttipäätelaite,1
Ostospäätöksillä,1
Launcheja,1
Raassinan,1
Strippimuotoinen,1
Satalatva,1
Y6talplwco,1
Tyäväestönsuojien,1
Riskiseksin,1
Perusheteroidenkin,1
Tukkanuotat,1
Compelte,1
Completessa,1
Erathia,1
Fanmake,1
Katsastajien,1
Työkaveriksenikaan,1
Shurikenilla,1
5tje3330f3o81,1
Urkkimisena,1
Kusemaankin,1
Päihdeharrastuksia,1
Savutusmittauksen,1
Katsastusfirman,1
Nazarine,1
Kärryttävä,1
Taistelukani,1
Mahtijousensa,1
Toimitettavakseen,1
Pulpista,1
Ostolinkin,1
Fanmakeja,1
Asukastiheyspointin,1
Nikotiiniannoksesta,1
Riverwoodiin,1
Riverwoodissa,1
Opinnonohjaajaa,1
Käräjäpäätökset,1
Huumoripäätöksiä,1
Arjenharmaata,1
Lainosaajaa,1
Snorttaan,1
Aotlepmafvq,1
Vaaleanpunasten,1
Ennenolihyvin,1
Retrolasien,1
Lopettamiskierteessä,1
Kypsytellyissä,1
Lypysylehmä,1
Annetua,1
Nantauduin,1
Riiputtamiseen,1
Arvonnousullaan,1
Mökeillehän,1
__viisi,1
Angetreten,1
Pikkuerän,1
Palikkamäärällä,1
Mäkelänrinteelle,1
Nykynäyttöjen,1
Kaikeka,1
Completeen,1
Transsendenssiin,1
Rakennepalaset,1
Kuriirikorvauskorjaukset,1
Pakoputkianturit,1
Turvallisuusvastaavaksi,1
Helsinginreissusta,1
Plontoon,1
Ydinpommitukseen,1
Kannabistestejä,1
Tjekevät,1
Vaxhinkoa,1
Jäänestäkää,1
Venäläishakkereista,1
Telepaattisesta,1
Tunaroitujen,1
Sotasuorituksen,1
Pakolaishommakin,1
Fiddun,1
Pyssygospelia,1
Punananiskat,1
Autostereoissaan,1
Compaundiin,1
Kaijutinauton,1
Suunnittelmasi,1
Päästömanipulointi,1
Autoihmisiltä,1
Satunnaisitannalla,1
Vaaleankeltaisten,1
Norrbotteninkin,1
Pikkukartassa,1
Luettavuudella,1
Datanäkökulmasta,1
Työttömyysprosenttikartat,1
Monokromaattisena,1
Alkuideaksi,1
Keskipisteisiin,1
Monokromaattisesti,1
Lilana,1
Msfs2020,1
Etähommeleiden,1
Ykkösasiaks,1
Kansanuskomuksista,1
Diibadaabassa,1
Siipaleeksi,1
Valonläpäisevyyteen,1
Katsastamoille,1
Duskwood,1
Aaau,1
1vaje,1
_jkezu,1
Cryokammio,1
Esivalmisteluohje,1
Elämämkoululaiselta,1
Huumetestistähän,1
Puhallutettais,1
Huumetestattais,1
Poppifestarien,1
Tallaamana,1
Halaamana,1
Öyskeistä,1
Koput,1
Rushii,1
Komentoajoneuvot,1
Konepistoolimiesten,1
Heilahtavaa,1
Mediaanipalkkaisena,1
Viherstalinisteista,1
Tuppivyönrapinat,1
Viisarisettejä,1
Merilogistiikka,1
Venäjäsanktioita,1
Sädeaseet,1
Epäinhnimillistä,1
Alieninvaasiota,1
Nykyjonnienkin,1
Jatkoahan,1
Modilauncherin,1
Tunteha,1
Haastelisin,1
Ammattiröllejä,1
Tulehduttaminen,1
Tulosbonusten,1
Tulkatakseni,1
Nilkkitieteiden,1
Pohjoiskorealaisella,1
Lohikäärmeenhönkäyksellä,1
Ketjumiekoilla,1
Dystyymistä,1
Tuplamasennusjaksot,1
Coveyn,1
Elämänviisauksista,1
Alpakkafarmariksi,1
Fantastisempaa,1
Vappukakskymppinen,1
Kehokäsitykset,1
Englanninikielisissä,1
Selvitelyllä,1
Puhavalta,1
Mitättömätkään,1
Aikaisimmatkin,1
Tuooikeasti,1
Hallistusohjelman,1
Öyöy,1
Huumausainerikosen,1
Viivu,1
Aurinkokuntaamme,1
Uudelleenmääritetty,1
Kepler168f,1
Benjaš,1
Benjašin,1
Natomyönteisiksi,1
21_tochka,1
Etäisyteen,1
Neptune_,1
Suosikkitietokonepelejä,1
Juurisuuri,1
Kaaoottisuus,1
Klassikkoroolipelit,1
Neuvolanöyntejä,1
Kohomerkeillä,1
Tutkareilla,1
Minecraftissakaan,1
Käyttöliittymäparadigmi,1
Craftingia,1
Diakonilaitosta,1
Pelastusarmeijakin,1
Lempisankarin,1
Tosoin,1
Vastustmaan,1
Asiahanse,1
Sadattele,1
Oikeuvaltiot,1
Kaksnolnelkaks,1
Ravintoillakaan,1
Sivuutitte,1
Avaruuskapitalistin,1
Vastaanlaista,1
Edistyslaitoksen,1
Kartioilla,1
Työllisyyskeinoiksi,1
Etäterapialle,1
Suuntaohjeet,1
Saikkupäivärahaa,1
Isolationissa,1
Puolitekoiselta,1
Osayleiskaavaa,1
Hintanne,1
Huoltovarmuuskriittistä,1
Hvk_uutiset,1
Vruutiset,1
Kiviplaneetat,1
Kaasuplaneetat,1
Päälaitteen,1
Muurauksessa,1
Oheistietoutta,1
Ennakkotietämyksen,1
Kmpluto,1
Kmmaa,1
Kmneptunus,1
Marsja,1
Plutomaa,1
½uranus,1
Työnhakutarmoa,1
Kääpiöplaneettaa,1
Huumetestini,1
Vakuutustyhtiölle,1
Fz8isq7,1
Airbuseista,1
Työllisyysryhmä,1
Roomalaistyyppi,1
Politiikakasi,1
Vappuparikybää,1
Ostovoimallasi,1
Divinityihin,1
Faerunia,1
Kirjoituspuoleen,1
Geopoliti,1
Kehitysinssi,1
Normitiiliä,1
Asumisseutuja,1
Känkkäränkkäsi,1
Houkuttelevimpa,1
Vampyyreillä,1
Normiukkojen,1
Disinfomaatiotyyppi,1
Venajalaisiin,1
Niia,1
Valehdelen,1
Venajaiselle,1
Venajalaisis,1
Foorumeis,1
Disinformaatiotrollit,1
Yllattynt,1
Yrittamassa,1
Huumausainetestauksessa,1
Henkilökohtaisteen,1
Portaleihin,1
Letspelaajia,1
Faniteoriavideoita,1
Pelaajakokemus,1
Kusinesteestä,1
Tienestejäkään,1
Taseettöihin,1
Remppaprojekteja,1
Danoin,1
Serverivakoilua,1
Kausisairaus,1
Mielenongelmistaan,1
Koodausanalogiaan,1
Uudelleenkytkentää,1
Reputuksesta,1
Cubilla,1
Höyrymittareilla,1
Carenadon,1
M20r,1
Lasiohjaamolla,1
Cessnakin,1
Instrumenttilähestymisistä,1
Seikkailtaessa,1
Kritioisi,1
Yogoslavien,1
Normalijärkinen,1
Hammastyttavan,1
Epakriittinen,1
Ihmeparannuksena,1
Etuoikeutuettu,1
Mokailukkin,1
Pärinöiltään,1
Annatan,1
Moraalitajustamme,1
Kaverillisiksi,1
Feministihömpötys,1
Rakennemuutokseksi,1
Käkättiimeen,1
Mökillänssä,1
Kultturaalisia,1
Pickupien,1
Tekstiparseri,1
Liikennekelpoisiksihan,1
Tilastotedoilla,1
Katalysaattoritkaan,1
364166km,1
Kiviplaneetoille,1
Valtatyhjiöhän,1
Kaksipuolisiin,1
Rautiet,1
Jovanovic,1
Koodeksilla,1
Bahahahaha,1
Tuonelanvirtaa,1
Lälällää,1
Antiikinajan,1
Taskuparkkeeraaminen,1
Aikoan,1
Taskuparkkeerannu,1
Valdimiri,1
Jäätymisenestoaineella,1
Tampere_united,1
Konkurssi_ja_tamu,1
N_kolmen_sarjatason_nousu_2011,1
Pukuhuonepuheet,1
2015_fifa_corruption_case,1
Brittijalkapallossa,1
New_orleans_saints_bounty_scandal,1
Doping_in_russia,1
Concussions_in_american_football,1
Jalkapallopomoja,1
Usa_gymnastics_sex_abuse_scandal,1
Sporthumanrights,1
Lapsiurheiijoita,1
Humanium,1
Kilpailurheilun,1
Lapsiurheilijoilla,1
9e490027,1
D14a,1
Ad12,1
E4e6161a3b3c,1
Ravinetti,1
Ylivietyä,1
Genitaaleistasi,1
Kässänope,1
Mämmikouraisten,1
Sananvapausneuvos,1
Lukiotutun,1
Preppaajille,1
Testatessasi,1
Supersauvaa,1
Grafiikkamodeistakin,1
Metin2,1
Automaatiosähkö,1
Natunakin,1
Kauppasaarossa,1
Jussilasta,1
Tietoverkkoasennus,1
Laatukuskin,1
Hyperboliasta,1
Riippuvuuttu,1
Ajatuspohjalta,1
Naisvartaloita,1
Hyllyntäydeltä,1
Tulitiilissä,1
Aktiivihiilitehtaan,1
Tiilissä,1
Raamattuviittauksen,1
Häpeäspiikit,1
Kaluaja,1
Kuluttajansuojatoimet,1
Höpöhöpökonsultti,1
Vappukakskymppii,1
Viranomaispäätöksille,1
Saareetun,1
Itsearvioina,1
Wabbajackillä,1
Huoleja,1
Ikäistyvänsä,1
Luokkaistuvansa,1
Perustavoitetta,1
Kääpiöplaneettojen,1
Nääpituntuman,1
Aikasemmankin,1
Modilistan,1
Kvanttimekaaniseen,1
Proffallahan,1
Veroparatiisirahoja,1
Korkeaoppista,1
Ennakkoratkaisuina,1
Oikeuslähdeoppi,1
Rikostuomionperusteleminen2005lisapainos2006,1
Os0uydohv,1
04_oikeuslahdeoppi_ja_oikeudellinen_argumentaatio,1
_mika_huovila,1
Perusteluvelvollisuuden,1
Velvoittavuusasteisiin,1
Ettävahvasti,1
Jaheikosti,1
Muutoksenhakuinstanssissa,1
Preppauskulttuurista,1
Preppersin,1
Hippiperhe,1
Pienmaatila,1
Ammattilaispreppaajat,1
Turvallisuusvarautumisen,1
Hippivanhempien,1
Planeetoiksi,1
Työllisyysvaikutuksiin,1
Hovihin,1
Kultinperustajia,1
Puolesaan,1
Kotitalousvähennyksehen,1
Konlfikteja,1
Käskevästi,1
Ddw6fydioye,1
Lääkäritiitot,1
Suorittavanpolven,1
Reseptinkirjoitusmonopolin,1
Tacticsissa,1
Tacticsin,1
Yleistettävän,1
Lähetystöpaikka,1
Työsskäyviä,1
Anrkistisina,1
Anarkismivartausta,1
Kulttuuriyhteydet,1
Johdateltaessakaan,1
Heterogeenisena,1
Eritetusta,1
Kehityskohteeksi,1
Lisälisukkeena,1
Kujettajat,1
Hellemekossa,1
Lämps,1
Huutiskeltua,1
20vapautua,1
20omasta,1
20vapautetaan,1
20ehdollisesti,1
Arvollisena,1
6dof,1
Fotogrammetriamallissa,1
4xv9sqowoog,1
Ca1kee,1
Kuukausimaksupalveluina,1
Loukkaavaahan,1
Juhosta,1
A4kirjasta_digi_2020_saavutettava,1
416e2fc5,1
88de,1
1792e08ccfcc,1
Ruokakuvasta,1
Valehdeluti,1
Mediatuomariverkosto,1
Roskanakin,1
Ts0131,1
Oskari_onnisen_kolumni_20_euroa_lisää_rahaa,1
Konsekventialismi,1
Hyötyalgoritmeja,1
Unemploed,1
Wroks,1
Opporturnities,1
Villegallelle,1
12donaa,1
Oikeussalikäsittely,1
Käylä,1
Lyhytelokuvina,1
Luthersäätiöt,1
Kulttuurivoimalan,1
Sayeth,1
Eritettu,1
Lattiaharjan,1
Lihankimpaleet,1
Oikestopolitiikan,1
Katsonnassaan,1
Imutehosäätö,1
Mummeloi,1
Erikoiskurssille,1
Kaksneloset,1
Parempikäytöksisiä,1
Kolmemysit,1
Spedekävely,1
Järdis,1
Ruokaelitisteilemään,1
Finngridistä,1
Kehkeytymisestä,1
Homoseksuaalisuudellakin,1
Påtkätyö,1
Avaruusihmisoikeusrikossimulaattori,1
Modisupportti,1
Pakastaneet,1
Tekotyypeiltään,1
Karsastuttaa,1
Palkkareservillä,1
Lasipaneeleita,1
Kasauksetkin,1
Fxlajtc,1
Häneenkään,1
Alivarusteltuja,1
Kustannusmalli,1
Soijapaloilla,1
Vahakankaalla,1
Totaalikieltäytyjyys,1
Onctojnen,1
Autentik,1
Garantee,1
Seksuaalirikosvyyhtien,1
Ketjuttuneet,1
Lähiperheenjäsen,1
Siteerin,1
Agressiivia,1
17jymdn0w6u,1
Alvt,1
Teryvestarkastuksen,1
Hyvävelihimmelihän,1
Commonlaw,1
Fileesuikaleeksi,1
Ilmoitustapansa,1
Fileepalojen,1
Kuluttaneesta,1
Arkikokkaamiseen,1
Mausteversioita,1
Syötäkään,1
Myöhäisedit,1
Paistisuikaleetkaan,1
Lihasanojen,1
Kanapyöryköistä,1
Liikkumismekaniikka,1
Hvrp,1
Heliumille,1
6e9c1230,1
F658,1
2d958f7ae593,1
Henkilökohtaisuuksissa,1
Kaanoneista,1
Apostolisina,1
Niitävideoita,1
Kumilätkä,1
Korruptoimasta,1
Mytologiaeeposta,1
Teoksistakin,1
Lähimmasta,1
Enimmäisasumisraja,1
Completea,1
Vuokrasummassa,1
Paukkuisikaan,1
Peiteidentiteetti,1
Muutnekin,1
Lemmestä,1
Toivotatteko,1
Ruttuluurista,1
Tulovesihaarasta,1
Mulaamiseksi,1
Aksiomaattisen,1
Muutospisteen,1
Lnnv373,1
Ionille,1
Jaksolisen,1
Järjestälmän,1
Molekyylisidoksia,1
Anionia,1
Kationia,1
Kvanttimekanisia,1
Johtoporsaan,1
Korinttilaiskirjeissä,1
Liiikkeeseen,1
Valamieskäytäntö,1
Helpommalaki,1
Pitkäikäisistä,1
Collegiality,1
Holittomiinkin,1
Päähänpinttynyt,1
Haeataan,1
Viljelijöidenkin,1
Sotamenestykselläkään,1
Keplotelleethan,1
Stormilla,1
Määriäkö,1
Kausaalitulkintaa,1
Käytöstäpoistoa,1
Kielttää,1
Höpistelyä,1
Työttömyyskaudestani,1
Luultsvasti,1
Ymmårrä,1
Turvapakaikanhakuun,1
Integroitumistilastot,1
Heiläkään,1
Chillatakseen,1
Maistelumielessä,1
Höpöillä,1
Vuosipalkkioiden,1
Gradu03179,1
Paiskimasta,1
Koplinki,1
Lopssissa,1
Ho2,1
Peroxyradicals,1
Tropospheric,1
Geometriapuzzle,1
Polimaksuki,1
Vyon,1
Maailmansotiakaan,1
Agendaperusteinen,1
Runnonneelle,1
Päävihollinenkaan,1
Virhrearviota,1
Modkit,1
Fbryhmän,1
Marttikerho,1
Vinkkiejä,1
Läpikäydäkseen,1
Uskonhurmoksessani,1
Mielikuvitusasia,1
Kahtoisi,1
Ihmisoikeusasiassa,1
Maksukäyttäytymisen,1
Influensserista,1
Neuvottelutahtoa,1
Neliöistään,1
Hengitäs,1
Vilkkasta,1
Korinttilaiskirjeitä,1
Emn_maahanmuuton_tunnusl_2015_tumma,1
Politiikkaraportti_fi_en_final,1
Ymppämällä,1
Paistisuikaleista,1
Fileepalat,1
Koipipaloissakin,1
Ekstravastuilla,1
Valintateoriaan,1
Oikeusasetetta,1
Ylempii,1
Mukaanluettua,1
Arvosanapaineet,1
Terveysinfran,1
Tekipähän,1
Kebabbilathan,1
Ihmisoikeusraportti,1
Päätösperusteisia,1
Sisämnisteriön,1
Sulkutulpan,1
Tuomioistuimienkin,1
Aluevaltuustoryhmän,1
Alymaksaminen,1
Halpatuontimaa,1
Omohin,1
Vääriymmärrykset,1
Etnoryhmään,1
Psyykenhäiriöisiksi,1
Psyykehäiriöisiä,1
Glykokeeminen,1
Stefavikasen,1
Vuotamise,1
Stefavikaisen,1
Rikosmerkistö,1
Käyttytyykö,1
Differentoituneen,1
Pelaajahahmoa,1
Dreamsiin,1
Optiotasolla,1
Tra4ak,1
Council_of_men_enjoying_their_leisure_time,1
Lautapelikerholla,1
Käskinonnitella,1
Vitunlokit,1
Porsaankolojen,1
Pönöttäjiltä,1
Vaikuttajat_raivostuivat_paola_suhoselle_ep,1
A4reilu,1
Ohwfc_vh4di,1
Tehopaperin,1
Tehopaperia,1
Humanistisimpia,1
Ikäväpuhe,1
Munda4se8kk81,1
26e9f73a79e5f8b78783cbabf2f4c59b701bd000,1
Paistisuikaleille,1
Haudutettuina,1
Paskantärkeällä,1
Iltatapahtumaan,1
Tervetulodrinkiks,1
Pissiessäsi,1
Nzco0g8aglu,1
Sidoskudosta,1
Teansport,1
2nenkin,1
Universaalisimpina,1
Jumalanvastaisia,1
Leikittelinkin,1
Markerin,1
Karttamerkeillä,1
Kupluttelijat,1
Vauhtihemmot,1
Kuormituslaskelmissa,1
Puristuslujuutta,1
Tulitiilen,1
Teräspalkkirunko,1
Cacilla,1
Istues,1
Työmarkkinatasapainon,1
Väitteilleisi,1
Pyöränkumista,1
Valmistatukaa,1
Syömishäiriötehdas,1
Manööveriltä,1
Selviytymisohjeissa,1
Hätävarasuosituksista,1
Arkkupakastimista,1
Joditablettivarasto,1
Säilykevalikoima,1
Keräkaalivinkki,1
Vihreänsalaatin,1
Kaalireseptejä,1
Pakolaisuusjärjestelmässä,1
Uuvuttaahan,1
Polyamoristeilta,1
Ennakkotapauskäsittelyyn,1
Ralentavaja,1
Silkkiukun,1
Sovintoehdotuksena,1
Leirikeitin,1
Sydänkohtaussimulaattori,1
Kurpitsansiementä,1
Yhteiskuntasopimusteoriat,1
Hobbesinkin,1
Allet,1
Niiniya,1
_tekemisistä_,1
Jäsenhakijoiltaan,1
Lähdevesipäniköitä,1
Jetboilia,1
Paskamarinaadeissa,1
Säilukkeissä,1
Ulkomaalaisten_maara_tuplaantui_oulussa_kymmenessa_vuodessa__maaran_odotetaan_lisaantyvan,1
Maistettavaa,1
Warpspeedillä,1
Turvapuoliki,1
Déteste,1
Donnerais,1
Puissiez,1
Continuer,1
Écrire,1
Kieltoerehdystä,1
Sopimuspuoleksi,1
Hyväksymiskirjansa,1
Hyväksymiskirjan,1
Ratifiointikirjan,1
Talletuspäivänä,1
Yleissitovuutee,1
Hengitykselläkin,1
88irinta,1
Bigmacit,1
Imurointifirman,1
Nettosiirtäjä,1
Mallidemokraatiat,1
Pesukoneesee,1
Pojanpyllerö,1
Jokapäiväisiäkin,1
Nykylukiolaisesta,1
Tarjontasokkeja,1
Tempaama,1
Planetaarion,1
Plutolta,1
Hiirin,1
Jämäkanat,1
Paikkalisesti,1
Hyodynnetaan,1
A8c95750,1
Ec4d,1
90a6,1
E892e679682b,1
Hahahhahahahhahah,1
Hahahahhahahhahahahahahahhaha,1
Kenzanin,1
Ishinin,1
Twiittajalla,1
Migr_asyappctza,1
Yksivaltainen,1
Monopoliasemalle,1
Alkoholijärjestelmälle,1
Yrittämässäkin,1
Tarjontasokeista,1
Happimyrkytykseksi,1
Absurdumiksi,1
Levada_ru,1
Hörhöi,1
Ohjeitansa,1
Metallisäilykkeissä,1
Marttana,1
Yksinpeleist,1
Syytelupa,1
Tiivisterenkaasta,1
Pekeleen,1
Tuloveroluokkaan,1
Kaappisäilytyksessä,1
Joukkuettas,1
Pihamaaltaan,1
Mosallekin,1
Duo98846,1
Soulstormissa,1
Kehitysturhatyöhön,1
3g9shece5n,1
Myyntilisenssin,1
Kauppamyynnissä,1
Vaihelusta,1
Julkaistaiin,1
Th99wv,1
Nato_hsn_p,1
A4ivittyv,1
A4_taulukko_kokoaa,1
Hanslankar,1
Öra,1
Örasta,1
Holokaustisota,1
Löhöäisi,1
Aikaisemmaan,1
Jalkaplloilevista,1
V7gwhm,1
Saramohan,1
Hyvinvointialueitaan,1
Bränditaloja,1
Avaruusasentajalinjalta,1
Varavirtapankkia,1
Kylvävään,1
Tottumuskysymystä,1
Tappoilmavaivat,1
Mikrobitasapaino,1
Pelottelukäyttöön,1
Kattokäsitteet,1
Demokratiakäsitteellä,1
_istanbul,1
Names_of_istanbul,1
Arkiruokakin,1
Ennakkopäätösvalitus,1
Kratiaan,1
Palkinvääntö,1
Vuorotöinä,1
Koeaikalaisten,1
Multivitamiinipakkaus,1
Säilykeruuista,1
Teloitettiinko,1
Laumaliittoa,1
Butanaalissa,1
Propanaali,1
Tiputeltukin,1
List_of_military_nuclear_accidents,1
Lakonalaisissa,1
Lakkosumalla,1
Hoitajamäärillä,1
Jälkeisinäkin,1
Vesaheikkila,1
Enemmistöhallituskokoonpanolla,1
Pakotetatan,1
Isänmaidosta,1
Vitamiinivajareiden,1
Diplomaattipyykissä,1
Boliisia,1
Vetykarponaattia,1
Marttalajorma,1
3dwk8hlkst0q8yt548wd7q,1
Liukuhihnaleffoihin,1
Fblk4ktae5u,1
Cd1ens9htxo,1
Pilooteille,1
Hermoot,1
Vitamiinitablettejahan,1
Työmarkkinalaitoksella,1
Palvelusuhdeasioiden,1
Headhunttaamisensa,1
Sovittelumekanismin,1
Viktorovitsh,1
Aggressiostanne,1
Hoidonlaadusta,1
Vuokraustapa,1
7_avtobusiv_z_imovirno_oprominenymy_v_zoni_chaes_okupantamy_pryyihalo_u_tsentr_radiatsiyinoyi_medytsyny,1
Marinadinpaska,1
Marinadisotkun,1
Marinoimatonkin,1
Hitb,1
Unbreakablelle,1
Alaäänitystä,1
Fileesuikaleilla,1
Marinoidunki,1
Präiskyy,1
Halpismarinadeissa,1
Penetroituneet,1
Kanankuivauspyyhkeet,1
Hääfintepääk,1
Merkityllisin,1
1138065_1_style,1
Kaasuunnu,1
P104551,1
Hätävarahommista,1
Eikosanaalissa,1
Torkkujaa,1
Psyykenhäiriöinen,1
Hämärtäjinä,1
Psyykenhäiriöisistä,1
Psyykenhäiriöisinä,1
Puhetyylilläni,1
Tutustakin,1
Muodollisemmissa,1
Inttivibat,1
Muuviis,1
Kansallistamisintoa,1
Teitittelyksihän,1
Halpismarinadia,1
Todellisuustajuiselle,1
Gjöötlandissa,1
Denaturoitumaan,1
Pureutuvuus,1
Makukastike,1
Ruokakeskustelut,1
Suatina,1
Punaviinimarinadikin,1
Kannatusmajoilla,1
Huoltohommassa,1
Virallisimmissakin,1
Pandemiankaan,1
Marinaditaistelua,1
Joukkorahoituskamppanjalla,1
Vesipöntöt,1
Aldehyllit,1
Komppanioitten,1
Pääporteilla,1
Vartiopäällikköä,1
Muovipöntöissä,1
Karponisaatio,1
Mausteöljyttyjä,1
Vakuumilaatikoissa,1
Wonderlandista,1
Impaktina,1
Modernisoitumisessa,1
Öljymarinadi,1
Turhamaisista,1
Lyhytkantoisena,1
Turvallisuusratkaisuna,1
Republikaanipoliitikoille,1
Bisnesideassa,1
Epäformaalimmin,1
Kädenlämmittimen,1
Sulosoinnuilla,1
Kuseskeltua,1
Suohautaan,1
Bruttoansioilla,1
Bodydoublen,1
Kohteliaisuusmuotoja,1
Jäbättären,1
Mikkoseni,1
Amiksemmissa,1
Lavrovist,1
Komentojärjestelmästä,1
Nykyhallintojensa,1
Monivitamiineistakaan,1
Sihahtava,1
Kuivaruokakiertoon,1
Jönnitä,1
Loikippa,1
Älyne,1
Sisäsiittone,1
_politiikan,1
Jogurttipohjaiset,1
Tandooria,1
Hunajamarinaadia,1
Mmqwcane6ng,1
Hätäteurastamassa,1
Kaviokkaan,1
Entisaikaisella,1
Riiputuskoukku,1
Konesuojassa,1
Kopukoille,1
Kötkäle,1
Riettaeläinten,1
Haaskaankaan,1
Suluotuoksu,1
Vasikoihin,1
Roolivalintojen,1
Tukivoimista,1
Pullonki,1
Psykoterapiaani,1
Suunnannuutoksessa,1
Eläinmyytit,1
Konsolikäännöksetkin,1
Arvaamatonkin,1
Siteja,1
Subaydahista,1
Sitessa,1
Subaydah,1
Riistanisakkaiden,1
Suurtulivuorenpurkaus,1
Tuhkapilveen,1
Mielipidemuutoksiin,1
Äitkän,1
Virkamiehistymisen,1
Työtoverista,1
Pudotittekohan,1
Villalapasenne,1
Vetkula,1
Liukuhihnakuraa,1
Uskonnonrauha,1
Perusoikeuta,1
Näkymyksiesi,1
Oikeuttamaanmuiden,1
Kielitekoja,1
Suomettuminem,1
Viisiitin,1
Vihkipappiani,1
Pauhaaman,1
Villafrotee,1
Marinadimestarin,1
Lempicombo,1
Liikumisvapaus,1
Boiddaa,1
Annoskateutta,1
Sosiaalikonservatiivisuus,1
5tu32cca_ig,1
Hakukohta,1
Ydinaselatenssina,1
Onpootin,1
Letkuliinin,1
Rikkipaskan,1
Synnilleen,1
Pakkaisisin,1
Kusipääkunta,1
Vidduviddu,1
Flomaamista,1
Punaviinimarinadi,1
Verkkomyynnistä,1
Teititittelen,1
Yhteisölisyyden,1
Tekstarikielen,1
Loppumerkit,1
Naudallekin,1
Uusintapelattavia,1
Laskemointiin,1
Suikalehöttö,1
Lennättelisivät,1
Kiusalennoilla,1
Naapuriarmeijan,1
Töhöiltäisi,1
Verokostakin,1
Kilopascaleja,1
Marinadimestari,1
Marinadiresepti,1
Grillimaustevoin,1
Foulsydxeae1is2,1
Ajka2x_,1
Q74,1
Valmistujaisiksi,1
Veronkiertäjänä,1
Puuhailevansa,1
Lähettäisivätköhän,1
Aldehydiryhmä,1
Muodostavaan,1
Hiiliatomiin,1
Kaksoissidoksella,1
Marinadien,1
Osanssin,1
Pressumed,1
Rosvolandian,1
Синя,1
Витун,1
Вамманен,1
Мее,1
Мууалле,1
Секоилемаан,1
Imploosioperiaatteinen_plutoniumpommi,1
Imploosiomenetelmän,1
Fissiokelpoisesta,1
Hyötykuormaan,1
Hiiliyhdisteiden,1
Häiriöjutusta,1
Tiedeväitteet,1
Kitarajeesus,1
Haamunuotteja,1
Kakkapyllypuhetta,1
Syömäkelvota,1
Toskiin,1
Erikoissotilasoperaatioihin,1
Lähiimperialistin,1
Kengännuolemisbudjetti,1
Kaveeraaminenkin,1
Itäturisteilla,1
Kotitilat,1
Nationalistihuurupäitäkin,1
Maailmansotiinkaan,1
Uudelleenkäytetäväksi,1
Velijärjestelyä,1
Benke,1
Arktisuutta,1
Esimerkillista,1
Etnisemmäksi,1
Körmyyttänyt,1
Bussireittejäkin,1
Kitaratyöskentely,1
Straitsilta,1
Pelimekaaniikat,1
Ajokokemuksellaan,1
Dialoue,1
Plateaun,1
Rakennenettu,1
Ruttopalaa,1
Kaislikoista,1
Tuotevihannekset,1
Reisikoipiin,1
Rumpucoverin,1
Ollleeseen,1
Rz1x0rp3mfw,1
Viininvalmistukseen,1
Vedenvaihdon,1
Desinfiointipillerin,1
Suklaisuudesta,1
Puuvarastolla,1
Huovilla,1
Ydinaseuraanin,1
Valintmiehet,1
Kidutusosaston,1
Knopflerista,1
S2e3,1
S2e22,1
Pommikelpoisen,1
Fissioelementin,1
Mobilisoimien,1
Tiputettunakaan,1
Linkkikavalkaadeja,1
Pintautumista,1
Kankkusella,1
Herranpalvontaa,1
Luontinsä,1
Vuornosen,1
Persuuksensa,1
Maalauskankaalla,1
Taideinstallaation,1
Halpisbroisut,1
Interventiossa,1
Ydinpointtisi,1
Pierunhaisteluelitismistä,1
Muistelemisiani,1
Tursimo,1
Venäjänvastaisuudella,1
69a2b7b790,1
Arkipostauksia,1
Kansalaispuisto,1
Ulkopuolises,1
Gallupein,1
Downvoteessa,1
Nykiikin,1
Mykyaseilla,1
Tsuuh,1
Miumaulle,1
Hyvinvointialuekorruptiojohtajien,1
Somelässyttäjät,1
Varvempaa,1
Kalastelemiselta,1
Kulttuuripöhinästä,1
Liberaalivassari,1
Modernistakin,1
Tärkeileviltä,1
Pölkkypäiltä,1
Paskamarinadien,1
Leivityksen,1
Killeridiili,1
Kuivamauste,1
Öljypohjaisessa,1
Hunajahuijauksella,1
Kokovartalosurvelomies,1
Liskomiehenkaltaiset,1
Aistemme,1
Lakkoiliko,1
Vaunuhalli,1
Pigillä,1
Kiristus,1
Sampoopullo,1
Yhteishaussakin,1
Mättöfilmi,1
Puhuupas,1
Mounteista,1
Gnomelta,1
Turnipsien,1
Helesingistä,1
Täyreellisesti,1
Toimittajataustaisen,1
Nothingiin,1
Duunariukon,1
Lauluntekotaito,1
Kitaranvinguttelut,1
Bellingcatillakin,1
Torjuntamekanismit,1
Nettietsivätkin,1
Kommenttikanavissa,1
Siphonaa,1
Avaruusolioissa,1
Putkimiehessä,1
Skandinaavimailla,1
Taisteiltiin,1
Bädäässeriyden,1
Homografia,1
Denuklerisaatio,1
Hillotolppiaan,1
Sänkykauppiaiden,1
Valitsijamiesäänestyksen,1
Ilmaantuneelta,1
Omiasuuden,1
Edelsivätkin,1
Aamukahvikirjoitusvirheitä,1
Neuvottelutasolla,1
Omallamme,1
Valmistuskapasitettia,1
Letkukameransa,1
Tervapaperin,1
Puhelinedustajalle,1
Viisastuttua,1
Lbees0n,1
Typerienkin,1
Kotitenttejä,1
Savipäiden,1
Huvijahteilee,1
Aluemuodossa,1
Zhcj7xj,1
Liukuhihnaraportointia,1
Viemärinkuvaaja,1
Demonauhaa,1
Viemäreita,1
Nolostelemaan,1
