Liberaalipopulistien,1
Käsimerkistäkin,1
Puuhasedät,1
Kotihammas,1
Luontovero,1
Luontoprofetiavero,1
Äärettömyydessö,1
Äärettömyysluokka,1
Heittosarjaa,1
Vihapuheentarkastajia,1
Kannatatettavaa,1
Myyntisanasto,1
Hankausliikettä,1
Häpeämurhia,1
Olen50vuotiaskantasuomalainenjatämäonsyvää,1
Kakskytamerkkiraja,1
Happyhours,1
Asummeyhteiskunnassa,1
Suojelurahamallilla,1
Fanilukuja,1
Polypii,1
Sovacool_nuclear_ghg,1
Polttoainetyössä,1
Päästätöntä,1
Yksisilmäisimmät,1
Ydinvoimafanit,1
Koventamisperusteessa,1
Vaadittaisikohan,1
Kirjoittamisvastuun,1
Varysin,1
Briennen,1
Haringtonilta,1
Tfvvlunxujc,1
Joukkomediaa,1
Huivilaki,1
Benioffhan,1
Benioffilla,1
Paskaravi,1
Slurmachine,1
Indium,1
Praseodymium,1
Dysprosium,1
Rikollispomojen,1
Ilmastokonsensuksen,1
Riistaajatnouskaaylös,1
Kääriikin,1
Suomennossubredditistä,1
Bakeryn,1
Rusinaleipä,1
Unsulliedeja,1
Tynkäkaudella,1
Bsgn,1
Vaadiiittn,1
Pelaajakohtaisiksi,1
Rahastuskurvi,1
Iltahammaspesu,1
Sielujuttu,1
Suupiirteisesti,1
Sueksi,1
Kuninkaallisimmat,1
Päänaishahmo,1
Sjdenter9c4,1
Pomarkkuki,1
Hakkuihin,1
Pilapiirrosfarssille,1
Aryaa,1
Kesuviikonna,1
Heikkin,1
Eläkepommikestävyysvaje,1
Vastauskuoreen,1
Chiagoon,1
Kaihtavalle,1
Pyknikolle,1
Suomalaisia_n,1
B6kantoja,1
Hiddenmickeys,1
Jordian,1
Kokonaismääräähän,1
Kokonaiskatsojamäärästä,1
Eroavin,1
Orwelllilaisia,1
Huvilaki,1
Signifant,1
Rikoslaistamme,1
Jengiiki,1
Valvomallaan,1
Arvauksenomaisesti,1
Lämpimissäkin,1
Orientistam,1
Liharespeti,1
Kokeilunhimoa,1
Keskuskeittiöhöttöä,1
Tajunnanvirtainen,1
Pelkurimaisuuden,1
Röplem,1
Yleissivistänyt,1
Osaamisbotin,1
Osaamisbotti,1
Sweetspotterin,1
Sweetspotter,1
Rautatiehankkeista,1
Crumley,1
Päästöarvotkin,1
Hakemateriaali,1
Hiilikapasiteetti,1
Metsäpohjaista,1
Materiayksikkö,1
Maakuntaprojekteja,1
Rakkineilla,1
Kerääntyvätkin,1
Biomassahuuma,1
Suojeliminen,1
Ravitsekkaasti,1
Reitistäni,1
Kebabberiaan,1
Seitanpitsa,1
Elinkaarikustannuspäästöt,1
Verkonkapasiteetin,1
Feminazihallitus,1
Purkkisafka,1
Verkostoasentajat,1
Hesarilaisilla,1
Kokkauskohdasta,1
Koiranäyttää,1
Silloionkin,1
Tunnuslauseella,1
Pääsemisssä,1
Hymynaamaan,1
Alkukorvaus,1
Homoudenvastuu,1
Ympäristöhommaa,1
Tuuntin,1
Vihapuheenjahtaajat,1
Ripulikiiselissä,1
Soutakoon,1
Leikiä,1
Vuotosuunta,1
Keikkatyöreserviä,1
Nuoriille,1
Bpnz8k,1
Hammastahnajämien,1
Tunnistautumisvaatimus,1
Nykyradalla,1
Turismikaan,1
Poiminnon,1
Ihmissalakuljettamisesta,1
Jtvzurl,1
Tyhmenemistä,1
Persoonallisuusmuutosta,1
Thronessa,1
Ludovico_treatment,1
Viisumivaatimuksiaan,1
Bwdrjv,1
Johdatteletko,1
Suvaitsevaisuuslinja,1
Lähteenruikuttajille,1
Erityisoikeuksua,1
Lmiön,1
Kansallismielisyytenä,1
Etnosentrisyytenä,1
Valaistustiimillä,1
Productionilla,1
Kasvisvegevegaanihippinä,1
Tienvarsiblokkeja,1
Päiväkotitappo,1
Padmen,1
Solidaarisuusverojen,1
Tusinahahmoksi,1
Osinkoverojärjestelmän,1
Yksinkertaistaisivat,1
Showpainipiireistä,1
Bottiteknologiaa,1
Vaalibotissa,1
Kaivoni,1
Ohjelistokehitykseen,1
Elintarviketekniikkaan,1
Tipumurskain,1
52pm,1
Jakaakko,1
Setämiesedustajien,1
Setämiestoimittajille,1
Maailmanlopunkuvioita,1
Samhan,1
Perillistään,1
Gendrystä,1
Äpäräsukunimen,1
Äpäräsukunimeä,1
Briennelle,1
Kahleillaan,1
Vihaliivit,1
Taidekoululla,1
Pohjanpystis,1
Kesäkarvaa,1
Hikihelteet,1
Talvitalja,1
Kirjaversion,1
Ransporter,1
Arvontuottamisessa,1
Apple_park,1
Röökimainontaa,1
Vuokraleffaa,1
Makuuttamisella,1
Sijoituspäätöksiään,1
Transsiperian,1
Porkkanakakulle,1
Porkkanattomalle,1
Vaihtoehtoisjälkiruoaksi,1
Koventamisperusteiksi,1
Xxtun,1
Absolutistivanhemmat,1
Dothrakien,1
Kamikazehyökkäys,1
Dothrakeja,1
Rautasaarien,1
Rhaegalin,1
Vasalleista,1
Äpäränimet,1
Gendryllä,1
Kuninkaallisin,1
Rhaegarin,1
Eliaan,1
Rhaegarilla,1
Showpainiin,1
Allelitewrestling,1
Investointilaskelmien,1
Laskentakorkokannalla,1
Oshiwara_river,1
Ympäristöhippeilyyn,1
Teinikukoille,1
Nössöporukkaan,1
Kikkailullakaan,1
Lempparialalla,1
Emotioneissa,1
Edisson,1
Puollustuvoimien,1
Snowvillagessa,1
Snowvillage,1
Ajatusavaus,1
Oikeusistuimat,1
Alkoholikutlttuuri,1
Urakehityksellisesti,1
Aamuapalan,1
Paksuturkkisilla,1
Trimmatakin,1
Kauppurista,1
Puistopaviljongista,1
Ukonkivelle,1
Scriptu,1
Directu,1
Läppöjen,1
Vihapuhuminenkin,1
Varustautuneesta,1
Liraattipahden,1
Rickon,1
Winterfellissä,1
Ironbornit,1
Gendry,1
Eastwatch,1
Loksuineen,1
Asiaksasjonoa,1
Iy57erbkffe,1
Hammaslangat,1
Traumatakaumat,1
Kasvottomuusjuttu,1
Mukaebin,1
Fanipalaute,1
Jäsenkyselyä,1
Valokuvausjäsenyys,1
Linework,1
Kännisekoiluilla,1
Pikkuessee,1
Kalujanne,1
Kalustasi,1
Kuvahommia,1
9vymwepaaar21,1
Lisämyönnytykset,1
Viljaana,1
Munasuussa,1
Vartipäästä,1
Kapinoivaan,1
Identifioiduilla,1
Sukupolvenhuojennuksista,1
Työstökoneesta,1
Kebablista,1
Päihtymyystila,1
Hamningbergissä,1
Nuorgamistakin,1
Kesäasutusta,1
Adoptiolukemiin,1
Jäsittelyn,1
Vastikkettomia,1
Schengeniläisilläkin,1
Bongarina,1
Nälkälakkoonko,1
Acestreamia,1
Setämiesilmiöllä,1
Laaksontalo,1
Muistuttajaksi,1
Murhanhimoisuudesta,1
Keskushahmoilla,1
Hehtaarinkokoiset,1
Juonikilvet,1
Viserrettäisiin,1
Machinoiden,1
Dubstepihko,1
Listacountrybiisissä,1
Opetusaineistoja,1
Vakistriimi,1
Kutsulukon,1
Pikamaksu,1
Myymälähenkilökuntaakaan,1
Äänestysvarmuudessa,1
Bpqilk,1
Il_hirviniemen_syytteest,1
A4_kutsunut_17v_tyt,1
Perskännäilyä,1
Mymlan,1
Bppv1x,1
Yrmyilmeinen_somekissa_grumpy_cat_on_kuollut,1
Kisseistä,1
Sytyttimellisessä,1
Toimintavarmoille,1
Huoltamattomille,1
Nahkakorsettiin,1
Puvustamisella,1
Zanos,1
Vonkausreissuilta,1
Tuiskeessakin,1
Puolierektiivisessä,1
Tavisjätkä,1
5a1m5gs,1
Jengiäiset,1
Ruuhkavyöhykkeillä,1
Vyöhykerajojen,1
Yksityisyydenloukkaamisen,1
Laahustaessasi,1
Lauhentai,1
Huuhaahumsnisteja,1
Tekoälytutkijan,1
Tekoälyprofessori,1
Kutsunisesta,1
Viisumivapauksilla,1
Persoonallisuudenmuutos,1
Pukumuutos,1
Sairaahoitopiirien,1
Valtionlaajuinen,1
Byrokratiataso,1
Liikennestrategiaa,1
Hjcaqid0yacj,1
Blogi_olli_keinanen_voiko_yksityinen_tunnelihanke_haastaa_poliittisesti_paatettya_liikennestrategiaa,1
0b1pu36b6wmj,1
Blogi_olli_keinanen_tallinnan_tunnelihanke_,1
_onko_valia_kuka_on_omistaja,1
Kannattavuusperusteet,1
8i_hi3haztmj,1
Blogi_olli_keinanen_yksityisen_tunnelihankkeen_kannattavuusperusteet_keskusteluun,1
Hupparisijoittajan,1
Tykkihommia,1
Kranaattityyppejä,1
Julistua,1
Tulitahti,1
Kaljailtaa,1
Hengailutoimintaakin,1
Mopojengeissä,1
Pannukakkusovellus,1
Teinikännejä,1
Diakoninuorisotyöntekijät,1
Betonimörskiä,1
3f2bb354,1
Paskajalat,1
Itseilmaisuasi,1
Juissista,1
Pakolaiskriisinsä,1
Aluehallintouudistusta,1
Peruskouluverkkoa,1
Katutietojärjestelmää,1
Tielautakuntaa,1
Tulvavahinkojen,1
Käsittelylautakuntaa,1
Adoptioneuvontatoimistoa,1
Rakennuslupatoimistoa,1
Pakettiautoihinkin,1
Höpsötykseltä,1
Ministerikokous,1
Ministerikomiteaan,1
Härnäävästä,1
Putkareissuilta,1
Ollikeinanen,1
Julkkisstatuksellaan,1
Laajentunutkin,1
Populistisiksikin,1
Retoriikkaailman,1
Sitouttaakin,1
Alatornion_kirkko,1
Polskuttanut,1
Jönneristä,1
Makoilukuvista,1
Uskomallasi,1
Vaikuttamisala,1
Asiantuntijatahoihin,1
Epx,1
Xkwy,1
Bakteerikerros,1
Kivannanäköiset,1
7dbd581c,1
6cca,1
64f1dafacad8,1
Vegaaniystävälliseksi,1
Tarjoilemastamme,1
Bistroa,1
Vegaaniravintolaksi,1
Iltanasi,1
Leikauttaneet,1
Meemikatista,1
Kasvattajajien,1
Mutterias,1
Mainitsemastadi,1
Poskeloista,1
Huumoriohjelmaan,1
Kasvispainotteisuus,1
Vegaanikultin,1
Sekaruoansyöjä,1
Ruokavalinnaksi,1
Tasapäisestä,1
Vierantuneet,1
Sekoittavalta,1
Muikkuseen,1
Mymmeleihin,1
Karvaranteista,1
Aktivointiserverit,1
Mamuahdistuksesikin,1
Ihmisoikeuskäsityksethän,1
Tabutettu,1
Rikosvastuullisessa,1
Rikollisvastuussa,1
Älypuhelinriippuvuus,1
Tökeröks,1
Toiminnaks,1
Pienemmist,1
Leluist,1
Syöhään,1
Pykälist,1
Gallupoitsijahan,1
Rationalisoimista,1
Kirkuisit,1
Asoiafcirclejerk,1
Ninnannunna,1
Perheasiansa,1
Hämmästykselleni,1
Cmy,1
Lämpöönsä,1
Lihansyöjäkovikset,1
Erektiokykyä,1
Womenwatch,1
Vaw_legislation_2009,1
20egm,1
20harmful,1
Mainstreampolitiikan,1
Jeesusteluargumentteihin,1
Ikäluokkakokoihin,1
Lihahien,1
Asesysteemin,1
Aamuksia,1
Nykytaistelukentälläkin,1
Käyttökohteiltaan,1
Keulasuoraa,1
Jauhomakkaroistakin,1
Gameofownsin,1
Gameofowns,1
Yhdyttiin,1
Cleganebowl,1
Cleganebowlin,1
Varyksen,1
Anonyymittömän,1
Ryhmäytettynä,1
Rellestämiset,1
Arabioista,1
Ananaspizzaan,1
Huivituksen,1
Balochistanissa,1
E2213a36f5369d9f2177472b3f74b987,1
Persumieliseltä,1
Motivaatiollani,1
Pullanpaistokursseilla,1
Sansalle,1
Vilijonkalle,1
Bpr1wv,1
Tuohtuneen_vegaanin_päivitys_sai_somen_kuohumaan,1
Kamerastas,1
Ncqivae,1
Pektomiliä,1
Sentineleiden,1
Lukuvuosikohtainen,1
Tiedotehistoria,1
Krolla,1
Bisneslobbari,1
Väkitiheyden,1
Suurkaupunkialuetta,1
Eurooppalaistyylisenä,1
Ympäryskuntamuuttona,1
Lailentamana,1
Kehitysyhteistyömäärärahoilla,1
Suojaikäräajat,1
Julkisuuskontekstista,1
Kyseenalaistaisitko,1
Lannisteriksi,1
Turninsta,1
Lässyttämisestään,1
Sortotoimenpiteille,1
Puhdistelulle,1
Persuprinsessa,1
Ihmisoikeuspopulistien,1
Pietikäisiä,1
Ihmisoikeustulkintojen,1
Neloskirja,1
Morkkiksetkin,1
Öyhäyksen,1
Turistibussillista,1
Mukuloitaa,1
Varmennukset,1
Suudelmaasi,1
Hyökivä,1
Suostumukseltaan,1
Lähenteleyistään,1
Hiplausyritykset,1
Kuselyssä,1
Epäkäytännöllisyyksiäkin,1
Kotiäitinäkään,1
Sketsiohjelmalle,1
Vitsittömyytensä,1
Pakkosyöttään,1
Nistivertauksesta,1
0kgbqsxx_gu,1
Hanamissa,1
Geoekonomiarajoitteisia,1
Labravalmisteisen,1
Safiinin,1
Cossitarvikkeeksi,1
Syöttöhanhee,1
Jossillon,1
Koraaniki,1
Bpro94,1
Huhtasaaren_ihmisoikeuskommentti_kuumensi,1
Enx4qte,1
Ehheheehee,1
Rehupunttihallituksen,1
Luonnonraiskauskiimaa,1
Varhaisperunoissa,1
Uuspernakauden,1
Potaattivoittoisesti,1
Varhaispotut,1
Rappiomenoa,1
Liberaalivihervasemmistolaisia,1
Normikassallakin,1
Mymmelille,1
Muslimikihot,1
Soveltavampiin,1
Mahdollseati,1
Maahanmuuttokysymyksesi,1
Iisumissa,1
Firealpaca,1
Seksikerhoa,1
Lajisolidaarisuuteen,1
Asoc,1
Luomusjärvet,1
Pakenemisveron,1
Aidanylittäjiä,1
Eilise,1
Paastopelleilyyn,1
Lohikäärmenaisesta,1
Isomuran,1
Karhupolis,1
Pikatsuface,1
Filionka,1
Setämiestellä,1
Vilionkka,1
Joffery,1
Helsnkiin,1
Loppujakso,1
Kutakuinnii,1
Kitsiputous,1
Vuonomaisemat,1
Yhteiskuntamaantieteilijää,1
Aluetieteilijää,1
Suunnittelumaantieteilijää,1
Villatehtaan,1
1svovgsqmvzmd1fg450z7bia,1
Eulainsäädännöstä,1
Finanssivastuu,1
Kävelymieheksi,1
Karhupatsas,1
Cerseillä,1
B5n,1
Ruohinen,1
Ruokahyllyssä,1
Bdxer7f,1
Tunturitie,1
Laskettelijoineen,1
Levihotelspa,1
Metallihenkilöt,1
Alternativempi,1
Poisjätettynä,1
Perunasuikale,1
Korpelointi,1
Rituaalileikkelyt,1
Englanninkielentaitoista,1
Himottavan,1
Sinisilmäisyysongelma,1
Painoluokkamme,1
Nuuskasnow,1
Kulttuuriluokkia,1
Velvollisuuskäsitykset,1
Badmouth,1
Pohjahuopa,1
Tarjontalähtöistä,1
Pöhinätunnelia,1
Jumalahahmon,1
Kanukkikommentaattorit,1
Hiivaisuutta,1
Paulanerissa,1
Vilvotellen,1
Nettilähetyksen,1
Ketäkuinki,1
8z2tly,1
Mina_peurakolarissapng,1
E2g3zz4,1
Tiliöi,1
Haukkumispuolueena,1
Exmuslimeille,1
Työttömyysmenoista,1
Kaupunkilaisempia,1
Paskatöräys,1
Ilmai,1
Klikkiotsikit,1
Hienostopolitiikasta,1
Romanialaiskerjäläisten,1
A4n_vanha_kirkko,1
Sevenfellshostel,1
Imagopuheet,1
Runnereille,1
Showrunnerille,1
Playboysin,1
Levytysstudio,1
Jostqkin,1
Sex_marriage_in_taiwan,1
Response_to_the_ruling_,1
2018_taiwanese_referendum,1
Vaalikampanjien,1
Osinkoverotukseksi,1
Milffeissä,1
Rantaradasta,1
Lähetyslisenssi,1
Etelärajamaat,1
Masturboitua,1
Mielikuvitusmoraali,1
Lohikäärmeentappaja,1
Lanisterin,1
Europuolueista,1
Europolitiikan,1
Yhteistyökelvottomiksi,1
Harrastamisistaan,1
Framtidskommissionen,1
Cwri,1
Lewistonmigrantreport,1
Alueemma,1
Ampumakoneistossa,1
Koulutetudta,1
Alaäänivelat,1
Budinne,1
Hannuja,1
Epäilivat,1
Fixyt,1
Crosspostailtu,1
Freefolkkiin,1
Futisfaija,1
Aamukiukuttelut,1
Huippusektorilla,1
Kuulapäisempi,1
Mukuloi,1
Maahanmuutajataustaisista,1
Vertauksenvuoksi,1
Eeeeetäisesti,1
Eullahan,1
Tekijänoikeushommia,1
Abouttistarallootia,1
Turnajaispeitsellä,1
Hiliqilta,1
Vesikammonenkin,1
Tapahtumallakuvauksella,1
_oikeutena_,1
Veronkorotuksiakaan,1
Laiffista,1
Trumppoa,1
Vaalikonekysymyksinä,1
Arbitoijiksi,1
Crimestats,1
Hipsitään,1
Karawankenin,1
Villachista,1
Tauernautobahnilla,1
Huijakkaa,1
Scandlinesin,1
Irtoettania,1
Värtanilla,1
Molemminpuolisuuden,1
Alkuperäsempi,1
Laivastonkin,1
40itk38,1
Toimiviahan,1
Kiskotykeillä,1
Lisäkilkkeiden,1
Kieślowskit,1
Vuokralaisiltasi,1
Wikiepdia,1
Danylla,1
Käytäväkeskusteluissahan,1
Pikachuaa,1
Vastauskuori,1
Opiskeluperäisesti,1
Raiskauskeskustelussakin,1
Voitaneekin,1
Nonverbaaliseksi,1
Talonostoprojektin,1
Sohvanrämälle,1
Eikls,1
Itsepalveluvarastot,1
Uskonnontunniltako,1
Pappikoulutuksen,1
Monarkioilla,1
Äärihihhulointi,1
Totaalikieltäyjät,1
Negstiivisuudelta,1
Lahjaveron_maar,1
Suommalaisia,1
Videofalle,1
Lihalisenssi,1
Perspektiivipuhaltimella,1
Sinisilmäisyysongelman,1
Tunnenaruista,1
Nykiväksi,1
Valkoisii,1
Remppakäyttöä,1
Supertiede,1
Läpinäkyvilla,1
Välmuotoja,1
Kieliteoreettinen,1
Siionia,1
Huoo,1
Moraaliisia,1
Raaaa,1
Kansallisdemokraattinen,1
Chelmnossa,1
Mytologioille,1
Sisapuolueen,1
Tarvisessa,1
Alexroiland86,1
Paltti,1
Maavalintaan,1
Marmarikseen,1
Puoluueellisesti,1
Sirmharry,1
Tarkastelepa,1
Hyväntekeväisyyselementti,1
Ruokailuryhmää,1
Kotouttajista,1
Uhkapelilisenssien,1
Munlun,1
Lapsimäärällisesti,1
Lisääntymisaste,1
Asteenkoulutuksen,1
Neuvottelutaktikoinnista,1
Rikkausveroja,1
Yksinomimaa,1
Ffa7b652,1
5d52,1
7d3ed7eb3957_story,1
57dc940297f8,1
Pakolaismääritelmät,1
Mülder,1
Skullenü,1
Raksasiivoustöitä,1
Lehtijakelureitit,1
Tiskipesuainetta,1
Tavaroitasikaan,1
Paattiarallaa,1
Myynneennä,1
Edunvartijoina,1
Huutelemallakin,1
Puolueasenteilla,1
774ac9c755cd3b6faa92ce6dec6cebd6,1
Uimaportaat,1
Sarkasmiyritys,1
Erikoispi,1
Edgeailevat,1
Splurggg,1
Lahjakirjan,1
Koivulta,1
Pakasteruoista,1
Merenrantamöksällä,1
Imprescriptible,1
Kaivorummun,1
Alkoholistuin,1
Manipuloduksi,1
Virittäytyneen,1
Yleisynyt,1
Hyssytellystä,1
Puukkakea,1
Kellertavanvärisempi,1
Tsilviissiin,1
Lautaskiistaa,1
8ced0a3e428c114aa8ed8f5fce65d0e9,1
Predikatiivisten,1
Hämmentävänäkökulma,1
Rautatieasemmalla,1
Maljasienten,1
Materiaalivoima,1
Juissistahan,1
Netinkäyttöäni,1
Miettinyä,1
Viihdevalikoimaa,1
Sekahötöllä,1
Nettinapostelun,1
Herkkuvalikoimasta,1
Kesäspermaan,1
Muistellaam,1
Pimenysverho,1
Boika,1
W5ppee3xspc,1
Voyagerissa,1
Propagandakampanjaksi,1
Pimennysosta,1
Siitepölykerroksen,1
Kaupuntiin,1
Cnaktcwabg0,1
Peruskulmakiviin,1
Maalitettavissa,1
Vastakohtamaiset,1
Tulliinha,1
Repeilevästä,1
Venäjävekselivetoisuutta,1
Pimeysverhot,1
Eurokraateille,1
Dacapossa,1
Uimataitoistenkin,1
Uimareissuista,1
Ylävenetit,1
Tiskipesuaineita,1
Miehistötappioihin,1
Ruokakaupathan,1
Peppukipuisiin,1
Nieleminä,1
Pöhköyksiä,1
Surgutista,1
Hakujärjestelyitä,1
Pääsykoeopiskely,1
Nomadikulttuuri,1
Romanivihan,1
Nomadeista,1
Lisäkustannuksitta,1
Treeniajaksi,1
Treenikaverilleen,1
Treenilleen,1
Curtainsofdarkening,1
Telolle,1
Vaihdetuissa,1
Käpsäkeissä,1
Kevättakkeja,1
Ametistiin,1
Kaljanhakureissusta,1
Tw266majdxo,1
Ihmistarinaa,1
Supermotivoituneita,1
Tunteidenpurkauksesta,1
Kirjapainotteinen,1
Karhupoliksen,1
Liikeradoilta,1
Salitreenikerta,1
Pisterajat2018,1
Koepistejono,1
Lihaskeijotkin,1
Kultalusikkaperheiden,1
Statementeihin,1
Hyväntekeväisyyskohteita,1
Kemiakerhoon,1
Erikoislukioiden,1
Laatuvariaatioon,1
Carlingssissa,1
Moterneihin,1
Vormaatteihin,1
Omankaltaisiaan,1
Jylhissä,1
Sisäänpäinlämpenevät,1
Oikeustieeen,1
Muuttorumbaan,1
Mainostustaktiikka,1
Linkkaustoimintoa,1
Spurgujuttu,1
Koulukiusaajajuttu,1
Stressikilot,1
Salimainonnan,1
Kokonaismaapinta,1
Kasvamaton,1
Kasvillisuustyyppi,1
Julkituomien,1
Pakolaissopimusjärjestelmä,1
Epähavainnollistavia,1
Narrihalli,1
Oikistaustalla,1
Viidakkosiipeä,1
Federalisteista,1
Predikatiiveistä,1
Partitiiveistä,1
Pikkujärjen,1
Laitureja,1
Puuroskaa,1
Ymmärtämisissä,1
62p,1
Tappelumusiikkia,1
Ulkomaillaa,1
Puistovaksit,1
Valintakokeitakin,1
Nistejäkään,1
Kaverikutsu,1
Lähipubit,1
Juopuneella,1
Juristipula,1
Kauhupolis,1
Valehtelemisiin,1
Työvoimantarjonta,1
Kiinnijjäämisen,1
Pehmopaperilinjan,1
Genan,1
Syntymäpäivälaulu,1
Siitepölyhiukkasia,1
Itäjuutalaisia,1
Kansankokonaisuuteen,1
Suurvaltapyrkimyksillä,1
Aakkosbiisi,1
Neuvostokokardilla,1
Kuolemantuoniin,1
Rikoskumpppaninsa,1
Infotaululta,1
Sekoilustani,1
Verhoes,1
Ahdistusahmimista,1
Vasemminstopaniikki,1
Xiiv,1
Paranoidimman,1
Kohuklikit,1
Allergiaoireetonta,1
Siitepölyhelvetti,1
Kolikkopussukat,1
Diipadaapakolikoilla,1
Salikävijöistä,1
Treenirytmin,1
Treenirytmi,1
Väliinjääneillä,1
Reunahomma_raimo,1
Treenaajatyyppi,1
Käppäilevä,1
Yhteisiestä,1
Teksitykseltä,1
Latoessaan,1
Booklists,1
Sibredditejään,1
Horrorlit,1
Vegetaristisena,1
Pescovegestä,1
Rympylät,1
Pääsykoealue,1
Oikistenttejä,1
Itsenäisyyshankkeita,1
Straubin,1
Talismaani_,1
Lempikirjailijat,1
Viimeisell,1
A4_rannalla_,1
Koivuallergikkonakin,1
Mäntyallergiaa,1
Viisufinaalipäivästä,1
Käristellessä,1
Riistiriitaisena,1
Uudenkinlaisia,1
Timmiytyä,1
Timmiytyminen,1
Europarlamenttineuvotteluissa,1
Ohjelma_final,1
Hiljaisuustemppeli,1
Hiljaisuustemppeliä,1
Honeytrap,1
Ylypeetä,1
Veneilijöö,1
Äännestäjien,1
Mielissähän,1
Lokakampaniaksi,1
Sanastotehtävät,1
Liittovaltioo,1
Itsehallinnolliset,1
Syventevät,1
Oikeustapauskilpailu,1
Saliohjelmaan,1
Aloittelijaopas,1
Bq6xfx,1
Skandaali_kaataa_it,1
A4vallan_hallituksen_uudet,1
Toimistotyöpaikkoihin,1
Niiiihimpä,1
Männynpöly,1
Oikeustiede_final2019_nettisivuille14,1
Kestihovi,1
Ostosverhot,1
Sähkölammasopuksen,1
Emimenin,1
Kayntikohde,1
3zhrqn_ishw,1
Omenna,1
Pistosverhot,1
Adkektiivit,1
Ylänneen,1
Maahanmuuttoagenda,1
Infraurakoita,1
Lihaskuntopuolelle,1
Filtercontainer,1
Raksaurakoihin,1
Tehhääs,1
Elämäntapavalintaansa,1
Parlamentaariselle,1
Kieltovaatimuksen,1
Petikumppaneilla,1
Islamistiedustajia,1
Katsesi,1
Liittovaltiovastaisena,1
Liittovaltiomyönteisimmässä,1
Ulkorajanvalvnnalla,1
Perusperiaatteidenkin,1
Hätistettäisiin,1
Pääsykoeahdistuksia,1
Lukutekniikkaan,1
Lukuympäristö,1
Tasapistetilanteissa,1
Älläriveillä,1
Hm3gxmo4dd3umwx3tlrydw,1
0i203j0j0i10i203j0i30,1
Wukbyqwafdy,1
Jewdas,1
Äidinkielenopettajaltani,1
Juonikeskeisiä,1
Erikoisväylä,1
Päiväkahviseuduille,1
Perustuslakihankkeessa,1
Dissonassiksi,1
Ylioppilastutkintojen,1
Fs2018a2016t4002,1
Kohtiasi,1
Kitaralooppeja,1
Synahippeilyä,1
Samsaraan,1
Rumpubiitistä,1
Hommabottaaja,1
Päätehakkuualan,1
Vertailutasolaskelmassa,1
Inventointiaineistossa,1
Wf6y8gn,1
Ocqzdq5,1
Pyöräkorjaamosta,1
Edustallaan,1
Mujuta,1
Uimalakkia,1
Hajaantumiselle,1
Maksuhalukkaammat,1
Nistiongelmaa,1
Omakotipelto,1
Verokuiskaajalla,1
Affent,1
Kahdeksanpaikkainen,1
Avokysymykset,1
Monivalinnassahan,1
Yhteiskuntataso,1
Pääsyvaatimsuten,1
Heikosi,1
Työntajailla,1
Sekäänkään,1
Euraasialaiseksi,1
Huumesekoilijoiden,1
Syntyhelsinkiläisillä,1
Katuhihhuihin,1
Moodylle,1
Vierailuillani,1
Nihkeimpiin,1
Dtgjwgni14301,1
Siirtolaistoiveikkaiden,1
9nry10v,1
Pisterajapääsyn,1
Dimensiohyppy,1
Lukutekniikoita,1
Lukutekniikoista,1
Nopeuslukemisen,1
Xitk523ot5u,1
Cristoa,1
Kässäävät,1
Eritempoisen,1
Kurssiosallistujien,1
Derailauscombo,1
Hommabottaajia,1
Kuuluuukin,1
Kirjallisuuspalkintolistoja,1
Spoileritonta,1
Mieville,1
Kronleins,1
Backnet,1
Mac_230x290,1
Hanskiksesta,1
Tuomitsien,1
Haastees,1
Appelsiinikolaksi,1
Mezzo_mix,1
Kimppapanollekko,1
Rupusten,1
Milleniaalikaisa,1
Ohjelmointisukkameemi,1
Itkupotkuraivarikaisa,1
Päniköissä,1
Huumorikuvissa,1
Hajaanus,1
Googlaillun,1
Tappoiskua,1
Petthedamncat,1
Peltoukonnauriskin,1
Tarkistusarvostelua,1
Oikistenttiin,1
Versionhallintaohjelmaam,1
Hakusysteemiltä,1
Odottamatontaivasreunus,1
Valitusmenettelyiden,1
Sulkukka,1
Nykyvankila,1
Holhousvankila,1
Oikeuskäyntienkin,1
Viimetingalla,1
Humaaniuuden,1
Hitusähköinsinööri,1
Softainkinööri,1
Herbaariota,1
天气太热,1
Paavonna,1
Paavinna,1
Paaviina,1
Paavelle,1
Paaveliina,1
Paavokki,1
Paavolisabeth,1
Lämmitysboileri,1
Niskakiikun,1
Ihmisoikeusjärjestelmälle,1
Persausten,1
Verkonpalan,1
8cihr8,1
Winter_is_finally_over_in_nordic,1
Luontokeskuksen,1
Limukoiden,1
Speziksi,1
Appelsiinikolan,1
Buhahahahaaa,1
Höpöhöpölogiikalla,1
Perkovic,1
Börstalla,1
Hunajamarinoituakurkkuolutta,1
Peruslagereihin,1
Soirokeisarin,1
Kultanesteitä,1
5e1129258196001009664,1
2fsisaministerio,1
Vaarinajatteluun,1
Vapuduttuaan,1
Täyset,1
Käsimunakenttiä,1
Jalkapallokentiksi,1
Tähtilippumaassa,1
Jumbojetteinä,1
Näsineulankorkeuksina,1
Snoar,1
Taimilta,1
Paavouti,1
Paavolivia,1
Parodiaviestejä,1
Versojaan,1
Seurojentalojen,1
Vaikkkaan,1
Loiccaus,1
Witutus,1
Saniaiseksi,1
Tytyili,1
Itsänäisyyden,1
Oikeusvahingot,1
Dramatisoitavissa,1
Posottaminen,1
Sisäänpääsymäärällä,1
Gausin,1
Sisäänpääsyprofiiliksi,1
Pilvihehkuttelun,1
Nivusissani,1
Högiksestä,1
Kuolitsee,1
Kasviprässiä,1
Momoxia,1
Superryhmät,1
Nenäosastoon,1
Mometatsoni,1
Typpilinjat,1
Hyttysenperkeleet,1
Oidä,1
Korvakkeille,1
Vaihtorytmi,1
Allergiaoireisella,1
Silmäoireetkin,1
Rimpulakin,1
Vuodepotilaaseen,1
Vesisäkki,1
Tömmötti,1
Silloins,1
Yrittäjyysyliopistoksi,1
Kotkansiipi,1
Baskat,1
Velimark,1
Cat8630043,1
Prod9170230,1
A4rin_avaus_ja_puhdistusaineet,1
A4rinavausaine_niagara_1100,1
Kodikkaista,1
Osterioista,1
Epävegaanimainen,1
Spartalaisittain,1
Gisse,1
Guali,1
Suadana,1
Gudsuggo,1
Humaaniton,1
Erakkokauden,1
Aamukivut,1
Kostutinkin,1
Käsinripattu,1
Imuteltu,1
Toimistorahan,1
Lounassalaatistaan,1
Heinontukusta,1
Kunnossapitovastuiden,1
Hajulukkosi,1
Kotkansiiven,1
Itiölehti,1
芬兰也越来越热了,1
Hyönteiskannan,1
Hyönteissolidaarisuusvero,1
Tasavertaisuusvero,1
Alumiiniveneellä,1
Veneilty,1
Suurpetokeskusteluun,1
Ähtärinjärveltä,1
Vaalipamflettia,1
Valkoschaissehanhia,1
Palvelusajakseen,1
Ihmisstatuksensa,1
Metsäelämään,1
Poteronkaivaminen,1
Lokeilta,1
Lappeenrantalaislähtöinen,1
Rantana,1
Metrotadasta,1
Kosteikkoineen,1
Harjoittelemallahan,1
Valkohanhiposken,1
Lähihuoltikselta,1
Nettiketistä,1
Hanhirajalla,1
Työllistymismahdollisuuksissa,1
Konerunkkarit,1
Ccis,1
1b1bf235,1
1a26,1
36b5,1
Ac7a682de456,1
Ifr_the_impact_of_robots_on_employment,1
20disruption,1
20automation,1
Tukikaavakkeita,1
Prekariaattitöitä,1
Huipputuottoisaa,1
Putkireiskat,1
Somelynkkaamassa,1
Vihervassarimuottiin,1
Myrkkymies,1
Myrkkynainen,1
Ulkonäköoletukset,1
Dunrikin,1
Btitit,1
Apumekaanikon,1
Verkkosovua,1
Kukkaostoksista,1
Uq3b,1
_jhngty,1
Sekakaasua,1
Hanhikantaan,1
Rasvansiirtoja,1
Laihdutusvimma,1
Vuosiluokkatasolla,1
Pesimäalueeltaan,1
Sbgx5,1
Tuhle,1
Lanseerausoikeutta,1
Formuloissahan,1
Ihmistten,1
Asiakapalvelutehtävissä,1
Xldcheg,1
Fa1,1
Martinsfinedesserts,1
Images3,1
Uploaded861,1
5ca2c15392c33,1
Esim5,1
Esim6,1
96ag,1
Hernbergistä,1
Kaisa1,1
Cbb1e8ea3b4443cab1739e958d1a9e16_xl,1
Kaisa2,1
C0fbd,1
Zau8wz,1
Kaisa4,1
Facs0xbsgsc8pgmy7zqttlhr3ds,1
7b6096960100be7345fa3940381b3c95af280fae13f719bdfaab9de2e586a7ac,1
Kaisa5,1
Ravintolaelämys,1
Hellimisvaisto,1
Sukupuolittamisessa,1
Rinnakaislääkkeitä,1
Valkoposkivoimafantasiaa,1
Ruskeaposkihanhetkin,1
Poskiväriskannereilla,1
Kalpeimmille,1
Hesalaistuneella,1
Pikkupaikkakuntalaisella,1
Kotipaikkahäpeä,1
Reunaloordeilun,1
Epäinhimillisempänä,1
Vapaudenriistoakaan,1
Käyttäymismalleista,1
Feminiisisyyden,1
Nurmilänttiä,1
Sanamössöstä,1
Yliarvioitko,1
Tietotekniikkafirmaan,1
Konerunkkareiden,1
Moottorioptimointia,1
Halifaxistahan,1
Halifaxille,1
Vaihtoehtodunrikejakin,1
Jousellahan,1
Äänetöntäkin,1
Mielenhäiriöisestä,1
Pelonlietsomis,1
Päämäääriään,1
Huommilla,1
Pihkalta,1
Kuusenpihkavoidetta,1
Hyönteisaterioiden,1
Romaniverellä,1
Patinoituneille,1
Selkäänpuukottelun,1
Ultranationalistisena,1
Venäläisenkaltaista,1
Valkoposkinen,1
Lukutottumuksia,1
Valikoinan,1
Tyynynliinan,1
Sosialipuolueellista,1
Ps_nuoret,1
Genahan,1
Krokotiilinä,1
Lempialkoholijuoma,1
Tervatuotteista,1
Tervasampoota,1
Eliittiyliopistoista,1
Seurustelusuhteitani,1
Ihmissuhdeasioihinsa,1
Tunnereaktioille,1
Bearnightmares,1
Vakivaltaisten,1
Koneosaston,1
Onmellisimman,1
Vesipesuri,1
Sttuu,1
Kertakaikkise,1
Yhteykksiä,1
Maahammuuttokriittisyyttä,1
Dymistalle,1
Angstini,1
Kommariporvareilta,1
Maahammuuttokriittisyyden,1
Rantakaduille,1
Euro2019,1
Äänestyspisteessä,1
Massamaahamuuton,1
Närkästymiskynnys,1
Maahahnmuuttokritiikkimonopolista,1
Lisäkomplikaationa,1
Jumppatrikoisiin,1
Kurois,1
Feminisyys,1
Lokapoikia,1
Heliumiahan,1
Hubbert_peak_theory,1
Epäreaktiivisena,1
Jalokaasuna,1
Sivullisuuteen,1
Kryotislata,1
Kalvomenetelmää,1
Gatlinillä,1
Defenssimoodissa,1
Ouolia,1
Leimaavuutta,1
Talvisotavitsit,1
Matkustajamanifesteista,1
Post_ee2014_sociodemographic_annex_en,1
Ymmärrettynähän,1
Painekäyttäytyminen,1
Raiskauskulttuurimaista,1
Hakakuviota,1
Suojelulistoilla,1
Suojelulistoille,1
Suunnittelukoneiston,1
Korotusrahat,1
Palottelijamurjaajat,1
Reilaavat,1
Viikonloppuristeilyllä,1
Investointivoittoista,1
Oireentonta,1
Pariutumiskumppanin,1
Sukupuoliroolit3,1
Thebalanceeveryday,1
Avausrakeita,1
Kaliumhydroksiidia,1
Stövyttäviä,1
Perusryöstöt,1
Patarasistien,1
Neekerivihalla,1
Suomessaolosta,1
Sairaanhoitojärjestelmääkin,1
Ravintolarakennuksen,1
Karkotusprosessi,1
Takaisinosotot,1
Lapsikuolemien,1
A8725556,1
Geenipuulia,1
Aesteetillisesti,1
Tiedevastaisempaa,1
Afutd,1
Bester,1
Enkeliparantajaa,1
Selvännäkijääni,1
Lapsenryöstöön,1
Sosiaalidemokraattion,1
Geenivaikutuksen,1
Persupenskoille,1
Schubakkia,1
Mielipiteenmuokkauksella,1
Naapurussuhteiden,1
Valitustyö,1
Lujittumista,1
Rauhantyölle,1
Lehmonen,1
Hyvonen,1
Ympäristönvalinnan,1
Geenivaihteluin,1
P78zd8265_k,1
Posiitiivisimmista,1
Nautinnollinenkin,1
Naruleikkejä,1
82when,1
S5pwghg,1
Oululaismieshän,1
Hillotolppapoliitikkoina,1
Öyhöttöjäjät,1
Sinisistäkään,1
Persseestäs,1
Taksinomista,1
Feudaaliyhteiskuntaa,1
Feudaalisena,1
Paave,1
Väyrianna,1
Pärskityttää,1
Perheenlisäyksensä,1
Lisääntyväät,1
Voorumi,1
Listaamaalla,1
Ulosmitatuiksi,1
Yöhöttäjiä,1
Säilyttämusestä,1
Filosofijoitsijoita,1
Ylenews,1
Afrofinnomenon,1
Brigitakrasniqi,1
_leocustodio_,1
Fionalysmus,1
Säilöitkö,1
Venailtua,1
Agendavideon,1
Stratifioitu,1
Opiskelemmmaan,1
Valamisttuu,1
Ihttee,1
Valamistuttua,1
Tiettoo,1
Automaalariks,1
Journalistiliittokin,1
Tekijäjoukoille,1
Musamauallakin,1
International_wine_and_spirit_competition,1
Uhrikategorioita,1
Nationalistipellet,1
Nokkeluuskisat,1
Joukkomajoittamista,1
Valkoposkihanhit,1
Leucopsis,1
Sotapommitukset,1
Siirtomaaherroilta,1
Ollue,1
Orjavalta,1
Naukrinama,1
Stressbuster,1
Haiti_indemnity_controversy,1
Datatrendit,1
Yhdistyivätkin,1
Slaavilaisuutta,1
Latinalaisuus,1
Kirjodurra,1
Kaoliang_wine,1
Jukkalainelaine,1
Siirtomaaherrasta,1
Flaskapullolla,1
Vetonarua,1
Pakkoruotsittamisesta,1
Stryk,1
Ryöstämisineen,1
United_nations_korean_reconstruction_agency,1
United_states_army_military_government_in_korea,1
Rotosorrossa,1
Saunanlauteella,1
Kuulutksena,1
Saanualkunsa,1
Xyzalia,1
Telfastiakin,1
Kokoomusehdokas,1
Serventy,1
Emusotaa,1
Konekivääriampujien,1
Emulaumoja,1
Emujen,1
Sissitaktiikkaan,1
Amiirahsh,1
Gusw9mmxo,1
Markkinoinita,1
Yltiötyperää,1
Sokerisuutta,1
Heinixistä,1
Quiltin,1
Likistät,1
Pikkutyynyn,1
Rubiin,1
Pakkosäästävät,1
Forum4,1
Focus2,1
Norsunluurannikkoa,1
Taloustiikereitä,1
Geopolitiittiset,1
Epäkelpoisuutta,1
Simppelilä,1
Salaojittaminen,1
Salaojitetaan,1
Konetunteja,1
Multapohjainen,1
Liikuus,1
Kuulovaurioisten,1
Farthingia,1
Vappupallokaasu,1
Teollisuuskaasukin,1
Teollisuuskaasua,1
Puhditettu,1
Teollisuuskaasusta,1
Vappupallokaasustakin,1
Helvtisti,1
Kirjotistyyli,1
Nakkaajat,1
Siireltyä,1
Urgqgnujdik,1
225716758_gender_an_intersectionality_perspective,1
F3ac,1
3fc4a725097eff57b09d0b2e51a2ce2b01bf,1
Tekemisissämme,1
Välittäisimmekin,1
Vaeltavassa,1
Histeciä,1
Imigraatiosta,1
Masturbaatiokertani,1
Lakanlta,1
Ljl3ayuqitbha,1
Tn3fdbt,1
Superpösilöä,1
7ychrwlc,1
Omantunnonasiana,1
Veriryhmissä,1
Tänkaltasista,1
Rinkejäkin,1
Parenthoodista,1
Karummillakin,1
Metsäojistakin,1
Selkäänpuukotusteorioineen,1
Vallankäyttömenetelmänä,1
Vastauhriutumisella,1
Ginimies,1
Logiikkataidot,1
Olutkoiria,1
Tyhjiöhommia,1
Purkinkeittelyitä,1
Jäsenistöissä,1
Rotuoppineita,1
Bosnialaistaustaiselle,1
Keltaliiska,1
Nettikeskuteluun,1
Mainontakiellossa,1
Melumotarin,1
Kansamurhissa,1
Kaksinaismoraslismia,1
Monogeeninen,1
Polygeeninen,1
Sekvensoreita,1
Epätärkeään,1
Maahanmuttava,1
Fasistipropaganda,1
Pehmoaktivisteja,1
Pelotettaisi,1
Toimnnallani,1
Kunnianloukkaa,1
Stalkkaile,1
Jälkiehkäsy,1
Ensimerkkt,1
Väestösuunnitteluun,1
Liberaaliarvoihin,1
Yhtenäistämänä,1
Erilaisuudessamme,1
Euronationalismia,1
Etnotnationalismin,1
Kuvastan,1
Rotuoppijulistuksesi,1
List_of_african,1
American_inventors_and_scientists,1
Eteläkärkeä,1
Luonnontieten,1
Epäintuiivista,1
Nvalitettavasti,1
Mulkkuuttakaan,1
Rattituomioon,1
U5uwlxc,1
Kopparimehustus,1
Opiskelupaikkapäätös,1
Epämäräisiin,1
Fundamentalistiöyhöttäjien,1
Suidentukkiminen,1
Nettijättilaiset,1
Satelliittikonstellaatioihin,1
Työterveylääkäriltä,1
Döttörön,1
Etikkapommitettu,1
Rassailtu,1
Siniverisiksi,1
Kaarle_xvi_kustaa,1
Autoalasta,1
Väkivaltainenkaan,1
B2um1,1
Sads,1
Nettiselailujen,1
Kilpajuoksioita,1
Synnytyään,1
Määritella,1
Tuntemucsien,1
Cirjoa,1
Sijaisperheesä,1
Kaksikamarijärjestelmä,1
Huoltosuhdetilastojen,1
Luomukauppaa,1
Kabinettikeskustelujen,1
Miljardööriyksilö,1
Punaisimmankin,1
Humanistipoliitikon,1
Naftaliinistaan,1
Sormenjäkitunnistin,1
Sikioö,1
Myöheiswmmäksi,1
Milestoneja,1
Suomensisun,1
Mööpeleille,1
Maalaillakseni,1
Piriteet,1
Myyttiensä,1
Prosessoreitakin,1
_visual,1
_core,1
Pixel_visual_core,1
Rivitiedemiehiä,1
Monogeenistä,1
Polygeenisyyden,1
Abortoituina,1
Hätäsektiona,1
Hormonipommeja,1
Vastalaitana,1
Älykkyysnumero,1
Rautatahtoisilla,1
Munkeillakaan,1
Raskaudenehkäisynä,1
Uudisasutti,1
Kajaanilaisista,1
Salakujetuksena,1
Salakuljetukseksi,1
Menettelytapamääräyksen,1
Selivää,1
Persehuora,1
Jyrkähköön,1
Talousmaaksi,1
Kiinamarkkinat,1
Vinoilemassa,1
Todennöisyyksiä,1
Puhunna,1
Aikkuista,1
Intergaatiosta,1
Rotuväkivalta,1
Sportslukio,1
Elämänhalustaan,1
Musertavilla,1
Vastentahtoisista,1
Yllätysraskauteen,1
Bunkkerimentaliteettiin,1
Siegheilaamiseen,1
Sargonhan,1
Sydämmenlöynnit,1
Hanhiyksilöt,1
Hengenlähdössä,1
Insestisen,1
Hajulukkomalli,1
Abortintekoraja,1
Ohjeistajille,1
Inhosipa,1
Hulestuttavaa,1
Keskosuudesta,1
Astronomaalisen,1
Amerikkalaislakia,1
Hedelmöitetyn,1
Keskenmenonkaan,1
Optimointihärdellit,1
Pdana,1
Purkkaviritelmäskriptejä,1
Mysteeridaemoneja,1
Roottausmyönteinen,1
Hengariaborttia,1
Valokuvauspakettia,1
Hearbeat,1
Sydämenlyöntikin,1
Kielioppipoliisien,1
Tulonjaoista,1
Yleiskieleenkin,1
Adjektiivisessa,1
Valuttamisel,1
Wiemäristä,1
Crushed_oreos,1
Sivuhaaralta,1
Nykylänsimaailmassa,1
Šokeeraavana,1
Koreografisoitua,1
Allergiaoireethan,1
Alkuperäislääkkeen,1
Myyntilupaehtoihin,1
B6yvk25je5z21,1
Perhekuvalta,1
Keskenmenoaan,1
Eläinoikeuskannattajat,1
Kosketushäiriöö,1
Vaginapenetraatiota,1
Äppikaupassa,1
Risupallot,1
Tietoturvallisemman,1
Kärismys,1
Elisibät,1
Onniliseen,1
Aavikkokirjan,1
Haarasi,1
Solumöykystä,1
Fundamentalistihörhöillä,1
Päätysi,1
Deminisoidaan,1
Joidenkinmielestä,1
Pakkoäidille,1
Murhajiaa,1
Hoitokieltoa,1
Akkreditoida,1
Tuotelinjansa,1
Outstandingista,1
Bronzeen,1
Äärikristillisestä,1
Sikiölleen,1
22prossasia,1
Astromega,1
Hätäkulkuluukkua,1
Tuuletustarkoitukseen,1
Vinlsahtanutta,1
Eloonjäänyttä,1
Fetal_viability,1
_haploryhmän,1
_tyypit,1
Suomalaisten_haploryhm,1
A4n_tyypit,1
Betonipaalua,1
Kissalampi,1
Peruspokkarit,1
Alkuperäiskäsitteestä,1
Runkoverkkomarkkinasta,1
Arhdhfhfjg,1
Älppärit,1
Ministerejen,1
Filosifisesta,1
Kuluttajansuojaihmiset,1
Nätilta,1
Mobiiliscreenshotti,1
Tuhmuilivat,1
Terveydenhuollonammattilaisen,1
Nuorisourpojen,1
Mentaalisavukkeesta,1
Töhräämisellä,1
Oikkepal,1
Nättiki,1
Kirjoittajapopulaatioon,1
Arvosanojen_vertailtavuutta_parannettiin,1
Vanhenpaanss,1
Kaksinaismorslismiä,1
Pääpaini,1
Kummallakan,1
Downvitea,1
Yhdysvaltalaisyritykset,1
Väännetäämpäs,1
Teloittamusta,1
Bussimalli,1
Parilella,1
Erirotusiten,1
Vaarattomimmassa,1
Slits,1
Släts,1
Duactista,1
Siitepölymäärillä,1
Yhteisyliopisto,1
Lapsenmurhalle,1
Pktäisi,1
Fiskarsinmäki,1
Raiskausuhrihomma,1
Tunneyheyttä,1
Metrovoicenews,1
Xoicrx2jx7y,1
Liquidromin,1
Portissahan,1
Pakkaskankeudesta,1
Anaylyytikoita,1
Suurimta,1
Maksapotilaalle,1
Maksaluovuttaja,1
Sokaistuvan,1
Typpivika,1
Jatkotäytteet,1
Hitaastu,1
Geenistösta,1
Amputokda,1
Sydämelliselle,1
Sukurutsaisi,1
Nahkatukkaisilta,1
Ostosriemupäivinä,1
Käyttöjärjestelmäpäivityksillä,1
Näkyien,1
Vitunidiootteja,1
Rotujaottelulogiikan,1
Juutalaislauman,1
Watchgeesedie,1
66727ff4e8068c7b1cecef29d8271d09,1
Jvvysau3,1
C1012b0e,1
Vergellä,1
Polygonilla,1
Hybät,1
Suunnitteluvirheenä,1
Liitännöille,1
Hymmyn,1
Paivityksia,1
Äänihäiriöitä,1
Ihmiselämänarvo,1
Laskuvarjojääkäridivisioonan,1
Yösydännä,1
Vajoamišen,1
Pötköönhän,1
Viisauel,1
Kaljatyyppejä,1
Savipatjan,1
Keskeytettyinä,1
Mielipidespekuloinnille,1
N39relu,1
Ilmaisa,1
Arvomöykkyjä,1
Verraattavana,1
Abortinvastustajamiehet,1
Raskauskivut,1
Koirtat,1
Silleu,1
Irtauduttais,1
Geenitekniikat,1
Leijonanapit,1
Tuntolaatan,1
Sotilashautajaisissa,1
Ulki,1
Geenistössä,1
Amerikkalaisyritykset,1
Matkustusvapautta,1
Matkustusvapaus,1
6d030ca8,1
13ff,1
A4e9,1
0a0365761cdd,1
Syntyvyyde,1
Hämentävän,1
Silpomstia,1
Jeeeessshhhh,1
Tullaaaaaaaaaan,1
Rikollisuusgeenit,1
Australiaanhan,1
Subreddiy,1
Esseni,1
Neljännesvillaisia,1
Bussimatkaajiin,1
Vaihettavaks,1
Opiskelijavinkki,1
Kehityslisenssiensä,1
Sialust,1
Paskanmoinen,1
Ruuttanoita,1
Elinkelpoisuudenkin,1
Ihmiskasoja,1
Kulutusjuhapäiville,1
Ajosuorituksilla,1
Toriparkkinsa,1
A4kiekon_maailmanmestaruuskilpailut,1
Diffmode,1
Täyrellises,1
Kielletty_sima,1
Bqqcdv,1
Perussuomalaisten_olli_kotro_venäläissivustolle,1
Tavoittelullakin,1
Valkoposkihanhikeskuksen,1
Jutilasta,1
Roisketekniikalla,1
Valkoposkihanhillahan,1
Guanosta,1
Valkoposkihanhiskisma,1
Valkoposkihanhiryhmiä,1
Puolisotilalliset,1
Valkoposkihanhisuutta,1
Poistailee,1
Mutamaassa,1
_ilmoitukset,1
Osataankaan,1
Hallitusneuvottelufarssi,1
Luonnonvaraliiterinä,1
Pesimäalueelta,1
Discoverthenetworks,1
Viewsubcategory,1
Vassaripiireille,1
Mafiaoligarkit,1
Foliohattumielessä,1
Silkkiksen,1
Leimuniityllä,1
Turvajärjestelyssä,1
Analogioitakaan,1
Vaunuongelmia,1
Jenkkilakiehdotuksissa,1
Haploidisia,1
Hedelmöitetystä,1
Inhimiliistä,1
Vandalismijutuista,1
Pökäleesta,1
Kivil,1
Pakkoladattu,1
Vakoiluappi,1
Psykopaatitista,1
Saipeltoon,1
Kuopiotahko,1
480x280,1
Synnytyskonetta,1
Pojotusta,1
Flashaamiselle,1
Fronttikoodaajana,1
Hedelmöitettyllä,1
Munasolullakin,1
Biologiin,1
Savimonttua,1
Ihmisenelämän,1
Snhybbk,1
Sovittaiskos,1
Sagarimies,1
Onnistunert,1
Jämsäläismies,1
Ihimiselämän,1
Erokampanjoita,1
Erotilastoissa,1
Harkintatasolla,1
Traumaattisemman,1
Viisumipakosta,1
Löyhytellään,1
Rmouse,1
Natsiedustajaa,1
Kilpaillummaksi,1
Hääviksi,1
Koneoppimiskonsulteiksi,1
Palvelualoissa,1
Ennötysvauhtia,1
Maaltapakenemisen,1
Rivarikaksiosta,1
Kommeltille,1
Lateksikaramelli,1
Yhteiskunnalliisiin,1
Raiskaustrauman,1
Synnytyshormoneissa,1
Mankinjokena,1
Gumbölenjokena,1
Lahkojohtajat,1
Mestarivouhottajat,1
Hajautettava,1
Puhelintuotantoa,1
Zumbailin,1
Risteysviidakon,1
Sivulaajennusten,1
Louhimen,1
Rasituksineen,1
Terveysriskeineen,1
Yksinhuoltajaisiin,1
Hehkein,1
Autonomiaasi,1
Brhxsmp,1
Valtavirtakirkossa,1
Politiikkokieltä,1
Voimaakkaampia,1
Köpöttelevät,1
Muistuttelun,1
Kellarinhan,1
Perustusrakenteita,1
Siinäkunnossa,1
Lapsikuolleisuutemme,1
Istuttaessani,1
Sikkiläiset,1
Mahantäytteeksi,1
Matkustajajoukkoa,1
Viisumihelpotusohjelmaa,1
Islantiinkin,1
Lentolippuautomaatille,1
Mentsu,1
Infografiikoita,1
Klikkikoukkuja,1
Kurzgin,1
Paasaamatta,1
Lahjustenottajien,1
Kristilliselta,1
Etiikalta,1
Iyykp9t,1
Polkumyyneet,1
Viisumihomma,1
Odotamattomia,1
Torikinkkiä,1
Identifikoituuko,1
Helsinkiläispoliitikkojen,1
Savolaisseparatisti,1
Kauppavääntöä,1
Euromarkettia,1
2ahukewiwiivz5qniahwpshuihd,1
1bduq_auoaxoeca0qaq,1
Cgdlmexxz_,1
Y0m,1
Peikkovaara,1
Discounteria,1
Väkilalla,1
Luurankosoturia,1
Omppulaitteistakin,1
Koepistejonossa,1
Tänttäröit,1
Malkavaara,1
Adoptiojonossakin,1
Soolle,1
Kierretävä,1
Veronkiertotavoilla,1
Kiertotarkoituksessa,1
Marssiharjotuksia,1
Spar_,1
Pehmiteltyä,1
Koepistejonolla,1
Yhteispistejonossa,1
Tiedusteluhommista,1
Härväilyjen,1
Symppaamat,1
Keskiluokkauutisessa,1
Tilastokatsauksen,1
1227e,1
2565e,1
4930e,1
Nationalistipiirejä,1
Rahapelivoittoja,1
Yhteisöoikeuden,1
Anarkistitaipumuksista,1
Tuijottamisissakin,1
Kulutusastetta,1
Kulutusneutraali,1
Korotustaan,1
Aongelmaa,1
Filosofiastakin,1
Lahdeverot,1
Ystävävihkossani,1
Puutarhatyöläistä,1
Epäeettisyydelle,1
Elatusmaksulle,1
Balettikouluun,1
Elätyskyky,1
Kissanlistiäiset,1
Polttoainekysyntä,1
Oltsujen,1
Päähaitta,1
Lasnevat,1
4ddoo0rqccy,1
Ötetaan,1
Aborttipäätökselle,1
B3cm1ohk,1
Bep1y9,1
Vanha_kunnon_siwa,1
Tasaveroutopioissa,1
Vainofantasioissa,1
Raiskauskeskuksissa,1
Bqndgg,1
Sdpn_eurovaaliehdokas_mikkel_n,1
A4rvi_kertoi,1
Ensinki,1
Argummentoida,1
Ripaisuudella,1
Puhelinhuollossa,1
Latausporteista,1
Näivettymisenä,1
Ymmerän,1
Swedishtalkers,1
Velkaehdot,1
Kauppasodanjulistus,1
Bioliemipuolella,1
Tapiolaisille,1
Juridic,1
Solukimpun,1
Hmiselämällä,1
Nikotiinipöllyissä,1
Tepastelun,1
Poseerausten,1
Suhdettä,1
Rupeanhan,1
Suotuisilla,1
Yritysystävällisempiin,1
Palavina,1
Kylähullunmökki,1
Europarlamenttiehdokas,1
Tietojekäsittelytieteen,1
Riikkaampi,1
Osakespekulaatioksi,1
Lapsiasiakiistoilla,1
Sormenjälkidatan,1
Sormenjälkijuttujen,1
M8crpztjfrdphqqhxj,1
Boogloo,1
Mukulakiven,1
Landekokkareet,1
Talkar,1
Sormenjälkisensorit,1
Vauvoillakaan,1
Maahanmuuttohomma,1
Kauppasuhteissakaan,1
Rauettava,1
Yritustukia,1
Siwallettuja,1
Homomarssi,1
Näkkäritikkuja,1
Itkuvuodatus,1
Eläinvertaukseen,1
Pyhyysajattelua,1
Saavuttaanut,1
Niinsanoitusti,1
Pyhyysajattelun,1
Soluryppäällä,1
Sotilasmahtinsa,1
Naruhattu,1
Soluryppäässä,1
Ihosoluissa,1
Calviniin,1
Liittolaispuolueisiimme,1
Yhteistapaamisissa,1
Koordinoimme,1
Äänestystoimintaamme,1
Eurovaalikampanjointia,1
Puolustustarvikkeisiin,1
Kaksikäyttötuotteisiin,1
Turvallisuusuhkasta,1
Käenpojalle,1
Bett,1
Mahaplätsin,1
Viestintäpohja,1
Televan,1
Velkalyhennysten,1
Osaomistuksiin,1
Profiilinnoston,1
Iskelmäaiheisista,1
Henkilöjutuista,1
Ihmistietäite,1
Puoluesiiven,1
Nyrkkiraudoin,1
Parlamenttiehdokkaan,1
Lupatarkastussakot,1
Heimolaisaatteen,1
Viikkorahatki,1
Eliittisukujen,1
Rivipersuja,1
Raiskauskeskukseen,1
Vapaudenriistokin,1
Munasolunkin,1
Pystykävely,1
Mertonia,1
Snk1966,1
20merton,1
20structure,1
20anomie,1
Totuudenjälkeisyyttä,1
Kataba,1
Keittiötasoon,1
48e3b6b6,1
A0d9,1
D7312d48291c,1
Abortinvastustajamiehiä,1
Fideistiseltä,1
Nykykristillisyyteen,1
Timelimit,1
Relayaan,1
Perintöverottomia,1
Innostuneitten,1
Foorumeitten,1
Osamaksusitoumus,1
Vähätaitoiset,1
Osakesijoittajallehan,1
Perintöverohuojennusta,1
Arvostamislakiin,1
Kolpi,1
Radikalisoitumisprosessissa,1
Loukkaamismerkityksessä,1
Feministioletetuille,1
Tahattaan,1
Miesvihapaskaa,1
Perijähän,1
Palkastanikin,1
Boakäärmeen,1
Art2421511,1
Liina_isto,1
Ihopigmenttiä,1
Otaksumia,1
Miinatapaus,1
Anniksesta,1
Stuartanderson,1
4004fdee7dab,1
Sosiaalituetkaan,1
Homekämpästä,1
Riskitaloja,1
Mieskirjoittelijat,1
Bqv4sw,1
Maskuliinisuuden_vaatimusten_painostamat_incel,1
Eo8bdrk,1
Halveeramalla,1
Todistetaakoista,1
Patriarkiaalisesta,1
Länsimaailmanvallan,1
Jäsenkirjettä,1
Häpeilemättömyyttä,1
Brigadoijaporukka,1
Lapioheebo,1
Fedoraherralle,1
Religion_explained,1
Somalijuttu,1
Soppatykkityö,1
Kylmänsodanaikaista,1
Telakkateollisuudesta,1
Koulumattomatomat,1
Nykymiehiä,1
Onkijapoikakaan,1
Katupartiohommaakaan,1
Sumutustarina,1
Sananvapauspopulismista,1
Virallislähteen,1
Trollausrutiiniaan,1
Satuttavina,1
Gambiarakastajaa,1
Elävistäkin,1
Vaarallsista,1
Sosiologifanien,1
Paskanjauhantapalstan,1
Nykyratkaisun,1
Pahimmoisena,1
Nauseamia,1
Trollaustaktiikoista,1
Nuorisosäätiöiden,1
Nykysysteemni,1
Kirjotettuv,1
Fm1gkpa,1
Sosiaalitieteellisen,1
Tarkasteltavalle,1
Osaselityksiltä,1
Bulkkibissellä,1
Techincan,1
Ennakkoversioon,1
Sukudynastioiden,1
Lahjaverolaissa,1
Varallisuusveroarvosta,1
Yritysvarallisuudelta,1
Esiintymänä,1
Leikkikenttäpuolustus,1
Kaksoiskansalaislinjausta,1
Työtönta,1
Maahanmuuttohakemuskategoriakin,1
Sähköpostiviesteissään,1
Alkuunpanevana,1
Konfliktinratkaisukeino,1
Väkivaltapotentiaaliaan,1
Brigadoijaporukasta,1
Nettitreffaaminen,1
Kjehrhjäystähän,1
Askzephyr,1
Purities,1
Identiteettipitoiset,1
Maksamakkaraesimerkissä,1
Kysymyksesikin,1
Yritysvarallisuudesta,1
Eläinyhteisöistä,1
Biologisperäisellä,1
Cubicgarden,1
8bcambridge,1
Nettoperinnöstä,1
Tuotannontekovälineitä,1
Psykoosikokemukset,1
Nerdinä,1
Miint,1
Testausrobottia,1
Psykoosipuuhiinsa,1
Laihduttaisivat,1
Kannattajillakaan,1
Asiatyyliin,1
Totemuksessa,1
Sekundapaskaan,1
Kaupankassoillekin,1
R3zypgnxgyy,1
Metsäluonnolla,1
Vessapapereihinkaan,1
Kärpäsenläntistä,1
Lahtariämmä,1
Vähemmistötyrannia,1
Oikeusnormeihin,1
Ilmastonmuutoskriisi,1
Sellulosaa,1
Kuituraaka,1
Öljypalmut,1
Harvesteriin,1
Ounatuksi,1
Kommentaareissaan,1
Mielenvakauteen,1
Rikkaudessakin,1
Poikanelikko,1
Miähellä,1
Lannistumiselle,1
Vesilätäköstä,1
Vihikseksi,1
Kissankidutuksensa,1
Räjähdekiilatkin,1
Annislaisten,1
Rinkirunkkausryhmät,1
Aikuistenvaipalta,1
Homomarssista,1
Blackpillien,1
Blackpillit,1
Kylmähyllyssähän,1
Merkitylsellisinä,1
Liikkumanvapautta,1
Vanhemmuusasiat,1
Punavihermustaruskeavasemmiston,1
Perintöfirmojen,1
Pikavippailijoiden,1
Jopipostin,1
Arkkivihulaiseni,1
Kampanjamateriaalin,1
Trollisyytöksellä,1
Liittovaltiokehityksessäkin,1
Fantsuinta,1
Pakotelakia,1
Kehitysmaadiktatuurille,1
Orjatyölait,1
Huntusen,1
Paukuttelemia,1
Kykypuheeseen,1
Mummolehtimielikuva,1
Reaalitaloudellisestikin,1
Kyykkäsikin,1
3_539,1
Moitteellisena,1
Havaintoihinhan,1
Rahoitusasteen,1
Ty42015,1
Ty42015poylioerola,1
Ylänurkkaa,1
Rikostilastoihinkin,1
Riistomeiningin,1
Lidp445838928,1
Venäjäntuonnista,1
Miesfemnistiksi,1
Mielenosotuksii,1
Meereenese_knot,1
Lohikäärmetulella,1
Kv1tkpeok2i,1
Jäätulta,1
Daenerystä,1
Ninjaili,1
Keskivertovaruskunnan,1
Sotilaslääkärit,1
Miesjunassa,1
Puolenyönaikaan,1
Vmäisempi,1
Kuninkaansatamassa,1
Nirsota,1
Raidetykkijousista,1
Sansalta,1
Rilastuneet,1
Vasemmistolaispolitiikassa,1
Permabannattuja,1
Neuvostoliittolaisperäinen,1
Realitycheckejäkään,1
Redpillasi,1
Fiilistelypäivä,1
Siilini,1
Tuoteille,1
Eesitpoikaakin,1
Angstaamassa,1
Taksisäädöt,1
Näytösoikeudenkäyntiä,1
Haittamamuihin,1
Yhteiskuntapisteitä,1
Minnegää,1
Timangee,1
Precum,1
Aitoosta,1
Precumista,1
Ehkäisymuodon,1
Rahanpesumenetelmiä,1
Kilometrikorvaukseksi,1
Karmanhuorausmahdollisuudet,1
Hintajulisteita,1
Ilmastohaittaveroa,1
Ilmastohinta,1
Hiilitullisysteemi,1
Kuljetushaitan,1
Ympäristöhaittaverossa,1
Kuljetushaitat,1
Liikenneteknologiaa,1
Mengiä,1
Rikosnimikkeeinä,1
Koulunälkeen,1
Larppailun,1
Nostalgiakyyneltä,1
Kalamuraalit,1
Landingin,1
Epäluonnolisesti,1
Valmistusmetodologian,1
Tullilabroissa,1
Good_manufacturing_practice,1
Rangaistustullien,1
Korruptoituneemmankin,1
Ruksuttaisi,1
Suolakurkkuun,1
Kiihkoiselta,1
Hahmokehityksellä,1
Peruuntuen,1
Hapansilakkoja,1
Sipulijäbän,1
Underwhelmed,1
Mytologiahommeleita,1
Syömmeissä,1
Nirhattiin,1
Sydänpuiden,1
Wargauksen,1
Makeankatkeran,1
Amerikkalaiskenraali,1
Ilmakyky,1
Ufoottista,1
Vertailuarvojen,1
Retkussa,1
Stämällä,1
Kuudestuhannesosa,1
Valtiokapitalistismin,1
Suunitteluunja,1
Totaliatarismin,1
Pyjamasille,1
Todennäköisemmällä,1
Incelmittarin,1
Itseensätyytymättömyys,1
Kutiamasta,1
Greenpeace_neste_oil_among_most_evil_companies,1
Kursun,1
Hoidaha,1
Säväreissä,1
Himmelissähän,1
Huvudstadsbladetis,1
Sairaushoitoa,1
Standardisoimisen,1
Puolutuspolitiikasta,1
Ruotsalaanen,1
Kahvinkeittimensuodatinpaperi,1
Oudostityydyttävää,1
Billyllä,1
Siivukin,1
Lelulohikäärmeiden,1
Hv6rbeolqro,1
Fläs,1
Pleijeristä,1
Ganjahuuruisen,1
Typerimmätkään,1
Tusinalinjaan,1
Saippuaoopperalla,1
Yksiulotteisilla,1
Tusinafantasiaa,1
Nostohaarukka,1
Kutoskausi,1
Seiskakausi,1
Naururaidalla,1
Tarinankertojina,1
Epäkliimaksiin,1
Aviorikollisiakin,1
1s0x46891175bfab2389,1
0xbf3ed4fd867ef9df,1
Hiipivaan,1
Asosake,1
Ammativinkki,1
Sosiaalidemokraattipäivät,1
Z0re,1
Pyärimään,1
325x325,1
1636892977443460637_097e5b7a,1
Ad8e,1
09dfa51ff817,1
Ilmalämpopumppu,1
Subreddititjohontipuin,1
Voluumina,1
Vaihtofilttereitä,1
Ulosottoletku,1
Kupariosat,1
Vaihtosarjoja,1
Muuttamattoman,1
Heikkoleukanen,1
Paremmannäköset,1
25neliön,1
15neliötä,1
24asteen,1
Kuumailmapoiston,1
Kastelupullo,1
Päötatuointeja,1
Kandintutkimuksia,1
Makrovaikutukset,1
Reaalivaikutukset,1
Ek5wpab,1
Vähänpäästöisemmin,1
Poikkeussäännöin,1
Mottiutumiseen,1
Puolueelleeen,1
Kissatilannetta,1
Risteilymatkustajien,1
Huonetilavius,1
Statuksestakin,1
Velkafobian,1
Talouksasvun,1
Coffiiboisan,1
Perusrehellisyys,1
Välttymyt,1
Lämpötllan,1
Laudako,1
Butjetilla,1
Hillitullia,1
Laadukkaammastakaan,1
Puhelahjani,1
Voitaville,1
Kusipulloilla,1
Kynsimistä,1
Br043r,1
Hallaaho_haluaa_hiilitullit_eun_ulkopuolelta,1
Eo9cfu7,1
Jvxej1nc,1
245c0d0f,1
Oikeudenkäyntisotkuun,1
Pahmmillaan,1
Annostusmäärää,1
Urheiluheeros,1
Nssteen,1
Keittorasvan,1
Kuljetusverokin,1
Sertifikaattipohjainen,1
Maailmaloppuueghmegods,1
Haittaesineiden,1
Alkuperättömän,1
Geoblockingia,1
Makaroonimoska,1
Lämpölaajentumisen,1
E965fc8837b0,1
Läpimenojärjestystä,1
Ubereissä,1
Taksimittareitakaan,1
Sisäpoliittisilta,1
Joukkokohtausten,1
Kokonaisuudenkin,1
Überhan,1
Syöpäisimmässä,1
Hallinomistajina,1
Hääriviin,1
Tehdastyöhönkään,1
Perusluonnolla,1
Päästönvähennystalkoissa,1
Lämmittelymielessä,1
Ilmastohurmoksessa,1
Eläinrääkkäystään,1
Wirtten,1
48hrs,1
Northeners,1
Cce828156266cde6a3f0eacde32948a2,1
Biasesposterhigherresolution,1
Löhönnyt,1
Viilensikö,1
Ilmastonmuutosnihilismi,1
Höynäyttivät,1
Todisteillaan,1
Asiantuntijoillaan,1
Mainaillessa,1
Musiikkiteosta,1
Pfnhn0ygqyk,1
Queenslayer,1
Ironborn,1
Lqohxydzc4a,1
Perslibs,1
Erikoissaleihin,1
Vaaliketjussani,1
Jvxh1cyg,1
86fec53a,1
Peliviikonlopun,1
Yrittäjäriskiähän,1
Uberkuskilla,1
Iltalööppiviihde,1
Ubertienesteillä,1
Rekrytöivät,1
Yltäkylläisissä,1
Pseudonyymitkin,1
Fettistä,1
Men_in_black_international,1
Piratebaylla,1
Ubervakuutus,1
R4nwzslzilz11,1
Kopsattuun,1
Taivaallisilla,1
Greywormin,1
Handiksi,1
Ilmastohaittaveroihin,1
Päätteelin,1
Vakiohinnoiteltuja,1
Autokyydittelyynsä,1
Vedenpinnannousu,1
Painajaiskuvahan,1
Erikoistehostemättöön,1
Juonipanssariin,1
Triacle,1
Dieselhajuinen,1
Puuelementtejä,1
Wulfenite,1
Molybdate,1
Pbmoo,1
Tabular,1
Aoikoina,1
Kyytibisnestä,1
Mökkimiittiä,1
Arvasitkaan,1
Väärinkootun,1
Uutispimennössä,1
Datistelin,1
Intendozz,1
Poäässyt,1
Viitostason,1
Hautakuoppaani,1
Uppopumput,1
Brania,1
Värävaraisia,1
Perintöverolakeja,1
Keuhkonsiirtoleikkauksessa,1
Hyvinvointifunktioon,1
Uudistushalun,1
Juuo,1
Fillariliikkeiden,1
Peräräkkäin,1
Korkovähennyshyöty,1
Sopeuttamismahdollisuutta,1
Apinalaumaakaan,1
Kieltelyiden,1
Väärennösväitösten,1
Perinnon_arv,1
Perintöverotusarvona,1
Perintöverotusarvoksi,1
Harjaamattakin,1
Harjaamattomuus,1
Rakennusmääräyskokoelmaa,1
Rakennusvaipan,1
Puurakennusteollisuudelle,1
Leikkaumahdollisuutta,1
Ansiosionnaisiin,1
Menokartoituksessaan,1
M7zbm7s,1
Vanhempainvapaajärjestelmästä,1
Vuokratavarasta,1
Vuorkamenot,1
Stability_of_the_international_prototype_kilogram,1
Massavaihtelut,1
Marginaalitoimijana,1
Aikanpaljon,1
Jaakieakosta,1
Rakennuskustannuksin,1
Puuelementtitaloja,1
Sähkötöineen,1
Kasvukaupunki,1
Puuelementtiomakotitaloista,1
Hintakilpailukykyiseltä,1
Upvotetka,1
Inhokatsonut,1
Lannisteria,1
Targaryeneille,1
Westerosiin,1
Elämäntilannemuutoksia,1
Brannin,1
Ilmastokauppasota,1
Puuelementtipientalot,1
Betonikerrostaloyksiöiden,1
Kouluutetaan,1
Dzerzhinskyn,1
Maahanmuuttokulut,1
O85u56p,1
Palasitvat,1
Melisandren,1
Tieverkostossa,1
Salliselle,1
Orwells,1
Valvontadronet,1
Kasvontunnistusverkostot,1
Vastaanomttaminen,1
Hoitamistapa,1
Autokratioiksi,1
Pienkäyttäjänkin,1
Protektionismimekanismiksi,1
Kokonaishiiliverosta,1
Kesäkessuihin,1
Lähennelly,1
Lämpötavoitteessaan,1
Kotelotuulettimetkin,1
Kesäkellotukset,1
Työttömuusvakuus,1
Yhteiskkunan,1
Pahviöaatikkopyörässä,1
Halpispyörät,1
Monte_carlo_,1
Dqswi9s,1
Txbk7dy,1
Vuoranantajat,1
Korkomenonsa,1
Viljelupotentiaali,1
Tosilaita,1
Henkivakuutustakaan,1
Toistomäärästä,1
Jaimelle,1
Liiskaantu,1
Martinkaan,1
Johtotyökin,1
Talousdoktriinin,1
Kusitolpista,1
Naamioina,1
Esiteltykkään,1
Vuokraveneilyä,1
Perussihteeri,1
Välityskeskusmaksu,1
Sulamisnopeutta,1
Tarroittajan,1
Vuokravenetuen,1
Lappon,1
Kengurumarkettia,1
Vaurioittiko,1
Unikkotuotteita,1
Puuelementtikerrostalossa,1
Perusteluvastuun,1
Fudishuligaanien,1
Mähinäpläjäys,1
Puukerrostalolla,1
Rosteritangon,1
Elinsuhteissa,1
Rynnittiin,1
Parissatuhannessa,1
Daynen,1
Valyrialaista,1
Dayne,1
Hukutuskoneiksi,1
Kannatuskyvyn,1
Fillarifiilarin,1
Naathia,1
Brokenille,1
Vanhuspropaganda,1
Drog,1
Meemiluuri,1
Malllilapsi,1
Jutlannin,1
Vedenpaisumukselta,1
Ihmislajilta,1
Lemulin,1
Tve2bam,1
Vajonnyt,1
Probeelma,1
Tekijänoikeusrikoshan,1
Halinnataoikeuden,1
Artikkelilinkki,1
Asevientisopimusta,1
Dgsi,1
Kissanrääkkäys,1
Puhutiinn,1
Sitratorilta,1
Herrasortti,1
Eaiaiqobchmiglfwym6s4givfaaach3bngipeaayaiaaegitrfd,1
Eaiaiqobchmiglfwym6s4givfaaach3bngipeaayaiaaegitrfd_bwe,1
Lähdeverosummaa,1
Tupakoitsivat,1
Öyhötysmaniassa,1
Villakerroksella,1
Ääliömaisyydestä,1
Oikosulkuvirtausta,1
Pikkuraolle,1
Vakioluonteenpiirteitä,1
Iloluontoisuus,1
Pukkos,1
Heatstroke,1
Gqr6l7f,1
Taloussyklisiä,1
Saavutettin,1
Hajapäiviä,1
Infosetin,1
Häntelömaidani,1
Herkutellaankin,1
Erilaistuvien,1
Kuluttajaprofiilienkin,1
Kirjanpidollisin,1
Nykyliikennöintiin,1
Tuotekehityshommiin,1
Ihmiskuskeistansa,1
Palveluäppppzinsä,1
Woowee,1
Yyperikuskikoulutukseen,1
6498d507,1
Fcc6,1
342f18a11858,1
Iwar2fpcqz0cjzhes8h4eipg6n7ccgv146jkss6hfuwkdqx3xforkh2i0tck0,1
Aborttilainsäädäntöään,1
413fa757a81c,1
Tanttain,1
Sivutöille,1
Toimintavarmuustavoitteiden,1
Toimintavarmuustavoitteella,1
Asutusalueillakaan,1
Tavoittetason,1
Humanistihörhöilynä,1
Jäkkikäteen,1
Jäljittelemätön,1
Häiriötekijässä,1
Häiriintyneempänä,1
Paskakomediaa,1
Ldk00474_2,1
Edustkunnassa,1
Aborttikeskusteluista,1
Napavaihteisen,1
Paksurunkoiset,1
Hartsisia,1
Prutkuttavaa,1
Hiivapääläriä,1
Ansaitsemattomilta,1
Kärjistäväa,1
Kustannusedukasta,1
Hatsissasi,1
Rahoittajayhtiöstä,1
Energiankäytössään,1
Liikekauden,1
Sketsiaihio,1
Teleporttailevat,1
Bpr5fg,1
Eurovaaliama_olen_ammattilobbari_brysselissä,1
Ajantasaistamisen,1
Loppurysähdys,1
Imploosionomainen,1
Laventelilullassa,1
2009_review_by_shah_and_ahman,1
Lieveilmiöiltään,1
Hanhetkaan,1
Kuuluttamisessa,1
Uskontohommiin,1
Mestaruusjoukkue,1
60teur,1
Pystykkönä,1
Ryyppäyksellä,1
Ilmaispyörä,1
Elöinrääkkäys,1
Ilmastointolaitetta,1
F1f5497032ff4ce5ec24e637acc8b134,1
Sisustusporukallenne,1
Identiteettiperusteinen,1
Ihmisoikeusvasemmisto,1
Julkihomoilusta,1
Lepohuoneet,1
Eläköitymisikähän,1
Kertymäänsä,1
Eläkeläispolveen,1
Bodyfast,1
Intervallfasten,1
Lindert,1
Allergien,1
Heilmittel,1
Allergiker,1
Päihdekodissa,1
Kivuistakin,1
Liikenneväylilien,1
Menovaikutuksia,1
Kiitämpäs,1
Verkonparannusinvestoinneista,1
Poeytaekone,1
Hormoonitoiminnasta,1
Prinssiänsä,1
Teräsvanhuksiin,1
Teräsvanhuksia,1
Zvirdbc,1
Pääomaköyhiltä,1
Hintaesimerkkisi,1
Arvostamislaki,1
Siirtokikka,1
Hahmokehitykseen,1
Briennee,1
Tarinakaarelle,1
Branista,1
Jäykempiäkin,1
A72dqyy,1
Bhgfwkp,1
Toilailuiksi,1
Verenvuotokuumetautina,1
Kaksinaismoraalis,1
Sumennellaan,1
Pisspottiin,1
Metaanikaasutkin,1
Kaasuntarpeesta,1
Parvekeasennuksen,1
Kaidetason,1
Koistahan,1
Laatuselostuksia,1
Teräskeula,1
Läskikortin,1
Henkariakin,1
Suljetumpien,1
Kiinalalaiset,1
Marijuanabreak,1
Konsentroimattomalle,1
Ympäristöasetukset,1
Blokkiutunutta,1
Pyörtäjiltä,1
Puoluetasollakin,1
Caneurope,1
Delayers,1
Tulonlisäykseen,1
Alkusäätöjen,1
Paikkamuutos,1
Kolmenkymmenenseitsemän,1
Voittamiskeskeinen,1
Velkarahoitetut,1
Sektorininvestoinnit,1
Vedätyspumppu,1
Luokkakaveriin,1
Kohdultasi,1
Pössyttelykokemus,1
Röyhiä,1
Mansikkapurkan,1
Ominaistuoksua,1
Keskivertoakateemiwen,1
Jäätävimmistä,1
Pupetit,1
Etsipolitrukeista,1
Lapamatosorttia,1
Streicher,1
Natsipropagandistit,1
Hekotelleet,1
Leiripassejaan,1
Tulonjakovaikutusten,1
Ympäristökysymyksinä,1
0mqpcujtrjy,1
Oheisseura,1
Aasinpäästä,1
Taajamafillaroinnissa,1
Vierintävastuksesta,1
Rypylöistä,1
Alhausilla,1
Loukoissa,1
Sepitetää,1
Seiskakutonen,1
Käsinheiluttelua,1
Tomintatapojaan,1
Kannustavemmaksi,1
Yllätyskäynneillä,1
Alkuraskaus,1
Raivomoodi,1
Nakkalajarvelle,1
Mummonpyörän,1
Seiskaöyhötys,1
Bkteehen,1
Kukkahattupoliitikot,1
Arvomuutoksen,1
Avartamana,1
Kaupunkipölyn,1
Adoptiovauvapulasta,1
Uskontoidentiteettiään,1
Huivittaminen,1
Vuokralaitteisiin,1
Siirtogewnisysteemeitä,1
Huurrusti,1
Wargnerin,1
Betonitalotkin,1
Torkkumiseen,1
Ruokailuunkaan,1
Juntillakin,1
Isivinkki,1
Luovutuslupa,1
Suhetutun,1
Aseostojen,1
Batiikkikuvio,1
Sisustellut,1
Kyrpiinnyttyä,1
Alikehittyneisyyden,1
Semirealistisena,1
Avainhahmoon,1
11y,1
Julkisivuduunarit,1
Keltapukuiset,1
Pukkoja,1
Urheiluvammoillaan,1
Investointipuolen,1
Riistokapitalisten,1
Villegalleen,1
Atwoodiin,1
Kommunistihelvetistä,1
Kriisikäyrän,1
Pöytähopeavarkaus,1
Rappijuopumus,1
Tavoitteetta,1
Kyrpelöivä,1
Soittamisessakin,1
Improon,1
Rentoilemaan,1
Suomalaislapsissa,1
Kasvattavamme,1
Ääntelehtien,1
Näköproteesit,1
Shamaanisieniä,1
Kuvajako,1
Öyhötysporukan,1
Kreikatkin,1
Sammaloittaa,1
Petonkia,1
Poppakonstihan,1
Br9t5l,1
Imaami_esitt,1
A4_kouluihin_lepohuoneita_ramadania,1
Vientikate,1
Oheistäkynä,1
Tuplavolyymillä,1
Hiilitullaajien,1
Drakemeemiformaatti,1
Yrmynaama,1
Yksityistämisvihassa,1
Valkohäntäpiruista,1
Läpinäkyvyytensä,1
Teollisuuskamaa,1
Hajunpoistogeeli,1
Reizerin,1
Bläster,1
Sammallajit,1
Kalliojen,1
Tukirankaansa,1
Polysakkarideiksi,1
Sammalkerroksen,1
Turvemainen,1
Maakerros,1
Metsätyöläiset,1
Seag,1
Opppiakseen,1
Hirismökkejä,1
Mokit,1
Suoltamana,1
Parvekerempan,1
Putkiseksi,1
Puutyöläisten,1
Votettais,1
Rääkyyn,1
Keikkalaakarille,1
Puutyöläiset,1
Sylivauvankin,1
Joukkovelkakirjaan,1
Kunniantuntonsa,1
Harvensinkin,1
Kvalitatiivisin,1
Palvelukehittelyyn,1
Markkinointilaseilla,1
Monimuotoisuusbarometri_2011,1
Ravisteleekin,1
Etnoryhmien,1
Määrätekijöitä,1
Pahamaineisestikin,1
Eläintentappaminen,1
Nykykaupunkilaisnuorten,1
Pöytähopeavarkaudet,1
Musiikkipäälliköiltä,1
Zoosadismihan,1
Raggarijengissä,1
Kissantappomökki,1
Ehdokaskandidaattien,1
Asukokonaisuuteni,1
Eurovaalithan,1
Nuorisovaaleista,1
Syytelijöiden,1
Maitamaan,1
Elintasosyyt,1
Hirvikolareja,1
Puvf7ggafkc,1
Kerttoaongelmista,1
Vuorovaikutusmetriikat,1
Päättymisajaton,1
Nykypiirteillään,1
Kriisitapaus,1
Viidakkoyhteiskunnissa,1
Farenheitit,1
Maakaaplointia,1
Ylileveille,1
Johtokaduille,1
Congartulation,1
Englanniksikaa,1
Mergel,1
Sähköosuuskunnan,1
Betonipeitettä,1
Intepretointiin,1
Kannabiskäryistä,1
Maksunsiirron,1
Bqik3w,1
Suomalainen_gini_valittiin_taas_maailman,1
Ussutus,1
Satamaukko,1
Ettn,1
Visuilla,1
Keskarinuoret,1
Hittikanavia,1
Radiopoppiin,1
Erikoisnettiradiot,1
Korjaakko,1
Palosuojapinnoitteet,1
Rokotuttamassa,1
Kaninomistajat,1
Formulateemaisessa,1
Disturbedia,1
Älyluurini,1
Endorfiinityrskyt,1
Mixtuuralla,1
Keikutuksen,1
Kuvasarjastakin,1
Yhden_kiinan_politiikka,1
Bestestttt,1
Opiskelijaviihtyvyyttä,1
Kukkijat,1
Sammalpiikki,1
Kiteyttämällä,1
Potentiaaliennustamiseen,1
Savukranaattimaisesti,1
Erikoislääkereitä,1
Maukurista,1
Vaikerruksesi,1
Itämärellä,1
Pelitarkotukseen,1
Sakasalaiset,1
Hankekumppanit,1
Energiabisneksen,1
Bötkylä,1
Lottomäärillä,1
Kansalaisuusprosessi,1
Kissantappovaihetta,1
Poojat,1
Alivaltiosihteerijuttu,1
Virtsapullojen,1
Paastoamiseenkin,1
Losakafl,1
Vanhuksenkaan,1
Ellesmere,1
Sysipimeään,1
Kuvausdiilejä,1
Metsäyhtiöthän,1
Uusiutumisprosessin,1
Ensohan,1
Puukerrostalokortteliin,1
Tikkaselta,1
Kuvaviestittelyä,1
Mätänemäs,1
Keinoraskauden,1
Sikiot,1
Teknokratiafantasionnissa,1
Puutuotteena,1
Nihiloidu,1
Napavaihteessa,1
Hammaspyörästöt,1
Töyssyisessä,1
Satulajousituksen,1
Kirjotuksessasi,1
Mietittytä,1
Kolisutteli,1
Paloturvallisuusriskiltä,1
Lasinkaan,1
Holocaustonline,1
Pitelikö,1
Päätyneisiin,1
Venajanaika,1
Pääpunaisiksi,1
Jeyne,1
Väestönmuutosvauhdilla,1
1011m,1
1s0x4680c21bd66525e1,1
0x2e142294330c1011,1
Fahrenheittejäkään,1
Upeelle,1
Mökinrähjän,1
Meppikavereittensa,1
Saarnaavina,1
Nuorisopoliitikkoina,1
Draconisen,1
Ääneemme,1
Sataprosenttisille,1
Piirtotyylien,1
Hüi,1
Kenellekäs,1
Karvalakkipappojen,1
Aamumunkkiensa,1
Serkuksilta,1
Eurovaaliehdokkuuteen,1
Kuulijatutkimusta,1
Kuulijaryhmään,1
Itärajantakainen,1
Stigmatoisoivaa,1
Hoursia,1
Radioilta,1
Monipuolisempaakin,1
Taloyhteisössä,1
Laputtakaa,1
Laputtomat,1
Romumetallikierrätykseen,1
Irtaimistovarastossa,1
Esimerkkikappaleen,1
Tukkufillari,1
Hanttiiin,1
Urheiluveikkauspelien,1
Pääpottiin,1
Moninkertaisemmat,1
1222b5bc,1
966f,1
B434,1
7250c8a43065,1
Taloyhtiöässä,1
Fillarinpidike,1
Energianeuvostosta,1
Veroparatiisilainakikkailun,1
Lähentämistä,1
Metsästyksenvastustajat,1
Metsästääkään,1
Hirvenlahtaajia,1
Tapporahat,1
Dutchnewsin,1
Harbers,1
Lottery_payouts,1
Lottoilun,1
Wizardofodds,1
Lotteryresults,1
Kaksinkertaistuen,1
Kolminkertaistuen,1
Ryöstöpolitiikka,1
Jättipoteissa,1
Huiltoyhtiön,1
Puoluepelinä,1
Hätäännyttiin,1
Kabinettitietojensa,1
Pokkaajaa,1
Karppari,1
Nykyälypuhelinten,1
Kirjoitustuomiot,1
Elämänmuutostaustaa,1
Puhenjohtajien,1
Hyttystentappaja,1
Myrkkysäiliöitä,1
Elellessämme,1
Jamaakaasuverkkotoimintaan,1
6a1284f4,1
8e6d,1
7eda2aebdcac,1
Valvontamenettelyn,1
Oululaisimaami,1
Islamintulkintaansa,1
Lapsiraiskausten,1
Yleispankkien,1
Preorderaaminen,1
Pienin_toimiva_tuote,1
Tekijänoikeusartikloita,1
Eurokokoomus,1
Järjenvalon,1
Sakurat,1
Pentelin,1
Pensselikynällä,1
Tyytymättömimpänä,1
Lyijiksellä,1
Kuivuukaan,1
Lyijyvarjostuskin,1
Liiketoimintaprosessi,1
Kannattava_yritys,1
Fillariaan,1
Kolhittavan,1
Ekxiatu,1
Uutislahetyksissaan,1
Lukkoonlyömisen,1
Turvallisuusriskikin,1
Rahtialuksesta,1
Rahtijututkin,1
Äärisävytteisiä,1
Fringetapauksia,1
Polyperheitä,1
Työllistymistasosta,1
Emäyhtiöltä,1
Laskunet,1
Myositis,1
Muscosceletar,1
Traumakirja,1
Sisarteoria,1
Kannustelua,1
Asuntoontkaan,1
Pyöräpaikasta,1
Eurovaalikiireitä,1
Huippuluokkaisena,1
Arvosteluasteikkoja,1
Pastellipinkki,1
Diskaat,1
Teräsverkkoa,1
Joulupukkilistojensa,1
Pbs_newshour,1
26_kuv_001_fi,1
Rahoitussuunnitelmaan,1
Työmarkkinasiipi,1
Rahanhaaskaukselta,1
Uqsadiok,1
Taustapointin,1
Ämmaa,1
Jvgstä,1
Kasettimaksujen,1
Liukuhihnatyöntekijält,1
Sgeldpz,1
Screenshottaavan,1
Työnhakulomake,1
Kokeilumieles,1
Brkxlh,1
Turvapaikanhakijoiden_tekemien_rikosten,1
Jvyx1z8l,1
B9b7a10d,1
Kirjoitusvirheit,1
Eläkeläislaumoille,1
Vanhustenhoiva,1
Hallitusohjelmapeliä,1
S4lrbjf,1
Kostohaluttomuus,1
Arvolähtöinen,1
Kuvamuotoisiin,1
Tekstiperusteluja,1
Lattiakaiutinmalli,1
Hallitusneuvottelunjen,1
Kriisiotsikko,1
Vitsiviesti,1
Konehaltijoihin,1
Kuvaavslla,1
Lakeihi,1
Algoritmillinen,1
9p545ce83uq,1
Voimakkaasit,1
Herajauheessa,1
Veromaksujaan,1
Libertarismiä,1
Prsettä,1
Kykenene,1
Liikevaaihto,1
Eläkemaksuksi,1
Olohousuissa,1
Kiejaimet,1
2206x3788,1
Eoey2ya,1
Hajottamisuhkaukset,1
X0000,1
B07998xr97,1
Pohinu,1
Ortodksinen,1
Rosvopääliköillä,1
Änkyrähallinolta,1
Tyoteryhmän,1
Kimppari,1
Meppari,1
Herppari,1
Libertaariliikkeessä,1
Minarkistit,1
Helsiingin,1
Fillaripaikka,1
Ajokaistatilaa,1
Joojxoy,1
Fundamentalistisimmasta,1
Pakkosekulaari,1
A4nenkannattaja,1
Mahdollisestaaan,1
Muistutelkaa,1
Infrasruktuurissa,1
Pikkumoskeija,1
Muslimijärjestöille,1
Ruohonleikkuriauto,1
Meemäjä,1
Pysäköimiseni,1
Jumalanpalveluksissä,1
Jokavuosittaisena,1
Lievastipenis,1
Tekijänoikeudekseen,1
Sävellät,1
Tekijänoikeusmateriaaliaan,1
Merkkaajalla,1
Dekarboxyloida,1
Orvokkinoidit,1
Lohikastiketta,1
Verotsunami,1
Yksinasuvaan,1
Aikarajoitushan,1
Assepnf,1
Tataariyhteisöjen,1
Saudimyötäilijä,1
Yiritn,1
Trollivihapostasin,1
Tuplatriidiin,1
Ylänuolihakuisesti,1
Geelipäille,1
Havannoillistava,1
Saapumisajalla,1
Coalitionforthehomeless,1
Eloonjääntiluvut,1
7bf958e84b,1
6d0e,1
8f46,1
05911f4d31ec,1
Liikennekuolematonta,1
Kolmenkertaistunut,1
Rahatapaukset,1
Näkkäläjårvellä,1
Turvapaikkavyöryä,1
Jousita,1
Janttereistahan,1
Krajina,1
Bijeljinan,1
Edusajien,1
Mälläämättä,1
Hahmottuisivat,1
Kännipuukotuksia,1
Lsbrclj,1
Liikevaihtokriteerit,1
Kaapelisuojia,1
Terveyshyötyjensä,1
Pikaviestinsovellusten,1
Verotusoikeden,1
Lahjoiutusten,1
Kristää,1
292e,1
Kaapelisuojan,1
Hidastusmutka,1
Voikukilta,1
Nxgfbnfsdlo,1
Xltmin2g,1
Aaaaaaaaqj0,1
Lgbofr0dtsgsvkxl4ss3e_u3e523fahzgcewybhgl,1
Passionsuukkokakku9,1
Hölmöilen,1
Rimpulaan,1
Pikaviestinsovellukset,1
Puhkikulutettavaksi,1
Leimasanaksi,1
Eläkeläisvoittoisissa,1
Tekstikohdan,1
Muuttunaton,1
Rasvapitoiseen,1
Orvokkikukkakeksit,1
Lätkäistää,1
Sinappiautomaatti,1
Parkkitarkastajien,1
Tarkastusajankohdat,1
Diektiivistä,1
Cageen,1
Valistuksenjälkeinen,1
Perinnöltämme,1
Instituutioihimme,1
Vaikuttaneine,1
Uskomusperinteiden,1
Kristillisena,1
Kaksiosaisella,1
Krasseihin,1
Heiluriovea,1
Onnisiin,1
Mutuiluillesi,1
Hojosta,1
Ajovakuutuspakko,1
Talutuspakko,1
Pikkumoskeijaan,1
Saudituen,1
Sekularistina,1
Kokonaisuustulkintojen,1
Pyöränlamput,1
Putkiulos,1
Tuollaiseenhan,1
Valtioideologia,1
Baekdu,1
Rahanhuijausbisnes,1
Myrtsillä,1
Myyntihetkillä,1
Laskentajärjestelmiensä,1
Huomiotötsiä,1
Naamionnista,1
Fillarivastaisen,1
Bruttotuloistani,1
Ihmiskylmä,1
Kovatuloisina,1
Työllistyneellä,1
Hallitusneuvottelijaporukka,1
Ydinryhmille,1
Hallitusneuvotteluporukkaa,1
Neuvottelijakööristä,1
Digitaalisyöpäkin,1
Fillarivastaista,1
Taksimersua,1
Automyyntitilastoissa,1
Mälläämistä,1
Kampanjafilmiä,1
Käld,1
Haastetanssia,1
Tanssiopetus,1
2ahocux,1
Kapillaarilla,1
Työskentelytilan,1
Saarnavia,1
Ahtaamilla,1
Puutalokorttelitkin,1
Sekopääkristillisiä,1
Kivijärkäleen,1
Majoitua,1
Submittaat,1
Majoituskaan,1
Mainosklippi,1
Pitkänhuiskea,1
Valkotukkainen,1
Kohtalonkysymyksiin,1
Sivusaunamiete,1
Verokiristyksistä,1
Sanottanekoon,1
Sankartekoja,1
Maahanmuuttokustannuksien,1
Tallentimia,1
Kungingasideoita,1
Brkb0v,1
New_ryzen_eng_sample_code_amd_10000000003102,1
Eoepod7,1
Kiinnostaaki,1
Mm6631a9,1
Mm6715a8,1
Tuulettimellista,1
Siitepölykinoksia,1
Veropohjamme,1
Mopottaja,1
Traktorioitsijoita,1
Kokovartalomyötähäpeä,1
250euroon,1
Fensterabdichtung,1
Klimager,1
Ablufttrockner,1
B002w774v2,1
Risteyksiss,1
Ohitetusta,1
Oikeistonpelle,1
Häpepuuhun,1
15000btu,1
Verkkokäyttäytymisen,1
Muropojatkin,1
Demonstrerar,1
Sapos,1
Agerande,1
Exp34u338hw,1
Pakkouudistuksta,1
Tupakoitsinjan,1
Työkelpoisena,1
Vuokrakopistaan,1
Surkastama,1
Viriilimmät,1
Kymmentuhatvuotinen,1
Pääsätä,1
Christmassit,1
Edeltävina,1
Hakuvideoiden,1
Pistetytyskorjauksella,1
Kanappis,1
Ambulanssa,1
Kaikiluotaamisaistia,1
Macdonaldsista,1
Historiameemejä,1
Luterilaisuudenkin,1
Arvaattomaksi,1
Kiikkuisi,1
7p4naar,1
Trollitehdaspeli,1
Propagandahanketta,1
Katkarapukin,1
Rotumääritellyt,1
Hurustelujen,1
Jihadwatchia,1
Reaaliliikenteen,1
Lukemillakaan,1
Silmänpalvelijoita,1
Palvelisitte,1
Orjianne,1
Οἰκέτης,1
Lempeille,1
Kärsihän,1
Sakkokamerat,1
Läääkkeissä,1
Pärjäätä,1
Splittikoneella,1
Yksiosaisilla,1
Toimitusaja,1
Takanapamoottorin,1
Kaasukahvoineen,1
Tuomaltaan,1
Turvatyötä,1
Niskatuistakin,1
Turvavöistäkään,1
Fillarointikulttuurista,1
Kiihkopyöräilijät,1
Työpaikkakiristyksellä,1
Äkykkyyden,1
Kymeessä,1
Vapaastimääriteltävien,1
Persoonallisuuspisteiden,1
Näytemäärällä,1
Pyöräilykulttuurimaa,1
Kypärättömässä,1
Ajokäyttäytymiselle,1
Onnettomuusmekaniikkaa,1
Impotenssilla,1
Opiskelumenoihin,1
Amerikanaasialaisia,1
Ajamati,1
Heissähän,1
Hampiainen,1
Kaatumallakin,1
Suojaliikkeitä,1
Inkkarina,1
Kammoamisessa,1
Haavoittuvuudelleni,1
Kokemuksienne,1
Rikastumiskoulutusten,1
Nuoruudenteon,1
Kunnianloukkausviesti,1
Pyöräilyfanaatikko,1
Sangatkin,1
Liikennevahinkolautakunnan,1
Särren,1
Kristosentristä,1
Kristuskeskeistä,1
Kirkkokritiikki,1
Kirkkkoa,1
Bukkakebileet,1
Monetise,1
Sivuraiteena,1
Internetkärjistyksestä,1
Pyöräilyfanatismia,1
Crosstraineri,1
Ylensyömiään,1
Vaaliteltasta,1
Suöjetulle,1
Kiiltokuvissa,1
Julkisivunrakentamisessa,1
2mqzzv1,1
Hemaisevimpia,1
Yliahtaassa,1
Seinällenostopaikoistakin,1
Hajoamisriskiin,1
Poppelilumeksi,1
Sekoitettavaan,1
Valikoituvissa,1
Perunayksilöissä,1
Indeksiviritys,1
Juhannusharrastukseni,1
Pyöräilynvastainen,1
Aseenteellisuus,1
Juoksuaitaa,1
0ahukewjrqz2ok6,1
_iahwepiskhuijalaq,1
0ahukewjrqz2ok6_iahwepiskhuijalaq_auidigb,1
Brh2rz,1
Havainnekuva_kaikille_joilta_nykynuorison_meemut,1
Eoez3s0,1
Lämpiäinen,1
L31j0na,1
Raumlaisittai,1
Kaljanokkakärryilijät,1
Rekkailusta,1
Ghettojenkin,1
Yleislinjausta,1
Tunnelmaako,1
Iwar2vhhxdilc4041e7oclfqbldkaieuxns5g5f3guhbvxrp9pevltke7,1
4vi,1
Keskustalaislehti,1
Vessapoletteja,1
Vessapolettia,1
Spand,1
Varoitettukkin,1
Liikenteensen,1
Vaohdoit,1
Keskivertovalkoisella,1
Keskivertolatinolla,1
Toteskohan,1
Suvakseiksi,1
Itesnsä,1
Vanhantavalta,1
Onnettomuusmekaniikassa,1
Stubb_man,1
Kuvattuasi,1
Kukkadieetillä,1
Yliopistoaparheidiä,1
Kolauttaisi,1
Kunntaas,1
Huoneesesen,1
Tarkoituksellinenkin,1
Tyksää,1
Kukkakauppiaille,1
Pistehihnaa,1
Varoittelijoiden,1
Mureutetaan,1
Tastypussy,1
Nakkalajarven,1
Kuunneltavaksemme,1
Väitöksestään,1
Väitöksiltä,1
Köyhemmilla,1
Nykyärjestelmä,1
Rupuseen,1
Trotecista,1
Matakapalkkasektoria,1
Ampumasuorituksessa,1
Kantotilanteista,1
Ruumiinrakenteille,1
Kantolaukulla,1
Murtojarrulla,1
Kuperkeikkajoukoille,1
Elamanvalon,1
Tyokaluin,1
Paatokseni,1
Kiittavan,1
Perimmiltaan,1
Viilennystehoissa,1
Viilennystehoista,1
Suurempituloisesta,1
Jassama,1
Iduskcn1sk1qx,1
Estottomiksi,1
Suolivammaiselle,1
Poac4009,1
Sisälämpötilalta,1
Tiivisteosa,1
Tyhjilläänkään,1
Persnettoon,1
Ribaletta,1
Nuorisoavustuksia,1
Kesäkeittiöön,1
Päiväpalkoille,1
Suuntaviivoissa,1
Mukautuksiin,1
Kompensiopisteiden,1
Eriytyksen,1
Pääsykoeaineistot,1
Tasorajojen,1
Maalittakaa,1
Oikeistolaisääniä,1
Eduskuntaehdokkuuttakin,1
Henkilötyöviikko,1
Psykopaattihäädön,1
2604_en,1
Luottokorttiprojektin,1
Mastercardien,1
Mastercardeista,1
Miljardialuottoa,1
Turvallisuusneuvonantajan,1
Saudihuoneen,1
Shiiakumoustakaan,1
Syyro,1
Ämpiäinen,1
Kirpiäinen,1
Juustoraastimista,1
Hymyilevänsä,1
Yhyeiskuntasopimuksen,1
Aborttikielteisten,1
Aborttokielteiset,1
Kokonaisuudenhahmotuskyky,1
Rivarijuttuja,1
Islamistifasisteja,1
Tilapäiseksihän,1
Lumimaisen,1
Kääntäisikään,1
Multikultille,1
Järkkärikamerassa,1
Lauttaliput,1
Mercycorps,1
Luottokorttijärjestelyä,1
Ihmishenkeäkin,1
Pakolaisorkesteri,1
Rypistyvät,1
Teeskennellyksi,1
Seksuaalirikostilaston,1
Käsiinräjähtämisen,1
Seitseman_henkiloa_vangittu_oulussa_torkeaan_lapseen_kohdistuvaan_seksuaalirikokseen_epailtyina_76238,1
Kyljyksillä,1
Psyykkeessa,1
Ryhmäkuulusteluja,1
Puhdistusko,1
Äärikämysiiven,1
Kunnallisjohdon,1
Kaveripariskoa,1
Kilometrilulemalla,1
Alapsen,1
Viehtyneiksi,1
Näccis,1
Gassu,1
Yksivaihteesta,1
Omaversio,1
Rennohkoa,1
Tokenemisen,1
Mimmifrendiä,1
Kaapelikourulinja,1
Poliiseila,1
Kourulinjaa,1
Kourulinjan,1
Körötellessään,1
Kourulinjat,1
Huomiotolpat,1
Humalluttavan,1
Rotutohtorikeissiin,1
Tuoksupielus,1
Sinisievikki,1
Hunajakukka,1
Niittyseos,1
Grippirätti,1
Minipyörällä,1
Paikallispuolueisiin,1
Korruptiometsästäjiin,1
Maahanmuuttokeskeisiä,1
Lukitteiden,1
Työnajantajan,1
Efektiivine,1
Salaliittoteorisoinukki,1
Kahjompien,1
Vastoinkäymispisteytystä,1
Betterton,1
Litiumakkuun,1
Tahkoltaan,1
Suojaelektroniikkaa,1
Bäckupatkaa,1
Globliin,1
Joukoistamme,1
Ansucsraibbaa,1
Tallinnanaukiolta,1
Vessahätään,1
Koskelontieltä,1
Vvolla,1
Kukkapaketeille,1
Sncehchr_o,1
Laatukomponenteilla,1
Gasgas,1
Kevarihan,1
Harvabooriset,1
Työskenetelemällä,1
Salonkikelpoisuusruljanssi,1
Naisness,1
Kummelimeininkiä,1
Spandexjonneillq,1
Mielipidesyrjintä,1
Rotusuvakit,1
Logisticsin,1
Puoluefanin,1
Sanavapauscasea,1
Subillamme,1
Ihansamakuka,1
Eduskuntavaalivideostaan,1
Maahamuuttokriittinenkin,1
Npszyek,1
Tietyökorttit,1
Pistekiinnityksen,1
Kolmiokiinnikkeet,1
Pikasäätö,1
Jdufsyins,1
E_3,1
Fbxrew8,1
Kansikelmu,1
5853b3ed4,1
Työryhmittäin,1
Ilmastointivehkeissä,1
Jäteilmaa,1
Pärinäyksikkö,1
Nununuka,1
Lailailailai,1
Faktaperäisyys,1
Lähiperiferiasta,1
Housuihinkin,1
Saasteelta,1
Arvovapaista,1
Faktatoteamuksistakin,1
Miinusteltu,1
Suolivammaiset,1
Hagsin,1
Broilerijärjestön,1
Lomailevatkin,1
1c804d54,1
46ff,1
105a446d19b8_story,1
Ihmisoukeuksia,1
Kolikkolukon,1
Argumentointivirhekone,1
Kestitki,1
Sekopääfantasioissa,1
Hajaannuttamattoman,1
Kulunkirjoittajat,1
Vely,1
Ingilsh,1
Kryptomenetelmien,1
Iteraatiosykliä,1
Tipauttaman,1
Jarrutusaaltoja,1
Käveltävien,1
Pyöräiltävien,1
Väärinkohdennuksia,1
Valtionkirkkomlelessä,1
Pointtins,1
Jossitteluni,1
Brpv54,1
Australialaisagenttien_testi_sotaharjoituksessa,1
Eoges3o,1
Reaaliaikakäyttöjärjestelmän,1
Identifioinnissa,1
Versiotunniste,1
Alituotteista,1
Tarkistussummiin,1
Alituotteen,1
Buildaushetken,1
Toimistorakennuksien,1
Autoparkeissa,1
Kristilliskonservatiivisesti,1
Juutalaisystävällinen,1
Erisrvooselle,1
Haapabukkake,1
Syväkurkulla,1
Kissantappopuolustelu,1
Identifiointiongelman,1
Buildattuja,1
Deploymenttiä,1
Sisältöisten,1
Konfiguraatiotiedostoina,1
Leikkijään,1
Vespasianusta,1
Käymälämaksujen,1
Käymälämaksuista,1
Moskeijoihinsa,1
Demokrataattisessa,1
Hygieniapassikin,1
Teräshommissa,1
Isäsuhteista,1
276268243_epidemiology_of_burn_injuries_in_sulaymaniyah_province_of_iraq,1
Imposibru,1
Vastoinkäymispisteytys,1
Turvenapeissa,1
Varastoala,1
Mustamagiapaneskelua,1
Sananvapausvaahtoamisissaan,1
Journalistimme,1
Semmoisellekin,1
Kmarkettia,1
Asemaravintolan,1
Aluepohjainen,1
Kisumme,1
Itsensäpolttamista,1
Kisustani,1
Pyykinpesuaineena,1
Viestinvaihdantaa,1
Pysäköintikieltomerkit,1
Puuauton,1
Ajellessä,1
Sinuttelematta,1
Pyöräiltäessä,1
Rästejäsi,1
B9616676,1
8ec2,1
5cc207465014,1
Natsivalvonnasta,1
Perseenpuolikas,1
Tuettas,1
Mouruu,1
Pitkökarvasia,1
Kukkameren,1
Nuorisopuolueisiin,1
Mimeme,1
Juuuuuuuuuuuuuri,1
Pohjoisparveke,1
Nälläkkäjärjellä,1
Raudoitusterästä,1
Betonilattiaverkkoja,1
Paisarissa,1
Konetekniikkaakin,1
Routavauriokuoppiin,1
Teippikonetta,1
Perustölkkeihin,1
Virontölkkeihin,1
Plusäänen,1
Turhenevan,1
Asumisohjaajana,1
Asumisneuvojana,1
Diakoniatyöntekijään,1
Taivutuksethan,1
Sinuttelussa,1
Pyöräytettävän,1
Hihnakikan,1
Totuusseerumiksikin,1
Keskiviikonkin,1
Provokaatiotunnus,1
Doug_roble_digital_humans_that_look_just_like_us,1
Pulloautomaatin,1
Alfapönkityksestä,1
Teknologiassamme,1
Tappoleirimme,1
Metsäsjä,1
Holoseenisen,1
Aiheuttanet,1
Ihmisemme,1
Hallitusvuosissaan,1
Negatiivisuusharhan,1
Viestiketjumme,1
Panettelevilta,1
Solvaavilta,1
882reljmht8,1
Folioteoriaa,1
Kekkuloit,1
Raksapakujen,1
Rukeilla,1
Remmikin,1
Odottamatonarmanalizad,1
Ujostuttaan,1
Napiattaen,1
Vikkeleen,1
Rupikonnilta,1
Nl2wywd,1
Tuoteyrityksessä,1
_tunnetko,1
_sananvapauden,1
Somaliankin,1
Nälvikööt,1
Kansanuskomukset,1
Dyykkareille,1
Kulutusasteilla,1
Identifioitusisivat,1
Nykytanssihytkyntää,1
Omolta,1
Eurovaalikaudella,1
Pääliikennesuunnittelijalla,1
Hujasta,1
Lainvalmistusta,1
7azvxvc,1
Fdu,1
Ilmaistyömaanantai,1
Kyökkifilosofista,1
Mäntäkuuta,1
Jaakkotepot,1
Hilmaks,1
Onniks,1
Nuorisjärjestöltä,1
Detaltitasolle,1
He307,1
Idp446124704,1
Valmiusyksiköltä,1
Haltijoiltakin,1
Paljoltu,1
Patruunateknologiat,1
Etnonuoria,1
Puoliperillä,1
Pohjosia,1
Tankkaampa,1
Perusparkkiin,1
Ilmaisvessahuoltsikalta,1
Maksuvessallinen,1
Ravintolarahoista,1
Paidallekkin,1
Alitjoilleputosin,1
Pjaskottu,1
Aikuislukioita,1
Lastenlukioista,1
Työkavereissakin,1
Litraisetkin,1
Countyjen,1
Segregoitunein,1
Miḱä,1
Eliteydeni,1
Bioekonomi,1
Veroeurojakin,1
Loisethan,1
Asenteellisela,1
Joutilailla,1
Juutalaisvaimo,1
Vessakäynneis,1
Urinaaleista,1
Rähjäät,1
Nettisanastosta,1
Denken,1
Video369507755,1
_456239045,1
Video369507755_456239045,1
Pyhäselässä,1
Kaupunginlukioon,1
Kunnanpäättääjät,1
Aluekehityksellä,1
Tonttiveroa,1
Itseämmepä,1
Kähmijäjuoppo,1
Valkoisuusvastaisuus,1
Sarahchander,1
Increasing_diversity_in_the_european_parliament,1
Kamall_eu_must_address_its_shocking_lack_of_racial_diversity,1
Brusselssowhite,1
123fc11c4fcb33ce39b8ab1fc37e1a39,1
Talousjohtokunnan,1
Katarmoreira,1
8qrpzp3s_ho,1
Mummonmummo,1
Tussaat,1
Lukitodistuksella,1
Etnisyyslisänkin,1
Demokrariaan,1
Enemmistöryhmänä,1
Marginalisoidessaan,1
Vetelehtisin,1
Jupe_bericht_april2017,1
Verokulunsa,1
Varakkuuteenkaan,1
Suojeluvaroitusta,1
Miljoonastaan,1
Uudellenvalituks,1
Yksipuolejärjestelmä,1
Kuumoituksesta,1
R1hkdnvg_o,1
Vertailuissakin,1
Vuosaarelaiset,1
Sähköeristetty,1
Piikkilankaleikkuri,1
Pistimessä,1
Helmitauluineen,1
Perusopetustasosta,1
Sfcapital,1
Publictoiletinsouthaustralia,1
Sombreropää,1
Heinämulkero,1
Kähmijäjuoppojen,1
Nahkahihnalla,1
Pisteinen,1
Pehemämpi,1
Erottukkaan,1
Jampparille,1
Lisälaitteille,1
Ulkonäköjalostus,1
Väheksyttävältä,1
Lainpohjalta,1
Valiokuntakeskustelut,1
Opillisestikkaan,1
Sjwlle,1
4evah,1
Trolliäänien,1
Praattipuolue,1
Feminstinen,1
Teutoonista,1
Trikookiitureille,1
Levittämismahdollisuuden,1
Väestötietojärjelmästä,1
Kököttään,1
Töräytellessään,1
Megalukaalien,1
Piirritys,1
Myöhemillä,1
Hahmovetoisuus,1
Sotakohtauksilla,1
Järkälemäisestä,1
Johtokunna,1
Säännöttömästä,1
Cls_fastener_7135,1
Cls_direct_fastening_elements_7135,1
Cls_other_elements_7135,1
R555,1
Chd_diameter,1
Salespackquantity,1
Itemcode,1
Techdata,1
Edellakavijasta,1
Perassahiihtajaksi,1
Dqlnfo,1
Kulutusvimma,1
Takatuupparina,1
Lihamsyömijiä,1
Bnupsv8,1
Käsipallofinaaleista,1
Kansallinenidentiteetti,1
Papetitupon,1
Kuvatesteissä,1
Kengänkärki,1
Mcdr25gwrk6j,1
Osannevatko,1
Pahvikeissin,1
Matkalaukkutelineissä,1
Vetolaukuista,1
Karelianismit,1
Pm4psdnugh3qvj4enbl4g4mc2tg,1
Da4fb92fbc575c01c37231b80e50b6ec4d54c25870c3064ac33c8d6d99416bee,1
Kusipäähomokokovartalokyrpä,1
Paikkaennustegrafiikka,1
Paskomispaikka,1
Bruttopalkkatuloja,1
Tassuttelevalla,1
Teknokraattis,1
Väittelemisellä,1
Kävijöillehän,1
Meppipaikka,1
Paikkaennusteissa,1
Kummitteluksi,1
Aiheuttamanakin,1
Totuusmaisia,1
Muovikelmumaista,1
Vessakylttiä,1
Katsellaani,1
Img2302563,1
2np0ty,1
Vihervasemmistosuvakkihyyssärimädättäjä,1
Suhdannekaivos,1
Rautaesiintymä,1
Kaivosinnostuksen,1
Kaunisvaaraa,1
Northland,1
Pyälletyissä,1
Kompaktisuudesta,1
Poikaporukassakin,1
Paskasiakin,1
Algoritmeilee,1
Kuvaotantojen,1
Empatiakyvykkyys,1
Tuijottamattomuushan,1
Orientoituneesta,1
Rapauttama,1
Tutkimusosuutta,1
Myötähäpeäviihteestä,1
Museokohteet,1
Ninjamaisella,1
Elukoillesi,1
Byrokratianporrasta,1
Juoksennellakseni,1
Maakuntamääränsä,1
Idioottinistejä,1
Kasvattammalla,1
Kiinan_alueellinen_hallinto,1
省级,1
Prefektuuritaso,1
地级,1
Piirikuntataso,1
县级,1
乡级,1
Kylätaso,1
村级,1
Prefektuureja,1
Alppipuistolla,1
Dressaamassa,1
Peruskan,1
Nattajakunnan,1
Kannattaji,1
Lysoi,1
Lomillelähtömatkan,1
Rangasitukset,1
Vuokrasopparille,1
Lisärästeistä,1
Tutkijaluonne,1
Tutkivasti,1
Ajatttelua,1
Miljardivauhtia,1
Asiantuntijatalous,1
Perustulososiaaliturvaan,1
Pienmaakuntia,1
Poltergeistia,1
Huiiit,1
Hiuuut,1
Sotemaakuntaa,1
Ravintolavaunubissen,1
Pesälintu,1
Koskelontie,1
Ruskohiilensä,1
Päivälähtöjä,1
Hälypuhelut,1
Tikkariosa,1
Äääääärettömän,1
Pahentuukin,1
Pillitikkari,1
Pillitikkaria,1
Maksumuurullinen,1
Lmkysely,1
Sjoholmin,1
Tatuointikokemuksista,1
Selviytymismalleja,1
Kynnyskysymyksiinsä,1
Poliklinikassa,1
Monialaisuuteen,1
Brtiti,1
Citysinkun,1
Hiilinielulaskennat,1
Hiilinielulaskureita,1
Kielipoliittisiä,1
Keskussairaalta,1
Vähemmistökansanryhmän,1
Jantterillla,1
Seetripuut,1
Mastoiksi,1
Puukottaisko,1
Havupuupohjolaan,1
Turvallisuudelleksesi,1
Käänkö,1
Suurvaltapelleilyä,1
Laistat,1
Tikkariosassa,1
Maksujärjestelysopimusta,1
Wikimiten,1
Byrokratiaporras,1
Nilsiällä,1
Sotevirastoa,1
Baarilaskun,1
Etupiirijakoineen,1
Loiventaneet,1
Sotehallinnon,1
Ravinteikkaamman,1
Järeyksiä,1
Poksuvassa,1
Suurvaltapelleily,1
Ilmastotyöryhmässä,1
Rakeenteellisiin,1
Kannatustaustan,1
Huonomaineisimmalle,1
Typistäminenkin,1
Métropolitaine,1
Panttipulloille,1
Hälypuheluita,1
Musaproggiksessa,1
Sotehallintoa,1
Viinapirut,1
Eisttämä,1
Oispakahvia,1
Lempimakeinen,1
Mielellääm,1
Brvcsn,1
Finnish_parliamentary_elections_19072019_oc,1
Runkkarikin,1
Karkkikaapissa,1
Lihasedät,1
Roskameemi,1
Kaventimet,1
Aistientalo,1
Integraatiokoe,1
Töpöhäntiähän,1
Töpöyden,1
Bulldogmaisten,1
Ajastustoiminnot,1
Näyttelylinjoihin,1
Sisäsiittoon,1
Mazubazu,1
Simulointitulokset,1
Sademyrskyä,1
Njoka,1
Limbomaisessa,1
Väliaikaratkaisuissa,1
Huumekauppansa,1
Mehupilliäkin,1
Ohuemmissa,1
Rantakiskalle,1
Aukiolovarauksella,1
Kaksinaismoraalilla,1
Solvaamisessasi,1
Kahdeksalletoista,1
Kansikelmusta,1
Salmiakkipulverin,1
Tissikuvatarra,1
Lähidemokratiassa,1
Metsästysasioista,1
Kaavoitusasioiden,1
Kepukunnat,1
Maakuntakaavojen,1
Ylityöllistetyissä,1
Maakuntaorganisaatio,1
Järjestämässäkään,1
Maakuntauydistuksen,1
Disneylandno,1
Gozone,1
Kymppäreitä,1
Pullaasi,1
Suohehtaarista,1
Suolampiseudulle,1
Semmosissaki,1
Rehellisyysaspekti,1
Piikittamiselle,1
Hyvinvoivammalla,1
Paskakuntoista,1
Venyttämiä,1
Sostuet,1
Paremmintulevia,1
Latokaskeen,1
Medikalisoi,1
Hindunationalisteilla,1
Kaskenpolttajantieltä,1
Nöykkiönkadulle,1
Klimppiintynyt,1
Poksujauheklimpin,1
Pthn,1
Liittovaltiosuunnitelmia,1
Eläkelupauksellaan,1
Niiskaan,1
Seksuaaliterapeuteiksi,1
Katsantoero,1
Armopalan,1
Kivipestyltä,1
Hipsterisikopaimenelta,1
Valoitahan,1
Rikottaa,1
Tavaramääristä,1
Dsmqzu,1
Paastoleikkauksia,1
Nabun,1
Vaatekierrätystä,1
Trendirätit,1
9e3decdd,1
C367,1
A931,1
5002e689c62b,1
Vergerinä,1
Kultaamatta,1
Perusterveydehuoltoa,1
Lääkärikeskeisesti,1
Saantiogelmia,1
Perusturvaverkonkin,1
Erikoissairanhoidossa,1
Kokonaismenestystä,1
Electsin,1
Tikkunekun,1
Laitebudjetti,1
Vaatekertaani,1
Tpaidoistani,1
Ravintolabudjetista,1
Diningissakin,1
Shamppanialasi,1
Oululainenkin,1
Kärppäpelissä,1
Palloilupelit,1
Holhousnäkökulmasta,1
Erikoissairaanhoitojohtoinen,1
Googlaamala,1
Vihapuheasioissa,1
Dikiboksilta,1
Thrygul,1
Kärkiehdokkaakseen,1
Satakunnankadulle,1
Casualiin,1
Yrittäjäporukka,1
Vinkujayrittäjät,1
Vastahuuto,1
Köyhyysloukkoon,1
Palvelukoiriksikaan,1
Lauttamatkalla,1
Vartalonmyötäisempää,1
Lämpövaipan,1
Vartalonmyötäinen,1
Hallintouudistusten,1
Kritosoinut,1
Terveydehuoltouudistus,1
Minäkinostan,1
Kehitysharppauksesta,1
Fffffppppppp,1
Eurobudjetista,1
Taattasiiin,1
Miljarrdöörin,1
Elämänkuvaus,1
Vaihtoehtoinani,1
Lomabudjettini,1
Humanistihippejä,1
Sukupuolisodissa,1
S0167268111001521,1
Jaewt,1
Electoral_history_of_barack_obama,1
Hatkaile,1
Hatkailun,1
Korvaushoitoonko,1
Korjaantuvatkin,1
Kielitalkoot,1
A4wudi6,1
Hevonvineton,1
Työjohdollisista,1
Päätöksentekopöydästä,1
Nöykkiönkatua,1
Suunnitteluhetkellä,1
Tiesuunnitelmissa,1
Vandalisoit,1
Yliopstosairaaloiden,1
Asiantuntijakokoonpanohan,1
Peruterveydenhuoltoa,1
Myyntikäynnille,1
Puheenjohtajaukko,1
Bluffaanko,1
Belgianpaimenkoirat,1
Työkoiraksi,1
Liikenteenjakan,1
Pysähtymisvalo,1
Musiikkileluja,1
Kaapelisuojasta,1
Määttäsenkin,1
Kunnanrajoja,1
Koodarihupparikin,1
Ihmetoppi,1
Kinostamisjuttuja,1
Kokisrekkojen,1
Casualeihin,1
Särmemmästä,1
Kieroonkaan,1
Metallikeppejä,1
Metallikepeistä,1
Rivikelaperseestä,1
Kontroloimissa,1
Kuntamäärien,1
Infrajutuista,1
Vaalimallissa,1
Hoitotaukuu,1
Saastutaja,1
Haittoveroehdotuksia,1
Oheishärpäke,1
Oheishärpäkettä,1
M4_carbine,1
Peo_m4_carbine_ras_m68_cco,1
15_spar8367_dec,1
_2004,1
Uudistuslinjat,1
Koulutuspaikoillakin,1
Haaveilevastakaan,1
Vallankahvavipu,1
Punavihreänkansanrintaman,1
Labeleitten,1
Ämmmpäääri,1
Pennunpolton,1
Böörgä,1
Paskaväännökset,1
Eläintenrääkkäysreissulle,1
Pennunräjäyttelystä,1
Autotranslators,1
Metallilenkin,1
Säätöominaisuudet,1
Ratahankkeissa,1
Suhdannepoliittisesti,1
Suhdannepoliittisesta,1
Patovallina,1
Patovallin,1
Tulvavesiä,1
Tulvavesissä,1
Lapsuudrsta,1
Utiaisen,1
Budjektit,1
Ryzvonusef,1
Maakuntaakin,1
Suurlääniä,1
Maakuntaliitoksin,1
Pevearvon,1
Muutosverotuksessa,1
Myyntivoittoakaan,1
Sukupolvenvaihdoshuojennus,1
Huostaanottojärjestelmää,1
Vastikkeestaan,1
Virheenomaisesti,1
Terveysmalli,1
Aliravitsemuksensa,1
Kultistiäiti,1
Lisäkohua,1
Liikenteenväylän,1
Viisiportainen,1
Arrondisementit,1
Communit,1
Uudelleennimettäisiin,1
Huojennussääntöjen,1
Luovutusvoittoverotuksen,1
Perintöverotetuilta,1
Omaisuuseriltä,1
Arvokortteerit,1
Soteporukkaa,1
Departementtiin,1
Arrondissementteihin,1
Liberaalisiipineen,1
Tieteissanat,1
Puoliautomaattirynnäkkökivääri,1
Nakupekka,1
Lahjoitustavaraksi,1
Juolahtavaan,1
Soteporukka,1
Kehitysjohtajiksi,1
Kestävyyspommi,1
Sotetehtävien,1
Albanialaisuuteen,1
Feikkivegaanit,1
Isoisoäitiäni,1
Huoletimiselle,1
Koekerrat,1
Keskiarvoistamisella,1
Valittamispäätöksen,1
Sensaationalistisempi,1
Veganistinen,1
Vegaaniruokavalionkin,1
Juustoriippuvuuspelko,1
Väistöaskelta,1
Kännirähina,1
Piileneen,1
Pakolaisleirityyppiset,1
Erikoilääkäriksi,1
Ykköshaaveesta,1
Demystifioituvan,1
Ruhostasi,1
Tamperelaisautoilijan,1
Täälläoloaikana,1
Tuoleilleen,1
Traffickingin,1
Other_countries,1
Bakteereillakin,1
Alisuoriutuijille,1
Kirurgiselta,1
Dgmux9hx0aaofop,1
Evanston,1
Potkimesta,1
Kaljotteluksihan,1
Bussipysäkilla,1
Kävelkääs,1
Kävelivätkö,1
Hihnakaan,1
Åc,1
Tasanteenkatu,1
1sjbi6akabo7cbbdaqofnadg,1
Shikaaneita,1
Elinkyvyttömiä,1
Eurovaalisivu,1
Tiedottomissa,1
Materiaalimäärältä,1
Hurjasteluongelmaa,1
Maailmanpelastusfetissistä,1
Aanestakommaria,1
Libetin,1
Libet_experiment,1
Iq4nwttmcgs,1
Suolukka,1
Toastilla,1
Scramblella,1
Cappuccinolla,1
Invalidoivan,1
Myyjäliikkellä,1
Suotuisesta,1
Muksasti,1
Horoilua,1
Irtarikamaa,1
Sisätautilääkärin,1
Infektiolääkäriä,1
Infektiolääkäreistä,1
Seksimmäältä,1
Oxalaateista,1
Lektineistä,1
Tuomitsinko,1
Paheksuinko,1
Haaruksensa,1
Limasäästöpankki,1
Kolkatasta,1
Megakaupunkien,1
Naduun,1
Pradeshiin,1
Sikkimiin,1
Palkkiomekanismin,1
Komplementaarisuuden,1
Maksuvessoista,1
_9mghjvnk7dcyhnj,1
Iwar21tfx,1
_kaebwd4rlpzi,1
Sv_9mghjvnk7dcyhnj,1
Iwar21tfx_kaebwd4rlpzi,1
Itäriimut,1
Vkhod,1
Kiertoilmaisten,1
Intellektuellismin,1
Hätäjarruata,1
Solidaarisuusverolotto,1
Korkoilmiö,1
Karakorammin,1
5qul5hfpudf21,1
Selvitettiinkin,1
Ihmispersläven,1
Pullervoko,1
Ammuuuu,1
Adrenaliininarkkarimielessä,1
Ongelmalähioistä,1
Vaiheluita,1
Hinkleyn,1
Yywyvovlvmq,1
Dekarbonisaatioon,1
Kiintokuutioina,1
Parantuminenkin,1
Vientivalttinsa,1
Autoilijoinan,1
Ilmadieetillä,1
Karmiinipunkeista,1
Lumihiutaleistuminenkin,1
Jeesmänejä,1
Tyhjännaureskelijoita,1
Thatsamazingia,1
Vimpaimil,1
Pmtgzfu,1
Raakimus,1
Eskaloiduitte,1
Maakuntabyrokratiaan,1
Kummelitentti,1
Taskukirjanakin,1
Hindunationalismikin,1
Ennaltä,1
Alienikieltä,1
Kattoselitystä,1
Kulutustottumukselle,1
Halpatyämaiden,1
Parkkeeraavissakin,1
Lemaymays,1
Ahahaahahaha,1
Postmedj00315,1
Betonipötkäleet,1
Oppirahoilla,1
Toimistoniilolla,1
Excelkäppyröitä,1
Curryhenkilöiden,1
Thaicurry,1
Livekamera,1
Kultsipuppelikaan,1
Punamultakansanrintama,1
Ladatahan,1
Ammattiveijari,1
Vhod,1
Maisterimielipide,1
Regressiokaaviolla,1
Maskuntabyrokratilalla,1
Maskuntajakoa,1
Repäistyään,1
Jonkunasteiselta,1
Takakulmilta,1
Viewstä,1
Kuntapomo,1
Pienivaivainen,1
Liikkumiskonsepti,1
Kaapatakaan,1
Rattopojilla,1
Peräkipua,1
Maku1,1
Minimaakuntia,1
Kohteliaaksikin,1
Vuorimaisemat,1
Huonekaluryhmästä,1
Miehekkeeltä,1
Uskontoki,1
Jainit,1
Kasvisestrogeenit,1
Kannullisessa,1
Sitääääää,1
Eestinkin,1
Akkuvarauksen,1
Signaalittomat,1
Suunnittetelu,1
Oo9buo9mtos,1
Terroristimiehet,1
Kysyttekö,1
Deoksyribonukleiinihappo,1
Ribsytimeellinen,1
Hrh,1
Rnsö,1
Epäyhteneväisyyden,1
Yksilövessa,1
Ailurofobista,1
Kissafobia,1
Ailurofobia,1
Wl9yaxz,1
Nyhavenin,1
Transliteroima,1
Aktiivilauseessa,1
Ilmaistaessa,1
Ärsyttävyyskin,1
Rsghui,1
Intuiivisempi,1
Paitulissa,1
Paitamallinen,1
Ravintolaslangissa,1
Nollakommenttibannia,1
Onnenonkijademografiaa,1
Translitteroinnit,1
Mensossa,1
Uksontoa,1
Lausumisiin,1
Хрущёв,1
Hrušoff,1
Suomalaisäitiä,1
Sisätautisia,1
Tiekarhullahan,1
Alaterä,1
Akseliseen,1
Ennääakkoluulojen,1
Kiintiöjäsen,1
Nollasubstanssin,1
Pseudotieteelliksi,1
Waslower,1
Bevier,1
Bobko,1
Terroristiepäillyltä,1
Pelastusretkikuntaa,1
Yhteisöäkään,1
Uusiampia,1
Littyymään,1
Erikostumassa,1
Lauppias,1
Sydänkohtauksenhan,1
Viivdyttävintä,1
Ruuhkabussilentoja,1
Maalinedustapelistä,1
Kalastellakkin,1
Kiinnipitämisiä,1
Vasuripiirit,1
Sukupolvivelkaa,1
Spotifyilla,1
Tähtiäsi,1
Venäläiselä,1
Viheltämättömissä,1
Häviämine,1
2019wm,1
Ritisee,1
Myllytyskin,1
Ylämummu,1
Skyscannerista,1
Päälentokentille,1
Dumareista,1
Töllöntöitä,1
Tulisis,1
Haronu,1
Kansanperinnehistoria,1
Esimerkkiammatteja,1
Txh1skkcyb8,1
Maailmanhaalajat,1
Tykistöö,1
Tööpel,1
Hihhiihii,1
Aittoperältä,1
Autiorantaan,1
Makola,1
Aarrearkkujen,1
Seisovavetinen,1
Heijastumissa,1
Uudelleenkäytetty,1
Endurokentäksi,1
Jätealueen,1
Kummitelluin,1
Kesäasuttuja,1
Asumattomissakin,1
Kaupantynkä,1
Haamujengiläiset,1
Huumoririkkaiden,1
Taskulamppuramppaajiin,1
Mylväisyistä,1
Hornankuiluissa,1
Aionien,1
Aikaansaamiksi,1
Pääkaivoskuilun,1
Teräsbetonitulppa,1
Metalliverkkoaidalla,1
Rautayhdisteiden,1
Herkkävaistoiset,1
Päätuomareista,1
Antisuosikkini,1
Reseptinkirjoitusoikeudellaan,1
Sananvuoroa,1
Pudistivat,1
Kalifaattiseikkailulle,1
Iienpux,1
2018_2019_19740_net,1
Nettotuonnin,1
Vesivoimatilanteesta,1
Lauhdutustuotantoa,1
Turvelauhdevoimalla,1
Päästötrendeihin,1
Lauhdevoiman,1
Hätiköidään,1
Terveyskeskustyöskentelystä,1
Edunvalvontajärjestöltä,1
Virtsatieinfektioiden,1
Lääkkeenmääräysoikeuden,1
Toimipaikkakohtainen,1
Paperinpyörittäjälääkäri,1
Sijoitusrahastolaki,1
Norputin,1
Marketplats,1
Konsensuspuolueista,1
Salaliittoasenteella,1
Päätäksenteosta,1
Pöhisijäks,1
Kiekkojumalat,1
Kaleviin,1
Hättee,1
Kulttuuriomineeni,1
Vierahan,1
Sonnanluojat,1
Kuulemati,1
Aistiharhakin,1
Aistiharhahan,1
Pelehditään,1
Kosolaan,1
B9c3,1
A8e4,1
706accc967b3,1
F5y5809,1
Granut,1
Vegaalimädättäjälapsentappaja,1
Syämisen,1
Tuplakanakorin,1
Kläderna,1
Bs8271,1
Kan_vi_invadera_finland_på_grund_av_ishockey,1
Puolustusmaisia,1
Kommentointityyliä,1
Avaustason,1
Ukkosennussima,1
Kivenväännöstä,1
Vaataaviin,1
Kokatessasi,1
Vaihtosesti,1
Aikavoitto,1
Advisoriin,1
Urheiluhengessä,1
Riisuutuisi,1
Suomalaisbaareissa,1
Kärsimyksineen,1
Laskeuduttuasi,1
Lähtöselvityket,1
Ruåttalaisetki,1
Syönehen,1
Tukipuheluja,1
Hostelworldin,1
Kuppikoiria,1
Rotuspeksejä,1
Siitoskoira,1
Tyttäriin,1
Mopsifanaatikko,1
Lättäkuonojakkaroista,1
Saunanraikkaaseen,1
Hactr,1
Cabkebny,1
Matkatavaravahingot,1
Akuh9gz,1
Ylilaiduntavat,1
Komboillut,1
