Verkkohintoja,1
Käyttäjäilmoituksien,1
Stealthaamiseksi,1
Järjestysvastuun,1
Julkaisupaikkaa,1
Heikäläisenä,1
Subutexmaa,1
Qxir,1
Interviisuihin,1
Kahvetin,1
Kolmiorima,1
Nokkaanki,1
Limakalvojas,1
Kofeiiniriippuvuudella,1
Yarnhub,1
Ykkösturnaus,1
Maajoukkueille,1
Wokeisuus,1
Pepunheilutus,1
Aavikkokojootin,1
Pärinäbiliteetti,1
Suomalaisnatsien,1
Venäjänsaamelaisilla,1
Vähemmistöaktivistin,1
Lähdenkään,1
Peräröörimeiningillä,1
Nenukka,1
Sarjatulinopeudella,1
Kalkoen,1
Kalikutin,1
Kozhikode,1
Kolkatan,1
_vink,1
_grifter_,1
Perseenheilutus,1
Kommunismivaltiot,1
Stealthaamisesta,1
133mg,1
Brassisadosta,1
Rasvapatteja,1
Kouliintunutta,1
Ikäluokkan,1
Kaukopartioluutnatti,1
Näyttöteline,1
Kangaspalalle,1
Salakaatoihin,1
Kaatomäärät,1
Kotikiljulla,1
Quaranan,1
Rauhanpiippuani,1
Mitallisilla,1
Vähemmån,1
Mieliaihe,1
Räjähtäneillä,1
Vessataukojaan,1
Pihakello,1
Päällystettyjäkin,1
Mokkamasterissasi,1
Halpismasiinassakin,1
Standardikuppia,1
Runkkuhanska,1
Cbx9qjdpbxi,1
Prisohooch,1
Uittamisessa,1
Puunkuoressa,1
Mavut,1
Instaprofiilista,1
Ryöstöporukan,1
Channeliä,1
Oookkkooo,1
Nukketaitelijalla,1
Viritäs,1
Matematiikkavihkos,1
Streakkiä,1
Myrkkysalaatti,1
Doomskrollata,1
Mäleksin,1
Häränpallimehua,1
Puhelinkeskusesta,1
Kuullin,1
Maukkasta,1
Elitistikahvimerkitkin,1
Ripulimokkia,1
Suklaapatukkatarjoukset,1
Täysautomaatista,1
Terroristijäjestöille,1
Asukasmääräeroa,1
Kevätkiimoissaan,1
Elitistikahveja,1
Jumalamokkaa,1
Perusvartijalla,1
Reikäkone,1
Vessanpaperille,1
Maastopyöräilijöihin,1
Laumanjohtajiin,1
Koiraparathan,1
Kaupunkisusiakin,1
Botinestot,1
Lintissä,1
Siviilikivääri,1
Väkijoukkouhin,1
Kohdístu,1
Erityisoperaatiouhkaa,1
Böräjää,1
Makkarakeittokaan,1
Jotrm,1
Kyytapletti,1
Pikkuelukat,1
Toheäsilmäinen,1
Kofeiiniliioittelun,1
Kuppimittaa,1
Äänisisällöille,1
Kofeiininapit,1
Tällaisinen,1
Muistamaa,1
Joenylitystaistelu,1
Vannoutuneimmille,1
Sanonpahasti,1
Liippaamassa,1
Artisancafe,1
Fincas,1
Kusillo,1
Reiään,1
Hetetomiestä,1
Suattop,1
Kasvistikku,1
Homotransujen,1
Johtajuusongelmien,1
Käsini,1
Jokapäivisesti,1
Kahvijuova,1
Kahdenlaisille,1
Asiakasystävällisintä,1
Noutupisteelle,1
Äänisisältöjen,1
Feikkineutraalius,1
Typottamasta,1
Tökerömmässä,1
Raipparuotsista,1
Pakkopohjanmaanruotsi,1
Mytchi,1
Bätter,1
Vapautusjoukot,1
Kestävyyskuntoilu,1
Safranaalia,1
Rohtosarviapilaa,1
Matkapuhelinvalmistajaksi,1
Valtavirtaistuneessa,1
Technokulttuurissa,1
Hevimusiikkinen,1
Henkilöiytyi,1
Identiteettikulttuurissa,1
Untraversable,1
Vridges,1
Plabes,1
Txynfao3tau,1
Papujauhin,1
Grunwerg,1
Teraksinen,1
Termospressopannu,1
Sekottelua,1
Us_stormwatch,1
Irkutskiin,1
Hormonilisälle,1
Läpipaistavan,1
Feikkineutraalisuudesta,1
Kahjoimmillekin,1
Keikkamuusikosta,1
Tuotantotiimiin,1
Kitarateknikot,1
Äänentoistojärjestelmiin,1
Kosteudentunnistus,1
Käsivoiteeksi,1
Mainossopimusten,1
Geenivaihtuvuuden,1
Kuoölessa,1
Monimuotoisuudelta,1
Levittäytyjät,1
Hendrixikin,1
Basistiks,1
Alakieltä,1
Kadeks,1
Natsipoliisiit,1
Lähipiirinkään,1
Fhdcslfckfu,1
Energuajuomia,1
Materliaalihintojen,1
Harmillasta,1
Törkyisämpi,1
Lämpökirjoitin,1
Kuittipaperissa,1
Elitistikahvia,1
Syvempäänkin,1
Zoégas,1
Mollbergs,1
Blandning,1
Nuuskittua,1
Kirjoitusfiltteröintimahdollisuus,1
Hintakehitysgraafi,1
Whims,1
Psychos,1
Jenkkifutisfanina,1
Pakkoruotsintunneilla,1
Otsikkoaineisto,1
Verorahotteiselta,1
Aikeisessa,1
Somejaot,1
Autisminkirjolaiset,1
Endokoulussa,1
Testosteronihoitoihin,1
Testohoitoon,1
Testohoidolla,1
Gea6kti,1
Puolelehdestä,1
Susivihellystä,1
Endeltävä,1
Partistyrelses,1
Socialdemokraternas,1
Poats,1
Korporaatiotuotos,1
Hybridiautomainokseen,1
Tribuutissa,1
Ukraianlaisten,1
Retusoineet,1
Jalkoväkeä,1
Inaakin,1
Kuningasjuoma,1
Luuppaillessa,1
Tutkituttamatta,1
Arpee,1
Alkokii,1
Näyttöpäätteeltään,1
Upsellinkiä,1
Fiiliksethän,1
Laskureissua,1
Intersektionatsistilisti,1
Seksinukkensa,1
Petikaverin,1
Lempannut,1
Kumikumppanin,1
Kumirakastajatar,1
Patologistasoisesti,1
Klikkimedioiksi,1
Vievssejä,1
Peruskarjalan,1
Tölsiä,1
Tapetoinu,1
Siiderilinjalla,1
Kotiviininä,1
Sääsyisi,1
Politisointisyytöksiltä,1
Autististit,1
Kannatinkumi,1
32mm23mm,1
Pöhinäpilleriä,1
Vaimonmurhaahja,1
Uq1w52,1
_forssassa,1
Grilliherkkua,1
Seksuallirikoksista,1
Päänpaijauskerho,1
Seksuaalirikollisuuskeisseissä,1
Parantumattomilta,1
Himoraiskaajaa,1
Trendihienouspöhinää,1
Huumekeisseistä,1
Oikeudenhoito,1
Mannekiinilta,1
Tarinallahan,1
Kiellå,1
Mannekiinillä,1
Dopamiinivajareista,1
Pullonpalautusjuttu,1
Rajatilapersoonallisuushäiriö,1
Salillexd,1
Kooura,1
Pentusudet,1
Diagnostiikkatuotteiden,1
Perehdytysluontoista,1
Aneuploidiat,1
_yrittänyt_,1
Uskottavammasta,1
Alentavampaan,1
Vähättelevämpään,1
Tarinall,1
Kuittiohje,1
Höpöhöpöargumentti,1
Kofeeiinin,1
Tannin,1
Thiamin,1
Spermidine,1
Guaiacol,1
Chlorogenic,1
Acetaldehyde,1
Spermine,1
Putrescine,1
Scopoletin,1
Neopreemitassu,1
Mökäjuhlia,1
Laumanjohtajat,1
Irtautumattomien,1
Sairaaloistakin,1
Hyökyaallossa,1
Prattled,1
Rethought,1
Rhapsodizing,1
Pusuin,1
Poppaaminen,1
Lähisuhderaiskaamisessa,1
Syyttömyydenolettamaa,1
Äänieristysmattoa,1
Masentuneethan,1
Uusnatsipersujen,1
Paymoneywubbyn,1
Juutuubikanavalta,1
Etrryqatljw,1
Tietokoneiltaan,1
Keskusteluympäristöt,1
Salaseuroilta,1
Todestetaan,1
Suostumuslomakkeesta,1
Pirteisiin,1
Metakoita,1
Selviäisivätkin,1
Vastustusmetakkaa,1
Äläköintiä,1
Garsseiden,1
Natsismusrasmusvarisverikostopersujen,1
Huutaneiden,1
Koulutusvajeesta,1
Turhaansuttahuutaneet,1
Aaatteidensa,1
Ääntäsä,1
Psykoaktiiviselle,1
Kofeiiniaddikteille,1
Ainettanne,1
Inahduksen,1
198mg,1
Erityispedassa,1
Neuropoikkeavan,1
Levähdyspaikkaseksin,1
Dildojenjemmaamis,1
Tehtailevilla,1
Måneskinissa,1
Pienopimputus,1
Lihanroippeet,1
Viljelymaalla,1
Suhdaututtu,1
Hoknnut,1
Hulttiona,1
Klikkihuorailun,1
Feministiaktivistien,1
Perusmausta,1
Kahvikarkit,1
Bbn4et8qxbm,1
Tatskaansa,1
Paljastikohan,1
Hwlpolla,1
Kopprinen,1
Ilmari_koppinen,1
Mytomanian,1
Vapaaksipäästämisellä,1
Säästöhallituksen,1
Riskenhallintaa,1
Kaakaorasvan,1
Sheaan,1
Rasvapisarat,1
Lapsikaappaustapaus,1
Isokokeisempi,1
Shearasva,1
_aired,1
_claimed,1
_destroyed,1
Russian_tv_aired_this_claimed_they_destroyed,1
Taidelajeja,1
Impressionaatiot,1
Shearasvasta,1
Palmurasvalla,1
Makumaailmoissa,1
Karsupussi,1
Serka,1
Verduchka,1
Tämänvuotisestakin,1
Johnille,1
Rz0hqx,1
_92zi,1
Subila,1
Buffalolanka,1
Rattijuopomuksista,1
Sadistisuudessa,1
Peloitetehoa,1
Eppuluokkalaisista,1
Ärsytäkään,1
Kauppalaivastolle,1
Arisaka,1
Armyijassa,1
Esiintymishaluisia,1
Jateastia,1
Helesi,1
Ilmpulssinkontrolli,1
Psykopaateillehan,1
Polkasutki,1
Nidoin,1
Kumipohjaisen,1
Weatherstripit,1
Prefidentti,1
Gauli,1
Niiniftö,1
Satunnaiskokeillessani,1
Sflatrata,1
Kamerankäyttöä,1
Äänitystekniikkaa,1
Näytelmätaiteessa,1
Minimituomioon,1
Ostosreissuun,1
Viisaampiakaan,1
Tykkäfin,1
Jeef,1
Ģìfû,1
Hyypiöillä,1
Puheenpitoharjoituksia,1
Puheidenpitoa,1
Koronaromahduksesta,1
Täytelakupötkön,1
Täytekarkkipötkön,1
Toipumisprosessin,1
Vähätellyistä,1
Keräyspaperilootan,1
Perunalajikkeiden,1
Linnanton,1
Elonteiden,1
Ajanhahmotuksen,1
Napinpainamisfetissi,1
Piisamiin,1
Mullkkuja,1
Rapsiöljyihin,1
Auringonkukkalesitiinin,1
Rapsilesitiiniin,1
Harjoittelukertaa,1
Eppuluokkalainen,1
Sammakkomeiningiltä,1
Šokkivärein,1
Vastaajistakin,1
Historianlukemisen,1
Teatteriopetus,1
Levolliset,1
Ruokkimaa,1
Ennätysnopeutta,1
Kielityylistä,1
Ukkoutta,1
Um0lae,1
What_nonalignment_does_to_a_mf,1
Cvonrmsufpw,1
Bottiavusteista,1
Siedettvänä,1
Tšetšeeniassa,1
V0l2zsw,1
Menneusyyden,1
Enmätiä,1
Pastillilta,1
Miesvalmentajien,1
Kaislikolta,1
Profetisoin,1
Jälleenrakennusrahoista,1
Loppuosakin,1
Vastuajat,1
Uhrikentän,1
Lackeys,1
Sarjaraiskaajapedarille,1
Hihihiihihihi,1
Voimalaitostekniikka,1
Puukkosotiin,1
Burundin,1
Perustuslakikriisi,1
Yhdistymissota,1
Afarin,1
Batkenin,1
Kargilin,1
Itsenäistymiskriisi,1
Malukun,1
Liittoutunutkaan,1
Hirvenpään,1
Piikkeus,1
Teatteripuolen,1
Roollipelaamaan,1
Istunossa,1
Kuvateide,1
Urheilupäivätkin,1
Elokuvatunnit,1
Kuminukkejen,1
Kopinanestomaton,1
Lattiarakenteesta,1
Kirjaimell2,1
Avantosketsi,1
Tarjoiluvalmis,1
Valmisvoileivän,1
Studiotyöskentelyssäkään,1
Liksejä,1
Opetusommat,1
Kitaraoppilaat,1
Raivoraitistuin,1
Rivimuusikon,1
Fnzpy0f6nofshsyo8qnang,1
Vastakirjoittaneiden,1
Siannahkasta,1
Naudannahkasta,1
Suolistomehua,1
Liivatelehti,1
Hyytelöintiin,1
Liivatejauheesta,1
Agartuotteet,1
Liivatetuotteet,1
Z7ljl0v8pta,1
Musateknisistä,1
Kitarakamansa,1
Epäitsevarmalle,1
Muusikkokaveri,1
Juilaista,1
Kysyttäjä,1
Pelimusiikkien,1
Arkunveistokurssille,1
Ammattimiehiin,1
Pelimuzakkeja,1
Säveltelmään,1
Jinglejä,1
Hyvinvointisuomes,1
Kitarantunteja,1
Ġifu,1
Nakkinmuusi,1
Mediapaskaa,1
A2a3db47,1
96c9,1
84c0dde7e7d3,1
Varjovaltion,1
Pehmissisuja,1
Chilisisut,1
Minilakut,1
Perussisuja,1
Viistoistasenttisiä,1
Puolustusorganisaationa,1
Sotabisnekselle,1
Demoralisoinnilla,1
Mätinauhoista,1
Tieddätte,1
Yhteisenhaun,1
Vuosimääräisistä,1
Syyntakeellisten,1
Koskakoha,1
Mainialan,1
Sakkautetaan,1
Uutepakkauksesta,1
Hiivakannasta,1
Herätelläksesi,1
Panimokaupasta,1
Startterissa,1
Startteri,1
Mahtaanoha,1
Alehiiva,1
Pohjemmaksi,1
Uutepakkauksissa,1
Virhemakujen,1
Patalijoonassa,1
Solkenaa,1
Koeaikataulu,1
Vinoillan,1
Epäreiskalla,1
Oqnzracnpbu,1
Akenttia,1
Plutolaistakin,1
Kärkkäisesti,1
Artikkeliko,1
Hypothenticals,1
Subjucate,1
Minimzing,1
Yliopustossa,1
Hyväksikatsotaan,1
Kompsensaatiomekanismit,1
Radikaalisi,1
Hausks,1
Sääluttävä,1
Venäläiskaverikaan,1
Vaatetussuunnittelija,1
Käytösterapiassa,1
Sukkulajuoksua,1
Liikkuvuustesti,1
Awdcomi,1
Hittookaan,1
Pörssiromahdukseksi,1
Marmeladiageeliä,1
Runkkutauon,1
6914cd7e,1
B572,1
4da2346a3d0d,1
Autokulkueeseen,1
Siskopuolesi,1
Stupiddia,1
Pikaratkasuja,1
Sellaisenaanhan,1
Erikoisvaatimukset,1
Lakiinkirjoitetut,1
Hyvesignalointioikeus,1
Tupruavat,1
Päästökrediittikaupalla,1
Hassunhauskuuteen,1
Twitterhörhöstä,1
Ysärimedianostalgiaa,1
Koulutupolitiikassa,1
Paljousalennusaritmetiikka,1
Rotusotansa,1
Ohdon,1
Ohtoksi,1
Teatteriharrastaja,1
Pakkoesiintymisistä,1
Tinderdeittinsä,1
Päästökrediittien,1
Päästökrediiteistä,1
Gifuissa,1
Taustavalliin,1
Pesuiden,1
Muuntorankaisu,1
Huyyyrrrggghh,1
Stokastisessa,1
Uutisläheet,1
Tseljabinkiin,1
Rakennustyylikin,1
Iltapäivälööppien,1
Aluevaihdosta,1
Pohjaventtiilillä,1
Puhelinpylväitä,1
Kuljetusaikaa,1
Telkkukanavaa,1
Tukinuittoon,1
Uittopollareita,1
Pevl_20,1
Sääntelytapa,1
Sääntelyratkaisuista,1
Makeisveronkin,1
Lahjusmatkoja,1
Neulekerhoaan,1
Työpaikkaväkivallasta,1
Tulostusmusteet,1
Valtuustopuolueiden,1
Remuksen,1
Ragnarökissä,1
Ruplatrolleille,1
Naturalistisia,1
7x108,1
Äärimmäisimmissä,1
Milipidettä,1
Liikunnankurssi,1
Rytisemällä,1
Muumiyle,1
Metsästyskiväärikin,1
Katosonut,1
Pudotuspaikoilta,1
Iatfgel,1
Tukkilautaksi,1
Äänimieheksi,1
Musakuormat,1
Hyödyntämiseltä,1
Motivointikeinojen,1
Lahjusreissut,1
Merenkulkuala,1
Vahtoivat,1
Pikakäsittelyitä,1
Uqnotq,1
From_a_swede_thank_you_finland,1
I8sdp67,1
Itsesensuurikaan,1
Parjaani,1
Koekani,1
Natobingokuponki,1
Vampulalaisen,1
Löytymispaikkaan,1
Kuvittanu,1
Saksamielisiäkin,1
Laumaeläimien,1
Lypsämiset,1
Muistaaksenihan,1
Suostumustapausta,1
Suostumuskeissin,1
Fsxejyvwuaecuwz,1
Ylikunnianhimoisiksi,1
Saramoiden,1
Päävientiä,1
Muuutenhan,1
Sekoittaneensa,1
Rivikansalaistensa,1
Sergeilä,1
Saarivaltiokseen,1
Lautahenkilöiden,1
Tuomioittain,1
Approveta,1
Kukukorvaustenkin,1
Kssvaa,1
Vervellä,1
Huuhtoutumalla,1
Esihistoriallisesti,1
02mm,1
Ankaroituneet,1
Mietintöään,1
Asianajotavalla,1
Linkkausvaiheessa,1
Lukisitkin,1
Toipumisprosessiaan,1
Paloittelisin,1
Diagosoitavaksi,1
Yksinänen,1
Reunasytytteinen,1
Vedätysyrityksiä,1
Asuntoilmotuksen,1
Kannanmuodostukseni,1
Lettereissähän,1
Grafovka,1
Titovka,1
Oppositiojulkaisu,1
Ttn2z,1
Doomscroll,1
Ovsyannikova,1
Toadmit,1
Hards,1
Sekopäisyydessä,1
Pallopelijuttuja,1
Kanssatoverit,1
Ripulilankoihin,1
Aluevaihtoja,1
Totuustieto,1
Kuminuket,1
Häsyäjä,1
Tuulinlasin,1
Tasottumaan,1
Nettikirjoittelualustalla,1
Sobjaninin,1
Avtovazista,1
Mitshubishin,1
Toljattissa,1
Terrorisoituaan,1
Häiriköityään,1
Opiskelurauhaamme,1
Luokkaryhmään,1
Tweakausta,1
Dalekkeja,1
Liskoihmisväitteeseen,1
Harhaluuloonsa,1
Disinformaatiopuskemisen,1
Omakotiunelmaa,1
Tappelemattomuudesta,1
Vankkuutta,1
20species,1
Planktoneliöissä,1
Merijäähän,1
Absordoituu,1
20reflected,1
20earth,1
20reflectance,1
A77647,1
Kulmakivilajit,1
Ravinnekiertoon,1
Seesaw,1
A74427,1
20methane,1
20urgently,1
Ilmastopommit,1
20atmosphere,1
20cows,1
Saunamaiset,1
Mereneliöistä,1
Virkatuomarikin,1
Aisanomistajan,1
Kerrostalounelmakin,1
Haavoittuvanen,1
Suostumuskeissistä,1
784b8c72370e532b975efead0bee5e18,1
Lakimieskunnan,1
Oikeustieteilijöistä,1
Iloisemmille,1
Tärkeätki,1
Perjantaipitsan,1
Salmiakkisi,1
Kuukausikustannukseltaan,1
Natook,1
Leventyvän,1
28vk,1
Suomellekki,1
Yangovaunun,1
Seksimannekiinin,1
Nanobottitarinoihin,1
Pyykinpesuakaan,1
Palautuvankaan,1
Syntymäjärjestyksellä,1
Virkatuomarit,1
Hörhöillekin,1
Mittareferenssinä,1
Datshalle,1
Pärjäilkäähän,1
Viherpunavärisokeus,1
Oannää,1
Newsmaxiä,1
Kontrarianistista,1
Foliohattumeinkiin,1
Kompensaatiopalvelu,1
Huutomonologin,1
Historiafaktoja,1
Langassaa,1
Chnyzy3xeaad55r,1
Kärsivälliseltä,1
Turskis,1
Kaarahan,1
Sadesuojus,1
Lainsäädöntähankkeen,1
Tuomarian,1
Vallankaappausuutisia,1
Presidenttipeliäkin,1
Toketube,1
Plörönästa,1
Macrosta,1
Etätyöhönkin,1
Naapurifillarista,1
Vasemmistoliitoltakin,1
Sale_to_bayer,1
Väärinmuodostuneita,1
Liittoutumisprosessin,1
Konaisuutena,1
Formaatikseen,1
Löytymäänkin,1
Zetorilta,1
Giifti,1
Iw69yymj3ic,1
Voimapolittiikka,1
Oppsitiota,1
Kaikenkaikkiaanhan,1
Multaiseksi,1
Maitsee,1
Ammattatituomaria,1
Tuomarienkaan,1
Russofilien,1
Detr,1
Potjomkinin,1
Sporttivartti,1
Meikkipeiliä,1
Pukkaamisesta,1
Höperöharjun,1
Energiabisnekseen,1
Pohukainen,1
L_hpvp1a1vtsmazxq59bmq,1
Laiteturvalla,1
Takuutarrassa,1
Energiakestävä,1
Ilmastoteknologialla,1
Qanda_21_3661,1
Viherpesukompensaatiot,1
Kaatopaikkapuolueena,1
Tuunaja,1
Peilinlasin,1
Öljybisneksen,1
Öljybisnesten,1
Hutilyöntien,1
Huolimattomuudestani,1
Ajattelemattomuudestani,1
Taivaanrannanmaalarilla,1
Ryhmäpohjaisen,1
Järjenvastaisiakin,1
Ucanfhbihsuqcubpvhx,1
Rwyw,1
Propagandanarratiivin,1
Täysivaltaisemman,1
Kertakortteja,1
Leimaamattomalla,1
Eleekkiä,1
Matkalipuntarkastaja,1
Huumoriveikkojen,1
Sotabloggaajiin,1
Podoljaka,1
Donetsjoelle,1
Vaurioittivat,1
The1950,1
Siististikin,1
Planktoneita,1
Ihmeluotina,1
Jälkilähetys,1
Tuod,1
Ihmepelejä,1
Ajatusketjuaan,1
Ydinaseuhkat,1
123kpl,1
Epäolennaisimpaan,1
Servataksesi,1
Dinolitkuilla,1
Orkestrointitaso,1
Ilmaisutyylini,1
Lasinpesuaine,1
Timanttitassuihin,1
Timanttitahnaa,1
Sähköcrossien,1
Nielaisemalla,1
Paskannettuna,1
Cargopedia,1
Tuomastistakin,1
Tarkennetä,1
Kärjätuomarista,1
Anomainen,1
Hutkivan,1
Käräjämaallikkotuomari,1
I8penqx,1
Metaanikuutioissakin,1
Sivupeilini,1
Liittymishalua,1
Lautamuunsukupuoliset,1
Laudoittaja,1
Laudallistaja,1
Lautaimmeinen,1
Kaksneliepeli,1
Vanerikaveri,1
Intressikonfliktien,1
Todennäisyyyden,1
_venäjällä_,1
Spyko,1
Tyydyttyvä,1
Taskupeili,1
Ptk_56,1
Hännystellessään,1
Moraalipastori,1
Esitteessäkin,1
Ryöstelemäänkin,1
Älyratit,1
Sevcik,1
88x_rohac_dss0202,1
Crosslinkkaaminen,1
Teeven,1
Normlandia,1
Vakuutustarkastajalle,1
Käyttämättömätkään,1
Teloitusajatelmaasi,1
Syyttömästkin,1
Miljardittain,1
Koarekve,1
Krat,1
Barmau,1
Työvahti,1
Päivävaloon,1
Murresanastoon,1
Pilkottaamaan,1
Häpeätön,1
Virhkamiehistö,1
Jälkimmmäisten,1
Salaliittoyhteisöjen,1
Milkshkeikki,1
Pietarintrolleja,1
Vaxxxeria,1
Ryhmittäytyikin,1
Kumialan,1
Isobutyylikumi,1
Isobutyyli,1
Neopree,1
Hiilimustaa,1
Isolaattoreita,1
Avproductsinc,1
Toitotukselta,1
Fransmannithan,1
Pitsapaikasta,1
Muovilutosen,1
Turskiksella,1
Yhteisöstandardiin,1
Alisteisuutta,1
Ändörständ,1
Varjelluimmista,1
Pequeño,1
Malenkij,1
86f67abacbdc3247af01c94fe2d5de30,1
Näytästää,1
Offikial,1
Naational,1
Suostumattomuusolettamassa,1
Reurssipula,1
Rikosoikeudenkäyntien,1
Ammittinsa,1
Matlockeja,1
Ongelmasyyttömyysolettaman,1
Tunariin,1
Disinformaatiopsykooseissa,1
Julksiuutta,1
Taistelumetsoja,1
Ylhäis,1
Kätyristö,1
Paskatilit,1
Nuorisokriminaalien,1
Sunnyjä,1
Uittosanaston,1
Poola,1
Tikstaali,1
Tukkilauttaa,1
Vaginaattorit,1
Patongistit,1
Iskutilavuudeltaan,1
Uuvuttamassa,1
Japanintuontiautoja,1
Matushkaan,1
Ilöan,1
Virallistuneet,1
Pivoliw6qmja3o56xi,1
Rdddittiä,1
Ettästä,1
Kouluttajaltani,1
Sleitä,1
Anelleen,1
Kielisääntöjä,1
Romulavasta,1
Syntyajan,1
Arveleppa,1
Hörhöosuus,1
5ifu,1
Trolliakkounttien,1
Karmaton,1
Kostuttavia,1
Ihmisoikeuslääviin,1
Vaaratilanneselvityksen,1
Kypysyneet,1
Yhteisöstandardi,1
Lautajäbä,1
Ndogo,1
Pienoisdroneille,1
Vetoautojahan,1
Ughi1er3okyauhejdwjjcw,1
Zoomerhuumoria,1
Gearejani,1
Lautamuija,1
Lautaäijä,1
Oppressiiviselta,1
Sortavalta,1
Aerodynaamisuuskriteerejä,1
Syntyajasta,1
Khamlan,1
Huohottajan,1
Milijoona,1
Tulevaisuustavoitteiden,1
Meuhutölkit,1
Kävelyttämisvaljaat,1
Syöpäalustojen,1
Kirjaantumista,1
Etätyömäärälläkin,1
Peittelevänsä,1
Palautuspulloihin,1
Yleisöänsä,1
Cruiserkin,1
Helevttihi,1
Aivotoiminna,1
Dozentinkin,1
Nippelipaavo,1
Interlingvistisessä,1
Kannatuslukujahan,1
5t8tyeijd3z81,1
18kj,1
Tissitilejä,1
Valistumine,1
Maximillen,1
Jacobiini,1
Valamiehiltä,1
Raiskausoikeudenkäynnin,1
Oikeusministerien,1
Asianajajakäytäntö,1
Vastuistaisin,1
Rikosuhria,1
92f357e21e5394eefb0a4e2df5acff4e,1
Roistokomistuskasvoaan,1
Hylkäämisern,1
Natojärvi,1
Tribalisoituneet,1
Idioottimaiten,1
Ilmanpuhdistuslaitteilla,1
36c62d87,1
1c02b397097e,1
Lasipurkkuun,1
Aromikahvit,1
Geenututkimuksissa,1
Salaliittokuplassaan,1
Makkaraperunasipsit,1
Säätiedottajille,1
Maaperseitä,1
Oustataan,1
Rillattaan,1
Makuualustalta,1
Ampumani,1
Malminkartanolaisena,1
Salmiakkikortsuja,1
Työchatin,1
Meemipohjaksi,1
Debati,1
Koncepton,1
Oficialajn,1
Eksistas,1
Multaj,1
Problemoj,1
Neniuj,1
Ĉar,1
Oficialan,1
Finnlando,1
Aŭ,1
Svedparolantoj,1
Svedan,1
Parolantoj,1
Daŭrigos,1
Siajn,1
Nativajn,1
Eĉ,1
Statusojn,1
Volas,1
Anglan,1
Loĵbanon,1
Lispon,1
Malfacilaĵo,1
Aliuj,1
Eble,1
Komprenos,1
Uzus,1
Oficalajn,1
Dokumentojn,1
Tioj,1
Lingovj,1
Subite,1
Estos,1
Oficalaj,1
Rigardu,1
Usonon,1
Oficalan,1
Lingvon,1
Angla,1
Kelkaj,1
Lokoj,1
Oficiala,1
Povos,1
Realan,1
Lingvoareon,1
Parafraaseissa,1
Tikkunekkukikkeli,1
Erikoistyöt,1
Ihmemiehestä,1
Tunkkaisempia,1
Ysärileffat,1
Integroimispolitiikassa,1
Populäärikulttuurille,1
Z0eflylki4a,1
Feedbakc,1
Testimetodista,1
Immunofluoresenssi,1
Konfokaalimikroskopia,1
Immunofluorescence,1
Cytoplasm,1
Sotilasjohtajiin,1
Kykenevämpänä,1
Sotilaskuntoon,1
Ammattimaisuuskin,1
Statsministeriet,1
Faelles,1
Udtalelse,1
Sikkerhedsforsikringer,1
Lakiosaavankin,1
Kasvuohuonekaasuja,1
Kompensaatioprojektit,1
Hiilidiosidin,1
Teatteriopinnot,1
Kuntotutkimuksia,1
Kalansilmälinssikuvat,1
Virtuaaliesittelyt,1
Yieldin,1
Maturiteettien,1
Stupiddiin,1
Kuljettajaopetuksesta,1
Sotilasinterventio,1
Lappuruljanssia,1
Harkkapäivän,1
Creepykebab,1
Kerhojäbä,1
Lainaehdollinen,1
Kruntsasiko,1
Xannabis,1
Hambry,1
Purkulaanilta,1
Saabbeihin,1
Aerossa,1
Koulushoppailivat,1
Mainellaan,1
Kymitrssä,1
Voimailuharjotus,1
Omakotitalorahaa,1
Etuovee,1
Rikkaimpiakaan,1
36b,1
Salamurhaajina,1
Myrkyttäjinä,1
Maanvaraisialaattoja,1
Terrence_howard,1
Aapuuva,1
Suorittavankin,1
Pitotavalla,1
Liittymisprosessista,1
Vastuttavien,1
Boomerioudessa,1
Eliittimaineella,1
Monttusilla,1
Puolukkani,1
Vainoharhassaan,1
Itsenäisyysmielisyydessään,1
Neuvostopanssareilla,1
Sannasillanpäitä,1
Pekkaericauvisia,1
Tutkintopaikalle,1
Pidm45949344585728,1
Metsästysseuratouhut,1
Nurkkakuntasta,1
Puuhanneiden,1
Allekirjoituspalvelussa,1
Bensanpolton,1
Pelinäytöissä,1
Vakuutuspalveluun,1
Varanäytön,1
Varanäytöstä,1
Takahuoneessaan,1
Varanäyttöä,1
Vakuutusrahani,1
Pyykinpesukoneilla,1
Jmcgsjn,1
Huumorikanavalle,1
Natlang,1
Natlangin,1
Mercedesten,1
Keulista,1
Tuhrustaminen,1
Sanamvapuudesta,1
Kristallikaupustelijat,1
Tiktokpaska,1
Eliittimainetta,1
Omakotitalomaisemman,1
Harrastusseurojen,1
Vaivannäödtä,1
Maratonhöpinää,1
Sähköpostiviestinnöissä,1
Turvallisuusselvittelystä,1
Jututtelee,1
Rqpa3y2sqjs,1
Kidutusmurhataan,1
Bollywoodia,1
Euroleffaa,1
Kohdistamissa,1
Normaalilippaille,1
Ipsikamat,1
Pihkatien,1
Pitsabaarille,1
Reserviläispuolella,1
Rähmälöi,1
Ammattilaisloukkaantujan,1
1f87cac8,1
De03,1
8bfb255dd29a,1
Henkilöstötutkimuksia,1
Workreform,1
Myrkyttymiseen,1
Vallakumoustyyppinen,1
Luksusresorteista,1
Emojify,1
Tukifoorumeita,1
Rauhantuhlausta,1
Rivitaloakin,1
Taksija,1
Huolettavansi,1
Taxat,1
Haiskati,1
Skämmilt,1
Saksanmielisistä,1
Tiimipelureille,1
Hätärin,1
Kyvykkäimpää,1
Täyshomeessa,1
Lukkoonlyötä,1
Lastenhoidolta,1
Juhlallisemmat,1
Aromikahveja,1
Alppivuorille,1
Kasvismesta,1
Larppitöhöilyä,1
Ilmapistooliharjoituksessa,1
Ilmapistooliammunnassa,1
Liipaisinkaareen,1
Lainast,1
Lainaasiat,1
Rsikirakenne,1
Omakotilaiffi,1
Munasillaa,1
Valehteluissa,1
Fränkkäritoimintaa,1
Omapihatie,1
Aurauspalveluhan,1
Ilmalämpöpumppujenkin,1
Tieliittymästä,1
Kokopäivötyöstä,1
3200eur,1
Kävelymaastoa,1
Lauttamatkassa,1
Paljonkoa,1
Pintakosteumittaus,1
Röyhentelevämpi,1
Warcraftiä,1
Harrastekerrat,1
Kaupalisilla,1
Omakotitalolaiffi,1
Lainamahdollisuudet,1
Viherkasvua,1
Viljemillä,1
Turskasodan,1
Kitistijöistä,1
Saabbini,1
Rahoitushommista,1
Pankkikuvioista,1
Huoltomieshommia,1
Haittanaapureista,1
Kohdelöytyy,1
Sähläämist,1
Etupihast,1
Keru,1
Pyydeltykään,1
Tsuffelle,1
Leaderkään,1
Rahataloudellisesti,1
Natovaikuttaja,1
Itler,1
Trusr,1
Garanteed,1
Rotulainsäädäntö,1
Bcrnbergin,1
_lait,1
Tarred,1
Kuunneltaisiinkin,1
Ненападении,1
Германией,1
Советским,1
Союзом,1
Jassaame,1
Mandoriini,1
Luontaissyntyistä,1
Creoliksi,1
Nulland,1
Normilaatua,1
Vaihtooppilaaksi,1
Reietetyksi,1
Kebabbbbbbbia,1
Feikkiklikkiotsikolla,1
Rivisteistä,1
Mattokauppiaatkin,1
Muotoilleen,1
Viimeistelylle,1
Reserviläisliittoja,1
Kiristystaktiikkaansa,1
Lautabisnes,1
Palkkattaisiin,1
Tuntiduunareita,1
Entisist,1
Varaosamies,1
Halpaduunareita,1
Lumemyönnytys,1
Slovakialaisella,1
Repopulate,1
Racial_policies_of_nazi_germany,1
Kulinaristisiin,1
Kisakokemusta,1
Annoskoissä,1
Kilpailuvakuutus,1
Lasipurnukat,1
Vientipakotteiden,1
Jrd0gvw,1
Kjehehehe,1
Ampumaseuroihin,1
Koejäseniä,1
Taisteluhärvelit,1
Tällöä,1
Montenegrolta,1
Henkökohtaisten,1
Salmiakkikondomeja,1
Kehoitta,1
Lypsyteatteria,1
Lisäpulinoita,1
Reservitoimintaa,1
Alepakorttelitoive,1
Henskulta,1
Desinformaatio,1
Surtr,1
Laavafregatit,1
Bunkkeritkaan,1
Iiiiisoja,1
Youtubeviisautta,1
Rjycqbs4wpe,1
Cloroformia,1
Reykjajökull,1
Kalakantoi,1
Jauhamas,1
Tykistöasemista,1
Akkajengi,1
Turvepeltoina,1
Ahdistuneitten,1
Vankieläimien,1
Camoissa,1
Kansinaismoralismia,1
Mettästysseurassa,1
Tonnikalakantoja,1
Partioveneellään,1
Hmemdfiltnw,1
Taistelulennolla,1
Vangitsijoiden,1
Vittauksiin,1
Merkkirajoituksensa,1
Puujulkisivuinen,1
Pitkäaikaiskestävyydestä,1
Bipolaariselta,1
Hyökkäämättömyyssopimuksessa,1
Esimerkkitreffit,1
Etupiirijaossa,1
Teoksessaaan,1
Festissipornoa,1
Todelliuus,1
Postaamatts,1
Licenssi,1
Scoottereitö,1
Täsmät,1
Scoottei,1
Täysremonttikuntoisina,1
0ea872b3,1
Kilpailijarekisteriin,1
Ukkoutuvalta,1
Sukunimeesi,1
Turistiraha,1
Kahdenvälisinä,1
Yli1h,1
Firmasn,1
Ylimaaraisill,1
Valtiopaivilla,1
Käänteiskopioi,1
Debubkkaus,1
Summarystä,1
Diktaattorikaverin,1
Rippening,1
Liittoutuneeksi,1
Antautuivatko,1
Etumaksuna,1
Ampumakerhoissa,1
Nationalistiöyhöjä,1
Leijonapaitainen,1
Prediktoiva,1
Falsifiers,1
Taskuvaaka,1
Ruokakauppayhteensopivuus,1
Lainalupaulset,1
Liitoutuneet,1
Yhdistamänä,1
Estäispä,1
Roskakommentit,1
Maillee,1
Nauratit,1
Lauermankin,1
Yksilöimä,1
Sotansakin,1
Kusetusjuttuihin,1
Sisäringin,1
Jüden,1
Iren,1
Lügen,1
Vihottele,1
Cooperscoborn,1
Taster,1
Cxot,1
Ilmastotoimessa,1
Tekboligiafirmoissa,1
Laidastakin,1
Islantilaisneuleita,1
Taisteluvalaita,1
Teikeläinen,1
Ikkkunankarmia,1
Kilpailluta,1
Rescheduling,1
Edustivatkaan,1
Kanssasotijan,1
Museotakin,1
Akkorat,1
Saamenopettajani,1
Natao,1
Sarjaraiskauskeissi,1
Lopuniäkseen,1
Vovtsjanskia,1
Receyeyeyep,1
Farssimaisen,1
Valloitussuunta,1
Ulosmittaisit,1
Ilmoittautumisinfoa,1
Jäsensihteerin,1
Hylkäämisviestiä,1
Kutsuviestissä,1
Propagandaposterin,1
Pärstäkerroinfiltteröintiin,1
Jäsenyysrimaa,1
Onnenautuus,1
Lapsuudenajoilta,1
Katulätkämaskin,1
Nytkäthtää,1
Ouster,1
Generalstaffua,1
Turskasotaa,1
Faktojenhan,1
Identiteettihommissa,1
Pienoikeus,1
Rahariitoihin,1
Omistitko,1
Teklsin,1
Kurdiryhmä,1
Koejäsenyydet,1
Koejäsenyyskin,1
Simsaa,1
Waladubae,1
Ryssötrollien,1
Kikdäb,1
Snäptšät,1
Matkapuhelinsovelluksessa,1
Livekarttaominaisuus,1
Paskakohteeseen,1
Lentopelkoisena,1
Välienselvitys,1
Maavaroja,1
Valtiotla,1
Uesita,1
Armieijaa,1
Candour,1
Vkb0gqygygkte6npx8m7aa,1
Iltalähetyksessä,1
Komppaamaampa,1
Ryssäsaduillakin,1
Spekulointua,1
Loppuisku,1
Karjaisulla,1
Turvallisuuspolitinen,1
Hyvänkää,1
Likviditeettiansa,1
Elvyyttävällä,1
Eläkeläisjohtajat,1
Tärkeiljältä,1
Nuokkuvaksi,1
Päihdevalistuksessakin,1
Totuudrn,1
Avoimmein,1
Hakeudettiin,1
Keskuatelu,1
3p8raaaaiaaj,1
22ottaa,1
Antisemitistine,1
Oikaisujensa,1
Uqqc1a,1
Todella_usein_olen_viime_aikoina_t,1
Turvapoliittiset,1
Helvetimoisessa,1
Pikkuasioisen,1
Julkilausuttukin,1
Suurvaltakonflikteista,1
Karisteltavaa,1
Pikkusuomettumista,1
Jälkisuomettumista,1
Tarpeettomammat,1
Sopimuskokonaisuuden,1
93soviet_border_and_commercial_agreement,1
Teollisuuslaitteita,1
Metallintyöstökoneita,1
German_cruiser_l,1
Bctzow_,1
German_battleship_bismarck,1
Laivastokehitystyötä,1
Laivatykkejä,1
Sotalaivatekniikkaa,1
Sotilaslentokonetyypin,1
Messerschmitt_bf_109,1
Messerschmitt_bf_110,1
Junkers_ju_88,1
Kenttätykeistä,1
Saksalaismielisyyttä,1
Apupuhelimeemme,1
Luontohommissa,1
Kuninkaammehan,1
Downvotellahan,1
Provodoida,1
Peruskalustetta,1
Sotahimoisia,1
Reaalipoliittisemmin,1
Subvertoimaan,1
Alusvaatteisillensa,1
Jalostuspolitiikka,1
Srata,1
Yksilöa,1
Ääiroikeistolaisia,1
Entryistinen,1
Suruisaa,1
Peruslättyjä,1
Bängerist,1
Kidil,1
Lowkeyimpi,1
Playas,1
Terminaalinopeutta,1
Kotokasvuista,1
Mutualistina,1
Entryismi,1
Käännästä,1
Tonninsetelikatse,1
Koulutettujaja,1
Pohjoismaistuminen,1
Kerätttyä,1
Mokimutkaisen,1
Jäsenkandidaatille,1
Lypsymaitoa,1
Faktoihihin,1
Makedonian_nimikiista,1
Kiista_jugoslavian_hajoamisen_j,1
Nimikiista,1
Tarkkailujäsenenä,1
Twtriä,1
Maltsulaisten,1
Tiedontulon,1
Koejäsenenyyden,1
Peruspunakasta,1
Pelkurimaisesta,1
Sellaisens,1
Lautamiesinstituutio,1
Life360,1
Kaupparauha,1
_kokoajan_,1
Supattaen,1
Verenmyrkytystäkin,1
Kaurapuurosi,1
Orbániin,1
Rännittävän,1
Rännikaverin,1
Karkkiperit,1
Rytätyissä,1
Joukkovelkokirjoja,1
Q0j_wsqqczaryfgmv7hwuw,1
Prikaatikenraaleja,1
Dumppauksessa,1
Kysisiä,1
Syöpäsolulinjalla,1
Summasummarumissasi,1
Sokalan,1
Raesteen,1
Syömiskutsuun,1
Kansallislaulukin,1
Liitolaisuudesta,1
Windsoriksi,1
Lätkäotteluihin,1
Ihmisraadot,1
Laajentumispyrkimyksillä,1
V18v10,1
Elämänkartta,1
Omaishoitajaansa,1
Pilkkaamaankin,1
Puhevammani,1
Ihmiskarjaansa,1
Sortajiensa,1
Eniteb,1
Nanobottei,1
Mielipidejatkumoa,1
Venäjäkeississä,1
Riskinkannosta,1
45cl,1
Hyväksikäyttötspauksia,1
Puhdaskielisyyttä,1
Metsäaukean,1
Metsänuudistus,1
Pohjakerrokselle,1
Koneenkäyttöön,1
Sojottaessa,1
Omahoitajaa,1
Kysymysryhmää,1
Pällistelivät,1
Metsänuudistajat,1
Q5mljki968g,1
Tpta,1
Tyytyväistyyskyselyt,1
Ralfia,1
Kirjanmuodon,1
Pehmeäpintaisessa,1
Kivikovassa,1
Komposiitissa,1
Nilsenin,1
Kundeil,1
Konttikieltä,1
Nhuar4u,1
Ideologiahaasteisiin,1
Uusnatsihommiin,1
Hakkaamistarkoituksessa,1
Vaistoina,1
Kiihotustekijää,1
Naapurimantereelle,1
Modernisaatiokin,1
Hahmoittavan,1
Lukiasta,1
Esipureskellun,1
Esipureskeltua,1
Pistäiskin,1
Herrattaret,1
Ds1dv5i,1
Alttinsa,1
80a913740382eab6139b0cacd449b0e7,1
Kestääpä,1
Blackiltä,1
Olkinukkeilijoihin,1
Karaistuneista,1
Pähkinäisillä,1
Ralliraidoilla,1
Uploadattuaan,1
Videoiusta,1
Pieretyt,1
Ralliraidalliset,1
Roiskutetut,1
Leikuutat,1
Pikkukissojahan,1
Ihavea3inchdick,1
Kröhröhm,1
Raksnaks,1
Mössynmössyn,1
Kynänterotuksen,1
Kynääni,1
Blogivideoita,1
Vastuuttomomana,1
Tuotantomateriaalia,1
Suunpalan,1
Bäidistä,1
Koneukot,1
Pieruillaan,1
Aromisoidut,1
Silkkipikkikset,1
Härkistymään,1
Vahdinvaihto,1
Akazkjxmj9k,1
Ctukzv5py30,1
Soittelenkin,1
Yliopistoiskun,1
Viikkomyynti,1
Ulkomaanministeriö,1
Pakolaiskriisiltä,1
Siviilimerenkulkulippuja,1
Rekrykiellot,1
Viimoisista,1
Penneistään,1
Yksityisliikenteeseen,1
Epäsuvaitsevan,1
Sahkoautosta,1
Parrukujan,1
Parrukadun,1
Testilaitos,1
Latureitä,1
Tietovuotoinsidentti,1
Pärstäkerroinkäyttäytymistä,1
Ilkkumistalkoisiin,1
Anoppias,1
Ketjuraflan,1
Arxzzc,1
A4_miksi_mutta_en_ikin,1
A4_ajatellu_ett,1
Orpopennuista,1
Perushuoltoon,1
Opiskelukokemuksen,1
Häirikköluokalle,1
Kontenttiaan,1
Vannetyosteve,1
Itähelsinkiläiseltä,1
8cwfr5,1
Itähelsinkiläinen_opettaja_tasaarvoinen,1
Kiistävinäsi,1
Naiviudestakin,1
Interentin,1
Bruttotuloillakin,1
Ggumxb67,1
Raiskausvapaata,1
Yliopistouhkaajan,1
Sokkihan,1
Etanolialkoholin,1
Littalaurien,1
Älykkökerhossa,1
Kaikukammiosivuilla,1
Lasolikaan,1
Herrasmiesmäiset,1
Rinkurunkkaat,1
Äärisubeilla,1
Reunaherramielipiteillä,1
Hihiteltäväksi,1
Taksiyhtiöön,1
Maahanmuuttajavaltaiselta,1
Tuulilasineste,1
Kotiteollisuuspaske,1
Sentenseddiki,1
Perustuslakikeskusteluun,1
Alkuperäisotsikon,1
Substanssipuolta,1
Noudataaminen,1
Paskadirektiivit,1
Peruskoululuokalla,1
Maitsemani,1
Bläkkiskansaa,1
Keskivertokuluttajaan,1
Kolleista,1
Jameslieksa,1
Fenixhelsinki,1
Warraqin,1
Crjuhwtzqrg,1
R21xovam6j0,1
Uudistusmielisiäkään,1
Wyuhj1mrsli,1
Sukurutsaaja,1
Kommenttifoorumille,1
Tvms,1
_ykiliq,1
Tvms_ykiliq,1
Erityiskakarat,1
Tuulilasinesteetkin,1
Lasolinkin,1
Pokerissakaan,1
Postijakelua,1
Ympäristöneutraalimman,1
Elektroniikkakorjaamoillakaan,1
Uudelleenja,1
Nappinarkkilauma,1
Kanavaehdotuksesi,1
Seköpään,1
Urkitaankaan,1
Mielevikaisuuteni,1
Rivoimmassa,1
Tavotteitani,1
Mutivummo,1
Otivopetti,1
Pitivienenä,1
Putivuhumaan,1
Titiviaisen,1
Kitivieltä,1
Kytivyllä,1
Setive,1
Vitivieläkin,1
Tutivulee,1
Setivelkäytivytimestä,1
Tativarvittaessa,1
Vedekieleen,1
Asab2t,1
Tinderöintinsä,1
Deittailunsa,1
Valikoimiselle,1
Eheyttäjänä,1
Tutkimushavainnon,1
Vanhankasvun,1
Sipaisemalla,1
Itsemääräämine,1
Älyrajoite,1
Irkkinikin,1
Artikkelilinkeissä,1
Kommunistitouhuilta,1
Transsukupuolisuusasioita,1
Sukupuolitekijöihin,1
Motokuskeja,1
Lähitaksillä,1
Hinnoittelevia,1
Lempicoveri,1
Ihwn,1
Kansanvaltaisesti,1
Alnvz6ec9ss,1
Pohjatuntipalkkaa,1
Fatfoobiseksi,1
Blackfoobiseksi,1
Siviilitiedustelulakipakettiin,1
Massavaltonta,1
Massavakoilevaa,1
Tiedustelutoimivaltuuksien,1
Yhtyäesitettyyn,1
Ihmisoikeusarvion,1
Ettäviranomaisen,1
Myöhempääkäyttöä,1
Marper,1
Viestintäyhteyksien,1
Kuningaskunta1,1
2009vp,1
Astra4stä,1
Beatlesissa,1
Soolotuotannon,1
0vxxstls1hty0llhumokmx,1
Nuorisotyöllistämistä,1
Kipaileita,1
Viherkuplaan,1
Suloisestikin,1
Lastensä,1
Pyytämiin,1
Tuhoutettu,1
Kampintorille,1
Naisosapuolen,1
Seksuaalisuusopasta,1
Seksiopasta,1
Laiminlöymisestä,1
Kouskahantti,1
Korjakuvasantti,1
Karttanäytölle,1
Serantalaitteella,1
Etäräjäyttää,1
Ec4eg5s,1
Heippatutun,1
Mielenvapauteen,1
Raivokohtauksien,1
Kannabiskieltotalebaneille,1
Harhaluuloillaan,1
Muslimitilastot,1
Raiskausmääristä,1
Konnetjontti,1
Koientti,1
Koistamuntti,1
_dissonanssi,1
Valistamiseensa,1
Intternetpisteet,1
Elämänkatsomustensa,1
Suuripiiirtein,1
5h0kprp,1
Päättäjäkerroksesta,1
Ostopalvelutuottajan,1
Hankintakriteerit,1
As6dl2,1
Suomi_siirsi_erityisoppilaat_suuriin_luokkiin,1
Ourselfes,1
Fronttirontti,1
Maailmanvaiheessa,1
Tyhjänpäiväisenkään,1
Pantavuuden,1
Sikahintojen,1
Silisili,1
Pariutumispreferensseissä,1
Kyxij2pyh3901,1
Dragoni,1
Metanolikuolemien,1
Korppukuulia,1
Ajutumaan,1
Virkakoneistoltaan,1
Trollinatsimininisteri,1
Aluesodilla,1
Perustuslakiasiantuntijaksi,1
Laveutta,1
Luisteluteitä,1
Fendin,1
Tuttavavegaaneille,1
Hajuttomissa,1
Muinaisruno,1
Kalenterikuvan,1
Weckmann,1
Vaientamisyritys,1
Toimintafilosofiasta,1
Strerkkaus,1
Aistirajoitteiset,1
Perustaidoin,1
Motiiviharhaan,1
Haaveilijasielu,1
00125kwh,1
Maisin,1
Ulkoparlamentaarisina,1
Järkeistäviä,1
Äänestysmenettelyyn,1
Karaportissa,1
Kylmänn,1
Korjausmenetelmillä,1
Rytmiryhmästä,1
Teinitahdesta,1
Elamastaniajatuksia,1
Thruta,1
As0mpy,1
Miten_toivottavana_pid,1
A4t_seuraavista_maista,1
Egr77sp,1
Varavirtapankistakin,1
Autolämmitystolppaa,1
Pääsulakekoot,1
Rajantakaisia,1
Ammxnqi,1
Alempitasoisia,1
Akkumalli,1
Villikoiraongelma,1
Protokollaehdotuksesta,1
Närheä,1
Tnzx794os,1
Lojunnut,1
Apustusohjelman,1
_anything_,1
Helsinkiläisaikuisten,1
Vihjalmur,1
Steffanson,1
Vilhjalmur_stefansson,1
Advocacy_of_an_exclusively_meat_diet,1
Kesykoirien,1
Oopiumisotia,1
Vhiuuu,1
Mitaköhän,1
Lääkevoiteet,1
Omakustansit,1
Painoserän,1
Kannensuunnitteluohjelma,1
Funtsaaminseen,1
Kelirikotonta,1
Db3,1
Kätyripuolueen,1
Sotaministeristä,1
Näkökunnan,1
Postmodernistejen,1
Deittalemaan,1
Ableistia,1
Ja57,1
Periaatesäännöksistä,1
Apujoz,1
Rikosilmoitus_nettihuijauksesta,1
Korkuudelta,1
Taittotyön,1
Kirjailijapalvelut,1
Itsekuolemantuottamustani,1
Laatutaxi,1
Priimakuskit,1
Laatutaxia,1
Prossateholta,1
Engberg,1
_tmgiz59lc0,1
6qoxuw8,1
P3w,1
Löytöeläinkoteihin,1
Perustuloverkosto,1
Työllistymisvaatimuksia,1
Western_pattern_diet,1
Omakustannuskirjojen,1
Semimarkkinointi,1
Päästöarvojen,1
Iskupäivän,1
Kommunistitouhua,1
Träckkäyslasit,1
Kokolinssin,1
Torumisina,1
Hälynkin,1
Juttumiehiä,1
Rrrrasistiseksi,1
Vaihtelevanlaisista,1
Tjzpknvwjnc,1
Henkilönkulttia,1
Todellsuudentajun,1
Humanless,1
Factory1,1
Deklinisti,1
Declinist,1
Antemaan,1
Riisutuin,1
Kannensuunnitteluohjelmilla,1
Tiesminkäkieliset,1
Joirnalistista,1
Rautaratkaisu,1
Meganäytöillä,1
Marginaalibisnestä,1
Takapirusta,1
Oikeudenkäyntipaperien,1
Sopimuskoukeron,1
Tilipätkää,1
Jessedamiani,1
Puoltoistakuukautta,1
Apulaispomo,1
Paineistavaa,1
Minimipuhemäärä,1
Minimimyynnit,1
Justboythings,1
Junaseksuaalit,1
Örkkimörkit,1
Schnein,1
Lämmitystolpilla,1
Virrankesto,1
Pilkkajulisteesta,1
Puristusvoimaansa,1
Ejakuloituvat,1
Vilkautti,1
Kentällehän,1
Puikkelehdittiin,1
Napauttelin,1
Takakotin,1
Kentänaulaan,1
Viisivuotiaallanikin,1
Mehusotkua,1
Käyttökotelot,1
Tapreelliseksi,1
Mehujehunjehu,1
Evangelistinen,1
Valtimolainen,1
Persaukisellekin,1
Puhdaslinjainen,1
Halutummille,1
Päiväkotikuluja,1
Aivosynapsit,1
Jättiala,1
Parinmuodostusmielessä,1
An02ao,1
A4ntti_virkamiesarviot_eiv,1
A4t_sovi,1
Efqdprv,1
Kostotoimenpiteeseen,1
Kindrgrindr,1
Paeriutumisessa,1
Kuulutuksiahan,1
Perustuslakiasiantuntijoihin,1
Lähetystötyöntekijät,1
Käyttökotelo,1
Joystickejen,1
Katkonnan,1
Lidukka,1
Liihottaakin,1
Triethanolamine,1
Propoxylated,1
Isodekanol,1
Järjestöviestinnän,1
Perslävempää,1
Pantitta,1
Fixins,1
Pekonilimpparia,1
Sport1,1
Clubland,1
Eska,1
Supertennis,1
Kingofsat,1
Lyngsat,1
Politiikkajärjestöillä,1
Sokeutuslääkettä,1
Jänikselläkään,1
Backgroundia,1
Kolajuomapullo,1
Palautuskuittirumbaa,1
Kaljapusseja,1
Ensimäisekseen,1
Paitapyykin,1
Puristusvahinkoja,1
Helpottaakohan,1
Robotisoivat,1
Kappaletavaratuotantoa,1
Seiskanmyyntisontaa,1
Jaahdytinneste,1
Metanolipohjanen,1
Lasinpesutiiviste,1
Estkonordic,1
Metanooli,1
Grilliruis,1
Cf9ce128,1
5f36e1402b6b,1
Merkkibrändi,1
Automatisaatioratkaisut,1
348euroa,1
Minimilahjoituksen,1
Koomisuudessa,1
Rikosepäillyin,1
Paskapesiä,1
Automaatiotehtaista,1
A4hentyneet,1
Yhdysvaltalaistyyppisestä,1
Hätäilijälle,1
Räpiköintisi,1
Automaatiotrendihän,1
Metalangassakaan,1
Ostolinkit,1
Vastauksiltaan,1
Evrt9mo,1
Vuokrakämpään,1
Hyvänentekijä,1
Vihdoinkiin,1
Maitovalaan,1
Suomimeme,1
Watermarkkeineen,1
Laatikkorivit,1
Urheiluseuroillla,1
Arpajaiskuitti,1
Pullonpalautusarpajaisia,1
Pyorittava,1
Konkurssikypsa,1
Ilmastosyyllistämistä,1
Kvjsue,1
Sime,1
Lzj71wzbpt4,1
Flplin8mdgy,1
Wictorey,1
Y3pv_b1o2dy,1
Junavisi,1
Sukanvetolaitetta,1
Socky,1
20sukanvetolaite2,1
Tuulilastinesteet,1
Hyväntekeväisyysprosentti,1
Puhelinmyyntihaastattelussa,1
Panttilappu,1
Moottoriöljypurkkejakin,1
Kierrollaan,1
Havaitsijat,1
Ymmärrettävissämme,1
Hyödyllisyydestäsi,1
Lisäpohdintona,1
Kvanttitasojen,1
Syntyäksemme,1
Vaikeimpinakin,1
Purgatoriossa,1
Paineletta,1
Maikallakin,1
Ahterireikäisempää,1
Pullopalautusta,1
Muovilaatukategorisointia,1
Kakkaisiin,1
Saaveihin,1
Aromaympäristön,1
Säestämän,1
Lahjoituslappua,1
Pergamentilta,1
Työmaakopilla,1
Kotikaupunkitietoa,1
Rahavastiketta,1
Meressämme,1
Normaalipalautuksen,1
Palautuskonetta,1
Minipaneeli,1
Viewfinder,1
Hypettiin,1
Kuuvaaminen,1
6990e,1
Viherhapattajista,1
Hiussuihkeiden,1
Heimosignalointia,1
Lahjotushomman,1
Öhöttelyä,1
Pulassani,1
Luottotiedollisen,1
Hyppääjiltä,1
Takamiljöölle,1
Lyömäaseeksesi,1
Syntyperäisiltäkään,1
Asuinkuntahan,1
Asumistapaan,1
Ostoilmoitukseeni,1
Paskahöyryjäkin,1
Keräysruikutuksensa,1
Kuunsäde,1
Taustaselityksenä,1
Täysrypälemehu,1
Luomurypälemehu,1
Sekamehulla,1
Tusinamehuja,1
Cw03pnjf,1
Fasimiin,1
Hyväntekeväisyysprosessista,1
Paikakkunnalle,1
Hätäaputyöhän,1
Nakkilauma,1
Operaattorikäsikirja,1
Omaiskäyntejä,1
Käskynantajia,1
Valtamediaspinniä,1
Tvlofficiel,1
5e1097437691531153409,1
2falain,1
Insulte,1
Occultee,1
2f105093,1
Assistons,1
Islamisme,1
Extrémiste,1
Salafiste,1
Julkistat,1
Laskureissaan,1
Kuittipainike,1
Villikoirista,1
Palauttajille,1
Kertakäyttönaamaksi,1
0lh6qfdlosa,1
Fixingsin,1
Aattesuuntauksiin,1
Onky,1
Pölynpölyä,1
Vastuatajia,1
Sählyslinjalle,1
Pohdiskelevassa,1
Nahkahouseista,1
Moottoripyöränselässä,1
Vainostaan,1
Kulttilaisilta,1
Volsut,1
Komminikointiinkykyä,1
Uimakyltti,1
Suhdanneherkästi,1
Karlshamnia,1
Karlskronaa,1
Aattellaan,1
Blekingin,1
Pillimehukotelo,1
Tuplaturhake,1
Molkottajiin,1
Molkotan,1
Kuluttajalaseja,1
Kohdekentät,1
Kohdekenttä,1
Metsähommista,1
Valkoisenrodun,1
Palautuspakkauksella,1
Pilliäkään,1
Perustuloasia,1
Jyppilässä,1
Jypsilään,1
Lentoliikenteesta,1
Kolluuttamaan,1
Sisäampumaratakin,1
Herrainkerhon,1
Lahjotetusta,1
Pienemmätkimän,1
Buukkeriksi,1
Myytäävää,1
Puhettuaan,1
Serotoniininsa,1
Pullonkierrättäjä,1
Vegaaniseksikin,1
Lämmitysvalinnoilla,1
Enneunista,1
Joukollahan,1
Ottelutappioilla,1
Minoreihin,1
Saludiin,1
Spurgurituaalien,1
Perustuslakikohussa,1
Perustuslakituntijoita,1
Piikikkyys,1
Friistaila,1
Ruokavalioyhteisö,1
Pfew,1
Wingersii,1
Huomataankos,1
Isopropanolipohjaisia,1
Etanolipohjaisissa,1
Parfymoituna,1
Täsmäosaajia,1
Kurssitettujen,1
Linjureille,1
Bussiväyläkään,1
Säiliötkin,1
Kaljatölkitkin,1
Syöttökentät,1
C8f0944d5c,1
Järisyttäjänä,1
Viihdepakettiensa,1
Pizzaluukkuihin,1
Lentokoneettomat,1
E9ho_7gfcqg,1
Foostee,1
Saludi,1
Myyntiprovikat,1
Taaantuman,1
Voimallisimmin,1
Imppauksen,1
Tiivistavat,1
Kuolemanjälkeisistä,1
Kamiinanpolton,1
Bussiväylä,1
C1gfzbdspmh21,1
Psykoottistasoisesta,1
Ilmastonmuutosargumentti,1
Ylikansoittumisargumentti,1
Raitikalle,1
Kunnioitaja,1
Kelailemme,1
331k,1
Varastamisharhat,1
Kapomatoon,1
Freestyleriä,1
Boomfunkilta,1
Oikeudebmukaisena,1
Sirkushuvina,1
Järkyttäneelle,1
Perushöpötyksessä,1
Syöpäriskistähän,1
Pmc5357645,1
Hauskuusmittarilla,1
Asumislisäksi,1
Valmistunatta,1
Nänniklämpit,1
Uberhyperajon,1
Törkymaissa,1
Viinakeripulioksennuskarkeloputki,1
Kumipyöräisiä,1
Sotilaalisissa,1
Kauppamatkustajia,1
Muureina,1
Ratsumieheksi,1
Bienin,1
Monikulmioihin,1
Selettas,1
Radioplayas,1
Seurantailmoituksissa,1
Toimituskelvottomaksi,1
Loppujakelu,1
Gifglobe,1
Fatherted,1
S03e02,1
Obriwlhggrvg,1
Synchronise,1
Rahtilaivapuheet,1
Jättilaivoissa,1
Lisänäkökulmia,1
Luolasapienssin,1
Happa,1
Ihmisentaimi,1
Myyntispiikkiä,1
Pelimiespomo,1
Apeh7e,1
Kuka_siin,1
Jsd15sc0,1
A50f021a,1
Esihistoriaallisesti,1
Tärkeysalueita,1
Metsäisimmillä,1
Kuljetusihmiset,1
Ylimääräseksi,1
Liikennöiviksi,1
Museoratikoiksi,1
Valvovinaan,1
Rakennusspurtti,1
Vaikutattavat,1
Idolimaisesti,1
Vapaatyylittäjä,1
Kupuni,1
Investointivauhdista,1
Muutenkintoisensa,1
Liikunnankurssista,1
Pronssimitallin,1
Perusraiteille,1
Raitioväylää,1
Syrjintäkieltosääntelyn,1
Lahjaveroasteikkoon,1
Sukupuolenvaihdoshuojennuksen,1
Huojennussääntelyn,1
Syrjintäkiellolla,1
Erotteluperusteiden,1
Saastolait,1
Lapaisivat,1
Yliopistoindeksien,1
Pevl_15,1
Toimintalohkoilla,1
Järjestämistapaan,1
Sääntelyvaraustyypillä,1
Pevm_1,1
Kehoittakoon,1
Unittiin,1
Ysilinja,1
Kiskohuoltoja,1
Toimittamiksi,1
Koherenteimpaan,1
Nollapostin,1
Raivokultturissa,1
Ulkoaltapäin,1
Jenkkijulkkikset,1
Giofilms,1
Ahkiokaravaanilla,1
Laiskajaakoiksi,1
Haisevatkaan,1
Tenttukrapuloissan,1
Haukkumiskamppanjaan,1
Kotitrimmerillä,1
Puktirempan,1
Seintä,1
Pysäköintirikemaksuista,1
Rahastusbusiness,1
Rakkamakkafou,1
Valityskyvyn_tarve_turun_raitiotie_ja_superbussireiteilla_7,1
2018_0,1
Demlalaisilla,1
Kommunistiprofessoreilla,1
Lehdistöhuoneessa,1
Uutisenarvoisena,1
Insinöörikittiä,1
Kapasiteettitason,1
Keksihyllyn,1
Sveitsissäköhän,1
Checkinata,1
Uudelleenkohdistavan,1
Rajatolpan,1
Freestylo,1
Oft9gxufcv4,1
Hyökkäyskirjoitukseen,1
Meemiluokittelun,1
Korvaussummahan,1
Rangaistuskorvaus,1
Varmennettaville,1
Keräyshässäkkä,1
Toimitusilmoituksia,1
Anteekskan,1
Kohdisuvaa,1
Lanley,1
Lokomotoloutsou,1
Toimuinu,1
Caty,1
Matkustustukea,1
Hipsteriukon,1
Ylösäänestysnumero,1
Epäformaaleissa,1
Äljötykseen,1
Paratiisifirmat,1
Selindiooon,1
Kamakamiliooon,1
Kertakäyttöpakkaus,1
Mehupullona,1
Sporttipullossa,1
Naperotkin,1
Raitiovaununsuunnittelukomitea,1
Emcee,1
Valtavirtapoppiin,1
Djmwjepucamedki,1
E1533231117731,1
Toimituskuntaan,1
1c9,1
Magazinesta,1
Ihmiselämiin,1
Faktorianalyysilla,1
Yksityistämishankkeiden,1
Ollupersoonallinen,1
_tuominen,1
Laura_tuominen,1
Vistonationalismin,1
Konservatiiviudeksi,1
Steistilous,1
Kilous,1
Farttiverrarit,1
Selauksena,1
Rallyillä,1
Talkshowissa,1
Figts,1
Failling,1
Esitukinnassa,1
Neuvolatarkastuksessa,1
Kovakallon,1
Pinnasängyssään,1
Kaksikuukautisneuvolassa,1
Neuvolakirjauksen,1
Nollakommenttiriskin,1
Mittaritkin,1
Töihinkuljetus,1
Alkiolaisjunttien,1
Pakettias,1
Perusliberaalin,1
Uusiutuvaakin,1
Vippisyövät,1
Pieruverkkareille,1
Koristeaita,1
Pikkujoulukrääsää,1
Sekopääuskovaisia,1
Balteerikannoille,1
Jarrettia,1
Valerie_jarrett_official_portrait_small,1
Hallitusmahdollisuuksia,1
Pimputteluun,1
Firmoistakaan,1
Kansalaistieto,1
Klikkihakuisiksi,1
Kotiinkuletuksiin,1
Toimitusaamuna,1
Lisäulottuvuus,1
Ehdotuksiltahan,1
Lainatyypit,1
Vippilainayhdistelypalvelupaska,1
Freestylomixlive,1
Khwx_behdwo,1
Struktuurejä,1
Edesautettuaan,1
Kalenterii,1
4coeffh,1
Mehujehulla,1
Tähkäpostaus,1
Levittavatkin,1
Selkänahoissa,1
Yksilöita,1
Pleksilaatikko,1
Nuorisourheilulle,1
Mmm1kko,1
Vasemmistokokoomuslaiset,1
Hajaumaan,1
Diggestiivejä,1
Broilerilauman,1
Ministeriyteen,1
Teabagasi,1
Parori,1
Peruskoulupudokkaista,1
Topstreetwear,1
Kulukorvauksessa,1
Interaktiivinäköradio,1
Virtuaalisähkölautapelejä,1
_han,1
_empires,1
Comparison_between_roman_and_han_empires,1
Ruuminvoimissaan,1
Brändivetoista,1
Poliisipalvelu,1
Pursuan,1
Hallvikin,1
Sijassakin,1
Myydäänm,1
Värinäköradioita,1
Unelmakuolema,1
Mielenterverveysongelmien,1
Unelmakuoleman,1
Unelmakuolemaa,1
Nuohoaviksi,1
Elämäntaparikollisiksi,1
Spurguhupaisa,1
Kitkerimmistä,1
Kriitikeistä,1
Tuntematoman,1
Vaalikaudellaan,1
Tukijoissa,1
12ploa,1
Neoliberaalithan,1
Kaltaisuuksiin,1
Komediaelementtiä,1
Hajaedustajilla,1
Kokonaislinjat,1
Kontekstimenussa,1
Matikkakaavoja,1
Mathjaxilla,1
Maksimizoomia,1
Mywilltolivegon,1
Vasemmistokonservatiivillekaan,1
Sankosssa,1
Matkustajajunayhteyksiä,1
Theglobalist,1
Kiinan_suurnopeusjunaradat,1
Nopeustavoite,1
Makkaratarrain,1
Eleganteinta,1
Romakkaniemelle,1
Avoimemmatrikosseuraamuksetovatkustannuksiltaanhalvempiajauusimisriskinnakokulmastavaikuttavampia,1
Mcbotit,1
Faktapommi,1
Redditälymystön,1
Johdannaissotkuista,1
Seurantasivuilla,1
Nostalgianeuroneja,1
Damageista,1
Simmonsandfletcher,1
Beckerlaw,1
Magahattua,1
Keskustaoikeistolaishallitus,1
Neuvotteluhalujen,1
Waponkin,1
Toimitusyritykset,1
Ilmoituksiksi,1
Damagejen,1
Kirjelähetyksiin,1
Forkallekin,1
Moraalittomaati,1
Älymystöjä,1
Perehtyimisen,1
Kuuntelemiinsa,1
V0nddw79sae21,1
Bollea_v,1
_gawker,1
Hyötyneelle,1
Lyntätäkseen,1
Vanhankaltaisena,1
Kitän,1
Subreditilles,1
Näköalattomuudessa,1
Lainapaskoja,1
Painotusmerkin,1
Jakomääre,1
Viranomaiskieli,1
Oikeuskieli,1
Trollilakitoimistot,1
Kansanedustajaeläkkeet,1
Talousmetsillä,1
Nopeakasvusia,1
Metsäpelloissa,1
Kansanedustajaeläkettä,1
Tavankokoisen,1
Ajatuspilkkuina,1
Sanaroskan,1
Erikoiskuljetusoptio,1
Pienreaktoreidenkin,1
Väärinkuvailusi,1
Hehkutteleva,1
Pystyynnosto,1
Nimekses,1
Priorityllä,1
Wpx,1
Noel_ignatiev,1
Fiilisargumentit,1
Mainosketjussa,1
Cpmlegal,1
Punitive_damages_how_much_is_enough,1
Sg_e2g3fl8m,1
Yleisjakelun,1
Postitoimintailmoituksen,1
Postitoimintailmoitus,1
Postitoimintailmoitusta,1
Postikilpailutus,1
Siirtlasku,1
Aterianroiskeita,1
Peltoinsinöörinä,1
Intercityä,1
Embraerilla,1
Ympäristöjärjestössä,1
Maksimiarviolle,1
Asumispakko,1
Valvomisensa,1
Iiriskestä,1
Mainitussas,1
Väkitiheyskartta,1
_density1,1
Egypt_2010_population_density1,1
Policy_190115_fi,1
Tuontilogistiikkaan,1
Arvojoukkoa,1
Liberaalimpiakin,1
Nationalistiskonservatiivisia,1
Mankuneet,1
Yrityksillehhän,1
Muutostasi,1
Skaalakysymysten,1
Oletuskokoisina,1
Äänestyslinkit,1
Kielopillisesti,1
Leipomoyrityksille,1
Paskapostauskuviin,1
Sotkeeks,1
Laitakonservatiivisuudesta,1
Laitakonsevatiivisyys,1
Osallistumistapaasi,1
Toimenpiteistähän,1
Otsikkomuokkausetiketin,1
Laitakonservatiivisuuden,1
T9lo2fgxwhw,1
Uhdeltä,1
Talousterroristeille,1
Insinööripuheet,1
Päähänpotkittua,1
Maalaisväkeä,1
Jopiviin,1
Kenttäkeittiöstä,1
Todeltakaan,1
Salailujupakkaa,1
Laitapuolueeksi,1
Vaihtoehtotulkinnan,1
Epävapaus,1
Väärinpäisestä,1
Tuplastandardeilla,1
Konservatiiviryhmässä,1
Laukaisseista,1
Läpiruostuneita,1
Pohjalevyjä,1
Muunvärisiäkin,1
Ammattiyhdistysjärjestö,1
Asen_2017_2018,1
Tene_2017_2018,1
Lujittamana,1
Yhyhyh,1
Kuluttajakirjepalveluillakin,1
Paketeillahan,1
Lahetysvaihtoehdot,1
Arrapaketti,1
Israelitesien,1
Tapponimen,1
Tekstiviestisysteemikin,1
Ovitoimituksen,1
Ovitoimituksien,1
Varmistusviestikin,1
Autiomaatakin,1
Wp_803a_with_the_california_zephyr_in_altamont,1
2c_february_1970,1
Maanjäristysherkkyys,1
Aavikoituneen,1
Periaatteellisestikkin,1
Armeijahankkeillaan,1
Yksimielispäätökset,1
Pelottelupuheilla,1
Valtioliittona,1
Koordiaatit,1
Silmiipistävän,1
Puoliperän,1
Närkästelyä,1
Thisregion,1
Yhtenäisyydessään,1
Korvaudukaan,1
Pääkonttorisiipeä,1
Arvokiinteistöjään,1
Konttoritoiminto,1
Ydinkeskustahan,1
Uutistenseuraajalle,1
Puolueshoppailuineen,1
Tervendenhoitobisneksiin,1
Heittonaru,1
Virtapaikkoja,1
Puoluekaupoilla,1
4o7ecak,1
Kansanedustajakaartin,1
Kerholaisesta,1
Mölöyttää,1
Kuluttajakirjepalveluilla,1
Höyrylläkin,1
Korkeapaineella,1
Osuisko,1
Luusuat,1
Tasureistaoikein,1
Luottovehje,1
Valiopilkki,1
Leikareiden,1
Tekomadot,1
Kärpäsentoukat,1
Värkkäämiseksi,1
Tasapainopilkillä,1
Risainata,1
Kairaamisella,1
Seinämälle,1
Selkäveden,1
Luomoa,1
Eläkelläispuolueille,1
Knsalaistottelemuutta,1
Vetouistelemalla,1
Pilkkimälläkin,1
Surkialta,1
Uhkuiksi,1
Kevväämmällähän,1
Kalalomalle,1
Suurusluokista,1
Ruotsinnettuja,1
Kapitalistiliittouma,1
Pääomapakotteet,1
Whigs,1
Asciimath,1
Fabul,1
Noudellessa,1
Seksuaalirikosepäillyt,1
Pätkittäinen,1
Vieroitusoirepsykooseissa,1
Rannikkolinnakkeita,1
Terroripommittamalla,1
Tapahtumisjärjestyksen,1
Aseleposopimukseen,1
Rauhansopimushan,1
Välirauhalle,1
Asfalttit,1
Äänesttiin,1
Rämepelloista,1
Talousmetsäiä,1
Puuteknologian,1
Refressannu,1
Loismadon,1
Peltisermit,1
Valkomielisiä,1
Punamieliset,1
Ruokapuola,1
Supersotajumalakapteenimajuri,1
Kitarisansa,1
Kukkahattukin,1
Valtakunnallisti,1
Uutuskirjatkin,1
Hoivaliiketoiminnot,1
Nykybisnes,1
Jattahan,1
Suomenaja,1
Syöksylaskuaan,1
Arvailukommentit,1
Tunturilappiin,1
Kilpisjärvihän,1
Tunturijärville,1
Heittokalasteluhommat,1
Rautupilkillä,1
Toimitustyöhön,1
Digilehtien_ja_e,1
Kirjojen_alv_n_alennus_voimaan_heinakuussa_myos_irtonumeroiden_alv_n_alentaminen_hyvin_perusteltua,1
Koetteleviä,1
Tulijaryhmälle,1
Erikoisvalvonnan,1
Lisäosille,1
Purkkahärpäkkeille,1
Kasvontunnistusjärjestelmään,1
Varoituksiani,1
Kirjauksillakaan,1
Upacthyptck,1
Kannatusjakoon,1
Kiristämistilanteeseen,1
Uutuuksiakin,1
Humanistipuolueita,1
Kalastelulinkkejä,1
Räikköskirjassa,1
Jyvittyneet,1
Fiilispohjaisuudesta,1
Etälamauttimetkin,1
Etälamautellut,1
Lipumyyntiä,1
Reaaliseurannan,1
Keskiarvonmukaiset,1
Vartiointipalveluitakin,1
Välisemme,1
Sormenjäljettömät,1
Kiinniottotilana,1
Maastopalojaan,1
Ankkala,1
Kahlan,1
Featurespace,1
Penkkierehdyksen,1
Jatkokouluttamattomana,1
Projektihallintasovellusta,1
Henkilötietojärjestelmää,1
N970851,1
Tuotantolinjastoa,1
Päättöhakkuissa,1
Puunjalotsuksen,1
Puuteolisuutta,1
Hälytyksisä,1
Poistetaaan,1
Opotunneilla,1
Stailistille,1
Taakanjakosektori,1
Sormenjälkianalyysi,1
Lähdehakuun,1
Guuglellaki,1
Hallitusjohto,1
Aladinissa,1
Googlailussa,1
Murhadokumentteja,1
Rikolliskannassa,1
Metallikeikkojen,1
Sogouta,1
Macgyveroidaan,1
Eubanks,1
Naamarekisterien,1
Heittelepanosta,1
Markkinaorjia,1
Kolkytlukulaisella,1
Spatiotemporaalista,1
Ovillemme,1
Tuomituksikin,1
Harhaanjohtaminenhan,1
Aatejärjestelmien,1
Lihapoldethan,1
Naamantunnistusta,1
Autodidaktiikka,1
Rosvosaari,1
Ulkomaanlähetyksiin,1
Tekojärveltä,1
Toshka,1
Jwgg_rpauxy,1
Tunkkailen,1
Musiikkiyliopisto,1
Nollatodisteilla,1
Mielenpanemista,1
Helvetinhyvin,1
Aivokemiaasi,1
Törkyhelposti,1
Kilpailukykinen,1
Kumipyöräkuljetuksen,1
Sormenjäljis,1
Kannatusasemansa,1
Ilmaisjulkaisuja,1
Hakulausekkeiden,1
Käännösmuunnokset,1
Hämäkäkiksi,1
Käyttäjänineä,1
Wwwgoogle,1
Aimbots,1
Retropelikeskus,1
Telenetin,1
Originele,1
Krijgt,1
Verdient,1
Zoveel,1
Vlotjes,1
Cultuur,1
Monikulttuurisuudet,1
U843uema_lg,1
Tiilikärryt,1
Tiilikärry,1
Profiilipelti,1
Hyötypostauksia,1
Nostalgiapappoja,1
Salaliittohöpöttäjät,1
Tauhkonneet,1
Vessapaperifirmaa,1
Ilmastonmuutosongelmiin,1
Nasahtelee,1
Metsäjätkit,1
Tietokoneymmärrys,1
Ongelmanratkaisujuttuja,1
Rikosanalyysissä,1
Rikosanalyysiin,1
Tietoaineistojen,1
Kasvovertailu,1
Huumekätköön,1
Protestiäänipuolue,1
Rakenteisiinkaan,1
Kahvilaravintola,1
46a214e3e79248a19fd8e2d2cc597514,1
Kyläkaupast,1
Saunalonkeroo,1
Isookylää,1
Ehdonta,1
Suuretkaam,1
Hakukonekyselyitä,1
Debuggingrules,1
Käyttäjämerkinnät,1
Henkilörekistereissä,1
Salibandymaalivahdin,1
Jhe,1
Eriarvoistuvassa,1
Ammattilinjalle,1
Eggeistä,1
Tietämyksestäkin,1
Syvyyskarttojen,1
Jäänkannen,1
Hiekkapohjaisilta,1
Lahdilta,1
89suosituin,1
Suuntaumustasi,1
Poliisinpelko,1
Shakkivoitto,1
Motivaatioota,1
Odottelumotivaatio,1
Superkätsyä,1
Pyssynlaukausta,1
Hologramminaama,1
Vrnwqvu70q8,1
Ankattaminen,1
Datanomikoodari,1
Myrkkysokeroidun,1
Käännösongelmien,1
Rakamakafoon,1
Verikylpyni,1
Sormenjäljistäsi,1
Hakuparametria,1
Alidomaineihin,1
3astackoverflow,1
Päiväjärjestystäni,1
Projektiviikko,1
Kuvakannasta,1
Käyttöönotetusta,1
Buttingsilliltä,1
Musavideotkin,1
Mäkkimiehiä,1
Pohjaisuuden,1
Commandlineltä,1
Minimilaskutuksella,1
Sukukalleiksien,1
Jäälinnassa,1
Entnisyydestä,1
Viestintädataan,1
Vampyyrijuttuja,1
Orpokotiorganisaatiota,1
Mikroverensiirroilla,1
Syyttäjätoiminnalle,1
Läpäisyeste,1
Atooppinen_ihottuma_opas_2601,1
2018_web,1
Atopiassa,1
Kantavästöön,1
Lainmietinnöissä,1
Pedariraiskaajia,1
Agraarinatiiveiksi,1
Dekarboksyloituu,1
Rikkolisen,1
Hyvyliä,1
Perushausta,1
Perushaku,1
Sisäilmapölyä,1
Homeitöitä,1
24d318,1
Janne_paalij,1
A4rvi_vaatii_sormenj,1
A4lkiens,1
Arkisiinkin,1
Duunikavereilleen,1
Sormenjäljelle,1
Vaporisoiminen,1
Tekeytyivät,1
Seksuaaliväritteisiin,1
Alullepanneen,1
Tuottajayhteyksiä,1
Wanhantuvan,1
Ankkalasta,1
Bovikin,1
Iltasanomissahan,1
Semikasuaali,1
Hasson,1
Uusnatsijohtajalle,1
Kortisooneja,1
Yleisrasvoja,1
Sähköautoonsiirtymisjupakoissa,1
A88r2u,1
Otin_tytt,1
A4reni_raiskauksesta_ep,1
A4illyn_miehen_itse,1
Seksuaalirikosvyyhdin,1
Vierellee,1
Bussitilanne,1
Liikennöidyimpien,1
Moderaattorikommenttia,1
Turvallistamisretoriikka,1
Smurffilimun,1
Painostamisestasi,1
Sanaliitoissa,1
Pastista,1
Vertaistettuna,1
Pässinlihoista,1
Atopiastasi,1
Eikösjuu,1
Yleisvalvonnan,1
Äänenkäsittelyohjelmia,1
Kaffepöydälle,1
Retkijakkarallisen,1
Alkukolmanneksen,1
Henkilötietojärjestelmään,1
Modesirkusta,1
Elinin,1
Pitkäripaisessahan,1
Nwohin,1
Lauserakenteetkin,1
Väybanit,1
Keräilyarvolle,1
Esassinimelä,1
Kulaukseen,1
Siirtyii,1
Osmc,1
Siisko,1
Passikuvarekisteriin,1
Hitlerikö,1
Kamerasysteemillä,1
Rakamakafoo,1
Gttqd,1
Holvialalle,1
Intensiiviopiskelun,1
Vmsmbn57no8,1
Tavarakasat,1
Pölykertymät,1
Keräysautot,1
Marikoomatus,1
Näppämistöstä,1
Mekaanisistakin,1
Touchbariin,1
Ajankäytöllisiä,1
Oikeistoauktoritaarisia,1
Läppäriartikkelissa,1
Gl704gw,1
Elizabeth_b,1
Tuhotuneita,1
Psjä,1
Arttx7,1
Euparlamentti_haluaa_l,1
A4kekannabiksen,1
Jsem81zt,1
903590cf,1
Vastamainonta,1
Hyvällesiskolleen,1
Suhmurointihomman,1
Vähittäiskulutus,1
Drf274k,1
Dra7p3e,1
Pienpanimonelosen,1
Kestosuosikkimeemu,1
Raiskauskeskustelua,1
Puskettavalla,1
Aspw16,1
Oulun_seksuaalirikosvyyhti_paisuu_yh,1
A4_tutkinnassa,1
Keskeneräisitä,1
Maahanmuutto_touhut,1
Päättäjäkuntaa,1
Hyllyalueelle,1
76627_jack,1
Huumeorgioissa,1
Limonaatilla,1
Sitruunalakukaljan,1
Oppositioki,1
Raivaamaa,1
Rohkeisiinkin,1
3kate,1
Kokoemukset,1
Viihteenne,1
Liikalaiduntamisesta,1
Ydinvoimamyötäisyys,1
Turvapaikantekijät,1
Putkiradiot,1
Smhmyhead,1
Markkinataloudensuosimista,1
Maanpuolustuksenarvostusta,1
Globalistikommunisti,1
Urkintatieto,1
Muotoseikkavenkulointia,1
Ctberuhkaan,1
At2kex,1
Vaalipelko_iskee_parempi_ettei_sano_yht,1
Halveksumalleen,1
Mukimyyntejä,1
Peräkammarointiin,1
Lattialakkapurkkia,1
Alareunalle,1
Youubesta,1
Kokoomushairahduskin,1
Yövartijavaltioporukkaa,1
At19f7,1
Simmukat,1
Tyrskähtely,1
Villaisten,1
Treenauskurssia,1
Olevinbaan,1
Juttutehtailu,1
Muuttujayhdistelmällä,1
Liberaalisentristit,1
_ehdokkaiden,1
_arvokartalla,1
Ylenilmastokysely,1
Takapenkkiedustajien,1
Kukkonenhan,1
Nopemmallaki,1
Pakenemisteknisesti,1
Katsannokannasta,1
Vyökö,1
Yksityisyydensuojakaan,1
Hakkuutavoite,1
Nielupolitiikka,1
Hakkuutason,1
Ainemarkkinoihin,1
Tupakatki,1
Muumilimun,1
Jokalauantaisella,1
Havainnoitsijabiasta,1
Irkkikanaviksi,1
Unelmahommaan,1
Videokameroitaki,1
15_at_16,1
Femakkoihmissaastaa,1
Nuivuudellaan,1
Windin,1
Vaaliliittohan,1
Verikylvyistä,1
Utaj,1
Tekoälykeskustelu,1
Puolellakymmenellä,1
Asiantujiat,1
Jakopolitiikalle,1
Kirjasarjankin,1
Stadipoliisigestapot,1
Kustantajillekaan,1
Elämisin,1
Kehäajatukset,1
1be134f585694a1e922d7b285e58e17b,1
Musiikkiyliopistoon,1
Tolppakameroihin,1
Matkustussuunta,1
Tekoälysysteemeillä,1
Aq409y,1
Tutkija_monet_miehet_ajavat_autolla_tunteakseen,1
Egdb1q1,1
Jsert580,1
131fd931,1
Puhdisainepulloja,1
Canteburyyn,1
Becketin,1
Historyofengland,1
Tuokkarilta,1
Magiajärjestelmää,1
Stormlightin,1
Jugurtilta,1
Mellakoiville,1
Terveydenhuollostonsa,1
Päähänlyöminen,1
Notejenkin,1
Tähtäystaitona,1
Baldwiniin,1
G0pi85ye7li,1
Juomistavan,1
Perustuvahan,1
Sallimisiin,1
Liittoutuneethan,1
Suomalaislaivojen,1
Alskärin,1
Eteenjoutuminen,1
Väyrysmukia,1
Sillaanpäähän,1
Designlogotribaali,1
Sötkötyksiä,1
Tohtoripromootioonkin,1
Tiedonkaipuun,1
Virheilmoitusesta,1
Lord_buckethead,1
Métropolitainia,1
Spurdeille,1
Samoilja,1
Työllistäjiltä,1
Talousvetureilta,1
Porkkanaratkaisu,1
Atytäryhtiö,1
Alikapitalisoinniksi,1
Hba0ah,1
Lsbo,1
Urkintatapauksista,1
Dancerit,1
Muistutusketju,1
Aqxmjk,1
Egjenbu,1
Kaukausempia,1
Venezuelaiset,1
Hyvävelikerholaisia,1
Pienoislaivoja,1
Logiikanpäättelykykyä,1
Muuallepäin,1
Reppujakkara,1
Perusjakkaran,1
Taittokaira,1
Karkuutukselle,1
Jäykkäkärkinen,1
Jigivapa,1
Tasapainovapa,1
Ilmaisimella,1
Siimarulla,1
Vapapaketeissa,1
Perussiimat,1
Tapsi,1
Pilkkikukkaro,1
Pojanjullin,1
Tupusta,1
Pupunasta,1
Identiteettipolitiikkalumihiutaleitten,1
Heinäladolle,1
Saunasysteemissä,1
Someutumiseen,1
Tietosanakirjamääritelmään,1
Tekstuaaliseen,1
Konnotatiivistä,1
Tehokeinoistasi,1
Mielikuvitustarinaksi,1
Erityiskiitoksena,1
Argumentaatioanalyysi,1
Maahanmuuttoliberaalien,1
Mielipideilmastojen,1
Kokonaistilalle,1
Resonoivuudesta,1
Lähdereferenssi,1
Huonovointisimpien,1
Tilastotiedothan,1
Uskonnonkaltaisista,1
Kyytisovelluksia,1
Upposihan,1
Kyttäpuolueita,1
Invatyttöystävä,1
Fudisreissulla,1
Karajatuomarille,1
Helho20141431,1
Ohjelmointipuuhilla,1
Jq07,1
Hsil1g,1
Olkiukkeilua,1
Mormonikantaansa,1
Timmii,1
Vajarii,1
Sanammvapaus,1
Janneheikkinen,1
Plajo,1
Tarkastusalueelta,1
Kiljujuttuja,1
Raspissahan,1
Xocoqu1,1
Pedofiilikerho,1
Kiljufestari,1
Oikeuskiistoja,1
Tiedonvälistystä,1
Venezuela_accuses_us_of_secretly_shipping,1
Hörhölibejä,1
Yksilövetoista,1
Tarpeettomaksitekosoftani,1
Eläkeläisvastainen,1
Kz0nngzh1ww,1
Porrasäiti,1
Hyöydyntämisen,1
Hutiloivia,1
Meneteltyjä,1
Asiamateriaalille,1
Turvaprosesseja,1
Keltaliivin,1
Ihmisoikeusjärjestöjenkin,1
Markkinatalousbroilereiden,1
Hidaslataustöpselissä,1
Tehoistesta,1
Automuunnosten,1
Hallitsijaparia,1
Hullunhauskan,1
Viraalikamppanjansa,1
Passijärjestelmässä,1
Yhdysvaltaisilla,1
Kasvussako,1
Jaanapelkosilla,1
Rellestäjää,1
Ihmisoikeusvahti,1
Talousperspektiivin,1
Optimointikykyä,1
Jutst,1
Eturyhmt,1
Pintaraapaisuakaan,1
Tunnistushakuja,1
Hyväksiluettaa,1
Lajitietämys,1
Avaruusteineistä,1
Avaruusteinit,1
Bunkkerityypit,1
Syväoppimisella,1
Nykytekniikat,1
Kreikkavastaisinta,1
Huumetiloja,1
Konferenssimateriaali,1
Samanarvoistavaa,1
Vanhustenfacebook,1
Hallitusneuvotteluun,1
Matkuspapereita,1
Rajavalvontapartioita,1
Luonnonrajoja,1
Vöörtsin,1
Kortisonivoiteita,1
Kuureihin,1
Ylläpitorasvauksessa,1
Fawkesnaamio,1
Aijje,1
Muuminpaskaa,1
Ylikansallisiakin,1
Sanallisestikkin,1
Solvinut,1
Lennonjohtajilla,1
Lähtöpapereita,1
Hyväkslukee,1
Lausahdukssessa,1
Leijonahäkissä,1
Basicallyadoctor,1
Mittarilaite,1
Twitterpolitics,1
Justhashtagthings,1
Guaidólle,1
Avustuslähetykselle,1
Systeemiälyä,1
Insestipaniikki,1
Kerrannaninen,1
Normimuumikuppiin,1
Tihkaista,1
Säteilylämmitintä,1
Kilometrjä,1
Öljynsaanti,1
Runttaaja,1
Oleviani,1
Aluesuojaamiseen,1
Laukaisujärjestelmiin,1
Mark_41_vertical_launching_system,1
Vls,1
Suomalaiskorvettiin,1
Itsepuolustusmalli,1
Kannattajiaki,1
Köppäseltä,1
Ammattivalmistajien,1
Köppäsempi,1
Lammikollinen,1
Automaatiotuotannossa,1
Ruoantuotantoautomaatio,1
Troikassa,1
Lainanantajataho,1
Kylmakaynnistys,1
Huonommmaksi,1
Puoluespektrillä,1
Asiasisöltöä,1
Valituspäätöksissä,1
Vetoomustyötä,1
Asiantuntijajärjestönä,1
Museotaksia,1
Nakyyks,1
Värjäysainetta,1
Kyttäpuolueet,1
Ericthecarguyn,1
Autonropausvideoita,1
Maahanmuuttorealismilla,1
Pedariringinvetäjän,1
Guuglaaja,1
Googleseikkailut,1
Kaikkivapaus,1
Jälkipyykeissä,1
Turvapaikkahärdelliä,1
Sekx,1
Luurankomiehityksellekin,1
Jethrorostedin,1
Vitsiäänenä,1
Fillisargumentaatiosta,1
Fiilisargumentaatio,1
Fiilisargumentaatiosta,1
Fiilisargumentaatiota,1
Täänytonvaanavautumista,1
Viillellähä,1
Keskinopeista,1
Igor_nikolayev,1
Runollaan,1
Työkkäriltäkin,1
Sosiaalijärjestämää,1
Yhteskuntatieteisiin,1
Mk41,1
Mithlond,1
Århus,1
Fredrikshavn,1
Kommdntoida,1
Korotettaviksi,1
Polttoaineveronkorotuksen,1
Mvqs9zt,1
Raiskashan,1
Nunniakin,1
Millaisine,1
Vierittämiselle,1
Asiatunniste,1
Asiatunnisteisiinkin,1
Painaltamalla,1
Sallalaisittain,1
Persjärvestä,1
Läsnätöihin,1
Kansantaloushyöty,1
Lisäveroteta,1
Sallaperäistä,1
United_states_involvement_in_regime_change_in_latin_america,1
Riisuitumaan,1
Hoivakotivyyhti,1
Itälappi,1
Egy7t6f,1
Paikallisvaltuutetun,1
Prosenttivirhettä,1
Prosenttivirhe,1
Oldrimissa,1
Virtualinstall,1
Vanhustennaamakirja,1
Leprasta,1
Pillimehubokseja,1
Nutaamisesta,1
Kaasuautonkin,1
Polttoainetankinnyhdistelmään,1
Tankkausvälin,1
Pakkoliikkeenomainen,1
Homogeenisiltä,1
Korvanipukkaiset,1
Lisähuoli,1
Ärtyneemmän,1
Sukututkimuskirja,1
Tyttärentytär,1
Tankkausväliin,1
Lisäajomatkan,1
Pitkämatkaisemmasta,1
Liskomenoa,1
Markkinatalousvihaa,1
Kulttuurinriskastuttajia,1
Yhreiskunnassa,1
Strassereista,1
Enkkuredditvitseistä,1
Opiskeltuu,1
Atki,1
Nopeite,1
Vastaukse,1
Normiliikkumista,1
1v1kk,1
42700km,1
Roikottaakaan,1
Viherpiipertäjyys,1
Reviireilleen,1
Lepraista,1
Löhöävästä,1
Suosikkiuskis,1
Kangasversioita,1
Pelasteneet,1
Kreikkavastainen,1
Oudonlainen,1
Vastenhakoisuutta,1
Hallintorekisterikään,1
Tv_ohjeet_ja_tietopankki,1
Kanavajarjestys,1
Ḱyselen,1
Kaliproinut,1
13mil,1
7ud9gx,1
A4_vikaa_aktiivimallissa_on,1
Puukkothreadin,1
Puukontekokurssille,1
Eläämäämme,1
Kylmätunteiseksikaan,1
Pseudomopokerhojen,1
Varteenotettavammaksi,1
Tilkulla,1
Hämäräporukkajuttuja,1
Sorakuopille,1
Monimuotototeutuksella,1
Jaskon,1
Opiskeluvauhti,1
Näyttöpäivillä,1
Libertyllä,1
Bussihankinnan,1
Henkilöautoillaan,1
Tilaustaksitouhukin,1
Tyhjäkäyntiaika,1
Notkistuvat,1
Haittaverostakaan,1
Kuoulutuksesta,1
Tulvahtavat,1
Kuolajärvi,1
Itseäänestämänsä,1
Joukkoraiskaajajengit,1
Jmcdf,1
Mq2y2,1
Ozzlyh9j432n2oi8nlfhsoehf8zashsht28gh1hrnhtqdahlbqo5c0vtokdpbhlaeahjnejhd0tv5kq1jhh9jtn4ecyhtqgjh1xrsn43ddhdpszhmzoo9lds15zvcnb,1
Sallalaista,1
Cranperry,1
Raulikin,1
Jokaperjantaisen,1
Teamspirit,1
Dildoraiskauksen,1
Aktivoimattomana,1
Ihmissaatanana,1
Hyväläppä,1
Agapiolla,1
Nch6dmcpnpq,1
Väestökattavuutta,1
Valtiontalouteenkin,1
Logistiikkaamme,1
Tupakansavuista,1
Puhelimenkilinän,1
Paperitoimistoaikaa,1
Tarjoillakseen,1
Wiban,1
Snocycbv8v8,1
Omankaltaistansa,1
Plattonen,1
Naamioisin,1
Kokkailukseni,1
Aburdiksi,1
Bulkkisumman,1
Ymäärsikö,1
Uurnillakin,1
Kohukansanedustajasta,1
Seuoo,1
Nopeimin,1
Foorimista,1
Englannila,1
Muutotappiokunnat,1
_cbda,1
Cbd_v_cbda,1
Openeelec,1
Googlelun,1
Hampputee,1
Lapsisairauksien,1
Balalaikalla,1
Itämeininkiä,1
Iskelmägenre,1
Kaihotunnelmissa,1
Nivelkohta,1
Käppäsana,1
Tehtävävastaus,1
Spilaalisen,1
Kengurulandiasta,1
Pararasva,1
Maailmanparantajilla,1
Ystäväsubiin,1
Rs7izu2vjiq,1
Jaakkohan,1
Surkuhupaiseen,1
Pillipiiparisi,1
Ilosempaa,1
116500ln,1
Malminetsintäluvalla,1
Malminetsintäluvassa,1
Malminetsintäluville,1
Lupakohtainen,1
Pankkitalletuksena,1
Kemikaalivirastolle,1
Suurikuusikko,1
Bolidenilla,1
Sulatoilla,1
Tv7n,1
Bussikonseptina,1
Linjareitti,1
Ruuhkakonseptista,1
Työssäoloaikoja,1
Raidejoukkoliikenneratkaisuja,1
Itseisarvonaan,1
Informaatioteknologiatyöhön,1
Aikatehokkuudessa,1
Lypsettävistä,1
Nuivataloudessa,1
Latauspysähdyksissä,1
Businessmatka,1
Budjettisekoilut,1
Muovipuusejakin,1
Lightbringer,1
Ymmäreän,1
Sakkorikoksia,1
Puljauskaverilta,1
Kepinheiluttajaa,1
Stillkuvan,1
Selviå,1
Suosikkilimua,1
Akkunapa,1
Velkaholhoukselta,1
Turvapaikkastandardeihin,1
Iskevämmän,1
Kampanoina,1
Kiritykset,1
Perusrikollisista,1
Laskuvarjokankainen,1
Ekokassi,1
Näpäytit,1
Ihmistohina,1
Valvonkameran,1
Äännestänkö,1
Mielipuolist,1
Kohkaamist,1
Holocausto,1
Skrapausta,1
Multisillasta,1
Etsiskelivät,1
Diplomaattiteoria,1
Kuulusteleen,1
Startupkoodipöhinäfirmaan,1
Keskuskonttoreilta,1
Ylläpetona,1
Koodailukin,1
Webbidevaushommassa,1
Apuskriptien,1
Riviylläpitohelpparissa,1
Verkkohärveleihin,1
Asennusautomaatioon,1
Dokumenttienhallintaan,1
Issuetrackereihin,1
Työnkiertojen,1
Pätäve,1
Maahanmuttopolitiikka,1
Toimimana,1
Latausalueille,1
Akkuporavasara,1
Hyysättävien,1
Historiafani,1
Rahankeräyshommasta,1
Paravasara,1
Juudealaisiin,1
Historical_appearance,1
Voluemcb8iu,1
Alapuolikin,1
Pahoitteuni,1
Tuliseinän,1
Tuppimalli,1
Junnuhommissa,1
Twiittaamistaan,1
Kaupunkilainek,1
Kaupunkilaistolloja,1
Markkinataloudellisten,1
Kartelloitumaan,1
Vaanivatkin,1
Pisamaiseksi,1
Akkunani,1
Muumipizza,1
Mozzarellasiivuja,1
Uusuituvaa,1
Päästötönä,1
Alueflairi,1
Muumimukisi,1
Pohjanmaallekkin,1
Pitkilti,1
Ethän_postaa_mainoksia_ja_markkinointisometilien,1
Muumilihajuttuki,1
Helikarhumaki,1
Suostusivat,1
Saameilaisia,1
Luokitteluryhmänsä,1
Laminaatinasennussetti,1
Tietojärjestelmienkin,1
Puolustajilleko,1
Muumilimpparijuttuihin,1
Kultapoletti,1
Teologiassakaan,1
Vauratensa,1
Provoviestissä,1
Pakoputkeakin,1
Takapöntöstä,1
Pyyntialueita,1
Tiesitpäs,1
Helepotettu,1
Kuolonkielistä,1
Miettimääsi,1
Taideinsituutioiden,1
Ilmailuonnettomuuksien,1
Brusi,1
Viirasko,1
Verimyrskyvetikko,1
Sotilasdiktaattoreille,1
Kuolemankauppiaille,1
Kumunki,1
Vilkkailta,1
Taideinstituutioihin,1
Vaaliteemalle,1
Päihdevalistajana,1
Talousarvot,1
Etiikkapolitiikka,1
Ajattelemamattomien,1
Hipaistakaan,1
Talviautoilusta,1
Hahyahahahahaha,1
Loppuhuomautuksellaan,1
Tilavaatimus,1
Sähköautoistamiskandidaattia,1
Perustulossakaan,1
Qinq,1
History_of_opium_in_china,1
Aftermath_of_the_opium_wars,1
Ta_07_02_huumeet,1
Tuloveromallilla,1
Tuloveromalilla,1
Hiilitassunjälkeen,1
Ryhtyvillä,1
Naaputeita,1
Käyntiastiaan,1
Palkinnontapaisen,1
Hiihtoinho,1
Kannabiskäyttäjille,1
Normisauhuttelijoille,1
Kansallisoopperalla,1
Lääkehyötyjä,1
Käpistelevää,1
Avaruusinsinööriä,1
Paistavalla,1
Lääpintäpohjanmaan,1
Tomaattipohjanmaan,1
Fanfictio,1
Puoltamiseeni,1
Artisaaniksi,1
Rakentti,1
Symfonian,1
Koeputkilossa,1
Voikerrosta,1
Kolmelkympil,1
83äo,1
Vassareillaki,1
Liikennepsykologian,1
Liikenneonnettomuustutkintaa,1
Otkesissa,1
Rankaisuunsa,1
Huoltoyhtiönsä,1
Arvostusmittareilla,1
Inhotuksena,1
Kassamasiina,1
Kassajarjestelma,1
Maksupaate,1
Sirukortillakin,1
Päätemalli,1
Erillismaksupaate,1
Pohjanmaanaan,1
Talliradioiden,1
Oikeelupaus,1
Shober,1
Sellaisiinki,1
Simulaatiolaskelmia,1
Automatisaatiovisioihin,1
Meilenterveyspalveluja,1
Muumiruumista,1
Linuxirkhelpdesk,1
Oikenlainen,1
Yritystuin,1
Rahdillakaan,1
Harilta,1
Ristirasti,1
Dystopiafanit,1
Kirjasuosittelut,1
Tämänjälkeisestä,1
Ministerihistorian,1
Teuraskuljetus,1
Rekkateurastamoita,1
Bernis,1
Navigaationsa,1
Ohjainkanavien,1
Siviiliympäristöissä,1
Budjettiversioita,1
Kuvapaivityksia,1
Siivoojen,1
Sijoitussalkullanikin,1
Murhaajalääkäri,1
Kasvisperäisenä,1
Maksimitoimeentulotukia,1
Pikkupikkubisnestä,1
Nicheroinan,1
Viholliskoneella,1
Yllätysdroneja,1
Tuloveromallia,1
Kyllaistyminen,1
Valtionmonopolia,1
Dekriminalisoivan,1
Yablon_daniel,1
Muutamakymentämiljardia,1
_pienentää_,1
Valvontatolpan,1
Datavarastot,1
Narsistinenkin,1
Kotikaljapakkauksia,1
Johtaiskohan,1
Onboardingia,1
Effottia,1
Semmikin,1
0b86129f,1
37d2,1
8b16,1
Da8bc89d568f,1
Db82,1
Jonkunkokoisen,1
Selfexplanatory,1
Pecula,1
Savuni,1
Mainoksenne,1
Hauilta,1
Töksähtelevämmältä,1
Pyyntikuoppia,1
Asutuspohjia,1
Kuusamonkin,1
Nykyasutuksen,1
Savolaisvaikutuksesta,1
Neuvostoliittolaisvalmisteisen,1
Vaiheeseeni,1
Viittojakin,1
Eläinrääkkäyksiin,1
ⁿ,1
Vaikututuskanava,1
Privaattiviestintälaitteet,1
Viihdekäyttökeskusteluissa,1
Rikollisalalla,1
Viilailet,1
Nistiyden,1
Känniääliökulttuuri,1
Sekopollat,1
Kasvattajajonnet,1
Lähiökaupassa,1
Vasemmistoharhaa,1
Mainispostaus,1
Kasvihuonekasveja,1
Glitsukukkansa,1
Jatkeneet,1
Jätesäkkinä,1
Markkinoitakohtaan,1
Itsearvostuksensa,1
Masentuunena,1
Uutuuslisä,1
Hyönteisvimmakin,1
Koeputkilihaan,1
Riskigeenien,1
Opintokeskusvisio,1
Enlistees,1
Kasvatusvehkeet,1
Virastomaksuja,1
Viinaturismiin,1
Tappioriskissä,1
Luisuviin,1
Panemisestahan,1
Putkiloliha,1
Putkilolihassa,1
Eduskuntavasemmiston,1
Väistymätön,1
Kaukonäköisestä,1
Yltävänsä,1
Lykättäis,1
Napakapseli,1
Pentushoppaajia,1
Veroakiertävät,1
Akunnaparasva,1
Miestenikea,1
Laaksomuumit,1
Energiasiirto,1
H466,1
V396,1
Valtionpitää,1
Dekriminalisoineeseen,1
Minkäköhänmoista,1
Lentokenttätuonnit,1
Ulokupuolelle,1
Kasvattajatoimijoiden,1
Lähituotantoajatus,1
Marijuanataxes,1
Triplahinnat,1
Teuraskuskien,1
Empatiakykyähän,1
Teuraskuskilla,1
Kanantuotannosta,1
Sopimuskanaloita,1
Annetaanki,1
Richardsista,1
Osbournesta,1
Mccoysta,1
Sebn,1
Mehuviinit,1
Oikeusjärjestlmä,1
Mustavalkoisimmat,1
Esimeen,1
Johdollisista,1
Naparasvoista,1
Promilleosa,1
Katoamistapaukset,1
Vihervassarihörpötteitä,1
Senvuoksipa,1
Nakkivuorella,1
Hahahahhahah,1
Vaenn_2004_2004,1
20_tau_002,1
Vaikeampikulkuista,1
Asuinalueta,1
Syväluotaavien,1
Monalisamainen,1
Irtisanoutumistaan,1
Nettihuutajista,1
Kycyttömiä,1
Nettihuutamista,1
Paasemisessa,1
De4131b7,1
A97b,1
3c7c,1
4802d70179f1,1
Yp1802_rikala,1
Listauksestani,1
Haavoittuvuudestaan,1
Taistelunkestävyydestä,1
Keskikovaan,1
Kanssapoliitikot,1
Luotetaataan,1
Internettisäsi,1
Suunnittelmi,1
Synaraitaa,1
Jahkaillu,1
Krapul,1
Dronedystopia,1
Kepumaiset,1
Määrätynlaiset,1
Kylänpielusta,1
Jaksamistä,1
Työllisyystuilla,1
Palkkatukiakin,1
Öljyjänsä,1
Lopetettin,1
Dreifussin,1
Ryyppäänkö,1
Raavinko,1
Kalsarinkännit,1
Ihmittelisi,1
Sinetoisi,1
Podacsteista,1
Rasvattuihin,1
Da164da3,1
D7d7ad172942,1
Korruptioepäilyiden,1
Raidemaksuja,1
Tämänkertaistenkin,1
Vastustajaani,1
Someraivoissaan,1
Koukuttanu,1
Marginaalitouhuahan,1
Tektoonisesti,1
Vierusvaltioilla,1
Pakolaispolitiikassakin,1
Laitteeltani,1
Prosessiani,1
Ohjeistavani,1
Ryhmäkulttuurissa,1
Perusburgeri,1
Energiaverokannasta,1
Aikakausijulkaisut,1
Rikollispiirien,1
Huvikäyttäjien,1
Privaattiviestintälaitteita,1
Atrien,1
Kansantanssejakin,1
Kuntoutuslaitoksen,1
Taikalaatikkoja,1
Kissavideokompilaatiot,1
Kokäy,1
Hähäy,1
Häyä,1
Hähäyaeeh,1
Nisakkaiden,1
Narahtimis,1
Ak2dle9h,1
Harrastusseuroista,1
Ylijaa,1
Vastajuttua,1
Sormisuojia,1
Ihmispiireistä,1
Hiilidioksitonnia,1
Verkkosivuillasi,1
Paikaansapitävyys,1
Flotin,1
Muuttolupajärjestelmä,1
Dynamiikkaerojen,1
Irakilaisporukan,1
Wingletiä,1
Trilobiiteiltä,1
Velkasuhdekkin,1
Hulppeaksi,1
Pedofiilijuttu,1
Aurinkodatan,1
Taktiikko,1
Semmmonen,1
Interluderaita,1
5dasavm7l,1
戶籍,1
Sytytykseni,1
Draamasarjoilta,1
Kinemathekia,1
Mifulta,1
Mustapartaa,1
Aikakaudellista,1
Ratkasemattomassa,1
Hallitsijakansan,1
Erehdyinpä,1
Onnnistuneesti,1
Vaasanympäristö,1
Pyöritessä,1
Pysähyy,1
Muuminlihamakaronilaatikkoa,1
Volttisesta,1
Älykääpiöinkin,1
Pikkumieliseen,1
Vastakiusaamiseen,1
Vastakiusaamisen,1
Itsepuolustustuksen,1
Pukukoppilokeron,1
Periaatteidenkin,1
Oppineisuudestakin,1
Läisin,1
Työkaverisuhteen,1
Periessäni,1
Tupujen,1
Syvällisiinkin,1
Murhamysteeriin,1
Y4sgmfsl,1
Tuoreimpiakin,1
Akkunaparasvaa,1
Hyödykkeissäkin,1
Joukkoliikunnasta,1
Joukkuehommat,1
Kasvatuskaapin,1
Harmitellessasi,1
Alkoholitilastoista,1
Teinieistä,1
N3xv_g3g,1
Puliveivareiksi,1
Släckit,1
Katastrofilajeja,1
Yöpynytkään,1
Oulangassta,1
Autuaisiin,1
Lopukaneetti,1
Huumekierteeltä,1
Genetiikkatutkijan,1
Kuusmosta,1
Veikkailusi,1
Retkiveneellä,1
Järjesteäminen,1
Mystic7,1
Positivejen,1
Negativeista,1
Positiveista,1
Osasairauspäivärahatyöviikko,1
Neuromodulaatioyksikössä,1
Ketamiinihoitokerta,1
Rdr2ssa,1
Radiolabissa,1
Moderointihommaa,1
Larnakan,1
Subscribetopewdiepie,1
Hiilipäätökeisseihin,1
Äänilukemia,1
Ihmisarvoisessa,1
Dingeringeding,1
Apteekkimaksuja,1
Osoittimina,1
Kansalaisaloitteitakaan,1
Eurooppailaisille,1
Metsäneloon,1
Liikennebudjeteista,1
Pysäköintihallejakaan,1
Kateellisuusverot,1
Kalliolaiskodissa,1
Omankokemus,1
Itseopeteltavissa,1
Mentorista,1
Tylsääää,1
Sähköntuottotapoja,1
Mainostekniikoiden,1
Vasemmistokansalaisaloitteille,1
Promilleluokkiin,1
Hakunappia,1
Muunlaiseks,1
Natsipalvonta,1
Aralaisiks,1
Munlaiseks,1
Alataun,1
Monopolisitista,1
Puuhapajasta,1
Perjantaiketjuna,1
Asunnonnäyttöihin,1
Tekolihapekonia,1
Petrimaljaliha,1
Ilmaistiinkaan,1
Katsomistilanteita,1
Ravintolatoimijoilta,1
Shymbulakin,1
Kanavaako,1
Maksumuuritettuun,1
Lindströmissä,1
Pystykorvien,1
Inuja,1
Saamelaiskommentilla,1
Lapsiensuojeluasetus,1
Kärsimyskykyisiä,1
Terminologialeikki,1
Määriteltävin,1
Notifioidun,1
Pajahtavasi,1
Kaakeloinnissa,1
Kastaisi,1
Vilvoittaisi,1
Eksyttäjä,1
Rikinkatkuiseen,1
Kumartajat,1
Rikinkatkuisten,1
Lieskojen,1
Fryckmannille,1
Kieroudella,1
Pakkomielteisempi,1
Mongoolisuomalaisista,1
Suhdanneluonteista,1
Birdcatcherman,1
Asuntotarjouksensa,1
Letthemin,1
Kateellisuudessansa,1
Valtiosääntöoikeudelliselta,1
Toteuttamisaikataulun,1
Alueperusteisesti,1
Valinnanvapauslakiehdotukseen,1
Videosivut,1
Kerhohuoneesta,1
Musiikkitermistön,1
Fiiliskeskusteluun,1
Ryöstäjäsikoja,1
Orjuuttamiensa,1
Äidista,1
Rotupuhtausmääritelmiä,1
Finnougrit,1
Herrakansaksi,1
Mongolijuttu,1
Vaalikonekysymyksien,1
Veroparatiiseihiin,1
Freetimen,1
Kanssakaverit,1
Rotevampia,1
Shiboista,1
Mettäkoirina,1
Assosioivassa,1
Mielenkiintoisuusjärjestyksessä,1
Vastahypoteesin,1
Argumentatiiviseksi,1
Fenomenologisena,1
Lynkkaustarve,1
Ilmiömaailmaan,1
Lynkkauskampanjoissa,1
Hälvähdys,1
Vinouttama,1
Ihmishavainnoista,1
Tupakkalainsäädännöllä,1
Kettus,1
Assosioitumiset,1
Päättelykuvioita,1
Systematisoituja,1
Nimittelytermeistä,1
Määrittelevinä,1
Tekijöinäni,1
Vastaosapuolta,1
Mielelläänj,1
Suosittavampaa,1
Obsessiivisuudesta,1
Ikuisuusaiheista,1
Väittäviin,1
Taulukkomateriaaleissa,1
Uurikaan,1
_maahanmuuttajat,1
Syventämisellä,1
Alkoholistiseen,1
Nimeätekevien,1
Taksisuhailut,1
Taksiseikkailut,1
Kannatusmenetyksiä,1
Ilmentäjäksi,1
Tekijävuotoa,1
Ilmaisuvoimansa,1
Sompailemassa,1
Törttöilevämmän,1
Asettuvaksi,1
Giljotiininsa,1
Moraalituntemuksen,1
Keskusteluhaluttomuutta,1
Yksinkertaisestetusti,1
Moraaliaistimuksen,1
Moraalituntemuksia,1
Elintasohyppäys,1
Moraalikatsannossaan,1
Alkuperämaataan,1
Arvioisssaan,1
Rakenteellisa,1
Paranoidididididii,1
Väestönsiirtopolitiikkaa,1
Talouseläimiä,1
Jussintorin,1
Happosia,1
Tiedotteessanne,1
Katutappelijoita,1
Henkilötietojärjestelmät,1
Militarisoimalla,1
Tulopolitiikassa,1
Dividends_7c8c6cc1,1
Report2018_fixed,1
Ulkomalaaista,1
Romutampa,1
Kulkusirkkalauma,1
Rotutieteilijöiden,1
Breitbartti,1
_marriage,1
Toimm,1
Ulkomaalaislla,1
_264626559,1
Reproduced_fig1_264626559,1
Koillismaallla,1
Sukulaisliittoihin,1
Buureilla,1
Kantakuppiloissa,1
The_book_and_the_sword_,1
1994_tv_series,1
The_water_margin_,1
1998_tv_series,1
Outlaws_of_the_marsh_,1
Dream_of_the_red_chamber_,1
1987_tv_series,1
Alkufiiliksiä,1
Halkaisijaisen,1
Neukkukuutoihin,1
Monitahoisemmassa,1
Poisteluksi,1
Investointena,1
Sianlihapekonin,1
Ajatustenvaihdot,1
Somaliväestöön,1
Kommunistiyhteiskunnassa,1
Antivallankumouksellisten,1
Vallankaappausyritysten,1
Antisosialistinen,1
Naukkailen,1
Maksimiprovokaatiota,1
Saɪˌænoʊbækˈtɪəriə,1
Cyanophyta,1
Photosynthetic,1
Lihateolisuus,1
X9whzt6gbgi,1
Mätänemäänkään,1
Hyvinvointivaltioperiaatteen,1
1synaqyw47ffgawlbhdq5jqq,1
Sijoitelluilla,1
Kaupunkikeskittymillä,1
Wirtsa,1
Voimatrippailevia,1
Pakolaisileirien,1
Integroittamiseen,1
Euroopansekoittajabotti,1
Wind_and_cloud,1
Riippuvuusprosentteja,1
Viihdekäyttäjistäkin,1
Teurastusalalla,1
Älykkäätä,1
Kuripolitiikasta,1
Tulonsiirtomuotoiset,1
4f69242548fff4bc26396af09e61cd4d,1
Natsisuihku,1
Alkaakeikahtaa,1
Kivikautistenkin,1
Kirppusuklaat,1
Sirkkalakritsia,1
Proteiinikarkki,1
Karkkiaddikti,1
Säilytetyltä,1
Tönötettiin,1
Tötsyttelyssä,1
Rantakaistaleellaan,1
Bm2ql3wogcu,1
Kissaraukasta,1
Kustannuaten,1
Oikeiluksien,1
Sosiopaattimaista,1
Tuomasmanninen,1
Pornofrederikin,1
P76kaap,1
Ehdoitit,1
Tehtäisii,1
Koulutuspulasta,1
Kokovaltiolle,1
Riskissäsi,1
Kasvuseutuja,1
Minotaureja,1
Geekakkosen,1
Sjørøverne,1
Ta1ds0ahzvo,1
Mahdollistuvasta,1
Minipoliisilaitosta,1
Huumorikappaleilla,1
Uutsijuttu,1
Tunturisaamelaiset,1
Mettäslappalaisia,1
Vastaaotin,1
Tekeslainalla,1
Huippuleikkaussaleihin,1
Huippuleikkaussalit,1
Huippuleikkaajat,1
Hajauttautuneet,1
Actionleffatalebanit,1
Liekokasveista,1
Kompanssit,1
Huippuleikkaussaliin,1
Huippujalkapalloilijat,1
Stabilisoituisi,1
Kukkakaalipirtelöillä,1
Medianlevitys,1
Duckauksella,1
Jutkutuben,1
Pedoilut,1
Saadaaksen,1
Kartsepp,1
Vähäsanaisuutta,1
Sandstormille,1
Raeder,1
Tilauspaikka,1
Teroittelin,1
Eräretkilläni,1
Leukuhan,1
Asepyynnöt,1
Päiväkotitilanteesta,1
Miljardibudjetti,1
Päällepuhujille,1
Alg7ws,1
Eureddision_oldiespecial_8599_abstimmung,1
Raumschiff,1
E9ocz0v6xiq,1
1l55vvwf4_5e7a39ltd2h0kvnhjzfgykb,1
Embed_facebook,1
Silmäyksiltä,1
Saksalaisyritystä,1
Vuoluhommiin,1
Statuspuukko,1
Ensikertalaisbonusta,1
Kasvavimen,1
Kasvavimiseen,1
Potkukelkkailijat,1
Kaupunkipotkukelkkailijoita,1
Dosenttejako,1
Militares,1
Venezuelanos,1
Abrem,1
Fogo,1
Opositores,1
Perto,1
Fronteira,1
Permonit,1
Venezuealan,1
Padrino,1
Convoca,1
Reuniao,1
Emergencia,1
Mourao,1
Viajara,1
Discute,1
Mantem,1
Suspende,1
Missao,1
Humanitaria,1
Tiedostamiselle,1
Atj08l,1
Kettuseksin_p,1
B6s_heinolassa_ruiskumestari_ja,1
Sääntökunnan,1
Historiallisuutensa,1
Mmmmmmmmmmmmmmmmmmmm,1
Natsiseinä,1
Lastenraiskaajapapit,1
Frendeilläki,1
Comprendre,1
Raakalaskemalla,1
Infrastruktuuristamme,1
B7a8011dd8c31f801c59633f07452935,1
Eläintenpitokieltojahan,1
Hengestänsä,1
Alkusijoituksien,1
Hakaristirätin,1
Voitontahtoisesti,1
Supistunee,1
Tasausrahastoilla,1
Kasvuseutu,1
Junallakkin,1
Fiilispaskaa,1
Kaavoitusjuttu,1
Yhteiskuntahankkeista,1
Sääntökunnat,1
Vieroksuttaviksi,1
Rykmentillinen,1
Ydinasekärjillä,1
Sissijousimiehiä,1
Gewojls0pfw,1
Howdopeopleliveinthegdr,1
20gdr,1
N31,1
Cvrzvuhxwf8,1
Stwk3iansh4,1
Ho2winelm0y,1
Amjph00269,1
S5axvunzqsa,1
C61b28b1,1
4d96c8310e29,1
Maahanmuuttajavastaisella,1
Irtaantuneisuutta,1
Näöstäsi,1
Tulomäärillä,1
P2bn2s3,1
Persejärvestä,1
Tehokkuusvertailua,1
Offopiccia,1
Greenspun,1
Palaamisvelvollisuudella,1
Löihän,1
Sinunkaltaisellasi,1
Taikarahat,1
Mammuttilogo,1
Kiinalaislapsella,1
Pyöränkotelon,1
Fixiksi,1
Annakus,1
Keskivertoskenaarion,1
Voitonhakoisuus,1
Keskiverrollekkaan,1
Tumblr_nkt389xku41up6vx5o1_640,1
J4qxtfsnatyt,1
Yliannostuskuolematilastojen,1
Ääriratkaisujen,1
Budjetointiongelmia,1
Ur007enj,1
Rakennuslupamääräykset,1
Lupatoimepiteet,1
Valituskausi,1
Joutsenpesä,1
Fasistipuolueelle,1
Rakennusporukka,1
Satellittikuvissa,1
Tyhmyysx562,1
Ihoahan,1
Jgtl26lgpmyz,1
Joutsenenpesät,1
Kivivarkaita,1
Tikkaitakaan,1
Sotehuijauksen,1
Väestömuutoksiin,1
Zbndr_ibdiu,1
Jkhyr7,1
Bhk0,1
Invalappua,1
Cuiidr_wcaajmnw,1
Kielletävää,1
Lastenraiskaajapappeista,1
Saastevuorensa,1
X2qvsnp,1
Wargroove,1
Kelasurffaajat,1
Almatysta,1
Primaatin,1
Peruskouluopinnoissakin,1
Ahvenanmaalaiset_puolueet,1
Liikenneopettajat,1
Rapefactory,1
Remiksauksia,1
Murisija,1
Pyhäkoulukamaa,1
Superkahvia,1
Kannabisoluen,1
Määrittelykysymyksen,1
Antroposeenista,1
Yksinkertaistetumman,1
Yhdistelmäaseeseen,1
Cattiin,1
Mopoautokorttia,1
Kaksijalkaisijalla,1
Arabikundien,1
Kerjäläisliigaan,1
Groominjengejäkin,1
Autoromuttamosta,1
Xphone,1
Nimiasiaan,1
Tulevaisuusnäkymä,1
Taulukkotiedoista,1
Konservatiivitripeissä,1
Eny_ce_au8e,1
Ratsatus,1
Sukulaispiireistä,1
Nimuttäin,1
Neutraaliteettia,1
Puoskarioperaatioihin,1
Kahlausaltaassakin,1
Elämänpakkauksen,1
Onnettomuusherkkyys,1
Tilastokatsaus_mopoilijat,1
Sktopsko1xs,1
Feministifanaatikko,1
Ralph_northam,1
Ajoharjoitusta,1
Turvaratkaisuihin,1
Ennakointijärjestelmä,1
Risteysavustimella,1
Poistumisavustin,1
Varoittelijoilta,1
Vapaaehtoistyöryhmän,1
Ideaal,1
Pilveään,1
Elämäntaparikollisuudesta,1
Slängääjään,1
Alluremedia,1
1565kg,1
Äänestysmotivaattori,1
Halpatyövoimamaissa,1
Juroilusta,1
Jubaillakseksi,1
Mitänjo,1
Suomalainehan,1
Omasuojakyky,1
Huvipurjehtia,1
Konfliktiaikaiset,1
Huoltokäyntien,1
Taistelunkestävämpi,1
Häivekorvetit,1
Työmatkalentämistä,1
Kukkatarhasta,1
Matikaisella,1
Elinkelpoisemmat,1
Rahatisseistä,1
Sukupuolineutraaliuttakaan,1
Sukupuolisensitiiviseksi,1
Puolijuopon,1
Nuorisobankilaan,1
Ikikyynikkona,1
Hallitusvyyhdin,1
Laulunäytetietokantaan,1
Akbdug,1
Only_when_mats_was_dead_did_the_parents,1
Advchinassa,1
Pilkunvääntäjä,1
Pyörätuolikelpoinen,1
Laatujournot,1
Raiskaustehtaasta,1
Keravalais,1
Vapaa_kauppa_keisari,1
7p7wjc,1
Virgin_intti_mosa_vs_chad_sivari,1
F65ceb13,1
36d6,1
94a1,1
E70e722819d8,1
Wowipelaajana,1
Syrjäseututuki,1
Variaattorista,1
Turhaketeollisuutta,1
Ilmastotekonsa,1
Puolivittumaisesti,1
Teknoutopialukuihin,1
Ydinero,1
Ilmastotuskasta,1
Oikeinkirjoituskorjaus,1
Vietyihinkin,1
An9oxb5_460s,1
Ostoakaan,1
Puistelet,1
Ajokorttisysteemia,1
Vastasaaneisiin,1
Yksinkertaistaneen,1
Peugeotilta,1
Sallitunikäisen,1
Tientukkojahan,1
Nollahiiliyhteiskuntaa,1
Ylikunnianhimoiset,1
Epätasavertaisuudessa,1
Kasvatusalueella,1
Viillelkää,1
Mopoautonkin,1
Kaaranvalmistajan,1
Kokonaismassaksi,1
1240kg,1
Ylänopeus,1
Mummoparven,1
Allejäävälle,1
Rattiraivoakin,1
Naiiviustestausta,1
Uusistus,1
Markeiteiden,1
Vastuunkantohalua,1
Jyyssää,1
Elinkelvottomamman,1
Kevytautonkin,1
Nelipyöräsillä,1
Domesticating,1
Petted,1
Whimpering,1
Verkkosuunnittelun,1
Pikselinpuskijan,1
8ea2fd8efb22,1
Ajoopetusta,1
Ilmastosanktiot,1
Feminazin,1
Awwin,1
Doggos,1
Awoo,1
Kaasusytyttely,1
Pakolaislaissa,1
Bendixen,1
Tulijajoukkoon,1
Mieleenpainuvina,1
Puskemisensa,1
Sotafilosofiaa,1
Näännytyssodankäynnin,1
39e53f15,1
3b21,1
6492227d2945,1
Ekopakolaisten,1
Jenkkielementti,1
Autokuskaamisesta,1
Kuormittamattomana,1
Kansallisbolshevistien,1
Ikäspektrumia,1
Sukupuolihormoonipitoisuus,1
Abortithan,1
Nikotiinilläkin,1
Keskustanopeuksissa,1
Porvariversion,1
Hupiautoksi,1
X4hziyp,1
145x108,1
Elintarvikekuljetuksien,1
Keskivertokaupunkilaiselle,1
Pyörävuokraamossa,1
Kevytautolta,1
Feministilibtardilta,1
Pakoilevana,1
Savukaasujaan,1
Normitalouksilla,1
7cn5wqqceig,1
Parempirakenteinen,1
Vuosimallirajoituksella,1
Perhesuunnitteluklinikat,1
Keskiraskaudessa,1
Rakennepoikkeavuudesta,1
Kromosomivika,1
Shokkikorttina,1
Turvalaitevaatimukset,1
Perusturvalaitteet,1
Kevarikuskin,1
Tekniikkatesti,1
Ottamiee,1
Kontrolloimiseesi,1
Tiilipiippujen,1
Tupakkimiestä,1
Q_nsxioyzmq,1
Vaunupaikka,1
Postilastikkoon,1
Angioutuja,1
Kuntoutussuunnitelmaansa,1
Lisäkomplikaatioita,1
_qammbto,1
Uvb_qammbto,1
Leiritalon,1
Ilmalämpöpumppujakin,1
Kuolemafoobikko,1
Runoudellisesti,1
Liveseurantakamera,1
Löysinmatkapuhelinkäyttäjän,1
Suojattukin,1
Raskaudetkaan,1
Serverilläkään,1
Mopokuskina,1
Kansanhallitusko,1
Liikennesääntojen,1
Jaakkopekan,1
Jaakkopekka,1
Emmtiiä,1
Syntyneella,1
38kmh,1
Ikkunarasvaa,1
Aborttion,1
Velvollisuusrypästä,1
Atlyhy,1
Bernerin_freudilainen_015,1
Kurdit_keltaliiveiss,1
A4_livel,1
A4hetys_jossa_kuvaaja,1
Ako4i9,1
Olkaa_nyt_varovaisia_liikenteess,1
A4helt,1
A4piti,1
Ap3vr9,1
A4mme_ikin,1
A4_unohtako_suomenkielisen_dubbauksen,1
872lct,1
Tekokauhisteluun,1
9puuup,1
Historiantutkija_valtiotieteilij,1
A4_jukka_tarkan,1
Sisäelimiensä,1
Rajaviikot,1
Etsiikään,1
Loukanneesi,1
Nazimaiharein,1
Knmbofhudlc,1
Huoltapitämään,1
Raiskaisilmiannoilta,1
Adoptiolakeja,1
Elemäntyyilinsä,1
Norjankielisessä,1
Dod_,1
Forsto,1
Foreldrene,1
Verdien,1
Gamingen,1
Orjarodun,1
Notifioimaton,1
Oikeusvarmuudesta,1
Notifioimatta,1
Eksyneetredditinkäyttäjät,1
Selvityisi,1
Yarhump,1
Sukupuoliroolitukseen,1
Muutuimme,1
Sukupuolilokerossa,1
Sukupuoliaktivistien,1
Laajakaistalasku,1
Suoramaksuun,1
Laskuopas,1
Kevytautona,1
Susisen,1
Kukuneen,1
Kuortsikka,1
Neutraalitapa,1
Lapsenmurhia,1
Poissaolossa,1
Warmingia,1
Todennköisempää,1
Kännireissusta,1
Riippuvuusprosenteilla,1
Siittiöllekin,1
Kaatopaikkamme,1
Irvokkuudella,1
Jahtaakin,1
Jännitysmomentissa,1
Sullya,1
Nokiteta,1
Normileffassa,1
Romanssikuvioon,1
Keskenmenostakin,1
Vauvaehdokkaat,1
Synnytyskäynistetään,1
Moraallisempaa,1
Senastisen,1
Julkisehdokkaita,1
Blogaamisella,1
Urasiirtymiä,1
Ykköspolitiikoilta,1
Maahanmuuttaryhmistä,1
Atil8x,1
B6ministeri_lindstr,1
B6m_livetwiittaa_rambo_2,1
Eh3oe6m,1
Parlementti,1
Kansalaisuustilastoja,1
Saapumisaalto,1
Turvapaikkaseikkailijat,1
Mko5y8queji,1
Menehtyvän,1
Synnytyksesi,1
Lopputuls,1
Horjauta,1
Potenssiaalisesti,1
Toimintarämistelyjä,1
Rockyllehän,1
Homssuisesta,1
Vaatteiteita,1
Tatviiko,1
Järkiperäisyyteen,1
Sensurointityötä,1
Kirkumiselta,1
Lentikentillä,1
Tukityöllisestty,1
Aatteellisempaa,1
Kiinalainenko,1
Koulutusviejiä,1
O9l4eiyfzjg,1
Uizi3t7,1
Miehistönmiehistö,1
Appelsiinihan,1
Kirjekaveritkin,1
Pesees,1
Phjoismaide,1
Doubledecker,1
Ajotuntisi,1
Kuortsikkakortilla,1
Nettikavareita,1
Kreisibailaamisesta,1
Varmuusluokat,1
Tunneliratkaisulla,1
Heitinmiehes,1
Elintilassamme,1
Rempaaville,1
Kaupunkiajotunti,1
Vinoparkin,1
Maaseutuajokortilla,1
Kaupunkiajotunneille,1
Keskilämpötilatilastoissa,1
Kultturelleille,1
Appiasta,1
Kohdussaolo,1
Itsemääräysokeuksiin,1
Temmpuillu,1
Skannanu,1
Poikkeuskäännös,1
Raskauskolmanneksella,1
Ihmispersoona,1
Ihmispersoonasta,1
Patkällä,1
Liikennenöidympi,1
Lääkeabortilla,1
Feticide,1
Luotettavahkon,1
Voitelulle,1
Kohdussasi,1
Ws5bd81892a310eff3032857f5,1
Kansansuunnitelmasta,1
Ilmastotietoista,1
Eläinpopulaatioista,1
Tunnekuohuni,1
Emulesta,1
Pokeleffaa,1
Tiedostonimellä,1
Rikkinäksestä,1
Lihassankarista,1
Naivimmin,1
Yllyttämisesti,1
Piittaamattomammaksi,1
Viherpiipertejä,1
Reissulentäminen,1
Kritisointivaraa,1
Jenkinkään,1
Saalistaville,1
Korttivaatimukset,1
Mitäänenooottanut,1
Tuleapuunanja,1
Väestönvaihtumisesta,1
Väestönsyrjäyttämisestä,1
Metsästäjällekin,1
Ruumisautooni,1
Flairinasettamisnäkymään,1
Onyxipussit,1
29b1efbf,1
4c6a,1
A04e320f9045,1
Piercen,1
Kapeenäköstä,1
Selkänäs,1
Cqbsh,1
F7328b82a5,1
Adoptoivista,1
Päihderiippuvuuksiaan,1
Tienauskeinona,1
Avatarinsa,1
Avataresta,1
Avataren,1
Korvaamaattomana,1
Vaukauden,1
Puskasodista,1
Mekkaloista,1
Pioneerihengelle,1
Systty,1
Pantherseilla,1
Carmichael,1
Transitiopisteessä,1
Ennakoima,1
Ihmisväkijoukkoa,1
Ihmisväkijoukkoon,1
Istuntopäivä,1
Suihkuamaan,1
Pedofillijahtaajan,1
Suosikkijälkiruokaansa,1
Rahkaparoneille,1
Pävällä,1
Misandisti,1
Antihumanismista,1
Sdeasra,1
Njj94o1b0qi,1
Trakcs,1
Henkilöliikennemarkkinoille,1
1132730_4_style,1
Metsästyspatruunoiden,1
Haulikonpatruunoita,1
Patruunankulutus,1
Ampumakokeen,1
