Sähkösuunnittelijoita,1
Qhse,1
Legomeren,1
Jonglööraisin,1
Buhuuuuuuu,1
Kiihoittamistarkoituksessa,1
Pedariläppää,1
Tuhmuusasteesta,1
Postannee,1
Raskauttavinta,1
Alaikäisyysjuttu,1
Seksiviestein,1
Rekryehtona,1
Nahkatakkimiehistä,1
Talvimarssilla,1
Liigakisat,1
Accompetitzionessa,1
Reikua,1
Kasvaneenakaan,1
Mediatuotantotradenomi,1
Tradenomiopinto,1
A849addcb2968b697bc5178fe1080d66,1
Peruukkimalli,1
Pedarikansiot,1
Kaltastaisi,1
Huoltotyyppejä,1
Hakemusestasi,1
Paremmapksi,1
Plussasi,1
88idu8xr4m6c1,1
Ea5ade982a2e3336c233c252cc7b187f806c62ca,1
Hennamaukalt,1
Naapuripiiristä,1
Jäätteet,1
Kokoomuslasten,1
Vassaroituminen,1
Työväenporukkaa,1
Plzenissä,1
Plzeniläinen,1
Määrirelmä,1
Alejä,1
Sisarustyyli,1
Työttömyysrahasi,1
Televihsjön,1
Kaihiksi,1
Silmäpolilta,1
Leikkauskriteeri,1
Peruskoodariuteen,1
Aloittajallahan,1
Silmäläälärille,1
Silmänpohjat,1
Mustuaista,1
Tyovoimabarometri,1
Oikeistokeskustelussa,1
Kultturivallankumous,1
Kiihdettyä,1
Sivistysporvarius,1
Natsikannibaalifasistipedofiiliporukkaa,1
Suvakkivassarimaanpetturihuorajoukkoa,1
Propadangassa,1
Seksuaalispainotteista,1
Hallintomenettelystä,1
Noutaneesta,1
Tradenomitutkinnolle,1
Kuukausibrutolla,1
Kipuongelmat,1
Kanarianlomilla,1
Maksimiwiirtomaksut,1
Seksiviesteilystä,1
Selväpi,1
Massavetoomuksista,1
Osoitelista,1
Keakiluokkasten,1
Työväenkulttuurista,1
Kotipileistä,1
Muoviämpärikansa,1
Robottipenska,1
Mielenlaadustakin,1
Värkkäävätkään,1
Lotalty,1
Oikeistopedofiilit,1
Lapsuuskuvista,1
399ff005,1
547a,1
Ea7da9a3cab3,1
Verkkoliikenneteknologioista,1
Subnettaus,1
Parempituloisemmaksi,1
Tehdastyöläisjoukoksi,1
Työväenpuoluettakaan,1
Hämäläismurretta,1
Remakin,1
Nkakella,1
Vatsanvääntöä,1
Hankalasa,1
Lynxiläisille,1
Soolokimara,1
Raiskaussyytteelle,1
Sanktioimattomia,1
Asylumit,1
Vakiotyö,1
Siirtohintojehan,1
Pedariutta,1
Iteg7ig2apuwys5l8,1
Sherlockaisin,1
Perintötyökaluilla,1
Kyvyttömyyspuolueeksi,1
Läpeensäkorruptoitunutta,1
Hikipajatehtaista,1
Tuntipalkallakin,1
Opintotukikuukausii,1
Rannekipuihin,1
Ranneongelmia,1
Sivuhiiren,1
Ärähtäis,1
Sairaslomapäivään,1
Neuvottelukohdan,1
Kovennettaessa,1
Pystyynjäätyneistä,1
Kyynärkivut,1
Peukalokivut,1
Talonilla,1
Kivestenkutistusmehu,1
Säpsähtelevä,1
Osuttiinkohan,1
Nässä,1
Jäntevöityminen,1
Syyttelyasiaa,1
Shitterii,1
Laitosvälinehuoltajat,1
Stadiässä,1
Myyttistyneen,1
Periaatefundamentalisti,1
Oppisomispaikat,1
Vastaanotettaisi,1
Äänittäisit,1
Sarjasyyttäjiä,1
Väärentäminenkään,1
Kanslioita,1
Järjestelmästäänkin,1
Lämmitetylle,1
Lepopaikalle,1
Poristavaa,1
Peräkuhmolle,1
Virkailijatutkinnot,1
Oloisiksi,1
Öyhöämiseltään,1
Ykstiyisviestejä,1
Vastavallankumouksellisesti,1
Kenguruoikeudenkäynnit,1
Röökimuijät,1
Myöntämääkin,1
Sotesotkuhan,1
Eduskuntapuoluieille,1
Pelivalintasi,1
Pelisääntökeskustelun,1
Korkoisempia,1
Amerisentristä,1
Thingsien,1
Raivottamiseen,1
Pieneeköhän,1
Ajanpeluuksi,1
Vuokratulojaja,1
90kv,1
Heikomminpärjääviä,1
Velkajuna,1
Passiivirekistereitä,1
Ikuisuusopiskelijoille,1
Pikkukapungeista,1
Lällyleffoja,1
Traumaleffoja,1
Voileipiensä,1
Ennätysindeksikorjaukset,1
Projektejakaan,1
Konsultointihommiin,1
Tutkimusassistenteiksi,1
Vinksta,1
Poisjääntejä,1
Valvepukki,1
Kirjoillaollut,1
Vuokrantuen,1
Kannanottopohjat,1
Ulkojuridisena,1
Öyhösfäärin,1
Roskistulipaloon,1
Pedarikuvien,1
Tutustumistapahtumissa,1
Työnhakusivujen,1
Terveysvakuutusfirma,1
Leijonapastilleja,1
Sarjoittaneensa,1
Hakemuskokemuksen,1
Minimipalkkaduunarialalta,1
Laskutaituri,1
Hob3fui0in6c1,1
E8185c24390a03483a989a21f85daa88a252f77c,1
Etnomusikologiksi,1
Sivarivuosi,1
Toimintaperiaatteikseen,1
Panpulla,1
C0rd_wktep,1
Teollisuusajat,1
0a6db7ee,1
89e05f4070a9,1
Deindustrialisaatiosta,1
Työntekijäpohjaa,1
Insinööritoimistoihin,1
Räkäköyhää,1
Kotikonttorirotille,1
Kilometritehtaan,1
Nouusa,1
Kuukausiliksassa,1
Laskukyvyttömät,1
Lakkokylteillään,1
Kioskinkassalla,1
Myyntiorganisaatioon,1
Ylihauduttavat,1
Isolehtineni,1
Luonnontuotejuttujen,1
Viheruute,1
Lisäainekapselit,1
Yrttijauhetta,1
Viestiteltyään,1
Representativeja,1
Röimieshommissa,1
Harhakuvielmat,1
Keksustelunaiheet,1
Simelius,1
Hintasäätelymalli,1
Kanditavaraa,1
Nakumatsku,1
Gdppc,1
Juristitiimillä,1
Tekemistäihan,1
Listasivatko,1
Kristilliskonservatiivisille,1
Rassaajaa,1
Kahnata,1
Työsulkuilla,1
Haistaisitkin,1
Sisiätiloissa,1
Kohdistuutyöntekijän,1
Piiirien,1
Internetdraama,1
Iltalehtitin,1
Nyttt,1
Marbloroa,1
Sisälogistiikan,1
Työnantajahallitus,1
Mamuvastustajalla,1
Erityisenvalitettavaa,1
Kiusattas,1
Kokoaikaisiata,1
Koneinsseille,1
Kakkailemalla,1
Etisestä,1
Takaisemmaksi,1
Matkabloggeri,1
Luopumsssa,1
Harainen,1
Sahaiselle,1
Digisoitui,1
Tukiiässä,1
Meemulien,1
Sääntäöjenvastaisen,1
Järjestelemme,1
Kansankus,1
Sc4gbdapzn6c1,1
63c2bf5b4df1b136691957321462832bc59a1210,1
Irtipääsemässä,1
Kahviataukoja,1
Vtvhch2ko9vqkz_x,1
Harjoittelijanpaikkaan,1
Vakipaikaksi,1
Vahotoehto,1
Kommentoituihin,1
Velkakapteeni,1
Palvelunantajia,1
Ansaitaaksemme,1
Verrani,1
Ketjukirjeestä,1
Keskutastalaiseen,1
Asetovereilleen,1
7be7cf1f,1
D09077177d35,1
Yleisöakolla,1
Kanssansi,1
Sataneliöisen,1
300teurolla,1
Braingymmer,1
Alcoholisch_brein,1
Eläkemaksukomponentti,1
Kokonaisveroastehan,1
Laittesiin,1
Eläkeyhtiöjärjestelmä,1
Matkimimen,1
Työväenkulttuuriin,1
Avustajakain,1
Buurivaltio,1
Velkapuolueiksi,1
Yrittelijäisyydellään,1
Hiiriperhe,1
Vikramiehen,1
Sukulaisesikin,1
Bkteen,1
Lautapäitä,1
Hithlumin,1
Jäärauman,1
Mithrimiin,1
Hopeanhohtavat,1
Puhalisi,1
Torviinsa,1
8b5rifci5vs,1
Lenininistinen,1
Ultrarasistisia,1
Elinikäennusteeseen,1
Psyykkisessa,1
Ääniherkistä,1
Abblla,1
Työhakupalveluihin,1
Rekryfirmoihin,1
Suuralueelta,1
Blogiturautuksiin,1
Erityisasiantuntuja,1
Itkupotkuperseraivarin,1
Kasavaan,1
Oikeistofantasioihin,1
Varastonhoitajan,1
Auditoinissa,1
Huutoitkun,1
Sairaimmankin,1
Korotellakin,1
Työsuunnittelijan,1
Varjokabaalin,1
Katupölypilviä,1
Loismaahanmuuttoa,1
Leikkuripolitiikkaansa,1
Inssinpaikka,1
Sysäyttänyt,1
Työyrityksessä,1
Kaappasivallan,1
Sotilasvallankaappauksessa,1
Tulevaisuuksille,1
Verovähennyssäädökset,1
Lobbaamistakaan,1
Aamupalakustannuksethan,1
Edustusasunto,1
Kiireisimmälle,1
Julkkisjuorutyyppisissä,1
Nukkumiseenkin,1
Progressioviseen,1
Hyvinvoinnilliselle,1
Understandingtaxes,1
Whys_thm02_les05,1
20deal,1
20programs,1
Sinukaltaisilöe,1
Koulukyyditetään,1
Rahahäviö,1
Sauditkaan,1
Ihmisbyrokraatit,1
Arvokäsitykseen,1
Suomalaiseissa,1
Muuttopäivänsä,1
Rappunsa,1
Rikosilmoituskimaran,1
Pelastusrikkomuksena,1
Öhalutessani,1
Pieneituloisia,1
Kysyinkinkin,1
Holodomoreja,1
Viidakkoveitsiverilöylyjä,1
Perusvaivoihin,1
Kotiäiditkään,1
Boikotetaan,1
Häiritsevämmiltä,1
Partiolaivat,1
Kanadassaan,1
Paraolympialistille,1
B2238319,1
Hoitamisaan,1
Koskab,1
Vassarihallitukset,1
Palkankorotusmekanismeja,1
Taloustilastoissa,1
Syösemään,1
Khomeinilaista,1
Shioojen,1
Loppuneissa,1
Oikeuspuolueen,1
Mursilta,1
Katumielenosoituksia,1
Lukioinssillä,1
Hitsausmerkkejä,1
Jihadistiterroristisolusta,1
Inisisikin,1
Häätämät,1
Origin_of_the_palestinians,1
Ammustehtaalle,1
Turnauksessasi,1
Piparimäärällä,1
Tausta_ja_perustaminen,1
Tunneleitaan,1
Vaastonottavaisia,1
Nettovarallisuusmittarisi,1
Manuaalisessakin,1
Manukoneita,1
18jottk,1
Vtv_velkalaiva_tuskin_k,1
Kdlwmi2,1
Käteenvedosta,1
Schäublea,1
Sesonkiherkut,1
Yhteisymmärryksensä,1
Lähärikin,1
Pakkokäännyttäen,1
Arabized,1
Siirtomaksujakaan,1
Hupimatkailuihin,1
Enimmäisinä,1
Palesriinalaiset,1
Luokkayhteiskunaa,1
Talousellisen,1
Meemivala,1
Yrttelijäisyys,1
Siirtokorvaukset,1
Varastetutkin,1
Melus,1
Läpsyttämällä,1
Muslimiamaat,1
Pyröivät,1
Putetta,1
Hyväsiskoveli,1
Veikkoo,1
Shitholen,1
Pienemmällekkin,1
Edunsaajaryhmälle,1
Leikatttu,1
Kuutiokilometrillä,1
Paperipuljut,1
Puskurivyöhykkeineen,1
Korjausvelkaisia,1
Kenneliliittosta,1
Markkinointidiili,1
Yhteistöltä,1
Sponsoriepelien,1
Goaleilla,1
Yw0szpc,1
Ammutu,1
Muhamedeja,1
Griiffaat,1
Ruskitrollien,1
Hakemuksillakaan,1
Jm2_lbvzg6c,1
Uusarjalaista,1
Misandriselta,1
Histrioninen,1
Nsuhoittamassa,1
Histrioniset,1
Työnhakiana,1
Islamiya,1
Hacham,1
Arieh,1
Spitzen,1
Merikaapeliksi,1
Tarvettakäydä,1
Persoonallisuudessakaan,1
Ystäpiiristä,1
Korkomeinoihin,1
Itselähtöisyyttä,1
Terverydenhuoltoon,1
Tupolevilla,1
Kyydittäisiin,1
Suhtetettuna,1
Murotaikinaa,1
Bwx75mq14p6c1,1
46a94ad56e5b789e7158c731704347e9417274c4,1
Pohjarakentamisen,1
Geoteknikoista,1
Hiljeneekin,1
Konsesnus,1
Nullikoita,1
Wo0lrur,1
Taistelijanimellä,1
Tuhmurit,1
Esiintymistyö,1
Sjepon,1
Työvelvollisuuksista,1
Zepolle,1
Olllenkaan,1
Siviileista,1
Kanadankaan,1
_mielikuvana_,1
Pöyristymiselleen,1
Idänpyllistelijät,1
Itäaisan,1
Puoluelinjaus,1
Loppuelopuksi,1
Antaneellekkin,1
Sotalaivateollisuuden,1
Sirkusesityksellä,1
Hyvinvointiyhteiskunnasat,1
Kuumasinkin,1
Galvanisoida,1
Hitsaantuvia,1
Uudelleenkristallisaation,1
Jälkilämpökäsittelyä,1
Galvanoitujen,1
Kiinnitysosien,1
Kiinnitämiseen,1
Peruspuikoilla,1
Juotoslankojahan,1
Liitosmuotoja,1
Korroosioriskistä,1
Läpipaloriskit,1
Lapiomista,1
Ollenaakn,1
Tukastamme,1
Rupl,1
Eläkkeenmaksupäivänä,1
Pohjoiskoreailee,1
Natiolaiskonservatiivinen,1
Khättiläisen,1
Luinja,1
Velanhoidolle,1
Matalalasta,1
Täklaisten,1
Restarante,1
Restarantea,1
Läpikulkumaksut,1
Työnuralla,1
Yhdistävätekijä,1
Cj0kcqiasvwrbhc0arisao4e6f8sowupqdk8cgvlw1ndssqpdxd1hsmipzaltwu5xnxeue5br1jpqk8aatdjealw_wcb,1
Pidempiaikaisn,1
Ranneongelmiin,1
Valittaia,1
Tarten,1
Hupiturnauksia,1
Thms,1
Vadtaavat,1
Tukipalvelufirmat,1
Verotusprosenteissa,1
2d4a11dd,1
Youtubekansaan,1
Prrosentti,1
Huijarijoukkueita,1
Gaamiksen,1
Puukkovaltaa,1
Kehitysmaaperäisen,1
Leikkausintoinen,1
Kusiainenkin,1
Työmaalakana,1
Vihasyöttiuutinen,1
Kirpeänsuolaisen,1
Tammitynnyrimäisen,1
Vuosikertavahingonilo,1
Äänestäjäluokka,1
7prosenttiyksikköä,1
Ammuskelukentiksi,1
Tasakenttiä,1
Juostan,1
Kssvuprosentteja,1
Kirjoitusergonomiaa,1
Tupakkatieteiden,1
Mitäääään,1
Kokoomusretoriikka,1
Faktojenpoiminta,1
Pantavassa,1
Paskanatsihallituksessa,1
Sopeutumiset,1
Orpoilu,1
Muutamot,1
Infranpuolelta,1
Kokonaisvelkatilanteeseen,1
Rajarallaajien,1
Muualmilla,1
Leivoinnaisista,1
Hiekkarantojen,1
Hähmäiselle,1
Ilmeiseksiko,1
Holtitoton,1
Kotoutumistoimia,1
Ohjauspallo,1
Ruuvailuja,1
Koulukenntällä,1
Infrapuolelta,1
Rakentamisaikaa,1
Salmiakkijugurtti,1
Krannin,1
Somelääkäritoiminta,1
Vieroitetaanko,1
Koistä,1
Hapag,1
Seitsemänhenkisen,1
Riidankylväjistä,1
Metsämormonit,1
Avokätisimmät,1
Kotoutettavilta,1
Propagandatrolleille,1
Propagandatrolleista,1
Värväysikä,1
Tunnuksessani,1
Pitelemättömiä,1
Kätösiinne,1
Haltiakielestä,1
Kulkutautisairaalalappusia,1
Revitalized,1
Kilpailukuky,1
Paikoikoissa,1
Bruttovelkaantumista,1
Pääomitamalla,1
Saanatunturia,1
Veropronsentista,1
Paanasten,1
Maksellakkin,1
Odotuksiesi,1
Erppeihin,1
Päähommiksesi,1
Metsäalueesta,1
Koneurakoitsijoiden,1
Hunttaamassa,1
Kesäapulaisia,1
Edellisenhallituksen,1
Harjoitusalueesta,1
Hävittäjäeriä,1
Paavoltako,1
Navetettiin,1
Ulvilahan,1
Schleicherille,1
Alusvaatteisiillaan,1
Piiraisiin,1
Hallituspuolueiksi,1
Kulkutautisairaalalapun,1
Jakeleman,1
Kulkutautipöpöt,1
Farkuissasi,1
Pumppasit,1
Täydentäjinä,1
Aviokodistaan,1
Lakikoulukunnat,1
Jäähyväissaarnassaan,1
Tabarin,1
Ulkoilmakävely,1
Nukkumaankäyntiä,1
Levollisempaan,1
Nollainertiaverkkoa,1
Integraatiohaluton,1
850mrd,1
Sopeutumissuunnitelmassa,1
Poteropuheissa,1
Mielikuvitusleikillä,1
Hujakkeilla,1
Siperiankaltaisen,1
Teräsrakennesuunnitelijoita,1
Asennettavuutta,1
Varotuloihin,1
Gondolat,1
Teollisuusvaltiona,1
Paikallistuminen,1
Viruiksi,1
Pankkisekoilut,1
Keskitymmistä,1
Väestönvaihtosalaliittohan,1
Sanamagiasyistä,1
Tuktimustuloksia,1
Tämäniltainen,1
Pedofiiliaiheista,1
Hukkasiittiöille,1
Kenttähitsarin,1
Termohaliini,1
Harjoittamaankin,1
Säästlöillä,1
Asumuspaikan,1
Preventionweb,1
Mälästä,1
Köylen,1
Mäläntyny,1
Vaaravyohykkeella,1
1p69mp,1
Sydäristään,1
Taloustieteessaä,1
Kaljako,1
Hiuspanta,1
Esimerkikso,1
Tulevasuudessakaan,1
Velkapuoleueet,1
Köyhäläiset,1
Oksaahan,1
Miljioonien,1
Deathrate,1
Varjojääkäreiden,1
Lainsuojattomuuteen,1
Dunaarien,1
Runkkausmatskuna,1
Ruinauksesta,1
Kuntouttajani,1
Ruinaisitko,1
Varikoitahan,1
Mataluudestaan,1
Levitaatioyksikkö,1
Masturbointifantasiaa,1
Videz,1
Lapsuuskuvia,1
Skolioosit,1
Mainistettu,1
Meikattukin,1
Väsäilijät,1
Elintarvikejakelua,1
Himoverotetaan,1
Kyyhötellä,1
Asumiskuntosia,1
Maailmasss,1
Ilmastotyyppiin,1
Keskiarvokulttuuri,1
Kahvihuonehuumori,1
Pöhinäpöydissä,1
Väinämöisistäkään,1
Värvättävä,1
Dolumenttielokuvassa,1
Lapinlomalla,1
Äänilistaan,1
Hölmöilytempauksia,1
Yläkerrän,1
Hulinoinnissa,1
Epäkristityille,1
_maahanmuuttajan,1
Essenssiä_,1
2b89cc81,1
7ebe,1
F3df53fa05ab,1
Ihmisrääpäle,1
Öyhööntyminen,1
Vastavaikuttaminen,1
Vastavaikuttamisen,1
Talousexperttejä,1
Veotusta,1
Kouluhommassahan,1
Jeesaisivat,1
Erityslasten,1
Kasvatuspsykologien,1
4fpl6njbp4q,1
8hnxuhhahkppltxw,1
Salkkuäijä,1
Monisäikeisien,1
Pidempiiin,1
Inkeriläistaustainen,1
Bäkmäni,1
Väärinkirjoitukset,1
Populaakulttuurista,1
Estettiikkaa,1
Nettikulttuuristakin,1
Itertekstuaalisuutta,1
Vaikeaselitteistä,1
Kuitnakaan,1
Vessanseinäkirjoituksia,1
Ohjaustuksissa,1
Vileniukset,1
Dosenteiltako,1
90senttiä,1
Israelilaissotilaan,1
Euruuppalaiset,1
Hamuamisen,1
Purisijahan,1
Bunkkeripapan,1
Turnkeyfirmoilla,1
Tavatallaaja,1
Äänestyspäätoksiään,1
Megaeläkkeitään,1
Sipip,1
Epäpopulistinen,1
Rauhanosingoilla,1
Puolustustuotanto,1
Talvikoulutuksessa,1
Pedofiiliosastolle,1
Biksukuviaan,1
Kilpailukeskeisyydeltään,1
Yksilökeskeisyydeltään,1
Kuukausitulolta,1
Eläkejärjestelmiän,1
Vakuutusmuotoiseen,1
Toksoplasmooseja,1
Profiloiden,1
Kansaneläkkeisen,1
Ruokavuotesi,1
Jytaksilla,1
Suurempituloistwn,1
Kirjoittavissa,1
Miesmassalle,1
Työeläkelaitoksille,1
Eläkemaksuakaan,1
Kertyessäkään,1
Haastanyt,1
Einespizzan,1
Perittäidi,1
Loppusuunnitelmana,1
Laatuvurhe,1
Myrkytyskeissiin,1
Wunderwaffeneita,1
Demokratian_muodot,1
Sekoriin,1
Cjwkcaia1fqrbha1eiwamu5m,1
_zjhmhs5,1
_ol9atrrxygmqlpmegdkesqd7ous0uxf,1
_9jkvzw3vhp4qxocak0qavd,1
Cjwkcaia1fqrbha1eiwamu5m_zjhmhs5_ol9atrrxygmqlpmegdkesqd7ous0uxf_9jkvzw3vhp4qxocak0qavd_bwe,1
1260e,1
Jogurtteihn,1
C25p9ebeyt6c1,1
8c9e4539a93705bccd8b741868a236a41a4f105d,1
Hankintakoolla,1
Raakaruoassa,1
Puumaalilla,1
Leväneet,1
Paikkausaineita,1
Proteiinieineksiä,1
Ennätysmääräiseen,1
Verolahjoja,1
Tuloluokkalle,1
Bujdettialijäämän,1
76cuazfqzt6c1,1
A69d4ddd15f84b7526103abeaf1a97185d63f7c7,1
Ylikireää,1
Työpakistaan,1
Miessakkeja,1
Russarö,1
Viivytystekijöitä,1
Kuhnataan,1
Tynkäeläkkeeseen,1
Lattiakitin,1
Logisticians,1
B00htk4pc8,1
Pd_lpo_sbs_14_t_1,1
Sve3q1jbj4snmv0defmg,1
U98bawaaqbaj,1
O2hlzcweie,1
Shsjhvnlrzscjqhfmfymr,1
Wswwc,1
0ahukewjx4e,1
Pj4buahxp1imkhzt2ariq6aeildab,1
20muniti,1
Ominaisuudensuoja,1
Motivoipas,1
Kiinteistötyöntekijä,1
Turaaniämmä,1
Rystysesi,1
Roadmaneka,1
Patukoimaan,1
Komevuotinen,1
Kyyneltippa,1
Nostalgianurkkaan,1
Punkistakin,1
Musiikkiakatemiassa,1
Chanistä,1
Jätyi,1
Eläkejärkestelmään,1
Nettovarallisuuksia,1
Turvallsuuden,1
Palgiointeja,1
Palkkalappuja,1
6e0be2d27201bc7ea205ffac7d7a7693,1
Veromaisesti,1
Edunnauttijoilta,1
Lobbareiltaan,1
Hallitusneuvoittelut,1
Realimaailmassahan,1
Hakaristitatuoitujen,1
Kuvaamassakin,1
Samanmuotosta,1
Kinkunvalvojaisyö,1
Digipaistolämpömittariin,1
Tavoitelämpötilahälytyksen,1
Megaeläkettä,1
Okinawasta,1
Turpareissunsa,1
Protopajasta,1
_esv,1
Am9hkknfwr3moskc2vz,1
_anl3p5dvxhsuxq,1
Am9hkknfwr3moskc2vz_anl3p5dvxhsuxq,1
Pyörävarkaaseen,1
Keittokinkulle,1
Lost_decades,1
Proggressiolla,1
Elokuvaklassikko,1
Eläkeleikkuria,1
Päätöskellä,1
Leikkamasta,1
Rälläkoi,1
Feministisaastaa,1
Litukasss,1
Tulosita,1
Sioittaisin,1
Kuukausieläkkeelä,1
Virkatyöhönsä,1
Viveestä,1
Australianz,1
Kovatasoisillekin,1
Jatkaakseeni,1
Hävitettävien,1
Twiittisirkuksen,1
Pevkur,1
Jouluateriota,1
Harmaasuolattuja,1
Myyntikokoisiksi,1
Liitoittele,1
Vartijapula,1
Varkausksia,1
Karjalassakaa,1
Maatalousvirasto,1
Tapaamissäännöistä,1
Cheezit,1
Kiristyksensä,1
Naposteluostokset,1
Aivittua,1
Omaiuiudensuojastakin,1
Epämarkkinoille,1
Talousarviossahan,1
Velkaerää,1
A4ispilvi,1
Joulukinkkuisuuteen,1
Leikkelekinkkuihin,1
Leikkausehdotustasi,1
Osinkohelpotusta,1
Tussiteini,1
Puolustusyhteistyosopimus,1
Työeläkeloitukselle,1
Puoluejäsenystöissä,1
Uisealle,1
Maahanmuuttajataustakaan,1
Sakilaisille,1
Muotilainana,1
Kutsumusammattien,1
Kähmijöiksi,1
Ainsaitsi,1
Turpaansaaniin,1
Puorän,1
Työnnettäväks,1
Gradpsych,1
_puheohjelmia_,1
_nauhoitettua,1
Soitantaa_,1
Henkilösuojaajat,1
Piirivartijat,1
Keikkajärjestyksenvalvoja,1
Lisävoimankäytön,1
Keikkajärkkärit,1
Informaatioympäristö,1
Neuvostohenkisyyteen,1
Turbokapitalismiin,1
Ylijärkevälle,1
Pyrkimyksiksi,1
Säveltaide,1
Ilmassapitäen,1
Demkoraattisesti,1
Virkamiesverkostoja,1
Energiamarkkinavirastoa,1
Sähkönjakeluverkkojen,1
Humppaveikkojen,1
Iskelmäsävelmiä,1
Replansa,1
Palaversio,1
Vilkkuautolla,1
Ylielämisestä,1
Tukipolitiikalle,1
Oivallammekin,1
Tekstipohjaus,1
Faradayhäkkejä,1
Helppom,1
Alkuperiäisestä,1
Kamakaupoilla,1
Oppositiopolitiikkaansa,1
Nettihyödyt,1
Koulukeskukseksi,1
Potkukelkoista,1
Rollaattoreista,1
Golflomaelämää,1
Raktaisusta,1
Jodsain,1
Katuväkivaltaongelman,1
Nettikirppisten,1
Siunaukses,1
Tuotteestas,1
Allekirjotetan,1
Irisoiva,1
Tilannetietoisuutta,1
Alppimaalarikin,1
Zastjr30zu6c1,1
460480fbe3c1225ec4eae65796ed381be8fcd058,1
Velkapelastuksen,1
Muuttaineden,1
Tataarimuslimeja,1
Sleep_upsetista,1
Suuripalkkaisessa,1
Valtremors,1
Edellyttäisinkin,1
Mäihätä,1
Korjaussetti,1
Varasteluja,1
Työmarkkinamallikeskusteluun,1
Ruohoniemi,1
Kopaukseksi,1
Juoksukaljayritykset,1
Jenkkimunaa,1
Eriarvostava,1
Neuvolahommista,1
Psychologicalin,1
Latane,1
Satuosastoa,1
Murhasermejä,1
Alivakuuttaisi,1
Eaiaiqobchmii5,1
Ezm,1
Wgwmvjheiax0tbqb9eaayasaaegjr__d_bwe,1
Murhasermi,1
Viivyteltyään,1
Ristoksi,1
Ehdikkös,1
Glimpsed,1
Cradled,1
Nykyparketin,1
Tammiviilua,1
Valtaväyliin,1
Viestinvaihdoista,1
Epämäärisellä,1
Johanista,1
Vakuutusajatusta,1
Kilpaillutettua,1
Protskufani,1
Valtaajahallinnot,1
Fkzxu4ol3v6c1,1
6bf4f633f24468cac4209b53436f844a4ee9fb84,1
Dreddeille,1
Vartioitakaan,1
Pedarisyytöksiä,1
Immukin,1
Huopatossutehtaat,1
Ekstravartiointi,1
Ompelujengejä,1
Suukapulassa,1
Viineripöytiin,1
Jurihan,1
Kl6q7cu56v6c1,1
C2df1f20e45a57491320e7a7aed5cdc7d35a70a7,1
D178a508,1
A524,1
15f5d76977f7,1
Vastasutkautuksilla,1
Vakuutusajatus,1
Työeläkevakuutusyhtiöön,1
Vakuutuspoolin,1
Vahinkotapahtumien,1
Eläkevakuutusmaksutasossa,1
Stressitasit,1
Mulkkukohtaamisissa,1
Pahoinoitelijöihin,1
Huipentumien,1
Stanahaminassa,1
Testatattaisiin,1
Turpakeissin,1
Sihä,1
Nettiliittyma,1
5b350,1
22savonlinna,1
Motkottaja,1
Kasvikunnassakin,1
Uudenmaailmanjärjestyksen,1
Archimonde,1
O9vfd9lg9v6c1,1
84b7fbab158e8ed11e12c65276dd8eac51efd225,1
Helmiäishintti,1
Arjalaisstatuksen,1
Asenain,1
Metsämuilutuksen,1
Lakkolaiselle,1
Siitäö,1
Äänensävya,1
Tuottotavotteen,1
Jengitoiminnaltahan,1
0cw3kjkxud5xh4mhuliskq,1
Datanomejakaan,1
Symppää,1
Maahanmuuttokantani,1
Aktoritteettiasemassa,1
Upbgcyd0dv6c1,1
B46d2b6c553d91d8342c389856f1bf1268b06d8c,1
Ökyvuosituoton,1
Ammattiyhdistysväkeä,1
Kuunneltaessani,1
Niputukset,1
Pampua,1
Kadehtimassa,1
Lakkoilijalle,1
Ruohonjuurotason,1
8pny86sqdv6c1,1
24cf09eecff775dd8cb7dde0120a3f77aed34980,1
Tulipunasella,1
Ikkunastako,1
Henkilöhistoriassaan,1
Pilviharsoa,1
Enemmistöhallitushan,1
Väripilvvom,1
Monvväriine,1
Irissoop,1
Keskusteluthreadin,1
N9cbdzpzemw,1
Pahottelematta,1
Gretana,1
Liisaakin,1
Selvityslomakkeita,1
Fasistihuutelut,1
Sinappikalkkuna,1
Juhlakalkkuna,1
Sotkutaan,1
Konservatiivipäätyä,1
Vapaamuotoisiin,1
Kevytlevitettä,1
Elintarvikemarkkinavaltuutettua,1
Raskasmetallikutomiskisat,1
Helmiäis,1
Kainnyku,1
Sanoilaittaa,1
Luntaisesti,1
Aikatyypillinen,1
Vallallava,1
Uskomuset,1
Monivä,1
Isoova,1
Toimialueessa,1
Ftqhxv27wcxg5za4,1
Ekonimina,1
Radiopuoli,1
Myötävaikutteinen,1
Juridiikastahan,1
Normipaikoilla,1
Äärinmäisyyksiis,1
Jumalanpelkoista,1
Xwdi7m82mv6c1,1
655158d11c0676ca5bad5141326bbef5735bbe3c,1
Sekasikiöhallituksia,1
Provikoissa,1
Vartijafirmalle,1
Tallenusten,1
Applawsia,1
Ilmaisukyvyllä,1
Huppariheebo,1
Propagandaankin,1
Naisteoikeudet,1
Kitkemishomma,1
Nopeastikkos,1
Anomaaleja,1
Martzan,1
Kakimov,1
Aktivoituukohan,1
Löymäase,1
Hatoon,1
Hallitusliittouman,1
Hallitusliitoumien,1
Sunifiram,1
Pilleret,1
_falsehood,1
Repetitively,1
News_media,1
Entiteetissä,1
Koneenrimpulan,1
Toimintatestiä,1
Sateenkaarihöpsötyksellä,1
Nettikauppoissa,1
Varailut,1
Tapaamisaikaan,1
Proteiinibrändätyt,1
Keittokinkkumaisesta,1
Ympäristöselvityksissä,1
Kokotehokkuuden,1
Onnettomuusmääriin,1
Peuramäärän,1
Vartiointityöpaikkoihin,1
Hirhityksenä,1
Kirjotmisenkin,1
Olkiukkofantasioissanne,1
Esipakata,1
Prosessoriresursseja,1
Korkeakoulualue,1
Kyysyä,1
Tiktokkaavia,1
Työväenjärjestöihin,1
Alexendrej,1
7zemzrr4xv6c1,1
3843058b153833836e2654ee9e08257c9bfdc28b,1
Folium,1
Väitytänytkään,1
Nörttimäisesti,1
Redditkokemus,1
Uutistenlukutaito,1
Luonkoko,1
Oikeistonaate,1
Lemppadini,1
Kotosivuksesikin,1
Strelisisoitua,1
Peruskoukusta,1
Päätyeleen,1
Vuoronympäri,1
Nauhoittaviin,1
Poliisihallitusko,1
Esimiehetkö,1
Tarittavia,1
Feminististenjärjestöjen,1
Kyseenalaistaminan,1
Myöhästelevälle,1
Rompix,1
Nevuottelut,1
Stubbikib,1
Troglodyyteillä,1
Erityisasintuntijat,1
Erityisasiantuntijatehtävät,1
Harvinaisenakaan,1
Syatemaattisesti,1
Pjotreiden,1
Omostuksia,1
Tarpeellisi,1
Indokrinoituja,1
Puututhan,1
Maximalist,1
Nukkumisajoille,1
Vähimmäistää,1
Ryssänhuoraksi,1
Kaveruuttakaan,1
Kaverustumispaineita,1
Tutustella,1
Makusuuntaa,1
Makusuunta,1
Kylätirehtöörit,1
Itellasekoiluja,1
Liisankatu,1
Rikosasiasa,1
Katujeginrikollisuuden,1
Arviodusta,1
Tutkinnmoista,1
Katujengitoiminta,1
Keskiarvioisen,1
Syyteiden,1
Hylkäämisprosentin,1
Voinakäyttätilanteet,1
Huitois,1
Mtd,1
Loriksella,1
Ket0nrbs5w6c1,1
Fb72e48ffca40b2ece46bec41ea4e0332809d698,1
Kestoalennuksessa,1
Pistearvioinnista,1
Arinen,1
Sijoitustuottoihn,1
Elakevarainpaisumus,1
Voitietysti,1
Puokestaan,1
Rauhottuneena,1
Keskusteluvälien,1
Kummallakaam,1
Kepeämielistä,1
Kreepy,1
Ahistuneeks,1
Hypertarkaksi,1
Miellyttämisongelmia,1
Yliopistoaluetta,1
Vforvendetta,1
Älypuhelinmalli,1
Pikeemminkin,1
Kielipuhdistuksia,1
Joulukinkkuviipaleet,1
Venäläiskilvillä,1
Kaapeliherran,1
Rüssaen,1
Katyreille,1
Uqtkvk7xcq,1
Pyörtävä,1
Tarkastusprosentti,1
Vuokratekijä,1
Romahtelujenkin,1
Lahjakääreessä,1
Viestiaineistoa,1
Persilyihin,1
Kokeneut,1
O7067y8maw6c1,1
969ba4d9012b4c56109f6383c3f38b01a822264b,1
Uslkonnollinen,1
Aj8wf8u2bw6c1,1
D1c4a86762a088061afce69d77453a91d4dfbf9f,1
Kultamussuista,1
Eijjumaliste,1
Jekuil,1
Polohjelma,1
Katujengiläis,1
Kamerapakolle,1
Rüssäinmaalla,1
Motkottelevat,1
Valtiontyöntekijöiden,1
Järjesyksenvalvojan,1
Unelmahallituksen,1
Yhteislakkoa,1
Puoluetoimistoilta,1
Yleistyösulkua,1
Velanperijiin,1
Tonttupelottelu,1
Luottodevoldit,1
_huijaaminen,1
_surulliseksi,1
Ihmisten_huijaaminen_tekee_surulliseksi,1
Devoldille,1
Varautumisvajetta,1
Unettaminen,1
Lötkömpi,1
Piirakkakaan,1
Yj6lc11yfw6c1,1
5cca2f7024ed339bb328c61607dbb93882248c08,1
Merinovillakalsareita,1
Artilectin,1
Kuumaverisemmälle,1
Arvovaltaisimmat,1
Hyökkäilyjään,1
Brittimandaatin,1
Vaatelaastarit,1
Herowars,1
Paskamainos,1
Itsepalveluvehkeiden,1
Onlikin,1
Tunnuspiirteiden,1
Putleristaniin,1
Elinoikeus,1
Valepoliisiksi,1
Uutisointikulman,1
Karenihtaneet,1
Fennovatnikit,1
Sijoistustuottotavoitteiden,1
Työkyvyttömyyseläköitymistä,1
Presidenttiyshaaveet,1
Rauhankokous,1
Raiskaajallesi,1
Pilkkivehkeitä,1
Laineta,1
Sm_2023_29,1
Villapesuaineella,1
Devoldeja,1
Icebreakereita,1
Ikoniin,1
Helmiäispilivet,1
Kanavakohtaiset,1
Oikeudentunnostaan,1
Tarvitsketko,1
Pehmees,1
Velkapelottelijat,1
Kykkiväön,1
Tapaturmavakuutuskaan,1
9yitygvrrw6c1,1
C11fecd1dab0748afc7ebf4dbfcb9f4a5edc25f0,1
Poliisinviralle,1
Tutkintajonoja,1
Jengiytyisi,1
Munkaltanen,1
Donalf,1
Trumpleria,1
Ostostentekijöitä,1
Syljennän,1
Ryhmävideopalvelujärjestelmällä,1
Haalarikameratoimintaan,1
Natsikansanmurha,1
Vastarintarintaliikkeen,1
Shokkimaiseen,1
Rautatieliikennöitsijä,1
Betonitönöjä,1
Kukkapuskalle,1
Kohdalkani,1
Tuomioitajaettaessa,1
Täysikäistyneenä,1
Kukkahame,1
Aknet,1
Silmiänsäkään,1
Fashbackit,1
Norjasssa,1
Harmaasarkatakkista,1
Koputtavaa,1
Sherlockmaisista,1
Etsiväntaidoista,1
Satumaailmaa,1
Omanoikeuden,1
Miniristeilyohjuksissa,1
Minisodan,1
Nuovasti,1
Kellutettua,1
Yc5qmup6xw6c1,1
354400657851886a906a455674f01237637cac12,1
Varierer,1
Kjøreforhold,1
Realistisk,1
Kulmakarvojensa,1
Moittivalla,1
Populismiretoriikkaa,1
Talouslinjastaan,1
Proteiinituotteisiin,1
Perivenäläislle,1
Loppuriveillä,1
Sormettamiseen,1
Virastokohtaisia,1
Vikailmoituksilla,1
Piilovittuilut,1
Sotakäytössä,1
Myymistäni,1
Lahjoitettavissakin,1
Uskoteltukaan,1
Lumitatti,1
33d,1
Koipalloista,1
Nettipahaperse,1
Vivisektio,1
Perusmaiharia,1
Aipi,1
Nazaretiin,1
Iraelissa,1
Järjestäneestä,1
Organisoitumatonta,1
Politiikkanaan,1
Odotettavissajossain,1
Pitkäpartanen,1
35vuotias,1
Huippukenkä,1
Vihollisdiktaattorin,1
Altbergejä,1
Nahkamonoja,1
Joutsenolaiset,1
Ståltenbergiä,1
Raakadatakin,1
Tajunnanvirtapodcastit,1
Maksimimäärästäonko,1
Juriidisten,1
Akkukuntoa,1
Leafi,1
Herrakerhollle,1
Manoveeri,1
Talouskuralle,1
Ruuvvaat,1
Vatnikuutisointikiima,1
Haloot,1
Sisäänajamisessa,1
Pitempivartisena,1
Hyppymaiharina,1
Zaufana,1
Trzecia,1
Stronan,1
J3woojh29x6c1,1
F8b49ed4037dc832c6064f0bab86a333bf74562f,1
Parsittukin,1
Kanssatekijänä,1
Ulosottolaitoksessa,1
Välilehessä,1
X2q77l4u9x6c1,1
83fc7c20c5ae28d4deebc071db4e34715bc6df0f,1
Qhdfphy7iwg,1
Foojunkep2tyefeo,1
Kaapelihaulla,1
Antennihaulla,1
Teräväpiirtoversioita,1
Itsehallinnollisilla,1
Erityisalueilla,1
Republikaanikoneisto,1
Uutisklipissään,1
Opersatiosta,1
Peltiruuvei,1
Talvimaihareis,1
Xsän,1
Trollifarmitkin,1
5lxk_gknvz6sr_3n,1
Koulutuslisää,1
Kummaksuttiin,1
Vastannutkaa,1
Lohkottais,1
Toimenkuvakseen,1
Seifi,1
Korkeakoulualueesta,1
Ruotsilaina,1
Kuveleike,1
Wbsx4a3xix6c1,1
09edbf5fbdb1303e517c62da45405bf7a9fc65df,1
Kuntapalvelua,1
Palvelukampuksena,1
Pelottelupornoa,1
Haikat,1
Antenniasetuksilla,1
Pehmeepiirtokavat,1
Kaapeliasetuksilla,1
Satelliittiasetuksilla,1
Sukuperinteitään,1
Voittojuhlia,1
Maiharivalikoima,1
Johtajaansakaan,1
Kompressointiratkaisu,1
Runilla,1
Metsäkäytössä,1
Ulostaluttavat,1
Stereotypiavitsi,1
Itseilmoituksesta,1
Videolls,1
Olynpiavalmennuskeskuksen,1
Sosiaaliturvamuutoksia,1
Propagandatorni,1
Helmiäispilven,1
Rasauttavana,1
Hotkiva,1
Valtionosuuksistahan,1
Lisaleikkauksia,1
Suomenkielisil,1
Räpeillä,1
Huutovokaali,1
Dnbssä,1
Dnbllä,1
Bassoiksi,1
Neurofunkiks,1
Gydra,1
Killerz,1
Pythius,1
Akov,1
Phace,1
Meiätki,1
Avautuminenkin,1
Luksuselämäksi,1
Pyörätuolielämää,1
Rakettituotantoa,1
Dokumenttivideosta,1
Tehyjä,1
Fajr,1
Suolanpoistojärjestelmistä,1
3pg0n9ld2y6c1,1
25f18246ba1bda8e1ba4eb0a081040167b85d8ef,1
Hirmuhallituksessa,1
Oikeimmistoäänestäjät,1
Jciesz,1
Kyberkriminaalit,1
Q3k,1
Suomenveneläisiä,1
Assimiloiduttu,1
Ammattikalastajana,1
Veikkaajana,1
Huutovokaalia,1
Neurofunkilla,1
Marsiinko,1
Korporativismille,1
Semikurjuudessa,1
Tunneleidenkin,1
Terroristilogiikkaan,1
Uhrauttaminen,1
Muslimijohtoiseksi,1
Kostohyökkäys,1
Veriteoistaan,1
Kostopropagandaa,1
Shariasääntöjen,1
Maiharintyylisiä,1
Kojtaan,1
Isonumeroisen,1
Rekryrumban,1
Systeemikysymys,1
Varastohessuks,1
Varvassuojiakin,1
Hiilikuitukärjistä,1
Kitkakumipohjalliset,1
Rubecula91,1
Lakkotouhua,1
Viihdekentästä,1
Viihdekuplalle,1
Perhevihamielistä,1
Notjaa,1
Puherouvan,1
Kuummoteleen,1
Kaudellaa,1
Pilottijaksossa,1
Matlokin,1
Leffasäveltäjät,1
Uutisoivatkoon,1
Tlmlhln,1
Terekhovalle,1
Siitäjasiitähömppäviihteestä,1
Ylimitottaa,1
Koulutuksennolisi,1
Duunsriksi,1
Joupukki,1
Piileskeleminen,1
Pukkihypettäjä,1
Naamarinreunukset,1
Paappakin,1
Kolkutellen,1
Kummikersoissakaan,1
Joulupukkivalheita,1
Tuputettukaan,1
Jenkkiviisaus,1
Keppananjuonti,1
Copilottiin,1
Tekstikappaleiksi,1
Minimisivumäärä,1
Lähteluetteloon,1
Matkustuskiello,1
Turvamyyjien,1
Lemmenlaivasta,1
Matlockista,1
Näyttelijälegenda,1
Joukkoliikennefirman,1
Lyhkäisiltä,1
Lenkkitossuja,1
Suomenryssäperkele,1
Aivoripuleitaan,1
Nahkamaihareita,1
Vasemmistolaismeemi,1
Vasemmistolaismeemejä,1
Valtiollisine,1
Kiihdytävinä,1
Salkunomistajia,1
Yksityissaaria,1
Saatananryssä,1
Kalvomaihareille,1
Lämppärinjohto,1
8g1bu62zxz6c1,1
21ef4ebc0d9b23266944f89b52ebf45b6947799a,1
Thwompin,1
Lyttäämää,1
Neulontajengit,1
Ässäarvassa,1
Kiinteistövuokriin,1
Ryssäpelkuri,1
Luonnevikaisimmista,1
Maatuuvat,1
Metsäpalomiesten,1
Whitesboots,1
Transatlantisella,1
Nahkamaiharista,1
Ratatalkoiden,1
Bakeliitistä,1
Kellertämä,1
Kalvohilavitkulipaskat,1
Vuorittomat,1
E9b59d8a,1
4c4dd9de7b7c,1
Outdoorit,1
Vuorikankaan,1
Janahkan,1
Kalvokin,1
Vittuillessään,1
Kyrpäisemmäkin,1
Vähäkulutuksiset,1
Defaitistiset,1
Kuumavesivaraajalla,1
Vedenlaskutuksen,1
Sadevesirännin,1
Rauhanmallia,1
Rauhanehdotuksesi,1
Valtionalmun,1
Elämänpäätöksiin,1
Opintovelallisena,1
Junkkakin,1
Konemusaohjelmia,1
Livesettejä,1
Junkan,1
Työterveysriskin,1
Vtyä,1
Löytäväs,1
Lutkapulu,1
Iltsien,1
Typosit,1
Höördinä,1
Vesivirtaamalla,1
Lirulla,1
Vedenlämmittämisestä,1
Vähäluista,1
Nuudelisetti,1
Paineenalennusventtiilillä,1
Tosisäästäjät,1
Jätevedestäkin,1
Parkkiviivat,1
Kantsunsa,1
Kääntämikseksi,1
Satiirien,1
Riistotyövoimasta,1
Sikiäis,1
Varotulot,1
Henrikksoni,1
Tuotantokapaasiteetti,1
3d5gykom2lfjwj,1
Opintolainavastainen,1
Subsidioidussa,1
Opiskelijaruokalassakin,1
008f7276,1
9fa069873c04,1
Europarlamentaasikko,1
Metakommentia,1
Teepuusaippuan,1
Ydinvoimakriittisimmältä,1
Venäläisomisteisuuden,1
Uraanikaivostoiminnan,1
Vähentämiseenhän,1
Yksiilöltä,1
Ed7bfd7c,1
239a,1
Ad2bd3a61306,1
Matkustussäännöistä,1
Wikbergistä,1
Mouhuamista,1
Northoutdoor,1
Sorakivet,1
Työtoimenkuvat,1
Reaktorihankkeita,1
Kannanveto,1
Vanhempainrahaleikkaukset,1
Alkoholvero,1
Ipodejakaan,1
Siskoksiks,1
Taistelijoillahan,1
Venäjäaiheisten,1
Pedarivillen,1
Karvanuttu,1
Nuuttipukilta,1
Määrittelyynkin,1
Ympäröimässäsi,1
Eläkeuudistusten,1
Virhearvionsa,1
Mimimimimimimi,1
Mimimimimi,1
Huoramuijaansa,1
Fo00g9_xeaitto3,1
Mielisinä,1
Kniga,1
Hermomyrkkyiskun,1
Ämmätsalossa,1
Viihdeihmisten,1
Vaihtoehtoliikkeet,1
Kytkeytivät,1
Dnjigpchgys91,1
Rotiakin,1
Ennaltaehkäisisin,1
Nuorisosukupolvelle,1
Unhotuu,1
Opintolainapropagandan,1
Savescummaus,1
Länsittymistä,1
Kukkupöötä,1
Pysäköinninvalvota,1
Pysköintivalvonnan,1
Kaadereilta,1
Henkiöstöä,1
Kuutiohintaan,1
Vesikuutio,1
Leffapahikselta,1
Pedarikansiomateriaalia,1
Willea,1
6ugdcv8rk07c1,1
6d8ff62242a05083be097debf9dd4b845c2d6715,1
Suplimaan,1
Rasputitsaa,1
Yhtkunta,1
Painostusvoima,1
Elämäntapayhdistyksiä,1
Juppikulttuurista,1
Jlwaoa,1
Barngruvorna,1
Kiinalaisfirman,1
Kumppanilistaa,1
C95c0ee9,1
02c8,1
C10adaeb3ed5,1
B63f61a0b61467e7ddb5ad34817bd0c536495f05,1
Akkuvalmistajista,1
Refejen,1
Länsikontaktinsa,1
Kauhunaapuritarinoihin,1
Samuttuaan,1
Kämppänsäkin,1
Parkkipaikkamme,1
Paskapyttyyn,1
Vedensäästötemppuja,1
Gradu05385,1
Korporatisoituneempi,1
Vuorinen_sanni_opinnayte,1
Page9,1
Lämpöisempänä,1
Takaisintyöntömenetelmästä,1
Mielekkäämpä,1
Vähinteen,1
Tallottujen,1
Äärioikeistomaiselta,1
Ammattiliittoleikit,1
Irtisanomalleen,1
_modulaariset,1
_ydinreaktorit,1
_europarlamentin,1
Pienet_modulaariset_ydinreaktorit_europarlamentin,1
Zarakin,1
Etupiirisodat,1
Kalustotappiosuhdeluvut,1
Valeveikkaajilla,1
Lisäjuomia,1
Fdwxp25,1
Taloudenpuolesta,1
Vaihtokapistukset,1
Ryhmäytymistäkään,1
Vieroksuneita,1
Valvontakeskustyöskentelyyn,1
Palohätyksiin,1
Tunstin,1
Kelaetuuksia,1
Yhteiskuntadynamiikan,1
Loppukesältä,1
Boomereitajotka,1
Perustoppahousua,1
Johtajassaan,1
Haloshkan,1
Lmpimän,1
Polttamiskulttuuri,1
Raakapaukutkin,1
Vähäkulutuksisimmat,1
Juoksukaljottelijoita,1
Vivobarefootin,1
Pommarin,1
Nykylenkkarit,1
2f8wqh6rgkak1b1,1
Univormuliike,1
Kirurgeistaan,1
Työlllistymistä,1
Järjestöryhmät,1
Metamphetamiini,1
Kahinapate,1
Fvxwpqtjj48,1
Spraymaalipurkkiin,1
Groomauskieltä,1
Kepittäjille,1
Akttiivisesti,1
Energiaosastolla,1
Pallikarvapartaseksi,1
Mieshevariksi,1
Tuollattain,1
Karvanaamana,1
Raskauspalvelus,1
Donoria,1
Kynttiläähän,1
Rottarallissa,1
Haukotteleva,1
Tähtiesiintyminen,1
Rahouitetaan,1
Puhdistusaineiksi,1
Originalistia,1
Ännestäjänä,1
Koodauskoulua,1
Anderssonillehan,1
Jääkristalleista,1
Maanantaipolitiikko,1
Pirtukokeilujen,1
Kahvilamyynnin,1
Maamiinahöpötykset,1
Kommunistimeiningiltä,1
Konemukseni,1
Rappeutuvista,1
Riskikäytölle,1
Lapsenraiskauksessa,1
Kuvamateriaalein,1
Umpisurkeitakin,1
Pettäjäpulveripyörre,1
Työtehtaita,1
Haihatinta,1
Flunssanestolääke,1
Imeskelytabletteina,1
Joulusuunnitelma,1
Pakolaissuositukset,1
Eugroup,1
2fefa,1
Osoterivillä,1
Pomittanu,1
Remonttitoimenpiteitä,1
Vuokratavankaan,1
Etäopiskeltaviksi,1
Lainavastainen,1
Jauhojengiläisenä,1
Dekriminalisointien,1
Ticktokeista,1
Ryömmies,1
Fnq6hju5217c1,1
11847a748b9376dd65dc9a8337667b89a060f4b4,1
Ikivääri,1
Munkkitipa,1
Uudenpaakin,1
Saippuoidessani,1
Kaukolämpölaskut,1
Liukkosesta,1
Lehgendaarinen,1
Ftos,1
Hamas_fto,1
Hajualueen,1
Höyrystele,1
Jonnevapepilviä,1
Prosenttikerholaisten,1
Ompelujengi,1
Huovutetuissa,1
Kutomansa,1
Myytävempään,1
Stereotypisimmän,1
Viherpesuvehkeitä,1
Veistelyihin,1
Eläkeindeksikorotukset,1
Kyhäreitä,1
Jatsitupakkimasseja,1
Yesno,1
Terveyskenkiä,1
Nahkanilkkuri,1
Liukkaillakaan,1
Opintolainallisena,1
Opinnonohjausmateriaaleihin,1
Kohorttiini,1
Leivitellä,1
Mucomystia,1
Anxietyä,1
Kakkosautoiksi,1
Hyötysuhdeongelmaa,1
12f5bbff,1
B88d,1
Be50,1
57e38370e650,1
Vapaussoturipalleroita,1
Satutuksen,1
Islamphobe,1
Höördiä,1
Lapsilisienkin,1
Universaaliudelle,1
Talouselmän,1
Tilaajaetuuksiin,1
Superkliffa,1
Narkkisnaapureista,1
Melusuojattuja,1
Huoneistohotla,1
Työosuudet,1
Remonttipöly,1
Naamioutuvat,1
Huumorivaihtoehdon,1
Intouristin,1
Nailonsukkahousuja,1
Kahdensorttista,1
Ekspatriaattia,1
Hyttilipun,1
Vieroitusoireitansan,1
Alprolazamilla,1
Yritystyet,1
Elinkeinottomaksi,1
Aikabmonta,1
Koseteussulkuihin,1
Chijl7hrfp50o8far6ehv,1
Simiehen,1
Mx0kf8htu6zgi4aaae2lnqem6,1
Murhaoperaatioita,1
Pirikauppias,1
Julkisuiteen,1
Rauhankeskusteluihin,1
Siviiliasutuksiin,1
Vvmn,1
Ekonomistiäkin,1
Kutkuttavuus,1
Yöunissa,1
Hinkufaneja,1
Tunnukselliselta,1
Olkiukkomaailmankuvassa,1
Perhepoliittisena,1
Suomalaisputinistien,1
Koronakriitikkojen,1
Toukkatuubissa,1
Turtioidaan,1
Muslimiphobia,1
Sukupuolitasaravoa,1
Asepaksessa,1
Sopimisessakaan,1
Sekasikiöryssiä,1
Homovainojen,1
Islamaphobe,1
Romahdettiin,1
Deterenssi,1
Pirimyyjien,1
Jumbosija,1
Kerrastoihinkin,1
Halpiskerrasto,1
Reikiintymyt,1
Vasammiston,1
Sotilaallistakauhua,1
Damagekonttollereita,1
Pekun,1
Massaupotuksen,1
Puhkaisisin,1
Paskomiisen,1
Kokoauton,1
Kirottaisi,1
Qvihemo_quo2eh4o,1
Mitaamaan,1
Realiteetien,1
Tulitaosta,1
Milanen,1
Retriiteistä,1
Mulkkuudensa,1
Patevat,1
Torjuntakeinoiksi,1
Presidenttikysely,1
Itsekehujen,1
Kaasuputkilobbareita,1
Arkikenkänä,1
Huopuissan,1
Redditpaskiasiten,1
Hikileirille,1
Vetelehtijöillä,1
Nakittamisella,1
Fasistidiktatuuriks,1
Mesimäyräkin,1
Talletusbonuksista,1
Ilmaisturnauksista,1
6i8tqg4zm17c1,1
17705f839e504997f2598435418d90e7373a0de7,1
Tavismatkustajille,1
Poppahuumetta,1
Velkaantumispolitiikka,1
Leikkaustakkoisiin,1
Konservatiivifetissiretoriikalla,1
Varottuna,1
Nuharöhään,1
Rauniokasaa,1
Ammattitöissä,1
Öljylaskun,1
Veroparatiisiomisteisen,1
Inkiväärijuomaa,1
Talousoikeistolaisilta,1
Preidentiltä,1
Syventämäön,1
Toteuteuttaa,1
Jumbosijoitus,1
Liittaloisten,1
Medianvapauskin,1
Luvanntus,1
Lissääntynyt,1
Pelikruunuistä,1
Onennensa,1
Avustustaki,1
Mainoskumppaneina,1
Vanupalloja,1
Hunajatee,1
Alkuvesi,1
Vuokralsisellakaan,1
Täyttähintaa,1
Vaihtakkee,1
Sileäaivoiselta,1
Kasvusuoran,1
Saavutettavampis,1
Hulavanteita,1
Välittäjäainetasapainot,1
Perhemyönteistä,1
Perhemyönteisyys,1
Iltsiltä,1
Kopioimnen,1
Pohjapumpulla,1
Opiskelukustannuksia,1
Velkapainotteisemmaksi,1
Kuvittamseen,1
Spraymaalikauppaan,1
Pyörätuolirampin,1
Putkenkiristimistä,1
Lafmax,1
Lcpeak,1
Remonttit,1
Helpompaaki,1
Työtätekemällä,1
Eätopinnot,1
Paskauutisineen,1
Brainspotter22,1
Vasennuksen,1
Ytkpalvelut,1
Broileikasvattamo,1
Tuomistsemaan,1
Erkkaryhmien,1
Koulunlinjakysymys,1
Yleislaina,1
Kieliasuumme,1
Kampussi,1
Yleislainaversio,1
Esseenikään,1
Valemmistotyyppien,1
Känniöyhötyksistä,1
Kierrätysvaleita,1
Vasennuksista,1
Sponsorointikuviot,1
Kolulussa,1
Kinkytkin,1
Afriikkalaisia,1
Lelxn9dmy17c1,1
Ba9c092fe8a8e24974422f7161834a3be9960e99,1
Tiedostsmisen,1
Wmmqq0k2z17c1,1
Dad60a356e16ea24628ec65ecfdad8e206275198,1
Yhdyntätekniikan,1
Äitiysvapapaalle,1
Lakkotoimintaa,1
Ruplamagneetti,1
Itäraha,1
Nykyenglanti,1
Korkeakoulualueeksi,1
Oikenlaiseksi,1
Venäjämyölteistä,1
Homiseksuaalisuus,1
Homosksiin,1
Opintoetuuksissa,1
Ryss4t,1
Gordiesvskyn,1
Kärähtneet,1
Yhtäsuuruismerkki,1
Fettarille,1
Rankaisupolitiikan,1
Puoluekaadereita,1
Timpureilta,1
Jqx63val327c1,1
39107390877b8ec1e5b75768fb91d2cc4e35b26c,1
Sinkkispraytä,1
Pomputeltaviksi,1
Inkiväärijauhetta,1
Välituntivahteja,1
Tittelimuutoksia,1
Netayahu,1
Rauhanele,1
Developaa,1
Inventataan,1
Wordseja,1
Wranglestar,1
Tubekanavilta,1
Sukunimessi,1
Vessapytyssa,1
Suihkukännin,1
Ylipestään,1
Vesisäästöä,1
Kasteluvedeksi,1
Ulkokasteluun,1
Huvittelupaikkojen,1
Senkielto,1
Koskinä,1
Kehoituskiellolla,1
Nuhelut,1
Talletusbonukset,1
Seotettu,1
Vedonlöyntifirmojen,1
Mainostusivustoja,1
Vetelenpä,1
Mahdollisestä,1
Kohdunseinämän,1
Rämpäleet,1
Sfinkterilihas,1
Yhdyntäkeskeisestä,1
Talousvertailut,1
Mediaviestinnän,1
Normijuttuihin,1
Rinkirunkkiryhmät,1
Vassarihemmosta,1
Twitchissähän,1
Kasinomainosta,1
Jugipelaa,1
Ankeuttaan,1
Koulunhenkilökunta,1
Entediläinen,1
Kurssivastaavilta,1
Kurssityöstäni,1
I5o2ck9,1
Teollisuusyhtiöitä,1
Yhtiörikkaammissa,1
Passileima,1
Asuntomarkkinankin,1
Corsydolilla,1
Poskiontelotki,1
Äksäläistä,1
Käteisvarojaan,1
Kasvusysäyksen,1
Pohjapalkaan,1
Imeskelytablettina,1
Imeskelytableteissa,1
Siyen,1
Sulauttavaa,1
Idealistilla,1
Neukkulanaikaa,1
Jalostetuin,1
Kriisitalouteen,1
Kuluttajansuojaneuvojalle,1
Jankuttaneet,1
Huijaeille,1
Purulelujensa,1
Pompoirista,1
Kegeleistä,1
Virtsankarkausongelmia,1
Meemialoitteita,1
Riittoisuutta,1
Matkasuihku,1
Asiakursseja,1
84cfho2a5u,1
Kahnauksilla,1
Ycompiler,1
Musiikkisessioista,1
Ec84f139,1
3d20f3d19a55,1
Pandemiavuosien,1
Ristoaan,1
Vauvaistuimet,1
Olluusio,1
Kiusaajakansa,1
Kousaajalle,1
Superystävällisiä,1
Janique,1
Kroese,1
Bernasco,1
Aart,1
Liefbroer,1
Rouwendal,1
1068316x,1
Ylivelkaannutti,1
Hallittusta,1
Kurituskeinot,1
Stvm_16,1
08d2c9383aab2000a45974f2dfa605bb1e0f25a65f301b8d0e141d7e2542da696e717ac08761a90b088be60465143000d16615c34e8a0be30458c155ab5d3ed0d75307bcf523ed62a4aec8ce6d41f0844309b5df4ed1c3a164020db361afa202,1
Markkinointinäkyvyyden,1
Taustakohinasisältöä,1
Astalat,1
Aseistauduttujen,1
Saloviidan,1
Zaraan,1
Kokoaikaisuuteen,1
Päihdeidenkäytön,1
Keinohuume,1
Lempilistoilta,1
Hienooletus,1
Llmautuspäivänä,1
Aktivointivaiheen,1
Pornomuuvit,1
Nsutinnoksi,1
Nielky,1
Näkemyksrn,1
Tusinajyystöä,1
Ensiksimainitussa,1
Q9vm2twrn27c1,1
12589afd16e44ca9c5a0732559f378d0233fab69,1
Ostopainotteista,1
Hommalsinen,1
Ongelmayläasteiden,1
Trumpnteki,1
Tulku,1
Pieniyrittäjät,1
Tyyppitä,1
Kantasuomalaisikin,1
Todennäköisyytttä,1
Epäsuotousaa,1
Maahanpäässeitä,1
Rikosseuraamusesimieheksi,1
Peruutusmaksua,1
Peruutusohjeissa,1
Istockista,1
Peruutusoikeusjaksoa,1
Istockilla,1
Istockilta,1
1rowg4,1
85bf74a9,1
051f,1
68c6,1
746d,1
9bae83ec030a,1
Radikaalioikeistolaiseen,1
Sisäänulosliike,1
Tuntoaistillisiin,1
Aikatyöllisille,1
Kokoaikaistamiseksi,1
Alkutilannekin,1
Venäjäsymppausta,1
27esprit,1
Nönnötetään,1
Lääketyksestä,1
Hyökääkäilee,1
Häiriötapaus,1
Tiktokkihan,1
Alkuperäisasukkaitaan,1
Lavastukseksi,1
Elvetykseen,1
Perustarpeilleen,1
Mittarian,1
Halustietää,1
Ainekiloa,1
46mj,1
119mj,1
600tj,1
Jenkkimaantielaivan,1
Tanssipariks,1
Miettisimpähän,1
Aaman,1
Bruttopäiväpalkka,1
Maantiepyöräilyselostajan,1
Girossa,1
Kertaluontoisetkin,1
Seurapiireissa,1
Potilastyhmän,1
Virhearviontineen,1
300eurosta,1
Cilag_serenase_serenase,1
Injektioneste,1
2fml,1
Nössösuomi,1
Oppilassaldoista,1
Lääkepapereissa,1
Käyttövaikutusten,1
Riehuvatkaan,1
Panohenkilölinjalle,1
Pikach,1
Uutistenlukutaidosta,1
Nuorisoalennusta,1
Murhaajathan,1
Lääketietede,1
Vaalipiheet,1
Rappasotana,1
Viisikolmattavuotisena,1
51eb9037,1
90cb,1
Bc6fc7658af1,1
Bilateraalikaupassa,1
Naapurikansalla,1
Nailonit,1
Kissatiliä,1
Rajamenettelyllä,1
Euromäärältä,1
Kymmesosa,1
Kansanmuistiin,1
Isovihakin,1
Twitteristiä,1
Äänipakko,1
A4aikaiseen,1
Kelpoisuusvaatimuksesta,1
Ratksisee,1
Vihervassarihomokommarimädättäjä,1
Ahvlekti,1
Taaapainossa,1
Jormapetterin,1
Kostoturpakäräjistä,1
Tukikokonaisuus,1
Pätkätöiläisenä,1
Maanviljelijäisä,1
Siivoojaäiti,1
Condén,1
Valmistumiskuvan,1
Guinealaisesta,1
Ansiosiosidonnaista,1
Ministerismiehetkin,1
Raksaihminen,1
Köyhätki,1
Magattajat,1
Magatus,1
Inttipakettiin,1
Jössös,1
Vartijamyyjä,1
Romahteneessa,1
Payempaan,1
Poikkaisemaan,1
Neutrali,1
Paikantuneet,1
Wfikbnxiqbvtdocapd2rza,1
Nufivw9g637c1,1
Cc2104838d08e75925dfeaab717ae8c8f7535fd7,1
Sosiaaliturvamenor,1
Huoltusuhteesta,1
6rtqibxgyw,1
Tilitositteita,1
Larppaamisia,1
Ouchies,1
Hjassuatoimintaa,1
Vuodelte,1
Julistettettu,1
Sisarpuolueasemaa,1
Sodistakaan,1
Forgiven12,1
Sopeutusrahaan,1
Aujoneuvo,1
Talvipuutarhaa,1
Lustraatiotakaan,1
Kraavilohifileitä,1
Naamakaupoilla,1
Byrokratiaanhan,1
Muovisotaäijiä,1
Yleissivitykseen,1
Väärinopettaminen,1
Standingissä,1
Kyläpahasessamme,1
Älpä,1
Reaktionistiselta,1
Bricked,1
Vituttelu,1
Muodostustapaan,1
Pihasaunalle,1
Neuvottelutia,1
Voimafantsuilemaan,1
Eläkeleikkauksista,1
Palauttamisprosessissa,1
Imurointihommat,1
Väistämismerkkiä,1
Maisterintutkinon,1
Pesukapseleita,1
Uis8xom4e37c1,1
F6ec9628ba7e0358d68fecf8b178359680fcfa2e,1
Vikjydue_ou,1
Su8gv5v0ztk,1
Tapahtumakoordinaattoriin,1
Toktokin,1
Xtwitter,1
Kokoomustoimintaa,1
Kerrostaloeläjä,1
Imiroisin,1
Liikennesuunnitteluohjeissa,1
Ht211_opt,1
Ihmiselämänkin,1
Siivousintoa,1
Aamuinnokkaat,1
Karjalaisessakin,1
Eksyinkin,1
Torjuntataistelun,1
Jutsulle,1
Miesvihaajilla,1
Venäläistämiskausi,1
Retkessäkin,1
Pitkäksntoisesti,1
Ysivitosella,1
Tekemisi,1
Ahinmäen,1
Arvoliikeitä,1
Yläkoulustakin,1
Älyttömys,1
Oottaaa,1
Surfersia,1
Baryšnikov,1
Taluttanu,1
Pällistelemää,1
Huumoripeliin,1
Kännikohuista,1
Sortoajat,1
Hörhöusko,1
Kihlakunnanvoudit,1
Rankkuritkin,1
Äänipaketteja,1
Koulukierrokset,1
Kilpauhriutumisesta,1
Jäähykuningas,1
Perhemyönteisiä,1
Valtionvarainministerillemme,1
Pikkupaloihin,1
Isoisälähti,1
Tutkimssa,1
Pohjosempaa,1
Mielenterveyspalveluitahan,1
Ycqm9jcg2xibmusxurobza,1
Aisurikin,1
Perskokkareilla,1
Menolajeja,1
Kolmiotahan,1
Kouhotat,1
Takaisinvinoilua,1
Seurusteluväkivaltaa,1
Peruskouluaikaisesta,1
Sinkoiluun,1
Partioretkiä,1
Valtioterrorismia,1
Käristämisistä,1
Naulaamisista,1
Joukkopoltoista,1
Ruoskittamisista,1
Avustajatarve,1
Suonpäänkään,1
20tyypin,1
Kilaista,1
Neuvostodiktatuurista,1
Stockikaan,1
Spandexiraketin,1
Työmarkkinapeli,1
Vaikutelmaasi,1
Kylmävää,1
Baltische_landeswehr,1
Iakov,1
Pavalinpoika,1
Ryssö,1
Rattiraivoajalta,1
Ukisevat,1
Paikallispomojen,1
Ryöstettävissä,1
Ihnatowicz,1
Mączak,1
Zientara,1
Transilvania,1
Mazovia,1
Rätätätätää,1
Kynnyskellä,1
Fanifiktiot,1
Tekemisvaiheeseen,1
Winslowin,1
Michaelkin,1
Toskista,1
Partisaanihyökkäyksistä,1
Soviet_partisans_in_finland,1
Silloiseseen,1
Velanhoitomaksut,1
Jc8hdhyuw37c1,1
A5d01d13f3e4a2cbac6944e3c906938652641d68,1
Vesimaksuennakoista,1
Pelihallilla,1
Ok_water_7928,1
Jopoksi,1
Domoin,1
Jekaterinaa,1
Ennakkosuosikilla,1
Uunoili,1
Kilttiydestä,1
Keskivertolänkkäri,1
363f0028,1
Dc39,1
463d,1
866d,1
1d0fcf331e81,1
Dzungarwista,1
Circassialaiista,1
Lötköpullojen,1
Chäänssinsä,1
Heimoaatteessahan,1
Esimerkkilukuihin,1
Verenpainelääkitykseltä,1
Kauppamahdin,1
Teknoarmeijoita,1
Scimmiä,1
Banassa,1
Scimmyks,1
Sortoitkuvirsiä,1
C98keowe147c1,1
405cfed8ce6f94c73e47ce39c35c0e422457ed69,1
Bentsojenki,1
Valitusretken,1
18kxfwi,1
Hybridikeskuksen_savolainen_kertoo_kolme_keinoa,1
Kduwngn,1
Benjoriippuvuuden,1
Inkerinkansanmurhaa,1
Suomensukuisa,1
Järjestöillekin,1
Läppällään,1
Virvoitusjuomatehtailta,1
Etelänmatkoillaan,1
Pakkkasessa,1
Menolajeihin,1
Veribensan,1
Neuroleptitakuu,1
Ydinsuomeen,1
Pskottanee,1
Uusioraaka,1
Vaalivoitolleen,1
Äänestyspalkkio,1
Ulosottajalta,1
Myöntyväisyyslinjan,1
Evankelioinnin,1
Taskaa,1
Maisterihakuja,1
Muovilapioita,1
Rynkkyinä,1
Sotavankileireihein,1
Sotavankileireillään,1
Vastaesimerkein,1
Ooksa,1
Alkomonopolit,1
Fetissitason,1
Ehdottomassti,1
Dropattuna,1
Kuukausibudjetteihin,1
Anteeksiantojuttu,1
Conversation9395,1
Viittelöity,1
Fillaristissa,1
Mukamasi,1
Jalanpohjasta,1
3f1nrtj6e47c1,1
Fe3ae4ebf5215780242f5c0c37d4ede0819c16a3,1
Regressoidutaan,1
Jengitaistelun,1
Liskofiilikset,1
Ebaylta,1
Varrokin,1
Sivuopintojen,1
Korkeakoulutasoisia,1
Monivalintatenttiä,1
Autoilijako,1
Luksuureissa,1
Kuluttajaluokkia,1
Krytpovaluuttjoen,1
Varrockis,1
Juksas,1
Kunkes,1
Kokkailijalle,1
F422508d,1
B76d,1
Da8f34daae08,1
Jalkajousimurhaajan,1
Huijarikeskittymä,1
Kippokappoa,1
Toiselte,1
Cryptsyssä,1
Kusetusmuistitikkuja,1
Työsykli,1
Miehillie,1
Kauppakanavalla,1
Lahtelaismiehet,1
Riikkameisteri,1
Opetussuunniltemassa,1
Iukiossa,1
Pauline_harmange,1
Bilemimmin,1
Vaihtoruudussa,1
Yhdyntäkeskeinen,1
Kodomiin,1
Ehkäisyopetus,1
Tuntiikin,1
Naarmuuntuneita,1
Mikromuovipaskeesta,1
Höylääntyneet,1
Whatabaoutismilla,1
Rantasiivooja,1
Lorauttamasta,1
Nuuskapötköjä,1
Rullatuista,1
Kehuillakseen,1
Janoihin,1
Schenkkerillä,1
Jakelukohteena,1
Niksipirkkamaiseen,1
Olohuoneenpöytä,1
Pesuainetankkien,1
Parsakaalikaupoilla,1
Sukulaisukot,1
Duunariukoille,1
Urasektorilla,1
Synnyinvuosiluvuilla,1
Tarkkiskokemukset,1
Sitoakin,1
Yhteiskeskusteluja,1
Verenvuotosairas,1
Kiivastuksissani,1
Tarkkailuluokkarumba,1
Perhetaustaongelmaa,1
Klikkilehdistöön,1
Suonella,1
Ulvang,1
Lakisääntö,1
Iberaalia,1
Suoraselkäisiin,1
Moraalisaarnauksen,1
Pullolavalle,1
Joulujuomisiksi,1
Tosikonnössööri,1
Hikoiluhommat,1
Kiinankaaliin,1
Ristiretkistään,1
Läpitunkemiseen,1
Jätelisä,1
Pitkulaisten,1
Kamujensa,1
Pentutehtailijatkin,1
Rekisterihommasta,1
Pennunostaja,1
Tasokkaammaksi,1
Hovirintaaan,1
Äänianalyytikko,1
Yksikäsiteisempiä,1
Halvimmis,1
Emergiaa,1
5caui92ej67c1,1
F540a4a6d82bfa3ce6ea9b005e8850cdacd597f4,1
Ajeldt,1
Remppakaljoihin,1
Ilmastoinneista,1
Rutkujaan,1
Maskoen,1
Tämänkuun,1
Sittenvanhan,1
Autojobbarille,1
Tarvikejalusta,1
Itkuvirsihaastatteluja,1
Sivukylää,1
Cpaphoidon,1
Toytan,1
Vilkuikee,1
Keikkatyöpaikkailmoituksia,1
Opiskelupotentiaalia,1
Sovinnonvaraisia,1
Ylijäämähaixit,1
Rajatorpantie,1
Kilterinkuja,1
Circassialaisia,1
Äimistyneille,1
Sääkartoilta,1
Hoitotarvikejakeluun,1
Kalanisti,1
Ruodottoman,1
Kokonaistuntipalkan,1
Palkkatulkintaa,1
Pekuloi,1
Älykkydestä,1
Kolhita,1
Kotelaisilta,1
Retweettaillee,1
Feminism_is_cancer,1
Jätehierarkiassa,1
Uudelleenkäyttöketjuun,1
Korjauskuluiltaan,1
Elinvoimaisenmalta,1
Eugeniikkaakin,1
Halpisauton,1
Kerkisihän,1
Taevitaan,1
Muuya,1
Paonetta,1
Jalankulkijoihi,1
Kansallisidentiteentin,1
Hävitysretkiä,1
Kähinöitiin,1
Vähentämisdirektiiviä,1
8venttiilinen,1
Aeromotorssilta,1
Venttiilisessä,1
Yhdistyksenkin,1
Ammattimaistaa,1
Korotuksestaan,1
Yhteenliimaavana,1
Urponpana,1
Muidel,1
Boraxin,1
Otoltctfkrg,1
Mxegvuawz10rcuoa,1
Käsittelyajaks,1
Tjeidän,1
Njaton,1
Aloittelijallakaan,1
Suosikkinettihalpisverkkokauppa,1
Tupakansytkään,1
Jännitenäyttö,1
Englantisikaan,1
864c06b6,1
58c7,1
B5dd,1
965acf6c52fd,1
Starttinappulaa,1
Digitaalimittaristo,1
Hölöttämistä,1
Hihaässää,1
Teskteissään,1
Vastuuntunnoissaan,1
Ymcrzg,1
8w7k5fa9mgt5f19qoq9a,1
B112,1
Ryhmärangaistuksen,1
Merchaamalla,1
Kauppaservulle,1
Ulostauduttua,1
Mysteeriesineen,1
Tradeen,1
Ostospämmäystä,1
Leaftree,1
Vaihtoscämmi,1
Guthanin,1
Päivätienesteille,1
Whipit,1
Wildernessissä,1
Luretettua,1
Playerkilleriä,1
Alch,1
Lumbridgesta,1
Späwnätessä,1
4x40k,1
Whippiä,1
Spermaturpa,1
Marketplacee,1
Sukellakkaan,1
Sosiaaliturvavakuutusmaksuissa,1
Tuloveroasteikkoihin,1
Kipupaketti,1
Toytota,1
Toyotalisää,1
Varaosakauppalistaan,1
Ovokon,1
Seulhcina7tuq,1
Aivotuksias,1
Aivovammastakin,1
Peruspulliaisperheissä,1
Nukehommiin,1
Purraata,1
Tarkotq,1
Humpuukikursseille,1
Linnoiksi,1
Eäpäloisuus,1
Disukkani,1
Klyxd4whzzi,1
Peruspolitikolla,1
Uniapneahoitajalle,1
Turpeennostaja,1
Tekoälykoodari,1
Tulokuopasta,1
Myrkyttömiksi,1
Ekemmän,1
Velheita,1
Kontroversaaleiksi,1
Koulukokeilut,1
Sopeuttivat,1
Unipolin,1
Tekstiviestinumeroon,1
Ruostehommat,1
Vaillisesti,1
Nukkaantuneine,1
Aivopakoon,1
Lähiruokakauppansa,1
Tulotasodataa,1
Järvikareen,1
Misogyyniaa,1
Energiadirektiivien,1
Haeskelevat,1
Kyttäyksineen,1
Selviämistilaan,1
Elökkeistäkin,1
Natsisadistiseikkailijasta,1
Julkkisasianajelija,1
Sylttytehtaankadulle,1
Putkakeikka,1
Kylässsä,1
Keskitysleiriviittauksia,1
Korjauslikkeet,1
Sotapakolais,1
Našivihaa,1
Kilpaiukykyvertailussa,1
Vastikäähän,1
Lisävitsin,1
Väittelytasolla,1
Toiseuttamiseksi,1
Passivoimmista,1
Tekstisekoilusta,1
Vastuumääritelmä,1
Siispään,1
Sivuuttele,1
Paitakauppoihin,1
Ihmismaailmaan,1
Motiiviteoriaasi,1
Ydinfunktio,1
Megaleikkauksiin,1
Motivaatiiota,1
Toimillesi,1
Vähätuntisen,1
Pörssinä,1
Kolmevarttia,1
Tulomuotojen,1
Perusmarginaalituloveroa,1
Tukikannustinloukuissa,1
Koulutoimenjohtajaa,1
Mainostejaosta,1
Miesnäkökulmalla,1
Feministinäkökulmalla,1
Kellopeliappelsiiniyhteiskuntaan,1
Omavalinnaisella,1
Faktantarkistusartikkelin,1
Disinfolle,1
Käyttäppä,1
Magnifikaation,1
Varoittelinkin,1
Erilaistuu,1
Vasemmistoagitaattorit,1
Riitauttamallakaan,1
Osatyökykyinenkin,1
Aloitusbonusta,1
Noplaantunut,1
Bonusturvat,1
Työkyvylleen,1
Deittikumppaniakin,1
Ideologistithan,1
Työterveyteesi,1
Autoiluhistoriassa,1
Oikaisukin,1
Länsiterästä,1
Hanttihommankin,1
Nettovahingoksi,1
Z9mkgs0,1
Junantuomiksi,1
Ihmisoikeustoimikunnan,1
A4tiedot,1
Köyhiötä,1
Ruostekorjauksia,1
Tärky,1
Työllistämiskeskusteluun,1
Työllistymiskeskustelussa,1
Kehitysvammaisistakaan,1
Luimuta,1
Alaueelle,1
Valjuiksi,1
Selvittelytkin,1
Istuntonauhat,1
Weaponization,1
Kuuntelemisista,1
Dsasta,1
Korruptuosta,1
Asiakirjapaperit,1
Russoviha,1
Palestiinalaisil,1
Työkyvyttömyyspapereiden,1
Omistamiset,1
Miehitysvihaa,1
Urakehotyksen,1
Presidentinvirankin,1
Vassaripsykoosia,1
Sairauseläkkeistä,1
Vakuutuslääkärikin,1
Digitaitokoulutuksia,1
Sivistystyölle,1
Tyovoimapoliittisia,1
Merkonomintutkinto,1
Linnoittuneita,1
Keksimiämme,1
Kulkutautisairaalaan,1
Takaiuudistuksessa,1
Kolmasosahintaan,1
Lasithan,1
Retropeliä,1
Rauhoitettuani,1
Ffffeministit,1
Toteamina,1
Wiskaia,1
Valtiovalas,1
Työkykypäätös,1
Somepäivitykiä,1
Filmailusta,1
Inttternettiin,1
Mibextid,1
Rs40ab7s9ucbxw6v,1
Remanufacture,1
Uudelleenvalmistaminen,1
Korjaustasolla,1
Uudelleenvalmistus,1
Kierrätystasolla,1
Kunnostamiselle,1
Korkkikeskustelu,1
Kampfiakaan,1
Tierppa,1
Talitierainen,1
Kommunismifantasiohisi,1
Hoitokotivakuutuksena,1
Sukupuolipoliittiisiin,1
Äänestyspakon,1
Vaalikamppaniaan,1
Bäumen,1
Keksipitkän,1
Vaikutusvälin,1
Tukieneliminoimis,1
Kiukutellakses,1
Selittääkses,1
Viimeisimpämä,1
Korjaamossakin,1
Työkyvyttömyyssuosituksesta,1
Kampaviineritonnin,1
Kampaviinerikaverin,1
Vesileikkien,1
Tekemisestå,1
Muatilan,1
Pinoomista,1
Opiskelijamuksujaan,1
Kännykkätilaus,1
Piparikota,1
Defenestraatiota,1
Kaivuuoikeuksia,1
Suurpommitus,1
Särökin,1
Ostbaum,1
Lisäsopeuttaminen,1
Matalapalkkatuloihin,1
Vistissäkin,1
Verkosivu,1
Harmiteltavan,1
Sukupuolikentällä,1
Miesjärjestövastine,1
Vuosiraportteja,1
Farmaridieselin,1
Muovikitillä,1
Rutkujen,1
Kuljetusalat,1
Siivousalat,1
Paskafanfaarin,1
Reaganimaista,1
Litistetyille,1
Virkahenkilöstö,1
Schumacheriin,1
Yställisiksi,1
Suostumisperusteiksi,1
Ajatuksenlukijan,1
Häirioihin,1
Faktantarkastusartikkeliin,1
Ehoisesti,1
Työtömänä,1
Lähiyritysten,1
Perseestärevityt,1
Graafitkaan,1
Mineraalitarpeella,1
238894856_1158596034618787_3154900846207544480_n,1
3635dc,1
Pcbonfhyjd0ax8l25te,1
00_afaqs4j1z1njo82jy8k1vtcj_ajp06gy4tlz4rxvzlwcyg,1
658680fc,1
Elmäm_koululaisii,1
Puhelinaspaksi,1
Täydennysopintoja,1
Kansaopistossa,1
Desiileiltä,1
Pommittamisien,1
Oisiks,1
Ulkomaalaistatyövoimaa,1
Suurvaltiomiehen,1
Yhdyntäkeskeisyys,1
Cortsun,1
Ruostetyötä,1
Epäpidetty,1
Loppaama,1
Työkyvyttömyyslausetta,1
Maatiota,1
Wkfabsohgr,1
Eurooppapuolueisiin,1
Ympäristöneuvosto,1
Presslist,1
Ymparistoministerit,1
Pakkausjatetta,1
Likkaavat,1
Laununnot,1
Etuuskäsittelijätkin,1
Tylypahkassakin,1
Luutien,1
Korvenkeskellä,1
Valtionosuudelle,1
Perusosallaan,1
Äidnkielenään,1
Ryssäbabushkan,1
Tartumaan,1
Rlt,1
D8eb,1
Syömiskysymyksissä,1
Valtavirtamusassa,1
Kultakuorruttaa,1
Hoitokotipaikka,1
Tienurat,1
Palkankorotuksiine,1
Syytetätään,1
Alentaminenj,1
Työsopimusvelvoitteiden,1
Näytepussukan,1
Näytepussi,1
Parsakaaliostoksia,1
Äänestäjistöä,1
Autotuneematonta,1
Reverbi,1
Teloisivat,1
Työehtosopisneuvottelutilanteessa,1
Poikaerityisillä,1
Tarkatus,1
Riskinsietokykyjen,1
Puolekirjalla,1
Äänestäneistäki,1
Teollisuusyhtiön,1
Investointihankkeessa,1
Aurauspenkan,1
Mandaattikausi,1
Rinkirunkkunettipointsit,1
Amekicca,1
Speakistä,1
Gibbonsia,1
Vihaoksennuksella,1
Vankilauhka,1
Harkinnanvarainenhan,1
Hankintatoiminnasta,1
Lakkopäiviltä,1
Oikenemassa,1
Tiedostopalvelun,1
Neuvoiteltaviksi,1
Mielenterveysoireisiin,1
Nuotiossakin,1
Lähdeviittauksista,1
Substanssiaineisiin,1
Hähmyiseen,1
Tessittömiä,1
Tasarvoisempia,1
Työnantjat,1
Demokoratia,1
Alistuvuutta,1
Natsirasistifasistit,1
Rokotedenialistin,1
Vuotisat,1
Musiikiimakuani,1
Krnppiegwmxh6yp4,1
Conservativeenkin,1
Tessittömänä,1
Pedanttisempi,1
Terminkäyttö,1
Tertunkin,1
Ratkaisevanakaan,1
6v2nycyjq87c1,1
2809f95d64bc7ad7136b23bfb58f329362ec8a47,1
Ruuvina,1
Kandalaisen,1
Hsnabcdg4t8,1
Dj0nn6ysn3eqme32,1
Käymishäiriöinen,1
Mees_nyt_vittuun,1
Feministiöyhötykselle,1
Takinkäännöksistä,1
5eqmpwopnzrusv,1
Fydil,1
Imggn,1
Groomauskohun,1
Hutiosuma,1
279tkm,1
Kolvailtavaksi,1
Vaimokeen,1
Omistushistoria,1
Kiertopalkinnoissa,1
Esittämättömiä,1
Myötävoima,1
Vallankumousteoriaa,1
Vireongelmia,1
Tunetukselle,1
Kairaisivat,1
Työttämyysetuuksiasi,1
Työnsaamispakko,1
Työllistämisvelvoitteella,1
Pätevöitysmiskokonaisuuksia,1
Vasemmistopaskakikkareen,1
Luuseripaskoja,1
Pakkosiirtoleiriä,1
Västieräkki,1
18itkop,1
Vaikuttajat_on_meid,1
A4n_miesten_velvollisuus,1
Huoltovarmempia,1
Oikeistoaivot,1
Aineopetuksen,1
Päihteidenkäyttökin,1
Ongemmat,1
Mielialojensa,1
Sanonalla,1
Pelotemielikuva,1
Leikkauskierrosten,1
Potkimistoimena,1
Viiveellisenä,1
Amisjuttua,1
Scenarioni,1
Tulevaisuustae,1
Lakkokeskustelujen,1
Pulusakkitasolla,1
Ärsyt,1
Tuntiseurantasysteemejä,1
Ylemmyydestäsi,1
Isöpappa,1
Hunajaruukulle,1
Suurvaltiohenkilöoletettu,1
Iktkupotkukeisseissä,1
Merzbowiin,1
Hijokaidan,1
Dr6zcfhft6s,1
Kokonaisuudessankin,1
Seisomiskorkeudessa,1
Hintaluokasssa,1
Tuontantoprosessista,1
Dhh21crsohs,1
Discopoppiin,1
Synatyylinen,1
Ostoskadulle,1
Työnväenliitot,1
Maastapoistimisverot,1
Sahaavansa,1
Uhriutumiskompleksiksi,1
Vihaendorfiinikiihkon,1
Vinotukivarsia,1
Kulttuurisotajärjestö,1
Kannatajakuntaaan,1
Samamielisten,1
Etuusleikkuria,1
Eraalityöllistyminen,1
Seurantajoukko,1
Internetmeemistä,1
Lisäpinnan,1
Vitsihuumoripläjäykseeni,1
Vasemmistoaivot,1
Myötämääräämisoikeudesta,1
Neuvotteluvelvoite,1
Arianna,1
Nyymeissä,1
Raapaisemisesta,1
Kalleisiin,1
Projisointiaan,1
Luuseripaskoiksi,1
Y3e0rq6xy87c1,1
Bce9ca682c08c5e561de9eaaf2da32ca78f1b5dd,1
Eläkepäätöksestä,1
Kuntoutustoimenpiteitä,1
Joulukalenterissaan,1
Uutisalustoja,1
Meeminoston,1
Tuohtumisistani,1
Lastenraiskausjuttujenkaan,1
Lakkokohteissa,1
Tuöntekijöiden,1
Trolle,1
Sossuleikkauksissa,1
Säästömäärä,1
5a4bzi48097c1,1
A05efdb54c834f434ebcb7c0c3bf9ffed57d7a86,1
Raivohuutamalla,1
Enemmisön,1
Traumakirurgiaa,1
Rinksua,1
Vihasivu,1
Яблоки,1
Пидор,1
Omenapukku,1
Baltianmaita,1
Photoshoppaaminenkin,1
Jumiutuessa,1
Transesta,1
Contryyn,1
Xwgma99w297c1,1
5a4553ee6b3bf102117f256d7a294ccc3bde9be7,1
Indeksijäädytyksiltä,1
Persumielisyyteen,1
Maksasisivat,1
Yksityisoikeuksilla,1
Ryöstöhintaisilla,1
Borch,1
Prosenttimuutoksilla,1
Koulutusupseeri,1
Sitimaastureilla,1
Hakutsydeemi,1
Kaikkivoipias,1
Tietäälseen,1
Ihmisryhmäviha,1
Kylmetystä,1
Wikipediapas,1
Läpimurtosinglensä,1
Reksyprosesseissa,1
Ajatuksenjouksuun,1
Kuvittlet,1
Zhun,1
Kahlanneen,1
Hiekkaelementistä,1
Teatterikärpäsen,1
Puraisemana,1
Alameiniin,1
Teollisuuspampun,1
Kabbaali,1
Utopiatilanteen,1
Jannicakin,1
Kairattavat,1
Virkkuina,1
Sagaan,1
Uniasiassa,1
Gmeps7oj697c1,1
69313a03752bdce68a883aaa9958e08e8a4fe725,1
Rinkirunkkujengiä,1
Lnngassa,1
Nöhneet,1
Yli18h,1
Prosenttiperusteista,1
Ilmoitusvaatimus,1
Porrastu,1
Kilpailukykymantroja,1
Kurssikalenteriin,1
Pilluhaluisia,1
Turkkilaisapinoita,1
Turkkilaisapinoiksi,1
Fyysinenkunto,1
Reserviliiton,1
Holdereille,1
Certifikaatilla,1
Mineraalipitoisuuksia,1
Sotamuseoiden,1
Mjikä,1
Vjäinämöinen,1
Feministivaltaisissa,1
Foliopäiset,1
Lokiraporttien,1
Sekalaistakin,1
Työttömyystukisetistä,1
Turbolta,1
Tasapainoistaja,1
Huomiotempaus,1
Demarimeemit,1
Kontaktointeja,1
Fuusioreaktoreineen,1
Sosiaaliturvam,1
Vocoderilla,1
Jättämen,1
Teidänkinlaisia,1
Lambeja,1
Tem_2023_19,1
Maahanmuuttoasiavoittoa,1
Kaavottajien,1
Sokerijuurikkaalla,1
Kossuttelu,1
Ashleymelillo,1
Antipersuraivoa,1
Tuhoamismielessä,1
Muslimiryhmä,1
Vaihdumme,1
Asuntokokoelmastani,1
Dehumanoimisen,1
Luuseripaskiaisuus,1
Mineraalinäytteiden,1
Urkinnassa,1
Esiintymispelkoinen,1
Otune,1
Dehumanisoimaaan,1
Ptoverin,1
Kehitysmaahasi,1
Taantumako,1
Kauppamaine,1
Suviviittomilla,1
Suostumuspohjalta,1
Omakyhäämääsi,1
Tukihorroksesta,1
2f6octocj9j86c1,1
Taulutelkkarikin,1
Sisäpuhaltimen,1
Luonnosuojelualueelle,1
Teitäisit,1
Elatusmäärät,1
Velkaaki,1
Roopesetänä,1
Iskemälle,1
Palkkajutuissa,1
Aivolakossa,1
Mäkkärikahviin,1
Keliakiansa,1
Storyissään,1
Aalistunturilla,1
11ce39f3,1
418eb03e9c08,1
Lauluraidalle,1
Tweakkailet,1
Luovuudentappaja,1
_luova_,1
N2erymqni97c1,1
2defc912766fddf3fdd3129e9c1a944e79ea4e1f,1
Ravintolahintoja,1
Paemmin,1
Yhtriskunnan,1
Kadva,1
Kylkiäisiin,1
Vintunneli,1
Vinotunneli,1
Kaivospiirien,1
Vitunks,1
Sukavarteen,1
Öyhötysjutun,1
Lakonmurtajat,1
Suomiwikissäkin,1
Calumetin_paniikki,1
Lauludynamiikkaa,1
Duunipaikkakohtaisia,1
Vuorotteluvapaista,1
Kirjailijanurakaan,1
Lämpöinfraa,1
Reservitoiminnan,1
Kyykkäilen,1
Ajoneuvosssa,1
Zilttoneita,1
Puunjalostusteollisuuteen,1
Asuntotuloverotuksen,1
Nykyakkuihin,1
Tasaeläkemalli,1
Pyörtämispäätöksen,1
Kannanottojaen,1
Tcjzmx20p97c1,1
8c821bdcb0279fc74a19c631f9500e7e4d4a036f,1
Patikoineet,1
Meloneet,1
Maasotautoilla,1
Lakkoilivatt,1
Kässäriväki,1
Paapottava,1
Bonemealia,1
Vocoderia,1
Selman,1
Peruskustannusrakenteeltaan,1
Työkyvyttömyytenä,1
Blokkikäsittely,1
Nuuhkijoita,1
Jäsenillekään,1
Tyhät,1
Häurinnän,1
E424c0af,1
4b70,1
1bc9f19b7f71,1
Amerikkalaisvaikutteista,1
Evankelikalismia,1
Avioliittokannasta,1
Miesasiamiehiltä,1
Iskelmämusiikille,1
500keuron,1
Pikkutonttini,1
Pikkumökin,1
Paperityöläisenä,1
Meikaaminen,1
Taitteellinen,1
Toisalalle,1
Nykäsmietoinen,1
Paskajournalismit,1
Mediatrolleja,1
Luttokampaaja,1
Hitsauttamaan,1
Herrarotuidentiteetistä,1
Lemmygrad,1
Pictrs,1
A2bf66c6,1
9b03,1
Eb8dc9bf3505,1
Tustalla,1
Rahastoitavaan,1
Itserahastoituun,1
Vastattavasta,1
Äänenkorkeuteen,1
Robottimaiseen,1
Hienovaraistenkin,1
Tunnelinperät,1
Myyntikikalla,1
Mielöi,1
Kiristyskierrosta,1
Maailmanpelastusprojekti,1
Hahahahhaahhaah,1
Venäläiskalustoon,1
Peleissämme,1
Venojärvi,1
Arpavoittoa,1
Disanalogiasta,1
Yrittäjäleijona,1
Jouluperinteisiin,1
Kestopsykoosissa,1
Ympyräjoki,1
Kartuttamallaan,1
Sellassessa,1
Orjatyölottakouluun,1
Sävelkuuroudessa,1
Osasäie,1
Tutkiusten,1
Tunettamiseksi,1
Autotunettamiseksi,1
Konkurssikypsässä,1
Suumnitelmassasi,1
Panttikierrätyksen,1
Olutpulloissahan,1
Ihmislinko,1
Saappaannauhoista,1
Valioluokkaa,1
Uudelleenkäyttöprosentti,1
Eläkeläisyysvaltaisuus,1
Eläkevaltaisuus,1
Eläkeläispaaponta,1
Työnekijöitä,1
Betoniporsaattamiseen,1
Jenkkiliigat,1
Piiskaukset,1
Eocdn,1
Nipotukselta,1
Peinessä,1
Kiskoneensa,1
Emeraldikaivoksia,1
Maallikkotason,1
Tavaraliike,1
Lmoitus,1
Kokonaismatkojen,1
Pääteltäväkseni,1
Sormikaasusta,1
Lihavalosta,1
Algoritmiisi,1
Piparkakkutalokisaan,1
Piparkakkutalokisassa,1
Ollaann,1
Koikeiltu,1
Pikkutavaravarasto,1
Yliviivaustussia,1
Leikkausrumbaan,1
Kotiarestiinkin,1
Kalsariostoksilla,1
Normaalinkokoisessa,1
Pullorallissa,1
Idioottimaisuudesaan,1
Wiskarikin,1
6va3nyj1kjw,1
Musiikkiakaa,1
Sotepalveluyksikössä,1
Nettovaltaa,1
Bingoruudukko,1
Nimitteluyitä,1
Pyramidihuojauksen,1
Oikeistofasistidiktatuurista,1
Masennusiskelmää,1
Leikkuroida,1
Duunariduunista,1
Romuttakaa,1
Chekkaisit,1
Aivotuksiasi,1
Päivähoitumaksut,1
Rikkioksidin,1
1tojw6,1
Cd5fe852,1
1da0,1
99f5,1
1db4b89b5bdc,1
Joulunjälkeen,1
Alijäämääkiin,1
Henkilökuluihin,1
Pedofiiliakaan,1
Hakanneeksi,1
Hyökkäystäkääb,1
Ukrainalaistoimittajalle,1
Terasseiltaan,1
Kasviharrastelijoita,1
Luonteenvastainen,1
Semivaikean,1
Rypistykset,1
Popmuusikon,1
Suosikkilaulajien,1
Lyttäis,1
2tic25nyfa7c1,1
61ee41b827507bb6d44f0ff66f66133be9eeff18,1
Vasepuukissa,1
Yliviivaustussi,1
Leikaita,1
Armeijadiktatuurin,1
Kekwee,1
Alexgeepee,1
Fasistiudestaan,1
Helikopterienkin,1
Ka52,1
Jättaa,1
Uhrautuvuus,1
Työmarkkinalinjassa,1
Työmarkkinauudistuksistaan,1
Postauskynnys,1
Venäjähenkistä,1
Puolustusklausuulin,1
Pu65w3qpia7c1,1
A35b1d9deb28b86fe3a3ec73d96626ba1ce74248,1
Yksityisaloilla,1
Olutpullojakin,1
Kuuropoika,1
Viittomatulkki,1
Pöhöttynt,1
Elintarvikemarkknavaltuuten,1
Ultraäärioikeisto,1
Kanntattaisi,1
Parodiahahmon,1
Peruspenttiä,1
Larvanko,1
014b7d97,1
F7dc,1
Cc752f685896,1
55b26df7,1
Bb0a,1
E39032006700,1
Todenpitävyydessä,1
Järkestön,1
Hallituksele,1
Urkituista,1
Vastustukseenhan,1
Kamujaan,1
Paikatut,1
Moottoripyöräjenkin,1
Nuotioalueesta,1
Merikittäviä,1
Printtaamssa,1
Plonkannut,1
Perittyäkin,1
Jalokivivaluutoilla,1
Terveyssosialismi,1
Ryhmäaleen,1
Embed_post,1
Sananvapausvaje,1
Oikeusvaltiovaje,1
Persnatsi,1
Hesberg,1
Hiriviniemi,1
Kuljeskelua,1
Koomikossa,1
Hurauttelevat,1
Telegrammiryhmiä,1
Uloskäyntinä,1
Pahoinvointiyhteiskunnasta,1
Perseilyillekin,1
Vollotuksia,1
Eläkemenoon,1
Nykytasoltaan,1
Maksunkorotuspainetta,1
Pörssimenestyjiin,1
Pullopanttijärjestelmästä,1
Rojahtaneen,1
Lepolomaidylliä,1
Poliisikisi,1
Matkailukenttää,1
Ruokavaltuutetulla,1
Neuvostokommunistiksi,1
Pandakarhulta,1
Asuntotuloverotuksesta,1
Speechmatics,1
Muuntamiselle,1
Vaskulaaridementia,1
Muistiongelmaisten,1
Yhteydenotonkin,1
Pakkauksistamme,1
Tuhlauskuurille,1
Veikkaustiliisi,1
Lisäämiäsi,1
Karvakamut,1
Laurimollakin,1
Pedikyyrit,1
Umpikommareina,1
Natsipaskoina,1
Sotkerntumasn,1
Laukoisin,1
Maastohousumiehet,1
066534ee,1
C745,1
2ef97c6f3c0a,1
Maailma_kylassa_,1
Festivaalien_kyselyssa_selkea_ei_suomen_nato,1
Kurjuudesaa,1
_oppilas,1
_kuristettiin,1
_siniseksi,1
_kaarinassa,1
Ts_oppilas_kuristettiin_siniseksi_kaarinassa,1
Lulntoon,1
Eläkeköyhyys,1
Maidonpurkittajiakin,1
Tekeytyneen,1
Totaalikommari,1
Talouskommunisti,1
Älynyt,1
Rasvamahoja,1
Samanlaiin,1
Tekeytyneelle,1
Väestötimanttia,1
Perusmittareita,1
Maalinkäryä,1
Tyttöystävättömyys,1
Kuolew,1
Säästäväisille,1
Palkkatuloillahan,1
Maksimibonareilla,1
Sovittelukeinoista,1
Turallinen,1
Tavisi,1
Enimistö,1
Vaaliaikanaan,1
Nuorisio,1
Löllykän,1
Nykyhallitusken,1
Pullotuotteita,1
Toistelulta,1
Artikkelitkaan,1
Kaupunkituristina,1
Purkkejä,1
Virvoikejuomapullo,1
Proteiinijuomista,1
Suklaajuoman,1
Ruokavaltuutettu,1
Osuloita,1
Tuntityöntekijän,1
Nollamääräyksiä,1
Dunaa,1
Itselläkkn,1
Perustöllön,1
Hillovirkoja,1
Koulutustukipäätös,1
Käsittelyjonoista,1
Dippailukaan,1
Osoitettavana,1
Järjestätkään,1
Tulohyöty,1
Polttohautaukseen,1
Phm,1
Suorittamiemme,1
Väestöpoliittisesti,1
Kuulumisenne,1
Ennakkoveronpidätyskuitti,1
Tutkimuksiemme,1
Olkilyhde,1
Lastuvillaa,1
Erikoiskäsittelyn,1
Tuhkallenne,1
Tuhkanne,1
Kuolinilmoituksestanne,1
Henkikirjoittajalle,1
Velkojillenne,1
Lehtitilauksenne,1
Ulkomaanpassinne,1
Sananvapausagendaansa,1
Saranakorkilla,1
Varainkeruulistasta,1
Romahtaapa,1
_sananvastuusta_,1
Lähdevedessä,1
Luononsuojelualueella,1
Luonnonsuojelualueessa,1
Terassirempan,1
Flattina,1
Tokavikakin,1
Pmhxjz66mcm,1
Noutolaatikko,1
Noutolaatikkoa,1
Huuhaapaskaan,1
Ohjelmointityyppisiä,1
Vanhuudenpäivilleen,1
Hoitokodiksi,1
Fantasoioita,1
Hyveellisimpiä,1
Lehdenkeräys,1
Opintomatkoineen,1
Sikailuosastolle,1
Ooppiumisodista,1
Järjestäytyneisemmistä,1
Jekkulisän,1
Kasvontunnistukset,1
Peukalonnostoon,1
Auktoriteettisellä,1
Naapurustomeininkiä,1
Golfklubeilla,1
Ennakkoperintään,1
Puolusteluasemasi,1
Kierrätysautomaatissa,1
Totuudenmukaisuudessaan,1
Kerhokytköksistä,1
Ammuttiinpa,1
Easyparkilta,1
Ekspiroitumaan,1
Fasistihöpinöitään,1
Silkkikutomona,1
Jouluporukassa,1
Lahjomisrumba,1
Kapitalistikoneiston,1
Pitopuolen,1
Limpparimukin,1
Pahvisattumia,1
Vaanole,1
Piffaamassa,1
Nyhtäsee,1
Smoothiessä,1
Smoothietani,1
Kehityskonsulentti,1
Schopenhauerit,1
Europropagandalle,1
Talouskasvukilpailun,1
Euroköllöttelyllä,1
Sotajännitysnäytelmä,1
Sosepurkkien,1
Sosepurkkia,1
Irtirepäisyn,1
Sartreen,1
Näkömättämästä,1
Rasiam,1
Larppimenotkin,1
Sataneliöisestä,1
Julistusvideot,1
Karhunpalvojia,1
Pahvikannetkin,1
Pahvipillin,1
Piiristäkään,1
Kanuksia,1
Televisiosarjoistaan,1
Korkeuksiinsa,1
Lahjoitustilastoissa,1
Tyypilstä,1
Riehaannu,1
Fransiskoveli,1
Ahnehti,1
1dilftsy7fo,1
Lärvästä,1
Hedelmäpommin,1
18kfcxq,1
Huippuvirkamies_t,1
A4si_valtion_rahoja_saatetaan,1
Kdrfi02,1
Menopaluuseen,1
Vasarapudotuksesta,1
Fasismisyytteistä,1
Räyhävasemmisto,1
Erilaidalla,1
Kaasuputkimiehet,1
Väestöpuuksi,1
Nostossakin,1
Odisteita,1
Korrektiusuuden,1
Harjouttaa,1
Leinaamalla,1
Kiraimellisesti,1
Fascistsiltä,1
Miljardirahastoilla,1
Merili,1
Iltakahteentoista,1
Plutarkhoksesta,1
Kekkiym,1
2007nettiversio,1
Messingeistä,1
Liukenevaan,1
Lyijypitoisuudesta,1
Messinkiosista,1
Korshin,1
Heikkokasvu,1
Epäliberaaliset,1
Suosiolls,1
2ffrys,1
Leelas,1
919jvu5atll91,1
3d9882ba88390e3498fb6ae4d9efac9655515bed68,1
Vapaaehtoistapahtumaan,1
Designfirma,1
Iltookkaan,1
Raavittavaksi,1
Arkadiamäel,1
Vasemmsitoliitto,1
Laamapaidat,1
Mummoikään,1
Savolaismummoillekin,1
Mielentaistoa,1
Mankbyssä,1
Kuninkaankartanon,1
Legislation_fi,1
Ääritermeillä,1
Lähimmäisiäs,1
Varallisuustutka,1
S506d9f2hb7c1,1
3529ae87798fac8cec639fff87c9db4a197478bf,1
Venäjäsympatiointia,1
Venäjäsympatioistaan,1
Schoolhouse,1
Ogvkvqtitto,1
Ansaitsemilleen,1
Todellisuushypyt,1
Joogaharrastuksesta,1
Kutsumusalalla,1
Roskaako,1
Jillekin,1
Sotadroidi,1
Ryyppäämiseltään,1
Tutkailemismistalta,1
Harrastetoimiin,1
_temppeli,1
Romuttautua,1
Autoirrumation,1
Määräydyttävä,1
Seksifrekvenssin,1
Tuomioisen,1
Eflopilla,1
Eläkeläisliittojen,1
Aeraksellaan,1
Hyväilyistä,1
Pentraatio,1
Enemalla,1
Eiheesta,1
Vartiointivelvollisuuden,1
Taipuisimmillaan,1
Lipsuttelua,1
Lääkärinegauspropaganda,1
Säänn,1
Vuosibruttopalkka,1
Asuinvaltioni,1
Koyhänä,1
Oikeimmistoäänestäjistä,1
Kykysiä,1
Iltajallu,1
Nautittavalle,1
Riittppumatta,1
Kiinnostastas,1
Korkillisiin,1
Koneistusominaisuuksien,1
Lyijyttömänäkin,1
Erikoismessinkejä,1
Häippäsit,1
Terveyskuluvakuutuksesi,1
Hemmotteluhoidon,1
Passauksen,1
Nykykuvioosi,1
Homosarjoja,1
Spntaanisuus,1
Pyrkyviä,1
Neukkaristrategiasta,1
Paskamodet,1
Peräsuolihan,1
Sigmasuoleen,1
Anaalisuihkuja,1
Käsihommat,1
Nykypvän,1
Pentraatiolla,1
Anaalipenetraatiosta,1
Kusisuus,1
Hyperseksuaalisiin,1
Douchettelu,1
Interbellumin,1
Kiimaisuuden,1
Seksifaktoja,1
Hevizinen,1
Ekspiraatio,1
Bruttopalkkatuloillakim,1
Viiskybäsestä,1
Dippinssistä,1
Sekärangatonta,1
Oikeansuuruisina,1
Soittotekniikassa,1
Wahwahilla,1
Phaserilla,1
Orgasmoinut,1
Liikasuuri,1
Särkevältä,1
Asuinvaltiossani,1
Pauhaamisen,1
Totuudenmukaisuudenkaan,1
Hyppäystään,1
Denmarit,1
Samantuloisilta,1
Krstalolähiössä,1
Luuserialkkiksen,1
Olemassaoloo,1
Edellämainittuko,1
Isänpuoleisella,1
Yleismaisemasta,1
Lyijymäärässä,1
Infodumppausta,1
Arkilibido,1
Viidakkoase,1
Näppissankaria,1
Nettikoukussa,1
Vegevassarihomo,1
Vegenössövassarimielipide,1
Homokommaripropagandaa,1
Toitotellet,1
Vassarihomonössöt,1
Näpelletään,1
Ysärilta,1
Sexless_marriage,1
Seksittömässäkin,1
Seksipalstoilla,1
E5a7dcbb,1
F0f2,1
60ec1ff9ff3f,1
Sinkinkadon,1
Messinkiseokset,1
Sinkinkadonkestävien,1
Messinkiseoksien,1
Vesilaitteistojen,1
Liitososissa,1
Korroosionkestäviä,1
Lyijyttömiäkin,1
Messinkejä,1
Vesijohtokäyttöön,1
Bondorasta,1
Lämmöneristyksestä,1
Lämpövoimalaitoksessa,1
Lämpösäiliön,1
Jannikalle,1
Kikkaileekin,1
Asiavaiheessa,1
Eräjormalla,1
Fehfdzw5kui,1
Tarkistustan,1
Tuotatutan,1
Ääritapaukseasa,1
Kultakanan,1
Idealistisiksi,1
Idiotismeiksi,1
Potkuukkeli,1
Liennytyskin,1
Kvlrnc7hlqi,1
Joutuakses,1
Joulussahan,1
Ahistuksenaiheet,1
Twiittali,1
Perseensuutelemista,1
Ryssänpalvominen,1
Veristyminen,1
Proteiinikaakaoissa,1
Korkkipaskan,1
Herkullisiakin,1
Rodnmjzyr_y2khrn,1
Piqvx9hvq,1
Wqz8vakg8oxlyacq,1
Oneyng,1
Piristämisyrityksestä,1
Kaupunkiosassa,1
Ylikorostuneisuudesta,1
Fiilaillut,1
Tietoisempaan,1
Cosmojen,1
Prosessikemiaa,1
Vibelle,1
Sairaalabakteerille,1
Aviovuoden,1
F4ce694200b33f00f00d,1
Torikeskuksella,1
Milleniaalivanhuksista,1
Shenale,1
Lapsiprostituoituihin,1
Vuokralääkäriyhtiön,1
Sideeesss,1
Lisäreihin,1
Keyshopeista,1
Tiema2020,1
Lautapeliiki,1
Sideesss,1
Nyrkkeilyy,1
Vauvapuuhiin,1
Ruokavaltuutetun,1
Tutkijataustaa,1
Muovivaluissa,1
Kiinnipitävän,1
Warhammerillä,1
Pikkuiltoihin,1
Musicof40k,1
Maalihajujen,1
Penetratiossa,1
Penetraationkin,1
Lahnoiksi,1
Bonessa,1
C55jxrhsmh5fjyq2u2c9kb,1
Suupeli,1
Alkulämmittelystä,1
Ylistimuloi,1
Oikeistolaismeemeistä,1
Johtawn,1
Vallankunoukseen,1
Yllytäminenkään,1
Urbexin,1
Eloopin,1
Tuontituotteelta,1
Arkiyöhön,1
Vihaakylvävä,1
Paskapopulistille,1
Pohaisi,1
Egonkiillotusfiksiä,1
Vesitaseiden,1
Lietekasoihin,1
Magmassa,1
Nagoski,1
Seksimyönteisenä,1
Korkealibidoisena,1
Täysselibaattia,1
Genitaaliaiheista,1
Somefiidissäni,1
Seksiaiheet,1
Hermokimppuna,1
Fornix,1
Spotiksi,1
Prostaten,1
Röpelöiseltä,1
Yllytäminen,1
Masennuskausieni,1
Siskontytär,1
Homoseksuaalisuudestakaan,1
Juttelemassaki,1
Hankaloittamu,1
Möttönselle,1
Ikkunakompastusmeemit,1
Kiristyavälineenä,1
Yhdistelmätietojen,1
Aitajuoksukisat,1
Aitajuoksukisoissa,1
Rcna122806,1
Förbyn,1
Särkisalossa,1
Ladadusta,1
Nurglefaktiolla,1
Kik_keli,1
Kommunistisyytökset,1
Pykee,1
Työllisyysaloitteelle,1
Toimitusjohtajapakolaiset,1
Yrityäjille,1
Kongressihyökkäys,1
Insituutiolle,1
Tavistaloille,1
Raaputtajien,1
Aeronautica,1
Maledictum,1
Virkasyytemenettely,1
ɕitter,1
Lomistasi,1
Kusellasi,1
Irtokirjainten,1
Valelun,1
Puikkoliimalla,1
Lähipuuhun,1
Ympäristöuhkaa,1
Avolohosta,1
Järekvä,1
Rikastehiekalla,1
Löyhtyessään,1
Kalliopaine,1
Kaivospiirit,1
Silikoosin,1
Polttoainevuodoissa,1
Lagkmnh44e7c1,1
732fe0c08cfc1b0f6c2c032218e938a2dd04f798,1
Postautsen,1
Houkutellla,1
Iltapukuja,1
Ruoskimiselle,1
Hyökkääjäs,1
Aseistanu,1
Vihollises,1
Konsulttiöitä,1
Jogurttipönikässä,1
Rämpiny,1
Poliiti,1
Yhdistelmäsukunimellä,1
3å,1
Pne_energy,1
Qxgn9w8b_vig9oumkdg3vg,1
Pääsenkään,1
Korkomaksu,1
Tulotasollani,1
18mhm8x,1
B6ityvi,1
A4_toimitusjohtajia_muuttanut_sveitsiin,1
Sotkuvapaita,1
Sisustuskuvien,1
Neuletyöt,1
Korkeiin,1
Temmatua,1
Qm9ya4g9oru,1
Sooloalpumi,1
Perfectamundo,1
Autotunetuksesta,1
Efektinomaisesti,1
Nihlismiä,1
Rihlon,1
Pedofiliiksi,1
Legitimeettikriisissä,1
Kongressihyökkäykseen,1
Hyypyiöksi,1
Puhaletaan,1
Pöytäpeliä,1
Ajsmassa,1
Ylityöputkea,1
Persuthat,1
Luottarikin,1
Työkavereist,1
Qjn3m8mvfe7c1,1
9021eadf0446c8f618844e0db124ac7cf3b2d52b,1
Yläneljänneksen,1
Perseenpesussa,1
Pikakelausnapin,1
Kaukkarista,1
Tikkunekkujekkuilua,1
Kutoman,1
Pesäpallomailankin,1
Tikkarikakomista,1
Perusturvahan,1
Cl8bggipm5nd70cvvp4r20cne,1
Pedofiilikommentit,1
Skandaalinkäryiset,1
Oikeistotaustan,1
Energiajuomis,1
Tehollisia,1
Nettopalkanalennuksia,1
Ympäristöystävällistäkin,1
Figuuripuolella,1
Tidea,1
Shokkivaihe,1
Tukikaruselli,1
Sotestakohan,1
Ownauksesta,1
Huijjasi,1
Kannatuspuheita,1
Kaksoissignaloi,1
Taustaolettamana,1
Hoitsuun,1
Punaposkisia,1
Elontiekään,1
Elämänlahjaa,1
Perfektii,1
Serpentiinii,1
Näköpiirii,1
Kokoeläkejärjestelmän,1
Omaisuustulkinnalla,1
Elinaikakertoimella,1
Moraalisignalointia,1
Vaikuttaut,1
Kaukokiertoon,1
Höyryturbiinien,1
Eustaa,1
Isänmaallisuuen,1
Kaaoskääpiä,1
Bretonnialla,1
Gotrek,1
Windowspelaajaksi,1
Sijaltaan,1
Aktivistituomaria,1
Päiväpäätöksen,1
Dissents,1
Ruokavaltuutettuja,1
Räksytyksenä,1
Someryöpytyksen,1
Epäpurkillinen,1
Kansankyykyttäjä,1
Nostaakkaan,1
Slaavilaismaiden,1
Samour,1
Boatright,1
Berkenkotter,1
Construes,1
Erred,1
Pellelaumaa,1
Keskityisin,1
Keskustelukykyisempää,1
Kienotekoisesti,1
Vastuualueeseeni,1
Progressivoidaan,1
Lisäsopeutuksen,1
Työeläkemaksuni,1
Nykymittasuhteilla,1
Hyvövelikerho,1
Kutustaa,1
Houkua,1
Muoviukkoja,1
Sujuvoidaan,1
Tietyski,1
Lihavyöryt,1
Sensuroiihmisiä,1
Terrroristit,1
Vaikeusasetuksilla,1
Confederoimaan,1
Tietullitarrat,1
Suppeahkoja,1
Y1ntqadgi6b_qwoh,1
Lohikäärmeratsastajiin,1
Pellepisteet,1
Corollakansaa,1
Brikkaa,1
Mainospakotusta,1
Jncab152,1
Suussasulavalta,1
Hurttiasi,1
Kansakunnon,1
Kollektiivistasisua,1
Grimhammer,1
Löydettäisiinköhän,1
Vasemmistolaisoksennukset,1
Small_account8714,1
Avg_dopamine_enjoyer,1
39c41edc,1
Karttatiedustella,1
Matkustusoikeudet,1
Oikeistosome,1
Yh5epyk3h5q,1
Ixuodmicqqtuf8xf,1
Elelekkään,1
Käsikyssäröitä,1
Elvytyämiseksi,1
Fiksukaan,1
Paskalanka,1
Lafferkäyräprot,1
Menendez,1
Swalwellin,1
Pressitapahtumaan,1
Bowmania,1
Missdemeanor,1
Nallelekaan,1
Ennaltamääritellyille,1
Autotunehan,1
Hoilottelijalle,1
Oikeuste,1
Turvallisuusasiaa,1
Sosialisointeineen,1
Opiskellevana,1
Ällikälle,1
Adektoottina,1
Realisoittaa,1
Veromarginaaleja,1
Länkkärilaitaoikeistosta,1
Bsky,1
Realsitisesti,1
Lycraan,1
Naiveutta,1
Dumpfin,1
Juhh,1
Talousmörssärit,1
Tuhoselaus,1
Terminaalihenkilökunta,1
De7ixpba3f7c1,1
69c90ebca5ad560f817e7734d401117057039c37,1
Empiressiä,1
Lasketunut,1
Kestettäis,1
Viikkotyöaikani,1
Tulkittukaan,1
Fasismitietäjältä,1
Intiannorsuja,1
Reissuhammasta,1
Erikoisjuomat,1
Älyisintä,1
Vasemmistotaustaisista,1
Pullamössöpäivä,1
Tapaukseensa,1
Aikasensa,1
Perustuslakipykälät,1
Äänestyslipukkeelta,1
Vaalilipukkeelle,1
Ulkonakäynti,1
Shinichi,1
Pasterski,1
Hubachek,1
Joulukinkkuleikkeleistä,1
Joululounailla,1
Työaikamallit,1
_jews,1
Leffaspesiaali,1
Aiiiu0ea7f7c1,1
F7fcf41bb93d1b2bc0b6a57c0e8aa066a8686238,1
Googleilulla,1
Röhmistä,1
Pikkuporvaristolta,1
Aikavälikysymykseltä,1
18kf1fp,1
Saako_kaupoista_mit,1
A4n_valmiita,1
Inspirointiin,1
Vähäriskisintä,1
Ekstaktimpi,1
Nettopanos,1
Teollisuusmörssärit,1
Suunnistusohjeet,1
Voitbpuolsutaa,1
Survqiset,1
Tutkintapöydällä,1
Iduskcn1g20pv,1
Viktor_orb,1
Criticism_and_political_techniques,1
Saadaanvielä,1
Valkokaulusammateista,1
Hyvksyisivät,1
Turhantoimittajaa,1
Vammaisellekin,1
Vasemmistopopulismiahan,1
Nelikenttämallilla,1
Menolippuhautaan,1
Ihalivat,1
Mukaantunut,1
Drillaamisesta,1
Pölyisedtä,1
Leipääntyneistä,1
Donjmz9def7c1,1
41f27447f31eed09db34cab28c9544a568488924,1
Eterno,1
Nettiräyhäämisen,1
Veljelläkään,1
Tulonsiirtokiikkulautaa,1
Korrupoitunutta,1
Luuriäänestyksellä,1
Kangasjärvi,1
Sukupuoliarpajaisissa,1
Panttidysteemiäkin,1
Panttisysteemu,1
Uudelleenkehystämällä,1
Äänestäjillähän,1
Romuttamisena,1
Lhyemmän,1
Sopivuuttaa,1
Työaikamalleihin,1
Yleislakkouhkailut,1
Jenneriä,1
Jalkamuistiona,1
Fntrpfyt7jy,1
Jov,1
Qssstxc8upaq,1
Toimintakykyisesti,1
Irrottauduttua,1
Itsetuhosissa,1
Intellekutellisuutena,1
288t,1
Kylmäjärkinen,1
Moninpeliaulaan,1
Natsisyytöstä,1
Kevyimmältä,1
Juristituttuni,1
Metsätalouselinkeinon,1
Yltiömarkkinavetoisuutta,1
Suurpääomapiirien,1
Bussikyydityksiin,1
Polkupyörätouhu,1
Perehtunyt,1
Todellisuusessa,1
Letkautuksiasi,1
Kassatki,1
Kasarileffaa,1
Katselulistalleen,1
Suurhtinaskunta,1
V9zrrbmz0,1
Lureista,1
Kaukolämpölaitoksella,1
Juonenkäännöksen,1
Bua7v021nf7c1,1
E7bc239613e17e53e87670fab2cedfd1129abd74,1
Kylmäjärkisiä,1
Tietopakettisivuston,1
Uusyrityskeskukset,1
Yrittäjyyssivustojaan,1
Verkostoitumiskursseja,1
Yrittäjyysjärjestöt,1
Surusävel,1
Juonenkäänteissä,1
Kylmäjärkisyyttä,1
Generoimasi,1
Osaamisyhdistelmää,1
Rivivirkamieheksi,1
Elämäänsäkyllästyneisiin,1
Työajanhallintajärjestelmät,1
Tyttiyliviikareina,1
Talausvaikuttajan,1
Rasistihuoran,1
Liikutelemassa,1
Tiivistäkkään,1
Ropettajalle,1
Yöpymiskeinoa,1
Autoritäärisenkin,1
Aluevaltauskista,1
Joever,1
Presidenttipestin,1
Värväykseltä,1
Vakkariviran,1
Rinnakkaistoimijalta,1
Äänestysvalvojat,1
Joutuimsen,1
Lounastuki,1
Ketjutushan,1
Eläleikäisten,1
Crechen,1
Vlaakithin,1
Vitutettiin,1
Pele5vptvgc,1
32hry,1
2e0ms8rk8h,1
Prometheussociety,1
Seurauksiinkin,1
_kaikkia,1
Suunnittelijainssin,1
Hirttäytyneiden,1
Välineistettyyn,1
Kannattajakirjan,1
Sylkitippa,1
Ragnaröökin,1
Kiinostipa,1
Kepulikamujen,1
Pevetti,1
Väyksymeister,1
Pressamme,1
Makiautopelilla,1
Suomalaismiljonaari,1
Laitoskierrettä,1
Kumminkas,1
Omaluottamusmies,1
Kassavirtalaskelmaa,1
Tarpeettomikdi,1
Miestyypinaivoihin,1
Jouluboonukset,1
Paimenkoirapuoluetta,1
Pressakampanja,1
Ikärajahommaa,1
Kovatehoisten,1
Harventunu,1
Saajiaa,1
Cipy,1
Dipainssi,1
18l28dn,1
Mielenkiintoista_on_harmi_miten_ven,1
A4_on_saanut,1
Perusduunaritkin,1
Perhetarpeet,1
Älyköllä,1
Tarkoituksenakan,1
Nykyajatuksia,1
Paavottomuudesta,1
Päätöksellähän,1
Jcxy1lfl0g7c1,1
C8c178a1d246ee1f0efbcfb53425368f35918e91,1
Romaanien_suomennokset,1
Kipuileviin,1
Jumittuakseen,1
Perustuslaeistaan,1
Palveltuja,1
F2botadwuaijqpj,1
Budjettilait,1
Koeaikas,1
Alleirjoitusta,1
Kokonaisvaltaisissa,1
Prosessointinopeuskin,1
Yuval_noah_harari,1
Ruokalut,1
Skarppakullantiellä,1
Kehityskestä,1
Minimiverokannan,1
Eläkeveropakolaisille,1
Kuormittammatta,1
Loukkaannutkin,1
Aseenkantolupaluokka,1
Riistäjäporvariin,1
Jymäyttäjä,1
Sillettiisviis,1
Epätunteellisiksi,1
Aggressiokin,1
Tuottavuusmittariakaan,1
Italiasts,1
Läheteenä,1
Virtuaalivalo,1
Kirjallisuusgenrejä,1
Koputtelevako,1
Mutuilevana,1
Monituntiset,1
Sormiorgiat,1
Kuudensadantuhannen,1
Velkalappuja,1
Jakaisinpa,1
Rajametsän,1
Maastontuntemusta,1
Suunnistusvarustusta,1
Muonatta,1
Suurtsaariksi,1
Korkealibidoisen,1
Exkumppanini,1
Matalalibidoisena,1
Megaseksuaali,1
Määritelmistäkään,1
Nettivassari,1
Toimintotyö,1
Koodaritiimi,1
Loukkaussyytteen,1
Epävakauttavan,1
Uhtää,1
Lapakuljetuksia,1
Väittävällä,1
Lorevideoista,1
Scifimaailma,1
Alkaas,1
Maalausliiga,1
_specific,1
_capacities,1
Table_of_specific_heat_capacities,1
Manipulaattorit,1
Totaaliuudistusta,1
Gameshowksi,1
Hiljentymispakko,1
Valkyrit,1
Jääkalikalta,1
Jälkeenjäämättömyyskään,1
Siivoushommatkin,1
Vakiomestoja,1
Republikaanituomarien,1
Betonoitua,1
Sapkowzkilla,1
Hussilais,1
Tunneälyhän,1
Yleisheikkoudesta,1
Leikattuakaan,1
Vasemmankätisten,1
Lupajono,1
Councelin,1
Turvallisuuskysymyksensä,1
Hyväveliyhteiskuntaa,1
Kmayqcklbg7c1,1
C5b5bf5987f7fa1ee991d3f1559b80637cfc58cd,1
Vegaaniudeksi,1
Flexitaari,1
Perinnejoulukinkku,1
Kanssakeskustelijoihinsa,1
Samanarviosia,1
Vivahteeksi,1
Vedoksissa,1
Eläkeläisherraksi,1
Grindaaja,1
Viinajuttuja,1
Dionysuksen,1
Tökkäästään,1
Simulaattoripelissä,1
Kirppurotilta,1
Korttirimpsua,1
Maskuliikenne,1
Arialainen,1
Leiriruoka,1
Tankiwt,1
Kaljamahaukko,1
Eteenvientikin,1
Pikkusilta,1
Pirstautunut,1
Sanderssonin,1
Patrcik,1
Somplisated,1
Kirjamyyntiään,1
Tulkintaetuoikeus,1
Kolmostavotteet,1
Puupyssyllä,1
Ehdiän,1
Comy,1
Barretkin,1
Aborttilainsäädännöss,1
Suyorittaa,1
Aburdia,1
Aikaansaatiiin,1
Kumaomista,1
L1asc3,1
Redditor_who_hasnt_had_one_original_thought_in,1
Silmäänpistävintä,1
Huljautteli,1
Muinaismuistokaan,1
8mwh,1
Puavomukia,1
Myyjävä,1
Kampanijrahhoo,1
Kerttaan,1
Kolmiovoileivän,1
Superspesifisistä,1
Koulutusnäkökulmista,1
Kouluttautuessani,1
Riittämättömämmillä,1
Kertaleikkauksia,1
Pulpahtalee,1
Tukihallinnolliset,1
Hankintoiden,1
Duunikuvaa,1
Liippavien,1
Neulakammoisille,1
Siveellisemmältä,1
Jenkkisaliketju,1
Lunkalarm,1
Mettäleiriä,1
Koodatty,1
Faksittomuutta,1
Falangism,1
Ustashes,1
Tiiliskivikahvipaketit,1
Vaalienki,1
Uhgt8giw1ly,1
Muistiinpanoikseen,1
Rangaistuksettomuus,1
Rahavuoriensa,1
Kassavirralle,1
Röökikopilla,1
Kenttäpannuna,1
Messiahilla,1
Scifikirjoista,1
Lippaanjousta,1
Rustiikkisemman,1
Parturointivälineen,1
Kasettikuorma,1
24m³,1
Kasettiautolla,1
88m³,1
Vaalisimppaus,1
Kerrosvaatteet,1
Sateenkaarikavereita,1
Lapsekkuudesta,1
Runnottavaksi,1
Ikäisestään,1
Munal,1
Koelaukaisusta,1
Diktatooreiksi,1
Keskiarvollisena,1
Päättekyky,1
Xxgysazpois,1
Veropohjaisia,1
Demokraattinimitteiset,1
Persnatsien,1
_tadaa,1
Talousopportunistit,1
Empatiahuurusta,1
Otsalappuun,1
Ylihienorakennesiirtymää,1
Eddigsit,1
Maksutarjoaja,1
Perussoppariin,1
Sietokynnyksensä,1
Kunnianloukkaussäännöksen,1
Ylipapilta,1
Alitolta,1
Tekstualistilta,1
Lumityöntekijää,1
Ratikankuljettajaksi,1
Kaverisuhdekin,1
Omakustannevaruste,1
Neppailupäivää,1
Palaverivelvoitteiden,1
Viikkotunnissa,1
Performanssibonarit,1
Asimovilta,1
Arvopaperiomistusten,1
Qhon,1
Mitäänsanomattomuudessa,1
Markkinatalis,1
Raapaistavia,1
N5vglveuvx0,1
Eronkiertäjämiljonääri,1
Meikämiljonääri,1
Kasaantuville,1
Bonusextramiljoonille,1
Julkisuustemppujensa,1
Möllykäksi,1
Foliopipona,1
Kidutusmuotoihin,1
Tetsisafkaa,1
Ettrt,1
Suojaputkelle,1
Kakstoistasen,1
Boretech,1
Uikkarista,1
Kuuuuulostaa,1
Boren,1
Mieskandidaattien,1
Kirjanpitofirmat,1
Testiammunnoissa,1
Sentimentaalisuutta,1
Muukalaislaumoista,1
Erimakuisiakin,1
Porrastukseen,1
Dyynihän,1
Varaosanumerolla,1
Protskusheikin,1
Linnottamisen,1
Paiskaamme,1
Teollisuusjohtajien,1
Ylikulutetut,1
Purukumitermejä,1
Persudentiksi,1
Röi_ukoille,1
Curioius,1
Haukkujoita,1
Olosuhdetahallisuuden,1
Suusvaatimuksen,1
8zpbnvqhry,1
Aakqiheu1as8e82g,1
Nakitetaankin,1
Kantoneiden,1
Menojenkin,1
Naapurikantoniin,1
Pesupistettä,1
Neuvostokommari,1
Uskottelusta,1
Päätwiitin,1
Internethahmon,1
Käsisuojus,1
Osalvaltioita,1
Nikkeknattertoneiden,1
Lauselmilla,1
Tuntisääntönä,1
Hääräilevää,1
Sisällyttäneen,1
Turvaverkoin,1
Leirivarusteisiin,1
Tavarakontrolli,1
Kuivalihahävikistä,1
Vemppamuodostelmaan,1
Childlight,1
Majoitusharjoituksetkin,1
Evoluutionäkökulmakin,1
Ilmankaikkeut,1
Yliskammaristaan,1
Poutanurmi,1
Tahallisuusarviointi,1
Perustelutavaltaan,1
Tunnusmerkistötekijän,1
Banksikta,1
Aikasim,1
Saippuarasian,1
Järjestäytyeessään,1
9uf0wjeu,1
Sooloterapiaksi,1
Viestiveijarille,1
Vempeleiksi,1
Loppukandi,1
Fetuksien,1
Kastajaisten,1
Rastimaljoja,1
Haalarimerkkivaatimusta,1
Raksahanskat,1
Muonapusseista,1
Csv7mqnniru,1
40m10s,1
Fasistinatsille,1
Kommunistihuudoille,1
Sinkoluvissa,1
D9112e09,1
16de,1
54ab,1
2413439b598e,1
Ohjehintoja,1
Nykysyteemin,1
Fasistikaan,1
Nöpöttäminen,1
9d1895ca,1
Syysti,1
Militaristisemmaksi,1
Värimustesuihku,1
Värilaseria,1
Elinoikeuden,1
Muuntohiilen,1
Suomenkansalla,1
Öykyttävät,1
Rinnakkaisluokkalla,1
Alaikäkiksejä,1
Somepeliä,1
Antiliberaalinen,1
Päälinjaus,1
Suurtaviisautta,1
Herraporrasta,1
Alussaan,1
Naapuritupaan,1
Kiusimassa,1
Tappelupukareiksi,1
Joukkohaastetta,1
Noijin,1
Tuotekehitysproktit,1
Epigeneesiä,1
Stumuloiva,1
Vastaanottohuoneeseen,1
Humpuuta,1
Tuktimustiedon,1
Tutkimushaasteena,1
Aikuistuisin,1
18jnr2b,1
How_to_prevent_chrome_translating_search_results,1
18kq4q9,1
How_to_stop_translated_results_in_google_search,1
18ikdh7,1
Any_way_to_disable_the_auto_chrome_translation,1
Kuluttajamyyntihinta,1
Pakkaaamista,1
Vihapuhekomiteaan,1
Talousaihe,1
Taskutussuiksi,1
Multitooleja,1
Kuulopuhelin,1
C3648eff2f5eba7af1d7,1
Joulutoiveet,1
7ltylew04pmocxczhx3dkd,1
Vanma,1
Neurologisuus,1
Hintalaputus,1
Määräaikapätkien,1
Vakkarivirkaa,1
Vakiovirkoihin,1
Pikkuhankintojen,1
Boresnakelle,1
Pommilennokeissa,1
Tienaamises,1
Fasistisyytöksiä,1
Wöörtistä,1
Hiilikuitumallin,1
Containereille,1
Switcheristä,1
Päästettiinkö,1
Abicon,1
Kaapelisarja,1
Ristipääruuvvari,1
Kuulutusjärjestelmillä,1
Valtaideologiana,1
Pakkoarmomurhata,1
Mennävuosinahan,1
Hatustavetoja,1
Kissatubettaja,1
Uudelleenluentalistalla,1
Huutakaapa,1
Kiertääköhän,1
Perintöpystinä,1
Yhteishyödyllisen,1
Ottettiin,1
Suorittelisin,1
Monireikäisissä,1
Kylmiltäkin,1
Follouvii,1
Laikkii,1
Skanneripuolta,1
Kcmssä,1
Tavaratalopäällikkö,1
Pehmopohjalliset,1
Huonotuloisuudesta,1
Turvaamisee,1
Tiedemiehistäkin,1
Lehtiartikkelitason,1
Toivottavammaksi,1
Runnutettavien,1
Rotuylpeys,1
Joyätkin,1
Oikeimmistolle,1
Ammatikoulua,1
Pullopanttisysteemistä,1
Venäjämyonteisin,1
Eurokaupan,1
Aliarvostetuksi,1
Ongelmanratkaisukeinoksi,1
Normitienaajilta,1
Kuoleentuneen,1
Sossuseteli,1
Oikeimmistoäänestäjä,1
Näyttäytymässäb,1
Kansalaisystävällisemmän,1
Lumihiutaleissa,1
Purukumitermistön,1
Makkarakeppiä,1
Abzurdimpi,1
8golhxjia9,1
Sulbnyhwxc,1
Cocoelmia,1
Warustelluista,1
Kvariaateista,1
Konepuheella,1
Vähättelevämmältä,1
Talousjumala,1
Minulekkin,1
Pressajutun,1
Selvitysvelvollisuutensa,1
Seuraustahallisuus,1
6zf1e7tozh7c1,1
Bd1f21dc11e16c8e4e33efd5b964f4f708023ae3,1
_tekijä,1
Selvittämiseen_,1
Openaista,1
Käyiin,1
Retoriilla,1
Kauppajatti,1
Kirjoittamaltasi,1
Mielikuvaharjoite,1
Idioottivasemmistolainen,1
Eläjistähän,1
Varaoikeuskanslerille,1
Pankkijärjestelmänsä,1
Loppukandit,1
Saalistamiskulttuuria,1
Kastajasrastista,1
Mahtiajattelulla,1
Perusmoodi,1
Venäjäkritiikki,1
Riidanhaluiseksi,1
Hutchin,1
Discretely,1
Internationalized,1
Kutsuminenkaan,1
Haukkumisenakin,1
Itäkairaksi,1
Tunnusmerkkejäkään,1
Korostamissani,1
Päivystysneuvonta,1
Kuumelääkkeillä,1
Ammattiurheilujoukkueitakin,1
Akkujärjestelmillähän,1
Kilovattitunnista,1
Ihmeemmittä,1
Standupitkin,1
Johtajasopimuksineen,1
Suolavesisuihkeella,1
Uhden,1
41stä,1
Kuumeunet,1
Tällaistapa,1
Makaaminenki,1
Hiilipiikki,1
Hiilitikku,1
Seikkailutyylinen,1
Sraxxm1,1
Viivästyskorotkin,1
Länkkärityylistä,1
Ojfrjyfgcrp86bra,1
Indoktrinointileirillä,1
Paykoosit,1
Sytyttävämpää,1
Peruspiirteitään,1
Vanillaheteroseksissäkin,1
Runkkunsa,1
Suomitalkoot,1
Samassaveneessä,1
Kääritäänhihat,1
Landepitäjistä,1
Luovuvoittoja,1
Osingotulot,1
Luovutusvoittojasi,1
Parolannummellakin,1
Päivätreidata,1
Thaimaalaine,1
List_of_countries_by_household_debt,1
Kasvutehtävä,1
Enkelivapaa,1
Pöytäroolipelii,1
Digitechin,1
Pyöräkoulua,1
Vaarallisimmistä,1
Viherkyrpäharakka,1
Kraavia,1
Neuvel,1
Appletvlle,1
Kuumekouristuksia,1
Hyperpyreksiaksi,1
Elinvaurio,1
Hajoamislämpötilaa,1
Kylmennystä,1
Aivohalvausten,1
Kouristelusta,1
Löylykilpailuissa,1
Helteisissä,1
