Transkoodataan,1
Murtavalla,1
Metallipajaduunin,1
Datankulutukseen,1
Sandvine,1
Rauhanlipun,1
Kaltevampi,1
Feissarikeskustelussa,1
Kannattiajista,1
Velkauttamisen,1
Tuohduttavalta,1
Reputtajien,1
Reissaavien,1
Couchsurffaamista,1
Puoleittain,1
Vuosaarenkin,1
Selfiehin,1
Tyylioppaat,1
Aatunhan,1
Päihdekokemuksiin,1
Kännimäinen,1
Feikkitiedostoilla,1
Fiilun,1
Näpyttämäån,1
Vesiurheilu,1
Megasohvat,1
Vesitrampoliini,1
Workloadeihin,1
Unelmoinnit,1
Provisiopalkkaisia,1
Flikkeröi,1
Mökkiperheille,1
Karaoketaxi,1
Hiihtohissisauna,1
Hehkupolttimoita,1
Pastellivärijulisteessa,1
Monopoliholhous,1
Päiväkotiyhteiskunta,1
Loisefektiä,1
Lähiönaapurit,1
Lisäministereistä,1
Iltalypsymäistä,1
Loisefektistä,1
Yksikkötuhansia,1
Tummallekuskille,1
Mamubongi,1
Vittuunut,1
Adrenliinia,1
Viiletin,1
Hintavertailukin,1
Kilometrihuollot,1
Meripellontienä,1
Vuotienä,1
Syytentyn,1
Välttämättömyysjuttuja,1
Ilmailumuseokin,1
Subitjotkaeikaanny,1
Pienpaikkakuntalaiselle,1
Kakkapääkaupunniin,1
Helikopterileikki,1
Pomppimine,1
Pirahti,1
Uppasivat,1
Feikkitorrentin,1
Iltariennoista,1
Kantiskuskin,1
Voitettavaakin,1
Maksamattomasra,1
Inkerikortin,1
Gigalta,1
Datapläänit,1
Särk,1
Uhtipisteitä,1
Blokkaamaks,1
Kobongi,1
Kosbuuttin,1
Kosbongi,1
Bongiko,1
Korbongi,1
Ponttoonista,1
3120x4160,1
Esklhc6,1
Foix,1
Obfuskoivat,1
Modernisoitaisko,1
Museoarvo,1
Alkupostauksessaan,1
Erinäkösenä,1
Huhupuhween,1
Vasenkätiseks,1
Oikeekätisen,1
Homesickness,1
Cultureshock,1
Landestakin,1
Sykkeliruikkija,1
Takkuileeko,1
Työntekomaana,1
Lammaskansasta,1
Askelmittarithan,1
Onanointihetket,1
Julkimasturbointiin,1
Surunkorennon,1
Avuwwa,1
Puowewwa,1
Suwwa,1
Miewipidettäs,1
Awvosteta,1
Hirveitähän,1
Kanshot,1
Eksklameissön,1
Riliist,1
Fingör,1
Trikker,1
Rajotella,1
Mökkialueesta,1
Lentokenttäpelleilijät,1
Puuceepelaajana,1
Yskähtäisin,1
Mökkeilykulttuurista,1
Borderi,1
Kissanhiekkalaatikolla,1
84gb,1
Ab0c81af,1
655a,1
B2f4,1
D5b58d28b025,1
Betavaiheensa,1
Bugikorjauspäivitys,1
Streamaikaan,1
Semihevikuluttajien,1
Bonginkorva,1
Asuntohakemuslomakkeen,1
Hakemustekstinkohtaan,1
Asunnonhakumotiiveistani,1
Hakutoivekaavaketta,1
Punnitakseni,1
Lemmikittömyys,1
Voimassaolotodistus,1
Isännöitsijäyhtiö,1
Keittiökalustuksen,1
Mdlnc7,1
Avaruuspummi,1
Karmaköyhiltä,1
Valikoinilla,1
Shibaan,1
Australianpaimenkoiraan,1
Sananvapauspopulismiin,1
Pompitte,1
Kierrosrajoittimenhan,1
Vääntämälläkin,1
Teurastuspelejä,1
Träkkäsi,1
Oikeistopoliitikoiden,1
Filsa2,1
Jatkokursseille,1
Komeilipa,1
Pompittavuutta,1
Julkkistiedemiehet,1
Tuplahankaimet,1
Ehrenströmintie,1
Tattariharjuntie,1
Herrasmieskuljettaja,1
Tramopolene,1
Fkxler9,1
Reunoillaki,1
Myllytiet,1
Yhteiskuntafilosofiakurssi,1
C7vu70,1
Perussuomalaisten_suosio_jatkaa_kasvuaan_my,1
Taksislangia,1
Samaann,1
Artisaanikäsityönä,1
Dieselrutku,1
Rinkulaskoda,1
Jatkokurssista,1
Studiossa_ei_suurta_vaittelya,1
Nghqtwxz4eq,1
Ympäristöaikapommit,1
Uiqrj6wziti,1
Notopbutok,1
Low5rgj,1
Plompsahtaako,1
Turvallisuuskuluihin,1
Eetteriteoriaa,1
Kohletaneeni,1
Mustki,1
Ökypäästöisestä,1
Ekoterrorismista,1
Permabanniaihetta,1
Eiapmuttaselvä,1
Puolesatan,1
Halpahallimoguli,1
Metsäkaatopaikkoja,1
Jon_henrik_fjällgren,1
Natsijahdissa,1
Jokaikisess,1
Vetäseppä,1
Kilissa,1
Wermlands,1
Heimojäsenyysleikkejä,1
Alkuperäisamerikkalaiseen,1
Diudivittuilut,1
Åkeilta,1
Sarjatuliammuta,1
Juoskuttaa,1
Vihersisäministeri,1
Etnonalionalisti,1
Ypskaxkaaevkm,1
Musiikkivideoo,1
Meemiboomer,1
Volkkarikuski,1
Johtosesta,1
Oleilevana,1
Halkidikillä,1
Paskaspiikillä,1
Persistencia,1
Tohtorintutkintonsa,1
Tulososassa,1
Vroniplag,1
Lähdeviittauskäytäntöjä,1
Vroniplagin,1
Bokkusu,1
Ideamaailmahan,1
Metatasoajattelu,1
Roskausmäärä,1
Järjesttävä,1
Fiksaatioindeksiluvulla,1
Vallannäyttö,1
Ennakkospekulaatioista,1
Vesitrampoliinista,1
Puhelinmyyntiyritystä,1
Viiksiinne,1
Tuhisette,1
2fc7yh90,1
2f404,1
Samppanjasuihkulähteensä,1
Koehuijarit,1
Huijauspalvelun,1
Huijauspalvelua,1
Huijauspaketin,1
Syyllistämissä,1
Yhteisvertaisesti,1
Krustipunkeista,1
Allyhipstereistä,1
Törkykasoina,1
Matkailuautoihin,1
Epätotuudenmukaisuuksiin,1
Standardivarustuksena,1
Tuores,1
Peräkärrykirja,1
Täytteiset,1
Vesillelaskua,1
Osakkuuksissa,1
Kieltopuheiden,1
Samantekevältä,1
Amerikkameno,1
Kulketta,1
Pikkujollan,1
Raivostututtavaa,1
Kikkanokkaa,1
Propellihattujengi,1
Kysymyksesiä,1
Huijaajilla,1
Osimaan,1
Räyjäyttää,1
Karkoitusuhat,1
Ulkoilmamainontaa,1
Huijaajalta,1
Mallivastausten,1
Neeeooowww,1
Kj5igsb,1
Rajoiden,1
Sisäänpääsykriteereitä,1
Lälläteltäneen,1
Kysymyttäkin,1
Qdwswvlpde0,1
Hallitusvaiheessa,1
Kärkivirkaan,1
Kylpeneen,1
Saamelaisgeenejä,1
Kännikäyttäytyminen,1
Putkatkin,1
C7j57g,1
Opioidiepidemia_tampereen_malliin_tampereella,1
Trollioletettumme,1
Kolmareissa,1
Lääkepakkaukseen,1
Liikennekelpoisuuttaan,1
Saunantaka,1
Hupmágo,1
Merkkiääneksi,1
Högskoleprovet,1
Sulkavasta,1
Pilkkiteltan,1
Hyvepieruja,1
Taaistelu,1
Goottiklubbareineenhan,1
Etuoikeuspaskaa,1
Invalidikortilla,1
Hahmoasi,1
Ammoniakkiliuosta,1
Pakkomatkustus,1
Perjärven,1
Päästelyks,1
Riukuvaimoista,1
Uussaamelaisia,1
Alkuperäiskansastatuksensa,1
Heimojäsenyyttä,1
Lemmikkinorppa,1
Mainoshenkilöiden,1
Jaaaaaaha,1
Semantiikkapärinää,1
Turvallisuushäiriöiden,1
Palelemiskelit,1
Lorvimistiloja,1
Ukkoskupu,1
Pirttinsä,1
Vertauskuvanansa,1
Somalialisesta,1
Murskailen,1
Keljumaisessa,1
Karkkivalikoiman,1
Näyttöihinkään,1
Hengitelty,1
Yachting,1
Aloitusraita,1
Päräyttävälle,1
4dwj60hzd_i,1
Arkitorstaista,1
Uutisoimati,1
Kohtauksellisesti,1
Osioitti,1
Kivakuplaa,1
Tukalampiakin,1
Petellähän,1
Uhakasin,1
Mediatemput,1
Suomalaisuusväittelyhän,1
Trollii,1
Bä,1
Äkkinöistä,1
Soundina,1
Kertakäyttöpatruunoilla,1
Kemikaalihajuille,1
Parkkitutkan,1
Pipipipi,1
Xwkojvk9pdq,1
5000hz,1
200tuhannelta,1
Törkyporukka,1
Nyrkkeilijäsetää,1
Tumppiläjät,1
Läjiks,1
Kouvolantietä,1
Keskinopeududella,1
Lzcu9gka1de,1
And9gcr4,1
Ztimlbnq_bdq0ujunmbtqtwdwxfbf6eocq,1
2cjijhecw,1
F4qx4j3ze,1
0t0hp7zlmpfqdxhrw,1
1000x1500,1
Bjs3otqyntc7ajsxoda5otsxmjawozewmda7mtuwma,1
Rajoituis,1
Moraalisuuskäsityksesi,1
Puistoympäristöä,1
Bisnesmalleilla,1
Suihkuajatellut,1
Työnnäyte,1
Ryhmäläisissä,1
Arkikompromissi,1
Karkoitetyynyjä,1
Monsooni,1
Sisäist,1
Misofonist,1
Pihatöille,1
Ehtimis,1
Tolskaamalla,1
Piknikjätteelle,1
Ulkotöille,1
Pilvipouta,1
Nuolemistako,1
Tummuusasteikolla,1
Keksittäisin,1
Sähkövempaimissakin,1
Päristin3000,1
Tsernobiliin,1
Selkeäseti,1
Uskontofibaa,1
Liikakakansoittumisen,1
Yliopsito,1
Hakukriteereistä,1
Sekundalääkäreistä,1
Maksamisellä,1
Sosiaaliasta,1
Lagardella,1
A7484586,1
Hakukriteereiden,1
Lukukausumaksu,1
Tyynytkin,1
Vengaboysia,1
Jg6_d4n_eto,1
Vihapuhesuklaan,1
Kaltoinkohtelossa,1
Hoivaongelmissa,1
Voitontekeminen,1
Markkintalaouden,1
Yritysvastaista,1
Aikuisvuosikymmenen,1
Mustapekkapeliä,1
Jalkapallopelaajilla,1
Armahtanen,1
Toditettavasti,1
Fingolhorses,1
Maxprofit,1
Brändimarkkinoinnissa,1
Valvontaelimellä,1
Palveluntasonsa,1
Nautintohetkiin,1
Ykstahtisella,1
Tilavuisella,1
Kloriittiin,1
Klooripohjaiseen,1
Paracettia,1
Ibuproofeenia,1
Vakiintuneemmissa,1
Palkankorvikkeet,1
Lopullisemmat,1
Syntisissä,1
Mykistysnappia,1
Paloittelusurmata,1
Litisevästi,1
Kuiskutteleva,1
Sananvapauskeskustelun,1
Itsemurhauhkailutkin,1
Hiilitablettia,1
Mökkiripuliin,1
Kulttuurinyhtenäistämispolitiikkaa,1
Paskaruisku,1
Nirriin,1
Ankkuripaikka,1
Goffmannin,1
Kasvotyöstä,1
Hochschildin,1
Sähköaopimuksista,1
Ijwcft6,1
Uudelleenpuettu,1
Jarrutyöt,1
Jakohinan,1
Dominolta,1
Heitinkomppanian,1
Heittimineen,1
Kehitysapueuroa,1
Phatzer,1
Televisiomainoksen,1
Kuluttamiskäytökseesi,1
Läpipuolueellinen,1
Sivuillaansa,1
Kuluttamiskäytös,1
Yläryhmää,1
C2k4cbw,1
Linnunkakat,1
Asumususta,1
Kinnii,1
Sarjakuviks,1
Puhekuplattomia,1
Mykkäfilmejäkin,1
Jätevaltioksi,1
Mielenterveydenhoiyojärjestelmä,1
Hw6956kfr2g21,1
Kokasta,1
Noukkasilmukan,1
Takapuolisiin,1
Kulmakoukusta,1
Etupuoliseen,1
Liinoitus,1
Wahlroosimaiset,1
Paanalla,1
Vieraiseläimiä,1
Sotakoneellaan,1
Tiedustelupalvelullaan,1
Syyriaki,1
Eurooppaki,1
Peruskemikaalejakin,1
Usodog6itoo,1
Yksinhuoltajaäitilisää,1
Volkkariksi,1
Lempiautomerkkinsä,1
Sananvapauskorupuheiden,1
Vikra,1
Majoitukseensa,1
Onlinevideoconverteria,1
Haittamainokset,1
Justwhipitout2,1
Varhaisteinityttöjä,1
Ajovälineet,1
Vilimitähti,1
Repuplikaaninen,1
Oikeisto_pesäke,1
Empaatikot,1
Ihmissalakuljettamiensa,1
Markkinakattiloita,1
Tapaturmaisena,1
Poronhoitotukia,1
Riistakannoissa,1
Lopsimaan,1
Xl1,1
Volkswagen_1,1
Litre_car,1
Elvistelyprojetki,1
Minitila,1
Alumiinikoria,1
Alumiiniosaa,1
Sakotetaankohan,1
Syrjitääkö,1
A2n,1
Sekoot,1
Tappavaempatia,1
Nejännesvuosittain,1
Poliisilaitotkset,1
Öljynjalostamojen,1
Ennaltasovitusti,1
Elokuvatuotantoonhan,1
Sarjakuvaversiolta,1
Mediatemppuja,1
Konkretisoitunutkaan,1
1k5fdzft3qx11,1
Työskentelylleen,1
Lyhytterapeuttiselle,1
Työotteelle,1
Imagokamppanja,1
Infolaatikkoonsa,1
Yliopistolinjoilla,1
Yläryhmän,1
Lääkiläkseenkin,1
Voimalaitoksess,1
Päästöähän,1
Tuttifrutitkin,1
Pantterithan,1
Ulkomaankansalaiset,1
Kansalaisekseen,1
Hiilivoimalallakin,1
Ulkovaltioista,1
Hiilijalanjaljet,1
Vankilassapito,1
Linnsi,1
Digihuijatut,1
Nettiolkapääksi,1
Kokonaishiilitase,1
Tuntijakokokeilussa,1
Yllätyskotelot,1
Vahvimnat,1
Rapupesu,1
Säätyläiseen,1
Sähkönkulutuslukema,1
Hummor,1
21y,1
Ranepa,1
Bensamoottoreja,1
Työskentelisikin,1
Jälkeisien,1
Kuubalaispakolaista,1
Suomehevosia,1
Pitkätehoisemmin,1
Psykoosipoliklinikalle,1
Traumakoulutuksen,1
Nyrpeälle,1
Paistopistepussia,1
75xkgvwget4,1
Hormoniepätasapainossa,1
Luonnonvaraisuudella,1
Petovahinkokorvauslomaketta,1
Kaveriviranomaisten,1
Turismibisneksille,1
Grillimakkaratunkiota,1
Rysälän,1
Helesingin,1
Ongelmaeläinten,1
Jäätelöautoakaan,1
Elokuvanaytoksessa,1
_huolehtia_,1
Taloussäännösten,1
Kiertolaisuuden,1
Rapupesua,1
Vesielementillä,1
Redaktoimaton,1
Sy15gfijxaej,1
Trvp_66,1
Tarkastusvaliokunnasta,1
Englanninnerot,1
Tranlatorilla,1
Suomensukuisina,1
Maahanmuuttajademografiat,1
Metoottamista,1
Älälääppimistä,1
Eiminunnimistämistä,1
Ravunpesutapahtuman,1
Presidentinvaalikamppailuissa,1
Hyvävelikorruptiolta,1
Yleistötilaisuus,1
Käännättävät,1
Tindertekstiltä,1
Saatteeks,1
Energiapulma,1
Rockerfellerille,1
Lentoveroineen,1
Hehoo,1
Miljoonapalkattujen,1
Poliisipaskojen,1
Ajn57m_ospy,1
Viestininä,1
Pärinäsanoilla,1
Meriitittömältä,1
Pekka_lehtola,1
Kaivelevilla,1
Pääkäyttikselläni,1
Asuinplaneettansa,1
Superviruksiin,1
Reapereihin,1
Frutteja,1
Juppikuunari,1
Exbzrepzdg8,1
Suosiollisuus,1
Tositvvalkoroskaöjulkkis,1
Ravunpesukamppeet,1
Halpisespressoa,1
Hengenheimolaisiin,1
Mokkapannustahan,1
Suppressiota,1
Pakkointegrointiyrityksiä,1
Keikuttelun,1
Alkuargumenttiin,1
Suurvaltapoliittinen,1
Kokonaispäästöiltään,1
Historiakeskustelussa,1
Kolmannesmiljoonan,1
Mi9tlwi,1
Liikalisääntymättä,1
Ottomoottorilla,1
Traumatitoitumista,1
Bensiiiniin,1
Välitysyhtiöstä,1
Verokierrosta,1
Rikkomisesya,1
Maksuhommista,1
Aved,1
B8re_power_station,1
Huipputehokkuus,1
Guvdhlqq84k,1
Koloniasaatioksi,1
Agresiivisemmin,1
Flashipohjaisen,1
Paikkavalintasysteemien,1
Nykyaikaisuudesta,1
Päivämatkakaan,1
Rautaperse,1
Jenkkiroskalehdestä,1
Kurjuuksille,1
Olutpullolta,1
Vängän,1
Marjamehulta,1
Akkukäyttöisinä,1
Rappun,1
Kolkuttelevaa,1
Överikeekoilua,1
Kokonaishukkaa,1
Halpisanimaatioelokuvia,1
Hivottelevat,1
Juonellaan,1
Sharknadoa,1
Toimintasarjojen,1
Alekori,1
Komenttipalstojen,1
Reissutyöläiset,1
Kahvinjämien,1
Bensakäyttöiselle,1
Sähkövoimalalle,1
Bensaekvivalenteiksi,1
Bensaekvivalenttina,1
C8l8fx,1
Hs_ajoi_s,1
B6autolla_sodankyl,1
A4n_ja_takaisin,1
Esnvkeq,1
Esimerkkikulutuslukemia,1
Teslaliving,1
Fired_power_plant,1
Combined_cycle_gas,1
Turbine_,1
Bensiiniekvivalentti,1
Gasoline_gallon_equivalent,1
Compressed_natural_gas,1
Bensaekvivalenttilitraa,1
Bensaekvivalenttia,1
Tupaakilla,1
Mopoautoilijoista,1
Syliräplääjät,1
Liikennekyttääjä,1
Pasteemasta,1
Kysyttäisiinköhän,1
Kutittais,1
Jälkipotku,1
Mehulitkut,1
Natsipostaukset,1
Resurssitiimissä,1
Kanssasuomalaisteni,1
Kansallisvaltiohimmelin,1
Integraatiohalutonta,1
Esnv042,1
Vähenemisinä,1
Mukavuudenhimon,1
Maksmoituu,1
Kriisiherkästä,1
Globaalitaloudesta,1
Talouskaavio,1
Paikallisrahalla,1
Kahvihifistelyssä,1
Nestoriksi,1
Idemmäskin,1
Saamelaisbisnes,1
Jängänkuivautsojia,1
Ketjuuntappamisia,1
Huvikseentappoa,1
Petojentappo,1
Petokannassa,1
Poromiestä,1
Natsitapauksia,1
Muiccu,1
Kalastajasaamelaista,1
Emmanuelilla,1
Aluellistaa,1
Väestönkehitystrendeistä,1
Pulauttamalla,1
Kehitysapumiljardeja,1
Tiepahaset,1
Sokerimuurahaiselta,1
Ravistavista,1
Unohtaessani,1
Jyrmy,1
Francat,1
Mannenheimin,1
Kiertoilmas,1
Talosukasvua,1
Epätodennäköiseneä,1
Touhumiehen,1
Talousideologiasta,1
Vaikutusvaltaiseksikin,1
Ajaasta,1
Susipaloista,1
Ajeluttaman,1
Tdin,1
Pakkosterilsaatio,1
Valkoisuudensa,1
Viihdeformaatin,1
Elatusvaroja,1
Hylättävillä,1
Irtolaisvalvonnan,1
Työlaitokseksi,1
Työlaitokset,1
Keskusviranomaisen,1
Kaasuesimerkissä,1
Sähköpiirakka,1
Vapausoikeuksiin,1
Heterotapaus,1
Yaseminin,1
Horoskooppimerkistä,1
Esiluokitella,1
Tunnistusalgoritmin,1
Ajelleensa,1
Yksimielisyyssääntöä,1
Laitaoikeistohallituksille,1
Halpatyötkin,1
Patteriautovalmistajalla,1
Energiajutut,1
Tekstintarkistuspalvelujani,1
Ultrapositiivista,1
Ciorania,1
Bensamoottoriseen,1
Uusintavälistä,1
Päästöpiikin,1
Alkukiihdyttäessään,1
Y5sexrmmbz4,1
Viinietikaksi,1
Porauslautat,1
Switch_country,1
Verkkokalastajalle,1
Verkkokalastuslupa,1
Verkkotyypillä,1
Pornoikkunassa,1
Valkoroskatositv,1
Maitonaamaversio,1
Keskinopeusvalvontakokeilusta,1
Ilmastohumpuukit,1
Minkäkaltaiset,1
Rahastushaaveja,1
Rahastuskameran,1
Tappihimotus,1
Diplomaattipaikat,1
Tajonpojatkaan,1
Nimblefins,1
96tkm,1
Kulutusvastine,1
Pakettiautokaravaanit,1
Turvallisuussuunitelma,1
Sivistyssanojakin,1
Selkeempikin,1
50kkm,1
Akunkestoista,1
Kulkuneuvoiksi,1
Ytetty,1
Maailmanpelastusasia,1
Fossiiliautotestin,1
Oldsmobilesta,1
Viihdetilaisuus,1
Fpzwaat,1
Aamuskyrit,1
Pyrstökö,1
Etupenkkiläisille,1
Dieselrosvoa,1
Tiilienpesuainetta,1
Kylppärinpesuaineiden,1
Puhelinongelma,1
Turvallisuusominaisuuksien,1
Soratiepätkä,1
Kulttavassa,1
Kokonaispainokin,1
Sähkölentokonekin,1
Painosuhteeltaan,1
Reittilentomatkoille,1
Sähkömoottorijärjestelmä,1
Polttomoottorijärjestelmä,1
Lopunalun,1
Logicalgreen6,1
Kotiväkivaltailmoituksesta,1
Gallonina,1
Nettilähdehakumultitaskaus,1
Clublifeä,1
C7ancn,1
Antti_rinteen_hallitus_on_nyt_ollut_koossa,1
Esei2ql,1
Nasahtanu,1
Discandoossa,1
Loukkaatuisi,1
Hatjoittaa,1
Ihmisarvoltaankaan,1
Esitettäisikään,1
Ylenpaattiseen,1
Lääketiedestä,1
Kertomallakin,1
Vihervassarimodeja,1
Purkkapoppimaista,1
Dubstepille,1
Mainstreamimmaksi,1
Hardcoressa,1
Frenchore,1
Vrz2,1
Mw5kyw,1
Hph,1
Mx3kfua,1
Vappusataspolitiikkaa,1
Hommabottaajan,1
Pakkointegraatioon,1
Ruokavinkiks,1
Tupakointivälineisiin,1
Pikkupitäjillä,1
Somaaliryhmä,1
Yhteiskuntatasoja,1
Hallitustasoja,1
Jätinkirkkoja,1
A4tinkirkko,1
Franciscoksi,1
Suomių,1
Peruskusta,1
Martimoaavan,1
Polttomoottorilta,1
Saunarituaalit,1
Kaljaterassi,1
Tanssilavakin,1
Kielitaidontonta,1
Viinanhakuturisteja,1
Ennakkoprofiloitua,1
Tullipartio,1
Kameroilkaa,1
Lautahomot,1
Taiwanilaiseksi,1
Kaupunkiasi,1
Tuhraanista,1
Tuhriko,1
Sysimetsää,1
Mustikkametsä,1
Onkireissu,1
Välimuistipalvelu,1
Puutuutaan,1
Pamipäissäsi,1
Kokonaisteema,1
Vakoiluohjelmansa,1
Allennetaan,1
Vasaroikin,1
Rysha,1
Grilliskeidaa,1
Parkkipaikkavalinta,1
Armeijakilvillä,1
Kivitaidettaan,1
Kivitaiteelle,1
Hardstylekin,1
Noisecontrollers,1
Ekoasiaan,1
Nisäkästämme,1
Idioottimaisuuttamme,1
Miinuskarmaviestistäsi,1
Esocb2v,1
Esod3cy,1
Työllisyysongelmista,1
C8dmqy,1
Ahdistusta_masennusta_ja_itsesyyt,1
A4_rasismin,1
Esn6v59,1
Valituistaan,1
Sipulimarketinkin,1
Tärvelsin,1
Psykatrinen,1
Poliklinikoissa,1
Goregrindista,1
Oopperamusiikki,1
Furtherthey,1
Withoutusing,1
Ipccar5,1
Paperituotantoon,1
Technicalsummary,1
Vaihteluherkkyyden,1
Pvxkwyn9pzu,1
Deczx5l5xio,1
Ammattinipuolesta,1
Telinemiesten,1
Telinekatajalla,1
Significantanthropogenic,1
Tieteentekijältä,1
Teletappia,1
Päätöksiaan,1
Raakamaista,1
Väärinkäsittävät,1
Tönkkö_tekijää,1
Oppihetki,1
Esittämistavasta,1
Kritikkiini,1
Kommentio,1
Kemikaaliyhdistelmä,1
C8euqtkc9qy,1
Gambiarakastajakin,1
Lällättylyn,1
Aariatkin,1
Radiokantri,1
Flstudion,1
Pahvitäytettä,1
Ysärigabber,1
Kahviautistien,1
Kahviasi,1
Metatutkimuskaan,1
Lämpösitomiskyky,1
Musaelitismi,1
Perusjumputusta,1
Tuusulalaisen,1
Rämpsyttelyä,1
Kivisirkkeliä,1
Electronica,1
Päähommanaan,1
Kansankynttil,1
Epämielusien,1
Resethän,1
Säilöttämät,1
Radikaalipiiriin,1
Muslimimiehensä,1
Kiivaskielistä,1
Ihmtellä,1
Kcle9ry,1
Terroristipuku,1
Ylijäykän,1
Twzezwq7fka,1
Kiinaluuriin,1
Voimankäyttäjiä,1
Tietäusitte,1
Vaalivoittajapuolueen,1
Suhmurointiehdokas,1
Balssei,1
Veedi,1
Siirtomaavaltioihin,1
Päämiehiinkin,1
Urkkimislaki,1
Kakkupäivästäsi,1
Lopputilanteita,1
Sähköntuotolle,1
Kokonaishyötysuhteita,1
Bensavoimalassa,1
Ulkomarokkolaisasioista,1
Benoutiq,1
Abdelkrim,1
Polttomoottoriversiot,1
Päästöasiaa,1
Lämmittämiseeen,1
Lämmityspakotteen,1
Ilmastoherkkyydelle,1
Ilmastotietämyksessä,1
Ajokokeestani,1
Nälkäpakolaista,1
Eriäväksi,1
Mekaanikseksi,1
C8lakp,1
28vuotias_mies_saalisti_instagramissa,1
Audiofreq,1
Modulators,1
Rawstylekin,1
Peräsuolentähystyksessä,1
Kokaiinikortsu,1
Lähettäjäliikekkään,1
Bakteeridenialistiksi,1
Isotooppitutkimuksiin,1
Vastaantulevaltakaistalta,1
Kasualiteetin,1
Ilmastoherkkyysmallistaan,1
Lämpötilatasapaino,1
Proteusta,1
Psykologiassahan,1
Apinallaumoista,1
Ihmisheimoista,1
Ymmärtäväisten,1
Sopivampaakaan,1
Ilmastotutkijalle,1
Ylikulutettuja,1
Tonnein,1
Bulkkiruokalajit,1
Biomuovialtaissa,1
Spesiaalitapauksessa,1
Linkistänikin,1
Kärjekkäistä,1
Mielipåiteistä,1
Taistelutaidoista,1
Brittirunoilija,1
Oikeukäytäntö,1
Huolestuakko,1
Sisäistämisongelma,1
Ammattilaishenkilön,1
Selkeyttävässä,1
Kontekstillisesti,1
Surahteli,1
Tilaajavelho,1
Alotusvuoroaan,1
Kulttuurikontekstilla,1
Pinnallisuuksiin,1
Pilvipeitettä,1
Käytyäneet,1
Kasualiteettiä,1
_sensitivity,1
T2co2,1
Malmikaan,1
Ilmastoherkkyydessä,1
Viiruttamaan,1
Leipäkeskustelu,1
Opinalaani,1
Taustaltaa,1
Ilmastoherkkydestä,1
Miellittävimpinä,1
Obinnan,1
Samhällsproblem,1
Röker,1
Julkisuusarvonsa,1
Politiikassapistäytymiselleen,1
Harrastusministeriys,1
Geenilinjaa,1
Kuvakokeissa,1
Murkunkusta,1
Viskotte,1
Tölkkinne,1
Mahoissa,1
Puhelinräplääjissä,1
Omaammekin,1
Teknologialliset,1
Ilmastomallia,1
Naturalistilogiikan,1
Kontrollitasoa,1
Valollisen,1
Natsihomoneekeri,1
Pilaamisena,1
Itsehillintävarasto,1
Vesipiippubaarin,1
Vesipiippubaarien,1
Konemusiikkina,1
Substanced,1
Vihkiymättömälle,1
Energy_,1
26_environment,1
Humpuukikirjoituksesta,1
Putkakorvauksia,1
Jesidialueilta,1
Vastanottokeskuksista,1
Passikuvamateriaalia,1
Rasismikyselyä,1
Thermalequilibrium,1
Syukuro,1
Intheir,1
Correctcalculation,1
M2kover,1
Groundover,1
Factthat,1
Effectiveheat,1
Thanthe,1
Kieliepäröinnistä,1
Keskittymiskykymme,1
Himoamme,1
C8oeub,1
Isoveli_valvoo,1
Esp03i6,1
Saaristoreissuille,1
Geofyysikkoja,1
Ilmastomallintajista,1
Kauneudenhoitotuotteita,1
Eläimellisyytensä,1
Takerrutaanko,1
Pyllistavat,1
Vesikaverit,1
Lapsensurmalaissa,1
Halventamansa,1
Panettelemansa,1
__pride__,1
Tekstinkohtaan,1
Väitelauseilla,1
Oppaakseni,1
Macbookeista,1
Touchpadeineen,1
Suunnittelufiasko,1
Perusportit,1
Lisätehoilla,1
Spesiaalimalli,1
Elämiillä,1
Erityistarkkailulistalle,1
Invaliideista,1
Agenttipartio,1
Seisotusprosenttia,1
Liikennetasoon,1
Tervystietojen,1
Marionettijohtaja,1
Troller,1
Ääninuolet,1
Kansanperinneperusteella,1
Kauppatorit,1
Finlonti,1
Kalastusmenetelmät,1
Norppaystävällisillä,1
Verkkorajoituksista,1
Verkkokiellot,1
Ajankalastusta,1
Norppavesilla,1
Ajankalastajat,1
Kalastaisivat,1
Verkkokuolemalta,1
Pyyntimenetelmänä,1
Katiskakalastus,1
Norppaturvallisen,1
Rakentamisohjeet,1
Katiskan_rakennusohjeet_05032019_korjattu_web,1
9022e9e3,1
C1b6,1
Ac61f16e0bf3,1
Katiskakalastuksella,1
Kokeilumalliin,1
Kaksinieluinen,1
Norppaturvalliseksi,1
Turvalanka,1
Pohjoispuoleisilla,1
Premiuma,1
Destructor,1
Fmlhex0njt4,1
Hardtrancesta,1
6tnizdyx,1
Touchpadejä,1
Satsasikin,1
Läpsyyn,1
Ajurikivaa,1
Mäccimaailmassa,1
Ostoargumentti,1
Macbookille,1
Popularisointilehti,1
Kulttuuuriaan,1
Jalastamo,1
Medicineä,1
Pizzayrittäjille,1
Pizzaonlinee,1
Applekään,1
Vikavapaa,1
Vaasann,1
Keskipohjanmaahan,1
Pizzafirmalle,1
Pizzankääntäjää,1
Tekohymyillä,1
Maccini,1
Jälleenmyyntiarvostaan,1
Käyttähdy,1
Kultturismissä,1
Tilauslogistiikkakustannus,1
Pizzafranchising,1
Webcommerceä,1
Vasemmistohenkisemmät,1
Oikeistohallitustaipaleella,1
Tilaustavoilla,1
Pokilta,1
Kaivoikin,1
Kiinniottotiloihinkaan,1
Šuomi,1
Suomenma,1
Soomõ,1
Sūomõmō,1
Suomâ,1
Luulajansaame,1
Piitimensaame,1
Ddjânnam,1
Eteläsaame,1
Såevmie,1
Permjakki,1
Itämari,1
Samogiitti,1
Soumėjė,1
Dineʼé,1
Bikéyah,1
Teollisuudeksi,1
Selkeämmälle,1
Poliittisenkentän,1
Katteenlaskua,1
Vientifirmoihin,1
Menestystekijäksi,1
Painokelpoiselta,1
Hallussao,1
Palvelintilasta,1
Lähipizzeriassani,1
Suojauspiirien,1
Akkukemioissakin,1
Appleuskovainen,1
Paskaonlinea,1
Epäselko,1
Radiodj,1
Kulmakänkkylää,1
Palveluyrityksellä,1
Nettitilaamisen,1
Nettinäkyvyyteen,1
Siemenperunaansa,1
Puhuapuhelimessä,1
Juustoralli,1
Kulutuspaska,1
Puupöydissä,1
Robottiasentaja,1
Automaatiotehtaat,1
Kädenosaajat,1
Koneenkäyttäjäksi,1
Taksikuskiketjussa,1
Tarjouspizzoja,1
Pölyhiukkasesta,1
Kommentissasisi,1
Taustaosiosta,1
Thesemodels,1
Lähdeviitevaatimus,1
Introkappaleessa,1
Introkappaleeseen,1
Lähdeviitevaatimukset,1
Kasvisrasvajuustopizzoja,1
Kartonkintehtaalle,1
A15266e6,1
3ad3,1
A2093163ff88,1
Väryydellä,1
Automaattiflairi,1
Flairikäytännöt,1
Liikuntapuistossa,1
Runkoisista,1
Läppärestä,1
Venyttääkin,1
Tavalliseenkaan,1
Piipunpolttajien,1
Pizzaravintoloista,1
Hiissaaminen,1
Sounddesignin,1
Huipputuotetuista,1
Basareista,1
Samplepackista,1
Camelphat,1
Hackjobit,1
Suosikkipitseriasta,1
Uutisointiinkin,1
Koijattavat,1
Velkakorkokuopassa,1
Palvelukonseptihan,1
Piripärinöissä,1
Basareissa,1
Jäärätason,1
Liimestä,1
Kesäaikoina,1
Pizzafirmoille,1
Korjaukeen,1
Moderneis,1
Kartogrammille,1
Offerillat,1
Nihilististäkin,1
Oikeudenkäyntishow,1
Nappikauppanicheen,1
Faijainen,1
Keskitempoinen,1
Kytkentäkaavioihin,1
Tulonkeruukoneisto,1
Veroprotektionistisesti,1
Kansalaisalotteelta,1
Yökeikalle,1
Aamulahvit,1
Lähiveteen,1
Tupakkabaareja,1
Mökkikalastuksen,1
Musabiitin,1
Slideltä,1
Reittivalinnasta,1
Tupakoimistakin,1
Seurustelumuotona,1
Taskunlämmintä,1
Amarthit,1
Työttymyysaikana,1
Arvosteltavilla,1
Ilmastonmuutosänkyröintiin,1
Duunikoneita,1
Pitsayrittäjät,1
Internetinräjäyttäjäkauppialla,1
Gplmn0c,1
Zhangin,1
Hipsterwebdevaajat,1
Velkaantumisongelmalle,1
Taloudestanne,1
Prätkistä,1
Kullatuimmat,1
Sinapinkeltaiseksi,1
Vippifirmoista,1
Pikavippibisneksen,1
Pizzayrityksellä,1
Riistäjäpalvelu,1
Ohjearvoillaan,1
Verkkotilaukseksi,1
Peliostoksista,1
Genraation,1
Päivityettyä,1
Rekreationaalinen,1
Lajisukupuutto,1
Etiikkasaivarteluksi,1
Kuutinpoikasia,1
Mökkirannalla,1
Kesätuille,1
Ohjearvoistaan,1
Veronalaisuudelle,1
Rajatarkistuksessa,1
Työllistymislukujen,1
Melkempä,1
Elinkeinotarkoitukseen,1
Moottoripolttoainetta,1
Polttoainesäiliössä,1
Varasäiliössä,1
Moottorikulkuneuvoa,1
Kamppailulajisivuja,1
Extrajuusto,1
Mikrokinkku,1
Sepittele,1
Xu5xpfo,1
Laajenettaisiin,1
Transitoliikennesatama,1
Yleissatama,1
Ykkössatama,1
Portofkokkola,1
Pizzoilleen,1
L9p72,1
Määräjorinoita,1
Bonussysteemiä,1
Kebaasit,1
Kvaggan,1
Kvagga,1
Tutkimuspaallikko,1
Hetkisien,1
Jakopolitiikkaa,1
Soudeltua,1
Satunnaiskuvaajalle,1
Milleniaalikäsite,1
Kumitappi,1
Derivoimista,1
Metapelissä,1
S0960982218306821,1
Epitomizes,1
Unrivalled,1
Downlisting,1
Pienleipomosta,1
Maalannutkin,1
Tehdaspuristeita,1
Riisipuurokepusseja,1
Karjalakokemuksen,1
Tilanee,1
Rauhoituslaeista,1
Otsonikin,1
Ohonee,1
Eksistentialistisina,1
Pitsafirmoilla,1
Kortinlukulaitteet,1
Elitebookkien,1
Kangasalalaiset,1
Leviämisreiteistä,1
Tuhkaisen,1
Näennäisfeminististä,1
Vesiaiheisilla,1
Pyyntivehkeet,1
Norppatyöryhmän,1
C2f4c8,1
Norppa_h,1
A4tistelee_hyttysi,1
M1nckssyca531,1
Hkrry5z,1
On2ipx4yr7e,1
Kamppailulajitreenejä,1
Pizzamaakareita,1
149m,1
1s0x442b4eacbb4c1917,1
0x86e5fc8b6ef59de8,1
Maakuntahommelien,1
Tuntijakoon,1
Lähettäjävaltiolle,1
Pizzakotiin,1
Tilaapizza,1
Ravintolabigbang,1
Välityspalkkiohomman,1
Kotipzzan,1
Troolien,1
Putkitehtsita,1
Piiperretäänkö,1
Jonnedistro,1
Sentristimäisellä,1
Massakalastusta,1
Baarinomistajana,1
Vaarantuneelle,1
Ohjerajoja,1
Näyttötarkoituksessa,1
Gremlineistä,1
02013r1308,1
Hyrdolysointi,1
Kromatografista,1
Hydrolysoinnin,1
Vastoinkaymisten,1
Lukemisurakkaa,1
Norppaturvallisii,1
Speedometeri,1
Kangasalalalainen,1
Maakuntapuolue,1
Jumppua,1
Käytettävyysjutuissa,1
Iltapäivässäpä,1
Ehjäiä,1
Maalaispuoluemaisuus,1
Kepulilainen,1
Ostoministeri,1
Puhadas,1
Opintopaikkahaussa,1
Tomaattipastakastikkeesta,1
Läpenemään,1
Pankktietoja,1
Eidaskaan,1
Voieiii,1
Boottamatta,1
Verkkosovitimet,1
Ilmoitusalueen,1
Oletustulostin,1
Makusiidereihin,1
Salakikka,1
Posittivisesti,1
Vappuviinat,1
Pöllästiin,1
Etenapostia,1
Pintakiiltoisempi,1
Alotusajasta,1
Heijastuksenestokalvossa,1
Ylikuumenemisongelmasta,1
Sammuilivat,1
Antennagate,1
Näppäimistöfiasko,1
Vanhentuneillekin,1
Älypuhelinvalmistajalla,1
Kustomoinnille,1
Macinkin,1
Matkapuhelinmonopoli,1
Hakukonebisneksessä,1
Webikarttapalveluissa,1
Sähköpostitarjoajana,1
Kangasalalalalainen,1
Hyljevihaajakalastajia,1
Postei,1
Opiskelurutiinittomuus,1
Kuuttikuolemista,1
Yrittäjiänne,1
Mqlckjxpv6a,1
Kolikonheittotilanteessa,1
Jääkaappikylmänäkin,1
Partneriravintoloita,1
Tt0112579,1
Jälkikapitalistiselle,1
Riistotaloudelle,1
Protektioniset,1
Maalaispuolueittein,1
Pizzeroita,1
Lähiöpizzeriasta,1
Yläastekoulutus,1
Vesipiippussakin,1
Palkkausäätöksissä,1
Hölömölle,1
Joillekkiii,1
Justtiin,1
Tiijjän,1
Tupakkabaareihin,1
Wingsipaikka,1
Saimaannorpissa,1
Niwoow,1
Troolin,1
Maksimisukellusaika,1
Pizzayritykset,1
Koostesivuston,1
Valitusprosesseineen,1
Kalajokelainen,1
Nimisuojausjuttuja,1
Syntymäpäiväkakuiksi,1
Lehtitoimitukseen,1
Lehtitoimitus,1
Epäsöpöistä,1
Leirityksineen,1
Öljybarrelit,1
Pelotteinahan,1
Broilerijuttuja,1
Eineslihat,1
Broilerijauhoa,1
Banaanipirtelön,1
Reasonilla,1
Basarit,1
Hallikaikuu,1
Säröö,1
Muikunpyyntiin,1
Lohiverkko,1
Lohikannalla,1
Ilmastokauhuskenaarioilla,1
Tummaihiinen,1
Rjeljnw,1
Tupakkabaarissa,1
Postattavaakaan,1
Amiksillekin,1
Crumbista,1
Tutkintokertoja,1
Maaseutulukioita,1
Lumikokkareita,1
Laserkynillä,1
Aivovammaisuuteen,1
Psykehipit,1
Kierrähtää,1
Perintäkierroksen,1
Korottavatko,1
Porilaistytto,1
Hapeamattoman,1
Mv9c3l,1
Teraaseilla,1
Katuryosto,1
Ovakon,1
Näppmistö,1
Kanettavia,1
Tupakkabaarien,1
Boottannut,1
Tuotantolaitteissa,1
Kertokokoot,1
Pizzaketjulla,1
Nettisysteeminsä,1
Pizzatime,1
Monopolisalaliitosta,1
Oarempaa,1
Nytyxe,1
Zvbs,1
Tinrib,1
Dwxcegqzzvo,1
Kid606,1
K87rsqrid6k,1
Tongitkaan,1
Pyöränjalalla,1
Pakuvarkaat,1
Baliunas,1
Suqjzyjeux4,1
Täsmentämässä,1
Verkkotilaamisesta,1
Kokemuksestanne,1
Lippuoston,1
Päivinäänkin,1
Kissoiltakin,1
Muistokohteita,1
Vodkille,1
Yleisnimitykset,1
Kuluttajaoikeusneuvojalta,1
Kahviperäruiskeita,1
Kebabistani,1
Pitsamestalta,1
Esiintymisympäristöissä,1
Rikait,1
Hoonosiomu,1
Ürgunille,1
Välähtivät,1
Olympiakarsinnoissa,1
Maailmanennnätyksen,1
Nauliintuneina,1
Tuulilaitteisiin,1
Kolmiloikkapaikalla,1
Julkistamistakin,1
Pohjoispohjanmaalaisia,1
Teollisuusvienniksi,1
Väkeviksi,1
Tilauskanavan,1
Tilauskanavaan,1
Kasvojentunnistusohjelmaa,1
Kegru,1
Juopottelussa,1
Finnjääveleitä,1
Svenjääveleitä,1
Metakeskusteluunkin,1
Vakionopeussäädöllä,1
Kotipizzayrittäjälle,1
Kuristuttu,1
Emofirmallekin,1
Oikiskaverilla,1
Alkoholiosuudeltaan,1
Foodorilla,1
Vodkanhuuruisia,1
Sulkapalloilen,1
Keilailen,1
Crime_of_opportunity,1
Keitäppä,1
Grillipöperöä,1
Kotisivujakaan,1
Pitsamestat,1
Pyörätelineesä,1
Pyörälukossa,1
Abloynkaan,1
Levyhaittalukkoa,1
Kromatografistesti,1
Hydrolysointi,1
Kokopäiväkoulutuksen,1
Plussaseteleitä,1
Plussasetelit,1
Pullonpalautuskuitilla,1
Muinaisroomalaiset,1
Vessanseinäraapustuksista,1
Lanius,1
Deliveryhero,1
Epäystävällisillä,1
Elinvoimaisuusluokituksia,1
Lärveistä,1
Bilisbaarissa,1
Ruuhkatiellä,1
Jouduttamassakaan,1
Näytelmäharjoituksissa,1
Kahvistellen,1
Jumalanpilkkaahan,1
Voiskii,1
Tilauschattibotin,1
Troolausverkko,1
Ryyppätään,1
Toimitusaikaviestiä,1
Äpilläkään,1
Suurkeittiötarpeeseen,1
Sousvidenähän,1
Tarkastappas,1
Ajuripäivitystä,1
Virtakatkoja,1
Tsekkikaljojen,1
Mielenterveystouhuilta,1
Lippuasioihin,1
Pizzakebabvälityksessä,1
Nettipelejäkin,1
Keskeytykselläkö,1
Asetuskikkailulla,1
Ahveneet,1
Verkkokalasteta,1
Ticketmasterhan,1
Lippupalveluna,1
Menamfetamiinin,1
Kaliphaatti,1
Saimaannorppa_ja_ihminen,1
34y5v0,1
Troolipusseissa,1
Silmäkoot,1
Havitellun,1
Troolipussi,1
Pyydyskuolemat,1
Norppakuolleisuudesta,1
Muikkunsa,1
Silrarumpuperseilyä,1
Ultrasharp,1
Riettauksi,1
Miljoonapalkkioista,1
Krjtm,1
Kg241p,1
Nuorisopalvelussa,1
Spywaren,1
Maailmanpelastavia,1
Balsamicoksi,1
Saraalaa,1
Kelpasti,1
Laktoosittomatkin,1
Sydämentahdistinta,1
Kiekkoradat,1
Kesätapahtumaa,1
Kuohusta,1
Tehdaskalibraatiosta,1
Nopeatempoisemmissa,1
Sisafileet,1
Supressoidaan,1
Tiamenin,1
Opiskelijamenojen,1
Plussaseteleistä,1
Vinyylihän,1
Älppäri,1
Hiplaillessa,1
Qvutqgynu8e,1
Plve1s8x_e83hu35yrc2yjasxx9tktsybc,1
Epäinvasiivinen,1
Danonino,1
Filmillekkin,1
9wapwlc,1
Elpynytkin,1
Tuollekki,1
Miljoonatason,1
Yeppers,1
Merenvedessä,1
Vakuudettomiksi,1
Luottokorteiksi,1
Ydinbisneksestä,1
Luotonantobisnes,1
Rääkkymässä,1
Ongelmavippaajat,1
Pakkotäytäntöönpanoseurauksia,1
Mieltämiin,1
Pankkisiirtolappu,1
Plussakertymät,1
1bb11762,1
7f65,1
A187,1
81de8df0a9e8,1
Porttijuomia,1
Itkuotsikoita,1
Hallintoketjussa,1
Problemsit,1
Runtelusta,1
Essage,1
Ervice,1
Epäonnistuvassa,1
Velkaantumiskulttuurissa,1
Instagramideologia,1
Pakokaasupäästömittausten,1
Treenaantunu,1
Audiojuttujen,1
Pelastivia,1
Sössöttelyt,1
Mehiläissaarn,1
Pavillionit,1
Erilliskäsittelystä,1
Ylhfsefdhqc,1
Vaisalas,1
Quy0dxg,1
Pakkaamisohjeet,1
Ticketmasterista,1
Rkioskin,1
Kuivasukaappi,1
Hellanlevyt,1
Kuittirullasta,1
Sunitin,1
Revika,1
Lautapelataan,1
Astiankuivauskaapista,1
Upvoteat,1
Pelaajatuntemattoman,1
Peluritunnistamattoman,1
Taistotilukset,1
Uniikkisaundinsa,1
Sotilaskunnia,1
Ylpistäisi,1
Voitonparaateista,1
Vinyylimasteri,1
Särkyvälle,1
Säästäväisin,1
Vedenpuhdistusjärjestelmän,1
Marginaalipennosista,1
Gagilta,1
Ammattilaisrullalautailija,1
Kähvellys,1
Kaivospuhteet,1
Elokuvakäännösten,1
Koulukiusaajatyttöjen,1
Julkaisualustoina,1
Ajatuspoliisimaista,1
Soittokeikkasi,1
Juustöhöyläily,1
Kuluttajaoikeusneuvoja,1
Järkimaahanmuutto,1
Vastaanhuuteluja,1
Milipiteissäkään,1
Alanuolijärjestelmä,1
Paskalogiikalla,1
Huumoista,1
Nimellämme,1
Palauteryöppyyn,1
Sensaatiohaastatteluja,1
Valmiiksimietintään,1
Rutisijat,1
Kokovartaloministeri,1
Parannusleirille,1
Mutapojat,1
Kokovartaloministereistä,1
Epäämätöntä,1
Suhmuraisempi,1
Autoscrollatessa,1
Masteroinnilla,1
Kelanauhalle,1
Levypainamoon,1
Äänisoundista,1
Tyynypinon,1
Erikoisreittiä,1
Erikoishinnoilla,1
49euroo,1
Sivistyneeni,1
Jauhetaa,1
Kalareissuila,1
Pietettään,1
Kiritiikkiin,1
Keskusteluareenaa,1
Fanikuoroon,1
Nimimerkkkien,1
Suojarajana,1
Keskusteluhalu,1
Fribakaverit,1
Pärräkaverit,1
Fribakamujen,1
Pärräkavereiden,1
Jupistuihin,1
Vg248qe,1
Väännetynå,1
Atomic_layer_deposition,1
Lähettäjälläkin,1
Pedofiilisubi,1
Pedofiilisubien,1
Korporaatiomediassa,1
Yrittänykään,1
Jakeluohjeet,1
Cdm7x,1
Postireitin,1
Ponygirl95,1
Tarkkavaisuushäiriö,1
Kulustani,1
Selostustyö,1
Selostustyötä,1
Paskapeliä,1
Eräpäinän,1
Mielialanhäiriötä,1
Käyttäysymismallejani,1
Tuneteitani,1
Vitkastellen,1
Lääkityksessäni,1
Salakaupataan,1
Opikelijoille,1
Adderalinkin,1
Syntymäpäiväkorttia,1
Hyvinvontihan,1
Kapteenikimura,1
Ahdsitusta,1
Pelkotilana,1
Sairastaakseeen,1
Kaupparyöstöissäkin,1
Jättiläiskorporaatiot,1
Somelynkkausjoukot,1
Somelaumojen,1
Kyläyhteisömentaliteetin,1
Sananvapauslainsäädäntöämme,1
Kvasikonservatiivina,1
Sananvapausitkijänä,1
Historografisesti,1
Kannibaaliuskonnoksi,1
Sosiaalimedianoitavainot,1
Legaalista,1
Uskoltavat,1
Kunnianloukkauskäytäntöjä,1
Kunnianloukkauskäytäntö,1
Ääliöketjuun,1
Myycz9,1
Putinistipuolueiden,1
Meillpäin,1
Konserttijärjestäjä,1
Ostoboikottienkin,1
Somemyrskyihin,1
Väsäystä,1
Muskeliapinoista,1
Persewalskin,1
Hevosennäkösiä,1
Kotiinkuljetuspaketeista,1
Perseilyvastauksen,1
Näyttökorjaamastani,1
Keskivertonörttiä,1
Puhelinmekaniikkaskillissä,1
Ruuvareilla,1
Tiivistesarjaa,1
Levypainamot,1
Analogisuusketju,1
Rakennussuojelurikoksena,1
Tasoikkaissakin,1
Huopapeitto,1
Suojankin,1
Rasistipaskana,1
Keskuteluilmapiiri,1
Väärinymmärryksetkin,1
Jarko,1
Hyperdildo4000,1
Kustomaatio,1
Taustakulttuuriin,1
Nähhtyjen,1
Hiipuneiden,1
Lastenhankkimishalujen,1
Solkkaavan,1
Pillunhimoisen,1
Perjantaiaamupäivän,1
Mamupaheksuntaa,1
Lippukauppiaat,1
Jyvitykset,1
Naamavero,1
Uskotvat,1
Ponnistuksilleen,1
Tacomaustepussissa,1
Myllylan,1
Elemästä,1
Seksiwaukohua,1
Väestönvaellukset,1
Sainaannorppaa,1
Vapavälineillä,1
Mökkipena,1
Kilsatolkulla,1
Massapyynti,1
Aussikollega,1
Kalabiologi,1
Wello,1
Meriaaltovoimala,1
Aiheuttavata,1
Makaroonilaatikkomausteseos,1
Toimintarainasta,1
Romahduttaneella,1
Supertyöttömyydellä,1
Fasistidiktatuuriin,1
Elintasoasioissa,1
Levitysalustaa,1
Aw1vs89hxpm,1
Malmivaarasta,1
Einesmakaronilaatikko,1
Einestensyöjällä,1
Aloituspostailijan,1
Kuvotuksensa,1
Turinoimassa,1
Rannekkellorakit,1
Andypyrolle,1
Väestönvaihtosalaliittoteorioineen,1
Sairaalloisuuden,1
Pyöräaktivistien,1
Somekuplalleen,1
Häviöttömät,1
Autoliittolobbarit,1
Tilastoheittoa,1
Poisrajausta,1
Riittämättämistö,1
Urasyvyyksistä,1
Lasipullopepsiä,1
Itäblokiksi,1
Silmälläpidettävällä,1
Kakkupäiväntoivotuksia,1
Versionhallintahärjestelmässä,1
Ylilääkäreinäkin,1
Peruskoulujärjestlmä,1
Väestonvaihdosta,1
Pelkofantasioidensa,1
Liiloihin,1
Tonttufirma,1
Ravistamassa,1
Jonglööraukseen,1
Säästövimma,1
Viipaloimaton,1
Viipalointikoneella,1
Peliaspektin,1
Pelistriimit,1
Testaustanner,1
Tummempipigmenttisten,1
5gsgsaj24wo,1
Möyhöoikeistosta,1
Kantakansalaiset,1
Whiteflightaavat,1
Prosenttilupaukset,1
Rasismihysteriaa,1
Brutaalimmaksi,1
Ammuskeluaalto,1
Jattimaiset,1
Mzkai3,1
Onkikaan,1
Lajidiversiteettin,1
Siirtavan,1
Ennatystilin,1
5c43da30,1
F15b,1
3e51,1
17c02dc7a217,1
Transmutaatioiden,1
Signora,1
Delizia,1
Torniohan,1
Transgenderismin,1
Mummontalutusten,1
Kahdeksasi,1
Rehautuminen,1
Catsuit,1
Käävältä,1
Kauppojesi,1
Sananvapaudellinen,1
Huutelmassa,1
Viisivuorossa,1
Kuljetukselta,1
Erikoisuuksensa,1
Sukupuolidyaforiatapauksissa,1
Kerjäykset,1
Henkilöstöfirmoihin,1
Parisuhdestatukseni,1
Postitustavat,1
Nsinne,1
Gagliano,1
Blogissakaan,1
Röyhkälle,1
Väestövaihdosmouhottajien,1
Västönvaihdos,1
Pakkaustavaraa,1
Sijoittajasuvulla,1
Kappalla,1
Kartonkitehdaspaikkakunnalla,1
Vatsalihasratkaisu,1
Läähpuuhit,1
Inkkaripäähinetrollauksesta,1
Sananvapaalla,1
Vihervassarijournalistien,1
Spiritualismipaskaa,1
Voikukilla,1
Rektaalikristalleilla,1
Joogaretriittimatkoja,1
Hilluttaisiin,1
Tirskut,1
Bännihämmeri,1
Määriteltmähän,1
Vanhemenisen,1
Käsiottääkseni,1
Pyöräilymaissa,1
Sotkeviin,1
Laukomie,1
Derailasit,1
Arkillisella,1
Rannekellorakit,1
Siirtomaapolitiikkansa,1
Markkinointikampanjoidensa,1
Start__be__be0101__be0101q,1
Utlsvbakgfin,1
8b089e75,1
7719e9d607c3,1
Sinkkulohkaisun,1
1x1x1m,1
Kameraverkkoa,1
Pyrollä,1
Poppityylistä,1
Rawstylestä,1
Frenchcoren,1
Kvasiliberaaliksi,1
Rahastusväitteet,1
Varjoerämiesjouselle,1
Unikkopellolla,1
Kuuttikuolemat,1
Minutkansalaisaloite,1
Hakeltyi,1
Noyraksi,1
Keräysaloitteet,1
Hyökkäysrintama,1
Streameillä,1
Kalastammaan,1
Ukkikkiin,1
Männeevät,1
Semiaktiivisesta,1
Haittalevystä,1
Junnilainen,1
Valtakuntasyömmet,1
Kläntisen,1
Pyöräylityspaikoissa,1
Nevottelut,1
Massamaahantuonnin,1
Feministimaihin,1
Postinjakamista,1
Luokituskriteerit,1
Puolustusvoimilöa,1
Riipputissin,1
Juppikaudella,1
Lääkärinhommiin,1
Whiskyn,1
Yksekseni,1
Ollenkään,1
Dailyrelay,1
Joyners,1
Karpaasina,1
Paskapostimäärän,1
Salaliittoteoroitsijat,1
Johaugiin,1
Svnää,1
Maksaiselta,1
Kalaisuutta,1
W34_ba000003,1
Main_900,1
Anq6jhvvpwe2qva5rwn97eeyicg,1
Aluspalvelutalouden,1
Rasvalätystä,1
Floodausfiltteriä,1
Taittaessaan,1
2pus79zgpc8,1
Tesat_2019_final,1
Pizzeriayritysten,1
Rekrytointikustannuksista,1
Saikkuaan,1
Upgreidataan,1
Execissä,1
Nollaleikkauksella,1
Lukkowikiin,1
Pimmeet,1
Sialut,1
Perusnuortenkin,1
Parikymmennen,1
Irnasissa,1
Asialli,1
Teelli,1
Saolot,1
Vanomai,1
Ruste,1
Voitai,1
Väkivaltafantasiansa,1
Vähemmistövihansa,1
Määräästä,1
Semipainavan,1
Postilaatikostamme,1
Insentivioitu,1
Pistäsvät,1
Kutjakkeet,1
Vastaanottopisteestä,1
Toimittamiset,1
Vaalikausissa,1
Tarkottaskin,1
Nyhtäkaura,1
Huonosilmäisetkin,1
Teraputtinen,1
Väestönvaihdosteorioita,1
Autovarkauksiakin,1
Neuvostoliittolaisvirkamiesmäinen,1
Keräyssaldo,1
Qmviubs,1
Petomestarit,1
Lämpökompostorit,1
Kansanmurhaamme,1
Huhuillen,1
Perintähaaste,1
Karhukirjekkin,1
Muslimivähemmisöjen,1
Arrogantit,1
Datapatteriinsa,1
Darksoulsremastered,1
Verisyntyisessä,1
Paidattomina,1
Pätäkänpalautus,1
Uiguurikulttuurin,1
Aitokaiku,1
Dystopiaton,1
3ptirpv4onw,1
Postinkuljettajalta,1
Pommituskyyhkyjä,1
Tiedusteluleijoja,1
Tisss,1
Rykehussin,1
Insolvenssimenettelyjä,1
Loanit,1
Palkkaennakoita,1
Venttaili,1
Nollaefortti,1
Luotsaamaa,1
Öyhättäjät,1
Äsboossa,1
Pystyttämässään,1
Myytynäkin,1
Yrittäisun,1
Konttoristakaan,1
Pakaasia,1
Kasvavimmassa,1
Kartellihommiksi,1
Karikatyyriartistien,1
Matkahullon,1
Vinyylikokoelma,1
Kontektiksi,1
Cornwallis,1
Cornwallisin,1
Mchenrya,1
Pikakelasi,1
Ajokaverit,1
Dopingvalvontajärjestelmää,1
Voimaurheilunaiset,1
Kummaksu,1
Epäkummallisen,1
Miesroska,1
Suomalaisroska,1
Syntyvyyskäppyröitä,1
Kaljoittelukulttuurin,1
Kivisin,1
Laatutoimintaa,1
Odotakkaa,1
Öljysosialismin,1
Arvostettaviksi,1
Sotakunnon,1
Kurdinaisille,1
Miesjäsenille,1
Hakukiintiö,1
Huokuttelevuus,1
Persläävissä,1
Pikakirjeeksi,1
Postitarinani,1
Bussingista,1
Kansalaisoikeuksen,1
Kometajalta,1
Hyöryvoimaa,1
Telepromtereita,1
Lausaiden,1
Rönsyilevyys,1
Nytimesilla,1
Pihlajantaimi,1
Kärkimaisemiin,1
Soundiksi,1
Vinyyliversioihin,1
Digiformaatista,1
Studioäänityksissä,1
Nauhasaturaatioplugaria,1
Vonkaloimista,1
C9dq6l,1
Transaktivistit_maalittivat_suvaitsevaisen,1
Esxfpnb,1
Xinjangissa,1
Ulkopoliittisempi,1
Kjargalhedg,1
Btd3an,1
Eozd4hl,1
Royaltyy,1
Hirrrveän,1
Sfh_2rqf,1
Juppielämäntyylin,1
Postikeikka,1
Ydinvoimajutusta,1
Värikannan,1
Mellakoitte,1
Muslimiehdokkaille,1
Muslimipuolueelle,1
Vääränkulttuuriset,1
Vääräuskpiset,1
Kolmioonkin,1
Porvarihintaan,1
Parkkipaikkamääräykset,1
Rangersfanina,1
Noooooormiiiiiieeee,1
Hehb8_gj70m,1
Magnituudeissa,1
Elävällämme,1
Kuvaamisvaiheessa,1
Uudelleenjaan,1
Nätytöä,1
Charlers,1
Metodolgiassa,1
Te9jipylyza,1
Suomalaismaahanmuuttajat,1
Paskaläpeensä,1
Sinnuuta,1
Miinusmääreiden,1
Yhteistyöryhmän,1
Kalastusrajoitusasetuksen,1
Säädösvalmisteluun,1
Esiintymisalueet,1
Keskustalaisministerin,1
Ostovoimattomuudeksi,1
Yllätyspizzoja,1
Haravointijutussa,1
Mahtaisittekohan,1
Sammuttammaan,1
Kyykkypaskallakaan,1
Speakkiin,1
Täsmennähän,1
Välistävetämissyystä,1
37810xwhrsdx,1
1_7050639,1
Ilmastonmuutospäästöjen,1
Ravinnevirtoja,1
Hyönteistuhoja,1
Ruokapelloista,1
Verkkokuolemien,1
Einesmakaronilaatikon,1
Jauhelihit,1
Llällällä,1
Hoteisiini,1
Jäävuorisalaattiannosta,1
Maitokanisterinne,1
Luomumaidolla,1
Tuotonhaku,1
Kiinnijäöminen,1
Karobianlomalta,1
Pakettikuljettajana,1
Trittää,1
Luovutusyrityskoodi,1
Kuljetustuote,1
Hirviölihansyöjä,1
Jortsit,1
Termitys,1
Risteämiskohdasta,1
Raaaaaaahhhh,1
Erottelukyvyltään,1
Jauhelihahyllyllä,1
Sovinistisestä,1
T1tcdhrkqyg,1
Langanpäällinen,1
Punaturran,1
Täysmähinä,1
Pöytähyrrämallinnus,1
Viitsijä,1
Vauhkojahti,1
Nahkahiirihemmo,1
Kaaripaistin,1
Suistuma,1
Kirjokuusipiiritys,1
Pensassika,1
Varkausautomaatti,1
Ylimarkkumasiina,1
Hyyrylän,1
Tuonentanssahtelijan,1
Kolonisoivien,1
W18162,1
Jenkkipresidenteistä,1
Leipääntynet,1
Saparohäntiä,1
Tehosikaloissa,1
Vesieristyksiin,1
Kyborgisarjan,1
Purkutraktorina,1
Hyppylajien,1
Heinäsirkkajalat,1
Nestejäähdytyskierto,1
Asiantubtjoiden,1
Kenopäisiä,1
Reklamoisivat,1
Pakettitarrasta,1
5mxahvco1ok,1
Postinkääntöpalvelua,1
Postinkääntöpalvelu,1
Ilmastolakkoilun,1
Vasemmistolaisanarkistinen,1
Hintasääntelylainsäädäntö,1
Disussions,1
Kovatyyliä,1
Adaro,1
Audiofreqin,1
Frenchcorea,1
Sefaa,1
C9eoei,1
Vanhuksen_kotiin_hartolassa_tunkeutuneille,1
Griefing,1
Tietoisuusfasisti,1
Playerunkown,1
Jenkkiesimerkit,1
Sekovapaalla,1
Integroituneisuudesta,1
Kehitysmittareita,1
Korkearvoinen,1
Luomuksiksi,1
Eteenpäinviemisessä,1
Stopperista,1
Laatikkojuttu,1
Rikosdataa,1
Lämmitäessä,1
Uuniranuilta,1
Monikulttuurilliselle,1
Hyötytyjä,1
Austriaalialaisten,1
Kompuroinnissamme,1
Torilleebinddd,1
Harrastuskalastajiin,1
Hemohesin,1
Päätöliukuhihnalle,1
Vahinkotapahtumia,1
Pehmustein,1
Tehdaspakkausten,1
Putoamisilta,1
Heittelyiltä,1
Tarjoilijallekaan,1
Dogeiksi,1
Hillosoker,1
Suomistriimereistä,1
Menestyskaudella,1
Kikitty,1
Tiimistäkin,1
Uhrinäytelmän,1
Eheyttämisterapioiden,1
Sateenkaarisankariasu,1
Propagassa,1
Cruisingille,1
Konsulaattipalveluita,1
Kurdistanianin,1
Scifileffakin,1
Massavalmistettiin,1
Huippuvoimistelijoiksi,1
Panoatettu,1
Puheöinnumeroon,1
Väestönkehitysmallia,1
Lehdistöpropagandaa,1
_askareita,1
Avatuminen,1
Romuttuessa,1
Kanssaoireilijana,1
Koirauhan,1
Leobarbi,1
C99b6i,1
Which_countries_do_you_hold_the_most_passionate,1
Eswce29,1
Streamlainaus,1
Hanification,1
Reklamoidakaan,1
Väestönvaihdosväitteeseen,1
Suosituksihan,1
Taktikoija,1
Transeksuaaleista,1
Douppaisivat,1
Keskineliökoko,1
Kuilottaa,1
Pikkupikkurahalla,1
Pizzaraflabudjetista,1
Karmaköyhät,1
Koerajoja,1
Palkkalokerossa,1
Transsekoiluun,1
Jälkkärijuoma,1
Väestökaden,1
Liikuttuut,1
Mixteipin,1
Kompostoinissa,1
Fermentoituessaan,1
Hyöryvoima,1
Barrikaadeista,1
Paskaotsikoille,1
Täysperäyhdistelmällä,1
Jakoautoa,1
Lqwklidalss,1
Käännösominaisuus,1
Kirjeitänne,1
Armeijaryhmään,1
Kiovankin,1
Xqq6z,1
Hmaqy,1
Itävaltsu,1
Österraikka,1
Vaahtosuisimpien,1
Teurastuksille,1
Tuohivirssut,1
Epäsuomalaisessa,1
Projisoinnein,1
Välilukusanoja,1
Amerikaneglanniksi,1
Merltiys,1
Älykkyysosanäärässä,1
Ympäristötelijöiden,1
Kvintiljardi,1
Sekstiljardi,1
Septiljardi,1
Oktiljardi,1
Noniljardi,1
Ruohokentälle,1
Runsashappisessa,1
Mitättömimpiä,1
Vamnen,1
Täysikusetuspaskafirmaa,1
Paijaajia,1
Mädättäjånä,1
Ydddavf38pi,1
Postinumeroaluueseen,1
Pintaraapaisusi,1
Oiinyywmb04,1
Ilmastotyyppinsä,1
Simonllewis,1
Pepcanadell,1
Jesselreynolds,1
Tilinpa,1
88to,1
88stiedote,1
Pästäisi,1
Lastenvaatteitani,1
Hedelmäviipale,1
Faktapohjattomasti,1
Vertausarviointijärjestelmä,1
Peruskabiini,1
Aakeita,1
Pmc5679002,1
Ammattikalastajaa,1
Interreilauksesta,1
Kouluretkille,1
Surmaajaveli,1
Grillailubileitä,1
Automaatinhan,1
Hiilitasapainoa,1
Kielenvaihtoa,1
Turkheimeristä,1
Wpv6hz9iwqo,1
Lasipullojuomat,1
Nonparellipuussa,1
Nettohiilensidonta,1
Cykl7i1,1
Imarteluista,1
Laiduntamasta,1
Serbialaisissa,1
Turkheimeriin,1
Papareihin,1
Nlsy79,1
Jämempiä,1
Vesidemoneihin,1
Salisburyllakin,1
Alihintaisissa,1
Edenmpänä,1
Jauhelihaklöntti,1
Vk3nuoa,1
Juustoisemmat,1
Propagandabiiseissä,1
Case_study,1
_migration_to_the_nordic_countries_in_2000,1
Alkuasukaita,1
Yläpiiriä,1
Tuomioistuiden,1
Painane,1
Printitkin,1
Molekyyligenetiikka,1
Kytkeen,1
Vakiokokoja,1
Asiakasprintti,1
Skandalöösin,1
Taulukkominimi,1
Erikoistyöstä,1
Rahankeräysautomaattina,1
Croissantia,1
Captain_cunto,1
Propagandasivuako,1
Transan,1
Pröystäilläkseni,1
Metodplogiset,1
Populististista,1
Kohuartikkeleista,1
Kohulähtöisyys,1
Antelevat,1
Pöyäs,1
Sarcasticlogic,1
Kyöö,1
Miunä,1
Yhteisökääntelyn,1
Kuvauppi,1
D84dd04c,1
Ae9f,1
08cb7c64e6d7,1
Automagian,1
Korkeammale,1
Katsoisis,1
Pallonkokosia,1
Failedattempt,1
Puhesekoiluun,1
Prompteriin,1
Yksinnousu,1
Kylmätreenissä,1
Superhauskaaa,1
Söpöilyttää,1
Mirrilöisillemme,1
Zooväki,1
Kunnossapidetyt,1
Pintavihreitä,1
Hengenheimolaistensi,1
Humbebundle,1
Humblestore,1
Paskapalloiksi,1
Hemuleiksi,1
Helsinkihudson,1
Tekstiviestipalvelukin,1
Hupanalol,1
Monisataheppaisen,1
Puupinoista,1
Kisuliineistä,1
Mysteerihenkilön,1
Great_purge,1
Purge_of_the_army,1
Kerrostaloasukkaalta,1
Lisäkentät,1
Maahanmuutonperusteena,1
Etähaastatteluiden,1
Villahääpäivän,1
Kucherov,1
Gaudreau,1
Couturier,1
Sivilisaatin,1
Viewsonic,1
Käyttökeskukseen,1
Alennushinnnoittelu,1
Kullitustakin,1
Päiväretkimatkoja,1
Vaelluskutinaa,1
Arhubille,1
Ameriikanmaalle,1
Sotajaheti,1
Arviointiraporttiin,1
Varakkaamassa,1
Tekohengityslaitteiden,1
Perintäverosta,1
Maahankaivettuja,1
Rekkautumaan,1
Räbätätinä,1
Kisastudioon,1
Istutetuksi,1
Lisävaatteita,1
Pyhittääkin,1
Miljonääriperheistä,1
Eläintensuojelusta,1
Antropomorfointi,1
Antropomorfoin,1
Ihmislähtöisessä,1
Antropomorfoida,1
Tšetšnija,1
Myrskykivääri,1
Matkustiedotteet,1
Geochart,1
Asteillä,1
Ahmein,1
Normibulkista,1
6n_xci,1
Peq0,1
Huviverkkokalastus,1
Katiskojakin,1
Darkinkaan,1
Säikyttelyleffaksi,1
Megafaunakommenttiin,1
Eliittipolitiikka,1
Kaveripuolueeksi,1
Kärynneisiin,1
Kanssakäynnit,1
Uudelleenkytkentään,1
Fw5rkncwmto,1
Tammikuuks,1
C6x247,1
A4n_turussa_kuljeskellessa_ohitin_pyh,1
A4n_esineen,1
Yhteinäis,1
Mizkif,1
Erob,1
Andyki,1
Nymnin,1
Videonviemän,1
Äänentoistojärjestelmällä,1
Videolaatuvalinnaksi,1
70kbit,1
5571b37f,1
0e40,1
4ebe,1
Bad3,1
B61841c3ced0,1
Intonoit,1
Koulutushommat,1
Kidutuskouluja,1
Kirotesani,1
Kristillisagraarinen,1
Sosialistpuolue,1
Oikesistolaisviboilla,1
Minimiliksoja,1
Denkpotato,1
Toimistosiivouksesta,1
Méme,1
Nostettunakin,1
Onnettomuusrysät,1
Aikaihin,1
Moottoritiemäisellä,1
Mokiksi,1
Sotamuistokivääri,1
Alennuskoodein,1
Totuudenvääristelysi,1
Siivouskohde,1
Pyörätuoliympyrä,1
Autopaikkavaatimus,1
Nukkumaanlaittamassa,1
Jogurttipurkille,1
Huhunurkkaa,1
Matkapuhelinaikaan,1
Jauhoitetaan,1
Ziz1b0d76ey,1
Pikaratkaisun,1
Pitkäjaksoisen,1
Kansalaisusudesta,1
Epäkohtelijaita,1
Kaurataskuja,1
Päättelisitkö,1
Webbipuolesta,1
Demopizzeriasta,1
Etäkytkentä,1
Jympytystä,1
7z2f0sg,1
Riepoteltavan,1
Meganethot,1
Onakotitalo,1
Noutotekstari,1
Lajitteluvirheen,1
Elintasosiivessä,1
Expresspaketin,1
Normaalijakelunkin,1
Zoomaukseen,1
Mobiliilla,1
Totetuttaisi,1
Mobiililaiteystävälliseksi,1
Kysmäri,1
Seiluri,1
Lasautin,1
Sunnisotilaita,1
Sunnivalta,1
Mikromaksupaskalla,1
Nettimaksaminen,1
Historymemesiä,1
Itkuineen,1
Työvoimaviranomainenkin,1
Pakollisesten,1
Itkupotkukännin,1
Laastarisuhteestakin,1
Harhautunu,1
Perinsuomalaiseen,1
Toljotatte,1
Värikuvahaastattelussa,1
C9bz3u,1
A4n_ei_saa_en,1
A4_sanoa_hokema,1
Huolimattomuudellansa,1
Kesäjantteria,1
Kiukkutiputuotteet,1
Puhelinpelaajalla,1
Mikromaksupaska,1
Meikinpuhdistusainetta,1
Duessa,1
Tautijärjestelmästä,1
Versoihin,1
Alhokoholista,1
Sinkkukausien,1
Panotyyppeinä,1
Patchei,1
Lukukausiamaksuihin,1
Dueta,1
Birdseihin,1
Opinahjoaan,1
Arvostetummassa,1
Kokonaispelin,1
Lootboxbisnekseen,1
Mikrotransaktiohin,1
Pelifirmaympäristössä,1
Maksustrategiaa,1
Uhkapeliaddiktioiden,1
Mysteerihenkilölle,1
Servaamisensa,1
Iikkamointia,1
Matkaesitteet,1
Rambota,1
Kahvilusikoita,1
Viraalimainostusta,1
Dlcillä,1
Hoi3oli,1
Dlcnä,1
Kenraalisysteemiä,1
Wrecfestiin,1
Wp20131001,1
Kaunantunteista,1
Paluumatkal,1
Glorifikointia,1
Viikonloppumenonsa,1
Makseluista,1
Pizzajauhopaketissa,1
Vanhantapaisen,1
Creased,1
Interceptive,1
Laastarisuhteen,1
Vastakkainasetelu,1
Loukkaantumiskohun,1
Mistään_,1
Palvottii,1
Tallottii,1
Helvetinmoisil,1
Downvoteparaateilla,1
Rakennuslottien,1
Tarkentaisivat,1
Kyynisyytensä,1
Hommarouva,1
Syntymäpäivärahoja,1
Vanhoillisuskonnollisten,1
Realmadrid,1
Jenkkivasemmistolaisuutta,1
Ruumislimoja,1
Tigmvxbluqs,1
Yriyksistä,1
Äärimmäisessa,1
Pelaamaltani,1
Mututuntumaista,1
Hevosravit,1
Minilisäreitä,1
Tarinankirjoittajat,1
Perustalousmekaniikat,1
Mekaniikoilta,1
Poistaillut,1
Ärfoodiin,1
Rötöstaustaoneglmaa,1
Uranteko,1
Stellaria,1
Tunturiuksen,1
62c6cfa2166eca5d70e1dc50,1
2019_6_dodligt_vald_i_sverige_1990_2017,1
62c6cfa2166eca5d70e1094,1
2018_15_skolundersokningen_om_brott_2017,1
Pdfl,1
Välinpoitämättömin,1
Varastokerääjä,1
Automaatiokäyttäjät,1
Lisänlisät,1
Käyttäytymisiin,1
Kesäpokkari,1
Puuttellisena,1
Avaruussimulaation,1
Toiminnalisuuksien,1
Appiukkokaan,1
Sukupuoliroolitetusti,1
Rosvopaistinsa,1
Pelintekijästä,1
Karttingi,1
Pelikeskus,1
Pedofiilirenkaasta,1
Keittiökamatkin,1
Mäkkärei,1
Terska_juusto,1
Maikeisia,1
Brändipussissa,1
Läsnäolevin,1
Golflomalle,1
Arkiruokailuamme,1
Tilannesidonnaisesta,1
Vaivaantuneiksi,1
Satirisoivaa,1
Vankissa,1
Kommenttijärjestys,1
Pelikokemusten,1
Imperatoria,1
Heittämälleni,1
Havainnointimodeja,1
Galaksikartta,1
Tähtikuntakartta,1
Avaruuskartta,1
Tarkkuuksellisten,1
Kanssasanojan,1
Mobiilirahastusroskalafkaa,1
Halpalippu,1
Ahneemmin,1
Sislätö,1
Visuaalisesto,1
Lrwmja_vom0,1
Provosoitumisistaan,1
Paketinmurskaajana,1
Nuuksioo,1
Eräilee,1
Variin,1
Pedofiilisormus,1
Huijausjuttuja,1
Pyramidihuijaikset,1
Komiikas,1
Satanistiringit,1
Bixe5kzxjsy,1
Vankilerireiltä,1
Äänentoistojärjestelmään,1
Dpq3j,1
52d3d108af,1
Viiksekkaan,1
Publishas,1
Toimittajatytön,1
Öljykeisareiden,1
Mellastuskentillä,1
Kasariviinaa,1
Miessaavuttaminen,1
Miessaavuttamisen,1
Olytta,1
Nationalseihin,1
Märehtia,1
Newgroundilla,1
Ammusvalikoimassa,1
Convertoi,1
Rilaissinkin,1
Jakautuivatko,1
Kuivamuuntajapurkeilla,1
Kolmivaihesyöttö,1
Keskiotosta,1
Leg_delta,1
Tunnushymniin,1
Legorakennelmat,1
Alkuviikkoinen,1
Helsinkistraatin,1
Reynoldia,1
Valemuistopaniikit,1
Salasymbolit,1
Kynttilärituaalit,1
Yhteistyöhönkin,1
Redditmeemit,1
Mepeilleen,1
Women_in_ancient_sparta,1
Collision_avoidance_system,1
Lähipäästöistä,1
Climateaction,1
Barcelona_to_ban_old_polluting_cars_in_2019,1
Ruuttaavat,1
6tco2e,1
Lowcvp,1
Workingdocuments,1
20lifecycle,1
Henkiloautojen_keskimaaraiset_hiilidioksidipaastot_maakunnittain,1
Tupruttavan,1
Suomalaisajoilla,1
Quasimodoksi,1
Keskusrikospoliisit,1
Miniplayerin,1
Huumorivitsikuviin,1
Kivikorttelikeskustassa,1
Mentuloillakin,1
Seilloin,1
Miehenalussani,1
Ensitissien,1
Sekasuihkutilat,1
Ereketion,1
Perhetilanteeksi,1
Tissiflasmobin,1
Neuleenkin,1
Himoutuneen,1
Lumoutuneesti,1
Tapavaatimus,1
Ansaitsevansakaan,1
Farcrytä,1
Qsu5dplbgrq,1
Bqxcncgnrh8,1
Gimara,1
Ikimeemi,1
C9tdn7,1
Looks_like_i_wont_be_listening_to_my_new_vinyl,1
Shibbolethien,1
Sormileikit,1
Faroutillani,1
Alakultturissa,1
Takapuolihan,1
Korjailtaisiin,1
Taistelumahdollisuus,1
Enssijaset,1
Pääkriteerin,1
Qbctcuvt8ta3x8nk6,1
_oikeestaan,1
Irvailinkin,1
Kotitöidenkin,1
Ihmispersreikiä,1
Kuuttikuolemien,1
Kuuttikuolemissa,1
Kuuuluisia,1
Vaikutustoimintaa,1
世界十惡,1
人無善念,1
人人為敵,1
破壞傳統,1
文化頹廢,1
同性慾亂,1
心暗魔變,1
興賭興毒,1
隨心所欲,1
開放性亂,1
導向邪惡,1
黑幫亂黨,1
政匪一家,1
自主亂民,1
逆天叛道,1
迷信科學,1
變異人類,1
吹崇暴力,1
好勇鬥狠,1
宗教邪變,1
錢客政客,1
_gong,1
Purjehtimisessa,1
Eroomistouhuun,1
Kotilähiötä,1
Käynneellä,1
Vartiosaarelainen,1
Poikkauksena,1
Homoseksiorgioista,1
__jne__,1
Argumentointikeinoon,1
Paperiarkku,1
Theeba,1
Miesrakastajapareista,1
Yliarvosttu,1
6rvusy,1
Is_the_military_worship_of_the_spartans_really,1
Rypisteltyä,1
Lähetysseurantakoodin,1
Hallintasivun,1
Webbidevaamisesta,1
Kylmäsavustaa,1
Soutulaitteeni,1
Ylänuolimäärää,1
Tinkiäkin,1
F5dc19c93ed74a92a7e6773a38f33cd9,1
Euroopan_hymni,1
Murhahaaveilut,1
Viihdekeskeisessä,1
Hypemaailmassa,1
Vastapropagandalla,1
Polkasiko,1
Anthem_fi,1
Keskusteemana,1
Kolonialismissä,1
Huumerahojahan,1
Tunnushymnin,1
Council_of_europe_,1
Kansallislaulunaan,1
Pelästyvätkö,1
Gerhardia,1
Polkupyöräinfrasuunnittelu,1
Lautoi,1
Historiakommentteihin,1
Prestiisiarvoa,1
Oh3r,1
Homoseksiorgiat,1
Räiskeestä,1
Huolipäänsä,1
Kaatavilla,1
Yhteikuntarakenteet,1
Hairtavero,1
Ylivertaistaminen,1
Kelmuttamana,1
Juustohyllyssä,1
Istumisineen,1
Erityisongelmista,1
Esitysmuotoja,1
Mediaplayerilla,1
Videokodekit,1
Gomorr,1
Gooood,1
Twitchkatsojista,1
Varashälytinkuoro,1
Arkkiarkku,1
Pullonpanttien,1
Pikkukullisia,1
Kuljetusvahinkoja,1
Äänestyskäyttätymistä,1
Supernäppäriä,1
Lyhyehköille,1
Siirtymisille,1
Kubiikkelistani,1
Ylimääeräistä,1
Rokeen,1
Tallanteita,1
Sukelluksellani,1
Mag241c,1
Referenssejään,1
Seilaimet,1
Norpanlahtaajat,1
Yhdistelmävaunua,1
Sotilasinvestoinneilla,1
Länsiliittoutumaa,1
Sotateollisuustuotantoon,1
Kokonaissokeriin,1
Arkkuaarre,1
Jurttuani,1
Sitwn,1
Postilaatikkoanne,1
Piirroshahmosta,1
Raskaskäyttösiä,1
Euractive,1
Maksansiirrolle,1
Tukirahoistaan,1
Päätodiste,1
Harvestingiin,1
Lokaationi,1
Järkihintoihin,1
Ansiotuloverotustahan,1
Kanssallislaulu,1
Brabançonne,1
Vi7udnl,1
Ilmatorjuntajaoksesta,1
Autisticknight,1
Mehustamo,1
Kiistellyimmät,1
Factcheckers,1
Claani,1
Poppootakin,1
Katiskatyypit,1
Nielukoko,1
Vasemmistolaisemmilla,1
Et4jht3,1
Porvarutouhulta,1
Kielitunnisteen,1
Siirtämimen,1
Devaamises,1
Skeidqn,1
Lapincape,1
Frenglishiksi,1
Sisäelinte,1
Orjirn,1
Kulmilleen,1
Meneenö,1
Freimiin,1
Sekunneillaan,1
Huostaanotti,1
Herrankukkarolle,1
Nautintoäänen,1
Löylyäkään,1
Manhidingiksi,1
Eripituudesta,1
Selkäkipuni,1
Ca2sb1,1
Katuihme_update_pienen_yleisön_pyynnöstä_koko,1
Kuningasyksiöönsä,1
Kuntoilukeskus,1
Hietaheinäperhonen,1
Tämmöisest,1
Protestoinilla,1
Rämpiessäsi,1
Ounasrinteeltä,1
Tesmaperhonen,1
Levyarvosteluissa,1
Levyarvostelussa,1
Xinjianginin,1
Älkäämmekä,1
Juhannuskokoista,1
Cpz_9_kalfy,1
C5irdb,1
Before_and_after_limb_lengthening,1
Imperatorhan,1
Overhaulaa,1
Eripituisjalkaisille,1
Pituuskorjaus,1
Basegamessa,1
Devaamis,1
Rentoutumisjakson,1
Pakaroitteni,1
Läpse,1
Ykstyistalouksissa,1
Nittaset,1
Niebelungen,1
Logiikkatehtävä,1
Ratkaistvaksi,1
Elokuvaviihteestä,1
Kanavakokonaisuus,1
Jalovaaralta,1
Samanmittaisiksi,1
Kenkäki,1
Uudestimitoitetut,1
Aamuntamekanismi,1
Exestä,1
Resurssienhallinnassa,1
Wormsiä,1
Piraattilevyjen,1
Openloadien,1
Sirpaloituneista,1
Lisätilaaminen,1
Launchereineen,1
Kitupiikkiydestä,1
Topsua,1
Megaseurakuntien,1
Ihmeparannushuuhaata,1
Valistustunti,1
Profeettakoulussa,1
Ihmeparantumiskertomuksille,1
Tourist123456,1
Parantamistarkoituksessa,1
Tervehenkisenä,1
Mukavalaistuneessa,1
Assimilaatiokampanja,1
Postimiespaha,1
Pohjaratkaisujen,1
Kannanotossakin,1
Ttkv,1
Kopida,1
Tykkipelejä,1
Mekaaniikoiltaan,1
Kylpylälipun,1
Palaaaaaa,1
Tarokit,1
Nettijakelussa,1
Maksupakettien,1
Televisiovastaanottimen,1
Palveluvälin,1
Autoilijaystävällisiä,1
Puutarhamaista,1
Palvelukonseptiaan,1
Syöpäsairaalta,1
Työllistymismahdollisuuksilla,1
Nettitarkistus,1
Pullakaffeelle,1
Olvi3,1
Kokopäiväsissä,1
Pidp446265536,1
Spool,1
Striimausratkaisut,1
Ihmeparantamisen,1
Joukkosuggestioon,1
Vallonit,1
Botniaksi,1
Botnialaisia,1
Katupaikat,1
Kävelykaduin,1
Prepaidkortteja,1
Etämahdollisuuksia,1
Perusolemassaolo,1
Näyttöpohjaa,1
Norppakantaan,1
Isbn9789526086491,1
Ihmiskäyttäjiksi,1
Estämiin,1
Desistin,1
Amiraalilakia,1
Kabeldämmerung,1
Esikoisvanhempien,1
Uupuneilla,1
Elinfarmausta,1
Aivopesuleirit,1
Alikyrsäntti,1
Cockelas,1
Pirettyä,1
Transactioneita,1
Crackatun,1
Liiketaktiikka,1
Katsottavasti,1
Mobiiliselaimesta,1
Normiselaimella,1
Sossuelättiin,1
Segrekoituvat,1
Kukkeja,1
Kielikylpyjumppaa,1
Satutanssia,1
Herttonimemessä,1
Uimapaikalla,1
Hoi08001,1
Keliakiaepäily,1
Suorittamiskeskeisyydessä,1
Kröhömkokoomuskröhömkeskusta,1
Taitapaa,1
Suoratoistoihi,1
Jääsus,1
Nikotiinipolitiikka,1
Emolevyvalmistajan,1
Energiajuomafirman,1
Jättikalliin,1
Dissonassit,1
Kaurisystävällinen,1
Ahmaystävällinen,1
Heikkolaatusempaa,1
Etsintäkuuluttaisin,1
Alicessa,1
Tömmötis,1
Dysgeeniseen,1
Maksumoraali,1
Kuulumisetkin,1
Buffystä,1
Törkyltä,1
Kaksominen,1
Raivopuuskiin,1
Piratimi,1
Katomisesta,1
Laucher,1
Jäteperseilylle,1
Appdataan,1
Lumihiutaleyhteiskunta,1
Rötväävänsä,1
Avunsaantikin,1
Naimaetäisyyden,1
Voottomarginaalit,1
Palvelusauka,1
Korjathaan,1
Apporan,1
Varhaisiällä,1
Ratkaismetodit,1
Väestökysymyksessä,1
Liinukseja,1
Ylijäämämiehenä,1
Sotkuraketiksi,1
Miinuspisteinä,1
Onmouseoverilla,1
Lauleluihin,1
Vihertäjät,1
Myllymies,1
Piileeki,1
Elokuvakohtaisia,1
Teatterilevitystä,1
Seikkalilut,1
Kauppavertaukseen,1
Kösihommat,1
Piratismijahtipanokset,1
Sotkurakettijutut,1
Muistamiskoulutusta,1
Unohtamiskoulutukseksi,1
Muistamiskoulutuksen,1
Muistamiskoulutuksesta,1
Maajuttuja,1
Usanetflixiä,1
Kalleinki,1
Pakkomainostamaan,1
Lisenssoikaa,1
Laajainen,1
Related_disorders,1
Jokeensa,1
Mhu6zyi,1
Piratoimaam,1
Uqsecm9,1
Ruodata,1
Makkipakkikomppaniaan,1
Altucher,1
Rightism,1
Tuotealaan,1
Petersoniitit,1
Laitaveijarit,1
Thinkspotiin,1
Thinkspot,1
Thinkspit,1
Alumiinitynnyri,1
Patenttikärhämää,1
Tehostavilla,1
A4i1,1
Muistamiskoulutukset,1
Tiedunkeruufirman,1
Keräiltäisi,1
Julkisuusreaktion,1
Työntulokselle,1
Patreonilta,1
Komuuni,1
Ideaanki,1
Henkinenkiselläki,1
Sourdilldoughilla,1
Selkäkipuu,1
Arvostomaan,1
Kartionmuotoisia,1
Sensuurittomuus,1
Vauhtitorpeedoiks,1
Limittäiseen,1
Kulkupeliltä,1
Sinuslla,1
Suosikkipalvelu,1
Puhelintilauksissa,1
Pizzannälkä,1
Katuparannuksissa,1
Ehdokastaa,1
Jäätelöhyllylle,1
Ingman_website_logo,1
Samanmittaisilta,1
Plopsahtaisivat,1
Kommentisahan,1
Mainihtinki,1
Wareisitko,1
Viihdytysvanhemmuus,1
Askereissa,1
Hoitoseteli,1
A5hlbergin_patsas,1
Dillewitz,1
Crackattyä,1
Ultrarasistinen,1
Häirittemastä,1
Määräaikaissopimuksilla,1
Expansenne,1
Siilinpoikasta,1
Kostutellessa,1
Vehnäpölyä,1
Ivacy,1
Toiminit,1
Oatin,1
Asuntomyyntiosiossa,1
Eksyttävät,1
Itäsuomalaistenhan,1
Kummaksuttava,1
Erityisasemassakin,1
Tšetšeeneistä,1
Roskalauncheria,1
Eksklusiivisuudet,1
Remminä,1
Juoksulinjat,1
Soufanin,1
Rehabilitointiohjelmiin,1
Tiedottajaupseeri,1
Grynkewich,1
Yheksäkytluvulla,1
Siepparina,1
Interneettipisteitä,1
Alkholilain,1
Kirkkoviiniäkin,1
Irautua,1
Pelilaatikoita,1
Fuusiokeittiötortillat,1
Tortillalevyjä,1
Takakentältä,1
Mahuit,1
Soxien,1
Ipitään,1
Helikopterivanhemmuudesta,1
Yksinleikkimisen,1
Mirokaavissa,1
Naamiaisfestarit,1
Ihmeparantajasta,1
Tacomaustettua,1
Zibj2gibgo0,1
Täytevinkitkin,1
Bilious,1
Nirsoilisikaan,1
Kurssimahdollisuuksia,1
Yläsiili,1
Mcvuk,1
Jeesuskäsi,1
Osuki,1
Yläuuli,1
Temppiilee,1
Valmistuminennin,1
Oksennusvaroitus,1
Mirokaavi,1
Naamiasfestari,1
Tähtävästi,1
Skr7,1
Identiteettitutkimus,1
Tutkimuspajan,1
Asuinseutuaan,1
Pohjoismaalaisuudessa,1
Eurooppalaisuudessa,1
Kulttuuriperheeseen,1
C3e756945b,1
Vaaleasti,1
Vaaleapaahtona,1
Tummempipaahtoiseen,1
Katotakaan,1
Ruandalais,1
Esxdutz,1
Viikillä,1
Jaksoisesta,1
Täyssähköluokan,1
Lyöniin,1
Amerikkalle,1
Kisapituus,1
Muikkumarkkinat,1
Odottamatonkonttori,1
Ilotuliteproomu,1
Viraltapanevaa,1
Mieliharmiksi,1
Hoaxissa,1
Pidätysleireillä,1
Herrankukkaron,1
Musablogeista,1
Ylijäämämassoja,1
Ylijäämämassat,1
Huiluuruppeemat,1
Tukkilaiskisat,1
Rautalankafestivaali,1
Päivittäistavarakaupalle,1
Kaappausmielessä,1
Mediatoimijaa,1
Löikömörkösisään,1
Aataminpuvun,1
Gluteenipitoiset,1
Englanninkielenkurssit,1
Puolimiljonääriksi,1
Minigunien,1
Varhaismurrosikäisten,1
Jääsotaa,1
Minnowspoonilla,1
Reaalimaaimassa,1
Soufankin,1
Intelbrief,1
Kalifistit,1
Otollisimmalle,1
Limatorpeedo,1
Jossakn,1
Sukurientoja,1
Maaviljelijälle,1
Lietevaunu,1
Kännissäpäin,1
Lietesäiliön,1
Eteniäjokeri,1
Ulkopelissä,1
Etukentällä,1
Eturaosta,1
Etenemispäätökset,1
Oikeuslaitoksessamme,1
Tutkimuksesea,1
Haittavikutukset,1
Uutuuselokuvat,1
Uutuuselokuvia,1
Vierittäneet,1
Pystyttty,1
Tortillaprässiä,1
Muistutetu,1
Jaksotuksessa,1
_hills,1
_landfill,1
Puente_hills_landfill,1
Oikeuksienomistajan,1
Bqxk_tszs6i,1
Marinasi,1
Velkasotkujen,1
Keplotellaakseen,1
Pelimerkittömän,1
N3yvbvm,1
Iw7kqz0,1
Diga,1
Eebowai,1
Alkoholibisneksessä,1
Seursta,1
Abborran,1
Youthfully,1
Wdsfe0ugb3e,1
Erotilanteisiin,1
Tienviitoiksi,1
Communitynä,1
Toverilapsiksi,1
Heterojakin,1
Rangaistutpotkun,1
Rankkarialueen,1
Vasurillaan,1
Odotteleni,1
Criminal_proceedings,1
Alexander_acosta,1
Prosecution_of_jeffrey_epstein,1
Leaboja,1
Repeytymisiin,1
Hormooniheittelyihin,1
Korianterikulholla,1
Neweggiltä,1
Mölliäisiä,1
Ibsuf,1
Saantiprossa,1
Heittomäärä,1
Reportaasissasi,1
Harrastamaaan,1
Palstaviljelyä,1
Harrastuskentällä,1
Harrastusinfraan,1
Fantasiapeliin,1
Sensuroiduilta,1
Viinivarastosta,1
Lampaanviulun,1
Lihanjalostamolle,1
Kylmäautossa,1
Ainetuottajalta,1
Vastavuoroisuutena,1
Ruokalihan,1
Lampaankaan,1
Teurastamomatkan,1
Kaksinkamppailutilanteesta,1
Alumiinitynnyriin,1
Ulkoaltaiden,1
Punakattoinen,1
Psyykkeenkin,1
Vehnätortillaan,1
Lisensointipakoilla,1
Lautasellekkin,1
Lankavyyhti,1
Muodostaisiko,1
Botnialaiset,1
Flaameista,1
Valloneista,1
Nussinnalla,1
Piikkipalleroa,1
Rangenki,1
Alaäänestysmahdollisuuden,1
Einessämpylää,1
Tilasomerkinnäksi,1
Lisäelementin,1
Painkillerin,1
Aktivistiyhteisöt,1
Purkautuisikin,1
Verkostoituneista,1
Pedofiiliskandaaleille,1
Jenkkijulkistushint,1
Hellevaara,1
Hallavaara,1
Abandonwareen,1
Wareyttajat,1
Erauspentua,1
Suositustahdissa,1
Dramatiikaksi,1
Läpsyttelyks,1
Terrostijärjestöksi,1
Sileänpyöreät,1
Lopetustarkoituksessa,1
Vaivaisuuden,1
Bioloogi,1
Kayscarpetta,1
Axp,1
Kellottamatta,1
Vcorella,1
Lesboylpeyttä,1
Kokkailumahdollisuuksia,1
Somesivuissa,1
9gägissä,1
Hiiluvarastointia,1
Äitikaveri,1
Äksänäksäks,1
Koiramäkiklubiin,1
_7912,1
Pingispizzeria,1
Ryyseneissä,1
Suosijalle,1
Ärräkahvin,1
Ylihinnotettua,1
Työttömyyslaki,1
Risusavottamaista,1
Pogátsa,1
Adblockkereita,1
Vateilla,1
Tehokkuudenlaskuihin,1
Hyväuskosena,1
Moboa,1
E2j76f2,1
Shermerkin,1
X570m,1
Lautapeliseurojen,1
Verkkonyymejä,1
Öljyvalot,1
Vanhahtaviksi,1
Tietämättöyys,1
Taiteilijaresidensseissä,1
Taiteilijamatrikkelista,1
Laakapallolla,1
Kaaripallon,1
Veivasiko,1
Lautapelijuttua,1
Alkuvaikutelmia,1
Emolevyvalmistajat,1
T43c5ystql4,1
Vittsi,1
Smurt,1
Kisakirvehsoittaa,1
Tesjaani,1
Cqoxh3y,1
Jimmskään,1
Takoituksenhakuisesti,1
Lyhytpinnaisia,1
Kärsivällisimmät,1
Predictionilla,1
Predictioniin,1
Cachetukseen,1
Kidutushuoneisiin,1
Verewolve,1
5pupua,1
Aaämdee,1
Pornhubien,1
3900xään,1
Kesälukukaudelle,1
Education4libs,1
Aerodynamiikalle,1
Penitentiaryyn,1
Chomoille,1
Libvammaiset,1
Cookingithan,1
Ruokailuiltoja,1
Emhwl5,1
Copyshare,1
Ferrarikuskeilla,1
Noutoasi,1
Xvideosii,1
Toimeenkaan,1
Kauhutilanne,1
Ylikelottaa,1
Elämysmatkasta,1
Teurastamotilan,1
Erikoistarvettasi,1
Rajamarkettiin,1
Uusrikkaalla,1
Tuunaillessa,1
Pesapallolla,1
Kenttälajeista,1
Mukaelmiksi,1
Helvetinlieskat,1
Liikennevalvontakamera,1
Soittojonossa,1
12ab,1
4fe8,1
A63c,1
537123bb12c7,1
Jääkendoilija,1
Tuotantolinjasäädökset,1
Lihanjalostamolta,1
Lihakeittoluina,1
Ihmisravintolinjalta,1
Trikiinistä,1
Monopolisäädöksestä,1
Awfdpno,1
Remonttitili,1
Talonhuoltoon,1
Väsytyksen,1
Esikuntakomppanioissa,1
C9b,1
I_rxcae3t6z,1
Päivittäisvuokrapalvelujen,1
Ilmastoystävällisyydessä,1
Dayliota,1
Egoprojektina,1
Toivottomuutena,1
Pyydettykki,1
Sardiinilaulu,1
Räjäyttelijänyymi,1
Pistokehybrideillä,1
Marra,1
Koskennopeutta,1
Nintedojen,1
Jalkojakaan,1
484f02hn,1
Danksome,1
Tehoklaita,1
4tube,1
Pornerbros,1
Fux,1
Ryhmätyyppiä,1
Hevonpaskas,1
Lukiopoju,1
Lockaus,1
Fansubatut,1
Parempilaatuisempia,1
Poliisioperaatio_sulkenut_valtatie_2n_ulvilassa,1
Akkuautoja,1
Matkarajoituksiin,1
Kamerapöntön,1
Autonmentävää,1
Ulvilalle,1
Ffokkia,1
Naaaaaisu,1
Naaaisuuu,1
Naaaisu,1
Date_from,1
Date_to,1
_pedophile,1
Fbi_pedophile_symbols,1
Ylimitoiteltua,1
Air_gun,1
Hatsanissa,1
305m,1
Pellinpalan,1
Aikuisviihdemakunsa,1
Ihmispulaa,1
Päivätuloihin,1
Miehitysskenaarioita,1
Spoonilla,1
Valvontakoneistolle,1
Basebalissakin,1
Juoksulinjojen,1
Pesäväli,1
Paisutettaisiin,1
Esiintymispalkkiokin,1
Astroworld,1
Perumisriski,1
Heittokalastaessa,1
Italianoilta,1
Märinään,1
Kervalaisilla,1
Nauskis,1
Html_redirect,1
Xmj,1
Hzbg79m,1
2fcmrlink,1
2fcmrdocuments,1
2finterimcmrspecialreport,1
Partii_122015,1
Inn6xp3mfuefnotljvyl7v6ohyz8mtu2mjy1nty3muaxntyynty5mjcx,1
Jarrel,1
Atomica,1
Impalla,1
Kuperkeikkakurssien,1
Konsulttityöhön,1
Tjele,1
Hybridiautokin,1
Työllistämispalveluja,1
Catsareassholes,1
Mahtikuski,1
Megastaroja,1
Ylinopeussakkonsa,1
Muistisirussa,1
Minimipäiväsakoilla,1
Pysyköötkin,1
Lautapeliseuroja,1
Särkymisellä,1
Metsästysasetuksessa,1
Yadayadayadaecon,1
Ollkiukko,1
Täytetäisiin,1
Kaupankassatyötä,1
Huippuasiantuntemusta,1
Afroeuraasialaisuus,1
Kuritushuonetuomiota,1
Haudankaivajaksi,1
Aamunavauspuhe,1
Avvil,1
Turrisaitti,1
Asuntorahoitusta,1
Lämäriltä,1
Valtavirtafilosofiaa,1
Tolkullisemmassa,1
Iskelmänkin,1
Standardiakut,1
Varastonnoin,1
Vaihtoakkuhullutukseen,1
Tankkaustapaan,1
Työputkiin,1
Fbiopenup,1
Pörröhäntäinenrotta,1
Sängyssäkään,1
Scotilta,1
Tuuraavalla,1
Migosilla,1
Ruumiinlämpötila,1
Puhdistusmeininkiä,1
Kuperkeikkakurssille,1
Korruptiorikoksesta,1
Tappioasenteella,1
Identiteettipoliisit,1
Nuorisoaktivismi,1
Rappioyhteiskunnat,1
Täsla,1
Lataustenkin,1
7cb688ec,1
68f8,1
7876d14570da,1
Tm3,1
Sahakieliä,1
Dlusbc2ciay,1
Työllisyysnäkymistä,1
Lähialuelle,1
Rosvojengiä,1
Nollavastauksesta,1
Ruoansaantiin,1
Iltajournalismistä,1
129kmh,1
Cliostakaan,1
Ydinasedoktriiniin,1
Laiskottellulla,1
Ikivehreä,1
Et8ojlp,1
Heroon,1
Nu9kd2izkffhxscorgjwyklm6iyvbsh4xk3mfx,1
Ogzu,1
3af1a8dad9b9c00244a0e0b0980eefccc448abd4,1
Ydinprojekteista,1
_koulum,1
Keskenki,1
Rameineen,1
Ramitikkuja,1
Auhkaa,1
Rokkipäitä,1
Ydinasevaltioa,1
Jenkkipommit,1
Aateveljeyden,1
Ydinsyksyyn,1
Inext,1
Zoeilla,1
Souleilla,1
Ajovuodet,1
Latauskyvykkyys,1
Lataustökkeleitä,1
Lisäakkujen,1
Superchargereitaan,1
Prosessoriakaan,1
Todistamisensa,1
Runebergilta,1
Operaatiopuhelimensa,1
Suositushinnastossa,1
Ydinsyksy,1
Lempipuheenaiheistani,1
Kitarapohjaista,1
Mainstreamrock,1
Ilmaiskanaviksi,1
Supertuille,1
Teslaltahan,1
Ihmepeli,1
Stylesia,1
Cubone,1
Thaimaanreissua,1
Jauhelihamättöä,1
Ilmastonmuutosvitutuksen,1
Tilataankaan,1
Jokatoiseen,1
Jekkulankoihin,1
Kuusneliykkönen,1
Refunded,1
Kutsuntalakkojen,1
Lisäjarruvaloa,1
Vapauksiesi,1
Minersalia,1
Alennuslasagne,1
Opintotukeasi,1
Konnakolmoseen,1
Leikkureitakin,1
Opintotukiesimerkkisi,1
Leikkurimallissa,1
Kurssinjärjestäjien,1
Mn4wiec,1
Rakentamistavalla,1
Maksimikuormat,1
Varuamiestoimikunnat,1
Lavakarismasta,1
Elektronisemmaksi,1
Musiikkiinhan,1
Lilgrabbies,1
Pröystäilijä,1
Broilerinlihauutetta,1
Hallitusohjeelmansa,1
Tuskapop,1
Ruisrockilla,1
Artistilistauksen,1
Ruidrockista,1
Väistyny,1
Livari,1
Hepolaan,1
Huumerikosepäilyn,1
Ydinpuikot,1
Rumint,1
Ydintäytettyä,1
Popmusiikille,1
Skentelevã,1
Iã,1
Kkã,1
Istã,1
Mmã,1
Stytti,1
60â,1
Vuotiaitaâ,1
Saunakabinettien,1
Normisaunojen,1
Actoreita,1
Virkamieskyttäys,1
Superlivaritiiveil,1
Puuttestasi,1
Käyttöeste,1
Turmelija,1
Thermiittiä,1
Toimitusjärjestelmineen,1
Ähötysjuomana,1
Firmispäivityksillä,1
Mielipidevärittyneitä,1
Veronkeruuviranomaisilla,1
Jrq,1
Kcyq,1
Puhelaulua,1
Pxrviul6vmy,1
Kategorisoinnistaan,1
Intstrumentteja,1
Pääministeriltämmekin,1
Rahasotkukin,1
Käyttöavaimet,1
Normikolmosen,1
_juuri_,1
Asetyypisen,1
Imploosiotyyppisen,1
Painojennosto,1
Musapäät,1
Pornoblokkeri,1
Oleskellutkaan,1
Suotanan,1
Kollektiivietu,1
Ydinsulkusopimuksille,1
Toistennejallitustouhua,1
Kuvitteluleikkeihin,1
Reisiluujuttuun,1
Vaalirahakorruptiossa,1
Voitaisiihan,1
Congin,1
Opintopistesaldo,1
Kesätenteillä,1
Sivuainegradu,1
Yksiväristen,1
Troolaukselta,1
Tertrais,1
Ydinvoimakiellon,1
Genrenrikkojia,1
Xxxää,1
Rockrapiksi,1
Kuvataidefestivaalin,1
Barokkitaiteen,1
Kansanmusiikkifestivaalilla,1
Ssnovan,1
Väriennimiä,1
Rockmääritelmä,1
Kevyytensä,1
Poppilyriikoitensa,1
Art2553087,1
Ammattiarmeja,1
Harkintailmoituskäsittelyyn,1
Siiliennätys,1
Titeellinen,1
Tutkmis,1
Öläpi,1
Sanottamattakin,1
Maanpuoluksen,1
Nurmeä,1
Yksityisaika,1
Kuperkeikkakursseista,1
Blacker,1
Mediates,1
Unweighted,1
Fysiikkapaketti,1
Luottamusvirkoihin,1
Viittelöitkö,1
Tasataksaisia,1
Torjuntatehtäviä,1
Lähiseutumatkailun,1
Rantapuistoon,1
Dud7sqo,1
Normipirkkabisse,1
Pikkukielistä,1
Aspatsätti,1
Internetpreesensiä,1
Juutalaisväestökin,1
Elämänsuuntaansa,1
Jänöjussit,1
Tuliluikun,1
Teokratioineen,1
Roikkukivesten,1
Irtonahasta,1
Lisäpurjeen,1
Naapurivyöhykkeelle,1
Halpamerkistä,1
Keskilaatua,1
Äraapee,1
Täysipituisen,1
Bofuliq,1
Mannerheimintin,1
Egytin,1
Ydinholokaustia,1
Silittel,1
Viikonloppuduunit,1
Decay_heat,1
Shirzadijackson2014,1
Leaktight,1
Containment_building,1
Suunnnittelumuutoksia,1
Käyttöavaimien,1
Minaesainaivoinfarktin,1
Takuutyöllistyminen,1
Räjähtämätöntäkin,1
Yleismulkkuuden,1
Pizzapedofiilirinki,1
Kähmitte,1
Taktiikka_petteri,1
Lalu,1
52b1f838,1
A788,1
5a4fb8e110b7,1
Väiteltävääkään,1
Naistenillassa,1
Junalippuautomaateilla,1
Itsepalvelubensa,1
Reititinkeskuksessa,1
Vakimiehistö,1
Puolkaupunkia,1
Rakennussuojien,1
Kurssituspätkissä,1
Takuutyöllistymisellä,1
Vitio,1
Bäksläshillä,1
Tuomiohierarkia,1
Parituskuviot,1
Jxuffrn8,1
23a4a423,1
Mestarileipurimme,1
Artikkelit_lahileipomo,1
Takuutyöllistymisjutun,1
Vekselivetoiseen,1
Rsq93,1
Käsienheiluttelualalla,1
Opislekelevan,1
Languaage,1
Opintolainosta,1
Mielipuolisuudessaan,1
16gig,1
Kauo,1
Antamisestakin,1
Maisterivaiheita,1
Päättötodistuksineen,1
Esittelemiään,1
Ydinristeilyohjus,1
Sol_moyenne_portee,1
Tna_,1
Airborne_nuclear_warhead,1
Tete_nucleaire_oceanique,1
Teknobiisulikin,1
Surffatessasi,1
Fiorinon,1
Moottorivaihtoehdoista,1
Fiorinoa,1
Fiorinoon,1
Täsmäävistä,1
Opintopistesaldon,1
Kameranräjäyttäjä,1
Rainbowtuotteet,1
Torrentzista,1
Rimankin,1
Perusterveeltä,1
Natsipedofiilifasistirasisti,1
Nulikanmielisiltä,1
Pikkutekijälläkin,1
Meriydinkärjessä,1
Tömmiä,1
Lätkittävät,1
Falket,1
Nuhteettomuuspykälän,1
Täyttövälin,1
Akunvaihtokaistaa,1
Leffateattereit,1
Lorvijalla,1
Vähempirahaiseen,1
Yksinlönvapauksien,1
Burtsa,1
Lanteitaan,1
Pizzafiatteja,1
Selfmademan,1
Duuneilemassa,1
Hanhensulkahuiskulla,1
Punkinpurema,1
Borreliosiksen,1
Jätevirran,1
Servera,1
Miniaturisointi,1
Pyörävarasnisti,1
Kollektiivietua,1
Plagiaattigradut,1
Kopsauksesta,1
Kesätöidenkään,1
Urasuunnitelmaan,1
Pakkovelkaantumisesta,1
Suunnitelmanyhteiskunnan,1
Kaipuuseenkaan,1
Vuodatatko,1
Sympatiseerajien,1
Gonaliikkeen,1
Hakusuunnitelma,1
Täsmäydinaseistä,1
Tuomihierarkia,1
Hohkaamisesi,1
Epäkelp,1
Diagnosaimoton,1
Pieremisen,1
Allergiapöytään,1
Uudismielinen,1
Diorille,1
Kenkäsuunnittelijan,1
Vävykandia,1
Letters_of_last_resort,1
Paivakasku,1
0bf776c26fbb29a238bafa0ceaedaaf1,1
Tumblr_ombhf6lma91qmd49do1_1280,1
Kvantitaavisesti,1
Sandelssihan,1
Ferrarimiehet,1
Ylinopeissakot,1
Pardoxille,1
Mielipiteistetyltä,1
Pikaruokakeittiö,1
Kotiintuljetuksella,1
Virkamiespippelit,1
Ässämersullaan,1
Käyttötilillään,1
Minipäiväsakon,1
Nyhjöttäjiä,1
Antibioottikanatikut,1
Harkitsemattomuuteen,1
Epäasiantunteva,1
Nyhjöttävistä,1
Nyhjöttävät,1
Opiskelija_elämää,1
Vientiponnisteluja,1
Vkoloppuloman,1
Falkessakin,1
Merseroitu,1
Liukaspintaiset,1
Hankaudu,1
Kirjelähetyksenä,1
Merinovillaisina,1
Jimmssitä,1
Olvissa,1
Autovertauksena,1
Linjoiltakin,1
Panimotkaan,1
Musiikkikokoonpano,1
Olinsin,1
Työpaikkakilpailussa,1
Varmenpana,1
Hokemisesi,1
Former_triad_powers,1
Suunnitelmatalouttahan,1
Negatiivislataantuneelta,1
Perushommillla,1
Ikkunanpesijäksi,1
Metallikappaleita,1
Tasoisisista,1
Ollenkaanellei,1
Mikroimplanttia,1
Täydenteli,1
Elekieltäkin,1
Valmiscoleslaw,1
Itsemääräämisoikeushan,1
Turvaavasi,1
Laukaisuajoneuvoja,1
Maatukikohdat,1
Retrokatsojia,1
Huumorohjelmasta,1
Ruutuysin,1
Videonauhuritkin,1
Sukkavalikoimaa,1
Erityylisessä,1
Itsenäisarvo,1
Perintömaljakko,1
Yhdenvertaisuusajattelun,1
Twitchkatsoja,1
Televisionkatsoja,1
Travellaaminen,1
Tuplapohjallisia,1
Cyst,1
Jäädytyshoidosta,1
Keuhkokuumeenkin,1
Kinnnosta,1
Tukileikkuriksi,1
Hinnakkaammat,1
Pyssysysteemejä,1
Yöelämät,1
Kesäopintotukia,1
Kesälomatuuraajanakaan,1
F0586010,1
7bfa,1
B728,1
Ef7211d9331d,1
Patistelamaan,1
Repusteet,1
Norjalaismiestä,1
Verrokkipaikkakunnilla,1
Rutistelu,1
Agentseja,1
Ydinaseriisunnastaan,1
Yliopistosairaaloitten,1
Potilaskontaktinsa,1
Harjoitussuoritukset,1
Kirjanoppinutta,1
Bykyiset,1
Tyyppilistalle,1
Turvamiehistön,1
Kutisevilla,1
Hoitopaikan_valinta,1
Suosikkilääkärisi,1
Otaniemessähän,1
Roskaiin,1
Raspata,1
Skappareillekkin,1
Ydinasekeskusteluissa,1
Atomivallan,1
Kommentaarinä,1
Loehlin,1
2005a,1
Mingroni,1
Jensinin,1
Käydäään,1
Tutkimuysta,1
Mallaja,1
Vaiktuttavuudesta,1
Biotieteellisen,1
Datatiedettä,1
Sopimusmalkeja,1
Opintotukikuukaidet,1
Amfetamiininkatkuisia,1
Vaikutusalueet,1
Pätevyysvalmiudet,1
Pätevöitettävään,1
Maatonteilta,1
Syvenpää,1
3a89832f3514de2b43305e71cbb7b9c6,1
Venekyyti,1
Taikinakoneita,1
Näkökulmaanu,1
Citysiilejä,1
Noutokahvin,1
Pisneksille,1
Ssehlsao16k,1
Kestävyyskykyä,1
Ammuskeliko,1
Väestövaihtoo,1
Salaiittoteoria,1
Vouhottavieb,1
Koultuustaso,1
Älykäämmät,1
Syyssyybn,1
Opintoreksiteriotteella,1
Kuntoutusprosessia,1
Mamulääkäreillä,1
List_of_antibiotics,1
By_class,1
Mykoplasmat,1
Spectrum_antibiotic,1
Valemainonnasta,1
Alanuolitettuna,1
Läskigeeneillä,1
Avustustoiminnoissa,1
Maisterituen,1
Harjoitelun,1
A1lu59,1
Analyysi_nuoret_haluavat_puolustaa_suomea_mutta,1
Eas7z4v,1
Ydinkuormalla,1
Tyostää,1
Kilpirauhasessasi,1
Luonnonrikkaukset,1
Öljyvauraudesta,1
Kannattaaha,1
Salaliittotaakkaa,1
8e3720e8,1
0ab0,1
304f,1
9f27,1
1061c628b95c,1
Merileväsalaattia,1
Suuttuskohan,1
Satelliiteillä,1
Tuntemattomillakin,1
Ristiintarkastaisin,1
Vaihtorobottia,1
Vaihtomekanismin,1
Huoltoasemayrittäjällä,1
Perusfasiliteetit,1
Levähdyspaikkojakin,1
Upiudellaan,1
Elhefmd,1
20caitln,1
Jogurttimysli,1
Erilaajuisiin,1
Poikettane,1
Klausuulina,1
Harjoitusraportti,1
Kesälomitusta,1
Vaikuttamismekanismia,1
Hardcore_pornography,1
Strippivideo,1
Grumsissa,1
Hyra,1
Barngang,1
Skrack,1
Pöräytys,1
Konsensusjuttu,1
Lääkintärukissa,1
Nukutettuja,1
Hoassiin,1
Päärynäjuomalla,1
Läskigeenien,1
Niːs,1
Triplajuustopurilaistaan,1
Superalkos,1
Sateeliteilla,1
Terkkarilääkärillä,1
Lämmitysohjeet,1
Pikettyaer2015,1
Hecer_dp364,1
Ämpärimalliin,1
Lokakuisesta,1
Viestinasun,1
Olutosastolle,1
Kuivaruokahyllyt,1
Sopivuuttaan,1
Ajatustenvaihtaja,1
Kirjoitathan,1
Persompia,1
Ketoilut,1
Räjäyttelen,1
Uraaniresursseilla,1
Saastepilvest,1
Indiempiä,1
Sountrackit,1
Lemmikillisenä,1
Lukujärjestyksestäsi,1
Omistautumistahan,1
Koiranomistuksessa,1
Ahtaana,1
Kerrostaloasuntona,1
Maanpuolusvalmiuteen,1
Merkkikoiraan,1
Sukuvikoja,1
Rainbowhan,1
Rokkiviikonloppu,1
Tölkkikasasta,1
Negridimongolidit,1
Tavaratalopuolella,1
Leppoisankin,1
Aussipaimenkoira,1
Koiranhankintaan,1
Pentutreffeillä,1
Merelllä,1
Negaosasto,1
Yötämyötenriekkujaiset,1
Oppilasvuodet,1
Synttäripotretti,1
Ogzydkv,1
Jagia,1
Kusijaksi,1
Helpohkoksi,1
Traumapalleron,1
Lääkärinlupia,1
Ujfwyxw,1
Mw1p3fq,1
U6fn27g,1
Takakonttijalostajia,1
Ellmaksuista,1
Vahvaluontoisia,1
Ellmaksut,1
Hölmöltyiä,1
Ydinkonfliktissa,1
Ydinräjähdyksiä,1
Artesaaniviipaleita,1
Ydinkilpi,1
Haittamme,1
Mahfottomasti,1
Haukkuherkkää,1
Laumavahteja,1
Sosialistamisen,1
Lintujen_sukulainen,1
Afrofuture,1
Somestalkkaus,1
Somepäätökset,1
Blandeja,1
Kuluj,1
Pinkkitukkaiselta,1
Somettajaksi,1
Tuhlaapahan,1
Perustilit,1
Jostamut,1
Työhakemukslomakkeissa,1
Shametaan,1
Ruskeimmillaan,1
Werittäin,1
Somenäkyvä,1
Digipositiivinen,1
Linkeldniä,1
Hoitopaikkavaihtoehtoa,1
Työkoirarotuja,1
Seurakoirarotuja,1
Pikkukoiratkin,1
Pikkukoirissa,1
Pikkukoirarodun,1
Eighteenthnineteenth,1
2014a,1
Kartoitulla,1
Yksinhuoltajasiivoojan,1
Proffili,1
Handlaakin,1
Pysyttelevämmiksi,1
Salitreenatessa,1
Ruokavalionikin,1
Pianoi,1
Yksinasumisenani,1
Lisätaustana,1
Kommulistien,1
Mielenlaaduille,1
Kauppiasmalliin,1
Googlaajakin,1
Elävänki,1
Kisamoodin,1
Pedofiiliorganisaation,1
Maksuhalukkaampia,1
1x40,1
Festivaalilippujen,1
Uhreimmat,1
Tunneliasiassa,1
Nnsood,1
Ensikiekoksi,1
Lähestymiskiekkoa,1
Vaikeampikäyttöisten,1
Heittokulmalla,1
Hernepelloille,1
Bortsunsa,1
Kondrodystrofian,1
Ontumisriskiä,1
Pentukaverin,1
Innnostus,1
Joukkotarkin,1
Persoonallisudessa,1
Sytyttelykurssi,1
Auspaita,1
Paimennustoimintaan,1
Viettitoimintaansa,1
Ehkäistäkseeen,1
Pelikaverukset,1
Huumorimiesoletetut,1
Partiopakussa,1
Symbooliselta,1
Dibidabadibidabadababba,1
Keuhkorakkulaan,1
Rentouttaakin,1
Vuosikymmenisiä,1
Ahemmmmm,1
Miespainotteisesti,1
Lajivalintaa,1
Teettikin,1
Itsepäisyytensä,1
Kotiintultuakin,1
Corgissa,1
Paimennusvietistä,1
Paimennusvietti,1
0e510df1,1
Ade9,1
89e584ef2aa4,1
Peruskäyntien,1
Asiantuntujoiden,1
Yleiskutsunnoille,1
Valmiimpien,1
Hoitotehtäviä,1
Kansalaispalvelukselle,1
Hölkkiä,1
Kuolemahapoista,1
Hölkkiin,1
Lenkkikertojen,1
Rystysetkin,1
Kynsisuojat,1
Toteuttamattomien,1
Corgejaan,1
Kaulapantansa,1
Candlejack,1
Rationalistien,1
Eroaisihan,1
Lindbergillä,1
Ilmapuollustuksenvalvomo,1
Tutkavalvojaa,1
Etulinjassaa,1
Niittaantuu,1
Koulintaan,1
Pitimään,1
Maksumittarin,1
Keikkakaan,1
Karkaavani,1
Harjoittelukoiraa,1
Kuntoisuusluokat,1
Karrikaatio,1
Riippuko,1
Thinkspotin,1
Lähihinnä,1
Jaturun,1
Alottamisss,1
Mädättäjiin,1
Koirasuunnitelmia,1
Juoksukentällä,1
Valtiiosta,1
Kutsuntaprosessin,1
Palvelusluokkiin,1
Asepalvelijat,1
Heittäytyisikin,1
Isoisoisoisovanhempiensa,1
Nahkaluujoukkoon,1
Hitauttamisesta,1
Jäämenrta,1
Kylmäkauteen,1
Uunilenkille,1
Suurvaltamaisena,1
Hanslankareina,1
Sotilasvoimana,1
Iduskbn19e1r2,1
Bakerises,1
Kasikoneella,1
Aloitussetissä,1
Huskyille,1
Kokoasia,1
Tottelevaiselle,1
Jäykkäperällä,1
Vauhdikkaammaksi,1
Kikpatanssiin,1
Rastiajat,1
Osingotki,1
Penikktauti,1
Hemmets,1
Rintakuvio,1
Callais,1
Urheilukaupatkin,1
Jenkkiläissä,1
Sikarikkaille,1
Irtoamuja,1
Haukanvarvas,1
Aivoitusleikkien,1
Sivarisuunnitelmissa,1
Aaahahahahaha,1
Ilmoitustiheyden,1
Uutisvyyhdin,1
Lapsiraiskausluvut,1
Mietintähattu,1
Malamutti,1
Turvotuksena,1
Jalkahoitokauppa,1
Saarikivun,1
Epähuumoria,1
Suorittavampaan,1
Vinkuheinille,1
Mörssäreille,1
Additiivisista,1
Additive_color,1
Subtraktiivisista,1
Subtractive_color,1
Additiivisiin,1
Puuväreistä,1
Yhteensekoittamalla,1
Jässäkän,1
Ihonväriasiat,1
Alokasviikoilla,1
Sykintä,1
Liikunnanharrastusta,1
Arvonarratiiviin,1
Ylössaaminen,1
Aketeemisella,1
Liikarasituksesta,1
Sisäänottokriteerien,1
Dydyn,1
Seinäkiipeilyssä,1
Liikuntapointtiin,1
Huoltamoyrittäjältä,1
Sivaitsevat,1
Välttämättänole,1
Hoffe,1
Laumavahdille,1
Kurttukuonoiset,1
Hajulahjat,1
Rescueihini,1
Hajotatte,1
Kynsiongelma,1
Asfalttilenkkejä,1
Poisjoutuminen,1
Lastenpuiston,1
Plusääni,1
Akitoihin,1
Eliittijaosto,1
Rikoksists,1
Jw3k3yx,1
Sikariklubeille,1
Valmistuvina,1
2fartsy,1
2fmfnjlgtjkyjy,1
Ttkegka4a,1
252ffrog,1
Ninittäin,1
Kynnentynkiä,1
Jälkiliinaa,1
Muotirodun,1
Sukupouolijakauma,1
Kuvivttelee,1
Maaarioou,1
Cjhvwyxb,1
Alihankkijaks,1
Kvanttipaskaa,1
Säännönrikkojia,1
_aamu,1
Lainakoiraa,1
Stressijaksot,1
Häilyminen,1
Kesäoppaita,1
Suorituiminen,1
Luuvl,1
Laajamittaisissa,1
Koulkuttamattomilla,1
Matalapalkaduunin,1
Ratkaisuan,1
Täöysipäiväösesti,1
Suomalaisnen,1
Tulonmuodostukselle,1
Tuiojottaminen,1
Ttuottavissa,1
Yroityksissä,1
Samamäärä,1
Sität,1
Yövoimaa,1
Albiinolapsia,1
Aikuiskoulutustukiin,1
Vaivaisissa,1
Suomensuomalaisiksi,1
Peruslääkäreilläkään,1
Lääkärintoimi,1
Vemppaamatta,1
Porukkalenkeille,1
Markettimaastopyörällä,1
Tietoja_ja_taitoja_oppimassa,1
Pääsytesteistä,1
Sisääheittäjien,1
Liputinkin,1
Jättihaukka,1
Kulkusuuntan,1
Kiekkoautistina,1
Poloveen,1
Vikapalvelussa,1
Klassikkovikarin,1
Haukkumisineen,1
Muunmielisiä,1
Keskustelutyylinsä,1
Lanttitietokoneen,1
Esitietoketjut,1
Maavoimapainoitteista,1
Ilmasotaan,1
Startterisettejä,1
Piilokululaskelmat,1
Työllisyysodote,1
Kirjauksissani,1
Lisäopintokokonaisuus,1
Asiantuntijahoitajat,1
Suliksesta,1
Napaseudun,1
Meanders,1
Snaking,1
Rossby,1
Sisäänheitot,1
Puimakoneiden,1
Nokkeluutesikin,1
Piilokululaskelmissa,1
Lyhenemisistä,1
Orbitz,1
Erityissuojattiryhmille,1
Asiakaspalvelutiskien,1
Urheilumuotoon,1
Kehonhallinnan,1
Kanppailulajitkin,1
Etävaikuttaviin,1
Pysyttäytyisi,1
Näkymättömämmässä,1
Sotilaspedagogit,1
Kuljeksita,1
Esimiestyöskentelystä,1
Lyhentyneinä,1
Myöhästyneinä,1
Perustamisina,1
Liitännäisfirmat,1
Sisääheittäjiä,1
Tietynmerkkisiin,1
Gender_bias_on_wikipedia,1
Rangaistusteoriassa,1
Hintadiskriminaatiolla,1
Vastaahkoa,1
Maitomarkkinoilta,1
Tuotehinnaston,1
Pöhinäorientoituneemmilla,1
Duunikuvauksen,1
Lähihoitajillekin,1
Teknokuplailmiöistä,1
Ongeömista,1
Rakastamisestakaan,1
Ennaltaolevaa,1
Täysmulkulle,1
Verbaaliripuloitsija,1
Päättäjistöstä,1
Paritanssikursseja,1
Ansaittujakin,1
Zombileffan,1
Korniudella,1
Harjoittelurytmillä,1
Tehostustoimissa,1
Kilpailuttamiskriteerejä,1
Yksityistämistapauksissa,1
Laadunvalvonaksi,1
Käskettylle,1
Kunnonkohotuskehotukset,1
Suosittee,1
Isoisässä,1
Maastopolulla,1
Herroittelemasta,1
Sinkunu,1
Heterohko,1
Vaaleahipiäisille,1
Kommandosotilaalla,1
Toverisotilaat,1
Palomiestilanteessa,1
Eisleyn,1
Kesäseteliin,1
Kesätyöllistymistä,1
Droonilentelyä,1
Nelikopteris,1
Rekrytointiprosessilla,1
Rupelia,1
Tarpeellisuudeta,1
Kirjoittamattaa,1
Kokeestä,1
Hiilaroita,1
Arvosteluveli,1
Aloitussettien,1
Kohentavimnasta,1
Lähiömammojen,1
Mänttitietokone,1
Ovadjpjzv4g,1
Maanpuolutuksellisesti,1
Terveiltäkin,1
Boulderoinnille,1
Lobbauksta,1
Lihotta,1
Tuliaisviinistä,1
Ulkopaikkakuntalaiseen,1
Akumiitti,1
Baarimikkonsa,1
Vaatimustasollaan,1
Keijärvestä,1
Duuninhankinta,1
Cazxt1,1
Why_planting_one_trillion_trees_wont_solve,1
Persukoulun,1
Leptiiniherkkyys,1
Sykevälivaihtelulle,1
Minkälaatusella,1
Peruskouluuudistuksen,1
Syntymäkohortin,1
Pitempiäki,1
Tahostakkaan,1
Koulaikataulut,1
Valintamateriaalina,1
Reperaatioita,1
Nykyteorioihin,1
Kvanttitietetokone,1
Hittisarjasta,1
Virkamieshanke,1
Jokerirata,1
Koulutustilaston,1
Takausvastuutilasto,1
Takausvastuumaksujen,1
Suomisäännöt,1
Ammattilaissuosituksista,1
Bisnesratkaisunakin,1
Ympäristöhuollon,1
Yyberein,1
Karkotusratkaisu,1
Suosituspalkalla,1
Kyvykkäämmillä,1
Rasvaruokaa,1
Sokerisempia,1
Nanofabrikoinnissa,1
Kryotekniikassa,1
Kvanttipiirit,1
5ttl59,1
A4_kuluu_olutta,1
Yhteenvetokuvan,1
Minuuttiset,1
Viinaveroleikkaukset,1
Olutharrastamisen,1
Päihtymystarkotuksessa,1
Superrikkaudeksi,1
Minkäänväriset,1
Paikkasidonnaisten,1
Flairillisilla,1
Anchorwoman,1
Unruh,1
Behn,1
Cavazos,1
Kolleegatkin,1
Itsemurhasanoin,1
Palkkatukimallista,1
Mozzillaa,1
Nettiselaimiksi,1
Juhannusten,1
Aukioloaikasääntely,1
Tallinnalinjan,1
Keilaniemilinjauksella,1
Saavutettavin,1
Keilaniemikin,1
Jatkoyhteysongelmaa,1
Athony,1
Valkoihoisissakin,1
Aamuraportin,1
Sääjaksot,1
Miljardirakentaminen,1
Yksityistettävään,1
Vesipaastoon,1
225op,1
Kvanttipöhinöissä,1
Nollasumapeliin,1
Rekkasirkus,1
Kutsunimeltä,1
Chihuahauva,1
Laukkoi,1
Snautserin,1
Liikennevälineinä,1
Visioimia,1
Tallinnatunnelikin,1
Lukiojuhliin,1
Minuuttikaljaa,1
Paniikkiuutinen,1
Poteroitumisviestiä,1
O0gk7,1
Länsimaalaistyyppistä,1
Urheilumediaa,1
Kylmäsäilytysmahdollisuutta,1
Viipalaieta,1
Salaattikastikkeeksi,1
Pikkurakit,1
Bishon,1
Havanese,1
Kiinniottoaika,1
Ympäristövihollisten,1
Fransiscuksella,1
Antihistamiinikuurin,1
Gorillojakin,1
Kasvuideologialla,1
Rtnrubkzd9i,1
Oululaispoliitikko,1
Koiralogi,1
Priimoilla,1
Kauppataksi,1
Ammattijenkkifutispelaajista,1
Ylisyönyt,1
Aliravitsemuuteen,1
Hyväksikäytettävään,1
Halpatyömalliin,1
Työharjoittelurakennelman,1
Skloddeilla,1
Arvolöpinää,1
Revelantimpi,1
Emeritusvalitukset,1
Emeritustutkijoilta,1
Xh1mjw7,1
Varpushaukat,1
Vilberg,1
Tasavertoisuuden,1
Sorjitaan,1
Basaarikuskeihin,1
Nopeampitempoisellikin,1
Yhteenlaskutoimituksia,1
Haittaamisella,1
Lähetmisen,1
Nuorisokysymys,1
Zpiffin,1
Vaikuttavuuksista,1
Tiivistyvään,1
Noustaakseen,1
Lätkänpelaajilla,1
Myydäänpäs,1
U6ragueikka,1
Lopuelämää,1
Arpeuttavan,1
Traumaperäisesti,1
Ratsastamisena,1
Kandivaiheenhan,1
Lätkähemmoilla,1
Chronic_traumatic_encephalopathy_in_sports,1
A8944356,1
Saunatilalla,1
Polkastaa,1
224kg,1
Maisterikoulutuksessa,1
Erillishauissa,1
Kaksinpuuhattavaa,1
Yksiösaunat,1
Tunninaamulenkillä,1
Itsensäkehittävää,1
Payoutti,1
Kehuskeluoikeuksissa,1
Kaito,1
Rizinin,1
Miehestöä,1
Marsimaan,1
Hyötökuormalla,1
Valintakoet,1
Firmispuoli,1
Heittotyylin,1
Puuheitosta,1
Mikroakin,1
Grillilihalle,1
Leffatetteria,1
Kuivittamista,1
Kusisavottaa,1
Aseptisesta,1
Kuumudeet,1
Kiviastia,1
Reunapaalien,1
Uusitaottelu,1
Sekiwake,1
Voittotilastojen,1
Sumomestari,1
Baruton,1
Datankäsittelyteho,1
Kvanttipc,1
Ichijono,1
Pesämunalleen,1
Saunalaitteella,1
Laudeliinassa,1
Lannevaatten,1
Statsitiikkaa,1
Hormoniheilahtelut,1
Nuoremmillaki,1
Seonvuuuushneljallauulla,1
Hilights,1
Miniatyyrikaupunki,1
Junaratoineen,1
Velkaorjuustuomio,1
Ryöväriparoneilta,1
Demandin,1
Kiväärimosurina,1
Suklaisimmat,1
Raskaisimpiin,1
Pääsuoritin,1
Toverimieltä,1
Juopumistilaansa,1
Nettilakeja,1
