Hampaankoloonkin,1
Kapsäkin,1
Repertoaariin,1
Korienkeräyskehikkoa,1
Neuvostokansalle,1
Kommunoikointihan,1
Jt98hgj,1
Voittaess,1
Estotoimenpiteellä,1
Kanavoimastani,1
Gruvgearin,1
Gruvgear,1
Konferenssireissuja,1
Taksuksi,1
Käsimatkavataraksi,1
Meamwhile,1
Rapumies,1
Ａｅｓｔｈｅｔｉｃｓ,1
Yli2,1
Kirsikankiveä,1
Valkaisuainepulloon,1
Vaarantaminenkaan,1
71pnlc,1
Russian_pm_congratulates_finland_on_100_years_of,1
Fanitaiteena,1
Täyspitkänäkin,1
Onnistuui,1
Sateenkaarihenkilöiden,1
Aiheenpakotus,1
Puukonpyöritykseltä,1
Vilpittömyydelläsi,1
Haulikkoperiaatteella,1
Osumathan,1
Harhalaukauksiin,1
Nöyryydessäsi,1
Holvikaareista,1
Holvikaaret,1
Ylentävät,1
Tunnesokeuden,1
Kolmekymmentäluku,1
Vallankumouspäivää,1
Maanpuolustusrintama,1
Yrittämisten,1
Puuhamaalta,1
Pizzantäytteet,1
Kulkuvälineitäkään,1
Nahkaliiveihin,1
Kausisäilytykseen,1
Surreaalisen,1
Rapakka,1
Tekopirteän,1
Didaktikkojen,1
Säikeisempää,1
Alituisten,1
Valtataistelujen,1
Kylmäännyttäneitä,1
Ruotsalaistrio,1
Vyöryikin,1
Senttitavara,1
Lihaboikotti,1
Keskustelunavauksellani,1
Balmainin,1
Lujatahtoista,1
Perushommathan,1
Byrokraatillahan,1
Hypnoottisuus,1
Lähtöasetelmassa,1
Arvosidonnaisesti,1
Alkuasetelmaltani,1
Arvovertailua,1
Nihilismillään,1
Sekoamisensa,1
Dionysos,1
Sekoilusitaatit,1
Harhalaukauksista,1
Arroganttina,1
Kokonaiskoheesiossa,1
Jockstrapsit,1
Verkakaarella,1
Kiipeilyköysi,1
Shockload,1
Kierrätysrumbaakin,1
Laitumesta,1
Pänttäystyyliin,1
Pyörällisii,1
Framewörkeille,1
Vektoriviritys,1
Svgshare,1
3yh,1
Jvh9oxi,1
Sipivän,1
Printtipaikkaa,1
Kokoväritulosteita,1
Sekaantumatonta,1
Runkkumateriaalin,1
Niinistalvi3009juttump_uu,1
Natsibannerin,1
Opdtusmenetelmiltään,1
Pänttäysperusteella,1
Käve,1
Lylle,1
Itäkeskuslaiset,1
Nysille,1
Polittiikassa,1
Yllätyshyökkäsi,1
Ongelmoppilaiden,1
Yllätyslanit,1
Resurssijaon,1
Rahapaukun,1
Itlan,1
Komentavalla,1
Halpahalliyrittäjistä,1
Autohuoltamoita,1
Halpahalliketju,1
Hehtaarihallien,1
Todistajakseen,1
Nimenkirjoittajissa,1
Kauppakaupungiksi,1
Suurtyöllistäjä,1
Ylivieskalaisista,1
Kyläkauppiaiden,1
Julkisuustyrkky,1
Possuasuun,1
Syntymäpäiväjuttu,1
Merkkipäiväjutun,1
Reistailevalla,1
Toribussilla,1
Ruuhkavuosiyrittäjän,1
Jumppaselle,1
Ajattelumaailmaltaan,1
Holokaustivalhe,1
Ilvesluodolle,1
Magneettimediankin,1
Kiota,1
Uusnatsisympa,1
Halpatavarakaupan,1
Meilikirjeenvaihdon,1
Lisenssivalmistuksesta,1
Kuntapäättäjälle,1
Vuotissyntymäpäiväjutussa,1
Kiristyskeinonaan,1
Kultadinaarijärjestelmän,1
Liikealue,1
Pakkomonikulttuurisuus,1
Homolobbaus,1
Liebkindin,1
Montagun,1
Montagusta,1
Ehrenburg,1
Vihatekstiksi,1
Kasvatusteoreetikoiden,1
Ashbel,1
Henrikssoniin,1
Asbel,1
Tuenilmauksen,1
Mahtihallin,1
Kampanjajulisteita,1
Vuohisaarna,1
Ultraliberaaliin,1
Lysenkoihin,1
Alkuverryttelyä,1
Visiirinkin,1
Sivuainekkin,1
Sinkkukoreja,1
Barbituraattteja,1
Sokerinpoistajien,1
Harhaanjojtava,1
Virtsatietulehduksille,1
Valintaskenaario,1
Antisemitism_in_venezuela,1
A7968231,1
Majoneesipurkit,1
Kakkostyypillä,1
Altistavatkin,1
Aiheuttajamekanismille,1
Aiheuttajamekanismeja,1
Insuliiniresistenssiään,1
Insuliiniherkkyysongelmia,1
Taudinaiheuttajamekanismia,1
Resistenssille,1
Haimakin,1
Ketodieettieä,1
Uploadiksi,1
Downloadilla,1
Peruutusoikeuksiin,1
Hostailla,1
Suuriusluokka,1
Päästyää,1
Maahanmuuttajaköyhälistö,1
Alaluokkaiseen,1
Perinnearvoina,1
Hiilarittomalla,1
Hiilarittomalle,1
Epiletikkoja,1
Vähävaivainen,1
Ilmatilasi,1
Preppitouhua,1
Matusyitä,1
Tyhmemmiltäkin,1
Epäselväkso,1
Kusett,1
Örkkiydestään,1
Mieheyteensä,1
Feministimiehien,1
Ucd1b0fscobfqpzxx56tqpww,1
Kommarimyönteinen,1
Kryptokommarien,1
Metsästysartikkeleja,1
Kouluretkelle,1
Kommunismimyönteisyyteen,1
Netradariin,1
Sivummallakin,1
Äänieristetyistä,1
Sijoituskierroksen,1
Porvarislapset,1
Raisistisiin,1
Syrjiiviin,1
Kalanpaloja,1
Intiössä,1
Yksityispäiväkoti,1
Englishplayschool,1
Maahanmuuttajaköyhällistöä,1
Maahanmuuttokuvio,1
Asbestiremppaa,1
Vesijohtoremonttia,1
Remppalaskusta,1
Perheenperustajat,1
Velkahanojen,1
Korkojennousulle,1
Valkohipiäiset,1
Aurialla,1
Peruspuhelinkuparin,1
Kaapeliverkkoliittymät,1
List_of_active_japan_maritime_self,1
Defense_force_ships,1
Tukialuksineen,1
Maihinnousualuksineen,1
Kännilisän,1
Taksikorttinsa,1
Natobotin,1
Arvolatautuneempaa,1
Tappiofunktioksi,1
Keittonuotio,1
Keskivertoakateemisen,1
Määkinää,1
Yasukuniin,1
Yushukaniin,1
Urug,1
Bpim_n0r0z0,1
45m27s,1
Ensilumelle,1
Sexual_mimicry,1
Sneaky_copulation,1
Lisääntymistrategiana,1
Guynä,1
Afrikallistuminen,1
Cumuja,1
Eksosfääriä,1
Tslhi,1
A4lytettiin,1
5eed7618c1c212396ecd6cfd3207f56e,1
Sinkkukoreista,1
Naishallituspaikat,1
Lauhtuva,1
3kz5gm,1
Cousin_farfour,1
Palkkamyyttiinkään,1
Piensarjavalmisteita,1
Sarjatuotantomallien,1
Puistoosasto,1
04_001_001,1
Näivetyy,1
Spritesheetin,1
Suomanlaisten,1
Väriarvailusta,1
Miestenoikeusjärjestöt,1
Homeopatiatutkimukset,1
Lukulehtiin,1
Lukulehti,1
Lukupalat,1
Juurihoidattaa,1
Implanttiostoksille,1
Parjaakin,1
Vihjaatpas,1
T4savsm,1
Paloilmoitinten,1
Vakuutussysteemit,1
Ologiksi,1
Urukiksi,1
Paljastuksistaan,1
Sarjavalmistuksessa,1
Arvolatautuneisuuden,1
Kyydinvälityspalvelut,1
Sekavaisia,1
Classicpict,1
Paikanssa,1
Vänkäilyt,1
Oikeussuojakeinojaan,1
Erityisktapauksissa,1
Ketoodista,1
Festivaldi,1
Vaeyrysen,1
Paeaet,1
Perehtymättömyyttäsi,1
Tehtävätkseni,1
Kokonaishyvinvointiperiaatteella,1
Thehusky,1
Flyingtrough,1
Valkokaulusammatti,1
Pörssiyhtiönhallitus,1
Lentokenttäkyydin,1
Arvojärjestöjä,1
Perheväkivaltasuojaa,1
Jalasmökkijupakka,1
Yksityiskieleke,1
Paremmuuttansa,1
Röllätäkseen,1
Miesfeministiä,1
Pahismiesfeministeistä,1
Ystäväpiiriinsä,1
Tärskyillä,1
Epäileväiset,1
Manipulaatiiviset,1
Saavoittaakseen,1
Ihmispaskapökäleet,1
Ihmispaskapökäleitä,1
Lipunmarssijoita,1
Puuroseen,1
Ammunetia,1
Metallinilmaisimen,1
Henkilöskannerin,1
Henkilönkatsastuksia,1
Virtsanäytteiden,1
Kahlehtimista,1
Valvontalaitteen,1
Kansallissisosialistiseen,1
Kuvausksen,1
Bioksiko,1
Sokeritautipillerit,1
Oihmennen,1
Afrikkalaispojun,1
Solukämppiksellään,1
Suomalaiskaveria,1
Tarjonneelta,1
Aktiivilaitteen,1
Alushousunialushousuni,1
Savuraja,1
Hälyttimiin,1
Ugpop,1
Lukumaarassa,1
Vwmlnrc,1
Dagostino,1
Id360084272,1
Eromisen,1
Automaattipalohälytyksistä,1
Työnmäärällä,1
Helsinkipelkoa,1
Yhteyksissäni,1
4cf36ddefcb9b859,1
Saatavuusmittarit,1
Ajustable,1
Kinkkusori,1
Reaalinopeuksina,1
Reaalinopeudeltaan,1
Digiloikkailun,1
Digiloikait,1
Isyyspakkauksineen,1
Lapsi2000,1
Neljänollaneljät,1
Flirttailutekniikassa,1
Naisasiajärjestöä,1
Yksinomaisuutta,1
Multimodaalista,1
Biaslähteitä,1
Iitaliassa,1
Poronkusemassa,1
Naisagronomit,1
Naismetsänhoitajat,1
Naisteologit,1
Argumentaatiokäsitesirkusta,1
Uunipelleille,1
Viisikymmenkertaistuneet,1
Heittelevätkin,1
Monikulttuurisyöpää,1
Leluoikeistolle,1
Speksattujen,1
Lombardien,1
Pohjoisitalian,1
Biletyslisää,1
Taksihinnoissa,1
Saapuakin,1
Feministilankoihin,1
Reagointikyvyllä,1
Partnerejaan,1
Saarnajista,1
Kahvilafeministiäkään,1
Fetisisoidaan,1
Aktivistielämän,1
Natsihommaa,1
Mahvian,1
Kansallissosialistiväännöt,1
Sosiaalirooleja,1
Alavammalle,1
Perskuusessa,1
Copyiksi,1
Tapaliberaaleja,1
Hintajoustoelementtejä,1
Hirmukeinoja,1
Keskustelijajoukko,1
565a36j,1
2015052419728986_uu,1
Lukkarinrakkaus,1
Paloilmoitin,1
Edelleenvälitys,1
Palokelloja,1
Paloilmoitinjärjestelmä,1
Ilmoittimen,1
Örebrohon,1
Työkaluvajaan,1
Forskolan,1
Gomma,1
Skjuts,1
Uppikaistassa,1
Keskittimien,1
Kokoomuspoliitikoksi,1
Harrastelemmikki,1
Pariutuvani,1
Garvagorva,1
Italia_1843,1
Newshome,1
Gpd_2008_big,1
Kimppakyytinäkin,1
Hälyjärjestelmiä,1
Arkitoimistoissakin,1
Mantsuriaa,1
Nobusuke_kishi,1
Roomasaa,1
G_f5c2pwc83wvdewdwzgjsizmxq,1
C8cf338a45c4d97f5a1d79493dd237e51eb231cb7796dce9a8d98af3ad318d65,1
Puritanistisessa,1
Talonyhtiöihinkään,1
Ilmoitinlaitteita,1
Asukasoppaaseen,1
Naisasiajärjestöistä,1
Taantumuksellisuudessa,1
Masokismissakin,1
Erikoisruokavalioissa,1
Vähäenergisyyttä,1
Hihhulihyödyistä,1
Poliittistamisena,1
D35dfd001a4d53595a17db1a837b99ec,1
Kärähät,1
Määrittelyvelvollisuutta,1
Taidekulttuuriltaan,1
Poukkineet,1
Kauttakulkualueena,1
Afrikkaistumisesta,1
Järkeväpalkkaista,1
Arvonnousseita,1
Velkavipuina,1
Sijoittajabuumi,1
Kokoomusmafia,1
Idänkorteilla,1
Nykyajamme,1
Valtionjohtajamme,1
Tapailkoon,1
Cyberaseitaan,1
Piiskahäntäisiä,1
Kiistalan,1
Nojosen,1
Ennakkoilmoitustaan,1
Hämeensillalle,1
Satakunnansillalle,1
Asiantuntijuutena,1
Asiaseikoista,1
Tohtoreillekkaan,1
Rebutoidaan,1
Susiasiantuntija,1
Vuoristopaimenkoiran,1
Alisadin,1
Sudenmetsästäjiä,1
Susikoiralaumoineen,1
Lisähuoneiden,1
Työttämyydestä,1
Afrikanisaatiosta,1
Itsenäisyysäänestykset,1
Unipmn,1
Pubbl,1
Uca,1
Ucapdv,1
Polis0234,1
Kiirettömämpiä,1
Preussilaiselle,1
Hampuusimaisemmin,1
Mainosartikkelissa,1
Aisee,1
Silentiunpc,1
Alistuspistematriisiisi,1
Analysoisitko,1
Joukkopsykoosisettiä,1
Susisuojaliivejä,1
0i67k1l2j0i30k1,1
Tc7nm0he,1
Heisingin,1
Ongelmamatujen,1
Tajuuuuuu,1
8c9363e,1
Theiflife,1
Eläinrasvalla,1
Susiliivit,1
Shakinpelaajaksikin,1
Venetossa,1
Suitablybored,1
Slandered,1
Punavihreämpää,1
Kärjistämisiin,1
Screenshoitteihin,1
Ohjeentynkää,1
Ristipääruuvimäisseli,1
Välikseen,1
Metallipömpeliä,1
Asennusjärjestys,1
Rossutuuletin,1
Hilkkeisiin,1
Klaralla,1
Hirvikoirista,1
Suhtatumistapoja,1
Kaarteleen,1
Möykkäämisesi,1
Kanssakäymisessäsi,1
Ummehtaa,1
Hurmeinenkin,1
Spyfiles,1
Sudentappolupia,1
Susivihaansa,1
Submissio,1
Giuseppe_garibaldi,1
Whoresofyore,1
Terveysmafian,1
Turauksena,1
Alanuolenne,1
Tekemisistäkin,1
Driscollin,1
082234761x,1
Jeesuksen_kiusaukset,1
Mukakristityt,1
Totemasi,1
Merkillisissä,1
Piirtamistaito,1
Inspista,1
Junakuolemia,1
Jäämisiäkin,1
Halveksitusta,1
Ryck,1
Natse,1
Teloittavalla,1
Mobiiliselaajana,1
Tekstiosuutta,1
Sytjäytymisen,1
Pikkukunnatkin,1
Kotiruokapalveluista,1
Seteleineen,1
Vatuloisivat,1
Iltateesi,1
Vastatekseni,1
Murhaajaakin,1
Tuomitsemastaan,1
Elektiivsen,1
Selityssivuston,1
Mukanaollut,1
Puhelinmyyntiammattilaisen,1
Kiintyykin,1
Urvapaikanhakijoita,1
Dustmann,1
Bodvarsson,1
Varhaiskasvatusalueen,1
Itahelsinkilaisesta,1
Naisivihaajia,1
Kasvokuvamme,1
Salakaadetaan,1
Tihään,1
Iberian_wolf,1
Italian_wolf,1
Hwddg71jqjq,1
Lailillinen,1
Yläastekoulutetut,1
Keskivertomamusta,1
Puuduksis,1
Sopimusviljelyyn,1
Suurtuottajille,1
Ainekestävyyttä,1
Vierasgeenien,1
Jenkkimädätys,1
Food_waste_en,1
Öähhhh,1
Puuseppäluokalla,1
Anssilta,1
Riistokapitalisteillakin,1
Junapommituksesta,1
Naattikeittoa,1
Viiteet,1
Outien,1
Keskusteluissanne,1
Verosaatavissa,1
Likinäköisissä,1
Yleishyödykkeiden,1
Piileeskelee,1
Mikrouunista,1
Tuottokasvuliirumlaarum,1
Kvantitatiivistä,1
Pakkoinflaatiolla,1
Passinhakijoista,1
Jäätelöversioita,1
H_3023,1
Isommanpuoleisen,1
Vahingonaiheuttamisessa,1
Unisassi,1
Aucklandissakin,1
Rasistelee,1
Ulottumatonta,1
Hohohohoho,1
Tiedeviitteitä,1
Ilmaisjakso,1
Evoluutiotahan,1
Bitchfight,1
Nigeriltä,1
Ratifioimia,1
Alistuspistematriisi,1
Alistuspisteistä,1
Pistematriisi,1
Vastuullisuustekomme,1
Milipiteittensä,1
Kesäteatterinäytelmää,1
Tinfo,1
Urho_ja_hanen_kisallinsa,1
Patentointiasia,1
Patetointioikeutta,1
Tuotannotekijäksi,1
Habkalampaa,1
Perheenjäseneenkin,1
Hampuusimaisesta,1
Doggojen,1
Suojausjärjestelmät,1
Brigadeeraukseen,1
Normomeininkiä,1
Trollitehdaslätinät,1
7879ys,1
Sudet_tappoivat_hirvikoiran_nivalassa,1
Doro0x4,1
Metsästyshaukkua,1
Pinnanalle,1
Hirviporukatkin,1
Kirkonpolttajaan,1
788iwr,1
Universe_shouldnt_exist_cern_physicists_conclude,1
Antiproton,1
Runkkusukkanukketili,1
Puuhaoletettutäti,1
Jättikoreja,1
Ylipainomäärät,1
Ylituottamalla,1
Natsipiireistä,1
Identifiova,1
Asekeksinnöistä,1
Hrgoxy1ohwy,1
Tiedesalaliittoilijoiden,1
Kiristäppä,1
Boorista,1
Paneppa,1
Submitterin,1
Resiilisti,1
Puujalkaimainen,1
Huaweikultansa,1
Boosteriboksi,1
Nörttikaupassa,1
Esjaydoubleyuuus,1
Sjweet,1
Stvl_9,1
Työllistämisedellytyksiä,1
Valinnanvapauspilottien,1
Valinnanvapausesityksen,1
Kevätistuntokauden,1
Lausuntokierroksellakaan,1
Geeämmää,1
Monsantolta,1
Normitunnareillani,1
Surffaushistoriani,1
Belgessähän,1
Light_bulb,1
Viskiään,1
Hippiäishommat,1
4tkqt3,1
Fazer_kuunteli_henkil,1
B6kuntaa_ja_p,1
A4tti_tempaista,1
X32730,1
5e642bc3,1
00b2,1
3f07,1
19f8c1157f0c,1
Köyhdyttäessä,1
Sveitsinsaksan,1
Provensaalinkielisiä,1
Kyttäjuttui,1
Raiskaamiseensa,1
Luomuruuassani,1
Tunnepohjaisimmat,1
Pysäkinpenkille,1
Pykässä,1
Selitysosiot,1
Hybridijalostuksella,1
Tuotetu,1
Slipperyslopen,1
Tavaratoimittajat,1
Jehovantodistajapariskunnan,1
Karkkikaupalle,1
Karkkejaan,1
Todistajuushan,1
Vastustuskykyisistä,1
Vastustuskykisiä,1
Kehhittyvät,1
Kasvimykkyjä,1
Jonopurkuna,1
Feministiyttään,1
Homokaapistaan,1
Työkalutilanne,1
Löytötavarafirmalle,1
Biometriikka,1
Virkamiesuskoiset,1
Turvallisuusrekisteriin,1
Avioliittodiili,1
Geenidenialistilta,1
Epäpolaari,1
Vihakimppuun,1
Sekundakasviksia,1
Ydinaiheen,1
Viljelystekniikoiden,1
Suunnnittelen,1
Päivitys2,1
Löytyöpalkkionkin,1
Osa2735,1
Diktaatuuria,1
Holywoodia,1
Asevuorilla,1
Kattilavuoren,1
Pysäkkinro,1
E4205,1
Oxfotin,1
E4951,1
Teenkaltainen,1
Kemikaaliturvallisuusviranomaiset,1
Iarcgate,1
Solukaverinsa,1
Albinism,1
Käyttöromulle,1
Kaaliis,1
Assangin,1
Pelinörttejä,1
Gamerghazissa,1
Maaillikoille,1
Pewaaas,1
Rypsijuttu,1
Klikkijournalismilinjalle,1
Siemenkauppiaalta,1
Kulakkijahdit,1
Siirtogeenistä,1
Siirtogeenisten,1
Herbicides,1
Natsisivustoja,1
Orjatyövoimaleirejä,1
Kiihottamistuomio,1
Venäläistrollitkin,1
Loppuviimeissä,1
Maallattu,1
Naapurikaupunkiani,1
Laitilalaisia,1
Waldaa,1
Pihoillekaan,1
Niitokoneella,1
Geenimuunteluiden,1
Teloittamama,1
Pakkosukupuolenvaihdossa,1
Hyväksyneeni,1
Quickdraw,1
Ravinteikkaammille,1
Pihannurkkat,1
Justathought,1
Aiheuttajaruokia,1
Läskiruokaan,1
Milloinkapa,1
Keskusjärjestelmiä,1
Ylioppilaskyliä,1
Esiäitimmekin,1
Somevainoja,1
Pluskatsastuksen,1
Haistavittumaksut,1
Medicalmarijuanainc,1
Ammattivakuutusten,1
Välitysprovikka,1
Afrikkalaismamu,1
Kannabistietoisuutta,1
Viihdekantsu,1
Keskustelunavauksessani,1
Dupersuperhybridirypsi,1
Rukiinviljelypinta,1
Kasvimyrkylle,1
Canolaa,1
Kuukausitakasin,1
Tuottoisimpien,1
Viljelykasvilajikkeiden,1
Toivoittaisiinko,1
Yhteistyönlopettamisesta,1
Kieltäytäytyminen,1
Mittauksethan,1
Viranomaismaksun,1
Kodeiinikoukku,1
Plant_patent_act_of_1930,1
Suvakkiölinästä,1
Ryäsit,1
Snuffles,1
Leukojenlouskuttajalle,1
Evankeloineet,1
Y5lf8,1
24730a4384,1
Hammastahnaputkilossa,1
Välieteppi,1
Worldgovernmentsummit,1
Dossa,1
Kokeel,1
Hyönteissyönnillä,1
E4939,1
Mainhaittojen,1
Pystyltä,1
Tallennuskuvakkelta,1
Paranneltais,1
Valheviesti,1
List_of_americans_in_the_venona_papers,1
Musiikkiteollisuudelle,1
Kuluttajain,1
Yhteistoimminnasta,1
Verrokkikohde,1
Enemmistöomisteiseen,1
Lääkintöneuvoksille,1
Twitteriinkiin,1
Koodaajanero,1
Liiisäksi,1
Diskettipinon,1
Virolleen,1
Säherdune,1
Säherdust,1
Kirsikkan,1
Noppimista,1
Höystäneenä,1
Katsastustoimistot,1
Sukulaiskansaiten,1
Muttaukset,1
Viranomaismaksua,1
Ilmoitusperuste,1
Määräaikaistarkastusta,1
Rivikansalausena,1
Yläpaattaajille,1
Timelinestakin,1
M0mpkf_bcum,1
Weathermen,1
Konsentraatiokin,1
Hallankestäviä,1
Rantalat,1
Fkkhvsyxens,1
A8012666,1
Vehas,1
Eestinmalmintiellä,1
Eestinlaakson,1
Ventannut,1
Muuntelemattomat,1
Laporatoorioilla,1
Idänkorteille,1
Idäntuen,1
Höykyä,1
Kanerville,1
Nokkeluudellaan,1
Konttei,1
Koulutusbisneksiä,1
Määräaikaiskatsastuksella,1
Setelinmuotoisen,1
Paperisuikaleen,1
Rahaväärennös,1
44mt,1
Arkistoiksi,1
I3pwggabe,1
786z9s,1
Verorahoilla_jonojen_ohi_leikkaukseen_jo_nyt_n,1
Sairastumisaika,1
Kapturoi,1
Lakimiesharjoittelija,1
Appleseedin,1
Siidut,1
Jarrutehostimet,1
Mieshierarkia,1
Takuueläkeläisille,1
Ittomia,1
Kypertsaari,1
Määriläisiä,1
Erzgebirgen,1
Näytteillelaittokamaa,1
Natsiaatekin,1
Verkkokauppavastine,1
Firmatileille,1
Opastimme,1
Lukitustekstinä,1
Lukitustekstiksi,1
Jäteläjää,1
Vjg698u2mvo,1
Gameshark,1
Piirrustuspöydän,1
Kokoomuslaistenkaan,1
Siinäkuin,1
Uraantuneelle,1
Amgoo,1
Enoughamericanspam,1
Plextor,1
Syöpäinfosivuilta,1
Jeesustelijakuvaajastakaan,1
Väkivaltasella,1
Automaatitoistolla,1
Audioraitoja,1
Audiovalinnatkin,1
Kipulaastari,1
Suvakkiölinää,1
Psychological_effects,1
Maksaisvatkin,1
Huoneennumeroista,1
Ilmaisjaksonkin,1
Motiivita,1
Nönnönnöölässynlässyn,1
Agengan,1
85mt,1
Sporttisimpia,1
Z02,1
Z03,1
Loppuasiaalta,1
Boikotoivasi,1
Karkkainen_lahti,1
1100x275_q85_crop,1
Bilemamma,1
Nautintohetkien,1
Arvonlisäveroprosentti,1
Muslimuuteen,1
Pitkäaikaiskäyttäjien,1
Kanjapitsa,1
Yritystunnuksiin,1
Tunnareiksi,1
Takaisinpääsemiseksi,1
Hoivatoimintoihin,1
Kahtona,1
Isonenäisillä,1
Ehye,1
Lisäsäätämisiä,1
Oksikodonilla,1
Purveveneen,1
Rauhanleiritys,1
Lääkekannabisnäkökulmasta,1
Pikkulapsiraivo,1
Bilesuvi,1
Käyttökokemustarinan,1
Lääkekannabiksestä,1
Protestoitko,1
Maksusysteemiin,1
Takuueläkkeiläisille,1
Lääkäristäti,1
Pyöräpoluille,1
Epärealitisten,1
Väestönlasvun,1
Defenssis,1
Ganjapsykooseissa,1
Juhlamokalla,1
Adobe_fireworks,1
Uid8ndg,1
Ilmastonmuutostutkimukseen,1
Kalastuskamppeita,1
Säryttömän,1
Tissutelleesi,1
Pärinälajikkeita,1
Reseptilääkettään,1
Pampulan,1
Cardeineen,1
Medical_marijuana_card,1
Dispensaryineen,1
Lääkinnällinenkin,1
Luomuvouhotuksen,1
Lutrausta,1
Kodeiinikoukkuun,1
15mt,1
13mt,1
Kovotilaakin,1
Ilmaisleffavalikoima,1
Ryhmäsymbioosi,1
Päästömittaustodistus,1
Ämpäriristeilyjä,1
Susikeskusteluunkin,1
Liuottanut,1
Markkinataloususkovaisista,1
Babiš,1
Lempparilajiketta,1
Tasalatuisena,1
Omakasvatettua,1
Bongists,1
Jarrutehostimien,1
Däbbäämässä,1
_hitas,1
Asunnossa_,1
Kumppanuussopimus,1
Vertailutietoina,1
Huomioitiinkohan,1
Yhteistyt,1
Axrqcva,1
Työpaikkapukeutumisessa,1
Epämuodolliseksi,1
Ämpärimerirosvoja,1
Upotussuunnitelmilla,1
Muuntautuessa,1
Geenirohvessooreja,1
Etuikkunalla,1
Tienpäälllä,1
Näytettäisikään,1
Film_holdings,1
Paskameemeistä,1
Levitysehtoihin,1
Mureneisi,1
Polettaisiin,1
Anteeksiantamonta,1
Kodeiinikoukun,1
Ydindata,1
Tilamäärästä,1
Tekstitieto,1
Eteläpohojammualla,1
Leffateatterinsa,1
Élyséetä,1
Nijvel,1
Abstracteilla,1
Käräytänkö,1
Yliammunnasta,1
Karaytanko,1
Risujaviemään,1
Gänstää,1
Hankintamenoon,1
Hyyviin,1
Alkeellisempiin,1
Pankkitarjonta,1
Kantsuartikkeli,1
Elokuvatuotantoyhtiöille,1
Invenstointia,1
50kymppii,1
Laksatiivejakaan,1
Kivuja,1
Homannut,1
Keskustellq,1
Opiskelijaalennuksella,1
Lääkelajike,1
Saikkuprosentin,1
Tehokynnys,1
Hinnoittelupolitiikkaansa,1
Atomipommipykälästä,1
Ultima_ratio_regum,1
Kyberkansleri,1
Ensiapuvälineitä,1
Harjoituskatsastuksessa,1
Päästömittaustauksen,1
Päästölapuilla,1
Id38576,1
Tavoitekeskinopeus,1
Intriguingly,1
Indentikit,1
Gendarme,1
565llä,1
Elokuvatuotantoyhtiön,1
Wandan,1
_kommentissa,1
Kuntarajalle,1
Fireworksia,1
Webbisivugrafiikan,1
Täpläämisen,1
Vinhapyörijästä,1
Sokkokoe,1
Viihdepaskaksi,1
Lippuhinnasta,1
6mmbh6,1
Suomi_myyd,1
A4n_pala_palalta,1
78duks,1
Kommentti_piiri_pieni_py,1
B6rii_ja_tuolit_vain,1
Hyvinvointvaltiota,1
Puuhaoletettutädiksi,1
Yritykseteivät,1
Unensieppaajan,1
Hathaanjohtavalla,1
Mielikuvitusnimellä,1
Superfoliosta,1
Metelöivien,1
Virkkaama,1
Graafenipipo,1
Karjalalaisissa,1
Matriisirakenne,1
Chtylhuteippi,1
Lonkeroinen,1
Natsiposeerauksia,1
Perustuslakituomaritkin,1
Nykyelektroniikassa,1
Ylikekkiä,1
Välkkeelle,1
Ledivalaistuksessa,1
_karkeasti_,1
Ylihekkyys,1
Ylihekkyydestä,1
Ylihekkä,1
Selenen,1
51bbafa71d7d46e3858ec50a67424eb5,1
Kotipanemiseen,1
Maksulaitteesta,1
Lähimaksutransaktio,1
Skeptikkoseurat,1
Lähimaksussahan,1
Löytötavarafirmaan,1
Vakiokorjaamolta,1
Vauhtipulveria,1
Mobiilikorttia,1
Yhmän,1
Mukaideologialla,1
Ht207435,1
F758feb1edaa0718d9cfe2fd7701a8dd,1
Ärmättää,1
Vaikuttamismahdollisuuksiinsa,1
Kotisohvasuuntaan,1
Uskomussairaista,1
Sähkösairaus,1
Biometric_identification_and_forensics,1
Theaterssin,1
Fuckchuck,1
Seurajoukkueotteluiden,1
Korttipäätteisiin,1
Karenssitaukoja,1
Työllisyyskoulutuksissa,1
Köyhäile,1
Suolaraha,1
Lahjoituspäivästä,1
Testiruutu,1
Epidiolexistäkään,1
Jonotuttamisesta,1
Sairaanhoiatopiirille,1
Muistakuitti,1
Samannimisyydestä,1
Irvorealistinen,1
Sanomalehtiensä,1
Parantelulta,1
Ylikovine,1
Korjaamokeikan,1
Katsastustus,1
Korjaamojamppa,1
Roskasarjoilla,1
Opiskelumaksuihin,1
Riekuloimassa,1
Rahaintensiivisiä,1
Krytovaluuttoihin,1
Hyperloopjunaan,1
Taikauskoisuuttaan,1
Fysiikankurssia,1
Kansalaistapahtumaksi,1
Kansalaistapahtumissa,1
Mielipiteenilmaukseksi,1
Rangaisuun,1
Paniikkikokemuksista,1
Yoloswag,1
Sotilaskäsky,1
Rajauksissaan,1
Peilaankin,1
Eduskuntavaalieissa,1
Tyypät,1
Liikkumavälineeseen,1
Numerojumppaa,1
Omaishoidontukea,1
Altcoineihin,1
Ddc22fde9f2371a2af632519c378d5f7368733d5,1
Kiirjoitinkin,1
Markkinaehtoisesto,1
Determinator,1
Medialukiosta,1
Kysymyiseen,1
Arveluuttamaan,1
Viikkihän,1
Pätkivyyden,1
Varoitusartikkeli,1
Thingkkk,1
Apalla,1
Askat,1
Tehoavuus,1
Gald,1
Sevrics,1
Ruishamppareita,1
Sporttiburger,1
Rickandmorty,1
Kallonkutisjan,1
Bongihitin,1
Kryptovaluuttakaupankäyntiä,1
_kasvi_,1
Paskeapostaamista,1
Poliisivaltiohimmeli,1
Linijauksen,1
Biletyskulkueessa,1
Vyöhykkeeltähän,1
Budjettitaloudessa,1
Kaatavien,1
Kännykänräpeltäjiä,1
Finnkinottomassa,1
Kotileffaillan,1
Budjettirahoitteinen,1
Sotesäädössä,1
Dabataan,1
Nokkasiilin,1
Lihassupistusten,1
Sähköreseptorit,1
Mekanoreseptoria,1
Sähköreseptoria,1
Sähköaistista,1
Sähköreseptoreilta,1
Mekanoreseptoreilta,1
Tuntoaistien,1
Kehonosanmukaista,1
Penfieldin,1
Homunculustaselvennä,1
Sähköreseptoreillaan,1
Sähkönlähteen,1
Tuntosyötteen,1
Sähkösignaalien,1
Värähtelyiden,1
Saapumisaikojen,1
Joenpohjaa,1
Sähköreseptoreita,1
Sähkövirtauksia,1
Katkarapuun,1
Selenelle,1
Vopiskelija,1
Majeureksi,1
Taustottavia,1
Hankintaanne,1
Aineistonne,1
Pikkueliöiden,1
Supisteluun,1
Harmondin,1
70stä,1
Ujellukseen,1
Elektroniikkatasapainopeitot,1
Icjcryl,1
Runoilijalegenda,1
Loikkivasta,1
Traktorinin,1
Bussitukset,1
Eroperuste,1
Vuoristopyöräily,1
Laskuvarjohyppely,1
Tietylaisen,1
Lidlinsä,1
Vuppa,1
Luppa,1
Softavalmistajan,1
Jalkapalloliigojen,1
Dot7w6v,1
Myssyhehkutuksen,1
Buomi,1
Joulunavaukseen,1
Satunnaisheppu,1
Suosikkivertauskohteeseen,1
Kanjupista,1
Munamarkkinat,1
Ääriajattelevan,1
Omakohtasiin,1
Sisäänheittotöiden,1
Ikäsidottu,1
Teossarjan,1
Elämäm_kovvalla_koulumla,1
Palloitella,1
Kumoamiselta,1
Zq71r,1
Yhdenvertaisuuspykälässä,1
Vuotisjuhlasta,1
Raivosuvakki,1
Logiikkavirheisiin,1
Demokrasia,1
Pohjavesikenttääs,1
Meians,1
Juiodessani,1
Copypastakin,1
Kirjoituvirheitä,1
Paroidioida,1
Vaalikoineita,1
Tietoturvaratkaisuihin,1
Thsnk,1
Pankkitoimintansa,1
Sotilasjoukoille,1
Syrjaytyneelta,1
Männistöjä,1
Ergele,1
Ostoskoodia,1
Korttinumeroasi,1
Debaathifikaatio,1
Keskustelukulttuuriltaan,1
Keskusteluurin,1
Jo4h6iz,1
Kilpailuttamattomien,1
Yhteiskunallisiin,1
Ohjesääntöään,1
Valittetavaa,1
Puolustusksen,1
Esiinnyttäes,1
Puolustusvoi,1
Pride_parade,1
Sotilasuniformu,1
Retkeilytamineissa,1
Lukijatutkimusten,1
Mwpnpy6tjf8,1
Karvareuhkassa,1
Valvontavideolle,1
Perukalle,1
20web_0,1
Suomettarelta,1
78dgbn,1
Dotb9ch,1
Urheilusarjoistakaan,1
Lääkelainsäädäntöä,1
B64,1
Snowboardboyn,1
Operaatio_rahansiirto,1
Yägh,1
Duckburgin,1
Croogen,1
Biniä,1
Itsemurhakipuun,1
Kuolonkankeasta,1
Läkerolia,1
Leipoutua,1
Teoreetti,1
Kuntaista,1
Yllätysämpäriä,1
Yllaetysaempaerin,1
Jääkärinvihreä,1
Arvomerkkitarra,1
Osastotunnarit,1
Poliittisuudessaan,1
Aatukerhot,1
_jatkojalostettu_,1
Kermakaramelleista,1
Pastilliaskeina,1
Linkkinäkö,1
Säädöstelyyn,1
Alakuviikko,1
Weirdoina,1
Tuomarinvala,1
Linkkinäköön,1
Paalinsa,1
Kookalehti,1
Koiraurheilua,1
Katsojija,1
Rivehin,1
Param,1
Linkkinäköni,1
Tettereissa,1
Naurujoogaa,1
Morfiinipillerin,1
Täyssynteettisiin,1
Buprenorfiinissa,1
Dietorelleee,1
Benzodiatsepaamit,1
Kliparttia,1
Köyhämielisillä,1
Syrjäytymisriskejä,1
Cruzbrokerissa,1
Ämpäriasiaan,1
Uusivuos,1
Linijaus,1
Augur,1
Futarkia,1
Robin_hanson,1
Dappia,1
6qhyr3,1
788nv5,1
Joku_jättäny_kännykkänsä_espoon_nöykkiöön,1
Doszmzw,1
Albanese,1
B00de4gwwy,1
Nanosecond,1
Partiolaisiakin,1
Persekekoa,1
Eurooppalaismallinen,1
Kaupparatsulta,1
Lisaduuni,1
Ostaus,1
Pidempiaikasempi,1
Uusavuttomilla,1
Namuihin,1
Namuissa,1
Normikarkeissa,1
Energiamallin,1
Ilmastonsuojelulle,1
Inttifani,1
Korkeakulttuuriohjelmia,1
Differointi,1
Työhakemuspohjia,1
Ärolenerittäinälykäs,1
Valtioprojektinsa,1
Vastuutuslistalla,1
Back_myth,1
Insestisuhteiden,1
Juhlatapahtumalta,1
Juonnollaan,1
Feenixmäisesti,1
Perustuulipuku,1
Xokkeu,1
Divneqddwg8,1
Natsausta,1
Nettimaksukortit,1
Imessagesin,1
Aktivistipisteitä,1
Maksutarraa,1
Maksukorteissakin,1
Ihmisoikeujulistukset,1
78b1bg,1
Putin_critic_cleared_to_travel_to_us,1
Dosm9dh,1
Jedilapaset,1
Houkutushan,1
Vartoilemme,1
Persesyövälle,1
Kokeitahan,1
Vertailukaan,1
Tyä_ukkeleiden,1
Yhteiskäyttöpalvelu,1
Ulkoilmailua,1
Syrjinnällekkin,1
Akkukielto,1
Kasettimallisia,1
Patterikoteloita,1
Paristokotelossa,1
Pelastajatutkintoa,1
Pankkiriippumattoman,1
Sjj5jcl,1
Opiskelijapippaloista,1
Mielenilmauksellisiin,1
Paneelidataan,1
Vaurioittamina,1
Ehkäisyimplantteja,1
Tyä_ukkelit,1
Tyän_antajan,1
Korjuuttaisi,1
Huhtasuolta,1
Hyvinensä,1
Maksusovelluksen,1
Sököllä,1
Lortoilla,1
Rätyjä,1
Romuteräksenäkin,1
Pcpn,1
Ergotamiiniä,1
Torajyvässä,1
Amfetamiinijohdonnainen,1
Efedraa,1
Efedrakasveista,1
Pakkorakastamisen,1
Qpzo1fo,1
Natsimiekkarit,1
H0qm74s,1
3qdeo,1
Tyonpaikka,1
Fillerikurssia,1
Litecoinit,1
Skaalutuvuusongelma,1
Segwitit,1
Altcoineilla,1
Kryptovaluuttamarkkinat,1
Valuuttajärjestelmänä,1
Rarepepedirectory,1
Viasattiin,1
Valioliigaoikeuksiin,1
Mätisäkkiorganisaatioita,1
Saattaneetkin,1
Mensatestissä,1
Älykkyyestä,1
Talonojille,1
Solusijaintihistorian,1
Kivapuheretoriikka,1
Ohjaamoespoo,1
Äänestyslipu,1
Urheilutarjontaansa,1
Sadevesikerääjän,1
Yleissopimuksella,1
Unikkomuhjua,1
Teesatseista,1
Nisseähän,1
Masssaa,1
Homomarssiin,1
Puoluettomin,1
Winloser,1
Kansallissosialismikeskustelu,1
Sekoiluliikkeitä,1
Palveluohjesäännölle,1
80ta,1
100on,1
Meidänlaisiin,1
Möykkäreistä,1
Seassame,1
Topix,1
36hcin,1
Kioski_tutki_n,1
A4trollit_manipuloivat,1
Mielipiteenmuokkaukselta,1
8813686b485336b110e1a4457b2cc77e,1
Fbad1779,1
20kuuntelee,1
Viherkuplaintelligentsijan,1
Informaatiovaikutettu,1
Sotilasriveissä,1
Natsipuvuissa,1
Submitatusta,1
Hsa0asmqbdg,1
3m00s,1
Perusinhimillisyyteen,1
Rnuqmsc,1
Katsellassani,1
Vaikuttamisyrityksien,1
Toiveajattelevainen,1
Melunormia,1
Lidlilläkään,1
Hallintarekisterisekoiluistaan,1
Mielessäen,1
Lahjoittajienkaan,1
Neovat,1
Autenttisuustodistukset,1
Goodideadoesn,1
Twork,1
Omistustodistukset,1
Teurastomoilla,1
Virkkonet,1
Kulttuurimarxistin,1
Arvioimisessaan,1
Monenlaistia,1
Natsirallit,1
Palveluohjesäännössä,1
Lipunlukijalle,1
Sushukkia,1
Etikettivirhettä,1
Ennaltamääritettyihin,1
Multisignaturea,1
Jalkapallostudiostakin,1
Vero_rahujakin,1
Interesteilleni,1
Jälkikatsastusaikana,1
Määräaikauskatsastus,1
Sanastotietämyksestä,1
Maksuappeja,1
Naapurisoluihin,1
Puoueen,1
Sanaparsia,1
Voileipäkulttuurinsa,1
Oye,1
Capasity,1
Maakuntamatkoillaan,1
Liikkeitasi,1
Poistumiskaupunkeja,1
Selitettäneen,1
Simpukassa,1
Värekarvat,1
Ajanyksikön,1
Elqdlvz60za,1
Laittautumassa,1
Museorautatieharrastajille,1
Suvakkipunavihervassarikommarianarkistina,1
Työsketelemään,1
Työntekijöideen,1
Järjestäytymisvalmiuksia,1
Natsiaatteesi,1
Arpajaisvoittaja,1
Arpajaisvoittajaakaan,1
Tangokuninkuudesta,1
Naturellille,1
Mykologian,1
Sienihetkiä,1
Kansanedustajamiehille,1
Kourinnan,1
Päivämaistissa,1
Nelikenttäanalyysistä,1
Ydinvoimaehdokkaita,1
Vakiokokoisena,1
Paremipi,1
Tunuksia,1
Natsikesteillä,1
Palkitsivatkin,1
Juonikkaalla,1
Niljakkaalla,1
Jogi,1
Talonojan,1
Sensalaisille,1
Värekarvojen,1
Lakoamisessa,1
Ra5uilywdbm,1
Maksutapahtumiin,1
Tiliasioiden,1
Maksutapahtumaliikevaihtoon,1
Tunnistetulle,1
Maksuappi,1
Natiivimainontaahan,1
Läskivaihetta,1
Kehonpainoharjoittelulla,1
Pakkopullanmakuiset,1
Vihasinkaan,1
Käsilläkävelyyn,1
Symbioosien,1
Mobiililompakkoon,1
Yhö,1
Yleiskatsausfiilis,1
Sijoittautui,1
74d5f447f4fd59a41555957e4081f397,1
Äänesätjissä,1
Korkeinten,1
Tökyä,1
Medivaikuttajiksi,1
Lähimaksuappeja,1
Kiillotuskin,1
Rallimiehille,1
Kiinnsotavan,1
Nymanit,1
Jätskikojulla,1
Pinki,1
Ponkit,1
Katseluohjelmassa,1
Mainosfyrkatki,1
Omppufilosifaa,1
Maksuvälinesovellusta,1
Vassaripuolueelle,1
Felgengauer,1
Varapäätoimittajista,1
Wrightiläinen_työväenliike,1
Kunnallisvaltuustopaikkoja,1
Ruuminpaino,1
Solmiessani,1
Vyötärölleni,1
Nyrkkeilen,1
Pääomapainotteista,1
Saavuettuaan,1
Virkamiespainotteinen,1
Hallitusjärjestyksen,1
Safrolista,1
Sassafras,1
73rg6qamtts,1
Sosiaaliliberalismiartikkeliin,1
Kokkareelta,1
Ekstremisteiltä,1
Utopialibertaaripiirteitä,1
Työläispentin,1
Persutyylisellä,1
Äärioikeistosiivellä,1
Natsiflirttejä,1
Libertaarisympatioita,1
Syrjäyttämisesi,1
Führeriin,1
Pihanurmikolla,1
Mainosjako,1
Sequenssi,1
Faniutta,1
List_of_computer,1
Animated_television_series,1
Lajikysymys,1
Bryseen,1
Huppuleikki,1
Og68z9lzb,1
Kuivanapitämisen,1
Ydinalansa,1
Ylikerälä,1
Loisporukan,1
Mamukritiikillä,1
Arkikieliksi,1
Anglofonisen,1
Inkursion,1
Yhtensattuma,1
Tukisekasotkun,1
Junnuseurassa,1
Kebabrulliin,1
Kotiutumistesteistä,1
Kauppareissunkin,1
Narukätenä,1
Kantasäädöksistä,1
Aikuisikäistä,1
Eväsmääränsä,1
Työtapaamiset,1
Kuolonkolariautojen,1
Liitoissakin,1
Perintöriitoihin,1
Arkeutuu,1
Headlining,1
A4n_2005_sarjat,1
Headliner,1
Möb,1
Da_möb,1
Ylesummeri,1
Suomenruotsalaisita,1
Maailmanvaltioon,1
Läskimmäksi,1
Ikäkausitarkastuksessa,1
Terveystarkastuksissakin,1
Enimmäisluototusastetta,1
Jätskikojulta,1
Ruokavuorta,1
Mietitymmän,1
Harjoitustyönään,1
Monopolipuuhasteluissa,1
Velhoutua,1
Stressihormooni,1
Voittorahoillaan,1
Vakuuttamiskohdetta,1
Valtiomisteisen,1
Dupeaccoketju,1
Voividduu,1
Vakiohiekat,1
Nirskutella,1
Hiekoissa,1
Pölyävän,1
Nellamobile714670,1
Puoluekarttaan,1
Perhelähtöisyys,1
Bookkeriin,1
Fridah,1
Siisteimipiä,1
Anglosaksalaisissa,1
Tavoiltetavaa,1
Arvokonservateeja,1
Fridahia,1
Joutsenlaulujaan,1
Pajarinsa,1
Redditklisee,1
Kauppiassäädyn,1
Kunnianhimottomaan,1
Slide_27,1
Puolihenkeen,1
Rankaistaakseen,1
Suurikulutuksisen,1
Vähänpäästöisessäkin,1
Vähäpäästöisien,1
Kulutusluontoisempaan,1
Päästötestistä,1
Motivaatioverot,1
Urheiluautoni,1
Rotoscopic,1
Tt0385399,1
Korkeakouluyhteistyö,1
Rahapeliaddiktio,1
Asukseeni,1
Iltaryhmissä,1
Pikavipinottajilla,1
Pelaamisongelmaan,1
Minimipalautusprosentista,1
Laajakangaselokuvalle,1
Kirjoitetutkin,1
Talviurheilumenestyksestä,1
Uniongelmaiset,1
Kokonaispelivarat,1
Palautusprosenttisi,1
Itsensäruoskijan,1
Minimipalautusprosentti,1
Palautusprosenttina,1
Americancasinoguide,1
Digitillä,1
Kielipoliisitouhuiksi,1
Perintätilanteiden,1
Rötöstelijältä,1
Kumppanuusrituaaliin,1
Klikinhuorausartikkeli,1
Uudelleenlämmiteltiin,1
Tervejärkisissä,1
Matkortin,1
Talviurheilumenestykseen,1
Kynegoloki,1
Rässiliiveissä,1
Mmmääähä,1
Hinnanjoustaessa,1
Dp126_verkko,1
Snoona,1
Ahdistelemään,1
Huuhaamelatoniinipastillia,1
Pätkäunilla,1
Loksahdan,1
Hoehl,1
Kehityshistoriansa,1
Syysrantojen,1
Perhefarmarit,1
Autoverottomien,1
Homophoobit,1
Lottopelille,1
Kolikkopeleissa,1
Maksimivoitoissa,1
Laukkaantuu,1
Kansankielisii,1
Rahapelivero,1
Juilaus,1
Hiilineutraaleinta,1
Jeesustelevia,1
Puoluekentässämme,1
Vitsipuolueena,1
Kompromissihaluttomina,1
Rahapeliverotus,1
Harrastusiltoina,1
Nukkumistouhuihin,1
Nukkumistouhuissa,1
Ujelluksineen,1
Pettymisenä,1
Rahapelaamisessa,1
Koulutohtoriksi,1
Officialhpc,1
Korisasiantuntija,1
Rikkihappokylvyllä,1
Nikkelikin,1
Kaivuuoikeutta,1
Uraanihankkeelle,1
Mahdolliistaa,1
Jackpoteissakin,1
Vuorokausiannoksena,1
Huonobottipistettä,1
Terminoitava,1
Tylsistykin,1
Virkkujen,1
Sijoittavasi,1
Globaaliinkin,1
Nettislottien,1
Nebenzia,1
Nebenzian,1
Toivimmammalle,1
Kolmevaihtoehtoa,1
Tähtivoimalla,1
Spurssin,1
Tulokasvarauksen,1
Määräaikaistyöntekijät,1
Yhteisrahotteisista,1
Kenenkäään,1
Terrafamehan,1
Addikoitatvuuteen,1
Paska_vesiväri,1
Tuotantoennätykset,1
Vuosiennätyksen,1
Ajovastaavuutta,1
Ruptella,1
Ihmisvaltiailta,1
Pelkoehdollistuminen,1
Kuitenkain,1
Hoehlin,1
Wagonilta,1
Äitiystuet,1
Räntäisen,1
Minihakkuja,1
Kustannusylityksistä,1
Holimonopoli,1
Pääntyhjennysunet,1
Lahnanpäikkärit,1
Pilkkimiset,1
Arvosanataku,1
Asuntoikäluokkien,1
Remontointitarpeet,1
Korkojennousun,1
Hihaheitto,1
Pyramidipelilogiikaan,1
Merkittäviän,1
Höllemmäksi,1
Pääkaupunkikeskeiset,1
Kabinettikieroilun,1
Televisioitais,1
Puhisisi,1
Loppuhommat,1
Hiekkakinosten,1
Sepelisellä,1
Hiekoituspäätökset,1
Veloittaessa,1
Danken,1
Blokkikoko,1
4f9550149c8912c040090000,1
53bd5f61eeedba0728154e70,1
Meuciqczce6rb98dmzhuhxnljzx1g1pcooqe9,1
Qmftj7hlffvwigul,1
Hhh95e05kj7tmerq3m4wntmdsyzwkg1ae3u8r2d4,1
Iqt,1
5hijvidyshe,1
Kategorisestikin,1
Liiviapinoita,1
Misofonisia,1
Päävalmentajansa,1
Ruotsinkielikeskustelun,1
Paraneisivat,1
Pakkostigma,1
Kielikiihkoilevia,1
Tiedotteissaankin,1
Riskiperusteisesta,1
Velkaisiin,1
Drugs_and_growth_stimulation,1
Säätyminen,1
Homofoobikkoparien,1
Agorafoobikotkin,1
Saariasukeista,1
Sijoitusyksiönsä,1
Tuulimyllyjenki,1
Facebookpeleistä,1
Muistuttaisipa,1
Pitkäripainenkin,1
Parvekkeellateurastamistapauksista,1
Valvomisiakin,1
Aamunuokkujia,1
Liikuntakortin,1
Junnuaikani,1
Kilpakiekkoa,1
Vihaavankin,1
Ennakoimat,1
Lahnapäikkäreiltä,1
Aamuheräämisen,1
Tv11,1
Vita1,1
Uljk,1
Iltavirkuthan,1
Pridessähän,1
Jvln,1
Prosenttirajaan,1
Alkoholintuottajaa,1
Maratooniltaan,1
Avainpelaajat,1
Cle,1
Valistaviakin,1
Antibioottikielto,1
Urakkahinnoittelulla,1
Uhkapelirahojen,1
Paskakanavien,1
Kasinohelvettiin,1
Saapuneuiden,1
Olympiamassan,1
Mukautuisit,1
Energiatarkoituksessa,1
Turkuische,1
Lomatoiminta,1
Lomahuollon,1
Lomakotien,1
Hyvinvointilomien,1
Hyvinvointilomalle,1
Kestitsemän,1
Solarislomat,1
Hyvinvointilomilla,1
Vakiokamaksi,1
Slittäisitkö,1
Hedelmäpelaaja,1
Perskänneistä,1
Uinuksissa,1
Warriorsilla,1
Aloitusviisikosta,1
Kolmosprosenttia,1
Biocement,1
Yxsk1alu8nu,1
Wnggvrfmmvi,1
Aaaaaaaabic,1
Ly_zvdx98v4jzfvebbsvn7y1o17maxnuqclcb,1
25a4in,1
2baaltonen,1
2bmuseo,1
2btulevaisuus,1
2bkultainen,1
2bpatsas,1
Kipsisakassa,1
Aamujakin,1
Kampanjalupaukset,1
Aapelit,1
Kuvagalleriatilejäkin,1
Stalkkaustilejä,1
Minuuttisähköpostia,1
Persutaustaisen,1
Kirjoitusreformia,1
Dokaavalle,1
Facejuttu,1
Appelsiineiksi,1
Aamuaikataulut,1
Tuppaisikin,1
Nörtähtäville,1
Guidelinesit,1
Talviurheilija,1
Pikkukirjaimet,1
Mukaanpääsyyn,1
Artikkeliviitteitä,1
Meuhkaajalle,1
Vihersuvakkisalaliitoista,1
Wikipediamallissa,1
Ruaazl_3eiy,1
Salmisilta,1
Vainikoilta,1
Itsesääliruoskan,1
Ryhmälomalla,1
Gardajärvellä,1
Lestadiolaisseurakuntansa,1
Hahhahahahaaha,1
Rinnasteet,1
Helmeilevästä,1
Siunatin,1
Mamukritiikille,1
Sytellään,1
Muoviroskilla,1
Pyramiditaktiikasta,1
Hiljensivätkin,1
Pyllykullista,1
Zjbi5zi,1
9_jgcoho,1
Siityminen,1
Pumpputermos,1
Äänestäjan,1
Röllivoimala,1
Univormutyyppiä,1
Pakittelu,1
Nettietikettikursseja,1
Palvelutelut,1
Tehdasorjille,1
Aktiivisaggressiivista,1
Litteysvaikutelmaa,1
Rahapelikilpailuun,1
Selvänänäkijöitä,1
Aseenteetkin,1
Toruttaisi,1
Raitiovaunuliikenteessä,1
Homostetulla,1
Väkisinopeteltua,1
Unenpätkiä,1
Sukulaislajeillamme,1
Ihmisvauvoilla,1
Iijokisarjaan,1
Riipisellä,1
Rajanylitystietojärjestelmään,1
Suoranaisestikkin,1
Robottipääsääntötarinat,1
Herrastakaan,1
Seteliuudistus,1
Vartijakortista,1
Rikostuomionhan,1
Kärkkäistäkään,1
Natsisymppauksesta,1
Avaruuskirurgeille,1
Suvaitsevaisuusmanian,1
Taitolajeihin,1
Kärkkäinenhan,1
Granniltako,1
Ammuntakaan,1
Kokeilemattomien,1
Pelikavereistanikaan,1
Pohjalaisböndet,1
Pelisoftasta,1
Suvaitsevaisuusmania,1
Muslimimyönteiselle,1
Levypallot,1
Häiviäää,1
Stadiumi,1
Urheilupyhäkkö,1
Speksithän,1
4i3acj9319c,1
Lätkänkin,1
Rootsi_ilmar,1
Kihelkonnas,1
Sattusid,1
Aastatel,1
Huntide,1
Vahele,1
Kaotasid,1
Huolestustrollaus,1
Aristei,1
Vesilahdessa,1
Laukossa,1
Pallotyypit,1
Kameratuomarointi,1
Volkwagenin,1
Rikosraporteista,1
Uudelleentarkasteluksi,1
Vdqple1,1
Lurkkeroimaan,1
Kieltäjästä,1
Liukuriin,1
Inspaaman,1
Metsästysharrastuksensa,1
Uusnatsiparkoja,1
Koneoppimismenetelmissä,1
Kesyyntyisi,1
Ainejärjestökinikin,1
Nuolisiivet,1
Käyttörikossakot,1
Rönsynä,1
Prideenkaan,1
Asepukuisesta,1
Hegemoniajärjestelmiä,1
Kansanmurhaviittailu,1
Perivihan,1
Penkkiurheiluja,1
Walliinilla,1
Lakitietäjät,1
Oteittais,1
Katkastais,1
Elämäänihän,1
Pömpöleitä,1
Ensiviestissä,1
Supermaskuliinisen,1
Varattujakin,1
Julkisuusprojektit,1
Helsingin_hao20141103,1
Korkohinnoittelu,1
Erityisherkkyyksistä,1
Juomatahdillakin,1
Metsäketona,1
Elamassani,1
J7klfqk,1
Pohjoispohjanmaalaisen,1
Esimiessuhteessa,1
Ggayzonelle,1
Holokaustikieltäjä,1
Varmistukselta,1
Twittermob,1
Wfcxomi0piu,1
Raiskauksellaan,1
Pelihimojaan,1
Lihapiirakkansa,1
Heikkiselle,1
Yskilöllisten,1
Kellojensa,1
Valoisuuten,1
Cuckservatiivit,1
Tunnistussysteemin,1
Kräkättiin,1
Höykyteltäväksi,1
Metsäketokaan,1
Oikeusviisarini,1
Ultralibertaristifurryt,1
Ihryn,1
Sukupuolioletettuja,1
Kiusaamisenhan,1
201710132200459676_u0,1
Kerrankon,1
Valaisemasta,1
Yhdistyslainsäädännöstä,1
Taustayhdistystä,1
Yhdistyslainsäädäntöön,1
Duplakaatteja,1
Mergeämis,1
Toimitoa,1
Vedonlyöntipalvelua,1
Yksityistämisvaihtoehdosta,1
Maksuunpano,1
Valtioittamalla,1
Herämisaika,1
Viikonlopussakaan,1
Stiigailisit,1
Keittimiäkin,1
Ahdistelukokemukseen,1
Etukäteissäästämistä,1
Maksettavinaan,1
Kukkasniemi,1
Ravintolakokonaisuuden,1
Markkinointisuunnittelija,1
Ruiskukalla,1
Musikaaliesiintyjälle,1
Liigassani,1
Suudelmakaan,1
Trefreillä,1
Keskustelusryhmästä,1
Nettipoliisipartion,1
Hienouteensa,1
Tervetuliaisteet,1
Sulkeuduttiin,1
Yhdistyslainsäädäntöä,1
Epävakaampina,1
Kk_80_2005_p,1
Rekisteröitymisilmoituksen,1
Yhdistysvapauden,1
Koetuksessa,1
Somekohutkaan,1
Peruutusruutua,1
Kiistäminenkin,1
Musikaaliroolistaan,1
Luonnonmukaisuushippi,1
Lähiluomuruuan,1
Treffikokemukset,1
Stonesoftilta,1
Iigcbcr,1
Yhdistysvapaudesta,1
Ennakkotapausluonteisesti,1
Metallilangasta,1
Tokoille,1
Kaaderipuolueeksi,1
Puolaistyylisen,1
Poikkeuslaatuista,1
Fanaatikkosuitsutusta,1
Neitsytkorttia,1
Työolosuhteessa,1
Työpaikkaromansseille,1
Epäammatillisia,1
Esterastastus,1
Maksimisuorittamista,1
Kaakkien,1
Saalistusfiilis,1
Mahdollistetaankin,1
Jonnebisstonereita,1
Lempparihuumettaan,1
Lammaskommenttikin,1
Kauppavahvuista,1
Illallisellakin,1
Huumeinhokit,1
Komerooni,1
Metoolying,1
Perhelaumaeläin,1
Vassariyhdistystä,1
Oikeistoyhdistystä,1
Tyttönimenkin,1
Saattoivatkaan,1
Lukkarinsa,1
Loruilivat,1
Hoksaajilta,1
Träkkääviä,1
Riipimiseksi,1
Bootseille,1
Ongelmapelaajiakin,1
Cwazpvy,1
Markettikeittimillä,1
Probabilityof,1
Vältyyäkään,1
Mätsäysmäärän,1
Spämmitbotit,1
Hehhehöhhhöh,1
Tilastotieteiilijä,1
Heteroseksuaalimies,1
Tapahtuikun,1
Reidelleen,1
Pienivähemmistö,1
Lapsiperhealennus,1
Eläinpuistojen,1
Journaaleita,1
10_myyttia_kissasta_ja_koirasta,1
Natsimörkö,1
Sinniteltyäni,1
Tissitelineeseen,1
Äitikokelaaseen,1
Naaraskavereita,1
Adonikselta,1
Jääkerrokset,1
Harrastuskokeilu,1
Jänkäämisen,1
Flirttaamisesta,1
Itsehalveksuntaan,1
Kuppaiselta,1
Flirttailuyritykset,1
Valtavirtajulkisuuteen,1
Monisataavuotisen,1
Mirkki,1
Kylänmieheksi,1
Kard,1
Tonza09,1
Hunter3,1
Tiliasiansa,1
Maksuliikennepalveluasiakkaita,1
Konvertteriin,1
Tuotantoennätysuutisista,1
Llvpdgo,1
Dn24677,1
Nimikkeelliset,1
Terveydenhoitorahoihin,1
Paljastivatkin,1
Eritykselle,1
Rakkaussuhteilla,1
Ldxg7ne,1
Toimittajaankin,1
Mirciksi,1
6814375453_97a45a4f8e_b,1
Räpellyksineen,1
Pääsyneväämispäätöksestä,1
Narsistivanhemman,1
Peruspiirteeni,1
Heränneeltä,1
Ryypänneeltä,1
Nussuttelukamppis,1
Männäkuulta,1
Täydenmittaisen,1
Jälleenvakuutukseen,1
Mutation_breeding,1
Naitsen,1
W9yvu,1
Hamppu1,1
Uusilaki,1
Net_,1
Kansalaisdiskurssin,1
Iltapainotteisuus,1
Lautakasapaska,1
Aktivistihörhöt,1
Zebut,1
Kesyankat,1
Silkkimadot,1
Passiohedelmät,1
Liikakasvoitus,1
Sikiävistä,1
Hyvehalaamme,1
Sateenkaarihenkinen,1
Arkikohtaamisissa,1
Micosoft,1
Ryypiskelevä,1
Pohjoiseurooppalaisista,1
Snootoin,1
Äkkiväkkiseltään,1
Uniongelmaisten,1
Smooooth,1
Fysikaalisena,1
Vertaisarvoitua,1
Juhlistuskuva,1
Kiusauskeino,1
Lelukerroksen,1
Perhekiusaamiseen,1
Litäsä,1
Edeliiseen,1
Tuijottelukaan,1
Juhlamateriaalia,1
Seiten,1
45yskf,1
Kuinka_monta_,1
A4rsuomalaista_tarvitaan_saunan,1
Suentassuna,1
Tassuna,1
Pylkäksen,1
Kerrotaaki,1
Turruttajani,1
Parantanutkin,1
Jaksaksaan,1
3m1rwo,1
Just_realized_something_odd_in_finnish_trains,1
10szrp,1
I_was_going_to_restaurant_car_on_finnish_train,1
6cm9ft,1
Door_handle_in_a_finnish_train,1
Pahanvointiin,1
Syntesoidut,1
Viljeltämisen,1
Eläkkeläisiä,1
Liljakasvien,1
Risteymätuotosten,1
Kolkisiini,1
Genomimuokkauksen,1
Siihenliittyen,1
Panamantauden,1
Kapasiteettiimme,1
Paisuttelisivat,1
Lisääntymisstatsit,1
Flirttaajista,1
Sormustilanteen,1
Owrölli,1
Saivonkanspystyy,1
Vähemmistöjohtajaa,1
Taitavuudeksi,1
Törkeänäkin,1
Metaläiskyttely,1
Ihmissukupolviin,1
Informoisikin,1
Lokauskampanjan,1
Varatysta,1
Viljelykulttuurille,1
Koiraesimerkki,1
Tyyppivikaiset,1
Naamareaktioita,1
Torjumisiin,1
Itsemurhapilotti,1
Geenimuutosten,1
Geenimuunnelman,1
Emacsissahan,1
Vastustausivat,1
Ahdisteluvouhotus,1
Ahdisteluvouhoutus,1
Jengityyliin,1
Dokuelokuvien,1
Geenifoobikoilla,1
Homokammoisilla,1
Jalostusmenetelmillä,1
Crisperöinti,1
Splaissaaminen,1
Harpatessa,1
Töisäskin,1
Sormustakaan,1
Alenteriin,1
Adlibbinä,1
Livecasti,1
Vauzi,1
Ajotukki,1
Ggaydar,1
Maksuliikennetieto,1
Ahnaiden,1
Terveysrahoihin,1
Valinnanvapauskokeiluahan,1
Pilottiluontoisesti,1
Kisakireänä,1
Mausoleumit,1
Tarkoittaisiki,1
Tyyppivikaisilla,1
Epidemioitakin,1
3v35jvy0u7i,1
Virkeystilan,1
Volumetasoja,1
Mutustasi,1
Yleistettyjen,1
Päälleauttamista,1
Tukirahahan,1
Dmzvmb5wkaybd9f,1
Vihataktiikat,1
Ominaisheikkouksiin,1
73ksvn,1
Punk_in_finland_jussi_hallaaho_pieness,1
Epicpix,1
18268641_1666775706673858_1325438918868831476_n,1
600x443,1
Omistusautoista,1
Itseohjaa,1
Valtionprojekti,1
Colakorvike,1
Plussamalli,1
Leuchterin,1
Perusteellisimman,1
Holocausthandbooks,1
Leuchter,1
Keskivertoarpaa,1
7tmcxyp8xu4,1
Pixxxels,1
Qnlsdg6od,1
Img_2065,1
Natalie_dormer_2014,1
Kullittaisit,1
Ahdistelufiilikset,1
Kiinnostuksenpuutetta,1
Urheilutiimin,1
Ujouteesi,1
Epäkorrektisesti,1
Fistaukseen,1
Ulkoreisiä,1
Tuntemattomallehan,1
Kullittaakin,1
Heeeeeell,1
Nykyfeministisessä,1
Kaupunkilaisnuorena,1
Kanatila,1
Panocase,1
Supertosissaan,1
Owkuusisoletettu,1
Suojavärien,1
Miljardiommaisuus,1
Tubetteja,1
Raiskausongelmista,1
Nikkellille,1
Turvanluojat,1
Syrjäytymisleveleissä,1
Käpysotien,1
Wiisaaiden,1
Maailmanpelastumisen,1
Kumppaniden,1
Superkasvit,1
Monsantot,1
Lihatiskiyökerhot,1
Erotteluasi,1
Ggayzone,1
Kokemukestaan,1
Natsirenkailla,1
Flässiä,1
Tilannetajuuni,1
Sukupuuttoonko,1
Turkiseläinrehutaulukoissa,1
Turkiseläinruhoille,1
Tanssifestivaaleille,1
Eläinplankton,1
Vaakakapinasta,1
Alkujuurilta,1
Antiikkikaupoissa,1
Hakkenkreuzeihin,1
Panssarivaunuihiin,1
900px,1
874px,1
671px,1
Henkilöytynyttä,1
Kilipääpuolueet,1
Tolkuimmat,1
Ryhmätöisssä,1
Kasvattelemaankin,1
Lapsilisäkkeet,1
Oppimistavalla,1
Kaltaisesisa,1
Z43wsawumms,1
Uw9yyecpdii,1
Aaaaaaaabnw,1
Igdae8o6qmm,1
Suomi75,1
Riippumattomammatko,1
Kertomuksilleen,1
Vaikustusarvion,1
1ee4753c508bf347a23560c5999298a5,1
Wgthbe1,1
Pukeutumisenvastuu,1
Kvantifioitavalla,1
Asiakaspinnasta,1
Konttoriverkostosta,1
Törmästi,1
Venetä,1
Kuitenksan,1
Autonhallintaa,1
Röhnöttäjät,1
Heterogeneettistä,1
Hvvinvoinnin,1
Yksiömarkkinoille,1
Konttoriverkostoon,1
Pääkonttorisiirron,1
Tunneherkkyydellä,1
Camaroita,1
Transameja,1
Avopakettiautoiksi,1
Matkailuautoiksi,1
Kauneusvalintana,1
Antifalaisena,1
Dragsvikiä,1
Hmpphff,1
Ylivenetetty,1
Korjaus_tiedotteeseen_koskien_raaseporin_raideliikenneonnettomuutta_64861,1
Näkäevät,1
Miehistönkuljetusajoneuvoksi,1
Hyötykertoimille,1
Tammisareen,1
Turvallisuusosaaminen,1
Ampumaonnettomuus,1
Kiillottaneet,1
Kuusisormisuutta,1
Tilastointiharha,1
Lankinnut,1
Tappoleiriksi,1
Ehneyopkpiw,1
Jännityspenkit,1
Kikottimesta,1
Lötsöksi,1
Pillunkannattimilta,1
Peliteoreettisina,1
Pärstäkertoimenkin,1
Paksunnettaisiin,1
Virsillä,1
Unitutkijan,1
Alijärjestöksi,1
Kotinatsin,1
Onnettomuustutkintarapsan,1
Ammunnanjohtajan,1
Arviointivirheissä,1
Onnettomuustutkintarapsaa,1
Teknisessa,1
Asevika,1
Sotldrokhima,1
Tutkintamateriaali,1
Peruslankkia,1
Pedag,1
Järjestyksellisemmin,1
Carsbase,1
E11_mp735_pic_55451,1
Kolmosakselin,1
Työturvallisuusmääräysten,1
78q0xx,1
1992_vs_2017,1
Millaonen,1
Tietaipale,1
P1dlapbxpeg2,1
Tavaraosastolla,1
Särkänniemisimulaattoreissa,1
Kansallismielisimmätkin,1
Miehistönkujetusajoneuvo,1
Kuljetuspanssariajoneuvoja,1
V1klnispf1s,1
Humveen,1
Sarjavittuilija,1
Alkuohjeet,1
Peltisolmussa,1
Metallikitillä,1
Luttaat,1
Bolitzeit,1
Tuntitolkussa,1
Kolaritilanteen,1
Henkilövauroita,1
Pvseen,1
Maalilaitteisiin,1
Öljyymisestä,1
Lankkeja,1
Lantringissa,1
Lankin,1
Misutkin,1
Tärinäbonereita,1
Taistelijatoverin,1
Bermudanyksiösi,1
Järkyttyneisyyspisteitä,1
Uraaninkaivamiseen,1
Äärivasemmistoliikkeisiin,1
Jumalpilkkaa,1
Dtuthwu,1
Lumeostojen,1
Vwruxwh,1
201710262200487708_u0,1
Maalinmerkkaushommakin,1
Vanttuussa,1
Kenttäjyrä,1
Ratsastusonnettomuus,1
Img_1679,1
Surusteluja,1
Nepalinreissulla,1
Swastikin,1
Kryptonatseja,1
1sgs4qlv4dj9ebxxszuplpfw,1
3dgs4qlv4dj9ebxxszuplpfw,1
Raaseporin_raideliikenneonnettomuudessa_4_menehtynytta_64864,1
Muuntogeenisestä,1
Luonnonterva,1
Roiseilta,1
Puuttuvani,1
Tehostuspäätöksestä,1
Tiedoitteeseensa,1
Kevätmullikat,1
Kvartaalipolitiikkaa,1
Potkureagoimalla,1
Rumspringaan,1
Tasaannuttaisi,1
Puistopajautuskeväänä,1
Populistipuolueemme,1
Simplististen,1
Muuntogeenien,1
Leksvallintie,1
Harjoitusmaastoja,1
Takatuupparia,1
Tasoristeyksissa,1
Forsvarets,1
Krock,1
Nelikka,1
List_of_genetically_modified_crops,1
Kullituksia,1
Rumempien,1
Tapahtumatilanteessa,1
Yltiöromanttisuus,1
Valkatkoon,1
Onnettomuuttakaan,1
Pikkukenkiä,1
Hyökkäysharjoituksissa,1
Raidebussi,1
Nukkuiskin,1
Leksvallintien,1
Leksvallintielle,1
Autotalojen,1
Debaattiviestien,1
Loukkkaantuneiden,1
Saakotälläisestatekstistämitäänselvääkunkaverinitekstiviestitovatainanäinkirjoitettujahäiriöviestejä,1
Legalistiseksi,1
Säädöistään,1
Gmoohon,1
Vaativivissa,1
Liukaita,1
Harjoitellan,1
Vartaloiltaan,1
Osavuosituloksensa,1
Maksimointihan,1
Virkeystilassa,1
Sulostutan,1
Kapiasen,1
Jutelle,1
Alkoholilasit,1
Junallekin,1
Hämärätaistelua,1
Valoammukset,1
Usjoa,1
Väsymyksestään,1
Alkaisvat,1
Skypeosotteet,1
Maseja,1
Kuljetusajoneuvoina,1
Kalenterialgebrallisia,1
Videoliitäntää,1
Viestintästandardeista,1
Thunderbolt3,1
Betonitolppa,1
Törttäsin,1
Pikkulommo,1
Vyötettyinä,1
_tavallaan_,1
Tunteettomilta,1
Rrdkuld,1
Lieventyvän,1
Maisemakierroksia,1
Nollapalaute,1
Nyanssirikasta,1
Lähetysavulla,1
Haudanvakavia,1
Lukuavusta,1
Farktuuran,1
Vihoviimisintä,1
Toivonus,1
Antihipit,1
Yr5apyxku,1
Uhkaaviassa,1
Osalajiin,1
Huvipuistoistuimet,1
Töyssystäkään,1
Mystiseseen,1
Keskustelutyyppejä,1
Generaaliaiheisessa,1
Kokonaisuudessaankaan,1
Kauhuleffajuttu,1
Tasoristeysturvallisuus,1
Tykkilaatikon,1
Nettipoliisipartio,1
Jäsenta,1
Troglodyyteilläkin,1
Lyyvvä,1
Käyttämiskoodisto,1
Ilves2014,1
Ilves2014t,1
Sisu_a2045_010_crop,1
Siansaksana,1
Eemeliin,1
Eläinkiduttamo,1
Liikunnanpuutteeseen,1
Jälkeläismurha,1
Kahdeksikkojen,1
Maalaisliittojen,1
Mässyttelen,1
Eetisen,1
Valtionvarainministerinkö,1
Kauppajuomien,1
Kauppavahvuisistakin,1
Isoskoulutuksesta,1
Ymparistoraportteja,1
Lupahakemusaineistot,1
Renkaanvaihtotarjontaa,1
Kyytikeskussopimuksen,1
Suojakaaret,1
Kljettajille,1
Itsemurhakeissit,1
Kuljettejalle,1
Arpenazit,1
Törkyhyvät,1
Haixeissa,1
Arpenazia,1
Arpenazkin,1
Arpenazeilla,1
Erikoilitkuja,1
4jnmmgtw,1
Ftwxwqzv,1
Rypyiltä,1
Polishia,1
Lommoilta,1
Mosaleirilläni,1
Liippautuva,1
Sfti1https,1
Merisotakoululta,1
Rannikkojoukkolinja,1
Dragsviik,1
Leireilyonnettomuus,1
Kranaattionnettomuuksissa,1
Dragsvikhän,1
Kuolutetaan,1
Rukeissa,1
Suorituskykyluokka,1
Arap,1
Kipkoi,1
Gtcxxbur244,1
Superkasvin,1
Lekas,1
Lankannu,1
Lumiukke,1
Havannekuvat,1
Tervatuista,1
Kesätassut,1
Keulapelti,1
Kilpailutila,1
Aamupakkasten,1
Suolarekan,1
Käyttökauden,1
Collonilia,1
Mansensuutari,1
Nukkumisilla,1
Aamukammassa,1
Spolin,1
Ajokeikallani,1
Toteutusratkaisuna,1
Merisk,1
Kiikarimallisia,1
Hyökkäysammuntoja,1
Partioammunta,1
Hyökkäysammunta,1
Potenttinen,1
Nyssetkin,1
Kesärenkaisen,1
Irmelistä,1
Maastosisulle,1
Pienkustantamoilla,1
_terveellinen,1
Hyvältä_,1
Kaksikymppisessä,1
Joulusimaa,1
Järjestöpohjaiseen,1
Nicheimmistä,1
Tekkiksistä,1
Johtoporsaassakin,1
Pakkotalkoissa,1
Kalevalajuttuja,1
Aggrigaattikärry,1
Unimäärät,1
𝔈ℌ𝔇𝔒𝔗𝔄𝔑,1
𝔈𝔗𝔗ä,1
𝔯,1
𝔖𝔘𝔒𝔐ℑ,1
𝔎ä𝔜𝔗𝔗ää,1
ℑ𝔗𝔖𝔈𝔑äℑ𝔖𝔜𝔜𝔖𝔓äℑ𝔙ä𝔑ä,1
𝔖𝔘𝔒𝔐𝔈𝔑,1
𝔎𝔘𝔑𝔑ℑ𝔄𝔎𝔖ℑ,1
Sisu_a2045_merivoimien_vuosip,1
2sbooky,1
Uuninputsausaineet,1
Hiekkakangasta,1
Vammantuottamusrikoksina,1
Ampumaonnettomuuden,1
Huutaenkin,1
Oikestolaisretorikkan,1
Tulonjakautumisesta,1
Äänestätköhän,1
Tasapuolisesi,1
Hollhoamiseen,1
Ruokintana,1
Sinkoutunueena,1
Vaihdett,1
Reseptisivuja,1
Pilviprojekteissa,1
Talviaikahyppely,1
Alikkinä,1
Gallelankin,1
Fanartia,1
Brändikenkien,1
Halpiskengissä,1
Liimarakenteinen,1
Supersankaripyjamaa,1
Sairastellen,1
6hsta,1
Ln7r1mb,1
Alikkikuskina,1
Tunneleiksi,1
Junakuljettajalle,1
Istuinmoduuleista,1
Särkänniemisimulaattorissa,1
Tervejäkinen,1
Nahkarasvalla,1
Tarkastuslautakuntaan,1
Koollekutsumisen,1
Monikulttuurimenoihin,1
Spkna,1
Dnd2ytixkaac,1
Kantsekontakti,1
Tunnustelukysymys,1
Parittelurituaalia,1
Lasiruusuja,1
78mpy5,1
Jussi_hallaaho_perustuslain_mukaan_ministerin_on,1
Dowuf7a,1
J98evd4f,1
90ebaa71,1
Yksiömarkkinoiden,1
Soppakuureilla,1
Terveellisemmksi,1
Halpismaantiefillari,1
Mainosimpressiot,1
Hernepyssystä,1
Suomenruotslaisia,1
Ajopartioissa,1
Tetsarijärjestys,1
Ennenaikaset,1
Neurtaaliin,1
Tuhounut,1
Museoesineiksi,1
Habitaateilla,1
Tälläisssä,1
Aatelislarppauksella,1
Pedatuilla,1
Livm_19,1
Toimenpidealoitteissa,1
Kesäaikadirektiivin,1
Perhekiusaamisen,1
Koulukisaamisen,1
Käyttöjärjestelmäriippumaton,1
Tiedonjanollekaan,1
Karikolta,1
Milfeistä,1
Arvostajien,1
Hajauman,1
Sovelluskehittäjiksi,1
Intinajoluvan,1
Pelimiehetkin,1
H_697,1
Thicccc,1
Pumaskojen,1
Autoverottajan,1
Yksikkokohtaista,1
Nukkuivaat,1
96cb75c43dc8e96d568f26527646e98e,1
Istuinhässäkästä,1
Morrroooo,1
Hipshuli,1
Venaash,1
Khuulesh,1
Tiedäkkösh,1
Kuuleppash,1
Tiedäkköshsh,1
Örrrrrr,1
Kissha,1
Nallekoira,1
Omistajapuolellahan,1
Mkxää,1
Merska,1
Muurinrakennukseen,1
Herkkupalana,1
Kaakista,1
Kuvfjus,1
Reviirikokoja,1
Syntyneilä,1
Peruseläintarhoihin,1
Knowsley,1
Roppakauhalla,1
5½h,1
Kolauksissa,1
Pelastystyöntekijöiden,1
Erikovuisia,1
Muhkukoire,1
Kitkatkaan,1
Viikonloppuillan,1
Turmajuna,1
Maastakuorma,1
Esilleottamiseen,1
Lyhytvaartiset,1
Nelisaumatikkausta,1
120ehintalapulla,1
Aktiivirannekkeiden,1
Kalorikulutusmääriä,1
Chowille,1
Sotilasmaihareiden,1
356859e5b346af231,1
Ylijäämäkenkien,1
Polyuretaanipohjia,1
Naiskavereiden,1
Naiskaverilta,1
Responsiivisimpia,1
Csbarsin,1
Iltalähetys,1
Tirkistelynäkymää,1
_paine_,1
Sairaspaivien,1
Lomapaiva,1
Reseptilaakkeita,1
Feminismihulluus,1
Saatanoilta,1
Stalkanneen,1
Nakitettiinki,1
Dietyyliamidia,1
Hoitovalmiuksia,1
Traumavalmiudet,1
78tnvv,1
Suuri_tasoristeysonnettomuus_raaseporissa,1
Dowsuz6,1
Ärmapporniin,1
Natsilippujensa,1
Tuliteränä,1
Kettuuntua,1
Irtisanomiskustannuksiin,1
Ruokaviinien,1
Mapporniinkin,1
Toimipistekarttaa,1
Porilaisvihasta,1
Moccsmasterin,1
Sosiaalinen_erist,1
Bakjpohhcfa,1
Varusmiesauktoriteetti,1
Puristamistaajuudeksi,1
Traumapotil,1
Sisäelinvammoja,1
Kiristysiteen,1
Gffcvf3d,1
Herätintä,1
Tämmösiks,1
Kouvohan,1
Käsikiristykseen,1
Kipinälistat,1
Juoksusuoritukseen,1
Epämukavuustiloja,1
Sipsikoomalle,1
Raittoisa,1
Tiivisteellisiin,1
Märääst,1
Moduulilta,1
Sipsikooma,1
Kenttiksiä,1
Hirviölä,1
Verpa,1
Kesäkalja,1
Talvikaljat,1
Aivopesukapuloita,1
Huulikuorinnan,1
A4minen_luonnosta_ja_palautusistutukset,1
Eläintarhakannoista,1
Breh,1
Hanapakkauskin,1
Havaistuksia,1
Jossavoidaan,1
Optimipisteitä,1
Hystereesikäyriä,1
Jääröykkiötä,1
Kuopionniemen,1
Kuopiolan,1
Kuopioisilta,1
Eräsijojaan,1
Kuopioisten,1
Prokopij,1
Miehennimeen,1
Monkiä,1
Yhteiskuntatiedein,1
Tspauksella,1
Komantojoukkueen,1
Medit,1
Moottoripyöräläheteistä,1
Ajoluvallisiin,1
Kokkausvälineisiin,1
Syöpöttelijät,1
Bashthefoodie,1
Influenssoille,1
Natsikulttuurin,1
_häme_,1
_saami_,1
_maata_,1
_žeme_,1
Syväs,1
Sotesotkusta,1
Etuikkunan,1
Kyytikeskuksesta,1
Kyytikeskushankkeen,1
Timointiin,1
Löliikenteeseen,1
Välitysjärjestelmissä,1
Mobirouter,1
Speysissä,1
Taalisesti,1
Tarkis,1
Suorakorvaushanketta,1
Matkaketjun,1
Tilauspuhe,1
Välitysoikeuden,1
Soitessa,1
Speysille,1
Suorakorvausjärjestelmän,1
Kuljetuskoordinaattori,1
Säästötavoitteiden,1
Ennes,1
Täänkin,1
Yhdistelyihin,1
Kyytikeskukselta,1
Yhteistarjous,1
Kantakokkolassa,1
Reittiohjelma,1
Omakokkola,1
Raporttitulvasta,1
Pohjanmaalaisuuteen,1
Sǣma,1
Etymologis,1
Juomakulttuurillinen,1
Tilavuusprosenttiin,1
Alkupisteiksi,1
Lempikurssi,1
Hiekkapusseilla,1
Kaislosta,1
Kauhuan,1
Samanmassaisen,1
Miehistönkuljetuksen,1
Kiinnitettäneen,1
Puolitajuttomat,1
Kofeiinihöyryissään,1
Jääratakokemus,1
_puolueellisesti_,1
Voity,1
Pneumonic,1
Kokohintaa,1
Sokerilillua,1
Salmiakkikosanderia,1
Eläinsuhteesta,1
Välineellisemmän,1
Tavaramaisempana,1
Highlighters,1
Thes,1
Kuolonuhrejakin,1
Fctuowm,1
Pastillishot,1
Ruokamenu,1
Peruspäiväkulutus,1
Tasojärjestelmä,1
Holmbäck,1
Rinas,1
Hankausnappuloita,1
Pohjaanpalaneet,1
Residivistiltä,1
Monokromaattiselta,1
Täytelakua,1
Ksylitolipastilleja,1
Kerrostaloalueista,1
Pikkujoulumiitille,1
770apy,1
Olisko_pikkujoulumiitille_kannatusta_pkseudulla,1
Päiväämäärä,1
Törmäämimen,1
Kolikkojemmana,1
Uhrillisissa,1
Lahteakaan,1
2c7ec,1
Pubistahan,1
Tulvavedeksi,1
Jltm5qyn25w,1
Panamaryöpytyksen,1
Mikromoderointitarvetta,1
Avovankilassakin,1
Timewarppeja,1
Pointillaan,1
Absorbtiota,1
Samanluokkainen,1
Ryttyyntymisen,1
Munallansa,1
Straikkaa,1
Dc5tobuw0aa1thx,1
Rinkirunkkauskutsujen,1
Huumenuuskimen,1
Aarn,1
Pedarijuttuja,1
Nollavauhdin,1
Embeddatut,1
Redistributionfaq,1
Mspx,1
Käyttölisenssit,1
Sokeril,1
Morsiushameensa,1
Jännäkakkanen,1
Serbialaisilla,1
Nemesiksenä,1
Velkomiskirjeen,1
Kiusaamalle,1
Perusfysiikankin,1
Yhtäpainavat,1
Hellstinky,1
Mythbusterssiin,1
73edn2,1
Cannawen,1
Metric_units_reddit_bot,1
Hacktoberfest,1
73ef7e,1
20block,1
20t1_doxdbvl,1
20update,1
20convert,1
Kolapullossa,1
Ämpäridiililtä,1
Tilanhallinnan,1
Žeme,1
Nettiharjoittelijat,1
Nakkijonorysyistä,1
U1nkxko,1
Pressujenkin,1
Metsäkeson,1
Broham,1
Tyomotivaatioonkin,1
Doxbrv7,1
Rinkurunkuiksi,1
Jätekasoihin,1
Hugboxit,1
Peregrination,1
Aliredittiä,1
Kaivaukseksi,1
Tynkäuutisesta,1
Kommenteila,1
Tynkäuutisia,1
Kilpirauhassekpilua,1
Liilkuvana,1
Pudotu,1
Torhorn,1
Kerhothan,1
Kisuvahtina,1
Linkkaukseesi,1
Kommeentini,1
78ue10,1
Names_of_serbian_towns_translated_into_english,1
Dowr7r6,1
Kasmirkin,1
Forwardaamat,1
Junttiheterokolonialismipatriarkaattikulttuuriamme,1
Rivitkäyttäjät,1
Natsimoderaattorikultalusikkasi,1
Rakettipolttoaineena,1
Lepojaksoa,1
Koulutustavoitteista,1
Moderaattorikommentien,1
Kursunnat,1
Agrikolasta,1
Rauhanturvaajakoulutuksessa,1
Viikonloppuision,1
Eräänlaine,1
Masonisti,1
E05ncm1n9yw,1
Rivermouth,1
Mikkelinimen_alkupera,1
Kuntoaltaassa,1
Kuntourheilun,1
Perusuimarina,1
Vesijuoksutahtia,1
Uintitahdit,1
Helveltillisen,1
Kuntouintiin,1
Valintoine,1
Bingokoneeseen,1
Sotavoimain,1
Äänestytettiin,1
Ylänuolettamalla,1
Moottoritieramppia,1
Kolmajuomasta,1
Vähemmistöliiton,1
Tanksalaisuudesta,1
Snooistani,1
Kisatilasta,1
Postailleisiin,1
Prätkäjengiläisetkin,1
Moderaaattoooooooo,1
Suvakkihapatusta,1
Skapparineidin,1
Kapeikon,1
Vanhakaupunginkoskeen,1
Kuntoplus,1
Qoslihkrzru,1
Mestarietymologi,1
Veteraanimestaruus,1
Tavoiteenaan,1
Aikuisuimarit,1
Moderaattorinvihreä,1
Talvionsinistä,1
Pahaiseksi,1
Termodynamiikalle,1
Moikkelista,1
Salmiakkiinnostus,1
Oulun_etymologia,1
Eteläsaamenkielisen,1
Saamelaiskieli,1
Tautilaiset,1
Uimaseuraharrastaja,1
Sammakkouintia,1
Uimasuvusta,1
Uimaharrastajille,1
Uijat,1
Vesikävelijät,1
Oikeasati,1
Liikkeellelähdöstä,1
Valvotettaisi,1
Nollakolme,1
Marianuus_koko_171027ly_vd,1
Lihatiskikuvasto,1
Hysteerikkofeministien,1
Iiiihaanan,1
Infopyynnöllä,1
Ministeröinti,1
Lyhytnäköinenhän,1
Lapsellinenhan,1
Pukettejaan,1
Ruuhkautuvista,1
Lempikirosana,1
Mustaustussin,1
Mustaukset,1
Glzptkm,1
Catastrofic,1
Ryhmäkokousten,1
Asialistaan,1
Maalitolppasiirtely,1
Yhteyiskunnalle,1
Kulutuskierteeseen,1
Qhyc8o5ngxc,1
Szw4z5,1
Bzkm,1
Jätealtaista,1
Ryhmäkokouksista,1
Ryhmäkokouksiin,1
Rivittänyt,1
Alakulohymiösi,1
Vihervähemmistöfemakko,1
Rikoksesta¹,1
Rattijuoposta²,1
²harvemmin,1
Huumekuskille,1
Ebetxevuqtu,1
Twlpqn1eyki,1
Aaaaaaaacw4,1
Ytvuar3dzh4,1
Img_0166,1
Odottomattomasti,1
Lämpimänähän,1
Sitouduthan,1
Konduktooria,1
201710162200465426_ul,1
57630849b7b13b6b4222654c908e5b45,1
Väärintietäjät,1
Sivuraidekysymyksiisi,1
Kurkisteluja,1
Öljyfyrkkaa,1
Kiloegee,1
Syöstäkseni,1
Palveluhinta,1
Restantet,1
Viivakoodiskannaus,1
Pähkinöidään,1
4fvp6nm,1
Fickiä,1
Nettihäirintään,1
Kotiinnasti,1
Bm9oyes,1
1s56q5rnpackr5m9ghxx3kpa,1
Pontsojen,1
Tempuksen,1
Nenäkarkkiin,1
Tappeluvarustuksessa,1
Käännökseltään,1
Spruces,1
Toissakesältä,1
Parsittuna,1
Yksityisviestikeskustelu,1
Sukkienparsinnasta,1
Sanktioraha,1
Erehtyvälle,1
Palasaippuasi,1
Duunikoneeni,1
Jattipotkuja,1
348df7b9,1
37f2,1
918c,1
Afb0fa1052f5,1
Kustjägar,1
Perusuhriutuminen,1
Omaelämäkerrallisissa,1
Ahkeruudallaanhan,1
Sukupuolielämässään,1
Suomenrotsalainen,1
Päihdetutkimukselle,1
Thalidome,1
Turvapaikkamenot,1
Kiihoittuakseen,1
Userapp,1
Lainakikkailuilla,1
Turvavöilläkin,1
Hyökkäysharjotuksee,1
Lukikarttaa,1
Palautelootan,1
Tekniikkarajoitteiselle,1
Numerokirjassa,1
Viestintätekniikkä,1
Talvimaito,1
Päihdetutkinuksen,1
Tutkinusalana,1
Rajapnnat,1
Savethememe,1
_umpvpqpqwy,1
Peregrin,1
Ympäristöjätuhoja,1
Oikeustajuumme,1
Pantterikuosinen,1
Paskankuuloinen,1
Kutsutumustyötä,1
Kinukkikaupoista,1
Levollen,1
Vaikuttavuuskriteeri,1
Perustutkimushan,1
Perustutkijoita,1
Perustutkijat,1
Meuhkauspaikka,1
Narkkarinaapurilla,1
Smurffina,1
Natsimartat,1
Vaihtoehtoistodellisuuteesi,1
Nohevaan,1
Kurkkasinpa,1
Kisällistä,1
Kynänpuskijaa,1
Kulkumulkun,1
Vittuilenpa,1
Hyväsydämmisyydelle,1
Kotimaanpaketteja,1
Työprospectit,1
Amerikkalaisessakin,1
78uugu,1
Many_junior_scientists_need_to_take_a_hard_look,1
Talousmutuilua,1
Kansalaisosinkona,1
Työympyröitä,1
Cveiden,1
Yliviivannu,1
Koulutustaustaansa,1
Kohdelkoot,1
Saapumisviikolla,1
Innovatiisisemmin,1
Seurantanumerottoman,1
Soitaks,1
Hyperventilaatiokohtauksen,1
Pakolliet,1
Rotuprofiloivaa,1
Hyperrasistisessa,1
Itsepuolustustusta,1
Pilluorjaksi,1
Plussailin,1
Elämäntapamuusikkoa,1
Venettäjiä,1
Turhempihan,1
Kulttuuriihmisiä,1
Artesaanipankkia,1
Siirtoluettelot,1
Manuaalityövaiheina,1
Rasvantrimmauksessa,1
Vesipainosta,1
Altterseko,1
Hajuttomasta,1
201710252200485363_tw,1
Pahiksenahan,1
Veitsikäsillään,1
Sijaltainen,1
Freddylle,1
Keksttiin,1
Sijaltaiselta,1
Olyckan,1
Sladd,1
Väglaget,1
Iaebd,1
Palautemailia,1
Emojinäppäimistöllä,1
Seurantakoodiksi,1
Paperisetilmot,1
Syyttömyydeen,1
Vihajinen,1
Pilaakson,1
Rahoitusinfraan,1
Ihmetelläänpäs,1
2016020221052125_uu,1
Jakelutekniikka,1
Jakeluverkostosta,1
Maanp,1
A4lliset_digitaalitelevisiol,1
A4hetykset_suomessa,1
Lannoitebisneksestä,1
Terveysķeskuslääkäri,1
Turvapaikkataktiikasta,1
Puheevuorot,1
Taistelukiimaa,1
Kommenteikseen,1
Keskustelukumppaneihinsa,1
Mamuaihesta,1
Kiimaisimpien,1
Suvakkiunelma,1
Pölkkyineen,1
Loukkaavuudet,1
Nuoliäänestys,1
Moderointikeinona,1
Paskolammet,1
Johdannaisteos,1
Vädret,1
Moduler,1
Bakre,1
Lykligt,1
Uusimaako,1
Neukkuvaltojen,1
Kuntouimareita,1
Ohittelulta,1
Mäpööni,1
Tekstarikustannukset,1
Ämpäripaskaa,1
Toteemipaalulla,1
Hätävaroissa,1
Katatonia_,1
28oireyhtym,1
Säilytysaikamuutokset,1
Yhdenmukaistuvat,1
Pienlähetys,1
Valintatilaisuus,1
Työnhakujärjestelmään,1
Autonlavalla,1
Pujahdeta,1
Ledarsidorna,1
Kommunernas,1
Dominoeffekt,1
Tillflöden,1
Samspelade,1
Överskottet,1
Ökning,1
Skatteintäkterna,1
Ökades,1
Flyktingkostnaderna,1
Sålde,1
Kassorna,1
Räckte,1
Lånebehovet,1
Dagensjuridik,1
Bostadsbrist,1
Edesauttaaksesi,1
1508356af3dd66f64668c6222ec50f2a,1
Tohtoriopinnoista,1
Valepoliisirikoksista,1
Valepoliisirikosten,1
Tilastopdf,1
Poliisilaitoskohtaiset,1
Vakivaltarikokset_ja_seksuaalirikokset_vahentyneet_helsingissa_,1
_myos_asuntomurtojen_maara_lahes_puolittunut_64878,1
Tepper,1
Graduateschool,1
Prospective_students,1
Oxcycontinilla,1
A12775932,1
Maanviljelyynkään,1
Ruokatehtaalle,1
Kajanaland,1
Pikkujoulumiittille,1
Mököttäjänurkka,1
Rienaversion,1
Bodypositiivisuuden,1
Fanni_luukkonen_with_decorations,1
Tyylisuntaan,1
Kakkosversiohan,1
Sotaelokuvaversiona,1
Lasiktcucio,1
Noyryytetaan,1
Hidastuvampaan,1
Vakiovarusteista,1
Psykogeenisiä,1
Affliktioita,1
Nosebokierre,1
Rabbitsia,1
Hackkiä,1
Podcastformaatti,1
Manifestoituvissa,1
Sotainvalidimaahanmuuttajalapsille,1
Neekerikyla,1
Suolijärviä,1
Ohutsuolijärvi,1
Paksusuolijärvi,1
Peräsuolijärvi,1
Saarnauksesi,1
Sukulaiskusetuksilla,1
Sukulaisfirmoilla,1
Oylulaisiin,1
Kuunteliks,1
Jauhonaamojen,1
Tuitionia,1
Weivataan,1
Meidosti,1
Ajopäiväkirjoista,1
Yksityissopimusoikeudellisista,1
Kuukaisikaupalla,1
Housuihina,1
Sukulaissuhmuroinnilla,1
Horonkylältä,1
Reissailevista,1
Huoroista,1
Datastani,1
Tuntemillaan,1
Nykyteiniä,1
Naapurinakankusema,1
Tgqzn06,1
Pääsoftana,1
Puttyn,1
Ärräpaketeista,1
Pakettisydeemin,1
Vittukyrvänsuo,1
Poisollessa,1
Kevytversioon,1
Aihesiin,1
Fiksuuttasi,1
Restantteen,1
78p7bz,1
Update_on_sitewide_rules_regarding_violent_content,1
Cbxs9,1
Epäarvoistumista,1
Kylmävesilähde,1
Tiputushanalla,1
Oikeinkirjotuksella,1
Kielenhäviämisen,1
Jälkeläiskieltä,1
Malayo,1
Polyneesialaista,1
Puhumattakka,1
Raumast,1
Yleiskielisii,1
Yleiskielissä,1
Ohjaamojen,1
Brewsterillä,1
Torjuntavolleyt,1
Vastasyvyyspommituksista,1
Uhkarohkeista,1
Velehtelijoita,1
Kikkei,1
Peltipolice,1
Kassamenojen,1
Kartantekijästä,1
Tyckmann,1
Järkkyneisyyteen,1
Kuxt5vmn7ai,1
K2zcprlgfvy,1
Taivuttamiselle,1
Agglutinatiivinen_kieli,1
Sydänkannatusalueesta,1
Milonoffit,1
Afaes,1
Yhdyssanakäytäntö,1
Fsnow8110_webbiin_242,1
Kielitypologian,1
Asiakaspalvelutyöntekijältä,1
Sutivi_2015_2015,1
26_kat_002_fi,1
3½pv,1
Varastointipäivää,1
Varastointipäivien,1
Älypuhelimetkaan,1
Ajokortteihinkaan,1
Alueverkko,1
Toimitusvarmuusvaatimukseen,1
Jälkiverottaa,1
Hakijakohtaisesti,1
Tekeväisyydeltä,1
Puntlandin,1
Poistoraja,1
Keittiöhomma,1
Katuvaloineen,1
Matkasetelin,1
Pöllöheijastimen,1
Tikkariakin,1
Geodefaulttia,1
Halloweentunnelma,1
Otrevlig,1
Erbju,1
Psykologisk,1
Hjąlp,1
Chansen,1
Liberurpo,1
Tarvihtenut,1
Lähihistoriallinen,1
Kurasohjoloskapaskassa,1
Uniperhan,1
Pilkkomisstrategiaa,1
Istuinhässäköihin,1
Douchbag,1
Trattaprotesti,1
Driftaillaan,1
Kamerapömpeli,1
Sohjoisesta,1
Vietänpähän,1
Kostuumipippalot,1
Asukseni,1
Jurotusnurkka,1
Lentokouluun,1
Lähimmäisenauttamisen,1
Touli,1
Digitaidottomiin,1
Saatanaaaraaaarkfgfdskjlhgsögksljhg,1
Nurmikotkaan,1
Kurssitaso,1
Lumiukojen,1
Suuraakkosin,1
Isokirjaiminen,1
Aikuisviihdekin,1
Pudottaisinkin,1
Puolestauhriuduttaisi,1
Ejgd1dedauy,1
Polvileikkaukse,1
Makoiluni,1
Ydinkärkivahvaa,1
Korkeampimoraalisena,1
Puolestauhriutuen,1
Pinsky,1
Drew_pinsky,1
Opiaattiepidemiasta,1
Narkologian,1
Varoituksiaan,1
Persoista,1
Ilmoitustekstiä,1
Aggressiollekin,1
Värittömissä,1
Arkitoimissaan,1
19_laa_001_fi,1
Tilastokauden,1
Bruttomäärä,1
Viestintäkontti,1
Loppukoulutuksen,1
Sääntötulkinnoista,1
Toimisinko,1
Päämajakohtaukset,1
Pulttiboissista,1
Uskonyhteisönsä,1
Nurkkakuppilaa,1
Riippuvuusjärjestöjen,1
Työterkkarille,1
Skraeoe,1
Sotavaloina,1
Joulupukkeillessa,1
Yöajovalot,1
Äärillensä,1
Napottelemaan,1
Karaokevahtina,1
Kalsarimeininki,1
Faninakaan,1
Kuskituotantoakin,1
Ajokoulutukselta,1
Possessivisuffiksia,1
Naeytoekset,1
Taeyttyvaet,1
Patenttitoiminta,1
Monialajärjestöistä,1
Ensikodit,1
Lumipyräköissä,1
Teollisuudenalaksi,1
Yrittäjyyshelvetti,1
Yrittäjyysklusterina,1
Yksisarvistehdas,1
Tupakkarajoituksiakaan,1
Puuuhissa,1
Maantimona,1
Päihdehommien,1
Tupakkamyrkyille,1
Murrenatsi,1
Redundanssinsa,1
Saksanjumaloijat,1
Minunit,1
Päihdeosuus,1
Kuohujuomien,1
Demonisointijärjestöiltä,1
Kausiduunissa,1
Rokotuskone,1
Jälkiloistetta,1
Taideapukin,1
Henkireiätkin,1
Sikäläiseksi,1
Ikitiehen,1
Geostormiin,1
Nettitilauskiista,1
Lehtijakelun,1
Kuriiriyritykset,1
Liberurpot,1
Hihtäkää,1
Kaveiporukan,1
Henkilökuntatunnuksillani,1
Tetsailuja,1
Neloskohasta,1
Wrightille,1
Jalapenaa,1
Luontopolkuluokkaretkellä,1
Pötköttelisi,1
Alkoholipoliitikalla,1
Kohtuullistu,1
Syöpäsavuja,1
Lakimääräisine,1
Teoriatunteineen,1
Temppukoulutuksissa,1
Triititi,1
Koorse,1
Hyppymaihareihin,1
Leithiläisten,1
Fonteettisesti,1
Nistikirjallisuutta,1
Julistuksiensa,1
Puigdemontille,1
Vankeussyyte,1
Viinasenttilitra,1
Hanskaavansa,1
Elbaile,1
Typeräksikkin,1
Erikoissalilisä,1
Vallo,1
Jeesustelekkaan,1
Lääkehakuisten,1
Lääkärishoppaajien,1
Opioidireseptijuttuja,1
Iskiaskivun,1
Hydrokodonin,1
Hätäuloskäyntikylttien,1
Talvigummien,1
Kaliakauppaan,1
Tasapainotuskoneen,1
Letkiästi,1
Sunnuntaimuusikkoon,1
Pelatushelikopteri,1
Perintäriidalla,1
Hyvintointivaltioiden,1
Työllisyystilannekkaan,1
51aa8df407140273d00cb8999e5b90b4,1
Kuolemanristeilyihin,1
Katslmaan,1
Tihrusteltuani,1
Ohitettuamme,1
Yksilöratkaisuilla,1
Sakotelleet,1
0_s58677fi0,1
Kympinhän,1
Kaljoitteluhetkiä,1
Nettiläheisyyttä,1
Francomaiset,1
Itsenäistyjäthän,1
Euromyönteistä,1
Kryptovasemmistoa,1
Atriallakin,1
Juomavalintojen,1
Tylsistetään,1
Humaltumiskeinoksi,1
Vähittäiselle,1
Juopottelunsa,1
Rasistimulkkukonnari,1
Kuolinilmotukset,1
Mccaskill,1
Monenkirjavalla,1
Hirveimmäin,1
Elämäntilanteeta,1
Internetrationalistina,1
Jäänyr,1
Katselukokemukseksi,1
Historianntuntien,1
Vaihtokurssihan,1
Kuvaustyylillä,1
Näyttelemisellä,1
Taistelukohtauksilla,1
Yrtiä,1
Päktä,1
Vatananen,1
Kärreilyjä,1
Munkkihyllyn,1
Kurssseille,1
Gcfkh2v,1
Äitiyslomallaankin,1
Lihapyörre,1
Möyhöäviä,1
Verkkarirajakkeja,1
Tilastoani,1
Kauahea,1
Periaattteessahan,1
Steifi,1
Karettaisiin,1
Katsomispöydälle,1
Etusumut,1
Suomi100v,1
Sjukhemmetissä,1
Dicyfddxcae0cu0,1
Preytä,1
Neuvostofilmiä,1
Lumenhan,1
Pihaharjalla,1
Anfetamiinejakin,1
Kunnossapitävän,1
Normatiivisempi,1
Maahanmuuttajajärjestöistä,1
Staaplaa,1
Psussa,1
7vn4au8xda6z,1
Viikonloppuketjutkin,1
Kavereittenkaan,1
Raavalla,1
Ku2al6u,1
Erikoisalkoholijuomat,1
Kasslerpaistin,1
Hörpsin,1
Häpeekkä,1
Lumiputsausnatsi,1
Superajoissa,1
Bulkkibissestä,1
Päivitettyäni,1
Ralliautolta,1
Aastaaeg,1
Katoamattomuuteen,1
Bakeryinä,1
Bakeryt,1
Huippucockiksi,1
Urakeskittynyttä,1
Kotihenkilöksi,1
Uraohjusnaisia,1
Kkunat,1
Lumilaatuihin,1
Pankkisoftien,1
Pankkitoimiala,1
Sovellusmassaa,1
Terminaaliliittymiäkin,1
Mossos_d,1
27esquadra,1
Typologiseen,1
Yhteenkirjoittamisen,1
Pujolin,1
Himiöinny,1
Kamerapakuun,1
Onttoihin,1
Tsenäisyys,1
Lumitilanteita,1
Hankikantoköntsä,1
Sisälämmityksen,1
Paskelampejata,1
Neuvottelunakin,1
Kahdeksankymppisiään,1
Juomishalut,1
Viikonlopputunnelmistaan,1
Xnrtwfk,1
Tidehuntterin,1
498px,1
1fe8261f3f21c1b52af1a28a9e8ebf7a,1
Mmrgrlglrrgl,1
Grgmgrmgmrmll,1
Bccyvusvwew,1
Lipuntarkastustilanteessa,1
Huippukokiksi,1
Fossiiliäiälle,1
Olkilukolle,1
Osasto_brandenstein,1
Rillilenkkiä,1
Suomeilua,1
Alennuslippu,1
Etusumareille,1
Lähivalotkin,1
Todellisuuus,1
Juopporahoista,1
Cityhenkilönä,1
Nonsuamihuman,1
Coffeeshopista,1
Työsuunnitelmaa,1
Mussuttais,1
Raideliikennejärjestelmä,1
2017_tcm9,1
Cheerleadereiksi,1
Westvancouver,1
Beachhousecam,1
Hinnankorostukset,1
Rautaharjalla,1
Tottuessaan,1
Hauhaun,1
Yritysylijäämääpuljusta,1
Overinvolvement,1
Salakuljetusmatkat,1
Salakuljetettavaa,1
Väkimääränä,1
Salakuljetuskerralla,1
Moika,1
Kielinatsejakin,1
Terra_lliure,1
791vob,1
Joukko_maahanmuuttajajärjestöjä_on_päätynyt,1
Klikinkalasteluotsikkoon,1
Nuolittajat,1
Kreationismikeskustelun,1
Yleisfoorumia,1
Lainatkaas,1
Erityispanon,1
Bingeän,1
Aloitettukkaan,1
Kiiintolevy,1
Lakihommissa,1
Hakkerileffa,1
Enersenin,1
Klassikkokohtausta,1
Leffaversioon,1
Rooleissansa,1
Televisioversiota,1
Etusumaria,1
Sumuvalojakin,1
Tänäänminätaasmuistinjotainmitäonvarmastiopetettuala,1
Puheenomaisessa,1
Tunnesävytteisessä,1
Tunnesävytteistä,1
Muolaassa,1
794q97,1
En_n,1
A4hnyt_tuntematon_lankaa_mit,1
Kaljanjuojan,1
Viihtymis,1
Illanviehtopäihtymiset,1
Kaljaläpät,1
Kansallisempi,1
Siviiliautokoulussa,1
Revikatkaan,1
Junnailen,1
Lanitusviikonloppua,1
Punaviinipuolukka,1
Tuotekysymyksistä,1
Linkembedsaveparentreportgive,1
Goldreplied,1
Puhalluskulut,1
Camppingiä,1
Bonusrumbaa,1
Naarmuttoma,1
Seuraavittain,1
Värmäkkeet,1
Emolevykohtaisesti,1
Jumpperin,1
Työläimmin,1
Saananan,1
Haltuunottamassa,1
Ryhmälynkkaukset,1
201710272200492757_ta,1
Maahanmuuttokuluilla,1
Puhalluskuluja,1
Mielipideellä,1
Jumantsuikkelis,1
Harjattaessa,1
Korkeakouluttautumattomaan,1
Vilkaistakkaan,1
Viimseisen,1
Hylani,1
Nastarenkaillakaan,1
Kestopäällysteellä,1
Kesärenkaaseen,1
Nastarenkaaseen,1
Lamellirakennetta,1
Vesiurat,1
Champo,1
Champna,1
Capayati,1
Kneads,1
Upholstery,1
Horiscoja,1
Ohitettavatkin,1
Kalsarikänniperjantain,1
Välimatkamme,1
Turborakettia,1
Imuteltiin,1
Zmotulla,1
Aloitteelleen,1
C950ee36c7f3bb03e0df043b73a08354,1
Keppiperunapeltotie,1
Teinipaketin,1
Esittelyalueelle,1
Väistökikka,1
Miehistönkuljetuskuorma,1
Pittäesköön,1
Asijoelle,1
Levveetä,1
Puupiä,1
Minkälaeseks,1
Venähtee,1
Nuama,1
Vastakulttuurikonervatiivina,1
Syyllistestään,1
Portinvartijahommaa,1
Aamukuudeltakin,1
Tuulilasiinsa,1
Monennesa,1
Lumipölyyn,1
Kassaolennon,1
Piipautettua,1
Kassaeläin,1
Kliimaksiksi,1
Helevettehen,1
Kassalahkolaista,1
Eineksesi,1
Bonustsydeemiä,1
Keikkakassapersoona,1
Kolminumeroiselle,1
Auktoriteetistasi,1
Copypastaamasta,1
Katalaisen,1
Tehdasylikellotettuja,1
Versioitahan,1
Sumuvalosi,1
Valopatsaan,1
Hyx9s7thhhc,1
Klonksvagenissa,1
Masennushoitoon,1
Depressiopotilaan,1
Kampanjateemat,1
Pakkosoittaa,1
Maakuntaänkyröinti,1
Poliisiväkivällan,1
Bäckmannimaisen,1
Narrista,1
Flairillisen,1
Peräsuristimet,1
Normisijoittaja,1
Varainhoitopalkkio,1
Vegojen,1
Lapsenvahdeista,1
Blade_runner_2049_on_jatko,1
Osa_joka_ei_todellakaan_floppaa__ja_onhan_se_siistia_etta_siina_puhutaan_kolmen_lauseen_verran_suomea,1
Kotinapilla,1
Zebong,1
Piippauksien,1
Bonuspaskat,1
Oluttreffeistä,1
Kuhhan,1
Prosentitn,1
Elävaramme,1
Naisenle,1
Pannukkaan,1
Sniiduilupro,1
Pilveekään,1
Perustue,1
Nöyryyttävie,1
Häpeävätkö,1
Positioituminen,1
Maalipintaystävällisempi,1
Suomimummot,1
Fueringolan,1
Totuuskaavan,1
Totuuspyramidin,1
Petersonilaisessa,1
Jungilaisessa,1
Nietszcheen,1
Vilauttako,1
Korttianenne,1
Boniskortti,1
Pikateitä,1
Vaikuttamistapana,1
Dobbeldusch,1
Pikkupuljussakin,1
Liekitellä,1
Urbandrawer,1
Taustavalokuvan,1
Soitai,1
Sempaan,1
Propagandatoimistoihin,1
Käptain,1
Plaskovitsi,1
Risukasankin,1
Paperilipuista,1
Kataloniassahan,1
Nakitukselta,1
Koulupaikanhakijana,1
Tuijottamisellasi,1
Sairauspäivähakemusta,1
Työttömyysputkia,1
Ammattivälttelijä,1
Nakkipaikkoja,1
Työnhakukyvyt,1
1ye0ow,1
Jan_skoberne,1
Kärnämäisellä,1
201710172200464358_pi,1
Mökkiukollakaan,1
Jengillö,1
Puukottavan,1
Saateella,1
Valmistustehtäviin,1
Työsuojelullisen,1
Greenery,1
Nurmikotka,1
Ipp_350_telineessa,1
Whitebg,1
Ulkomaanbisneksestä,1
Palattaisikaan,1
Tuntiviisareita,1
Kuikansuuntaan,1
Lammiosta,1
Peräntymisvaiheessa,1
Petroskoissakin,1
Norminäytöksissä,1
Jatkotviittauksia,1
Itsenäisyyshankkeeseen,1
Neliövuokrissa,1
Maksimikokoisen,1
Säävarmanverkon,1
Energiantuotanoon,1
Lykkäämäs,1
Nollakierros,1
Jokkapokat,1
Sekopäämummot,1
Ässäpokka,1
Sslkomz,1
Pinillä,1
_ojentaa,1
Föönin_,1
Tuplasaksalainen,1
Euroopan_aika,1
Kauppankumppanit,1
Maantasalta,1
Ducatossa,1
Benchmarkkiin,1
Markkinatalousjärestelmästä,1
Pääntaputtelijoiden,1
Tuplahollanti,1
Suhoa,1
Aragonia,1
Spinnaker,1
Demasted,1
Ämmyyden,1
78zvxt,1
Two_women_and_their_dogs_have_been_rescued_after,1
Monikulttuurisuusprojektiin,1
Kokoustelemme,1
Pullakahvitapahtuman,1
5vq5l8,1
Eli5_how_does_a_slot_machine_choose_a_winner,1
Tuplapotissakaan,1
Lähimaksulukijan,1
Brändinrakennuksen,1
Xxc5pln,1
Kaksitoistakin,1
Diplocat,1
Financio,1
Cudjyazvjtg,1
Bonuksettomissa,1
Itselääkitsijä,1
Jalmarillakin,1
Epätermeillä,1
Ulysseusta,1
Arbiträäriä,1
209_,1
Noudatanpa,1
Lähimaksulogon,1
Työttömyyslainsäädäntöä,1
_aktivointiin_,1
Elokuvadiili,1
Videoklipeillä,1
Wolfensteini,1
Vuokratukemisella,1
Markkinapainotteiseksi,1
Luovillekin,1
Monifraktaalisuuden,1
Osinkojärjestelmä,1
Fetisoidan,1
Nuvoletta,1
Myriads,1
Engauzements,1
Bannistars,1
Childy,1
Lightdress,1
Fluttered,1
Singult,1
Loveliest,1
Leaptear,1
Vuuhvuuuh,1
Nrrnn8j,1
Pedofiiliskandaalien,1
Asumistuetusta,1
Yllemmyyttä,1
Rockbound,1
Hoahoahoah,1
Swimswamswum,1
Livvy,1
Delldale,1
Dalppling,1
Bluerybells,1
Flittaflute,1
Trochees,1
Issavan,1
Essavans,1
Patterjackmartins,1
Inns,1
Ouses,1
Turty,1
Taubling,1
Begg,1
Kish,1
Crawsake,1
Grampupus,1
Grinny,1
Boord,1
Desh,1
Foefom,1
Fush,1
Baken,1
Singpan,1
Tayle,1
Dunnell,1
Foamous,1
Dobbelin,1
Ayle,1
Quaffoff,1
Fraudstuff,1
Pyth,1
Flowerwhite,1
Bodey,1
Noewhemoe,1
Finiche,1
Fadograph,1
Yestern,1
Rubicund,1
Salmosalar,1
Fromout,1
Apemonides,1
Smoltenin,1
Woebecanned,1
Schlook,1
Schlice,1
Goodridhirring,1
Väsätäkkin,1
Ahdistelijamiehistä,1
Ulussyksesta,1
Muistirekisterin,1
Valvontalainsäädännössä,1
Järkevässäkin,1
Kohdehäiriöistä,1
Päätöspuusta,1
Haurain,1
Kepulandiaankin,1
Vallankaappaussuunnitelmaa,1
Lumenputsaamista,1
Autopeitto,1
Glamorisointi,1
Ammattisuuttujat,1
Yleiskuvat,1
Humaltuneelta,1
Sushiruoka,1
Saunatapaa,1
Maalaisliikehdintää,1
Suovalta,1
Kärsijoiksi,1
Imitoinnista,1
Rasismipöyristykset,1
Monitavuisissa,1
Verbivartaloissa,1
Gerundiivi,1
Sananloppuiset,1
Ylväämpänä,1
Lappilaismurteista,1
Kulkumiehen,1
Hioituneet,1
Leikillisyydet,1
Pulukoe,1
Pomppimisia,1
Yhteiskuntavastuuraportti,1
Yhteiskuntavastuuraportti_2015_suomi,1
Tunnistaumiselle,1
Christinasnp,1
Angusmacneilsnp,1
Snpdavid,1
Triciamarwick,1
Kiinalaisviha,1
Xenofoobisiä,1
Replikanttien,1
Runnerien,1
Kielenkäyttämistä,1
Tuhmailun,1
Murhaajapedofiili,1
Wolfensteineihin,1
Sankarillisna,1
Urhoina,1
Puolustusodaksi,1
Yletykkään,1
W9ulgkal5cvhisymp7e3jfhwepa,1
Arvainnut,1
Pääomanhallitsijoiden,1
Tähtijärjestelmästään,1
Magneettiraidallisen,1
Lapinlisäiseltäsi,1
Puoltopykälää,1
Reptiliaanikin,1
Digitallekin,1
Varainhoitorahastot,1
Roguesta,1
Haasteleekin,1
Uhka_avaruudesta,1
Todellisuuskriittisissä,1
Sloveniahan,1
Pankkifuusioiden,1
Murteethan,1
Tummanvihreämpi,1
Epäilylistalla,1
Läpipelata,1
Enkkuhesasta,1
Enkkuhesa,1
Erityistyyppi,1
Rankaiseviin,1
Pankkiiriviha,1
Márquezin,1
Vaalirahoitusepäselvyyksien,1
Taulukaupan,1
Vekarallakaan,1
Alkumarssi,1
Alkusyksykin,1
Alkuharjoituksesta,1
Jokamiesrallin,1
Junioriliigojenkin,1
Liigasarjojen,1
Vahtaajasta,1
Rikoslain_m,1
Tyttaresta,1
Postinumeroaluekohtaisia,1
Tieosuuksina,1
Ohittaneina,1
Lyhinkään,1
Otostutkimuksen,1
Tyti_2017_09_2017,1
Linjapanokseksi,1
Ilmaisturnauksesta,1
Arentikuja,1
Ääniprosentit,1
Asukkaallakaan,1
Irtaantuvalla,1
Ennustemallista,1
Kurditaistelijalla,1
Rullauksella,1
Päätöspuumalleja,1
Tilastotietojaan,1
Raiskaustulot,1
Hyökkäyskohtauksia,1
Raiskaisee,1
Gür,1
Idags,1
Chroniclers,1
Asylant,1
Lehdistöassistentti,1
Grufman,1
Utlanningar,1
Melskaavia,1
Algerilaisia,1
Gambies,1
Eksjössä,1
Tafsning,1
Homovåldtäkters,1
Maaryhmästä,1
Terveysmafiaa,1
Maakuntadiktatuuri,1
Guðrún,1
Näénnäisesti,1
Sosiaalitukuen,1
Avokätisiksi,1
Yanukovychillä,1
Kuvernoori,1
Kremilinin,1
Sianvitttua,1
Bläkärii,1
Daugther,1
Empitness,1
Pohjakoukutusta,1
Amatöörisellä,1
Patriks,1
Amatormassigt,1
Ylipuolista,1
Norkuilua,1
Santereilla,1
71rbubebhrl,1
Kirjoitusympäristö,1
Feministifiltteri,1
Kumppaninhaussa,1
Vastaattuasi,1
Totuustasojen,1
Totuuspolarisaatio,1
Ohjatunut,1
Vuokramarkkikoista,1
Seksimonsteri,1
Puskettaisiinkiin,1
Älyvessa,1
Feministivihaasi,1
Ninatapaninen,1
Feministinäkin,1
Opettajillaan,1
Tietosavolla,1
Datanhaku,1
Jonanssonin,1
Sotilassettii,1
Osaavampikin,1
Halveeraamisesta,1
Toimentuloa,1
Nykymiehenä,1
Rintamasotimiseen,1
Yhtälaiilla,1
Sotaleskenä,1
Tarinansakin,1
Liikatarjontaan,1
Pyörittelisikin,1
Jussipatsaita,1
Sotapanostukseen,1
Sotapanostukselle,1
Käppätutkimus,1
Viestintätöistä,1
Väijytksiin,1
Jebedian,1
Gumfwsxsv0c,1
Miespopula,1
Epänaisia,1
Mieslottia,1
Rikostutkimuskeskeinen,1
Kantaruotsalaisella,1
Dmp,1
Takapihaamme,1
3600h,1
Sotikaaseen,1
Järkevyystarkastelua,1
Subtextin,1
Remastereihin,1
Psykoosipelejä,1
Unitilanteista,1
Glitchhikers,1
Freewarepeli,1
Itsetutkiskelupeli,1
Kauhumaailmassa,1
Darknessiin,1
Sotaräiskintä,1
Höslinki,1
Psykologisestä,1
Passintarkastajana,1
Ahdistuvaan,1
Psykologisuus,1
Kliseekin,1
Raivaris,1
Haistapaskatutkimus,1
Viidestätoistamiljoonasta,1
Päätösasiakirjojen,1
Sotapolusta,1
Rintamalottia,1
Menkkaseen,1
Kasvateissa,1
Ulkomaalaissukunimiin,1
Ulkkariksi,1
Husain,1
Ulkomaalaisnimisten,1
Erityisriskiä,1
Ongelmima,1
Menetelmälliset,1
Tulkintaehdotuksia,1
3fwpfb_dl,1
3d1270,1
0ahukewj4rzkl0ppxahukklakhblqd_aqfgglmae,1
Aovvaw1qyq66zcrklxozluhq92ky,1
Järkyttyneisyyttä,1
Svedukantis,1
Raiskausilmoituksistta,1
Ensipeleiksi,1
Muuttovirralla,1
Ylikomentajien,1
Cdkeysistä,1
8tyrdfunhhfz,1
Arvotonkaan,1
Ulkkariählämi,1
Tuomilauselmia,1
Equalismiin,1
Onlinepelaamisen,1
Onlinevastustajia,1
Porukkaonlinepelit,1
Särähdäkään,1
Häiritsevästikin,1
Feministitiimit,1
Illanistuntaa,1
Highscores,1
Skillsetit,1
Onlinetiimipeleistä,1
Pelikonkareita,1
Hempeinä,1
Äitihahmoina,1
Patavanhoillisesta,1
Rasvoa,1
Sijaisesimerkkinä,1
Projisioon,1
Suamenkielelä,1
Stronker,1
Massaroolipelit,1
Dp0ghsz,1
J9bkiveg,1
C64d851a,1
Ahdistelu_on_naisille_arkipaivaa_14_vuotiaana_opin_valttamaan_vanhempia,1
Xt9igdxehossykbb0k,1
Korsukavereita,1
Peilaisiko,1
Rinkirunkkataan,1
Haulikonpiipun,1
Dp0f932,1
Parodiaparadoksi,1
Avaruuslaivoja,1
Kvanttikammio,1
Pelilistaan,1
Pasakamahat,1
Tutkijatohtorien,1
Huippurumpaleiden,1
Grooven,1
Popojalaa,1
Kääpiölesbonaisia,1
Marting,1
Kasinokulttuurista,1
Palautusluokkaa,1
Voittokertoimet,1
Pikapokerin,1
Videosloteista,1
Ajautune,1
79binb,1
Suomen_marsalkka_pysty,1
Äännekkäimmiltä,1
Lempikirosanasi,1
Belgialaisklubin,1
Feministiaiheessa,1
Tolkullisista,1
Naiskomppaniasta,1
Vaapukoita,1
Tuotepalkinto,1
Ketunkutaleelle,1
Pihlajoita,1
Peliseuraks,1
Rankittomalla,1
Miesvetoisesta,1
Jatkosotadokumentti,1
Luovassakin,1
Nojatuolipsykologinen,1
Inglisner,1
Paskoneva,1
Kuljetuskeikkoja,1
Dunkirkissa,1
Sairaalalaivassa,1
Ratkaisutaisteluista,1
Pervitiinihöyryisen,1
Kaukopartioretken,1
Poliitiikaasta,1
Automoitumaan,1
Omakivaa,1
Ferministit,1
Sotaelokuvasta,1
Hyötyeläimeen,1
Populaariksi,1
Mannerheiminä,1
Opastaulu,1
Opastauluun,1
Telkkuasemat,1
Kerpottaa,1
Speedfrasier,1
Vinoileviä,1
Animeemuun,1
Höpsössä,1
Sushiottelu,1
Youtubekommenttaaja,1
Isosältäni,1
Kakkalordi,1
Kanadalainenhan,1
1433858124u,1
Ijbcxuv,1
Yläveneist,1
Avaruuseepoksen,1
Neliraajahalvaantuneeseen,1
Tyypikseni,1
Katakanassa,1
Translitteroivat,1
Konekiväärijampasta,1
Rinkirunkaamiseksi,1
Pelaajaprofiilin,1
Huerwi1sgjs,1
Ketul,1
Keskustapuolueemme,1
Loskapaskaksi,1
Valtaamina,1
Naisylioppilaat,1
Suvakkituotokseksi,1
Asvaltinharmaan,1
Läpipääsemättömän,1
Tyttölapsetkin,1
Piikomalla,1
Kotivävy,1
Takaisinlähettelyyn,1
Pienimuotoistenkin,1
Agraariyhteiskunnissakin,1
Kotivävyjäkin,1
Tyttölapsestaan,1
Jenkkipopulaarikulttuurista,1
Laskemoitua,1
Sommittelija,1
Pulmatehtävien,1
Muistitehtävien,1
Jihadipaskaksi,1
Kvvsk,1
Huonelämpötilana,1
Lämmitysasetukset,1
Villatöppöstä,1
Jatsijoululevy,1
Naiskohtausta,1
Toitottanutkin,1
Ilmatorjuntalotta,1
Pervitiiviä,1
Törkän,1
Tt1883092,1
Erivärisiäkin,1
Managering,1
Cseno8jv1h4,1
Idolmaster,1
Voitelemmaa,1
Tiskipöyä,1
Jottaki,1
Takkapäi,1
W67wh8c,1
Kässärimuotoilun,1
Loppukuvassa,1
Vankileiriasiassa,1
Tapathumista,1
Ryyppyseuruetta,1
Hurjapäätä,1
Palkkasoturia,1
Dettailusimuina,1
Doomjäbän,1
Kasvoanimaatioissa,1
Tarinapökäleissä,1
Suosikkipelien,1
Listaamisosio,1
Tpsjyp,1
Perhepeliin,1
Banterriin,1
Ooooooookooooooooooo,1
Buuc8ws,1
L660wl968maz,1
Korrektejä,1
Populaarikulttuurituotoksia,1
Tamineensa,1
Mmq5enf,1
Nauhakampanja,1
Kvaliteettia,1
Ikkääs,1
Selityslausetta,1
Äitienpäivänkään,1
Äitienpäivätarjous,1
Sydämenmuotoisista,1
Työssäkäynniltäänkin,1
Yläänestetyt,1
Kirjoituskenttä,1
Velvotteineen,1
Nuorehkoiksi,1
Inspiroivaakin,1
Ueohc,1
Kategorisoidaanko,1
Tägätaankö,1
Pelikokoelmiin,1
Arvosanaennusteen,1
Hajontakäyrän,1
Optimointikeinoja,1
Alkupostissa,1
Pulen,1
Tmygpx23px4,1
Pham,1
Helppaan,1
Kemiamme,1
Lankeuduttua,1
Näytöpäätettä,1
Fe83m2b,1
Lytistyisi,1
L8dezts,1
T5x1bn2,1
Iud5uyr,1
Skaalausongelmalta,1
Oletusasetuksiin,1
Yhteensopivuusasetuksista,1
Skaalaustiloja,1
Ruduun,1
Ongelmassani,1
Hgaffpm,1
Trumpmössöpullavätykset,1
Perusdraamaa,1
Keikkuvalle,1
Kansallisvelvoitteesi,1
Suunnatty,1
Pieninäyttöisellä,1
02hf4nz,1
Bruteforcetettavaksi,1
Bruteforcettamisesta,1
Bruteforssaus,1
Iskupisteen,1
Screenshottisi,1
Screenshottis,1
Rölläisit,1
Mahmutti,1
Naarasmetsoja,1
Skedesivät,1
Hyväveliverkoiksi,1
Kyrildisiäkin,1
Hopeasijasta,1
Vähäpätösissäkin,1
Petroskoilaiset,1
Yleissubredditille,1
Ratsastuskurssille,1
Toimitusosoitteiden,1
Deterrenttejä,1
Vuokaavioon,1
Seuraav,1
Työpaikkapotentiaalia,1
Paikkansakaan,1
Varjoelämää,1
Toinentuntematon,1
Kuolemanrangaistus_suomessahttps,1
Äärielämyksen,1
Katokseni,1
Numeronäyttöjen,1
Piinalliset,1
6vtskgzgvk4,1
Neutraalisukupuolen,1
Minionitkin,1
Yhdysvaltioiden,1
Rangaistuspataljoonat,1
Muistelmakirjasarjaa,1
Rangaistuspataljoonakokemuksesta,1
Rangaistuspataljoonan,1
Tankkidivisioonassa,1
Edellyttävistä,1
Hellittelystä,1
Vaccinara,1
Bwahahahaah,1
Lempipeleikseni,1
Stonesoup,1
Henksuhinnoilla,1
Bikmäkkiin,1
Kqp7dlo,1
Nojatuolipsykologisesti,1
Maunin,1
Bigdataanalytics,1
Lounastapauksissa,1
Zumbatunti,1
Kiikkunu,1
Ykkösperiodi,1
Väittäisen,1
Käsittämättömilä,1
Ammattihenkilöiksi,1
Haina,1
Tiedottamiskielto,1
Lennu2018,1
Tsufea,1
Whvu5,1
Erikoisliikeen,1
Piilotyöpaikkana,1
2015111920695285_tb,1
Piilotypaikat_eivat_ole_myytti,1
Tyonhaunopas,1
Loyda_piilotyopaikat,1
Loskakurapakakelin,1
Joskusaåduihasdökonaasdmd,1
Tekstilapulla,1
Seksihui,1
Sutvaantuu,1
Hyönteisvartaita,1
Vastuulehtorin,1
Nojatuoliekonomistien,1
Dumbsizing,1
Vaihtuvalta,1
Halusimmeko,1
Napsinyt,1
Käteiskassoja,1
Kotiliittymäänsä,1
Sarjatehtailijasta,1
Miesfeministiltä,1
Somepaahtamisen,1
Follareille,1
Alaveneilijöiden,1
Amariikan,1
Tohtorinopintoihin,1
Strategiakategorioihin,1
Historiaspergaajalle,1
Fantsukomentajalle,1
Graduryhmän,1
Ralluenglannilla,1
Supplementan,1
Medival,1
Korottajista,1
Poolaaminen,1
Sipsimainoksia,1
Persesilmänpimeän,1
14947_kasikirja_suomi_20062012,1
8bdfb75e4d2ad288,1
Paremmapana,1
Liikkuvuutena,1
Unknownia,1
Valovirittäjiä,1
X_b,1
Sekaantumiseenkin,1
Heimotyypilliset,1
Synoonymi,1
Ruhjominen,1
Skaalausasetukset,1
Emergentistä,1
Pelimieltymyksiin,1
Tastedive,1
Z8_gumt0k8o,1
Trendikkyyksille,1
Tärkeilijöille,1
Tinalakin,1
Skateboardingmagazine,1
Rockboard,1
Descender,1
Westcoaststylez,1
Lg_mountain_board1,1
Kihlakunnanoikeudelta,1
Tarkistusoikeudella,1
799ku8,1
Cnn_yhdysvaltain_venäjätutkinnassa_on_hyväksytty,1
Dp0txov,1
Ärsyyntyyhän,1
Kuusivuotiaatkin,1
Movenberin,1
Valistussotilas,1
Anglismihapatus,1
Diilaathan,1
Kättöönottamiesn,1
Lisävalosetin,1
Pöytiinjuoksua,1
Jätskiannos,1
Tarjoilijatyttöset,1
Epävakaisemmaksi,1
Vesvoimaloilla,1
Asioimasssa,1
Hqmzxelxc,1
Ilmannikn,1
Pakein,1
Elokuvataiteellisin,1
Akattomuutta,1
Leipeekää,1
Perusvietteihin,1
Limomadi,1
Ylittävätköhän,1
Vaalilaulua,1
Oikeusnivaskoja,1
Sarjatekijöitä,1
Tarkistusmahdollisuudella,1
Valeostoyrityksen,1
Elektroniikkkaa,1
Vegehörhöilyyn,1
Näytteilijöitä,1
Tofuleipurien,1
Luennoitaisiinkin,1
Brittiyliopistoihin,1
Tutkintouudistuksetkaan,1
Läsnäolevilta,1
Surkeanlaatuiseen,1
Nupulakivienkään,1
Auheuttamia,1
Täysni,1
Ruoholahdenkatu,1
Yz747j0qbpe,1
Luetteloivat,1
Livecareer,1
Kouluttautumisasiantuntija,1
Olkiukkoudella,1
Työturvallisuuus,1
Ensiapukorttia,1
5i5h1fy,1
79fnlx,1
Rsuomi_on_joukku_helposti_liipaistuttavia_poikia,1
Corsaireista,1
Touhuuni,1
Lipunmyyntituulella,1
Monimutkaistamalla,1
Tasakylkinen_puolisuunnikas,1
Ajatuskukkasten,1
Alakorkeuksien,1
Lätkäkatsoimoihin,1
Sokeriaine,1
Foodresearch,1
Rinkirunkkusiilo,1
Jenkkipainotteiset,1
Vegehörhöilyä,1
Kathryndill,1
Theladders,1
Parkkivaloiksi,1
Etuparkkivaloja,1
Pistesysteemistä,1
Työnhankintataitoja,1
Ruokarahasi,1
Tekemälölä,1
Etuusmäärillä,1
Harkinnavaraista,1
Huijanneelle,1
Matematiikkal,1
Mb6,1
Postittaneen,1
Virtuaalihömppää,1
Fyrkankäärimispolitiikka,1
Loitsioita,1
Trasnformoivia,1
Eksyneinä,1
Duuniksensa,1
Pankkikirjautuminen,1
Sijaintipohjaisen,1
Liipaistumisherkkyyteen,1
Mielipideherruutta,1
Alaäänitulituksen,1
Webkay,1
Robinlinus,1
Skriptilähteiden,1
Peskataareja,1
Venhostasi,1
Periskooppiakaan,1
Uhraamaatta,1
Tarkoitushakuisuuttani,1
Asianajajamaksuineen,1
Yläleveyttä,1
Oranssinsävyiseksi,1
Ympäristösuojulait,1
Ympäristösuojelulait,1
Työntekohaluihin,1
Suurvertailussa,1
Kontrollihäiriöstä,1
Teollisuusvoima,1
Poikatukkaisena,1
Sausagen,1
Kommenttiruudun,1
Kyynisimmillään,1
Ykkösvaihtoehtoa,1
Elokuvasovitusten,1
Suunnikasta,1
Puolisuunnikas,1
Välikokeeseen,1
Feministivihalla,1
Tehokkuusindeksiä,1
Shoppaukseen,1
Jääkiekkohallit,1
Runkkukerhoon,1
Piikkilankaesdeed,1
Miinakenddä,1
Konepisdoolimiehed,1
Kuulovartiossa,1
Däi,1
Eearly,1
Accsess,1
Sociksesta,1
Sisältösubeihin,1
Perusteltunakaan,1
Pyrittyyn,1
Käytöskoodin,1
Keskusteluketjuille,1
Tuomiovalituksissa,1
