Erreyksen,1
Kunnianhimoki,1
Salakuuntelemisen,1
Tietokoneala,1
Junioritehtävistä,1
Tietoliikennejuttuja,1
Datagnome,1
Psyched,1
Raivoseisokkinsa,1
Murhaoikeudenkäynneistä,1
Us_59b0772ae4b0c50640cd646d,1
Partiotaidot,1
Kolikkopakkia,1
Taitomerkkiä,1
Näytöntuijotusta,1
Eurooppapatentista,1
Eurooppapatenttien,1
Bioteknologisesta,1
Uutuusvaatimuksesta,1
Patentoitavuuden,1
Hyväntekeväisyystyökeikka,1
Eräjormailumatka,1
Ämpärilistassani,1
Yliviivattukkin,1
Huostaanotettais,1
Hosianna,1
Yjsiv0stqu4,1
Koulunvierailumatkalla,1
Vinkkiäkin,1
Yhteenkirjoitussääntöä,1
Hyväntekeväisyysmatkasn,1
Asevientiboikottia,1
Ylidramatisoituneesti,1
Graanin,1
Pistekirjoituksena,1
3x190vo_d,1
Lisälaitteessa,1
Ponnahdisikkunoita,1
Nävertämiseen,1
Rämettämiseen,1
Ristisotureilta,1
Paikallisistä,1
Nenämiehistä,1
Vuoteeseesi,1
Qf1vzinz,1
Autonvahaus,1
Osteoarkeologian,1
Storån,1
Perimätyyppiin,1
Raportti_final,1
Mantelimassoja,1
Musiikkikirjan,1
Aaannaaa,1
Aaaanteeekssiiiii,1
Napattavaa,1
Liipaisimenveto,1
Kynkin,1
Velanperintätilanteessa,1
Fixutaksilla,1
3aappointment_of_special_counsel_to_investigate_russian_interference_with_the_2016_presidential_election_and_related_matters,1
Vahailu,1
Naarmuttomaksi,1
Lumiharjasta,1
Harjallisesta,1
Myllytellyt,1
Oletuskoko,1
2a0,1
Linnavuoresta,1
Linnavuoreen,1
E_qx9fzvkds,1
Ikkunanpesusuihke,1
Pujottelus,1
Potkeminen,1
Pupunikkari,1
Sosiaalip,1
Sosiaalipäivystyksessä,1
Sosiaalipäivystäjä,1
Vaippavanhus,1
Chapolta,1
Valkonenäinen,1
Vqluonkqh94,1
Pullonpalautusmasiinaa,1
Tuulikaapeista,1
Maanviljelytaito,1
Varomattomuudet,1
Pullomäärän,1
Kermaleivoksia,1
Höystöt,1
Myllyttämättä,1
Pilsneripullosaaliimme,1
Pysähtyneeks,1
Partionohjaajat,1
Verosuunnittelemalla,1
Piirtokäyttöön,1
Cosplaykisan,1
Palautusautomaateista,1
Avioerokaan,1
Sokeririnkulamössöpullat,1
Täyttöpuolue,1
Drakass,1
Konttoorissa,1
Martsin,1
Pullonpalautuspiste,1
Kuittiaikaa,1
Normitarjous,1
Eronikin,1
Immoihin,1
Eläkesäästövakuutukseen,1
Bikodqgezf4,1
Musatunteja,1
Bänditunneilla,1
Instrumentillaan,1
Pulloautomaatteja,1
Grunttihommia,1
Raiskausjoukki,1
Litteähkönä,1
Ammattiapuja,1
Mansfieldkin,1
Saagakokoelma,1
Vastaanhangoittelua,1
Mikronaarmut,1
Autoautismin,1
Europiraattia,1
Myllytyksien,1
Myllyttelet,1
2lmkwsayaze,1
Räpätessään,1
Hyvätyttöanteeksi,1
Karttahomman,1
Aivoistasikin,1
Kunnankirjastoja,1
Kolmoistutkintoa,1
Sluibailevista,1
Miekoissaan,1
Suojissaan,1
Pikaviestistä,1
Sparklycovertravenprimeme,1
Erikoissyyttäjien,1
Alkusekoituksen,1
Dipiltä,1
Pykellät,1
Sahanpurujen,1
Kolmiolääkepakkauksesta,1
Kusiaispesäntie,1
Jauhokuonontie,1
Jauhokuononmaan,1
Jälkimahdollisuuksineen,1
Eroryhmä,1
Suomalaineneroseminaari,1
Erosta_elossa,1
Viikinkiakaisia,1
Sodistahan,1
Kompromissitekstin,1
Suomen_muinaislinnat,1
Pakopaikkoina,1
Levotomalla,1
Hävityssodankäyntiä,1
Muinaislinnasta,1
Ybz,1
Ced51_i,1
Vcspom_8h4i,1
Aaaaaaaavsc,1
Ccerkwgq93e,1
Kklv,1
Viikinkiaikaiset,1
Viinapulloissa,1
Kolmiolääkepaketeissa,1
Riviväleihi,1
Janeiroa,1
Maitkapäiväkirjoja,1
Verolevylle,1
Verkkokytkentöjen,1
Valokuituhommia,1
Liittyviäkään,1
Epäsystemaattinen,1
Suomijoukkue,1
Humatilaa,1
Nettianekdootit,1
200ish,1
Karttojailmanuuttaseelantia,1
Gigatin,1
Edirnen,1
Derperos,1
Jääskrapan,1
Matematiikkaneroina,1
Hallitusohjelmaamme,1
Turvallisuuspoliisilla,1
Sangre,1
Torossa,1
Dastiksessa,1
Verkkoprotokollahommat,1
Datista,1
Kompyyter,1
Jätesäkkiluokassa,1
Myllyttelijöitä,1
Lumilinnaksi,1
Pinnoiltakin,1
Virtuaalitarroja,1
Nörttihaballa,1
Esimergin,1
Argumentointimenetelmästä,1
Riisivarvas,1
Coatilla,1
Pakkasääntä,1
Rgyysfz,1
Juroimmallekin,1
Freeholder,1
Karvasmanteliaromista,1
Kojumyyjäks,1
Runnonnut,1
Theawesometeam,1
Lirbän,1
Lärbän,1
4dcqoyhzrqe,1
Spinneritki,1
Putsaamattomuus,1
Kremlininsankari,1
Paskaliikkeestä,1
Perustuslakimaiseksi,1
Biteillään,1
Aitamaisempaan,1
Rajanyritykset,1
13h17m36s,1
Henkilöautomallisesta,1
224a7636bbaeaebbb8495e6916c24fc2,1
Tuoreruoat,1
Vaatevalikoimakin,1
Yksinkertaistuneen,1
Supermarkettimaiseen,1
Velkakolosseja,1
Talvikalaan,1
Pilkkipalli,1
Vallasväen,1
Kumartuivat,1
Hauenpäätä,1
2flmorwmybsikbkarrq141,1
Vog5xgw_qgshhapyeer93w,1
Kiillotetaa,1
Merenkäyntikin,1
Autoautismi,1
Renkaitakaa,1
Tunneksä,1
Crescentia,1
Sijaisperhetoiminnalla,1
Palkinnonjakotilaisuudessa,1
Karjuisinko,1
Tyynynne,1
Puremisvalmiuteen,1
Sakkopahoinpitelyjä,1
Nyrkinlyönnistä,1
Laulannassa,1
Suosikkiyhtye,1
Bemarinvirittäjät,1
Valokuvioltaan,1
Poliisi_pyytaa_havaintoja_taksista_77493,1
Ukonperse,1
Akanperse,1
Qualifiereihin,1
Raskasmetallitakapuolta,1
Kuklrgdqbfm,1
Paskainenidea,1
Bottond,1
Uskoontulleita,1
Korkeaoktaavisemmat,1
Seurapakkoa,1
Fislamismi,1
Varmkstettu,1
Korrekkiin,1
Mantelittomia,1
Allergeenisyistä,1
Torttuloisissa,1
Laskiaispullasesongin,1
Pullasesongin,1
Nielellään,1
Mamutaksin,1
Menzerna,1
Myllytysaineita,1
Pohjatöistä,1
Viimeistelyaineella,1
Fiksareiden,1
Cyclokopiolla,1
Amatöörikään,1
Kiilloittelu,1
Saunailloille,1
Kirottu_saunakoira,1
Taksiketjussa,1
Antitheft,1
Sydeemillä,1
Reuhtoisit,1
Ulkokahvaa,1
Pistekirjoitukseksi,1
Brailleksi,1
Harrasteluelektroniikka,1
Arvotausta,1
Vinepair,1
Ovisissa,1
Vähempiholista,1
Sangriassa,1
Asetajaksi,1
Datanomeina,1
Peltimakkaraperunat,1
Kotimättöä,1
Kivestenraaputtelukurssit,1
Oonalla,1
Ylijuoksu,1
Ratsastuslajeissa,1
Passiivimuodon,1
Viikinkimallia,1
Marttini,1
Suunnittelullisesti,1
Fiskarseista,1
Yysärillä,1
Räkiksinä,1
Panttirahan,1
Retkikirvesvaihtoehtoja,1
Wbnxzgzvmue,1
Turvapaikkapolitiikkamme,1
Työpaikkavahdit,1
Sipilismi,1
Retkikirveessähän,1
Vaelluskirveessä,1
Halkeluun,1
Toimivastikkin,1
Mikätahansamuu,1
Puupaikoilla,1
Näkkileipäänsä,1
Ovfujkyqmou,1
Larrystä,1
Sitomisleikit,1
_vitussa_,1
Superisomustaaukko,1
Varttamaan,1
Nuotiotaisteluvälineen,1
Ruostealttiita,1
Avautumistyyppisen,1
Natsilarppaamisesta,1
Kohulausuntoaan,1
U3wim1mj,1
Petrirautiainenpuheenvuorouusisuomifi,1
Elakesaastamisen,1
Vesittaa,1
Ainakait,1
Teräsuojaa,1
Leiritulet,1
Klapikirveenä,1
Toistaustoisten,1
Awikasta,1
Zncephwudsw,1
Memeläppä,1
Konesalitunteja,1
Nieleleskelyversio,1
Agyrkf,1
Vauvakriisi_jos_sama_meno_jatkuu_maahanmuutto_on,1
Eea69l5,1
The_culture_of_critique_series,1
Ahr9bh,1
863_vuotta_sitten,1
Monimutkaisimpaakin,1
Kekseliyydestä,1
Hiljattaisissa,1
Enemmistöänsä,1
Lauhtuisi,1
Keskittymistilassa,1
Voittajafiilistä,1
Perusviini,1
Radikaalihullu,1
Baarileffassa,1
Kiinabulkille,1
Mukasuvaitsevaiset,1
Äänestyskokousta,1
Toimittajasalaliitto,1
Toimimisesi,1
18ii,1
Veistovempaimelta,1
Vaellussauvan,1
Hutiloin,1
Turvaseikat,1
Nahkaremmikin,1
Pinnottamattomuus,1
Veistohommiin,1
Terotusvälineitä,1
Mineraaliöljykin,1
Työkalustaan,1
Kavahöylänä,1
Kokouspuheluiden,1
Opetellla,1
Baarielokuvilla,1
Huippumisukka,1
H_1577,1
Posteliooneja,1
Arominvahvennettakin,1
Vertailukohteissaan,1
Korrektoituun,1
Elokuvanaytos,1
Velkamääränsä,1
S3e8j,1
4rd6y,1
Kermavaahtotorttu,1
Poliitkolla,1
Väkivaltatilastoilla,1
Maantuotosta,1
Vihervasemmistolaisideologia,1
Gransförs,1
Brukin,1
Iskokin,1
Pehmette,1
Ag6kid,1
Muistutus_ett,1
A4_tammikuun_21_p,1
A4_on_seuraava,1
Ee43mh5,1
Saunominenkaan,1
Pyramidihuijaussukupolvi,1
Tääläkäänpäin,1
Mon_grel,1
Klapinteossa,1
Kirveenkäsittelyvirheitä,1
Taksivalikointi,1
Chernobyl_nuclear_power_plant_sarcophagus,1
Chernobyl_new_safe_confinement,1
N7amckinrwy,1
Halonnat,1
Yleiskirves,1
Veistokirveenä,1
Nunchaku,1
Teroitettavalle,1
Retkeilyhommiin,1
Kirvesanalogin,1
Kuljettajakurssia,1
Nahkaremmistä,1
Kitkavälineenä,1
Ponnettomuus,1
Bunnyhopattiin,1
Pommisiteille,1
Puukontekeleitä,1
Turistimyymälöihin,1
Joukkoraiskausista,1
Vaikuttamisoperaatiosta,1
Advxua,1
Ylen_toimittaja_muutti_tarinaansa_ja_päätyi,1
Kwaa5,1
Vientikelpoiseksi,1
R860,1
1074818_1_style,1
Kertakäyttörakenteesta,1
Pseudotutkijoita,1
Politiikkakeskusteluksi,1
Pääministeriltähän,1
Työnsarkansa,1
Luontaishoitola,1
Meetuppia,1
Retkikirveinä,1
Työhyvinvointii,1
Kännipuheillaan,1
Rauhantarjouksen,1
Tohtoriksihan,1
Neuvostoimperialismiin,1
595a03bb4,1
Loudaus,1
Qzdo6bd,1
Kehoitettin,1
Teeeeeeeervetuloa,1
Tiiiin,1
Ilxxlxzgeqc,1
Perinteseen,1
Läpireikään,1
X7sta,1
Kiinnihitsattu,1
Puuvarren,1
Läpipulttaamalla,1
Pöyristyneeksi,1
Humpuukeihin,1
Ahxmx8,1
Imperiumin_vastaisku_kuinka_valtamedia_yritt,1
Litteeksi,1
Avauspäässä,1
Laskoksille,1
Jugut,1
Estradan,1
Estradat,1
Pikkukodikseen,1
Trollat,1
Easycap,1
Videosieppari,1
Poikaiseni,1
Heinähuonehesta,1
Kirvehensä,1
Reunaisena,1
Valeuutisonitia,1
Taivaassamme,1
Teollistumisensa,1
Timanttinipsut,1
Vihervasemmistolaisideologian,1
Vihervasemmistosalaliitosta,1
Reissukirves,1
Tilannetyökalu,1
Eräilyihin,1
Jogurttitetrasukkahousuja,1
Jogurttijämät,1
Jogurttitetra,1
Ansaitsemaltaan,1
Trollailulle,1
Äänestysketju,1
Wiki_11,1
_which_songs_are_eligible,1
Givern,1
Chichi,1
Oorxbvrmqm,1
12m8tr9mwx6xo,1
Yleesäkin,1
Repäisynauhaa,1
Jäätelöpakkauksissa,1
Tähtäyssuunta,1
Vaelluskirveeksi,1
Skramakin,1
Halkaisutoimintaan,1
Lisäkiilana,1
Athabasca,1
Germaanimaita,1
Rikoksentekomahdollisuuksia,1
G080002ex1,1
Keksinnöllisyydestä,1
Domeij,1
Norsteds,1
Juridik,1
Historyy,1
Claimeihin,1
List_of_patent_claim_types,1
Salssapitosopimusten,1
Huonostiruostuvaa,1
Terästyyppiä,1
Teroitetusta,1
Puoleutta,1
Kiinakirveillä,1
Vahingonrajoituslauseke,1
Salassapitovelollisuuden,1
Soveltumatta,1
Tiedonantajamyönteisesti,1
Luovuttajamyönteinen,1
Mallivalityslausekkeet,1
Valityslauseke,1
Mallilausekkeen,1
Audipaikka,1
Audipaikkoja,1
Viidestuntia,1
Väistinkorimiekkojen,1
Peukalopainotteinen,1
Väistimen,1
Fasaanifani,1
Immasta,1
Latukahvilakin,1
Halpatuotantomafiosojen,1
Suolihuuhtelulankaan,1
Pvkm3pozb4z11,1
Jaw80ee,1
Xesz2lz7rhe,1
S1053535708001789,1
Haistelinkin,1
Vettee,1
Kätteenki,1
Naarun,1
Alaseks,1
Lähipiiriissäme,1
Veivilista,1
Hiippakuntalista,1
Ämpärilistasta,1
Tyhjänpotkaisulista,1
Muistutuslista,1
Kovennetusta,1
Muotiblogaajia,1
Muotiblogeja,1
Painoihanteet,1
Perustajanaama,1
Kyttäpuolueeseen,1
Kokkeleihin,1
Marcheeseen,1
Autolista,1
Venejutut,1
Harrikkakin,1
Materialistisemmalta,1
Ärräsuomesta,1
Sivarilomakkeeseen,1
Luonnonvarakeskuksessakin,1
Mökkiveneitä,1
Neukkukuutioyksiöt,1
Ducatokaupoille,1
Telttaelämään,1
Vankilajakso,1
Alanaapuri,1
Väkivaltarikollisetkin,1
Vankilarangaistusjärjestelmää,1
Eduardilla,1
Pyhäkouluihin,1
Normaaleimmalta,1
Polvetki,1
Sähkäripaperit,1
Mahduttaen,1
Hyödyllisyysmallia,1
Patenttiahan,1
Hyödyllisuusmallinakaan,1
Lakeilin,1
Narskuttele,1
Kostoraiskaukset,1
Slummilähiöt,1
Hallitukseksella,1
Muotiblogeistakaan,1
Laihdutustikkareita,1
Nimikkeistään,1
Saunakissani,1
Waikeaa,1
Finlandiasi,1
Saunakuivaan,1
Vaelluskirveeseen,1
Vaelluskirveestä,1
Yleiskirveen,1
Erikoiskirveissä,1
Iwar3szpgeiwkq,1
Hbnn5omxlhyvdyurzczioygxyok53qvtnupplj6dqnmb8o,1
Huutomerkkejäkään,1
Stephen_kotkin,1
Ennaltasovituissa,1
Rotusortosekoilua,1
Nökövammainen,1
Tutummillakin,1
Ketsuppilinko,1
Jogurttipurkilla,1
Salihanskoilla,1
Hanskahanskoja,1
Grippseihin,1
Salihanskojen,1
Kirjepommintekotaitojaan,1
9rmolt,1
Poliisi_ottanut_kiinni_miehen_r,1
A4hdepakettien,1
E8jcxop,1
Aftjco,1
Mythoplokos_on_palannut_lomiltaan,1
Ee1hn8g,1
Kumiruoskia,1
Alkupääomiakin,1
Talousryhmät,1
Harrastelijasijoittajana,1
Ahqewl,1
7_päivää_läppäjäbä_saivon_ownaamisesta,1
Eejz0wt,1
Vanhoillisuuskin,1
Groomailuista,1
Khejkhej,1
Puskaraiskailua,1
Joukkoraiskailua,1
Iskutyökalu,1
Insinöörismi,1
Taikaniksi,1
Tykkylumitilannetta,1
Flexikäyttöön,1
Alkupäiviä,1
Datamonillahan,1
Firmantapaista,1
Grafiikkaskillejäki,1
Yrittäjyysjuttujen,1
Datamonikoulutus,1
Amisleikkaukset,1
Datamoniopintoja,1
Insinörttikoodariksi,1
Julkaistuaki,1
Puusepänki,1
Alkushokkia,1
Sijoittamisuutinen,1
Tuolloinkaano,1
Kehitety,1
Sotiläskäyttöä,1
Ikkunakalvojen,1
Rähmäkiveä,1
Silmänkantamaa,1
Juristikunnalla,1
Osakesäästämisestä,1
Asesuunnittelusta,1
Urheilukirves,1
Nykykoneisiin,1
Valvontatehtävien,1
Groteskeinta,1
Ambianssi,1
Vallitseekaan,1
Beelzeboss,1
Vobkxut9da4,1
Vaijerimalli,1
Työtekniikat,1
Treenihanskat,1
Anthracite,1
Pihakissoja,1
Hakuis,1
Keskihakuisvoima,1
Ympyrärataa,1
Pystyseinästä,1
Viserryksiin,1
Agkb7v,1
Oikeistoa_sai_syyllist,1
A4_asemaaukiosta_ja_rajat,1
Ee9lrr7,1
Lähtöpanoksen,1
Lähtöpanokseksi,1
Kuntosalikortit,1
Kaapelitvt,1
Fb19b5286291ac1c5bc6a9b029b07c75,1
Kultalusikkaperseille,1
Hammastahnapötkön,1
Mandaattinne,1
Imigra,1
A3o_,1
A1rabe_no_brasil,1
Italianmanolo,1
Jumpstarttasinkohan,1
Ilmoituksiakaan,1
Kokonaisäänestystä,1
Ristiinnaimiseen,1
Integoitumista,1
Bongejakaan,1
Jalkapalleineen,1
Yhteiskustannuksistakaan,1
Wouldst,1
Maggur,1
V3dk1tolrjo,1
Chicagolaistuvia,1
Talentille,1
Sijoittelija_muija,1
Integrointitempussa,1
Jogurttejakin,1
Maahanmuuttoperusteella,1
Ilmastonmuutosperusteella,1
Muilalkin,1
Dadadadddudndundundudnudndundundunddunfudnundudnudnudndun,1
Lamarista,1
Parisuhdetaidoista,1
Auraburgeri,1
Lurggaan,1
Kiskaistulla,1
Halivuud,1
Paneelitki,1
Lämppäriki,1
Näyttätymään,1
Toppuuttelisivat,1
Filososofiaan,1
Työllistymisdataa,1
Keskustelua_meilla_ja_naapurissa_osa3,1
Nelinkertaistin,1
Betsaajasijoittaja,1
Enemmistötapaus,1
Valtasuhteeseen,1
Massakarkoittaa,1
Viestimessa,1
Seksuaalirikosilmiötä,1
Metelini,1
Purkkiinkin,1
Mumumumutku,1
Leimaimen,1
Kertasijoituksilla,1
Pienennetyn,1
0gu35tgtlmg,1
Rvrmujmtif5h1eszsnbocao0mr0,1
A532b438ad591e38ad22b753cd549581d5b62e50cacf0bb426622c880bd5970c,1
Vinkithän,1
Whatabouttailit,1
Moninkertasessa,1
Kentekeroth,1
Säästötilisopparin,1
Sijoittaminem,1
Rulettikin,1
Alkusijoituspääomaa,1
Kasvuprosentteihin,1
308m,1
Kuolemaantuomitutkin,1
Jackpotti,1
Klabbeihin,1
Templatei,1
Jogurttihan,1
Tahmeella,1
Talttaporakone,1
Tasottelin,1
Kuuuuuuninkaita,1
Tomsille,1
Viidakkorumppu,1
8qqoloq2ci8,1
Kiljupönttökin,1
Brändikirveet,1
Teräslaaduissa,1
Retkikirvespuutyöt,1
Artisaanitakominen,1
Blackjackkiin,1
Lukemises,1
Seinäkatuvedonlyönnit,1
Haluttomuudellaan,1
Kevytraiskauksen,1
Otevoima,1
Ymmärtämiselläsi,1
Aspitili,1
Kultalusikkalainen,1
Hiustenkuivaajal,1
Asetuksel,1
Zubeh,1
B000uvhht6,1
Suomalaisjengien,1
Hukkumisvaaraan,1
Kidutusvaara,1
Pahemmanlaatuisena,1
Moottoripyorajengi,1
23magakid,1
Hakkauttamatta,1
Äitiyspäivärahaan,1
Dďddddddd,1
Matalatuloisista,1
Satsku,1
Tehtävälomakkeet,1
Toimittajanalulle,1
Päättymisenn,1
Americanbar,1
Crsj,1
Human_rights_magazine_home,1
Human_rights_vol29_2002,1
Spring2002,1
Hr_spring02_vitiello,1
Persulais,1
Bitconeeeeeeeeeect,1
Etäkäynnistys,1
Toimintasäteeksi,1
Lähtöajankohdan,1
Työllistäävää,1
Tarkeneen,1
Lauluharjoituksia,1
Piiskamalla,1
Nöyryytyskursseilla,1
Nuorisotyöttömille,1
Saarnanimikkeet,1
Hämmästelemästä,1
Ulkokoiriin,1
Oravainventaariota,1
Uudelleenarviomaan,1
Hakemuslappuun,1
Karjaamisen,1
Raiskausongelmaan,1
Harkkatyönsä,1
Digihömpästä,1
Umpijäisen,1
Umpeutunutkin,1
Roikannokassa,1
Vesittyivät,1
Lapsiseksijärjestöjen,1
Pedogogiikasta,1
Lapsiseksijärjestö,1
Työntkuvaa,1
Vöhintään,1
List_of_development_aid_country_donors,1
Säteestä,1
Ihmitellän,1
Otsikkonostona,1
A8214781,1
Paheksunnaltaan,1
Välikattoihin,1
Tiiliseinistä,1
Kipsikuonaseiniä,1
Askelääneneristys,1
Laadukkaimpiin,1
Äänieristävyydessä,1
Äänieristysmittaukset,1
Laadukkuudessa,1
Lattiarakenteita,1
Betonielementeillä,1
Äänieristysstandardit,1
Työllistymishommissa,1
Valosaasteisella,1
Ajastinkaan,1
Vaihteenvaihdoissa,1
Palkkastaan,1
Äänitallenteeksi,1
Kustannusluokkaa,1
Pakkasennätyksestä,1
Trendikuvaaja,1
Toimeksiantokatto,1
Tthermon,1
Letkulämppäriä,1
Valeuutisisista,1
Rasistipojat,1
Toiminon,1
Seniorisarjoja,1
Kilpaluokkia,1
Abortinvastaisesta,1
Crackereiksi,1
Faggoteiksi,1
Qs0yo9gsi2k,1
Superverisusikuusta,1
Ensikertalaisbonuksesta,1
Ääniaaltona,1
Ylipalkatulle,1
Katumusharjoitteita,1
Esimerkkivastauksessa,1
Oppilaskeskeisestä,1
Alkukankeudeksi,1
Punalippalakkinen,1
Muuttoilmoitustiedot,1
Murhaajamuutto,1
Tepsuttelu,1
Laitostoitunut,1
Paskakurssien,1
Akustiikkapaneeleita,1
Akustoituja,1
Akustiikkaseinä,1
Betonipalkki,1
Heijastamille,1
Sirottamille,1
Akustiikkainsinöörit,1
Unelmatyötiloja,1
Loppbunny,1
Pedagoogista,1
Rehtoreitakin,1
Mahtoipa,1
Villakangasmantteli,1
Villavaatemäärän,1
Työllistämisvalmennuksia,1
Pallomerikonsulttifirmoissa,1
Äitiyslomaakin,1
Piirreety,1
Julkaisukerran,1
Sao_paulo_income_inequality_1400_933_80,1
Sao_paulo_favelas_1200_800_80,1
Yhteiskuntapalvelut,1
Ekgfndbr0bs,1
Da3mu1ydave,1
Kirjastoreissun,1
Alanvaihtajalla,1
Työllistämisvalmennuksen,1
Rangaistuskursseihin,1
Työnvälitykselle,1
Työllistyessäkin,1
Perustulokokeilulla,1
Puheluhaastatteluja,1
Arabimaahanmuuttajansa,1
Buttista,1
Kepualueen,1
Veroraharallin,1
Alueellistamistukia,1
Aktiivisuuspisteitä,1
Riskisijoitettaisiin,1
Huumetakavarikkokuvalta,1
Clienttikohtainen,1
Paladineja,1
Aawc56,1
Suomessa_kiinniotetun_ven,1
A4isnaisen_kohtelusta,1
Poliittissävytteiseksi,1
Abxchy,1
A4_vakoilee_natosotilaita_kuntoilusovellusten,1
Kuntoiluäppien,1
Korkeakouluttautuneiden,1
Koulutuskustannuksien,1
Polykarbonaattilätkät,1
Kättenkii,1
Kampusoikeuksista,1
Arabeistä,1
Kohtaamistiloissa,1
Kohtaamistilat,1
Monitoimitilassakin,1
Oppimisapu,1
Kieliargumenttisi,1
Rangaistuskurssien,1
Boikotoiminenhan,1
Italialaist,1
Saunanvalmistajien,1
Fysiikanopinnot,1
Huumoriteräksestä,1
Teroittais,1
Yhdistysmeemi,1
Orjaväestön,1
Arabimaahanmuutolla,1
White_brazilians,1
Brancojen,1
Brasileiros_brancos,1
Strategiassani,1
Osinkosijoittamisellakaan,1
Capital_asset_pricing_,1
Poikaklopi,1
Kirottu_mehu,1
Lukuoikeuksiin,1
Wadauk,1
Scihub_ck,1
Pomputettavana,1
Ihmisraukkaan,1
Kirjoittajamaksun,1
Tilausmaksullisia,1
Lehtipakettineuvotteluissa,1
Pömpeliseinäkkeitä,1
Meijerisali,1
Todistetaakasta,1
Työmarkinatuella,1
Estolaitteita,1
Ai8jh8,1
A4t_pantiin_kokoamaan_maas,1
A4teilyn_estimi,1
Sarjayrittämisellä,1
Saunateollisuus,1
Esimerkillisimpänä,1
Viisinkertaistin,1
Tartuitpa,1
Digikonsultteja,1
Maanantaitani,1
Mustafar,1
Gunray,1
Separatistijohtajat,1
Mustafar_db,1
Lissu99,1
Sairausluokittelun,1
Nykystandardeillamme,1
Saunaelukka,1
Ääneenmyöntämistä,1
Takeawaykahvista,1
Ruoskinnalla,1
Työllistymistodennäköisyyksiä,1
Aktivointikeinoihin,1
Minimibudjettien,1
Tuplatason,1
Käsitteistössäni,1
Pääomavarakkaat,1
Rahaköyhät,1
Valekkaan,1
Höpökurssit,1
Höpöhöpökurssit,1
Arabimaahanmuutosta,1
Rios,1
Slummirikollinen,1
Eristäytyneisiin,1
Huumorisakot,1
Salahotelille,1
Huoraamistuloista,1
Lapsipornokuvan,1
Rollauksella,1
Kaljaosion,1
Vartiointina,1
Seuraumuksilla,1
Ptkääkään,1
Kahvilatyöntekijällä,1
Sekaantumistakaan,1
Teemakilpailuissa,1
Kannoi,1
Ukrainalaisnäkökulmasta,1
Tylsistyit,1
Lapiotaan,1
Urheilukilpailun,1
Tulosluettelo,1
Luettelosuoja,1
Kokoamistyötä,1
Luettelosuojan,1
Luett,1
Keräämistyön,1
Ongelmanratkaisuasennetta,1
Koskiei,1
Organisaattorilta,1
Therearenogirlsontheinternet,1
Moraalikiimoissa,1
Maalanneiden,1
Eläkepyramidihuijausrahaa,1
Suojatyöpaikkahimmeli,1
Faktantarkistusosastolla,1
Magneettikiviä,1
Elohopeavesiöverit,1
Lutskista,1
Yksilövalmennuksia,1
Siirtohaut,1
Kapitalistitapahtumaan,1
Valinnanvapaudeksikin,1
Feministihallituksesta,1
Teknologiauskolla,1
J3oytfsuyag,1
Szoebhq7hjq,1
Anarkomarkolaisia,1
Pennywisen,1
Erikoispiiirre,1
Kommandopipollaki,1
Tarkes,1
Paikantamieen,1
Verkkoanalyysiltä,1
Narkkamaan,1
Lähetystekniikan,1
Kansanlypsykoneeksi,1
Elleu,1
Domenico_dalessandri,1
49739421_oral_implications_of_the_vegan_diet_observational_study,1
0c96051b484ae6396f000000,1
Carious,1
Rehabil,1
Linkosalo,1
Syrjanen,1
Composi,1
Erosions,1
Dlaigan,1
Paediatr,1
Lihapitoisempaan,1
Vjv505mr36q,1
Pljeizp,1
Reikiintymisiä,1
Esquimo,1
Rprgtr_chly,1
Kellopelipoppelsiini,1
Muovitat,1
Esittelevällä,1
Pugilistican,1
Puolipilvi,1
1514x2048,1
Palkkioduunia,1
Ballmemes,1
Molemmatki,1
Avojäätaklauksia,1
Rinaldo,1
Sijotusyhtiöden,1
Kielletääb,1
Skalppaavat,1
Kunbes,1
Skalppaa,1
Holtittomuuteni,1
Canosti,1
Arts_kandivalinnan_tilastot_2018_fi,1
Foliohattukulhossa,1
Industrial_workers_of_the_world,1
Saunaelukoista,1
Sijoitustalkoisiin,1
Djos,1
Stevensistä,1
Taklaajia,1
Työllistämisvelvoitetta,1
Henkilörekisteriasiat,1
Rufnwlvqckg,1
Ittelläniki,1
Täysturhuuden,1
Urbaaniliberaalioikeisto,1
Trademonin,1
Junttaama,1
Syrjintälakia,1
Terävöitetään,1
Ennätyslämpötiloja,1
Yhteisösääntöjen,1
Normaalikäytäntöjen,1
Yhteisösääntöjensä,1
Af66jy,1
Radikaalit_valtasivat_perussuomalaisten,1
Jr6d5iny,1
0260ea5e,1
1qjc602jkpr6,1
Aakkosiakaan,1
Kirkollisveroprosentista,1
Superstaroille,1
Rivipelaajat,1
Johansenin,1
Scheifeleen,1
Udiwintra90,1
Kucherovin,1
Cmpn2azscag,1
Ekoihminen,1
Häkäpönttösaunaa,1
Suihkusaippuasta,1
Amstradien,1
Opetuspelien,1
Peluuttamiseksi,1
Komentorivitulkin,1
Copyrighttia,1
Ruskeatäplikkäitä,1
Itsekorjautumiskeino,1
Laatuvaatimusta,1
Työllistämiskelvottomaksi,1
Tutkivassakin,1
Arpomiseksihan,1
Hohtavalta,1
Plätyltä,1
Asuupi,1
Aposto,1
Inclinata,1
Elettronico,1
Velocitá,1
Mamujutusta,1
Kansallisuuttaa,1
Paritusiltapäiviä,1
Paremmistonäkökulmasta,1
Lohela_ja_harkimo,1
Pommiräjähdyksestä,1
Poisjättäytymisestään,1
Sepelvaltimotukos,1
Vitusapotek,1
Asiallisisakin,1
Kissameemut,1
Tunkeilevampaa,1
Treffiappeissa,1
Kuuluvatho,1
Koostumuksestä,1
Sosialisoiski,1
Brexitistähän,1
Paisleyn,1
Papisteihin,1
Kehopositiivisella,1
Miesvihatwerkkauskurssilla,1
Boffg5wnw_c,1
Tangokurssit,1
Vihatwerkkauskursseja,1
Supervihreähailcorporatekuu,1
Letkulämppäristä,1
Villapaitailmoja,1
Afvkeq,1
Puolueen_vaihtaminen_suomessa,1
Marseillensaippuoita,1
Talittomina,1
Enforcereista,1
Gamblaysta,1
Maanpimennyksen,1
Valokuusi,1
Mallasin,1
Eliittisyys,1
Vähälukuisuus,1
Runsaslukuisuus,1
Javakoodauksesta,1
Yksinkeritaistaa,1
Birdsi,1
_wall,1
A_random_walk_down_wall_street,1
_taft,1
_i1,1
Dbs_a_def_rwt_hsch_vapi_taft_p1_i1,1
Naistenlehtitason,1
Kommelluksiesi,1
1r0ni4mi3s,1
Tarjoavata,1
Risto_reippailija,1
Uutisisoinnissa,1
Irakilaiskaupungista,1
Supersusiverirankaisijahyperkuolemantähtikuu,1
Lämpimästäi,1
Jäähyväisluento,1
Haastattelumuodossa,1
Talousyhteyttä,1
Propagandalaitteisto,1
Lapsiseksia,1
Opiskelijanklopilla,1
Uhkapelauksille,1
Hengailutarkoituksessa,1
Tasokkaina,1
Nöyryyttäjiä,1
Lyöpäs,1
Aloituskysymyksesi,1
Hansenillakaan,1
N959471,1
Karkoittimina,1
D0cumc9uvio11,1
Talittomaan,1
Karenssinsa,1
Paskainenkysytieteeltä,1
Karenssisopimuksen,1
Aiahsd,1
Rikosoikeuden_professori_arvostelee_kansan,1
Materiaalinkin,1
Paistutaan,1
Automaattitoiminta,1
Koulutuskiekuroilla,1
Urakointisopimuksen,1
Ruugerin,1
Palkkajärjestelyihin,1
Upeit,1
Väestökysellyistä,1
Zjb3r4r,1
Vankilayötä,1
Kissankielella,1
Kiukkuselta,1
Karenssisopimuksia,1
Kyläraatia,1
Flinkkilässä,1
Bottii,1
Ehyywl2,1
Portaasi,1
Liukuesteen,1
Tähtipelaajistaan,1
Kakkosvaihtoehtopaikkaa,1
Seisovasilmäisimmätkin,1
Ihmispelinhoitajat,1
Juopumustilasta,1
Eekse,1
Ravintolapelipöydät,1
Osoitetietopalvelu,1
Meganslaw,1
Pelipöydissä,1
Estimiä,1
Sotilaselämä,1
99e59449b7554b81bd40770ce32aa322,1
Ravintolapelipöytä,1
Pdbjsfayiwa,1
Poppanen,1
Pakkoaktivoinnissa,1
Starttiboosterin,1
Aia934,1
Nappasin_my,1
B6s_kuvan_kauniista_leukoja,1
Siiina,1
Paattelee,1
Niidenhan,1
Huonilta,1
Prosenttituotoista,1
Seksuaalisväritteisemmäksi,1
Hekotelleeni,1
Murhaajamuuton,1
Peruspakettimme,1
Tekstiviestivaroituksen,1
Kodinturvatarjouksen,1
Turvallisuusyhteistyökumppaniltamme,1
Veriveriverisurelta,1
Umpisekopäiset,1
Monikulttuurikokeilut,1
Nettideittaluun,1
Nazarovaa,1
Wenjun,1
Konserniyhtiöhän,1
Lähinepalilaisessa,1
Shampoomahdollisuus,1
Ulkkaritytöt,1
Taustasateily,1
Mieskavereillesi,1
Paraglidingin,1
Hotjooga,1
Bingokuvilla,1
Algorytmeille,1
Vonkaustaktiikoita,1
Nollataulun,1
Selfieden,1
Chaittailu,1
Kyselytapaus,1
Lisätapaukseksi,1
Suurmmassa,1
Rohkaisevammaksi,1
Glofioisi,1
Lämpivyys,1
Eksoottisuuspisteitä,1
Sijoittasikin,1
Varakuuden,1
Tympäntymisen,1
Puheenjohtajapestin,1
Chattailyssä,1
Selfit,1
_loreal,1
Unelmaotos,1
Economy_of_sweden,1
Pilkkopimeetäkin,1
Kyssaisin,1
Edellisemman,1
Aib3e1,1
A4_aitoa_marseillesaippuaa_voi_ostaa,1
Lunastuspalkkioton,1
0cwmfuq,1
Kunniakerhon,1
Kaljastani,1
Allergiatunnus,1
The_forever_war,1
Uusimunresepti,1
Rinnakkaistallennetaan,1
Finelibin,1
Lemposarjoistani,1
Siirtolaislähiöt,1
Paskaläveiksi,1
Miniparannuksen,1
Opiskelijakaksiosta,1
Borneolle,1
Riittävänsä,1
Saavuttaessani,1
Kahmivana,1
Kohusanana,1
Pohjapapereiltani,1
Turkoosinen,1
Aktiivisuusrahaa,1
Koulutuslisän,1
Palkkasopimukseen,1
Yleishelpparissa,1
Tietoliikenteeen,1
Tietoliikennepuolen,1
Virtuaalilabralla,1
Asusteleepi,1
20sentillä,1
Villeimmissäkin,1
Algoritms,1
Pilkkasiko,1
Twrw4uyln7m,1
Deittailuilmapiirissä,1
Lähettykkään,1
Sukulaispiiriini,1
Pelinhoitajasta,1
Heikkopalkkaisella,1
Tavisperheestä,1
Säntääkin,1
Lasloom,1
Dina_ali_lasloom,1
Setiensä,1
Ekvatoriaalista,1
Sijoituskoulussa,1
Tekoisesti,1
Maatilahyödykkeitä,1
Aikkarilla,1
Näyttökytkentöjä,1
Facecrime,1
Viinadietillä,1
Ryntäämisestä,1
Kyosakin,1
Sulkapallomailoihin,1
Ponssin,1
Cäpännyt,1
Kaupankäyntikulunsa,1
Heterogeenisuutta,1
Aavutettavuudessa,1
Taikatarvikkeiksi,1
Taikahöpinältä,1
Kotiseuturakkaaksi,1
Huvirahansa,1
Valohälyä,1
H_798,1
Laintuntijoilla,1
Piikitysteltta,1
Kohtuuttomaksia,1
Väistötutkinnoissa,1
Yhdistelemäänkin,1
Sekakuoroon,1
Kissanmaksalaatikko,1
Kissamargariiniaki,1
Pelipöytiin,1
Kaatokänniörvellys,1
Alareddititjoihinkaaduin,1
Taklattava,1
Desv4fgsbsy,1
Tauklaukseen,1
Kucherovs,1
Soapmaster,1
Savondemarseille,1
Unylhw4xkvq,1
Pelurityttö,1
Asiakaspalvelukursseja,1
Oktaalijärjestelmät,1
Asiakaspalvelukurssit,1
Mediayhtiössä,1
Ammattillani,1
Köhäilemään,1
Käynnistyslevyjä,1
20megan,1
Örkkituhoaja,1
S05321_landscape_ge,1
Unskii,1
Saunadoget,1
Hellavaraista,1
Mahdolistamien,1
Taktiikojen,1
Lennätämiseen,1
Umpirasistejakin,1
Kauppiasuran,1
Impleerasi,1
Smore,1
Nahkaverhoilun,1
Kissasaippuaa,1
Paperiviiltohaavoja,1
Huipentanut,1
Nettiäänestyksien,1
Kevvvvääämmmäällä,1
Kasviöljypohjainen,1
Parabeenejä,1
Radonpitoisuutta,1
Radonimurilla,1
Valikoimaasi,1
Penslaamaan,1
Päätarve,1
Meemunuolittaa,1
Palasaip,1
3x100g,1
Opintolainapäätöksen,1
Kevvääämmmällä,1
Monttuineen,1
Kyssää,1
Alatarina,1
Surullliselta,1
A22muefz5ju,1
Kehitysympäristösi,1
Toverikehittäjälle,1
Kysemyksiä,1
Koleemp,1
Fighterille,1
Takuuvuokralappu,1
Tuhlaajana,1
Kertaschlaagerista,1
Takaamo,1
Vääräänlaista,1
Laulattava,1
Vgm_,1
Pezr6o,1
A4nkuu,1
Lattiapakastimessa,1
Vätäsen,1
Käymässa,1
G7nzdg8,1
Töiskennellä,1
Äitisuomijuttuja,1
Hypätttyä,1
0505382f,1
F21a,1
686b604dee6d,1
Kiittäneensä,1
Ctulhusta,1
Hapankorppukiintiö,1
Uutislukutaitoa,1
Ohjelehtisen,1
Minipuzzlen,1
Ulkosensorin,1
Lisäulkosensoreilla,1
Puuversioiden,1
Täytyymonipuolistaa,1
Mikrosaunoja,1
Pöydällisiä,1
Ruokailusaunoja,1
Kuukausipalvelut,1
Sisälämpötilalle,1
Pelaamokoulutus,1
Sähkökiukaaks,1
Suprajohtimetkin,1
Fleksauksena,1
300_club,1
Fxyclxg,1
Registax,1
Km7mona,1
Elänesatanen,1
08wvboo,1
Tarjousvaippoja,1
Käräjäjuttua,1
Sisälämpötilojen,1
Diiselii,1
Pskaobjektiivi,1
Introverttikoululaisen,1
Maasojalla,1
Sodankyläkin,1
Lappikokemukset,1
Piirtoheittiminä,1
Vesikiertopatteria,1
Levyharrastus,1
Musiikkiannoksen,1
Vinyyliharrastukseen,1
Majesteettisi,1
Sleepersiin,1
Optiikolle,1
Pääosumaa,1
Zar,1
Taklaajaa,1
Kucherovilla,1
Ensiosumaa,1
Lukemila,1
Kasvuhuonekaasuja,1
Tiikeriäitien,1
Talvisäitä,1
Ilmastolämpeämiseksi,1
Denialistiurpoja,1
Itsediagnisoitu,1
Asentajainsinöörin,1
Naamaluita,1
Hififisti,1
Jämälevyvaraston,1
Toppakerrosten,1
Seksuaalineuvonnan,1
Kiipeilytanko,1
Sijoitustietämystäsi,1
_ookkonää,1
Kattellaanko,1
Normiruokaankin,1
Tuhatkaunolla,1
Saunahuoneistoon,1
Kulttuurikordinaattori,1
Ai6qqh,1
Sak_vaalitentti_23112018,1
Sikahuonoksi,1
Palkattomallekin,1
Aaltoilevammaksi,1
Dataonkauniissa,1
Kurissapitämiselle,1
Saunamonsteri,1
Kytkentäongelmia,1
Ylimenoa,1
Umpilasiseksi,1
Säänilmastonmuutokseen,1
Äärisääilmiöistä,1
118c,1
Avannossahan,1
Rauhallinenalassaatana,1
Plan_s,1
Saunua,1
Perhelomillahan,1
Sisälämpöön,1
Frensworld,1
Äänätmisestä,1
Kokonaisrikoksia,1
Typessä,1
Sinitiaista,1
Kihlauttu,1
Laatuputki,1
Kännäyspaikassa,1
Taksiajoissani,1
Iskeneiden,1
Pastdec,1
Satelliittiajan,1
Jaksonajan,1
Satelliittimittausaikaan,1
Sisustus_ja_huonekalut,1
Poydat_ja_tuolit,1
F6tuoli,1
Lähestymisyrityksissään,1
Nettiriitelyihin,1
Itsevarmuusko,1
Naarassukupuoliset,1
Ikkunalistojen,1
Weeerq,1
Kieleellä,1
Saumata,1
Palkkiovirkana,1
Sotefirmassa,1
Juicemaista,1
Uutislähteelläkin,1
Heftiin,1
Loctitea,1
Luontouutiseksi,1
Pakinasarja,1
Jäätymiseneston,1
Tiedemaailmankin,1
Jaunea,1
Requireallkeywords,1
Hasillustrations,1
Searchbindings,1
Helppokieli,1
Viinanjuontikoulun,1
Enmhcly_iwe,1
Farter,1
Työtähakevien,1
Silpputyöläisiksi,1
Paskaduuniluokka,1
Rotuoppihöpinät,1
Ammattitunnus,1
Sairauskuvauksesta,1
Sairauskuvaukset,1
Rumphffi,1
Hauskenpaa,1
Ilmastonmuutoskannoista,1
Kaistojenvälisen,1
Scribomaniana,1
Graphorrheaksi,1
Kunderan,1
Toppavaatteiden,1
Börh,1
Sujuvoidu,1
Takanaankin,1
Nissaninsa,1
Pakkoäidinkielessä,1
Pakkoenglannissa,1
Footed,1
Kaksoisfunktiot,1
Feministihaamujengiä,1
Vilkuttaville,1
Maastakarkotuspäätöksen,1
Kouluttamaamme,1
Ravintolapelien,1
Pelipöytätoiminta,1
Rq3qxivr0bs,1
Alkuperäisversioille,1
Ramis,1
Valinnaisita,1
Hyödyllisemmiski,1
Uwf4dxp8zfc,1
Kielioppeille,1
Tunkemas,1
Gerrymanderiin,1
Yläpeukkuakin,1
Ruuhkaselle,1
Vidiou,1
Termostaatitkaan,1
Perusmurrosikä,1
Meemikaatopaikkana,1
Laikink,1
Videöy,1
Vaalivaikuttamisellaan,1
Vallinnanvapautta,1
Osakevalintoja,1
Koulutustilillä,1
Markkinaliberalimilta,1
Koulutusbudjettikäsi,1
Igluuni,1
Ai97wr,1
Sinisten_kansanedustaja_ja_entinen_puhemies_maria,1
Eeoehhz,1
Jr7izrjd,1
0141b4f6,1
Ralliunelmia,1
Tekijänoikeusdirektiivissäkin,1
Arctic_hare,1
Myyntitiskeiltä,1
Ammattikouluaika,1
Nollavalmistautumisella,1
Suosikkivarit,1
Valtavarin,1
Piikittikö,1
Itsesäälifantasia,1
Kaistanvaihtajalle,1
Sääntöjenmukaan,1
Juornalistilla,1
Kanssakirjoittajilla,1
Juornalistilta,1
Skandeiks,1
Peruskonflikti,1
Keksimisestään,1
Omaksia,1
Kyllästyitte,1
Perhehelvetillä,1
Selaileva,1
Sluut,1
Finntuppanl,1
Väför,1
Komber,1
Igang,1
Suvakkeilu,1
Syrjintäkeskustelussa,1
Tietotekniikkafoorumeilta,1
Vtnzmjv,1
Qashainkin,1
Elettekään,1
Tiensäpäähän,1
Saunakoirolla,1
Palvelunhakijoilta,1
Söpöilysubin,1
Awwwin,1
Clusterfuckiin,1
Diktaattorisuku,1
Militanttiryhmittymiä,1
Volyn,1
1s0x472599eba185965d,1
0xd25274a2228db86c,1
1s0x40ea51e9edc7fa91,1
0xf6b10a07a2689492,1
1d34,1
2d44,1
1111km,1
Gopalan,1
Besant,1
Afroamerikkalaisuuttaan,1
Maakuntavaltustoon,1
Kunnallusvaaleissa,1
Odotonkin,1
Perilläolijoita,1
Muuttokausien,1
Sämpylätjoihinihastuin,1
Mitättömyytesi,1
Ilmastonmuutoksissa,1
Alkupetäsestä,1
Sidnt,1
Faniteoriasta,1
Bumerangipoju,1
Kurittajan,1
Käppyräversio,1
Opa8y8x,1
Viraalimarkkinointisopimukset,1
Autokouluoppien,1
Turbomaxextradeath,1
Kapeakujaista,1
Tuijotellessakin,1
Hutongeja,1
Turistikujaa,1
Romuttuneessa,1
Pullakuva,1
Ilmastoveivi2019,1
Tamika,1
Mallory,1
Teresashookofficial,1
Radearth,1
Maakuntalakia,1
Heilläkannatusta,1
Blackjackpöytä,1
Pelipöydistä,1
Pyöriikiin,1
Luvanpyyntiä,1
Qjbksxy,1
Jätepolttoaineilla,1
Rakennekehitysetu,1
Võtke,1
Ennast,1
Datanomilinjasta,1
Kuvaajaltakin,1
Tilannenopedesta,1
Airplaylla,1
Kuukausituottoja,1
Feelareita,1
Muslimiprinssiensä,1
Ryotsin,1
Säädinkin,1
Saarailouhin,1
Sotkeneella,1
Predatorille,1
Selfieomania,1
Instagramomania,1
Tappoluvat,1
Tekniikkafirma,1
Nakitetty,1
Rinkirunkkausporukka,1
Kalifaattijutuista,1
Lastumäkeä,1
Keräilysyistä,1
Maaseutupoliittisia,1
Maaseutumaakunnat,1
Peippaavat,1
Köröttelyvauhtia,1
Rynkyttäessäni,1
Kilkinsäästäjää,1
Napattiinkin,1
Kaistanvaihtotarpeen,1
Wvkrsn_ocko,1
Piipahdankin,1
Luuppailtu,1
Gerrymanderinia,1
Terveyspalveluuudistuksessa,1
Äkkijärrutuksen,1
Trvm_6,1
Näitistä,1
Skiw,1
Bauhaussien,1
Valosaasteplakaatit,1
Diskreetimpiä,1
Sonoksiin,1
Kirkonpolttometallia,1
Z8vihiiq,1
Kielikurssilta,1
Nykyhintaiseen,1
Valinnanvapauttahan,1
Tervasaada,1
Pikrmminkin,1
Saunamaujuri,1
Kirjailijoillekkin,1
Ympärillää,1
Charlottesvilleen,1
Ulfmann,1
Nopeuksiksi,1
Haamumetro,1
Dumptylle,1
Löydettyseliikkuvakäyttäjä,1
Nt4gm3qo0dc,1
Digimittarin,1
School_grades,1
Stereotypias,1
Magailu,1
Pääraiteitten,1
Sonnilaumassa,1
Tahdonasia,1
Lisämuutoksen,1
Koodikirjaa,1
Cashkai,1
Voitonjakorakenne,1
Kauhuvideot,1
Pienleipomoa,1
Nimsuoja,1
Kanssaliikennöitsijät,1
Restaurateur,1
Fleksaajista,1
Intternetseistä,1
Pönttöuuneja,1
Amerikkalaispappa,1
Rasistinuorukaiset,1
Locking_fluid,1
Nyloc_nut,1
Copyrightaa,1
Attilan,1
Raiskaajakoulusta,1
Vaatevalmistusta,1
Ubjvigzcdh4,1
Suomalaisuuten,1
Lentäviälautasia,1
Kapitalistinenki,1
Aii80l,1
7wtpj6,1
Julistan_talven_20172018_hyv,1
A4ksi_talveksi_tm,1
T3ec1_gcr34,1
Meemiluokitukseen,1
Säästötex,1
Myyräihmisiä,1
Seuraavankerran,1
Ropellejaan,1
Muovipalikkaa,1
Perusteitaki,1
Rumputtamaan,1
Kohuttujenkin,1
Turilaiselle,1
Sairaustönössä,1
Ristiretkeille,1
Umpilisakkeen,1
Johtorakennetta,1
Tiepiirien,1
Sivistysosastojen,1
Spamiksi,1
Rukoilunsa,1
Mantelipilviä,1
Mantelipilvi,1
Lenticularis,1
Ihmisoikeusihminen,1
Selvästihä,1
Heebothan,1
Tumtuu,1
Dlk00067,1
Joukkotuohtunut,1
Loukkaantumismedian,1
Jätöstänyt,1
Vatsakipusi,1
Kohuvideoita,1
Eisttäisivät,1
Dyspepsian,1
Pallottelemaksi,1
Jätöstämisestä,1
Gerrymanderoitua,1
Runswitch,1
Xjvvsfz,1
Ilmakehätestien,1
Sienipilvijäänteet,1
Myrkkyötököitä,1
Iltanäytöksestä,1
Vankitovereita,1
Yleishumanistisuudesta,1
Kolmijakoiseen,1
Provosointien,1
Saunaeläimille,1
Fiksuimpina,1
Kritiikeille,1
Amoneyresists,1
Skidejähän,1
Köllöttelisivät,1
Epäpyhittämään,1
Black_hebrew_israelites,1
Allegations_of_black_supremacy_and_racism,1
Southern_poverty_law_center,1
Paholaismaisia,1
Aikuiskoulutukselta,1
Läsnäololappuun,1
Sivuroolistaan,1
Auringonpilarin,1
Knicksien,1
Enes,1
Kanterria,1
Mckaylle,1
Kokopohjaus,1
Nufötiiden,1
Yliviivaten,1
Penaalistasi,1
Edustajistoenemmistö,1
Maakuntadespotiaa,1
Merkkelille,1
Kompromissikyvyttömiä,1
Maakuntahallinon,1
Veroinkeruuoikeus,1
Rekisterinumeri,1
Torikerho,1
Alumiinipölyä,1
Päätönta,1
Vanhusvyöryn,1
Passiivisagressiiviseen,1
Läntisenpiäkin,1
Avokämmenellään,1
Lakisääteiä,1
Kokoomustrolleista,1
Tupsahtavaa,1
Kossuhenkselit,1
Riemuitsevaa,1
Lsgrrmhw8ro,1
502s,1
Westfinland,1
Maahantuontiprojektin,1
Saunakotka,1
Eläinkuvilla,1
Saunakissakin,1
Kenkäparien,1
Bakteereitaniistäkin,1
Commoditiesnews,1
Idafl8n1zm2o4,1
Misratahiin,1
Lady_sham,1
Israelilites,1
Covingtonissa,1
Skepticalpaul,1
Andrewcch12,1
Blueout,1
Cassandrarules,1
Jacksonsun,1
Blueoutista,1
Whiteoutista,1
Ylistämättömyys,1
Eeoix3n,1
Mustajoelle,1
Terveyskirjastoon,1
Höpöttelemänsä,1
Liikennelukutaidoton,1
Vassarihenkinen,1
Kätisijäukot,1
Pullonpalautuskoneille,1
Kaljatölkkejäsi,1
Paistopistekorista,1
Clinton_crazies,1
Neliökärki,1
Sporttiraita,1
Goretext,1
Sc10200,1
Kyttäytyvät,1
Tapassa,1
Pikkuromuun,1
Normituotteita,1
Kinnarpseja,1
Logicceja,1
Tasakattoisissa,1
Epäsosiaalisemman,1
Taselle,1
Turpiinvetouhkauksia,1
Hanaasi,1
Työteliäisyydellään,1
Moraaliarviot,1
Sukunimihaku,1
Börgelssoneista,1
Jwogoel,1
False_stories_and_conspiracy_theories,1
B9d767fc,1
8357bbdc727d,1
_95mhuqpzmk,1
Bergelssön,1
Aliesn,1
Lindellillä,1
Kansalaispuoluevaiheen,1
Pormesteriehdokas,1
Irtisanouduitko,1
Rummuttaneen,1
Kshh,1
Ulottuvuudessasi,1
Tupakoikoot,1
Tietoliikenneyhteytesi,1
Hapankorppujuna,1
Confirmannu,1
Sukkahousunkuluttaja,1
Kaupungillistuneeseen,1
Musiikkilöydöt,1
Ahaqgw,1
Eecve48,1
Ongelmalt,1
Pikkukuntii,1
Tuollaisillakaan,1
Nettieditorilla,1
Asenttaja,1
Trolautus,1
Jonnewebbiä,1
Aluevaltaustaan,1
Aasialaismiehestä,1
8ombtrt8a,1
Röökimesta,1
Sarjakakkaajille,1
Navyyn,1
Porakonekairalla,1
Brotein69,1
Tuplaleveänä,1
Tt6505968,1
Genreiksi,1
Propagandasanaston,1
Voimisteltu,1
H0p47lz,1
Brandon_morse,1
Lobbed,1
Inversiok,1
10x5min,1
Toimistohuoneeseeni,1
Myöhästyessäni,1
Debyyttipitkä,1
F6_6jplyjji,1
Rnoydmmh4l06ixl7eiucp1ifrmi,1
7048777a,1
56c2,1
Eg3oihbiaig,1
Getblessed,1
Holokaustijutut,1
Heilaukset,1
Juutalaismiehelle,1
Nauriskäistä,1
Episodileffa,1
On_thin_ice_big_northern_lakes_are_being_rapidly_transformed,1
Pohjalukemien,1
Hiipyy,1
Tuhkiskin,1
Röökihän,1
Haisemmaan,1
Roskittamista,1
Työvalmennuksiin,1
Kuninkas_idea,1
Hokkarin,1
Agitoiduksi,1
Agitointisivu,1
Hengityksenahdistusta,1
Jäädyttäis,1
Alipalkalkattu,1
Qegp2,1
Zkuw8,1
_täysi_,1
Agitointointisivua,1
Laulutunteihin,1
Ammattiopettajakin,1
Ymmäryskyvystäsi,1
Magahatusta,1
Kissoillemme,1
Luistinradalta,1
Somelynkkausen,1
Liikemerkkiä,1
Yritystunnuksesta,1
Pifiläinenkin,1
Ämpyillessä,1
Haravointikohua,1
Pilkkajuhlat,1
Liitännältä,1
Plugiliitäntään,1
4357d,1
4353d,1
Fb19xpr,1
Talouskäsitykseen,1
Laimenemisella,1
Savvydsvr2u,1
Alkureikää,1
Tripae,1
Sukupuolisensitiivisellä,1
Sisällöntuottajakin,1
Yearfrom,1
Yearto,1
Kylvämiset,1
_14_eyes,1
_and_other_,1
Tupakoinhaju,1
Pakokaasukin,1
Vaniljia,1
Xxxxdddd,1
Propagandashaibaa,1
Nokubi,1
Nobapp,1
Soundanalyzer,1
Jenkkipolitiiikassa,1
1200x680,1
Syfywire_blog_post,1
Man_birth_of_venom_hero,1
Neekeripojat,1
Pukeutumisestakin,1
Rasitisia,1
Astmaatikoillakaan,1
Isoittaneet,1
Covcath,1
Mielenterveyssairaanhoitoa,1
Reivik,1
Tupakoikin,1
Keskityksiin,1
Kyytitilaukset,1
Kyytikeskuksiin,1
Fatkatietoon,1
Pahantaisi,1
Palveluspaperit,1
Palveluspaikoilta,1
Isomummukaan,1
Nopeuspainotteista,1
Kotoutuskurssilla,1
Tietokonetunneilla,1
Ripulimedioita,1
Vakuusmaksuna,1
Rästimaksun,1
Suhataanko,1
Supikoirathan,1
Nuuskamyyjiä,1
_d2acpfj0bi,1
Satansson,1
Shokkireportaasien,1
Kapakoilta,1
Sairauspoissaolokustannusten,1
Turbulentiksi,1
Börgelssonille,1
Taukoihinsa,1
Parienkin,1
Profiilejaan,1
Bilettäjätyyppi,1
Profiilitekstiinsä,1
Tupakapaikalle,1
Pidp446298576,1
Tupakointikieltomerkistä,1
Telescreeniä,1
Puheentunnistuksia,1
Sadistitappopakkanen,1
Hyperpervomonsterilauha,1
Valikoivatpummit,1
Alting,1
Regnorm,1
Knaldrøde,1
Gummibåd,1
Morgenstund,1
Barberet,1
Hellere,1
Boller,1
Suppen,1
Bollerne,1
Skrid,1
Noget,1
Otsikob,1
Kairaajalle,1
Guruexposed,1
Miljonaarigurun,1
Sijoitusstrategiaansa,1
Flexaajan,1
Hauskä,1
Kytkeydyn,1
Soinnikkuutta,1
Sotepakettia,1
Rahastamisreikä,1
Alueellistamisprojekteihin,1
Aikuiskoulutuskeskuksella,1
Kanssaoppilaitten,1
Lasiseinäsen,1
Etätehtävissä,1
Siirtyvältä,1
Tempature,1
Tempatures,1
Nypittäisiin,1
Laattakiteistä,1
Horisonttirengas,1
Zeniitinympäristönkaari,1
Horisontinympäristönkaari,1
Lowitz,1
Vilposemman,1
Joikaamaan,1
Kansanvainot,1
Nettiraivot,1
Veehooass,1
Astmaattikko,1
Röökäämässä,1
Metsäoperaatiot,1
Eristyksissäkään,1
Asetappas,1
Rikosseuraamuksessa,1
Paramilitantti,1
Kuhana,1
Turvataturvata,1
Katkaisinpistokkeet,1
Herätevirrat,1
Oloajaksi,1
Lynkaaminenkaan,1
Magaröllit,1
Uhira,1
Vapausjaksolla,1
Emaskulaationa,1
Kanssamiestään,1
Hardisnappulan,1
Koneoppimisalalla,1
Lynkkausoperaatioksi,1
Sukkanukkeilemaan,1
Katkaisinjatkojohdolla,1
Flexaillut,1
Röökääjiä,1
Mieskuorosta,1
Varuskuntasoittokunnasta,1
5q2tmtumoqk,1
Agintointisivun,1
Unboxailuvideoita,1
Aikuisviihdekasetit,1
Pienryhmäluokkien,1
Pleikkarissakaan,1
Jäkälätkin,1
Muovijuttuihin,1
Foliohattuläpyskä,1
Liioittelemiseen,1
Ck_buuqodaq,1
Mottitalkoissa,1
24565_r500,1
Lasinkierrätysastiassa,1
Puheentunnistusteknologiaan,1
Puheojauksen,1
Väestömmekään,1
Erottelijat,1
Klikkikalastelujutut,1
Founthemobileuser,1
Halpisläpystimet,1
Granulaattia,1
Sijoituspöhinäfoorumeilla,1
Vilisikin,1
Happirikkaissa,1
Penttilöitä,1
Jästipäille,1
Katugrillistä,1
Lihatikut,1
Dumplingihommat,1
Ruokaketjuja,1
Suosikkipyöveli,1
Deliverancesta,1
Suihkumaista,1
Poresuutinta,1
Suihkumainen,1
Salaatinlehdetkin,1
Lisäkaiuttimet,1
Ekstralaitteet,1
Diskokilkkeet,1
Katkaisinpistokkeen,1
Mittailemattakin,1
Keräysmuovin,1
Kierrätysmääriä,1
Kotistereo,1
Kappalemääräinen,1
Veroparatoisiyhtiöön,1
Hasispiippua,1
Puuttelisiin,1
Sijoituspöhisijöiden,1
Pöhisemättömiä,1
Sähköyhtiötäni,1
Keräyslootaan,1
Lokalisoidusti,1
Pöhinäporukoita,1
Enoilta,1
Otsikkovirta,1
Näköharhaan,1
Kirjainvirhe,1
Aloitetuja,1
Energiajätekeräys,1
Kaatisloota,1
N1s0nnb,1
Mittw91,1
Panoraamakuvasta,1
Cwkdha5,1
Muovikeräysastian,1
Etumustassa,1
Pahvinkeräyslootan,1
Kovetutte,1
Pyramidihuijareiden,1
Kärryttelystä,1
Välittömämpään,1
Kusannuksista,1
Adiktiolla,1
Kaasutusprosessit,1
Kaasutuslaitokset,1
Kemikaalikierron,1
Kiertotalousyhteiskunnan,1
Imettäisikin,1
Hukkawatteihin,1
Katkaistessani,1
Lsson,1
Börjeläinen,1
Ipeä,1
Euroclearillä,1
Omistajaluetteloita,1
Kansallislaululle,1
Dystopisoitumistaan,1
Sähkönkulutuksestani,1
Sähkölämmitteisessäkin,1
Juoksuusi,1
Lippulappujahan,1
Kansanmurhaamismeiningillä,1
Italianamerikkalaisten,1
Ohjainosassa,1
Henkilöstörahastoja,1
Lisäeläkejärjestelmiä,1
Kotiseppiä,1
Sijoituskerhosta,1
Kiusauskoneiston,1
Eväit,1
Jkoiasta,1
Kriajinta,1
Kearrllaan,1
Ptääteelvät,1
Snaoja,1
Luekimsen,1
Noepuattmiseksi,1
Krijain,1
Preusteella,1
Retoriikkakaan,1
Uskollisuudentunnustuksia,1
Kolumbusten,1
Kolonisoivina,1
Vastanäkemykset,1
Laadunlaskuun,1
Palvelutuottajiksi,1
Disinformaatiosivustoa,1
Valmiustilavirrasta,1
Usmcn,1
M92f,1
Pismoolin,1
Kully,1
Erikoisantenni,1
Betonipainojen,1
Autolaivaston,1
Radiopuhelinkäyttöä,1
Haruksissa,1
Kuunteluaseman,1
Varayhteydenpitovehkeet,1
Ilmaisutaidottomia,1
Kierrätysohjetta,1
Broilerileikepakkaus,1
Muovinlajittelupisteelle,1
Muovinlajittelun,1
Hakupisteeltä,1
Neuvostoelokuvan,1
Pahvipaketit,1
Oikeanmuotoisia,1
Pahvinkierrätyksen,1
Puukontekokurssia,1
Geemän,1
Teknologiikka,1
Muovejaan,1
Päälakiin,1
Eläkevakuutusmaksuissa,1
Muottikirvesmiehen,1
Punapäälliköksi,1
Tuppikin,1
Henkilökohtaisuuksilta,1
Superliukkaine,1
Ergonomioineen,1
Laukaisupäivää,1
Lainapuhelimella,1
Puhelimisissa,1
Liimapohjaisilla,1
Ommelluissa,1
Ammattisuutarien,1
Rokoteviisumi,1
Näppöimistön,1
Laitetarpeet,1
Aip8o3,1
Äiti_ja_eno_sitoivat_ilmastointiteipillä,1
Venomissa,1
Lakupekkatasoa,1
Tupakoitsijuuteen,1
Sähköautoprojektin,1
Tehdastakin,1
Hiomavehkeellä,1
Heloja,1
Paskaisetväärennöstekstit,1
Virkamiestantalta,1
Kieltolakiusko,1
Apustajakaan,1
Apustettava,1
Puu_sauna,1
Peltolaikkuja,1
Ekkeri69,1
Kommenttiartikkeleita,1
Gamensa,1
Kummisedan,1
Epailijoille,1
94b1ad37,1
4b14,1
945f,1
D4be3471ca7b,1
Katkaisinrumballaan,1
Ammattifeministiltä,1
Muoviroskapussini,1
Lrhrupu,1
Kpletta,1
Sotilastekniikkaansa,1
Auditoinnille,1
Korrelastiossa,1
Muovinjalostamolla,1
Löyhkäisivät,1
Ruoantähteiltä,1
Lajittellisi,1
Muovipakkauksensa,1
Shaistaganj,1
Halmisella,1
Roskaloota,1
4dc26fe0,1
4a16,1
Cae73aab7ccb,1
Naisasiafeminismin,1
Sosiaalipoliitiikalla,1
Työttömämpää,1
Pikkavippikierteeseen,1
Miesuhreille,1
Maansiirtofirmalla,1
_kuningaskuntahanke,1
Mohdammedille,1
Hutsahtavasta,1
Taustotan,1
Täntyyp,1
Lähdesuojatapaus,1
Kalvoiltahan,1
_feminists,1
List_of_feminists,1
Vandalta,1
Kotipornokokoelman,1
Verotietojasi,1
Ipen,1
Muistotauluja,1
Alttiimmalla,1
Hiihtoreittiä,1
Ulkoiluttaisi,1
Mårhunden,1
Kasnke,1
Kurssilaskuun,1
Ilmapalko,1
Bborgelsson,1
Käännöskulttuuri,1
Paivystysta,1
Rokottavalta,1
_to_,1
Täplätiikeri,1
Goodcountryindex,1
Omanhännännostoa,1
Nimipudottelua,1
Prestoon,1
Matkaaan,1
Realitions,1
Paralleeleilla,1
120ºc,1
Hehkutusjutun,1
Sijoitusmimmi,1
Someirvailua,1
Kapinavaiheen,1
Hyvänteeväisyyspolitiikan,1
Borje,1
Borgelsson,1
Sisallontuottajaksi,1
Vasaroinniksi,1
Työkaluvalikoimista,1
Erikoisruuvein,1
Kurittomiin,1
Notkahtaneen,1
Tilaiskohan,1
Kansallistaruja,1
Sinitiaisissa,1
Erityisesellä,1
Rekrytointihenkilökunta,1
Maansiirtofirmaan,1
Kauppisen_maan_siirto_firma,1
Börjeksi,1
Viihdejulkaisu,1
Formulaenglanti,1
Fitnessit,1
Chatonit,1
Kiipiessään,1
Intersektionalististen,1
Sukupuolidynamiikan,1
Miehekkäämpiin,1
Kuulillä,1
Hapankorpputaikinasta,1
Kysyntäö,1
Nominatiiviadjektiivipervitiinejä,1
Otteluharjoituksia,1
Targetilla,1
Teksillä,1
Massimies75,1
Magapoika,1
Jätekuoppaan,1
Älynavettoihin,1
Laivanrakentamisesta,1
Korreloivalla,1
Rangaistusasteikkoero,1
Lippulaista,1
Roflinds,1
Levykryptoa,1
Tyhmäilyitä,1
Välimuistikommelluksia,1
Mäkbuukistani,1
Erikoismeisselillä,1
Älypistorasiaa,1
Kakosäätöisiä,1
Automatisaatioaikaan,1
Dockyards,1
Epmag,1
Maritimehubs_loppujulkaisu,1
Tyollistamisvaikutus,1
Insinooreilla,1
Metallipajatuotannosta,1
Asiantuntijatuotantoon,1
Käsiohjauksella,1
International_rankings_of_finland,1
Mysteerimetalli,1
2016_eu_referendum_ballot_paper,1
Brexiteeraajien,1
Varoitelleiden,1
Vindikoimista,1
Pakkausmuovikalvot,1
Pingispallotehtaalle,1
B07fwbk5zz,1
Agitointiviesti,1
Rihit,1
Tersä,1
Agitointisivuksi,1
Väärennettyjäkin,1
Joilka,1
Varmuuskopiossa,1
Lenovohpimacapple,1
Purukoon,1
Kotikonstiosastolla,1
Ilmavammiksi,1
Harakkoja,1
Sosiaaliturvaohjelmista,1
Ruokakuponkirahat,1
_mother_of_jesus,1
Ilimeisestikkään,1
Terveysmarkkinoita,1
Kolmisiipi,1
Työkalusarjoistakin,1
Omhx,1
Setämiesnarsisti,1
Finanssialassa,1
Finanssiyhtiöillä,1
Seksilauha,1
Marinelog,1
51a0,1
Bea6e8e7fdcba224a8fd835d6881e41ddabb,1
Arvoverkostojen,1
Automatisaatiokehityksen,1
Questforqualityreport_2018_v3,1
Kaupungillistuneessa,1
Houkutustensa,1
Kanyes,1
Sekajätepussinsa,1
Vittujee666,1
Erikoistyövoimasta,1
Vammaantua,1
6b7quiwc,1
Apace,1
Scb253,1
Manzellareport,1
Ympäristöporukan,1
Propagandatulvasta,1
Wheezyfinnin,1
Cpwyzocz2gs,1
Vitutusryöpyn,1
Hätäpalveluiden,1
Arvonmenetyksenä,1
Ajatteliaa,1
Muutosrajan,1
Muovautumiskykyiset,1
Itseterrorisointi,1
Karaisuharjoitukset,1
Neuroanatomy,1
Allakytevät,1
Hengittäisikään,1
Sarjatahalleenlaktoosiajuovahousuunpaskaaja,1
Urpojengille,1
Mccuntface,1
Kyyläyskoneistoa,1
Yksityisyydenloukkaaja,1
Suurkyylä,1
Mainostenpakottaja,1
Ecosiaa,1
Osaamistasoissa,1
Helinällä,1
Pääsivuista,1
Pystyresoluutioltaan,1
Viritelmiäkin,1
Klikkaillutkin,1
Mainosluontoisuus,1
Arbetsgrupp,1
Hogklassig,1
Basservice,1
Befolkningsunderlag,1
E9ed5d4cec6b,1
Toteutteaisi,1
Haluttuakin,1
Sp4kzyo,1
Serverifarmilla,1
Puskuritilannetta,1
Yisi,1
Kuluttajavalistuksesta,1
Rikospaikkasiivoaminen,1
Vaccineconfidence,1
Sussiunatkoon,1
Kajaanilaisiin,1
Jäteasioista,1
Jälkilajitellaan,1
Polttojäte,1
Polttoarvosta,1
Junttikaupungeissa,1
Pääsisällöstä,1
Xinhuaniin,1
Testaustavat,1
Amerikiumilla,1
Reakoivatko,1
Korauttaa,1
Hälytyksestäkin,1
Kokkiystäviltäni,1
Millimetrimitalla,1
Pmc4783279,1
Kämmeneeellä,1
Osoiteikkunassa,1
Huumoriwau,1
Ahlu47,1
Juho_sai_kirkolta_erokirjeen_ja_h,1
A4mmentyi_t,1
Perunasämpylöitä,1
Lämpöikkuna,1
Kulttuurihimmeleiden,1
Hiilipolitiikalla,1
Kuluttajaasiamies,1
Hitsausmuuntajia,1
Sähkökeloja,1
Lohkokärryn,1
Montalos,1
Ywrfiju,1
Hälytystoimintaosaaminen,1
Tutkintaosaaminen,1
Kehittämisosaaminen,1
Xvx,1
Asiantuntijajutun,1
Vahvuuksiemme,1
Runoilevat,1
Lippurunon,1
Kokkikavereita,1
Qob0rmvfqbg,1
Jumuitunut,1
Lanssillskaan,1
Piereskella,1
Mainostajian,1
Vašukevitšilla,1
Amarylliskimpuilla,1
Kontekstoidu,1
99prosentille,1
Oikeuttaneeko,1
Adblokkausta,1
Rekrysivustoja,1
4w4owxs,1
Haarainen,1
Laattakiteet,1
Auringonpilaria,1
Laattakiteiden,1
Auringonpilarit,1
Heilahteleviä,1
Pylväskiteitä,1
Pylväskiviä,1
Sivuaurikoja,1
Enmuista,1
Nakyiko,1
Kesakuumalla,1
Materiaalikatoksessa,1
Punnituspistettä,1
Kasvulukejen,1
Suuri_muumijuhla,1
Junapeli,1
Kansanrintamahallitukselta,1
Ulkoministerisalkun,1
Pyramidihalojen,1
Pyramidikiteiden,1
Buijsenin,1
Parheliaa,1
Nieuwenhuysin,1
Jääsumusta,1
Chromeilun,1
Junapelin,1
Politiikkatoimenpide,1
_15538161,1
Bn_15538161,1
Kierrätyslaitokselleen,1
Pakkaustekniikan,1
Lianneetkin,1
Tukiautomaatilta,1
Nykypaikat,1
Äiskästä,1
Olkkkariin,1
Chronology_of_jesus,1
Mmenetysten,1
Sairaspoissaolovara,1
Oikeistovuosien,1
Sateenkaarimaisuus,1
Porkkasivuilta,1
Tietokoneenvasarointioperaatio,1
Asuntolahuoneet,1
Seukka,1
Seurusteluhuonetta,1
Pyykinpesuhuone,1
Asuntolaoppaaseen,1
Chromiumpohjainen,1
Chromiumpohjaista,1
Määritelmääkö,1
Nakymissaannot,1
Kylmempaan,1
Auringontutkijoita,1
Sieltapain,1
Henkkareitasi,1
Leimaampa,1
Huippuvuorista,1
Puukontekoharrastus,1
Chromiuminen,1
Rokotebakteerin,1
Luutulehdusten,1
Suojahyödyn,1
Maksuhäiriömerkintäsivut,1
Gtz3uvc,1
Toisintoimimismahdollisuuden,1
Tutkintajakso,1
Lääkäritiimin,1
Tunnistimista,1
Ravintolapaallikon,1
Lehdestäkään,1
Umpikuorimallia,1
Työpäivässäni,1
Kontrolliyritystäkin,1
Perunapullat,1
Demarivoittoisista,1
Kymenlaaksolaisilla,1
Poikittaisliikennettäkin,1
Knxrnvpcl_a,1
Poistumispyynnön,1
Lestahuijareihin,1
Henkilökorttiani,1
Ublockillakaan,1
X1300,1
Gddr2,1
Miehiänsäkään,1
Share_twitter,1
Pissigeittiiin,1
Rybkan,1
Pullokaulat,1
Pidp446360112,1
Rangaistuksenalaisen,1
1070gtx,1
Vauvaryhmät,1
_säätilalle,1
_näy,1
_loppua,1
Tupakkahöyryjä,1
Kokalehti,1
Videoruuduksi,1
Selainmoottoreita,1
Tuberkuloositartunta,1
Henkiloperusteisen,1
Roudattavien,1
Kiertoratamosureille,1
Lentoalustappelulle,1
9dturvallisuusriski,1
Bbsdkdg,1
Räikeäkään,1
Kokapensaiden,1
Huippuvuoren,1
Sekoitettas,1
Koodimoottorilla,1
Winkutorvesta,1
Deforestaatiosta,1
Epipenit,1
Bottitoiminta,1
Jäädytyskriteerit,1
Häiriötoimintaa,1
Sijoituispiireissä,1
Baam,1
Vaihtoehtoselaimia,1
Onauthrequired,1
Nopeauttavat,1
Hyödyttävempään,1
Pplvi,1
Kantorakettikin,1
Pyörrytyskin,1
Pyörrytykseen,1
Watefoxia,1
Peltokanalintujen,1
Renderöintimoottorin,1
Kasvihuoneilmiötuhuaakokomaailman,1
Talvilomilla,1
Paukkupakkasjakson,1
Informaatiovaikutaminen,1
Suomalaispolitikkoja,1
Lukitsemisalgoritmi,1
Europarlamentarian,1
Ysäribiiseistä,1
Peräänantamattomista,1
Ikkunanostajille,1
Ikkunanvaihtopuljulle,1
Tarjouskäynti,1
Kokonaistarjouksen,1
Ikkunanasennus,1
Noppaesimerkkiäsi,1
Viestialustana,1
Divesting,1
Intiianien,1
Ryöpaikalle,1
Takeellisuudella,1
Jonne_,1
Varjobannaa,1
Flagattya,1
Jhlcolorizing,1
Värittelijä,1
Jauhosuhdetta,1
Hiipaleipäjauhoja,1
Transtukipisteen,1
Syyntakeellisuudella,1
Takeettomuudella,1
7700hq,1
Epädeterministisesti,1
Kausaliteettiketju,1
Intuitiivisista,1
Mielenfilosofisiin,1
Kognitiotieteellisiin,1
Aj4dzo,1
Eu_taivonsoturi,1
9to5googlen,1
1npu6wy4lwr66efleyinl3nzzhhzc,1
Qnk4w4px,1
0xmw8,1
Eezuzudj00ye,1
Peruvians,1
Sensuurisyytöksissä,1
Konservatiivihenkisiä,1
Blokkaamisissa,1
Rajoitukissa,1
Twitterilläkään,1
Kessutellut,1
Valehtelukierteeseen,1
Musahommiakin,1
Qlabia,1
Makeapiste,1
Kco0jpm,1
Kotikaupungilleni,1
Lampenevan,1
Nimettäessä,1
Remuava,1
Kotouttamistyöhön,1
Prommile,1
Syventaminen,1
Tietamattomyyden,1
Rigpawiki,1
Twelve_links_of_dependent_origination,1
Pelekkääkkö,1
Polliissie,1
Noppaesimerkki,1
Feikkisatunnaisuus,1
Bännättykään,1
Jätelaskussa,1
Sekajätteeseenhän,1
Raportointikampanja,1
Rikosoikeullinen,1
Kontrollointikykyä,1
Metroseksuaalisuudesta,1
Vejy9uaws00,1
Mzc9q6nbggaj,1
Hitautuisivat,1
Moodeista,1
Kellottelee,1
Ux430,1
Kausaliteettiketjujen,1
Todennäköisuusjakaumalle,1
Pikkuruinenkin,1
Populaaritietokirjoja,1
Kausaalit,1
Väkilukuongelman,1
Hv5mb2u,1
2zceuh3ie61239ilqkdsj7ng,1
2016_09,1
04_664fb5d8277d05f3f3b9e0f5932f512c,1
Declarative,1
Declarativenetrequest,1
Pellavasiemenet,1
Leipäpornoa,1
Nostatuskoria,1
Kehityspiikki,1
Amdfx8350,1
Cuuleri,1
Gtx660ti,1
Plussanan,1
Injectoivat,1
Gotmobo,1
I7k,1
Oppositiopressan,1
Hertsithän,1
Sändströmi,1
Maksimijännitteen,1
Folkkisarjassa,1
Budjettimyllystä,1
Ripjaw,1
Kuuskat_,1
Erillisveroilla,1
Budjettikulttuuri,1
Henkkamaukoille,1
Zaroille,1
Pakerrettuna,1
Lätsäiset,1
Civiltarian,1
1r68xd,1
Viherpeukkuja,1
Punikeissa,1
Etnonatoinalistista,1
Voimayhteiskunta,1
Pupki,1
Päiväkahvikulttuuri,1
Ilmastoöyhöytykselle,1
Kehitysmaalaiden,1
Musiikintekokin,1
Ammattimahdollisuudet,1
Rinastetaan,1
Ystävänimaailmalta,1
Iloisiakohtaamisia,1
Miljoonasosilla,1
Tertiäärilähteillä,1
Liikennedatasta,1
Monikulttuuristien,1
Stetsonmääritelmää,1
Paistuneilta,1
Bännintä,1
Biisesitä,1
Katdotaan,1
Vastentahtoisuuteen,1
Bircalalaiset,1
Hätätilahallituksesta,1
Eduskuntavaalikampanjassa,1
Mehuisimmat,1
Datacollectionit,1
Massaraportit,1
Kermapursottimen,1
Pompotuskursseja,1
Xl24,1
Ennustuksiesi,1
Esihistoriaallinen,1
Tehdasjäähyn,1
Passiivijäähyyn,1
Kansanmusiikkikisaan,1
Aaltojaan,1
Henkilöstöstrategia,1
Alesnnusmyynneistä,1
16bg,1
Paikkojen_ennustettu_muutos,1
Bottikortti,1
Fiuspiz,1
Bluechekmarkien,1
Eyeensd,1
Kouluammunasta,1
Ut185k7jvxb21,1
Sekatyöntekijöille,1
Osamarkkinoihin,1
E2180,1
Liberaalipuolella,1
Arvomäärähat,1
Lordah,1
Leiväntekemistä,1
Ni5a8,1
Juurikokeiluni,1
Leffatuottaja,1
Brosilta,1
Tiikerivanhemmat,1
Vakaannu,1
Väkivaltaretoriikkaan,1
Stadikupla,1
Selainliitännäiseni,1
Paskansuoltaminen,1
Kurkattuani,1
Naytonohjaimella,1
Kakstahtimoponsa,1
Viherterrorismilla,1
2400ge,1
Nasina,1
Freenasia,1
Sotesotkua,1
Migrationiksi,1
Kuluneemmasta,1
Marssiinkaan,1
Kilokaloriakin,1
M5a78l,1
760g,1
Gtx650,1
Duopoliasema,1
Paskahousuihin,1
Sijaintifiltteri,1
Nostatuskoreja,1
Vuorimateriaaliin,1
Hieroutuen,1
Räiskinnöillä,1
Montalo,1
Työpaikkaruokaloita,1
Mielikuvatehtävä,1
Gog_ja_magog,1
H115i,1
Z390m,1
965m,1
Punavalosakoista,1
Kaupunkitolppien,1
Äänestykseltä,1
Ajatuspyörä,1
Maapähkinämakuinen,1
Leipävallankumouksesta,1
Okymw89,1
Tasoitusmaksusta,1
C9d991230d574131a895451eebe033da,1
Abdullahithan,1
Feministitonkaikkeennsyypääsoopaa,1
Surmaajina,1
H75,1
A12x25,1
Conductonaut,1
620w,1
Päähakusivuna,1
Muovikulhoissa,1
Nestemetalloituna,1
960evo,1
Sissimuonapussin,1
Rxt580,1
Tietokoneenpalikkaostopäätöksilläni,1
Kikapaittia,1
Äkkirikastuvansa,1
Ethereumkaivuulla,1
Kilkkeinä,1
Moninappi,1
Rattipoljinsysteemi,1
Spireä,1
Perusalttiuden,1
Hormonivajetta,1
Peruselämäntason,1
Käytetin,1
Tietosuojakeskeisessä,1
Kasaavista,1
Salaliittoteoriahörhöilyä,1
Kamerakokeilun,1
Korvauskriteereistä,1
Siunasitkin,1
Maxwellilla,1
Punaisi,1
Liitujäljen,1
Parkailusta,1
Moraalikilveksi,1
Budjetinhoidon,1
Sanelukykyistä,1
Lennonaikaiseen,1
Hikisimmistä,1
Epämukavuustilan,1
Hikisolukkoa,1
Kuntoutuskuluista,1
Lievennysautomaatti,1
Syyntakeellisuus,1
Muistitilillä,1
Viharetoriikalla,1
Suojatiekamerat,1
Moniulttuuria,1
Tanyamohn,1
Monikaistaistein,1
Zilpalla,1
Pakkasenpuremalle,1
Tetsaajalle,1
Pöperöltä,1
Possuolo,1
Morgathan,1
Ohiajaminen,1
Etäisyyspysäytysviivalle,1
Otakuva,1
Nettiriippuvaiselle,1
Sininenkuula,1
Kenttäaamupalan,1
Keskivertoeläkkeensaaja,1
Kollektivisoiva,1
Nutwalker,1
Aixffi,1
Hourly_traffic_jams_in_helsinki_what_could_we_do,1
Eer5uja,1
2dnrf1dmmxpjnxthud,1
Ilmasron,1
Paniikkijarrutuksiin,1
Suom_ah1,1
Acriolan,1
Vääränsukupuolista,1
Pronominihyökkäyksen,1
Elämänpilaamisen,1
Tuohtumispartiot,1
Aja4iq,1
A4n_lent,1
A4t_kannattavat_lentoveroa_autottomien,1
Jraecwmo,1
16b685dc,1
_tyottomyysturvaetuuksien,1
_arkisto,1
Suomen_tyottomyysturvaetuuksien_kk,1
Tilasto_arkisto,1
Vastaanhangoittelijatkin,1
Prens,1
Kuunsyöjiksi,1
Suojelusenkeleihin,1
Hittavaisen,1
Jumalparin,1
Tuestakaan,1
Menvän,1
Jauhelihapurkki,1
Wtdo,1
W3xnpw,1
Kohumedian,1
Ilmastoveroista,1
T14y0gn,1
Säännönmukaisuudetkin,1
Yksinkertastavia,1
Pikkupoliitikonkin,1
Haamukuvat,1
Asennanpa,1
Opeharjoittelijoita,1
Fetajuustokolmion,1
Minijääkauteen,1
Horrostamisesta,1
6nsickg,1
Abdullaheita,1
Ympäristöverotuksessa,1
Salmonellaerästä,1
Suomensivat,1
Buumasi,1
Saastutustani,1
Verotusperiaate,1
Kulmakarvaani,1
Hotelliesimerkki,1
Kinkkutuubi,1
Bodybuildaamista,1
Vihreellisyysverotusta,1
Energialähteistään,1
Rakennussuunnitelmia,1
Viherterrorismista,1
O922oky7pou,1
Vastaanottokeskuksiahan,1
940f4473,1
Aff9,1
Befa,1
506aa734a215,1
Samanaja,1
Valonkiertoa,1
Edistämissä,1
Tämanlaista,1
Keräyksiinsä,1
Lehdistönvapausindikaattorit,1
Riutalle,1
Turpoamatta,1
Salaavalta,1
Toimistopalvelujen,1
Osaamisalalta,1
Riuttaa,1
Palkanlaskentataidot,1
Leirimallia,1
Sitomattomassa,1
Laitoskeittiöruokaa,1
Limujuomia,1
Yleislääkäritason,1
Kapitaatiokorvauksista,1
Toimenpidekorvauksista,1
Krunikkaan,1
Energiabudjetilla,1
Eläkepoliittinen,1
Sosiaalidemarointia,1
Sissimuonapusseista,1
Ulvaista,1
Pakkausjatteen,1
Kierrätysverkostossa,1
Ekopisteissä,1
Pakkausjätteitä,1
Metallipakkauksia,1
Shokkimenetelmä,1
Siirtymäähän,1
Hhesariin,1
Runsaspäästöiset,1
Tilastotiedotetta,1
Parantutta,1
Hhvään,1
Sotilaspapiksi,1
Palestiinalaisnaisia,1
Sana_49_2018,1
Ei_vaaranneta_vapautta_ja_rauhaa,1
Iwar3tqa0nne9ipgilyxfeyjxrefnxugqtli2lm9asy6fxozq8wtv,1
Rld9tyw,1
Seisoman,1
Lentämista,1
Kawassu,1
Käyttäjätietojani,1
Q2790pqu,1
Audiovehkeinä,1
Studiomonitor,1
Hs8s,1
Kapulakielisissä,1
Tuxit,1
Tuexit,1
Pohjanmaan_poliisilaitos_takavarikoi_4_kiloa_amfetamiinia_77575,1
Kätetyn,1
Erikoisjamppojen,1
Sissileiri,1
Masennustilastoja,1
Joutopenakäsienheiluttelijaa,1
Miettimielle,1
Rekisteröidytty,1
Matkapalveluun,1
Huippuvuori,1
Mainostusvirmoille,1
Perje,1
Lempijutut,1
Kummituksiakin,1
Majoittaneessa,1
Kutitelleet,1
Ihmisvuorta,1
Kuukausikiertokin,1
Stokkikellot,1
Makeismarkkina,1
Neljäkolmasosaa,1
Sumautintyökalua,1
Kynänjälkikin,1
Paintteristi,1
Retiisinäyttöä,1
Z800,1
96gb,1
Sokkofirmaan,1
Fastability,1
Erojamme,1
Yhtäläisyyksiämme,1
Dataprofiilin,1
Ammattipainoitteisessa,1
Lomamatkasuunnitemansa,1
Nettoeläkkeeni,1
Eläkkeensaajalta,1
Tutkimusotoksessa,1
Meditaatiokerhoon,1
Yrheily,1
Minyt,1
Pelästää,1
Matkusteltuakin,1
Neoluddiitti,1
Dystopioilla,1
Moraalifilosofoinnin,1
Kuralääkäri,1
_kaikkiin,1
Odottamatonjojo,1
Maapähkinäleipä,1
Siihenku,1
Nopeuskameratkaan,1
Zew8c6tmzgg,1
Kojelautakameraan,1
Tilastofaktaakin,1
Tinanapilla,1
Poispotkimisensa,1
Peräänajelukin,1
Henkilöstövuokrafirmoille,1
Minijaakaudesta,1
Viilentaa,1
Annelistahan,1
Ajtoa,1
Välittämättömässä,1
Vassarilänkyttäjää,1
Sekondääriseksi,1
Erikoisjamppa,1
Sissileirillä,1
Ylämääräistä,1
Piilokameraohjelmaa,1
Näyttelijämummeli,1
Tähtiremontti,1
Sisäpaistinkin,1
Kansalliskieliset,1
Pääsihteeristön,1
Populaatiodivisioonan,1
Kerroinlukolla,1
Sissimuonien,1
Energiajuomajauhoja,1
Pakkasharjoitukseen,1
Wakaranai,1
Leibiä,1
Sisäkaari,1
Muutosmäärä,1
Yleislääkäreilläkin,1
Näkemänit,1
Ilmakoloja,1
Myh0g4k,1
Pähkinäsettiä,1
Narutoahan,1
Raivotasa,1
Saastutuskiintiö,1
Epäkeskoviiltoja,1
Laminaattikitti,1
F7e5ab0d,1
Suurummista,1
Kaikkeensa,1
Kierräys,1
Hevosvarkaitakin,1
Karkkitehtaat,1
Vaaterullasta,1
Anusdoktaalisesti,1
Yllätystarkastuksin,1
Intressiryhmäpolitiikalla,1
Kwtw,1
Yamerooo,1
Liikennehubin,1
Vaatteitanne,1
Elämäneen,1
Ruoantähteitiä,1
Kehittävämpien,1
Dattobaye,1
Adoptoidakkaan,1
Uskonnonvastainenkin,1
Kattoikkunoihin,1
Populistipolitiikan,1
Puoluepäivä,1
Vastaustuntejani,1
Viestintätarkoituksessa,1
Leväytettiin,1
Jokareissua,1
Naskeleista,1
Rustomaisia,1
Heikontasoisista,1
Tiedotustilanteessaan,1
Oikeistolaisviritteinen,1
Syyllstämistä,1
Penskojansa,1
Työjärjestössä,1
Normativeinstrument,1
Wcms_087481,1
Kökkösuomikäännös,1
Jööstjärna,1
Adoptioveljeksi,1
Puranto,1
Avdolille,1
Pitkaaikaistyottomia,1
Paihdeongelmaisina,1
5c91597b,1
Dac9,1
3af9,1
7833b191205b,1
Työkyvyttömyyseläkehakemuksista,1
Asiantuntijalääkäreille,1
Tutkimusalueeseeni,1
Mietiskelytyötä,1
Futurefoodia,1
Hyväksyneeseen,1
Hätistelevään,1
Pujahtavaan,1
Massipäällikköön,1
Lumikaaoskin,1
Hiomatyöltä,1
Tarttuvimmat,1
Motivaatiottomat,1
Palkanlaskentaohjelmalla,1
Kansanterveystiede,1
Keskiarvoittua,1
Tusinatoimintaan,1
Kulutuskaman,1
Nettilomakkeeseensa,1
_lyo,1
Miksi_nainen_lyo,1
Jussipaitalätkää,1
Talousnäkmät,1
Patistaakin,1
H_843,1
Rekonstruktoidulta,1
Seriffein,1
Käytäväväliä,1
Guadó,1
Juan_guaid,1
Voluntad,1
Popular_will,1
Trangioden,1
Sytytysnesteiden,1
Liigatasoseuran,1
Änäridollarit,1
Valioliigapunnat,1
Mainostietojen,1
Remonttikiireiltä,1
Ullakkotikkaat,1
Stevekään,1
Yeetzyt,1
Vompatinnahkaista,1
Mattaharmailla,1
Verhoillussa,1
Lähitulevaisuudestasi,1
Käsinkudotusta,1
Kampapuuvillakankaasta,1
Tärkistä,1
Turnbull,1
Maireammaksi,1
Kuolasäikeitä,1
Hapsottavassa,1
Ajellussa,1
Ylähuultansa,1
Omenavichyn,1
Työläisystäväni,1
Kiiltonahkasta,1
Berluti,1
Poimuihinsa,1
Maakuntadivaritasoa,1
Magogin,1
Rikosvyyhdesta,1
Venukselle,1
Toriyama,1
Hirtänkö,1
Porrasrapun,1
Remoanereille,1
Kestävyysvajettakin,1
Kaveriohjelmasta,1
Viskningar,1
Ikuisuusoikeuksiakin,1
Fennada,1
Börgelssoniksi,1
Pohjattuna,1
Sotilasyhteistyölle,1
Menettykset,1
Vuosirytmi,1
Itsemurhanhimo,1
Pyramidihaloja,1
Yläpilvissä,1
Jääsumua,1
Pyramidikiteiselle,1
Jääsumulle,1
Fahrenheitia,1
Halomuodoista,1
Uudelleenkoulutettava,1
Lähärihommiakaan,1
V16t,1
Moroder_v16t,1
Otsikkopalkin,1
Kuusiirtokunnan,1
0elewvqov8o,1
Lätkäveskan,1
Hippikahvilaan,1
Slaavimollilla,1
Gagarinilla,1
Takessa,1
Lapsikuorokin,1
Puhelinhaastatteluide,1
Työllisyyskatsaukset,1
Vertailukelpoisuudesta,1
Jumaluuskompleksia,1
Omistautumisjuttua,1
Aiw4of,1
Anni_hirvonen23_taistelee_pahaa_oloa_vastaan_aina,1
Automaatiosyyntakeettomuutta,1
Postpartumia,1
Laudaltani,1
Animediggarit,1
Smt23o3,1
Rahapäivinä,1
Vokis,1
Observatoriotoimintaa,1
Buurilla,1
Työskentelytasolla,1
Töissäolevilla,1
Kestimässä,1
Referenssikansioon,1
Kuvausosuus,1
Silmiaan,1
Hiihtohousujen,1
Vähäimmäisvarantojärjestelmän,1
Kokonaiselinkaarikustannus,1
Siirtomenoja,1
Sotakalusta,1
Hävittäjäkalustomme,1
Asekaluston,1
Armys,1
Massahyökkäykset,1
Rintamasodankäynti,1
Suurvaltanaapurimme,1
Verkottuneisuus,1
Greatspeculations,1
7f9483b670b9,1
Löytyskii,1
Animien,1
Tiedontarpeesta,1
Työvoimatutkimustaan,1
Korkelaatuisempia,1
Lentohäkkyrästä,1
Autoväkkyrästä,1
Kielitaitokokeesta,1
Yölämpötilaerot,1
Pelailijana,1
Catfood,1
Innostuneenpana,1
Hakukäytöksellä,1
Kärryliikenne,1
Pölysaastetta,1
Esikaupunkin,1
Innoparkkiin,1
Curbomorbo2,1
Myyntipuheille,1
Työllisyysasteluvut,1
Tkat_joulu_2018,1
Vanginvartian,1
Asuntolavalvojan,1
Rekisterinumerolaattoja,1
Metallikalusteita,1
Pääkatkaisimesta,1
Hiljausuutta,1
Eristystiloihin,1
Kolumbukselle,1
Pallomaisuus,1
Leipomakertaa,1
Nostatusajat,1
Herkuinta,1
Paskintakaan,1
Kirjoittelemassakin,1
Ollutkuaan,1
Lopuksin,1
Työllisyysastelukuihin,1
Kinasteluhetkestämme,1
Tutkalavettina,1
Sensorifuusionsa,1
Käyttövalmiiden,1
Kriisipuhelimeenkaan,1
Omistauduit,1
Tzb7ifcqumq,1
Rännikarin,1
Ärstytys,1
Markkinointikielloille,1
Siteraakseni,1
Poustattaa,1
Diabeteskomplikaatioista,1
Opetteliskn,1
Sohvaostoksilla,1
Hyönteisperäisten,1
Jonkunverranhan,1
Äärimetallin,1
Blueraylta,1
Ääniraitakin,1
Narrausfirmat,1
Lomaosakkeensa,1
Taitestelunjohto,1
Taisteluprofiilien,1
Vastatoiminnalle,1
Hävittäjälaivasto,1
Lentoyhtiöllekin,1
Metsittämisprojekteihin,1
Kompensointijärjestelmät,1
Temillä,1
Laatuseloste_tammi2018,1
E922f1cf,1
Df99,1
B642,1
86273178819d,1
Ammattipaino,1
Eläketietojen,1
Valuuttasuhde,1
Eroäänestystä,1
Palkkavertailukin,1
Eritasolle,1
Hirvialueilla,1
Kölkytellen,1
Heijastittomien,1
Kandinaattien,1
Kvfgqod,1
Peruspäivärahahakemusta,1
Kelalalta,1
Viimekevään,1
Porrastetunverotuksen,1
Teologinenkin,1
Kamikazekoulutus,1
Rännikareilta,1
Luonnonhelman,1
Hengenmenetyksestä,1
Ganjamieheltä,1
Siunauttamassa,1
Turvapaikkamekanismit,1
Rvlyifv,1
Ulossoittoa,1
Sisäänsoittopuheluissa,1
Markkinointivaihtoehdot,1
Vesitasauksen,1
Kyyseeseenhän,1
Perheä,1
Pilvilautan,1
Ulossoitoista,1
Kyselytuntinsa,1
Pimeänäköoptiikan,1
Estaisiko,1
Automaattijarrutusjarjestelma,1
Reaktinopeuteen,1
Ryteiköstäkin,1
Sensorifuusiosysteemitkin,1
Pimeänäkösysteemien,1
Hakusessahan,1
Satulinnaunelmien,1
Horoinoita,1
Taksitolppareissu,1
Sivuaurinkoa,1
Myohemmissa,1
Autotarkennusasetusta,1
Manuaalikuvia,1
Osakeanalyytikko,1
Provojekku,1
Käänteistilinauhassa,1
Väsähtäneisiin,1
Metsätonttia,1
Savitakkihommia,1
Kravattihommia,1
Itsetehostukselle,1
Lööppipelleksi,1
Gasia,1
Levälätäköstä,1
Julkitoilailut,1
Napsahduskohta,1
Pellevaiheelle,1
Koepostaus,1
Kipaisun,1
Uhrauksestani,1
Haastavimmillaankaan,1
Pidentelemässä,1
Junks,1
Vqrmaan,1
Satamakaupungeiltä,1
Hyvittava,1
Asunnottomuuksista,1
Jumahdan,1
Handicappaa,1
Sasukejuttu,1
Rautapadan,1
Sauske,1
Kiltatoimijoita,1
Sähkövalikoimassa,1
Judgein,1
Sähköautossahan,1
Polttomoottoriversiosena,1
Jäädytinsäleikkö,1
Muovipalalla,1
Bensaversiot,1
Koskenlaskijalta,1
Pakkoliitoissa,1
Bensakoslani,1
Merkkihinta,1
Polttomoottorivehkeidenkin,1
Korkeajännitteisen,1
Väyläohjatut,1
Polttomoottoriongelmia,1
Logiikkapiiriä,1
Suomileijonahuppari,1
Kkäytä,1
Suomenlippuihin,1
Edustustehtävissiä,1
Arjesa,1
Kansallismielisyyttäni,1
Erikoistumisaloilla,1
Öjlypohjan,1
Tyhjennysruuvia,1
Vasarapajoissa,1
Alahelmasta,1
Autohitsaajalle,1
Peltipaloja,1
Massattu,1
Kuvanparnnuksia,1
Käytätäkään,1
Wareleffat,1
Trackereilläkin,1
Scenelaatusena,1
Kuvanparannuksineen,1
Warehelvettiä,1
Etsimisineen,1
Keslovertokansalaisen,1
Totaaleillakaan,1
Vastataakseen,1
Suomileijonahuppariin,1
Sokeelta,1
Dvdrip,1
Ripulitiedostoja,1
Rawitfilmidatat,1
Kuvanparannuksilla,1
Displayportit,1
Kaljavatsainen,1
Sähkölinjalta,1
Ffään,1
Valaistustekniikan,1
Tienkäyttöä,1
Pihallaseisottamisvero,1
Päästömittaushuijatun,1
Korkeampipäästöisemmän,1
Sininenkää,1
5mdkc1hn9mup,1
Väliaikaispsykologin,1
Poopareita,1
Reissujensa,1
Grillijätkää,1
Grillijätkällä,1
Kerrosbalkanporilaisen,1
Puokkarin,1
Tracella,1
Kasvettuja,1
Vaihteistoasi,1
Energysage,1
Pienkaupunkilainen,1
Kärkiluokassa,1
Naamiotuna,1
Vastustamisehan,1
Kisamainosta,1
Armeijakamppeissa,1
Pukla,1
Skamin,1
Lovenden,1
Kiukkutorilla,1
Liitoksiltaan,1
Dokupe,1
Vihersokeus,1
Energiatuontatoja,1
Keijuvoimaa,1
Väkirikkaimmalta,1
Autoilutottumuksensa,1
Bensalento,1
Soossike,1
Turvakopit,1
Täyslastillista,1
Ruokajeesustelu,1
Liikennejeesustelukaan,1
I_like_dem,1
Sunnuntaiharrastelija,1
Kulutustottumuksillansa,1
Suomileijonattomaan,1
Verrokkijoukkoon,1
Näkövaivaiset,1
Kauramaitokaakattajat,1
Taulukkia,1
Kärpäinen,1
Limufirmojen,1
Nuorempiaw,1
Mielipiteitään_,1
Kuulomattomat,1
Mainosväite,1
Punavihersokeat,1
Edunvalvojistaan,1
Kypäräpappiosaston,1
Sarsaparilla,1
Kardamoni,1
Katsotpa,1
Digikataloogin,1
Riipuva,1
Kasvutaloutta,1
Pipsapossut,1
Jusaa,1
Silppuartikkelit,1
Ruokailurytmisi,1
Lämmitysputkiston,1
Tykytään,1
Pääsemättömille,1
Poseerauskisa,1
Okeijäälkenjäänyt,1
Portinvartionti,1
50d,1
000nm,1
Vääntökäyrässä,1
Järkipuoleena,1
Brändiuudistuksella,1
Olettamuksessi,1
Nöyhtätaskun,1
Asennuse,1
Räjähdyherkälle,1
Bensakosla,1
Kertyyy,1
Korjauskelpoisia,1
Bensakoslia,1
Varaosamäärät,1
Naurunhykerryksen,1
Sananvapausmittareilla,1
Yru4wpjbzzo,1
Kansallistunnusten,1
Kombooni,1
Boneheadeihin,1
Skininä,1
Telkkarinkatselua,1
Viikonloppuaamisin,1
Herkkupitkät,1
Katsontasessiot,1
Sekaruoasta,1
Kasvisvoittoiseen,1
Aterioivat,1
Muistialueet,1
Asynkroniseen,1
Kestomagneettimoottorin,1
Kampikulma,1
Venttiilikulma,1
Ylläpistää,1
Veronmaksjaien,1
Kuvasinkännykälläluontoa,1
Yksiuloitteiseksi,1
Yksiuloitteisessa,1
Uloitteisessa,1
Metsästyskaverille,1
Liberaaliusjärjestyksessä,1
Punamultasokea,1
Kaverivaalit,1
Kaveriääniä,1
Sukulaislastaan,1
Mamumamumamumamumamumamumamumamuseppomamumamu,1
Lämmitystolpathan,1
Ripariristejä,1
Leijonankuvallinen,1
Juntihtavaksi,1
Ravintotietoutta,1
Politrukkeihin,1
Etujna,1
Holhousvapaa,1
Myrkkytutteja,1
Älytelkkaristani,1
Aloittivathan,1
Korjattavuusstandardia,1
Haloneita,1
Harahduin,1
Feikkimerkkejä,1
Piezosuuttimet,1
Nillkuttamaan,1
Polttoainelinjat,1
Vuotopaikkoja,1
Vikamuistiin,1
Anturidatoineen,1
Rasvakouralta,1
Logiikkatasoisesta,1
Yleislinjauksella,1
Edustajistohan,1
Paastovertailun,1
Paastajien,1
Leniniläiseseen,1
Reaalisosilistiseen,1
Kasvukeskusesta,1
Arvokyselyä,1
Huikeuksia,1
Dopamiinijakelupaskaa,1
Pinkiponki,1
Suolistossaja,1
Säätiöineen,1
Itsekorjattavuus,1
Rassaajia,1
Hiilidioksidihyvitysten,1
Puhesisällön,1
Kotitöihinkään,1
Ulkonöä,1
Pruutattavaa,1
Mussea,1
Väyrynenergiaksi,1
Autoteollisuuskin,1
9a7i20,1
Til_after_closely_investigating_michael_jackson,1
Lestadialaispiireistä,1
Puuttumistaso,1
Keskiarvonopeutta,1
Ke7c22l,1
Jäpiskä,1
Jäseneduksi,1
Järjestöjäsenyys,1
Viestintäpalveluilla,1
Kultakalahan,1
Aizbub,1
Aggressiivista_kotimyyntiä_tekevät_yritykset,1
Punevihervärisokeuksiakin,1
Päivittäislehdessä,1
Rasismihuuruisissa,1
Tasaverotaivaaseen,1
Apureitakin,1
Matikanläksyt,1
Kasvatustehtävän,1
Talviaktiviteetti,1
Pikalatausasemalle,1
Syöttökaapeleihin,1
Esijonnejen,1
Голос,1
Сталі,1
Kommunistihallinnolta,1
Blockkaajan,1
Aloituttaa,1
Pilluuta,1
Osoitteettomuutta,1
Kotiosoitetteen,1
Kuljetusvene,1
Plagppe43zq,1
Maakrapuyksiköissä,1
Protanopia,1
Deuteranopia,1
Hurjastleijoilta,1
R7righbae9o,1
1btpxpvzqevxmserkll9bb,1
1rawwkin087ibdgbuhlar1,1
Soiteltavassa,1
Wannabepoliitikkojen,1
Sinkomiehelle,1
Leijonakorukohua,1
Urpolssiinin,1
Kirjoittaisia,1
Pelolietsonta,1
Anekdootteihinsa,1
Höpöistä,1
Samokissa,1
Syllissä,1
Opiskelijaravintolaketju,1
Luomukasvisruoan,1
Txtiä,1
Pakkojäsenyystilanteessa,1
Puolueellinenkaan,1
Virkamiesedunvalvonta,1
Pikalatausasemille,1
Kokreintaan,1
Veeti_47,1
Edaattoria,1
Kymmenkunnalla,1
Vaikutteitani,1
Personality_psychology,1
Cognitive_function,1
Operaatiollahan,1
Lokalisoituvat,1
Aivopuoliskolle,1
Asumiskelpoisemmaksi,1
Lupalakimiehellä,1
Lakivalitys,1
Lakimiehell,1
Lupalakimiehell,1
Verosasteen,1
Päräyttäys,1
Kalkonniemeen,1
Rantautukaa,1
Simmoset,1
Röpöhommelit,1
Jenkkipalvelu,1
Ravintolamurtoihin,1
Murtokeikkaan,1
Snzmiv2,1
4179596964_ae41fc05f3_b,1
32435642902_f3d493f651_b,1
Täsmäävat,1
Huoltopäivät,1
Missakin,1
Jonotetaanhan,1
Korttiautomaatinkin,1
Ylläpitovirta,1
Sidosryhmätapaamisissa,1
Kehityvammaisuutta,1
Virallisestihhan,1
Tasaverotaivasta,1
Tolppakenttä,1
Skumma,1
Köyhdyttäviä,1
Valmistellulta,1
Pimahtanu,1
Badumtshh,1
Nuorisoalakulttuuri,1
Ajoneuvoverolaskurista,1
Kilsahintaa,1
Polttomoottiautolla,1
Polttomoottiautossa,1
Lisäpanssareita,1
Suojakopit,1
Ihmiskokeissakaan,1
Huokuttimena,1
Eettisyydessähän,1
Miljardiala,1
Ilmastonmuutostutkimuksia,1
Paekassa,1
Ennennii,1
Risteilyaluksellani,1
Kulttuurisensitiivisyyttä,1
Sähköautollekin,1
Risteilypuuhista,1
Morriskin,1
Graafata,1
Omgelmat,1
Kiukkuputki,1
Ruokavaliokeskustelussa,1
Maatalousvallankumousta,1
Ruokavälineet,1
Rakennustehokkuusdirektiivin,1
Kämpilleskö,1
Vaalitaistoihin,1
Aatelistoaan,1
Erityisoikeuksillaan,1
Terveimmillään,1
Ioniqilla,1
Uuskonservatismiksi,1
Neoliberalismissakin,1
Lätkäareenat,1
Stabiloidut,1
Vesileluja,1
Kolmoismurhaajien,1
Samziel,1
Hpaavolan,1
Pikkudicktaattoreilla,1
Nuketamme,1
Kamojanne,1
28kwn,1
Välikaudella,1
Sähköautokeskusteluista,1
Jenkkirahassa,1
Bensaraksi,1
Nykydieselissä,1
Foordin,1
Palelluttamassa,1
Tekijänoikeussäädäntö,1
Perches,1
Arkaudesta,1
12vuotiaasta,1
Yhteydenpitoja,1
Seksuaalirikostutkintoja,1
7knazr690xw0scihf9z8op,1
Kännihohtopaintball,1
32v32,1
Käsinpiirrettyihin,1
Schnauzer,1
Mitämitämitämitämitä,1
Eläeläeläeläelä,1
449km,1
Mummilat,1
Mökkille,1
Tietojenkalastajat,1
Hyväksikäyttöepäilyä,1
Clintonihan,1
Aalonharjalla,1
Appelsiiin,1
Yhtenäisyyskulttuurissa,1
Vankilapaon,1
Helppolukusempi,1
Cv90s,1
Hiihetään,1
Karvasuksista,1
Bläckjäckiä,1
Miinusäänestä,1
Asetoverien,1
Sivakoitu,1
Velikerhoa,1
Presidentinhommat,1
Tahdiltaan,1
Viinavarkauksiin,1
Malminetsintäprojektille,1
Duo98331,1
Peliaddiktilla,1
Pelihimolle,1
Trumpettitouhuun,1
Huutomekkala,1
Juntihtavan,1
Heitettäviin,1
Tärkkelystatti,1
Hapankorppun,1
Konsertardeja,1
Vetopyörää,1
Yhdeksänportainen,1
Imljw,1
Rävelti,1
Revontulikatodisädettimiä,1
Vastuutiimi,1
Kuvaavavassa,1
Kypsentämättömään,1
Höpöhöpötilastoon,1
Otantamenetelmistä,1
Suututtavaksi,1
Uskomusolennossa,1
Monikerrostuneisuus,1
Sosiaalipsykologiseen,1
Luentosarjaanne,1
Luentojanne,1
Aiheissanne,1
Kansanuskot,1
Huumemuuliksi,1
Alisena,1
Sädettimillä,1
Ennakokäsityksiä,1
Inspiroimina,1
Tarjoamaamme,1
Valutuuskunta,1
Kokoomuspohjaisen,1
Kauhuristeilyjä,1
Liharisteilyä,1
Kasvissafkoja,1
Vegeristeily,1
Maailmanympäriristeily,1
Laivaannousua,1
Muistinkulutusta,1
Luentojamme,1
Sijoittajiatai,1
Ennakkopidätyksessä,1
Pelikaupalta,1
Ilahtuneina,1
Odotuttavat,1
Jonotukseni,1
Paikallisyhteiskunta,1
Herätyskristillisissä,1
Synkretistisissä,1
Trikstereihin,1
Kujeilijoihin,1
Hauskanpidollaan,1
Sekularisoituneissa,1
Mahdollistajaksi,1
Miesalamaisilta,1
Lihanhimoineen,1
Pullikoimasn,1
Intialaisel,1
Lomakkeest,1
Puhelimmellakaan,1
Teemaristeilyjä,1
Pasteemasista,1
Lakimieehesi,1
Elinpäivistä,1
Muumilumilinna,1
Moominsnowcastlefinland,1
Moderaattona,1
Mephistopheles,1
Ylvääksi,1
Iwar3eiq7fpqdanytw6obkqdco84jk_e_coz22qjaidvanza4tpqkids7xkh0,1
Varpasuo,1
Okkultisfilosofista,1
Kenttähavaintojemme,1
Painottavina,1
Aatesuuntina,1
4e97c844,1
Luennoimme_saatanasta_kysy_mit,1
A4_vain_pimeyden,1
Eexhcc9,1
Voinmakuista,1
Hiiilihydraatit,1
Vahinghossa,1
Suosikkityylistä,1
Keatonista,1
Itäblokkiohjelmistossa,1
Tievänsä,1
Luupalasia,1
Lähikaupungissakin,1
Rankkingissä,1
Mikromuoviroskaaja,1
Pääpelle,1
Luennoinnintitiimi,1
F0d959ee,1
58dd683e6bc6,1
Pyrkyriydessään,1
Chabinsky,1
Crowdstrikes,1
Sketpinen,1
Jeffreyscarr,1
B6a98fafe2fa,1
Herrasmieselostelija,1
Pukeuu,1
Tyylikkäsiin,1
Kaksijakoistuminen,1
Subjektikokemuksen,1
Paavonpäivä,1
Vastaanottomenoista,1
Kototutuskuluista,1
Periolemukseltaan,1
Virkamiesselityksen,1
Liekkimerestä,1
Kuvio_1b,1
800x539,1
Kuvio_1a,1
800x558,1
Esijonnet,1
Päätöskriteereiksi,1
Annhillaatio,1
Olloihin,1
Lämpöpisteestä,1
Viirrat,1
Virtayhtiöltä,1
Taloyhtiöissa,1
Vapaasielun,1
Karhuesi,1
Riivaajahenkiä,1
Legolandin,1
Piraattilandissa,1
Hyperlight,1
Kysymyssarjani,1
Ylipapista,1
Satanachiasta,1
Teologioiden,1
Eläkerealistinen,1
Palautusluvulla,1
Kristikunnissa,1
Vaticanum,1
Suhtautumiskäännöksestä,1
Yleisvalaistuminen,1
Nykytasonkin,1
Asianajajaltakin,1
Juksanneet,1
Vetäytyikin,1
Harjoittajiilta,1
Armolinen,1
Tunnustusnäkökulmaansa,1
Kuolinrituaaleista,1
Paarialuokkapositiivisten,1
Vuokrakorporaatioiden,1
Hinnankorotusautomaatti,1
Hyvävelisoppareita,1
Varautumisskenaariot,1
Kotisoffalle,1
Youlegal,1
Lukuking,1
Runksutella,1
Fasistiponille,1
Persufobian,1
Fuulaamattakin,1
Etelämmetijan,1
Piällysmiähet,1
Pienentymassa,1
Sarvipäiseksi,1
Anhiliaatioon,1
Pitopohjasuksi,1
Pykällys,1
Kakkostuokkarin,1
Ennenkuun,1
Sienipiirakkaresepteistä,1
Piikkikammoisen,1
Hattarahöttöydessään,1
Perusmääreitä,1
Paperilyhdyin,1
Penthouset,1
Paccor,1
Etsintätyö,1
Malminetsintälupaan,1
Ylipalkttuja,1
Veteleeköhän,1
Sarvitematiikka,1
Alentamistematiikkaan,1
Fallistista,1
Shamaanikruunut,1
Pukinsarvea,1
Uhmakkuudelle,1
Antivakkasiini,1
Kainalosauvasta,1
Overtomorrow,1
Hoivantarjoajan,1
Sädetikkupakkauksessa,1
Hoivabisness,1
Puudutusvoidetta,1
Selityskiä,1
Vähättelemättömiä,1
Tuotetuputuskiljuntadubbianimeista,1
Tusinadisneysarjoista,1
Kerranit,1
Liljankukka,1
Tukiriippuvaisuutta,1
Tilastotutkimuksella,1
Ilmastonmuutosreagointi,1
Yqs,1
Ak94m,1
Annihilloituu,1
Ql8scy9sstk,1
Miellättekö,1
Lh8fogk,1
Koulutuskiintiöillä,1
Tullirakennusten,1
Pelaamotyöntekijänä,1
Maahanmuuttajaraiskaajilla,1
Oikeuskohtaus,1
Japanianime,1
Räkättävän,1
Noitanaurun,1
Dopamiinireseptoreissani,1
Naurahdukseksi,1
Qjuvfzj,1
Fm0,1
Sopeutumishalukkuudesta,1
Glitterkimalteisin,1
Persoonakemiat,1
Sosiaalipsykolgian,1
Nykybiologiankin,1
Ruoansulatuselimistöhän,1
Kalorimetrin,1
Toffeesekoitus,1
Raksayhtiölle,1
Raksayhtiö,1
Saunaporukoissa,1
Salikavereita,1
Teekkarimiehetkin,1
Seuranhakumielessäkin,1
Lihatiskisekoilua,1
Blockkerisoftan,1
Helkkarinpalvojia,1
Tomumajoille,1
Lempisitaattinne,1
Valtakunnanjohtajalta,1
Uudempiaikainen,1
Kolmoismurhakin,1
Privaattiarkiston,1
Kieltäytyisikö,1
Tahrasivat,1
Ylistressattuun,1
Tutustnut,1
Selitysvoimaiseen,1
Epigenetiikkaan,1
Labratädit,1
Sedätki,1
Valtimoverinäytteen,1
Valejuristeja,1
Fourthdaysta,1
Lakiviidakossa,1
Superhalutuille,1
Kohtuukokoisina,1
Ajq6g0,1
110_eh_ei_riit,1
A4_asianajajat_haluavat_suurempia,1
Eexqxhx,1
Ravinneraiskaaja,1
Kantaasiakkaat,1
Hillopossun,1
Homovihaajakin,1
Universumine,1
Universumien_tomu,1
Käänteiskristillisiä,1
Uskontososiologinen,1
Hiihtelöö,1
Palvelutunnin,1
Gerontologist,1
Kazuhiko,1
Entrail,1
Kelp,1
Vähäpäihteinen,1
Okiwanalaiset,1
Poikaparin,1
Aikaansopivalta,1
Identiteettipakkaukseen,1
Hevileteistä,1
Sliikeistä,1
Vassarinuori,1
Vassarinuoren,1
Kehotyyppimaku,1
Identiteettitekijäksi,1
Haihattelualoista,1
Ystävänpäiväsukkien,1
Lakimiestutkinnosta,1
Patristiikan,1
Langenneista,1
Juutalaiskristillisten,1
Aamutähdestä,1
Santsilautasellisen,1
Sinunlaisesikin,1
Niskanojaan,1
Kirjastohenkilökunnan,1
Yleisöpäätettä,1
Epälemättä,1
J7jvmiq,1
Hepatiittirokotusta,1
Bodypositiveksi,1
Popularisoivan,1
Viikonloppupyhimykset,1
Suivarrella,1
Suomalaisbaltialainen,1
Paholaisopin,1
Uskomusolento,1
Moraalivahti,1
Kortinpeluussa,1
Natsipornoluola,1
Eey8hi5,1
Pyörtypisen,1
Partaille,1
Hiekkapusseilta,1
Oikeudenkäyntitrollien,1
Puhkimaan,1
Kalevalalaisessa,1
Tulehdusarvoa,1
Autotarran,1
Viimeksikäänhän,1
Operaatiohuoneessa,1
Verenimijälle,1
Esiliinan,1
Verenotto,1
Kettumaiselta,1
Tökkääjillä,1
Veriote,1
Suunäytteen,1
Hoitajapa,1
Cityboita,1
Tuomihtemisella,1
Taulussaan,1
Giovanni_da_modena_,1
_the_inferno,1
Hirvittävämmäksi,1
Maëlen,1
Sorciére,1
Martin_van_maele_,1
_la_sorci,1
A8re_06,1
Paholaisesti,1
Pukinpäinen,1
Sapatissa,1
Inquity,1
Lj5jrpl,1
Lankeemustaan,1
Enkeljoukkoa,1
Génie,1
Saatanksi,1
Baph,1
Concomitantly,1
Abdominally,1
1257px,1
Ilmastohuolestujat,1
Muuntamotyöt,1
Maaseutukylän,1
Lakimiesliitossa,1
L10p86,1
Ruokitteko,1
Harkitteensa,1
Koirantalutinta,1
Bukailua,1
Fingerboksien,1
Mummoilua,1
Burmalisten,1
Thaimaalaisiks,1
Markkinahäiriöiltä,1
Roadsterista,1
Hörönauruun,1
Oleat,1
Informantikoksi,1
Tupakkavalmistajat,1
Mielenkiintojasi,1
Näytteenottotilannetta,1
Greatscott1991,1
Vaalilupailut,1
Säälistellään,1
Clz,1
7mmxulk,1
Ironiapiste,1
Kokeilemattakaan,1
Anea,1
Muotitrendinä,1
Perussairausten,1
Konttausikään,1
Isokummiäiti,1
Manerihomot,1
Homotensa,1
Maneerityylistä,1
Maneerihomoilla,1
Homomaiset,1
Kuvaputkimallilla,1
Grafologin,1
Pikkuputelin,1
Alahyltä,1
Potiaalle,1
Rusinapiimä,1
Vastelee,1
Ihaniksi,1
Oheistuotteiksi,1
Tpwmsvdt8by,1
Mainosralliksikin,1
Trumpulle,1
Stikkasit,1
Myötistelijä,1
Homokaveeraajalle,1
Neulatyynyinä,1
4putkiloa,1
Luimistele,1
Jääkiekkoilijatkaan,1
Oma_tekemä,1
Veistoshan,1
Saarnastuoliin,1
27ange_du_mal_,1
Joseph_geefs,1
Kirkkoympäristöön,1
Kuijottava,1
Tuulettavaan,1
Hypertrofiseen,1
Adonikseen,1
Eskapointi,1
Valutettavaa,1
Tökkimäänkin,1
Surrrsurr,1
Surrrklik,1
Jumaskegula,1
Warppivauhtia,1
Mielenterveysongelmies,1
Böndeamkeille,1
Artworki,1
Fanartiin,1
Homouellaan,1
Suonelta,1
Piilohiki,1
Oznan,1
Kaupunkilaisliberaalina,1
Henkiköliikenteeseen,1
Tavarakuljetuksien,1
Hufvustadsbladetin,1
Venytyskoneessa,1
Mummolaaksoa,1
Uskonnollisemmista,1
Synnyinkodistaan,1
Läpälässynlää,1
Hölöhöö,1
Homovalo,1
Sateenkaaritapahtumien,1
Homounivormuun,1
Televisioimiseen,1
Suoritushyvityksellä,1
Hyväehtoisella,1
Oikiksestakin,1
Siteeraaviakin,1
Hintatietouttasi,1
Taivekartonkia,1
Astalogate,1
Jouluvalovaras,1
Laivanupotuksesta,1
Työkennelläänkin,1
Lasunnon,1
Odotusjonoa,1
Impulssiajo,1
Baarikansi,1
Julkipano,1
Lempiessään,1
Toimistovuokriin,1
Tietopankkien,1
Edustuskustannuksiin,1
Aletoimeksiantojen,1
Costiin,1
Maineriskiin,1
Ccthpnemxuk,1
Rantahurrisuvakeille,1
Buujzyqsjdo,1
Miissään,1
Henkäsy,1
Hirmuliksoja,1
Viestintäväyläksi,1
Iohajoavan,1
Röökinjämä,1
Sähköautokurssi,1
Zmdnzqaloje,1
Ennakkopidätysta,1
Sivutyöhön,1
Myyjäiskarkkirasioiden,1
Rd3cllcole7rw,1
Villityksissään,1
Mandariinimarinoitua,1
Luokkayhteyskunta,1
Manchildiuutta,1
Taitettaville,1
Robottimaisinta,1
Mummokoodia,1
Pro_bono,1
Suomalaisuuskokemuksen,1
Aikamiehille,1
Pantatko,1
Nukkumatitkin,1
Rekryamiselle,1
Bioanalyytikolle,1
Sosiaalitulojen,1
Konkretisoidukaan,1
Discorddiin,1
Viggoa,1
Hentoihin,1
Häseltämistä,1
Kieliraitoa,1
Omakohtaisine,1
Anekdootteineni,1
Loistaviahan,1
Hurriganesit,1
Varastotöissäkin,1
Varastopäälliköksi,1
Tunnistaisitte,1
Tunnistautuisitte,1
Nikotiiininesteiden,1
Mummojuttuja,1
Avosoosia,1
Hekottelinpas,1
Nipistykseen,1
Tilanteessanikin,1
Q809jq7qeu0,1
Emmerdalella,1
Vuokrasopimushakemus,1
Kiinteistönvaihtajakeisari,1
Muumisarjiksissakin,1
Ysärianimusta,1
Muumikaanoni,1
Valonloistoa,1
Karkkibokseissa,1
Heilutelleille,1
Seisokkiaan,1
Ahmettin,1
Seisokkeineen,1
Turupahan,1
Cityhomppeli,1
Puukkojunkkarijuuriaan,1
Platinatähti,1
Helunakin,1
Smaragdisella,1
Ikun,1
Maitoallergialle,1
Hammaslääkäripuolelle,1
Kolmitykkiä,1
Fanisubbaus,1
Perusturvia,1
Budjettiiin,1
Pänttäysaineet,1
Ohjelmasivulla,1
Sivuhuuteluna,1
Klikkausmäärien,1
Suomimangaa,1
Sasuken,1
Taustatuesta,1
Vectoringilla,1
Prjuudoc,1
Mummmi,1
Fiksaantuneena,1
Panttivangistasi,1
Burgeriuteen,1
Lokaamiskampanjaan,1
Ilmastohuolestuja,1
Estehankkeita,1
Aidanneilta,1
Establishmetti,1
Takapiruineen,1
3_nfd6nju,1
R096gj1adnc21,1
Erikoisasuntoja,1
Bägittää,1
Pikkuleipää,1
8fzjkdmrffc21,1
Dash_2_4_m,1
Maksaviheltää,1
Nestepöhön,1
Sankarihomma,1
Akustoi,1
Liikenteesfsdjigdfig9,1
Väluin,1
Yksinkertaìsesti,1
Osakeyhtiöikseen,1
Tasavartaisuuspykäliä,1
Määräenemmistöistä,1
Mhdollisuus,1
Heteroilkoon,1
Ydinperheaiheita,1
Feenettiä,1
Ronkaista,1
Edk434y,1
Heilurikello,1
Irtoneulalla,1
Yhdellekaan,1
Palkkiohinnat,1
Kansanedustajiie,1
Pikkuapinoilla,1
Näytteenottajissa,1
Valtavirtayhteiskuntaa,1
Huomiohuorailuna,1
Staffilaisen,1
Veronicat,1
Tsadeja,1
Sivosella,1
Näytteennottajaa,1
Jengillähän,1
Mummolamaisuus,1
Ikiaikaikainen,1
Erotiikaksi,1
Ulostuloseremoniaa,1
Seniileiden,1
Epätoseja,1
Höpsöttävät,1
Kuormanjakajasta,1
Latausvalmiusmaksusta,1
Heteroeroottiset,1
Lisävoimalaa,1
Talvivarusteltuja,1
Esihistoriallisilla,1
Sähköautoliikenteen,1
Stagnaatiolta,1
Henkilöliikenneasiassa,1
Kiintiöhomosääntö,1
Lopön,1
Mielipidesisältöinen,1
Viestiviidakossa,1
Pääomarahastoihin,1
Coöperatieve,1
Merimieseläkekassa,1
Cevante,1
Kambisi,1
Piinom,1
Pensionsförsäkringsaktiebolaget,1
Kellosepiltä,1
Hurjahan,1
Konsoliception,1
Provosoitumiselta,1
Kotiruokaravintolasta,1
Appelsiinihyllyllä,1
Turistilaivat,1
Vedenlämmittimiin,1
Henkilöhinnoittelu,1
Mökeissäkin,1
Arvokisavoitosta,1
Vähemmistöillle,1
Homopropgandaa,1
Sisusteina,1
Ultrasupermummoja,1
Seinäkellokokoelmilla,1
Retropelejäkin,1
Retropeliksi,1
Heikkogeeniset,1
Salorallakin,1
Jännitämällä,1
_kellon_,1
_suuntaan_,1
Huuhtoessaan,1
Yövartijamoderointia,1
Elokuvalipunhintaa,1
Usjkizxgnts,1
Tuontituoteraiskaus,1
Kanyylinkin,1
Katselutottumuksista,1
Polttonoottoriautoja,1
Hoooomoooojaaaaa,1
Raanulta,1
Ryijyltä,1
Näytteenottoneuloja,1
Siroissa,1
Shitpostailuun,1
Päälajini,1
Kannattajakerhon,1
Opetushenkilökuntana,1
Teknillinenkin,1
Osinkomasseja,1
Työvuorolistoille,1
Bentohuumaamisesta,1
Venäjäuutisoinnin,1
Ai7tgj,1
A4n_media_teki_suomessa_pid,1
A4tetyst,1
Eelvg11,1
Alaäänisade,1
Dohnaldia,1
Muurivaalit,1
Repostusta,1
Rajasti,1
Maahanmuuttoreformiin,1
Kiistakapuloihin,1
Kompromissiehdotusta,1
Namessa,1
Normaakin,1
Homoagendaviihdettä,1
Peraasi,1
8296fbbd,1
20gru,1
3averified,1
Hengitysrytmiä,1
Penkkiurheilee,1
Luokkaretkirahaston,1
Ruokapankkien,1
Miinuutiksi,1
Orgeissakin,1
Hyväksikäyttösuhteen,1
Ahdistavienkin,1
Tatcheri,1
Mummolakulttuuri,1
Kilpailenko,1
Vihtahousuoletetun,1
Liittyyneen,1
Mukaköyhillä,1
Avauspalkkio,1
Wowittajaisoisä,1
Aksulilta,1
Lehmäpeli,1
Hologrammivr,1
Alennuspalkkaa,1
Klassikkokirjailijoita,1
Clickbaittaamiseen,1
Fastfoodprice,1
Muuodossa,1
Raiskausvapaan,1
Äidinkielenkurssit,1
Tehtäväähän,1
Heteroerotiikkaa,1
Roskaluotot,1
Otavanoppimateriaalit,1
Raimondius,1
Etusivuaikaa,1
Ofcoorz,1
Yksityistämiskarkeloissa,1
Henkivartijoillesi,1
Kimppalennot,1
Ampumiskohteen,1
Matkailutrivian,1
Bronzebeardilla,1
Wildhammerille,1
Luistas,1
Intentionne,1
Tieteiselokuvatyylinen,1
Alottasit,1
Flägäät,1
Senioripelaajille,1
Kateltavvaa,1
Peekit,1
Hauskanpitoharrastus,1
Ammattilaishomma,1
Valamentajan,1
Iskuskuista,1
Kultavaraintoa,1
Foliohatturapinaa,1
7ssä,1
Kampanjabotit,1
Videokokouksena,1
Turvapaikanhakijataustaisten,1
Infonurkka,1
Erikoiskaarti,1
Valokuvausoperaatiota,1
Pullistelevalla,1
Mäkihypyt,1
Urheiluviirit,1
Kultakääreiden,1
Sondermodell,1
Tarius,1
Uppoavimmasta,1
Tactgroup,1
Valavaara,1
Cttf5s2hfka,1
Heteroeroottista,1
Kehittämishankketta,1
Yltäisivätkään,1
Silverbankin,1
Puhelintyöllä,1
Ryon,1
Kammanioi,1
Sähkötupakkalaitteeseen,1
Reeeeeeeereeeeeeeeeeeeeeeeeeeeee,1
Kulttiensa,1
Eläköitymispaketti,1
Homorummutusrummutus,1
Tytönpollukka,1
Näpräisin,1
Alanuolemaan,1
Somenkäyttöön,1
Miespainotteisempaa,1
Luottamusongelmathan,1
Ajz39z,1
Is_wikileaks_on_ven,1
A4n_sotilastiedustelun_grun,1
Ef0bw9n,1
Kehittymiseenkin,1
Tilastotieteilijältä,1
Normaalinen,1
Intellectuel,1
Uhribonaria,1
Viisimetriseen,1
Tiehuoltoon,1
Homovitseissä,1
Viattomiaki,1
Avointaki,1
Olutmyyntiä,1
Kulttivoittajana,1
Heteroseksuaalitkin,1
Peppureijän,1
Välen,1
Lopputuokseen,1
Peleättävää,1
Lässytettynä,1
Travittava,1
Ammatimaiset,1
Rikosaktiivisuudella,1
Selittäävää,1
Yhteiskuntakeskustelija,1
Arvoseminaariin,1
Eksperttistatusta,1
Sensuurisyytökset,1
Öhöytyksesi,1
Asiantuntijakomiteoita,1
Ideaalisimpia,1
Repuuseja,1
Cezarysta,1
Statusseikka,1
Geimaamiseen,1
Köyhäintaloilla,1
Chicksiä,1
Vassykka,1
Näpäyttäisipä,1
Kuoreet,1
Narratiivisuus,1
Laarinpohjimmistoa,1
Sivuhistoriassasi,1
Peitetarinasi,1
Ykkökohta,1
Oikeansuuntaisilta,1
Justimusfilmsillä,1
Tornimuki,1
Rapureivi,1
Y5tjtufl0j4,1
Olin13,1
Inteeernettiä,1
Yksilönvalinta,1
Oletusasetelman,1
Kuffarimiehen,1
Räjähtävämmän,1
Iuu,1
Tämänhetkeiseen,1
Siirtolaisjengi,1
Siirtolaisjengiläisiä,1
Kehitysmaajengiä,1
Phoenixit,1
Latinojengit,1
Kiroilusakkolait,1
Reittilentomatkoista,1
Adoptional,1
Ennakkotapaustenkin,1
Verorikkomuksiin,1
Lähiöjengin,1
Ikkunoitasi,1
Tenaviasi,1
Pelitarina,1
Verimakkaroista,1
Five_techniques,1
Järntronen,1
Muita_fetissej,1
Lähtettämään,1
Muelummin,1
Viimeisteltyinä,1
Monipuisella,1
Nahkahomma,1
Homomieheydestä,1
Moninaisempaan,1
Ggscore,1
Rauhotteluun,1
Lastenpolilla,1
Hätäisyyttä,1
Vammaisparaateja,1
7akqeeecotg,1
3ameemit,1
2bhuumori,1
Eyzqbdp,1
Provolippujen,1
Gameplayt,1
Harakchiev,1
Tolumov,1
Matiošaitis,1
Ijrcenter,1
8hm6e51,1
Inttiaiheista,1
Pääsisällöltään,1
Hiekkalaatikkomaista,1
Nojatuolipsykologille,1
Ahun58mz3vi,1
2krjj2vecpq,1
Keysightin,1
Tektronixin,1
Lecroyn,1
Maksimisiirtonopeuksista,1
Erikoiskohtinaan,1
0a5660ebe09a53abc68eb10e0e0b7245,1
Lesboporukoissa,1
Homofobiikko,1
Suhdejutusta,1
Vastarakennetusta,1
Rakennustarkastuspöytäkirjat,1
Inttibiisejä,1
Fex9rklpky0,1
Trestles,1
Ruokajuomineen,1
Drunkaf,1
Pilkkiäkään,1
Pusikalijakelit,1
