Ananastukista,1
Yiannopolousta,1
Mcinnesiltä,1
Sionismistaan,1
Oveenavaajana,1
Luomiskertomusten,1
Luomikertomus,1
Luomismyytit,1
Luomismyyttien,1
Puolusteluyritykset,1
Hirmuleuat,1
Kultakaloilta,1
Karpeilta,1
Talvisietoisiakaan,1
Sata_miljoonaa,1
Elintasopakolalaisia,1
201706172200214889_ul,1
Mallorn,1
Theosophist,1
Kryogeniseen,1
Profeetanpartaani,1
Hopearuutana,1
Pääteoksenaan,1
The_return_of_the_shadow,1
Itsemurhakultteihin,1
Kaupunkivetoista,1
Varkaushävikki,1
Vartijakulut,1
Rightistiksi,1
Politiikkasubeja,1
Meemutermiä,1
Ek6jgef,1
Nerokasmaista,1
Assimiloitumattomien,1
Odinalaiset,1
Painittiinkin,1
Britannina,1
Lienenevät,1
Counterprotests,1
Pakolaisperäiseen,1
Kotouttamisapuja,1
Ienp4j3pw7u,1
Piiparisella,1
Kalankuvat,1
Mekaaniikalla,1
Kiinniottoväline,1
Takakolmiosta,1
N9njwrtaul4,1
Rayhablogi,1
Acluva,1
Tukholmalaisittain,1
2015062519928371_ul,1
Ravintolakysymys,1
Kodinkonepaketti,1
Urrrh,1
Mrrrh,1
Jejjeee,1
Vatatataa,1
Tykkänny,1
Pienemm,1
Kaksikerroskävelyteiden,1
Sokkeloihin,1
Tuupertunutkin,1
Taustapuolille,1
Myötätuntokivut,1
5d3c68beb58f490a9e5a9380fdc9646a,1
Matkaatte,1
Amerikkaiseksi,1
Autokartelliansa,1
Perämisessä,1
Lokariobsessio,1
Jalkajarrullisen,1
Perusmunamankelin,1
Taajamalippu,1
Kotiintulomatka,1
Ajotapahtumat,1
Ajotapahtumatietoja,1
Reititinteippiä,1
Käyttöredditti,1
Tiivistekumia,1
Riipaksi,1
Listallanne,1
Feminismiketjua,1
Remunkin,1
Rosenscharf,1
Edelsüß,1
Süß,1
Toimituskuluitta,1
1170g,1
B06wp6jxpr,1
2x1kg,1
B00ntrz5gk,1
Gulassit,1
Keppimäisellä,1
Vartijafirmatkin,1
Sarlotat,1
Cuwfa0c,1
Kannatalalta,1
Mz9nzgqn1nqbg,1
Vassarinatsien,1
Vuorovaikutuksissasi,1
Turhanpäiväistähän,1
Whatabouttamaan,1
Retweettaili,1
Yrityspankkitiliä,1
Yritysvelat,1
Perustamislomakkeella,1
Tilintarkastuskin,1
Ammattitoiminnassa,1
Reskontrasysteemit,1
Myyntilaskunteko,1
Kelatukiaisia,1
Yrittäjyysaikana,1
Testitunnukset,1
Dlbpzti,1
Telaketjuisimmat,1
Vartijakustannukseen,1
Luomisuskoiset,1
Evoluutioteoriakaan,1
Saunasysteemiin,1
Mokillesi,1
Nolouksissasi,1
Stokkivanne,1
Digisovelluksella,1
Sightseeingiä,1
Päätoimistahan,1
Havikkiin,1
39attpe,1
Valtayleisön,1
Väkivalllan,1
Yleissivstystä,1
Kansallisblogi,1
Elinluovutuskortista,1
Eutanasiapiikkini,1
Kuolemattomuuskotkotukset,1
8wzp,1
0fl6zo,1
Ed1zihnxnx8,1
Yksivaihteisellakin,1
Höpöhöpölehtien,1
Ääntäneestä,1
Räppärinalusta,1
Velanlyhennykset,1
Anarkommunisti,1
Loppufiilistely,1
Rautalankainen,1
Article129635099,1
Aufgebauschtes,1
D6ndn9iiedk,1
Rahakahviongelmaasi,1
Viimesti,1
Talousvaikuttajille,1
Kaupunkisuhailussa,1
Hifistelykahvia,1
Scammata,1
Carolingia,1
Insidehuhua,1
Fasistinatsisioiksi,1
Videomateriaaliakaan,1
Nakutellu,1
Sosiaaliturvies,1
Oletusvalinnat,1
Tarhaketun,1
Turkismetsästyksellä,1
Epeleille,1
Parisiennea,1
Pannukahvikin,1
Kannattajaansa,1
Recillä,1
Völlig,1
Wirkungslos,1
Erwiesen,1
Zielpublikum,1
Erreicht,1
Zwar,1
Salailisivat,1
Suosisvat,1
Äärivasemmistomellakkaa,1
Ääriväkivaltaan,1
Praeventionsprogramme,1
Ääriliikkeemme,1
Matikantuntia,1
Paskaraudaksi,1
Kakkasinkin,1
Hovindin,1
Maahanmuuttajahelvetin,1
Persupoliksessa,1
Oppiaiheet,1
Melissasta,1
Neuroverkkoasiantuntija,1
Epäseksikkäiksi,1
Vtfkvouyzye,1
Junakulunvalvonnan,1
Radanpätkien,1
Jarrulajiin,1
Kitlkaan,1
Uudistusprojektit,1
Kokemukseenko,1
Kloonitaloja,1
Turkispaskat,1
Kahvipöytäkeskustelumme,1
Kauhupokkarien,1
Karlströmillä,1
Kukutusluottojen,1
Vihapäissäni,1
Arq9uqm1bbc1japnq9,1
U046srraqvneipfnqgavi,1
Rtv5b_l8m6hu_jgr,1
Csd8xhyvm,1
Järjestyksevalvojilta,1
Teknotytön,1
Liruihin,1
Takaisinpalautuksenestäjä,1
Psykologikäynnillä,1
Märyörkki,1
Kardemummakahvi,1
Kampitusyritykset,1
Lakirakenne,1
Saaristokaupunkikin,1
Suojapuskurina,1
Eurooppalaistyylistä,1
Sävyeroilla,1
Tunnelmineen,1
Hiljaisuuksineen,1
Jauhatettuna,1
Löfbergsillä,1
Linkinlyhennettä,1
Paskasimman,1
Maustemyllystä,1
Aateryhmiin,1
Vakisettiä,1
Kultakutriinaa,1
Reavereihin,1
Plöröteltynä,1
Elintasoturismi,1
Turvisturismi,1
Kahvitehtaassa,1
Sihvelillä,1
Peloitteluineen,1
Macu,1
Suomeeki,1
Samalaisel,1
Kurkkulaulul,1
Lastaavan,1
Ismoleikolamaisuutta,1
Vitsinselitysjanan,1
Arnoldsiin,1
9f078672f010479126fc575cba920ad72c3a7281_hq,1
Exchangeable_image_file_format,1
Väärydelle,1
Pyörävarasansasta,1
Herätyshenkisessä,1
Pelastuisinko,1
Mielenterveydenhuoltonsa,1
Neurolepteja,1
Juttuvyyhtiä,1
Hyökkäysmenoilla,1
Hyökkäysasetelma,1
Fonttibongausta,1
Protestanttiperheestä,1
Schoolfriend,1
Laivastotukikohtaansa,1
Asevarustelukilpailuun,1
Bc1dc5r,1
Ou0qhrp,1
Hifistää,1
Luottopaahtimostani,1
Kayon,1
Pitkästymiselle,1
Moskeijakeskustelu,1
Heteronormatiivisuuteni,1
Hlautta_kauppatori,1
Vokkitoimintaa,1
Tiputain,1
Poistumiskehotusten,1
Punavuorihoro,1
Ingadistort,1
Arqwicaafzjq1xpjx4oxe7,1
Eqozgwsvbpwazimruh8wi3vmjp7nhpz9b4si5hbzno8a,1
Ingalle,1
Aec0d989861242b8c702c4eb738882f0,1
Oopperajuhla,1
Oligarkova,1
Joutsenlippumerkityssä,1
Luomuturkiksessa,1
Finlandsfors,1
Persialaismattoa,1
Liipasinsormensa,1
Protskushakerissa,1
Frappémaista,1
Huvittelivat,1
Pilkkanaurua,1
Rinnakkaisoikeusjärjestelmiä,1
Markettitason,1
Muoviklompurat,1
Opetusasteelle,1
Keskipaahtosta,1
Onnisistunee,1
Kokaiinikuljetusten,1
Juonenpätkät,1
Neuvostovalmisteisella,1
Kesälomakaverille,1
Iskääsi,1
Alahuuliväpätys,1
Lapsenmielen,1
Arkimagiaa,1
Hinnoitelee,1
Hintaesimerkkejä,1
Aamujunien,1
Kommarihuoraksi,1
Ghhvg,1
Jalkajarrullisissa,1
Vannejarrullisessa,1
Mokkamasterilta,1
Nordquisteista,1
Saurahasta,1
Mökkö,1
Löötä,1
Aaltopeltivajoineen,1
Löörning,1
Rappeuttais,1
Säästövimmoissaan,1
Pääsykoeralliin,1
Polemoneja,1
Kauniistiko,1
Torivisiitistä,1
Ristipostatkaa,1
Juoksukaljailu,1
Tarhausjutulla,1
6jbye8,1
Can_someone_explain_the_hormuz_meme_to_me_i_have,1
Heinäsirkatkaan,1
Savusaunalle,1
Myöhäisemmässäkään,1
Kilpapyörälläkin,1
Kuwamuti,1
Matkustusajankohdasta,1
Finnairilainen,1
Pärskäytti,1
Loppupannullisen,1
Halpiskahveissa,1
Viedäkö,1
Reivaajana,1
Mediaanivuosituloista,1
Pressopannujauhatus,1
Meanjokes,1
Paahtama,1
Tummaapaahtoa,1
Soundboardien,1
Hengitysvaikeuksisia,1
Sairaaksijalostettuja,1
Valvontaketjussa,1
Pakkohuostaanottoon,1
Väliaijaisesti,1
Systeemits,1
Jatkohyökkäyksensä,1
Kahvitoniciin,1
Voksia,1
Ympäristönsuojeluliike,1
Kaantynytta,1
Kissipostauksia,1
Hacendado,1
Opintosuuntiin,1
Mellumäki,1
Kiertäköön,1
Palkansaajoista,1
Palkastasti,1
Lastenlastensakkin,1
Eläkekusetussukupolvet,1
Huippueläkkeensä,1
Ininen,1
Kilpapyörien,1
Perinneviisaus,1
Anarkistiryhmittymä,1
Pyrkijänä,1
Meemuaineilla,1
E4shvupf,1
Kanankakalle,1
Pakastetiskiltä,1
Yläpointsi,1
Lukukunta,1
Eskmies,1
Kurvatessaan,1
Mopoautollaan,1
Ohijuoksutus,1
A4insuojeluj,1
Yhteystiedot_elainlaakarit,1
Steroidihuumoria,1
Neljännestason,1
Suurlamalta,1
Heikkomminkin,1
Onnistumisekseen,1
Epäonnistumikseksi,1
Nudged,1
Helbusia,1
Liberaaliopiskelijoita,1
G5apgkbvbzay,1
Tuottaneehan,1
Aivopieruvandalismi,1
Jätemuussia,1
Saludossa,1
Superketun,1
Kalliolais,1
Radtshenkon,1
Rotavirusrokotteen,1
Turkishuutokauppojen,1
Tarinakerrontaa,1
Kokkanokat,1
Kamelinnaamasta,1
B9omncsceaef_0f,1
Vihanneshoitoon,1
Immunosuppressatuna,1
Ruumiinjäseniä,1
Lähiruokarengas,1
Luomulaakso,1
Ekolinkit,1
Lahiruokarenkaita,1
Kevytkokoomuslaista,1
Jcdecauxn,1
Suodatinkahvipapuja,1
Mainosalallakin,1
Fillaritkaan,1
Sateenkaarenväriseksi,1
Ajodatat,1
Mielenhallintananoteknologiaa,1
Sterilisointiviruksia,1
Kurssivähennyksillä,1
Skarppaavan,1
Kaupunkipyoran,1
Korkeakoulupääsykoetta,1
Sissitaiteilija,1
Kakkalaariin,1
Keinuheppoja,1
Alakulttuuriympäristössä,1
Käännytysyrityksensä,1
Pikkusatanistin,1
Ripariporukan,1
Mehukesteillä,1
Ikäistyvänäkin,1
Vasemmistourpoja,1
Naurunaiheeks,1
Läpissäkin,1
Halpamerkkiä,1
Kardemummakahviin,1
Minkäkokoiseen,1
Affluenzaan,1
Heimoasetelma,1
Vassarianarkistiksi,1
Pysakkeja,1
Pysakkien,1
Veronmaksajlle,1
Megahyperduperkorporaatioiden,1
Mcnestleapple,1
Tanssikouluista,1
Läppäistäisiin,1
Määrittelyysi,1
Twelve_theses,1
Kangura,1
Africolan,1
Bränditauluja,1
Foorumilöpinät,1
Kässäänkö,1
Muokattavampia,1
Edustustukselliseen,1
Runttaamassa,1
Burnoutien,1
Eriarvoistavuuteen,1
Abikirsseiksi,1
Läpirunnotun,1
Puhaltavista,1
Joukkotuhottavaksi,1
Mainostaulujakin,1
Duunariammattiinkaan,1
Turistiopaskirjasen,1
Ruokavalioittensa,1
Sapattiensa,1
Kirjakappale,1
Spoilausjuttuja,1
Tyäukkokuplassani,1
Rhk_2006,1
A4_radan_valityskyvyn_web,1
Pienimmillaan,1
Kansanosioa,1
Tuhoasivat,1
P54sp0nlngg,1
Vaihtuvasuojavälisellä,1
Suojastuksella,1
Kiinteäsuojavälisen,1
Suojastukseen,1
Helppopääsyiseen,1
Anarkistijälkeläisiä,1
Taistolaisaikoinaan,1
Talousanarkisti,1
Vittuilutaktiikkaa,1
Moskeijana,1
List_of_kingdoms_in_pre,1
Colonial_africa,1
Ääripassiivisto,1
Saatiot,1
Vahaisesta,1
Selkiyttämiseen,1
Pharmaseuticals,1
Ylitysvälin,1
Ristekysissä,1
Redditinparhaat,1
Kulutusturhakkeen,1
Älyjääkaappeja,1
Salaliitista,1
Pyöränsarvissa,1
Tilinauhoissa,1
Scifidystopiana,1
Sailymisensa,1
Yhtenäisempiin,1
Firstworldanachism,1
Viiteyhtymiä,1
Teroriatuntia,1
Saannostelyn,1
Referenssiääneksi,1
Liikennevalistukseen,1
Heittamista,1
Eläkevirkansa,1
Halpaheikeistä,1
Vetäisevä,1
Aiheosaamisen,1
Stressaamistaipumusta,1
Saudirahoituksen,1
Älykkyydelliset,1
Pallonsohijat,1
Politikoistakaan,1
Istumasssa,1
Avorintamassa,1
Hontelon,1
Puhdistusmaksu,1
Suhteillemme,1
Liitostamme,1
Tyhmyyyättäni,1
Löpisen,1
Anstaitsisi,1
Läpsittäväksi,1
Fyijsbpxvfm,1
Kiertäessäsi,1
Kivipaasin,1
Reunustetun,1
Istutusalueen,1
Niskavaivaiselle,1
Kaahaajaksi,1
Ylikohteliaiksi,1
Pyshädyn,1
Ylitysvuoroani,1
Sisällissotimiseksi,1
Shilluk,1
Toposa,1
Otuho,1
Didinga,1
Tennet,1
Acholi,1
Murle,1
Azande,1
Moru,1
Baggara,1
Endemic_warfare,1
Alkuasukasheimojen,1
Tapaatoki,1
Eläkemäärään,1
Konfliktiuutisointia,1
Dispatchit,1
Nopeusperusteinen,1
Somemyrskyltäkin,1
Artistiakaan,1
Amatöörialoittelut,1
Kattavuusasteissaan,1
Pädipelleily,1
Videoltahan,1
Kuningaskunnatkin,1
Vuosikursseittain,1
Pankkiirinvirka,1
Nettotienestiksi,1
Finanssimekkaan,1
Ammattilaistuotteet,1
Päättömämpiä,1
Hate_us_5947bf51e4b0d188d028001b,1
Pw7eyk4ummo,1
Tuplasalajuoni,1
Goyimin,1
Yksinkertaisimminhan,1
Kotipitäjässäkin,1
Luomunaudanlihan,1
Teurastushommia,1
Teurastuspäivää,1
Homeopatiamääräys,1
Kolmospaahto,1
Löfsbergejä,1
Kolmospaahtoo,1
Hyvävelihyötyjät,1
Ideologiahyötyjiä,1
Luontaisa,1
Perkeleh,1
Käännynnäiseen,1
4d93528a9,1
3d58e13b4,1
Nopeakinttuisin,1
Jumittuneella,1
Ohutseinäiset,1
Pinnanmuotoa,1
Ajokuskit,1
Etääisyydellä,1
Sakontapaisen,1
Vahukselle,1
Peesausjonossa,1
Sivuttaisturvavälillä,1
Avainlauseita,1
Rokotemokasta,1
Rokotekriittisyydeltä,1
Henkilokunnassa,1
Penseytta,1
Paleface_vaasa,1
Ravinnonkäytön,1
Fotosyntetisoivaan,1
Aterialihoiksi,1
Ddcnihn3tt4,1
Tilateurastamosta,1
Artistiläpyskää,1
Loppusäätö,1
Shuttlekin,1
Nillittäväksi,1
Artistipassiaan,1
Artististatuksesta,1
Skarpimmalla,1
Tunnistettiinko,1
Artististiksi,1
Ruoanheitto,1
Bujdetteihin,1
Usuttanutkin,1
Rumpuvaiheeseen,1
Runtanta,1
Taluttelemalla,1
Pyöränromu,1
Löytyen,1
Kaatumisjäkiä,1
Kädensijatupet,1
Ekstralenkin,1
Palikkamatikan,1
Puolustusmenojen_osuus_valtion_kokonaismenoista,1
Soraperäpuikot,1
Kemosynteesi,1
Vastapainoksikin,1
Vaihtoehtovaluutoita,1
Eliittijohtoiseksi,1
Heimolaisuuteen,1
Puolustusliittoumia,1
Asetettaisiinko,1
Tienylityskohtiin,1
Originaalitranskriptio,1
32008r0110,1
Iml1pwujv7m,1
Lykrarakettien,1
Överivauhdit,1
Hillitsekkään,1
Peliaiheisessa,1
Hallofamesite,1
E2h7n7,1
Kruuger,1
Lasipurkkejahan,1
Tunailla,1
Amislasipurkit,1
Karvapinnoitteesta,1
Tummennutuista,1
Exponentiaaliesti,1
Potkulautailijioille,1
Huuhaavyöhyke,1
Yksityisyyskontrollissa,1
80wkx9blb,1
Fillarit3,1
Huutoäänestyskulttuurin,1
Livauttunut,1
Yksiloon,1
6qcxrq23ii8,1
Hyodynsi,1
Normatiivisyytta,1
Yhteisolle,1
Kayttajansa,1
Tyydytysta,1
Lumetodellisuudesta,1
Juutalaiskommunisti,1
Turvallisuusosuuskunnassa,1
Yhteisömaksuista,1
Ristiinmeneviä,1
Komsolskaja,1
Mitoituksessaan,1
En_13402,1
Vaatesivustoa,1
C5892,1
Normaalivartaloiselle,1
Viinitilasta,1
Väistämishalussa,1
6u16m7,1
B6tilaisuus_joka_l,1
A4sist,1
A4_mtv_purki,1
Dlp5lha,1
Panssaroituina,1
Jaanikan,1
Rokotussääntöä,1
Homosaationvastustajien,1
Hassutteluvirkaa,1
Unelmakaupungissa,1
Statustunnus,1
Lumearvoissa,1
Ignorennut,1
Kapinallisyhtymälle,1
Adrenaliinikylpy,1
Natsisymoblien,1
Supermelodramaattinen,1
Korotuskerrat,1
Korotuskertoja,1
Ostrovskyn,1
Totamuksena,1
Vihanneshyllyltä,1
Qhnsp1t,1
Uudellenohjauksista,1
Heilutelleesta,1
Kailottaneesta,1
Ananastukkajengistä,1
0qayitt,1
Newssinä,1
Obfuskaatioita,1
Obfuskaatiossasi,1
Vaarallisuuskriteeri,1
Selitettyjän,1
Scotsmenejä,1
Trumppiketjussa,1
Us250,1
Eettisena,1
Ylijaamapavut,1
Haviaisivat,1
Hölkkäilijä,1
6tqiag,1
Ministeri_saarikko_vaatii_rokotevastaisuutta,1
Seminaareissaan,1
Tuottajian,1
Kiivaampienkin,1
Vasemmistoliittoko,1
Blackmailia,1
Uutisankkamedian,1
Valelehdistö,1
Liikennesäännössä,1
Lobotomiasi,1
Mieltäänosoittaneet,1
Artistipassin,1
Hikitalkoisiin,1
Menosuunnastani,1
Seläm,1
Rautavankkuri,1
Törmäysvauhdista,1
Poistanevatkohan,1
Trumppijutuissa,1
Resurssejaja,1
Venäläispimua,1
Törttöilevien,1
Piippöleistä,1
Paleodieettimeininki,1
Nestorien,1
Gonzojourno,1
Jouksuhaudoissa,1
Upseeriäijiä,1
Hatanpäänkadulle,1
Sekatiellä,1
Ananastukkakulkueesta,1
Asevarustuksessa,1
Ostrovskya,1
Järjestyksenvartijoista,1
Artistipassit,1
Läntätyn,1
Matonkutojien,1
Ibrikissä,1
Barcaffe,1
Halpojenkaan,1
Pettinen,1
Sotilasvoimille,1
Chänttäämässä,1
Merkintatavat,1
Väistettyään,1
Trikooverhoiltua,1
Puskurivoimaan,1
Kassakaappisopimukseen,1
Lentokonehyökkäystä,1
Gonzoilua,1
Slcgxigtfrs,1
Taiteilijahaastiksen,1
Loppuunkasitelty,1
Ylivertaisuusvinoumassa,1
Ananastukkakulkueeseen,1
Ananastukaksi,1
Kuvainraastanta,1
Ananastukattoman,1
Pääutislähetykseen,1
Rokkorokotteet,1
Liskonpalvoja,1
Lentsurokotteet,1
Alueelliset_taidetoimikunnat,1
A4nintaiteilijat,1
Katumainostila,1
Tunnuksenihan,1
Imekatsomomunsykkivaa,1
Janniinat,1
Futisjunnujen,1
Mainostuksellaan,1
Mattgroeningshead,1
Vireniin,1
Kantasatamassa,1
Sapokassa,1
Canttiinissa,1
G189936,1
Kotka_kymenlaakso,1
Keisarinsatamassa,1
Villaggiossa,1
Kokeilinpahan,1
Skwawkbox,1
Lj5ryiicleg,1
Olemassaolorikos,1
Samansäteistä,1
Paksummman,1
Symmetriapiste,1
Hitausmomentit,1
Hitausmomenttien,1
Läpsimistappeluita,1
Ananastukkaläppä,1
Kommaripettureita,1
Gulassini,1
Paikallisuustuki,1
Donald_trump_s_ties_to_alt_right_white_supremacists_are_extensive,1
Firmanjohtajaa,1
4e1,1
Mauerille,1
Kataisellakin,1
Ristimatriisin,1
Ristimatriisia,1
Ananastukassa,1
Toiminimeäkään,1
Epämuodostuneiks,1
Hormonimömmöillä,1
Keinosiemmetään,1
Hyvöksikäytöstä,1
Kännykkäjopoilijat,1
Alepapyöräilijät,1
Sähköpyörällään,1
Ajatustasolta,1
Arvosanoissahan,1
Munataksista,1
Lähistöllään,1
Aineistotyyppien,1
Kuusissatoista,1
Iaaf_world_championships_in_athletics,1
Time_medal_table,1
Neljänsadantuhannen,1
Lahjakkaine,1
Sprinttereineen,1
Jääkiekkotreenien,1
Kesälajiin,1
Vertailupoolina,1
Tappelumielessä,1
Varustuksestakin,1
Turkiskettujen,1
Argudementin,1
Sponsorituilla,1
Normaalijaumaa,1
Yrittäjäpoolin,1
Kurssikutsu,1
Ekofasistin,1
Sateenkaariassosiaatioita,1
Maratoonarilupauksen,1
Kitinältähän,1
Havainnointiongelma,1
Kulkevalilla,1
Tarkkaavaisus,1
Amathia,1
6ttybw,1
Til_about_the_concept_of_amathia_a_greek_term,1
Varaulkoministeriksi,1
Urhelijanuorukaisista,1
Verbaalitykitys,1
Blmaa,1
Takakiekoista,1
Hystereesihäviössä,1
Jousitushyötyyn,1
Korkeataajuuksinenkin,1
Hakijapooliin,1
Kantoniensa,1
Dopingohjelman,1
Sarjajärjestelmät,1
Tasoittaessa,1
1sgnguolathcjlwdx2w,1
3_pg,1
Viherlaaksontietä,1
Businessjuttuihin,1
Uneliaiden,1
Normiyskä,1
Urbaanifiilinä,1
Tössäytin,1
Homopilluja,1
Coldcall,1
Yliajovideossa,1
Epäturvallisuuskriteerejä,1
Aivojakkaa,1
Häxi,1
Käynnistyäkään,1
Mummiksensa,1
Magneettikentättömän,1
Terraformointiprojektin,1
Meripuistossa,1
Snägärifaneille,1
Hakuperusteena,1
Ohijuokseva,1
Apupojalla,1
Kulkuluvalle,1
Rempseämpänä,1
Koskemattomuutts,1
Käpytikkojen,1
Suurvaellus,1
Käpytikkakanta,1
Kuolinvaellusta,1
Lasertutkat,1
Töytäisyistä,1
Kdwl0nz_d,1
Pahallani,1
Hitaankaan,1
Risteyksessäolijoilla,1
Yhteispeliksihän,1
Tankkimaitohan,1
Kahvolle,1
Palkanmaksuvaateineen,1
Digisuomelle,1
Vihabannereiden,1
Rasistiräyhäjengiä,1
6fpeevqwvpu,1
Virhervassarisuvaceista,1
Lääninurheilijat,1
Mäkihyppyjä,1
Oppisopimustoimistolta,1
Alhaisempaankin,1
Hyötyisivä,1
Liskonahka,1
Viestintävahinko,1
Tajunnanvirtoineen,1
Hippihumanisteista,1
Hyvisvärinöitään,1
Insinörttienkin,1
Punaviinitonkka,1
E7eqhmo,1
Ennätyssuurta,1
Kauppasivullaan,1
Rikollistoimijoiden,1
Maalitolpathan,1
6pucib,1
Psnuoret_vuonna_2015_saapuneet_turvapaikanhakijat,1
Dksi4tj,1
Viiimenen,1
Talikkokulkueelle,1
Allahis,1
Imeväisikäiselle,1
Urheiluruudusta,1
Mexicoissa,1
Mustamiesosoittaaohimoa,1
Vedättäessäsi,1
Mönteiksi,1
Bantu_mythology,1
Bantukielet,1
Haittaamasa,1
Karibialaisilla,1
Pikajuoksusta,1
1983_world_championships_in_athletics_,1
27s_110_metres_hurdles,1
Teemuseläntien,1
Urheiluinnon,1
Nykyvihreidenkin,1
Korjauskeinojen,1
Kesäolympialistan,1
Suomi_kes,1
Psykologituttavaltani,1
Psykologiharjoittelijalle,1
Shiaksi,1
Sekularistiksi,1
Oljenkorsilusmuja,1
Kasvottomammissa,1
Juoksulajeissakin,1
Warholm,1
Schippers,1
Sioittuen,1
Alepasponssipyörien,1
Baarituoppia,1
Puolilatino,1
Merkittävänäkin,1
Vemputtimet,1
Idaalisemman,1
Viispiikkisestä,1
Bublaa,1
Käyttöprofiililtaan,1
Pääsykokeesse,1
Käsienviuhdonta,1
Keikkapäivät,1
Centies,1
Kirkollisverovarat,1
Jiiiiihaaa,1
Palauttamisellakin,1
Urakoinneissa,1
Kärrikuski,1
Suhteutukseni,1
Työlinjainen,1
Lemmikkikoirarodut,1
Baskilaisia,1
Kielimuutokset,1
Siirtomaamiehittäjien,1
Pinjaistenmetalli21,1
Tyoajantasaus_2016,1
Kokoomussektorilla,1
Kehitysapuvarojen,1
Vanhuudenpäivinäänkin,1
Paneloin,1
Pomoukkeli,1
Nitiä,1
Kryo,1
Lpddr4x,1
3ca,1
Kaksoistakakamera,1
Mustavalkosensorit,1
Lasertarkennus,1
Näyttösalama,1
Ihneteltyä,1
Piksel,1
Xl2,1
10aaa0b,1
Sr_source,1
The_official_nokia_8_video_ads_reiterate_the_phones_key_features,1
Vuosityömäärä,1
Protososialistista,1
Kyröläinen,1
Telahommia,1
Valkokaveri,1
Työturvallisuuskoulutus,1
Läppäjutulta,1
Tikapuukoikkelehtijoita,1
Kolmoskerrosta,1
Snägärireissuillekin,1
Ylittämät,1
Latvi,1
Ulkoiltaessa,1
Ip00,1
Pelletakuu,1
Lasikiekoilleen,1
Gregariousness,1
Bulldogs,1
Butwhatabout,1
Sakotettukaan,1
Naarmutuksen,1
Roiskevesisuojauksen,1
Ip_code,1
Erdoganilaisia,1
Bitcoinpörsseillä,1
Hakkeroiduiksi,1
Suurenemistaan,1
Macobserver,1
Pomoukkeliuden,1
Cohnin,1
Katkonaisilla,1
Syväekologian,1
Riffinsä,1
Gorillalasilöyhötys,1
Puimuriremonttia,1
Kiivettuä,1
Picardin_kieli,1
Korsikan_kieli,1
Normannin_kieli,1
Balkanisoinnista,1
Lavausrobotissa,1
Kokelasjoukossa,1
Tehtäväkokonaisuudet,1
Viranomaisharkintaa,1
Viivoituksesta,1
Tapaturmaraportin,1
Venähtymät,1
Hoitoaloilta,1
Horjahtamistapaturmia,1
Lopputervehdys,1
Citypyöristä,1
Ohjelmointiharjoitteet,1
Kulttuurimarxismilta,1
Lagerikin,1
Etelän_maiden,1
Biutiful,1
Kolor,1
Marmaille,1
Nilkkarallit,1
Isäntämiehet,1
Isäntälinja,1
Savotalla,1
Tämänpuoleista,1
Pubikansaksi,1
Lippulaivahintoja,1
Tuotemarkki,1
Huonoiata,1
Henkilövahingolta,1
Pihajäällä,1
Slummiaan,1
Ripulimatkailu,1
Rotuväleille,1
Kuppasin,1
Kiramossa,1
Videokuvatessa,1
Samsugi,1
Julkaistujakaan,1
Adessiiviin,1
Umpipuskasta,1
Kiitäjällä,1
Benzejä,1
Foxcon,1
Työtavoille,1
Selätettäisiin,1
Peruskynäniskaan,1
Istumatyöläiset,1
Rokkiskidinä,1
Kiekkomaan,1
Puolustuskustannuksia,1
Markkinointiviraston,1
Älylaitteissani,1
Basaariäänet,1
Palikkateollisuudessa,1
Neekerikopiksi,1
Lasikuitupölyä,1
Pysyvine,1
Toimistotontuilla,1
Ensitesteissä,1
Tieliikkujien,1
Bittipörssissä,1
Veryttelemään,1
Suosikkaiheitani,1
Lapparihommia,1
Vicehan,1
Journalismiläpyskänä,1
Hipsteriystävällisissä,1
Skeittiliikkeissä,1
Dokkaritouhut,1
Makrobioottiseen,1
Liikkumiskyvyttömyyttä,1
Taipumiset,1
Verkkohäkki,1
Silmätulehdusriski,1
Elinolosuhteilla,1
Ekstrajännitystä,1
Helvattua,1
Kalastajahattuisen,1
Fantasiakirjailijan,1
Janoisiksi,1
Tuhoamattoman,1
Kaupunkitaiteesta,1
Ansiottomimmallekaan,1
Läänintaiteilijoiden,1
Poisleikkaus,1
Palkkionleikkaus,1
Masisläppää,1
Saksaksihan,1
Hypersosiaalisuutta,1
Alkukoiria,1
Villisusia,1
Urrgggh,1
Jyrkkenemistä,1
Mainospainot,1
Käpisteltäessänne,1
Handuissa,1
Perusajoissa,1
Stopnappulan,1
Gnnaäaääa,1
Atp_2017_02_2017,1
Ohnofixit,1
Capaldicious,1
Jenniferrpovey,1
Trolliacon,1
Tavoitteensahan,1
Vodkanhimoinen,1
Lähdemäen,1
Kirkonnaisten,1
Rajamäkikin,1
Kuolemanvaellukset,1
Autetakkaan,1
Tarkoituspa,1
Lapsirikkailla,1
Parempiuskoisilla,1
Maksamatt,1
Ihmismiljardin,1
Koukkaisin,1
Autogrillille,1
Röpöttämässä,1
Ajoaikana,1
Sähköhäviöt,1
Yliviivattuun,1
Hybridipatentilla,1
Olemmassaolon,1
Seivästyminen,1
Ulostullessani,1
Lipsuvalla,1
Autioittavan,1
Bothies,1
Puupäävaltiot,1
Sähköhässäkät,1
Pänttäysurakasta,1
Pänttäysurakka,1
Valmennuskurssifirmatkin,1
Lukiofukseille,1
Queefslander,1
Luontoteemaa,1
Mielipiteideiden,1
Ulkopaikallissijassa,1
Venemaal,1
Saksamaal,1
Äärioikeistovastainen,1
Bitcoincash,1
Tuhoajapuolue,1
Kivamaailman,1
Taikapuubudjetista,1
9a59a012c32a,1
Punabäitä,1
Kirkkotilaan,1
Noidanretaleet,1
Handicapin,1
Huumerahoistasi,1
Verobear,1
Napsauttaessaan,1
Herskaherran,1
Afrikkanousuun2105,1
Miinkus,1
Höhhötteli,1
Soidensuojelusta,1
Talkoosta,1
Aptekkariliiton,1
Kangaskasseiksi,1
Lisäännytäkään,1
Joukkokirje,1
Okille,1
Ammmattiliittojen,1
Työsuhdeiden,1
Työeämä,1
Juutuuppivideon,1
Kaupunkimetsässä,1
Peräkammaripoikien,1
Jasoncollins,1
Fcker,1
Tehdasäideistä,1
Norpanpaskasta,1
12d551670ccd7d7e8a6d0e543651bf45,1
Waitresses,1
Sisäisesä,1
Ökypalatseissa,1
Paloheimosta,1
Johdatteleviksi,1
2nj8qjpvaz0,1
Pannanpohjimmaisiksi,1
Synnyinkotiamme,1
Tähtienvälisenä,1
Veistäjän,1
Subtsanssia,1
Trippaamassayliaikakausien,1
Rutosin,1
Barkeeps,1
Kuukausisäästöistä,1
Ryvettääkseen,1
Painottumisista,1
Täysmetallitolpat,1
Tukivahdit,1
Artistipassista,1
Balansointia,1
Mielenilmauksillaan,1
Itseriittoisista,1
Kupolikaupungeista,1
Keskivertoäänestäjänkin,1
Hidastajiksi,1
Telmariin,1
Cllphf3vyaeoton,1
Kristityillekään,1
Ultimaattumia,1
Siirrettykkään,1
Hbonordicin,1
Puolueohjelmastako,1
Liianpitkä,1
Normitöiden,1
Tilastokikalla,1
Rumpula,1
Antieurooppalaisesta,1
Rikkauksiinsa,1
Mahdolllistamalla,1
Romulavarallissa,1
Rykäistessä,1
Kiinnittäjän,1
Mittaraja,1
Tellinkeiltä,1
Suojavälineieden,1
Kiintiöpaska,1
Adessiivissa,1
Kantasanoissa,1
Riskisiirron,1
Pastoreilla,1
Lajismista,1
Sidosryhmäongelmat,1
Flashkin,1
5nbrhdvzvcw,1
Homeopatiahihhulit,1
Kansanperformanssitaidetta,1
Villeniinistöläiset,1
0ahukewjhrvgf693vahxjyrqkhctpahaq_auicigb,1
Filtteröitävissä,1
Tilavehje,1
Purkuteho,1
Arvostelumainosjuttua,1
Viikkosopparia,1
Viikkosopparit,1
Reaktoriprojekteihin,1
Lestadiolaishihhulit,1
Kreationistihihhulit,1
Ennakkotuntumat,1
Ensituntumat,1
Ensituntumien,1
Globalilta,1
Elamalle,1
Ymparistoksi,1
Normaalijea,1
Rationalinen,1
_mielenkiintoinen_,1
Makkarakauppiaan,1
Hajailema,1
Balanssinkin,1
Vastussarjalla,1
Riitasävyinen,1
Vaalitaktikoimaan,1
Vaalitaktikonnista,1
Dänkitkristillisetmeemut,1
Trolleybusseissa,1
Lastenhoitoammatteihin,1
Shakkinotaatiolla,1
Amatööriyttä,1
Paskimmistakin,1
Hömppäleffoista,1
Netiversio,1
Portaist,1
Sateekaareks,1
Ilmiölliset,1
Nuivanoloisesti,1
Tbhvo,1
Pimpparointina,1
Päällemaalausta,1
Homeopatiahihhuloiden,1
Kokeilulainsäädännöstä,1
Kilpirauhassairauksiin,1
Amplia,1
Appistään,1
Valtuusryhmän,1
Ohjelmistohankinnoista,1
Piirikaavioilla,1
Urheilufaneilta,1
3aafcc268ccf2e122c23fcf305a92bd3,1
Koulutustiloissa,1
E1z603m,1
Monikulttuurisuuskeskus,1
Obongo,1
Jurnuttaisivat,1
Miami_,1
Prikaatinkenraalista,1
C43ywo0xaaalwcx,1
Artististatus,1
Sikailustasi,1
Monikulttuurisuuskeskuksessa,1
Nautintolevelit,1
Äänestettyäkin,1
Musitikuvia,1
Nauhamaisen,1
Sijoitustarjousta,1
Pankkiiriliikettä,1
Lattialles,1
Quickanddirtytips,1
Puppalini,1
Sähköautotestistä,1
Droidisovellus,1
Selostajiksi,1
Sanomalehten,1
Rätölle,1
Puutupeilla,1
Vasensiipi,1
Pääkapitalistit,1
Fillarillasi,1
Miinaketjulla,1
Putkisytytin,1
Jeculanka,1
Kallistumasytytin,1
Detonoivaa,1
Pääräjähteeseen,1
Liittymislomakkeella,1
Oikeudenmukaisuuslätinä,1
Poliisipartiollakin,1
Alustavatkin,1
Puhistetaan,1
Shetland,1
Shetlanninsaarten,1
Shetl,1
Filminauhassa,1
4ebfmob,1
Luokittelemille,1
Kaasuhälytys,1
Sekottuisivat,1
Suudelmien,1
Blobstreamiin,1
Kasailisin,1
Rippaajan,1
Bufferointipyyntöjä,1
Blobipalasista,1
Tietäjälausunnolta,1
Eläinteurastus,1
Kerrostaloevakuointi,1
Vaihtoehtorohtoihin,1
Sportaccordit,1
Näkökantojahan,1
Koillissanomien,1
Testibranchi,1
Täplittämä,1
Yhdistyksissähän,1
Leffahyllyssä,1
Suomiosioon,1
Terroisti,1
Maastoetsintoja_oulun_poliisilaitoksen_alueella_62167,1
Turvallisuuspartiota,1
Eiminunpresidentti,1
Moikkaamaa,1
Verkoistoitunut,1
Burgeripaikkoihin,1
Kirkkotilassa,1
Unanen,1
Ruokapalo,1
Kirjanenhan,1
Räpistelyyn,1
Dtqyekivn2m,1
Heptaphobisti,1
Heptaphobia,1
Environmental_impact_of_war,1
Vanhuudenpäiviensä,1
Susikommenteissa,1
Riistanhallintakeskuksen,1
Puoluejulkaisussaan,1
Huolehdittavinaan,1
Selaustoiminnot,1
Röyhkeimmustä,1
Lisähuomioista,1
Vihamiestesi,1
Överihypetetään,1
Ilokaasuhyökkäys,1
Ituhippihomppeleita,1
Tuontisähköriippuvuus,1
Kulutusvaihtelua,1
Muoviastioilla,1
Happamammissakin,1
Fibonnachi,1
Bashattiin,1
Epätäsmällisyydestä,1
2f201708170143327_u0,1
Pohjahinnoilla,1
Pizzasaksien,1
Trumpinator,1
Cherriä,1
Treddit,1
Jumelauta,1
Kaasuhyökkkäystä,1
Semifyysinen,1
Tz1k,1
Malmikartanon,1
Kylla_politiikalle_mutta,1
Maustemyllyyn,1
Enemmistöomistajiksi,1
Venäläistonttien,1
Muumivertaustasi,1
Ryhmätanssitunneilla,1
Pleikkarinpeluuammattilaisille,1
Tietsikkanörttien,1
Hintavakaata,1
Täysijärkisin,1
Kiiittää,1
Kivivillapölyn,1
4iqqun,1
Hbo_go_on_ubuntu_1604,1
Sateenkaariteemaan,1
Isänmaaltamme,1
Tervahovinkatu,1
Kirveenhamaralla,1
Pesuvateihin,1
Seljällä,1
Takaraajoistaan,1
Teurastustapahtumista,1
Kuolintuskissaan,1
Äreyteen,1
Enollamme,1
Sukupuoletonseikkailussa,1
Kaduntallaajaaan,1
Sensaatiomediaan,1
Valtiovarainministeriäkään,1
Viherpoliitikkoa,1
Omistaneeksi,1
Parikymmpisiä,1
Viruslinkkien,1
Fuusiotarjouksia,1
Roottalaisen,1
Sopimusrikkomussakot,1
Xiyi,1
Realitysarjajulkkiskuninkaallisten,1
Palatsiresortti,1
Golfaajia,1
Tuliseksikin,1
Sisuskaluistaan,1
Ilmakuivatin,1
Lansipaata,1
Trukkitarinoista,1
Työturvallisuusvideo,1
Cizjokpm2xq,1
Pahapersettä,1
Lukumääräsuhdetta,1
Lohkoketjuahan,1
Kryptorahakkeiden,1
Gg4k8fn,1
Autolelujen,1
Autourheilukielto,1
Makkarakielto,1
Apinareaktio,1
Prrrrr,1
Räyr,1
Sanataistelussa,1
Eläkeläisduunarien,1
Unelmahaihattelu,1
Tuksullekaan,1
Konsolijutut,1
Virsihän,1
Kieltoasiaan,1
Vastaq,1
Arvaamitä,1
Rikkeettömiä,1
Takennuksesi,1
Kilpaluasetelma,1
Kaksipuolisilla,1
Pohjoisreitit,1
Kaupankulun,1
Yhdeksännumeroista,1
Avainosaaminen,1
Hyperkilpailuvietti,1
Ryöpyttämistä,1
Korruptoituneimpaan,1
6u8vpa,1
Suuri_vaarallisen_aineen_onnettomuusep,1
Dlqundd,1
Sairastuneidenkaan,1
Vegaanipropagandavideoiden,1
Lihatehtaisiin,1
Fanaattius,1
Ravinnonpuutteesta,1
Konkreettista_,1
_paskaksi_,1
Näkymyksessä,1
Milestones_by_the_billions,1
Population_growth_by_world_bank_continental_division,1
Verottaja_irl,1
Kustannuksellanne,1
Othr,1
Informaatioinfrastruktuurissa,1
Taskuvarallisuutta,1
Informaatiotenologiaa,1
Printtausfirmat,1
Emofirmaan,1
Hintaongelmat,1
Philippiineissä,1
Pcbn,1
Tt1189003,1
Tt0890882,1
Yksityisautoilevien,1
Luontoreservaatin,1
Avioliittoskandaaleistaan,1
Hiljattein,1
Ryvettäisi,1
Reporttaako,1
Ruotsalisille,1
Bandwagoni,1
Poliisiasemmalle,1
Yksityistautovastainen,1
Vittuilufiilis,1
Pihvipaikassaan,1
Terrrroorrriiii,1
Syyttelyihin,1
Avaessa,1
Aurinkosähkökeikka,1
Läyrysi,1
Resurssikysymysten,1
Qcwkzti9oc4,1
Kaksivitosten,1
Uranrakennuksessa,1
Erikoispalveluksiin,1
Soittokuntiin,1
Ammattisoittajille,1
Väittelykään,1
Natsiterrorismilla,1
Harkintakyvynkin,1
Suuroperaatiota,1
Vessankaapista,1
Äänilläänkin,1
Reptiliaanietäkeho,1
Yliopistoruokalassakaan,1
Ruokaloillekin,1
Prototyyppituontantoa,1
Massatuontannoksi,1
Avainmarkkinoille,1
Avainsektoreilla,1
Moottorituotantoa,1
Sateliittiteknologiassa,1
Avaruuskeskusten,1
Avaruusasemaosaamisessa,1
Sotateollisuusjohdannainen,1
Patrioottisimmat,1
Massatuotantotasolla,1
Allotrooppisia,1
Avainongelmien,1
Umc,1
Nippelitietotasolle,1
Shenzhenille,1
Autontuotannossa,1
Kokoamistyö,1
Vienamissa,1
Monielinvaurioon,1
744d5694b546890ea2f2aa8e0604d333,1
Casereport,1
Unid,1
Kylvöavuksikin,1
Kaanteentekeva,1
Massiiivisesta,1
8315b1e2ebe3f5195dfd0b56c117e184,1
Paísin,1
Ccaa,1
1502982885_564462,1
Autoridades,1
Descartan,1
Trate,1
Ataque,1
Trata,1
Narcotraficante,1
Huida,1
Atropellado,1
Supuesto,1
Confirmado,1
Filesedc,1
Diario,1
Atropella,1
Multitud,1
Korjaajakin,1
Päivystyshommassa,1
Unelmointina,1
Zgbfbqqsl4h4,1
Suomlaisissa,1
Koliformisia,1
Teollisuuksian,1
Protoamisesta,1
Massatuotantopuolta,1
Nvbots,1
Yksittäisemmät,1
Ruudunkaappaamiseen,1
6uamwk,1
Van_drives_into_people_in_barcelonas_city_center,1
Artisteihinkin,1
Hammaslääkärikeskusta,1
Nettiajanvarauksesta,1
Särkypäivystykseksi,1
Antieurooppalainen,1
Luetunymmärtämishaasteellisille,1
6sryr5,1
Euroopan_puolueet_listattiin_l,1
A4nnelle_my,1
B6nteisiin,1
Vaijerihissin,1
Lomapukuihin,1
Ansiomerkkien,1
Aselajitunnuksen,1
Vatsamme,1
Duukikaveri,1
Leffaesimerkeillä,1
Viinimarjatkin,1
Maaliostoksilla,1
Liberaalimpiin,1
Harrastaay,1
Papuhyllylle,1
Toksoakaan,1
Saastuttamiensa,1
Mielenterveyshäiriöhin,1
Liikenneonnettomuusriskeihin,1
Tuomintoja,1
Lurger,1
Statementtiini,1
Pohdinnalleni,1
Pohdintasidonnaisten,1
Triggeröintiyritys,1
Kristytty,1
Lievittymistä,1
Salmarioksennus,1
Syksyinenkin,1
Vältetyillä,1
Jantskeja,1
Tavaralaatikoista,1
Saksienpiilottelijat,1
Toimistotavaravarastosta,1
Näytelmäkerhon,1
Takaisinottosopimuksen,1
Hostileksi,1
Kulttuurivärinää,1
Ux41ol3y,1
Irvokkaimmassa,1
Kaasuterrorismihyökkäys,1
Natsiterrorismiaaltoon,1
Ilmastonmuutoskriittisenä,1
Lähikahviloissa,1
Kohteeeksi,1
A7886371,1
Telekommunikointia,1
Jälkihuolletaan,1
Lihaisen,1
6uao67,1
Auto_ajoi_väkijoukkoon_barcelonassa,1
Dlrazqc,1
Cp170086en,1
Koeuttu,1
Perustwiittiä,1
Moskeijoitaakin,1
Vegekaverikin,1
Järjestysmiehiltä,1
Horppapertsan,1
Suorittamama,1
Piskuisena,1
Metallinsulattamoa,1
Harjakoneella,1
Suomalaiseem,1
Autoteloituksesta,1
Pyörälukoilla,1
Mediareaktioon,1
Yfwjk0kag2m,1
Kybersotakoiro,1
Pesäkkeemme,1
Resalliance,1
Africagraph,1
Rabobank,1
Publicatie,1
20afbeeldingen,1
20h1economic,1
20update_en,1
7nw,1
6u8gyn,1
A4in_presidentti_koivisto_pys,1
A4ytti_it,1
A4rajan_yli,1
Dlqvosv,1
Uudistamistaminen,1
Pöhinäpuolue,1
Taputukselle,1
1l16cw,1
Jalkoissa,1
Growthia,1
Velihopia,1
Meeemien,1
Vihajille,1
Riipukeinussa,1
Uusikyläkin,1
Järjestyksenvalvontafirma,1
Aktiivijäseniksi,1
Miehitänyt,1
2015010718982665_uu,1
Quimforn,1
Vähälahjaisuutta,1
Hitlerfasistipaskaa,1
Integroitumistahtoa,1
Rahoituseroja,1
Ammattijuttuja,1
Särkykäynti,1
Särkykäynnillä,1
Maksutapalisät,1
Hammaslääkäriketjuista,1
Juurihoitosi,1
Osaamismäärä,1
Boikottitarra,1
Koskemattomuudet,1
Kommenttilistaan,1
Lisensointimallissa,1
Nettistreamaus,1
Opiskelijapotentiaalia,1
Keskenjättömäärät,1
Taustapisteitä,1
Tarvitsismme,1
Laudaturissa,1
Nettistreamauspalveluissaan,1
Afhdr_2016_lowres_en,1
Hyperinflaatioineen,1
Heräisitkö,1
Susihuonot,1
Osanottamisviestistä,1
Sipilö,1
Ylitetetään,1
Korkeakoukujärjestelmä,1
Hakevatlääkikseen,1
Sinnejoudutaan,1
Mgds2dv6,1
20tukija,1
Ahdistavampana,1
3lhsjlnym,1
Natsiblogi,1
Salafistihörhöjä,1
1396975659_austin_powers_threepointturn_fail,1
Mimmottinen,1
Muslimimaahanmuttoa,1
Räpiä,1
Natsimellakkaa,1
Lausemuodolla,1
Lifeonabranch,1
Nyi8mgp,1
Hardeja,1
Wisayn,1
Suoritushelvetti,1
Eliittiperuskouluun,1
Pikkutaskulamppu,1
Luomustandardiin,1
Kameravertailua,1
Ylioppilaskirjoituspapereilla,1
Ääriporukoille,1
Valmennuskurssiyritys,1
Amisopettajalle,1
Driss,1
Oukabirin,1
Pukabir,1
Mogodassa,1
Keikkalaisella,1
Monikulttuurikeskukseen,1
Nsd4kj7xa8o,1
Qqgkjlq,1
A4_osta_ven,1
A4_tuotteita,1
Ylikomisaarioon,1
Semipaskat,1
Gracian,1
Naapurustojuhla,1
Sörnäistenrantatie,1
Opiskeluvelvollisuuksia,1
Minimipalkkahommat,1
Cccml,1
Teroiskun,1
Mfsudkytse0,1
Selviytymismalli,1
Paskahöttö,1
Nikolamotor,1
Partiarkaatin,1
Kipeytyvän,1
Harakirittää,1
Feministilisää,1
Modernisoijia,1
Riehujasiipi,1
Cloudfarea,1
Cloudflare_ceo_rubbishes_anonymous_claims_of_terrorist_support,1
Poikkikulttuurillista,1
Opetustaidosta,1
Bbsoluuttisesti,1
Raiskimatta,1
Ruumistilastoissa,1
Spoillaa,1
Midgamea,1
Kokemattomamille,1
Ebban,1
Natsimietteistä,1
Darvinilaisiin,1
Herraluokasta,1
Kulttuurimaisemaksi,1
Heijastuspinta,1
Rebulikaanitkaan,1
Perusdadadaa,1
Turismivastaisuus,1
Anylysointia,1
25a4t_16112016,1
0ahukewjv0jx7n9_vahucjjokhshia_yqfggzmaa,1
Afqjcngydtrc3j6cuzaf5qzbjmxxi3txsg,1
Bsz0c6d,1
Suorituskeskeisempään,1
Venäjämn,1
Yliloikkaireiden,1
Murennettaisi,1
Kitkimme,1
Perusideologialtaan,1
Antifaluuserit,1
Hirviömyrkyksi,1
Guvmjmc0v98,1
Whaaaat,1
Torfjanofkan,1
Asustavaksi,1
Syönnä,1
Soitintausta,1
Soittokulku,1
C_ksyl26lze,1
Maribussin,1
Järjestyksenvalvontatoimille,1
Ylemmyydenaatteita,1
Buqgr54uznm,1
Jokelastahan,1
Txswlca7dug,1
Udkcc714z1s,1
Reeposti,1
Suoeliöiden,1
Häkkimunii,1
Viisysysi,1
Lomakkeillani,1
Puolimotivoituneet,1
Mämmiksi,1
Perusreaktioistakin,1
Huijauskirjeetkin,1
Ääriluonteinen,1
Uskontolahko,1
Ääribudhismi,1
Herettäisi,1
Tunntustautuisi,1
Äärispagetisti,1
Epäinhimmillistäminen,1
Vaihtoehtonokkelasti,1
Saaraauvinen,1
Väkijoukkohan,1
Kuljettajarukkaa,1
Itsevihaamiskerho,1
Säikkyisi,1
Sisäänpääsijöillä,1
Hakuvirheiltä,1
Ääriajatteluryhmiä,1
Ääriliikkeys,1
Ääriliikkeyttä,1
Runomieltä,1
Seikkailuhalua,1
Ansioihisin,1
Pauligs,1
Ammattikouluopiskelujen,1
Koekirjoja,1
Prod107767,1
Prod107765,1
Tuohtumukselta,1
Bb3tdb6dhmxtempqkiaf,1
960x582,1
Amisopettajat,1
Ilmastonsuojelulla,1
Disinformoi,1
201708182200334590_ul,1
Kartuttamisella,1
Liikejohdosta,1
Luennoitseminen,1
Tyrehtymätön,1
Lääkärinlausunnoissa,1
Oulaistelaiset,1
Lukioidessa,1
Opetuseste,1
Luuhaillessa,1
Vanuttelin,1
Liskoeläimet,1
Maatilaoppilaitoksen,1
Tt2343475,1
Elimellisoireinen,1
Jov4iap,1
Twiittailtu,1
Metsästyssaalista,1
Yläveli,1
Pääsykoebisnes,1
Vähävaraisillekin,1
Diagnoosipaketilla,1
Pakolaisrikkailta,1
Flunssasaikkukin,1
Kapasiinia,1
Paprikamainen,1
Toiminmalla,1
Tekijämiehen,1
Kalajaska,1
Pakkointegraatiot,1
Lompakkosovellus,1
Seutumajakka,1
Granniin,1
Kälviäläiset,1
Muslimivainoa,1
Utduy7qkvk8,1
Confederacyyn,1
Iroquois_confederacy,1
Cahokia,1
Rotudenialismin,1
Valkololaiset,1
Ajokalustossa,1
Oulaistelaista,1
Sääntöjenpuitteissa,1
Feodaalikapitalismin,1
Ykkösversioon,1
Suomijalkapallon,1
Lopputuotoksia,1
Vähemmänkoulutetut,1
Kakkosvilkaisulla,1
Nörttiteema,1
Revinionismin,1
Sopivantyyppisiä,1
Yleistestillä,1
Hyvinvointijärjestelmänsä,1
Kansankokoontumiset,1
Crystalmethiä,1
Katukivetyksillä,1
Tappelunnujakkakin,1
Mekäläisten,1
Tapposummia,1
Rotutieteilijäthän,1
Kuusaata,1
P64,1
Joisat,1
Bägginegget,1
201708172200333789_u0,1
Ylioppilastutkintotodistuksen,1
Uusimismahdollisuuksia,1
Ruotsiin_,1
Feikkilyricaa,1
Romppuporukat,1
Nostopalvelusta,1
Nostotapahtumista,1
Anglosaksitaustaisten,1
Ajattelisikohan,1
Sundown_town,1
Arkkitehtuuritrendeistä,1
Pärräjengin,1
Kotouttamistemput,1
Irallisten,1
Lemppariryhmä,1
Puuperuna,1
Löysyä,1
Hargeisalaisia,1
_syöpää_,1
Hinduismista,1
Samanoloisten,1
Diminshing,1
12euroa,1
Fuherilleen,1
Haltuunotettavaksi,1
Valmennuskoulua,1
Rivipakolaistenkin,1
Oksatiellä,1
Totalitäärin,1
Puolustuspäädyssä,1
Bensarekka,1
_kansanedustajia_,1
_ministereitä_,1
Tocquevillen,1
Virtolainen,1
Päähänpistoaan,1
Kuvioseiniä,1
Upotetettuna,1
Kätsätsi,1
Muovihärdelli,1
Betonilegot,1
Rinkelbyn,1
Mamus,1
Keikossa,1
Verenimijäloiset,1
Kaahaauksen,1
Puolituntiset,1
Kanuunapallojen,1
Petosvyyhti,1
Marttakerhoina,1
Punakaartille,1
Kaappauksenesto,1
Cmlojy5whqy,1
Uoqttgl6wwi,1
1pa4hbpsmlu,1
Kytistäkin,1
Pysäköintimaatille,1
Tuulivoimalakikkailut,1
Kunnanvaltuuteuilla,1
Esteellisyyssäännökset,1
Eläkeoikeuksia,1
Maanitieteellisesti,1
Kauppikeen,1
Crrs6vumn1e,1
Syttypaperina,1
Tuhopolttamiselle,1
Huilattiin,1
Betoniholvi,1
Kaarmit,1
Polttopulloje,1
6ugaj1,1
Satudarahjengil,1
A4_pid,1
Dlshuhd,1
Vlogille,1
Pysäköintinatseilulla,1
Sisäänpääsiöistä,1
Etnokesk,1
Pääsykoekerralla,1
Pääsykoekerrallapa,1
Antifako,1
Racinelin,1
Millekäköhän,1
Lounasravintolakahvila,1
Massamigraatiota,1
Kansalaiskeräyksellä,1
Erikoisjuna,1
Charlottesvillenkin,1
Höykyytykseltä,1
Kokkaushetkiin,1
Suvakkijetit,1
Siivojilta,1
Hollivuud,1
Näpistelynsä,1
Hurritkaan,1
Rasistimaahan,1
Vwdcgoh,1
Oulaistelaistelainen,1
Niimperkele,1
Twittereita,1
Hypoteesissasi,1
Hazardimpaa,1
Vahdittaisinkiin,1
Pp_44144,1
Pp_23151,1
Pp_272183,1
Suojapiirillä,1
Yleistaskulamppu,1
Erikoislamppu,1
Tarveharkintaisina,1
9rtxvad7,1
Palautussopimuksessa,1
Righteilla,1
Hkoa,1
Varusmiesvoimalla,1
Turvapaikkakirjaamo,1
Terrorismiyhteydessä,1
Rajaltamme,1
Analogivehkeellä,1
Takavalosuositus,1
Kepuntorjuntalinnakkeessa,1
Marginaalisuuttaan,1
Rodullistuminen,1
Ihmisolioiden,1
Analyyttisuudella,1
Yhteispistekiintiöistä,1
Bgkable,1
Duunarihommiinkin,1
Ndla,1
Toivottakaas,1
Iteratiivisiä,1
Sarmasmitutka,1
Davua7x8jwe,1
Askenazi,1
Erotuskriteerin,1
Arabiverta,1
Itäeurooppalaset,1
Harvinaisuusksista,1
201702222200074710_uu,1
Päihdemielessä,1
Sooloamisen,1
Matematiikkasta,1
Pakkamisen,1
Todellsessa,1
Ilmapillillä,1
Kotiprojetkit,1
Paikkaansapitävyyksiin,1
Tyttäriäni,1
9domia,1
Tyttariani,1
Irish_sentiment,1
20karjalan,1
20evakot,1
20kokivat,1
20kulttuurirasismia,1
Kuluupa,1
Anthony_johnson_,1
Tuojalleen,1
Maksukehoitukset,1
Aloituspaikkat,1
Yhdyssanatesti,1
Kopiomme,1
Magrebit,1
Snägärikäyttäytymisineen,1
Hätäkotouttaa,1
Maksukehoite,1
Vanhuksenmielisille,1
Ostariinkin,1
Kauppakonserni,1
Dreadfully,1
Tuplakoulutuksen,1
Pwtvo,1
Matkustusasiakirjattomalle,1
Aikuisiltakoulua,1
Automaatiokytkennän,1
Vajaamotivaatiolla,1
Amispetteri,1
Kesäkollega,1
Levittäytymäään,1
Rosterikuva,1
Valyw6b,1
Ensihoitolääkäreitä,1
Työllistömiä,1
Legacytukea,1
Fvx,1
Örveltämisesi,1
Fintous,1
Islaminopettaja,1
Xpowmga,1
Ollut_,1
Höhhlrröö,1
Osaamisaineiksi,1
Sisaanpasyprosentteja,1
Ällärivejä,1
Göteborgien,1
Ulkomaalaisuuksilla,1
Videomaskua,1
Transkoodausta,1
Jatkokehitysidiksenä,1
Extendediin,1
Sokerinkulutuksellaan,1
Syrap,1
Natszit,1
Terveystiedostakin,1
Pankkisoftia,1
Vanhuksenmielinen,1
Aseenkantolainsäädäntö,1
Virtoinen,1
Virtalainen,1
Jälkeläisiltämme,1
Uusnatsiapinoista,1
Asentuisi,1
Puutorillakin,1
Tekstianalyysistä,1
Virratlainen,1
Työmyllyyn,1
4z1amhe,1
Läkkäämpi,1
Jengikahinalta,1
Ironiaasi,1
Partnerssien,1
Fillarilappuliisat,1
2flounais,1
Herratiemistä,1
Vihjenumerot,1
Vihjenumeroihin,1
Shots_and_casualties_reported_in_central_turku,1
Natattujakin,1
Varjokivi,1
Lainaustapahan,1
Pankkiongelmasta,1
Vepsu,1
Propalyysi,1
Akbhar,1
Kunfu,1
Myllyssäkin,1
Ruottinkarkkeja,1
1sjz61bpes8halmllf_3mosw,1
Haittaajia,1
1sszku9lnnmatff3spdpv_ww,1
Allahuakbarit,1
Jumalansotureita,1
Rasismisyyttelyä,1
Etnobotanisteja,1
Rajanvartijoille,1
Kattilasaaressa,1
Luottosoittaja,1
Inaudiable,1
Hyokkaajalla,1
Hairitse,1
Ilmansuuntienkin,1
Ensikertalaiskokelaat,1
Trumpjonnet,1
Stabbing_as_a_terrorist_tactic,1
9ex73,1
Oxvd6,1
Dhhgunmxgaeexwf,1
Perusredditläistä,1
Vaxxeeraajat,1
Petteripaajanen,1
Kokeilikohan,1
Vormatoida,1
Theadia,1
Subredditcanserissa,1
Helppoog,1
Rummunpaukuttaja,1
Acbkar,1
Ulkomaalaispohjaiselta,1
Tällisiin,1
Huhumyllyllä,1
Asiakasetupäivillä,1
Rynnakkoa,1
Eurocash,1
Pankki_vuosikertomus_2016_fi,1
Silminnäkijäraportit,1
Yllärikirjeet,1
Vormatoitua,1
Hooteetee,1
Fintoussin,1
Pootti,1
Piossiin,1
Psottia,1
Fintoussia,1
Outuo,1
Varoitushuudoiksi,1
Kiukkuunnutte,1
Myllyssa,1
6uhsld,1
Turussa_välikohtauksia_kauppatorilla_ja,1
Dlsuu5p,1
6uhwpz,1
Several_people_stabbed_shots_heard_in_turku_city,1
Mentaalivoltteja,1
Housuinen,1
1yqgomvyapgxv,1
Stabber,1
_that_,1
Ulkomaalalisia,1
Sipiläthoughtarewithyou,1
7beb76a3769b2602dc8c33bf19ecb7e5,1
Toisennköden,1
Viikonloppuperinne,1
Ykköskulkineesta,1
Ahtoputki,1
Expectedblackmirror,1
Mailoille,1
Vakivaltatilanne,1
Matemaatisesti,1
Cc67c024db17550750a2361d5c3931de,1
Raportoitunut,1
Bussicharterin,1
Stroller,1
J9lzn,1
Viesteilyn,1
Täällakin,1
Sairaalajohtaja,1
Silminnäkijäkuvauksia,1
Kostomotiivin,1
Lassijärvisiä,1
Oksettaavaa,1
Mummojako,1
Juopporatsiasta,1
Vanhuksienkin,1
Art2393412,1
Raportoniut,1
Silminnäkijätietoihin,1
Terrorihyökkäyksestä,1
Puhelinmyyjiähän,1
Forumkusetus,1
Baaripoket,1
Iskujoukoksi,1
Kivijalkayrityksen,1
Pesistreenejä,1
Ääriihmiset,1
Orleanssin,1
Poistuissa,1
Silminnäkijälähteen,1
Odinistikerho,1
Pesistaidot,1
Amnomsf,1
Takahotlarissahan,1
Tiedoituksia,1
Vierastahan,1
Albaanimiehen,1
Naisyhtävälle,1
Ensikertalaistenkin,1
Palautuskelpoiseksi,1
Poliisilahde,1
Gme_xky,1
Kuulokejätkällä,1
Asevarustus,1
Nakkikioskipuukotuksia,1
Tuumausaineita,1
Norooejh,1
Henkiinjäädessä,1
Impotenttihihhulit,1
Sulamasa,1
Machismosta,1
Takaperoisempaa,1
Mondegreen,1
Uoh9auz,1
Kokonaisbanaaniostoksen,1
Perperators,1
Uutisähkyn,1
Ähkyllä,1
Köllötelleen,1
Metsästäjämestarin,1
Pääpointseja,1
Valvontakameramateriaalit,1
Puskeutuu,1
0b3c4txcinejzrdhxz3k3tzfocza,1
Koettakaahan,1
Doubletapataan,1
Päällistelijät,1
Toedetä,1
Ulkomäön,1
Yerrori,1
Kanadapäiville,1
Juutupevideota,1
Naukkaa,1
Ostajasegmenttikohtaisia,1
Pippelsman,1
Kaksoissurma,1
Kärsivällisemmistä,1
Poliisiukko,1
Poliisiyliukot,1
Sählättäviksi,1
Tarkasttiin,1
Räpyttelen,1
Gastonomisia,1
Voiveitseä,1
Valmontaa,1
Puukotuspaikalta,1
Koesatsit,1
Mehustelusi,1
Tajüü,1
Yhdenneksitoista,1
_know_,1
_investigating_,1
Kenttämiehen,1
Reportoisivat,1
Salanimien,1
Valepersooniensa,1
A4t_kertovat_veitsell,1
A4_aseistautunut,1
Dlsum4r,1
Lopputuotehan,1
Hyväjuttubanaani,1
Ploetz07,1
Kansanmurhabanaanista,1
Kansanmurhametodeilla,1
Vetoankin,1
Tehoflunssa,1
Heikentyen,1
Tiedotustilasuutta,1
Pesisstagajengiltä,1
Lentokenttällä,1
0gryisn,1
Kilahtamiseen,1
Isisejä,1
Kamerakaupalla,1
Massapuukotus,1
Rotoscopet,1
Tt0077869,1
Pipeemalla,1
Hoi24010,1
Pesäpallotyypit,1
Pesismailamäiskinnästä,1
Menolennot,1
Kulttuurimarxisismista,1
Kansislaisille,1
Tilppä,1
Pesismailalta,1
Radikaaliristityksi,1
Rokotevalistuksen,1
Pesismailoista,1
Sosiologiaopus,1
Historianluennot,1
Muinaiskelteistä,1
Paikkaussarjan,1
Terroristitelepaattinen,1
Poikkaissut,1
Fundamismille,1
Puukottamahan,1
Hengitystieongelmille,1
Keskustelevampaan,1
Saarnaavaksi,1
Kännipäivitys,1
Kondoleanser,1
Huumeslängereitä,1
Pääurpo,1
Sähkärikaverit,1
Nordbor,1
Kahtotaanpa,1
S1w1tx5sunsg,1
Yfmugsuh81q,1
Örkkisotajoukko,1
Kääpiöi,1
Sormustaan,1
Nazguleille,1
Muistivihkojensa,1
Suurhaltijoiden,1
Villimiesten,1
Kyseenalaistettaviksi,1
Tervemielisen,1
Pelastajahahmo,1
Rupinaamaiselta,1
Suomenkartsalta,1
Hyssyttelijältä,1
Vähättelijältä,1
Ältraitit,1
Kolmoskummisetä,1
Sormusherra,1
Sotatähtileffan,1
Matukurkunleikkaaja,1
Kännifilosofiaan,1
Sinisilmisyyttä,1
Jonotushuoneessa,1
Uppskattat,1
Vesurimiehestä,1
Maariankadulle,1
Puutoria,1
Liikkeessäni,1
Ky45xrv,1
Crockpotissa,1
Kiinnotetusta,1
Sisäpiitin,1
Levytetään,1
Puistosurmaaja,1
Motiivittomia,1
Muslimivallankumoukseen,1
Kommentillanne,1
Yhdistelemme,1
Kyvyllistä,1
Skypologiaa,1
Objektivitsiä,1
Nietzschestäki,1
Vastaklikata,1
Cambrilsissa,1
Terroristiepäiltyä,1
Pesarikaverit,1
Viestähän,1
Palkkausmotivaatiota,1
Ilmaisharjoitteluihin,1
Orjatoimiston,1
Jnme56s,1
Mlkein,1
Lepsui,1
Oikeistolaislinjaa,1
Äärioikeistosyytösten,1
Mädättäjäpropagandaa,1
Perusjordaanialaisten,1
Vashuriittien,1
Alkuvoimaisen,1
Pissisvääntöä,1
Mcmastersin,1
Männynnä,1
Kantee,1
Vihdu,1
Opiskelijaperheiden,1
Jatkoulinaa,1
Freimaatte,1
Kriisiuutisoinnista,1
Wittgensteinist,1
Hahmojuttu,1
Biometritietoineen,1
Blockchainvarmennuksineen,1
Erikoispartio,1
Seifspeissattu,1
Vigils,1
Fanikerhoa,1
Ttumpin,1
Kaapuihmisiä,1
201708182200336748_u0,1
Tuueel,1
Puukotuspäivä,1
Roskalehtikategorian,1
Vitutuskaljan,1
Jäähypyynnöistä,1
Koneistettavia,1
Nyytt,1
Raasahtii,1
Ruusinatt,1
Laadullisina,1
Ta3c,1
Ta7a,1
Ta7b,1
Varianssianalyysiä,1
Pesismamuillle,1
Sijaisloukkaantu,1
Qrdk,1
3m39s,1
Rautalammilaisen,1
Jääkalikkaa,1
Fingerporihan,1
Jeesus_vitsi,1
Markettipaskoissa,1
Käänettiin,1
Driveripaketeista,1
Otteiluita,1
Väliköhtaukzen,1
Jäääää,1
Teoriakehyksiä,1
Kritisoimattomaksi,1
Epänationalistisesta,1
Käyttäytymisestästi,1
Puukoon,1
Mw_nlr5pzei,1
Ympäristöaspektia,1
Protoamiseen,1
Näkyviinkin,1
Robotiikkafirmoja,1
Bioprintterit,1
Lentokonetuotannosa,1
Asseillä,1
Hengenpelastusmitalit,1
Vihanlietsontansa,1
Hfpugoeaoq8,1
Flar,1
Ruokapaikkojaan,1
Schrödingeriä,1
Ga9d0wrr82u,1
Osoitinnuoli,1
Virkamiessuunnittelu,1
Tt2872718,1
Nm_knf_i2,1
Oulaiselainen,1
Määoontosiviksu,1
Diversifikaatio,1
Puukkojunkkarillekin,1
Kanttarelleissa,1
Jämäskumppaa,1
Työllistyjältä,1
Duuninmetsästykseen,1
Silminnäkijäkuvausten,1
Intohimorikokselta,1
Intohimorikosta,1
Intohimorikokseksi,1
Epäröimättömin,1
Sillmiä,1
Vastaanottosäilöön,1
Fh12,1
Varikkomopo,1
Netflixinä,1
Terrorismiaiheinen,1
Pysäytyslaukaus,1
Yläreiteen,1
Bundesliigapelejä,1
Uutismedioissakin,1
Vasaranjälkeä,1
Rogersia,1
Harmaasävytteinen,1
Missikaunotarta,1
Redsteeze,1
Missinainen,1
Tummumassa,1
_sometimes_,1
Echochambercirclejerk,1
Monikirjavaa,1
Thoneja,1
Lausahdustas,1
Trifesta,1
54mbps,1
Minipci,1
Sormenjälkilukijakin,1
Mielentervyspotilaan,1
Nimisensä,1
Raiskarimatuja,1
Suosikkiratkaisuni,1
Ylioppilaskoeinfran,1
Istumiseenkin,1
Tuotantomääriltään,1
Lääkinnälle,1
Ansiotyösi,1
Leipälajisi,1
Valmistustoiminnalta,1
Ylioppilaisaineista,1
Samanmerkkisestä,1
Krökpötista,1
Messo,1
Getolta,1
Apologistimodet,1
Tuottamiskykyä,1
Monivalintaosuudet,1
Reading_test,1
Tyttöystävö,1
Mammalme,1
Kerkeämisestäsi,1
Kotikonnuilleni,1
Empatiantuntoa,1
Selvinkäin,1
Patologisoit,1
Sopuhintaisina,1
Lääkärireissulle,1
Tarpeestas,1
Takarajoille,1
T61p,1
Hasaneita,1
Alazawi,1
Mentyaan,1
Jatkopääteltyä,1
Arjalaissuomen,1
Puukkojynkkäys,1
Sosiaalisaatio,1
Verenpesu,1
Massatappoja,1
Satunnaisettomissa,1
Purkauma,1
Kompuroinnit,1
Salamoisi,1
Vaaratiedotteelle,1
Muslimimaahanmuuttajaryhmien,1
Enemmistömielipiteitä,1
Alkuperäislahdettä,1
Regurgitated,1
Kuttuurillisia,1
Sankaruusaatteen,1
Lynkättynä,1
Hevosvarkaan,1
Hagertti,1
Piipaajutut,1
Töistäpaluuruuhka,1
Nappiviidakkoon,1
Subsmovies,1
Tv_serie,1
Tsiikatkaapa,1
Laatuvastausta,1
Puolustamisvaisto,1
Paskanoita,1
Windblowsin,1
Austrlian,1
Seminuivaa,1
Puolestaloukkaantujaa,1
Väliinmennyttä,1
Mediassapyörinyt,1
Maahanmuuttajankuuloinen,1
Ryöpsähätävä,1
Hasanit,1
H4dalgi,1
Laapaa,1
Reformoitumista,1
Puolustamisvietti,1
3wrbuqnrgg0,1
Hassanilla,1
Sähkökusetus,1
Muuttokaljojen,1
Trollauspolulle,1
Itsemurhatehtävien,1
Elinkaarivertailu,1
Älysirulla,1
Ekouutisissa,1
Huutaamassa,1
Yagmurozberkan,1
Nondeskriptiivisesti,1
Kanssaryhmäläisestäni,1
Sellaistani,1
Todellisuusdesta,1
Hassanien,1
Hassaneista,1
Kiertoilmaisujahan,1
Tutkastani,1
Asettuvalle,1
Lukittanut,1
Sääntöverkkoja,1
Herättämiskellonajan,1
Keskustelutaidottomuus,1
Palastiinalaisten,1
Puolueänkyröiden,1
Pavlovilla,1
Kurkottelin,1
Kapsahtelin,1
Pehrinkerit,1
Pöyältä,1
Ristiinnauliminen,1
Heräämistaitoihin,1
Toivotummalla,1
Tyyppi1,1
Tyyppi2,1
Dokumenttiromaani,1
Teknofestivaalin,1
Shopnavi,1
Pysähtyneeksi,1
Auttamisuutisista,1
Maistelutilaisuudessa,1
Kauneuskisoista,1
Quitenki,1
Hiihiii,1
Laatulähde,1
Laphroiag,1
Kymppivuotinen,1
Supervanhoja,1
Datapoolista,1
Terrorismitekona,1
Rajavartijalaitoksen,1
5997e197676fc,1
Cgz9veq,1
Tiimeiksi,1
Äänestysneuvot,1
Yllättävämpiäkin,1
Itsemurhapommituskysymyksessä,1
Terrorististisessa,1
Jyväviski,1
Pistävyydessä,1
Täyteläisyydessä,1
Parhainpäinselittelyt,1
J6j16i62,1
0f940fb4,1
Q89,1
Kysymyslomake,1
Länkytykseltä,1
Äkkipikaisuuteensa,1
Aitotumaiseksi,1
Mielitilassa,1
Kanssaeläminen,1
Historiankirjoituksena,1
Silminnäkijätekstit,1
Matumädätystä,1
Mielipiteenmuokkausoperaatiot,1
6tova2,1
Ylen_toimittaja_puhuu_ihmisj,1
A4tteest,1
A4_ja_haluaa,1
Dln73rp,1
Bannailussa,1
Ylistystekstit,1
Jahdanneille,1
Pelipaikoilta,1
Ensiarviot,1
Herätykselläkin,1
Herätyksesi,1
Viskituotanto,1
Ihmetellyltä,1
Herätyskelloonsa,1
_herännyt_,1
Torkuttamisesta,1
J6j1qdil,1
48ec07ac,1
Matuhan,1
Peppukipeydyt,1
Kolmikkoja,1
Kaupunkilaisjärkiin,1
6u85v2,1
Hs_temppeliaukion_kirkolle_rakennetaan_pysyv,1
Dlqvsyz,1
Sfäärini,1
Rajakkikortti,1
Skoonessakin,1
Puhkomasta,1
Festivaalijulisteita,1
Suvakkipropaganda,1
Maahanmuuttajapiirien,1
Murhanhimonen,1
Kommunistifoorumi,1
Buueq,1
Reconquistasta,1
Kurssinmuutokseen,1
Sankaripisteitä,1
Poisjahtaajien,1
Kehutyksen,1
Propagandajulisteta,1
Pvtwp4t,1
Vidyaan,1
M_kpvne,1
Marokkolaine,1
Vastarannankiiskimäinen,1
Alykkyyttä,1
Profeettoineen,1
Mieltänostattava,1
Auttamistarinat,1
Suvakkivaleita,1
Is3,1
Is316,1
Fornjotin,1
Lapsenlapsenlapsenlapsenlapsi,1
Kveenitkin,1
Hemmoteltulta,1
Porvarikakaralta,1
Spesiaalikeisseissä,1
Soittoonkaan,1
Malted,1
Unmalted,1
Rivistöjen,1
Joukkomyllytyksen,1
Suolirusetille,1
Intellektuellius,1
Suppremecisti,1
Kirppislootasta,1
Terroriteoksihan,1
Qc32nnvr,1
Aromipes,1
Heräämisestään,1
Huolehtimisestaan,1
Heräämättömyys,1
Puffauslanka,1
Valmishernekeitto,1
Kokkausoperaatioihin,1
Korvikesoppa,1
Kotipsykologiksi,1
Oikeistomielisyys,1
Saunaviinoihin,1
Järjestöpomoläskille,1
Laukkujasi,1
_tyttöystäväsi_,1
Perusälyttömyydestä,1
Heräämisestäni,1
Herätykseesi,1
A4sivarsilleni,1
Ensivastaajat,1
Harjanvarressa,1
Kauppasopimuksetkaan,1
Liittovaltiomaisesti,1
Rikkaidensa,1
Dollarimiljonääreistä,1
Airpocalypse,1
Antaitsee,1
Sääntöympäristöt,1
Singaporeenkin,1
Arttikkelissa,1
Pystypotusta,1
_annas,1
Työmarkkinakirjoitukset,1
Muokkaanko,1
Veratus,1
Äyääminen,1
Avautumisenhan,1
Mokieni,1
Estrogeenihirviö,1
Hoivavastuussa,1
Kurpitsakärryillä,1
Agressiotanne,1
Trickstereistä,1
Nuivapuolue,1
Rekryitoijia,1
Kastumisepidemian,1
Stanceni,1
Hostiliteettiin,1
Vinkkinumeroon,1
Viherpuolueen,1
Piirikunnanvaltuutetun,1
Pakolaiskiintion,1
Mielleyhtymiäsi,1
Tapaukden,1
Ajatuspieruvinkaisujen,1
Tuunaamatta,1
Analyysejäni,1
Voidaankä,1
Kommentt,1
Kyrvänheiluttelun,1
Pudottelussa,1
Muisteloittesi,1
Lähdeviiterajoitteisen,1
Lukiopojun,1
Lukiopojulta,1
Lukiolaispoju,1
Suvakkipsykoosia,1
Yleistämiselläsi,1
Sielunsiskoja,1
Itseeni_,1
Päävastuunkantajana,1
Pintaselaillulla,1
Tekotavankin,1
Hissankirjojen,1
Yinon,1
Zionisteilla,1
Gentilet,1
Hengittämisensäkin,1
Puolustamisvaiston,1
Mökellyksen,1
5lu69k,1
Installing_linux_mint_181_on_an_acer_swift_3,1
Käyttisprotektionismi,1
Kertakäyttökodinkonekulttuuria,1
Lehtiläinen,1
Anteeksipyyntämisen,1
Jäkikatsannossa,1
Laatulehdistönkin,1
Kielteisein,1
Tietotiumiston,1
Viihdejaosto,1
Karkoitteeksi,1
Osanottoihin,1
Pakolaissysteemeistä,1
Ykkösvihollisina,1
Päävastuunkantaja,1
Liberaalikonservatiivisena,1
Columbiastakin,1
Tyttöystävääs,1
Iltayhteentoista,1
Kelailuista,1
Haaskakastiin,1
Muslimivaatteita,1
Muslimiuhrit,1
Imuroimattomuudet,1
Kukkaseen,1
Länsimaistumisessa,1
Käsikahakassa,1
Maassamakaajan,1
Potkijoihin,1
Räplääjiin,1
Puhelinlaitokselta,1
Vasemmistojuurten,1
Khadr,1
Mamukiihkoilijat,1
Kannatuksessamme,1
Vaurastuvissa,1
Ensitietoon,1
Uudelleentwiittauksen,1
Mamukriititkot,1
8239fc02d480d488,1
Länsisaharalaista,1
Polisario,1
Puukottamistapauksessa,1
Napsahtavia,1
Tilastamme,1
Töyntäneeseen,1
Paisustelua,1
Keksimininen,1
Bensarosvoja,1
Popannut,1
Michael_marmot,1
Päätösvaltaisuus,1
Paikallismies,1
Teiniruuhkaan,1
201708192200337284_u0,1
Papattaneet,1
Kuvernmentin,1
Salaliittotaustaa,1
Folioitunut,1
Natourakointihommissa,1
Kaaoksenpalvoja,1
Lastenraiskausjengien,1
Hiissataan,1
Lounasannoksen,1
Vointonkulkua,1
Psykoosivideoilla,1
Nautiskelevista,1
Hqx2acn,1
Hallitsijasuvuille,1
Henkkarintarkastuksia,1
Ylimainitun,1
Työssäoppimisjaksoilla,1
Rightsista,1
Lisäyksestäkään,1
Kostanpa,1
Sisämaalaistaustaisen,1
Errorismia,1
Inoculating,1
Ylösnousuaika,1
Äitimäisesti,1
Pulmoinen,1
3yppj32,1
Autoiskijäkin,1
Koulutusoperaatiota,1
Feudiksi,1
Perusjonneilta,1
Anarkoja,1
Kuvatwiitti,1
Salafi_movement,1
Kiihdytettäisi,1
Keskivertonatsi,1
Keskivertomuslimista,1
Raittiusideologioineen,1
Nasusaksalaisista,1
Kaahaannella,1
Taustasyyntien,1
Terroristiyhteyksien,1
Raiskaavaan,1
Kiduttavaan,1
Koluampumisista,1
Diktatuurihallituksen,1
Kytkyluurit,1
Pystyynkuolevia,1
Tildesymbolia,1
Yliviivattavan,1
Tallinpitäjillä,1
Mentaaliongelmia,1
Kulkemisajan,1
Oiih,1
Silmänterä,1
Superihmeellistä,1
Tärkkelysliisteriä,1
Murulihalla,1
Pastakastikkeena,1
Terroristissa,1
Mmonta,1
Saippuas,1
Tapahtumamaa,1
Peratuksi,1
Näkemyksetöntä,1
Verkkomassavakoilulla,1
Reservijoukon,1
Massapuukotuksesta,1
Pilkunhalkomiseksi,1
Hyyyyys,1
Hashtageille,1
Implikaatioissa,1
Arvoiberaalimpia,1
Raamattukysymyksissä,1
Hellentymässä,1
Raamattuhörhöt,1
Kotoutuskeskukseen,1
Kotoutuskeskuksessa,1
Hutkittaisi,1
Hyppäämäässä,1
Makkaranpaistopuolta,1
Suojeluskuntatoiminnassa,1
Koatipaikkakuntaani,1
Silminnäkijät_kertovat_veitsellä_aseistautunut,1
Dlsw3fz,1
Sunnifundamentalistit,1
Toimeentulomahdollisuuksien,1
Suojeluskuntapinssit,1
Sx4f475_xa4,1
Rasistikiintiön,1
Iltamoilta,1
Kurmeeherkkua,1
Estänytkin,1
Deservaa,1
Maitopirkki,1
Säästympä,1
Puhtaakaikirjoittamista,1
Natsirasistifasisteja,1
Puolueinstanssista,1
Omahyväisyyttäni,1
Anterkin,1
Scintelogy,1
Masennuksetsa,1
Nollakommenttimainen,1
Handleriltaan,1
Kymmenhenkiseltä,1
Terroristisolulta,1
Valtaviari,1
Paskatä,1
Arvomaailmakysymys,1
Kovakalloisten,1
Ranskalaisssa,1
Armeijayksiköiden,1
Kaupunkikassuilla,1
Vartiointipäiviä,1
Egonpönkittäjä,1
Agreedata,1
Muoxata,1
Kakkosluureja,1
Taruolentoon,1
Pesisporukka,1
Raiteiltasuistamiseen,1
Alkuräjähdyskin,1
Np4nex7,1
Maineensahan,1
Kotoperäisessäkin,1
Mielipuolissa,1
Rinkirunkattuihin,1
Rantanorja,1
Vuorinorja,1
Palautuslippu,1
Terrorismilabeleitakin,1
Yasalla,1
Johtopäätöksessäni,1
Sossumagneettia,1
Olettamassasi,1
Prööööööööööt,1
Hietanenkin,1
Poranneeni,1
Islamiterrorismia,1
Irakilaisperhe,1
Islamagainstextremism,1
Klpog,1
A7676246,1
Haahkalinnut,1
Sswmznd,1
Liikkiksempää,1
Pesarikaveri,1
Iljakin,1
Vauvanmielisiä,1
Vajaanmielenosoitukset,1
Marokkosta,1
Rynkkypoliiseja,1
Juutalaisuusfobiaksi,1
Psykoosikuvio,1
Internetskussa,1
Dynamenttia,1
Adoptioveljpoikaansa,1
Haukahtamalla,1
Jännityspelin,1
Jännityskohtausta,1
Koetteleekin,1
Üllatüüüüs,1
Hätyttelemään,1
Translesbonaisia,1
Keuhkoillaan,1
Lapsikasan,1
Kesähelteestä,1
Molemoiin,1
Jumppapöksyissä,1
Taportoida,1
Shiiafundamentalisteja,1
Shiafundamentalistit,1
Kevyeati,1
Mielenosoittajaryhmistä,1
Lgj3d5,1
Jj74,1
147b69,1
Indetiteetti,1
Uppaajaa,1
Erickin,1
Todistajansuojelu,1
Vastamielenosoittajalauman,1
12msofu8ol1eww,1
Toistaneeksi,1
Esimerkkitoimenpide,1
Gamestoppin,1
Vaihtodiileistä,1
Rekvisiitaa,1
Hengissäpysymissysteemiä,1
Nollakommettien,1
Katseluelämykseen,1
Uskojärjestelmään,1
Masnetunut,1
Skrebat,1
Ruottalaisessa,1
Slass,1
Atervandarn,1
Viisumittoman,1
Tälläisetkään,1
Propagandauutistoimisto,1
Juutalaisnationalismin,1
Hamemuotia,1
Terroritalkoisiin,1
Niinistönkoitos,1
Kielirajoitteiselle,1
Coolissa,1
Ryöstöjuttu,1
Jengintoimintaan,1
Huumenitkuissa,1
Thorlautakauppiaat,1
Katsomistapaa,1
Iensa,1
Vartiokierrossa,1
Jumppapöksyt,1
265b9n,1
When_did_people_start_wearing_underwear_did_men,1
7vn_pemekb0,1
Suomessa_asuvien_muslimien_suhtautumisesta_perhearvoihin_ja_perhelainsaadantoon_iol_2007,1
Ajaajien,1
Walad,1
Todistajansuojelusta,1
Sisämaantaustainen,1
Muuttamisehdotukset,1
Nuttyputty,1
Reserviläisiäkään,1
Virkamiehisyys,1
Islamic_criminal_law_in_aceh,1
1qskd6x,1
Keksiviikkona,1
Verkkopaitamateriaalista,1
Pzbqamewtoe,1
Suvakkikerhossa,1
Lantiofarkuista,1
Viivyttääksesi,1
Ihmisoikeusoikeusloukkauksia,1
Merkitttäväää,1
Sellainen_,1
_valtaisana_,1
201708192200337285_u0,1
Kylmentymään,1
Puffy,1
Fc7q8i33s9e,1
Korppikotkahan,1
Vanhoillisenkin,1
Radikaalisaarnaajille,1
Kirjaimellisine,1
Tulkintoinenne,1
Puolalalainen,1
Turvonneilta,1
Haljenneilta,1
Ravinneannosta,1
Intohimotonta,1
Einespurkista,1
Suolattomuutta,1
Rasvattomuutta,1
Yritysravintolat,1
_sieltä,1
Hallitustoimiensa,1
Vuotokohdanpäälle,1
Uutisoikaan,1
Päästrategioista,1
Överikultti,1
Houkutelle,1
Vakiopaikoista,1
Solidaarisuustapahtumaan,1
Hienotunteisuuttaan,1
Asintuntijoille,1
Majatalolla,1
Perjantairukoukseen,1
Palmuviinaa,1
Sualakurkku,1
Meeseeks,1
Loistoaterioita,1
Ruotoisista,1
Rantakaloista,1
Trategiaa,1
Nykykausien,1
Arvostelutilastoja,1
Marttyyrikuviot,1
Shiiaryhmille,1
Shiiapropagandaan,1
Shiiajohtajien,1
Wahhabimuslimit,1
Marttyyrikuvioiden,1
Jumppapöksythän,1
Hevosenkulliongelmaiset,1
Vastuttettais,1
Vääräuskosista,1
Turvapaikanhakijapolitiikka,1
Ääriuskovien,1
Kesäleirejäkö,1
Öykkäröinnillenne,1
6uqr5b,1
Presidentin_kyselytunti,1
Huhtasaarivitsit,1
Uskontopuolta,1
Blåkläderillä,1
Pursuaako,1
Ravintokaloja,1
Tutkimukstuloksia,1
Maahanpääsykeinoja,1
Khalililta,1
6ursvn,1
Sipilä_ja_risikko_toivovat,1
Löhestulkoon,1
Ihkuttavat,1
Kohdistapa,1
Keskisormeilijat,1
Oksennusröyhtäysmikälie,1
Ranbom,1
Raivostuttavilta,1
Jättisiemeniä,1
Liksallaan,1
Menestymättäkin,1
Potkutapaus,1
Musulmaanimuriaaneja,1
Saraseenit,1
Pookista,1
Haastattelukäytäntöä,1
Tuomoiksi,1
Salehzahedille,1
Z35dkge7tm8,1
12m28s,1
Maakuopatkaan,1
Paskansuodatus,1
Rehupula,1
Rehuainetta,1
Koirakaloja,1
Piikkiturskia,1
Uutisartikkelitkin,1
Komnenttiosiossa,1
Kakkostuokkari,1
Intellektueeliajattelija,1
Loppukonkluusion,1
Smiting,1
Smote,1
Kaannoksen,1
Rekrymahdollisuuksia,1
Suomenpelastajat,1
Whistlingiä,1
Asutuill,1
Pokeshop,1
Kuolemanmarssia,1
Paskapolarisoinnilla,1
Ongelmamies,1
Änkyrämmäksi,1
Ratkeisemisessa,1
Pelkääjiin,1
Lentokoneseen,1
Tiukkaasti,1
Sunnuntailätyn,1
Listintä,1
Ia800602,1
Relianceofthetraveller1,1
20traveller1,1
Terrorismisolu,1
Suunnitelmattomuudesta,1
Motiiveitasi,1
Kylvyalusta,1
Tulkkiongelmista,1
Latinankielisestäsanasta,1
Kristallnachtia,1
Toisintoaan,1
Paskapolarisointia,1
_ja_etuudet,1
Sarjakuvakriitikoita,1
Lienisin,1
Turvapaikanhakijiolle,1
Mamukebabit,1
Pohjaliman,1
Vihateksteistä,1
Kanssauskojien,1
Naapurikansojenkin,1
Esmail,1
Haahhahhhahhhahhahhahhhhaaa,1
Aaahhhahhhaaahhhhaahhahaahhhaahhhah,1
Ulkoilumahdoolisuudet,1
Lykkäsystä,1
Rashidille,1
Jormalainen,1
Pyrkimätön,1
Pizzakokilla,1
Teleskooppipampulle,1
Odottaneisiin,1
Hadithitkin,1
Qtafsir,1
Kakkahuumoria,1
Menttaaliseen,1
Varjoporttikielto,1
Yhkäkään,1
Salausohjelman,1
Jälkiratinalisointia,1
Assosiaatiovirheitä,1
Vivahteisessa,1
Bihenkisyyttä,1
Alistamille,1
Casque,1
Beare,1
Fitful,1
Knowst,1
Rathe,1
Unconquered,1
Diffidence,1
Silakkoja,1
Perunamuus,1
Huhtahyvä,1
Borderlineja,1
Persoonallisuushäiriöiselläkin,1
Pohjasanoma,1
Speciifistä,1
Deconverttaa,1
Maailmassansa,1
Suomentele,1
Mediaseksikkäämmältä,1
Perusmuslimitkaan,1
Tollsia,1
Varautuvammin,1
Kavua,1
Periaatteellinenraja,1
Sosialistidiktaattorityyliin,1
Internetöyhöttäminen,1
Tuominnoillaan,1
Petturisiiven,1
Majoituspalvelulupaukset,1
Vastaanottokeskuskartta,1
Wittesiä,1
Koloniaaliarmeijan,1
Syrjityks,1
Sauvakavelijan,1
Tuinnut,1
Vanityyn,1
Lohikäärmemaailmassaan,1
Utaretohtori,1
Turhamaisuutesi,1
Turvallisuusviiveet,1
Sätkivään,1
Ihailemalleni,1
Teleskooppisauva,1
Valvontarobotit,1
Quran434,1
Lempivaimoaan,1
Kingiinne,1
Vessapaperiaki,1
Harmaanruskeeta,1
Netflixiiin,1
Keskarijengi,1
Tt0106308,1
Kevyttähän,1
Terrorismitilanne,1
Vaatimuksenani,1
Kirjoituksellisten,1
Susimiehen,1
Taistelukohtauksella,1
Roomalaistervehdyskin,1
Kaverva,1
Pörähin,1
Riehakkaan,1
Luetuu,1
Sivarikamuista,1
Työkokemushommat,1
Pankkikuitin,1
Pankkikuiti,1
Dubaikin,1
Huippunopeasti,1
Asuntolamahdollisuus,1
Reipastumiseen,1
Tappamiskehoituksia,1
Rikosseuraamusprosessi,1
Pirstotuneesta,1
Äärisiivellä,1
Siivenkin,1
Henkilötietokantaan,1
Keskariporukasta,1
Striimiensä,1
Kingsmanissä,1
Anoneille,1
Alhaistenkin,1
Luetunymmärtämisongelmiesi,1
Paperissasikin,1
Kasvukipuiluna,1
Keinoväreistä,1
Keinovärillä,1
Tutkistelun,1
Viikinkikypärää,1
Suuttumispäissään,1
Näkökulmastanihan,1
Pakkokoulutuksia,1
Jihadeja,1
Toimittajat_ovat_vasemmalla,1
Synnytysperustelu,1
96herq__hf4,1
1h10m47s,1
Brossille,1
Poliisiammattikunta,1
Unelmoinnille,1
Paskapolarisoinnista,1
Jauhajasta,1
Hammasrautani,1
Perunalastuun,1
Riskipitoisten,1
Irtaantuneelle,1
Mehustelemalla,1
Huuhaalähteitä,1
Mahmoudia,1
Sorsajahdin,1
Tarkoitaakö,1
Hihhuliuskonnot,1
Gauloisesit,1
Viikinkikypärät,1
Vithe,1
Ekstrapäivärahaa,1
Kahdeksanteräiset,1
Posliiniposki,1
Päivitäppä,1
Skenepäivitys,1
Järjestäytymättömänä,1
Automaattikiväärillä,1
Sukelluskoulutus,1
4baabd0e,1
73735cd5817e,1
Semiautistinen,1
Sankarihautausmaiden,1
Vääpelipä,1
Tahtoissaan,1
Murdochina,1
Rikospissiksen,1
Teropullan,1
Kontrollinäytteitä,1
Hymistelevän,1
Sunnuntaikrapulassa,1
Islamophia,1
Kansalaisvapauksilla,1
Vastaanottokeskusbisneksellään,1
Suvakkeuden,1
Kyynisyyspäissään,1
Naistaistelijan,1
Sukupuolityypillisiin,1
Sotavainajia,1
Ynjfb52ygkw,1
Leluavien,1
Deklaraatioita,1
Pelkääjäkansaa,1
Viikinkikypäriä,1
Dlvu2ba,1
Maapuolustuksessa,1
Olemassaolollisesta,1
Olemassaolollisen,1
Veronmaksuvuosista,1
Pioneerientaistelulaulun,1
Kutsuntaerällä,1
Maanpuolustusrooleja,1
Synnyttämisee,1
Lintukotous,1
Ihmeenkään,1
Perinnetietoon,1
Erähörhöön,1
Puukottajallekkin,1
Sotinutkin,1
Varusmiehetki,1
Kovisteltukin,1
Oottakeepas,1
Katkonaisessa,1
Sotilaskoulutetun,1
Meisasialiikkeitä,1
Sianpäinen,1
Speler,1
Id10991,1
Pienituloisillakaan,1
Paradoksaalisempi,1
Kommariliberaalin,1
Nelikentältä,1
Epäjärjestelmällistämättömyydelläänsäänkäänköhän,1
Tönössäni,1
Teksistin,1
Supoapinat,1
Ruotohelvettiä,1
Mobiilitarjous,1
Ihmisoikeusmyönteisesti,1
Mumisijalta,1
Uskontopuuhat,1
Bastian,1
Schweinsteiger,1
Sikalalainen,1
Ylipäätnsä,1
Synnyttämäänja,1
Rangaistuspohjainen,1
Natsisivustojen,1
Ääriextremenatsien,1
Pidättä,1
Ykköstuotantokausi,1
Kestopuheenaiheen,1
Natsisivustosi,1
Hyväksikäyttätapaukset,1
Terrorimurhaaja,1
Kilpa_motocross_pyörä,1
Kuormitustasosta,1
Olemassaolollisista,1
Maanpuolustuksellaan,1
Tribaalitason,1
Kilpaliuun,1
Hellempään,1
Kilpaluun,1
Tehtaidenajon,1
Lääkintäinfra,1
Siviilipalveluajalta,1
Arkuudessa,1
Lxxxi,1
Hoitokeskus,1
Postfixes,1
Uusitonni,1
Kertakäyttöteriäkin,1
Stropata,1
Kahdeksanteräinen,1
Radiotriangulaatiolla,1
Sivaripaikoiksi,1
Sodalliseen,1
Kasvoko,1
Hirvittävimpänä,1
Elinkykyisenä,1
Syttymisellään,1
Vasemmistohippilässä,1
Tapamuslimijonne,1
Lempatuksi,1
Kehtaisikaan,1
Sukuhaaralleen,1
Leveiltyä,1
Reboottausta,1
Eräläinen,1
Tiedemyönteisen,1
Asiakkaastakin,1
Vapautustaan,1
Marttyyrihommassa,1
Vaiennetaanko,1
Tsekkaamistani,1
Säesimerkkejä,1
Islamistiorganisaatoiden,1
Moskeejoiden,1
Hyväntekeväisyyslahjoitus,1
Pakanaveroa,1
Paskasodan,1
Navazia,1
Länsiaasialaista,1
Humanitaristisesti,1
Vasikoikaa,1
Islamistikurkunleikkaaja,1
Tuomitsemiskierteessä,1
Patriarkaalisuudella,1
Ananaslandiassa,1
Fivediamondslimo,1
Debattejaan,1
Carreyhän,1
Mdbdyzesqt8,1
Parametrisen,1
Elektronioskillaation,1
Resonanssitaajuuteen,1
Ωd,1
Ωz,1
Vaihetuplaumasta,1
Värvääjinä,1
Kaksikätisten,1
Yksittäispoikkeuksia,1
Todennäköisinsyin,1
Kohdentuen,1
Sensuuritekstin,1
Toimepideohjelman,1
Pienirokko,1
Kännettiin,1
Isorokoksi,1
Kannibaaliheimoissa,1
Pohjinmaiset,1
Purposed,1
Liikuntaseurassa,1
Arvoisuudessaankin,1
Tiedustelupartiossa,1
Jerry_lee_lewis,1
Alastrim,1
Avopaikan,1
Nettoruutukoko,1
Infotripla,1
Pysakointinormit_oulu,1
Ét,1
Sukupuolitaudiksi,1
Yriton,1
Varoitusmerkkikään,1
Ravinteikkaaseen,1
Ammattipsykologi,1
Grandientti,1
Vyöryttävää,1
Posten_muhammad_cartoons_controversy,1
Terrorismitutkintalinjalle,1
Terrorismihankkeesta,1
Tekeytyessään,1
Vesteråsin,1
Pyyntipaikasta,1
Mutapohjaisten,1
Quaedan,1
Svnvwyk2s48,1
Sisäisty,1
Informaatiovaikkuttamista,1
5909677d019dfc3494ea0e15,1
W_1298,1
Chiasson,1
Peacock2,1
Scaven,1
Oluenhuuruista,1
Asianomaisiksikin,1
Kanssavarusmiehiä,1
Kersantiks,1
Ylennettyjä,1
Upseerikokelailla,1
Ylikersantteja,1
Yksikössäs,1
Ylivääpeleitä,1
Norminatsa,1
Sotilaspoliisihenkilökuntaa,1
Erikoiskouluttajia,1
Esikuntahommissa,1
Everstiluutnantit,1
Brieffi,1
Valheuutisen,1
Kaikemoista,1
20933821_10155696546357010_3979607768989567667_o,1
06d469dffdbf870466d1dd982788a185,1
5a329b09,1
Kommenttikuva,1
Olomassaolollinen,1
Itsemurhaajiksi,1
Laivanupotukseks,1
Cflgoqs,1
Nakkitehtävässä,1
Tilanpäivitykset,1
Hirsijärvi,1
Lusikankanssa,1
Baaripeli,1
Koiranpissatuslenkillään,1
Glorifioimassa,1
Miinuskoroille,1
Kyselytarkistuksen,1
Kiirellisyyttä,1
Natsimusiikkikin,1
Maahantunkeutujaksi,1
Kuponkikorot,1
Kasvattihan,1
Perseaids,1
Hinkuripuli,1
Muunmuasas,1
Briteillekkin,1
Navazista,1
Sekoittuneilla,1
Kuolemantuomioitä,1
Olutinnostus,1
Keskivertopalveluksen,1
Extrapäivärahat,1
Kuleksimista,1
Keskiaikasetti,1
Avaruuskorpraaliksi,1
Erikoisolueksi,1
Pikkukolhuja,1
Kalkitus,1
Karjantarkkailu,1
Laatutila,1
Testsmentissa,1
Islamistipartakin,1
Giletteä,1
Siemenmaat,1
About__,1
Pröh,1
Skreh,1
Tyä_maanantai,1
Johtoketjusta,1
Vertaiskuvallista,1
Pokettamalla,1
Pikkuasiavirheisiin,1
Carreysta,1
Lesoilen,1
Älykkyysosamäärälläni,1
Reformaattoreille,1
Väkivallattomille,1
Hipsterimetsurisängellä,1
Naaaaaiiiiinen,1
Arvomerkkilaatassa,1
Komppanianpäällikkösi,1
Amiraalista,1
Setelirahoituksia,1
Minimiruualla,1
Gryllisinä,1
Pikkupojankin,1
Pääesikunnissa,1
Pitkänäköisiin,1
Wherefore,1
Silvontakin,1
Sources_of_strength,1
Mariina,1
Pelisuunnittelijanakin,1
Deflationaariset,1
Kernaa,1
Ylikern,1
Alikensart,1
Rinkirunkkauksetkin,1
Unityjen,1
Pelitiimissä,1
Habitukseksen,1
Kantasta,1
Deflaationaariseen,1
Takaisinkytkentään,1
Partateräfirman,1
Kysymys_mitä_suomi_tekee_jos_täällä_tehdään,1
Sukupuolijakoisista,1
Opiskelumotivaatioilla,1
Kristillismyönteinen,1
Vanhjoen,1
Phobioina,1
Harrastusmetsästys,1
Abdelhamid,1
Abaaoud,1
Justifioimiseen,1
Leikkausarpeaan,1
Lääkintähenkilökunnallakin,1
Mustapaitanenkin,1
Kyynisesta,1
Zubairinkin,1
Poikkoilusta,1
Tuotantotiimeistä,1
Raamatunpätkät,1
Testsmentin,1
Bethinking,1
Quottaukseni,1
Yliopistoväittelyn,1
Valoittaja,1
Rautatiepalvelut,1
Tiedustelulainsäädäntöuudistukset,1
20934218_491943197807499_5403125024154165108_o,1
C0bce58145a86197f4613c4adb0690c5,1
5a1d7832,1
Nostredamuksiin,1
Tokarien,1
Käsikirjoittajallakin,1
Väärinymmärsitkö,1
Nostradamushan,1
Hörinöistä,1
Välityksiäisoäidiltä,1
Vaapumassa,1
Harhatielle,1
Hnnngghhh,1
Mäyhääjät,1
Tavanomaistakaan,1
Kansivahteja,1
Liikuttavassa,1
Mobiilipelimaailmassa,1
Mikrotransaktiopaska,1
Leikkimielisemmin,1
Läpeensähyvä,1
Tahallisuudessaan,1
Haaksirikkoutuvalle,1
Tuuliajoon,1
Laivataksithan,1
Hukkumiskuolemasta,1
Keräämpä,1
T4hrbm6n,1
Kehityspaallikoksi,1
201708022200300429_pi,1
Neloskanavaan,1
Likaviemäriin,1
Lompakkoystävällinen,1
Armeijahylje,1
Käsityöliikkeitä,1
Suolistoystävällistä,1
Rekryyjillä,1
Rekryisi,1
Kopioimis,1
Nykykiinnostukset,1
Puhallutusratsia,1
Terroristimeemejä,1
Pyssymiehenkin,1
Voicechateista,1
6u2tdt,1
Bussikuski_sai_tarpeekseen_yksityisautoilusta,1
6ub33w,1
A4rin_ajaneiden_sakotusjono_oli_v,1
Menekulttuuriperinnölle,1
Nettipiraatteja,1
Etsintäkuullutusta,1
Natsiporukoista,1
Mieheyttäni,1
Harvinaisempina,1
Puoliaurinkoarvomerkillisiin,1
Tykistökoulussa,1
__cb20130123221059,1
Teasta,1
Meikkiyritykselle,1
Kiinnostuksenaihe,1
Kykyseikoista,1
Ecdis,1
Probioottianalyysit,1
Vffcne7sfg8,1
6uix29,1
Koskaan_ei_ole_liian_aikaista,1
Hissuttelupeliltä,1
Väkivaltapeliltä,1
Vauhdittumaan,1
Hyvinpalkatusta,1
Gryllis,1
Apustustaja,1
Sanmakko,1
Tomaattimurskarobinia,1
Ylentämisjuhlassa,1
Solutettiin,1
Product_options,1
41_orig,1
B00exptr0w,1
Sr_1_4_s_it,1
Terillään,1
Halvemallakkin,1
Röhäyksellä,1
Valeasialinja,1
Satavuutta,1
1sswqfdk2ozzlpwr,1
Ubotqjg,1
Asteystävällisempi,1
Luittein,1
Intternethuhuja,1
Bussilautailijoita,1
Crusoeta,1
Mielikuviteltu,1
Maalailevilla,1
Vihamielisyyten,1
Paijauksella,1
Robotictechnologyinc,1
20memetics,1
20tutorial,1
20dec,1
Nuorisonkaan,1
Palautuskoneiston,1
Innostuskuplabisneksissä,1
Haipuvat,1
Hävittäjäparvet,1
Ylennetyksi,1
Liikenneanalogiasta,1
Inspiroituneille,1
Empatiaongelmistasi,1
Paljastettaisi,1
Cambrils,1
Abdelbaki,1
Satty,1
A7903966,1
Tutkimusavustajiksi,1
Tupakoinnissanikin,1
Uudelleensuuntaamisena,1
Hotarju,1
Sankarihautausmaat,1
Gfiovyk,1
8yed4xnsvh8,1
Alkuasettelun,1
Kanadajuttu,1
Internetympyröissä,1
Luettelemaa,1
Punavihermetia,1
Ylennettävien,1
Sotahuutoihin,1
Valejutuista,1
Tahtonisim,1
Soper,1
Juonman,1
L92mdxn7,1
Apustajafrogs,1
Secnav,1
20inquiry,1
20uss,1
Blaring,1
Strait_of_malacca,1
Kapeimmillaankin,1
Hukkahiilen,1
Sarjapläjäykset,1
Perässäjuoksijat,1
Kiireellistymiseen,1
Kyttäsarjat,1
Ncist,1
Bluebloodsit,1
Ylilutilta,1
Standarditasoristeyksen,1
Eritasoristeyksen,1
Eritasoratkaisu,1
Tasoristeyksille,1
Sisääntulotiellä,1
Alikeravantie,1
A0a47680,1
4a7a,1
A518,1
D0ec3e206289,1
Atctit,1
Tiedoit,1
Radikalisoitumis,1
Morahippaa,1
Laskutuspalveluun,1
Laskuttamasi,1
Miljoonaomistukset,1
Mankumisena,1
Qxtxll4sffle,1
Danen,1
Bladwinin,1
Upseerikarismaa,1
201708212200340214_u0,1
Varoitusteksien,1
Ismdmdp_d,1
Urheiluaiheisissa,1
Reitinmäärittelymaksu,1
Iltaseitsemään,1
Reittipreferensseistäsi,1
Matkailutottumuksistasi,1
Istahtamisestasi,1
Sähköposteihisi,1
Alkukartoituslomaketta,1
Autopysä,1
Loppukyyti,1
Reitinmäärittelymaksuineen,1
Suoralinkkinä,1
Flahbackit,1
Torimyyjästä,1
Avokas,1
Punavihermetiaa,1
Väitestyn,1
Olemassaolevienkaan,1
Vahdittavien,1
Käsityölangan,1
Kuvafiltteri,1
Popularisoitunutta,1
Opiskelutilastot,1
Val2017_all_kohde,1
Käpistelijöistä,1
Urkintamentelmiä,1
Tappotylsillä,1
Lukiotunteja,1
Jaettuaan,1
6e6v30ao,1
20914397_349021062186373_4823787754121216621_n,1
Tukholmalaisturisti,1
Zabier,1
Sananpuolikastakaan,1
F2d11783588,1
Sankaritarinatyyppinen,1
Kakkostuotantokausi,1
Rääääääää,1
Hylsyi,1
Järkiargumenttiakin,1
Intellektuelismin,1
Klausilta,1
_f5za4rvjt0,1
Radikalisoitineita,1
6ux8jj,1
A4_ollaan_huolissaan_my,1
Koivusipilän,1
Soittolistamakua,1
Ohjelmavieraat,1
Yleisjulkkikset,1
Jämäsijoilta,1
201708192200337235_u0,1
Loykkaantuneet,1
Tehostebudjettiakin,1
Väliinmenemisenä,1
Erityishuomiolla,1
Syöksynkierteestä,1
Piraattiradion,1
Törpöllä,1
Runkutusten,1
Pohjalukemilla,1
Pizzeriaikkunoiden,1
Natsimoikkaaminen,1
Alennusoikeuksia,1
Reserviajaksi,1
Cds9gmdhtb8,1
Isammaalista,1
6v1qxm,1
Kunniaa_sivullisten_lis,1
A4ksi_my,1
B6s_ammmattilaisille,1
Dlx4fqq,1
Palestiinalaisstoorilta,1
Biometrisinä,1
Visa_policy_of_the_schengen_area,1
Obtaining_a_visa,1
Musafrizl,1
Virkistämällä,1
Aloitusviestisihän,1
Iskub,1
Huonostiorganisoituja,1
Lauhduttavan,1
Vihaviestittelyäkin,1
Roskapopulismi,1
Ainokaisesi,1
Baittailulla,1
Tulevaisuudenrakennuspalikoita,1
Järjestelykustannus,1
Virvoiketarjoilupaketista,1
Petostyyppi,1
Ambulanssikuvien,1
Pysäytysluodin,1
201708212200340000_u0,1
Terroristiepäilystä,1
Rockradioasemaa,1
Aamutiimi,1
Soittolistaulostetta,1
Valitsimesta,1
Shaniah,1
Mykistin,1
Rokkikanavia,1
Q7whggnyhtm,1
Lottatehtävien,1
Lausehirviöt,1
Tekopyhäillä,1
Trendijeejee,1
Memoluutio,1
Ärkakkaajenkitsanoopi,1
Scila5ipbcg,1
Trolliketjuasi,1
Availlessasi,1
Piekestä,1
Tespasitolla,1
Afganistanilaismiestä,1
Täkseni,1
Faniklubikin,1
Bonesista,1
Tulevaisuudettomuudella,1
Rotupoliitikasta,1
Lainsäädännällisesti,1
Pystysivät,1
Oppıʞ,1
Uʍoɹp,1
ןןɐ,1
ʎɹnɟ,1
Ʇoıpı,1
Uɯɐppob,1
Ǝɔıɹd,1
Buıʎɐd,1
Upıp,1
Upןnoɔ,1
Ǝnbuoʇ,1
Pןǝɥ,1
Pןnoʍ,1
Ǝqʎɐɯ,1
Uodn,1
Buıɹq,1
Sɐʍ,1
Ʇuǝɯɯoɔ,1
ɹǝʌǝןɔ,1
Uoıʇnqıɹʇǝɹ,1
ʎןoɥun,1
Uʍouʞ,1
Pןnoɔ,1
ɟı,1
Ʇuǝuıʇuoɔ,1
Ǝɔɐɟ,1
ɟɟo,1
Ssɐ,1
Ǝןqɐɹǝsıɯ,1
Ʇuǝʇxǝ,1
ןןnɟ,1
Sʇı,1
Ǝsn,1
Sdɹoɔ,1
Ǝuıɹɐɯ,1
ןɐuǝsɹɐ,1
Ssǝɔɔɐ,1
Ʇɐqɯoɔ,1
Pǝɯɹɐun,1
ʎןǝʌısuǝʇxǝ,1
Spuɐɥ,1
Ǝɹɐq,1
Sʎɐʍ,1
Pǝɹpunɥ,1
Uǝʌǝs,1
ןןıʞ,1
Ǝɯıʇʎuɐ,1
Ǝɹǝɥʍʎuɐ,1
Ǝq,1
Pıʞ,1
Ǝɟıן,1
ןןɐɔ,1
Buıɥʇ,1
Ɔıʇǝɥʇɐd,1
Sǝdıʍ,1
Ʇobbɐɯ,1
ɹoɟ,1
Ǝɹɐdǝɹd,1
ɹǝʇʇǝq,1
Ʇɥbıɹ,1
Pǝɔɐɹʇ,1
Buıǝq,1
Dı,1
Ɐıןɐɹʇsnɐ,1
Ssoɹɔɐ,1
Sǝıds,1
Ʞɹoʍʇǝu,1
Buıʇɔɐʇuoɔ,1
Ʞɐǝds,1
Ǝʍ,1
ɹǝʞɔnɟ,1
Uıɐbɐ,1
Ʇǝuɹǝʇuı,1
Buıʎɐs,1
ʎɐʍɐ,1
Ʇǝb,1
Spɹoʍ,1
Ʞɹɐɯ,1
Ɥʇɹɐǝ,1
Sıɥʇ,1
Ǝɹoɟǝq,1
Uǝǝs,1
ɹǝʌǝu,1
Sɐɥ,1
Ɥɔıɥʍ,1
Sǝʞıן,1
Uoısıɔǝɹd,1
Ʇǝbɹɐʇ,1
Buıɥʇou,1
Sǝɔɹoɟ,1
Pǝɯɹɐ,1
ɹǝdıus,1
Ǝɹɐɟɹɐʍ,1
Ɐןןıɹob,1
Sןןıʞ,1
Pǝɯɹıɟuoɔ,1
00ɛ,1
Ɐpǝɐnb,1
ןɐ,1
Spıɐɹ,1
Snoɹǝɯnu,1
Pǝʌןoʌuı,1
Ǝʌ,1
Sʇǝɹǝq,1
Uǝǝɹb,1
Ssɐןɔ,1
Pǝʇɐnpɐɹb,1
ʍouʞ,1
ןן,1
Ɥɔʇıq,1
ʎɐs,1
Pıp,1
Ucluamnestysoc,1
Cguzyhnwwaaufcj,1
Rotukalasteluun,1
Mahtivalkoisuuttaan,1
Hankkimiskanavista,1
Prayfor,1
4bc47718052dcd5bed05c93dd396d82c,1
Alkanutbesitutkinta,1
Moraalinvartia,1
Edny,1
Kokemuksenahan,1
Paskamankka,1
Alkuperäismankka,1
Tykkäämästäni,1
Kalterihotelliin,1
Populistiliikehdinnän,1
Afganilaismies,1
Vuotova,1
201707242200282436_jp,1
Konserttipaikalla,1
Luksuriöösit,1
Tiedustelumateriaalin,1
Käyttäjätunnarit,1
Mediahässäkkään,1
Muriaanisaraseeneja,1
Suvaccihuaralta,1
Lelupyssyllä,1
Muriaanisaraseenimusulmaanihan,1
Mielenkiin,1
Takomiselta,1
Ketchappin,1
Mikrotransaktiopaskalla,1
Sadists,1
Malttoihan,1
Hyppääminenhän,1
Yliajotilanteen,1
Hussenin,1
Verettä,1
Seinähullusta,1
Epäkonstruktiivinen,1
Lomillekko,1
Keneksikään,1
Lomakyyteihin,1
Siisteystarkastuksiin,1
Kvss,1
Tarkastakoon,1
Takahuoneajattelijalle,1
Massaverkkovakoilulla,1
Fagorit,1
Eotemporaalisia,1
Freyrin,1
Vihapuheryhmä,1
Afganilaismiehen,1
Pysäytysviivalta,1
Näennäiskeptistä,1
Venäläispropagandasta,1
Houreisesta,1
Kansaaa,1
Soikiana,1
Vihapostivyöryn,1
Näynyt,1
Filander_heraamisen,1
Myrsky_poesia,1
Työpaikkahaastattelut,1
Autokaahareita,1
Kohdennulle,1
Animepornon,1
Mikrotransaktioissa,1
Lässyttäjäkorporatistin,1
Valheriski,1
Virheistiin,1
Virheettömyyten,1
Tietosankirjasta,1
Teeledistä,1
Arrowversen,1
Valtavirtalehdet,1
Aannettaisiin,1
Vihakatsottu,1
Ssinö,1
Kuinihan,1
Tiemnytkään,1
Arvauksieni,1
Mamupropagandaksi,1
Verilammikot,1
Mustavalkoraitaisen,1
Äratheismissa,1
Mikrotransaktiotkin,1
Nordicdigra2014_submission_8,1
Toimittekaan,1
Sattuux,1
Spurdoilukäännös,1
Jacken,1
Jälkiliitteet,1
Lämpimäääääää,1
Collectorilla,1
Ansaitsikaan,1
Käännettäistiin,1
Opetustuokiotani,1
Räsyisen,1
Änkyttääkö,1
Hiisailit,1
Polttelitko,1
Vainkepujutut,1
Munched,1
Purpouse,1
Laivastohyljepasta,1
Peppikipuinen,1
Masinoinninsta,1
Kansanvastaisia,1
Haksahtamiselta,1
Tieliikennebudjettia,1
6uo2ex,1
Hallaaho_ja_t_aalto_ilmestyskirjan_henkil,1
Wupz,1
Keskittyskykyni,1
Tappajatodennäköisyys,1
Karttaosuus,1
Kaikkiista,1
Polttamasi,1
Superlajiketta,1
Sankarijutuilla,1
Pullahdelleen,1
Eksotisoidut,1
Stereotypioivassa,1
Röllitwiitti,1
Käärmeenkielen,1
Kuunteltaitoa,1
Kasvatushommista,1
Tarkoota,1
Umep,1
Zl1xfg,1
Tohtorinarvosta,1
Nimenikin,1
Räpäytetä,1
Tyomarkkinasopimus,1
Ykkosaiheet,1
Ca3f460e71,1
Kaarilahdesta,1
Vaunoja,1
Vainoiluja,1
Vainpienilukiojutut,1
Bs2y99i1su8,1
Hiffasiks,1
Facia,1
3agolf,1
7cplat_gen,1
3amk,1
Item58f80f170b,1
Ntoaaoswyqtvitwa,1
Golfmkv,1
Asennussovitteen,1
Johtosarjaan,1
Liitinmöliskän,1
Lilittimen,1
Koekäytät,1
Asennuskauluksen,1
Peltikielekkeet,1
Nötköttipää,1
Kaksiuloitteisena,1
Oprnczr,1
Mielenosoittajillekin,1
Supattelevat,1
Luulemat,1
Dick_pound,1
Kirjojenkaan,1
Bodanneet,1
Jedikatseillaan,1
Someuhkailijaa,1
Natsinatsiksi,1
Yhdyssanavirheitäkään,1
Lenkkeilyreittien,1
Pommihyssellä,1
Paineliko,1
Mamuauttajien,1
Waheedullahia,1
Hassaniksi,1
Kannatinsiteitäkin,1
Tihrusteltiin,1
Tyrähdyttivät,1
Rekisteröitymättäjättäviltä,1
Tiedekanavien,1
Sydämelä,1
Väyläsysteemeissä,1
Pahoinpitelyjutun,1
Jenkkishowta,1
Filanderilla,1
Räpsäytetä,1
Soitinharrastus,1
Suoukot,1
Luuleekone,1
Paprukin,1
Vajakkiarmeijansa,1
Fleimauksensa,1
Rusottavista,1
Totuusministerin,1
Osaajiahan,1
Vastustajiiin,1
Oksmanille,1
Pidellytkään,1
Heittoväylän,1
Kuohautti,1
Tapavalittajan,1
Kaavoittamalle,1
Urheilualueelle,1
Tennishallit,1
Hiihtoradat,1
Suliskentät,1
Täytetoimintaa,1
Taksibisneksestä,1
Touret,1
Yksityissuihkukonetta,1
Johtajammekaan,1
Välittömömässä,1
201708212200339456_u0,1
Kosner,1
Miehistöösi,1
Terrorilistalaisia,1
Terrorieksperttejä,1
Ilottomammiksi,1
Liikajuomisen,1
Passivoitumis,1
Suopelto,1
Puolitahalteen,1
Känniväylä,1
Jälkiasennusmankkojen,1
Orggismankan,1
Originaalimankka,1
Connects2,1
Rattikaukosäättimen,1
Autoleads,1
Sovitinsarjojen,1
Vhfckupv1vy,1
Erityistehtävähaut,1
Hydrokasvatetuista,1
Ääripärinälajikkeista,1
Öyskätessä,1
Överitkin,1
Skl00011,1
Taskuvapo,1
Monitoiminikotiininestehöyrytysjärjestelmällä,1
Taisteluominaisuudet,1
Imuvoimadynamolla,1
Veippaan,1
Seikkailuhenkisillä,1
Tympeyden,1
Heittoväyliä,1
Nurmiaukeita,1
Tsiippareille,1
Raivataanko,1
Jalkapallokenttienkin,1
Keulalogo,1
Volkkarimerkin,1
Hyvänyönlahjaksi,1
Pidellyttä,1
Steinarin,1
Iljamedian,1
Kompromissilinjauksia,1
Puukkohippailijan,1
Soirossa,1
Husu2017,1
Oppimatskussa,1
Valkoviinien,1
Roseeviinit,1
Qjvwrqi_b2w,1
Vonkuja,1
Panttikertymä,1
Spesiaalimaski,1
Kiinniruuvattavalle,1
Osmin,1
Salié,1
Jurançon,1
Hyppykoneessa,1
Päihtymisvaikutus,1
Indicoilla,1
Friikauttelusta,1
Alakulttuurisekoilulta,1
Teinipaskalta,1
Ainokaisestaan,1
Kesäkessuja,1
Upseerioppilaana,1
Arvomerkissään,1
Ruusukkeista,1
Aevomerkissään,1
Käskynalaisuudesta,1
Tilanteellisesti,1
Bzaaj,1
Itseäänvihaaja,1
Roskajutuista,1
Puertoricolaisen,1
Ismalimistisen,1
Lagauttava,1
Sativalla,1
Täysaikaisella,1
Sammakoitakin,1
Spinnerivanteet,1
Fiksunkaan,1
Väärinymmärryksinä,1
Rapulalirut,1
Valuteltuani,1
Lyötyäkin,1
Brosnanilta,1
Graigin,1
Toimintapätkästä,1
Faniteoriaryhmään,1
Perseestävetäisty,1
Tennispaikkaan,1
Selviäää,1
Tennispaikkaa,1
Tennispaikalla,1
Tennispaikalle,1
Spesifikaatiolla,1
Ävsyneempi,1
Tikanheitoksi,1
Seuraamaankaan,1
Yasxh7k,1
Varmistamattomankin,1
Läjästäkin,1
Korporativistit,1
Liittovaltiomieliset,1
Tolkunihmiseksi,1
Natsifasistiksi,1
Natohamstericuckiksi,1
Yhdenpitävinä,1
Toleranssillaan,1
Narkkariudesta,1
Passivoitumisaspektia,1
Passivoitumisriski,1
Vaikutuken,1
Machomiesfantasia,1
Technogadgetit,1
Neussin,1
Marokkolaismiehestä,1
Misdiagnoosien,1
Napakymppien,1
Viikonloppukaljaan,1
Viinakramppia,1
Vaihtoehtofaktaa,1
Polttaaksesi,1
Terrorismivastaisuudella,1
Byrokraattifederaatiota,1
Yksityisautoilukiellolla,1
Soittolistapainotteiseksi,1
Eugenicsarchive,1
53208cc2132156674b000218,1
Eugeniikkaohjelmassaan,1
Steriloiduissa,1
Pornosarjiksiakin,1
Lesejä,1
Työhöntulotestit,1
Cuboid,1
Kangertechin,1
Jatekettu,1
Konttorityöntekijällä,1
Sonyllakin,1
Hilloaltaan,1
Höyryjunana,1
Mxsli5n,1
Doctor_worm,1
Faktapaketteja,1
Dundunduun,1
Viskeille,1
Arkhamcemetery,1
Turvapaikanhakumielessä,1
Maassavierailemista,1
Fogit,1
Pingviininsuojeluseuralle,1
Videokoon,1
Korkearesoluutioiset,1
Faktapaketeissa,1
Maassaoleskeluaan,1
Leirimäiset,1
Harvalukuisemmat,1
Svengaavalla,1
Faktapaketin,1
Indicamainen,1
Comnts,1
5zfyl7,1
A_rare_look_at_no_mans_sky_e3_press_room,1
6e2r7b,1
6e0uwn,1
Installed_that_toilet_boss,1
6e0dzm,1
Im_sure_youre_all_wondering_why_ive_gathered_you,1
6jcdjz,1
Why_is_the_toilet_paper_holder_so_far_away,1
5v5gxh,1
Crapperdesign,1
5spgu3,1
In_the_meeting_room_rcrapperdesign,1
3qeiq5,1
Toilet_in_the_meeting_room,1
60ike2,1
Because_were_all_here_to_see_you_poop,1
5a6bs8,1
5a2lur,1
57fxys,1
For_the_exhibitionist,1
4zqcaa,1
I_had_to_double_take_this_one,1
4wtd5m,1
I_had_a_terrible_dream_last_night,1
4cn0u2,1
Psbattle_office_bathroom,1
U9351498,1
Sarjayrittäjälle,1
Palkkojenpoljentaa,1
Ennakkojuttu,1
Unilääkkeistäkin,1
Pinguja,1
Pingut,1
Korvaussysteemien,1
Etätyöohviiseiksi,1
Törsääväsi,1
Louisilta,1
Pisteytetyllä,1
6music,1
Novaplanet,1
Silppuroidaan,1
Vihjeensä,1
Andes,1
Iduskcn1b11k3,1
Jälkiselvityksiä,1
Tsunamis,1
Levees,1
Ydinturvallisuusajattelu,1
Reaktorivuotta,1
Ainesykli,1
Flnsa8q,1
Massaverkkovalvonnan,1
Sukkanukkesankarimme,1
201708012200298007_u0,1
6v9asw,1
Suomen_poliisin_somek,1
A4ytyminen_loi_tilaa,1
Vaporisoitko,1
Dadaistien,1
Kilometritarjousta,1
Vanhuspuolueet,1
Paikkatutkinta,1
Lähdesivuista,1
Muurahaiskarhuja,1
Verovarjoen,1
Laitteluksi,1
Videoresurssiin,1
Rangerkimmo,1
Koneistoltaan,1
Sormenjälkirekisterissä,1
Olekelevat,1
29589808_en,1
Vähäisempiinkin,1
Besserwissaamaan,1
Faje2,1
Tappajahuume,1
Poliisivaltuuksien,1
Ramblan,1
Placeboturvallisuuden,1
Vesipiippussa,1
X3batgo,1
5plnr14,1
Terroristisi,1
Yltiöempiristi,1
Kiinalaistakin,1
Bl9s,1
Tuikfg,1
Hinnanmuutosseuranta,1
Valppaudenaste,1
Ideaasteella,1
Suojaesteet,1
Aavistuksestakin,1
Massaseulonnassa,1
Radikasleja,1
Saadausta,1
Effeminiiniset,1
Emuloimatta,1
Alle26,1
Vaalikuva,1
Porttin,1
Terroristisuuskin,1
Nyyhkyttamaan,1
Sekundamedian,1
Vangitsemisoikeudenkäynnissä,1
Industrialismikriittisestä,1
Talouksienkin,1
Tietojärjestelmäskeneä,1
Ultraharvinainen,1
Opettajantutkinnosta,1
Etuovini,1
Porlotella,1
Nistivärkiltä,1
Sähkösätkävärkit,1
Muovikahvaisen,1
Kyylämisestä,1
Jakoasetuksiin,1
Uusnatsitouhut,1
Heilailua,1
6v9hk0,1
Kriminaalipsykologian_dosentti_olisin_varovainen,1
Jojolaihduttaminen,1
Politikkoakin,1
Tonnikalapopulaatio,1
Ibnalhazred,1
Skiplagged,1
6v6e9c,1
Husu_kertoo_että_kahta_uussuomalaista_nuorukaista,1
Viitattaisko,1
Heilaavaan,1
Ikkunanrikkojaan,1
Lopullisempiin,1
Puskurivaltioille,1
Kukkahattudemokratioidemme,1
201708212200340628_u0,1
Turvahakuprosessissa,1
Snäfdörfgäflä,1
Däbj,1
Pähkinäpolulla,1
Sisääntuotu,1
Putoilemisen,1
Elämänmenoksi,1
5dfesh,1
I_am_a_uk_cheap_flight_hacker_here_to_help_you,1
Rasistipuukottaja,1
Hiivaisella,1
Työruokalan,1
Rivipoliisimies,1
Käsittelykustannuksissakin,1
Lentosivustoja,1
Tallentivat,1
Tiedustelulaiksi,1
Vierailu_suomeen,1
Matkanvälittäjät,1
_turvapaikka_,1
_toissijaisen,1
Suojelun_,1
_turvapaikkoja_,1
Vertauspisteeksi,1
Marokkolaispoika,1
Euromedian,1
Byrokratiamenettelyiden,1
Mainosposteja,1
3abc8ad39c5ef4cc95635f131c212bd6,1
Naarmutetun,1
Teknoloogia,1
Postausnappi,1
Viittaessani,1
Hedelmälikööriä,1
Evoluutionkieltäjien,1
Jjgksllfkjhkldllsff,1
Yläastetasoisesta,1
Rippipukua,1
Tailorstore,1
Kukkoilupukua,1
Valvontaorganisaatioon,1
Räätilille,1
Matkanvälittäjäfirmojen,1
Asiakaspelavelua,1
Hosujalta,1
Turunsanomia,1
Tailorstorella,1
Laatusuhdettahan,1
Jatkothteydet,1
Halpapalvelu,1
Fukuokasta,1
Piittaamattomammin,1
Verkkoasentajienkin,1
Inttijonne,1
Thaimaasesta,1
Maaseuvulla,1
Palvelinvirhe,1
Maalaisjärkeähän,1
Hassit,1
Kolehmaiset,1
Tiivistämmekö,1
Vitoosta,1
Kasvavahten,1
Nettiaddikti,1
Hampaalan,1
Profeetanvastustajia,1
Profeetanvastustajat,1
Rasistimulkku,1
Tarttune,1
Flairihankkeen,1
Shadyimpiä,1
Kinkunkorvikkeen,1
Kinkunkorvike,1
Juustonkorvikkeen,1
Poistivatpa,1
Käsinaarmun,1
Myötätuntoahan,1
Ulkoilmatyöstä,1
Palkkatyömallista,1
Libertaarihallitus,1
Kantsumylly,1
Tuplavoitot,1
Iloisimmissa,1
Iltatilaisuuksiin,1
Rytinäreissuilla,1
6v9r83,1
Poliisi_tyrm,1
A4_huhun_jonka_mukaan_kahta_nuorta,1
Raataliliike,1
Raatalintyohinnasto,1
Räätälintyö,1
Työsäännöksiä,1
Heß,1
Juomakelposena,1
Loiventavina,1
Meemusubeja,1
Vaatekomerokasvattaja,1
Kuosittelut,1
Ikäpolvestä,1
Tiedustelufirmalta,1
Sekakäyttäminen,1
Rikastumismainokset,1
Garfieldrandomizer,1
Työjuhlat,1
Vihahyökkäys,1
201708172200332562_u0,1
Tailorstoressa,1
Erikoispitkillä,1
Tailorstoreen,1
Mielipiteentiellä,1
Varauksestta,1
Kukkahattudemokratiaksi,1
Tulkaahaan,1
Fsdg,1
Varustukseni,1
Kiilotettuina,1
Tyypanneita,1
Tatu13103ls_503_vi,1
Informaatiosodat,1
Diipii,1
Shittiii,1
Neurolingvististä,1
Kuninkaalisetkin,1
Pedofiilipitseriauutisilla,1
Raisiontiellä,1
Asfaltointityö,1
Raisiontien,1
Jyrsinta,1
Vapaalan,1
Ukkijavaari,1
Ylinopeussakotustavoitteista,1
Korjausvaraa,1
Mittapuvun,1
Puolisonhakkaajia,1
Valheitanne,1
Tiedustelufirma,1
Craftya,1
Vaihtoehtoismedian,1
Vapoilla,1
Sähkötupakkalitkuja,1
Keskusteleekon,1
Pippupuput,1
Rötöstelleiksi,1
Marokkolaisina,1
Mimmunmömmön,1
Koukuampujillakin,1
Ananastukkais,1
Smartsafecover,1
Palkkatoivomuksineen,1
Monoliittipaskaa,1
Verkkotiedustelemalla,1
Jakkarallasi,1
Epäiltyllä,1
Ruotsalaismieheksi,1
Väsyitkö,1
Tarrattuun,1
Markettiräteillä,1
Ruotsintiikereitä,1
Läpipaskalta,1
Arkipelagoksi,1
Lyöhästi,1
Taivuttelemiseksi,1
Erityislaatuistelulta,1
Asiankirjojen,1
Verkonvoimalla,1
Loppuketju,1
Suitsijoina,1
Kansallisryhmien,1
Ghettopolitiikan,1
Momondolta,1
Jordanfabian,1
Protecion,1
Käsienlevittelyt,1
Muutostoimista,1
Flyhi,1
Diplomaattipoliisia,1
Lääkehuoltoon,1
Ryyppäävänsä,1
Nettirasistipaskaa,1
Multisubeissa,1
Feikkiuutisessa,1
Osh29jx,1
Tarinaltasi,1
Areassuring,1
Anett,1
Liiskaamaa,1
Jänismössöä,1
Juustokorvike,1
Ystävällisemmässä,1
Eläinäideistä,1
Saamattominkin,1
Yksinhuoltajajänö,1
Pikkujänöt,1
Pupulääkäreitä,1
Pupupresidenttejä,1
Pupusairaanhoitajia,1
Pupuhaudankaivajia,1
Ylhäisyyksiänne,1
Adawayn,1
Bankkarissa,1
Disclaimerissa,1
Dopinguutisointi,1
Antidopingvastaavan,1
Fussekin,1
Dopingvaroitukset,1
Treenauttamaan,1
Huippuhiihtäjille,1
W3xh4,1
Harmaamyyjät,1
Meirliin,1
Kookospähkinässä,1
Valeuutisyoutubekanava,1
Diktaattorimeininki,1
Dopinglistalta,1
Kilpailuhyödyn,1
Lsdeet,1
Selosteeseen,1
Psyjuridica,1
Vakivaltatekoa,1
Aucklandiin,1
Huulivoideselityksessä,1
Sokeuspuolustuksen,1
Dressmannelta,1
Eedarin,1
Markkinatutkimuksiin,1
Presiksiin,1
Phantomsin,1
Gameresearchlab,1
Lehdonvirralta,1
Helpannee,1
Kasvatushuoneen,1
Pikkusatseja,1
Reserach,1
Faktantarkistusartikkeliin,1
Empethop,1
Vuotiasoletettu,1
Venäisille,1
945eb13673d935d80d019e3e5694ca41,1
Arborist101,1
Xt_bg,1
Toivottanee,1
Hyökkäysjoukkonsa,1
Lehtisivuston,1
Henkilöllisyydesta,1
Ehdonalaisuusmahdollisuus,1
Räätälintyöllä,1
_eämmiä,1
Velekoo,1
Pöllölaaksossa,1
Karhuvaarat,1
Vedonlyöntisivuille,1
Allahmies,1
Jesidinaisia,1
Radikalisoitumesta,1
Nopeusvalvontamaratonin,1
Automaattivalvontayksiköitä,1
