Sekutia,1
Tenttinen,1
Nahkapaskoja,1
Lempilausahdukseni,1
Downboutataan,1
Sanomistenkin,1
Tokaerän,1
Lupapalveluiden,1
Lätkähullujen,1
Kk2tmeu,1
Metalliastiasta,1
Moicculi,1
Kahvipöytäänkin,1
Kommunikointikieleksi,1
Kisuparan,1
Bostoninterrierien,1
Koirankasvatuskurssin,1
Savkevitš,1
Mopseille,1
Lähimatkailua,1
Mutuiluvisioita,1
Vinturalla,1
Hormonivaikutuksista,1
Rottakokeesta,1
Kasvihormoneja,1
Ruokavaliorajoitteista,1
Superhipeiksi,1
Tuomittavempi,1
Jääkiekkokulttuurille,1
H8jexxzjtzs,1
6v4,1
B9rb58,1
Dgy,1
Massamarssijoiden,1
Tueko,1
Tavoiteletko,1
Bisneslöylyissä,1
Sackbunny,1
Linjajaon,1
Aseuneet,1
Islaminuskoisina,1
Keskivertodudet,1
Keskiaikaisempia,1
Äännepohja,1
Påelkästään,1
Helpoottuu,1
Uksonnonopetus,1
Maajoukkuelätkässä,1
Typistyskiellon,1
Typättyjä,1
Näyttelykehissä,1
Rekisteröintikieltoon,1
Koetoimintaan,1
Kännykkäsoppariisi,1
Hostellimajoitus,1
Superlentoharrastaja,1
Perustuslaskivaliokunnan,1
Valinnanavapaus,1
Lapiovia,1
Nkuitenkin,1
Toimivimpina,1
Punkkipinseteillä,1
Hffm,1
Pikkubyrokraattien,1
Suojatyöpaikkahimmeleistä,1
Tölkkikuvia,1
Imuteltuaan,1
Pikkukiristykset,1
Nationalistipuoluetta,1
Terveyritys,1
Ryypee,1
Punkkikarkotetta,1
Melegeembä,1
Opintovelvollisuudestaan,1
Yksityisautoilin,1
Harrastusmaailmassa,1
Kilpailukykyrasite,1
Punkkikarkoitin,1
Vaasanelainkeskus,1
Zerobugs_entinen_skudo_pet_ektroninen_punkkikarkoitin,1
Karkoittimien,1
Eläkepäiviäkin,1
Maksuperustaisuus,1
Avauskertoja,1
Vihreäjeesus,1
Kalatohtori,1
Lausuntamallit,1
Biolootaan,1
Kierrätysinnon,1
Roskisdyykkarimummut,1
Peruskehys,1
Randomila,1
Valmisvastaussapluunastaan,1
Tiltanteita,1
Döihi,1
Iwar1yheshvaioisnjpcwynf6rqafps91kl5wvcgeab09tv4fgn6vv3_fa9co,1
Pienpuoluepoliitikolta,1
Uimarantan,1
Pirkanmaita,1
Tukivatko,1
Whatabouttaamisesi,1
Kiluineen,1
Tarkoittavine,1
Kiikuttamana,1
Viherjeesus,1
Nwb6xrl,1
Antisemitisteistä,1
Lehtinäkyvyyttä,1
2245f985de9c4931b1a9f084a190be7b,1
Vetelylle,1
Nuppineulasta,1
Fönsteri,1
Foogelit,1
Teettääminen,1
Ruotsalaisiinkin,1
Maastakarkotuksesta,1
Lapsenraiskaustapaukset,1
Ylispekuloinniksi,1
Mökkimatkailusta,1
Karkottimissa,1
Karkotinainetta,1
Ultraäänilaitteisiin,1
Haukunestolaitetta,1
Aiheesra,1
Fantasoinut,1
Terävemmistä,1
Pätevyyskoulutuksia,1
Suorittää,1
Lumihiutalemeinikiä,1
Salaliittointoilu,1
Neuvostoliittohourailuillaan,1
Burnsiksi,1
Saturaatiovaikutusta,1
Muoovit,1
Maksuhaliksi,1
Työpajatoiminnassa,1
Gretschel,1
Tasojoukkueissa,1
Kasvipäivinä,1
Ulkonäköksekustelusta,1
Lzia8dcsyfu,1
Kohtelemiselleen,1
Parlamnetissa,1
Pöndelöimää,1
Kissaas,1
Maailmantuhooja,1
Ehdokjkaan,1
Käännösaika,1
Matkapuhelinyksikössä,1
Leimattaviin,1
Joukkotuhontahan,1
Talousalueina,1
Eurooppapallo,1
Äänestyssalaisuusongelma,1
Äänisalaisuus,1
Tarkastusjärjestelmässä,1
Tarkoituksiella,1
Perunankaan,1
Riisifanaatikko,1
Äänestyspaikassaan,1
Tarasenkoa,1
Uneeorxcyyz21,1
Metsäretkestä,1
Eli10,1
Buildauksessa,1
Laskuprosessin,1
Taipuvina,1
Pumahan,1
Anekdoteista,1
Kuudennekselle,1
Säbään,1
Edariin,1
Hankkiniseksikin,1
Kiusaamishistorian,1
Poistovälineistä,1
Eläväisemmistä,1
Karvaisemmista,1
Gravitaatiosäteilyä,1
Pankkibisnekset,1
Trolliuutisten,1
Kiihkomarxisti,1
Pikaäänestyksellä,1
Syventyvään,1
Integraatiokehitykseen,1
Hajanaisenakin,1
Juokkueilta,1
Korruptiokontekstin,1
A1fcc5583b3d,1
Kiusaustakin,1
Työkalulaatikossa,1
Kilinviddu,1
Vesileikeissään,1
Rakentamisurakkaa,1
Vehjettimiä,1
Asennuskaljaakin,1
Terassinrakennushommissa,1
Hauisteni,1
Haavekuvasta,1
Syyskledjut,1
Lykätäkkään,1
Selki,1
Pysäytelly,1
Liiigan,1
Dimensionaalista,1
Lyhytnäköisyyttähän,1
Tosijonottajat,1
Vehkeileviin,1
Ystävyysmitalin,1
Tulevaisuusargumentaatiolla,1
Yksilömielipiteissä,1
Koululakothan,1
Kansallisuusstatuksesta,1
Turistijupakka,1
Äänestyspaikallesi,1
Hiljee,1
Ryhmiinkin,1
Kauppasotkut,1
Pelastamistaan,1
Soijaruoan,1
Vedettömänä,1
Vedellisenä,1
Venäjäpallo,1
Neliöjuurekset,1
Peruspalveluliikelaitoskuntayhtymiä,1
Peruspalveluliikelaitoskuntayhtymästä,1
A1062,1
Eugeniitikko,1
Oopiumikaupalle,1
Tähtilipuin,1
Eripuraiselle,1
Pettämiksi,1
Belt_and_road_initiative_participant_map,1
Terroristimiehiään,1
Lisänöyryytyksenä,1
Propagandavideoitaan,1
Syyllisksi,1
Naamioituneiksi,1
Naamiokuvissa,1
Soijarouhepussin,1
Tiriseet,1
Moonboy,1
Lihasneste,1
Soijaki,1
Ostatettavissa,1
Vauvankaan,1
Pilviläppä,1
Insititutionaalisella,1
Pankiireita,1
Aattelllisesti,1
Vähemmistökommunismien,1
Kommareistahan,1
Johsonia,1
Järjestösta,1
Keinoihiin,1
Keskiympyrästä,1
Moggille,1
Omavalintaisuus,1
Yksityisautoilukulttuuria,1
Kaupunkiministeri,1
Bsey19,1
Kaupungistuminen_kiihtyy_suomessa_mutta_kasvu_ei,1
Sijotettuihin,1
Lentokoneilma,1
Maapuolue,1
Nilkkipuolue,1
Sprinttitahtiin,1
Lihatuotantoeläimetkin,1
Lajostettu,1
Natsisotilaiksi,1
Nürenburgin,1
Kasvisruokavaliollakin,1
Marttyyriedit,1
Tukemastasi,1
Maahanmuuttonäkemyksiä,1
Kansallismarxilaisuudelta,1
Lukuprojektiin,1
Backupilta,1
Kierrätyskeskustakaan,1
_ifqkicy,1
Tuotteenasi,1
Persupuoluettasi,1
Viilipyttymäistä,1
Euvaalit2019,1
Nestj,1
Penttilinkolamaisen,1
Ekoutopian,1
Kierrätänkin,1
Terroristimiehen,1
Poikkikatujen,1
Ensimmäinenkatu,1
Toinenkatu,1
Kolmaskatu,1
Neljäskatu,1
Viideskatu,1
Vatajankatu,1
Öölien,1
Hipsterimallisten,1
Ajokadun,1
Argumentointiyritykset,1
Väärintäminen,1
Jätäisit,1
Suomenranskanbulldogit,1
Ranskanbulldoggiyhdistys,1
Suvunjatkamiskyvyn,1
Kolmipäisyytenä,1
Kierrätysmahdollisuuksia,1
Kierrättämoseen,1
Hyllykän,1
Kuplassasha,1
Vaikuttaksi,1
Pissaavien,1
Evaluoitu,1
Nepotismirakenne,1
Exceljohtamista,1
Naata,1
Aetoo,1
Kiusaajillekaan,1
Lähestymispelot,1
Neuvottelemaansa,1
Sopinukseen,1
Seuraomistajat,1
Liigojensa,1
Sukupuolidysforiadiagnoosin,1
Lihankorvikehömpötysten,1
Keminkaalikastroimista,1
Enlannilla,1
Skarpimmassa,1
Seittenkymppisetkään,1
Asennusglögiin,1
Minttukaakaoon,1
Naapurinmummoja,1
Huumevieroitushoitoyksikkö,1
Vihavansa,1
Armeijahullut,1
Taskureititinmokkulan,1
Datasiirtomääriä,1
Tentattaisiin,1
Tietäväisempänä,1
Bettmannista,1
Vihanpurkauksesi,1
Uskaliaisuudesta,1
Könttösummalla,1
Hypettä,1
Mahamulkkujen,1
Ekolinja,1
Persuöyhöttäjiin,1
Pectopahiin,1
Tasorakoa,1
Erikoisponnahdusmahdollisuutena,1
Silmäisempi,1
Matkakortissasi,1
Ihmepelastautumisen,1
Makkaramiehen,1
Jäniksenruuan,1
Ekoloogiseen,1
Hesetyyliin,1
Kierrättämättömyydestä,1
Luistimillaan,1
Murhakasvatusta,1
Päteepä,1
Suomenranskanbulldog,1
Katselulaji,1
Asiantuntijakokemusta,1
Grillikoipimarinadit,1
Tuurimaali,1
Läpimenossaki,1
Suomalaismepi,1
Isämmaantoivoiksi,1
Kansallisintoilijat,1
Standardikokkarilta,1
Änärinkin,1
Bodaili,1
Nykybodaritkaan,1
Conffaan,1
Ontrakille,1
Varmuuskopiointisoftaa,1
Nuorisorikollisuuslukemat,1
Voiniut,1
Huumorivideossa,1
Tehhäkseen,1
Vähemmälkii,1
Männööt,1
Korekeutta,1
Rahist,1
Kuevaa,1
Rasvoo,1
Voesta,1
Syntinnii,1
Sanonnoinista,1
Kaenuulaesie,1
Kvkessejä,1
Ka5gaev,1
Saaampadi,1
Huonoimista,1
Persoonallisuuttamme,1
Katkeroituuko,1
Vapaamatkustajuua,1
Kesäharjottelijaks,1
Mainitsemattaan,1
Deliciousgluen,1
Verkkoaliasta,1
Überproon,1
Faktabaarista,1
Koodaripaikoista,1
Konsulttikoodareita,1
Fiskaalipolitiikan,1
Eon0j3j,1
Eon1iy5,1
_kiireiden,1
_juaman,1
Besteimpiä,1
Frittiä,1
Friteerausgurun,1
Fritata,1
Äiteä,1
Kokonäispäästöjä,1
Saksanpaimenkoirakin,1
Normaalinkokoiselta,1
Salukeista,1
Bernhardilaisista,1
Goebbelsiltä,1
Backchip,1
Online_chips,1
0ahukewixlisbpltiahwz8aykhvobdtkq3vyijsga,1
Nesiosdxnyopbm,1
Punkkipantaa,1
Puuvillateepaitoja,1
Teknologiavaikuttajia,1
Ihmislinjoja,1
Astuttamisella,1
Amerikkamyönteisiä,1
Sunlaisista,1
Kitupiikeistä,1
Pyllynrakastelijoita,1
Itsareitakin,1
Oirekeskustelua,1
Kuunapäivänä,1
Organisaatiotahan,1
Maitohappokäymiselläkin,1
Arsenikista,1
Oviampujat,1
32e107ae,1
8adba71e968f,1
Ajatustenlukijana,1
Erikoislennon,1
Rahoitussuunnitelmaa,1
Bulldoggiyhdistys,1
Terveselkäisiä,1
Häntänikamamalformaatioita,1
Dvl1,1
Dvl3,1
Bulldogeissa,1
Lyhytkuonoisuuden,1
Koiraystävällisten,1
Elintasosairaudeksi,1
Meditaatiohörhöt,1
Elämänlaatumittarein,1
Akatusmallia,1
Harhaluuloisempi,1
Keltaliivimellakoista,1
6rfapky,1
Hesburgeriinko,1
Nuusiutuvien,1
Snaijataan,1
Mainitsemasia,1
Äänestyskysymyksen,1
Leikkaamisellekkaan,1
Osavaltionyliopiston,1
Rotukohtaista,1
Puremisriskiä,1
Amerikanpitbullterrierien,1
Juomailla,1
Kuonokoppainen,1
Recall_bias,1
Lumipalloituu,1
Hupenet,1
Ilmastodenialismissä,1
Amputaatiolle,1
Kehittimet,1
Bpml,1
Kestovalittajan,1
Havaintotutkimuksessa,1
Lykäystä,1
Hiihtoharjoituksissa,1
Korjausleikkaukselle,1
Hellitäkään,1
Egoistisuuden,1
Tappohommiahan,1
Hyödyllisyysfaktoria,1
Varjelevampia,1
Kärkipurijoista,1
Purijatapaukset,1
Chihuahuoiden,1
Laukkukoirina,1
Purijoina,1
Purreista,1
Kampanneensa,1
B6wyrz,1
Brakyharrastajiin,1
Rotuvihapuheita,1
Satunnaisruotsalaisten,1
Päätösvihellyksen,1
Bjudar,1
Hädänalaisuuttaan,1
Hädänalaisuuteen,1
Priorisointiasioita,1
Erityislaitoksissa,1
6wdtco0njnq,1
Videotarkastuksen,1
Lääkärinpapereissa,1
Vierasjengit,1
Liigakorvauksista,1
Venäläisomistajista,1
Syyrialasiakaan,1
Vaihtoista,1
Arkkipahiksille,1
Kekeen,1
Epälojaalisena,1
Duunaritöissäkin,1
Vaikeaampaa,1
Jääkiekkoturnaukseen,1
Esittäytymästä,1
Juventuskin,1
Duunarityössäni,1
Projektivastaavaksi,1
Ammattisotilaitten,1
Suorittamaasi,1
Venäläisjoukkeen,1
Steelmannanut,1
Lähikylädemokratiaa,1
Kurkkuumme,1
Kymppimiltsille,1
Susilajia,1
Bsdabp,1
Nu_n,1
A4r_sverige_har_,1
A5kt_ut,1
Control_1,1
Siitetyksi,1
Suoranaiseti,1
Aivopestävien,1
Kasvukiima,1
Valkokaulusduunissa,1
Sinikaulusduuneissakin,1
Meltoraudasta,1
Korkkautuneet,1
Trelaisethan,1
Asiastakaan,1
Mooralitonta,1
Yhdysvaltoihon,1
Viestimiet,1
Sekoppäistä,1
Alabamat,1
Poikkeusiakim,1
Pitkistäkin,1
Yhdensuuntasia,1
Lentokenttäkaupunkien,1
Tilrvansa,1
Torkahtelua,1
Tiputtelupaikat,1
Usbipaikka,1
Tylppäkuonoisen,1
X1n,1
Summary_perustulokset,1
Vuosi_2017_0,1
Samanvahvuista,1
Aseharrastuksiin,1
Miljoonabisneksiin,1
Viisumikannanottoja,1
Fleeceliivejä,1
Postussa,1
Sukupuolenvaindon,1
Kiihkomarxilainen,1
Narkkinestettä,1
Kansamurhaavaa,1
Ihmisoikeuksistansa,1
Kansanmurhakalifaatin,1
Väkivallatomaan,1
Kokousen,1
Blåkäder,1
Muurahaiskarkotteella,1
Menolippuni,1
Behaviouristinen,1
Tuontilajit,1
Bxvp5gmgast,1
Jääkiekkoposteissa,1
Smshl,1
Handlattava,1
Turvallisuusstandardeihin,1
Puollustusmekanismit,1
Kaanaankoirien,1
Illuminakki,1
Saastuttaakseen,1
Synnytyskoneeseen,1
Kärjevä,1
Erillisnäyte,1
Harrastustreeneihin,1
Koirakkona,1
Kakkalenkkiä,1
Bsdnc1,1
Tutkimustulos_pysäytti_yli_sadasta_ilman_työtä,1
Eonrdph,1
Kansainvälisiltå,1
Ihmisoikeustaholta,1
Joukkueessä,1
Pilvesta,1
Satacoreisen,1
Yksisana,1
Postaulsen,1
Lätkäpääkaupunki,1
Kvitteringen,1
Goliat,1
Avgick,1
Usefulredcircle,1
Translaillahan,1
Laitapelissä,1
Henkilötunnustani,1
Laserhoidolla,1
Räytynyt,1
Seesteiseksi,1
Kromosomeissani,1
Tuottamassani,1
Tavoissani,1
Mentaliakrobatiassa,1
Rauhalinen,1
Nipsattua,1
Lyijykynälle,1
Teroitatko,1
Rodunjalostukset,1
Lähestymispelko,1
Naispuolisistä,1
Khanzaa,1
N685926,1
Käuttöön,1
Lapaistiin,1
Hormoonihoidoton,1
Lopetuttua,1
Myötällyt,1
Kumastaa,1
Tehobyrokratiavaltioita,1
Mielistelijänä,1
Tiukkiksena,1
Piiskaaja,1
Vetoakselista,1
Euroryhmälllä,1
Euroryhmälle,1
Otsikkovalinnoillakin,1
Mittatarkkuuskaan,1
Toivotetuilla,1
Porsastelisi,1
Raukkaopettajien,1
Psyykeet,1
Spelaren,1
Matser,1
Ryssakampen,1
Kohdokkareita,1
Avunannoilla,1
16cm_penis_perseessäni,1
Uzt1uax,1
Maailmallisempia,1
Jatkoaikajäähyillä,1
Täkäläinenkin,1
Puukkokekkereistä,1
Prosessistasi,1
Miestoksinen,1
Sympatidoida,1
Blaaklaader,1
Hermofrofriikeiksi,1
Susikammoista,1
Punkerokiusaaja,1
Juurikysymykseen,1
Käytännöllisimmästä,1
Lääkärni,1
Excyin,1
Vaihtoehtomahdollisuuksista,1
Kiviröykkiölle,1
Sykkyröissä,1
Logiikkakielelle,1
Logiikkapiirit,1
Keräytyneeseen,1
Todellisuusmalliin,1
Aivokoneisiin,1
Impulssiketjut,1
Yleisprosessiin,1
Tietoisuuskokemusradan,1
Kausaaliketjuihin,1
Hermokiemuraa,1
Aivokoneissa,1
Aivokoneiden,1
Tunnejärjestelmälle,1
Tunnejärjestelmä,1
Atomirykelmiä,1
Holhoudenalainen,1
Ongelmakoirista,1
Logoutteja,1
A5x1ntjmpae21,1
Paikallispeleistä,1
Translapsikin,1
Nistikoiria,1
Paenneina,1
Irtiolosta,1
Internethenkilön,1
Rotukissaharrastajien,1
Kissanäyttelyistä,1
Rotukissakasvatuksesta,1
Fifé,1
Näyttelyttää,1
Munchkineja,1
Nettimyyntipalstoilla,1
Tica,1
Rotukissajärjestölle,1
Foldinsa,1
Rekisteröiviä,1
Munchkineita,1
Caedda,1
Walesilaiselle,1
Sotilasjohtajalta,1
Koirapillihuumorista,1
Toimistoveijarit,1
Eustace,1
Eustachys,1
Stacylle,1
Valtavirtaisista,1
Avainsarja,1
Normisuomalaisellekaan,1
Johtajillekkin,1
Jatkoaikajäähyllä,1
Ruotsists,1
Kunnallisvaaleihi,1
Ohjeaikaan,1
Listaehdokkailla,1
Transtimelines,1
Listaehdokkaaksi,1
Ylelläpä,1
Hallitsijakseni,1
Katkarapuista,1
Rukoloista,1
Gonakaappaus,1
Pittbulleissa,1
Leijonatatuoinnin,1
Poliisikoirina,1
Pikkuvelisyndroomissaan,1
Listantäytteeksi,1
4250e,1
Kanssanaisilta,1
Leipääntyneille,1
Morsoshoppauksen,1
Rikosmerkinnan,1
J2zlpngupbw,1
Anniskelupisteestä,1
Koodaustaitoisella,1
Eheytysterapian,1
Kielifoobikko,1
Kannattivan,1
Läpimätöntä,1
Seksuaalipalvelua,1
Teoriattomuudesta,1
Salafistiverkostoa,1
Puolipäteville,1
S0047272718302299,1
Corndogeja,1
Hädänalaisuuspyramidissa,1
Nippelitermit,1
Px3f3knrvak,1
Uzgtmk0uxly,1
Pikkupomoillekkaan,1
Ruotsivihana,1
Ruotsivihan,1
Kokonaishäiriökäyttäytymisen,1
Urakkakerroin,1
Suomivihasta,1
Desanttiorganisaatiosta,1
Liigajoukkueeksi,1
Svenskaninkin,1
Joinsquad,1
Terapiakorvausten,1
Suomalaistuneeseen,1
Degeneraatiksi,1
Heteroi,1
Stonetossissa,1
Natsisarjiksia,1
Fanaattis,1
Kiekkoseuraa,1
Nykytyössään,1
Korkeampitasoinen,1
Tappaamiaan,1
Villihirven,1
Riistaeläimetkin,1
Hidastama,1
Teurastuspäätökseen,1
Lihansyöntiprosentti,1
Rehukasveiksi,1
Karjaeläimelle,1
Yliopstonkin,1
Kireytyessä,1
Cj0kcqjwrj7nbrd5arisaatmxssgynzp7ylvbpl8eevwyiqktyd6aiz5n6c6sk_cefd_0lbmjvluanmaan_vealw_wcb,1
Nilkkasirkkeleitä,1
Rotankokoiset,1
Moppirakki,1
Metsästyskoiraoletettu,1
Voittolukema,1
Aikuismaailmassa,1
Josaakin,1
Suosittrlen,1
Harvinaisetherjat,1
Temppuaktivoinnista,1
Hellofromindia,1
Finlandskaya,1
Askartelukursseja,1
Punkkikarkotetippoja,1
Töräykseen,1
Järkättävässä,1
Sijaistoimilla,1
_hyvist,1
_siirrett,1
Kokemuksia_hyvist,1
A4_siirrett,1
_nytsaat,1
Osta_nytsaat_vuonna_2020,1
Terveselkäistäkin,1
Brakyharrastajien,1
Juoksukaljakeissin,1
Posadismi,1
Sisäkiipeilyharrastusta,1
Keikuttamisen,1
Kondomipaketit,1
Aseteteltu,1
Tilatattuna,1
Ilmanjaahdytyslaitteet,1
Vallankaappaustakaan,1
Klikinsäästöreferaatin,1
Katuvalopylvään,1
Dc5c0b892fcf48d48e767cdc9d7bb6c2,1
Susivanhojen,1
Pöytälaatikkotoiminimien,1
5bsport,1
5bage,1
5bgender,1
Okish,1
Gahvea,1
Canikuuria,1
Logikaallasihan,1
Kisanjärjestäjän,1
Varusmieshallitus,1
Haamuhallituksen,1
Muotoiluominaisuudet,1
Naapurikorttellissa,1
Hidastinpomppuja,1
Tarjoituilla,1
Kaverusporukka,1
Olutfiili,1
Hintahälytyksiä,1
Tranlator,1
Nollasummaten,1
Kovalchukin,1
Datsyukin,1
Yleisemällä,1
Tasoraon,1
List_of_canadian_national_ice_hockey_team_rosters,1
1995_men,1
S_world_ice_hockey_championship,1
Rikkee,1
Suomipoikahan,1
Mustikanpoimintasovellus,1
Poimivasi,1
Luontoliikuntaa,1
Änkyräkristityillä,1
Kehitystysmaiden,1
Konservatiivimuslimeilla,1
Ympärileikkauskulttuuria,1
Urbaaniuskonto,1
Mesobotania,1
Pakettiautomaatillaki,1
Kiekkopeliähän,1
Siirtäneelle,1
Oefresearch,1
Solukohdetta,1
Luksuskämpäksi,1
Feligris,1
Pääjehuina,1
Pöhinäpiirit,1
Keinotekoisessti,1
Asunnoillakin,1
Whataboutismiahan,1
Loukkattuihin,1
Kostoäänestäminen,1
Talouskäsityksiin,1
Muuttumiskyvytön,1
Vaikeaselkoisten,1
Ulkomaalaisopiskelijat,1
Soluinhoon,1
Lämmityslevyä,1
Paistinpannuna,1
Laitosvanhuksetkin,1
Oikeellisuuttaan,1
Leiketelty,1
Hormoonihoidettu,1
Opiskelijapummin,1
Opiskelijapummit,1
Ettätällä,1
Elw8hzv,1
Työkkärinmielestä,1
Bs3vw3,1
B6rn_wahlroos_kommentoi_hallitusneuvotteluita,1
Rakentamishinnan,1
Ristetys,1
Lajiikkeesta,1
Hermaphrodiitti,1
Nollanollat,1
Ammutettu,1
Sattumasirpale,1
Kontroloinnin,1
Dopingeissa,1
Puolisukupuoliseksi,1
Ennakoaseman,1
Ilaista,1
Syntymisprosessi,1
Treenasipa,1
993a89339df747cfa2649e70ae691c23,1
Koluttautumalla,1
Jämtlanninpystykorvalta,1
Helvetillisintä,1
Herraoletetut,1
Neitioletetut,1
Liikennöidyillekkin,1
Risteyksille,1
Ystävyysmitali,1
Casperista,1
Mesobotanistiöyhöttäjiä,1
Halventuessaan,1
Tuontihyödykkeet,1
Catalle,1
Malminpalloseura,1
Vöörtistä,1
Vontinkin,1
Lisähenkilöitä,1
Jauhetyylistä,1
Ludemyrkytykset,1
Asuinmuodot,1
Kaverikämpät,1
Suuryritysviha,1
Menestyjävihasta,1
Hiilidioksidipäästävähennysten,1
Malamutteja,1
Haskeja,1
Lämmönvaihteluun,1
Pilkatkaamme,1
Ammattinani,1
Karhukoirat,1
Terveykeskuksissa,1
Työttömyysvalmennuksella,1
Aktiivimalliuutisoinnin,1
Laatuvaihteluja,1
Kokoontumiskerran,1
Infrajuttuja,1
Tiibetinspanielikin,1
Kohtautuu,1
Jahdanneiden,1
Asumistuetun,1
Tietämysalueesi,1
Abrahamilaisuuden,1
330hpz8ili4,1
Kaasuputkiasiassa,1
Bq_ejv9jrze,1
Iuhjuw3,1
Yläasteopettajat,1
Kauhukakaroihin,1
Menestyjiähän,1
Rotuhygienialaitoksella,1
Elämäm_kolu,1
Sqkdllvuufg,1
Asennoiduta,1
Mittavirheeltä,1
Päätiehen,1
Talonpoikaisluokkaa,1
Pähkinäfarmistaankin,1
Bisneskonsepti,1
Dormikaverin,1
Chris_mosier,1
Patricio_manuel,1
Työnhakemiselle,1
Kohtaaan,1
Öykkäröijistä,1
Homonlahtaaja,1
Kamuaan,1
Sotakiimainen,1
Mikäikinäonkaantekosyy,1
Säteilyjämien,1
Säteilyjämän,1
Itsevalikoidun,1
Itsekasaamista,1
Kasausohjeita,1
Urakkamaisesta,1
Yritykseemme,1
Työpaikkatarjouksiakin,1
Kehittänytkin,1
Etenemismahdollisuuksistakin,1
Plainisti,1
Ylennystäni,1
Puukengistä,1
Sovittelutilaisuus,1
Meluihin,1
Tuplaryöppäys,1
Järjestetäänkään,1
Alviinaalametsa,1
Liittoutuisin,1
Pakettipelikoneissa,1
Ledihärpäkkeitä,1
Trendimuotoiltuja,1
Sitikallakin,1
Mikopiltissä,1
Edustuskunkun,1
Desanttijoukkue,1
Filtterivaatimukset,1
Ammattilaisnyrkkeilyottelun,1
Nostalgiapelejä,1
Poismyydyllä,1
Retuna,1
Valokatkaisinta,1
Putkenrassaaja,1
Sotilasvirkapuku,1
Puhdasoppineiksi,1
Rätykään,1
Freudenthalilla,1
Kielitaisteluhan,1
Svekomaaniliikettä,1
Fennomaaniliikettä,1
Vuokraviljelmät,1
Sortajahirviöitä,1
Boobers,1
Pikaliikenneympyröitä,1
Vanhakoivistolla,1
1snbicsjuuyi6gjxrxoawhkq,1
Fatalistis,1
Antaisemasi,1
Mediaöyhötys,1
Brahmacharya,1
Hiikijalanjälki,1
Laveimmallakin,1
Valonta,1
Brahmacharyakaan,1
Polisoitava,1
Demokratiateatterin,1
Luksusasunnoksi,1
Nörttigoblareita,1
Siivottas,1
Goblarit,1
Tolpata,1
Oiij,1
Suuuurta,1
Perävirtausyksikön,1
Morkulaan,1
Mielipideartikkelien,1
Voimalatyöntekijät,1
Vihtakkainasettelun,1
Lahtivatit,1
Asumistuoen,1
Turvapaikkapolitiikkasi,1
Etenimsestä,1
Monillakymmenillä,1
Ilmastodelegaattina,1
Rauhanvälityskentällä,1
Geenitekniikkalakia,1
Geenimuunneltulainsäädäntö,1
Tekniilla,1
Geenitekniikassa,1
Geenieditoitua,1
Geenisiirrot,1
Jalostustavaksi,1
Perustulonomaisesti,1
Lisävuokran,1
Ihmsmieli,1
Uskontohistorioitsija,1
Profaani,1
Seisauspäivät,1
Tappelulajissa,1
Änkyttelyllä,1
Asennustakaan,1
Pinnittömiä,1
Stockkicoolerit,1
Vesijäähdytykset,1
Ilmajäähdytyselementit,1
Asennushelppoudenkin,1
Erilliskomponenteissa,1
Keskusmuisteihin,1
Pölyfiltteriä,1
Brändikoneissa,1
27italiano,1
Caffeforum,1
T4133,1
Haistemassa,1
Ultrasikamaista,1
Vehkoohon,1
Siirappikaivostien,1
Onnittelutkortit,1
Orvokeilla,1
Tyttö_hoito_kaveri,1
Moikkalappua,1
Carhucoira,1
Cyennyt,1
Carhua,1
Caatamahan,1
Korruptiohuhuja,1
Valmiskoneet,1
Soodakattilalaitoksilla,1
Tukitiimini,1
Eduskuntavaalikampanjani,1
Uutuupi,1
Rikosuhrijärjestöjen,1
Mikkisroskat,1
Loppufirma,1
Virtualboxille,1
Linuxsoftat,1
Ylläpitohommasta,1
Toimikkaa,1
Mökkeilyynhän,1
Marginaalipalkalla,1
Vittupäisimpienkin,1
Suuntauslaitteissa,1
Ruutipanos,1
Virkalijalle,1
Fiiliskyselyitä,1
Junalippulupauksen,1
Videoituihin,1
Propagandatuotantoon,1
Feikkistreameja,1
Meänkin,1
Karhukoirasta,1
Liitäntöineen,1
Supergamerspacestation,1
Lisätuulettimien,1
Kustomoitavia,1
Maanrakennustyötkin,1
Jumalanpilkkapykäliäkin,1
Natsikoirat,1
Kampanjatiimini,1
Penäämisestä,1
Edunvalvontajohtajan,1
Puolalasilla,1
Käyttöjärjestelmäalusta,1
Ennakoimattomampaan,1
Enstad,1
Yliluonnolinen,1
Teliaviihde,1
Nordvpnnää,1
Vihapuhekannetta,1
Kylpyhuoneaikakauden,1
Ämericän,1
Khaapou,1
Khakkou,1
Spesiaaliherkkua,1
Suuntausvirheeltä,1
Tähystyssuunnassa,1
Perussuunta,1
Ampumasuunnan,1
Kampanjatiimiltä,1
Lätkäpeleineen,1
Työleiriläiset,1
Käsipalli,1
Kurssinvetopalkkiot,1
Mielialalääkitykseltä,1
Työssäoppimiseksi,1
Valhetelu,1
Islamistipelleksi,1
Tosielämätilanteeseen,1
Karnevalisoimaan,1
5ce83b23,1
8c27,1
71491106b805,1
Ehtimisellä,1
Prototyyppimallinsa,1
Alihankintasekoilujensa,1
Sähkontuotannon,1
_ydinvoimalaitos,1
Salatuo_2017_2018,1
Näennäisvaihtoehtoa,1
Rinkimalli,1
Syreeniä,1
Pihapuskaa,1
Tääydellistä,1
Tuplajuustopurilaista,1
Kevytkokiksen,1
Kevytkolansa,1
Keskikoossa,1
Vegesiivu,1
Vegekinkku,1
Kymppilitran,1
Vaalimainostarraa,1
Yeeeeeeeeeeeeeeeeeeeeeeeeeeeeeeeeeeeeeeeeeeeeeeeeeeeeeeeeeeees,1
Ihanaaaa,1
17a3d4defii,1
Torivarauksen,1
Peeeeeerrkkele,1
Hikinörttien,1
Vehnäjauhosuuruste,1
Lempääöän,1
Putistanian,1
Sotilasjohtajaksi,1
Mörköilyä,1
Laisinkin,1
Junttimaisuudessaan,1
Sbld9yq,1
Suuntausreferenssinä,1
Referenssimerkkiä,1
Linukallakin,1
Johtajakoulutukseenkaan,1
Litteran,1
Friisiläläisen,1
Seksivitsinkin,1
Markomörkö,1
Solutovereista,1
Soluasujista,1
Ässäm,1
Kolistaminen,1
Kolistat,1
Mikassa,1
Mertsissä,1
Gogcom_now_supports_linux,1
Ostarivinokkaita,1
Troteceissahan,1
Jäähdytysaikaa,1
Tackskaduha,1
Solukaveria,1
Jytäjäs,1
Uusintareissulta,1
Voittomaalia,1
Ez4kevin,1
Psilosybiinihän,1
Lsugggpmqr8,1
Top41q5,1
Makalöst,1
Kevinille,1
Suomalaisvahdit,1
Lilga,1
Oliskio,1
Käsipalloon,1
Bsu4l6,1
Gdt_iihf_2019_worlds_semifinal_russia_vs_finland,1
Eoqi9u3,1
Asiasisältöhän,1
Ez4lankinen,1
Copypastettaja,1
Tepsiläine,1
Kirkumatta,1
Raivorunkulta,1
Servicessin,1
Gopinathans,1
Gratulationes,1
Cavete,1
Vincatis,1
Helspänn,1
Sekunderna,1
Tickade,1
Hehkutusketjusta,1
Finaalejako,1
Aike,1
Plserino,1
Juhlimiseksikin,1
Politikkaansa,1
Suunnitelmarinoa,1
A14thpoc4,1
Downtownoccasion,1
Ylivoimat,1
Dysfunktionaalisinta,1
Dickenssiä,1
Bo16f9,1
Suomen_menestys_mmkisoissa_on_k,1
Decores,1
Curate,1
Vincendum,1
92gjqh0,1
Änäriselostaja,1
Änärinseuraamisesta,1
Qoff9i5dzmy,1
Abl,1
Congratulari,1
Gratulatio,1
Onnitteluhetki,1
Suberbuksella,1
Decus,1
Caveo,1
Kiekkojytkyä,1
Selostajankorvikkeen,1
Uovczpil,1
Ohjekirjansa,1
Holdomorin,1
Keemu,1
Kansankokousta,1
Bsgixt,1
A4_ruotsin_subredditiss,1
Fennoksi,1
Substitio,1
Substitiolle,1
Evankelikaalisia,1
Rikostilastointitavasta,1
Plantingasta,1
Hillitulleja,1
Hakalat,1
Mestarijoukkueesta,1
697e,1
Rangaituksesta,1
Kovalchukkia,1
Kivirantaa,1
Leivällehän,1
Vegesiivut,1
Ruokakeskusteluun,1
Ruotsipeli,1
Tukileikkurilla,1
Selostajiaan,1
Katsomiskokemukseen,1
Poymhjuyxde,1
Altbier,1
Lajeissamme,1
Tackskaduhaa,1
Kurakkaan,1
Resurssiviisasta,1
Income_in_the_united_kingdom,1
Energiatuottoon,1
Ryöpättyjä,1
Mammuttitautia,1
Jalkapallomies,1
Finaaliakaan,1
Terveydenhoitoammatit,1
Otenn,1
Daken,1
Iskaa,1
Noiir,1
Meiiantsaa,1
Komenii,1
Ominiska,1
Ekstralataus,1
Awwwia,1
Karjalankarhukoirat,1
Karjalankarhukoiranarttu,1
Mm2014,1
Ristipostattiin,1
Kuristusläppä,1
Purkukohtaan,1
Aktiivimallileikkurin,1
Höntsäilykisoihin,1
Lapinkullannoutajalle,1
Sipinä,1
Lsc,1
Geigerit,1
Taksikuningas,1
Nuolas,1
Työllistymissuunnitelmassasi,1
Huonokäyntisyyttä,1
Stratosfäriin,1
Salakavalastikin,1
Tölkkioluen,1
Väliajoillakin,1
Hännelle,1
Kiitäminen,1
Työvoimavalmennusta,1
Karenssilistassa,1
Olutmääristä,1
Keitinhöyryjä,1
Möörkö,1
Artyukhin,1
Tekoälysuotimista,1
Ghorguliini,1
Ulkokynttilä,1
Pompotteluihin,1
Integraatiokysymykset,1
Poloniumhoitoon,1
Ohjekirjasesta,1
Kopypastennu,1
Uploadfilttereitä,1
Uploadfilterit,1
Ipanatkin,1
Ehdokkaiks,1
Mainostustoiminta,1
Elokuvätähden,1
Portaillemme,1
Pärinöimään,1
Aktiivikiekkoilijoista,1
Huippuveskoihin,1
Sentterieliittiin,1
Carolinalle,1
Änäritasolla,1
Huippujätkien,1
Maalivahdeissakaan,1
Yksilösuorittajissa,1
Ryöppäyskerta,1
Mielenkiinnnosta,1
Horistontaalisesti,1
Peilikuvitetun,1
Lankista,1
Rlecond,1
Mainorista,1
Näoot,1
Hyötyösuhde,1
Optimitilan,1
Maltoinen,1
Maistatti,1
Rangaistuskriteerien,1
Vertaamillasi,1
Käsivi,1
Seksuaalirikoksentekijöiden,1
Sitoomusten,1
Puoluenkenttään,1
Vihreistäkään,1
Tekijänoikeussekoilua,1
Harhaanjohdettavia,1
Arpatuuri,1
Kämppätovereita,1
Vuokranousulla,1
Hupilomat,1
Saantiedellytykset,1
Huutelius,1
Lärar,1
Iljettävyydessään,1
Kuoriaismehustaa,1
Kuulameemitkin,1
Terroriajatuksille,1
Soluasua,1
Dicus,1
Deistisen,1
Westikin,1
Partasuuhun,1
Enkeleineen,1
Liiikkuminen,1
Peope,1
Kuvillekkin,1
Puppeloinnille,1
Vaippaikäsille,1
Mutologia,1
Skitsofrenisen,1
Sanallisine,1
Normimiehiä,1
Mutanttivoimillaan,1
Maitohappotasot,1
Katsomukseeksi,1
Robson,1
Pushrod,1
Camberista,1
Casterista,1
Kutaisenkin,1
Posliinikorkit,1
Uusiolasin,1
Sunnuntaijudokoilta,1
F8f8dce1,1
D62b,1
116027ad2092,1
Saunaeläinmikälie,1
Kendomeemeille,1
Patalioonaa,1
Devalvoituesss,1
Uskoas,1
Kaverihakemus,1
Metsästystulokset,1
Metsästystaipumukset,1
Koirasusiharrastajat,1
Koirasusityyppiä,1
Seksiteippisi,1
Lähetysvimmassaan,1
Änäritiimiä,1
Perusopetuslakihan,1
Meemeiljä,1
Säteilyportteja,1
Meemutin,1
Dislikesit,1
Imhisoikeusliitto,1
Kiinnostunt,1
Luulosairauksissaan,1
Hokeystä,1
Kustannusjutut,1
Kotinsta,1
Syntinyt,1
Riepotti,1
Kaljalavojen,1
Vihersuvaitsevaisto,1
Miittipäivänä,1
Junttikysymyksen,1
Pahallekaan,1
Honkakoski,1
Kuvaustekniikalla,1
Mekastajina,1
Kälättäjinä,1
Mehupulloksi,1
Säteilyportit,1
Naquadah,1
Osoitteenvalitsimella,1
Puoluekoriin,1
Urheliua,1
Mutenapilla,1
Tourilla,1
Sohellettua,1
Trafficer,1
Kipusignaaleja,1
Pienpuoluetentteihin,1
Poistamistilannetta,1
Lisämaalla,1
Vastoinkäymisistäni,1
Asetehtailija,1
Koulupäivissä,1
Huudahdettua,1
Hyökkättäisiin,1
Tyhjiökorkki,1
Väljähtymisongelman,1
Tyhjiöpumpulla,1
Poreisuus,1
Tyhjiökorkkeja,1
Katuvuasta,1
Kaiutinominaisuuden,1
Pyöräilyhehkutus,1
Urrrrrrrrrrrrrr,1
Havainnoituihin,1
Vakuutusperiaate,1
Bsvz9x,1
Liiga_bois,1
Kostoreaktiota,1
Tunneoeräisiä,1
Mielensairaalloisella,1
Kerääjäajoilta,1
1x10min,1
Kulttuurikäsitykseesi,1
Phu7slh,1
Kokoomusmepit,1
Maahanmuuttajavaltaisimmista,1
Työttömyysetuuksistakin,1
Voimantunto,1
Kickki,1
Tjeckien,1
Ohjaamistakaan,1
Perääntyvältä,1
F7f465c4,1
9b73aab4da43,1
Päiväkotiasioita,1
Käsipyyhepaperikaupan,1
Varastoajoilta,1
Bänka,1
Sportpubar,1
Pidättelemättömästi,1
Mörkööö,1
Ongelmapostiin,1
Monikulttuurikriittinen,1
Perusartikkeleja,1
Internetjuttua,1
Ännestyspäätökset,1
Kauppapolitiikkamme,1
Bpoe1i,1
Mia_haglund_avataan_rajat_ihmisill,1
A4_on_oikeus,1
Keskustelusäije,1
Elättisiirtolaisten,1
Joukkomuuton,1
D7aslvwx4aet8dx,1
Roomalaisaikaista,1
Roomalaisaikaiset,1
Loiseläimistä,1
Symbiootissa,1
Hometalouutisia,1
Homeuhkien,1
Homeuutisiin,1
Hometalojuttuja,1
Keskuslämpöjärjestelmät,1
Eristesyistä,1
Muovitukset,1
Hometyypit,1
Seikkailuretken,1
Ympäristöaktivistina,1
Jututellut,1
Keskustastako,1
Älypuhelintansa,1
Romaniseurueet,1
Kruunupohjaisia,1
Korkokeinottelua,1
Viimraikoina,1
Pyäräillyt,1
Taksillaajamista,1
Maistatettu,1
Ylialtistumusesta,1
Jauhopölyallergia,1
Homekoiriakin,1
Yskityttämään,1
Päinvaistaisen,1
Tykkäänni,1
Ihmisyydessäsi,1
Sisäilmaongelmaisena,1
Luuloina,1
Dnrs,1
Homepakoilaset,1
Sainiolta,1
_sainion,1
_ttln,1
_linjaukset,1
Tiedote_sainion_ja_ttln_linjaukset_31,1
Wilmavietittelyyn,1
Yliopistopohjaiseksi,1
Altavastaajiin,1
Puolivälieräpeliä,1
Hallitakkin,1
Tuottavuskriteerejä,1
Uravalmennuskursseilla,1
Sotilaiita,1
Vaalitarinaa,1
Runkkukoppiin,1
Alkupostaajan,1
Jwluc0zdoec,1
Tarttuisko,1
Eurooppatrollit,1
Genomimme,1
Alipaineistetut,1
Alipainestus,1
7s6dgemtjta,1
Kokkaremepin,1
Arvopohjaero,1
Infrastruktuurisyistä,1
Heppakaljat,1
Determinantit,1
Harhauskoisena,1
Ihmistyypoi,1
Poliitiikkameemit,1
Varmuttaa,1
Kokokoomus,1
Heittäytyväisempää,1
Mitäjuuriluin,1
Kotatsu,1
Pelleilyturnaus,1
Varpasilleen,1
Murhamiehetkin,1
Kaurissalo,1
Kanssasotimisesta,1
Vihannestukussa,1
Kommunistikytän,1
Vaporosoituu,1
Feodaalijärjestelmäkin,1
Cruseidaaminen,1
Yliajaamaan,1
Pakkoleiriltä,1
Kotiinviemiseks,1
Eläkeläisjanttereihin,1
Näeinnäistoimina,1
Markkinataulouteen,1
Ryövärisakkia,1
Lehmiäsi,1
Nuhteettomuusvastuita,1
Yläluoikilla,1
Pohjimillitaan,1
Aisteilleni,1
Eklta,1
Tyomarkkinatuella,1
Cf8c42c1,1
B82f9feb09c0,1
Amberlamp,1
Trukilta,1
Piikaki,1
Marginaaliiin,1
Minareeteillä,1
Muumilimuja,1
Ympärysvaltoja,1
Arvorakenteita,1
Heistastat,1
Akausaalisia,1
Kvanttiskaalan,1
Churchhill,1
Rinkirunkkausneuvostossaan,1
Sakkorahastoakin,1
Aido,1
Tyytyäkkin,1
Koffillekin,1
Shotgunia,1
Kvanttiskaalojen,1
Merkityksellisyyksiä,1
Maahanmuuttajavoittoisimmassa,1
Hyveliputusargumentti,1
Takoitat,1
Brewersin,1
Kreippi,1
Greippisten,1
Maitokauppaolut,1
Jumalaaren,1
Vihersuvaitsevainen,1
Rosengårdenissa,1
Rationaalini,1
Oireluistahan,1
Sainiosta,1
Sportsbro,1
Hakkuuaukiolta,1
Vähemmistökompleksi,1
Biaudeteita,1
Säätyisi,1
Jälkiväritetty,1
Pelsun,1
Perunanenää,1
Ruskeammilta,1
Tosiasiaahan,1
3o4zb8,1
Is_rmicrosoftsoftwareswap_legit,1
Cvu9k0u,1
Uosittelen,1
Moraalitomuus,1
Pajuisuus,1
Pseudokonservatiivisten,1
Cover071105,1
Ineligibility,1
Melunsietoa,1
Eurokansanedustajiien,1
Vaihtoehtoihini,1
Puntaroitavia,1
Kuplamaisiin,1
Äänestäksi,1
Tympässy,1
Koffilaatikko,1
Kolikan,1
Finaalikunto,1
Lasipulloineen,1
Lastaulaiturilta,1
Harjahommiksi,1
Tuilun,1
Dxtvg,1
84fc8f6632,1
Bridages,1
80d3dee77cb7c40e6d9a07b4d03e7e74,1
Konservatiivisuskonnollisia,1
Disabiliteetissa,1
Seksikevät,1
Ikkunapieliin,1
Vanerirunkoinen,1
Stratokopio,1
Vester,1
Sisäilmaoireilla,1
Schulmania,1
Sotkiin,1
Kvanttitasolle,1
Puukkotapelleet,1
Valtatasolta,1
Siviilimiliisi,1
Kaalivinaigrette,1
Liikennetöhö,1
_5f7gzvcumm,1
Dementikkopäästä,1
Lobbajat,1
Vallankäyttöalueesta,1
Uhkapelisivustoilla,1
589327be8c3d2a47e1f83652a637c605,1
Arabiuutisten,1
Haaparannassaki,1
Tolkistä,1
Varjokohdissa,1
Panimokaupassa,1
Hockeystreamissa,1
Äänestysikäinenkään,1
Vierustoverittomat,1
Nosturihissi,1
Vaistonomasesti,1
Normiäänellä,1
Munalämpimänä,1
Debunkaa,1
Vinaali,1
Ilmastointirei,1
Koffilava,1
Asemyönteisiä,1
Luulosairaalla,1
Kulmatuet,1
Stoppariin,1
Liigapelaajista,1
Pleikkarinrinkiin,1
Alkupäivinäkin,1
Ympäriajoissakin,1
Homeoireilut,1
Homeallergiansa,1
Psyykanneesta,1
Maissii,1
Sosiaalipalvelujuen,1
Batcat,1
Hometalosairautta,1
Finaaliottelusta,1
Sinikauluskaarti,1
Voittoisien,1
Luovuttamisasenne,1
Kuljettaaa,1
Alumiinikuorrutteisia,1
Muovisäiliöitä,1
Päähökset,1
Tosissasn,1
Saksameemeillä,1
Kattimies,1
Mentoris,1
Geoblockittu,1
Mörrrrrrrröllä,1
Perrrrrrketi,1
Kalvasflam,1
Naapurillaan,1
Kojunpitäjiä,1
Teräsyhteisöön,1
Taidatpi,1
Korwin_,1
Vaalikuvassa,1
Pahastumattakin,1
23ffe72cc2db4946d31dab9f49dd84c3,1
Traumapsykologiaa,1
Kisafakta,1
Domestic_violence_in_russia,1
Ristitykkäilyihin,1
Väärinäänestämisistä,1
Identeteetti,1
Arabimediassa,1
Kopiointisuojauksen,1
Hanttapuleja,1
Bt63yc,1
Jaksaiskos_joku_tehä_tämmösen_suomalaisista,1
Meemikelpoisia,1
Alkukantaistumista,1
Liikelinjaa,1
Mustetahramaisesti,1
Sekalavoja,1
Finaalibingo,1
Rztmexx,1
Somalitaustaisilla,1
Marokkolaistaustaisilla,1
Irakilaistaustaisilla,1
Afganistanislaistaustaisilla,1
Brändaystä,1
Hyveliputushuutelu,1
Mielistelyperseennuolentaa,1
Homojeesus,1
Kirsuja,1
Pysäköintipaikas,1
Pelkkäjarru,1
Luisuttii,1
Hattun,1
Alikulkusiltaankin,1
Psyykkaukseni,1
Vapinoihin,1
Geenilotoksi,1
Sähköherkkyyksiä,1
Ärsykeherkältä,1
Mieluisuuden,1
Ylitsekkin,1
Älystään,1
Pkortti,1
Johdonomukainen,1
Junakuormallista,1
Kiarrokseksi,1
Leikkaukseet,1
Homojeesustelijoita,1
Kaksoismoralistinen,1
Norrisilta,1
Vertaisarvioimat,1
Julkaisulähteistä,1
Viherhapatusta,1
Viehkeästi,1
Meemihuutelua,1
Vapaakauppajäsenyydestä,1
Ympäristöintoilijoilta,1
Ostein,1
Höyrykaljaa,1
Koffiakaan,1
Voortimiäs,1
Bääbääbää,1
Kohdistista,1
Muutosvaatimuksista,1
Junnuliigasta,1
Shadee,1
Iayzgzg,1
Bt7bqd,1
Kissakin_sen_jo_n,1
A4kee_torilla_tavataan,1
Sirkukseksihan,1
Kisafaktaviestejä,1
Työmiehetkin,1
D30fd339,1
9c724d73dc97,1
Bilateraalikaupalle,1
Tuotantometodeja,1
Maanjäristyssäännöksiä,1
Vesirajana,1
Atomipommimuseon,1
Maanjäristysstandardien,1
Fikaälskare,1
Hyggliga,1
Väljäkö,1
Benlea1,1
Transuutta,1
Seksuaalivanhoillisuudessa,1
Teiniflikkaa,1
Jalkapallohuliganismissa,1
Pj1z94xjfza,1
Pesuvatipäitä,1
Bantterin,1
Kendolankaan,1
Electstud,1
Interpolated,1
Dp10350,1
Postvote,1
Litterär,1
A4r_figur,1
Romaner,1
Introducerad,1
Litteratur,1
A5ret_1948,1
Trollkarlens,1
Trollkarlens_hatt,1
A5rran,1
Spöklik,1
Anletsdrag,1
Stirrande,1
Streck,1
Färglös,1
Japanska,1
Tecknade,1
Mörklila,1
Poppibändin,1
Bt76r9,1
A4_suunnitelmia_teill,1
A4lle_illalle,1
Finaalitunnelmia,1
48of52tn1l031,1
Abduktoidut,1
Riehakkaammin,1
Suomijonnet,1
Epäkollektiivi,1
Bezuipmwc,1
Habeasoijia,1
Turmeloitavana,1
Tianata,1
Supermiäs,1
Kuolintieto,1
Vainajiksi,1
Voittako,1
Nnnoooh,1
Kehheh,1
_summit,1
Patonkimiehet,1
Välieräottelu,1
Helppooahan,1
Ystäväbi,1
Lebtokoneella,1
Päihdevaikutus,1
Läisellä,1
Narcosistahan,1
Tilanteesihan,1
Förlorare,1
Livetuloksissa,1
R6pl,1
Pelihengeltä,1
Äänestyspäivältä,1
Vuorojonoautomaatti,1
Sydänfilmit,1
Maaseuusta,1
Ruutupaitoja,1
Rahvaampana,1
Puoliautomaattiaselupien,1
Aseidiootteja,1
Lyckka,1
Naljailijat,1
Subredditläisille,1
Saamelaisseutu,1
Tulospalvelussakin,1
Royal_intermarriage,1
Oikeusasiossa,1
Ylivoimaisuudelle,1
Ivacyllä,1
Samoksessa,1
Hankalammistakin,1
Tulosseurannan,1
Kestaisko,1
Jannitysta,1
Finaalitunnelmissa,1
1xfqpq3,1
Gosuomigo,1
Elokuvateatterihin,1
Stramia,1
Sijainteina,1
Ryp2wra,1
Kissaseikkailut,1
Ep2019,1
Parlamenttityössä,1
Alametsälle,1
Kaksarissa,1
Vaalikonelinkki,1
Lätkäpostauksessa,1
Saukkosesta,1
Vaalipäivältä,1
Btaen4,1
Game_thread_canada_vs_finland_0130pm_et,1
Jw5bcqj3,1
51ac36a9,1
Oidipaalisen,1
Bst2ut,1
Eurovaalit_alviina_alamets,1
A4_vihreist,1
Emt9q4u,1
Skypepalavereihin,1
Maaliii,1
Qcvqpcy1au4,1
20toimijanimi,1
Ydinverkon,1
Äänestysbonuksia,1
8086k,1
Turbotaajuus,1
Lööppipoliitikko,1
Turpiinsaatuna,1
Poikkintainen,1
Ostoskumppani,1
Tuotevaihdon,1
Vittuvitttu,1
Juuumalaiset,1
Taukomusana,1
Y3bs5ch,1
Hejåå,1
Mitrot,1
Euromörkö,1
Huruhenkilöiden,1
Tekniikkapitoista,1
Kompressorillinen,1
Poistoputkellinen,1
Wiki_poliitikot_ja_ehdokkaat,1
Naaaapuriiiii,1
Heräääääääää,1
Peloottaa,1
Epätoivoisii,1
Siiiiiiinä,1
Lankiselta,1
Pekele,1
Jöööööööö,1
Ihanaaaaaa,1
Torillee,1
Ez4mörkö,1
Mööööööööörköööööööööööööö,1
Pokot,1
Poskin,1
Rytää,1
Viimesii,1
Koitoksii,1
Ez4fin,1
Montus,1
Torimontulla,1
Loppuniitin,1
Kultatoiveet,1
Lankiselt,1
Snält,1
Tuuletuspostauksena,1
Efforteimpia,1
Tuuletusketjun,1
Suihkualtaalla,1
Maailmameister,1
Kaxiga,1
Postukset,1
Rauhamaahan,1
Kepuindikaattori,1
Juhlipa,1
Qoxbei1,1
Toriltaki,1
Comed,1
Ez4lei,1
Hyväksynnästäs,1
Olemassaolleella,1
Braaaaaaaa,1
Pisarallaan,1
Bonuspoints,1
Upeeeeeeeee,1
Lankineeeeeeeeen,1
Kruunuaaaa,1
Epplt1_6hba,1
Telenovellaa,1
ˈs,1
ˈpe,1
Eovys7t,1
Eikuvalautasuomi,1
Rakennusmaahan,1
Jäkisfaneilla,1
Pitempijännitteinen,1
Pikkuaisa,1
Tjugofem,1
Rahavallalle,1
Epicgamerstyle420,1
Huvittelukin,1
Palautussummasta,1
Turrisin,1
Discombobulate,1
Rascality,1
Broach,1
Conk,1
Breakings,1
Wizs,1
Ruptures,1
Quaternities4,1
Orionsuperman,1
Okerr,1
Ulkomaavahvistuksilla,1
Fatistit,1
Winned,1
Hitaillahan,1
Kuappatorille,1
Btd746,1
Suomi_voittamassa_mm_pystiä_uudelleen_väritettynä,1
Nööyyhhhh,1
Suurjuhlat,1
Heksajärjestelmä,1
Vapahta,1
Alvihommien,1
Muutumatonta,1
Mosambikilaisen,1
Mmfinaali,1
Gigaisena,1
Finlaaaand,1
Etätori,1
5d8da7fcf004953c3f63e7e183a21229,1
Maksuvaihetta,1
Elämänviisaana,1
Hengenmiehenä,1
Pukukoppimaalia,1
Baittaan,1
Spämmipotentiaalista,1
Tmqkymk,1
Urheilutapojen,1
Pcpartspicker,1
Torimontulle,1
Haippimies,1
Satiirikommenttien,1
Congraturation,1
Lukkeekin,1
Liigast,1
Btcsuz,1
Finland_salutes_you_brave_canada_iihf_ice_hockey,1
Taisteluvoiton,1
Bs7wlx,1
Finland_defeats_sweden_54_in_overtime_to_advance,1
Eojw69n,1
Elämäonsimulaatio,1
6mpfr6w34xi,1
Jääkiekkohuuma,1
Pelamiinen,1
Vitalitylle,1
Ristouusikoski,1
Meikäakka,1
Kadunpätkiä,1
Tuplatappio,1
Takakonttiskandaali,1
Rkpt,1
Mörköööö,1
Lopultakun,1
Severson,1
Kannukeista,1
Ihmeessään,1
Kyllläääääää,1
Romanumille,1
Placebokisoiksi,1
Biljettförsä,1
69397b1443714fee88490013d9f6f4cc,1
Blastraliksesta,1
Futistyyliset,1
Defensemen,1
Playstyle,1
Goaltending,1
Kuiskista,1
7qb4oez,1
Platinaankin,1
Prakt,1
Luokkaanasa,1
Iltiskohut,1
Ösćar,1
Valtiollallisen,1
Silvers,1
Tacovan,1
Keulal,1
Jatkuvalämmitteisen,1
Esvyld2,1
Ajphejw,1
D7hlyllwkaayxut,1
Fyhtki,1
Saapuvatkaan,1
Minimisiirron,1
Sdpläisenä,1
Hyökkäysvoimista,1
Kangerellen,1
Ferda,1
Kunnostui,1
93king_suicide_letter,1
Kolpakonkaatokisaa,1
D7bjrwzxoaay88n,1
Björklundia,1
A00fcf15,1
A305,1
113befcbe77f,1
Livestriimasi,1
Hvpzlev4ws,1
Grappalasissa,1
Ntämaan,1
Ydinnormit,1
Ysimittaisia,1
Senia,1
Täsmärekrytty,1
Rokkistaralla,1
Haasteltavien,1
Kankaanniemeen,1
Lähtijänä,1
Frenologinen,1
Cogiksen,1
Cogis,1
Algoritamin,1
Kalastuslaiturista,1
Grammaset,1
Keräntyneet,1
Kalastuslaiturin,1
Lanunaukiolle,1
Torirallia,1
Saippuakylpyä,1
Kalabiisi,1
Pikkunisäkäspopulaatio,1
Vj4uv0r,1
Torstrassella,1
Kämmäykselle,1
Fullblodig,1
Diskriminera,1
Jw62b1it,1
9e02951a,1
Korjaustermillä,1
Massikikkailijat,1
Aspachätissä,1
Höpöttien,1
Murhasko,1
Palkatuin,1
Evoluudiomies,1
Uatelia,1
L4xwhsq,1
Mmbud0ievua,1
Tuntikorttia,1
Iltavuorolaisia,1
Ympäristäystävällisiä,1
Ihanaaaaaaaa,1
Torijuhlaan,1
Vaalinmenestyksen,1
Miesääninäyttelijä,1
Mörkäle,1
Hetkenpä,1
Jääkiekkoketjuun,1
Maunolle,1
Sahakonsulttina,1
Kuminpalasen,1
Torilivessä,1
5d8d0a37,1
E1db,1
4b53,1
947d,1
0121e96b1639,1
Hurrejakin,1
Ehtolausekesofta,1
Optimoitavat,1
Painotuskertoimen,1
Kaulakipua,1
Sydäninfarktiksi,1
Kamppislause,1
Actual_wookiee_ama,1
Sukunimeks,1
Leijonineen,1
Onnettomuustutkintakeskuksenkin,1
Talousvajetta,1
Vitsipatrolli,1
Art2543610,1
Vakioruokalassa,1
Mörkömoussea,1
Mansikkakastikkeella,1
Häbäisin,1
Corpuksia,1
Hypnotisoivasti,1
Mörköilmapallon,1
Ilmakitarointi,1
Myhäilyttää,1
Ilmaveivijuliste,1
Facebookkisi,1
Lanunaukiolta,1
Tilastoraporttinsa,1
Tr17_19,1
Vähittäismyymälöille,1
Juomatapatutkimuksesta,1
Ultalight,1
Firetiger,1
Rugbyjengissä,1
Sissihyökkäyksiä,1
Puheotteessa,1
Kasvisruokakeissiinkin,1
Kiitettävänä,1
Massatyöttöminä,1
Pakkojoustavuus,1
Persläävämaihin,1
Miljardikasvun,1
Sotepaineesta,1
B6yhemm,1
1k3tut8,1
Gloryhuntauksen,1
Tirraan,1
Juhlakaljalle,1
Pukkapenkkejä,1
Junagraffitien,1
Päijänteellisen,1
Numeropalloja,1
Победой,1
Jäkiekkoonkin,1
Ugtv4rfzqvw,1
7m05s,1
Cringeks,1
Alkoholiuudistuksessa,1
Datavektori,1
Primitiviiviset,1
Mäkkipussit,1
Monsteritölkit,1
Stupakan,1
Trashtageista,1
Lapsiksikaan,1
Hlvt,1
Heteromiesinsinöörit,1
Huuhteluautot,1
Katuyksikössä,1
Pakettimatkoille,1
Keihäsmatkoille,1
Tyhjenikö,1
Assertiivisemmin,1
Ailakki,1
Matkaoppaalla,1
Eläkepalkalla,1
Nostokurkiin,1
Naurunremakassa,1
Juhliviin,1
Lähestyessämme,1
Toimeentulotukiperusteisesti,1
Toriparkeille,1
Fortnitesetiksi,1
Saikkaamassa,1
Valtionpäille,1
Cwrbmsw,1
Bsbnybb,1
1rnmmqs,1
Nbpd0bb,1
Jvr0swl,1
Pnrgc6x,1
Tlclq2m,1
Ydhrwfp,1
Urheilufanilta,1
Kompaktikamera,1
42mp,1
Täysikennolla,1
Hiirri,1
Prassaile,1
Tekosillabi,1
Prassailu,1
Voittosyklin,1
Iihfworlds,1
Sananvapaustestin,1
Kunniaaloukkaavien,1
Medbörjäreiden,1
Niitein,1
Torumisia,1
Käskyttäjäkin,1
Kommunikoinaan,1
Mafiapomolla,1
Totistumisen,1
Pilapiirroskohua,1
Lovl3jf,1
Csayug7,1
Dl8x9fw,1
Mqvhrjp,1
Limemajoneesia,1
Sanafrekvenssejä,1
Miesinsinööreistä,1
Renesanssimaalaus,1
C0d84664,1
E6d4,1
48f1,1
9c75,1
6d7c4bceb291,1
Känisijä,1
Imagovoitot,1
Vod6znh,1
Etukorttijuttuja,1
Boytä,1
Btj8xy,1
How_finns_celebrate_hockey_gold,1
Yksittäiskuvat,1
Aloituskuvalla,1
Vittuilleksanikaan,1
Tuontikulutuksen,1
Siivottuu,1
Olympiakylät,1
Tervetimällä,1
Naamanilmeistä,1
Lle_,1
Heittemässä,1
Otsikkosummasta,1
Maalaustyyleistä,1
Hevoskärrykyydillä,1
Huojahti,1
Mäenrinteen,1
Saivartelussa,1
Auttamiesi,1
Autatkin,1
Nostajiin,1
Ympräistönsä,1
Raamatunlausehan,1
Raamatunlauseiden,1
Sidottakoon,1
Tweettaajan,1
Renesanssityyliä,1
Btjy5i,1
Suihkuajatus_suomen_1_ja_2_mmkullan_v,1
A4_meni,1
Nykyrenesanssia,1
Porvarimainoksessakin,1
Konekuskeil,1
Isoissaki,1
Eoyux4i,1
Puolustusasianajajiltaan,1
Käyttölämpötilaa,1
Käyttölämpötilassaan,1
Irroittauduit,1
Liquidiakin,1
Finaalimatseissa,1
Roundeille,1
Pascal_,1
Iritnwl,1
Munaisempia,1
Sibulius,1
Kylmäkatiskasta,1
Operaattorikustannukset,1
Hyvitystilanteissa,1
Operaattorikuluja,1
Suomentaisitkin,1
Idiootikseiksi,1
Vahingossarenessanssi,1
Baarityypin,1
Kuitittomaksi,1
Ostokäyttäytymisdatansa,1
Piruntorjuntaukko,1
Iwous,1
Btcsv5,1
Team_finland_wins_against_team_canada_31_to_win,1
Eow8lyq,1
Sensitisaatio,1
Kumivenemies,1
Ruokamassia,1
Btisx9,1
Kirkko_ajan_hermolla_twiitist,1
A4_kertoi,1
Eoznmhp,1
Möhömahoista,1
Tuhrittuna,1
Kyrsiintyisivät,1
Koltyrinin,1
Ystävättärestään,1
Shariapoliisi,1
Viinaränni,1
Editointivuoroja,1
Energiansäästölampuille,1
Halytettiin,1
Harjoituskoneelle,1
Yökahden,1
Retkipaikoille,1
Roskaamiskulttuuri,1
Kelakustannettu,1
Meemeilla,1
Molniya_r,1
Purpose_bomb,1
Royal_small_arms_factory,1
Aden_cannon,1
Tempuun,1
Sananvastuuprosessi,1
Vihapuherikollisten,1
Suihkuharjoituskone,1
Kopsuja,1
Kellarisauna,1
Käyttäytymisnatsi,1
Kännykännyplääjiä,1
Eurooppaversiota,1
Vaimonhakkaaj,1
Dostoyevskyä,1
Afrikalaista,1
Gupta_family,1
Fin24,1
Fmf,1
Afrikalaisista,1
Timeslive,1
Kännikäräjöintien,1
Hyvä_tuloinen,1
Bstq5z,1
Mediatalot_ja_liitot_perustavat_rahaston,1
Matkustuskokemuksella,1
Muoviautojen,1
Ilmatankkauskalustosta,1
Hevonpaskakirjoitukset,1
Lobbausmarkkinointi,1
Vaihtelumarginaaliin,1
Kzboggtf4m4,1
Zbqlnyaughk,1
Liianmina_irlollakseenmina_irl,1
Ruokakauppaprosentin,1
Hiidenkivellä,1
Härkälauman,1
Uhreilukentällä,1
Tyrmätäkään,1
Egoboostilla,1
Lamppumallien,1
Insentiivitkin,1
Päivälehdistössä,1
Huuhaaoppeihin,1
Nostokurjesta,1
Intentionalrenaissance,1
Valintakoearkisto,1
Mallikokeessa,1
Dgotbrrvy3g,1
Yourselfs,1
Patongitjoillekaaduin,1
Linkkitulvasi,1
Levityksellä,1
Roskaamisestakin,1
Lisäroskiksia,1
Sikaileen,1
Odotetaaks,1
Perhevalokuva,1
Rakennusurakoitsijoiden,1
Kaskiaro,1
Urakkasopimuksia,1
Chn0pw3wwaaa4mi,1
Julkiörvellyksestä,1
Kawasakissa,1
Urpilainenhan,1
Alikulkukäytävään,1
Lastaajalle,1
Huolintaliikkeen,1
Riehusi,1
Rentokin,1
Häähuone,1
Häävaatteet,1
Vertaushommelit,1
Alihankkijaketjuja,1
Neuralprisma,1
Viisiprosenttisina,1
Saattaminenhan,1
Kumivenekaveria,1
Kalsarikaveri,1
Halikaverina,1
Oluenki,1
Vihernatseille,1
Viherkommareista,1
Kivihiilinatseista,1
Moduulirakentamiseen,1
Kehitttääkin,1
Aliurakoinnissa,1
Paputölkeissä,1
Kyytiiiiin,1
Saattotehtävään,1
Pihivit,1
Luotettavimmille,1
Taitolentäjiä,1
Saattueeksi,1
Perehdytysprosessi,1
Coidaan,1
Poltooaineen,1
Faktansuojavaltuutettu,1
Wcargo,1
Pikkufirmahan,1
Yllytit,1
Kaukolämpövoimaloitosten,1
Tilavuusprosentista,1
Tilavuusprosentti,1
Ilmastokaaosta,1
Dehumanisoiminen,1
Käyttöikäpotentiaalia,1
Hehkulamputhan,1
Lomanviettopaikkoja,1
Lokankaltaisten,1
Puolijohdevalmistajaa,1
Edelliskerralta,1
Tietoplakaatteja,1
Pekkaspäivämäiset,1
Muinaismuistona,1
Olutlasia,1
Ysärifläsärit,1
Yhteystietosivulla,1
Annetuilta,1
Yhteyshenkilöiltä,1
Kähköseltä,1
Kahkonen,1
Minikatteella,1
Merkkioluista,1
Lamppukaupassa,1
Puukkoriehumisella,1
Mdvrmsezekg,1
Perunaviinaan,1
Suurlahetystoon,1
Lahetystossa,1
Pikahyppelee,1
Myyntiluvattomia,1
Myyntiluvallisten,1
Kilpirauhaspotilaiden,1
Harvinaislääkkeistä,1
Perunalajikkeesta,1
Rasva80,1
Kertatyydyttymättömät,1
Hiilihydraatit0,1
Koostumustiedot,1
Linjasaneerauksiin,1
W_jszgdf0et,1
Btteg8,1
Japan_stabbing_attack_injures_15_including,1
Ep2qtng,1
45am,1
Ｊｓｔ,1
50year,1
Schoolgraders,1
39year,1
40yr,1
Kannabiskeissiin,1
Erityistarveselvitystä,1
Napoleonic_wars,1
Jean_louis_th,1
89odore_g,1
89ricault_,1
_la_balsa_de_la_medusa_,1
28museo_del_louvre,1
2c_1818,1
Ennätyslintu,1
Erottamisjupakasta,1
Koffintölkki,1
27s_mother,1
Sydänlihassairaus,1
Leviävyyteen,1
Kotipalveluyritystä,1
Tenuttelijoilla,1
Huttusia,1
Kännisuhteen,1
Molinos,1
Kännihinnaltaan,1
Markkalager,1
Hoitovasteesta,1
Urheililaji,1
Järkkääntyisi,1
Papusoossi,1
Vegehamppari,1
Saattuueksi,1
Rahankeräysasetuksen,1
Keräysluvan,1
Myöntämisajankohta,1
Parlamentaarikkoihin,1
Nautajauhelia,1
Liikuntaurheilu,1
Ravintosuositusnormeja,1
Varasointi,1
W9io16c,1
Hintaselta,1
Ikäkestoa,1
Vaikuttuva,1
Vuorovaikutuksien,1
Rosvovideot,1
Omavalmistepuolelle,1
Silmäkäsikoordinaatiokyky,1
Irheilulajit,1
Maakotkille,1
Härkätappelu,1
Hämminkivei,1
Johdanne,1
Disport,1
Liikuntaurheilun,1
Laattamiehillä,1
Ulkomaalaistyövoimasta,1
Urakkapalkkiot,1
Laitoskeittiösafkat,1
Pelikonettaan,1
Turvapaikkatoiminta,1
Islamistinpaljastaja,1
Sarjisekstra,1
Ammattilaismenon,1
Virransäästöominaisuuksista,1
Sinikylkinen,1
Lauantaimakkarainen,1
Sovelkusten,1
Ylitreenatakki,1
Viistoistavolttista,1
Valmistustaparajoite,1
Ez4ankkalinna,1
Ravustajan,1
Ravustuskauden,1
Videopelikilpailut,1
Balanssimuutoksiin,1
Rahapoteille,1
Mikromaksuasiakkaissa,1
Carnepäivä,1
Lihakeitoksi,1
Papulihamakarooni,1
Amerikanisoituminen,1
Maakuntakuplassa,1
Valtiollinenkaan,1
Viisivaiheisen,1
Etnobotanisti,1
Ez4aku,1
Kaljalavaan,1
Afdlta,1
Teollisuusliittokaan,1
Helteistäkin,1
Superpoliitikkoja,1
Ez4ankka,1
Ulkoiskustannusten,1
Kiihotuksista,1
Jalkapallosaki,1
Sähkömönkijän,1
Unpijuopon,1
Valintatilannettakaan,1
Mätäpaiseilleet,1
Tehostinservoja,1
Varmastinen,1
Suivataan,1
Cognitive_benefits_of_video_games_research_proposal,1
Altruistisiksi,1
Lakkopäivälle,1
Humaltumisesti,1
Kohtuukäyttäjiien,1
Oleellisempaahan,1
Ammattipelaajallakin,1
Pikkuhinjaa,1
Bulkkioluttölkin,1
Työvälineennä,1
Pinnaamiseen,1
Tourenwageneist,1
Tasauspaikoilla,1
Koululaislakot,1
Itsekriikkisessiolla,1
Disprop2,1
800x353,1
Rikkomastaan,1
Jääkiekkokaukaloita,1
Pättäjien,1
Poispotkituille,1
Ajattelemistavalla,1
Elimistölliset,1
Pääproteiinilähteestä,1
Häpykielen,1
Koulukiusaamisellekin,1
Ilmastolakkoilutapahtumia,1
Yksityissuihkukoneet,1
Ruhkautunut,1
Omakustannusosuudet,1
Keramiikat,1
Elintasoryöstö,1
Kastikkeenlantrauskikka,1
Syyttömyysolettan,1
Yhdensuuntaisiksi,1
Toimivampiahan,1
Suppilovahveroilla,1
Laitosruokailuun,1
Ujuttelua,1
Kreationistienkaan,1
Kategoriajako,1
Ilmasotlakkoilusta,1
Perjantaikaan,1
Hypersuperextraostoshelvettejä,1
Valikoimarikas,1
Pennymarktit,1
Ylittäiseen,1
Antonopouloun,1
Eläinproteeinista,1
Propagandahautomoiden,1
Apulaispormestaria,1
Mässypärinäiselle,1
Sihauttamista,1
Fiksipirkka,1
Пидар,1
Neutaalein,1
Hanppumarssi,1
19910066_2,1
Ratifioitaessa,1
Jälkiruokakulhoon,1
Tollopersua,1
Jokiksessa,1
Korokkeineen,1
Elinkaarianalyysien,1
Kahlitsisivat,1
Pienosmalliin,1
Minuuttityön,1
Lähihoivaa,1
Voipottua,1
Opiskelutyökalut,1
Apaattisimmat,1
Hienotasoinen,1
Jmahdolliset,1
Massapskykoosina,1
Lääkefiromojen,1
Ekofasismina,1
Ryhmäpohjainen,1
Loukkaantumisriskillä,1
Peruskarjalaa,1
Loppukäyttäjässä,1
Pirkkalagerissa,1
Arkkitehditkaan,1
Mörököllivaate,1
Kestämässä,1
Riskeeramassa,1
Turnausaikatauluja,1
Jääpuikoiksi,1
Johdoksensa,1
Riippuliidon,1
Struben,1
Ovisesta,1
Polttoaineauton,1
Omistajayrittäjiä,1
Kotoutumistukia,1
Halpistabu,1
Eventtejään,1
Mobaansa,1
Lautasesimerkillä,1
161639_kouluruokailu_2008_kevyt_nettiin,1
Panimotoiminnan,1
Juhlintahetkeä,1
Juhlahenkeä,1
Ammattipelaajaksi,1
Muusikoksikin,1
Rupeaville,1
Kiapa,1
Castaajia,1
Öyhötysnatsien,1
Vararahastonhoitajalla,1
Hurskaalla,1
Oikeudentunnolla,1
Vaalipiiriyhdistämisen,1
Skc8jm,1
Ln6b8p,1
Nollavarusteltu,1
Citigoista,1
Mooottori,1
Kehitysnopeuden,1
Ylämummoa,1
Ylämummohan,1
Viikonloppuviihdettä,1
Papuversiossa,1
Vankilahotellit,1
Spreading_homo_sapiens_la,1
Älypuhelimalla,1
Lakituskin,1
Rahanippuja,1
Vakiopuheenaiheeksi,1
Oviseen,1
Opium_wars,1
Speakerspeakermusic,1
Stressivapailla,1
Formaatillakin,1
Twiittiini,1
Hoitodokumenttien,1
Ekdahlia,1
Kouluyhteisöjen,1
Toimintavarmemmaksi,1
Kumivenemiestä,1
Massahysteriaksi,1
Veljeilijältä,1
Hintalapulkla,1
Härkäpavuss,1
_known,1
_forms,1
Earliest_known_life_forms,1
Kopallakin,1
Viiherpiipertäjiä,1
Läksyttäneelle,1
Arkiliikkujalla,1
Perusakulla,1
Volkswagen_group_meb_platform,1
Sähköautolinja,1
Kansansähköautot,1
Toimintaako,1
Tuottamta,1
Opiumtuotannon,1
Patna,1
Sukupuolisilpomisen,1
Sukupuolisilpomisesta,1
Valesuvaitsevainen,1
Suvaitsevaisivat,1
Myyvätkään,1
Sipsimonopoli,1
Karkkimonopoli,1
Porkkanamonopoli,1
Vapauslauluja,1
Lisäanalyysi,1
Luonnentieteiden,1
Lpesports,1
Parisuhdenormo,1
Raiskaustuomioille,1
Superlaskinta,1
Suljetttiin,1
Ignalina_nuclear_power_plant,1
Koulutyöskentelyyn,1
Somaliporukat,1
Kansanedustajamäärät,1
Materiaalipankkiin,1
Päivitystalkoot,1
Vihapuheuutista,1
Mielisairaalaosastolle,1
Seiskaluokkkalainen,1
Pampamireseptit,1
Amfetamiinireseptien,1
Jäännöspaikkoina,1
Jäännöspaikat,1
Volksstromwagen,1
Käfer,1
Sturmwagenilta,1
Formulaluokkaa,1
Vanhustenhoitoasioihin,1
Arvopohjiksi,1
Klaaniyhteiskunnasta,1
A8932576,1
Ez313aku,1
840k,1
Liikuntaurheilussakin,1
Nettokorotuksella,1
Miljoonaĺla,1
Elityisesti,1
Vanhempienvapaan,1
Vanhusasiavaltuutetun,1
Mörköpatsaaseen,1
Paskalaitois,1
Hanskakäsikuristajalla,1
Yksityissunnossa,1
Huoltojenkin,1
Sähköversiossa,1
Molvaniaan,1
Seksuaalimurhaaja,1
Ilmailumääräystä,1
Pakkolakko,1
Tom_packal,1
Muttakunmediaeikerro,1
Landempana,1
Niittymaisemista,1
Ulkoasianvaliokuntaa,1
Kristallimaljan,1
Energialisäkkeestä,1
Talvetta,1
Painokuluja,1
Kaljuunan,1
Mömmäri,1
Sisääääännn,1
Redittorien,1
Röllitunnukselle,1
Monivalintojakin,1
Lakitettavalla,1
Pukuohje,1
Rölleissähän,1
Röllinpoikanen,1
Witchhunttaamaan,1
Kommenttioisossa,1
Ihannemaailmankuvan,1
Leveling_seat,1
Tunnesokeat,1
Derivointisääntöjä,1
Hakkaraisien,1
Erillissoftalla,1
Maksukäytössä,1
Tasauspaikkoihin,1
Suttupaperimainen,1
Astekulmien,1
Opetusapplikaatiosta,1
Naturalisointi,1
Kansallisuustaustoja,1
Teitittelivät,1
Puolusteltavista,1
Oppilastiimissä,1
Epämäärääiset,1
Vapauslasit,1
Teräksien,1
Terveydenhuoltoyksikkö,1
Sellissäoloaikaa,1
Yksintyöskentelyä,1
Väestönvaihdoshypoteesin,1
Tuottajamalliin,1
Pikkumodauksin,1
Envir,1
Pvt_lopparuanne_02,1
Õhkuheited,1
Põlevkivigaaside,1
Teiste,1
Kütuste,1
Põletamisel,1
Peamisteks,1
Välisõhu,1
Aineteks,1
Tahked,1
Osakesed,1
Lämmastikoksiidid,1
Vääveloksiidid,1
Süsinikmonooksiid,1
Vesiniksulfiid,1
Vesinikkloriid,1
Vesinikfluoriid,1
Süsihappegaas,1
Polütsüklilised,1
Aromaatsed,1
Süsivesinikud,1
Kergelt,1
Lenduvad,1
Raskmetallid,1
Yliedustetulta,1
Aliedustetuimmalle,1
Tähtiliikkeelle,1
Lanseeraajien,1
Mediacontent,1
Chippers,1
Irkkuslangia,1
Itica,1
Article16183064,1
60426569_10155997217690059_7985825442995109888_o,1
L5hnski8gyo,1
Inkerinsuomalaisesta,1
Pakotusfetissin,1
Maharadzalle,1
Puulaatikollisen,1
Maharadzan,1
Syöttäjistä,1
Sisäisestäni,1
Korostamimen,1
Tinderriippuvuus,1
Nysäsuhteisiin,1
Heppaisten,1
Syötöllö,1
Erikoisruokavaliojärjestelyjä,1
Isöm,1
Normaalipainoisuudesta,1
Loppuihinkaan,1
Matikanosiosta,1
Integrointitehtävän,1
Sähellykseni,1
Vaalirahamäärät,1
Suurherralle,1
Tölkkilavoja,1
Maistelijat,1
Nöbis,1
Kusenmakuisen,1
Latkijat,1
Viininjuojat,1
Puistokemisteistä,1
Hinkkaaminenkaan,1
Mietintämyssyssä,1
Sibaa,1
Koodaataan,1
Enlyft,1
Genuinekingofmanass,1
Femininiisyydestä,1
Ehostettuina,1
Sukututkimussivu,1
Maltankin,1
Eteläeuroopalaisista,1
Mongoligeenien,1
Conanissakin,1
Asusvaa,1
Vättämätta,1
Etähallinnoinnin,1
Revontulentien,1
Liiketalolla,1
Äänestäneista,1
Alkoholistejen,1
Carnotin,1
Nollatulon,1
Kokeenajan,1
Todellisuudenperäisiä,1
Yritysoikeistollekin,1
Muutttaville,1
Öljyliuskeessa,1
Kukersiitin,1
Geoboardista,1
Ostavatkohan,1
Prosenttiarvoa,1
3233ekr,1
Tilauskokemuksilla,1
Hdokkaan,1
Markomeemit,1
Vältyttään,1
Vittuilutkin,1
Pönötysjuhlia,1
Paidata,1
Vaalirahoituskattoa,1
Tämankaltainen,1
Vaalitavaksi,1
Puistolalaista,1
Enterprisesin,1
Näytelmäversiosta,1
Alkuperäismateriaalille,1
Henkilöoletettuaan,1
Puolasonni,1
Järjesää,1
Alkuperäisosin,1
Kuusivuotisiksi,1
Livestudiossa,1
Ääripuolueilla,1
Pohjoissuomalaisille,1
Rannallejääneetkin,1
Kurkunleikkauseleitä,1
Kakssuuntajärjestelmään,1
Äänijengejä,1
Mamupuoluetta,1
Äänilisiä,1
Mieskomissaari,1
Äärijihadilaisinta,1
Lempparilaji,1
Ampumavideopeliin,1
Keskivertoalareddittiä,1
Fryuyfm,1
Seitsemäntoistakertaisesta,1
Jorunalistit,1
Ymmärtäntt,1
Edistysmielisyydelle,1
Kannattvat,1
Ääriedustaja,1
Erityistaidon,1
Erityistaitoisilla,1
Perusmiesstereotypiassa,1
Tiedekielteisiä,1
Lähestymisessäsi,1
Valintakyvyistä,1
Maantieteellisyyshän,1
Kiusaamismahdollisuus,1
Päiväharjun,1
Möysäläistä,1
Pelikauppaasi,1
Paskanörtit,1
Uhriutumispaska,1
Androidympäristössä,1
Merivoimaloita,1
Kakkukahvittelujuhliin,1
Asiako,1
Peruskoulukäytössä,1
Rygseckin,1
Lihaksiensa,1
Tyttömusiikkia,1
Animeriippuvainen,1
Urheilijaviisumeja,1
Munastahan,1
Hinnallaa,1
Tietourkinnan,1
Paniikkisulkemiset,1
Suksivarastossa,1
Idioottijunteista,1
Hiilikuituratilla,1
Lapsimyönteiseksi,1
Docun,1
Ajatuspoliisitoimintaa,1
Nettiajokortteja,1
Väestöylivoimansa,1
Erityisetuoikeutetussa,1
Kasvontunnistuksineen,1
Koneoppimisineen,1
Nettiajokorttien,1
Miinustetuilla,1
Väestönvaihtolankaan,1
Alkuluvullisuus,1
Päättäjäporukan,1
Nova3,1
Pukukoodattu,1
Intentionaalisuudesta,1
Urheilukäsitys,1
Eksplikoidaan,1
Nuhtelemasi,1
Ampumavideopelien,1
Kansanlingvistiikkaan,1
Enenmmistö,1
Paremmksi,1
Kokkiopintojen,1
Keittiöpäivänä,1
Palota,1
Sekakäyttöpingist,1
Pudistelun,1
Heitettinkö,1
Kunigasta,1
Ihmetellemään,1
Fantastiljoonääriksi,1
Siirtoäänivalitavassa,1
Jakkuhousut,1
Hankaluksiaan,1
Islamic_supreme_council_of_iraq,1
Juttu36eb,1
Trampoliininurmikkoa,1
Täysikästen,1
Suhderiidassa,1
Passauttaa,1
Lataumusta,1
Flamebaittaus,1
Väkivaltavihjailu,1
Isovelivalvonnalla,1
Kaaarle,1
Valintamahdollisuuksiani,1
Aldelaisina,1
Huolellisuuskin,1
Väestönvaihdossalaliittoteorioiden,1
Suomenirakilainen,1
Nuuskaryhmistä,1
Nikkaroimisesta,1
Miesaiheista,1
Superteräksistä,1
Sähköjumalauton,1
Põlevkivissä,1
Väittelytilanteet,1
Faktaperusteet,1
Tekoitkugeneraattorinsa,1
Siemenlinkonsa,1
Koodikaan,1
Hentaikaulapartoja,1
Alipaineisia,1
Vesisärötyksessäkin,1
Kaljakupin,1
Herkemmistäkin,1
Hiilipäästöbudjetti,1
Systeemimuutoksen,1
Itseäänruokkivat,1
Lifeworth,1
Deepadaptation,1
Solvatkaa,1
Mielipidemittari,1
Innostuimme,1
Suksisauvasta,1
Sompan,1
Jäähakkujen,1
Tutkakupoliin,1
Varmituksia,1
Erikoisrajajääkärikilta,1
Hiihtomarssille,1
Engineersiltä,1
Kaasuonnettomuuksia,1
Ammattitaitoisija,1
Muottiakin,1
Animecossaajista,1
Väliinputoajilla,1
Kategorisointiyrityksiä,1
Havaitsemalleen,1
Määrittelemättömätkin,1
Kurrentin,1
Jyrihiä,1
Likaiseks,1
Rölläysbaitti,1
Eikn,1
Semiliittyen,1
Targerttiin,1
Rölläämis,1
Rationaali_seksuaali,1
Dominaatiota,1
_fz9ew5iw,1
Syntyvyytden,1
Hiihtomarsilla,1
Seminaarikeskustelu,1
Editointitoimenpiteisiin,1
Äidinnussijoiksi,1
Rauhanneuvottelijalle,1
Demarijärjestö,1
Ultrakonservatiiviutena,1
Pikkunarkki,1
Mp_roundtime,1
Teostohuutelua,1
Näu,1
Natriin,1
Kynytyslafka,1
Poikkeevansa,1
Patamustinkin,1
Mörönperseen,1
Virtuaalisankari,1
Aloitusaukeama,1
M4njr0l,1
Arvokamppailua,1
Koululakit,1
Terroristifantasioitasi,1
Rämäpäässä,1
Kalalokeille,1
Medialafkoille,1
Aospissa,1
Huippupätevistä,1
Hallituksistamme,1
Radiosoittolistahyväveliverkostojen,1
Diviininen,1
Superpiraattina,1
Kaksoiskansalaisuuskysymyksestä,1
Tunnevouhottajaksi,1
Pelisaldolla,1
Kropalles,1
Hirmutienesteihin,1
Shibab,1
Taqquisti,1
Väestönvaihtopelko,1
Afterdawnia,1
Tsunaamin,1
Koristeluna,1
Sopimuslisenssijärjestönä,1
Sopimuslisenssijärjestö,1
Teoskohtaisen,1
Sävellystään,1
Oikeuksienhallinnan,1
Yleveroja,1
Kankaanni,1
Pelimasiinalla,1
Ylioppilasjuhlaan,1
Mömmömkisoja,1
Itsekäsitystäni,1
Tuntemanieni,1
Valtavirtataviksilla,1
Kasuaalinaputteluksi,1
Päiväjuhla,1
Kurioosi,1
Digiopetuksesta,1
Tenttimisohjelma,1
Digiähky,1
Ruutuaddiktio,1
Maaliorientoituneeseen,1
Superkuivia,1
Ripulikakkoja,1
Kunnianloukkaushaastetta,1
Suunnittelurajoitteet,1
Elementtejäkin,1
Taituroinniksi,1
Huijaustyökaluja,1
Käyttöjärjestelemän,1
Kulimalleja,1
Istuinlämppäriä,1
Solurakenteet,1
Padinkäytön,1
Tehtäväalueen,1
Ajatustotalitarismia,1
Sähköautostakin,1
Ajokilometrejäkin,1
Satojs,1
Sähkömoottoreistakin,1
Gypjvqb5hhwhn4pa8,1
Ikäkiintiöitä,1
Bettmanin,1
Reddeitin,1
Äärioikeistoperseenreiät,1
Vanhustenhoitosotkussa,1
Johdoissaan,1
Soteryöstö,1
Lunttausvarmaa,1
Lunttausvarmoja,1
Lunttausvarman,1
Muokataaan,1
Uiseta,1
Kirjoitusvälineistä,1
Menestysmahdollisuutta,1
Toiminnanjohtajamme,1
Ammattiliikejärjestöiltä,1
Ainettani,1
Ongelmarypästä,1
Radikalistiperheiden,1
Sikeseen,1
Oppioita,1
Ajatteluntaitoja,1
Kallitt,1
Shitsko,1
Opetustyössäni,1
Ake0qdo,1
Tasutalla,1
Perustuluksi,1
Varmastikkan,1
Tupaantui,1
Skottimiehet,1
Remedyt,1
Oikestipopulismia,1
Trapauksen,1
Stereoids,1
Vaivaaville,1
Ammuskeluille,1
Suljutusta,1
Hedelmällysyys,1
Hommaporukkaa,1
Dokumentistahan,1
Btgki0,1
Uinbredredhats_points_out_the_far_right_bias_in_a,1
Päätehakkuiden,1
Hellvetti,1
Taaskotiin,1
Moittiii,1
Juonehtii,1
Läksiäislahjoja,1
Kirjavalinnan,1
Ehdittävät,1
Muokkaantumassa,1
Kalkkisopettajien,1
Kiintiöityä,1
Pergeleesti,1
Opiskelutarvikkeista,1
Ammattivälinepakettiin,1
Kaksoispostausta,1
Suunnittelurajoite,1
Askaruttamaan,1
Metsänhoitomenetelmä,1
Avohakkuuksiin,1
Mustikuvan,1
Yhtämielisyys,1
Hirvikoskella,1
Synnyttäneitten,1
Hedelmälmällisyys,1
Brigaadisubiin,1
Maallistuneempienkin,1
Kuollat,1
Ruotsipelin,1
Korvausasiaansa,1
Breakkien,1
Tukirahoijen,1
Sossutasolla,1
Julkaisulogiikkaa,1
Somenatiiviuden,1
Fleimiä,1
Actiontrack,1
Puhuroituivat,1
Alkukangertelujen,1
Digivihaajana,1
Julkaisulogiikassa,1
Seisontapöytiä,1
Digimaailmassakin,1
Korvaysrahat,1
Takuupalvelun,1
Enskakisassa,1
Sanastokurssilta,1
Ammattikynärinhakkaajien,1
Käsikoordinaatiossa,1
Kilpasuorituksessa,1
Mitattiinpa,1
Leukojenvedolla,1
Käsitteistämisessä,1
Lavenemaan,1
1scgy5mjzpsrjrflv0u772vq,1
Konsekseen,1
Kulutustarvettaan,1
Ae7rnd,1
Aloin_lukemaan_vanhoja_aku_ankkoja_hiukan,1
Sellaisenasi,1
Flopannu,1
Instanssis,1
Speeliä,1
Aaahahahahahaha,1
Ekskluusiokysymys,1
Ihastuneesti,1
Bannatkö,1
Suorempaankin,1
Kykelee,1
Jukeboxistaan,1
Numerojärjestelmälle,1
Länsiarabialaisia,1
Väestöpuute,1
Uniikkiongelma,1
Maailmanlaajuisestikkaan,1
Riemumielillä,1
Trinejä,1
Toivottelijat,1
Vilinällä,1
Elämäntasossa,1
Sitävittua,1
Helppokäytöisempi,1
Työpöytäkäyttöjärjestelmä,1
Sujuvempia,1
Ajanmukaisuudella,1
Aineopetukseen,1
Lapsenhankinnat,1
Työttmyystuet,1
Kysymerkkien,1
Viidestäkymmenestäkään,1
Valtaajiksi,1
Kotiinkannosta,1
Vaikeampiinkin,1
Äitiytymisen,1
Oikeassaha,1
Kierrokselleen,1
Kelkkapuistossa,1
Birthrates,1
Virolaisketjun,1
Mukautuaksemme,1
Pienostojen,1
Mainoksettomuudestahan,1
Postininjagaten,1
Englantilaisuuden,1
Cocksissa,1
Englantilaset,1
Terratoriosta,1
Ulostarkistamisesta,1
Mdollista,1
Vaalirahoittajaan,1
Vierastyöläistaustaisia,1
Nd7ztr6ik,1
Lähteelläkin,1
Riistotyöläisinä,1
Lieviinkiin,1
Liikapopulaatiota,1
Suuromistajasukujen,1
Vihkotyöskentelyä,1
Saatoilta,1
Etniseem,1
Sentralisoituneesta,1
Espoolaislahion,1
Jakomaen,1
Englantilaistaminen,1
Saatanansaatanan,1
Lääkefirmasta,1
Pääministerk,1
Postihemmo,1
Ydinvoimaintoilijoiden,1
Käärmeöljyynsä,1
Liigajätkien,1
Huippujääkiekkoa,1
Erikoistilannekuviot,1
Tähtikavalkadi,1
Verkkotehtävät,1
Terveyndehuoltoa,1
Republikaaniosavaltiossa,1
Väesönosan,1
Vasemmistopopulismikin,1
Junttisankarit,1
Yksityistämisyritys,1
Ilmaisutapoihin,1
Manipulointitaktiikoista,1
Riippuvuusuutisilla,1
Härpättimillä,1
Väestönkriisiä,1
Hiiligeneraattorista,1
Meikämanner,1
Nataareilta,1
Wbb,1
Nordics19,1
Parafraseerattu,1
Denigroida,1
_auttaisi,1
_30vuotiaat,1
Tuurestakin,1
Saarisensa,1
Valmiutesi,1
Oikeistopäättäjien,1
Oikeistotheokratia,1
Perusnarsismin,1
Työfrendei,1
Ympäristömielenosoitusten,1
Ultrakonservatiivisuus,1
Pengontaa,1
Toimivast,1
Courteney,1
_heritage,1
Finnish_heritage_disease,1
Populaatioryhmien,1
Pullonkaulapopulaatiosta,1
Boreliusta,1
Kastroidulta,1
Jääkiekkopelaajista,1
Opetravat,1
Boeliushan,1
Äärikoikeistopuolueet,1
Roadmappi,1
Opiskelijalainoihin,1
Tähtikermalla,1
Treenikämpin,1
Ydinpelaajien,1
Yhteenpelaaminen,1
A7822386,1
Taikatyökalulla,1
Murtumalle,1
Saarisuus,1
3trddd7bbcm,1
Rcykczfsyya,1
Itäläisenä,1
Äärioikeistopuheenaiheripulissasi,1
Kellovälinkin,1
Paketintuoja,1
Upsllekkään,1
Riisutettu,1
Keulineen,1
Perusfani,1
Lepäilköön,1
U0o,1
Schlris,1
Aineistokokeeksi,1
Aineistokokeet,1
Kysymystyyppeja,1
Aineistokokeessakin,1
Koetilanteessakin,1
Ykköskirjeen,1
Tavoitetoimitusaika,1
Jakokuskin,1
Gramexhilloja,1
Auxiliriääri,1
Pystymiä,1
Koviinkiin,1
Textuurien,1
Pahvipakettikin,1
Yksinpeluuksi,1
Jaktossakin,1
Fasistikuplastasi,1
Halveeraavista,1
Epätoivoisimmasta,1
Kaavakirjoja,1
Väestökorjaus,1
Väestövajaus,1
Saatavuustarkistukseen,1
Aiheuteneiden,1
3635e5d9,1
Cc75,1
Ad75,1
Dc53d2b7b7ea,1
Onko_islam_rauhanuskonto,1
Ensivaikutelmiesi,1
Mörkölän,1
Playoffsien,1
Sakupörssi,1
Kuljetelleet,1
Bedrocaniakaan,1
Löystäisivät,1
Opiaattiyliannostukset,1
Pvjr_jce2ti,1
Könttina,1
Oppimisvaikeukeudet,1
Oppikirjavalmistajille,1
Tabletkoululla,1
Shellscriptini,1
Intervaalin,1
Tuotantoarvosta,1
Työlläs,1
Roboteillansa,1
Mainosviestiin,1
Sujuvoitettu,1
Vappupäähine,1
Lobbypohjainen,1
Antimmo,1
Kuitutarjouskin,1
Miinuksenakaan,1
Tehokkuusvero,1
Kehityksenvastaisuutta,1
Peruswindowsseja,1
Kilpailuttaisikin,1
Ihmistyöläiset,1
Karsintakurssimenettely,1
Kipulääkemäärää,1
Vastaanottaakaan,1
Kaasupalloa,1
Testiammunnoista,1
Keksimishetkellä,1
Robottihuolto,1
Postoperatiivisille,1
Hikoilunkin,1
Shitskon,1
Cocksien,1
Ulkoamuistamisesta,1
Esseetehtäviin,1
Länsirooman,1
Reaalikysymyksiin,1
Alottavilta,1
Vastausmuotoiluista,1
Oikeatylppärivastaukset,1
Aineistovastauksia,1
Opiaattina,1
Nhxgtac,1
Dgdlwb9,1
Äkkipikasemmalla,1
Kärjeltähän,1
Lainvalmisteluehdotus,1
Turkulaismiehellä,1
Etulastaajakontti,1
Finncontshop,1
Etulastaajakontti02,1
Etulastaajalla,1
Setwidth1920,1
Hiacefirma,1
Loppulauselmasta,1
Koiranmuonatehdas,1
Laakasen,1
Hivakat,1
Aamujakelusta,1
Koiranluuhun,1
Laihialaissopimuksen,1
Liikevaihdonlisääjiä,1
Qkuaan8,1
Ntgkcvo,1
Alkukaudestahan,1
Dickeninkin,1
Junttimaine,1
Latinomaahanmuuttajien,1
Massavalhe,1
Rinkirukussa,1
Uskotellaankin,1
Palkitseeja,1
Kanssaruokailijoiden,1
Kikkiksen,1
Arkipäivästyivät,1
Harrastepöhinöistä,1
Tuotearvostelijoiksi,1
Eevblogi,1
Gcecr1frnb8,1
Aoohvhhhs8e,1
Arvonkonservatiivit,1
49c4376f548b,1
Loppuunapalanut,1
A0d721e6,1
9f13,1
60a4e41f182c,1
Osavaikutusta,1
Sibt7xj,1
Amthyxb,1
Jenkkipalstojen,1
Cursettu_suomi,1
Toimitusmuodon,1
Aaahhahaaa,1
Riskitekijäyhdistelmiä,1
Kokonaisriskitekijöiden,1
Riskikokonaisuutta,1
Tuurea,1
Teinitähdillä,1
Viattomimmaltakin,1
Kastraatot,1
Kännykkäappiin,1
Euroviiskyt,1
Ihmistyöläisestä,1
Sruraavalle,1
Mikrokohdistamisen,1
Isoveljellään,1
Lastentekokoneena,1
Paranoideihin,1
Huostaanottolaitoksista,1
Viheliäiselle,1
Osallistumistanikin,1
Eristysprotokollat,1
Informaatioautobahnalla,1
Liikenneturvallisuusperusteilla,1
Biologoan,1
Geneettisetä,1
Afriklalaisista,1
Itäläiaistä,1
Erikoispainoksen,1
Soittaspa,1
Liittymäsopparit,1
Mörkömania,1
Aivoresurssia,1
Kameratietoon,1
Vaiktuksella,1
Viihdekäyttöporukka,1
Peligenreistä,1
Sakotko,1
Masennuslääkkeelle,1
Propulsioon,1
Kisabiisit,1
Finaalipelinkin,1
Ompelukoneenajokortti,1
Leveilyoikeuden,1
Pelätti,1
Pärjäämättömyydeksi,1
Homokelkkaan,1
Daphna,1
Birenbaum,1
Carmeli,1
Työkelvottoman,1
Myrkyttyneisyyttä,1
Aivopesevätkö,1
Tt10384606,1
Pro_tt_pub_visitcons,1
Puolitarra,1
Tarrakortista,1
Ylikansoitetuimpia,1
Keharisti,1
Venäläistrolleista,1
Turkutiellä,1
Katepalin,1
Mantunkulman,1
Frendissä,1
Ätlät,1
Anahnav,1
Ettätyän,1
Ennarakkam,1
Tespal,1
Ääköys,1
Citizenille,1
Saaattaahan,1
L4p29,1
Todistevarastonhoitajan,1
Benissaario,1
Balmu,1
Faktapuhujan,1
Strandingissa,1
Käsittöökseni,1
Kumppaniartikkelit,1
Juuristojen,1
Aktiviteettejasi,1
Masennusraivokiimaisille,1
Joutilaissa,1
Masennusseula,1
Hääkiven,1
Mielrnkiinnolla,1
Avaruussimuja,1
Gu8x7vm3avw,1
Islaminvastaisiksi,1
Eunimikään,1
Reittimuutoksien,1
Kärsivämpää,1
Massatuhoasevalmius,1
Olten,1
Jokaisestia,1
Ekstremismiltä,1
Rotuerotteluna,1
Kuvausaikoihin,1
Kriisivastausryhmää,1
Nykysystemmin,1
Digivempaimeen,1
Suomiapteekin,1
Viihdekäyttömarkkinoista,1
Nälistäjät,1
Kekeilivät,1
Putkiremppaunelmia,1
Kahdeksansadan,1
Mauthan,1
Lähdemerk,1
Sinkkuusluvuissa,1
Iphooni,1
Selostaaksesi,1
Työpohjaiseen,1
Uudelleennäyteltyjä,1
Romanikerjäläisissä,1
Nollahiili,1
Lakkautuessa,1
Ympärysmaa,1
Hengenvoimillaan,1
Uskonripe,1
Varmintamiseksi,1
Valkosibalista,1
Rexlex,1
Kämppilseksi,1
Henkilöilleen,1
Työnhakureissu,1
Bingobangobongo,1
Pequod,1
Korkeakouluttujen,1
Oheiskustannus,1
Loppuhomma,1
Oxynormille,1
Viikkotarkastusten,1
Päällikömpi,1
Vaaveli,1
Ylioppilasarvosana,1
Laajakaistaliittymäsopimusta,1
Lisäkasvaimet,1
Teinikaljaa,1
Reeduksena,1
Reeduksen,1
Reedus,1
Hätäkeskustyöntekijät,1
Pisteytettyinä,1
Numerotaidottomat,1
Pakunne,1
Jännäsin,1
Keskiviikkopyyntöä,1
Lahetystani,1
Soittopykälää,1
Normijakelussa,1
Buj0gs,1
Yliopistoon_hakeva_kuutta_kielt,1
A4_puhuva_ellen,1
Epcvzz0,1
Hevonvittuja,1
Transendentaalisesta,1
Koneoppimismenetelmällä,1
Pyörittelyistäni,1
Taloudest,1
Tieteellinen_menetelmä,1
Opetusministeriöhän,1
Kuulemiskierroksillaan,1
Facepunch,1
1423cdb7,1
Ed15769db420,1
Vaahtolasin,1
Lasimassan,1
Olutpullomalli,1
Kertatoisensa,1
Varautumissuunnittelijoilta,1
Jordaaniassa,1
Elettävissä,1
Heikkaan,1
Päähiekassa,1
Lasituotetta,1
Limehedelmän,1
Ferromagneettisia,1
3a5cs1z,1
Buyk0a,1
K5zalka4,1
Moerkoe,1
Liikkumistapatutkimusten,1
Yksiöjonossa,1
Yksiötarjousta,1
Joustonauha,1
Spedepalloja,1
Huippuvehje,1
Vcrhw,1
L7mzy,1
Myöntämääsi,1
Pakkoylittäjistä,1
Matikkatesti,1
Lahjakkuustestinä,1
Sanavarastotesti,1
Luetunymmärtämistesti,1
Sievistämissääntöjä,1
Sytyttämisä,1
Infrastruktuurieb,1
Kurssimääristä,1
Perustamisvalmiina,1
Tanssiharrastukseen,1
Meksikolitkuihin,1
Ikäisrakenteisessa,1
14paketti,1
Postinnpakettikuljetuksessa,1
Jakelijouden,1
Pikkukotteroon,1
Somppunainen,1
Transulääkkeitä,1
Yleismittarina,1
Pääsykokein,1
Pelkurimäinen,1
Neitimäiseen,1
Voxrakin,1
Viskisiepot,1
Elokuvaohjausta,1
Tutkahommia,1
A8934451,1
Opintoasioita,1
Ilmottautumisasiassa,1
Nettialennukset,1
Yhteystietoillasi,1
Opiskelijanumerolla,1
Tarrasysteemiä,1
Aloitettuas,1
Aloittamises,1
Myyntikäppyröille,1
Palvelukuljettajana,1
Postiennakkopaketit,1
Lajittelukärryyn,1
Varmistussoittoja,1
Urakkaluontoista,1
Kazin,1
Hayter,1
Japaniversiossa,1
Motherbasen,1
Prosesssi,1
Kuvilomake,1
Tukirahastosta,1
Truers,1
Karkasko,1
Jämätöissä,1
Työnantajelleni,1
Leijonaorganisaatiota,1
Tahtomattaankiin,1
132cm,1
153cm,1
Senpituiselta,1
Migoue,1
X9qqusu,1
Palkkakertoimen,1
Raiskausraskauksien,1
Suureellisen,1
Pleikkärimätkytyksen,1
Aptituden,1
Lukionumeroiden,1
Ravintotiedekriittinen,1
Kuljetetuksi,1
Popparimallinen,1
Pseudotenori,1
Autotunelaitteesta,1
Sinätuupipätkät,1
Ostokäyttäymiseen,1
Normaalikuljetuksen,1
Läpilaskutuksella,1
Perhekalleuksia,1
Päämäräni,1
Horisonttoin,1
Tuijjottaessa,1
Porrastetuilla,1
Rohkeempaa,1
Vaatetusliikkeessä,1
Teknologistumisen,1
Tramalinkin,1
Gameplayyn,1
Capitum,1
Umpikännejä,1
Ryyppykaverilta,1
Pikkulainen,1
Nähiläuskovaiset,1
Nähilä,1
Hätäsafkaa,1
Copypastahan,1
Perkeen,1
Pikavippilaitosta,1
Syöttöteillä,1
Tiliottteessa,1
Scammaajille,1
Luottoraha,1
Perheenperustamisprosentti,1
Älykkyystestausta,1
Sananväännös,1
Ryhmäsyyllisyydestä,1
Ryhmäsyyllistäjät,1
Laannuttavat,1
Ekstravagantteja,1
Ostrakismi,1
Pyorteessa,1
Elämänhallinnallisena,1
Veroriidat,1
Tulonmuunnot,1
Tulonmuunnoista,1
Korkosiirtoja,1
Hytkytellään,1
Korkosiirroilla,1
Konhottaa,1
Soitasosiaalitoimistoon,1
Käybyt,1
Uskontohihhuleitten,1
Taustaetnisyyden,1
Paperiselkärankaa,1
Ristiinnainti,1
Narutetuksi,1
Caikuta,1
Ruokasopimusta,1
Helpatakseen,1
Suoramarkkinointilistoille,1
Vaikkasunmitä,1
Fyffendaaggelia,1
Serakuntien,1
Riistokoron,1
Käsittelymaksuineen,1
Kausalisuuden,1
Diogenesiksen,1
Laphamsquarterly,1
Miscellany,1
Featherless,1
Bipeds,1
Markkinointitietojen,1
Selvttämään,1
Äidinkielin,1
Maksimipainotus,1
Humanistivalinnoissa,1
Postisääntöjen,1
Palveluvalikoimansa,1
Pikavippitouhua,1
Monitekijäisestä,1
Hbokkfmqwwra1vm0tvx8p3d_gwvu2kz0h4ahznkzrf3oe5upd9ultxy,1
Iwar28jjy424foropoxhtxuq7aoewnshgylexlxrsor,1
Mlhgrm2such6qnq1m,1
Yliampuneisiin,1
Julkaisuharhalla,1
Antidepressiivinen,1
Analyys,1
Neuroanatomisia,1
Affisioivat,1
Jakelutoimituksesta,1
Postitoimittajaltaan,1
Hakukierroksiin,1
Cumulla,1
Aikuiskaista,1
Juopponistiä,1
Valmisteluvalta,1
Vajavuutta,1
Lubentereistakin,1
Fuksipaikkoja,1
Cumua,1
Strippisarjishommissa,1
Viranomsisrumban,1
Yhtiöomistukset,1
Muutoksellaan,1
Eläkeläisiinsä,1
Kampajalapun,1
Saajamaata,1
Pyörittamiseen,1
Vertaishoitojärjestelma,1
Jokiharjulla,1
Lammikollakin,1
Nähiläuskovainen,1
Tentaakkeleja,1
Clipeillä,1
Soca,1
Socan,1
Twichistä,1
Tyäläistä,1
Esiosaamista,1
Budjettivaihtoehtojakin,1
Hannahillta,1
Fskhv,1
Gcxjn,1
Marmotilla,1
Tietoahakeneena,1
Saankestavyyden,1
Pingoitettua,1
Teltanpaikalle,1
Friluftsilta,1
Varustelakasta,1
Mainosdvdtä,1
Viisiosaista,1
Keisterillä,1
Jix8of92aru,1
Kansn,1
Veitikö,1
Tuurehan,1
Euooppanuoreksi,1
Käkikännessä,1
Ristikkäisellä,1
Tunneliteltat,1
Pingoittuvat,1
Vesipilariarvoja,1
Pingottamisesta,1
Absidista,1
Sisätelttaan,1
Ulkoteltassa,1
Sisäteltassa,1
Käärmeliikkeitä,1
Poikkikepin,1
Teemumaista,1
Miestunnit,1
Neuroverkkokytkentää,1
Onnellisimillaan,1
Itsepuheen,1
Piiskaamatta,1
Niln,1
Covertia,1
Friluftsin,1
Passeleilta,1
Meluaitaa,1
Aspaviestiin,1
Keisterin,1
Mämmämkultahan,1
5kmx5km,1
Ajankuvallisesti,1
Chernobyltv,1
Katselukokemukselta,1
Ripsikarvat,1
Mesivarastoa,1
Pikkuhyönteisistä,1
Poliitikkokielen,1
Koejärjestelystä,1
Rojuihin,1
Keräilytuote,1
Sufis,1
Ismailis,1
Fourthly,1
Yhtyes,1
Nessia,1
Komiteakokoukset,1
Jalkapanka,1
Kuuluvuusalueelta,1
Hannkkii,1
Persuperseily,1
Juttuvinkkiin,1
Jalkapantahan,1
Valvontaboksiin,1
Aikatauluttomana,1
Pannallisten,1
Neuvostotoimintaa,1
Puolueenmiehen,1
Ulkoiluvälineissä,1
Kävelyosuuksilla,1
Rinkoilla,1
Maavaatteineen,1
Pystytysmahdollisuudet,1
Budjettitarppeja,1
Yamalta,1
Rabilta,1
Parialta,1
Perheenyhdistyslait,1
Suhmurioikopolut,1
Eduskuntavaalitentissä,1
Eläkeyhtiöthän,1
Turtääkö,1
Liitttmän,1
Huoltusohdetta,1
Yumzhwlur2131,1
Sovjetismikarikatyyrillä,1
Luwin,1
Perheidenyhdistämisestä,1
Verrauttuna,1
Joukjo,1
Alpkit,1
Terroriaaltoon,1
Medialynkkayksiin,1
Sikailijaäijiä,1
Ristiinnaulistseminen,1
Sikailijamiehistä,1
Teikkäläisten,1
Nettipropagandassahan,1
Vitsimäisin,1
Kelagoldiansa,1
Mamukommenteista,1
Pienennetäisiin,1
Kotiarestinkaltaisissa,1
Valesuvakki,1
Lapsimaiselta,1
Annosnopeutta,1
Kynädosimetrillä,1
Dosimetria,1
Katastrofirahastoihin,1
Asiapas,1
Siirtolaisperinteensä,1
St7,1
Taikaenergia,1
Vaelleltuaan,1
Rikosvalvonnassa,1
Äpärämäisenä,1
Karhuverkko,1
Elokuvarikollinen,1
Sotilasjohtamistaidoistaan,1
Ylikenraaliksi,1
Kansallisikonina,1
Avohaavalla,1
Maalailemassasi,1
Vihkotehtäviin,1
Täyskirjaopetus,1
Kolmikymppisenkin,1
Kriisitilannehan,1
Blondinaisia,1
Sylläkin,1
Ponzikusetuksen,1
Tuollaisellekaan,1
Silvonko,1
Sukulaisuuksistani,1
Puhelulogit,1
Julkkisvanhemmista,1
Valtatehtäviin,1
Kenkäeteisestä,1
Myrskysateessa,1
Miaumiau,1
Pujua,1
Piilotusvaatimuksilla,1
Nyyhkyttävien,1
Laavumaisessa,1
Telttalaadusta,1
Kokoissten,1
Säästöpotti,1
Yhtiotietoa,1
Ultranopean,1
Fd741048,1
Ff75,1
3f70,1
4d44b6c49720,1
Poliisiliittohan,1
Ihmisoikeuksiinsa,1
Asiakeskusteluahan,1
Lähdetiedoiksi,1
Lähitähti,1
Demarivihervasemmistokeskusta,1
Maastapoistokriteereitä,1
Harrastusinnon,1
Lanshan,1
Länkkärifirmalla,1
Tarppifirma,1
Videotaululle,1
Kesäteltan,1
Tapaetaan,1
Nojatuolihuutelijoita,1
Kuljetuskoneille,1
Valran,1
Urheiluritsikoita,1
Henkkamaukkapaitoja,1
Kotoutumiseenkin,1
Ennakkovarautua,1
Disinformaatiosalaliittoteorioissa,1
Kylvettävästä,1
Sgnh1,1
Glxfa,1
Örrörröö,1
Harbouriin,1
Sakasalla,1
Raketeillakin,1
Välirauhasta,1
Laajennussotaan,1
Ulkoistua,1
Kaikukammioistaan,1
Ryöstölainaa,1
Mzrx2sx,1
Adblockillakaan,1
Toteaville,1
Ympäristöpakolaisuuden,1
Pantavalvonnan,1
Pantojensa,1
Sädekehävaikutus,1
Limepaloi,1
Tyhjennettyäni,1
Heimokansataustaa,1
Rahapalautuksia,1
Victim_study,1
Toturaha,1
Romianian,1
Romani_people,1
Kritisoimistasi,1
Somaliseuran,1
Sagal,1
Somaliankieliset,1
Vankileirisi,1
Tasapainotekijä,1
Valehtelitte,1
Hähähähäähäh,1
Hähähähähhhähäähhhähähhähähähääähähääähh,1
Työturvallisuuslakeja,1
Laitosmaksuista,1
Pannanleikkaaja,1
Rahapalautus,1
Neukkusysteemi,1
Hostellimaista,1
Telttamajoitukset,1
Vartiointiinkaan,1
Vankilavangeille,1
Minimiylläpidon,1
Peruustoimentulotuen,1
Perustoimeentulotukineen,1
Välityspalvelimilla,1
Syyttääkkö,1
Kirpputoriksi,1
Antikvariaattikin,1
Rihkamaansa,1
Xn9zjrh,1
Boy5m1,1
Youtube_now_broken_with_ublock_enabled,1
Clerkille,1
Departmentille,1
Clerkin,1
Väestökirjan,1
Passianomusta,1
Transvestiittifeministirasisti,1
Luksushuvilahoukutukset,1
Perusoppimäärällä,1
Docventurekeskustelusta,1
Kesustellaan,1
Propagandavalheiksi,1
Dramatisoidusta,1
Buqjp7,1
Spoiler_alert_hbon_tšernobylminisarja_vttn,1
Epg8gzu,1
Dlk00197,1
Tsabout,1
Profeettakirjoja,1
Profeettailmiöön,1
Profetiakirjat,1
Ehrmanilta,1
Suomisomput,1
204cm,1
Lzkkf1qp9ou,1
Catchpharse,1
Kyytijutun,1
Leipojilla,1
Vahnhustenhuolto,1
Pakolaistyöntekijä,1
Vokkihostelliolosuhteitakin,1
Hotelliolosuhteet,1
Vankileirityyppisestä,1
5bbc57d94,1
Q9stbaget,1
Tilinpaatos_ja_toimintakertomus_2015,1
Orwellia¹,1
Kokonaismäärämäärä,1
¹ei,1
Yhtäläisuudet,1
Lahojituskirppiksiä,1
Avaamatontakin,1
Tuotteeseenkin,1
Audiotarvikkeet,1
Hästäkkiä,1
Elämänjatke,1
Seikkailuijoina,1
Treenivälineenä,1
P47378,1
Kaksoisovi,1
Ulkoteltasta,1
Kuukausitilauksien,1
Adblockkeriden,1
Västönlaskuksi,1
Naturehiket,1
Keveyssuhteen,1
Päivitellytkään,1
Laalaamaailmassasi,1
Nykylähteistä,1
Osoiteltaisiin,1
5c41e8a04,1
Oheislappusia,1
Nollatehoilla,1
Americansille,1
Ravinteiteiden,1
U6q,1
Qrse31y,1
Tehomaatalousteknologian,1
Nuuhkaisivat,1
Aivastivat,1
Bondpahistyyliin,1
Karikatyyriaksentilla,1
Särähtelee,1
Raasteelta,1
Lähiperheenjäsentä,1
Isäspä,1
A4merensuomalaiset,1
_kansat,1
Z1caw7g,1
Clronks,1
Irkaista,1
Rebrands,1
Lisäkasvulla,1
Fissiopommillakaan,1
Kasihuonekaasujen,1
Impulssiostojen,1
Elämänpolullani,1
Taulukossahan,1
Pannatkin,1
Säilöönotot,1
Pantavalvonnaksi,1
Tissh,1
Osakokeesta,1
Kisaturisteilun,1
Mutustamisen,1
Mainosblokkarin,1
Ulkomaalaistausteiset,1
Vaistonvaranen,1
Lapsenkasvattaminen,1
Keittiöntyöntekijät,1
Osastokäytössä,1
Päivittäishoidossa,1
Ylläpitovaihe,1
Raffimmista,1
Mao_inhibitors,1
What_drugs_interact_with__maois,1
Tjeu2,1
Maois,1
Autentisemman,1
Käsivarsiluu,1
Puuduttamaton,1
Sauraavasti,1
Neuvostotodellisuutta,1
Lähikokemukseni,1
Keskimäärisinä,1
Pantavalvottavat,1
Henri_rousseau_,1
_le_r,1
Aave_,1
The_dream_,1
Rousseau_painting,1
Disbeliefiä,1
Henkilödynamiikasta,1
Miljööllään,1
Harhaanjohtamispaskalla,1
M1pdnrk,1
Teemoitettu,1
Nrjlle,1
Välitunnareilla,1
Taksiseteliä,1
Aleksandrialaisen,1
Theodorokselle,1
Kerrontamuoto,1
Noidankehämäistä,1
Puolidokumenttina,1
Säteilymonsteriosastoa,1
Länsiamaiden,1
Perhetaustasidonnaista,1
Pakolaisperhekään,1
Verrannollisin,1
Vuosibudjetteihin,1
Varvasosalla,1
Normaalikärkinen,1
Minimalistikenkäkeskustelussa,1
Taisteluhuudosta,1
Työkkäripestit,1
Tarpetonta,1
Koulutusvalikoimaan,1
Keenfootwear,1
B00imolrvw,1
5dxlhg,1
Zero_drop_safety_shoes,1
Esportsorientoituneille,1
Kuiskutteleen,1
Mässytteleen,1
Däbbäiltiin,1
Flossattiin,1
Pariasataamiljoonaa,1
Madrassat,1
Siveyskoulut,1
Voxraakaan,1
Absidiin,1
F6054bc9,1
Bd2f,1
A1ed,1
6c123383f38a,1
Törkykirjoittaja,1
Näsäviisita,1
Nukahtamislääkeenä,1
Aliedustuksessa,1
Tuupainenkin,1
Toteemiehdokas,1
Grillikoulu,1
Verhokin,1
B3ojfk0t1xm,1
Attenboroughta,1
Olessanikaan,1
Yrityksessaan,1
Neuroleptic,1
Kouluttautuneisuuspohjaisia,1
Kestävänki,1
Tunneliteltalla,1
Kisällitoimintaa,1
Oikkase,1
Bupppn,1
Nyt_on_todella_kova_n,1
A4_on_pahinta_mit,1
Epguy15,1
Visagen,1
Sxslu2,1
Erpk,1
Maitosota,1
Lisälutkutusäänien,1
Tubemisut,1
Seksysti,1
Kuiskutelu,1
Keskustelupaikat,1
Uusnettiläiset,1
Kilpailukeinoihin,1
Nitpickinä,1
Kaurahiutaleistaan,1
Hankaluudestasi,1
Käteispula,1
Nilhisti,1
Biosfäärillä,1
Rikkahappomeressä,1
Kerrontamuodostakin,1
Ilmaisukanavia,1
Pääättömästi,1
Fallasyitä,1
Mobila,1
Kellastamia,1
Kwd6oe,1
_zofy,1
Kwd6oe_zofy,1
4152a,1
_baf5o,1
4152a_baf5o,1
Kuiskatulta,1
Päällehyökkäykseltä,1
Läheltäkuiskaamisen,1
Iiuufx2cbhu,1
Syömisvideoista,1
Talsiessaan,1
F4gl2_avfhu,1
Neking,1
Musiikintoistimet,1
Valtionfirmoina,1
Maksaessamme,1
Sijoitussalkuille,1
Vastapisto,1
Lobbarius,1
Voipotkulautoja,1
Suomaisiltakin,1
Infowarsikaan,1
Paassaavat,1
Uu05kqoer,1
Reaktoriltakin,1
Säälivitosiin,1
Koutuspohjaa,1
Oppisopimusjaksoja,1
Swissvetmarch11,1
Ilmarilsella,1
Vanguardissa,1
Ionisoitumisesta,1
Jääpiikki,1
Miamau,1
Valopatsas,1
Korporaatiomulkut,1
5ji0skcf5oa,1
Mekastakoot,1
Risukasassa,1
Tissinläpsyttelyksi,1
Koepisteellä,1
Unexpectedasmr,1
Mikrophoonit,1
Bi4b3m,1
Just_to_be_clear_kojima_productions_next_game,1
Sääntörakennelmista,1
Vrtrackin,1
Yksotyisille,1
4family,1
Pray4joonas,1
Telkkamainokset,1
Kuvottamampia,1
Lentokonehäirikköä,1
Makuuttaakaan,1
Pahoinvointireaktioita,1
Vammaisuudellaan,1
Mainosmiitingissä,1
Aalolla,1
Fivet,1
Frutteihin,1
We_are_sthlm_sexual_assaults,1
2016_media_coverage,1
B6lnin_joukkoahdistelu,1
Ravisuttaneet,1
Katukivenheittäjien,1
Vähittäiset,1
Fetissibileet,1
Kristallikruunusta,1
Hiukkapikkasen,1
Great_green_wall,1
Fetissibileissä,1
Homoklubikohun,1
Kohunaihe,1
Setämiespolitiikolle,1
Telottaako,1
Cookingtree,1
Kokkausäänet,1
Perheidenyhdistykseen,1
Teräskärjen,1
Kaunokirjoittamassa,1
Mcxvz,1
Piipausta,1
Sähköasentajaluokalle,1
Ezo_kb7xmgs,1
Grillimainoksethan,1
Huulirasvatuubin,1
Tuommonenko,1
Raatesuo,1
Vihapuhelakei,1
Lietsomist,1
Metsästyslukioon,1
Elinlajeilta,1
Kyrrrrrrpä,1
Epäoululainen,1
Pampfletti,1
Saastejalanjälki,1
Kummipa,1
Ilmastonmuutosuskossa,1
Hehkulamppujamme,1
Eriliaista,1
Ruokakirjasta,1
Ruuanhävikki,1
Ruoanhimoissaan,1
Kaukolämpösaunasta,1
Tavoiteyleisöstä,1
Raahavana,1
Luiskaotsana,1
Tietoturvasyistäkin,1
Sensaatiometsätykseksi,1
Koetavalla,1
Skrollanneena,1
Testiyleisöltä,1
Juhlaostokset,1
Roskaamisrangaistukset,1
Paikallistenki,1
Talkoistakin,1
Torssosesta,1
Hierarkisimpia,1
Neandertaaleilla,1
Xpdnx49s9he,1
Neandretaalit,1
Oleskelulupajonosta,1
Ba8f5787,1
268f,1
Eb816438c89b,1
Effaaks,1
Narsismiputki,1
Polynomiaikaisen,1
Keskustelumenetelmästä,1
Kustannustehokkuusargumenttiakaan,1
Johdonmukaistamaan,1
Aluskangas,1
Sisäteltan,1
Retkeilyliikkeessä,1
Härväät,1
Sivukulmat,1
Selkälenkistä,1
Ddhammocks,1
Tarp_tutorial,1
Samoamiseen,1
Mainoksenvittu,1
Rytistyi,1
Ryppyrubiini,1
Rahoitusjakauma,1
Lisasuoritepaatokset,1
Raipparangaistusten,1
Keskiaikameininkiä,1
Jatkokohan,1
Coloradolaisten,1
Legwork,1
Kotikentillä,1
Paikallispeliksi,1
Takuupalkintojen,1
Vuokrakulttuuri,1
Jauhelihakeitolle,1
Junast,1
Perämettälän,1
Veisteltyään,1
Peljäten,1
Irtonenä,1
Häälahjatkin,1
Libertarisminhan,1
Saadaverbinpassiivinpotentialinkieltomuoto,1
Burgeroivat,1
Vuokrakuulokkeet,1
Silmäkulmatatuoitu,1
Apteekillisen,1
Jokeripokeripox,1
Esiintymispaikkana,1
Allergiajuttu,1
Kuvauksellisempaan,1
Pensasmustikat,1
Kuiskuttelumainos,1
Turskapihvini,1
Mörköpiirakka,1
Näidenhä,1
Taidelinjoille,1
Lähiamiksen,1
Jotlain,1
Puhelmineen,1
Hireästi,1
Uhkaustörkyjä,1
Kalasapuskat,1
Mantelikalansa,1
Elämäntapanormit,1
Peräsuolestasi,1
Uravalmennuspalvelut,1
Haistasinämursupaska,1
Höpöhöpöpuljulle,1
Perustevaliokunnan,1
Avioliittokäsityksenä,1
Sukupuolentulkintaan,1
Raamatunkäännöksiä,1
Metsästystapansa,1
Nm00ehw4qns,1
Q7v0zqmnsku,1
Rappykäytävässä,1
Tuotantotilastoa,1
Iq_neisser2,1
Komiteakohtaukset,1
Dramatisointien,1
Internettimielipide,1
Kunnatko,1
Astraalienergiaa,1
Loiventajaa,1
Kielekkeeltähän,1
Harjoitusmaksuista,1
Kreationismistään,1
Pidempivartiset,1
Kavioihin,1
Kivijalkakapakat,1
Burgerinkääntäjä,1
Urheilubaariin,1
Voimattomuudestaan,1
Työllistymisluku,1
Oleskelujonosta,1
Varastomaket,1
Todellisuustunnelissa,1
Masennusohjeille,1
Syomisen,1
Louskuttamassa,1
Haistapaskacvkoulutus,1
Helvetinkoneina,1
Passiivisagressiivi,1
Duunarikollegat,1
Venezualaiset,1
Opiskelijamuuton,1
Kurssikonsultit,1
Nojatuoliltaan,1
Uravalmennuskurssit,1
Onpientareet,1
Muotiblogaaja,1
Bilelookin,1
Seinamässä,1
Bois8saynlu,1
Feminismisyyttä,1
Allerginena,1
_tulos_,1
Nettideittailuahdistukseen,1
Kännykkäsoftat,1
Pbvbohkxlisajtfptksnpnrgn0jajwel9jnr3zotv0oeoh1hcxz_0eup2dmsfpvhwjyl8snnacvdkg3e2kuxydkd4xvwgv45agrverlxvx_4smaxyh4hmnnpa63tqpa,1
Znn31d6tx7kdmm8ppfrebq,1
Työkehitykseltään,1
Työttömyskorvauksiin,1
Pianomsoitosta,1
Talkooruoka,1
Itsetekemisen,1
Osallistujalistatkin,1
Eläinsuojelupykäliä,1
Valmispohjalta,1
Maksumuuriblockeri,1
Yläastettakaan,1
Lisäsellaisille,1
Normaaliltakin,1
Kieltomuotoa,1
Merikylpylässä,1
Toimintavuotenaan,1
Grünsteinin,1
C668d781,1
B0c7,1
8f19,1
567f99a45180,1
Astraalipaskaa,1
Negatiivinenki,1
Taroeeksi,1
Silmänpyörytystä,1
Rapistelumainos,1
Cvkurssien,1
Asnkumaksuja,1
Hauistanko,1
Käsipainotankoa,1
Pikkutubaajan,1
Rustauskurssilla,1
Kurssinvetäjänä,1
Rustaamia,1
Kantolaan,1
Koneistettuihin,1
Hälvenemisen,1
Vasebookiin,1
Bergans,1
1088460_1_style,1
Masokismifetissistä,1
Ostajaehdokkaiden,1
Toinistolle,1
Pulankaikottimien,1
Koulutusista,1
Vuoropainotteista,1
Mediaanimittaus,1
Leikkiköyhyydessä,1
Tilanteellaa,1
Toivottavataa,1
Tupareissasi,1
Vodkabooliin,1
Artikkeliib,1
Roskaponttö,1
Pintajännityksestä,1
Lisäkoulutikselle,1
Tyollistamispalvelut_tiivistelma,1
Määrääoikeiston,1
Terveyskeskuspuolella,1
Vakilekurit,1
Kuvastavien,1
Mediamyllytyksiensä,1
Masentuneissa,1
Aurinkopaskaan,1
Testiyleisön,1
Ykstiyiseltä,1
Rahoitustahot,1
Kuvajakoon,1
Temppuaktivoida,1
Kiikuttaneen,1
Rybackiä,1
Läppämusiikkia,1
Tortunlevitys,1
_frutti,1
_asmrmainos,1
Tutti_frutti_asmrmainos_aiheuttaa,1
Kylpyla,1
Be016d40,1
480c,1
A536,1
C216498818c5,1
Kylpyläinvestointi,1
Rahalaitoslainoilla,1
Urbanilta,1
Joukkosijoittajien,1
Merikylpylän,1
Rahalaitoslainoista,1
Myöhemminkö,1
Tyhjennystarpeen,1
Kirjoitusripuliksi,1
Stadiumkiertue,1
Mainosrahojani,1
Yksityisjettini,1
Mediaanipistemäärä,1
Tilastomatemaattinen,1
Britishgq,1
Nahjistuu,1
Amisreformista,1
Jurongsaari,1
Pulau,1
Tekong,1
Rakuunaporkkanoita,1
Vihakirjoittelunsa,1
Määrittelymaana,1
Kalibroiduissa,1
Paineistamisesta,1
Liuotinkin,1
Bernaise,1
Pilaantuineita,1
Opinnonohjausta,1
Järvista,1
Uhkapelaamiskierteitä,1
Alueellr,1
Hissiyhtion,1
Ctwyth5kw,1
Turistitulojen,1
Nettomaahanmuuttonsa,1
Junaratojenkin,1
Kolmikannalle,1
Talousvasemmistolle,1
Törsäilypolitiikka,1
Yksityistämisastetta,1
Shibuyaan,1
Shinjukuun,1
Pääomalainaan,1
Merikylpylällä,1
Suunnitelmanmukaista,1
Kirmaava,1
Wikli,1
Tavutusvittuiluun,1
Tarhakurtturuusuja,1
Tarhakurtturuusun,1
Juusokeiton,1
Vaalialuetta,1
Hopeavadilta,1
Bearnaisekastikkeessa,1
Avausviikolla,1
Näyttötaulusta,1
Turistikojujen,1
Enimmäisvasteajat,1
Alkukuulemalta,1
Ao5ivy1qxz4,1
Y0le6i112bc,1
Rakuunaprikaatin,1
Maustemarunaprikaatia,1
Kareoke,1
Hautailu,1
Tietentahtoisuutta,1
Luonnevikoihin,1
Vittulanjänkä,1
Rakuunasta,1
Pakoaikansa,1
Huoltajuusratkaisuista,1
Kehityseroille,1
Bsqqiw,1
Aktiivimalli_singautti_yksityisten,1
Kahvitermosten,1
Feminismisyys,1
Bugnet,1
Theresebugnet,1
Henryhudson,1
Hansaruusu,1
Rugosaan,1
Tautikestävyydessä,1
Kasvutavassa,1
Juurivesojen,1
Tarhakurtturuusuistakin,1
Ruusuharrastelijana,1
Btyodg,1
A4isi_suhteellisemmin_valittu_eduskunta,1
7pssdzg5joo,1
Ulkokielisiltä,1
Pyrofilia,1
Investointivaikutuksia,1
Vahtaajille,1
Hemmetillisen,1
Prolatiivia,1
Nöyryyttämiselle,1
Konkurssimenettelyyn,1
E849,1
0ad868a79519,1
Balinski,1
Pukelsheimin,1
Emeriti,1
Pukelsheim,1
2006d,1
Pyykinpesukerta,1
Keskeyttäneetkään,1
Kuiskailusta,1
Mainosmatonen,1
Volyymitasoa,1
Liikennekameraa,1
9161004e,1
Kartongeille,1
Nöyryyttäisitkö,1
Työllistämiskurssimarkkinoilla,1
Ajankirjat,1
Tattila,1
Pelänne,1
Googlailtiinkin,1
Tiedettävät,1
Alkuehdoksi,1
Risteytyviä,1
Lähisukuilaisia,1
Mähömät,1
Kyykyttämiseni,1
Herrainenglanti,1
Työllistämiskelvoton,1
Pilkuntarkalleen,1
Sivistyssanojan,1
Huumoripuolta,1
Sosiomarxistista,1
Kulttuuriliberalistista,1
Fyysikotkaan,1
Kemiallinen_potentiaali,1
Munarikkaat,1
Turistidollareina,1
Poiskerättävissä,1
Kasvustoissa,1
Käännynnäisturkulainen,1
Poppimusiikista,1
Kuihtuvissa,1
Harhaanjohtamispropagandassa,1
Reiittäää,1
Rieskamaisen,1
Tarkastettavaksenne,1
Laskenkelin,1
Siivousrättejä,1
Kuuu,1
Yrttiosastolta,1
Vihaajistakin,1
Hailakanvihreä,1
Oatlygood,1
Monoamiiniteoriaa,1
20tuesday,1
Kannapisnarkkarit,1
Pidäkaljaani,1
Irtikaljastani,1
Goatsepläjäys,1
Ursininkadun,1
Levynnimi,1
Valmistumisajatkin,1
Raketoisikin,1
Peruakuulokkeet,1
Mietteinesi,1
Bnnierfue7e,1
Uniiikit,1
Hyvinvointikrääsä,1
Kusipäämulkkua,1
Rahakeon,1
Cfxadzp,1
