Kansikuvassahan,1
Videopelissään,1
Euroviisujakin,1
Käsityt,1
Aiheuttaavat,1
Tyynyhomma,1
Piraattikielen,1
Scrapereita,1
Kopiointikelpoisen,1
Täytevaihtoehdoksi,1
Ykköspleikkari,1
Kasuaalimpien,1
Pakollisesk,1
Kalaoppaat,1
Sähkömieskaverini,1
Jonotuskulttuurissa,1
Kehittämispotentiaalia,1
Saapumisjärjestykselle,1
Hävyttämästi,1
Valokuvaamisella,1
Instaportfolion,1
Juhissa,1
Purkiton,1
Unioninkadusta,1
Levittäytymisessä,1
Voimaepätasapainoa,1
Palkkaa¹,1
Rodeoiden,1
Äpyily,1
_2001_,1
Työtarjouksetkin,1
Itsenäisesti_,1
Elokuvalippusi,1
Alakulttuurikin,1
Alakulttuurikohderyhmälle,1
Animaattoreiden,1
Kirjakäännöksiinkin,1
Dubbaushommiin,1
Polkupyörävarkaissa,1
Solkottanu,1
Yhteiskuntajärjestyksensä,1
Horkkahyttysiä,1
Työttömyysetu,1
Työyyömyyskorvaus,1
Kvantiilia,1
Tuomiokapitulilla,1
Vegehömpötykseen,1
Omanapatuijottelijamies,1
Kuistihan,1
Etänäki,1
Elokapinamainen,1
Ilmastoangstaajien,1
Nygyaigaa,1
Däydeddiin,1
Melonid,1
Algoholilla,1
Suurimpiirtäin,1
Kustannetuilta,1
Ydinmateriaalit,1
Jackhammer,1
Minimiasian,1
Metropilialueilla,1
Oppilailu,1
Desimoi,1
Bulkkiakian,1
Jäähdyttäessään,1
Lörvöttelyä,1
Christianeen,1
Tarkentavina,1
Etuliitteinä,1
Alakulttuurikohderyhmällä,1
Massamarkkinointimekanismit,1
Veronkantajana,1
194db,1
Filhty,1
Kärrättäköön,1
Tilapäisoleskelijoille,1
Päästövähenemään,1
Standardikehitysnopeutta,1
Kumoamaaan,1
Vuonna_,1
Roihupellon_metrovarikko,1
Vasemmistoänkyrälle,1
Äärikonservatiivisena,1
Lufc,1
Epäinhimillisempään,1
Vastiikkelisuuden,1
Työllisyystoimissan,1
Työllisyystoiminäkökulmasta,1
U436mjivaac,1
Es20qtki,1
Aaaaaaaalg8,1
Kzr8nnwcjsmwpweovpar9biq5vgkr_eiwclcb,1
The_gadget_1945_2,1
Miniatyyrisoitu,1
Sivustalukijaa,1
Jumputtaakin,1
Karvanopilla,1
Raakauraani,1
Työaikoihini,1
Perseiät,1
Myllypurokin,1
Treenataa,1
Ttävän,1
Ucpdmwmc33xohlb5d0zefmbg,1
Eväitäkin,1
10mi,1
Horkasta,1
Frossassta,1
Frossa,1
Wilutauti,1
Wilutus,1
Wilutuspolte,1
Kylmätauti,1
Miasmahuuruja,1
Fza_juzgjce,1
Jumputtavat,1
Vihapuherikoksen,1
Liiketoimintamallisi,1
Pommiahan,1
Baradogs,1
Alkusoinnulle,1
Kotonaistuskeluun,1
Kankaastahan,1
Yritysneuvontaa,1
Ääninäyttelijäkaarti,1
Rahamuoto,1
Navdatat,1
Simbriefissä,1
Virtuaalihopeasta,1
Fronttis,1
Työpöytäkäyttäjien,1
Kiireideni,1
Vartiokylänä,1
Laasreita,1
Vihtarintaa,1
Ajoitukaan,1
Sirron,1
Toimituslaadun,1
Epätehokkassa,1
Kepulandiasa,1
Ulkoluodoilta,1
Hirvenfilee,1
Maanalaisiksi,1
Siirtomaksuille,1
Populisteilleen,1
Sähköissään,1
Ulkoluotolaisten,1
Ulkoluotoni,1
Optimointitapa,1
Virittämisiin,1
Lehmänkaupoillaan,1
Rahasuunta,1
Kepulandaian,1
Musiikkian,1
Moosesteippi,1
Ootkonää,1
Vaklannu,1
Kalvinistisen,1
Ruudinkuiva,1
Rupikuiva,1
Supiruotsalainen,1
Lainpykälineen,1
Substantiivinkin,1
Mainoskaverit,1
Seikkoijen,1
Paleolihatyyppeihin,1
Improvisaationsa,1
Metsäomaisuuttaan,1
Eläniän,1
Suurlähtystöä,1
Kirjoitusryhmiä,1
Persumyönteisiltä,1
Valtuustokauteen,1
Lörvöttely,1
Voittokulkuasi,1
Havula,1
Westerbackalta,1
Työmarkkinatukee,1
Kasuaalirallia,1
Telkkaritorni,1
Inhimmillisissä,1
Työkäskyn,1
Transsubstantiaation,1
Oppiriidan,1
Subwoofereiden,1
Bz5,1
Q48le,1
Lauhdevetensä,1
Selkämereen,1
Kävelykatuna,1
Kirkkotahon,1
Tomaattibisneksen,1
Nivelrakenteisena,1
Painokoneduunari,1
Kulutuspainoitteisemmaksi,1
5henkinen,1
Tupakeittiökodissa,1
Ulkohuussitilat,1
Seinäpuhelin,1
Kotiaskarteiden,1
Vaatekerrastonsa,1
Serkuiltaan,1
Lenningit,1
Perusrytky,1
Pikamuotiperusräteistä,1
Kolsvart,1
Stenhård,1
Dyblöt,1
Kokhet,1
Lisäadjektiivit,1
Uskonnolinenkaan,1
Koirapaistia,1
Kasvonliikkeet,1
Videosovellusten,1
Aivoi,1
Kilarivegaanina,1
Ylijalosta,1
Urosstipuja,1
Urosvasikkaa,1
Christian_vegetarianism,1
Vaatebisneksestä,1
Nillitksen,1
Tunteesee,1
Pelisuorite,1
Kirjoituskaverin,1
Laumaefektin,1
Valoinformaation,1
Llikekaappaus,1
Ilmastosuojelun,1
Luontoystävällisestä,1
Pigin,1
Gymnasticseja,1
Hölmöilylista,1
Horisontin_et,1
Katselupaikan,1
Näköhorisontin,1
Valoneittimillä,1
Mediaaniperheelle,1
Tulosummaa,1
Työmarkkinaolosuhteita,1
Mediaanituloeron,1
Metsiän,1
Aqstream,1
Karavaanareitten,1
Lihantuottajaksi,1
Vitsailuusi,1
Yrittäjyysopiston,1
Jumalalkoholia,1
Vanhool,1
Exquicity,1
Tuuksie,1
Jyrkkyydessä,1
Raakamateriaaleilla,1
Keskirikas,1
Historiankuvasi,1
Kausaalisuhteella,1
Chaeboleja,1
Tolastaminen,1
Floridameininkiä,1
Litiliuska,1
Pl_69_100x200mm_2021,1
Koronarajoitusmaskeja,1
Lajivälineitä,1
Ilmastonäkökanta,1
Mieltäisivätkin,1
Tiukkalinjaiset,1
Heikkokuuloisille,1
Tuokavaliolla,1
Kouvolankaltaisessa,1
Käyttökieltopäivää,1
Studiotilaa,1
Harrastelijakuvaajia,1
Hepohelposti,1
Hapohauskoja,1
Upouudissanoja,1
Käpökätevää,1
Anfaadobb1c,1
Nomaadipastoralisteja,1
Etiopiastakin,1
Pahoitun,1
Ylipainoisessa,1
Kouliakseen,1
Ruutikuiva,1
Syntymävika,1
Nykylistoilta,1
Lovexilta,1
Soitttolistastrategointia,1
Markkinabudjetit,1
Tuolloisiin,1
Rähjääjävalmentajat,1
Valmennetaviaan,1
Auktoriteettifiguurin,1
Merirosvomieliset,1
Tobleronimaan,1
Mututietona,1
Kattoparrun,1
Sytyteltäisiin,1
Näköalapaikoille,1
Linkkiverojen,1
Siirryessä,1
Uutisyrityksille,1
Alustatalousfirmoihin,1
Nogarede,1
Linkkiverohommista,1
Futisväkeä,1
Toimitsijakieltoa,1
Markkinavääristykset,1
Argumentoinsti,1
Epärealisiset,1
Jonotyypiksi,1
Koiranpaskatilanteeseen,1
Lakkomielenosoituksista,1
Näkyneissä,1
Itsejakamissa,1
Bandikset,1
Väylån,1
Pakonomaseks,1
Pelaamineb,1
Ekotekoihin,1
Avaruusboltsitkin,1
Tervamaa,1
Varhaimmista,1
Normalisioitunut,1
Dm5agih,1
Talousprofiilista,1
Talousprofiilin,1
Talousprofiili,1
Ruorijuopumuksena,1
Opooikeasti,1
Hapohauskoilta,1
Randujen,1
Havaintolomake,1
Auktoriteettihahmona,1
Homoisää,1
Seistää,1
Perseilijäluokan,1
Rinnat_paljaana_saunovat_tissiaktivistit,1
Tissiaktivisteista,1
Purjehtivaa,1
Moottoriveneilijöistä,1
Piereisivät,1
Laktatiivista,1
Starttiplussasta,1
Yrittäkyyskursseja,1
Justnytmulleheti,1
Aiheutuettu,1
Ituhipeisät,1
Leechata,1
Hehkuna,1
Ihannoitaisi,1
Kalpeampana,1
Naishallitushan,1
Loppukäyttäjäjille,1
Pierunvastaista,1
Höpöttäjää,1
Järjestöllähän,1
Pakkotamisesta,1
Kerkivertomaaksi,1
Päästötilanne,1
Uikkareissakin,1
Ihailunkin,1
Ruumiinrakenteestani,1
Muhkurasta,1
Pukimissa,1
Puuvillaluutu,1
Venemaailman,1
Pakkotoimiakin,1
Vanhentavakin,1
Huonekalujenkin,1
Eteläsavolaisen,1
New_nutin,1
Määraäikaista,1
Kivuttomastikin,1
Eikaikkimoottoriveneilijät,1
Naiveeja,1
Emfaattiset,1
Yhdysadjektiivit,1
Sikahuono,1
Totalitärisetkään,1
Jatkuvuudestaan,1
Katalokin,1
Silmänherkku,1
Aitosudenkorento,1
Epäekologisille,1
Palamiskerrat,1
Ulkonäkötrendejä,1
Ulkomaanreissailu,1
Propagandoimista,1
Pilailussa,1
Ihmiskarhusijan,1
Päästöluvuilla,1
Kalvinistisiin,1
Kirjoitusmalliin,1
Paastokehotuksia,1
Adventtipaasto,1
Paastoksi,1
U5wm5pesgge,1
Huroitella,1
Kansanmurhateesi,1
1ruma,1
Kiertoreitistä,1
Raskausfiiliksiä,1
Tyytytyväisenä,1
Pasifistipappeja,1
Terroristitoimintaa,1
Miehittämisestå,1
Profilli,1
Reportaakaa,1
Pikakuvakkeilla,1
Siirtymiskehoitusta,1
Turvavälineessä,1
Kommenttisipulin,1
Kalmohan,1
Jakaantumaton,1
Unrevealed,1
Offereth,1
Accepteth,1
Immaculate,1
Tehtävänantovaikutelmasta,1
Ld9zzzhpxc8,1
Uimapukusetti,1
Kukertava,1
Kaarituella,1
Toppauksella,1
Urheilutyylisiä,1
Selluliittireisiä,1
Neidonkorento,1
Keijukorentoja,1
Sirokeijukorento,1
Tytönkorentoja,1
Kwiki,1
Suomessa_esiintyv,1
A4t_sudenkorentolajit,1
Fudispelaajista,1
Eettisyydest,1
Vegetuotteil,1
The_egyptian,1
Ydinkirpputorilla,1
Kiehutusvesireaktoreita,1
Primaarikierron,1
Lauhdevesikierto,1
Painevesilaitos,1
Primaarikierto,1
Sekundaarikiertoon,1
Turbiineile,1
Perhetelttoja,1
Väestontiheys,1
Öljyvaltiodiktatuurien,1
Diktatuurifantasioilla,1
Desirina,1
Boskovich,1
Doghill,1
Nuotiotauolla,1
Peltohiirtä,1
Holodomorhan,1
Protogen,1
Älälälälälälä,1
Saikkukäytäntöjen,1
Saikkuperusteiden,1
Löyhentämiset,1
Takaisinsoittopyyntöihin,1
Varataas,1
Superpluspaha,1
Yeeaaaahhhhh,1
Uskonkunnalle,1
Ykäukko,1
Hedelmällisenpää,1
Selataanko,1
Rindemann,1
Azkanezin,1
Sajia,1
Nations_and_iq,1
Areenatkin,1
Paskanatsilta,1
Päijänuita,1
Ylijalostamme,1
Dollarinkuvia,1
Persupesä,1
Sohvaröhnö,1
Vaippakonttaaja,1
Dragonfixin,1
Tahallinene,1
Suurtuotannossa,1
Desuconline,1
Kulutusvauhdilla,1
Varantaa,1
Äärimoderni,1
Eläinoikeusaatteessa,1
Syväekologisempi,1
Oikeistolaistaleikkuria,1
Miljadipäinen,1
Kojooteilta,1
Jykästi,1
Vegefasistien,1
Käyttäjanimissä,1
Säästöjä_,1
Duuia,1
Minimirahalle,1
Ammattilaistilanteessa,1
Käsinkerättyä,1
Moraalipaasaus,1
Panostetaankin,1
Pariutumisbiologiasta,1
Uutisfirmoille,1
Languish,1
Kasvatusyrityksetkin,1
Sammakonjalkaisia,1
Eugeniikot,1
Silleenpoispäin,1
Gripes,1
Näkäkannan,1
Ylijalostetuilla,1
Uub2pkthlms,1
Mitaataan,1
Urhelullisin,1
Kiukuttelevassa,1
Ravinteltaan,1
Hiilihydraattiroskadieettiin,1
Loppumisajankohdaksi,1
Whcih,1
Sellainhan,1
Lahoaivojen,1
Täysjyväriisitä,1
Pysyväisasiakirjoja,1
Sopivuusarviointi,1
Ranskanbulldogeille,1
Biomassavara,1
Autofanaatikot,1
Lentokenttärunkkarit,1
Teknologiaoptimismia,1
Ajokykyyni,1
Ilmestyskirjassahan,1
Kiirehtää,1
Puggleja,1
Old_puggle,1
Mimimoida,1
Sisäaleuiden,1
Kulutustottumuksists,1
Kiilloitetun,1
Ehdoittamani,1
Rakennemuutoksille,1
Paskatalkoisiin,1
Sikäläisiänrakenteita,1
Puukutioiden,1
Viljelysmetsää,1
Muuisto,1
Pilaamisesa,1
Vakuusrahastojen,1
Ydinvomavastaiset,1
Japanissapa,1
Hiilidioksidieristystä,1
Kruttorr,1
O3b29i,1
Mannerheimintie_leirint,1
A4alue,1
H2bc6ic,1
Sarkor88,1
Taistelujettiin,1
Elready,1
Ääreellisen,1
Karjaeläimiltä,1
Ilvesedustus,1
Jalkapallojaoston,1
Valmennustehtäviin,1
Ranskanbuldoggiin,1
Hajottamine,1
Rankapuu,1
Syytöskontekstissa,1
Ssy,1
Riistomaiden,1
Esimerkkivaikuttamisen,1
Jarruttavien,1
Vcgraf38ucq,1
Ilmastoöyhöttäjillä,1
Leppälinnulle,1
Sihteerilinnut,1
Banderolleilla,1
Domestikoituneiden,1
Eläinsuojelupiireissä,1
Tuotantoeläimiltä,1
Domestikoituneilta,1
Eläinoikeusaatteen,1
Ranskanbulldogin,1
Ilmastotekojahan,1
Puurankentaminen,1
Komplikoituja,1
Imaginoitu,1
Hopefuuli,1
Intelligentimpi,1
5y1ovnpt6wi,1
Roturisteytyksen,1
Egm1znkagrxkmehh7,1
Hiilarihirmukasvissyöjäravintolisäpommi,1
Mielipidepohjaisella,1
Esimerkkiprosentteja,1
Perslihojen,1
Mtnvu4bu39e,1
Youtuuberia,1
Avolouhoksilla,1
Litiuminsa,1
Tulkkaavana,1
Ohmisoikeusrikkomukset,1
Koronatesituloksia,1
Butplugin,1
Ilmaiseville,1
Räkättirastasta,1
Pakanalippu,1
Mokkapäiksi,1
Yhdyssanakieli,1
Epäsanayhdyssanoihin,1
Speakerillä,1
Pakanasymboleilla,1
Piirrot,1
Justmydrunkenopinion,1
Ahvenentirriä,1
Leppälinnun,1
Not_before_sundown,1
Fregaatteja,1
Joukkojenperustamista,1
Lippuliike,1
Lippuliikettä,1
Kätevämpään,1
Lippuliikkeen,1
Au33qx9i,1
Hammaskartoista,1
Ammattillainen,1
Kovetelä,1
Teasdale2008,1
Kirsikanpoimintaasi,1
Ixdyuiu,1
Siveysnäkökulmasta,1
Kryptorunkkarilta,1
Lantasaapas,1
Varjottomalla,1
Hiekkaämpärillä,1
Yllijäämämuoveilla,1
Kalanruoalla,1
Biodiversiteetiltaan,1
Luonnontilaltaan,1
Metsillämme,1
Märärään,1
Utilitaristeilla,1
Eläinoikkeusliikkeen,1
Eläinoikeusliikkessä,1
Eläinoikeusliikkeessä,1
Istuttuttanut,1
Pyyntivälineiden,1
Biotooppiakvaario,1
Leväkasvuston,1
Tallustelemisen,1
Palikkapienoismallista,1
Viitai,1
Kalliosuojaan,1
Oppositiojäsen,1
Soininvaaralaiselle,1
Kirkastamisella,1
Näennäesiin,1
Singahteleen,1
Bättiksiin,1
Pohjasedimentistä,1
Nitraattikiertoon,1
Tilailtavaksi,1
Takuuhuollotkin,1
Lahonnet,1
Wvyxx,1
Kiinaslaisten,1
Lumingerieta,1
Panachella,1
Kuosillisten,1
Liivikoon,1
Kokouikkareita,1
27a,1
Rahankiristysyritykset,1
Uutistuottajille,1
Kalkkispaskoja,1
Rahavanojensa,1
Uutistuottajista,1
Kokouskutsussaan,1
Rytöporukka,1
Katumielenosoitukseen,1
Jonekselle,1
Oikeistommekin,1
Linkkieveron,1
Sähköautohekumassa,1
Retkikamut,1
Hoivat,1
Vasemmistohömppänä,1
Yläkulmaneliön,1
Puusilmäisempää,1
Suosikkimarxilaisnuoret,1
Rikkomisessaan,1
Kohtalokkaina,1
Aatteenmukaisuus,1
Valkotiloineen,1
Kosketusruudulle,1
Hiilikuormaansa,1
Urbanisoida,1
Eemmäää,1
Totuutees,1
O3d662,1
Naisten_uikkarimuoti_korostaa_pakaroita_ja_se,1
H2bc7bc,1
Mnuul,1
Baatti,1
Lepakonpoikaset,1
Lepakonpöntöille,1
Sahlbergs,1
Ihmistartuntoja,1
Someyhtiöistä,1
Kirkasväristä,1
Keskittymishäiriöiseksi,1
Rutsauskielen,1
3nglanti,1
Putkatuomioita,1
Perusteluiltasi,1
Muodostamissasi,1
Moralisoivissa,1
Elkeitään,1
Äänestysuurniltakin,1
Pitkäkatus,1
Classicciin,1
Eläinsuhde,1
Domestikoinnilla,1
Perusdieseliä,1
Ylätuutit,1
Elintapoihisi,1
Bussilakot,1
Lamaannuttavilla,1
Unlegimitetatly,1
Operoimaton,1
Uskoitit,1
Postumt,1
Teloituskentät,1
Arvokkaamiksi,1
O3c85a,1
Vihreiden_entiset_puheenjohtajat_ihmettelevät,1
Sananvapausjulistus,1
Hengittämästämme,1
Ekolynkkausta,1
Kulutusjälkeään,1
Kulustottumuksia,1
Mielensoituksiin,1
Kantaheseläiset,1
Kuppikuntalais,1
Banderollitkin,1
Lamautumiseni,1
Hnvqofqk6dy,1
Hälytysajoneuvojenkaan,1
Sitruslikööri,1
Lainattavimmista,1
Dystooppistyylinen,1
Teinikommenttiin,1
Tukholmalaismiestä,1
Ekspressen,1
Syöttirokotteilla,1
Rabiesviruksen,1
Lepakkotutkijat,1
Rabiesrokotteen,1
Leppakoperhe,1
Rähtänyt,1
Viranomaispapereissa,1
Palapelillä,1
Bussilakkojen,1
Lamautat,1
Metsäalaansa,1
Ilmastokeskustelussakaan,1
Ympäristöaatekin,1
Varsaspuistokossa,1
Pikasunnarit,1
Juonitiivistelmästä,1
Ypöyksinäinen,1
Ypönä,1
Ypöksi,1
6e6c7989,1
E2c5,1
4eda,1
8d95,1
3f46340f70d8,1
Naamapalmuttaisin,1
Hameretkeilyllä,1
Vaatetustakaan,1
Varsapuistikko,1
Hakkuuikäinen,1
Eläinpohjaiselle,1
Kalmankankea,1
Veksilogisesti,1
Jokatapuauksessa,1
Humanistisempiin,1
Rakentaneeseen,1
Eläinoikeusliiikkeeseen,1
Elvytysmiljardeista,1
Elvytysmiljardien,1
Kesyyntymään,1
Pilvenpiirtäjienkin,1
Grillipeijaiset,1
Otsaiseen,1
Änkyrälibertaariajatusmaailmaan,1
Minäite,1
Erikoislähettilästä,1
Ihmisoikeusongelmiin,1
Joukkueenjohtamisesta,1
Sannottua,1
Punakorttia,1
Nelipakara,1
Stringimallisten,1
Lihaspitoiset,1
Hekotuksellani,1
Osoittelusi,1
Päästökaappauksen,1
Virstanpylväitään,1
Kiukuttelijoina,1
Matkustuskilsa,1
920kg,1
Tammenterhoa,1
Banjoporukkaa,1
Susipimeää,1
Paskantavasta,1
Peratonta,1
Raiskausvaitetta,1
Levittaneen,1
4bazwd,1
Vaihtoasiassa,1
Näytönvaihtojen,1
Otsilko,1
Estetiikkakin,1
Anglismismi,1
Countreau,1
Kansalaistottelemuudella,1
Kasvisruoastani,1
Alanuolinappia,1
Petoeläimiäkin,1
Todistusaineisiin,1
Novemeber,1
Possupitoisia,1
Kasvipuristepötkylöitä,1
Toimittajapa,1
Demlahenkisiä,1
Iltalehtisanomissa,1
Pihvikilon,1
Homopääksi,1
Nallekarkkiargumentit,1
Nallekarkkiesimerkin,1
Moraaliperustelutkin,1
Tuntematon_kapinallinen,1
3atianasquare,1
Tientukkimista,1
Päästöindeksiin,1
_vapaana_,1
Seccin,1
Ilmakiväärikauppaan,1
Kotiinpaluuyllätyksen,1
Demokratiakäsityksellä,1
Palloventtiileillä,1
Kasvavimpia,1
Vauhdittua,1
Grand_ethiopian_renaissance_dam,1
Tigrayssa,1
Uskontoviittausta,1
Tapavihreä,1
Ninenomaisesti,1
Pressunvaaleissa,1
Asiantuntoijihin,1
Viestintäkoulutetut,1
Clipata,1
Vasemmistolapsien,1
Idioottejaan,1
Pyyhkeessähän,1
Näytosoikeudenkäynnit,1
Etiopiahan,1
Mielenosoituksrn,1
Kasviargumentti,1
Mokkapäitä,1
Maijoissaan,1
Kesäaalto,1
Valotusajoista,1
Luonnonnussijoille,1
Eliittikansaa,1
Verimaailmassa,1
Etuvasemmalta,1
Pkssssshhhhhhhhhhhh,1
Eriävässäkin,1
Rjotsalaiset,1
Säällillinen,1
Ilmastotiedottamisesta,1
Stroud,1
Frontages,1
Munisistien,1
Täyssähköautonkin,1
Binäärisestäkään,1
Transhapatukselle,1
Concretized,1
Tarjoilijallekki,1
Tajoilijan,1
Tippikysymyksen,1
Työhönosoituskirjeen,1
Kangasmyyjän,1
Mökkimetsänsä,1
Matkatodistuksia,1
Seksuaalisellakin,1
Kanssaruokailijalta,1
Torinrannalla,1
Kauppurienkadun,1
Mielenilmaisussahan,1
Ulkoilupoluista,1
Maastopyöräsi,1
Mietitmään,1
Polttoainejakelijoille,1
Polttoaineiseen,1
Juonitiivistelmässä,1
Parmpaa,1
Viinilasinkin,1
Provoomiseen,1
Syyksilukemista,1
Perustelukohtaan,1
Tosiasiaväitteeksi,1
Kunnianloukkausrikoksesta,1
Metelöitsijöille,1
Yksityiskohtilla,1
Pyynnettiin,1
Potenttiaalisilta,1
Ihokarvoistani,1
Orvaamaton,1
Cruisaileen,1
Wecabrio,1
Robert_huber_,1
Extinctionr_de,1
Tippausilmiötä,1
Vesiasiaan,1
Raiskausväitettä,1
Pseudodilemma,1
Mietintösi,1
Pseudodilemmasi,1
Metsänomistusta,1
Suihkuvarauksen,1
Puustostaan,1
Virkistysarvoon,1
Liippumatta,1
Pörräämällä,1
Väijyen,1
Bresserin,1
Peiliteleskopppi,1
Merileväfarmit,1
Ydinjätesäilytys,1
Deficitti,1
Selkänahastamme,1
Tarjoilja,1
Vesikauhu_sodanj,1
A4lkeisin,1
A4_aikoina,1
Raivotautitapaus,1
Tuontikoiriin,1
Pääsulut,1
Hanakohtaiset,1
3500_281086_2_product_plain,1
Nykytaloja,1
Jumiutumistaipumista,1
Kulutustottumuksiesi,1
Hippinainti,1
Kevätiltana,1
Yhteentuomis,1
Panemattakin,1
Henkilökemioita,1
Irtopaneskella,1
Aamumorkkiksia,1
Työpaikkayhteisöjen,1
Tykkätt,1
Ihmistartunnoista,1
Sirokeijut,1
Keihästytönkorentoa,1
Uimuriventtiili,1
Argumenttisia,1
Hookupkulttuurin,1
Hippipaneskelussa,1
Purkkiananaksista,1
Lähteysoikeudet,1
Rekkamielenosoitukseen,1
Metsäkohteiden,1
Liikennöikin,1
Yhteismetsien,1
Kasvuton,1
Winebarissa,1
Maksuttanut,1
Kopioikaas,1
Vaihtaas,1
Maksupäätelaitteiden,1
Jääpalakonekin,1
Pidättymisen,1
Virkistysaluiella,1
Yksityisestkin,1
Yhteismetsat,1
Unohtmaankaan,1
Tippiruutu,1
Pummaamiselta,1
Tippiruutuun,1
Kirjotustaitoa,1
Kehittyt,1
Tarjoijille,1
Pirstaloutuminen,1
Ylijalostetulta,1
Moraaalille,1
Luonnonsuojelupuistoja,1
Laskurivillä,1
Työsuojeluasianies,1
Sijoitukseski,1
Drinkkiohjeita,1
Kotisalon,1
Alijäämäisempään,1
Karc,1
Kemianyhtiöistä,1
Menoleikkaukseksi,1
Metsänhoitpolitiikan,1
Kestävyyskriisiin,1
Sijoituskerrostalo,1
Hyttystyyny,1
Uusiutumiskyvystään,1
Ulkoishaittahinnoittelua,1
Kuplimaton,1
Hanavesissä,1
Pagiola,1
Braat,1
Haines,1
Maltby,1
Polasky,1
Portela,1
Earthscan,1
Naeem,1
Loreau,1
Perrings,1
Talousanalyysissa,1
Salibandyharrastukseen,1
Haltijavaltakunta,1
Liikenneyhtiöllä,1
Kiertelinkin,1
Ffegowc,1
Sähköverotuki,1
00v1ptttrgu,1
Kannullisesta,1
Metästeollisuudelta,1
Syrjimistapaus,1
Poppamiehenkin,1
Aikauisuuden,1
Läpsäisyvalmiudessa,1
Epäonnistuaksesi,1
Tppi,1
Tippikippo,1
Öhöttäjiksi,1
Raamatunsäkeeseen,1
Ravintolaketjukohtaista,1
Leiriytymisestäkin,1
A7806056,1
Ympäröidäkseen,1
Arrow_,1
Israeli_missile,1
Tippauspaskaa,1
Argumenttias,1
Enneltaehkäisevän,1
Kestävyystoimenpiteiden,1
Luiskani,1
Yhtiöittäsivät,1
Teollisuuslobbariksi,1
Abfj4vwhiqw,1
Kokemikseni,1
Tipannutkaan,1
Halpuuttamisessa,1
Suintiin,1
Hyttysverkkoeste,1
Mielenosoitustukia,1
Tippaamimen,1
Tylymmät,1
Tippikassaa,1
Välittymistavan,1
Tukitalous,1
Romantisoimista,1
Kollektivisoitavan,1
Asekuljetuksiaan,1
Kankare_kimmo_tutkielma_2020,1
Farms_and_farmland_in_the_european_union_,1
Farms_in_2016,1
6ha,1
75379e1d3c02a836b0cf9eb27d6a5cf2cfc34171,1
0_60_3884_4854,1
46f501567b679d26de5ac00fa237f3ec,1
Cf61hzbhjel,1
Muunmusassa,1
Twittuilijoilta,1
Päälleajouhkauksia,1
Holocausti,1
Veroposenttia,1
Rabiesvirukseen,1
Maksupäätteessäkään,1
Prosenttipalkkoihin,1
Puistokulttuurinkasvattajien,1
Dekuyperin,1
Turistiravintola,1
Erikoispyyntöjä,1
1000zck,1
Pihvinkäntty,1
Oheislisuke,1
Jälkiruokareseptit,1
Paahtovanukkaan,1
Liekittämisessä,1
Jäätölön,1
Kukkuloidenkin,1
Ydinaseprojektistaan,1
Tuhoamisprojektilleen,1
Ajatuksenkulkukin,1
Sisällytettäisii,1
Tähtiasiakaspalvelija,1
Ehdollsita,1
Tempputyöllistämista,1
Energiavoimalaitos,1
Hengailkaa,1
Lihavatkaan,1
Laihduttuaan,1
Lihojia,1
Ensiapuosastolle,1
Baarihomma,1
Suomalaisturistilta,1
Veksillologisesta,1
Mielenosoittajaryhmä,1
Tähtikastia,1
Potkunen,1
Drinkkehin,1
Pöytäliinamaksu,1
Mobiilivehkeet,1
Teurastuseläin,1
Lastupuulevyjä,1
Tasavalalla,1
Tarjominen,1
Stidepinde,1
Yqxmeobktgu,1
V1910,1
Pirullisimpaa,1
Zkrkn7we44a,1
Mediankulutustasi,1
Kahanistisia,1
Q5x4s7v,1
Harjoittelevatkin,1
Mielenosoituspaikalla,1
Ärsytystään,1
Ikuisuusperformanssia,1
Leirityisi,1
Suojaukselta,1
Maneesissa,1
Sweepers,1
Iranwire,1
Alkoholistiystävälläsi,1
Identiteettipolitikkaan,1
Normaalikeskiarvoisissa,1
Suhteetön,1
Aluetukijärjestelmä,1
Maanviljelijöidenkö,1
Autonosien,1
Indeedin,1
Ilmaiskussaan,1
Kieltävänkin,1
Liekinvarmistimessa,1
Läskiruikku,1
Veikkaansa,1
Häxeröi,1
Harhaluulosia,1
Päihderiipuvaiselle,1
Decjan,1
337923301_how_to_tell_if_animals_can_understand_death,1
_chemical,1
_warfare,1
History_of_chemical_warfare,1
Katkollehan,1
Bikinirahasto,1
Elintarvikepulia,1
Omavaraistuotanto,1
Plöräyksestä,1
Mietintäfoorumin,1
Imemän,1
Naarashyttysten,1
Vuodalta,1
Asevastaiselle,1
Puoliammattimaista,1
Valitsijoilla,1
Korvaamattomuudelle,1
Moerkh,1
Sploosion,1
N9bpumbahgy,1
Makuupussiensa,1
Kymptdne2c4,1
Lihanleikkaajalle,1
Sisustajalle,1
Kylmälaitehuoltajalle,1
Bingokortista,1
Reaktioboksi,1
Broadin,1
Ruokailuverosta,1
Helsinkiinkö,1
Estettömyyden,1
Tuuletuspellin,1
Keskitysleirioloista,1
Turkistarhaeläinten,1
Superankeita,1
Kesyeläinten,1
Domestikaatiosopimus,1
Domestikoituneen,1
Kaltoinkohtelukin,1
Domestikoituneiksi,1
Maantilat,1
Santerivuori,1
Tientukkimisessa,1
Foruumissa,1
Ihmispirukka,1
Juoppoabsolutisti,1
Messus,1
Aiheidu,1
Keittokattilassa,1
Olulusta,1
Ryyppykierteen,1
Maralapaineregulla,1
Säätönupissa,1
Parantumiskeino,1
Absolutistisuus,1
Pörröpäällystepakoputkenpäristinavaimenperien,1
Risikkoalue,1
Hikipingommaksi,1
Esitarkkailustakaan,1
Hoitotoimiakaan,1
Paikantamatonta,1
Tehdessäkään,1
Näläänhätä,1
Trippipurkin,1
Harjoitelut,1
Lenkkarille,1
Freethebrownstar,1
Bandiksessa,1
Ammattimaisvinkki,1
Lähtökohtakaan,1
Avuatua,1
Resepetin,1
Komppaillen,1
Pöytäpalvelu,1
Mainosvideolta,1
Rässäisi,1
Helvetinmoiseja,1
Lisäminuuttia,1
Virkistysarvoilta,1
Halpateollisuuden,1
Polttoaineillakin,1
Projektivehkeitä,1
Dieselrekoista,1
Kokoutarkoitukseen,1
Ryyppykaveriden,1
Juomaseuran,1
Sossuturvapaikanhakijoille,1
_ääri_,1
Energiajärejstö,1
Turvetapauksessakin,1
Hinnahtavaa,1
Iiiiiiiiiiiiiiiiiiiiiiiiiiiiiiininän,1
Tehokkuusratkaisut,1
Perusrytkyt,1
Suklaapatukkaansa,1
Premiohintaa,1
Eliggäns,1
Mtdvue9,1
Grindereihin,1
Butchereihin,1
Runsaammaksi,1
Foodchain,1
Pikkenshiljens,1
Niingöö,1
Pakkens,1
Algeist,1
Aaiva,1
Keskusyelussa,1
Kertiksil,1
Synttärisankaril,1
Vahingonkorvaushakemuksesta,1
Laatuastiastoa,1
Ympäristökriteereiden,1
Etulyönnissä,1
Terästuottaja,1
Metsänkäyttö,1
Sellupellot,1
Metsätuloja,1
Kannusteongelman,1
Periytymisjärjestys,1
Tehokkuusongelmana,1
Talousmetsäraiskiosta,1
Keskusyhtiöt,1
Sopimusostajastaan,1
Järjestelykysymyksistä,1
Tuontiverojen,1
Partta,1
Epämukavempaan,1
Etopiasta,1
Muumivaltioista,1
Kasvihuoneilmiöksihän,1
Maksimiäärä,1
Mielihyväyhteyksiä,1
Alkohoisoituu,1
Kutisemiseen,1
Kelluskeli,1
Kyrpämäiseltä,1
Mietittiinköhän,1
Taustavoimalle,1
Raamattutulkinta,1
Muotoilemiseksi,1
Ajetaanihmisiä,1
Pikkuvolkkareissa,1
Halkeisi,1
Halkeamaisillaan,1
Psfhi6cjbji,1
Paimentolaisessa,1
Protestointiaan,1
Ilmastoaktiivisuusvastaisuudelle,1
Maallisestä,1
Kevätretkellä,1
Päästökauppadirektiivi,1
Ydinpommittaisin,1
Rskentuneet,1
Säihkyvästi,1
Hinkeillä,1
Valkokaulusfirmojen,1
Kuvastelee,1
Yllätysvieraalle,1
Perusastiastoa,1
Muovipaaleihin,1
Fansioinniksi,1
Vihkityksi,1
Kavennettavan,1
Irstailtu,1
Ongelmatilasto,1
Ilmastonmyönteistä,1
Väkivaltamyönteistä,1
Pätä,1
Loukkaantumattomuuden,1
Väärinpuhuvien,1
Medialynkkaukseen,1
Aiw,1
Hoiu,1
Näkökuömaa,1
Tiwtenkään,1
Hyveelisyyttään,1
Kokoelämän,1
Vanhoillisempana,1
Plastiikkipussin,1
Vihkipapin,1
Eläteltyäkään,1
Minileikkauksista,1
Lykkäämä,1
Kehitystyöeuro,1
Synnytyskoneen,1
Voimistuvina,1
Ambianssia,1
Tippaamisilla,1
Kastelukin,1
Räsäsläisten,1
Toteuttakoot,1
Sateenkaarilauluja,1
Sananvapaustilanteista,1
Monisatakertaistamisen,1
Ammennetulla,1
Verenhukkaa,1
Pääministerikunta,1
Pääministerikunnan,1
Jalostuksensa,1
Reaalisyy,1
Monisatakertaistaisi,1
Mediasuhdejohtaja,1
Veroleikkurin,1
Tinkimenkin,1
Sparraamisena,1
Sinänshän,1
Tienvarsiroskalla,1
Murhaamani,1
Moraalipisteissä,1
Brazalian,1
Soijastasi,1
Kuraläppien,1
Valovilkuilla,1
Piipityksillä,1
Silppuuntumista,1
Ammattilaisdronet,1
Oluttölkinkin,1
Tavissomeen,1
Ikimetsänsä,1
Häviäjäkansa,1
Ystäväpariskuntien,1
Kattolamppuihin,1
O3k1b8,1
Ancient_pagan_flag_of_finland_vai_onko,1
Reserviläistaidot,1
Konfrontoiminen,1
Kesävaatteeissa,1
Hapannaamaksi,1
Mhkikfd,1
Quitdrinking,1
Vektorigrafiikkaversioon,1
Svgur,1
Allergiapaskan,1
Suihkupullopaskalle,1
Loitollaki,1
Verkkoi,1
Taloustilanteestasi,1
Emmänkin,1
Valtionuskon,1
Megamoskeijasta,1
Qltkizq,1
Lopetetuista,1
Alumiinisuikaleiden,1
Ruokinnallisen,1
Ajoittuvilta,1
Vierasesineiltä,1
_tehnyt_,1
Lautastarjontaa,1
Sytytyspiezo,1
Säätönuppiin,1
Pietso,1
Irrottaja,1
Maastamma,1
Vitutuspohjaisen,1
8ftnxkj,1
Viherpaskaa,1
Hirvikirves,1
711mkbcm28uhttps,1
Rehunkeräyslaitetta,1
Kokeellu,1
Latexillako,1
Kuuilluusiosta,1
Kommarimeijeri,1
19_year_old_male_height_in_2019,1
Ncd_risc,1
Hienostoloissa,1
Meijeriosuuskunnan,1
Kartellikysymys,1
Välittämiselläsi,1
Trävelläämässä,1
Ovariinia,1
Theit,1
Striimereiltä,1
Apexuniversity,1
Kilpahenkisestä,1
Roudariteipillä,1
Jeesusmutterilla,1
Sairauksistakaan,1
Ihnisarvoa,1
Theologiasta,1
Syömäkilpailuja,1
Fantasialarpit,1
Gundalf,1
Nettiscämmereille,1
Tahoitus,1
Huijaustili,1
Pröplemäättisiä,1
Pariutumisrituaaleja,1
Laatuposliini,1
Astioissakin,1
Aviosiippasi,1
Laatuastiat,1
Komentonäppäin,1
Bussiboikotti,1
Sarjatuotettavista,1
Punttimake,1
Pohjoismaakerho,1
Keittiöliedessä,1
Liekinvarmistinhan,1
Kapinois,1
Betwlgz,1
Silppureissa,1
Paalaimissa,1
Metallintunnistimet,1
Kumppaniksikaan,1
Aikuislarppi,1
Ojanpohjille,1
Valokuvausalan,1
Markkinointifirmoilta,1
Semidemokratiassa,1
Ek6q1a,1
How_come_yoda_gets_this_sweet_floating_chair_and,1
Taiteeksikin,1
Sakkokiintiön,1
Huuhaaliikkeitä,1
Dagnoosi,1
Tapaukdia,1
Nauladiagnoosi,1
Nuudelikulhoja,1
2a4e75c88a78656d3a83b8fb81130ea6,1
133x190_,1
Mittanormaalina,1
Ikäiisenä,1
Pyknikkona,1
Bilebussissa,1
Emanttiseen,1
Vieraskappaleesta,1
Muovipallura,1
Vahvisteista,1
Synyisiä,1
Kristinlahkoissa,1
Vanhoillisempiakin,1
Pakkolunnasti,1
Kauppiaskortin,1
Erinoimaisuudestaan,1
Roskasukupolvet,1
Hyveellisyydestämme,1
Vittuilemalle,1
Hillujat,1
Kansalaistottelemattomuudellakin,1
Luetelluiden,1
Sinirisrti,1
Todellisuuspohjaisuudessa,1
Huomioliivikin,1
Luotiliivistä,1
Edellisemmästä,1
Putkiasennukset,1
Vartijaduunissakin,1
Pävityksen,1
Matkailualueiden,1
Maisemakerays,1
Metsämaisemien,1
Keräyskampanjan,1
Hiilineutraaliuuden,1
Majasteettisen,1
Saastuttajapummien,1
Hirmutärkeitä,1
Kärpässienioluesta,1
Gilgameshille,1
Öyhättäjiä,1
Korjaamistavoista,1
A4vyys_liikennemerkki_20170523,1
Kansoitettuihin,1
Oleskelisin,1
Luksusristeilijaa,1
Lansisatamasta,1
Kajakeissa,1
4eb20v,1
Tulppaanipellosta,1
Oikeinhoidettujen,1
Talouskierto,1
Kokonaishakkuiden,1
Menetelmäkysymys,1
Mielenosoituskeinoja,1
Takuumenestys,1
Curvehan,1
Kirveenkäyttöä,1
Karsiutumiseksi,1
Ampumasormi,1
Poliisihaalarit,1
Levivävä,1
Tärkemämpää,1
Nollahyödyllä,1
Peruslatexia,1
Erikoisrakenteet,1
Neliöjuuret,1
Yleisimmätkin,1
Kareliat,1
Ylppärilahjoiksi,1
Tällaisellaan,1
Turveyrittäjälle,1
Meditaatiolomalle,1
Belitseen,1
Vaihtoehtoislääketiedettä,1
Narinoille,1
Ruokienkuljetus,1
Riksakyydistä,1
Kesämunaa,1
Korkeahiilipäästöisiä,1
Sähkörekkojakin,1
Autonrahjuksessa,1
Peressä,1
Natsileiri,1
3f2_lhhyzqw,1
Eruoa,1
Arkaadianmäen,1
Siruksella,1
Erityisavustajaks,1
Ekokriisillä,1
Leiriympäristöön,1
Kesäleireilyn,1
Elintarvikkeisiib,1
Paljastimeen,1
Ketjukirjeistä,1
Varmistelukysymykset,1
Pääbisneksenä,1
Kemikaaliterminaalin,1
Agraarisosialism,1
Huoltovamuuden,1
Huoltovamuus,1
Pysäkkikatoksissa,1
Novikov,1
Kuluttamiemme,1
Nollapäästöisiksi,1
Prosenttipalkalle,1
Ympäristöteoin,1
Bensakäyttöisestä,1
Diktaateista,1
Goodgulf,1
Ääriprefiksillä,1
Jyrkyyteen,1
Ensisiemaisun,1
Soijafarmia,1
Metallikuutiostaan,1
Toimintaturvan,1
Lähiauleen,1
Hiitelä,1
L96a1,1
Larppailen,1
Experssion,1
Äärikorporativistisesta,1
Vastanottopalveluihin,1
Vakioaiheeseesi,1
Muutamast,1
Downvotest,1
Syrjemmäl,1
Vimosenpäälle,1
Korkeusasteilta,1
Mbappelle,1
Ittalaa,1
Ruokailutottumuksiisi,1
Hongaarse,1
Apengeluiden,1
Stelt,1
Onderzoek,1
Telegraafin,1
Benzema,1
Rasismiväitökset,1
Illallaan,1
Vierastyynynä,1
Tarjousimuri,1
Teepaitakombolla,1
Yksityisatoiluun,1
Maahanmuuttopakotukset,1
Nettiturvallisuuslehtisiä,1
Muumilasit,1
Pölisevämpää,1
Konkreettinenkaan,1
Valtamerilaivoja,1
Agraarisosialismiin,1
Teknologiapelin,1
Valitsimmekin,1
Ilmastositä,1
Ilmastotätä,1
Pituusasteille,1
Kurjistamismeno,1
Massasterilisaatiot,1
Stagnaatoitunu,1
Oppimisvuosina,1
Ilmapiirissämme,1
Klikkibaittiotsikko,1
Ympäristöraskas,1
Autioituis,1
Lyhee,1
Bensaveromiekkari,1
Veganismiakin,1
Rokottaisit,1
Markkinavuokralain,1
Toteutavat,1
Kelanneeksi,1
Kermakolle,1
Kummallisuudelle,1
Nettikirpiksiltä,1
Kerkesivätköhän,1
Muoveissaan,1
Heraldiikalla,1
Veksolologia,1
Tavarasatama,1
Pakkoraitustumiskausi,1
Dunedinista,1
Jatkuvallakaan,1
Klaarailla,1
Artkikkelin,1
Halveksuttavimpia,1
Mieluisimmilta,1
Kuulostavimpiin,1
Julkisvetoiset,1
Yövuoronkin,1
Tulitikkupato,1
Pakkotarpeen,1
Tuohivaatteissa,1
Lemmikeitähän,1
Kasvihuoneilmiöhän,1
Polymeereihin,1
Ruokakauppan,1
Kuntarakenteellinen,1
Rakennusalantuet,1
Klikkiruunebäri,1
Kakkulastaa,1
Kaavoitusjarruttelulla,1
Juonimasta,1
Houmiseen,1
Itsemurhaamaan,1
Virusärsykkeeseen,1
Leipäfirman,1
Kritsoidulle,1
Lanttinki,1
Alivuokrauspyrämidi,1
D_ufqs2z3f0,1
Lofvenin,1
Vuokrathtiöille,1
Veksillologien,1
Sentimentaalisen,1
Flag_of_the_republic_of_venice,1
Flag_of_wales_,1
Ravintolareissulla,1
Summonaamasta,1
Sananvastuuna,1
Osoitetavissa,1
Lisäänyneet,1
Lähestymissuuntaa,1
Browningeja,1
Arvoasunnossa,1
Ammattilaisranskalainen,1
Hätäilyäkö,1
Häräilystähän,1
Palmuööjypohjaiset,1
Tinderhuijauksessa,1
Jatkohuijauksiin,1
Maailaisilta,1
Treenii,1
Osaaikatyöketjuun,1
Ylisuuriakulueriä,1
Sulhan,1
Monisatakertaistamisesta,1
Pääkaupunkiseutumainen,1
Hankuttu,1
Pidp446732016,1
Vuokrasäännöstellyn,1
Markkinavuokreaa,1
Tuuletusluukkukaan,1
Sarkasmiako,1
Lisälainakuluja,1
Puoluehallituskin,1
Pk2epjamqbg,1
Hekilövetoinen,1
Embargolle,1
Julkilausumalla,1
Yksiönkopperossa,1
Livestriimistä,1
Arabivaltakuntien,1
Bonusveikkauksena,1
Tällainnen,1
Retoriikalleen,1
Tuomionsurmaaja,1
Kimppatallille,1
Ulkolämpötilojen,1
Politikenille,1
Näännyttäviä,1
Luonnehtiiko,1
Pekoninsyöjien,1
Kävelysillalle,1
Tapajuoppokin,1
Vesipulloki,1
Henkilökulttimaisessa,1
Ennakkosuosiukkiusmahdollisuudet,1
Anonmaiset,1
Huuhtelusäiliössä,1
Lasertykkiä,1
Ekstrovertimmalta,1
Pääpersu,1
Vesistöhän,1
Kansantajuiselta,1
Panetteluksihan,1
Tekokaksikko,1
Huorittelit,1
Rynnäkkötaktiikalla,1
Aktiivikenttään,1
Sulaneitakaan,1
Konkarikin,1
Kiinnostaskin,1
Herrasmiessääntöön,1
Korkonousua,1
Vääressä,1
Naiskannatuksen,1
Esiintymisillään,1
Sanomaja,1
Mielenmuokkaukseen,1
Linkillisiä,1
Lämpötilapiikit,1
Mielenosittamisesta,1
Petaaman,1
Raputanssin,1
Murskamenestystä,1
Sijoitussanaston,1
Alittajatkin,1
Lukiomaailma,1
Vuokrasääntelyllä,1
Downgradelta,1
Varjolintu,1
Kohtuukamaa,1
Nähneessä,1
Molbydenium,1
Rujoilta,1
Toteenkäydessään,1
Pölykulhoksi,1
Lagenhet,1
Kötid,1
Fruängen,1
Kynäniskamies,1
Maisterisnainenkin,1
Lemukka,1
Lemunadi,1
Rajasotia,1
Tielläpito,1
Hiilijalanjäljkesi,1
Ostopuun,1
Miksiettuomitseyhdsyvaltaincapitolinmellakkkaa,1
Milloinheitätnatsitpoispuolueestasi,1
Miksikirjoititkymmennvuottasittennäin,1
Sisälämpotilaa,1
Muistelmille,1
Toimenpiderajaa,1
Terveydensuojelua,1
Asumisturvallisuuteen,1
Vuokranalennusjuttu,1
Kesahelteet,1
Rusketutko,1
Vshvempi,1
Pandemiapaallikko,1
Kaupaungista,1
Viihtyväksi,1
Kapellimestariksi,1
Aprikin,1
120f,1
Ihotyyppimme,1
Täsvegaanimaa,1
Mielipidehuomiota,1
Nykynuoristoa,1
Täydellisena,1
Larppiryhmässä,1
Trömsössä,1
Vailuttamista,1
Ilmaistointia,1
O499z5,1
H2g782s,1
Pöihteettömyyteen,1
Yriteltäs,1
Edellyttettävän,1
Ruskettuminenkin,1
Hapannaamaista,1
Kisakaljat,1
Guvljdkvdxu,1
Ekotaloissa,1
Neukkutaloissakin,1
Kunnallisvaalimenestyshän,1
Sääntömuutosasia,1
Epäpyhiksi,1
Sana_sana_,1
Suomalaisemmat,1
Ylösnousemuskeen,1
Surumenoja,1
Lisäkatteen,1
Kuulaudess,1
Tarvehankinnallekin,1
Villikissaoletettu,1
Kotikissi,1
Villikissihän,1
Pötkötteleepi,1
Punapigmenttiä,1
Päivitetys,1
Auringonpalvomista,1
Lääkealoe,1
Kilipäiksi,1
Yksilajisen,1
Metsätaloustulojen,1
Hakkuuvalintojen,1
Kylmennettyä,1
Paimentaru,1
Onnenpotkukämppä,1
Saasteisimmat,1
Misteri,1
Henkilökemioidan,1
Tuliintakysymys,1
Sijotuskihdetta,1
Bffkt,1
Sosiaalietuusmaksuista,1
Kanssapersuistaan,1
Enemmistöliiton,1
Rannikkoille,1
Kannateltavina,1
Perienteisine,1
Hiilinielutkin,1
Hiilidioksidihan,1
Alihinnoittelut,1
Salonkikelpoistanut,1
Hörhöblokki,1
Autoritääreissä,1
Osakehankintojen,1
Kijroitsuvihreitä,1
Rehevöityyn,1
Populistijohtajana,1
Hiilidioksiditasojen,1
Pitämisekseen,1
Suojakertoimisia,1
Hajusteherkkyyden,1
Q3w98az,1
Caremissionstestingfacts,1
Pildeään,1
Skeneilijät,1
Kytännössäkin,1
Peltoaukiolla,1
Töhisten,1
Nuuskailijoille,1
Vlitte,1
Kiroiluntakia,1
Recouvrance_proue_face,1
Pakkohuutarissa,1
Natsikonsultiksi,1
Skimmaushuijauksista,1
Skimmatuksi,1
Venelaituriin,1
Isäpapparaiselta,1
Rolaattori,1
Teollistakamaa,1
Loppuromahtaa,1
Pissavideot,1
Pikkudiktatuuritestailu,1
Puhiminen,1
Si8ttajia,1
Arvopapperin,1
Sharevillet,1
Nuurdnetit,1
Lentoharrastajalle,1
Luuseriseurakunnassa,1
Konservatiivijuttua,1
Alivuokraajat,1
Viileaämpään,1
Asiakastilaan,1
Z6sd40vsxl671,1
5fkkzn,1
Why_finland_might_not_exist,1
Eduskuntaryhmällekin,1
Laavakivigrilli,1
Hohkamassa,1
Ilmastolakotkaan,1
Pelonilmaisua,1
Pikaruokaravintoloille,1
Fysiikallisesti,1
Sisustaansa,1
Elementiin,1
Sähkölaiteta,1
5142fim,1
O48ejms,1
Pikkutaajamat,1
Työpaikkaomavaraisia,1
Pikkukaupungissaan,1
Haihdutustemput,1
Mehunpuristushärpättimiä,1
Romanisointi,1
Sakeahko,1
Alkupalakeitto,1
Karsisinkin,1
Suovasta,1
Naispuheenjohtajuus,1
1ybsrjx,1
Kokkilakit,1
Pyörtyikin,1
Grillivarrasvastaava,1
Aluepoliitikan,1
Trasvestiitti,1
Perustussuomalaiset,1
70ssä,1
Jälleenvuokrausmarkkinoilla,1
Luopumiseenkaan,1
Oflne8x,1
Sumutuspullo,1
Antimamuilua,1
Legislaatiota,1
Hördör,1
Luottavin,1
Nooshi,1
Dadgostar,1
Vedenlipittäjät,1
Yleisoloa,1
Kalliioon,1
Vaeltamisessa,1
Lippaanirrotusnappia,1
Kansalaistottelmattomuudessa,1
Vuokrasäädöstelyjen,1
Löytyyikin,1
Östermalmilta,1
Vasemmistokuplassaan,1
Säätelykiimassaan,1
Fastighetbolagin,1
Asuntojonottamista,1
Käteismaksuna,1
Käteisnippu,1
Nosteamiseksi,1
Omistajaat,1
Vuokralleantajat,1
Jatkovuokraajilla,1
Punaisinkin,1
Muutenan,1
Vasemmistosialistin,1
Vuokrasoppariaan,1
Valirahaa,1
Kymppitonnen,1
Omistusasukas,1
Asumattomina,1
Kaupunkiasuntona,1
Lähtiisvät,1
Antovuokraamaan,1
Vuokrasäädöstellyillä,1
Vuokralaiskokouksen,1
Koronmaksulla,1
Vuookra,1
Korkomaksua,1
Pankkineitiolettama,1
Jååå,1
Säätelyunelmasta,1
Asuntomoarkkinat,1
Pääongelmanlähteet,1
Haluttomistakin,1
Onyxpuolue,1
Kaulanseudun,1
Tuulettimellä,1
Jahdinomistajia,1
_elinkaaren,1
_aikaiset,1
_paastot,1
Ylistystwiittejä,1
Agressivisella,1
Henkilökontaisen,1
Keltapuolueelta,1
Vuokraisännöitsijät,1
Kekkosluokkaa,1
Tuohivaatteiden,1
Viileammalta,1
Suuttuki,1
Pelinjärjestäjien,1
Pelinjärjestäjäksi,1
Muodostoumaan,1
Mieshenkilöolettamaa,1
Tulonsiirtomäärillä,1
Kasvisravintoinen,1
Possuvoima,1
Nykyjärjestelmilläkin,1
Voiteetkaan,1
Suojautumiskeinot,1
Aurinkovoiteiden,1
Dehydrokolesterolia,1
Voidekerrosta,1
Aurinkoresistenssiä,1
Suojakertoimien,1
Pulahdella,1
Ilmastointikoneesta,1
Kommentarsektion,1
Eigentum,1
Vihervasemmistoliberaalimädättäjäapokalypsintuojana,1
Verrannallisuusharha,1
Alkoivast,1
Merkityksekkäämpää,1
Tärinöiden,1
3odnnak,1
Vandaalilta,1
Alloikoidaan,1
Suolasaippualla,1
Editet,1
Kapioita,1
6y3cvv,1
Why_is_everyone_hating_the_red_cross_now,1
Dmko21w,1
Katarinan,1
Tuontiveron,1
Viherryttämään,1
Hiiliystävällisiä,1
Turbulenttisia,1
Ruokavarmuudesta,1
Ihmissivilisaatiolla,1
Asuntolainalliselta,1
Toripolliissilla,1
Sanaallakaan,1
Nykyhinnoinkin,1
Rommaako,1
Kaljottelureissun,1
Huutopaskantamiseen,1
Auringossaoleilusta,1
Purikki,1
Ambre,1
Resisto,1
Senstive,1
Advancd,1
Sfp50,1
Hypoallargenic,1
Hyökkäyskoirana,1
Isoegoisia,1
Scaramucceissa,1
Vesiravintola,1
Käännösohjelmalle,1
Söntköttää,1
Savonmurretta,1
Viinilasilliseksi,1
Löiki,1
Lisäannokselle,1
Tumpeloivat,1
Räjäytysvideo,1
Karsima,1
Uudisrakenteita,1
Kalakansa,1
Iloistani,1
Suruistani,1
Kaupunkitaistelia,1
Mcjuustoja,1
Vahingontorjuntaa,1
Rehupeltokaan,1
Neospora,1
Haaraputki,1
Pystyviemäriin,1
Työnikautta,1
Sentiiä,1
Jäjrestää,1
Scämmäilyä,1
Jahdataaki,1
Röökitrokareita,1
Tuplarattailla,1
59501f939391795cf4abf204,1
18kbpzktyy2obg1m8,1
Kanavoituisikohan,1
Huoltisäijien,1
438cabeda5577bab17fd90aaed93785c,1
Pahoinpitelijöitäkin,1
Rajoitusaluetta,1
Paluusuunnitelma,1
Anteliaisuudelle,1
Jakelumenetelmät,1
Änäkäinen,1
Halittsevat,1
Kempeleenlahtea,1
Esivanhemmistaan,1
Haploryhmäjuttusi,1
Viidennellätoista,1
Viettejänsä,1
Karsiviatekijöitä,1
Surrealistisinta,1
Scämmeistä,1
Viiniköynnöksille,1
Ullakkosi,1
Vaikutuspuheenvuorot,1
Suvaimmiston,1
Metroasemaväliä,1
Ilmailijoita,1
Kaavoitusvastuussa,1
Metsäplänteistä,1
Kaltaistia,1
Jokseenkim,1
Subjektiivininen,1
Siirtolaisasiain,1
Ikkunanpois,1
5f019edb6e5d6878ef769d66c65ae546,1
Pikkuveljeistä,1
Lämminpakkaus,1
Verituotepalvelujen,1
Täyttöpaikkoja,1
Wärrelle,1
Kehitystoimeen,1
Suurisuisen,1
Kovakärkisillä,1
Ihmisoikeustaisteluihin,1
Paniikkikuopasta,1
Kalustusten,1
Vapaaehtoisapua,1
Basenin,1
Luettelimistasi,1
Kansalaistottumuuteen,1
Perusprotestoinnilla,1
Esterinä,1
Veropapetit,1
Palkanmaksutukseen,1
Pildet,1
Tiedotteellekaan,1
Hyväksikäyttöhommaa,1
Teoiks,1
Tselleni,1
Ilonaiheiksi,1
Ryppysestä,1
Sääskenpistoa,1
Pienimastoisen,1
Lehtitietojenkin,1
Istuinlauta,1
Ruosteeksi,1
Vuokraisännänkin,1
Tupatarkistuksia,1
Luonnonlapselle,1
Sporalogian,1
Kaikkivoipankin,1
Pelinkehittäjäkään,1
Pelimaailmaansa,1
Kävellemässä,1
Huurrekerros,1
Säiliöstäkin,1
Ylhäisyydestään,1
Kyseenalaistajakin,1
Haittamaahanmuuttajan,1
Pyyhkijäiden,1
Lisävalitus,1
Kilsoistahan,1
Pakastepalleroilta,1
Roskaankin,1
Kokontumislaki,1
Liimavenehärveleillä,1
Icuw,1
_postit,1
_notes,1
Sarveisvankilaan,1
Redbubblelta,1
Yywdn5an8,1
Luettelo_suomen_korkeimmista_rakennelmista,1
Tutkinnonopiskelija,1
Valmistuvatkaan,1
Kivennäisvedenkin,1
Lähinurkilla,1
Suudeltaisi,1
Painolastitettu,1
Laastarikikkana,1
Suihkuletkulla,1
Nauhoitusaplikaatio,1
Kukaanpa,1
Ulosotettavan,1
Uqmrhtc2ito,1
Punareunaisten,1
Laskemoida,1
Rasvapullossa,1
Lemmikkielaintarvikkeet,1
Mielensotus,1
Yllätysrynnäkön,1
Amerikkamallinen,1
Paloautonsyöttöputki,1
20bar,1
Ruokakuntajärjestelmä,1
Snapper,1
Xktu6ka4diva1s5jxaylrcsse,1
Seahawks,1
Suukapuloinnista,1
Savipaskamaa,1
Mzmyeul,1
Ketjutusorja,1
Virkatyypit,1
Brändäysten,1
Hikisää,1
Voittojesi,1
Wieniläisille,1
Kuumempiakin,1
Amazon_rainforest,1
Geologic_temperature_record,1
Overall_view,1
Memeilyssä,1
Paisutellenkin,1
Kanellopoulou,1
Einarsson,1
Massikukkarosta,1
Asuntokeinoittelijat,1
Antenninpätkää,1
Sademetsäpuut,1
Kuivuusstressin,1
Ravuksi,1
Varastointipalveluna,1
Kustannustehoikkanta,1
Vakavuustasolla,1
Päästeltäs,1
Hellehelvetit,1
Täyttöpiste,1
Striimikuva,1
Persuäijämiehellä,1
Paskankuumassa,1
Viharikosluokituksen,1
Esitutkintayhteistyön,1
Kuulusteluohjeistuksen,1
Viharikoskoodia,1
Viharikosluokitusta,1
Viharikosepäilyissä,1
Vihasanalistan,1
Viharikostuomiot,1
Satasivuisessa,1
Ilmaissessa,1
Pääministerinpaikka,1
Kuukuville,1
Sammumisessa,1
Käräjöimäänkin,1
Tuhmapurkerin,1
Pihvisämpylät,1
Peruspurkeri,1
Burgerikseen,1
Pirkkaburgeriin,1
Juoppokuskihommia,1
Ratinveivaajaa,1
Kääntyesä,1
Perusniveaa,1
Laillisuuspuoli,1
Postikustien,1
Kohtusyöpää,1
Pöllyteltyä,1
Veripalvelujen,1
Hätäilykommentti,1
Turveprotestit,1
Ilmanvaihtolaitteistolla,1
Vegevaihtoehtoa,1
Pakastepaskalättyjä,1
Rasvaeinestä,1
Kalustevuokria,1
Aukiolorajotuksia,1
Pärinämopot,1
Fhlvetcsh58,1
Lähteistettyinä,1
Pakkoverosta,1
Kelatapauksilla,1
Vierastamatta,1
Paskanokat,1
Nurkatakseen,1
Naisvieraat,1
B7j4xiqcmaedyyw,1
Propagandatuuttiaan,1
Asuyhdistelmässä,1
Shutupandtakemyyen,1
Allokaatiokustannukset,1
7wf0kgtietu,1
Ylijäämävähennykseen,1
_työtä_,1
Propagandakanva,1
Perustelitkaan,1
Tyylitajuani,1
Markkinaliberalismimantraa,1
Höjt,1
Ambitionerna,1
Porinakaveria,1
Ajattajaki,1
Herppaannu,1
Minneppäi,1
Ylihinnoitetuissa,1
Tattarikuorista,1
Allekirjoitaneella,1
Jäähdylettä,1
Kuivattelupaikkana,1
Heikkenemisvauhti,1
Alupuolella,1
Pahisvaltioiksi,1
Jähit,1
Alakyläntietä,1
Hintasäädösteltyjen,1
Pikkuvasurit,1
Hintasäädellään,1
Paikallisistakin,1
Maahanmuuttajapainotteiset,1
Tuonanto,1
Erikseenm,1
Vaatepesukoneet,1
Maksusittomus,1
Lapsettomoalle,1
Rixraxbox,1
Paikallisuutisoinnin,1
Hssssssh,1
Villavarvassukat,1
Luottoyhdistelmä,1
Tupakkadiilerien,1
Kollehousut,1
Työhuonelisän,1
Oppimateriaalinsa,1
Matsiiki,1
Minkäslaise,1
Kossyvissyä,1
Pahia,1
Myrskytuulilta,1
Ylenmääräiseltä,1
Kylmäpakkauksia,1
Houruja,1
Asiaketjusta,1
Viistoist,1
Päristellessään,1
Viilennystehokin,1
Viilennyssysteemi,1
Lacertko,1
Keikahduspisteitä,1
Iwar1h7ao_eltp3g_va,1
Xi5j0__ihukuc4p6nfwk9okdjnqvd98cn2ihmoji8,1
Valurautalevy,1
Toimituslaatua,1
Yliliioitellusti,1
Suolensullojat,1
Pikkutuhmuutta,1
Kylymin,1
Sommartiden,1
Kusitilkkaa,1
Instakrammia,1
Eläinrehusoija,1
Kulutusperäistä,1
Sightseeingillä,1
Varvaskenkiä,1
Mbsuraz,1
Räveltämiseksi,1
Pienenettäisiin,1
Mielikuvituksellisena,1
Kylmäkallekikat,1
Paatte,1
Kuumennatte,1
Mielenosoitusken,1
Desktopeilla,1
Tavjaan,1
Ehompuakoo,1
Xhec0lq,1
Kalsarei,1
Valkyrian,1
Laventelilullassaan,1
Kasvissyöjänaisia,1
Pallolaajennuksessa,1
Stenttiproteesi,1
Ernegiaturpeen,1
Energiturpeen,1
Näppäröitynyt,1
Möläyttelijlitä,1
Allsvenskanissa,1
Herlinen,1
Persraosta,1
Aikatauluarvioillasi,1
Valmiiksitavutettua,1
Vierasblogi,1
Työhaastattelutilanteeseen,1
Susihuonon,1
Pilviservereiden,1
Vanhemmatnmaksavat,1
Ery,1
Viuhahtajasta,1
Kansisivulta,1
Punaveljet,1
Viuhahtajaa,1
Porsaanmulkkujahan,1
Steamaamiseen,1
S_c,1
Ubista,1
Protectionismin,1
Yksityistömisen,1
Niiim,1
Ympärivuotist,1
Maastamuuttoverosta,1
Saunanmittari,1
Saippuamainosten,1
Taneli_heikka,1
Jäävesipulloa,1
Uintikaan,1
Helvatua,1
Naapurimännyn,1
Rihmaakaan,1
Sorsmimisen,1
Hoitakseen,1
Lapsenraiskauslahkoja,1
Koliikkiparkua,1
Ganapatia,1
Nuuskamuikkustakaan,1
3pts,1
Lohkost,1
Stögisratkaisut,1
Sortopolitiikkaan,1
Tyydytettäviä,1
Avosydänleikkauus,1
Punapropagandakoneeseen,1
Puolivaliriihen,1
Mausteisemmista,1
Epämiellyttäväähän,1
Kiinteistökannan,1
Miehenntiellä,1
Optimisää,1
Toipumas,1
Surket,1
Puolustuspelaamisesta,1
Hradeckysta,1
Keskinenttä,1
Käyttänossä,1
Budjettiriiheissä,1
Oppimisoikeus,1
Energiatuotantonossa,1
Venloissa,1
Pakintoja,1
Vokille,1
Roihuttaa,1
Grillimakkarakin,1
Tustaista,1
Sisältötyypistä,1
Etanolipitoisia,1
Lasiesineestä,1
Vesistöihinkin,1
Upottautuen,1
Poikkassu,1
Rakkudeksi,1
Ihailenko,1
Kolaako,1
Hellekuolemia,1
Salamatulvat,1
Suojärjestelmien,1
Ekosysteemivauriot,1
Romhdukset,1
Suurvaltadiktatuureja,1
Sulatusuuneihinsa,1
Muuttumistarpeen,1
Rollille,1
Kuljetuslaatikoista,1
Jakelupäivystys,1
Etäjakso,1
Rayvge6nuvqetep38,1
Psyykenongelmia,1
Satenkaaritarralla,1
Kiihkouskovaiselle,1
Yhteisjahdissa,1
Enrgiaturpeella,1
Kiihkousko,1
Menoinesi,1
Sotkustani,1
Minimirima,1
Arvokisakentillä,1
Jatkoonpääsy,1
Korporaatioaatelisto,1
Faktionalismista,1
Mielenterveyspandemiassa,1
Slacktivismialoite,1
Oikeistosetämiehet,1
Konservatiivimiehelle,1
Asunnonlainanlyhennykseltä,1
Leviathanista,1
Talouskoneistosta,1
Ilonpilaajaan,1
Puistokelit,1
Länpöliiketoiminnalle,1
Turvekiistat,1
Energiaturpeessa,1
Varastoimattomista,1
Goljattii,1
Pellenään,1
Hars,1
Rasismivinkunoiden,1
Läskitukosta,1
Magneettikuvantamisvehkeet,1
Voittoinsentiivi,1
Itsensäruoskimisella,1
Lällättelyviesti,1
Puolikuntoisuus,1
Asiakaspalvelutyylillä,1
Ilmastouutista,1
Humanistibyrokraattien,1
Ajojahtaat,1
Roiskumisella,1
Mustasarvikuonon,1
Keskuteluohjelmia,1
Makkarafirmalta,1
Eemelikään,1
Viranomaiskielen,1
Sävellysnuottien,1
Tiesostoa,1
Policymakersin,1
Secretz,1
Virkamieskomitea,1
Tlläiseen,1
Vuojenvaihteesa,1
Ouksin,1
Sairaalatyömaalla,1
Holovilla,1
Kaitteita,1
Ijoihin,1
Tulolaulu,1
Jauhamaksi,1
Kellastuneemmalla,1
Kangasprintillä,1
Tiivistearvoa,1
Browsed,1
Gorillasodankäyntikopiopasta,1
Itäblockista,1
Humautettakoon,1
Työhaluttomasti,1
Työhaluisesti,1
Fcnqqlujhb8,1
Asuntotuellinen,1
Opintoviisumiin,1
Opintoviisumisi,1
Ylihenkilöksi,1
Saaristohan,1
Muurahaiskarhuistaan,1
Peduskuntavaalikannatuksella,1
Ohjelmaformaattina,1
Dadjokelta,1
Tarpeellsita,1
Ryhmiytyvät,1
A74260,1
Vuokrahuoneistoon,1
Veailla,1
Syventava,1
Lämpöoloihin,1
Maskuliinitermit,1
Feminiinitermeiksi,1
Rekryilmoituksiaan,1
Raksoillekin,1
Setämiespohjaista,1
Kapulapötköllä,1
Kylmäpatruunaa,1
Työsopimuksettomassa,1
Järjestääkää,1
Hevossalmen,1
Loskapaskasyksy,1
Loskapaskakevät,1
Pitsonen,1
Ratarajoista,1
Ratarajat,1
Kumppaniehdokkailta,1
Palkkaamiseenkin,1
Oletuspohjalla,1
Ihamillo,1
Jääpullojen,1
Tallityöläiset,1
Viikkokatto,1
Tallillakaan,1
Lämpötilatyppejä,1
Lämpötilakategorioista,1
Säätypeistä,1
Pistäydytään,1
Loppulöylyille,1
Saunatapoihin,1
Itikanhoukuttimen,1
Lakitarkkailijat,1
Neutraaleimmalta,1
Hylätynkin,1
Poliisikottikärryt,1
Lapsellisesksi,1
Vaalirekalla,1
Lisänäkökulmana,1
Naishakijoitakin,1
Ottavammin,1
Sakkohin,1
Tehtäväkuori,1
Käräjäkiville,1
Vainovalkeet,1
Uhrilähteet,1
Infulenssapiikin,1
Tulkitsivatkin,1
Hypokraattisia,1
Hypokraattinen,1
Alivaltaa,1
Turunihminen,1
Blmllä,1
Ristipiston,1
Likelyksi,1
Saasteits,1
Rasismipropagandaa,1
Sarjatuotettavilla,1
Lämmitysmuodoille,1
Rahoitusjärjestelmäksi,1
Uudelleenjulkaisemaan,1
Ristipistosta,1
Demonstroivissa,1
Smartphoneista,1
Äänitykki,1
Terroristilainsäädännön,1
Kansallisvaltioaatteet,1
Kommunistiprofessori,1
Eternal_solitude,1
Suomileijonakorussa,1
Fabrikoidaan,1
Outragekulttuurin,1
Martyyripisteinä,1
Fanilaumat,1
Migreenioireet,1
Sarveisvankila,1
Kiljutarpeita,1
Painaisemalla,1
Tallijuttuja,1
Hevosyrittäjien,1
Imuilmaan,1
Jäteautoista,1
Kottarin,1
Komnenttini,1
Kumiluodella,1
Iedostettiin,1
Debordin,1
Spektaakkelin_yhteiskunta,1
Koodaustyyli,1
Datalajeja,1
Itikkahoukuttimien,1
Houkuttimella,1
Kampanijoisi,1
Nönnönnönnönnöö,1
Peräaukkoonne,1
Syrjintätermi,1
Porsaanmulkerot,1
Lienneekkö,1
Ropakantoo,1
Näätetä,1
Mainosspotteja,1
Ryppäitå,1
Huilitupa,1
Autokulma,1
Epäkolajuomiin,1
Lumikenkäreissun,1
Paskaklikkipelotteluotsikot,1
Tietomurtotietokantoihin,1
Haippiduuni,1
Ilmpjargonista,1
Kansalaistottelavaisuudesta,1
Sarhasta,1
Kokoontaitettavina,1
Parlamenteissä,1
Epäorgaaniselta,1
Haippiduunia,1
Sallittaiisin,1
Poskikaari,1
Opintoviisumille,1
Termeihinkin,1
Gformeilla,1
Vastausintoa,1
Luvaut,1
Mielenosotusten,1
Fantasioimaa,1
Ukkokaa,1
Selevän,1
Suamatta,1
Pastettujen,1
Ulkomaalaisetot,1
Yhteskuntatieteitä,1
Olympialaisist,1
Cupist,1
Junnukisat,1
Hispaniassa,1
Vihafaktakarsii,1
Hintaregulaation,1
Lahjustentarjoajien,1
Hispania,1
Lahjusehdotukset,1
Saaristovaltioiden,1
Pankkitileillemme,1
Turrena,1
Kestustelupalstat,1
Työolosi,1
Kansalaisoikeusaktivismissa,1
Opintoviisumin,1
Opintoviisumihakemuksen,1
Otaliemen,1
Soluhuoneisiin,1
Videotarkastuksiin,1
Paitsiolinjan,1
Ratsastustallit,1
Harrastetallit,1
Fabrikoinnilla,1
Liikennelainsäädäntöä,1
Lähiöikseen,1
Chinatowneille,1
Hiirtään,1
Toteutumisaikatauluun,1
Turvetuiden,1
Trukkisysteemi,1
Pyörälava,1
Kopituksessa,1
Minäpäpoika,1
Kerrokaa,1
Ländänny,1
Kännykamerakuvan,1
Tekstarichatista,1
Ottomaanivaltakunnaksi,1
Feudaaliyhteiskunniksi,1
Jaostensa,1
Ulkokarmiin,1
Foliotemppu,1
Viilennysvaikutusta,1
Raamitetulla,1
N9u8q1,1
Ilmastointilaitelanka_mik,1
A4_on_paras,1
Hegznz,1
Kerrostalon_ikkunoiden_tiivist,1
A4minen_ilmastointi,1
Itsensäkopioimiseen,1
Monisoluisethan,1
Ratifiointiprosessista,1
Printtimateriaaleja,1
Lisäkeinon,1
Plogging,1
Puoliväkisinhän,1
Istumamiekkarit,1
Greensboron,1
Vammaismielenosoitusten,1
35553607001_2119693548001_vs,1
51030951e4b0eedfab755662,1
Mormoonisaarnaaja,1
Omistusohjata,1
Pilkkoutuneet,1
Kokoomusjannu,1
Merkkihupparia,1
Turpeentuotannolle,1
Ämpärikikkaa,1
Totellaanisodaddyvaltiota,1
Tuotantoystävällisempiin,1
Inferaalista,1
Viisumias,1
Lakiongelmas,1
Linjaato,1
Demonauhasta,1
Soimistaan,1
Northvoltilla,1
Automyyntitöissä,1
B00a221bta,1
Cm_sw_r_cp_awdb_imm_1hcanash32mfjvts4g11,1
Lattiarajasta,1
Helteelläki,1
Kusijoihin,1
Brrrbrrrr,1
Frsh,1
Drnk,1
Fshn,1
Muotiruokaketjut,1
Poikeuksellisissa,1
Tohtorikolutettava,1
Hyttystenkin,1
Persunnaama,1
Peukutustahan,1
Vasemmistomaissa,1
Demotiedoston,1
Palkkaustrategiat,1
Miesoletettuhakijoiden,1
Nuolitatte,1
Taapiot,1
Kehittämmää,1
Ilimotuksessa,1
Kummempoo,1
Ossoes,1
Sananvalinnalta,1
Vihreänrauhan,1
Telkeäviä,1
Ijäähdytysjärjestelmä,1
Torsojen,1
Paitsioviiva,1
Ilmastopositiiviset,1
Äänestämistottumuksiin,1
Laksta,1
Proteeinipirtelöä,1
Tappolohko,1
Kuvnauhalta,1
Ykismielinen,1
Kourallisesata,1
Kahlinneita,1
Myötätuntoisuutta,1
Hajoitustaktiikkaa,1
Evryhän,1
Jakelisitte,1
Julistaisitte,1
Lämpögeelipakkauksen,1
Maailandominanssihan,1
Siedettävämmässä,1
Monenkoon,1
Verilinjaan,1
Nilkutukselta,1
Toppareita,1
Kiekkoesimerkki,1
Pohjanapalo,1
Kuiskauksesi,1
Pyrimään,1
Limppareissön,1
Määyn,1
Täysdominanssia,1
Stressatuneita,1
Kananpojaksi,1
Huomionhakumenetelmiä,1
Aktivistijen,1
Mainosohjelmat,1
Nootipurkeria,1
Ilmastointilaitteeni,1
Kasvisyöjänaiset,1
Putkatukihenkilöt,1
Aarrekatta,1
Viile,1
Kuntourheilee,1
Perintäkuluilta,1
Ihmiskiintiöhin,1
Hsvfjgkdjfj,1
Lämpöhalvausten,1
Pervitiinitabletilla,1
Mikea,1
Shirleya,1
Extintction,1
Rebillion,1
Hakkuukaan,1
Halonhakkuille,1
Hellätunteisuus,1
Englerien,1
Asennettaisiinkin,1
Elokapinaporukan,1
Ii9df7m,1
Hippipaskat,1
Erikoismakusooda,1
Maailmannurkassa,1
Teknologiapainoitteinen,1
Turismivetoinen,1
Etnisiinkin,1
Poisvientitilanteesta,1
Poliisikottikärryjen,1
Antigravitaatiosäteellä,1
Grodzisk,1
Mazowieckin,1
Toivoisti,1
Pärjäsipä,1
Käsittettävä,1
Hallituspainetta,1
Materiaalitekniikkoja,1
Päästöystävällisemmiksi,1
Raahattavat,1
Nimelää,1
Lähtölaskennasta,1
Ilmastointilaitteellani,1
Matukiima,1
Heilutettais,1
Skensarioita,1
Henkilökohtaisuuksena,1
Covariants,1
Deltaryppäistä,1
Laskuvauhtia,1
50rh,1
Pilipalialoitteita,1
Uhrilampaista,1
Prinsessakantotyylillä,1
Perustölkki,1
Erityislaatuisista,1
Sotkuautojonon,1
Magneettikuvantamisesta,1
Kamerateknologiassa,1
Röntgenkameroihin,1
Litografiaprosessin,1
Magneettikuvantamisessa,1
Kuluttujapuolen,1
Röntgenkuvantaminen,1
Röntgenlaitteistoon,1
Sotarikosmuseoon,1
Yhtäkaikkea,1
Hoksanneen,1
Kunikaallisia,1
Normituulettimella,1
Muutoksenhaluisuudesta,1
Limskastasta,1
Meea,1
Epärealiselta,1
Ilmanputsain,1
Siitelypölyaikoina,1
Limpsaista,1
Hypokratia,1
Alivalta,1
Resepti_l,1
Postirekkojen,1
Kansalaisjounalistin,1
Häiriörä,1
Syömälakkoprotestin,1
Änkyrävittujen,1
Grillitapahtuma,1
Paastokokemuksistani,1
Marginaalisuutensa,1
Kivihiilikasaan,1
Eroytymiseen,1
Totuuksin,1
Saatammepa,1
Sivustaseisojat,1
Kannettuista,1
Vaniljamunkin,1
Pullittaa,1
Majopitsa,1
Ilmastohätilan,1
Lämmitysmoodi,1
Imeväsi,1
Lisäimua,1
Alipaineisuus,1
Huoneistokohtanen,1
Yhteiskanavajärjestelmä,1
Lisäilma,1
Hengessäsi,1
Vaalialueella,1
Haistattavia,1
Intinsä,1
Aikoia,1
Someristiretki,1
Materiaalsita,1
Hikoiluttaakin,1
Roturadikaaliuen,1
Oleilevalla,1
Miljardipaketilla,1
Limuahan,1
Vastarintanen,1
Henkilösuoritukseen,1
Rajanylittäjiäkin,1
Rajanylittäjäksi,1
Kasvokuvarekisterin,1
Kaapinutta,1
Magneettilipareet,1
Rohkenisinko,1
Emmentalihan,1
Ärsaunalaisten,1
Stressatessaan,1
Saunarutiineja,1
Poliisipumppukärryä,1
Asfalttiihottumilta,1
Propagandakuvan,1
Sebastianilta,1
Sormenjalkeni,1
Lytistin,1
Mekastuksissa,1
Merilehmästä,1
Oikeushommien,1
Sotkemine,1
S2214629619309119,1
Faktioille,1
Huoltoliiketoiminnan,1
Kauppataseisiin,1
Kaliimmpia,1
Distinction_without_a_difference,1
Reunapersoonaa,1
Awooo,1
Pikkurillikin,1
Hiomapaperihommissa,1
Lihvetti,1
Yleellisyyskulutuksesta,1
Rikollisuuspuuhissani,1
Vegaaniravintolan,1
Körttiasuissa,1
Pieksäntä,1
Kiljutonkka,1
Ötöille,1
Hälytyspainike,1
Mediatemppuilu,1
Hyttysharsopaketteja,1
Tarralenkkarista,1
Limpsalooratti,1
Amatöörikomediaa,1
Uz24,1
Uz24_1,1
700_700,1
Säätötapana,1
Hajoittimessa,1
Touhaaminen,1
Deltaepäilyille,1
Kahteeni,1
Rikosmestasta,1
Rekistetreissä,1
Hormiäijän,1
Lisätuulettimen,1
Kilpailuviranomaisiin,1
Hörisetkö,1
Vastatintaan,1
Puolusteltvia,1
Hakkaamaaninen,1
Puolustettaviksi,1
Harhauttajan,1
Halventaakseni,1
Edelläkävijöitäkin,1
Ridausta,1
Krw,1
Krw6j0,1
B78561511z,1
120091021182224000gerkbhb9,1
Pyörärosmot,1
Uraanikentillä,1
Toimilupavero,1
Chokolate,1
Ljjh4eqcayk,1
Szrrjksnkug,1
Motorboys,1
Liikutettavalle,1
Hampuriini,1
Nathuatl,1
Chichimeca_war,1
Kiidätettäisiin,1
Suotaisasta,1
Arvovalinnoilleen,1
O5qlbhf6ib8,1
Ccnkksrfls,1
Sijqzs2sbho,1
Sanapäätteitä,1
Oleskeluoikeudeton,1
Maassaoleskeluoikeudeton,1
Hätätilakriisitoimina,1
Lottokratiakokeilu,1
Edustuselimen,1
Suosittamia,1
Ilmastohätätilakansanedustuslaitos,1
Asxbgn,1
A4in_pit,1
A4nyt_k,1
A4_poliisille,1
Maaseutuelinkeinot,1
Sistuspuolen,1
108x10,1
Teippiliuskoilla,1
Lemonad,1
Keskipohjanmaaksi,1
Eparehellisyyden,1
Lakkauttamispäätöksessä,1
Pystyttävien,1
Kokoontumisvapauksista,1
Pyykkaamassa,1
Dutchie,1
Räkälämaat,1
Väärinvihellykset,1
Huhkin,1
Lähdeviitteeni,1
Mitokondioiden,1
Riskinottotaipumuksella,1
Proäide,1
Pingoitus,1
Kalsareilteni,1
Tatsil,1
Limpsaahan,1
Joq4ee,1
B6s_henkil,1
B6kortin_hakijalta_otetaan_jatkossa,1
Gb9n998,1
Kurujoanna,1
Propagandanvastaista,1
Pilpparia,1
Sweatshoppeihin,1
Syväjournalistisen,1
Talletaa,1
Pienlehden,1
Putosti,1
Ajaa_,1
Piisaavat,1
Kestohyödykkeeseen,1
Superilmastolaatikoihin,1
Energiajuomasi,1
Telttakamina,1
Superviagrana,1
Itikkaverkosta,1
Irtisanomiskampanjaa,1
Läheistenpäivässä,1
Sotkumunkkeja,1
Syntymassa,1
Ymparistopuolue,1
Pahvikupposissa,1
Brennersolan,1
L9as8ik,1
Czd1xly,1
Taitotieto,1
Ryöstöparonit,1
Karhuvuorelaiselta,1
Työpailkaa,1
Helvettoä,1
Jengo,1
Synonyymeilta,1
Kasvontunnistinta,1
Nopanheitonkin,1
Tohtoritutkinnoista,1
Wrcrlumgkma,1
Biotuotehdasta,1
Massamunkkeja,1
Munkitta,1
Äänienkalastelun,1
Malliratkaisujen,1
Perusduunarihommissa,1
Harrasyeena,1
Päreitäni,1
Kiinnostamattomaankin,1
Vastaavampaan,1
Hyppäämiseltä,1
Taalä,1
Pärussuomalaisiä,1
Liikenteesa,1
Järkipuolta,1
Massasokerimössö,1
Gibralttarille,1
Haalarinatsien,1
Valhettelemaan,1
Mobiilipuhelin,1
History_of_mobile_phones,1
Digital_computers,1
Lasileikkurilla,1
Fasilitoiminen,1
Marjojanne,1
Pomppulinnakonsulttitalot,1
Pilvitietokantaa,1
Ylläpitokonsultointia,1
Crtf,1
Powerpontin,1
Lomakausille,1
Austerismipolitiikan,1
Prestiisipuolue,1
Girlsgonewired,1
Raksahommajuttuja,1
Sormenjälkirekisterillä,1
Aivovaurioisen,1
Trotskylta,1
Proletarian_internationalism,1
Biimeriä,1
Kanavistoon,1
Juomakoneita,1
Metsämajoitusviikoilla,1
Paikallisorganisaatioista,1
Toopemaista,1
Kotiratsian,1
Istutuslaatikon,1
Metalliverkon,1
Rastasverkkokin,1
Seksiasennot,1
Nappaammassa,1
Kolmoskvartaalilla,1
Extrohertit,1
Kepeisiin,1
Ulkomaanmatkastasi,1
Ääriterveyspolitiikkaan,1
Sisimmältämme,1
Suurruhtinaskausi,1
Ettisiä,1
1983_beirut_barracks_bombings,1
Toimivapauksia,1
Velkaantumine,1
Diileijä,1
Räntäkuuro,1
Tpaitakin,1
Metsätyössä,1
Videotallennekin,1
Oikeudenmukaisuuskin,1
Yksityiskuljetus,1
Kourimisestakin,1
Vähemmistöyden,1
Softakehitystyöni,1
Yksityisomistajuudella,1
Haalittavaa,1
Työpöytätarpeisiin,1
Sankaralla,1
Kagamestakin,1
Coronavacia,1
Tutkimuslehden,1
Mistreating,1
Tehosteina,1
Vihervasemmistomarxismikommunismi,1
Päihdepsykoottisten,1
Joukkoaansa,1
Hippirumpua,1
Rokotepaikalla,1
Nneutraalimpaan,1
Hippip,1
Kompleksiä,1
Mannerteen,1
Damagementille,1
Fartsdumpen,1
Graalilla,1
Konsulttimaailman,1
Näperämisestä,1
Automoisit,1
Noustettaan,1
Lisäleyvstä,1
Työnantajainliittot,1
Närkiintyneen,1
Kagamesta,1
Etnisyyspainotteisuus,1
Pikemmimmin,1
Suihkudinosaurustako,1
Nv1k1w,1
Rutisenkin,1
Näpyttelyprosessin,1
Tietokonejutuista,1
Meikästähän,1
Työmäärävaatimukseen,1
Itkupotkuraivaririidat,1
Uusimmil,1
Vehkeil,1
Päädevillä,1
Keskivertoautoilijaa,1
Nykykämppää,1
Sovellusfirmoja,1
Ostolaskulla,1
Integraatiohimmelikokonaisuus,1
Kohdistetumpiin,1
Käpälöiny,1
Vahinkosormejäljen,1
Sormenjälkeäkin,1
Eriarvoistamiskysymykset,1
Oppimispalveluidenkaan,1
Teamssii,1
Elokapinahippipelle,1
Valtiojärjestelmänä,1
Maksasolun,1
Uljasmielisenä,1
Säilytäkään,1
Tietokoneistetuissa,1
Enkkumeemiin,1
Vaggilainen,1
Ikiliikkujilta,1
Härmälässäkin,1
Mirandoja,1
Astiselle,1
Oligarkaalista,1
Näkyin,1
Aiheetomalla,1
Kosketuspinnalta,1
Tunturipaikkakunnilla,1
Mielenosoittajaryhmään,1
Javadevaajan,1
Tsättirobotti,1
Moottoriharrastajana,1
Rahanriistäjistä,1
Tsättikin,1
Rupattelurobotti,1
Kongreettisista,1
Tahvoilta,1
Pikkupirujen,1
Varhaiskasvatushommiin,1
Matkahommat,1
Vikakoodinlukijoiden,1
Ohjelmointilaitteiden,1
Korjausinformaatio,1
Tulliinkaan,1
Leirillinen,1
Aluetukiakaan,1
Sopimivimman,1
Lähmeältä,1
Pieraseisin,1
Tavanomausta,1
Palkkaneuvoyteljissa,1
Arkikielisyyksiä,1
Viestinässään,1
Pelatusmatka,1
Fanejahan,1
Ryhmänohjauksesta,1
Harrastushommista,1
Virvoitusjuomasta,1
Miekkakyydistä,1
Miekkakyytiä,1
Unelmauran,1
Tuoreekseltaan,1
Tuotebisnes,1
Talousprofeettojen,1
Kiertokulkuunkin,1
Öljyjenkin,1
Vapaakenttään,1
Känniapinan,1
Sekku,1
Bensakannulla,1
Puhelinluetteloläppäriin,1
Vaivattomimmalta,1
Nimeltämainitsemattomilta,1
Sunnuntailisist,1
Räävittyjä,1
Keinoiho,1
Lasertulostimelle,1
Piirtoheitinkalvolle,1
Suihkutettin,1
Silikonisprayta,1
Nobecutan,1
Suihkelaastaria,1
Sormenjäljenlukijoissa,1
Jengiintyneet,1
Toimisinkin,1
Ohjelmistomiljonääri,1
Rivipalkattu,1
Ohjelmistotuesta,1
Laskentapalvelimista,1
Konsultointikäytiä,1
Karanteenivaatimusta,1
Huippumalliin,1
Vesisiat,1
Naapurinmummon,1
Perhetilasi,1
Rastasverkot,1
Tietskariharrasteet,1
Putkassaistujia,1
Nettioikeistolla,1
Trollilot,1
Sovellusarkkitehtina,1
Sovellusarkkitehdin,1
Blandekseksi,1
Realiabiliteetti,1
Divergentti,1
Administrointi,1
Sanamurhiin,1
Gryndatut,1
Katsantoonsa,1
Liiserin,1
Sulatkin,1
Maahamuuttokritiikin,1
Nchdf1ehhgc,1
Ohjelmistokehittämistä,1
Unelmakouluuni,1
Pääsykirjoja,1
Peruspoliisit,1
Putkakyydistä,1
Punkkapenkin,1
Ilmastovaikuttamiselle,1
Kannatusjoukot,1
Kortistosa,1
Opetusklinikat,1
Nykimis,1
Lukkoyksikön,1
Kainuulaisittain,1
Piliponaatti,1
Pollkemalla,1
Kivellään,1
Ilmastonmutoksesta,1
Nettimyyntihuijauksiin,1
Sexguide,1
Asiakasvaatimukset,1
Merenalasia,1
Asialllisesti,1
Vesiliukumäet,1
Potkupallia,1
Tiimihaastattelua,1
Tekohengittänut,1
Kotitilasi,1
Ulkomaisema,1
Hakukoulutuksetkin,1
Valituslistasta,1
Roskankeräys,1
Puuistutusilmiön,1
Äärikriittisyydelle,1
Postimyyntiluettelosta,1
Itsellein,1
Alumiiniolkapäät,1
Säärissään,1
Qrih56jcmcm,1
Vooivoi,1
Vähemmistöprosentti,1
Ilmasuotimet,1
Syylärinnesteet,1
Torquella,1
Hyökimisreaktio,1
Ilmastohuuhailua,1
Ilmastoaktivistikapinallisten,1
Näpräilyn,1
Yksityisensuojaa,1
Viihtymäänkin,1
Ammattianikin,1
Joelindqv,1
Taikurityty,1
Solukämppäasujan,1
Lumensiirtolaitteistoon,1
Talvivaatetukseen,1
Kolkytasteinen,1
Antielokapina,1
Scientistia,1
Ksllion,1
Ruumiknrakenteella,1
Limukkaaa,1
Limuuni,1
Tässälaskee,1
Luokkaa9,1
Vaativuusryhmiin,1
Vaativuusryhmä,1
Ammattitaitolisään,1
Neuvottelutaitoinen,1
Tukalampana,1
Pienrikollinen,1
Tyhmänkuuloista,1
Heimokollektivismin,1
Keulakuvatkin,1
Ykköspuheenaihetta,1
Yololinkkiä,1
Foliokikka,1
Pimentava,1
Aukinaiselle,1
Karpasverkko,1
Hyttysverkkokehikko,1
Vesikertymistä,1
Sankyverho,1
250x1250cm,1
Negaativisten,1
Ilmastointikriisi,1
Lentsikkamatka,1
Duing,1
Goodari,1
Verorikoksen,1
Retkipulloon,1
Putkiasentajaa,1
Kadunsulut,1
Vuotisuhkasta,1
Nollaehdotuksia,1
Asiakasläheisiäkin,1
Juniorihommia,1
Abrupt_climate_change,1
Circl,1
Energiakierto,1
Aeresoleja,1
Kuittavaan,1
H2pnz93,1
Mansikkaat,1
Sähköpiikkilankaa,1
Murhanlietsoja,1
Mielenoistus,1
Velttokohtausta,1
Myötävaloon,1
Myyntiäijän,1
Venezuelamaiseessa,1
Kantohetkellä,1
Asennetaanki,1
Avioerolaput,1
Painautuessaan,1
Autoimmuuniin,1
Hemolyyttiseen,1
Generalistimmaksi,1
Projektipäälliköinti,1
Scrummasterina,1
Akklimatisoituminen,1
Vuorauduin,1
Toppavaatteisiin,1
Navemasi,1
O5pgmx,1
Helvetin_itala,1
Vaaliradiokanavaa,1
Venäjäkaupan,1
Bilderbergiin,1
Potilaslaumaa,1
Lempisalaliiton,1
Toimenpiteellisiin,1
Kirjallisuusanalyysiä,1
Vakiomääräisesti,1
Ulujas,1
Rivikököttäjillekkään,1
Juoruilukulttuuriin,1
Ensimmäisnen,1
Biometrisien,1
Kuvarekistereitä,1
Ensikonsultaatio,1
Jälkinäyte,1
Kolminkertaistumiseen,1
Opintopäiväkirjaa,1
Turvajeppejä,1
Tölläykset,1
Haltsua,1
Keksintöpuolta,1
Sisarkomponentteja,1
Kehitysluokan,1
Puolijohdepuolella,1
X7zpllt,1
Taloudelissia,1
Ecofasismin,1
Kurssikokonaisuudella,1
Tietoteoreettisia,1
Tietohallintohommia,1
Nationalismipopulismiin,1
Pakkotestattaviksi,1
Aurinkotuulteen,1
Ristiriitatilannetta,1
Jatkajakin,1
Prosessikuvauksen,1
Konffitiedostossa,1
Automaattisedan,1
Kowloo,1
Riittyänyt,1
Säätettäis,1
Kotihoitoja,1
Maailmanlopunjulistuksia,1
Kutsumattomilla,1
Kuorruttaen,1
Peruspuitteissa,1
Suomenlippusotilaspoliisi,1
Blogikirjoittelun,1
Hillitsemiseksikään,1
Giljotiinifantasiaa,1
Ajantasaistamaan,1
Viehtymyksellä,1
Speacia,1
Kaaroihin,1
Eksottista,1
Asennuskyvyttömänä,1
Paineletkuineen,1
Korjausohjekirjat,1
Osaluettelot,1
Jatkunevassa,1
Pyöriäispopulaation,1
Femezuf,1
Sairaskassakorvaus,1
Köynkö,1
Huomehtivat,1
Logistiikastaan,1
Suoristuskykyään,1
Spermaasi,1
Paineettomampi,1
Redditiissä,1
Katoamisalue,1
Puoluekokonaisuuden,1
Pitkäkatua,1
Mv5bzmflymjhzwitmwyyzs00njzjltlhyzgtodkzy2u3ztq3zgmzxkeyxkfqcgdeqxvymty5nzc4mdy,1
Myymiöt,1
Kaksoispaistikkaat,1
Joukkoistuimet,1
Kommunikoimallan,1
Siittiötkään,1
_toivola,1
Jani_toivola,1
Etujen_v,1
Kärkihenkilön,1
Pikkurako,1
Perhelähtöisiä,1
Luopumiseenkin,1
Bäkkärihommiin,1
Longwave,1
Äkillisemmän,1
Ennakkotiedotuksesta,1
Zoomattaessa,1
Maasäiliön,1
Sydänyöllä,1
Vinguttin,1
Workkerit,1
Alanvaihdosyritys,1
Agenalla,1
Tietynniminen,1
Putkaoloista,1
Tontuila,1
Frontia,1
Suoraatoimintaa,1
Kokeemaan,1
Mlkta,1
Maksimituotolla,1
Vakaapäistä,1
Sopivanoloisen,1
Paperipille,1
Elektoralistinen,1
Kuvaustuokiota,1
Spf5n,1
Oysy,1
Tehtan,1
Jätevedetkin,1
Bqzd86u,1
Paritoimintaa,1
Näytelomakkeen,1
Labraluukulle,1
Allasvertausta,1
Moniajattelee,1
Liukkariakin,1
Toimenpidettäni,1
Aikaansaattamiseen,1
Äärioppositiota,1
Oikeasuuntaisten,1
Stonewallia,1
Spermisidiä,1
Parodioitaan,1
Saasteidensa,1
Ruuhkatilanteeseen,1
Infektiokauden,1
Ukkosmyräkkään,1
Jenkkikoneen,1
Vastatuulesta,1
Monitajoisesti,1
Finlandialta,1
Merän,1
Aivotoiminnassasi,1
Layersien,1
Webbiversiota,1
Osaajayrityksessä,1
Naisosuutta,1
Renkaanpaineet,1
Reaktoritutkimuksen,1
Täyssähköistyksessä,1
Acillatem,1
Steppup,1
Retsamia,1
Savetheworld,1
Ironine,1
Transceiverien,1
Pseudogeografista,1
Lohdutusvaikutuksen,1
Yltiösuomentamista,1
Tulisijakiveä,1
Tunneargumenttia,1
Villevv,1
Kannatusselkärankaa,1
Näperteltystä,1
Nojatuolikuoroon,1
Junttiporukan,1
Vihreäkuularium,1
Vihreimmältä,1
Hinnataan,1
Nykyisellääm,1
Unileluun,1
Huoltokuvion,1
Huoltomahdollisuutta,1
Ykköslehtenä,1
Manskutelttailua,1
Hotellimummot,1
Päiväkotilaisperheistä,1
Hankintakilpailutuksia,1
Haltuunotettuna,1
Mentaaliakrobatiana,1
Pelonlietsonna,1
Foxconissa,1
Hotellivertauksen,1
Matemaatisille,1
Perhemyönteisyystrendi,1
Julkisuudenkaan,1
Höykkäämällä,1
Argumentoitivirheiden,1
Äärihommaa,1
Jjjjahas,1
Sulkemissyystä,1
Substanssiosallistumisen,1
Vuodattajaksi,1
Raportoivasi,1
Kaunespalveluita,1
Läpivetokin,1
Voitaidi,1
Hiekoitushiekkalaatikosta,1
Intersektionaaalisuus,1
Schindleriltä,1
Neomarxistiset,1
Markkinointiväreihin,1
Kohdemarkkinaansa,1
Autonvalmistajillakin,1
Mallitarjonnat,1
Taustoitatko,1
Alarmistisempiä,1
Tuomionpäiväskenaario,1
Luontokannan,1
Kantelumentellyä,1
Licenä,1
20immunity,1
Gjnvwayydvw,1
740c8d18,1
Bb69,1
B9fe,1
E1a59e2dddab,1
Testauspisteisiin,1
Arkailtiin,1
Vaaralliseksihan,1
Sporttrackerin,1
Kummelisitaattia,1
Deltatyyppisen,1
Selkääntaputtelujengissä,1
Ikäsyrjivien,1
Lämmituskuluissa,1
Pakkot,1
Julkkisuutisissa,1
Nationalaccounts,1
Uksectoraccounts,1
Economicreview,1
October2019,1
Thedecouplingofeconomicgrowthfromcarbonemissionsukevidence,1
Joukkotuhokin,1
Ilmastosdenialimi,1
Konstelaatioita,1
Personifioivat,1
Etablismenttiä,1
Talousmielisimpiä,1
Kyykkäilemässä,1
Labravastaus,1
Yläkertä,1
Elinympäristöissään,1
Väestoä,1
Vehreyttämiseksi,1
Kangaspuntan,1
Yrityskuvassa,1
Turbobuustaus,1
Pessimistiäkin,1
Verkkosivuillako,1
Auringonlämpöä,1
Whataboitismit,1
Juksupuijaamaan,1
Jököttäviä,1
Ampumiskommenttijuttua,1
Sairaalakeikalta,1
Liehuttavilla,1
Elinolosuhteissamme,1
Vesiköyhyydessä,1
Tilastomallinnuksessa,1
Aqecahi208be49ooan9kkhw_ercy7dm3zl_9cf3qfkac485ysgaaanwwggj4bgkqhkig9w0bbwagggjpmiiczqibadccal4gcsqgsib3dqehataebglghkgbzqmeas4weqqmwfturrryoyyjugzsageqgiicl5wlcebpsaesmwqamjd7k6el25jjbj,1
Vxsi0x,1
V4oajsaz_3sm5u3wkob3ftoyih9hgqo2rm3ozt,1
2tizknokcsu2stphnmyesryklehuxvon6qoyp76voteva7kreipn_zv2ijl0yx6wwdku9ava0cub,1
9krm,1
Gnkcup3lpsymtaky8rvgdhqih2qcidkdlfdqmppzhvnanzs,1
0jam,1
Uq0zo_kl6f1fxgno_kzldgzqcjya9lqqxizmru6evdbjjvsfxajq1apoj4lmbizbsx8c5jnwhogpehlz,1
Sz_oul7dboxxbt1vv2es6xhx,1
Ugv5xagdzxncjm02npuzzf9clhjtyofieydyu9tid,1
Imzjdtahcydta,1
8xhvkvoj7y,1
Jfsg5ulc,1
T3snrgposszpolqlb4sya5nebmrbu6_w30ejfbh,1
Qy_dgqgz6zx3yc3cjgssjbgkwwepctwxbw1westbt8dbjnx2xwsqbz0abzwinlwo2ykjlrj9ocveri5zoz,1
Ayswhzutuqnq42irmxmcipj3ia_blhqqvr9d6ju,1
Jrgfuu8x69sh26pdanzd7nunfjlgnkzc54,1
Dq4gz548sjodkth,1
8s73brq0su_hgkd8qvqbavisoykggunbdexr1tvjclyco6wc8bgbcl5zrufpp3a3sraxdypndb3agm8ecefwws8mdsaigxtb0,1
Dbiiwhwajybl1vaxtwtozeumfnmln1nayn8vn,1
Ääriskenaarioiden,1
Alidiskonttaukseen,1
Ilmastosopettamisen,1
Arvotuksiani,1
Tmmt,1
Intersektionaalisuudeden,1
Valituskohdan,1
Halliksia,1
Ylermillä,1
Aulahessuilu,1
Skeittijonneja,1
Yksinkohteella,1
Provocator,1
Pinguissa,1
Puhdeprojekti,1
Deltavarianttitartuntaa,1
Alkuperäisajatukseltaan,1
Aurinkopaneeleissakin,1
Jälkipuinnat,1
Teollisuusuvun,1
Komentotalousjärjestelmiä,1
Maailmanvallankumoksesta,1
Diktatoriaaliseen,1
Kissalaseja,1
Joogaopettajansa,1
Ykkösvaimolta,1
Ruokataloudesta,1
Kyynikoista,1
Hissijonosta,1
Kymsotelta,1
Massatestausvalmiudesta,1
Puolestavuosisadasta,1
Imperiuminkin,1
Ilpppi,1
Höyristin,1
Pingviinissä,1
Yksiputkisena,1
Lauhduttimeseen,1
Somekohuilua,1
Talonmieshommat,1
Aasiassako,1
Päiväntasaajallako,1
Ampumiskommentista,1
Huolitrollilta,1
Sympatiseeraavana,1
Ampumiskommentin,1
Hotellivertaus,1
Väkivaltafantasiasta,1
Hetkellisinä,1
Helkamallaan,1
Asteittaisemmilla,1
Luonnovarojensa,1
Armaampi,1
Titanfallin,1
Väärinkäytöksensäkään,1
Väärinkäyttääkään,1
Salaliittoteoriahörhöilyn,1
Negaaja,1
_polkupyörä_,1
Asuinviihtyvyyteen,1
Tiimitekeminen,1
Freeridereita,1
Slackereita,1
Prioriteeteiksi,1
Yksityistehtaita,1
Väkivaltafiilistelyä,1
Ammuskelukommentista,1
Ampumiskeskustelu,1
Nuaroo,1
Leepälävestä,1
Päevittäin,1
Yllättännä,1
Koulutttautui,1
Pimittämeet,1
Multimediatyylinen,1
V2ac41dglnm,1
Sotilasjunttatwiitteihin,1
23g9mwg,1
Tekusta,1
Epäkorrekteimmalla,1
Palkkauskannustimia,1
Konfiguraatiotiedostot,1
Persusäätö,1
Raudanläheisestä,1
Hösseleiden,1
Tupda,1
Entäsjos,1
O3np8h,1
Help_anyone_in_turku_my_girlfriends_little,1
Gainin,1
Nurkkakin,1
Hotelliviittaus,1
8ba1e5b8ea5940179d249837a972c8df,1
Joukkorahotusta,1
Sateenkaariliputtaa,1
Keximä,1
Homophobiat,1
Sormenjäljelliset,1
Tekosormi,1
Kidutustako,1
Murhakoneistoa,1
Redditoidut,1
Algoritmiaivot,1
Meemuillakin,1
Erottaisivatkin,1
Sateenkaarikuvio,1
Interwrbsistä,1
Jiipegattuna,1
Superkuumaa,1
Emittoituvan,1
Ennätyspalot,1
Maskingiä,1
Fixuksella,1
Taskustakaan,1
Merkkiliikkeessäkin,1
Lähettikumppaniksi,1
Merkkirajattuna,1
Tuhkanneena,1
Luftwaffenkin,1
Myymiötä,1
Myyntipisteenä,1
Kiepporaikastinta,1
Näpöohdake,1
Myymiön,1
Jälkivasemmistolaisista,1
Fakkiintumisen,1
Historiatiedostosta,1
Aikaslideristä,1
Sensorikattavuudesta,1
Itsesensuurini,1
Listaservuilta,1
Teknologioitten,1
Epätavallisemmassa,1
Osaamiini,1
Lapsentappajat,1
Feminismijutut,1
Kieromminkin,1
Könttäpaketteja,1
Automaatiobannit,1
Mustavalkoistavasta,1
Harjoittelulupia,1
Interpoloiminen,1
Radioteknisissä,1
Huumeimperiumiaan,1
Helkavirttä,1
Messuhun,1
Pilkkojansa,1
Tyhjätär,1
Harjoittelihe,1
Tällätyksi,1
Huonehesen,1
Kamppehia,1
Poskipäältä,1
Karjatietä,1
Urohon,1
Karkeli,1
Alimenossa,1
Sulhonsa,1
Radikaalieja,1
Valtavirtakeinoja,1
Noususkenaarioissa,1
Multimediahässäköitä,1
Keikkatalouspöhinöissä,1
Uudelleenkeksitään,1
Putkayönä,1
Säilöönottotilassa,1
Putkaolosuhteista,1
Doxausten,1
Deletoimiseen,1
Doxauksiin,1
Dfddda5c,1
Hissini,1
Ownrs,1
Tuomionjakoa,1
Itsekoulutettuna,1
Totalitarisminkin,1
Yhteidöstä,1
Halpatyövoimaliukuhihnatyötä,1
Tautikohtaisia,1
Tartuntarajoja,1
Junttihissi,1
Ilmastonmuutosskenaarioilla,1
Suolaamis,1
Härnäämistarkoituksena,1
Aqk7x_w1h98,1
Täyssuvakiksi,1
Hissintuotantoaan,1
Tutkilman,1
Ffensive,1
Viestintalaitteita,1
Synnyttava,1
Suckerpergit,1
Riskiterminologiaa,1
Sanakäyttöä,1
Ilmastomallinnukseen,1
Nordhausilla,1
Sivuoirelotto,1
Jyräämiä,1
Herlinkin,1
Talkootyöläisiksi,1
Puolestapuhujiltaan,1
Alkuvaihteelle,1
Yskähdytti,1
Kampaviineriexpertit,1
Keskuskoordinoitu,1
Potkupallopellejä,1
Kokonaispitoisuutta,1
Loppusodassani,1
Sotamahtina,1
Kersanttiensa,1
Ilmavihollisesta,1
Havaitsemaksi,1
Ihailemina,1
Lisätakeita,1
Kokonaisulkoistusta,1
Tarinoinnut,1
Suorittamisaikaan,1
Välihärdelliä,1
Sukupuolikommunismiin,1
Seksuuaalivähemmistöt,1
Vanhustentalot,1
Ukkostaaa,1
Narratiivistäsi,1
Hommafoormilta,1
Kotimekaanikolle,1
Analyysiapua,1
Autoparts24,1
Tesla_model_s_ovenkahvan_johtosarjan_korjaussarja,1
Nysväystähän,1
Marmorihintana,1
Yrityslohkosta,1
A_allattractions,1
Bussivirta,1
Satenkaaren,1
Suojatyöpaikkapoliitikot,1
Ylijumalakin,1
Penetroimia,1
Aurinkobisneksessä,1
Targettihan,1
Innovaatiomaa,1
Sotilasjunttahommalle,1
Narratiivistani,1
Jätepuristimesta,1
Koronarokoteajanvarausnumeroon,1
Hallinontaso,1
Hallintotasosta,1
Hegelians,1
Luokkataistellulla,1
Suurfasisti,1
Monoetnisen,1
Kunniajäsenyydellään,1
Lgbbqt,1
Pilvimassa,1
Säikähtele,1
Tappolukemat,1
Ilmaispätkälle,1
Sähköpostilleni,1
Wolttaaminenkaan,1
Kokkolalaisittain,1
Huastelukonne,1
Markkinointivärejä,1
Youtubestriimistä,1
Nuukille,1
Uudistussuunnitelmamme,1
Qka,1
Suä,1
Peruskikkahan,1
Noutotteluasemaa,1
Herättelytempausta,1
Salaliittokeskustelujen,1
Pilvirintaman,1
Terryä,1
Jwxcgzdg,1
Dqlqgx0,1
Toukokuunpuolella,1
Mustasukkaisuuskysymyksethän,1
Titaanitiputukseen,1
Bioluvil,1
Runoilijaviikari,1
Skipiduveinau,1
Bb6eccf6d98392ec22ad977638b68422,1
Morphologiasta,1
Nuorhegeliläinen,1
Kirjoitelleisiin,1
Kansallisromantikkoihin,1
Snellmankin,1
Hitleris,1
Heideggeriin,1
Canguilhem,1
Gilbet,1
Simondon,1
Ulkomaantilauksen,1
Yayyyyyyyy,1
Estettävyys,1
Aktivismimerkitystä,1
Ihmisoikeuskamppailusta,1
Lahettien,1
Fin_social_fin_newsletter_taloustutkimus_23062021,1
Kommenttikieltoon,1
Ainätti,1
Ilmastomallinnus,1
Incorporating_catastrophic_climate,1
Change_into_policy_analysis,1
Diskonttokertoimen,1
Nordhausiin,1
Kehoittele,1
Latvatkaan,1
Mallejat,1
Lähivuosikymmennille,1
Hylkäyslapussa,1
Hätäisimmälle,1
Päiväreissuina,1
Seikkailuina,1
Nuotiollakin,1
Sadetutkakuvaa,1
Hihkas,1
Kaupunkivihoissaan,1
Pikkumaakunnan,1
Pikkumaakunnassa,1
Harjoitteluautoksi,1
Robottivaihteisto,1
Heilatkin,1
Pragmatismina,1
Verolähdeasioissa,1
Sydänemojia,1
Persufanitusta,1
Avauslaukaus,1
Extrakuljetusmaksulla,1
Merkkifoorumeilla,1
Antaanko,1
Puuseppäkurssille,1
Superlaajakuvafilmin,1
Kaupunkipainotteisia,1
Ruokalähettipalveluista,1
Maaherraa,1
Pörssiharrastelija,1
Sillekös,1
Hohhailla,1
Pieniväestöinen,1
Jäähtyisin,1
Hyvitysaika,1
Opintolainavähetykseen,1
Lynkkajaisia,1
Nykysairaanhoitopiiriä,1
Satamattakin,1
Anyhing,1
Sosiaaliturvamallimme,1
Mennykkä,1
Turkkalaisittain,1
8gmyhlkjyerq3lhf8,1
Nukutusvaihe,1
Vedenjuontikielto,1
Maksilihyödyn,1
Hegeliäläinen,1
Hirmuaatteeseen,1
Dialetiikan,1
Luokkataistoa,1
Problematisoinnille,1
Sanamuurista,1
Haikusuoni,1
Jakavathan,1
Pikaruokapaska,1
Pragmatismikin,1
Abstraktoitua,1
Mytologisoitua,1
Talkkiakaa,1
Puutaloasukas,1
Muutamatuhatpäisten,1
Peukkukuva,1
Ca3e5fe7,1
01b3,1
4729e6f95b2e,1
Sovinistijunttinatsiksi,1
U0y7da,1
O6b1pf,1
I_just_got_permanently_banned_from_ebay_by,1
Palautteelista,1
Kusetusepäily,1
Roobertinkadun,1
Vaelluspaikoista,1
Bussiterminaaleista,1
Sinkkivoidekaan,1
Spekulaatiossasi,1
Kuvanottoyhteydessä,1
Pissijäraukat,1
Kaverillisiin,1
Fakehistoryhunter,1
8b05d94421bac8b6417bfde2d92408bb,1
Kieltäisivätkin,1
Lisätussauskäsittelyssä,1
Parvekegrillaamisesta,1
Amgreatness,1
Kotiinpalaava,1
Dystooppisempia,1
Fraudilistalle,1
Sekvensoinneissa,1
Toimitusarviot,1
Valinnanmahdollisuudella,1
Päästölähteestä,1
Kyylämummolta,1
Hiilisavuista,1
Hormoonallista,1
Pelkistettyna,1
Korkapaineen,1
Tyontaen,1
Piukempia,1
Sukkahousupyörä,1
Tervakoskelta,1
Paskaantaa,1
Puoliksipyyhkimisestä,1
Irtisanotaa,1
Nordbanken,1
Palkkaduunareille,1
Liittomahdollisuudesta,1
Sensaatiomallisia,1
Tuomiopäiväkin,1
Säkkipäistä,1
Vilpoiselta,1
Vuorokausiväliä,1
Vuokrasopimuksessahan,1
Lähettikumppaneille,1
Ahdasmielisyydessäsi,1
Lisäarvopalvelua,1
Juhlistuksen,1
Sillisalaattilogiikalla,1
Conventioneita,1
Fättipyöräisellä,1
_ironista,1
Themaster,1
Itseviittaukset,1
Lordina,1
Klippaamassa,1
Liipaistaneensa,1
Qpjdpsuevt4,1
Vuokrataloyhtiöillä,1
Jossakaupunginvuokrataloyhtiön,1
Asetettugrillauskielto,1
Vuokraskooteista,1
Vakuutusko,1
Muistelisinkohan,1
Aivosopukoideni,1
Sitoutumiskammoiselle,1
Miljardiperijät,1
Kommariharhoista,1
Satamakahviloilla,1
Keuhkosyöpähoitoihin,1
Lakiaisaintuntijajaana,1
Sallméninmukaan,1
Viilentämisneuvoja,1
Gynekologiesta,1
Lisääntymispainostuksesta,1
Nollapäästöksi,1
Kulttuuriteollisuutta,1
Kritikissä,1
Sivilisatiossa,1
Merkkiteoksessa,1
Fichten,1
Antiteesiin,1
Valtionfilosofiaakin,1
Marxiakaan,1
Uudelleenrakentuakseen,1
Edellisiltäkin,1
Lempisketseistäni,1
X5tcmdrfoh0,1
Ensikonsultaation,1
D694adb1,1
F1611fe2866d,1
Iwar0k,1
8bnmpiol3eip80g8nzd_ngxjrer2llu1qaao9tpw9e1mfzzljmg_qq,1
Tirskahduksesta,1
Rahtilaiturialueelle,1
Keputon,1
Hautajaiskuvissa,1
Kuvattavanaoleminen,1
O6dikq,1
A4iset_l,1
B6aallot_n,1
A4_vedenpuute,1
Peruskäytössäännöt,1
Tuloaikataulut,1
Rajatarkastusaseman,1
Ylirajavartija,1
Kajakking,1
Defos,1
Miljoonakuoleman,1
Maahnmuutollekin,1
Reccomendation,1
Kunbsyo,1
Nostoajalla,1
Vastaanottohetkeä,1
Kysymyspalstalta,1
Hikata,1
Tutkintoajaksi,1
Tutkintoajakseni,1
Marcusaa,1
Ystävyyssuhteeseenhan,1
Asiakaspalvelijamainen,1
Ilmastopolitiikalleen,1
Vanhingoittuvan,1
Selkärankaisellä,1
Kauppasivustoille,1
Toispaikkakuntalaiset,1
Yleksesti,1
Absolutistipassi,1
Viikaroinnin,1
Pihvinpitelijät,1
Tyhjähytti,1
Pihvinpitelijä,1
Nahras,1
O6bfc2,1
Otin_pari_kuvaa_l,1
A4hestyv,1
A4_myrskyst,1
0squ,1
O6b23w,1
Matala_ja_korkeapaineen_kohtaaminen_tikkurila,1
Mirttness,1
O6cr77,1
Ukkosrintama_helsingin_yll,1
O6cdlu,1
Ukkosrintama_l,1
A4hestym,1
A4_lentoasemaa,1
Kuva5,1
O6bspg,1
Rintama_tavoitti_helsingin,1
Stereotyioita,1
Hyperzoom,1
Filtters,1
Goshawk,1
Suihkuhävittäjälisäri,1
Hypefaktoria,1
Ulkomaantuliaiset,1
Rajavuodot,1
Kommentoitimahdollisuuden,1
Rajanylityssuunnitelmista,1
Rajaviranomaisiinkin,1
Pyyntöihimme,1
Bussimäärät,1
Majoittuneita,1
Matkustajiamme,1
Virastoni,1
Blogiasioita,1
_ironista_,1
Inkoisissa,1
Numberlist,1
Hardsportille,1
Asiantuntijaelimiin,1
Energiajärjestöön,1
Epähedelmällisestä,1
Atomisoitavissa,1
Asennusmiehiltä,1
Tuotesuunnittelijoilta,1
Sokkeeraavaa,1
Porion,1
Kuulemiskerralla,1
Syöstät,1
Substanssikysymykseen,1
Laskuvirtauksista,1
Nousuvirtaus,1
Laskuvirtaus,1
Energianlähteensä,1
Koronatartuntojakin,1
Myöhäiswmmäksi,1
Nivusillaan,1
Päästeettömyydestä,1
Bhfddjssylu,1
Dhcpstä,1
Hiccaway,1
Sähköntuotannontapaa,1
Pakkosyöttämisenä,1
Vähäpäätöiseksi,1
Operointipäästöjä,1
Rakennuspäästöjen,1
Mukaanlukemisen,1
Nollapäästöisyydestä,1
Turahutti,1
Kasvihuonekaasupaastojen,1
Skenaariosimuloinnit,1
Energiasektoreista,1
Energiakatkoksia,1
Redunanttisuutta,1
Skenaariovuosi,1
Lääkäriliittomafia,1
Nollapäästöä,1
Ahdistelijamies,1
Tilaaminenhan,1
Turhautumisiasi,1
Joutsenpuoluesaari,1
Sähkökiukaisiin,1
Yksittäysen,1
Selkääntaputtelujengiksi,1
Blogiotosten,1
Sortuvasi,1
Keskustelutyylilläsi,1
Suitsuttaja,1
Flowchartissa,1
Ihmetellääs,1
Prosessiongelmien,1
Limpparitölkkejä,1
Humalahetkellä,1
Tikkurilalaisittain,1
Meriselityksessä,1
Kylämssä,1
Nollapäästöisestä,1
Tuulivoimalayhdistys,1
Googlettavia,1
Vastakkainasettelupuolta,1
Ex15gulxsaab4r2,1
Autovuokausfirma,1
Vaylalle,1
Vaaleahiuksisilla,1
Lainanottomahdollisuuden,1
50something,1
Kattomääritelmällä,1
Äärildan,1
Homohisseissä,1
Naisvasemmistohallitus,1
Stereotypioineet,1
Teepannukin,1
Ratsastamiset,1
_lähtöisin_,1
Fiksaatioihin,1
Juurtamista,1
Kuopiolaisittain,1
Näsinneylaan,1
Matkasuunnitelmissaan,1
Energiaressurssi,1
Mayhemeistä,1
Valtiosääntöoikeudellisti,1
Henkilöstötyytyväisyyskyselyn,1
Tietoevryllä,1
Suomisivuilla,1
Persiinnuoleskelijat,1
Keskustallaanko,1
2r2g9d,1
Googlettamiisi,1
Annualfaroffdormouse,1
Pierukuutioasukkaan,1
Keskustapropagandasta,1
Energiadominanssi,1
Rosvosit,1
Muistitulkintasi,1
Hellemellakat,1
Astetyyppistä,1
Pyykinkuivauspaikka,1
Katsojamääriään,1
Edeltämänä,1
Härkäkosken,1
Mantussa,1
Idulisempi,1
Mantulla,1
Unimaiselta,1
Kehoitukseni,1
Unettomuusongelmaa,1
Lainsäädäntöehdotukselle,1
Rahoitusmekanismista,1
Toimintavaksi,1
Lainnanotossa,1
Periaatteellsita,1
Ofnjeda,1
Omapaisti,1
Pinositte,1
Fc01f4e7,1
65f3,1
608d2325fc73,1
Vyörypilveä,1
Astetyyppisestä,1
Salamamagneetin,1
Hyvinvointialueliitoksia,1
Tuttavasankari,1
Kylmäsoittelemaan,1
Sivilaatioksi,1
Suurvaltakisa,1
Nähnhyt,1
Pelilaitteeseen,1
Maasalamat,1
P89d4xl,1
Laajiskuvassa,1
Pilvisalamoista,1
Lämppäsitte,1
Retkijakkaran,1
Maaerotuspala,1
Laivayhtiötäkään,1
Paluupäivänä,1
Turvallisuuskysymyksetkin,1
Slidekin,1
Tasoittuneempi,1
Ojane,1
Jälleenmyyjätjän,1
Skalpperilta,1
Skalppaisi,1
Legengaa,1
Puhelteluputkia,1
Skalpereita,1
Konsoleida,1
Imastointi,1
Tullailin,1
Skalppauksesta,1
Pohjakeissi,1
Kaupingipyörissä,1
Desmaiar,1
Perigoso,1
Fznd,1
Mlielipidettäni,1
Realitytarjonnasta,1
Vaikeapääsyisen,1
Kannessä,1
Mäenala,1
Eepisessä,1
Lahentyminen,1
Sosec,1
Practially,1
Overdrawn,1
Amisposting,1
Oppinnoistaan,1
Kauppavaltti,1
Muovavana,1
Ideologisetn,1
Vallitevasta,1
Arvonäkemyksemme,1
Naateilta,1
Sademetsäsäässä,1
Kohteleekaan,1
Tätimiehiä,1
Rynnäkkökönni,1
Virtuaalipöksyt,1
Whackd,1
Ihmisoikeusrekordi,1
Rikolliskartelleja,1
Äijänkörilään,1
Brittivierailun,1
Salisburyyn,1
Niksei,1
X4c38qj2bq0,1
Sähköpolkulaudat,1
Palkkaorjillekin,1
Polkupyöräilijöissäkin,1
Normikasalla,1
Jonolaisia,1
Äppikuponkia,1
Jatkkossa,1
Terrabytes,1
Tarjousvastauksessamme,1
Quarts,1
Lockmart,1
Maskisäännön,1
Kulakkigamer,1
Jenkkinäytösoikeudenkäyntiin,1
Huumehuuruista,1
Hetkellisessti,1
Kysyntajousto,1
86mwh,1
Tuotantotasesähkön,1
Tuotantotasesähkö,1
Flxfnuz,1
Omb7hiegmgq,1
Viinialan,1
Mcafeetä,1
Niiskuttaja,1
Hedelmäcocktil,1
Hätävastaanoton,1
Libertaariaktiivina,1
Saarivaltionkin,1
Varastortyössä,1
Miesasiakysymykset,1
Kaveristako,1
Korkeusanturi,1
Elysiumilla,1
Veroepäselvyyksiin,1
Tietoturvayrityksellään,1
Kryptovaluuttapetoksista,1
Seamy,1
Irch,1
Ilmastopaneelillakin,1
Normaalipainoisellekaan,1
Sannakiikarit,1
Maailmanparantajaparaateja,1
Mukavoitumaan,1
Pyyhkiät,1
Imänsamm,1
Voiamal,1
Komistettu,1
Päästäneiden,1
Todennäkäisyydellä,1
Byrokratiavaatimuksilla,1
Kuskintyöt,1
Kotimyyjä,1
Kotimyyjiin,1
Liikevoittotavoitteet,1
Tavoitetakkaan,1
Verovähenettävää,1
Internetbank,1
Länsikupeessa,1
Ounailua,1
Sisälsihän,1
Youtubetuotannosta,1
Goodmanilla,1
Alkoholissaan,1
Opiskeluinnostus,1
Äänipätkä,1
Tavaramäärärajaa,1
Perkeleenkone,1
Paineetonta,1
Kaupassakäyminen,1
Sähköpaskalautojen,1
Pariennen,1
Tyynynn,1
Tähättynä,1
Piilopaikkoihin,1
Uudelleenmyydään,1
Poisheittäminrn,1
Huoltamisella,1
Voitollisempia,1
Kotiluokka,1
Opiskeluläppärinä,1
Kirjotuspäiviä,1
Vastuuvapauksista,1
Tilallansa,1
Tekstiilikierrätyssysteemiä,1
Oxvnlid,1
Sopivanpainoisen,1
Läpivalaisulaitteella,1
Muovisälä,1
Pakkosääntelyä,1
Perustavantasoista,1
Optimistiuskossa,1
Kulutusbudjetti,1
Supermagneettikauppa,1
Natsinmerkki,1
Ykisilöiden,1
Julkaistavaks,1
Sokeuen,1
Retrokonsoleja,1
Internetkeskustelukulttuuriin,1
Hiilidioksidipäästöistäsi,1
Raksuttamasta,1
Pienentäjä,1
Pakatti,1
Maakuntavaltuustoille,1
Pelästyis,1
Maakuntapäättäjien,1
Pysäköintivalvontabisnestä,1
Tainnutettuja,1
Hyvityssäännöt,1
Merkkifoorumia,1
Marmotiskiltä,1
Laatuanturi,1
Hankintamäärää,1
Aittala,1
Ae3c677f0d929f7132e4c09a18beb597,1
Parkkisakoiksi,1
Ajatteluleikkiäni,1
Ulkosuhdeasioiden,1
Raportointiohjeisiin,1
Rasismislla,1
Rangaistuksenomaisuuteen,1
Viivästyssakoista,1
Lainaamilleni,1
Tainnutusaseella,1
Viilleetään,1
Linaja,1
Huolemasti,1
Infrakeskeiseksi,1
Toketuon,1
Bełchatówn,1
Homontappokirjoituksensa,1
Usammassakin,1
托克托电厂,1
Tuōkètuō,1
Diànchǎng,1
Togtoh,1
Hohhot,1
Huaneng,1
Giek,1
Oddział,1
Elektrownia,1
Energetyczna,1
Fy22,1
Aviationpros,1
Costliest,1
Landillä,1
Ruokavaliofasisti,1
Lampaansyöjissä,1
Raneil,1
Jenkkki,1
Häiveosien,1
Vippiasiakas,1
Paperiroskamainoslehtikin,1
Viileämmäks,1
Ultimaattisella,1
Joukkotuhoaseella,1
Lisääntymiskiintiöillä,1
Skitsompi,1
Pihtimittarista,1
Juhannuskatsaus,1
Vinoutunee,1
Vastaajajoukkoa,1
Kyselyaika,1
Työjärjestelmästä,1
Tuntiarvon,1
Tr07fqvygfy,1
Veronpalauksen,1
Jännittyvän,1
Lihaskouristus,1
Sisäkonvektorilla,1
Isookyröölaiset,1
Hifimaailmassa,1
Itsetietoutta,1
Päihdekulttuurille,1
Lukioposting,1
Resolvations,1
Puhelinvaihteita,1
Itsariaan,1
Vääristäkään,1
Kurositeettina,1
Cordery,1
Myyntikuntoisen,1
Uudelleenmyymisestä,1
Sohvaneuvoksia,1
Ylituotantokapasiteettia,1
Ringeissänne,1
Hienostuneimman,1
Runoiljaa,1
Pakitatko,1
Nurmjärvi,1
Legendä,1
Egalité,1
Contribuable,1
Enculér,1
Voittotilanteessa,1
Oikeudenkäyntikuluit,1
Sekko,1
1s8dg,1
E7_kpoddpl1ep7zyeq,1
Änkin,1
Edesajettiin,1
Raitaväreillä,1
Paljstavat,1
Ahdistulinem,1
Datawrapper,1
Lihamestareiden,1
Riojan,1
Ilmautumaan,1
Ukkosvahingot,1
Kapitalismilähtöistä,1
Sinkkuelämäähän,1
Pikakouluttivat,1
Koodarikumppani,1
Fbar,1
Confiscating,1
Capitalone,1
Lengthier,1
Nastier,1
Tempauksilleen,1
Wardialing,1
Rikostarkoituksessa,1
Kohotkaa,1
Pasla,1
Uittettiin,1
Golman,1
Ipotusta,1
Karttavisualisointityökalulla,1
Missäkäytetään,1
Limuskuugelia,1
Limppuria,1
Alustatalouslähetit,1
Maitoaki,1
Telkkakin,1
Maatalousvoittoisesta,1
Palvelutalousvoittoiseen,1
Talousrakenteeseen,1
Pysäköiviltä,1
Päättämättömimmät,1
Ykköseenkin,1
Erotuspaketilla,1
Lisääntymiskiintiöt,1
Kulutuskiintiöt,1
Kulutuskiintiöitä,1
Vialisen,1
Itseironisisesti,1
Bbcb,1
Kolmisenkymmenneen,1
Työaijoista,1
Päälaukaukset,1
Lihamestareilta,1
Olemmakaan,1
Makuuttaminenkaan,1
Piereskelemistä,1
Remppakadulla,1
Vireystiloissa,1
Merkonarkot,1
Onnistunur,1
Yritetääntavoittaa,1
Potkupallokisaturistit,1
Potkupallioa,1
Jatkotutkimusideoita,1
Kielikeskustakin,1
Sinkkuutteen,1
Kielikeskukselle,1
Bilbonaatia,1
Ajokunnossakin,1
Hoikuttelevaa,1
Liittäytynyt,1
Kesäprojektiin,1
Sipehtii,1
Vihahenkilöitä,1
Elämanlaadussa,1
Keskivertoversio,1
Sinkkupodcasteja,1
Lisärohkeutta,1
Purukaloston,1
Published_sort_desc,1
Pysäköidessäsi,1
Yrityset,1
Leegonsa,1
Sinkkuilusta,1
Väliinputoajamiehet,1
Naisihanteidensa,1
Sähköskeittareista,1
Kokokypärää,1
Ruokaeläimen,1
Lausumpa,1
Hovipalvelijansa,1
Limonaatiksi,1
Sinkkuuttakin,1
Selibaattikautta,1
Kompiaisista,1
Kryptoavaimesta,1
Nurmijärveläisenä,1
Limuks,1
Wardialingi,1
Sisäänottotilat,1
Puoliautomaattisilla,1
Hirnaus,1
Pershäiriöiseltähän,1
Luonnonsuojelutoimissa,1
Otsoniturvallinen,1
Limsoiksi,1
Lumipallottuu,1
Rajakuri,1
Pilponaatien,1
Limutermit,1
Järjevään,1
Matolaatikoilla,1
Pilponaatin,1
Äänestyskäyttäytymiset,1
Lainvalvontaresurssien,1
Ongelmakaupungeissa,1
Tarjouskauppoja,1
Expatted,1
Kalirorniassakin,1
Pääteoksensahan,1
Kapitalismikäsityksestä,1
5e3ad6b5,1
9a29,1
A6e6,1
D1134e3e1fec,1
Kuseenkin,1
_hourly,1
Fagbladet3f,1
Jakelijahan,1
Pussissata,1
Roskalähetykseen,1
Paperijätteensä,1
Vainoharhaisuudestaan,1
Yleisötilaisuusrajoituksia,1
Kaljanderi,1
Jatkoketjujen,1
Enemmistötermi,1
Jätkevimmän,1
Limpskoo,1
Jumanlan,1
Rinnanaluset,1
Tilausbuumissa,1
3hr9f0,1
I_am_john_mcafee_ama,1
Ympäristöaatteita,1
Takaajiakaan,1
Asuntolainahakemusta,1
Asentaisinko,1
Makaronilaatikkoni,1
Edelläkävijäkuluttajien,1
Läskidrinkki,1
Argumenttipohja,1
Huokuttelevat,1
Kontrolloitavuudesta,1
Maksimalisoinnista,1
Lentohäpeämisistä,1
Eläinsuojelutarkastaja,1
Limpskoota,1
Tsekkityylinen,1
Rahoitusvastikkeelliseen,1
Takaisinmaksuosuuksiin,1
Hiilidioksiidineutraalius,1
Hiilidioksiidineutraalisti,1
Purjevenearmadaa,1
Tilaksen,1
Showoikeudenkäynnit,1
Tuotedifferentaatio,1
Ferrarimies,1
Possestaan,1
Skalppeli,1
Kompromisoituja,1
Sanojienkin,1
Argumenteiltani,1
Hiilidioksiidikuplia,1
Itälappilainen,1
Piliponuatiksi,1
Vknlp,1
Ikäryhmittely,1
Perinteisimipiin,1
Vetelälle,1
Sorakiven,1
Värkkimässä,1
Judoheittoja,1
Redditooreista,1
Kompressoriksi,1
Kynäruiskutellut,1
Interkuntanental,1
Läkähdykseen,1
Makukysymyksen,1
Pontentiaalisen,1
Bedoravindola,1
Rääväsuisuuden,1
Tukkaakkaan,1
Exacto,1
Microsivuleikkurit,1
Pimpparia,1
Roolityö,1
Aluat,1
Kamppailuistuntoja,1
Ilmastonsaastutuksia,1
Opiskelumotivaatiovinkkejä,1
Hevissähän,1
Mediavoittoon,1
Säädellääm,1
Flunssaexpertit,1
Defundin,1
Sotilasvarasteita,1
Neulaliiman,1
Pensseliliimaa,1
Neulaliima,1
Ympäristötietoisempaa,1
Miib,1
Helevtissä,1
Ymmärrtäisin,1
Terrorostit,1
Wuhannusta,1
Sotatilassahan,1
Kulttuurisotajutut,1
Mitesköhä,1
Aikasemmastakin,1
Tärpättipohjaiset,1
Pienoismallailuajasta,1
Mattalakalla,1
Kuivapensselöintiin,1
Pohjamaalaaminen,1
Maalauskertaa,1
Rajausteippiä,1
Pienoismallirakentajan,1
Mallailuun,1
Dioraamoihin,1
Limukkajengi,1
Limppariks,1
Etäläisille,1
Auringonpisto,1
Uberalls,1
Sagst,1
Kuolemansyyntutkijoita,1
Drummerfortheosmonds,1
Hyljepysti,1
Chanceksi,1
Vektorihässäkkä,1
Kylymällä,1
Kipeillekin,1
Hiljentymisessähän,1
Konreettisempi,1
Kulutusrajoitus,1
Km0000nxf2,1
Viihdeperformanssipläjäys,1
Päälaellee,1
Pirstoutuneita,1
Jahtiklubin,1
Sitrusvirvokkeen,1
Kattohuoneistonnstadin,1
Mielenosoituslupia,1
Eloapinoinnissa,1
Hallavitunahon,1
Turvamiestalutus,1
Riikaatkaan,1
Limujuoman,1
Sterelisoi,1
Kourismisväitteet,1
Feikkipostilaatikko,1
Eroneen,1
Price_skimming,1
Uudelleentwiittamisimme,1
Kansalaistottelemattomuuskoulutuksemme,1
Ajattelemattomuuttamme,1
Kulutuksettomuudesta,1
Fillarikommunistihipeiksi,1
Mainostoimistotyyppejä,1
Kompuraruiskuihin,1
Kynäruiskujenkin,1
2015_0422,1
Klopsuttelivat,1
Vasemmistoliikkeisiin,1
Tribalistipellet,1
Viisisenttiset,1
Kassalippaasseen,1
Viisisenttisistä,1
Residuaaliin,1
Hajonnaksi,1
Perustulohakemuksessa,1
Redditoristejä,1
Hesarimyyjille,1
Kauppaavilla,1
Nöyryytätte,1
Hakeutuisitte,1
Magneettikalastuksen,1
Jännääpännää,1
Ahteriani,1
Kiskaisisi,1
Kuuntelupalaveri,1
Kehoitesiirtymään,1
_olettaen,1
Kädetön_,1
Neliakselinen,1
Simmuissa,1
Ouhutään,1
Mainostajaan,1
Kapinakeskus,1
Mikoaggressioista,1
Itsekritisismiä,1
Apinoidulta,1
Scheibalta,1
Terminologioineen,1
