Autoamislainen,1
Koirahybridiä,1
Kaupuntin,1
Eksel,1
Krömhmm,1
Nassimin,1
Kirjasetistä,1
Procrustes,1
Tfh0ytz8s0k,1
Omavaltaisuuden,1
Prosessikonsultteina,1
Sairaaroille,1
31safe,1
Ohjeistettukin,1
Johtamiseenkin,1
Paskaläystäkkeet,1
Spekulsstiota,1
Secularised,1
Hävyllisyyttään,1
Siitinelostellessakaan,1
Lyhennysvapaakaan,1
Kulmahelvetillä,1
1dskmoc7cm0,1
Swanista,1
Nonfiktiosta,1
Hallituspuolueidenhan,1
Oppositiopuoluiden,1
Joensuunkaupungin,1
Avustuseuron,1
D690d013f30e9fabda832d5f7e1f48e5,1
Peewhtyä,1
Ensivilaisulla,1
Supersolmumaassa,1
Luokt_bt7sq,1
Syöpävertaus,1
Weeppon,1
7kyt,1
Mahtvuutta,1
Kriiseilystä,1
Epikuros,1
Sumaseen,1
Teemakirjoja,1
Ohjeaikatauluissa,1
Metallielitistien,1
Yrtyksellä,1
Soittoääneeni,1
Painoshan,1
Divareissakin,1
Halpiskorin,1
Hautakammioon,1
Ymmärrämmekin,1
Mehiläisenpiston,1
Edeltäneihin,1
Kehutummasta,1
Fantasiahutut,1
Kuolemattomuutesi,1
Jumaluutesi,1
Kuolemanvälttelemisen,1
Eteentulevien,1
Tämänjälkeisen,1
Nirvanana,1
Sähkösignaalejen,1
Näyttämättömänä,1
Yössäni,1
Sävelettä,1
Lehtiverhon,1
Aamuttoman,1
Skandinoir,1
Dekkaristini,1
Bernhardilaiskastikkeella,1
Humppatapahtumat,1
Käyttääpähän,1
Existentialistiset,1
Kaikkomaan,1
Hevirumpalina,1
Silmänräpäyksestäni,1
Mielensäpahoittajavaltuutettu,1
Tiedonhinta,1
Vedonlyöntifirmasta,1
Pumpulitissit,1
Puheenjohtajavaalinsa,1
Avioeroperheistä,1
Ammattisparraajalta,1
Yolossa,1
Patent_encumbrance_of_large_automotive_nimh_batteries,1
Tutkijajengi,1
Carl_gustaf_mannerheim,1
Vihapuheimaamin,1
Pääimaamiksi,1
Lopullisuuttakaan,1
Digitoimisella,1
Sammuisko,1
Clendinnennin,1
Aztecs,1
Käännösrunoudesta,1
Rakkausrunot,1
Kirjallisuusteoria,1
Labyrinthista,1
Tlön,1
Uqbar,1
Orbius,1
Tertius,1
Suosikkinovellini,1
Siinsivät,1
Neitsytmatkallaan,1
D19c800c3beace127200ad12968acbdc,1
6254e7e0f5251095f5a57d664f7e2ab9,1
0289923bb89374fa27a2241a5f358a6d,1
Ttcanc,1
Sisämaavaltioiden,1
00578578ea08b75010491cea6f9f3506,1
Abeban,1
Satamavaltio,1
Junahankkeita,1
32ff90bc39309ba8c9eee55f1803e878,1
7f8a474d314ddf2bffbd133e941f6c3e,1
Terästeol,1
Lisuudessa,1
Yhdistämättömiä,1
Siirtomaaherroilla,1
Kaivosalueilta,1
Itsenäistymisaallon,1
Rapistivat,1
7b3c6fbab17dab0ffdf1e5b3a8add2c3,1
D9a0ab39e14de151c528e4d21f581223,1
Maasiltoja,1
Paikannustekniikan,1
Maastomaiseksi,1
Ylikulut,1
Businessdailyafrica,1
12vqddm,1
Vessakirjaksi,1
Kandeelukea,1
Huoltamona,1
Avustuksillamme,1
Eleston,1
Damocles,1
Bagley,1
Surmanajo,1
Eläkeläisvetoisempi,1
Ratkinauruhauskaa,1
Vaihtopalvelua,1
Akkupalvelun,1
Suosikkikirjailijaltani,1
Hustvedt,1
Opiskelulukemisia,1
Hallinnossahan,1
Peräkujan,1
Lemuamatta,1
Chickenshits,1
Scribbling,1
Antroposeeniteemaa,1
Garlandilta,1
N57vmox,1
Iwgvdvo,1
Polttoainejakelijana,1
Uniystävät,1
Verkkotilausten,1
Movie_poster,1
Large_xz69pzkfbdsjzktf1w60sduvqpo,1
Häirintäni,1
Punpunin,1
Asfynksiaan,1
Esassin,1
Psykiatrimenetelmät,1
Dsmista,1
Estittämään,1
Ii96qkzaz1e,1
Psychiatrinen,1
Psykiatrian_vastaisuus,1
Tronton,1
About_oise,1
Bonnie_burstow_scholarship,1
Dokumentarin,1
Insinööritutkinnoista,1
Väljähtyneisyydelle,1
Hottiksiksi,1
Satiirisarjis,1
Mulkvistilta,1
Vellottamisen,1
Takuullisen,1
Yöjalassa,1
Divarimonttu,1
Hyveekseeen,1
Puolifiktiivisenä,1
Autobiografiana,1
Mirbeau,1
The_torture_garden,1
Nishitani,1
Religion_and_nothingness,1
Swinburnen,1
Swinburne,1
Valttavaa,1
Valituskyltteineen,1
Pysähdyksissäni,1
Bensanostajat,1
Villijoutsenet,1
Antikvariaattilöytö,1
Kirjahyllyään,1
Kirjallisuudestaankin,1
Tietokirjapainotteista,1
Kirjaostoksissa,1
Sähköröökaamisen,1
Kommodorit,1
Goolel,1
Lööppiherutusta,1
Vessakulut,1
Vapottajissa,1
Imutteluilla,1
Realiteettimme,1
Sijoitusohjelmalla,1
3006_fi,1
Sahkoautoille,1
Latauspisteita,1
Infrastruktuurisijoitukset,1
Menovesivehkeelläkin,1
Bensaprutkuni,1
Meditointiretriittiä,1
Isoilletescoille,1
Kemping,1
Akkukuvaketta,1
Massasähköautoilu,1
Polttomoottorisi,1
Vessakuluihin,1
Flowjatkoille,1
Homonazizombihan,1
Hollantilaispariskunnan,1
Puhelinvertaus,1
Ajautuessanne,1
Mhmleo3,1
Supechargereilla,1
Kiinalaismyönteinen,1
H8b8,1
6c2s4b,1
Mies_ei_uskalla_olla_eri_mielt,1
A4_naisen_kanssa,1
Dhrnqw9,1
Täyskiihdytyksiä,1
Ruotanen,1
El12,1
Bige,1
Mrt4l,1
Hjv,1
Purjo2,1
34b8d3c690bd2606e2b026cbf761be03f6b7403c,1
Sdc12703,1
Johtamisopas,1
Koulutaloustieteen,1
Elämäntaitovinkkejä,1
Pamauttava,1
Joukkomatematiikkaa,1
Länsivaluutan,1
Naposteluvimmaa,1
Solanshan,1
Henkilödraamoissa,1
Solansin,1
Ampumisyritys,1
Solans,1
Överikärjistettyä,1
Triplasulutus,1
Höyrystelisi,1
Suvakkimädättäjille,1
Suomimuodista,1
Byysien,1
Uinnistakin,1
Laitetteisi,1
Veroani,1
The_road_to_hell_is_paved_with_good_intentions,1
Eväskorit,1
Sitruunakerman,1
Staggeringly,1
Bundlemaker,1
Krat1,1
C7q98,1
Energianyhtiön,1
7zw2jzv,1
Hoitokierroksella,1
Hoitorumba,1
Kipuliaan,1
Otriphz_d,1
Dbiqfnnfuda,1
Koalitiomallissa,1
Länkkäreil,1
Mikrodosetusta,1
Sienitrippikin,1
Kertoineiden,1
Runkautomaatio,1
Heviukkeli,1
Bassomman,1
Teknonkin,1
Dittoilen,1
Vippiboksi,1
Nörttäämistä,1
Tassujani,1
Ruohoketta,1
Kaakkoissuomalaisen,1
Nykysolistit,1
Pilapuhelusoftasta,1
Erorahalla,1
Hengentuotteisiin,1
Ottelumanipulaatioon,1
Verihurttien,1
Mustavalkoilmoituksessa,1
Valehtelija_,1
Hg9qece4_k8,1
Otisikkonsa,1
Yhteenkokoavasta,1
Otsikkorakenteen,1
Energiantiheysraja,1
Menetelmäero,1
Ilmoittautuneilta,1
Yle_puoluekannatus_2606_18072017,1
Hallitusksessa,1
Insinööriesimiehen,1
Johtajakiistan,1
Kirjoituksillasikin,1
Sarhimaan,1
Ammattikriitikkona,1
Särmäjonnella,1
Tervaamisen,1
Sarjakuvataiteesta,1
Hylamaidosta,1
Räkänokkaisen,1
Kerostalon,1
Lämpöpistokkeet,1
Testalle,1
Nollatutkimuksien,1
Hidenvatten,1
Vessapalveluita,1
Vessabreikillä,1
Vakiintumattomasta,1
Jälkipitoa,1
Polttokone,1
Sorrettukin,1
Ylpeilynaihe,1
Kukkahattutätimeininki,1
Lapsipornokortilla,1
Jetassa,1
Warettasin,1
Ohihuutelukin,1
Läskimmästä,1
Carioca,1
Perhovaliot,1
Invalids,1
Lippuviinalla,1
Viskeissäkin,1
A7771896,1
Gazettelive,1
Teesside,1
Äskäinen,1
A7744176,1
Kykenetömän,1
Jenkkilaiva,1
Syrjaytetaan,1
Paatoksenteosta,1
Älähdyksissä,1
Takaisinpäästöjen,1
Webbidevauksesta,1
Clearfix,1
27dnddcq5gc,1
Pilvist,1
Romaaniksikin,1
Narconomics,1
Leffaura,1
Kuvernööriaikoihin,1
Olarilta,1
Collaging,1
Universitatis,1
Interdisciplinarity,1
Farnham,1
Regionalism,1
Kosmopolis,1
Noilameki,1
Vendettaan,1
Elelevätkö,1
Webmaailmassa,1
Parhaimasta,1
Siisteimästä,1
Britaniasta,1
Konemusatapahtumat,1
Teinipainotteiset,1
Alppimuisto,1
Sot1p75hnlm,1
W62pziv8d0q,1
Rouvineen,1
Kuvatodisteitakin,1
Ammattikritiikot,1
Ennenkaikkisen,1
Sähköröökauksen,1
Nikotiinikorviketuotteet,1
Printtaantunut,1
Päämäärästähän,1
Fappydesign,1
9gasc,1
Enneuniprofeettaan,1
Kirjanmerkkkeihin,1
58ae0e409284e86a824ca924,1
W_767,1
Ss09,1
Kuolemattomalta,1
Roberta_mccain,1
Tinkimismahdollisuus,1
Massatuotantotavarat,1
Työleiriäkin,1
6ofso1,1
Light_machine_guns_in_finland_dp28_vs_ls26,1
Kavijaennatykseensa,1
Ennätysyleisöstä,1
Saiteillesi,1
Foockin,1
Mielensäpahoittuminen,1
Pursien,1
Kuhamotti,1
Halpavaihtoehdot,1
Hintapuolikin,1
Rajarikkovan,1
Päihteissäkään,1
Vägmärken,1
Kjerlighedens,1
Gjerninger,1
Kukkahattutätijutun,1
Suomenstakin,1
Rontattiin,1
Merikuljetuksesta,1
Tämiseen,1
Validitettiä,1
Laukomisiaan,1
Utltjm3infe,1
Alusmaasopimukseen,1
Isääntinsä,1
Kuseksijoista,1
Ljm4uv0kcsq,1
Päivälehdetn,1
Imagoedun,1
Totaalitakuu,1
Taksitesla,1
Colvile,1
Validioimme,1
Totuuspuhekuriin,1
Devoluutiosta,1
Evoluutiivisella,1
Eliöpopulaatioihin,1
Djävulsvatten,1
Devoluution,1
Directionality,1
Devolution_,1
Toooorniainen,1
Videoterveisensä,1
Anneko,1
Pikkustoorin,1
Kitjaimellisesti,1
Optimiolosuhdelaskenta,1
Huipputehonrajoituksiin,1
Sähkökirjoihin,1
Postmodernistiselta,1
Puskaraiskari,1
Sandycoven,1
Amerikkalaisturisteja,1
Lähettäiskikin,1
Videoterveisiä,1
Pridemarssijoita,1
Nukkeilua,1
Jakeluongelmaa,1
Hyperälykkyys,1
Uutustuote,1
Tl8ss,1
Anarkistiliike,1
Harjoittelia,1
Nettiyritykselle,1
Puskaraiskauskeississä,1
Lisääntymispotentiaalia,1
Jurnannut,1
Kaljuin,1
Laitteistokiihdytyksen,1
Loukkaavuudelle,1
Puskaväkivalta,1
Devolutiivinen,1
Kryptauksestakin,1
Leedskalnin,1
Walmsley,1
Nyaaaa,1
Puoluenimitunnistus,1
Superbabesta,1
Laatumeikkejä,1
Merkkipaivalahja_tai_muu_vahainen_lahj,1
Bloggauksestaan,1
Surroundtyyppiä,1
Khell,1
Hh5p1ecfptq,1
Sisaruksissasi,1
Geeniperimänne,1
Devoluutivinen,1
Implementoidessaan,1
Klauseja,1
Scottyki,1
Oqezwn,1
List_investments,1
Ethiochicken,1
Agflow,1
Evo_02,1
Lintuihminen,1
Laitteistokiihytys,1
Npv8mzy,1
Automaattitunnistuksella,1
Oiro,1
Alanuolaistu,1
Memla,1
Kulttuurihairikot,1
Sovittui,1
Laskentakeskuksena,1
Mtech,1
Formaattuöi,1
Partioretkelle,1
Finanssilainsäädäntöön,1
Pääkonttorinsiirtoa,1
Repolle,1
Vasempisuomi,1
Tunneostos,1
Shellcoder,1
Canttellif,1
Runkkurajan,1
Monopoliratkaisu,1
Kharkanas,1
Fallenille,1
Esslemontin,1
Pokkarihyllystä,1
Aivojennollausluettavaa,1
Treenileireillä,1
Ekseleitään,1
Voppihoitsulle,1
Inttibashaukseen,1
Perusburanadieetti,1
Maahanmuuttajavastaisten,1
Huumorisivustolla,1
Soundbiteksi,1
Pääsiäiskarkeiksi,1
Kaljakuski,1
Ympäristönpaskaajaäpärä,1
Imv7u6zrsvu,1
Ajostaan,1
Kauppakassillaan,1
Huppukuntoisia,1
Alkuoloissa,1
Evtxpuf4oz4,1
Luustosairaus,1
Luukasvaimista,1
Spärdäreistä,1
Moottoriöljykanistereihin,1
Ronkkimani,1
Piiputellut,1
Nuuskamuikkusmaisissa,1
Jaupungin,1
Accelerationin,1
Ylz6vls_d,1
Kylla_silla_on_valtavasti_valia_heittaako_homolappaa_homo_vai_hetero,1
Verenhyytymistaipumusta,1
Elimistönbakteeritulehdus,1
Aivovaltimon,1
Verisuonitautienkin,1
Muotituotteisiin,1
Henchmaneita,1
Superpahiksille,1
Taistelutyyliä,1
Muistoistaan,1
Yhdensorttinen,1
Jefte,1
Henchmanin,1
Inions,1
Iberation,1
Pilotsin,1
Sähköautotiheys,1
Fiktiokäännökset,1
Käännösversioina,1
Enkkukäännöksissä,1
Asevehkeitä,1
Outcomeja,1
Tannoisia,1
Aborttilakiesityksiä,1
Bajamajakäyntien,1
Pistoolimallinen,1
Nykyselviämisellä,1
Arvonalentumansa,1
Aamuttaan,1
Taksiliittoko,1
Matuinvaasiota,1
Väkivältatuomio,1
201707202200276751_u0,1
Pohdiskelman,1
Luppoaikaani,1
Suututtaneelle,1
Stripille,1
Uranuurtajiksi,1
Mutunu,1
Harvinasempia,1
Siiderimerkin,1
Jäähyhmätyyppinen,1
Kopparperin,1
Siideripussi,1
Haarakontta,1
Jalkasilsapyörityksessä,1
Hoitsurumba,1
Köyhyysvitsejä,1
Vitsailisikin,1
Vitsailijassa,1
Loukkaantuneisuuteen,1
Metoaran,1
Odotellassani,1
Wvsfvpebzqc,1
Grammaticalization,1
Poetics,1
Evoluutiorajaa,1
Epigeneettisistäkin,1
Kuusimetsämenestys,1
Kumousargumentti,1
Evoluutionäkemykseni,1
Simulaatiomalleista,1
Yliyksinkertaistetuista,1
Shoppailupaikoista,1
Elinmenoiksi,1
Uielementsize,1
Tulonhankinnasta,1
Kiiltämisestä,1
Puoljoukkuellinen,1
Fetatomaattisalaatteja,1
Vlxvpxvpxvpo,1
1xvtml,1
Minikiinalainen,1
Tumblrsta,1
Kuvanhostaus,1
A7433931,1
Resurssiystävälliselle,1
Alkulämmittelyitä,1
Vaitonaisuudella,1
Raisuakin,1
Heikkoudestasi,1
Lihavuudestasi,1
Heikkoudellemme,1
Julkkiskuolemaa,1
Midnightiä,1
Klisseetä,1
Lkh3q2a,1
Horor,1
Kokonaishiilarimäärät,1
Syntymäpäiväkutsuille,1
Ortogeneesi,1
Formulaatiosta,1
Antrooppisen,1
Drjohnbergman,1
Empiirisyyden,1
Buranakuureista,1
Laatupaukkuihin,1
Pyöräreissuun,1
Käyttökelvottimilla,1
Keskittäväksemme,1
Iltalehtimäiseltä,1
Ogelisbar,1
Juinen,1
Humanistivätysten,1
Savupalvikinkkujen,1
Meteoran,1
Aneyrysma,1
Ennakkomaksupaskaa,1
Panosmies,1
Reversoineet,1
1sensä,1
Insuliinipistokset,1
Solukkeet,1
Beetasoluihin,1
Beetasolujen,1
Overwrittaamaan,1
Luuydinsiirto,1
Solusiirroista,1
Cyclohan,1
Touringpyörän,1
Droppitankon,1
Vaihteleviä,1
Lääkintäjoukkueen,1
Veksivuorossa,1
Saavuttessa,1
Vaatesaksilla,1
Reprogramming,1
Wxfadisgouk,1
Palkoillisiin,1
Perhekriisin,1
Uranuurtajansa,1
Clawfinger,1
Kahdeskymmenesviidesosa,1
Bcdiger_von_der_goltz,1
Saksan_it,1
Kuningasseikkailu,1
Kingdom_of_lithuania_,1
Angstailtua,1
Theroyn,1
Leirisairaalaan,1
Tamiflussa,1
Kotilomaakin,1
Aivopesukoulua,1
Keksitysleiriä,1
Current_situation_,1
281989_to_present,1
Isoimista,1
Opintolainakokeilut,1
Euriborkoukkuun,1
Valikoudut,1
Ilmakitaroitiin,1
Etelänpoikana,1
Kuluttajanoikeuksia,1
Haimanne,1
Siideriäkään,1
Clawfingerit,1
Ratmit,1
Popimpia,1
Raprock,1
Suamiredditissä,1
Innoittajina,1
Ketek,1
Tilastopelleilyn,1
Tilastopelleily,1
Swallows,1
Kuluttajanoikeudet,1
Kylmäkiskoisempaa,1
Kassaharjoittelijan,1
Sulamistautia,1
Tervanäytteen,1
Sisäputkesta,1
Rassaajaksi,1
Pyykiytyminen,1
Henchmaniksi,1
Bikepackingia,1
Roll_with_it_mix,1
Match_pic,1
Rullalaukulla,1
Apidura,1
Handlebar_pack_dry_14l_perspective_on_bike,1
Klickfix,1
Kiinnitteisiä,1
Parikiljoonaa,1
Diabeteksetään,1
5d2eded27bfc8c4ac00238d50fe80368,1
Nettimanuaaleja,1
Internetingishard,1
Maanpuolustussalaisuus,1
Telarasvaksi,1
Lämpötilakorjattuja,1
Rotupuhtausoppinsa,1
Julkkisnisti,1
Ynpärille,1
Standuppaava,1
Naisstanduppaajista,1
Mumisijamiehiä,1
Joutavanpäiväisellä,1
Naiskiintiöllä,1
Tietyntasoisia,1
Kasvihuonehomo,1
Baskitkaan,1
R7ktqvl,1
Suutariarmeija,1
Sanottavalla,1
Kapinahenkistäkin,1
Perinnepyynti,1
Pienkalastajien,1
Lahetettava,1
Sosialistipaskamaa,1
Elintasohyppyä,1
Iduskbn19623v,1
Tarakkakiinnikkeitä,1
Nuhi9,1
_moig,1
Metsapubi,1
Kontensti,1
Kykypuolueina,1
Rotoscopers,1
Frozen_3d_ov__40043056_ps_1_s,1
Oppimiskyvyttömien,1
Kurtturuusupöheikössä,1
Viherliberalismi,1
Raprockin,1
Sekoiluelämää,1
Palkintonakkejakin,1
Maastoruokailun,1
Ruokapönttöjä,1
Nakitettuina,1
Vanha_rauma,1
Kitukrännin,1
Kitukr,1
Rajoittamatona,1
Verkottomista,1
Kalastusturismilla,1
Silmäkokojakin,1
14eb813a,1
5cd3,1
00d93b599aba,1
Levykansi,1
Puhdistettaessa,1
Rihlanpohjat,1
Mullerhan,1
Työttämienkin,1
B7da,1
_88766074_88766073,1
Massapakkosiirrosta,1
Kuskivalinnoista,1
Härmäläisversio,1
Runkolaukku,1
Vj92y2hsc2w,1
Fst2jbm,1
Epilepsiataustalla,1
Liuotushoitoon,1
Magneettiinkaan,1
Pakkorekrytoida,1
Suuhtellisen,1
Harmaakarhulla,1
Toispuoleiset,1
Toteutetu,1
Kumlingen_kirkko,1
56bkaeyscx0,1
Lavamateriaaliaan,1
Narkkariuden,1
Hiilikulutus,1
Humanistiaivoni,1
Sensuroivien,1
Shaahid,1
Kissap,1
Nostattamasi,1
Toiviaisenkin,1
Kiilota,1
Alustukseski,1
Pukikohan,1
Raiskareina,1
Pubina,1
Yritinköhän,1
Loishuijareina,1
Lauseestä,1
Päätösprosessissa,1
Fasistirasistibasistinatsismia,1
Sukupuolieläimistään,1
Paikallistoimittajat,1
Lisämuuttujistoa,1
Ryöstäjäraiskaajan,1
Huooooomattavasti,1
Yltiövarustautujia,1
Jumiutumisten,1
Turvapaikkainstiuutioon,1
Viikonloppurallatuksen,1
Latausjono,1
Kesäsaunamuisto,1
Voitonkylvyssä,1
Potkupallokisoissa,1
Vähemmistömannekiinitouhua,1
Mennanderin,1
Unne,1
Hanhijärven,1
Don_cherry,1
Gasthaus,1
Vonkais,1
Jamiksi,1
Kauttakulkualue,1
Sijoituspiireissa,1
Turvapaikkainstituution,1
Turvapaikkahakurumbaan,1
Bisnesinvestointi,1
Saannokseen,1
Diskoilla,1
Maailmanperintokohteet_suomessa,1
Mrio,1
Anomalioista,1
Etulaukunkin,1
Etulaukku,1
Festariporukassa,1
Lakanapäätöksiä,1
Irakilaisnuorukaisesta,1
Harmittelukin,1
51009bd0e4b0f1d8c3160fda,1
530e284ce4b06fdfc388eba9,1
Hillaryki,1
Kurtturuusudyyneillä,1
Kurttuuruusua,1
Puskastoa,1
Karenssitehtailun,1
Tuttikamaa,1
Pyöräretkeilyhän,1
Cyclocrosseilla,1
Kokoontaitettavilla,1
Retkipyöräilyvariantit,1
Luomuoliiviöljyä,1
9cspoww9s64,1
Dizk5of,1
Luontoyhteyttään,1
Hälläväliäasenteesta,1
Vitoskuvassa,1
Wigmäninä,1
Urheilusivuiltakin,1
Mcboatfaceksi,1
B06xkfh5fw,1
A2qnk0wypjpzxm,1
Flesunvemppaajan,1
Kuolemanpaneelit,1
Perity,1
Hiilikaivostyöpaikkoja,1
Fillariliike,1
Omegakapseleita,1
4132a,1
Varallisuustilanteensa,1
Säätöihinsä,1
Vekselivedolla,1
Unaudited,1
Trumppikulttitouhuun,1
Yksinhuoltajanaista,1
Ynnötystä,1
Mutkaisemmille,1
Kolutuiksi,1
Jututtajia,1
Pohjelihaksen,1
Klaustrupista,1
Klossipolkimia,1
Reissuaikataulut,1
Pyöräkauppiaasi,1
Valuttelet,1
Ampumiskerta,1
Patruunaaa,1
Uusiokäyttöönhän,1
Lataamasti,1
20havubaari,1
20eskolanmäen,1
20telebaari,1
20kaupungille,1
20vaikeita,1
20kohteita,1
20hiljaisesti,1
20sietää,1
20niitä,1
Metsäbaareilla,1
Nostalgiankaipuun,1
Vastoissa,1
Siikajärveltä,1
Skfcjvpk6ls,1
Pölhölaakson,1
Fsjt5ur,1
Etulaukkuineen,1
Takalaukkuihin,1
Juttuttanut,1
Patoverkot,1
Pyyntönne,1
Ylämäkiäkin,1
Sukulaispoikasen,1
Tiekirkkojen,1
Testiwwwstructure,1
840b2a0bea58c6e2914934019ca62d58cef25f88,1
Korruptiopeliä,1
Pressanvaalikampanjan,1
Slerbaansa,1
Harjoittelijatyttelillä,1
Toimistoseksi,1
Yhdeksänulotteiseen,1
Renessanssiruhtinas,1
Valoravinnolla,1
Käppämökillä,1
Paskaisemmaksi,1
Tokastiin,1
Paviksella,1
Jungmania,1
Filantrooppinen,1
Viiltäneet,1
22ref_notif_type,1
22event_joined_nearby,1
22action_history,1
22null,1
Event_joined_nearby,1
Paikkarasia,1
Brukade,1
Umgicks,1
Mustikkametsältä,1
Välttämättömyysmenoihin,1
Täysimäärä,1
Perusrynkyn,1
Purmossa,1
Villsti,1
Tapioksi,1
Puhtana,1
Vodkaleka,1
Presidenttipyrkyri,1
Lapsiseksiskandaaleihin,1
Pedofiilipizzeria,1
Noitavoiteeksi,1
Huippaan,1
Jurottaessa,1
Selväpäisyystila,1
List_of_executive_actions_by_donald_trump,1
Trumpcareen,1
Elokuvaosasto,1
Vatsantäyteet,1
Suhauttelun,1
Jääkiekkomuseon,1
Nchhausenin,1
Prinsessasadulla,1
Jäänkerääjillä,1
Ihmistensalakuljetuksessa,1
Activistpost,1
Blaablaablaaa,1
Saaritstoristeilylle,1
Saaritston,1
Huvipaikkoihin,1
Leivotuilla,1
Sjweistä,1
Jenkkirepublikaaniksi,1
Kannattajiiinsa,1
Kuraloordille,1
Yhtikäistä,1
Kasitieltä,1
Carsam,1
Metereoiitin,1
Metsänomistajakin,1
Riittvyys,1
Kyhyys,1
6oa9bc,1
Kaupunginvaltuutettu_pahoitti_mielens,1
Ötökkälaji,1
Sulautuvilel,1
Luonnontieistä,1
Animuihin,1
Goolaat,1
Perhesurmaksi,1
Salmonellas,1
Labtestsonline,1
Analytes,1
Peptide,1
Richard_k,1
_bernstein,1
Thediabetescouncil,1
Intensivedietarymanagement,1
Normisuomalaiseksi,1
Keliakiasi,1
Insuliinituotantoa,1
Kasvisproteeineja,1
Plantproteinkidneys,1
Lukukja,1
_kk_,1
_minimi_,1
Eräkokkaus,1
Compactvideo,1
Leffahullu,1
Uutuustarjonnan,1
Uutuustarjonta,1
Boff,1
Handfuls,1
Swayed,1
Screeds,1
Acquaintanceship,1
Suostuteltuna,1
Pallopelejen,1
Kaatosateesta,1
Erämäästa,1
Vuorenharjanteelta,1
Pierastua,1
Luodettava,1
Luuserimaisista,1
Katsomuseroja,1
Ulkoministeripestistä,1
Satyyreitä,1
Saatananpalvontaorgiohin,1
Ukkossuojaan,1
Pissaleikkihuhuilla,1
Häritsevät,1
Leimavasara,1
Vastaääneen,1
Epilepsikohtauksen,1
Njetist,1
Välttämättömyysmeno,1
Mielipidekentän,1
Televiissiot,1
Julkaisemalleen,1
Matelijoilta,1
Otsalohkonsa,1
Laumanjäsenet,1
9nkg9lr34dm,1
Ykköstyyppihän,1
Kolmostyyppi,1
Engineeratuista,1
Metabolisoimaan,1
Saturoituneeksi,1
Eatingdisorderpro,1
Mcfa,1
Ketogeniinen,1
Dieetii,1
Ftqmt8p9fny,1
Paskauutisiakaan,1
Jvksw3wj,1
Huumausainerikostaustalla,1
Paikallipubissa,1
J890ovs,1
Yhteen_laskettu,1
Aarrggh,1
Htz5fi8,1
Nimityksiltään,1
Leffadivarissa,1
Käyntiosoitettakaan,1
Ohituksiakin,1
Parannustarinoita,1
6omn1w,1
Voiko_presidentti_trump_armahtaa_presidentti,1
Dkit2zr,1
Siipyyn,1
Puutalokaupunki,1
Bergössä,1
Övermarkin,1
Pirttikylään,1
Kuntakeskusten,1
Likaisemmissa,1
Koreilematta,1
Akropolititaus,1
Santiagó,1
Castilliané,1
Brändeiltään,1
Minimibudjetista,1
Mctågansikte,1
Etuliittelle,1
Pidetäänki,1
Demokraattiuskovaisia,1
Dinskon,1
Toptenit,1
Huumerikoksetkin,1
Junanen,1
Junanaamanen,1
Junahirmu,1
Junannimikilpailua,1
_yrittämättä_,1
B9789520108861,1
Kunnaskerho,1
Sisäänostokartelli,1
Sakeutetut,1
Tomaattimehut,1
Suomiketjuista,1
Tågis,1
Tågssoniksi,1
Ratikast,1
Tt1225822,1
Vastuudessta,1
Mielensairaudeksi,1
Vulkanisointi,1
Raflaruoka,1
Siltavuorella,1
Ttn201512161547,1
Uimareissuille,1
Ekakertalaisille,1
Puksuttajalle,1
Amerikaaninen,1
Siipyyssä,1
Moraaliaistiasi,1
Winneri,1
Alkuperäisessá,1
Vasemmmalle,1
Kyyltä,1
Kollageeniproteiinin,1
Olutravinteleihin,1
Hattuni_irl,1
Panimopaidat,1
Leffadivarit,1
Kirjadivarit,1
Halppisleffoja,1
Divareistakin,1
Laijalla,1
Seutukirjastojen,1
Folioniiria,1
Askartelemariini,1
Hatturiini,1
Päähyriinin,1
Analyysiks,1
Viilennysta,1
Kesakuumuuteen,1
Stnäääääää,1
Stnääää,1
Stääää,1
Mötyävän,1
Narkkareistaan,1
Pankkikorttitapahtumista,1
Alelaarikamaa,1
Maksimitukiväite,1
Ykisnkertaistat,1
Ftalaattipitoisuudet,1
Poikalapsissa,1
Anogenitaalista,1
Ftalaattiyhdisteiden,1
Ftalaattiin,1
Ftalaattia,1
Ftalaattialtistuksesta,1
Taipuisille,1
Sadetakeille,1
Tasovertailua,1
Keuhkottu,1
Lasipulloketsuppi,1
Psykomurhat,1
Haittamaahanmuuttoonhan,1
Virtakatkot,1
Njetis,1
Lisäsilmän,1
Makeiskauppoja,1
Naapuripataljoonassa,1
Cooperintestiviikko,1
Sääolosuhteiltaan,1
Oksenneltiin,1
Piilossaolleesta,1
Elintasoinflaatiolla,1
Turvapaikkatutkinta,1
Duopoliketjuja,1
Saksalaiskauppa,1
1se,1
Xf9qltbslpnmyweic9aw,1
Mökkipihaa,1
Rantakeinussa,1
9tafbv8,1
Korkealaatuisempana,1
Villintyyminen,1
Seksuaalisisesta,1
Mielensairauden,1
Humalpäissään,1
Enänkautta,1
201704030083811_tr,1
72ytvrsq,1
Liipaistumisjuttua,1
Haukkamaisena,1
Sisäänpäinlämpiävien,1
Oleskeluluvn,1
Tuurvapaikkaa,1
Sopivut,1
Halibuli,1
Spinneri_1200,1
Karkkitarjonta,1
Sikanätti,1
Tilesysteemiin,1
Murottajalla,1
Kujalaan,1
Käytäntötavoilla,1
Maksuvälittämistä,1
Yritystoimijoiminta,1
Naiskoomikoista,1
Mieskoomikoista,1
Naispuoleisissa,1
Koomikoissa,1
Worldconit,1
Tekniikkalajille,1
Vaihtarikämppis,1
Loiskija,1
Gullet,1
Reunustamana,1
Mv9xpl5,1
Iuw,1
Tulijavyöryn,1
Monstress,1
Sakurazaka,1
Haldon,1
Viimeisimmmät,1
Sensiseeds,1
Fallouteilla,1
Buiginen,1
Fanipatchin,1
Sandboximaisuuden,1
Virtuaalinäppikset,1
Kommelsin,1
Hämähäkinseiteille,1
Hiplattuani,1
Arvostelupalautetta,1
Loitsucraftauksesta,1
Jättiputkelle,1
Lupiineille,1
Rauhoittumishetkeä,1
Taelin,1
Pelanneistani,1
Alvinin,1
Itseselittyvä,1
Iprinfo_1,1
Rasvasota_voimariini__oivariini_ja_ingmariini,1
Mlurqasxiie,1
Ruudunpäivitysbugi,1
Siisteyksiä,1
Arcanum_of_steamworks_and_magick_obscura,1
Must_have_arcanum_fan_patches_widescreen_and_more,1
Uberkokoisia,1
Lyhyinäkin,1
Tupakansytytystikut,1
Porsasjuhlilla,1
Vihdottiin,1
Pillarsin,1
Taistelukeskeisyydestä,1
Baldurini,1
Alkuperäiskalojen,1
Pakastevihannespaskasta,1
Exploraukseen,1
Toivomuksistasi,1
Obscuraa,1
Scifiropelluksia,1
Hahmografiikat,1
Pöytäropeista,1
Postausvirtaa,1
Selviytymispelinä,1
Neo_scavenger,1
0ahukewjgxl2wwpvvahvcjpokhw7ia94q_auicsgb,1
Di8odfuknusqgm,1
Hyväresoluutioinen,1
Wpkmu,1
Ce3b98cd37,1
Ruikutellaan,1
Lässtytävällä,1
Kristiinakaupunki,1
Tietovuotouhan,1
Merkkifarkkuihin,1
Liikenneviranomainen,1
Turvallisuusluokittamattomalle,1
Artesaaniburritoihin,1
Uusnatsitilejä,1
Kotieläintarhamme,1
Saunahommista,1
Vihollissysteemistä,1
Örkkipomoja,1
Zombipeligenren,1
Personissa,1
Wurmissa,1
Sijaistekeminen,1
Päätekemistä,1
Levalattua,1
Terraformaamiseen,1
Wurmia,1
Liuskahda,1
Erityistuntomerkin,1
Rannikkoidylliä,1
Meeltä,1
Hoetuu,1
Mehtähommat,1
Pikkupuhelimessa,1
Stilleihin,1
Asseffect,1
Explorattavaa,1
Päiväpassit,1
Tapahtumalippu,1
Explorausta,1
Aurinkokunnallista,1
Permalossit,1
Fxswxqyrsb0,1
Dfstories,1
Bronzemurder,1
Talismanini,1
Reagoijien,1
Saunahalkoon,1
Fortressimainen,1
Selviytymissimulaattori,1
Kalevalalaista,1
Sissyä,1
Masserect,1
Lepsuimmista,1
Hankintaosuuskuntien,1
Phablettini,1
Kansantaloudellehan,1
Lojuukin,1
Kotikolooni,1
Stalkereissa,1
Kräftäystä,1
Realismimodeja,1
Putkijuoksuksi,1
Xperiasta,1
Kohtuupäteviä,1
Mysteerintynkää,1
Aikuistuttuaankin,1
Whatsappailu,1
Drasticilla,1
Siirtokuntalaisperheen,1
Palestiinalaismielenosoittajien,1
Vihanlientsonta,1
Wurmin,1
Wurmpedia,1
Newmaple,1
Jättiläishämähäkki,1
Grindauspeleistä,1
Spiderweb,1
Softwarelta,1
Äänimaailmalta,1
Juonenpätkäsälää,1
Juonikohdan,1
Gateissa,1
Ulkoilmakartat,1
Kuuttiparvien,1
Tilastoerot,1
Tutkimushankkeitahan,1
Valemadian,1
Wgevmbe5uka,1
Rauhoittumishetkeen,1
Margariinisekotteita,1
Epävakauksilta,1
Ihmisvapaan,1
Morowind,1
9skvwevqdts2,1
Reissaamisestani,1
Lakierot,1
Betrayal_at_krondor,1
Rasvapurkkeja,1
Devusta,1
Sinirieskasta,1
Mehusteltaisi,1
Alphakloonilla,1
Gentrify,1
R7dtn5_f3us,1
Motorola_moto_z_play,1
Puhelinteline,1
Lisäakkuakaan,1
Incipio,1
Lehitys,1
Tekohipsterit,1
Mukaboheemit,1
Semipoliittiset,1
Kolikoossa,1
Burritotkin,1
Dorkweed,1
Minmatarin,1
Fussypart,1
Sourithan,1
Hipsterityylilajeiksi,1
Carft,1
Outofcake,1
Vastaamassaan,1
Demonilauman,1
Mielikuvitusestaan,1
9um4gcuzvuod67p,1
Aacn_dre3zs6jngbchnqjvnva,1
Henry_aulakoski,1
Deviblogit,1
Relapsaa,1
Numeneran,1
Mahtiasemaa,1
Taisteluihinsa,1
Avainviroista,1
Välivuosilta,1
Ingma,1
Mikrotrendejä,1
Vilittereitä,1
Näpsättiä,1
Morotukseen,1
Pyöränkumeihin,1
Tamminenhan,1
Lätkäyhteisöjen,1
Vilmariinin,1
Muualtamuuttajat,1
Ingmariinista,1
Aitostadilaiset,1
_aidot_,1
Kuramehua,1
Kirppishipstertyylin,1
Duunipuhelimia,1
Ripaistuani,1
Pähkinämaidon,1
Hippitee,1
Pizzapalalla,1
Lentopizzaan,1
Metsäkäppäilyä,1
Viehättänee,1
Drds,1
Overhaulilla,1
Valoeffektit,1
Koulutusleikk,1
Oivaltanu,1
Kerjäläisportaan,1
Läpikulkukerralla,1
Schengensoppari,1
Rajatarkistanut,1
Vakiintunua,1
Tarkastelutavoilla,1
Kommuneihin,1
Perseanemiaan,1
Cl5sj,1
Klapikoneista,1
Pöndemikrotrendi,1
Jättiputkimetsiä,1
Jättiputkikasvustot,1
Kulttuurimaisemissa,1
Maisemallisena,1
Itävinä,1
Jättiputkista,1
Kasvinesteen,1
Parantuvia,1
201707032200243716_u0,1
Eternityl,1
Kilpailutekijämme,1
Köyhyydenn,1
Akuääliöt,1
Pilkkmään,1
Rikospomolle,1
Kerjäämiskonsernejaan,1
Maahamuuttajana,1
Netinpalstoilla,1
Ruokavalinnoistani,1
Körttiläisraamattua,1
Eipillu,1
Rahoitusvarallisuudesta,1
Mediaanivelat,1
Mediaanisäästöt,1
Mustatakkista,1
Rikosorganisaatiota,1
Zarathustralaisten,1
Ruuantuotantokontteja,1
Aurinkopaneelikenttien,1
Proteiinikonetta,1
Cf6uo2cw8aexulr,1
Maneurismeja,1
Naistyövuotta,1
Vaakatilassa,1
Läväyttäänäppäimistön,1
Piiloittavan,1
Kerjäläisnaiselta,1
Kerjäläislehden,1
Minakin_irl,1
0a453146c76fe44d597ab9c37bc4d34c,1
Palautusongelma,1
Taajamina,1
Pakott,1
Pummaileen,1
Globaldignityfinland,1
Viikinuppersecondaryschool,1
2c44604c,1
754d,1
E78c3204a0f4,1
0000167_xgaplus,1
Sukuaateli,1
Periodicpresidents,1
Czaetbaxuaatqmv,1
Kiljukeskustelu,1
Maassaoleskelevakin,1
Juhlapari,1
Pakkohuostaanottaa,1
Sarvekasta,1
Kaviojalkaa,1
Peltoalueesta,1
Ylijäämähymiöt,1
Hiekkavaltioon,1
Tutkimusmatkailupeliä,1
Freelancerhän,1
Ikuisuusprojektiaan,1
Avaruustaisteluun,1
A4luokittain,1
Aj9zwfamlyi5ygwb2axobw,1
Unzfy99shmt2,1
6orgli,1
Dkk9jlr,1
J5fcuirx,1
52f15e7c,1
Suhinut,1
Makkinointia,1
Maisterikaverit,1
Harrastajapaikkojen,1
Rahareikäni,1
Massamediaanipisteestä,1
Cdt3caj,1
Etelänmatkatkin,1
Kohtasivatkohan,1
Courseralla,1
Säästöoppaita,1
Normiluurin,1
Teistisissä,1
Keittiönpöytäpsykologi,1
Yksiömarkkinoilla,1
Salaseurajutut,1
Pimp_alex_91,1
Brittisuomalaisia,1
Luhnuan,1
Otesztbwcm4,1
Uabq4t2fhii,1
Aaaaaaaacg4,1
8fkkkdvy2_w,1
A4ri12,1
Bill_clinton,1
Early_life_and_career,1
Kaksinnaimiseksi,1
William_jefferson_blythe_jr,1
Isovelipuolen,1
Obelixiä,1
Zrp,1
Rahamukia,1
Depressantin,1
Osittaisagonistisuudensa,1
Pähkinävyö,1
Laatublogin,1
Gravitoituneet,1
Tiiveimmästä,1
Söderissä,1
Meemuilukansaa,1
Hevosenkenkäeffekti,1
Äärivastaisia,1
Vaihtoehtohistoriajutuissa,1
Luisteluharrastusta,1
Kevythörhöily,1
Ufohörhöilyjen,1
Hipsterpaikat,1
Työpaikkakeskittymälle,1
Valeostossa,1
Kerjuupaikalle,1
Ykinskertaistavaa,1
D_b,1
5gadc6u,1
Salaliittoteorioijista,1
Salaliittofantasioista,1
Sisustusliikkeen,1
Svenskanin,1
Bexitin,1
Kellonrannekkeeseen,1
Lisukejauho,1
Epäjatkuvana,1
Tävverta,1
Karavaanarisuomalaisten,1
Peelsepuupin,1
Puhelinsoftaan,1
Kortillahan,1
Oluttuopeista,1
Puhelinlähimaksu,1
Muovikorttini,1
Pankkikortinkin,1
Palliniblogissa,1
Fwi,1
A9rex,1
615x346,1
Alikulkukäytävässä,1
Rahviitti,1
Länsikanavat,1
Laihdutuskonehan,1
Pullonkerääjienkin,1
Filbunke,1
Viilikulho,1
Nethäkit,1
Kauppapaikkapalvelimia,1
Lisenssipeliksi,1
Actionpeleissä,1
Liipaisumista,1
Tinytrumps,1
Ohjusjuttujen,1
Y10x9ql,1
Tiedeakatemialle,1
Sukelluspalloa,1
Amerikkalaisarvion,1
Valtamerikaapeleita,1
A3832888067_16,1
Cantillonin,1
Erikoisvalikoimasta,1
Hapanolusiin,1
Yksisarvistemppeli,1
Kuumatkoja,1
Kattimatikaisesta,1
Hovifeministi,1
Intressikiistaa,1
Soittoalueet,1
Fäpänneed,1
Aukeamille,1
Pimeinän,1
Maksulinjaisuus,1
卂乇己ㄒ卄乇ㄒ丨匚,1
Säiksi,1
Ravintolapiikkinsä,1
Lähimaksuvalmius,1
Tukikuukauteenkin,1
Tuolihissejäkään,1
Ympärivuosesti,1
Lukukeskus,1
Kirjailijavierailut,1
Sillanpa,1
Big_18906665,1
Ajokorttitietojen,1
Äänestysjärjestelmänsä,1
Kerjuukuppi,1
Outhipsteröinkö,1
Yksilönvapauskäsitykseeni,1
Lichnosti,1
Krustsev,1
Sankaripalvonnaksi,1
Aikaprogression,1
Aikaprogressiokaavio,1
Sankaripalvomisen,1
Sinikäyrämäisesta,1
Durstia,1
Watchs,1
Todellisuudenvastaisilla,1
Puikkohitsaustaitoja,1
Nerffeillä,1
Mökkityyppistä,1
Kannustusjoukkojen,1
Poliitikkosukuja,1
Paasiot,1
Marko_ahtisaari,1
Sikaväsynyt,1
Tutkimusaluksesta,1
P34xri2fm6i,1
Tumniaisetu,1
Sammutusoperaatiosta,1
Logistiikkaturvallisuudesta,1
Jamesbondien,1
Hamiltoneja,1
Zurihissä,1
Väärennysten,1
Jonkinlauisen,1
Merkillisimpiä,1
Pilkallisten,1
Kappelis,1
Alttaril,1
Tietolla,1
Turvaselvitettyjä,1
Sammutusyksiköstä,1
Hallintaelinten,1
Pardon_of_richard_nixon,1
Ulkopuolikin,1
Pakolaisruljanssi,1
Eukaryootti,1
Mediabriiffinkiä,1
Etäisyydeks,1
Kompanssista,1
Svenskanilla,1
Paitakuvan,1
6ovfpu,1
Wisconsin_company_to_implant_microchips_in,1
Lammaslaumalla,1
1sxa1t,1
Ågrenin,1
F5s7kkz,1
Tsekkiläisiin,1
6ot71u,1
Kiistelty_laki_l,1
A4pi_puolan_senaatissa_maan,1
Syöksemästä,1
Kiritiikistä,1
Sejmen,1
Politisoituneimmat,1
Tuomatiluokkanaan,1
Kommunistisuvuille,1
Paikallistuomioistuimen,1
Ystäväsuhteilla,1
Oppositiohenkilöille,1
Jaruzelskin,1
Tuomariluokkaan,1
Kommunistihallituksessa,1
Syyteimmuniteettinsa,1
Solidaritetin,1
Kertahinnasta,1
Kiszczakin,1
Piensäästäjät,1
Oikeusreformin,1
Korruptiokriittiselle,1
Lepper,1
Vankilapihat,1
Cwejman,1
Murhaniskuna,1
Puoliautoritääristä,1
Bonnierhuippu,1
Agendajournalistiikasta,1
Uutisvälitykselle,1
Nyheterissa,1
Nepotistisen,1
Tsunaminauhoitukset,1
Tsunaamiin,1
Hyvinvointikuninkaat,1
Paratiisiyrityksiin,1
Vokkiparonit,1
Järjestelmäkriittinen,1
Hatustanne,1
Armahtajan,1
Rxdy9nljsgk,1
Pelipuodista,1
Uskonnonkirjoissakin,1
Pullopostilla,1
Huonopalkkaisin,1
Boottirumban,1
Abduktoida,1
Romahtamisista,1
Supotettuja,1
Aurinkoenergiavedystä,1
Proteiinintoivossa,1
Luisteluharrastuksen,1
Hitlerinpuolustelijalta,1
Kaljakeidas,1
Etelänpoikia,1
Fugua,1
Niskastaottaminen,1
Savumyrkytysjuttua,1
Uskonnonhistorian,1
Sisärinkiin,1
Sukutaudit,1
Demaripresidenttejä,1
Täyseläkkeen,1
Loppelämäksi,1
Karvasteli,1
Etuperseelle,1
Datapyyntöjä,1
Tietojohtajan,1
Iskupäivänä,1
Ranneketjuun,1
Kaveripohjainen,1
Kolmiosuhteeksi,1
Opiskelijaasuntosäätiöllä,1
Keskustayksiöihin,1
Karstaiset,1
Siintymisvaihe,1
False_morels_for_sale_,1
27t_touch_closeup,1
Käsittelyohjeessa,1
Kauppasienet,1
Tuontikerjäläistä,1
Lähtökulmalta,1
Ystäväperheestäni,1
Pseudoanonyymiä,1
Aafd1195f6ce1a1ca00c5876bd661989,1
Kongressimiehistä,1
Umpikommunistit,1
Riisifarmarin,1
Mutamassa,1
Faciet,1
Pusillos,1
Magnos,1
Divites,1
Pauperes,1
Liberos,1
Servos,1
Habere,1
Dextera,1
Frontibus,1
Emere,1
Vendere,1
Bestiae,1
Numerum,1
Nominis,1
Tcxb9iuaecaey,1
Älymystöihmisiä,1
Yhteyttämistuotteena,1
Nojatuolibiologina,1
Moraalisäteilyssäkin,1
Antikapitalismilla,1
Suvaitsemisessaan,1
Vihasanalistassa,1
Vakavuuskin,1
Rasistifoorumille,1
Sisäsiistimpien,1
Lääkekauppiaiden,1
Myyntipitseillä,1
Chevroletilla,1
Mäntysuopakin,1
Carlae,1
Lepikko,1
Reunions,1
Suurkaupungeistakin,1
Luonnonvaraistakin,1
Yiffaa,1
Sähköautovillitystä,1
Biomoottorit,1
Magnitskille,1
Magnitskiin,1
Ihmisoikeusaktivistiksi,1
Fasististista,1
Vaarallisseksi,1
Kämmäämällä,1
Äärisuuntaa,1
Samantasainen,1
Modelpoint,1
Nn2,1
733___saija_,1
343_1000_800,1
Toksiinipitoisuudet,1
Fugusta,1
Aavikkokasvit,1
Jojotellessa,1
Syömisvimmaani,1
Bongailijousta,1
Hommapastaa,1
2fs12553,1
Biologiantunneista,1
Viharikoksetkin,1
Piilonatsitägi,1
Maailmanparannusvaihe,1
Reppureisaamaan,1
Kuvavirta,1
Pähkinänkuoren,1
Päätöshakkuuta,1
Metsanki,1
Boreaalista,1
Itseharventuminen,1
Palautumisnopeus,1
Ikäismetsiä,1
Itseharventumista,1
Täsmämarkkinointi,1
Päivityshetki,1
Normipäivitysten,1
Viivästysajaksi,1
Mummojenne,1
Yksinkertasestakin,1
Rebvjv7hosg,1
Lp5xluvgvnk,1
Sfvln,1
Py5ns,1
Someplöräytyksestä,1
Tungettuasi,1
Vähentäjien,1
Sähköjunia,1
Perusinvestointeja,1
Maakuntavelmut,1
Lentokapteenien,1
Laiskottelijoilla,1
Puutavaroita,1
Lähikierroksilla,1
594931_63facf_large,1
Inssiportaassa,1
Korttisuojafirmojen,1
Inkvisiittion,1
Vähäänsäkin,1
Saari_sosiaaliturvariippuvuus,1
Solukaksio,1
Liikakuukausia,1
Nyyssilynkkaysta,1
Inkvisiittioon,1
Asmodeuksen,1
Isokaatokin,1
Tinywall,1
Zxl58pv,1
Nykyasetuksillani,1
Päivitysbootti,1
Etnokuplameininkiä,1
Kommmentoida,1
Omaisuudenkeruuseen,1
Chi4rkb,1
Kellokättä,1
Bootataanko,1
Tuomitais,1
Kesksuteluissa,1
Jälkikasvussaan,1
Hampaidenpesuaika,1
Notifikaatiotoasti,1
Päivitysbootin,1
Ennenkuiin,1
Quatax,1
Varoituksi,1
Toastina,1
Ajastamassa,1
Ilonajuttuvesa24216_vi,1
Teksteihinne,1
Löhööminen,1
Kauhukauhumiehiä,1
252d3aece2c2e0a80f8db92bb22e5a0e,1
Päivitettäisiinkö,1
Tinywallia,1
Joukkuetoverilleen,1
Kaljankulutuksestakin,1
Kiitäisit,1
Inkvisitiolaitoksiin,1
20vahvanen,1
Arvoetiikkakeskusteluun,1
Tyypillisimmälle,1
Verotuksetsesta,1
Arvoliberaadiudessa,1
Penaserverin,1
6p08ji,1
Tutkijat_ehdottavat_avoimia_rajoja_k,1
Dklmqkb,1
Whaawhaawhaa,1
Argumentaatioharjoitusta,1
Koukkuteoriasta,1
Iqplp,1
Kaiseki,1
Nökkäre,1
Rasistinaamalle,1
Jolkkasta,1
Ehdottamiensa,1
Halkaisukoneen,1
Palestiinalaisnuorukainen,1
Tunteutui,1
Israelilaiskotiin,1
Sapattiaterialta,1
Dfs4yi1waaary8l,1
Käyttöjille,1
Antiglobalistiksi,1
Datankeruuongelman,1
Mökeltämistään,1
Arvaanpuolustuksesi,1
Valmiuksistasi,1
Vartioinutta,1
Kylmyysongelma,1
Rautaovet,1
Rehovotin,1
Amatöörikuskilla,1
Helmelt,1
Teokselt,1
Demographiset,1
Safespacessa,1
Jäsentymättömän,1
Karautettua,1
Lintutarhalle,1
Matolaatikolla,1
Ajatteluprosesseissaan,1
Epärationaalisuudet,1
Taikainen,1
Uhriutumissettiä,1
Cronykapitalismia,1
Kukkaislapsi,1
Kukkalapsesi,1
Panoptikoniin,1
1bv4_p9prmy,1
Nettikeskustelijalle,1
Kohteliaisuuskonventioita,1
Keskustelupragmatiikkaa,1
Yyveessä,1
Jatkuvuusmekanismeja,1
Pseudoreduktionisti,1
Loimutettua,1
Salkkumorfina,1
Mielipidepoliisointiin,1
Kolmikymppisyydellä,1
Uskontoslurrin,1
Savusaunamiete,1
Olppa,1
Saatananpalvojiahan,1
Alisubissa,1
Uhkauksissaan,1
Partisaanihenkeä,1
Apaatteja,1
Doyaku,1
Reikäkohdan,1
Jesaripaikka,1
Kauhistelujutut,1
12941cc5bc4443439c542f6538ddad95,1
Väkivaltariskeille,1
Puhelintoiminnoissa,1
Lapsiavioliitoksi,1
Häirintäsivuston,1
Tallinnalaisella,1
Trollipaja,1
Havaistysnauhoitteita,1
Überharvinaista,1
707af316a0d9691341cbf8da27ebc71f,1
Koulupoikaskolastikkojen,1
Liihottelemista,1
Lämppäritolpat,1
Huoltoasematyyppiset,1
Sopuhintaisiin,1
Mökkimatkaa,1
Kauppareissuajoa,1
Spurgupisteitä,1
Sisaräppinä,1
Spurgulokaattori,1
Perssoniksi,1
Neofeudalisteja,1
Rasistioletettu,1
Sähköliittymiinsä,1
Huoltiksiin,1
Yksityisimpiinkin,1
B2d1a39a89e36a47f9ea7491402e66ca,1
Mustamaalaussuoritus,1
Litrahinnastakin,1
Televisioväittelyissä,1
Hippisuvakki,1
Virhearviotani,1
Hippisuvakkimurhaa,1
Myrkytyskeissit,1
Plagioijaksi,1
Tietessäkin,1
Toteuden,1
Tietsikkanaan,1
Ginzan,1
Ajamalleni,1
Pienipäästöisestä,1
C7ce0035,1
4a0f60e3568e,1
Etnokriittinen,1
Avoimmet,1
Alkoholijuomingit,1
Paremmasi,1
Armyistä,1
Salaliittohullu,1
Ropeporukka,1
Rahahant,1
Viivakoodilukijalla,1
Numerontunnistuksella,1
Vaihtoehtouutissivustoja,1
Sormland,1
Kaupunkilaisuudellaan,1
Maahanmuuttoprojektiin,1
7xrdg9b,1
Omaksuuden,1
Kirvistellään,1
Mazes,1
Nc9slpdfylc,1
Aiempaansa,1
Sukkanukkeväitteen,1
Laamanneista,1
Päällikkötuomari,1
Tuomarinvalintalautakunta,1
Koventiosta,1
Konventioillakin,1
Jetrot,1
Reetut,1
Humisevien,1
Paikallisajassa,1
Tuomarilaitos,1
Kommunistinetsintätalkoista,1
Gulenistivallankaappaajia,1
Tekopyhistele,1
Nimitysasioissa,1
Tuomarinvalintalautakuntaan,1
Tuomarinvalintalautakunnalla,1
Tuomarinvalintalautakunta_0,1
Nimitysesityksen,1
Össä,1
Päällikkötuomaria,1
Teostaisi,1
Maaseutuihmettä,1
Osaomistajavaimon,1
Salanauhoituksia,1
Palkintokarjaa,1
Ytimäkkäästi,1
Korttimäärästä,1
Hullujenhuoneetkin,1
Räkälöitäkin,1
Lähiöidyllistä,1
Collageplatform,1
1010x580_fit,1
571f68db6aa72cb4609d6774,1
C7c980064da9ee1d47da6e0c5cc75a14,1
Bmel_018,1
Viivankäytössä,1
Äkkijyrkällä,1
Violetissä,1
Parodiallisia,1
Melgaard,1
Skolastikkopoju,1
Avioliittokäytännöt,1
Eugeniikkakäytäntöihin,1
Sofismeista,1
Dementoidun,1
Sotatappion,1
Katkeroittaman,1
Hakkuuoikeuksiin,1
Ensikertalaisiakin,1
Luonnollisimmin,1
Solvauskisaan,1
Samastako,1
Punavihervassarifemakkomokuttaja,1
Älyterveysvehkeissä,1
Mikromikkojen,1
Mieliterveet,1
Eriaiset,1
Linuxis,1
Daemoneita,1
Stereotyyppinsä,1
Persupoliitikoilta,1
Äärevistä,1
Ropetin,1
Psykosomaattiseen,1
Itsetuhokierteeseen,1
Mielikuvitushahmoani,1
Kryptisestihän,1
K3a1els6lky,1
Raisulla,1
Palestiinalaisiaan,1
Nimittelijöiden,1
Summoneilla,1
Kävelymäärää,1
Sul6gwd,1
Askeltenmittaus,1
Tekekevät,1
Sahajalosteet,1
Kotipalvelimillani,1
Vähävenäjää,1
Chattiohjelmista,1
Rantapallopeleistä,1
Mamukriittisestä,1
Nettikirjoittelustaan,1
Huollestuttavat,1
Viikinkishamaaneille,1
Kasvotatuointia,1
Laardigeenit,1
Nälänhätöjen,1
Laiheliinit,1
Regeringen_l,1
B6fven,1
Rinnakaisuniversumissa,1
Kryptaysalgoritmilla,1
Turvallisuustietoiselle,1
Qubesos,1
Kommenttireaktiot,1
Pastissiin,1
Jonnniin,1
Muuhunin,1
Pelinjohtajilla,1
Uusiintua,1
Sekalaareilta,1
Tarkennahan,1
Kaksoisstandardiuteen,1
Suvakkiosasto,1
Nationalistijuuria,1
Devaussyntiä,1
Purgatori,1
Löytäsiksä,1
Mokkaakikkeliä,1
Mailimääräsi,1
Epäilevillä,1
Sauvsauna,1
Brrrttt,1
Shkölölllööl,1
Bbpprööt,1
Taputaputapu,1
Uvuaqltmvfy,1
Nipsaise,1
Möyheät,1
Objetkiivisena,1
Kirjoitusmuotoni,1
Pyyhitäkkään,1
Mmmhhmm,1
Avioliittopapereilla,1
سجق,1
يرجى,1
جعل,1
مثل,1
دودو,1
وتختفي,1
Pgqbxsv,1
Masinoinutta,1
Tahoakaan,1
Äärioikeistolibertariaanit,1
Totuusprosentti,1
Harhauttamismetodi,1
Persujytkyt,1
Höpöhöpöjutuissa,1
Pörröseen,1
Väestökasvaisi,1
Siirtokuntablokkeja,1
Loppuelemää,1
Pehmustelun,1
Pehmustelua,1
Haukkumanimitykset,1
Areenaankin,1
Mamukirjoittelukeisseihin,1
Kirjoittelukeisseihin,1
Wl2,1
Ennakkoluuloistenkin,1
Explooraamista,1
Hölkkäsimuista,1
Kasvotatuoidulta,1
Dfään,1
Alkeellisiltahan,1
Putistelisivat,1
Tekstitatuointi,1
Onnenkylän,1
Onnenkylan,1
Kommuunitoiminta,1
Wiedergutmachung,1
Criminals_pay_for_hackable_nokia_phone,1
Huputiti,1
Lastentarhamaikkaan,1
Esikosketusnäytöllinen,1
Clericcejä,1
Blessiä,1
Nethackistahan,1
317fiv,1
Keto_and_effects_on_hormones_looking_for_a_clear,1
Acidophilic,1
Lipolysis,1
Antagonizes,1
Glokoosin,1
Getfit4yourbrain,1
Why_ketones_better,1
Muscle_hypertrophy,1
Hypertrophyn,1
0sji9ckt8ms,1
Liskoarmada,1
Oranzas,1
Brivdienas,1
Touhissa,1
Bordellikoomalamailta,1
Skrivarilta,1
Kiveskellon,1
Kansalaistalkoina,1
Rändömeilta,1
Vuodatatte,1
Toteutuksesi,1
Katerakenne,1
Suolajääloskapaskaa,1
Viherurpot,1
Päästökauppalasku,1
Chailatte,1
Lällälällälällä,1
Yriykseen,1
Äärioikeistopropagandan,1
Väkivaltarikosmerkintöjä,1
Rotuhygieeniaihmisistä,1
Sossutapauksista,1
Loihin,1
Propagandarikkomukset,1
Gewaltorientierte,1
History_of_risc_os,1
Acornilla,1
Arm2,1
Kibbutsithan,1
Kirjaprojektista,1
Alternatiivimedia,1
Hihuleissa,1
Roolipelaajissa,1
Alfailee,1
Realmediaksi,1
Lauantaisaunattomuuden,1
Huumoriyritelmä,1
Saunomisinnon,1
Lähiverkostoon,1
Lärvitatuoinnin,1
Päivänlehteen,1
Luottotoimittajista,1
Vironkieltä,1
Konkurssikierteisiin,1
Kerroistaloasuntoon,1
Maaseutupitäjään,1
Gwcxwhcewby,1
U2uoilyseti,1
Aaaaaaaam2e,1
Kyay3nfrmi,1
Hwvl5m25pneh6,1
Lennättäisivät,1
German_autumn,1
Revolutionary_cells_,1
German_group,1
Nimitysoikeudesta,1
Viranhakija,1
Nimittämisvalta,1
Tuudittaudutte,1
Lasertykein,1
Taloustilanteenkin,1
Puolustusjärjestelyistään,1
Hyökkäämisistä,1
Ei49icis770z,1
Lisämaksuvalmiita,1
Mobiilivetoisesti,1
Osakehitystä,1
Agendajöötiään,1
Vertilutaulukon,1
Unohtnut,1
National_socialist_underground_murders,1
Valuttama,1
Turvelieju,1
Sotarikosasioissa,1
Porilainenkin,1
Superkivajuttu,1
Scrollihelvettejä,1
Shoppailuapeissa,1
Agendajöötin,1
Vahvistumisista,1
Alentumisista,1
Tatuoiduille,1
Resistailukin,1
Sparklinet,1
Edwardtufte,1
Bboard,1
Msg_id,1
0001or,1
Jöröjonnet,1
Kaivospolitiikka,1
Liikahduksesta,1
Rauhaneuvotteluja,1
Sisällistänyt,1
Eläkevirkojaan,1
Intoleraatikoita,1
Vaihoehtomedioiden,1
Rohtschild,1
Iizs,1
Ph8,1
Laidunpellot,1
Duunaririkollisuutta,1
Pihattolehmä,1
Ulkoiluvaatimusten,1
Pästorinti,1
Hirvijuttu,1
Pihattolehmät,1
Tuottajasopimus,1
Turvetuotantoaluilla,1
Vesienkäsittelymenetelmät,1
Vesienkäsittely,1
Sosialistihelvetin,1
Videotodisteitakin,1
Fluchtlingskrise,1
Arvolan,1
Puyyhe,1
Nudistileiri,1
Puolisavusauna,1
Höyrymonsuuni,1
Porttaamat,1
Ihmisväestöön,1
Telttailijoiden,1
6p4kbm,1
Ruotsalaisnatseja_koulutettiin_ven,1
A4_ennen,1
Teollisuussektoreilta,1
Kaventelemassa,1
Mamuhuuteluksi,1
Pakkopsykoosihoitoon,1
Kalsiuminsaanninkin,1
Poikiessa,1
Poikimahalvaus,1
Tuotoskautta,1
Rasvoittuneeksi,1
Nurmetrahaksi,1
Sailorehun,1
Umpilehmille,1
Suolistobakteerikantapoikkeama,1
Crude_oil_distillation,1
Bensaaei,1
Paskabriketti,1
Tietoviisaammaksi,1
Harrastusnettiryhmässä,1
Oikaisijani,1
Disipliinistä,1
Brainstormaajista,1
Pitchailtua,1
Kuvapommitti,1
Turvekylvyn,1
Editoroimista,1
Mutaneekereitä,1
Retrokokoelman,1
Datalahon,1
6lddar,1
Aika_vaihtaa_bannerin_aihetta,1
Turvekylpyyn,1
Ulkoilevilta,1
Ulkoiltu,1
Vesienkäsittelyjärjestelmiä,1
Agenttipeli,1
Uudellenjulkaisisi,1
Kommunistipuoleen,1
Bisneshommeleita,1
Moralisoisikin,1
Patcheillä,1
Retropelitkin,1
1vnlzk8,1
Propagandarikokset,1
Uudelleenjulkaisujen,1
Taustarenderit,1
Backuppinsa,1
Uutistoimituksille,1
Varastoidakaan,1
Kamikazehirvet,1
Pihattotilalla,1
Laidunruoho,1
Liekkaan,1
Sierainfilttereistä,1
Kalsyymiä,1
Työttömyyskorvauken,1
Pedanttisuuttani,1
Somekohuvau,1
Neitilaukullaan,1
Uskontokriitikon,1
Euforistisena,1
Uskontokritiikkinsä,1
Kansaintajuistaminensa,1
Pikkulapsillekin,1
A6747811,1
2jm7icjj8mw,1
Powerm1985,1
Porifoobikko,1
Ymparistokonfliktisovittelu,1
Kunnallislehti,1
Marjaana_toiviainen,1
Satutaavitsainen,1
Qazvini,1
Disinvited,1
Biatchissa,1
Iduskbn15g5aq,1
Kirjojnen,1
Junkieseja,1
Policeja,1
Ateismiuskontoaan,1
Speechista,1
Dawksinsia,1
Raiskausesimerkillä,1
Mamuaiheestakin,1
Paiseruttokin,1
Natsioikeistolaisia,1
Islamofobiakulma,1
Tietoturvaskandaali,1
Martinjärvi,1
Kalmunevan,1
Turpeennostoalueella,1
Kyyveteen,1
Pintavalutuksella,1
Kyyveden,1
Heteroillaei,1
Varaatulla,1
Follailtu,1
Kirjoitetettuja,1
J4xuvxakyd4,1
Dawkins_pridejarva650,1
Ihmisparittelutapauksista,1
Solidbackgrounds,1
Torajyviltä,1
Hornitologi,1
Puukuoriainen,1
Pihakuusellasi,1
Persekauppiaat,1
Halveksivina,1
Pyllykaupusteluun,1
6p63r9,1
Most_expensive_construction_projects_in_history_oc,1
Starlightdown,1
Kävijämäärille,1
Kartoittuvat,1
Infrastruktuurijärjestelmien,1
Hbs0wzd,1
Sturdubi,1
6gmqwdbcemu,1
Rivijäseninä,1
Vennamolaisiakin,1
Eläimenostajan,1
Äpinkin,1
Välityskykysuunnittelu,1
Analyysiohjelmistojen,1
Peruskiukaan,1
Vuolukivikiukaaksi,1
Verkkoviritelmiin,1
Peruskiukaaseen,1
Jenkkijärjestö,1
Votemääristä,1
Suuntaumaan,1
Oikeistoliberaaliuskin,1
Kammoksuneen,1
Pressankisoissa,1
Negativiisiin,1
Lentokorkoeudella,1
Äkkijyrkka,1
Suukottavat,1
632682e0fb603611dc69dc1cb97bbab9,1
Bikaassa,1
Variaationi,1
Rautasaarelaiset,1
Kingsmootiin,1
Nipponanimebanzai,1
Kulkaat,1
Lauseenalku,1
Luontoillan_yhteystiedot_,1
_voit_osallistua_lahetykseen_puhelimella_tai_nettilomakkeella,1
Perseenmyyntiin,1
Vastarinnattomuuden,1
Vaalisaalis,1
Kompaktikin,1
Item58db789183,1
M0bebbcrf7lmhhubzg7rebw,1
Item361a11cac3,1
Mnfylfjkuhsoclyoywhfzqa,1
Änkyräateismin,1
Ostrakismoksesta,1
Kepeyteen,1
Mielestäniuskontoja,1
Pohdiskeltaessa,1
Seuraajalaumaansa,1
Kellojäbän,1
Kärmeksestä,1
Googlss,1
Akallani,1
Kräkänneeni,1
Vileda_style_10_pict,1
Sileämpään,1
Xdeeexxox,1
Mielipieteiden,1
Biaksena,1
Biaksina,1
Biaksiksi,1
Biaksissa,1
Biaksiin,1
Biaksilla,1
Biaksilta,1
Biaksitta,1
Biaksineen,1
Biaksin,1
Kosteeaaaa,1
Keskivertoreddiittori,1
Jenkkitermistö,1
Ravintolavaihtoehtoihin,1
Ravintolaspektri,1
Vakiopizzerioilla,1
Kotiinkuljetushinnoilla,1
Kotiinkuljetusominaisuus,1
Tuotespeksissä,1
Kehitysalueeksi,1
Ollasitten,1
Simmille,1
Torajyvää,1
Idoottivarmaa,1
Torjuntakeinoa,1
Työtttömyys,1
Holmoytta,1
Juppailija,1
Kesarinen,1
Masclukselle,1
Civiliksen,1
Hiisikukko,1
Normaalijätkät,1
Akupedia,1
Nimivaannokset,1
Selaustilassa,1
Hitlerdidnothing,1
Kolkkapoikaosastoa,1
Ergotamiinin,1
Ergottia,1
Teslinen,1
Ohkasempaan,1
Karhunkieleen,1
Udhykmz,1
Hiljennysyrityksistä,1
Kulottavat,1
Pistekuormitusten,1
Pistekuormittajia,1
Tfw_fepfmsm,1
Laskeutusaltaan,1
Energiavarantoa,1
Jrc105792,1
Kjna28517enn,1
Taitorakenteita,1
Ajattelumalleistamme,1
Hyökkäysmahdollisuudet,1
Kanssakeskustelijaansa,1
Nummikikki,1
Mulkunpoltto,1
Vsjsnogwsqo,1
Etnobotaniikkaa,1
Haittaeugeniikkaa,1
Keskustelukumppaneillemme,1
Reunavarren,1
Käsittemään,1
Märkäkorvista,1
Asiantuntijanalku,1
Perustelijoita,1
Piänempi,1
Elääni,1
Kantivikin,1
Onnettomaski,1
Verkkopiuhoja,1
Valmiskaapeleiden,1
Iinnat,1
Karmiininpunaisen,1
Pimeämagia,1
Pronssiperä,1
Elromanni,1
6p83af,1
Dknl52e,1
5hw543,1
What_the_rest_of_the_world_are_thinking_right_now,1
Db3mgeh,1
Kingsmoot,1
Rämettämä,1
Änkyräsuuntauksien,1
Öljyntavoittelusäädöistä,1
Dynastisista,1
Itämetsä,1
Polttavimpien,1
Oltermannijuustoissa,1
Suunpieksiästä,1
Märkäkorvina,1
Iskiöitä,1
62tdfg7,1
300x187,1
Gazan_sota_2014_ja_epahistoriallisen_virheelliset_israel,1
Vastaiset_uskomukset,1
3do2,1
Yuyxtu,1
_h_46rdarkw,1
Hermoverkoilla,1
Synaptiseen,1
Americanalta,1
Missimitoissa,1
Avainkauppa,1
Keyresellers,1
Pleasance,1
Euforiaseen,1
Fortressofdoors,1
Ruupi,1
Lenkkireittini,1
Palkoihmisiä,1
Pariutumishaluisia,1
51f23508,1
Fe3f,1
78564397c1c4,1
Syntypaikkastaan,1
Uudenmaalainen,1
Pullonkorkista,1
Adhesion,1
Item1a263668cd,1
Tluaaoswb09yd5nm,1
Pariutumiseta,1
Käsittelyaikoina,1
Libanonkin,1
Wjjt1s8pgui,1
Rksd80,1
Fcaw,1
Realisoikaa,1
Elomaalla,1
Valttinen,1
Seisho,1
Pöytälä,1
Kippilä,1
Nollanen,1
Mölynen,1
Pontsa,1
Liikakansoista,1
Founderihommista,1
Keskustelupintoja,1
Haastekerrointa,1
Kännykkävideoistani,1
4viikossa,1
Yanko,1
Kylmävesierotuksella,1
201707242200283271_ul,1
Sepissäkin,1
Peruskoodaritkin,1
Tietokantaindeksointeja,1
Trietä,1
Tukivektorikoneiden,1
Haltsaavan,1
Sadistilla,1
Masokistilla,1
Naimakelpoinen,1
Paikkaansapitävät,1
Kellopoju,1
Antiikkiesineitäkään,1
Hoiiiiiiiiiii,1
Nettitreffisivustoja,1
Juttelukaan,1
Virtuaalikyrpääni,1
Painttigraffoilla,1
Paintille,1
Pikavilkaisuna,1
Ylämenu,1
Havaittakoon,1
Kauhuteoistaan,1
Altakulmain,1
Laupeana,1
Sönkkäyksensä,1
Trilemmaa,1
Kaikkihyvälle,1
Jumalentiteetille,1
G2alla,1
Kastikeläiskä,1
3cd3z9qe8c4,1
Dranista,1
Suomiväännöstä,1
Cockinson,1
Lempeinkin,1
Vapettelen,1
Noirvoisin,1
Kuvituskuvalla,1
Höystettyjen,1
Pesäkokemuksesta,1
Pluggi,1
Monipuolaistaa,1
Painttigrafiikkaa,1
Iltasavukkeelle,1
Korsteenipaholaiselle,1
Tupakkatakkinsa,1
Tarttuvampiakin,1
Jokipesä,1
Elohopeakädet,1
Kehitysnopeuteen,1
Muissskin,1
Kännipolttaja,1
Aloitusvahvuudesta,1
5pt7ve1,1
Ensirööki,1
Rykimisestäkin,1
Mielialalääkkeeksi,1
8vjcvbl6uzg,1
Burgerissani,1
Pekonisiivua,1
Wc5vjazn0ptrw8h,1
Hevosjumalat,1
Tulenjumalat,1
Kultaidolit,1
Jalokivisilmineen,1
Kukkaseppeleillä,1
Vuohten,1
Vihamiehiltäni,1
Ratsumiehiltä,1
Palkkamurhaajilta,1
Hiljaisuudelta,1
Ibistä,1
Asshaihin,1
Purjeeni,1
Sprölölölö,1
Puoet,1
Nettitreffipalstoilla,1
Pöhköpäät,1
Höyrytön,1
Dr9vy,1
Sähkötupakankaan,1
Haisevine,1
Pikkukommari,1
Sählämi,1
Femakkokirjan,1
Homogenisoinnilla,1
Maitosokeriin,1
Laktoosiin,1
Lukijakuvan,1
Taksikurssia,1
Laulusessioillaan,1
Arvostelukuningas,1
Hampurilaisvaltuutetun,1
Eeeeiköhä,1
Sätkälle,1
Supermotivoituneelta,1
Pikaruokaburgeria,1
Paluuloikan,1
Viidekskymmeneks,1
Lattiaprosessista,1
Äärisovinistista,1
Tumppukylissä,1
Päihdekierteesse,1
Kasainvälisistä,1
Höyryttömässä,1
Hlökortilla,1
Salaatinkantoja,1
Nesteytyneitä,1
Nollasummapelina,1
Kessuttamisen,1
Oivariiniiiinnat,1
Amerikanserbialainen,1
Täyshintaisiin,1
_warettaminen_,1
Tumppauksesta,1
Tupakkahetkistä,1
Kakkarööki,1
Ruokarööki,1
Kahvirööki,1
Saunarööki,1
Lopetusintoa,1
Pysäkkirööki,1
Venttausrööki,1
Pitääpuhuarööki,1
Ehdinyhdenrööki,1
Eikaitässämuutakaanrööki,1
Vatsanmurinansa,1
Itkuraivoaa,1
Indekseiltä,1
Kyrpälä,1
Pakkoliikkeinen,1
Pikaruokaketjujenkin,1
Paskapurilaisia,1
Einesburgereita,1
Kiukkupyllyilyä,1
Luolalentelyyn,1
Kelloilman,1
Vääristämistoimi,1
Bössyttelystäki,1
Terroristisku,1
Armeliaisuuttaa,1
Tarkoituksenomaiseen,1
Rahtikoneista,1
Mutkittelevasta,1
Toimitusajankohtaa,1
Äksyyntyy,1
A6853746,1
Devauslimboon,1
Kaupunkipiirit,1
Alihankkijatoimittaja,1
Nollaenergiarakentamisen,1
Mäkdak,1
Kesäkuskeja,1
Osoitenumeroja,1
Prosenttijengiläiset,1
Luikertelijaa,1
Äidinpuolinen,1
Nipistelevistä,1
Oraakkelikokemusta,1
Mietinnänaihetta,1
Verkkokauppaostoksessa,1
Duuniosoitteeseen,1
6m26tm,1
Why_socialism_just_doesnt_work,1
Deittiskenellä,1
Tuhatsataajotain,1
Uskontovastaiseen,1
Uskontomyönteiseen,1
Vierastettava,1
Bordellejekaan,1
Rakkaudenkin,1
Pakettiskannerin,1
_tiukka_,1
Aliurakoitsijayrittäjä,1
Itkuhuutoraivareihin,1
Mykkäkoululta,1
Tekstiketjusta,1
Illluminatin,1
Ajosuunnittelu,1
Ovinumeroa,1
Lähisuhteissamme,1
Aikalaislainauksia,1
Geariakaan,1
Seksistisikoja,1
Mikroampeeri,1
Mikrowatti,1
Pakettiasiat,1
Cubisin,1
Nestetilavuus,1
V1cz9,1
Käsittelyalustana,1
Kysymyseksi,1
Ninjoihin,1
Sxri,1
Lapaseksi,1
Panemattomuuden,1
Esteistään,1
Ysiään,1
Kännihoidoksi,1
Hitchenshän,1
Antiteistiksi,1
Uskontovastaisuudelle,1
Nifxsq2,1
Personikaation,1
Dhllä,1
Yksityisasiakkaitten,1
Emergenttistä,1
Speedrunnaukseen,1
Kylmästin,1
Kaappifasistilla,1
Autistihessu,1
Postikustille,1
Liikkumisaikaan,1
Puulaakeilla,1
Kulunvalvontalätkäkin,1
Päiväkuljetuksilla,1
Aktiviteettikeskuksia,1
Nuorisokahviloita,1
Tullaavatko,1
Aamutoimitukseen,1
Iltakuljetukseen,1
Finnish_defence_force_lists_ten_years_of_airspace_violations,1
Parhaatkommentit,1
Högstromille,1
Accesista,1
Todellakaaneirobotti,1
Vannesahoja,1
Määritysvaatimuksien,1
Tiuskaistu,1
Kotitöidenvieroksujaksi,1
Rogueli,1
Kokojulkaisuna,1
Herkasta,1
Leetchaavat,1
Kustannnuksia,1
Täsmähankintoja,1
Mikroblogipalveluihin,1
Minikanassa,1
Berenin,1
Luthienin,1
Kuolemattomuudestaan,1
Editihillä,1
Sotakuumetta,1
Bereniin,1
Luthieniin,1
Sommeen,1
Brittisotilaissa,1
Hellitellen,1
Luthieniksi,1
Edithiä,1
Katollisuuteen,1
Virvatulia,1
Tekemättähän,1
Hiljaistun,1
Mököttämiseltä,1
Crystalro,1
Dlyoyepppl,1
Olo5pkq1qo,1
Samwell,1
Tarly,1
Rj0rnjjyjw,1
Yxoeaxnjn5,1
Michaelblackmon,1
Hywxxw1l19,1
Wyolyv5j5b,1
Xy541eada3,1
Hte74zkjkk,1
Keelyflaherty,1
Costuming,1
Ojejbv2v2z,1
Wn9b7y3638,1
Rh5z9bojoq,1
Vr1pmo787z,1
Jwmccormack,1
Ybggloqnqv,1
Ecaq5eo0oa,1
Pöljäilyllä,1
Rajatakseni,1
Syöpäkirurgeja,1
Alimmallaan,1
Moottorityypeissä,1
Moottorikehityksiä,1
Voimaannuttaisi,1
Pakenemiskohtaus,1
Irtolauseella,1
Pikaruokaketjuihin,1
Lepikkoa,1
Kalmistolta,1
Fantasiaelementtien,1
Halpabudjetin,1
Tahtalteen,1
Haltiapukuja,1
Juustotahnalla,1
Lörttä,1
Lörttiä,1
Juustotahnat,1
Koppuraisten,1
Perunasosetikkujen,1
3deellä,1
Sojou8w,1
Kirkonvastainen,1
Hedelmäsekoituksista,1
Höyryntuotto,1
Savukoneeksi,1
Ultranopeisiin,1
Muheuttaako,1
Uskonliikkeetkin,1
Kallionsisäänlouhittuja,1
Romppeeksi,1
Teekesteille,1
Kotioveani,1
Lähiärrältäni,1
Parempilaatuisempiinkin,1
Peliseuroja,1
Leijuskelu,1
Amatöörineitsyiden,1
Örkkiruumista,1
Elämäkertaelokuvan,1
Jenkkinäppäimistöllä,1
Kirjoittelustani,1
Käsityskyvystä,1
Vertaisverkostot,1
Sameista,1
Superpekoni,1
Bonuskorttialen,1
Myssytkin,1
Latitudee,1
Yrityskannettavatkin,1
Säntäilevälle,1
Räiskyen,1
Äärisionististen,1
Rötvöttää,1
Hymyillenkö,1
Passiiviis,1
6pe607,1
Rsuomen_naiset_miksi_m,1
A4tte,1
Dkos38i,1
Hipsteriravintolaan,1
Sisarruksen,1
Kierrätykseet,1
Mainoskieltolapun,1
Kalliomoskeija,1
Bringillä,1
Tyottomyystoimisto,1
Änkkäämään,1
Uspsin,1
Aikaväleistähän,1
Leikki_kentällä,1
Midikloriaanien,1
Nokisissa,1
Dropoff,1
Infrapunasaunamiete,1
Wwfeatures,1
1600_640,1
P024vqg6,1
Jxcycle,1
6p3kgp,1
Kerro_tarinasi_kirjaan_tabut_miesten_el,1
Mädännyttävästä,1
Selkarangattomia,1
Lukuuonottamatta,1
Nlqkt9ngfre,1
433e1045,1
36e09c258f81,1
Vuosikeskilampotila,1
1847alkaen,1
5zqhvi5,1
Nököversiota,1
Hampulaispaikkoihin,1
Nauhgty,1
Lounashampurilainen,1
Imijävuori,1
Jakeluaikoja,1
Jakeluaikojen,1
Fvu7tbt,1
Schwarzeneighbor,1
Dhlstä,1
Sivilisaatiohan,1
Haistvitraha,1
Superjuustopekonihampurilainen,1
Iskemaan,1
Tasapainotasolleen,1
Konttoreistaan,1
Postipankilla,1
Säästöpankkitoiminta,1
6pfqhd,1
Kun_siit,1
A4_saippuanpitimest,1
A4_oli_kerta_eilen,1
Norjalaispotilas,1
Hävittäjätoimituksena,1
Ruotsissasan,1
Ilmoistusherkkyyden,1
Sarkasmivivahteisesti,1
Xmagnetic,1
Tervanvesi,1
Tervankusi,1
Manolomaita,1
Antifasjwksi,1
Marduusiassa,1
Teinarikäytöstä,1
Mykkäkouluaan,1
Sianruhoja,1
Sähkökuormuri,1
Nostalgisromantikkona,1
Mörrinkäisenä,1
Escortiseni,1
Kommunikointihäiriönsä,1
Lääkärikäyntianalogiasi,1
Yliyksinkertaisessa,1
Demarimauste,1
Keittonuotioon,1
Raaskinutkaan,1
Sammahdettiin,1
Pilallemeno,1
Ruukulliset,1
Hyppyheimot,1
Ilmoitysherkkyys,1
Reggautua,1
Kasinosaitille,1
Swapperia,1
Puolivuotisjaksossa,1
Rikostatistiikassa,1
Linnanmäkikin,1
Luontohelmi,1
Sähköiseenkin,1
Sessionsia,1
Mopomallia,1
Irtovastuksia,1
Pöytälaatiikkon,1
Boheemeilla,1
Äänihoitoja,1
Hännissähän,1
Täyttäsit,1
Zbookia,1
M1200,1
Zbookin,1
Alumiinirunkoineen,1
Clickpadi,1
Novabenchin,1
Sp7uk4x,1
Ailua,1
Polyesterikarvoitusta,1
Nälkävuosistakin,1
Peltotyöhön,1
Talousshokkia,1
Cirjaisinta,1
Sattopa,1
Inkkariurakoitsijoiden,1
Talsittavaa,1
Hiisauskalliota,1
Ilmoitusherkkyydessä,1
Huutopalvontakilpailussa,1
Puolisvuodessa,1
Tiivistelmäbotit,1
Vieroksuviakin,1
Ieaxkecuuje,1
Parisuhderaiskauksessa,1
Alkuvuosipuoliskolla,1
Kulutettussa,1
Wktc0lrtuai,1
Imetykselle,1
Atojakin,1
Itnchbz,1
Aamupostiakin,1
Parvekekalusteiden,1
Puuasioiden,1
Havupuutärpättiä,1
Aallonharjaksi,1
Runberg,1
Pelejäään,1
Syyttäjäviranomaisena,1
Logistiikkaperkele,1
Kesälomittajista,1
Liudentaminen,1
Kuivaapi,1
Peltotyössä,1
Majdollisuuksia,1
Morjastaa,1
Peltiastiaan,1
Pihatuli,1
Asiakaspalvelualttiutta,1
Toimitamassa,1
Someskandaaleista,1
Kudostuhon,1
Brittivirkamiehet,1
Positivismia,1
Retroilufiilistelyarvoa,1
Tyylivalinnassa,1
Ulostetransplantti,1
Populäärikulttuurillista,1
6o28kb,1
Saako_seksin_aikana_imett,1
Whatdoesitmean,1
Index2343,1
Sisiliskoteorian,1
Tallonpa,1
Kissanpissalle,1
Deletionit,1
Piija,1
Pikkaraista,1
Uutispaukkua,1
Mörkö_socken,1
Huulipyöreyttä,1
Pyykkilautavatsoineen,1
Väräjävine,1
Hauiksineen,1
Wube,1
Pitäisiköön,1
Epäinnovatiivinen,1
Bakteerikantojansa,1
Aznude,1
Mrskin,1
Carlajuri,1
Pornosaittilinkistä,1
Loistoleffa,1
Sjwyden,1
Leikkikaluilta,1
Startterikitillä,1
Boxmodiin,1
Vastuspuolelta,1
Cubisissa,1
Notchcoil,1
Kivijalastakin,1
Vaihtopatruunoita,1
H168533,1
Uspdlarge,1
Uutsisaitti,1
Hörhösivustoja,1
Deatnu,1
Lohenpyynnistä,1
Hallintavallalle,1
Hallintavallallaan,1
Kirjelmässään,1
Mc9ajn5l4gs,1
Imetyssäännöt,1
Imetysinstrumentit,1
Normaaliyksilön,1
Sinappisingolleen,1
Vtcnpx_lza0,1
Välitettäviksi,1
Alttioikeiden,1
Blogisivustot,1
Saippuanmuruja,1
Rekrysääntö,1
Räksytytystä,1
Jeesailua,1
Tervallahan,1
Tasapainomme,1
Suoralinkkaus,1
Kassakoneeni,1
Lobbausrahoja,1
Sekssdtuy40,1
Operandissa,1
Koetoksiin,1
Komppanjakokoisen,1
Delegointikyky,1
Letkuruokintaa,1
Energiaolentosi,1
Aynrandilaisen,1
Skarpimmat,1
Löpsähtänyttä,1
Previewinä,1
Rapsutteletko,1
Pikseligrafiikoille,1
Imetysikäiselle,1
Koulutusoppien,1
Alleged_support_for_paedophilia,1
Opengraphia,1
Rukkikaverin,1
Ihmisraakileelle,1
Järvenrantatontteja,1
Rantavaatehuoneiden,1
Seinäänkiinnitettävänä,1
Kulmarautojen,1
Ovipuhelimille,1
Työajoille,1
Tarrautuvaa,1
Jäykkine,1
Epäkaupallistakin,1
Peligrafiikatkin,1
Leegopalikoista,1
Synopsilta,1
Kuskeillle,1
Kalapedin,1
Mustalaisnaistakin,1
Ulostetransplantaatteja,1
Difficilen,1
Lannuttamiseen,1
Monipuolisempiin,1
Lc3a4hentyminen_01,1
Mannetouhulta,1
Sukupolvihan,1
Löylyhajusteita,1
Älälääpi,1
Riskiryhmämamuja,1
Älähdyksille,1
Kohdentamattomille,1
Olkilukkoon,1
Chir,1
Samp3,1
Marjankeräys,1
Valmetauto,1
Teollispaskaveroa,1
Kouluruokabudjettia,1
Kritikaalia,1
Nestesaippuakanistereita,1
Itkuks,1
Inttiuran,1
Monipäiväiset,1
Miehistökoulutuksesta,1
Kiintoisesti,1
Tervaveden,1
Tar_water,1
Urlinmuutospalvelulle,1
Oivallinene,1
Tindermätsille,1
Kirjeyllärin,1
Digitaalifonttia,1
Kirjekaverihommaa,1
Rintamakirjeet,1
Susityyliin,1
Jakelupinoon,1
Totaalivolyymi,1
Toimintakaavioon,1
Hullusektorista,1
Harhatodellisuuteen,1
6m7rp_ghv6k,1
Liutusta,1
Finaalivaiheesta,1
Hömppäkuvat,1
Osittautunut,1
Tideotustilaisuus,1
Esittelläään,1
Rss_viewer,1
Arvuuttelubingoon,1
Romanioppilaita,1
Alustaisit,1
Provokaatiokulmaa,1
Hoitoontoimituksesta,1
Ftqbinvzqay,1
Tililtähän,1
Mökasin,1
Riskiliksaa,1
Miesmaiset,1
Notebooksbilliger,1
Laskuavarjohyppyä,1
Hyöttyä,1
Korpikommunistiyleläinen,1
Kirjepuolen,1
Foliovaihteen,1
Lisäfolio,1
Hits_blunt,1
Yksilökysymyskin,1
Johtajakautenani,1
Lahjatavarakaupassa,1
Aulatiloista,1
Pulpetissaan,1
Tervaallista,1
Tervaallinen,1
Nhylsnadmye,1
Vakijärkkärieitä,1
Makkarantuoksussa,1
Foliokoti,1
Suihkunraikkaan,1
Toimirajat,1
Trasponderi,1
Puolustusohjelma,1
Stevarista,1
Klupi,1
Kuplaelämällesi,1
Orjalaivue,1
Msqqbk6xb5a,1
Crazyltä,1
Joukkumurhaan,1
Odlbiqswece,1
Fasistikortillaan,1
Päällystöluokkia,1
Koulualueet,1
Jatkotoimenpitein,1
Katevaje,1
Tavararaideliikenteessä,1
Oppilasturvallisuus,1
Maalaillaanko,1
Pedarimyönteiseksi,1
Suolakallaa,1
Oppilasturvallisuudesta,1
Poikaiässä,1
Miesopettajaltakaan,1
Aulatilanteessa,1
Valmennuksessasi,1
Lähteemisen,1
Naisopettejaa,1
Naisopettaa,1
Radikaalifeministiksi,1
Jokiaiheinen,1
Aguas,1
Phslu8oxdz4,1
Relampaa,1
Uakti_,1
Soittimistaan,1
Metadatansa,1
Yrityssekoiluiden,1
Ajuriongelmista,1
Wifiajurit,1
Yrityskampetta,1
Erikoisohjelmiaan,1
Boottiruutu,1
Linuxvarianttiin,1
Huoltoystävällisimpiä,1
Servicemanualit,1
Jrille,1
Ilevan,1
Palkatuilleen,1
Restaurointiharjoittelua,1
Heitteillejättöähän,1
Hyväksyttväksi,1
22xx,1
Trampoliinipuistoon,1
Kuullesaaan,1
Tyrehryttää,1
Lähimmänluokan,1
Romanipuheelta,1
3hk4u41uujx923f42e3550hn,1
Vaikutealttiille,1
Väkivaltaatekeviä,1
Voimankäyttömahdollisuutta,1
Ensikertalaisuuspelleily,1
Torstaijako,1
Heroiinistin,1
Chargebackkeja,1
Transponderista,1
Sotilaskoneiassa,1
Dkc1fha,1
Syväjohtamksessa,1
Puhujakseen,1
Edellyttäisitkö,1
I23,1
Smdl6v,1
Tuottamatkaan,1
Sotilasjohtamisella,1
Kaverietten,1
Seksuaalirikoksiksissa,1
Tt0805441,1
Yonnononopopolouksen,1
Sotilasseikkailuillaan,1
Nitistämisellä,1
Neuvostoliitonaikoihin,1
Esikatselukuvakin,1
Klaanipohjaista,1
Luonnonsaippuoita,1
Kohtauslääkkeiden,1
Särkylääkesärkyä,1
Equasymit,1
Pienevien,1
Kiintiöpelleilyn,1
Nummipusulan,1
Pullosaippua,1
Neuvostoliittoko,1
Viittaaillaan,1
Uskonnollissävyinen,1
Reikäisä,1
Anarkistirieha,1
Julistautuikin,1
Fasistileimasimen,1
Croppaamiseen,1
Etabloimiselle,1
Nahkafetissistit,1
Aivopierussaan,1
Työnkannattavuutta,1
Luokkajudon,1
Riuduttamille,1
Luurangoille,1
Kynmpillä,1
Betonihommat,1
Yksityiskohtasemmalle,1
Saunatimojuttu1802ll_244_uu,1
Orjakaarnaveneitä,1
Istumatyöt,1
Maailmanhallituskin,1
Facisteiksi,1
Facistin,1
Putkahtaen,1
Esikatselullinen,1
Robert_atkins_,1
Voileipäohjetta,1
Kompensaatiosysteemi,1
Eläkkeissään,1
Superkertoimet,1
Twizzlereillä,1
Ilmatyynyjen,1
99undjv,1
Sex_effects_of_water_pollution,1
Vesisaasteet,1
Lääkejäämiin,1
Blokkereina,1
Koiraissa,1
Feminisoivia,1
Vesiteollisuuden,1
Kare_halonen,1
Sirpaloituneempi,1
Valtamerimatkustusta,1
Tasalämpöisiksi,1
Taspäistäminen,1
Coldwar,1
West_germany,1
Marskmanista,1
Vaikutusetäisyydestä,1
Etäisyysmittauksesta,1
Fanisivuilla,1
Äijävoimaa,1
Hyipaha,1
Sateenvarjoauktoriteetti,1
Hipsteripöhinän,1
Uskolteltua,1
Kybertulevaisuuteen,1
Wcc5zhqwdxy,1
Rftaxcmw,1
Estrogeenimatkijoista,1
Naarasmaisemmaksi,1
Koirasmaisemmaksi,1
Siikakaloissa,1
Naarasyksilöilläkin,1
Kutukyhmyjä,1
Siikakaloilla,1
Salaliittoteorianhan,1
Pompahtele,1
Tajaan,1
Appelsiinipäinen,1
Itkemiskortin,1
Tohtori_kempele,1
Paikallisidentiteetin,1
Sirpaloituneena,1
Poliit,1
Rnspa,1
Sisäpinnoitteessa,1
Synonyymeiks,1
Jätevedenpuhdistusmenetelmät,1
Alkuhoidolla,1
Molemmpin,1
Pullapäiviin,1
Suojaravinteita,1
Sörssönsönillä,1
Vasemmistoliitostako,1
Ktritisointihan,1
Pääartikkeleissaan,1
Zqk5y9v,1
Spektruminen,1
Kulttuuritekomatskua,1
Lääkeainejäämiä,1
Gco_web,1
Bruttokuukausipalkkansa,1
Apterkkariliiton,1
Särkyläökkeistä,1
Särkylääkekuolema,1
Pl0ep00a,1
Fasismikeskusteluun,1
Juguqjv9yly,1
Kanoottejakin,1
Amatöörinyrkkeilymatsin,1
Hakusanakomboista,1
Hakusanakombo,1
Kajakkivuokraus,1
Npaino,1
Näyttöääjyrki,1
Saastetilanne,1
Altistumisriskistä,1
Laimennusaltaana,1
Meriekosysteemeihin,1
Syanoyhdisteitä,1
Tuhatkertaiselle,1
Kosmetiikkatuotteeseen,1
Hakukonekehitystä,1
Sisältöotteen,1
Hakutulossivuilla,1
Varauskalenteriin,1
Hyökkäyshelikoptereiltä,1
Ilmarynnäköiltä,1
Seuraanhan,1
Historiakontekstissa,1
Hipsterimimmit,1
Kikkelinvenyttelyltä,1
Nesteettömänä,1
Sisöltö,1
Alkumainontaa,1
Jenkkiajatusmaailmaa,1
Sisäänpääsykontrollia,1
Runkkuveijareita,1
Kanssasaunojilta,1
Baryonasymmetria,1
Matalaentropiseen,1
Länkkäripukuja,1
Avainsanakenttään,1
Maailmanhallituksessa,1
Suhmuroinnint,1
Lobbariarmeijoille,1
Bieberia,1
Päätäntavaltaa,1
Dälek,1
Suomiräpistäkin,1
Ärtyvälle,1
Paskamielipiteittensä,1
Raitiovaunujutun,1
Fideant,1
Lähiöbussit,1
Retkipuotilegacy,1
Vuokravalineetjavarusteet,1
Kuutinlahdenmelontatukikohta,1
Pissojen,1
Pillerijäämät,1
Vesihuoltojärjestelmässä,1
Otamaan,1
Vaalitilaisuuttaan,1
X11r7,1
Man1,1
Xrandr,1
Piiskaövereistä,1
Keskityyminen,1
Kordinaatioperseily,1
Suamalaisittain,1
Maksukerta,1
Varausaikojen,1
Unohtumattomana,1
Kulttuurielämyksenä,1
Polarisoijina,1
Lomanalku,1
Äänipotinkin,1
Keskusteluasenne,1
Suhtahtumisessa,1
Sukulaisuuteni,1
Persukunnallispoliitikon,1
Kanoottivuokraaja,1
Evgeniyapetrova,1
W580d4,1
Z_2012_09,1
Putin_crane4,1
59095508c14b3c606c104882,1
W_727,1
Olevinaankaan,1
Observoinnista,1
Asiakaihin,1
Stabilisaattorin,1
Hevonvittupelleilyt,1
Kalustohankintaan,1
Majoituskuluilla,1
Sekamallia,1
Justlinuxthings,1
Takkuuntuivat,1
Shamppoonkin,1
Superjuustopekoni,1
Animalfactbot,1
Puistohengailuun,1
Runkita,1
Ransiksetko,1
Pienpanomobaarin,1
Lukihärövirheen,1
Umpieritysjärjestelmän,1
Edc_report_layout_cover_draft_test_290113,1
Hormonihäiriköihin,1
Edc_summary_report,1
Antropogeenisille,1
Kemikaalisaasteen,1
Riskiarvioinniksi,1
Roticin,1
Oikeistolaiskaveri,1
Hxb88,1
Markkinoimasssa,1
Romanityttöä,1
Historijoitsijalta,1
Tulonsiirtosta,1
Ryöstövuokria,1
Rekisterinhallituksesta,1
Tominimiksi,1
Työkaluvuokraamoon,1
Työkalukorjaajaa,1
Kajakkivuokra,1
Vesiurheilukeskus,1
0q0hknd,1
Puoluevaalin,1
Velovoitteeton,1
E7470,1
Kummilusikan,1
Kajakkivarikko,1
Vajakkikarikko,1
2560x1600,1
Mqatsjquhv0,1
Sekasaunapiiris,1
Ympärisöstä,1
Henkilöstomäärä,1
T4s0wdk,1
Sijoitusrahastotili,1
Lakisääteisestikkin,1
Kaiverruksin,1
Korvasieniään,1
Idioottimaisuuksiakin,1
Edustajavat,1
Palkanallennusta,1
Tienaaviltakin,1
Turvallisuusneuvostoihin,1
Paattyakseen,1
Ensihammas,1
Ensikihara,1
Kastekehys,1
Vakiohenkilökunta,1
Kuivakelmumainen,1
Saunatauoilla,1
Terveysuhiltaan,1
Lippäjärvi,1
E7ombq1vkcm,1
Missävittuun,1
Lääkityltä,1
Sukupuolitautiklinikoilla,1
Vilniementie,1
Lippäjärvessä,1
Roudadaan,1
Teollisuusjätteeseen,1
Ponttooniviritelmällä,1
Teekkarisauna,1
Ravintolakävijä,1
Päihderiippuvuuttaan,1
Miehehän,1
Scoraamisesta,1
Miesopettajankin,1
Kummimuksulle,1
Lusikanja,1
Puurolusikaksi,1
Journalisteilleen,1
Amatöörikirjoittajilla,1
Cusmariiniks,1
Komminust,1
Tervannut,1
Intellectualdishonesty,1
Liikutta,1
Cuckakaali,1
Tiukkaamaan,1
Marvelously,1
Sosiaalidystopia,1
Ruokaämpäriin,1
Yoast,1
Izāmō,1
Sindimō,1
Iw0h29thxnw,1
Virkistystili,1
Vähennysrajat,1
Yritysrekistereiden,1
Työllisyystöissä,1
Kesäsijaisuutta,1
Eiolmunturku,1
Ketäpositivity,1
Pelipoik,1
Kanoottivuokra,1
Kanelipullantuoksuista,1
Lyhkäsis,1
Napatopeis,1
Oikeudenloukkauksena,1
Ansaintakriisi,1
Äkyvyyden,1
Eurauksena,1
Kaksoishamppariaterian,1
Näitän,1
Työttömyyspläjäys,1
Vähentyypä,1
Fntr2an,1
Yritysrekistereille,1
Nthopo5tqdk,1
Hajottaville,1
Imperiumejakin,1
Hakutuloksiakin,1
Nauset,1
Peniksemme,1
Räpsööläiset,1
Uimalat,1
Vemppareita,1
2hkdb4,1
Deliv3rator,1
Kahvikämpän,1
Träskändän,1
Toimeentulotuest,1
Peruslinkit,1
Yhteissaunominen_suomessa,1
Lokoisemmat,1
Kommentoijakunnan,1
Rikastuslähiöissä,1
Hapottaisitko,1
S7xm0hmpez8,1
9m42s,1
Palvelukokonaisuudet,1
Pyöränikin,1
Tunnistelaatta,1
Katkaistuin,1
Hopejaloste,1
Suoralennolla,1
Tulonjakoresepteja,1
Kommariyhteydet,1
Jälkisurmat,1
Kokoonusnuoria,1
Katosipa,1
Betoniporsaineen,1
Suuuuami,1
Luonnontieteitten,1
Harrastuspyörienkään,1
Panokirja,1
Trelockia,1
Varjotarinoita,1
Miespieru,1
Paperileikkurilla,1
Panokokoiseksi,1
Turvapaikkakohdetta,1
Naistenalistajat,1
Hirveitäkin,1
Supernistejä,1
Verokäytäntöä,1
Bonuksilleen,1
Torkkupeitotkin,1
Sotienjälkeiset,1
Bodominjärvessä,1
Itseääntäynnä,1
Telakkayhtiöt,1
Alkuinvestoinista,1
Vähmennysrajoista,1
Osapäivätyön,1
Kampasidontalaite,1
Kustomitilauksena,1
Vaestorakenne,1
Verkkojulkisuudessa,1
Tappokuumotuksilla,1
635155_ffe3f8_large,1
Draamankerronnan,1
Ajankuvaksi,1
Poiminnallahan,1
Nettiurkintalait,1
Virkistyssetelit,1
Kantelutoimistojen,1
Kansankyyneliä,1
Tirauttelevan,1
Neuvostopelolla,1
Ratsastellen,1
Skeipissä,1
Kustannusperiaatteella,1
Tositotuus,1
Edistämislaki,1
Kaljareseptiä,1
Rahankeräysprojekteista,1
Siviilijohtamisesta,1
Valkoisimmasta,1
Suomalaisten_usko_ja_uskonnolliset_tavat,1
Aukkopeitteet,1
Virkistysseteli,1
Rauhoitaa,1
Varotuslappusten,1
Sisävarastointitilojen,1
Nussimiskirjan,1
Golamir,1
Hossaini,1
Luopujaa,1
Toikeasti,1
Ikelläkin,1
Siddyfi,1
Positiivissävytteisempiä,1
Itäeurooppalaishenkinen,1
Sovjetistinen,1
Neukkujennuolijat,1
Kwvyin,1
Nuorisopoliitikkoon,1
Vihapuhetyöryhmällä,1
Huumostakin,1
Kuumoteltuja,1
Puolipakanaa,1
Jatkumoakin,1
Europacorpin,1
Paukuillaan,1
Oikeudentunteeseen,1
Pyyntimuotojen,1
Lohijokimankumista,1
Sosiaaliseeraamisiin,1
Resursoinnit,1
Puoltoistamiljoonaa,1
Ryostoa,1
Ubk0pmw,1
Lustraatiotielle,1
Tiedonantia,1
Ulkonaisia,1
Lobbauksenpaljastuskomissio,1
Alkuostot,1
Myyntisaamisilla,1
Repisisivät,1
Höpisisivät,1
Pseudoboheemeja,1
Tervoismeja,1
Kirkonpolttojuttuja,1
Ourjerbs,1
Ääriautoritaarisesta,1
Ritualistisesta,1
Uskontomeemistä,1
Pihistäneen,1
Fillarivarkaista,1
Lahjatilin,1
Kiihottumiseni,1
Vuotuispoistoarviolla,1
Konditionaalimuotoiseksi,1
Persoonamuotoiset,1
Pyörävarkaussuma,1
Xmvrm,1
Kiinnijäämisriskinsä,1
Alirediittiin,1
Vihapuhevainoa,1
Cgsnq0y,1
Monitorointiyhteiskunnasta,1
Varttuneempaakin,1
Meloon,1
Aukkonpeitteet,1
Turvapaikkakikkailua,1
Spaghettimonsteri,1
Vihapuhevainosta,1
Veronkorotussuunnitelmilla,1
Nettivittuilua,1
Suvakkiudessa,1
Nettomaksajuutes,1
Melkolaisella,1
Shopperia,1
Kultakutriuskoa,1
Helsinkivastaisuutta,1
Städdii,1
Painummaan,1
Tubiin,1
Makkarahommissa,1
Marcus_fist2,1
Kidutuskuolemalla,1
Näpäyttelen,1
Koekuvauksiakaan,1
Tyärelle,1
Ajatusrikollisuudesta,1
Virheluennan,1
Bitchaat,1
Supernisteistä,1
Landenistit,1
Muutamiinkin,1
Proxykasan,1
Polkupyörävarkaustapauksen,1
Ryöstöpuolelta,1
Nettiräksyttämistä,1
Hurjatpojut,1
Vihannesfoorumeilta,1
Vihapuhekontrolliin,1
Normivelvoitteistaan,1
Edenneille,1
Matkakuluille,1
Sovereigncitizen,1
Hipsterivihkosella,1
Likelläkään,1
Valaitse,1
Raneonkingi,1
Löytötoimistoon,1
Laurelinea,1
Ottamiini,1
Makkaranpaistoluvat,1
Jugot,1
Näyttelijänvalinta,1
Dehaan,1
Pariisilaismalli,1
Märkäkorvaisia,1
Tekstaritulvaa,1
Sisällöin,1
Matalapalkkaduuniakaan,1
Matalapalkkajuttujen,1
Jokakuukautiset,1
Hurrja,1
Avaruusagentit,1
Paratiisiplaneetalla,1
E6e82350,1
Protestantillista,1
Pesäpallojengiä,1
Energiaravintoa,1
Energiaravintona,1
Energiaravinnoksi,1
Sokerimolekyylit,1
Yhteytyksessä,1
Verenkierrolla,1
Lämmönpoistossa,1
9rwjb7t8cfo,1
Ketosiksesta,1
Dan8qtgqri8,1
0d6e7ca628ccfcfcf507391d2679c17f,1
Ylikalastamista,1
Kestävyysloikan,1
Pikkualepaa,1
Rautalankasidotuista,1
Loppuunastimietittyjä,1
Taskuvihkot,1
Dmdvx,1
Httnt,1
Muistikir,1
Taskuvihkoa,1
Leuchttrumeja,1
Pakettitarjouksella,1
Leuchttrum,1
Huomaamattomilta,1
Pikkuvihkot,1
Juomavalmistaja,1
Pienpanimomäärä,1
Summailtu,1
Veronmaksajakannalla,1
1sprj,1
Syyhkisit,1
Ekoteatteria,1
Yllätyskäynnin,1
Kyläläistensä,1
Maistelumatkoja,1
Sidewaystä,1
Toyototalla,1
Pidennysosa,1
Rannekoruksi,1
Arjalaisopit,1
Kickstarttaaminen,1
Vajakkivuokraamosta,1
Satunnaishommia,1
Läpipäästämiä,1
Normaalivarustusta,1
Ajatelleesi,1
Pikkuhommiakin,1
Roskapussipaketin,1
Tarpeettommat,1
Erityiskohteluita,1
Karvaammista,1
Triplahumaloidut,1
Giamattin,1
Dfry24nv0aai7hd,1
Piripäisen,1
Muovipäällysteisistä,1
Pällittestit,1
Transihmisjahti,1
Aatelissyntyiset,1
Hautakivestään,1
Ageeraus,1
Natsiyhteistyöstä,1
Yhdysmiestoimintaa,1
Komissaarikäskyä,1
Vaalivälineitä,1
Estinilmastonmuutoksen,1
Polmiuhkaus,1
Ostotodistuksia,1
Runkonro,1
Biomuovikasseja,1
Rihmaksi,1
Kämmenlihoihin,1
Yb76aobigcu,1
Koomauksen,1
Pakkojyvittämään,1
Kahvilakon,1
Aamullinen,1
Iralta,1
Vapaaehtostöitä,1
Motolinjalle,1
Xlihan,1
555zqq9vcp,1
Sukkienpaikkaaja,1
Vyöryvään,1
Ympäristömessias,1
Sellupuuplantaasilla,1
Hapettuneilla,1
Ravintovinkit,1
Kierrätysmuovikangasta,1
Monikyldyyrisyys,1
Vähentämispäätöksen,1
Keittolinjalle,1
Naistennielijäksi,1
Leffaseuralaiset,1
Peruskliseitä,1
Ullanlinnas,1
Ptqxguv,1
6pp1st,1
Serious_military_people_how_might_the,1
Dkr0onv,1
Refrigeration,1
Sniffling,1
Albuterol,1
Nimitystaitaa,1
Yhdyskuntajätteet,1
Käsittelytavoittain,1
Statfin__ymp__jate,1
010_jate_tau_101,1
5b42,1
113a69ba0eeb,1
Kokonaisjätemäärä,1
Kaatopaikkasijoitus,1
Muovipussini,1
Taistelupuvut,1
Metsäolosuhteisiin,1
Soldierss,1
Sosialisioinnilla,1
Exxsbth_d,1
Akkusähköön,1
Polttomoottoriaikaan,1
Nuupahtaneiden,1
Pitkistäkään,1
Myyntikieltojakaan,1
Nojailevia,1
210mg,1
Pissaiset,1
Pissanhajuinen,1
Kickstartattua,1
Öljytisle,1
Islam_in_tunisia,1
Puuterminaalista,1
Nuorisojärjestöthän,1
Talouskäyrä,1
Vireystilani,1
Pikkuboostin,1
Nuutuminen,1
Muunnoshormoonit,1
Laskeksin,1
6pnyw7,1
Transgender_people_cant_serve_us_army,1
Dkrr6ch,1
Henkiselllä,1
Olennaisempaakin,1
Asiakkuuksina,1
Kuppaushinnoitteluksi,1
Lääkkeidenottoaan,1
Puuplantaasitoimintaan,1
Harvestoitavilla,1
Kokonaishaitallisuuden,1
Terveysvakuutusjärjestelmänkin,1
Sensorih,1
Tiistaijakelu,1
Tutkintaresursseista,1
Rankaisemattomuuspolitiikkaan,1
Nettiuhkailijoiden,1
Peeaana,1
Treffailisin,1
Hiukkastasolla,1
Puuterminaalien,1
Trollibussi,1
Vieroitusoireesi,1
Väsyms,1
Pusujen,1
Kâytti,1
Sleevellä,1
Ohjien,1
Treffipyyntökin,1
Selibaatissakin,1
Työsuoriutumisestaan,1
Yliopistokuplissa,1
Tunisiankin,1
20tuomioistuin,1
20dublin,1
20asetus,1
Suuriherra,1
Haittaparvekkeilu,1
Muflonille,1
F7xuz,1
Trumptutkimukseen,1
Pakolaisvihaajat,1
Pakolaisvihaajan,1
Kainalopierusatiirimeiningillä,1
Jenkkeily,1
Jenkkityypisiä,1
Tehtaidan,1
Johdinkaapelien,1
Retrospektiiviselle,1
Kansanruumiin,1
Wx3mkue1ewq,1
Paljastustyön,1
Paljastustyöhön,1
Kannanilmaisu,1
Kennedyjä,1
Bitumille,1
Kuusikertaisesti,1
Demmunisteja,1
6e450a8b8b05cceb95d32229563a40b2,1
Jenkkisotien,1
Toimivuuteenhan,1
Sähköpostiskandaalitutkinnalla,1
Lainrikkomusten,1
Karkoittamiselle,1
Jawas,1
Kanssasotilailleen,1
Vatipäisimmät,1
Transukupuolisista,1
Yhteiskunnallisisiin,1
Keikkatyöllistys,1
Placer,1
Iptvtechniq,1
Narcos_pablo_escobar,1
Hormoonitasot,1
Muutoks,1
Homoseksuaaleiden,1
Piristävyyteen,1
Kahviaddiktiota,1
Tolppiensiirtelijöiden,1
Leikkkaus,1
Aivu,1
Detoxisi,1
Anemioita,1
Henkivartijamaisesti,1
Pakolaisvihaaja,1
Pakolaisrakastaja,1
Sähköpostiskandaalijuttu,1
Uraanikauppoja,1
Avoimuudestahan,1
Amerikkalaisittainkin,1
Korkeakulutuksisin,1
Markkinointiluvut,1
Verrokkiautolla,1
Huomauttanet,1
20milligrammaa,1
Levoamphetamine,1
Lisdexamphetamine,1
Methylone,1
Cathinones,1
Synteeseistä,1
Adderalissa,1
Tehohybridejä,1
Tungeksisi,1
Sähkömoottoripyörään,1
Sähkökyykyn,1
Sporttipyörä,1
Ls218,1
Ryssäpankeilta,1
X5uhepz2,1
Laittautunutta,1
16b970e2000005dc,1
661_634x549,1
Dialogipainotteisessa,1
Sähköshokkipilipalihoidot,1
Treffivoimasuhteet,1
Uudestaab,1
201707262200288424_u0,1
Thousa,1
Yhuleexuulg,1
Koostuisikaan,1
Läträämiksestä,1
Palveluksetkin,1
Kuvalinkissä,1
Gaetzilta,1
115hres446ih,1
Jayapal,1
Tölkkiolueksi,1
Muovipakattujen,1
Bhpf,1
Elintasopakolaisuuttahan,1
Leluxin,1
1exb57,1
Reddit_where_would_you_hide_a_body,1
Ca4oei4,1
6omt9y,1
Why_finlands_basic_income_experiment_isnt_working,1
Häröjuttuihin,1
Vaterseer,1
Solarfrickinghighways,1
Muurihankkeelle,1
Edunvalvojilta,1
Govtrack,1
Hres446,1
Liberaalikyyneleitä,1
Uimalarunkkarit,1
Iltojaaan,1
Irakeesithan,1
Työteliäintä,1
Yritteliäintä,1
Dragunovinsa,1
Akkutekniikoilla,1
Juttuhn,1
Ikkunamanageria,1
Cyk7gr8,1
Naisveteraaneista,1
Transveteraanien,1
Moraalisnormatiivisesti,1
Tunnistejärjestelmällä,1
Paluumaahanmuuttajalla,1
Ylioppilastehtavaa,1
Teknistyneen,1
Ylioppilastehtävää,1
Matematiikkalehti,1
Henkilöjihtaminen,1
5l3ipkcnylq,1
Suofutiksesta,1
Arkijuomaa,1
Vasemmistoutopiassa,1
Ilmastobisnekset,1
Vihapuhepurjeisiinsa,1
Numerointiongelma,1
Jakajanakin,1
Sanomapäiväksi,1
Löpöntuhlaukseksi,1
Asutusreitit,1
Kampanjahenkilöiden,1
Demokraattihallinnon,1
Asiatasollakaan,1
Transsukupuolisistakaan,1
Vakausraportti,1
Junaporukka,1
Suutelointiin,1
Reippailevia,1
Dobbyhän,1
Vcgq0,1
Normiaakkosetkin,1
Arkipäiväisiinkin,1
Jakelijoillekin,1
Komentolinjaa,1
Pistekirjojen,1
Kananmunaisen,1
Xvat53n9,1
Salepassaa,1
Tuotanvoloyymi,1
6nr0lq,1
B6auton_latauspiste_jokaisella_bensaasemalla,1
Dkbva6p,1
Gallupvastaus,1
Xxrsnn7hp28,1
Päiväpostinkantajina,1
6pw8ch,1
I_took_a_picture_of_putin_visiting_my_hometown,1
Suhteellisuudentajuttomuuteen,1
Kumppanuksellinen,1
Ammattiluokitusten,1
Nbelr,1
Statilta,1
Statfin__pal__yskp__2016,1
1a3b241d,1
E733,1
A4ec,1
9db4ffddc136,1
Yrittäjänhommissa,1
Ykköspyssyä,1
Tuloverotettavana,1
Alkopitoisuudelle,1
Pyörämekaanikkona,1
Pyöräkaupoille,1
Ostotodistusta,1
Koodihaarat,1
Treffailuaan,1
Hnzerr5,1
Työmääräsidonnaista,1
Tuntiliksoissa,1
Ksenomaanikkoaktiivit,1
Jakkooksen,1
Siult,1
Fluxbox,1
Oikeusvaltiomaista,1
Pakolaiskauhussasi,1
Kevytjallua,1
Regional_variants,1
Ameroenglanti,1
Kodifioidaankin,1
69v76a,1
Rankkikotkan_bdsmseikkailun_kootut_meriselitykset,1
Energiadiileihin,1
Ruotsinristeilyillä,1
Vakaustilanne,1
W23173,1
Sellolaukku,1
Tankkaajilta,1
Ketjusoppareita,1
Työskentelyoikeuden,1
Huijanneesi,1
Polttoainelitraa,1
Surr,1
Isyystehdin,1
Sillinlapset,1
Xcvc43r,1
Massilähteet,1
Tavoittelijaansa,1
Klubittajan,1
Kusipäisintäkin,1
Lotkoa,1
Fuulaamasta,1
Janomuumin,1
Leegolaatikko,1
Paronilla,1
Rasvattominta,1
Painataan,1
Tupakkitauolta,1
Erektloniikasta,1
Lastenhankkimistavassa,1
Latviaakin,1
Jmdnscnsjgk,1
Promiskuisteettia,1
Biseksuaalinenkin,1
Mobiiliblogi,1
Doro_handleeasy_326gsm,1
Mobiiliversioita,1
Dofollow,1
Nofollow,1
Pakettikauppiaat,1
Säätöni,1
Tämäntyyppiseltä,1
Irtohistorioitsija,1
Valiokuntakuulemisia,1
Kotiryssätoimintaan,1
Markkinointinimeksi,1
Päätoiminimeksi,1
Uuttaparia,1
Sm_fb,1
Ea71a6b37e45,1
Mariskoolassa,1
Hyttipaikka,1
Jättöpaikalle,1
Paukkimista,1
2b906f8f,1
Ff72,1
Kännireissua,1
Jju8buc,1
Sisäsivulta,1
Horistaanko,1
Horisihan,1
Rippikoululaisten,1
Hegrää,1
Pahhvi,1
Kysheesshä,1
Dossikoneella,1
Maalaisemmin,1
Yhdistysviirejä,1
Lisäkustannustakaan,1
Muistasinko,1
Jakakaan,1
Kuorettomina,1
Lääkärikäynnillään,1
Omarkarkkeja,1
_kristus,1
Ryyppää_,1
_occupied_,1
Petrassa,1
Vilastaas,1
Tuplamummulassa,1
Käytihi,1
Veretähä,1
Parahimmat,1
Juurekkahia,1
Kerjeenny,1
Pientareetakaa,1
Viikatoonu,1
Pinttyvää,1
Lehtimäärän,1
Poloniumistasi,1
Peenisrengas,1
Sähköpaimenfiilareita,1
Pikkukätösillä,1
Sähköiskutella,1
Härpättimiin,1
Vinuxproject,1
Autoreiteille,1
Liljakimppu,1
Stopscriptit,1
Koulutettuani,1
Tuulpaareja,1
Looove,1
Isyyslabrasta,1
Hypervariable,1
Tuplamummula,1
C661b6c8,1
9dce,1
A0d2,1
Bccc89acca8b,1
053f5858,1
Fc49,1
Bd15,1
255bf270fe94,1
Laiskuuksissa,1
Tarttuneeni,1
Gurttipurkkien,1
Purkkityyppi,1
Petailu,1
Lupalomake,1
Naksutinta,1
Vpopulus,1
Sk96wbljm8a2ud7vtdao,1
Kuihtukaa,1
Trubaduuriyhtye,1
Körttipastillit,1
Körttipastilleja,1
Körttiseuroihin,1
Aprikoiva,1
Säkkimeemiä,1
Kadunkielellä,1
Pikkuleipärasia,1
Laajakuva_fazer,1
Pastillipussi,1
6j12gu,1
Research_suggests_sexual_appeals_in_ads_dont_sell,1
Lumihirviötä,1
Kiinnostuksenkohteisiini,1
Provosoijaan,1
Rebuplikaanivastustajilleen,1
Lähettipalveluilla,1
Kokohiemanmeemit,1
3b9f9e6aaa2e8fcddcc8f585d70c5b85,1
Metrovemppareistakaan,1
Siittäessä,1
Wikströmillä,1
Paxtoimageservice,1
Aisankannattajaisiä,1
Introspektiostaan,1
Pyytämiskynnyshän,1
Ajatys,1
Mäkihyppypeliä,1
Eoäonnistunut,1
Elatusmaksukiistoissa,1
Eul56vrk75i,1
Kesotellakin,1
B565,1
6e0c,1
4000281165500_eukaluptus_menthol,1
Postaulsia,1
Idikkeellä,1
Anglikoi,1
Mummolavisiiteistä,1
Hautausmaakäynneistä,1
Dementiapuolelle,1
Mummolakäynteihin,1
Kirjehommat,1
Sukunimelleen,1
Nisuva,1
Eliminoidaanko,1
Keritttiin,1
Mummolamuisto,1
Renessanssiparin,1
Vastatullut,1
0ucytyw2gprpv7iobszyym,1
Työmarkkinasysteemihän,1
Laivanvaihtoa,1
Kymmenenosainen,1
Manie,1
Ddiamond,1
Aasilainen,1
Wibdows,1
Sone,1
Ultimatum_game,1
Klaanikulttuureissa,1
Äärihierarkisissa,1
Explorable,1
Explorabl,1
Joulujaksoa,1
Mestertonin,1
Äänestystappion,1
Pakistaneja,1
Laivanomistajan,1
Cheatin,1
Sisäistetävänä,1
Mukavitsikkäästi,1
Suurom,1
Varjotarinaksi,1
Bxnbnvwsory,1
3m9s,1
Ajsqsiyixyg,1
Dollarisidonnaiset,1
Halauaisit,1
Psykeskene,1
Isäoletettujen,1
Aisurille,1
Kansalisaktivismia,1
Pelaajapolulaatio,1
Isewula,1
Afrique_du_sud,1
G598,1
36dd,1
Osaikatyötä,1
Itsir,1
Vuosituotantovauhtiin,1
Huoltoseisakki,1
Kasatkaan,1
Terrafamekaan,1
Tuhannesosapaunaa,1
Truenordic,1
Jenkkiurpot,1
Kokonaistyöttömyyslukuihin,1
Logitechiltä,1
Varoitusäänet,1
Yhdeksävuotiaiden,1
Älyisia,1
Upd0bmr8zh4,1
Tukeenkaan,1
Metallibänditiheydeksi,1
Witzin,1
6pvq56,1
Suomi_maailman_vakain_maa_yksin_omassa,1
Dksi1ug,1
Kortinmaksu,1
Krässä,1
Z0_gtuug,1
Verosakon,1
Kansalaissia,1
Vaiheilut,1
Pelialoitteiden,1
Pilluvaltatrippailusta,1
Työhakijaksi,1
Dad530dc07a05f4ad2e4b8bfec4ce51d,1
Luukasvusta,1
Sröödinkerin,1
Aasialaismies,1
Trikkeröidyit,1
Metal_fan,1
Trikkeröitymistäni,1
Lukuvuos,1
Harkkakurssia,1
Opparistakin,1
Reillysiin,1
Sankarittareen,1
Kunniallisempaan,1
Eeppisempään,1
Suomimetallistakin,1
Olohuonekelpoiseksi,1
Kevythevitteeksi,1
Anniskelupaikalle,1
Koetaaan,1
Jumahtavaa,1
6q1xcg,1
Yhdysvaltain_senaatti_kaatoi_yhdell,1
Vertailudata,1
Seurantakapseli,1
Ajatustenhallintasysteemi,1
Ainekori,1
Taksikuskiltani,1
Jukurttipurkeissa,1
Virtuaalimaailmoissakin,1
Isharesia,1
Automeklari,1
Dxsm,1
Dbx6,1
Seml,1
Mnihinkään,1
Kustannusrasitus,1
Virenien,1
Eläkeläiselostelunsa,1
Eläkeläisvollottaja,1
Míljoonien,1
Eessuuntaas,1
Portugalimetallibändi,1
Paperikartonkisia,1
Laminoimattomia,1
Henkilöpaperissa,1
Särökitaroilla,1
Kokonaisuudessani,1
Kevythevitettä,1
Terveysmargariinikaan,1
Heviorkesteri,1
Sanoituksin,1
Olohuonehevistelyn,1
Heavenwoood,1
Korpilähijöihin,1
Varallisuushinnat,1
Kaappikellojen,1
Neuvottelutilanteiden,1
Pseudotaloustieteelliseen,1
Tuhatkaksisataa,1
Kilograaneissa,1
Oloinem,1
Laittian,1
Lähiseutuvilta,1
Tanskalainenkaan,1
Hevifanina,1
Hevissäkin,1
Hevifanius,1
Työhakemusrumba,1
Vanhnentunut,1
Tunteenpoikasia,1
Pääomasuhde,1
Drizz,1
Q9ugy0f,1
Puolituisen,1
Koiranruokamainoksessa,1
Poikamiesviikonloppua,1
Viisumitietokantoihin,1
Hevirokkiahan,1
Viikonloppuaiheista,1
Lomaliikenteeleiset,1
Kiroam,1
Sigarillot,1
Alcaponeihin,1
Räkytykseen,1
Liiketunnistinvalojen,1
Radioheviksi,1
Terveydenhuoltovakuutusjärjestelmää,1
Verotussakko,1
Terveysvakuutusmarkkinoille,1
Jätteidenkäsittelylaitoksen,1
Firsbeegolffia,1
Vaaravyöhykkeeltä,1
Sleazerockin,1
Raiskauskeisseissä,1
V7pf3uah,1
Kesällekkin,1
Päästökohun,1
Sijoituksenakin,1
Interpersoonallisista,1
Liukumatta,1
Ristiriidanratkaisutapoihin,1
Vuorovaikutuskeinoja,1
Oivalluskyky,1
Ongelmanratkaisutapoihin,1
Tunneilmaisussa,1
Kehittymättyömiä,1
Empaattisempaan,1
Zambialaista,1
Timingeista,1
Mooniin,1
Truthaboutdeception,1
Radiomentävää,1
Päntin,1
Finnology,1
Metallibänditiheydestä,1
R1oa0,1
Kertosäkeissä,1
Valtavirtahevistä,1
Solarse,1
Pussikaljoittelijoilta,1
Lundilla,1
Pazuzusta,1
Ylijäämäkaasunaamari,1
Äänetyksessä,1
Dadalta,1
Tssiiiii,1
Polkevampaa,1
Toishautajaisissa,1
Pelaajapysyvyys,1
Tööttimessä,1
Töötetään,1
Jööttejä,1
Säätämystä,1
Bonustehtäväkuvina,1
Mshkixj,1
Ej8kw9g,1
Bänditreenitkin,1
Markkinatalousteorioiden,1
Lumppaamisesta,1
Kuskitilannetta,1
Suurtyöttömyydellä,1
Rallihumua,1
Dfzsq,1
Cwsaasdc1,1
Neukkunassea,1
Kirkkomatkalla,1
Jäsentupla,1
Servukoneelta,1
Böönykseen,1
Planetmanssisessiosta,1
Avbqjmalkue,1
Pernaruottokirje,1
Anniskelupassikurssin,1
Lgnpf,1
Kuvapankkikamaa,1
Selloutit,1
Benjiköysikauppa,1
Valokuvamahdollisuus,1
Nettigalleriasivu,1
Maalaustekniikalla,1
Huoltajaisän,1
Friendo,1
ℑ𝔫,1
ℜ𝔢𝔠𝔱𝔬𝔯𝔶,1
𝔬𝔣,1
Lethe,1
Eineslihapullapaketin,1
Eineslihapullapaketissa,1
Kotitalouksis,1
Sinkkujaksona,1
Miminissään,1
Kiimaansa,1
Johjbasir6o,1
0m50s,1
Tzekkinaamari,1
Ilmoituskuvakkeita,1
Windoosassa,1
Bussinodottajat_503_uu,1
Promilletaajuudella,1
Moonspellistä,1
Moonspellillä,1
Ordäämistä,1
Kepeämpikin,1
Kalaravinnosta,1
Työvuoroin,1
Luksusduunia,1
Höntsäilyporukoiden,1
Käntyiks,1
Pistotarkastukseen,1
Valitusinnon,1
Hyvänfiiliksen,1
Valtakunnanuutisiin,1
Huippukonettakaan,1
Säilytyspönttö,1
Tyomatkakustannusten_korvaukset_verotuk3,1
Siviiliajojakin,1
Ajoneuvovalinta,1
Puistomaiseen,1
Viehätysvoimassaan,1
Keksirasiat,1
Viikonloppumiljonäärit,1
Miesasiakaskuntaa,1
Aligenrestä,1
Viikonloppuruuhkan,1
Vakkarimies,1
Erikseenlaskut,1
Ilmoittelemisen,1
Nenänpäähäntuijottelijat,1
Ajoseurantalaite,1
Pakettimatkaillut,1
Bermudashortseihin,1
Vedonne,1
Valloneihin,1
Flaameihin,1
Kämäseksi,1
Nasselaukku,1
Noutohommissa,1
Kesäduunariin,1
Noutelun,1
Ptr7f6d,1
Cxnoc,1
Lajittemassa,1
Vakkarijakajalle,1
Lomanjälkeisestä,1
Tissikivusta,1
9oyzml,1
Prostituutiopalvelulle,1
Hdg6m,1
Aitovenäläistä,1
Kaahailuksi,1
3w1nsn_7rl8,1
Synatsa,1
Velmusti,1
Kiintokuutiometrin,1
Oluttelttaan,1
Lisaehdolla,1
Dbxw,1
Xdjp,1
Xduk,1
Nanovector,1
Solariin,1
Kukkaosakkeisiin,1
Gwph,1
Mikkihiirikokoisen,1
Puolueriviensä,1
Ihastuttaan,1
Delendus,1
Työaineita,1
Kotiaseman,1
Lentohenkilöstö,1
Työajokin,1
Kärkistrategioiden,1
Cheattiin,1
Hämäysyritykseltä,1
Copycatista,1
Cheatiksi,1
Yhteispistemäärää,1
Superälyt,1
Brittilook,1
Pissisfruittari,1
Belkama,1
Pokemoneihinsa,1
Sergion,1
Kokonaispistemääriin,1
Satakertaistui,1
Enemnäm,1
Älkäälähettäkövieläapua,1
Kannnon,1
Luontevanomaisesti,1
Linketty,1
Angstiviiltelymusaa,1
Suomideath,1
Progesoundin,1
Doomahtavampi,1
Kukkametallia,1
Suomipowerbändi,1
Melodeathiä,1
Rectory,1
Doomisoundia,1
Örisevämpi,1
Barmbek,1
Ianbennett23,1
0koron,1
Kallionkaan,1
Romutuspalkkioilla,1
Pasaton,1
Humppakomppi,1
Sotahevi,1
Kylmänkestävyys,1
Acid_picdump_07,1
Räntäsadesäätä,1
Jopistaan,1
Sivistyksettömiä,1
Roslingillä,1
Exoduksellekki,1
Töihinlähtökiireessä,1
Internetkäyttäjiä,1
Arvaamilla,1
Tulokaskuskeja,1
Moottorisopimus,1
Pärjäisitköhän,1
Bnu6qadshd4,1
Murinalaulu,1
Sähköpyöräakkuosakkeita,1
Suihukussa,1
Articunoa,1
Melani,1
Leclercillä,1
Giovinazzille,1
Kurzgegastkin,1
Velloakaan,1
Kusettajian,1
Leclercistä,1
Tyynäri,1
Junioirikuskit,1
Aleksanterinadullakin,1
201707282200293017_u0,1
Hatemailia,1
Kirkonviereisellä,1
Jätejärviin,1
Mammografi,1
Hintataan,1
Ulokomaalaisia,1
Partaterähän,1
Pidp451943120,1
Asiakkaanluokse,1
Soittokulkue,1
Pakettimatkakohteisiin,1
328e,1
Nettiparodiassa,1
Siivelläeläjänä,1
Superkerääjä,1
Normisälli,1
Diskoläpsyttelijöihin,1
Revisi,1
Torrelorcalta,1
Ylilautapostaajaa,1
Roolistansa,1
Mäkkönähii,1
Suurajoille,1
Asbearin,1
Ouninpohjaan,1
Isossakuvassa,1
Providereitä,1
Kantsufirmoista,1
Robottifirmoihin,1
Etfän,1
Dollaripainotteista,1
Hedgeän,1
Paperillä,1
Nordnetsalkkuni,1
Fenlila,1
Itämetrokin,1
Vokselimaailman,1
Tesselaattori,1
Valaistusjärjestelmä,1
Tihutyössä,1
Esimettä,1
Moccona,1
Paavalinkukat,1
Loistonsa,1
Vehreimmät,1
Rivissään,1
Bovabjfj0x0,1
Plvgbwo0d9w0jy_qd1kwpdvapya2di3gpr,1
Krapulahelpotuksen,1
Stemmijengiä,1
Pattilaa,1
Tippalukollisiakin,1
Radioheviä,1
Poppiheviä,1
Pakolainen_fi,1
Pelijulkaisijoihin,1
Woodelson,1
Känniharjoituksen,1
Xrnep8wlh0g,1
Kuminenän,1
Amarathesta,1
Liikennöitäväksi,1
Esimetroksikin,1
Diskordianismia,1
Pridisc,1
Hassunkurisella,1
Amkl2fym,1
Tippalukollista,1
Leppyytellään,1
Adrenalindreams,1
Gallery7,1
Bershiki,1
Messerstecher,1
B6rden,1
Article3616304,1
Irl57bub,1
Koukkailemaan,1
Örinähtävä,1
Raskampaan,1
Huruna,1
Lukottomalla,1
Totaalikommunistisen,1
Neuvostomaskilla,1
Pahaalla,1
Tissini,1
Riimittelevät,1
Matricula,1
Matr,1
Adcula_consular,1
Hommazombie,1
Työntekijäkaveri,1
Vakituisjakajan,1
Juustonhakumatkoja,1
Melaasi,1
Kuljettajavalinnoissaan,1
Päähänpistostasi,1
