Íllalla,1
Erikoistuttaisi,1
Julkkishuhuja,1
Bilettäjillekin,1
Ekstroverteillekin,1
Ylioppilaskuntaisella,1
5968yu,1
3_rules_for_rulers_vallank,1
B6n_kolme_s,1
D96o83g,1
Edustakaakaan,1
Kurmutuksenkin,1
Coiner,1
Maateista,1
Tuubivideosta,1
Dexteri,1
Vähäkulutuksellista,1
Horneteillä,1
Koneenkannakkeiden,1
Kiines,1
Taustaselvityksensä,1
Myyntiverkoston,1
Trollausskilssejä,1
Henkilökohteisiin,1
Tulkisemisen,1
Patruunanvalmistajia,1
Koeampua,1
Triloonan,1
Tutkintatalkoita,1
Populaarikirjallisuutta,1
Suositeltavimmasta,1
Tukimateriaalin,1
Näyttösivua,1
Asetilaan,1
Morseinta,1
Halkaisijoita,1
Kaliipereina,1
Kunninaluokkauksesta,1
Tassuinkäpälöitäviä,1
Edunvalvonnassaan,1
Nuorisojärjestöissäkin,1
Broilerimyllyn,1
Arvopetoksena,1
Halkaisijamitta,1
Pumpulihöttömaastamme,1
Shakespearia,1
Simupeleistä,1
Pikkujärjestöt,1
Päätösluettelot,1
Patruunamerkinnät,1
Tuumamittaisina,1
Sotilaspatruuna,1
Metsästyspatruunat,1
Jenkkimerkinnöillä,1
Sotilaspatruunat,1
Pukkiudessa,1
Isomunaisimmaksi,1
Improteatteri,1
Improvisaatioviihteen,1
Tapauskonnoksi,1
Suomisaippuaa,1
Sämbylää,1
Tuotantojaankin,1
Tekijänoikeuksienkaan,1
Rasistipuhe,1
Suvakkipuhe,1
Putlnqp8le0,1
Semmottesta,1
Turvennuija,1
Maahanmuuttajakriittiseksi,1
Ilmautuvat,1
Sanansaattona,1
Ḥanīf,1
Esimuslimi,1
Kommenttipalstallako,1
Homoystävä,1
Löylytukialukselta,1
Ihmisinhon,1
Suurmimmista,1
Miljardiesiintymät,1
Bisnesmoka,1
Andalucian_revolt,1
Margarethe,1
Kehitysmaaelämisen,1
Yleishumanistinen,1
Astelaistensa,1
Perusajattelemattomuuden,1
Hyväksikäyttäneestä,1
Katumustani,1
Jättitissillä,1
Musiikkijutuskelua,1
Puuterihintti,1
Homokapakka,1
Mudoissaan,1
Ympäröimänsä,1
Halajavansa,1
Hommabotista,1
Raiskauteen,1
Päänirrottamista,1
Uskomusrakennelmana,1
Moraaliymmärrykseen,1
Lähtötapahtuma,1
Toimintavaihtoehdon,1
Kammottavintahan,1
Selityksestään,1
Kiihkouskosta,1
Vakiokommentaattorinkin,1
Murahtavan,1
Sisärikokset,1
Yllätysrikoksen,1
Mamurikkailla,1
Dc81da6fb5745a85ca2eb7ecc5915a94,1
8e68ad9d4441290ab54505398beb85f3,1
Rukoilikin,1
Ihmisoikeusjuridiikkaan,1
Yliopistolakistrategiassa,1
Chassagnou,1
Suhteellisuusvaatimusta,1
Perusoikeuspuuttumisilla,1
Wudhut,1
Mahramit,1
Öhlömit,1
Aamuäreys,1
Tissikartta,1
Zorothustalaisuus,1
Pelannateet,1
Postinkuljettajalle,1
Urheilusomehistoriaa,1
Flopaten,1
Måielestäni,1
Kolosseumilla,1
Prekaaristi,1
_pedofilian_,1
Keskiaikanakin,1
Luonnonlakejakin,1
Rjtttynmstpkea,1
Factsforlifeglobal,1
Moraaliymmärrys,1
Synnyttelleet,1
Distrikti,1
Eromenoksen,1
Lisääntymisiälle,1
Dagoretti,1
9cnormal,1
Homopelaaja,1
Heterojengissä,1
Homojengissä,1
Perämettät,1
Insestisuhde,1
Vuotiaana_,1
A1477363713734,1
A0f5b2f4a299104ba88691d9b38aebd0,1
Huoletimaan,1
Youtuubilaiset,1
Tahdostariippumattomassa,1
Psykoosimaisten,1
Lääkkeidenotto,1
Nopeauttaa,1
Vuotiaasen,1
Hätyyttävistä,1
Muuttaamisessa,1
Muuttuu_asunnonvaihto,1
Broilerisiipi,1
Terveydenhuoltofirmoihin,1
Uskonveljinään,1
Kurssilaisensa,1
Toimituskyvyltään,1
Prombron,1
Autoleikki,1
Pommitustähtäimiä,1
Dataliitännät,1
Hävittäjäpommittajien,1
Ages_of_consent_in_africa,1
Statorary,1
Moniaviosuutta,1
Suojaikärajakeskustelut,1
Patsalle,1
Sukupuolivinoutuma,1
Henkilötietosuojalle,1
Webbiapista,1
Nonexclusive,1
Huomatimme,1
Toistaallen,1
Uhrautu,1
Feikkiteiniporno,1
Insenstiä,1
Alumiinimyssy,1
Sormenvälit,1
Smartmaticit,1
Apinapuoli,1
Tarjouspyynnöillään,1
Halkaistavasta,1
Leipätuotteesta,1
Congres,1
Pic_5_2972973_k1387515_1200,1
Tyoryhmaehdottaanelivuotinenkokeilunettiaanestyksestakunnallisissakansanaanestyksissa,1
Sukujuurieni,1
Käteispelit,1
Syntynttä,1
Nettiliikkeiltä,1
Mcpolitiikkaface,1
Yhteiskuntajärjesystä,1
Hyväksikäyttörikokselle,1
2016102622520218_uu,1
Syyntakeettomusvetoamuksen,1
Sunnitelmallisuuden,1
Z4hqosv,1
Kiemurreltavaa,1
Demarilemmikki,1
Vaihtokevään,1
Puhkun,1
Koulupäivänäni,1
Uusientuttavuuksien,1
Etnomissi,1
Lähitiulevaisuudessa,1
Koulutuspaikkakuntaa,1
Arvonparannus,1
Supisuomalaisiakin,1
Hyväksikäyttötilanteen,1
Tt5863126,1
Cvslhlgwiaalim,1
Cvrvta0w8aacqxh,1
Loukkaatkin,1
Raakatietokantoihin,1
Klikkailutottumusten,1
Starpage,1
Sukukansoille,1
Soturikulttuuria,1
Muslimihistoriaa,1
Valkopesukeinoja,1
Independenttiä,1
Mailiä,1
Tulkitsemia,1
Tietynnäköisiin,1
Stemppaavaa,1
Steroetypioille,1
Cofirmation,1
Cybersurffaustuolit,1
Puhenaiheeksi,1
Isokankaan,1
Vuotisjuhlapainoksesta,1
Asianomaisrikoksissa,1
Mauttomammasta,1
Työmarkkinatuomioistuimelta,1
Suuriimmalla,1
Hakukonekuningasta,1
Pikkulaittomat,1
Hakuehdotuksista,1
Mielipideasteikollani,1
Tyrannygame,1
Fatebinder,1
Vannotut,1
Karmivuutta,1
Läheisemmällä,1
Insinöröidään,1
Valuvioissa,1
Kyselyillään,1
Paikallisslangilla,1
Metaperseilyä,1
Pappimies,1
Nytliitteentoimitus,1
Monipuolistumisella,1
Rikkaudeksikin,1
Söteem,1
Vossikkakyydillä,1
Perussaunomisjutut,1
Tauoilta,1
Someteinien,1
Teigrqz,1
Vastanpa,1
Kiintiökaveri,1
Ystäväniini,1
Pellejuttuja,1
Silmälasipäisyyttä,1
Pottunaama,1
Polakkina,1
Úlkomaan,1
Aasiafetissi,1
Kiintiökaverina,1
Insestijutun,1
Insestioikeudenkaynnin,1
Keskusteluavauksesta,1
Rivifanin,1
Kayneena,1
Erityisintressinsä,1
Satatuhattta,1
Helppouskriteerein,1
Digtalisaatio,1
Codenton,1
Analyysissä²,1
D0sipbpxn,1
Final_internetvotingprestudy,1
Cacm,1
Positi,1
Erikoiskoulutu,1
Baariavautuminen,1
Hiekkaneekeriäkin,1
Keskustajäärä,1
Jezy2tnwexs,1
Fq4cf2j0gog,1
Ysärisimulaattori,1
2016102522514430_vi,1
Samaistumiskohteeksi,1
Reptiliaanithan,1
F43dcef0317dfb26f5b3723c8c0f556b,1
Ilmoitustekstin,1
Kuvauskieli,1
Stoalaisempaakin,1
Parempivointisen,1
Kymenlaaksolaiseksi,1
Poikkeavamman,1
Kwh_group,1
Oy_kwh_pipe_ab,1
Riisinkeittämisestä,1
Seksifetisseistä,1
Artikkelinkirjoittajat,1
Rauhanohjuksiahan,1
Ajatustyo,1
Maksimituntimaara,1
Superleettien,1
Sopimusseikat,1
59enpy,1
My_summer_car_finland_simulator_robbaz,1
Matteuksesta,1
Matthäei,1
Letzten,1
Kannassanne,1
Sakkipelin,1
Äänestämisessäkin,1
Jaksottaisi,1
Kiireisistäkin,1
Semikiireiseistä,1
Viitsynyt,1
Sexshopfinland,1
8348d,1
Ntx,1
Showtabs,1
Lafkanakin,1
Tarjouksillaan,1
Plnlsim,1
Kekmetti,1
Imperiaalisilla,1
Kokonaisuushyötyä,1
Neekeriäkään,1
Ratittomaan,1
C4kfcriat0,1
Töllöohjelmia,1
Marginaalimediasta,1
Kouandan,1
Musiikkivisa,1
2016102622522143_ur,1
Keikkamiehillä,1
Urosvuohi,1
Urosihminen,1
Ensilumikuvia,1
Koripallojoukkueet,1
Herkkänahaisia,1
Abuhannat,1
Foolihappotabletin,1
8yrrdpj9y7w,1
Ucrqm8aent85guzuysktoo,1
Jpeltone,1
Img00061,1
Itsemurhakanditaatteja,1
Pelloo,1
6409607043368_kuva1,1
Kumihanskakäsittelyä,1
469viewssincenov2006,1
Plsc06l3sm3mfbpexftjwxkyhffx0cxseg,1
Haukiokaan,1
Bikineissa,1
Epadiplomaattisuuden,1
Kieltaytymaan,1
Skedaa,1
Kitutunti,1
Näkemäesteen,1
Normityopaikan,1
Perustyoaika,1
Suurlähettiäs,1
Foolihappojuttua,1
Nanohiukkasilla,1
Kyyneleinen,1
Keinoihonani,1
Terveteknologia,1
Duunarityöpaikan,1
Isketyissä,1
Alityöllistetyltä,1
Mahdottomuudestahan,1
Sextaavat,1
Tuhoutumisest,1
Toimitilavuokrina,1
Robottibussien,1
Tukiasemallista,1
Laserkeilainta,1
Keilailemalla,1
Näkökantama,1
Jarpryd,1
Puolittelu,1
Tuntipalkollisena,1
Kuukausipalkalliset,1
Diplomaattiprotokollaan,1
Dalmatialiases,1
Massurapsu,1
Rölliyksäreistä,1
Majoneesikänkkyyn,1
Tyonantajia,1
Kräkkäisin,1
Ranskalaisvalmisteisen,1
Vn169wv,1
Nainpa,1
Tsar_bomba,1
Tsar_bomba_paris,1
Valekärkiä,1
Tikkaisi,1
Projektijuttu,1
Työaikakeskustelu,1
Hallihommissa,1
Paljastuikohan,1
Mistakohan,1
Tyontekijamaksuasia,1
Lasitu,1
Slaavikyykkäilemään,1
Kilpalija,1
Psykologiystävällä,1
Puolituksissa,1
Määräaikaistuomiokin,1
Elinkautisvankina,1
Ucpcadkax,1
St4admydapomeq,1
Kuormittavuudet,1
Mpsd37rizfi,1
Etäisyysongelmia,1
Massapommituksiin,1
Ydinkärkisiä,1
Bunkkerituhoaja,1
Bonuksi,1
Toimittaisikohan,1
0ebi2vy,1
Tuomaroitiin,1
Jätetavaralla,1
Jätepuusta,1
Oletushakuna,1
Puuhökkeleitä,1
Veronmaksuvahvuudesta,1
Viljamaat,1
Ohjusella,1
Siviilikeskittymiin,1
Tulssää,1
Tuntiduunarina,1
Maksimityöaikaa,1
Luterilaishenkiset,1
Ridiculouslyefficient,1
Nahkapäähomofoobikon,1
Salonojalla,1
Salonojan,1
Potkutkaan,1
Basaarien,1
Omistajaluokat,1
Ennakkkoluulot,1
Eletta,1
Urheilutoimenjohtaja,1
Puuterikuorrutettu,1
Rimppakinttuhintti,1
Ryyppyorgioiden,1
Rattijuopompi,1
Mediaanikuski,1
Valmislätyn,1
Rekryainesta,1
Huivittamatta,1
Koripalloliitolta,1
X22026,1
Xaycsc3o4go,1
Tukkihumalassa,1
Talvisotineet,1
Kyselyketju,1
Käsikarvjen,1
Correctnessista,1
Kebabmajuliinilätyt,1
Heikki_m,1
Xgknbcs5pta,1
Foliohattusyistä,1
W8ctiec4fmo,1
1h27m45s,1
Puoluebarometrista,1
Kansalaisluottamuksesta,1
Gallupforumissa,1
Iin6jquwfje,1
Leikolalle,1
Mualman,1
Haaskimman,1
Ilmavaunulla,1
Yksilöterapiakäynnistä,1
A1420179850294,1
Suorakytkentä,1
Ajatusoikosulku,1
Sdpedari,1
Projektikokeilurakenteluihin,1
Kaveririntamalla,1
Koripallosarjalle,1
Sukkanauhaglitterhomo,1
Schwarzkopfilta,1
Maybellineltä,1
Glittermainoksia,1
Proolta,1
Fluorialuminoidut,1
Puoliveriseen,1
Nykyaiksiselta,1
Sossutukimagneetin,1
Majotettaisiin,1
Häirintäkategoriassa,1
Anaaliläpät,1
Työaikamallia,1
Metahakukone,1
Oe5tpo,1
Sulautuisiko,1
Kohtaliaisuuteen,1
Kättelemiseen,1
Urakkapalkallisiksi,1
Insestijutusta,1
Poptähtinä,1
Lakkautettavaa,1
Liikenevälle,1
Chlorophenylpiperazine,1
Aurons,1
Crois,1
Volontiers,1
Supposer,1
Eût,1
Iltsi,1
Klikkiarmeija,1
Lällättäviä,1
Suomitytön,1
Majoneesipitsasta,1
Majoneesipitsoja,1
Säätiökustetuksia,1
Ihmettelynaihetta,1
Prosentuaalisesena,1
Ilmastointikeissi,1
Oletusarvoisti,1
Lasikuituhamppuun,1
Kestämisvaraa,1
Vakkareistakin,1
Polttopuunvientireissuni,1
Us_57fefc08e4b0162c0439f4c7,1
Eristystyksissä,1
Pepmf,1
Lääkejauheita,1
Kodeiinistakaan,1
Peruskannabiskin,1
Erikoiskannabis,1
Bensowiin,1
Damsten,1
Bensowista,1
Opiskelupaikkakunnillaan,1
Vähimmäispalvelu,1
Talousrikossyytteet,1
Päätelaitteellaan,1
Vähemmistölouokkaa,1
Nelinkertaisina,1
Tilastojulkaisuun,1
Fb90163e,1
Bfbe,1
62a36b394160_story,1
Valtiontahtojen,1
Äkäisi,1
D98q7xy,1
Jxwdqye,1
Kommunistivainoissa,1
Kommunistikauhuun,1
Palkkauspoliittisia,1
Yöchattiin,1
V5l2f,1
Poistumissuuntiin,1
Verpalvelu,1
Yläviittä,1
Äänitorvesi,1
Kantaumaa,1
Valavuorenkaan,1
Liittnyt,1
Robottikaurishan,1
2lrmji,1
A4helsingin_katujen_ihmeit,1
Clxpx55,1
Tapahtumarikkaampia,1
Viikinkivoimaa,1
Piirrettyja,1
Ekstaasiksi,1
Palvomaa,1
Noinniinnii,1
Sijaitte,1
Nimeommoo,1
Kulttuurinomenklatuuralta,1
Sistisia,1
Mielipiteitasi,1
Kayttamattomyys,1
Lansimaalaisten,1
Tiskirättikö,1
Tupelointiin,1
Akkunoista,1
Harjoitteluargumenttihan,1
Df4bgnocwv8,1
Kantajuntista,1
Utelulla,1
Pönkittäökseen,1
Äänenestys,1
Äänestysoikeuksien,1
Senioriliikkeelle,1
Sähköisenkin,1
Brenizeri,1
Flaidiksiin,1
Välinearvojen,1
Enduromoottoripyörällä,1
Harrastusmahdollisuuksissa,1
Pelinimimerkikseni,1
Psykedeelisyyden,1
Huoltoasemakahvilasta,1
Kuplapilvi,1
Jonkinnäkösellä,1
Erikoistuneenpaan,1
Pilvenpolttopointti,1
Nakemykseni,1
Kattelemattomyys,1
Kaytostapoihin,1
Suurlahettilaan,1
Kaytostapojen,1
Dogpictures,1
Kosmokin,1
Kansalliseetosta,1
Työllästä,1
Pidikkeelle,1
Puistoremppa,1
Pottumaasta,1
Heinatorin,1
Sulostuttaneet,1
Ohac,1
_nöyristelemään_,1
Maailmanperintöluettelokohteiden,1
Vihjaillunlaisessa,1
Perskeppisyydestä,1
Mw_shop,1
Pitkäänpä,1
Äänikiertueillaan,1
Tämänei,1
Törkysuiseksi,1
Bollin,1
Mikroaaltolämmityksessä,1
Barbaarii,1
Autotavarataloa,1
Kalakukkohuudeille,1
Haaveiluhetken,1
Kielinysväystä,1
Muuntohuumehet,1
3nzba4,1
Data_on_n,1
A4_tilastokeskuksen_tiedot,1
Juuroopan,1
Kalvosarjoista,1
Kvarttaalikatsauksen,1
Tilastolaskelmoinnin,1
Fetistin,1
Historianopettajaan,1
Tatuoitistud,1
Thairanna,1
Volksvagenia,1
Polvianteroo,1
Partionjohtajalta,1
Painostusryhmänä,1
Islamisaatiotavoitteet,1
Rasvaajana,1
Katselevinaan,1
Wanks,1
Vastaavanpituiseen,1
20t1_d99tugs,1
Treenikielto,1
Kiusaamistilanteelta,1
Harrastuskieltoon,1
Välikohtaukseksi,1
Vedesekoittajia,1
15minsaa,1
Harrastekerhoilta,1
Hahmotelmakuvissa,1
Samibian,1
Tonttirahoja,1
Samibiasta,1
Vaatekerrastolla,1
Ryssittynä,1
Ih4dfki,1
Yhdysmiehelle,1
Epic_face_palm,1
Thairannan,1
Jämävihanneksilla,1
Myötähäpeäkikseihin,1
Lisäryöstö,1
Tatuoitia,1
Boothiin,1
Marskileffan,1
Furafic,1
5djhiw2,1
Kuvacapture,1
Vaunumiehistöllä,1
Pimeäharjoituksissa,1
Clickbaitiksikin,1
Uutiskatsauksessa,1
Pajukoriini,1
Laboratoriotermein,1
Valmistuslinjalle,1
Kuljetusratkaisussa,1
Ekstaasierissä,1
Lääketurvariskin,1
Huumeharrastamiseen,1
Laheisyys,1
Omakotitaloasuimseen,1
Ymparoivalla,1
Tyomatkoja,1
Avaruusmarsilaisten,1
Todellisuussimulaattori,1
Poliisihaalareihin,1
Hivasi,1
Nakkikioskitappelua,1
Uusiotuottamaan,1
Moniinkiin,1
Uussuomea,1
Vedensekoittajissa,1
Työtehoseuralainen,1
Trukkipiikkien,1
Karkkimaisen,1
Joikaavaa,1
Näpisteltiin,1
Naaivina,1
Kävellyllä,1
Xfwldwodf3e,1
Öttömönkiäiset,1
Verkkosilmät,1
Toisiopiiriin,1
Patteripiiri,1
Lämmityspiiri,1
Kaukolämpöverkoston,1
Perseporukalta,1
Sparrowina,1
Valitetakkaan,1
Näyttelijan,1
Laineenkin,1
Odotustaksan,1
59ncbg,1
A4kyl,1
A4n_varuskunnassa_tapahtunut_vakava,1
Sinihaalarinen,1
Unplugasin,1
Automaattibottitykit,1
Kiehumislämpötilaa,1
2enzjbp,1
Nostureja,1
Suihkuhanoista,1
Säätelemättömästi,1
Postdemokratiaa,1
Puurtua,1
Perustulkinnoilla,1
Rvelisin,1
Kymppisija,1
Vatasestakin,1
Typecastingistakin,1
List_of_extreme_temperatures_in_canada,1
Yearly_canadian_temperature_extremes,1
Kolaajalla,1
Tukehduttajalla,1
Päättävat,1
Venhempien,1
Kertakäyttöhaalariin,1
Reun,1
Nuovinuppi,1
Toision,1
Saavillisia,1
Hirtettiinkö,1
Orpoutta,1
Mamille,1
Höyryvän,1
Keskittyisiin,1
Löpöäkin,1
Käännöspyynnit,1
Korjausehdotusten,1
Ajattelina,1
Palautusesitystä,1
Kuulustelumenetelmänä,1
Kilpauransa,1
Treenikiellon,1
Treenikieltoa,1
Rakentamasa,1
Remppapuolen,1
Pikkulaatikosa,1
Bunkkerisa,1
Saunakauhallinen,1
_kerättiin_,1
Lasertutkalla,1
Piketylle,1
Thinktankien,1
Tasaavien,1
Dvl,1
Aivoepsty,1
Kudokseni,1
Rikosoikeudenkäyntiäkään,1
Nosturiartikkeliin,1
A1477023875631,1
Pannahan,1
14606329_1592175067754457_8675812541910757835_n,1
20806776e15dbf1a0fefa3658788d0f1,1
58aa088a,1
Keittiöveitsiinkin,1
Keittiövälineitään,1
Lainal,1
Sanomalehteäkään,1
Striimausoikeuksia,1
Tarvikevarastoon,1
Palovammastani,1
Kopulakieltä,1
Vaikeaselkoisiin,1
Peterandcompany,1
Nelsonlaugh,1
Kritiitti,1
Nosturithan,1
Pikettyyn,1
582z85,1
Pitkittyneeltä,1
Astiankin,1
59n8r8,1
At_least_few_of_the_cars_they_are_looking_for_in,1
Cargotec_sr_2015_en_final,1
Suomalaisdelegaatio,1
Murhamysteerisarja,1
Redvsblueta,1
Siivoushana,1
Suihkuistakin,1
Sekoittimia,1
Kiiimassa,1
Taajamaliikennettä,1
Diktatuuriseksi,1
Napoleonkin,1
E48ck1mcgn32,1
Ylöskirjoittaminen,1
Hanumanisti,1
Oppisuunnaksi,1
Kiinteistöpuolelta,1
Kaupankäynteihin,1
Struktuurissa,1
Pohdistuttaa,1
Gonzolaisuus,1
Voithannää,1
Solidaarisuusveroineen,1
Leivänkännykästä,1
Kaupankäyminen,1
Gonzolaisuuden,1
Argeolointi,1
Valmisteverokannoilla,1
Maksurasituksella,1
Kokonaisverorasitustaan,1
Lisaa_verotuksesta,1
Raipanheiluttajalla,1
Yhteinäiskulttuuriin,1
Viihtymästä,1
Rootkitit,1
Valonnopea,1
Suojatieratsiat,1
Facesswapped,1
Kiinnitäpä,1
Uutisoinnissaankin,1
Kull_of_atlantis,1
Valvontasoftafirmalla,1
Kriisipaikkojen,1
Turvapaikkakäsittelyissä,1
Pörröisimmätkin,1
Privaattialueille,1
Sateenkaariheimoon,1
Sähkönsäästöstä,1
Mogadishulainen,1
Ylänuoltahan,1
Maahanmuuttovastaisuuskriittinen,1
Faasidiagrammin,1
Phase_diagram_of_water_simplified,1
Peppupuristusten,1
Yyperiä,1
Reititysongelmia,1
Kantistaksikuski,1
Pullataikinanväriset,1
Sukutaustojansa,1
Vihjailuni,1
A4_homobonus,1
Kutipaperiksi,1
Kusipäisimmäksi,1
Hintatasopakolainen,1
Hillylle,1
2016102722524133_vi,1
Kontaminaatiomäärän,1
Treenikiellolla,1
Taksiomistajat,1
Human_rights_in_turkmenistan,1
Kielipolizei,1
999lakeshoredrivechicago,1
Sääntelyhelvetissä,1
Rivariaan,1
Nykykaltainen,1
Sleepcenter,1
Soapboxilleen,1
Tyhmemmilleen,1
Suljetullle,1
Maaherralta,1
Vspfinland,1
Uckfp36wnfcy42afxrqvhlvg,1
Mitroa,1
Jäkisanojen,1
Kaupppaa,1
Rakenetu,1
Mitrokin,1
Labratuloksiakin,1
Roolivalinnan,1
Semianarkistista,1
Nettivittuiluaan,1
Hikiaineisto,1
N_kysy,1
Palstan_yleistajutonta_parhaimmistoa,1
Mediatuuttiin,1
Palaneitten,1
Saavutettaisko,1
Ajattelinatkoitko,1
Varuskunnassako,1
Nimellisarvoilla,1
Huumepsykoosin,1
Lakkapirit,1
Sukunimitilaston,1
Bestmotherfucking,1
Kiintiöpakoloisrajan,1
Forbes400,1
Enimmistöltään,1
Ovakkohan,1
Lainaamasa,1
Suomijulkkikselle,1
Neekeritaksikuskit,1
Oksanpalassa,1
Pippelisuolaa,1
Vg3fmioajfg,1
Oikeudenmukaisuussoturit,1
Kyllästyttäisiin,1
Per_se,1
Manns,1
Taltioituneet,1
Machinelle,1
Studiocmx,1
Nettistreami,1
Streamiplugarit,1
Jeppa,1
Deppa,1
Hulluttelivat,1
Suvaitsevaisuuskiintiön,1
Väreissa,1
Vänkkäilit,1
Värisisitä,1
Raimo_kulli,1
Matkustajakortti,1
Asuuntoonsa,1
Tulotietosi,1
Edustoissa,1
Nitkun,1
Natkun,1
Calin,1
Opportunistillä,1
Literaalin,1
_v7wq9wpk2mc,1
Tlb6y3sqz3i,1
Aaaaaaaacbe,1
Wvbefdmsbbc,1
Dscf0228,1
A1455767671113,1
Virtakiskoja,1
Savuluukkujen,1
Rakkaude,1
Sijapäättettä,1
Luukenut,1
Kerrannaiskuluja,1
Edustot,1
Pakolaisleirijärjestelmää,1
Loppuneljänneksessä,1
Tarkoitukse,1
Huippukylmähuoneen,1
Kylmäaltistusten,1
Kivunpoistoon,1
Syöttösekotusventtiili,1
Tohelointiahan,1
Projektityyppisen,1
Turvallisuusneuvostoonkin,1
Siteeraukseesi,1
Verrannollisuutesi,1
Luetelluin,1
Valloittamissaan,1
Virtakiskoksi,1
Teräskiskot,1
Väärintuomituista,1
Säikähdysreaktio,1
Pillinpuhaltajan,1
Tiivistelee,1
Korjausrakentamispuolella,1
Länsimetrohankkeesta,1
Kommunistiprojekti,1
Vitu_language,1
Työnjohtoprosessit,1
Iltatilaa,1
Ampumiskäsky,1
Läspsin,1
Kämmenin,1
Mi_tä,1
Ytrt8,1
Mthv,1
Jatkolennnot,1
Nykykäyttäytymisen,1
Kuohittuun,1
Kiss_principle,1
Lehdenjakohommia,1
Tunnelivisiota,1
Datadumpin,1
Määräyksiltä,1
Äärisekopäävihreiden,1
Kaupunkimaisempiin,1
Hoivakustannuksissa,1
Kaupunkimökkejä,1
Valtaapitäävät,1
Pöyhistellä,1
Syyttäjänvirastoonkaan,1
Matkailupuolen,1
Hätiköinniltä,1
Projektinjohtotasolla,1
Puheenjohtajalleen,1
Ilmatorjuntatykkiä,1
Rividemarille,1
Valtakunnansyyttäjävirastoa,1
Tutkintamäärään,1
Konfliktialueihin,1
Satovuodet,1
Lohelalta,1
Hoitomatkojen,1
Räk,1
Yttämään,1
Puhelinmastoon,1
Nakertais,1
Kätevältähän,1
_kiihtynyt_,1
Osoittellaan,1
Vittuilukirjeellä,1
Avainkoukusta,1
Suojapusseihin,1
Albaanipakolaisia,1
Moraaliongelmista,1
Itsekkyyteenkin,1
Uani,1
United_against_nuclear_iran,1
Cranes_campaign,1
Neontommy,1
Vesivirtaukseen,1
Perusteinien,1
Sangostakin,1
Yritysajatteluun,1
Hevoskärryaikaanhan,1
Mobilisoitavaa,1
Oppositiokritiikkiä,1
Isokorvainen,1
Kirjoitanpahan,1
Väritykseltäni,1
Väritystäni,1
Sekundaneekeri,1
Mongerruksia,1
D9b6j4b,1
Byrokraattipamppu,1
Vihapuhekoulutus,1
Omalisää,1
Käsinkoodattua,1
Äimistyttävää,1
Vastavaikuttajat,1
Hengien,1
Suomalaisnuoristakin,1
Nuortenl,1
Kylmäsaavin,1
Vanhastallarit,1
Länsilaajentumiselle,1
Paskalaput,1
Vihersuvakkivassarit,1
Lämmönsiirtimensä,1
Kiertopiiri,1
Lämmitystekniikasta,1
Havannoillistamaan,1
Nep4oww,1
Käyttövesipiiri,1
Käyttövesipiirissä,1
Propellihattuviritelmä,1
Elämantapa,1
Pasifistisilta,1
A1477622006879,1
Halmkrona,1
Sähkönsiirtofirmaan,1
Täysistuntotunnit,1
Chocken,1
Ruohonjuurijärjestöksi,1
2016102822527603_uu,1
Buy_vouchers,1
Viikonaika,1
Paikallisteatteri,1
Yksityisilläkään,1
Scriiniltä,1
Rekrytoiminta,1
Lemmikkiydestä,1
Räksyttele,1
Paskajobeja,1
Symppayksen,1
Ääriliikkeilemässä,1
Volyymipotikka,1
Sotilasmääriä,1
Liikevaihtoratkaisut,1
Synnytyslotossa,1
Tampionaapuri,1
Gxnjq,1
Mehmetille,1
Roiskuttamisesta,1
Myrkyttämisistä,1
Tuonasteinen,1
Kantoivatkaan,1
Vauveleiksi,1
Urheilijapojat,1
Omobono,1
Äärimamujen,1
Jöötteporissa,1
Äärijärjestössä,1
Abrahamilaiselle,1
Relativistipäissäni,1
Editii,1
Feministiöyhötyksellä,1
Eskimoillakin,1
Alahakita,1
Koirallisempia,1
Porrasteinen,1
Premiumiansa,1
Natstsit,1
Opintovuosieni,1
Mamutiheässä,1
Poppoa,1
Hihnakuri,1
Suihkuttavaa,1
Kauheammalla,1
Artikkelikiintiö,1
Tkrofl,1
Ucmxih0ntsuzwkjfyfbnvatw,1
Projektorihenkilöt,1
Aspatiskillä,1
Dff4agbnr1e,1
Angstipäissään,1
Terroristipommi,1
Piilotettujakin,1
Mielivallankäyttäjä,1
Gorillasodankäyntiä,1
Naapureidenkanssa,1
Meluongelmista,1
Pakkasaamuinakin,1
Lämpötilaahan,1
Pikkurapakon,1
Pikaradikalisoinnin,1
Pizzapuljun,1
Metrohommissa,1
Persemeininkiä,1
Miimikko,1
Nussimismerkkiä,1
Videopiristeenä,1
Jo6dkhgt6ti,1
Foliopipoisin,1
Roturealisteihin,1
1p0tj3f6b3w,1
Aikarajaahan,1
Luontokappaleetkin,1
Taskuraketteja,1
Vahingoituttu,1
2016102822529979_ul,1
Klikkihuorailulle,1
Koulutusoppaissa,1
I_ikijkqc7i,1
Kuukausituista,1
Autonverot,1
Modernimpeihin,1
Frameworkkeihin,1
Tienauskiintiöihin,1
Sekasvati,1
Tarkoutuksella,1
Worth1000,1
16069981_82f0_1024x2000,1
Piikittömästä,1
5ywrbwy,1
Smugness,1
Valmistumiseensa,1
Wlk8pfuibb4,1
Sijoituselementteihin,1
Auheittaa,1
Soittoreenit,1
Homokyyk,1
Kpvf7hmmmts,1
Kylkipala,1
Ogna7wrbekm,1
Teinipopulaatio,1
Perusteistahan,1
Pompahtavasta,1
Hysteerisuudesta,1
Etuoikeuskäsite,1
Paljousalennusmenetelmällä,1
Evööör,1
Ngeksicqkpw,1
Syöttösekoitusventtiiliä,1
Lämmönsiirtimelle,1
Ensiöpuolella,1
Säätöventtiilillä,1
Säätimelta,1
Lämpötilapohjainen,1
Säätöelimenä,1
Vedenlämpötila,1
Toisiossa,1
Lämmönsiirrinvuodot,1
Mikrobitoimintaan,1
Säätöohjelmassa,1
Bensalenkkarimusiikkia,1
Soidinkutsu,1
Amatöörisijoittajana,1
Mitoitukselliset,1
Virtaamissa,1
Lämmitysverkostoiden,1
Kaukolämpölämmitteiset,1
Pääkäsittelyjä,1
Pohjemmalla,1
Ruksitaampa,1
Privileegiopiste,1
Postinkantoa,1
Työhistorioita,1
Lätsämerkki,1
Eetunaukiolle,1
Lopputuotto,1
Erityisasinatuntija,1
Känniörvelöitä,1
Palmela,1
Etuoikeispisteitä,1
Valvontakontrolliin,1
Tallentamistakin,1
Sotustani,1
Vyamofbevfu,1
Vihfjwaj4jw,1
Viputuotteisiin,1
Lucasdigrassi,1
Saasen,1
Riistokapitalismilta,1
Puhelimenkaan,1
Herätettynä,1
Sateenkaarenvärisellä,1
Nyköpingiä,1
Cockatoot,1
Säksätyksestä,1
Kerub,1
Mormooniuskoon,1
Liittoomme,1
Beanstalkia,1
Toimihenkilöilläkin,1
Beanstalkin,1
Jonottelutsydeemiin,1
Beanstalkd,1
Tarjoomuksiin,1
Plastidipannut,1
Talvialuvanteet,1
Avausottelusta,1
Srr60x2rwkc,1
Tryoutiin,1
Emojoukkue,1
_meni_,1
Sympatiseeraajina,1
Sympatiseerausprosentti,1
Vastaanotollakaan,1
Tw6yujy,1
Karutonta,1
Käskyjn,1
Teräskiskoa,1
Räkyttääkin,1
Perussako,1
Busiyhteys,1
Ajotekniikkakysymys,1
Perhoshiirulin,1
Opiskelualaltani,1
A1477630543006,1
Hollown,1
Lorelei,1
Bledel,1
Abbi,1
Ilana,1
Voimaannuttamia,1
Westworldista,1
A1475808961775,1
Carriena,1
Kyllästyvää,1
Sarjakuvaseikkailu,1
Tehosteparaati,1
A1477449173000,1
4e594bcac38f0cddd200264a2fa4bf91,1
Kulttiyhtye,1
A1476935570919,1
9f92554759cb2f23d8ce7214c7e3b4ce,1
A1472700473400,1
F2dbbf83751dcf02098f60241bb5141b,1
Kriddlokkin,1
Kinokonsertti,1
A1477447450515,1
A1477013566331,1
Viinibaareista,1
Listauksemme,1
A1477619694180,1
Salmiakkifestareilla,1
Lakritsifestivaalit,1
Kirjailijaihmiset,1
A1477458848254,1
6ad461267f6d26bdb7bcb467b2e618aa,1
Polkupyörätaitureita,1
Sirkusfinlandia,1
Muotokuvamuodossa,1
A1477368751261,1
Kerääjäbussin,1
Tosiperäisyyden,1
Locaalinen,1
Suomiasenteella,1
Scandinaavisia,1
Puuvelhoille,1
Allianssen,1
Rödgröna,1
1bh757jy,1
Kunniasortoa,1
Stadsdelsforvaltningar,1
Angereds,1
Stadsdelsforvaltning,1
Forvaltningen,1
04_sj9cpykssy0xplmnmz0vmafijo8zityzcdqy9tay9dsw8zawca8z93s293q1da030wwkpiajkg,1
Aajgb6bbmhigaz5v05,1
25b6teborg,1
25b6ttar,1
Religi,1
25b6sa,1
Mamuperäistä,1
Subbredditimme,1
Göteborgilaisnuorista,1
Säien,1
Kusipääkoira,1
Seurakoiraominaisuuksia,1
Smwi7cloz2q,1
Fcdhx,1
Tuuletinmelut,1
Vastameluttomia,1
Mobiilisoimaan,1
Maastoypöräksi,1
Ahtajaan,1
Ysimillin,1
Fennoja,1
Fennojen,1
Tivolilaitteisiinkaan,1
Circlesiä,1
Asennustoleransseille,1
Höttökerros,1
Ohikeskusteluun,1
T5vtw0ugdzo,1
Sähköshokkipantaa,1
Ensisijainem,1
Nakkicroissanteilla,1
Kestomenestyjäjoukkueessa,1
Wildcats,1
Emaskuloimaan,1
Jänskätys,1
5miljoonaaa,1
Hyökkäävätkään,1
Farmiliigasta,1
Yogvuhr,1
_110wcpq1tey,1
S6qrezzl2wi,1
Aaaaaaaagmy,1
Sieifo2tgdo,1
South_park_it,1
Xfactorissa,1
Kykykilpailuista,1
Kykykilpailuja,1
Diplomaattitehtävässä,1
59dxc8,1
Overwatch_world_cup_schedule_xpost,1
Lounaskutsuja,1
Tunacock,1
Länsivihaajalla,1
Xf5t66wmkkm,1
Kikkelinmittailua,1
Laivakoirat,1
Roduiltaan,1
Posereille,1
Soololärvit,1
Kaukaisimmasta,1
Bongasinpa,1
1118743_1_style,1
Ajointo,1
Nokkasemaan,1
Viemäkään,1
Balaceria,1
Beanstalkilla,1
Olli_immonen,1
Persuhahmoja,1
Ooll,1
Alkoholisshani,1
Majasijaa,1
Humppaiskelmää,1
Alivaltijosihteeri,1
Tarjovaa,1
Rapuleryyppyohjeen,1
Sounträkki,1
Ensikuunteluilla,1
Suominetflixiin,1
Etxzmtffvms,1
Limitteiset,1
Remontinkorjuuta,1
Halloweenkekkerit,1
Hyväksyväg,1
Alamittaisilla,1
Markkinatasoisesta,1
Puolustusaktiviteetit,1
Lihakeppiäs,1
_kannattaisi_,1
Viikonglobbu,1
Twjvvrbj4pm,1
B6xdm2h,1
Perusapologia,1
Mamugettojen,1
Sotarikospakolaiset,1
Aksuja,1
Smugglaamalla,1
Sylkäisevät,1
Rekryäjäpaskoilla,1
Vastuunottamiseksi,1
Bylsimaan,1
Ihmiskarjapuskuri,1
Biosektorille,1
Närsii,1
Kopsaten,1
Muistiinpanoin,1
Journalisitit,1
Puolustustilanteet,1
Uudelleenmuotoilisi,1
Kompleksisuutensa,1
Moraalittomillakin,1
Uskonvakaumus,1
Rikollisjärjestöissäkin,1
Kapeampirenkaisella,1
Kulttuurimuslimin,1
Mona_walter,1
Kotineekeriksi,1
Konformistiselle,1
Valtiouskovaiselle,1
Tapamusut,1
59u540,1
Kokeile_kuukausiliitteen_testill,1
Muovilaastarit,1
Tuumakokoihin,1
Kanditentin,1
Ocwt4wh,1
Pienkasvattamisessa,1
Pitkäaikaistyöttämälle,1
Konsultointihommia,1
Mustikanmyyjät,1
Normitoimia,1
Jqn2vij,1
Meinaavakkohan,1
Metsurifirmoille,1
Haastatellet,1
Göteborgilaisista,1
Suomalaisvoittoisessa,1
Angerediin,1
Foorumilaisia,1
Angeredista,1
Syklonia,1
Sykloni_,1
Pölyimureihin,1
Korotustahti,1
Korotustahdista,1
Sotaisammat,1
Kiinteistömoguuli,1
Piirrossammakoista,1
Piirrospahiksen,1
Sympatiseeraajin,1
Lehtilööppien,1
Postidumppauksesta,1
Oikeudenkäyntipäivämäärä,1
Präläilin,1
Salaliittoteorioitsijaa,1
Iranilaisnuorten,1
Äärishiialaisuus,1
Asuntokohteessa,1
Luotettavuuded,1
1200lta,1
130n,1
Heteromalus,1
Suolestani,1
Peräreikääni,1
Supersankariasuun,1
Putkipiiloksi,1
Candidacies,1
Thuglyfe,1
Kirmattaisiin,1
Keskustelumoodin,1
Toimivallattoman,1
Lauantaikarkkeihin,1
Kokoelmakirjaan,1
Äänentoistovehkeistä,1
Clintonistien,1
Maastavientiluvan,1
Tielainsäädäntö,1
Kuulijallakin,1
Etsinassa,1
Miestyönä,1
Lomautuspäätöksiä,1
Korvausvelvollisuuteenkin,1
Halvaannutat,1
Lyönnilläsi,1
Taklatessa,1
Alispuu,1
Rahalaitoksista,1
Saatanteeksi,1
Moottoritietarransa,1
Crossarina,1
Maastopyöränä,1
Androidkapuloita,1
Pilvibackupit,1
Jenkkisofta,1
Wimydu450q,1
Jäähdytinjärjestelmän,1
Vesipummpu,1
Visalimitti,1
Radiosuomen,1
Eurotöpselin,1
Sailfishit,1
Piperrykset,1
Kangistuvia,1
Kiinajutut,1
Kirjamessulipusta,1
3gewroxlw4o,1
T67aewxhbaq,1
Mainospylväs,1
Maroko,1
Puolustautumissotia,1
Puolustautumissodaksi,1
Puolustautumissota,1
Puntaroimisen,1
Iskuvalmiutta,1
Puolastiviksi,1
Jonfavs,1
Meluisammin,1
Hoidellessaan,1
Despoottimainen,1
Disneyajattelua,1
Enpuska,1
Ellunkanoista,1
Apusenmasasta,1
Puhetyöläiseksi,1
Muuttotappiomaaseudulle,1
Suomalaisavun,1
Vaatelahjoittajia,1
Emuqqvyutik,1
9m58s,1
Sonylläkin,1
Korttimaailmaa,1
Aatuviite,1
Läpändeeroskin,1
Numberia,1
Sallistujina,1
0rryyn4,1
Virhellisista,1
Premisseista,1
_sunny_,1
Coriolisvoimasta,1
Nykytyöpaikoilla,1
Laajalevikkiset,1
Mogailustaan,1
Urahaittaa,1
Virtuesignalaaja,1
Lynkkaavaa,1
Ylidramaattisella,1
Fillerisanoja,1
Edustajamääriin,1
Uusmiehisyys,1
Häxäsivät,1
Kahluualtaaseen,1
Puolikypsät,1
Perhoshaavilla,1
Kulttisekoiluksi,1
Deathandtaxesmag,1
Itseruskettavien,1
Joyoussound,1
Ucyvukjh2qvznktzdvg8j4xg,1
Tiedonhakumenetelmistä,1
Oksennuspisaroita,1
Anarkaistoilla,1
Pomminheittäjien,1
Henkilotietojenkeraamineninternetistahak,1
Koskemattomuusstatustaan,1
Muslimiedustaja,1
Sukupuolisortamisen,1
Homovitsistä,1
Alkuriveillä,1
Russifikaation,1
Oompaloompan,1
Riistäjistö,1
Rocket_spacelaunch,1
Projectile_launchers,1
Lakisäädäntöjen,1
Helliteltyä,1
W14429,1
Puhelinpuolesta,1
Majoittukaa,1
Kurissapitolääkkeitä,1
Mönkijäläskeilyhippeily,1
Vastaväitteesiin,1
Faijanne,1
Miehellisyydessä,1
Pomminheittäjillä,1
Julistuksenhan,1
Kasittelevassa,1
Aamuruokailuun,1
Rääkäisyn,1
Hakomäen,1
Puukonreikä,1
Sanginjoella,1
Rituaaleita,1
Metsämässä,1
Tappopäivänä,1
Meditointitilaisuuksia,1
Määräysiä,1
Granel,1
Cristerin,1
360s,1
Vastuunottajana,1
Postulointiasi,1
Kumiankkafetistikään,1
Euromarkkasia,1
Estradeja,1
Korrektiseen,1
Halikerho,1
Pienviljelemään,1
Perinnöllisyystieteestä,1
Kastelukannupassi,1
Lannoitteenkäsittelypassi,1
Kasvityöpassi,1
Kumisaapaspassi,1
Sisätyöskentelypassi,1
Ulkotyöskentelypassi,1
Koiranulkoilutuspassi,1
Pimeätyöskentelypassi,1
Passinhaltijanpassi,1
Äärisvasemmistolainen,1
Ulosäänestystä,1
Valtapuolueitten,1
Wikileakseja,1
Professoriuudella,1
Paskatutkinnon,1
Sukupuolenkielto,1
Lompis,1
Kaseetti,1
Tanssahteluvideo,1
Iaciqs2ikf4,1
Hquevwnujou,1
Meekki,1
Ihannemiehesi,1
Ohjelmmoinnista,1
Öhöttelyllä,1
Ddibita,1
Maskuliinisissä,1
Lbgtabba,1
Laiskaasti,1
Superfoodii,1
Commercialトランプ2016,1
Uc6je0klsduklfks1lebzkrq,1
Kerassa,1
Rituaalimurha,1
Uckgg3,1
Selehwquijzsn9onw,1
Projektiotelkkareihin,1
Narkkihippejä,1
Valtavaihtuisi,1
Nimittelyjen,1
Jäpättää,1
Nurmikoltaan,1
Tulikokeena,1
Harrasteseura,1
Kuntajohto,1
Liidel,1
1ea3b7aab81b446480a5df7275a90249,1
Laulukilpailusssa,1
Hihhuliuskontolevelillä,1
Cuntscumiksi,1
Convenor,1
Peniksellisen,1
Kyrpaanille,1
Heterovastaisuus,1
Kattoryhmään,1
Murrealuilla,1
Juudaana,1
Hyvänpäivänkavereita,1
Toetäiso,1
Peruskurssiinkin,1
Linkolaisuus,1
Mvjulkaisun,1
Diapamisyytökset,1
Villintyvät,1
Iljapojun,1
Ohjelmahaku,1
Pitkäkestosta,1
Nöyristeltäisi,1
Ärsyttävyyskerroin,1
Piratar,1
Horjauttaneet,1
Lääninhallituksella,1
Börkitty,1
Stöttar,1
Kunniasorto,1
Förekomsten,1
Stadsdelar,1
Pekar,1
Hedersproblematik,1
Skolungdomar,1
Nordöstra,1
Förorter,1
Lääkehdintää,1
Rutiinitoimenpiteeseen,1
Ahdisteluepäillyistä,1
Vaikuttamaaa,1
Herattelyä,1
Avauksestani,1
Tonightistä,1
Iljapohjaista,1
Linkolaisuudessa,1
Aikavyöhykkeitten,1
Itäreunoilla,1
Valamiehästöä,1
Kilteimmällä,1
Fanaatikkoineen,1
Piraattiutopia,1
Palkkaamattuus,1
Warestamisen,1
34wx53,1
36xs955,1
Asevalmistuksen,1
Naurunahoilla,1
Herroitteluna,1
Neidittelynä,1
Vapautuspäärös,1
Kelvottomuutensa,1
Pernnöllisistä,1
Päälisistä,1
Yriyetään,1
Ohjelmakategorioiden,1
Hoitojonosta,1
Hallinnolisia,1
Ignooramiselta,1
Suomalaisuhreista,1
Uhkauskampanioita,1
Doxailee,1
Hiiskukkaan,1
Heeeeei,1
Vuokraluvat,1
Perustuslakiluonnokselle,1
Pankkikähmintä,1
Vuosimääräistä,1
Loppuussa,1
Lidöli,1
Emmmm,1
Realitypaskalla,1
Mainosmedialla,1
Markkinahäiriköinnistä,1
Lyc21,1
Boivin,1
Philo,1
Caverne,1
Käyttäytymisääntöihin,1
Convenes,1
Paikin,1
Ucu_u,1
P3cbfo7d,1
Sajxd_i,1
His5bywt_sm,1
Matapoliisit1,1
Ucuky6oynhprdc3gfeixih7g,1
Piraattiedustajan,1
Juuripostauksessa,1
Siinaen,1
Päätäsikö,1
Kuvatekstiinkin,1
Hedersförtryckin,1
Liiottelevalta,1
Aontto,1
Islamuskoisia,1
Suurija,1
Junttapresidentin,1
Pähkinäkielellä,1
Tulehtuneempaa,1
Tilaisuteen,1
Keskustelulinjoja,1
Alanuolillahan,1
Täysipäisestä,1
Toistamisellakin,1
Tahkosit,1
Hanakuuman,1
Mäntyomenia,1
Transseksualismiin,1
Pimotsidi,1
Harhaluuloisuushäiriöitä,1
Pläräyttää,1
Extensioneja,1
Netflixiinkään,1
Katseluaikojen,1
Känkkynsä,1
Fägäreistä,1
Transuttelun,1
Vähemmistömäärä,1
Omantunnonasiaksi,1
Opposiotiopuolue,1
Luonnonsuojelumielipiteisiin,1
Pienpuolueelta,1
Kutsusysteemit,1
5a06u1,1
Ilja_janitskin_vangittiin_ja_vapautettiin,1
D9co4pz,1
Menettävätköhän,1
Herkkyyksiäsi,1
Transseksuaalisen,1
Sanoitella,1
Stickkasin,1
Moralen,1
Auktoritatiiviseen,1
Näytteillepanosta,1
Dilemmoita,1
Td9mc,1
Espanjani,1
Luovutuspäätöksen,1
Epsanjalla,1
Keissilleen,1
Vadap,1
Letskou,1
Mustanaamameikkausta,1
Sukkanukkehahmo,1
Lempparihokemat,1
Mannefacesta,1
Geenistösi,1
Väkivaltarikollisuustaipumuksesi,1
Pieksämisvoima,1
Dokumenttikuvaan,1
20fn5u69sdux,1
Rikokssta,1
Tesktitys,1
Ohjelmistä,1
Ensipsyykoosista,1
D9cu90k,1
Krtiikkikykyisyyttä,1
Automaattisääntöjen,1
Kakkospostauksen,1
Liikutteko,1
Todellisuustasolla,1
Spekulaatioidesi,1
Suomennoksissaan,1
Wotcha,1
58ue6d,1
Isis_tappoi_suomesta_kielteisen,1
D93a7pn,1
Iuvety9x,1
5cfef412,1
Sukupuolivähemmistöasioissa,1
Erikoisviritelmäartikkeleissa,1
Liipaistumisherkällä,1
Karhusena,1
Approprioimiseksi,1
Sotaharjoituksiaan,1
Transtukiryhmän,1
Herättelisit,1
Ensipsykooseja,1
Sähköreseptien,1
Uusintahan,1
Unilääkket,1
Lääkärilläkäynnillä,1
Ranteitasi,1
Äänihuuliasi,1
Hartiasärkyyn,1
Silmäsärkyyn,1
Reppuhuppunarkkarit,1
Näppäimistökontakti,1
Determinisestä,1
Sipilämiehellä,1
Kissannaksuja,1
Muistuttelemista,1
Ckuq_v_g,1
Dysforioihin,1
Korvankorjausleikkaus,1
Kohdeyleisöajattelultaan,1
Viemäröintihankkeista,1
Yhteynäiselle,1
Pölkkyjäkin,1
Kuntouttavaanhan,1
Ordnande,1
Andringar,1
Anarkistimarkoja,1
Maanpuolustustarkoituksissa,1
Hörökorvaisiin,1
Hörökorvattomiin,1
Valloittavasta,1
Euna,1
Kaupanhyllykuvista,1
Idealistiporukka,1
Tehdäaloite,1
Jakakaas,1
Tägejänne,1
Tekijänoikeussopimuksien,1
Nytkyhetken,1
Jäsenmaisen,1
Seilattaisi,1
Kolmikierroksisella,1
Hoitopalaveri,1
Osastohelvetissä,1
Lyhytaikaiselta,1
Vessakäynnissä,1
Päämisteriltä,1
Runsaslumisempia,1
Poljettavina,1
Lohkaisemalla,1
Vähemmistöäidinkieltä,1
5a1bi6,1
A4_olisit_euliittovaltiosta,1
D9cz5vc,1
Kannatusasteet,1
Jepulisjee,1
Syyvyyhtiä,1
Työtilaisuuksiakin,1
2015071520040616_ul,1
Homoheikki,1
Rikollisuuteensa,1
Huoratkoot,1
Säyhellys,1
Sairaspäivärahoilta,1
Kulttuurivalistuskurssien,1
Homoheikin,1
Säilytyää,1
Gingereistä,1
Vankaan,1
Luonnonsuojeluhan,1
Lisävihjeeksi,1
Loppuillastahan,1
Psykolla,1
Kääntövivut,1
Erikoisalastaankaan,1
Kahvikoneestasi,1
Eurooppalainen_pid,1
Sosioekonomisien,1
Kaukoitäläiset,1
Olkiukkotp,1
Hakijasi,1
2016102922536647_uu,1
Valtioliittomaisesta,1
Maalaisliitossakin,1
Lainkuulaiselta,1
Muslimikämppiksen,1
Lähiliikkeistäni,1
Kyyneliltä,1
Flippipäisesti,1
Kehäargumentilla,1
Uio6laj,1
Rautatiehallitus,1
Järjestlemää,1
Valkoliinapaikassa,1
Kissanruokapaketin,1
Kalliolaisian,1
Ammattilaisväittelijä,1
Kalliolaisilla,1
Seksusaalirikos,1
Maakuntaviha,1
Anusi,1
Rebuttaali,1
Pieniään,1
Salakalat,1
Läppäisemässä,1
Helsinkiläisravintolassa,1
Siisteyspisteitä,1
Klikkihuoralle,1
Puhtaanvalkoisille,1
Salafisteilta,1
Puolustusblokki,1
Tasapuoleistavat,1
Sopeutumistahan,1
Lakmustestiksi,1
Redusoin,1
Rehabilioidu,1
Keittiöönpaskonta,1
Natsiväkivallasta,1
Puhelinluettotteloista,1
Kaikennäiköisiä,1
Painintoja,1
Pienpuolueidenkin,1
Islamistipuolueelle,1
Suvakki_helvetti,1
Unelmasyyllistys,1
Naamallemme,1
Klitoriksiamme,1
Lainausmerkkeihisi,1
Kansalaisistaa,1
Vähäpropagandistinen,1
Hyvänoloa,1
Esineelliseen,1
Snaijanneet,1
Ruohikkojemme,1
Törpöttelyni,1
Taikaseinähuutelijat,1
Rapulakävelyllä,1
Päähineettä,1
Lääppijäjutuista,1
Minkälaiseut,1
Seksuaalirikosluvut,1
Öpauttirallaa,1
Deprogrammoiminen,1
Federalisointia,1
Vittuilunimikkeenä,1
Griinpississä,1
Afrikkalaismiehille,1
Vähittäiskauppaketjua,1
Elvytyshanketta,1
Kellojensiirtelystä,1
Päivänpolttavuudessa,1
Kotelomekon,1
Bikinimimmi,1
Speedojätkää,1
Elannonsaannin,1
Heteromieheyteni,1
Hippitrippaaja,1
Kapulakielenä,1
Sairaskuluvakuutusanomus,1
Kruununtapaista,1
Poisrepimisiä,1
Hammashoitokuvioon,1
Opetussairaalaan,1
Kokotukka,1
Kaljuutumisensa,1
Youtubekommentaattoria,1
Ihmisoikeustarkastajien,1
Hattupreferenssisi,1
Liipaistutko,1
Ohjelmajutun,1
Taloushommaan,1
Syyllisyydentuntoiset,1
Litanaa,1
Tiedostokopioinnin,1
Ymmärryskyvyttömyydestä,1
Tiedostokopiomisen,1
Nettikopioinnista,1
Puollustelemalla,1
Tuputtakaa,1
Ranskapuolue,1
Saksapuolur,1
Raiskauskultuureista,1
D9d7ldt,1
Lisäsopeuttamista,1
D9d0jnh,1
D9d7gfc,1
D9d21gg,1
Diezel,1
Konemusapumpun,1
Kääntäjäntyöstä,1
Rämätelttaan,1
Psilotryffeleitä,1
4ff45774910601457098311dd61be413,1
Saamelaispoliittisista,1
Selekeyttää,1
Kolttujensa,1
Työttömyyskorvauskaan,1
Nurmenleikkuukoneista,1
Työttömyysaktivoinnilla,1
Villisusi,1
Pakkososiaalistettiin,1
Turistirihkamaksi,1
Noitarumpuihin,1
Tekstityken,1
Tekstittynä,1
Förmedla,1
Mångsidig,1
Multikulturell,1
Tusinakanavat,1
Kalastuslaivastosta,1
Elezl9w,1
Kieleillä,1
Maanosilla,1
Voimaasetelmat,1
Metsurityössä,1
Puolimetrinenkin,1
Valokyltistä,1
Pakaranpuudutustuolia,1
Palaveritilaan,1
Hoitotakuisiin,1
Erikoistuneellaa,1
Steriliilisaatio,1
Emperori,1
Maanvaltauslakien,1
Elinaluelle,1
Feikkijoikua,1
Hallusinegeeneihin,1
Haastateltiinkohan,1
Asiatsta,1
Intiaanivaltioiden,1
Opintonsuunnitelma,1
Alkuperäisväestöstämme,1
Monumenttipelleilyihin,1
Philebersole,1
Kansallispuvuistaan,1
Anteeksipyyntölaki,1
Cmpa,1
Acpm,1
Lappalaispuvun,1
Kanavapaikkasekoilu,1
Tehtäänköön,1
Kertakäyttömukissa,1
Silokkipussukka,1
Aiheeista,1
Valtionmaihin,1
Pikkupiirien,1
Kantonijako,1
Foliohattuvideoista,1
Redosaaminen,1
Heroiiniannoksen,1
Hälytinnappia,1
Napossa,1
Konfiktit,1
Kopioden,1
Ratifioimiselle,1
Silokkimaisiin,1
Heinäkerrosta,1
Silokkejahan,1
Jenkkipätkiä,1
Teoreemasi,1
Alkoholimyrkys,1
Kisaavaat,1
Hämäläisalue,1
Aukottomine,1
Positivistisesti,1
Työmarkkinarakenteen,1
Tähtitieteelisen,1
Sydänhämäläisen,1
Scholari,1
Piparminttuoljya,1
Suihkimalla,1
Nännikarkki,1
Perseilyvideoksi,1
Toisaalto,1
Kokeileehan,1
Riskinkantajille,1
Romunmetsästysohjelmia,1
Oulunjokeen,1
Sienitripeistä,1
Täpinän,1
Juovamaisia,1
Räppimisen,1
Sienipaskaa,1
Periksiantamattomaksi,1
Sitruunapaholaisesta,1
Yökkimisen,1
Fraktaalinen,1
Havuhenkien,1
Wireframena,1
Kirjonauhana,1
Kirnuttavana,1
Tajunnantilani,1
Painajaistrippi,1
Mulkkuuntuuko,1
Earmark,1
Kauhistuttavimmat,1
Replication_rates_in_psychology,1
Tiedeuutuset,1
Why_the_replication_crisis_seems_worse_in_psychology,1
Karhuajia,1
Nuottisi,1
Plz4_slyngbw_nrutaayld6b9w,1
Vlvsar3,1
Zepxox0,1
Hazdan,1
Avulsiivi,1
Naksautusääniä,1
Hazdaa,1
Ajatusmallivariaatio,1
Verottamattomaksi,1
Lyömäaseenasi,1
Tzeltalin,1
Tukkihumalassakin,1
Orientaatiostaan,1
Kalakukkokaupunkina,1
Viraleissa,1
Protokana,1
Eihou,1
Lomaparatiisina,1
Prekliinisten,1
Tutkimusalalle,1
Jatkojulkaisuille,1
V483,1
N7391,1
483531a,1
Varasteluna,1
Tribalisminpoisto,1
Intiaanialueilla,1
Gmttimedate,1
20zones,1
Jahdatuin,1
Joikaan,1
Pahastujia,1
Gastronomisesta,1
Taustatahonsa,1
Mielenhyvän,1
Toistettavuusjuttujensa,1
Ioannidisin,1
Kertashokki,1
Pakkoassimilioinnin,1
Saamelasiten,1
Riffataan,1
Riffaamaan,1
Yksilöllistynyttä,1
Äänettyjä,1
Toukiou,1
Tookjoo,1
Boun,1
Äpatiit,1
Apetii,1
Käriouki,1
Kenttäorganisaatiota,1
Äänoikeutta,1
Tyoryhmaehdottaasaamelaisenmaaritelmantasmentamista,1
Dnak6oikaji,1
Deletöimässä,1
Merkittävyydentunnistamiskyvyllä,1
Hintatiedottomia,1
Konkurssialea,1
Konkurssialeissa,1
Kiistattomampia,1
Rasistiporukkana,1
Palautteensaajan,1
Nykytaidefiilis,1
Saamelaispukuakin,1
Pukujensa,1
Vankilaväestöistä,1
Koulutuspesiä,1
Velttovirtanen,1
Eeeeeeeeeeeeeeeeeiiii,1
Ällöttäviähän,1
Nopeurajoitukset,1
Takaisinvetäminen,1
Meemiklusterin,1
Moraalisäteilyirtopisteiden,1
Whattaboutismiin,1
Humanismihöperehtimiseen,1
Noitarumpuun,1
Megakanavien,1
Alehintainen,1
Palttiarallaan,1
Tervomaan,1
Vajuri,1
Ucbomx_ungapbsuoigasn3,1
Vähemmistöääni,1
Postikorttikuvaan,1
Käsinkutomaa,1
Vihapuhetarkoituksessa,1
Saamelaisasiakkaansa,1
Saamelaispukuisen,1
Mannekiininsa,1
Bisneksenkin,1
Jakkea,1
Hokusaista,1
Kirkkotraditiossa,1
Juhlakulkueeksi,1
Monitasoiseksi,1
Nimbylle,1
Pahoitetusta,1
Voivottelemisellä,1
Merimiesaikoina,1
Slangiakaan,1
Folkilta,1
Varjotilastoja,1
Lippispäisen,1
Muokaaja,1
Äidinkinkielikin,1
Kiroivelat,1
Politics_of_iceland,1
Political_parties_and_elections,1
Kolminkertaistamiseen,1
Kaupunkisarjan,1
Hopeatilan,1
Tsemppipelaaja,1
Sarjataulukkoa,1
Otteluissahan,1
Huippukiekkoilijaa,1
Korkeakauluksinen,1
Nahkastakin,1
Umpitakin,1
Elections2016,1
Tulkitee,1
Homosuvakit,1
Nerdcubed,1
Subeisa,1
Pelaukset,1
Malariatutkimukseen,1
Regeneration_rules_out_coalition_with_government_pa,1
Linguistic_frame_of_reference,1
Kartanluvusta,1
Anthroweb,1
Jhaviland,1
Ethosw,1
Diags,1
Coloradocollege,1
Dotasset,1
3bb4c139,1
8a46,1
67bca5209ae6,1
Yimithirrin,1
Kyynistyneitää,1
Sandersillä,1
Lautausten,1
Valtauutisten,1
Suunnatr,1
Tepsunius,1
Hallintarekisterijutun,1
Joustaisitteko,1
Himbaheimon,1
Himboille,1
Värisokeudelta,1
Minäkäänpuhu,1
Piraattitiimiin,1
Meemipelejä,1
Luettelo_suomalaisista_videopeleist,1
Koillismaalaiset,1
Kokokaapu,1
Lisärankaiseminen,1
Huntupakottajien,1
5a0z4p,1
2016_iceland_parliamentary_elections,1
Lohkesivat,1
Velttovirtasen,1
Hiisattuani,1
Tarkissa,1
Eurogamersissa,1
Kotakussa,1
Auheuttamien,1
Järistyste,1
Kontrolloinissa,1
Vegefajitiksia,1
Arvoauton,1
Hiilostamalla,1
Ihmisoikeuskeskustelulle,1
Kannabisvalistusta,1
Kulttuureihein,1
Väestönkorvauksemme,1
Liipaistumiseltasi,1
Pirittömiä,1
Striimaamien,1
Lastentekovälineinä,1
Kynnetyksi,1
Viinankiskonnalla,1
Ahdistuskaan,1
Työanatajan,1
A1477797668501,1
24da29b7f09dd8576ff6749f2ce94d07,1
Tf_ihsisboksi,1
Neekereitäkin,1
Hommakammiosta,1
Yhdysvaltalaismaustekastikkeisiin,1
Iskemässän,1
Kansallisidenttiteetti,1
My_summer_car_steamin_myydyin_peli_t,1
D9ds70n,1
Tavoiteyleisössä,1
Mediatyöläiselle,1
Biasoitumiseen,1
Punaviherkuplassaan,1
Msctä,1
Veljeilen,1
Poistoäänestykseen,1
Alkoholiongelmastasi,1
Viðreisn,1
Viherpiraattiblokki,1
Pissanäytteet,1
Piraattiblokissa,1
Viherpiraattiliberaalit,1
Koalitiokantoja,1
Yleiskatsauksesta,1
Bombcastissa,1
Healttiä,1
Nv8e118k26a,1
Monikulttuurillistahan,1
Vesiautoksi,1
Vakinaistamisterveystarkastuksissa,1
Fuzzingia,1
59nom5,1
Turvapaikanhakija_pahoinpiteli_poliisin_vakava,1
D9afx81,1
3e1j40,1
Why_do_people_generally_mock_the_statement_im_not,1
Piikkisängystä,1
Yytsiny,1
Kuluttjatuotteille,1
Kaukoidässähän,1
Hiihdäpä,1
Reaalimonikulttuurilla,1
Hommatta,1
Alentumisservaus,1
Konsolilapsen,1
Teemubrunilat,1
Elintasomaahanmuutossa,1
Huove,1
Kalto,1
Jääkallo,1
Kohva,1
Lumisanoja,1
Tasankoaavikkokielissä,1
Pleikkarillas,1
Monguit,1
Vonguit,1
Löydöilläkin,1
Quedan,1
Houti,1
Quedaa,1
Ääntämissysteemiin,1
Maahiskunnat,1
Metsäkonepuuhiin,1
Pikkeveljen,1
Stobeille,1
Eskimokielet,1
Sanavartaloista,1
Sanajuuria,1
Esitelmat_ja_artikkelit,1
Synonyymit_suomen_murteiden_sanakirjassa,1
Tosipeluuseen,1
Viihdejulkaisuistakin,1
Oppositiojoukoista,1
8tkf,1
Ynve,1
Henrikkiä,1
Feelzies,1
Defaultinterstitial,1
Itkurunkkarihillopurkkihipsterin,1
Nimiskaalaa,1
Punikkisukujen,1
Afroihin,1
Lähäreihin,1
Dissaamisestaan,1
Avuusta,1
Remonttiinkaan,1
Sielupoolia,1
Raanienkin,1
Kiikkuvassa,1
Fatalistisessa,1
Peruskoulupalveluita,1
Kommenttipuusta,1
Puolustautujat,1
Suuntaumuksestamme,1
Konversiohelppoudessa,1
Koulunpenkkiin,1
Happokerralla,1
Kumpuaisikin,1
Arkityönään,1
Urheiluvammoissa,1
Kylmäpusseja,1
Häikäilemättömmyys,1
Sisällönpuolikin,1
Ylänuoltakaan,1
Kaikkimuistava,1
Kanadalaisuuttakin,1
Perseilyvideoiden,1
Automaattiinen,1
Viinahuikan,1
Euforioissani,1
Tryffeliannoksen,1
Happoakaan,1
Iltalypsettyä,1
Akbarivideoita,1
Verilammikon,1
Akbarivideoista,1
Striimannert,1
Pössyttelykellarikoodarit,1
Addiktoituneilla,1
Aamusavuke,1
Kesäaikapelleilyn,1
Sunnikapinallisista,1
Välietapille,1
Puolipilviseltä,1
Hihhulisekoilua,1
Päänsilityseleellä,1
Vastuuongelmat,1
Kolonialismissahan,1
Vertaantuvaa,1
Mustamaalavan,1
Bacmanneineen,1
Objektiivisenpaa,1
Passivoivista,1
Aldehydi,1
Varastoituisivat,1
Tikkaritestein,1
Valloittamisena,1
Koloniasmissa,1
Vasikoijien,1
Natsismiaan,1
Skiniporukkaan,1
Uusnatsiporukkaan,1
Väkivaltaryhmien,1
Kotiteollisuuskin,1
Fraktaalina,1
Näköäsi,1
Kuvajaisen,1
Silotellummalta,1
Kiistämiisi,1
Yaddda,1
Rikollisjengiensä,1
Evankelistoiksi,1
Riitakumppaneita,1
Neuvostotiedustelun,1
Neuvostotiedustelussa,1
Joukomme,1
Sunnilapsi,1
Kunniakäsityksetkin,1
Äytön,1
Kämmättyään,1
Organisaatioistaan,1
Holappakin,1
Rasisminvastaiseksi,1
Hienoimpienkin,1
Partyilla,1
Historianopettajien,1
Pistemiehiä,1
Käriksenkin,1
Vodiin,1
Virkatarkastuksissa,1
Biomarkkereilla,1
Pannana,1
Mattopommituksella,1
Piletykseen,1
Merkkipäivinään,1
Useammantaustaisia,1
Höyläilyhän,1
Sunnikapinalliset,1
Kansanmurhaisivat,1
Propagandamestari,1
Valppaammat,1
Vodista,1
Pilleritä,1
Kunnelleesta,1
Suomensisuilullakin,1
Odinisoinillakin,1
Bonaripisteet,1
Keskushermostoasi,1
Impulssejasi,1
Haittavaikutuslistakin,1
Satamatyöläisen,1
Onnistumisprosenttihan,1
Implanteissa,1
Ehkäisymuodoissa,1
Ehkäisymenetelmissä,1
Autoasiantuntija,1
Juutuuperi,1
Städissä,1
Arkilogiikkaan,1
Assimiloitavissa,1
Kauppaneuvottelussa,1
Välimiesselvittelyt,1
Jouzou87,1
Pratasi,1
Pökiöt,1
Metallinetsintävermeet,1
Anglofonisesta,1
Loukkaantumisfeminismi,1
Loukkaantumiskeskeistä,1
Kieroontumisesta,1
Klubihuoneita,1
Mediaoppiin,1
Väärinymmärykselle,1
Pörssiyhtilöiden,1
Vanhalaa,1
Vanhalahan,1
Fetisistisen,1
Tuotestandardisointi,1
Arvopuolueen,1
Huurupäisellä,1
Kraplakistanissa,1
Ucq_yhzxgntl99adcnek1rcw,1
Päittää,1
Vaihtopäivämääristä,1
Pahemmanhajuisessa,1
Luottohäiriliset,1
Miestyöntekijäkin,1
Tenniskaveri,1
Haurastuttavaa,1
Puolkympin,1
Pällisteleen,1
Istumisputki,1
Veryteltyä,1
Monikulttuurisuusunelma,1
Kovaäänisimpiin,1
Autoverotuskin,1
Tunnistusmarkkinoista,1
Tupakselle,1
Liittymäasiakasta,1
Mainostettuakin,1
Dxvwxmqsvc8,1
Kivesveron,1
Henkilöllisyydentunnistamista,1
Pehmentyvän,1
Pfmredir,1
Nbcdfw,1
Tcu,1
Työnsiirrot,1
Etsivätoimistoa,1
Tunnistautumisominaisuudesta,1
Kuorintavitsi,1
Kukkahattutätijärjestön,1
Poliisiresurssin,1
Juoppokuljetusta,1
Juoppokuljetuksia,1
Pakkokuljettaa,1
Verkkopankitunnukset,1
Selväjärkisiltä,1
Tutkikkaan,1
0ym2gaw,1
Partaveitsenterävän,1
Räystäskourun,1
輝かしい日本木材,1
Vakuutuskorvauksina,1
Mielenrauhaankaan,1
Työministeriökin,1
Juoppokuskeina,1
Juoppikuljetuksilla,1
Juoppohommiin,1
Statusd112,1
Kasausvideon,1
Millolle,1
Valmisteiseen,1
Johtamisportaastakin,1
Dimorfismista,1
Luettelemisissa,1
Päämääritelmä,1
Mielenterveyteenhän,1
Progestiiniä,1
Yhdistelmäpillerillä,1
Liputヽ,1
Ys9sas9,1
Tapahtumamaksu,1
Eilöhän,1
Esimerkkikeissiä,1
Kulttuurikerrostuma,1
Tupaavat,1
Nuormiehiä,1
Kirjekäsittely,1
Etäkäsittely,1
Mainstreammedia,1
Druzejen,1
Yleisönhän,1
Matalaenergiataloista,1
Petipaikoista,1
Kakslauttasessakin,1
Laphiin,1
Syrjijäporukkaan,1
Eläkemenetykset,1
Kriisinhallintatehtaviin,1
Puolelllahan,1
Laitha,1
Collegeitten,1
Brittinuoresta,1
Puhtaaasti,1
Ekotorit,1
Edellämainuista,1
Nzeb,1
Talonrakennustekniikkasäädäntöön,1
Luonnonkulutukselle,1
Rakennussykli,1
Käyttökulutus,1
Säästäisinkö,1
Savullisille,1
Perustyylikästäkin,1
Stemmoissa,1
Aistivasi,1
Peljätäkään,1
Pohjustavani,1
Liimapuulevyviritykset,1
Liimapuulevykalusteita,1
Kärjistyneinä,1
Painotuksina,1
Pukkaripuheet,1
Stänssin,1
Mööpeleillä,1
Ryssittäviä,1
Ajatusristiriitoihin,1
Privilegioidentestausmisääri,1
Kliniikalta,1
Perusmankelin,1
Trollaavani,1
Argumentaatiotyyli,1
Työttömyysprosenteissa,1
Aikusväestöstä,1
Vaalivilppifolion,1
Viihtyähän,1
Sisustusvallankumoustaan,1
Tarvitsevatkaa,1
Täysfanaatikkoihin,1
Lähipiireihinsä,1
Donaldikin,1
Katonlaittaja,1
Pusaamat,1
Katonlaitossakin,1
Naulankohtaa,1
Hallituspaikkakiintiö,1
Naisallitukset,1
Kloorialtaaseen,1
Äärifeministiaktivistit,1
Pehmustamista,1
Sorsittuun,1
Privileegee,1
Privileeko,1
Ääriagressiivinen,1
Vainopisteet,1
Kotouttamissuunnittelun,1
Sosiaaliturvasysteemihän,1
Karmeimmissa,1
Ruumiineritteissä,1
Kuluttajanasiamiehellä,1
Pelivaiheista,1
Käräjäreissulla,1
Vartijoiltaan,1
Lappvedellä,1
Vanajassa,1
Surmavälineinä,1
Maksuhairioinen,1
Artikkrlikin,1
Vimmailua,1
Sisutetulla,1
Maailmankäsityksensä,1
Yliäänikoneella,1
Pintaratkaisut,1
Viherosasto,1
20distillery,1
20distilling,1
20spirits,1
Yhdysvaltain_presidentinvaalit_2000,1
Varmuuksissa,1
Sekoitemateriaaleista,1
Sekoitemateriaalina,1
Loimilankojen,1
Viistosuunnissa,1
Feetlet,1
Venytysneste,1
Corduralle,1
Equalism,1
Fenismi,1
Markkaani,1
Rintakehaani,1
Epakohtelias,1
Kirkonkirjaan,1
Kulttuurimarxistiarmeija,1
Ahdasjärkisyydenmyrskyn,1
Kulttiseuraajiston,1
Sontasia,1
Vehnämössöä,1
Vajaanpuoleistein,1
Kilareiden,1
Syntymärangaistus,1
Kunniannhimoisia,1
Grillipartyjä,1
Polttarisettiä,1
Vaelluksenkestäviä,1
Edistämien,1
Vartiointimaailmassa,1
Bodariuunot,1
Qlcbzxx,1
Kohdevartiointi,1
Piirivartiointi,1
Työllistymismahdollisuukset,1
Occamia,1
Keskustelupaneelin,1
Nnk7h,1
Pukinpuku,1
Osuuskuntalaiset,1
Höpsäke,1
Friikkishowksi,1
Diffuusioavoin,1
4b01t,1
633khz,1
0m17s,1
F30b4d3d3f9fabafc248d5a4fbd4514d,1
Hoitorasvalla,1
Kanniskeltu,1
Brankkarijuttujakaan,1
Vauvantekoharjoittelun,1
Pressstory,1
Videodokumentit,1
Äläköivät,1
Normaalitöiden,1
Emoiksi,1
Pimpinkourintakohua,1
Joikhata,1
Feminismifobian,1
Antiwesterniin,1
Designikaan,1
Opintotukiryhmän,1
Seponkaluste,1
Naisismin,1
Pänttäillä,1
Forbesinsights,1
Studypdfs,1
Innovation_through_diversity,1
Fps_security,1
Feimistit,1
Alapuolisilla,1
Töniskin,1
Läimäisis,1
Sitkö,1
Perusoletuksiltaan,1
Muodustaakseni,1
Vahvinmillaan,1
Gjax,1
Fgi7smzw,1
Fnmgjaxfgi7smzw,1
Fingerprintatuista,1
Televisiomainoksista,1
Attribuutiosta,1
Ultraäänitunnisteita,1
Tarjouslaari,1
Pullonpalautuseteisissä,1
Sinukän,1
Mediaopin,1
Sukupuolishow,1
Lähilidli,1
Paikallisoloihin,1
Feministiorganisaatioiden,1
Yliopistoesiintymisestä,1
Sukupuolipettureina,1
Miesagentteina,1
Oppilaslautakunta,1
Bindelin,1
Hyväksyttävänmpi,1
Terfaus,1
Epäkutsuneet,1
Christina_hoff_sommers,1
Rinnastetut,1
Alawiitti,1
Ildib,1
Provinsilla,1
Damascuksen,1
Kapinnallis,1
Viattomiltä,1
Libyaksi,1
Määräytyneeksi,1
Jälkistrukturalistiseen,1
Jäkistrukturalismi,1
Tärkeysjärjestyksien,1
Tiedonsiirtonopeutta,1
40khz,1
Nyquistin_teoreema,1
93hartley_theorem,1
Koodausmenetelmillä,1
Mainoskäyttö,1
Näytteistetään,1
Interferssiä,1
Modeeminopeuksista,1
Ieee_ius,1
Kellojensirtoa,1
5a8r4m,1
Kaikille_joille_on_ep,1
A4_miksi_kelloja,1
Tropiikissahan,1
A4nseisaus,1
A4n_pituus_pohjoisen_kes,1
A4nseisauksena,1
Foliohattuaistinsa,1
Kulttiseuraajisto,1
Esimerkkiydestä,1
Magnaattina,1
Blastermaster,1
Vapaapainiesityksissä,1
Vuokrakohtu,1
Välimiesselvittely,1
Aabenraan,1
Osuuskuntamaisia,1
Loittonemassa,1
Näköyhteydenkin,1
Tyokontekstissa,1
Meikkisubredditissa,1
Yllattyisin,1
Miespomoni,1
Yllamainituista,1
Kloonauslaitokset,1
Emokoirille,1
Kloonaukseen,1
Australianpaimenkoiran,1
Kloonipentu,1
Juoppokuljetuksilla,1
Irkkututkijat,1
50khz,1
110khz,1
420kbps,1
120khz,1
735khz,1
60kbps,1
Siirtelemättömyys,1
Henkilösidonnaisia,1
Itsepäisyyksissään,1
Valvomiseksikaan,1
_taaskaan_,1
_hätää,1
Kärsivästä_,1
Tuntisiirtymät,1
Spekrin,1
6khz,1
Avoinmielisyydestään,1
A7231461,1
Valoisammiksi,1
Illanvirkkuna,1
Aamuvirkuilla,1
Sympatexia,1
Corduralla,1
Peruscordura,1
Sotilaskamppeissa,1
Taipuisammaksi,1
Niitattavat,1
Höylätyiltä,1
Syynmukaisesti,1
Leikkaamilta,1
Viiluilta,1
Laatuperunoita,1
Kilottain,1
Paikasti,1
Lookkin,1
A1477449520083,1
E4a681e90ab0d68e3243fe93d1644b8c,1
Yömajana,1
Ajelisko,1
Timanttisimpaan,1
Etablementtia,1
Hymytyttöjä,1
Vinosuunnassa,1
_kylmät_,1
Suurhenkilöistä,1
T__d,1
Osuuskuntamaksulla,1
Miljoonaosuudella,1
Superomistajat,1
5a5zty,1
Polling_megathread_1028_1030,1
Motonetkin,1
Halpiskauppa,1
Tarjousrompeet,1
Ammattilaislaatua,1
Suurvaltasodassa,1
Tekomyrskyjä,1
Häviteta,1
Emokoiria,1
Puppers,1
Massatappomenetelmään,1
Uutistenlukutapoihin,1
Ehdokasvalintoihin,1
Väärinnäyttää,1
Pohtimisena,1
Piirileikkejäkin,1
Suomalaisemme,1
Kommunitarismia,1
Työnetsintää,1
Vyx,1
Syfxxuu,1
Vitsaruu,1
Perinneuskollisuus,1
Oppositiohenkisyyttä,1
Sunniryhmien,1
Sisåltävät,1
Omistajaraportin,1
Menenturkuuntämäntakia,1
7be8189b,1
8e83,1
Da375eac7596,1
Valloitususkonnoksi,1
Sunnivaltio,1
Kieltämäsi,1
Valloitushimo,1
Pelastaneista,1
Behavioristisia,1
Biologisjohteisuuden,1
Turvallisuustyhjiötä,1
Yksittisyrittäjien,1
Asiakasvedätettävien,1
Suurosuuskuntalaisia,1
Täsmätaudin,1
Braan,1
Ucu09ilbobpdajfrc9rhilqq,1
Oulun_lapsisurmat,1
Kuolinaikojen,1
Sukupuolijakaumiin,1
Keskitysleriä,1
2c_visio_ja_arvot,1
Huolenaiheestasi,1
Hallusspito,1
Tupakkapitoisuutta,1
Ansaitsemispotentiaaliaan,1
Noiseyfbca,1
Älyily,1
Teeskenetelet,1
Joutununeella,1
Sieppauskohtaus,1
Laukaisevasta,1
Opiskelujensakin,1
Mitennniin,1
Juutihan,1
Ainaq,1
Byo4zpdc0gu,1
Telepatiataidot,1
Decryptaamaan,1
Lehtikullattua,1
Kahvikalustoa,1
Naurunpuuskissa,1
Töllöstäkin,1
Retardikin,1
Donatetkin,1
Turbovehje,1
Selkänahkoina,1
Ikikuunaan,1
Amontilladotynnyrit,1
Plussaseteleiden,1
Huoltajuuskeskusteluja,1
Siedättäen,1
Lisäjeesi,1
Soldiaarisuusveroista,1
Lisäprogressiota,1
Päiväkotimakuja,1
Emergentteinä,1
Seksuaaliominaisuuksien,1
Alisteisinä,1
Luonnontieteelle,1
Ontologisissa,1
Vaalij,1
002bf6a3,1
A975,1
A6bf,1
7d0e7fb15418,1
Palveluntarjojasta,1
Kuitemkin,1
Ikäluokitteluun,1
Valitesmaan,1
Warningeiksi,1
Mainosproduktiossa,1
Rahastoesitteisiin,1
Rahamarkkinarahasto,1
Amatöörisijoittana,1
D971l9x,1
Pilkannutta,1
Jeesusmummolta,1
Feminismijauhaminen,1
Todestani,1
Björkqvistien,1
Pettämismotiivia,1
Laki_hankkeet_,1
Merirosvoilussa,1
6sllä,1
Mavek,1
Yliopistoproffien,1
Matkavideoista,1
Realpolitikkiahan,1
Binomikerrointen,1
Kasvupaikkansa,1
Tryffelikärsän,1
Tryffelikokemuksia,1
D9cru0f,1
Identityinteract,1
Kurssiselostukseen,1
Raiskausmateriaalista,1
Raiskausmuistot,1
Syllabuksessa,1
Masennussairauksista,1
Perheväkivaltaongelmia,1
Lesbotanssiteoriaa,1
Humanistituubaa,1
Tunnistedatan,1
Seikkalemaan,1
Mustasukkaisuussurmien,1
Ehkäisyhoidon,1
Ehkäisyruiske,1
Kuluttakaan,1
Tonnikalapurkilla,1
Korkeajännitykset,1
Tähtihetkeä,1
Kaaleisaa,1
Porkkanaista,1
Liipaistumistapa,1
Perhesurmaajille,1
Claude_romand,1
Kasvojenmenetykseen,1
Bisneksentekoon,1
Lioteltuja,1
Konjamiiniherringejä,1
Kalamakuja,1
Sillinhajun,1
Nuuskarinkien,1
Kurpitsapäissäni,1
Miehilt,1
Finiitto,1
Vetelälihan,1
Tahdooon,1
Sinuaaa,1
Keittiöjäärä,1
64gtn,1
Kakstonniseksi,1
32giganen,1
Hommabottiraivarit,1
Ylävouttaa_haardisti,1
Perusmerkeille,1
Sekuntivauhti,1
Tunnistusjärjestelmille,1
Määräilynhaluisia,1
Surmaajalle,1
Tunnuslukulistoihin,1
Nallkutusmittari,1
Lasimestarinsillejä,1
Vilahdustakaan,1
Lisäsiviilien,1
Maallikkoarvioinnin,1
Klaustrofoobikko,1
Luolasukelluksesta,1
General_characteristics,1
Korianteritonta,1
Korkeempitulonen,1
Huoltajuushan,1
A1473390556702,1
Kotibalanssia,1
Kulmasohvia,1
Sisältöstrategia,1
Ultraääneksi,1
Kohinatason,1
Puhetaajuuksille,1
Rantasaunasimulaattori,1
2015041419515861_eb,1
Korkeakoulutetuthan,1
Lukujärjestyksillä,1
Triggerivaroitukset,1
Warningeilla,1
A1470366017867,1
Triggerwarningeja,1
Esimerkke,1
Sarcasmaholics,1
Juustotarjotinta,1
Lempijuustona,1
Kurmeen,1
Ultraäänistä,1
Cxekp1o,1
Pelastusyritysten,1
Inttäät,1
Palsternakkahan,1
Keittojuureksena,1
Perspanollahan,1
Kurpitsakautta,1
Lastensuojelujärjestölle,1
Onjollekin,1
Pihkaiseen,1
Kesäkutpitsapaistosta,1
Kyläoikeus,1
Verikostokierrettä,1
Yleishyodylliset,1
Kayttokohteesta,1
Pienpalkkaisuutta,1
Huonoimapana,1
Nojautuessa,1
Viikonloppunaama,1
Perjantaikaatokännin,1
Pienrikkeeseen,1
Retorikon,1
Hihhulifeministejä,1
Anglikaanimaiden,1
Lonkerolavat,1
Men_us_58129eb7e4b0990edc303e33,1
Kannatajine,1
Jälkinauhoituksena,1
Luokkaväkivalta,1
Maustepurkeissa,1
Bulkkioliivilla,1
Mätikokemus,1
Härkäpapunuudeliwokkihössäkkää,1
Kilohintaluokkaan,1
Lukumateriaalista,1
Yläotsikkoon,1
Diversiteettipisteen,1
Heteromiehellekkin,1
Sekatavaroita,1
Kellonsiirrot,1
Vudoesta,1
Sardellisäilykettä,1
Jenkkifeminismin,1
Lisäosuuksia,1
Lisäosuuksille,1
Lisäosuuksista,1
59bnke,1
Mittava_poliisioperaatio_tampereen_lentokent,1
Lento_llx5288_53303,1
Päivystysringeissä,1
Paskapalkkasiin,1
Puhumattomuudessa,1
Myskikurpitsabravuurisi,1
Sumemr,1
Datguylirik,1
Yhteiskuntatalouden,1
Vankilakokemuksia,1
4ii,1
4iv,1
Kaksosetkaan,1
Mustasukkaisuusrikoksina,1
Sepustuksellesi,1
Takaana,1
Japarisuhdevakivaltaanliittyvathenkirikokset,1
Parisuhdetapot,1
Arvohuonekalujen,1
Transponderikoodi,1
Kaappaustilanteelle,1
Kaappauskoodi,1
Radiovikakoodi,1
Sveitsiläisiäjuustoja,1
Soapy,1
Huuhdellulta,1
Pcofmst,1
Ydinpommikaan,1
Lahkonjohtajan,1
Siivuttelin,1
Karppipäissäni,1
Nuuskarinkiin,1
Avovaimoasi,1
Maitolaaduissakin,1
Rasvaisuudeltaan,1
Purkkimaidossa,1
Tankkimaidosta,1
Säilykekimchejä,1
Korealaismummon,1
Säilykekama,1
Rkjq2xa,1
Suuseksille,1
Elatusvelvollisesta,1
Elatusoikeutetut,1
Italiasa,1
Säilömisistäkään,1
Xrzg78,1
Sosiasliturvan,1
Pressanvaalia,1
Seurailtava,1
Hedelmallisesta,1
Alaaanista,1
Ykkösuutisaiheita,1
Fennimore,1
Ucbpjfdgw2wgmi6oa40blbcq,1
Hedershurri,1
Jrnpzsc,1
Suolakurkkuinhoni,1
Suolakurkkutonkista,1
Nykypressan,1
Armahdetiin,1
Ted_the_caver,1
The_last_descent_,1
Sisääpolitiikkaan,1
1x89orv,1
3d6d67ef0d,1
E9be,1
Bd1d,1
2da798e22bf9,1
3d15474,1
0ahukewitunfgh4bqahvcfcwkhei3czeqfggzmaa,1
Afqjcngv5njz51wmgl7jxkhrd8uz_y6lhq,1
Af3ujynefi5s_nbtddgk6w,1
2bseudun,1
2bosuuskaupan,1
25a4nn,1
25b6t,1
5868100e,1
7cfa,1
84da,1
A674883c50d1,1
0ahukewitunfgh4bqahvcfcwkhei3czeqfgg2mam,1
Afqjcner5gs2jwtndeo7wu,1
8bv2t_ypczq,1
0i8qgayr5ko0w1p5ww,1
Snoudenilla,1
Managementbyexcel,1
Lätkittyjä,1
Alennusen,1
Huoneenlämpösen,1
Indonesialaiseksi,1
Katmandulainen,1
Sekotettava,1
Sähköpostikohussa,1
Uce31mquy6nimj_f8y4r3_aa,1
Wht7z,1
Ilmavaivojahan,1
Tieteensarassa,1
Havettav,1
Menestystarinoissa,1
Naisruumiita,1
Musiikkivideotuottaja,1
Härkäpapurouheeseen,1
Leivite,1
Korppujauhopohjaisen,1
Leivitysseoksen,1
Leivitetylle,1
Wienerleikkeessä,1
Korppujauholeivitteen,1
Myllyssään,1
Maissimuroille,1
Abedinilla,1
Humamabedin,1
Fibzycclm2g,1
Wallenbergienkin,1
Mscn,1
Puuhuun,1
Asdadfasf,1
Vaaliuutisointi,1
Spagettibolognese,1
Hiaceihin,1
U8kum8outuk,1
Piikkusen,1
Nautapossua,1
Uturqjino9c,1
Edustaminaan,1
Henkilövaikuttaminen,1
S1349779323832,1
A1375852069731,1
Luomuröökiä,1
Öljyprinssin,1
Öljylaatua,1
Ikkunastalkkaukseen,1
Mielipidekyselyiden_tulokset_tasoittuneet_viikkoa,1
Winterkin,1
Kanssaihmisiltämme,1
X6mb0so,1
Valkosipulivoikin,1
Maustevoista,1
Etanasi,1
Rantabörje,1
Kopterilupia,1
Vastaehdokkaallaan,1
Vihattaisiinkin,1
Kalenteriautomaatio,1
Sushitarpeiden,1
Yhreen,1
Linssisosekeittoa,1
Täpläset,1
Le_puy_green_lentil,1
Puy_lentils_wooden_bowl,1
Opintolainapainotteisesta,1
Lainapainoitteiseen,1
Vieroksuvassa,1
Kotiloja,1
Poikamiesaikana,1
Neidoilta,1
Köyhyyskeskustelusta,1
Sulauttavat,1
Tapaamanani,1
Lisäkilkkeellä,1
Tukkuomistus,1
2xwp75,1
Suomen_kannattaisi_siirty,1
A4_terveyssyist,1
Stylishissä,1
Insinööriaineita,1
Opitoja,1
Opiskeluaikakaan,1
Koodiorjailu,1
Kaihoamaan,1
Uustuttavuus,1
Töpsähti,1
Tanhusen,1
Kantsuvihan,1
Suihkuturbiinipolttoaine,1
Rautasäteitä,1
Murekkeeseen,1
Crackkiä,1
Safkissa,1
Vegeruoassa,1
_and_anti,1
Ethnic_terms,1
Kesyttämis,1
Iiihanko,1
Yliopistokurssilta,1
Kiihdyttäisimme,1
Digiratkaisuille,1
Syljeskelemme,1
Kimchitä,1
Kanadalaisversioita,1
Linsit,1
Ketogeeninen_ruokavalio,1
Veronkeräysoikeutta,1
Jauhelihapaketille,1
Wyvkxc1,1
Tääääääysin,1
Koemakoilu,1
Mukavautuvaksi,1
Kusetusinnovaatioita,1
Futoneissa,1
Lateksikerroksia,1
Pihatosta,1
Nimittäkää,1
Susivihaksi,1
Futoniks,1
Hyvinvointiongelmat,1
Kehysverkon,1
Taksiluvatkin,1
Kohtauttavaa,1
Fantasiatarinalta,1
Kepinkäytössä,1
Oppositia,1
Maalutumaan,1
Fgnunzzy6ek,1
Murskaapinen,1
Damascuksessa,1
Assadid,1
Modered,1
Kemiläisetkään,1
Millenialsien,1
Tölkkipavuissa,1
Vivahveita,1
Polennan,1
Oookej,1
Aineeseeni,1
Analogiaansa,1
Hiirsalmi,1
Linnanrauniota,1
Käsityöpuljuja,1
Liiketoimminalta,1
Parasiittivertaus,1
Emeac,1
Huomionantaminen,1
Passionhedelmiä,1
Ikeaversio,1
Kakkalehdissä,1
Akkelilla,1
Selluliititsileäksi,1
Hanurikuvaan,1
Kateusonanointipäivä,1
Piiloina,1
Viitteitähän,1
Pienoissukellusvenettä,1
Pikaliipparilla,1
Varikkoina,1
Vihertekstaamisella,1
Quoteemisen,1
Pötkötystestin,1
Vvx9l6l6m5c,1
Reviirilläni,1
Persueinarin,1
Uhraajille,1
Kännykkätukiasemia,1
Zgnzbci,1
Qqfxyww8jhy,1
Luomuratkaisu,1
Vanhempainrahapäivistä,1
Äitiysvapaassa,1
Työvalinnan,1
Chafakilta,1
5e38d9444e7e63ce24db776ca7ba4468675c5764,1
Kuluttaija,1
Perusturismi,1
Pannoitetut,1
Juoksunaruista,1
Feminatsismi,1
Feikkifeminismille,1
Vanhempainvapaakuukaudet,1
Poltamassa,1
Koraanikokostaan,1
Juutalaisjutuistaan,1
Kallisarvoisista,1
Helmista,1
Muslimiryhmää,1
Luettelo_suomen_rekister,1
B6idyist,1
A4_uskonnollisista_yhdyskunnista,1
Byrokratiahaaste,1
Tiiliskiviturskasta,1
Tomaattijuustoleipä,1
Tuntuo,1
Kolttiaiset,1
Karnivoorillekin,1
Tiedustelupseereja,1
P2cp6b0pb,1
Perusväittelyä,1
Kukavittuolet,1
Roolittuva,1
Criteria_for_,1
27endangered_,1
27_,1
Suden_kanta_arviot,1
Ryvettämiseen,1
Metelöijästä,1
Asuntolaelämä,1
Kuorsattu,1
Tykistökeskityksenkin,1
Nayttelytilat,1
Mgfjwmz,1
Kakkelilaatuinen,1
Juontohommista,1
Itproportal,1
Aisight,1
Programing,1
Loukkaamistarkoitukseen,1
Kärkisarjan,1
Terrrosteja,1
Jumalanpilkkahan,1
Suosikkipitsatäytteistäni,1
Niittivasaralla,1
Päreitten,1
Pärekatossa,1
Pärekerroksen,1
Etunimitutun,1
Zyc7piebmqm,1
Tulostamansa,1
Arabiankielentaitoinen,1
Lisävariaatioiden,1
Kuitteisiisi,1
Uhanalaisluokituksessa,1
Haukkumateksti,1
Oisinny,1
Siloposkikuvan,1
Keinolistalla,1
Pankkiremontti,1
Nikot,1
Biljarditulot,1
Snössöössöö,1
Mynttimäkvirtaselle,1
Koraanikokko,1
Kannattajant,1
Loukaamistarkoituksen,1
Länsiliittoumalta,1
Käpä,1
Dombren,1
Itsarimorkkis,1
Popparivarastot,1
Karling,1
Vastuunalaisuuden,1
Henkilöyhtiömuodossa,1
Apteekkitoiminimen,1
Viinaorgiabakkanaalit,1
Uhrikukkulalla,1
Eläintensuojelulakien,1
Seksihurjastelija,1
Naapurikyylää,1
Loukkaamistarkoitukset,1
Elect_of_the_united_states,1
Cloture,1
Superuskonnollisesta,1
Totalitaristikahjojen,1
Häpäistämisestä,1
Käsittämälle,1
Elatusmaksuistaan,1
Valitsijamiesäänillä,1
Vaaliennustetta,1
Tiukkenemassa,1
Valitsijamiesäänien,1
Dolaneille,1
Negatiivenen,1
Tekopyhia,1
Creameriin,1
Kasvisrasvaseoksena,1
Antturi,1
Toiminanjohtaja,1
Mielipidemittauksella,1
Demokraattiosavaltio,1
Jco0c7fj1pq,1
G4sit,1
Johtamishommia,1
Biljadöörinikosvengilälle,1
Syyrialalisia,1
3frweaf,1
Layth,1
Khashanin,1
Kuntoutussuunnitelmat,1
Lippulaivamallille,1
Electoral_college,1
Red_states_and_blue_states,1
Table_by_year_since_1984,1
Upporikkaitakin,1
Taustadokumentista,1
Tekemispuoleen,1
Kommarointi,1
Reunaloiritus,1
Tulouutisia,1
Tuhoamistavalla,1
Kirjamuotoisen,1
Koraaniversion,1
Kapturointiohjelmalla,1
Koraanitiedosto,1
Levynpalautustyökalulla,1
Esivalitusta,1
Loukkaustarkoitukselta,1
Sorsapoukaman,1
Lukioateistiälymystö,1
Lenkeily,1
Dolani,1
93world_war_ii_economic_expansion,1
Niilo_paasivirta,1
Mullikuhnuri,1
Sianihrassa,1
Pilkkaavansa,1
Datanurkassa,1
Uutistarinoille,1
Otelemaan,1
Väärinkäytettykkin,1
Maansiirtohilden,1
Raiskuuhommistanne,1
2016110122496732_uu,1
Lööppihuorulit,1
Projektiehdotusten,1
Hermonpäistämme,1
Jetkut,1
Fundamentalistisuudesta,1
Restriktiot,1
Kevyemien,1
Pilvenpiirtäjänkään,1
Parikymmetä,1
201003260120226_uu,1
Päällekkäisyyksiltä,1
Sopeuttavan,1
Hyvnvoiva,1
Miljardööritkö,1
Itärintamatrauma,1
Valloituskyky,1
Valloitusideologian,1
Sisäälissodat,1
Lahtadaan,1
Kostonhalunsa,1
Kolonoalismi,1
Sovelluttu,1
Perusteksteihin,1
Jidadia,1
Rauhallisemmankin,1
Maaseuturomantiikan,1
Kyynelkaasuttelevat,1
Kaalijuttu,1
Iltavapaisiin,1
70473_tp_tilannekuva_julkaistava_2016,1
Fb5da9916801d488,1
Banishment,1
Toteuttamisajasta,1
Hiilarihössötys,1
Ilmaisutyyliäsi,1
Ebd393c9a37536d4e838702b82d1ab31,1
Argumentistas,1
Pystytääksemme,1
70ish,1
Metamodernissa,1
Sääntökuntien,1
Köyhyyslarppaus,1
Luostareilla,1
Unihahmo,1
Unihahmojen,1
Raiskaussyytteesen,1
Randombimbo,1
Raiskaajapaskiaista,1
Blinillä,1
Chafucku,1
Semicontrolled_demolition,1
Semicontrolled,1
20t1_d9h05f7,1
Nysväilemäni,1
Muunnon,1
Pseudohömppänä,1
Ainini,1
Palajastamisesta,1
Paljastusjärjestelmä,1
Skodankin,1
Näkemisestähän,1
Tekijästäkin,1
Hovivokkaaja,1
Kannattenevat,1
Pakolaisuusmaahanmuuttoa,1
Auervaaralle,1
Kaappaanko,1
Kasvuhuoneessa,1
Alttareilla,1
Tällälaisella,1
Ikäeronsa,1
Erityisvaikeudet,1
Asemapaikkansaja,1
Ulkoistetamme,1
Seuraamuskysymys,1
Tukihuijaruutta,1
Simpurin,1
Pimpuri,1
Länkyttäviin,1
Käsiteavaruuteen,1
Cba5re9ek08,1
Atwin,1
Valitsijamiesenemmistön,1
Mittauksessaan,1
Teoreettisiakin,1
Sossuhistoria,1
Sairausjaksot,1
Suuruttaaa,1
Sossuhistorioita,1
Susimäärälle,1
Vahinkoperusteisia,1
Rajanylitysmuodollisuuksista,1
Alfayksilöiden,1
Sidoksisena,1
Nojatakaa,1
Erikoisluonteista,1
An_project,1
Suojaamastaan,1
Sasso,1
Coexisted,1
1dckjk,1
Tietovälineille,1
Eronakin,1
Väkivaltakulttuureista,1
First_50_eritrean_asylum_seekers_arrive_in_finland,1
Yemenis,1
Normimenoon,1
Vangittaessa,1
Tasamittaisen,1
Piiriteoriasta,1
Tietojekäsittelytieteiden,1
Stenkut,1
Heineen,1
Kysymalla,1
Kymppitonnikaan,1
Poikueiden,1
Ihmisoikeusjärjestötkään,1
Vetäisijä,1
Badhistorya,1
Perpektiivin,1
Kolonnisoineet,1
Jihadinkin,1
Varsathan,1
Pissakristuksia,1
Sananvapaudenrajoittamisen,1
Herätivät,1
Viidesläisen,1
Islamkriitikkoja,1
Pahantekofiksaatioitaan,1
Nr1999,1
Mobilesdisco,1
Rdrfe9i8_hs,1
Oikarit,1
Matupolitiikkaan,1
Sisäihmisiä,1
Raiskausviehätyksestä,1
Lievine,1
Rahasampovankilat,1
Vierasluku,1
Episodipohjainen,1
Baageli,1
Poliisijargonia,1
Sekopäälistallani,1
Lähimmäistäsikö,1
Paakelssi,1
Julkishenkilönä,1
Omanlla,1
Uskondogmatiikallaan,1
Homofobiallaan,1
Rationalismiksi,1
Arkikäsityksissä,1
Puukaasuvoimala,1
Jättitili,1
Jälkiviisastelioiden,1
Elämäntapabloggaajien,1
Yksisanaisin,1
Liplattelemaan,1
Serpenttiinotiellä,1
Sataankahdeksaankymmeneen,1
Käännytäkään,1
Reunakaiteen,1
Nuuskamuikkusmaisesti,1
Illankajoa,1
Haukkasit,1
Nukkumisrytmini,1
Mainosfraasi,1
Demlakekkauksena,1
Irakilaisnaiselta,1
Peikeliksi,1
Tarjoamlla,1
E4k,1
Midirallatusta,1
Ylösvetoa,1
Kaappitutullesi,1
Elämäntaparaiskareiden,1
Poliispäälliköilläkin,1
Nimikkolapset,1
Rasiskattua,1
Isotuloisimpien,1
Vegaanimädätys,1
6f2bb85d52d5864fd923e48b380b3,1
Tosiasioistaan,1
Vastakysymyksilläs,1
Saunakersantti,1
3wqp89gewlo,1
C00l,1
Oiketeen,1
Karmabiljardinööri,1
Raiskausvangeilla,1
52xfup,1
Olinolen_totaalikielt,1
Itesenäsi,1
Rahainkeruuympyröissä,1
Ärse_akun,1
Pandemoniaa,1
Humulassa,1
Billboardissa,1
Ykkösluokassakin,1
Passitarkastuksenkin,1
Palvelualttiimpien,1
Silkkihanskaisempien,1
Yksityislennossa,1
Autonkasaus,1
Siinätilanteesaa,1
Pippalossa,1
Vvalhetta,1
Oolemassa,1
Sopupeliksi,1
Vaalifanit,1
Aikastettuu,1
Hjelp,1
Drussila,1
Hollanda,1
Housulla,1
Tekpyhyys,1
Muslimifasisteja,1
Iltaohjelmasta,1
Suhaileville,1
Moovitapp,1
Moovit5,1
Id861274235,1
Sovelluksistakaan,1
Häätämispalvelusta,1
Kiljuntekomahdollisuus,1
8428eb2c,1
3e15,1
9f2c,1
36b487ebd80a,1
Polarisoinnillaan,1
Karzai,1
Sissiliikkeet,1
Img110081,1
12301611_10207438623019312_4732309008599979380_n,1
2c90406f3948d13ed638cc7cf2c49738,1
588cf7a6,1
Rivinvaihdoilla,1
Kappaleenvaihtoa,1
Swooooooooooooooooooooshhhhhhhh,1
Formatonti,1
Terrorismirahoitushommista,1
Erottamanton,1
Skientologiankaan,1
Kirrkoja,1
Pyötiä,1
Herravihasi,1
Panetteluihin,1
Oikeusvoittona,1
Ekoanarkistit,1
Jtw7lebk7wex,1
Paskatöidentekijöiksi,1
Henkilötietoreksiterin,1
Lucidiksi,1
Sadevesisammio,1
Seurauksinen,1
Määränäkin,1
Onnistumisineen,1
Ehtoollismessussa,1
Riehuukin,1
Googlaustani,1
Muistop,1
Pyhainmiestenpaiva,1
Mar99,1
Pyhpaiv,1
Spårista,1
Julkiset_verotiedot_kaytannon_ohje_toimi,1
Winteri,1
120bayn,1
Puoliintuneesta,1
Koraaninpolttamisesta,1
Muslimivastaisiin,1
Häpäisijän,1
Tsaarinajoilta,1
Dog_watch,1
Samuelwbennett,1
Matupolitiikasta,1
Vokkibisnesopportunistit,1
Letargit,1
Joojoomiehet,1
Pakolaiskeskuspalveluilla,1
Suominkieli,1
Vaimokkeeseenkin,1
Amerikkamoituminen,1
Köyhälästä,1
Transtechille,1
Raitiovaunutuotanto,1
Raitiovanujen,1
Takaisinmaksuhyvityksellä,1
Kristinuskoonliittyvä,1
Porovaroituksia,1
Sääennusteissaan,1
Mellakoillaan,1
Väkivallanuhallaan,1
Rasisiminvastaisuuden,1
Homoasialla,1
Avioliitonulkopuoliseen,1
Noudattamamista,1
Homokannat,1
Homokantoja,1
Viidesläisissä,1
Rinäisissä,1
Näkökohtaan,1
Optiomiljonääreiltä,1
Talouspakkelia,1
Rakoilevien,1
Soemaan,1
Poekien,1
Varallisusveron,1
Telatek,1
Oikaiseee,1
Nukkumalähiökuntaan,1
_median_,1
Ohjelmistokehitysfirmaan,1
Tulidemonihärpätin,1
Linjavaihtoehdoista,1
7smesrr4rjex,1
Matkustustilat,1
Myötähäpeäprofiiliin,1
Raidekalustoakin,1
Kiskokalustoa,1
Ratikoitakin,1
Testirataakin,1
Sivistyksestäkään,1
Morjestakaa,1
Ylistettykin,1
Kiillottua,1
Kiillottuminen,1
Koodailis,1
Jltqlnh,1
Virkaveljiin,1
Matix,1
Platt,1
Matasareanu,1
Fbvmt,1
Ympristön,1
Tykkilinnakkeita,1
Komendantin,1
Mordin,1
Garmea,1
Gohtalo,1
Lapsienkaa,1
Laskuvasta,1
Taakanjakoargumentti,1
Porttijärjestelmiin,1
Junaverkolla,1
Tarksataja,1
Unisten,1
Juonittella,1
Urakkal,1
Pikkutipsejä,1
Someavautumisten,1
Kännykkälipussa,1
Qm61svn4u5g,1
Kaivosoperaatio,1
Ensikertalaistuomio,1
Superkakku,1
Kännipäähänpistosta,1
Makuarvio,1
Matkalippuaan,1
Tarkastettaisi,1
Lippuvaunuun,1
Rahamassini,1
Nököttäneet,1
Smurffiltakin,1
Epäkiitollisesta,1
Lipunetsijää,1
Tekstarilippuun,1
Välkyimmiltä,1
Liippuu,1
Myymälävartijaan,1
Demagnetointiasema,1
Asiallisedti,1
Viimetalvet,1
Räpistelevää,1
Pikkusääntöjen,1
Ulospääsyni,1
Kehitelmien,1
Mukaanluettunan,1
Köhälistön,1
Rahollla,1
Vanhenemipäivän,1
Alibini,1
Tulolistojen,1
Tukihuijareihin,1
Virkavaltaista,1
Välinellä,1
Rankaisumaksusta,1
Edestakasreissun,1
Tyhjentämisistä,1
Tyhjennysreissuun,1
Bonusosaa,1
Ylijäämähän,1
Monikulttuurisuusongelmista,1
Maahanmuuttajaoppilaani,1
Juoksupyrähdyksen,1
Läähättäessä,1
Nikotiinipastillejakin,1
Käsittämttömät,1
Semitabu,1
Myöhästymisilmoitusta,1
Lakaisuautonkuljettaja,1
Kotiinmurtautujia,1
Kotiinmurtautuminen,1
Veturikuskiksi,1
Triplaannuttua,1
Toiveammatilla,1
Avaruuskapseleissa,1
Rotukeskittymiä,1
Gettoistua,1
Urhasi,1
Orhaleipä,1
Lelusankarilla,1
Ääreisiin,1
Välipaikan,1
Välipaikat,1
Tukimustodisteita,1
Mielenkiintoisempa,1
3665771638_c57b17768c_107054726,1
Hallintaotekin,1
Dsmcg,1
Ex110apb,1
Pelilehdistön,1
Huippuratsastajista,1
Heppatytyjen,1
Leikittelyksi,1
Terrorismilistalle,1
Lelusalakuljettajaa,1
A1477028836004,1
Zh23b40voyux,1
Kokousympäristöä,1
Pitäiss,1
Elättävältä,1
Kukkahattutätiyttä,1
Perinnepiriste,1
Heattiin,1
Lippuruljanssi,1
Jemmaajien,1
Myöhästyvässä,1
Lisäsijoittamiseen,1
Epävarmuustekijöillä,1
Kaivamisoperaatio,1
Pjksksefeboc,1
_extra,1
Miljoonia_,1
Käänyppä,1
Vuasemmalle,1
Kalakuukkoa,1
Kunniakkuuden,1
Morkkaisi,1
Tyttövaltaista,1
Epämiehekkäästi,1
Pilkkiikin,1
Jaloittelisi,1
Nipistelet,1
Häpyhuulesta,1
Pilkityttäis,1
Oikeudenmukaisuustajun,1
Mopoilijaksi,1
Jaanapelkoset,1
Palvelumäärällä,1
Huutokauppiaan,1
Realityhöttöö,1
Raim,1
Watermelom,1
Poliisibrutality,1
Salaisuuttani,1
Leondardodicaprio,1
90ckxvf,1
Q8m,1
Talvinakeista,1
Kävelykokouksia,1
Kohottaman,1
Palaverinukahtelua,1
Pakkotarvetta,1
Palaverisiestaan,1
Vasemmistologikkaa,1
Kolumisti,1
Mogwailta,1
Parivaljakolta,1
Ilmanmuutoksesta,1
Otanmäkiläiset,1
Kelpuutetuilla,1
Digiboxistakin,1
Pölyyttymässä,1
Pohjaanmaalla,1
Nykyseltääkin,1
Psykoosimaiseen,1
Jämptimmin,1
Massiivityöllistäjiä,1
Kannustelisää,1
Terroristipuhdas,1
Säätiöpuolella,1
Puresteleminen,1
Väsyneisyyden,1
Yleiseurooppalaisilta,1
Varmuuskäyttö,1
Äänioikeuten,1
Santaolalla,1
Gustavo_santaolalla,1
Wwwq4uvggse,1
Id1162988948,1
Pyöritethään,1
Kelarahoitteisille,1
Mamukiinteistöjä,1
Ehdottomansa,1
Tulkkaapa,1
Ansiotulojaverotuksella,1
Luistinhuolet,1
Ihmeparantamiseksi,1
Silinterihatusta,1
Keskustelunavauksilta,1
Hallitsevuus,1
Selittelylauseet,1
Pohjelihaksiaan,1
Takareisiään,1
Tielaitoskin,1
Hiukkastietoisia,1
Sosialistikuplassa,1
Pääomatuottoon,1
Sijainnilisesti,1
Hirviöineen,1
Taikaelementteineen,1
Dilioksen,1
Kreikkalaisvaikutteiset,1
Alkukristinuskoon,1
Hulluuskerroin,1
Batterysta,1
Guggelista,1
Vihannestenkin,1
Triloojan,1
Meatonomics,1
Luonnontutkijaksi,1
Satelliittivastaanottimille,1
Pelotteluteema,1
Juhlapyhissä,1
Satelliittilautasmaahanmuuttajia,1
Maahmuuttajia,1
Altistaviakin,1
Mansikkeja,1
Energiapalettinsa,1
Vilauttajiin,1
Heehheh,1
Herautan,1
Piilomorkkis,1
Verottomuudestaan,1
Neuvolasi,1
Nettivalvonnassa,1
Pahvinomaisessa,1
Eläessäänkin,1
Homosome,1
Keturaadot,1
Elinodotekin,1
Aatelisetkin,1
Hermiassa,1
Tietoteollisuuden,1
Viljelytyöntekijät,1
Aneksen,1
Valloitusidelogian,1
A1472780186183,1
F5d6157ddf05b4aabf5b99acdd3e105b,1
Satelliittiantennit,1
Pikkukivistäkin,1
Hamarallisella,1
Torkkuessakaan,1
Varmuuskapasiteettia,1
Tyynytappelu,1
18472ef100000578,1
249_634x346,1
Jenkkirealityhöttöä,1
Nelimetrisiin,1
Tuomiopäiväntuojiin,1
Kiiltokuvakerubeihin,1
Ammattikokoustelijatkaan,1
Hämähäkkipopulaation,1
Proletuubeja,1
Loanin,1
Sähköaitoja,1
Tuotantopotentiaalista,1
Aurinkopaneelin_kuukausituotanto,1
Vikingseista,1
Enkelihierarkiaan,1
Serafeista,1
Mikaeliin,1
Luovutusvoittoverotuksesta,1
Lisatietoa_palvelunumeroista,1
Palkanjaelkkeensaajat,1
İ,1
Ojentakaa,1
Ylijäämämyymälä,1
Hevostenhoitaja,1
Hevostenhoitajaa,1
Odoteloaan,1
Suokuoppaansa,1
Voimaloissaan,1
Saadetaan,1
Agitaatiojulkistuksiin,1
Agitaatiojulkistuksista,1
Normipoliiseilta,1
Supoilua,1
Ulkkiksen,1
Äkkiselvään,1
Skoretin,1
Käsiosumia,1
Kaksitasoisella,1
Pääjaotteluna,1
Piilma,1
Leppavaaran,1
Nuorisotapon,1
Sähköratavauriolla,1
Sisarsarjaa,1
Islamuhrinarikoksessa,1
Pojiltaan,1
Onnelisuustestissa,1
Arkkienkeliin,1
Isoherraan,1
Taidekeskusta,1
Koukuttamien,1
Äffilinkin,1
Vedonlyöntivoitoilta,1
Vetovinkkejä,1
Äffitulot,1
Koukutetuista,1
Kvpalkka2015_presentaatio,1
Muroillut,1
Ääntelehtiminen,1
Vastaanottoonkaan,1
Pelijuontaja,1
Sunnuntaiosan,1
Alaaanimahdollisuutta,1
Rengasliikeitä,1
Konttaamisessa,1
Törkkivät,1
Gj9i6ttb,1
050103_04,1
Natgeota,1
Läpiluettu,1
Uusrenessanssitaloja,1
Purkuaikana,1
Pic_5_2959938_k1358687_1200,1
Uusrenessanssitalosta,1
Pytingint,1
Ähisit,1
Baarivertaus,1
Jäsenmäärässään,1
Ratakilometreillä,1
Guggelilta,1
Jääviysasioista,1
Voitpostatamitavaanjakeskustellaansiitasuomeksitaalla,1
Uranvaihtoharkinnat,1
Piilokokkare,1
Suomiunchained,1
Vaatehuoneestakin,1
Toimimiskynnys,1
Kellarissahan,1
Autoskin,1
Pankkiautomaattikoppeja,1
Makoilijoihin,1
Huomaavaisina,1
Sodankyläläinen,1
Kulttuurihistorialliseksi,1
Elossapitävää,1
Kovapalkkaisimmista,1
Edelläkuvaamani,1
A1411738509373,1
Pelastuslainsäädäntö,1
Paperikonevauvoja,1
Pyörittämiseenhän,1
Panostuotokset,1
Liekinheitinmobiili,1
Pokepalloille,1
Näkemälläkin,1
Sorkkarautailu,1
Kellarisäilytystilat,1
Murtoherkät,1
Rengasvarasto,1
Ulkkiskantiksenuhrina,1
Kirjottiks,1
Limuverot,1
Hallivihaa,1
0ahukewims7zp34rqahxgiswkhfambd8q_auiccgb,1
Spekuloivana,1
Kaninkolomainen,1
Tappamispuhetta,1
Kuolinsyytutkintaa,1
Murhatutkintaan,1
Ylläpitorikoksesta,1
Wendorf,1
Tappamiskehoituksesti,1
Peiteltävän,1
Neilswmurray,1
Bff07130485e,1
Z647a9pus,1
Tobey,1
Käsitteisyyttä,1
Vitutuksenmaksimointitunkki,1
Pultinavausputki,1
Kansalaisuusmuurit,1
Konservatiiviklikin,1
Maahanmuuttajaoppilaista,1
Nuokahtelemaan,1
Marttayhdistys,1
Äänestämiskulttuuriaan,1
Artisaanien,1
Virkamieskuutio,1
Sodimo,1
Innosode,1
Warvillia,1
Hållenspårt,1
Inertô,1
Innovampiaatio,1
Pseudolatinismi,1
Stubbidismi,1
Vänklää,1
Bisnesseurueiden,1
Uusrenesanssipalatsien,1
Kipsikrumeluuria,1
Hallimo,1
Håån,1
Sodankyläläisiä,1
Albuguerguessa,1
Halliá,1
Julkaisukanavakseen,1
Natsijulkaisu,1
Vonkuneet,1
Sopuhintaisena,1
Pihvipaikoissa,1
Kendojätkät,1
Vuonna_2020_jyvaskylaan_valmistuvan_sair,1
Ilmasotaharjoitusalue,1
Taustatyöltään,1
Vaihtopuuha,1
Nakkiareena,1
Ruohostaan,1
Kakslauttasella,1
Muaseutukaupungeissa,1
Nastarenkain,1
Tiettäviä,1
Continuous_positive_airway_pressure,1
Känniteini,1
Löydytty,1
Räbääjät,1
Sohituista,1
Massaankin,1
Metsästäjänraadot,1
Anjovispizzaa,1
Roskakanavaa,1
Священная,1
Jqpmwzmopjw,1
Hittikappaleisiin,1
Rivipoliisilta,1
Maustepussisekoitus,1
Yuzua,1
Mcboatfacea,1
Tarkastustulooksii,1
Neuvolakortteja,1
Nuoruutesti,1
Käsipareilla,1
Realisoitumiselta,1
Kaivurinkuljettaja,1
Kaivurinkuljettajalle,1
Lastentarhatyöläinen,1
Jalkaosumia,1
Homokommenttien,1
Xenforossa,1
Website_obesity,1
Higbee,1
Suomalaispakolaisten,1
Fourchen,1
Fruitdaleen,1
Kasteluhanketta,1
Sokeritehdasta,1
Kantapöytään,1
Sivilisoitunut,1
Palkkakatonkin,1
Saunakaveriin,1
Tutkintoperustelu,1
Geneerisimpään,1
Tiedotteissakin,1
Vastaviimeisteltyyn,1
Pulputettiin,1
Alaviivoista,1
Tuottotarkoituksena,1
Kuvausvieraat,1
Lxmdjyf,1
Maastotiedustelu,1
Studioteltan,1
Malminnova,1
Kotouttamiskriittinen,1
0f2a0c827cda883bc8911cd8478c1841b689a5259f9d451813ce707dd3024235_1,1
Ostostavaroita,1
Jonottavilla,1
Länsisuuntausta,1
0ahukewinprswu4vqahwcfswkhw8ua3cqfggamae,1
Afqjcnfegbjq5rxtj,1
Tagzdhh2mxvocdcw,1
Uwymlcdjvnf9cqifygngmw,1
Maakaupatkaan,1
Punaaaainen,1
Autooooooooo,1
Tietyötietyö,1
Raksailee,1
Jiitoralli,1
Suukat,1
Puupeleita,1
Kyörit,1
Laskiin,1
Mieliharjotus,1
Liruttelua,1
Inkvisitossa,1
Kellottanu,1
Ohimenijän,1
Fantsummista,1
Osamaksurumbaa,1
Aluskalustoa,1
Materiaalilaitos,1
Kaksoiskansalaisuusoikeudet,1
1y2jmxdqrfu,1
5apn3h,1
Mvlehdess,1
A4_puhutaan_poliisin_ja_syytt,1
D9ir9cr,1
Vuta,1
Turnoverin,1
Justswedishthings,1
Perstuntumaolettamuksella,1
Firabelinä,1
Arkimättöä,1
Normaalilistalta,1
Juutaalaiset,1
Imaginery,1
Maanpuolustusuhkia,1
Keikoillekaan,1
Äänestysprosessikin,1
Artto,1
Sirlin,1
Kallistuskulmat,1
Kämppiminen,1
Keskustelusävyjä,1
Kohustakin,1
Liipastumismalliin,1
Paineentasauskumia,1
Lastenlistalta,1
Bh1eu2250,1
Ähistäessä,1
Kasvissyöjäperheet,1
Itskekkin,1
Mukiloukkaantujat,1
Liipastumisensa,1
Kiintiökasvisvaihtoehto,1
Avustustuslaitteita,1
Häirintävapaita,1
Parantamisyritykset,1
Sympatisoisi,1
Inkeriläisethän,1
Lukituskäskyn,1
58z4sj,1
Lidlin_maitomainoksista_nousi_kohu_haluanko_ett,1
Päästettä,1
Tukikokoukseen,1
Kotiläksyjesi,1
Sormikireyteen,1
Huippukokemusta,1
Bisnestapaamisia,1
Huomaavaisuudellaan,1
Sporticus,1
Rassaamisenkin,1
Naapurustokin,1
Vakiojärjestykseltä,1
Hommaskenen,1
Pahkasikahorisontti,1
Täräyttelemään,1
Lukkoremmin,1
Pysäytysvitkuttimia,1
Gaggeli,1
Häirintävapaat,1
Häirikköjoukkoihin,1
Rynkkyvartijoita,1
Rudushan,1
Rautatiesiltaan,1
Koc6dxkwdms,1
Demaripuolueissa,1
Konjakkikaapissa,1
Lyömispäätökseen,1
Piirtelijän,1
Piirtohetkellä,1
Lakiketju,1
Välivuodenaikana,1
Saaraaalto,1
Thexfactor,1
Pentuilusta,1
Vähemmistöjän,1
Vähämausteinen,1
Viirannee,1
Syvyysvaikutelmalla,1
Kaupugit,1
Tyhjentyvissä,1
Erämaakylissään,1
Hommahtanut,1
Uudemmissaan,1
Myynninedistäjien,1
Pelleprenikoita,1
Yksityistilaan,1
Lumellahan,1
Hanzoot,1
Nostovoimaksi,1
Viistolla,1
Ilmastointikoloja,1
Muotoilumuseo,1
Nordmaneista,1
Noranza,1
Ohjauskulmat,1
Anniinalle,1
Nappiparilta,1
Lisäohjeilla,1
Kouluthrowawayv2,1
Yksivuotissynttäreillään,1
Hinttarivaatteita,1
Saanuta,1
Sekarenkaat,1
Sisäsyrjältä,1
Nelipyöräsuuntaukseen,1
Nelipyöräsuuntauksessa,1
Normienemmistöltä,1
Ilkeilyntarvetta,1
Mongut,1
Resistä,1
Vähemmistösasemaansa,1
Kesäsarja,1
Goodyeareihin,1
Tuhautti,1
Opiskelijaryhmille,1
Jop9,1
Helluntalaiskirkko,1
Äärimaustetut,1
Vähämausteista,1
Paikallaanistuminen,1
Kolmevuotiaankaan,1
1bb2zkn,1
Eturauhassyöpäkeräykseen,1
Safezonessa,1
Einesnitriittipaskat,1
Pyykkihenkilöitä,1
Pääsytä,1
Sileysrajan,1
Jyväskyläläisperhe,1
Mökkiostokselta,1
Remontoitavaks,1
Suhdautun,1
Pelotteluruuvi,1
Protektionistisemmassa,1
Bfdms,1
Vastuulausekkeet,1
Spacejäkään,1
Asemsasta,1
Parempiosaisuus,1
Vähäosaisempaisuuteen,1
Bcb2le3wtik,1
Vähempiosaisuuteen,1
Aikuisköyhyyttä,1
Suomalaispoliisin,1
Lepsunnettaisi,1
Rengaskuluneisuus,1
Asfalttikeleistä,1
Oikeusistumeissa,1
Ratkaitavaksi,1
Kärryten,1
Villisikamakkaroista,1
Kukkakaalimuusista,1
Fringeen,1
Epäonnistunna,1
Ansioluettolonsa,1
Työhakemuspohjan,1
Kirjoitusvirheellisten,1
Rahoituskoukeroista,1
Ylimpia,1
Diililla,1
Estettya,1
Epademokraattisena,1
Hymyilyttäähän,1
Keskustelutapahtumissa,1
Yazandar,1
Epäkorrektiudella,1
Sodankylissä,1
Muunkinlaisesta,1
Guggejuttu,1
Pilkotaanpa,1
Olutexpoillakin,1
Riistokasvatettu,1
Valaistuneemman,1
Ihmisenkuoria,1
Syödääkseen,1
Hallituskoneisto,1
Farkkuvalmistajaa,1
Lähitilallisen,1
Paniikkimielentilasta,1
Kesätyöpesteistä,1
Pseudoartikkelit,1
Jeesustelukortteja,1
Yhtälöyhtälöä,1
Pmc2235907,1
Esittettävä,1
Hoitoluokassa,1
Trilbyäni,1
Meksikolaistausta,1
Vandalisointihetkellä,1
Kannattavuustaetta,1
Kielenopetteluksi,1
Wbsrylnt6x4,1
Valtioenemmistöinen,1
Arvostaneesta,1
Liskosilmää,1
Avuntarjoajaa,1
Itsenaisyysaanestyksen,1
Useampisatasivuinen,1
Käyttäytymistieteelliseltä,1
Pääomaverotettavat,1
Somalialaisnuorisolle,1
Uuutisia,1
Nastakeli,1
Miljardöörskältä,1
Uudentyyppisistä,1
Säätyläisyhteiskunnan,1
Aatelistaustan,1
Aatelistaustaisuudesta,1
Aikalaislähteisiin,1
Khylddyyriin,1
Guggenheimhki,1
Ghts_ari_lahti_esitys,1
Melaniinivammainen,1
Taustapremissit,1
Positivismiksi,1
Vtunkaan,1
2016_vos_museot_henkilotyovuodet,1
Taidekokoelmiin,1
Hoitosäästöt,1
Päivähoitomenojaan,1
Hoitosaastot,1
Puolipäiväisille,1
Kotivanhempien,1
Valmissotkua,1
Höpsöydestään,1
Mopokäsitä,1
Kadanassa,1
Speeche,1
Kuriositteettina,1
Peruspronominien,1
Ixzz4owgs2uo3,1
Article32454733,1
Vanhainkodilta,1
Sianlihantuotantoon,1
Siipirjanlihan,1
Yritäjätuloista,1
Fogelille,1
Konklaaveja,1
Kuplautumisratkaisut,1
Kaupunkihotelleja,1
Tilakustannus,1
Linkkaajalla,1
Leijonaklubilaisille,1
Lupsaa,1
Hallintoviroissa,1
Nakkimukiareena,1
Vastuulausekkeiden,1
Ilnoituksiin,1
Onparempi,1
Valtionosuudethan,1
Fyrkatkin,1
Tapsafin,1
Turnausvoitotkin,1
Jäpittäen,1
Hymzin,1
Koukutuksissa,1
Intomielissä,1
Napauttavaa,1
Golfclubi,1
Hankettakaan,1
Museotakaan,1
Omistajaohjauskin,1
Odfgdv30wuu,1
11m13s,1
Soraäänestä,1
Vedelköön,1
Takakuoria,1
Ykköspuhelimesta,1
Paskasempiinkin,1
Rengasliikettä,1
Hatunnostoon,1
Museoinvestoinnin,1
Matkailijamääriin,1
A1478140841581,1
A1478061485418,1
Uusavuttomaan,1
Yliakateemisuus,1
Maalaisjärkihommaa,1
Argumentointovirheistä,1
Yöaukioloja,1
Ansaintalogiiikka,1
Conroessa,1
Britishelectionstudy,1
Wbs9c_5f1zl,1
Perehtymattomalle,1
58cy3j,1
Suomen_valtio_ei_osallistu_guggenheimtaidemuseon,1
D8zfnfe,1
Kitkasankareita,1
Nastakuskeja,1
Jääpintoja,1
Jääkalikoita,1
Kulkemansa,1
Yksinhuoltajanistin,1
Lastilliset,1
Väestönsuojanumeroon,1
Linjatestausta,1
Kansalaisyhteiskuntapolitiikkaa,1
Ennakkolupauksen,1
Guggr,1
Kelmuihinsa,1
Matkantekijästä,1
Haastatetulle,1
Tulevamattomalle,1
Ympäristöhaittaverotukseen,1
Polttotapaukset,1
Kesäduunimesta,1
Käyttäytymissäännöissä,1
Rahanteot,1
Pohjoise,1
Androgyynimmäksi,1
Maitopurkkiskandaalin,1
Omnimainen,1
Kertakiellosta,1
Yack,1
Enyinye,1
Asentamaton,1
Letkuasiantuntija,1
Mzi6sri3gvy,1
Porvaridemokratiaa,1
Laitevahinkoja,1
_kelpaa,1
Kuolemaan_,1
Graniittipylväitä,1
Flirttailevilla,1
Rahankäyttömme,1
Esitykseenkin,1
Luokansa,1
Saivartelunvaraa,1
Juustokuorrutteinen,1
Jenkkitrumpistit,1
Speissien,1
Ääriliberalistien,1
Olkiukkokarikatyyri,1
Sosiaalitaloustiedettä,1
Miehiakaan,1
Scientologikokouksissa,1
Kohtannut,1
Hössäystä,1
Tutkijalinjoja,1
Kansallien,1
Nyhdettävänä,1
Kuutiotonnillinen,1
Talvikelikokemuksella,1
Sivariinki,1
Maisterisemmoja,1
Kokaiinipitoisuus,1
Traditional_uses,1
Aikajanalleni,1
Eznqo,1
Kokanlehdelle,1
Viihtellisestä,1
Sokeriteollisuudelta,1
Referoikaas,1
Humanistihörhöt,1
Joululahjas,1
Sokeriteollisuutta,1
Mensuroijista,1
Eineksiäki,1
Qjheewt,1
Hyvävaraosaisia,1
A1383131762454,1
Suomitierin,1
Pärähtävistä,1
Vientihinnasto,1
Tahallaanväärinymmärtämällä,1
Ruohonjuuriliikettä,1
Henkilöydestään,1
Pyykkiolentoja,1
Politii,1
Premiumpalvelua,1
Premiumhintaan,1
Reilunkokoisen,1
Pogosin,1
Firratutulle,1
Vaihdontarvetta,1
Hihnanvaihdon,1
Jouluviinat,1
Rahoitushimmeliviritys,1
Arvostelukyvyttömyys,1
Kolumnintäytettä,1
Emolehdellä,1
A1478141071242,1
03d7fff32b0ed4797847778ee5dd35fe,1
Arkkitehtuurimuseoksi,1
Kipujenne,1
Esitysprosessi,1
Live_inferno_,1
5bimport,1
Anekdootisesti,1
Valimoteknikon,1
Luokkajuttua,1
Tippainssi,1
Kauppatieteenmaisteri,1
Luokkaerojuttu,1
Yötiimi,1
Rahanlaskennassa,1
Yötäyttötiimi,1
Vapaaehtoisuuskeskustelua,1
1001renkaat,1
Linlanglong,1
Savereita,1
Ohjattaisiinkaan,1
Satavuotisohjelman,1
Osallistusmisrahoja,1
Lipäiäinen,1
Tuotelanseerauksemme,1
Vuotishanke,1
Opiskelemattomana,1
S1349765188242,1
Kalapersoona,1
Mikromies,1
Mikroexpertti,1
Mikrolämmitteistä,1
Työläistaustaisia,1
60vrk,1
Kollegojensakin,1
Matelijaluonteeni,1
Silmäpelin,1
Ilkivaltamagneetti,1
Labratakkini,1
Suomaisuuden,1
Kolmekolmekymppi,1
Kolmetuhattakolmesataakymppi,1
Kahdeksankesäisenä,1
Eturauhassasyöpä,1
Roolipeliharrastuskin,1
Kiitoksrt,1
Öllötettää,1
Teerenpesällä,1
Siivouskouluun,1
Huvike,1
Alotellaa,1
Hätälaskusuoraa,1
Mänkkisen,1
Tuntijja,1
Punavihersuvaitsevaisuuden,1
Medialippulaiva,1
Proguggenheim,1
Herkkähipiäillen,1
Ecampus,1
Ecatalog,1
Ecoursedetail,1
Wgss,1
Coursenumber,1
Myymälätyötä,1
Yölisällisistä,1
Ehjält,1
Applerahat,1
Öljysheikkimaissa,1
Pätkähtävät,1
Alettunää,1
Puistobileissä,1
Dumaajina,1
Kumilenkkikoneiset,1
Pököttiin,1
Remmikatkon,1
Pakotusyritykset,1
Epäpaskempaa,1
Pakottajan,1
Vammaisemmalta,1
Taidemuseoshow,1
Salasuhe,1
Seikkailumoduuleissa,1
Värikarttoja,1
Tharbad,1
Lautapelitouhuksi,1
Suks,1
Clintontrumpfavorability,1
Suportiksi,1
Liposta,1
Muksineet,1
Netikettioppaat,1
Liehuparraksi,1
Viinilasinsa,1
Opittaneen,1
Korttipuolelta,1
Munuaispiiraat,1
Suotaneet,1
Hiilihydraattipainotteiselle,1
A714ef678dd78fcf54e89aac1f40cad7,1
Kulttuurihankkeeseen,1
Lomalistojen,1
Värittömämmästä,1
Liirtoon,1
2011040113421674_ae,1
Evankelikaalilaatikko,1
Shoppini,1
Tilaajalukuihin,1
Ensikontaktini,1
Asterixiä,1
Läjäytti,1
Paalunsa,1
Tumblrinan,1
Transihmisiö,1
Sopertaisi,1
Tukahduttamisyritys,1
Avoimuusperiaatetta,1
Saataappi,1
Lasimarmoribetonibunkkeria,1
Korisjoukkueen,1
Suhmuroilla,1
Vedonlyöntejään,1
Someohjus,1
Valitsijamiesvoiton,1
Ikarnoitunut,1
Etupyörillä,1
Ohjautuipahan,1
Absia,1
Tkovf1qwpzi,1
Nukkumisee,1
Häveliäisyyksissään,1
Yöpuuta,1
Betseistä,1
Aliohjautumista,1
Ähkäsee,1
A1478142764320,1
8bd8a37686fa419c7d8f440b29942043,1
Nokkahihnaksi,1
Ilmasotaharjoitusalueeksi,1
Ylittämisestäkin,1
5awhto,1
Talonmiehen_tyt,1
A4itteli_tohtoriksi_ja_t,1
Ponnistaneiden,1
Tuomoja,1
Movemberi,1
Kutittamassa,1
Epäonistuvaan,1
Aatelistolarppauksessa,1
Yhteistyöyrityksetkin,1
Betonisaavissa,1
Voivotukseen,1
Nenäkarvanrölleröt,1
Munakarvamaiset,1
Rintahaituvaiset,1
Opiskelijatyypin,1
Perinteisestihhän,1
Tupoittain,1
Suklaarasioilla,1
Viiksivitsin,1
Kukistaen,1
Puhaltanee,1
Listaamismenetelmä,1
Fobiaahan,1
Sisaisesti,1
Riskiylä,1
Emäntääsikin,1
Spanielisilmillä,1
Paijaajalle,1
Talvisaikaisten,1
Lihaisasta,1
Piirakastani,1
Matkastakaan,1
Haivenien,1
Pollataanko,1
Halmekkin,1
Limitationssiin,1
Insinöörikenraali,1
Puolustustarvikemateriaalien,1
Hävittäjähankkeella,1
Kulttuurikaupungissa,1
F54f8,1
Where_did_the_nice_try_fbi_meme_start,1
Mamukaverilleen,1
Ketroa,1
Ulkonäkönikin,1
Itsevihalla,1
Sijoituista,1
Pesukoneest,1
Rrys,1
Puolustusteollisen,1
Allekirjoituspa,1
Vientilupahakemuksen,1
Hylka,1
Vienneista,1
Ltyy,1
Eritta,1
Ennakkolausunnoista,1
Vientilupahakemuksia,1
Ostajavaltiossa,1
Aseja,1
Rjestelmiensa,1
Edellytta,1
