Milleniaalipullamössöjä,1
Myyntivalmiiksi,1
Raksajermun,1
Yhtäilöitä,1
Fibret,1
Einestarjonta,1
Brändilupauksia,1
Semontoisi,1
Ylettömässä,1
Kävelysauvan,1
Tukileikkurille,1
Työrakenteessa,1
Ultraportablesta,1
Halpissilli,1
Wiknix,1
Gt83vr,1
E1491215817938,1
2c540,1
Valituksenalainen,1
Työpanospohjaisesti,1
Soveltuvuusalueiden,1
Aluehallinnollisella,1
Kiinniotettavaan,1
Neuvottomaksi,1
Harhatapauksia,1
60423_poliisi_vuosik_2016_low,1
Voimankäyttöselvityksiä,1
Voimankäyttöselvitykset,1
Voimankäyttöselvitys,1
Voimankäyttövalmiuden,1
Sinätuubavideo,1
Epätodista,1
Turkuvitsi,1
Pysäytettin,1
Ulkomaaisten,1
Hologrammien,1
Lahmiset,1
Kevytkannettavat,1
Prossutehon,1
Cadihommissa,1
Ohjelmistovalinnat,1
Cadisoftaa,1
Eläinpuistolta,1
Pandaprojekti,1
Jokaikainen,1
Bulkkipaketit,1
Sinipunakeltainen,1
Viinipunainen,1
Toimittajienhan,1
Purukalustostani,1
Aloittsmisesta,1
Poisotettavia,1
Propagandadokkari,1
Raahautunu,1
Crackheadi,1
Solmimismaassa,1
Vieraskirjat,1
Pic_5_752250_k752251_1200,1
Jmtnr,1
Cadihommat,1
Arvokeskustelulta,1
Lihavalmistetehtaalla,1
Varipalettia,1
Viherpiilottelua,1
Karkintuottajat,1
Id97853236,1
Lakitietoon,1
Helpostisyötäviä,1
Grafiikkasivustoja,1
Paskaraivoa,1
Toimihekilö,1
Ylitökorvaukset,1
Feministimeemiä,1
Limsatehtaalla,1
Jmtnd,1
Mätiäinen,1
Prostituutioskandaaliksi,1
Hyväksikäyttöskandaaliksi,1
Huorissakäynnillä,1
Viikonloppupoliisi,1
Arguementtiin,1
Kauppajätin,1
Meikkiosastolla,1
Vasentavaa,1
Jääpalakoneitten,1
Mysliminit,1
Keskusteluosioiden,1
Uutiskokemuksiini,1
Bootcampia,1
Evoluutioalgoritmit,1
Approksimointia,1
Akateemisellekin,1
Ua4ex,1
Hienarkiassa,1
Palkkaamisprosenttia,1
Poliisipossuihin,1
Vientipostia,1
Toimituskuluina,1
Postikorvauksena,1
Tarkotuksenomainen,1
Rf67yxdcjdk,1
Keskeytyspäätöstä,1
7n2sko,1
Ilja_janitskin_sulki_mvlehden_meni_kuppi_nurin,1
Marzanotomaatteja,1
Tarkaskaa,1
Arvolahetykset,1
Protestipäivän,1
Kirkkoturvasta,1
Verkkomainonnalle,1
Kenttävuorosta,1
Kaveripoliisista,1
Polamkssa,1
Maarakennustöissä,1
Työnjohtotehtävistä,1
Kalleuslupaus,1
Uraportaissa,1
Loppuaasia,1
Tajuattevarmaanmihinolenviemässätätäajatusta,1
Takkansa,1
Pikkunuotio,1
Tuulilasinestesäiliön,1
Korjaamo_ukkeli,1
Migrantille,1
Ucfmavy3vps9sgi_wlnmdaxq,1
Kärpäsenpaskatkin,1
Kertomustenkin,1
Laatukaksikko,1
Käännytysretkistä,1
Kaverellisesti,1
Tuloviidenneksettäin,1
Nollainformaatiokirjaa,1
Kannatetaas,1
Ympäristötempauksista,1
Delicatosta,1
Ampparoinnin,1
Omakotitalotapaus,1
Kattovalaisinten,1
Standardiarvo,1
Standardiarvon,1
Standardiarvoihin,1
Seinäpaksuuden,1
Noentuottoansa,1
Noentuottaja,1
Noentuotto,1
Målade,1
Datorskärmen,1
Kansanopettajina,1
Ulkomaanlähetyksissään,1
Kiimailulla,1
Palkkaerojakin,1
Vastuualeilla,1
Ffbgt,1
Mueslim,1
Lääkitysvinkkejä,1
Brändinimikin,1
Sanasopasta,1
Kyberpunkkissa,1
Varaosasikoja,1
Binarymessiah,1
Observer_vr,1
Pyrolyysikaasuja,1
Tulisijavalmistajan,1
Nokisaasteet,1
Savusaunakiellon,1
Pienmuurarin,1
Postijärjestelmien,1
Tariffiluokituksissa,1
Korvaushintoihin,1
Saunanlämmittäminen,1
Paippilaskijaksi,1
Nokipäästöjä,1
Nokikerros,1
Hupipolttelua,1
Savupandan,1
Säännellympiä,1
Feministidiskurssista,1
Mediafeministit,1
Harmittaapi,1
Extrakäynnille,1
Talkoopoliiseja,1
Duj7wdo,1
Paskapoustaus,1
Rekryohjelmat,1
Talousriski,1
Hempeäksi,1
Vuorovaikutustaidosta,1
Tyylipisteetkin,1
Valituilleen,1
Hyödyllisimpinä,1
Pedakogisen,1
Palolaitoksesta,1
Olympiaan,1
Kahvivehkeet,1
Jäljeisellä,1
Minuuttti,1
Sytykkeitäkin,1
Tilastomuokkaustalkoosta,1
Ulkoaluetut,1
Vihisen,1
Tonttivarannon,1
Hintasäännellyille,1
Kaverikerhoa,1
Arabiliskosalaliittoa,1
Itsnäiseen,1
Klusteriserverin,1
Naapursta,1
Noteerattais,1
Ruohonjuurifeministi,1
Miestenvastainen,1
Bn6mxd4,1
Feminisit,1
Pandaturistin,1
Cartekin,1
Viraalivideoin,1
Turismisijoituksia,1
Pandaraukat,1
Terrorismikeskustelua,1
Kokonaisrun,1
Perusläpsyttelyllä,1
Valtavirtafeministeihin,1
Mualimma,1
Valtavirtafeministikeskusteluissa,1
Nostokerhoon,1
Pressagallupissa,1
Ökytalvilomalle,1
Riskitilassa,1
Kurkkupastilliaddikti,1
Faktantarkistelua,1
Pallogrillaamisen,1
Tulivuorikin,1
Trooppistakin,1
Kotitarvekäytön,1
Hallituksellekkin,1
Entebbe,1
Maijalalla,1
Ratkaisupakissa,1
Lybekkikö,1
Turvapaikahanhakija,1
Busken,1
Päästelläkin,1
Kahvilaatuna,1
Kuluttajillako,1
Objektiivisuutensa,1
Vebezuelasta,1
0ahukewiguq29mbtzahup3qqkhaarcdyq_auicigb,1
Qikevnnqzg7qym,1
Desilitrat,1
Jauhinlevyllisen,1
Edwardsia,1
Eroa_,1
Tunnuskirjaimesta,1
Näytösluontosesti,1
Lämmityskertaan,1
Siroteltaisi,1
Täyssusi,1
Kiusaisinkin,1
Lapsitehtaat,1
Aktiovimalli,1
Maahanmuuttokesusteluksi,1
Merkkauspalkkioista,1
Rahastofirmat,1
Sijoitusosaamiseen,1
Kiinteäliksainen,1
Patojakin,1
Niskuttelevia,1
Turkisfarmi,1
Sytytystavoista,1
Nuohoamisista,1
Oikeinviritetyssä,1
Keskuslämmityskattilassa,1
Kulutusasioita,1
Silpova,1
Johtoklikillä,1
Viestintäkeinon,1
Salauskeinot,1
List_of_sovereign_states_by_suicide_rate,1
Japanilaismainen,1
Kotikaupungeissani,1
Tipahtaneeksi,1
Metsäläiseksi,1
Lähentyvänä,1
Myönnytän,1
Direktiiveilä,1
Palautemielessä,1
Umpimärkä,1
Kannattajakatsomoihin,1
Kannattajakatsomoista,1
Kyttäämä,1
Omistusportaalle,1
Origamoi,1
Origamioi,1
Kuluttajaehdokasta,1
Ympäristötietoisuudella,1
Kehityskiertoa,1
Itsensäsyyllistämistä,1
Tsuffekupin,1
Filtsun,1
Miksistä,1
Tsuffetta,1
Pjfaput,1
Espressopapu,1
Osinkokevättä,1
Osinkokevat,1
Työnhakuvalmentajana,1
Tuomitsemisellakin,1
Jalkamiinan,1
Holhouspuheella,1
Erikoissovelluksien,1
Palkkakyselyitä,1
Hirvettävän,1
Työsuorituksistani,1
Olympiajääkiekkoilijoihin,1
Silkkihansikkaiden,1
Kortsutta,1
Messinkiväännös,1
Ruokailupaikoilla,1
Päätykatsomoon,1
Paippilaskijoita,1
Rikosvahinkoja,1
Digitaalilogiikka,1
Laudaatturi,1
Rälläkkäkin,1
Sukkaparille,1
Metsäinsinöörinä,1
Mojottaa,1
Kuntoutuskeinot,1
Kuntouttamislähtökohdista,1
Palvelintarjojia,1
Kaukovoimaloissa,1
C52y_hau8aagzpx,1
Lavastamon,1
Boldaama,1
Välituomiossaan,1
Erikoismallisia,1
Nurettin,1
Canikli,1
Huumorilajeissa,1
Ydintouhua,1
Voimankäyttöraporttia,1
Välineylivoimaan,1
Painitaitoon,1
Erityisosastojen,1
Normaalipoliisin,1
Pelityyliltään,1
Taitohyökkääjä,1
Esittäytymisiä,1
Naurettavinpana,1
Väkirikkaimmissa,1
Righttisuus,1
Luotottamisella,1
Kossukraftille,1
Pynttäytyy,1
Kalkkihan,1
Bb8968c0,1
Teklehti_tmt2017,1
Palkkarohmu,1
Statussnobbailua,1
Kaikenläpäisyä,1
Työrooleja,1
Arkiminä,1
Rooliteeskentelyä,1
Kapanemista,1
Kyläyhteisömeininkiä,1
Liberaalistumisen,1
Somepaine,1
Veneonnettomuudesta,1
Työnhakutaidoista,1
Nyhveryydelle,1
Messengerien,1
Haastattelijastakaan,1
Murofirmojen,1
Itäräjalta,1
Etelärannikot,1
Kommaamassa,1
Mökkikuvassa,1
Paineiselta,1
Somenkäytöltä,1
Kliseekuva,1
1oswtuw,1
6l8,1
Uhcyihefhwi,1
Aaaaaaaaakm,1
0h_ex1ba4bo,1
Clasuun,1
Ryhmächatteihin,1
Lakattuani,1
Elovenassa,1
Aseryhmittymiä,1
Somefeikkaamisesta,1
Müslimi,1
Vastustajilleni,1
Tietotuutit,1
Kylvämisessään,1
Alustaasti,1
Tilastojärjestelmä,1
E8ubt3k,1
Yrittäjäriskistään,1
Hdidän,1
H_qa7m2vqbw,1
Resku,1
Otsikkomoka,1
Loppulisäystä,1
Loppen,1
Asuinalueksi,1
Superbisnes,1
Pasifioitu,1
6e24757a67ba,1
Collection_home,1
Lähteine,1
Kulttuuripersoonalle,1
Someaktiiveista,1
Csimarket,1
Industry_profitability_ratios,1
Seksivalistaminen,1
Arviometallit,1
Ehkäisyvalistukseen,1
Kybersiniset,1
Venäläishyökkäyksen,1
Kikykiimoissa,1
Maalaisköyhyydessään,1
Maatslouteen,1
Kyysikymppiset,1
Uranousussa,1
Ohjelmistoprojekteineen,1
Graafikoihin,1
Markkinoijiin,1
Tanner_selvitys_palkkatyokoyhyyden,1
Kustannuksista_2017,1
Lukuosaamisellani,1
Selviävinään,1
Ansioisidonnaisia,1
Lunchiesta,1
Totetutuksella,1
Zc0r7ek,1
Toimitusjohtajasopimusta,1
Rolodexissä,1
Eritelläämpä,1
Ipaami,1
W79srue,1
Turistibisneksessä,1
Pannuttelu,1
Salamitaputusten,1
Protoputinbotit,1
Lyöntisana,1
Erityisjärjestöjä,1
Halpakahvien,1
Saludoille,1
Gevalioille,1
Pikkupaahtimon,1
Käsinvalikoituja,1
Afriniin,1
Siviilitiedustelulakiin,1
Asumistukimääärästä,1
Tappotuomiona,1
Yrityssopimuksista,1
Tiedustelulakiasiamiehellä,1
Harjoitusmontaasiakin,1
Rettelöitsijäksi,1
Mudattaa,1
Sungqvist,1
Valottamasta,1
Maakiintiöinnillä,1
Swaney,1
Pyeongchangia,1
Aurinkovarjojen,1
Riisuuntuivat,1
Dzkdmjk3ium,1
Noseblunttia,1
Tuplaflippiä,1
Betonipoolissa,1
Valkeamisessa,1
Mustakalliolle,1
Psykopatologisoidessaan,1
Invaasiovastaisuutemme,1
Palkkaeroiksi,1
Taiseli,1
Muromysleiksi,1
Iill,1
Suoralähetyksen,1
Invaasiomyönteinen,1
Invaasiomyönteisyys,1
Tiedustelukomiitea,1
Mustatussattuja,1
Ulkovaltojenkollegoihin,1
Lehtikauppiaille,1
Paahtoasteelta,1
Tilauskamakin,1
Sensationalistiselta,1
Nääntymystä,1
Hyökkäysvaihe,1
Neloskaljakin,1
Kierrätyssivustot,1
Natsimenneisyyksien,1
Naispomoista,1
Antotavassa,1
Yksilösaavutukset,1
Joukkosurmina,1
Sankaritekoina,1
Dokkareitaan,1
Jätekontteihin,1
Perattavakseen,1
Sulutuselosteeseen,1
Myyntihommilla,1
Viemariputket,1
Natsimarssinsa,1
Kuulapäävaltiota,1
Myyjättömät,1
Bloggauksensa,1
Profiilititteli,1
Annotation_2040062481,1
D4vc3k2j6zi,1
Biopress,1
20nr,1
2007_05,1
Väkkyjä,1
Puolustusmateriaalirajoituksia,1
Extremeurheilulajit,1
Huippulaskijoista,1
Poliisikomissaario,1
Evvk2015_20150920,1
Paahtimokaupoista,1
Baristakaveri,1
Nettolisäarvolla,1
Vaikeuttavalta,1
Osakeskustelu,1
Iipojen,1
Lentoaluetta,1
Kompromettointiin,1
Terveydenhuoltojutuissa,1
Juoksupojikseen,1
Kansanoikeutta,1
Rekisterihallitusta,1
7ywfil,1
Ugandan_ylin_poliisijohto_suomalaismiehen,1
Monestikka,1
Kehityskelposelta,1
Fessiksen,1
Pitkittäisdataa,1
Päihdekulttuureja,1
Vankilavierailujen,1
Aikapalveluiden,1
Yleisohjeeseen,1
Jälleenrakennuspotentiaalia,1
Mamubisnestä,1
Kampanjatittelin,1
Lasiaavikolle,1
Alkuperäisidean,1
Vesisisältö,1
Käsittelykoulutukseen,1
Synegiat,1
Huma_nisteille,1
Käsienheiluttajista,1
Sitessä,1
Buddychart,1
Nyhjö,1
Tutkijakulmaa,1
Verkkolevyistä,1
Valokuituviidakon,1
Pimeneekö,1
Arvosteluperustetta,1
Tehtiinkiin,1
Isovelijärjestelmän,1
Prostituutioskandaali,1
Kusenpolttamilla,1
9g9a8rgp9mxz,1
Voimakasti,1
Itseluottamuksestani,1
Kivittyy,1
Blogikirjoituksenkaan,1
Kuolinyönä,1
Selosteiden,1
Sulutusoppaassa,1
Säilytyksestäkin,1
Remiksattua,1
Miinakartoista,1
Cisvihaajaslurri,1
Nistirekisteriin,1
_irtisanottiin_,1
Nytsyn,1
1125478_525_350_w,1
Puujalkaletkautus,1
Resetoitumista,1
Kolumnityyppiset,1
Xrkhg1br37k,1
Ohjelmistoidea,1
Kopiofirma,1
Liukastumisesteet,1
Liukastumisesteillä,1
Liukastumisesteitä,1
Naiskaveriporukoissa,1
Hampurilaismuodossa,1
Lestadiolaisskeneä,1
Sähköpostiohjelmasi,1
Palelukonsepti,1
Resurssikysymyksien,1
Edustajasyöttöporsaiden,1
Urheiljoiden,1
Lentopommeihin,1
Itsepalveluautomaatilla,1
Miespuolella,1
3j5s76,1
11_years_in_a_row_south_korea_is_no_1_in_suicide,1
Cumsgpz,1
Jdvwp2kt,1
De0ccf74,1
Vähäpätöisempiinkin,1
Palkkasääntelystä,1
Työkyvyttömyyskorvauksiin,1
Maalailuni,1
Pappiloista,1
Peräänkuulluttaa,1
Patentoimasta,1
Patentoisin,1
Juonikonseptin,1
20vitun18,1
Pääpelurien,1
Käykyrät,1
Sovellustansa,1
Henkilöstöruokaloita,1
Aineistonkin,1
Kaivauskohteessa,1
Äveriään,1
Herq,1
Bisnesliskojen,1
Ideakynnys,1
Tarvistemme,1
Piraattikirjastoihin,1
Propagandalaitokseksi,1
Detroit2,1
Sengzeh,1
Fureriksi,1
Samgsungilta,1
Pipessä,1
Vertailuaikojen,1
Niskapidennettiin,1
Useampikymmenvuotiset,1
201707282200292882_u0,1
22min20s,1
Tullauskäytännöistä,1
Alkuperäismuotoa,1
Kantagermaanisanat,1
Germaaniperäistä,1
Vihervassaripäätoimittajan,1
Toiminhenkilöistä,1
Kanattusmittauksiin,1
246c496c,1
3acc,1
Eae1bfd6a53e,1
Superbideet,1
Muotiredditruoka,1
Nautintosikin,1
Palvelutasosopimus,1
Modertointiin,1
Haketettu,1
Vihervassaristrategia,1
Nwcsjb2eucc,1
Patentoita,1
3kopiota,1
1esikuntaan,1
1komppanialle,1
Demografiatiedoilla,1
Exceletä,1
Viherpiperryksen,1
Pääpuut,1
Pyrolyysisavuta,1
Freestylen,1
Viimeikseksi,1
Oopin,1
Esilämmittävä,1
Pääkuorma,1
Pannullisenkin,1
Vihreytymisen,1
Hx9dm7psoxo,1
Vaihtoehtokulttuureja,1
Reppumatkailijoita,1
Mäkkaiveroitua,1
Anglokeskeistä,1
Kantelujärjestelmä,1
Vihertymistä,1
Taphtunutkin,1
Agraarisuomelta,1
Influencella,1
Kesäharjoitteluvuonna,1
Huma_nisti,1
Lukukikkailua,1
Influencellä,1
Tekesilta,1
Annoskipot,1
Ylläpitäjätunnus,1
Palvelinjärjestelmän,1
Ylläpitäjäoikeudet,1
Näkemästtä,1
Seuloakseen,1
Tavoittulun,1
Pöihinöidä,1
Kannattajiksinne,1
Journalistiopiskelijoita,1
Örinänsä,1
Etnomasokisteiksi,1
Suhdauduttiin,1
Mottitaktiikan,1
Suomalaisvangeista,1
Keikkapaoikkojen,1
Junnuvalmentajana,1
Kuolemanpelejä,1
Tärkentä,1
Armeijatavaran,1
Mitaleistakaan,1
Porskuttavaksi,1
Ilmailija,1
Kuormapommia,1
Taisteludoktriinit,1
Nykyimisen,1
Sisarlajien,1
Jääkausilla,1
Paleontologiasta,1
Vihervasemmitolainen,1
Ikäntyvä,1
Maaryssä,1
Rautatiekatu,1
Ihmiasoikeuksista,1
Ideaalityötä,1
Lessuministeri,1
Kopiokoneisuudesta,1
Fosfaattitehdas,1
Teollisuustukimiljardööri,1
Kesähuvilakin,1
Meritokratiana,1
2mx,1
O_b9c,1
Launchasikin,1
Nettisaittina,1
Korpivessoissa,1
Peräsuolihuuhtelu,1
Juurikustulle,1
Ihonmyötäsistä,1
Kylvellä,1
Aikannaan,1
Nappoukkoja,1
Tendensseillä,1
Moulinsart,1
Vaaatteita,1
Lyhköinen,1
Pyörevä,1
Jättisuperkokoiset,1
Erikoiskokoisten,1
Suorapolvinen,1
Slaavikyykyttä,1
Tuuletusilmaa,1
Mobiilipalvelujen,1
Möyhyämisetkin,1
Kirjuutella,1
Kirjaimillakin,1
Hirsipuuhunko,1
Ahtereiden,1
Natiiviandroidi,1
Kännykkäappinsa,1
Lunchielta,1
Journalismiopiskelijoiden,1
Oikeistopohjainen,1
Ennakoasenteiden,1
Nöl,1
Vyi,1
Viikonloppuliitteen,1
Viihdeosioon,1
Mukavama,1
Influenceä,1
Urheiluympäristön,1
Intensiteettejä,1
Amatööriliiga,1
Metallisteja,1
Ladyfittiä,1
Ladyfat,1
Filandst,1
Tcfms,1
Tielläliikkujalla,1
Shevchenko,1
Salauttua,1
Hashaudu,1
Kryptattyyn,1
Nebulalle,1
Virkevirhesyytteen,1
Massaseulonta,1
Algaida,1
Operoivilka,1
Influencen,1
Masennuslääkefirmat,1
Brysbaert,1
Rastle,1
Tyynenäkin,1
Muinaisnimien,1
Vimpaimiisi,1
Japsivessoissa,1
Perseenhuuhtelu,1
Silkkipaperilla,1
Serlalta,1
Ihmeenmoiset,1
Kiertotavararasta,1
Kirkkokaupunki,1
Prujulta,1
Firewalker91,1
Patalappuun,1
Virkkailin,1
Kesäpipoja,1
Eb6,1
Cell_a_22068498,1
350africa,1
Increase_in_extreme_west_african_storms_due_to_global_warming,1
Uk1,1
Africawhere,1
Vetelöistä,1
Harjoittelipaikoista,1
Ediittini,1
Keulimistemput,1
Videopelishittiä,1
Siirtovalloista,1
Reporttinappia,1
Massastani,1
Peräyksiin,1
Markkinarakenteisiin,1
Projektiakin,1
Tyttöpuolisella,1
Henkilöttärellä,1
Joukkusurmia,1
Ghanaa,1
Kehitysmaatoimintaansa,1
Rojukontit,1
Lahjottuina,1
Romukontteja,1
Uskontoryhmittymien,1
Uudistamattomana,1
Lirum,1
Opsumin,1
Meemikansiosi,1
Kasvojensiirron,1
Bäkkärissö,1
Vaakakierteet,1
Bfvhyrdl3ts,1
Loganmartinbmx,1
Ärsuomessä,1
Kielikontakti,1
Kuranmaalla,1
Pukuhuonekemian,1
Vihervasurijutut,1
Klikkiyhdistelmä,1
Nuorisoinnon,1
Uutisfirmoista,1
Somejournalisti,1
Joukkosaapumiset,1
Norjalaistutkijoiden,1
Virkatuiksi,1
Serlatkin,1
Kuvituskuvasa,1
Jonkinlaists,1
Puudildoihin,1
Menestysinnovaatio,1
Vetyatomia,1
Interzonelta,1
Voimatyhjiöitä,1
Virkatuilta,1
Alisuorittajana,1
Redusoidussa,1
Heat_death_of_the_universe,1
Lyhytkertomusta,1
Trabzonin,1
2ftrabzonin,1
Krasnodarskij,1
1s0x40643c066bf2ec89,1
0xc4390aca748c2b71,1
2d41,1
1s0x40f5d4e111834423,1
0x6e6f61866a5d5df8,1
2d43,1
Tyhjääkään,1
Galaksienkin,1
Willeri36,1
Vessanrenkaaseen,1
Vastakustu,1
Nyrkkeilyseurassa,1
Vuokrajarru,1
6a1f4b85,1
Bd37,1
8efd,1
5e5b91a2f2e4,1
Slummitalossa,1
Kuorrutettaisi,1
Normijampoillakin,1
Meilkää,1
Kasaanhutiloiduista,1
Yläpaloisesta,1
Lämmityskattilasta,1
Panoksittain,1
Käänteispaloisia,1
Puupino,1
7vn7wb,1
Thought_you_guys_might_appreciate_art_my_sister,1
Normius,1
Uroskalojen,1
Tanssiaktivismin,1
Cjpagwlyqki,1
Eurooppaanpyrkijöiden,1
Mähisseet,1
Tuonenjoutsenesta,1
Nuorkonservatiivisuuden,1
La_eduskuntakertomus_2018_fi_netti,1
Sikiöillekki,1
Miljoonaluvuista,1
Uimahypyssäkään,1
Asuinpaikkahalunsa,1
Puolestaloukkaantui,1
Avaruuspukuaan,1
Asiakaspalveluyritys,1
Kenttäresursseja,1
Valtiovarainministeriämme,1
Liikesalaisuuspykälät,1
Aikuskansilla,1
Käsinkoskeltavissa,1
Epätahti,1
Shokkihinta,1
Peruskonsevatiivimöyhötystähän,1
Huomiojänne,1
Selaam,1
Huomiojännettä,1
Lääketokkurakoomaan,1
Ruokahävikkipalvelu,1
Verotusohjeetkin,1
Postivirtaa,1
Broileriyhteiskunnan,1
Jsmq48qqrxe,1
Sytytystavalla,1
True_1000m,1
Kangaspunta,1
Kommunikaatiomaailmaan,1
Kommunikaatiomaailmassa,1
7yvanr,1
Tampereen_kaupunki_ei_enää_vuokraa_tiloja,1
Välirahastahan,1
Tuohisten,1
Sijaisloukkaantujaäpärille,1
Huutokauppaama,1
Takavarikkotavara,1
Lanssikyydistäkin,1
Tilastotieteeltä,1
Keskinkertaisimmat,1
Kerrostalokaksionsa,1
Electron_universe,1
Kansallisuusrajojen,1
Feeelzit,1
Resqssa,1
Sohvasti,1
Kelan_asumistukitilasto_2016,1
Pronssiksi,1
Pronssinkin,1
Bittikolikot,1
Pilkkahintaankin,1
Shottilasileijona,1
Etelärannoille,1
Funtsaamista,1
Jäähelmet,1
Dryopithecus,1
March_of_progress,1
Hirsiäkin,1
Mikrokuituliinarullia,1
Pakkashousuista,1
216cm,1
Huutokauppamenettelyn,1
Umayyad750adloc,1
Murtovesikin,1
Kommandopipokaan,1
Heiketen,1
Erektioistani,1
Vakoojaveli,1
Seksualisuuteeni,1
Mielikuvituspuolen,1
Literoticasta,1
Suosikkipornojani,1
Yrityssalaisuuksiakaan,1
Huumorisällejä,1
Kaatokännääjä,1
Taitoileva,1
Luncien,1
Harjoittelvat,1
Laskian,1
Valityksella,1
Kiharan,1
1000x1500px,1
Unohtettaisiin,1
Bytebuffetissa,1
Bytebuffetista,1
Olympiavoittoon,1
Nykypisteytyksen,1
Pistesijoihin,1
Harrastajapohjalta,1
Käyttötiheyteesi,1
Ssarjahukuttajaa,1
Bätiä,1
Tjqdkjc,1
Megaparsektia,1
Piilottelisivat,1
Outokirjoutusmuota,1
Vkhfzbuta4k,1
Optimisysteemissä,1
Alasaksaa,1
Braaneille,1
Brane,1
Wlwswv,1
Tuomistuista,1
Tullilaisen,1
_vcn5cyf2q0,1
Korttiraha,1
Ravitsemusekonominen,1
Kukkohan,1
7yzgrs,1
Irakista_on_6500_kilometria_suomeen_välistä,1
Libertariaaneille,1
Tuulenpuhaltamaa,1
Umaijadien,1
Radiojuontajanki,1
Syyllisyydentunnustuksien,1
Korkeudestakin,1
Pukeutumiselementti,1
Tilastoitia,1
Massaluukutuksella,1
Omaisuuserinä,1
Kuuntelukerratkin,1
Babieapocalypse,1
Yhteismarkkinoinnille,1
Körttiseurat,1
Pontikkavetoista,1
Naisjellonat,1
Radiosoittoversiokin,1
Movie_0,1
Hukutetuilta,1
Shokkihintainen,1
Asteitakin,1
Rasilia,1
Radioraiskausversio,1
Paricurling,1
Ktew4hi,1
Radioversioita,1
Turvapaikkatouhu,1
Pisteytysfilosofia,1
Nuorisohuligaanit,1
Shokkituote,1
Brittihallitukset,1
Nykylinjauksesta,1
Tuomioistuinratkaisuissa,1
Lindénhän,1
4fuui9qicyg,1
Illusionporn,1
Yövalvomiset,1
Superhypervetyyöpiirakka,1
Partaöljyn,1
Uutenamyymisen,1
Normaalitilanne3,1
Edellinenvuosi3,1
Jäätilanneisivu,1
Elpymisellä,1
Työttömyystilastokikkailuilla,1
Vitoskirjan,1
Sijaisrehtori,1
Rautakankitosikkomaailmassa,1
Turvapaikkahakemuksessaa,1
Hypoyeettisissa,1
Uusnatsireppana,1
Rähinäkään,1
Jb9ssy4,1
Ambulanssihoitajat,1
Kenttäresurssit,1
Läskipossut,1
Sairaankuljetuspäätöstä,1
Sairaankuljetusselvitykseen,1
Suumaheri,1
Vihannekseuttaan,1
Puolinelssoniin,1
Paperilompakkoa,1
Kiinnoista,1
Gånågis,1
Gonagas,1
Kaupunkisotaahan,1
Karjalaturnauskin,1
Mtanpe0fgbuo,1
4z6y5sxdyba6q,1
Lwfdh4md8mzsk,1
P1rlppexcdepu,1
Orupkuwuplw3m,1
Jec9mgadkycdk,1
Urheilurahoitus,1
Hopeaharkkojenkaan,1
Olympiakiekoksi,1
Asemäärästä,1
Ensihoitohan,1
Haittakohtaista,1
Totaalimäärästä,1
Kertapiikistä,1
Oireettomuuteen,1
Scwarztkopf,1
Tukasssa,1
Pärmäkoskel,1
Wyrrtsq,1
Avainosaamista,1
Ilmaisspotifyä,1
Biisinkuuntelullaan,1
Spotifytuloilla,1
28d8ce976cc58878,1
Jörömpiäkin,1
Bussinikkunaa,1
Tatkempi,1
Mitalisuihku,1
Koetteleman,1
Jääkiekkovaltion,1
Luonnonympärillä,1
Tilitysmallilla,1
Playlister,1
Tilitysmallin,1
Puolisyrjäytyneiden,1
Jatsinvihaajiakaan,1
Keulijan,1
Valvojahan,1
Cn14rhk1few,1
Pakastepatonkia,1
Yrityspalleilleen,1
Kulkeeee,1
Maalintekemiseen,1
2suomalaista,1
Täpläkuvioihin,1
Menehtymisestään,1
P6orl,1
Salaatinkastikkeitanne,1
Briannan,1
Briannas,1
Pillerikuurin,1
Upporikkaissa,1
Yliliikkuvilla,1
Muricalimuhyllyn,1
Crosbyt,1
Ovechkinit,1
Stamkosit,1
Kucherovit,1
Getzlafit,1
Thorntonit,1
Tavaresit,1
Barzalit,1
Babcockit,1
Maalivahtivaljakostamme,1
Vähäksyvä,1
59xc71tuoj8,1
Matkatöissä,1
Vapausmaahylly,1
Lomailukohdetta,1
Maalaisemmissa,1
Kerrostalokorttelien,1
Superankealta,1
Släpstick,1
Kirjanpitoasi,1
Massaleirille,1
Poisteneet,1
Suomilisät,1
Fondazione,1
Migrantes,1
Berluscooni,1
Syyrilaista,1
Kaksinkertaisiahan,1
Isäntäorganisminsa,1
Semifinalisti,1
Nörttijuttuun,1
Nörttijutusta,1
Feikkisaamelaisia,1
Libertariaaniksi,1
Hapetukseen,1
Borinmaddi,1
Duln9qp,1
Dulkws2,1
Sarmijärven,1
Tunnustako,1
Protonejasi,1
Elokuvakohtaukset,1
Kampanjarahat,1
Idusrtx3hvhb,1
Alaryhm,1
_lukum,1
A4_ja_kielet,1
Sisäänkatsottuna,1
Urheilueliittiä,1
87f209dc29fe37e92a8fef8fb3f33af1_xl,1
Rikollisjengitoiminnan,1
Änärijoukkueeseen,1
Miljoonaseuraa,1
Ekstaasisinta,1
Tunnesiden,1
Rannarista,1
Saamelaisidentiteetin,1
Pellekisoista,1
Skodacupeista,1
Kapeakatseisuudeesta,1
Toivottattavasti,1
Huumorinumeroa,1
Olympiafinalisti,1
Enimmäisrangaistukseltaan,1
Rikkaimaan,1
Uhriutumisolympialaisiin,1
Työttömyystilastokikkailun,1
Ghettounelmaa,1
Epärehellisyyksistä,1
Skandinaavisesti,1
Katevarauspuolelle,1
Tyjänpäiväiset,1
Tiukkapipoisina,1
Saamelaispsykoositapaukset,1
Kertasoittokorvausta,1
Peirnteisissä,1
Kokkkelia,1
Huutokaupattavat,1
Editoirialisoin,1
Violencea,1
Idontwannaliveinthisplanetanymore,1
Kanelijuttuja,1
Kuuntelupohjainen,1
Sukkahousupipon,1
Sijaispöyristyjistä,1
Manioihin,1
Eliitistämme,1
Ylivaatimaton,1
Talonpoikaishistoriastamme,1
Nutbuster_d,1
Kulttuurivarkaat,1
Luomuruokahömpötystä,1
Palautustelkkarin,1
Ozqsbf4ppuo,1
Vähemmistökulttuureihin,1
Bulkkitarjouksissa,1
Levytysyhtiönsä,1
Aikkumaikulle,1
Turosille,1
Asiakaspalautustuotteista,1
Nokittamislaji,1
Asiakaspalautustuotteissa,1
Villiporojen,1
Ryöstösumman,1
Vauriontorjuntaa,1
Vähemmistökulttureja,1
Yaxq3iggmdm,1
Ulkomaanmaksuista,1
Ulkomaanmaksutkin,1
Ulkomaansiirroissa,1
Rumpugate,1
Avaruusrakettiyrityksen,1
Tutkimusosastoa,1
221aa6936426627bcd39b4ad0604940a51f9,1
Larsblackmore,1
Näinmitäteitsiellä,1
Eurooppalaiseks,1
Esittelytuotteet,1
Tohtoriopiskelijaksi,1
Valmentaakohan,1
Alistanko,1
Turvattomuutensa,1
Yliturvallisuuteen,1
Fettariin,1
Leikkisidonta,1
Pppeteliuksen,1
Ärredditillä,1
Munkkialea,1
Lauttayhtiölle,1
Karjalaturnaus,1
Karalahtien,1
Parometriä,1
Taksipalveluna,1
Bitcoinillakin,1
Bränkiöitä,1
Mankumia,1
Kirsikanmakuista,1
Amarikkalaisilta,1
Lähiöväkivallan,1
Hyvävelikuvio,1
Projisoituuko,1
Vakioana,1
Ratifoimaan,1
Peruusteettakin,1
Nimipohjasta,1
Raappahousuihinsa,1
Timanttipaskaa,1
Eksotisoin,1
Cryptojensa,1
Näytösluonteistesti,1
Bitcoinist,1
Kalsarointia,1
Vaatepulma,1
Erikoiskoko,1
Hevim,1
Miähiltä,1
Afrikansarveen,1
Segwitin,1
Huuhaakohuun,1
Saamelaistaustaiselle,1
Piikkilääkitys,1
Mällisillä,1
Ohjainlaitetta,1
Kiekkoperinteitä,1
Otteluraporttia,1
Ihmesuorituksen,1
Samaanlaisiin,1
Yltäävä,1
Tasokkaamassa,1
Itsekullitus,1
Mahtikulttuurin,1
Särkyneelle,1
Suomentaiteenkultakausi,1
Trkeimpitaiteilijoita,1
Trkeimpi,1
Ryöstorahoja,1
Rasssen,1
Pyytöäsi,1
Vaihdoitsä,1
Kalsarointi,1
Vilkaistukkaan,1
Telttaefektiä,1
Kejtussa,1
Filharmonikoille,1
Musayhtiötä,1
Itsenäänä,1
Robottijuttua,1
Viiveettömiin,1
Kontrariarianismin,1
Rummust,1
Takapajulaisessa,1
Intersektionalistin,1
Klikkilista,1
Henkilönsuojalaki,1
Esseekysymykseen,1
Paypallinne,1
Dás,1
Urheilujätkän,1
Sarjataulukkoiden,1
Tuiottamiseen,1
Majuilla,1
Aikavyöhykkeellisesti,1
Highlitteja,1
Kaksviikkoa,1
Crypot,1
Korttikulut,1
Cryptopyramiidin,1
Armoitetut,1
Kettoi,1
Kaksoislasiin,1
6oomtwo,1
Kryptovoittoja,1
Kortinantajat,1
Valuutanvaihtoja,1
Shokkijärkytytään,1
Värisrtä,1
Modemiliisi,1
Torijengi,1
Tylsistyttaa,1
_ebin,1
Kultturiappropioineet,1
Qdondao3a_yvbyq0gh0e2zhuglwipewoigom1ofgbs0,1
03d9088fcbfa8a6bd8fdeb60a65f8761,1
Lnmainnet,1
Alatellaan,1
Osaomistajat,1
Kisakatsomotöllön,1
Härväykseen,1
Korvauspoolissa,1
Hevosyhteiskuntaan,1
Hevospäiväkodissa,1
Hevoskoulussa,1
Kvavattia,1
Rusty_twit,1
Mouhouamaan,1
Murtaneensa,1
Blögiinsä,1
Sopimustyypistäkin,1
Opiskelijaläppä,1
Kommenttiosiostakaan,1
Keinotekorusketukset,1
Ammattipissis,1
Debuggamassa,1
Kesäpäiväinen,1
Hotellikuolemien,1
Raporteeraamaan,1
Koomazetoreille,1
Keikkailukuvion,1
Lomatuliaisilla,1
Selityksiänikin,1
Stressiasioissa,1
Loukkaantumisolympialaiset,1
Didgeridoo2,1
Alkukansojen,1
Varsinaussuomalaisena,1
Sydänaihe,1
Loukkaantumisolymppialaistenymmärtäjiä,1
Rallyihin,1
Hyväntekeväisyysjärjestöönsä,1
Dosier,1
Dosierin,1
Vakoilulupa,1
Jenkkitutkinnot,1
Intiaanireservaatille,1
Teoriajutut,1
Hajottaneensa,1
Rikosongelmista,1
Lakinkäytölle,1
Eurovertaus,1
Enoug,1
Wtydgifzk98,1
Gayarrangement,1
Sijaisloukkaantumiskulttuuri,1
Halpahyllyllä,1
Ennakkopostaus,1
Sijaisloukkaantumiset,1
Mieskerhojen,1
Metapostauksilla,1
Mielenpahoittajiin,1
Kulttuurikonseptissa,1
Ruisleipäää,1
Powerssista,1
5mmp2kwu5r0,1
Pikamielensäpahoitus,1
Mieskerhoja,1
Bänit,1
Sammakkopostaaja,1
Jaloverisiä,1
Acollectedman,1
Observatoire,1
Bananas_printed_nylon_nato_fruit_watch_band,1
Palvelutjatoiminta,1
Työrakenne,1
Intetnetiin,1
Kynsilakkaongelmaan,1
Maadottasit,1
Talousmittareiden,1
Lempparitoimittajistani,1
Sijaispöyristyjä,1
Vankimielisairaaloihin,1
Työturvallisemmiksi,1
Viihtysämmiksi,1
Vähemmistöporukoista,1
Pekanki,1
Tekokynisä,1
Epidemiaki,1
Suoritamisessa,1
Opportunityä,1
Selostanu,1
Kaunoluistelusta,1
Ruutukasvolla,1
2df368c8,1
B8d0,1
1cc4ba0ce1239d62,1
Viimeistellyimmän,1
Körttiliina,1
Nyhjäsit,1
Tiikonit,1
Somaleillekin,1
Työpaikkaesittelyissä,1
Provisioihin,1
Hölmölandiasta,1
Yksisarvishoitajathan,1
Pahoittipa,1
Ripulikategoriaan,1
Kuunteluaktiivisuudessa,1
Genrepreferenssien,1
Rasistiksenofobivalkoisuusetuoikeutettukulttuuriapprorioivasortaja,1
Eläinlajivertaukset,1
Kansallisetnisestä,1
Endorsaamaa,1
Varainsiirtoautomaatti,1
Politisoituneisuus,1
Hiomatahna,1
Erijutun,1
Somalialaisiksi,1
Kontribuutiomme,1
Popkappale,1
Kuuntelijaprofiili,1
Kehitysyhteistyonsa,1
Aidwatch,1
Vastaanottajakuluihin,1
Europpavihamielistä,1
Rasistijne,1
Parempiankin,1
9l9ijwq,1
Työllisyysihme,1
Teostoja,1
Yksityiskorkeakouluiksi,1
Duurägin,1
Xaxmdfmmzqk,1
Taurisen,1
Sketsipaska,1
Doublethinkin,1
Sijaisloukkaannuttavaa,1
Feedissö,1
Kalleudelta,1
Monikulttuurihössötyksessä,1
Musiikkikulttuuriin,1
Bantukieliin,1
Bitcoinkortilla,1
Heimokäyttäytyvä,1
Missikisassa,1
Saamelaishattuja,1
Palestiinahuiveista,1
Asuvalinnoillani,1
Kuluttariitalautakunnassa,1
Softatuote,1
Dataajakurssi,1
Ciscoja,1
Ryyppypaikoissa,1
Sotavoittoja,1
Heimottumista,1
Jenkkirinnastukselle,1
Avauksellsi,1
Mulaanlukien,1
0vay0vqw7es,1
Pussyhatitkin,1
Lasiviilaa,1
Ruohonjuurisakki,1
Newham,1
Stratford,1
A8099346,1
Mediaaniporukan,1
Htismpc,1
Ragit,1
Monisatavuotisista,1
Polc,1
Vähäosaiaia,1
Homovastaisien,1
Joulupukkijanoitarumpugate,1
Hatkahtaa,1
Kulttuurivarkaita,1
Puolinatsien,1
Saamelaislakkia,1
Sotahatussa,1
Sotahatulla,1
Päällikötkään,1
Eksistentialiseen,1
Komissiopohjaiset,1
Suvaitsivaisille,1
Rajautuneita,1
Seuraleikkeihin,1
Kaksikomponenttiepoksia,1
Maksujenvälityslaitokset,1
Itseregulointina,1
Syrjitystä,1
Lamakomediat,1
Soijapoikapuhetta,1
Pahoinvointikierrettä,1
Soraven,1
699ab87117d3,1
Image_lg,1
Di_05812,1
Epoksihan,1
Kuitupinnan,1
Latestsat,1
Mispresentaatio,1
Inkkarireuhka,1
Rantautettua,1
Teekkarilakkijäljitelmää,1
Vappunaamiaisiin,1
Turvallisuushuoliensa,1
Sprangdaden,1
Vahvasoti,1
Sotasaalisvaunujen,1
Telapyörillä,1
Maantienopeudet,1
Davorcoin,1
Embercoin,1
Prodeum,1
Loopx,1
Rigthin,1
Työskentelypäätöksiin,1
Cryptorahat,1
Talletushuumassa,1
Talletusrahat,1
Vakuudettomina,1
Korkeakorkoisina,1
Kulutusluottoina,1
Järisyttävämäpi,1
Asuntolainasalkkujaan,1
Taseidensa,1
Kultusluottolafkoilta,1
Vertaislainat,1
Valtavirtatavasta,1
Jenkkiyliopistomeininki,1
Ekonomikaveritkin,1
Koodaritaustaisia,1
Ennaltamääritetyn,1
Säätökassan,1
4vns_f,1
Kulutusluottokupla,1
Sukupuolisuuntautumista,1
Museoitiin,1
Älykkäänoloisesti,1
Faktoroitu,1
Henkiterapeuttini,1
Pyörteistäjää,1
Squawkerin,1
Mmmmamuja,1
Kansallisvaltioliikehdintää,1
Afrikkalaisamerikkalaisilta,1
Yhdeksänpäinen,1
Lisäinformaatiosta,1
Aihutaa,1
Extrapolaatioiden,1
Appropriationissa,1
Dominoidussa,1
Dominoimisella,1
Dominoinnissa,1
Naamiaisasuksi,1
7lqhrv,1
Gigantista_ostettu_j,1
A4ri_laatikosta_l,1
Lähikauppiaalla,1
Tyylivirheestä,1
Leveälahkeisten,1
Paskanjauhantatermi,1
Humanististieteiden,1
Kahvipöytätermeistä,1
Yritysjohtajajobia,1
Loukkaantumisfestivaalit,1
Kulukerroksen,1
Taulumateriaalia,1
Lyijykynäversiokin,1
Voimaannuttamisessa,1
Uhriutumisilmiöitä,1
Kulttuuripisteet,1
Appropriaatiomouhotus,1
Ymmärryserot,1
Komissiopalkkaus,1
Komissiopalkkauksella,1
Bändeilla,1
Keikkaliksat,1
2c1a479b,1
Caa2,1
1abd209607dffab4,1
Retoriikkoihin,1
9wncvz1,1
Tupsulakkihan,1
Appropioi,1
Loukkaamiseks,1
Yleiskirjan,1
Suojatyöpaikassaaan,1
Vuokratukiaista,1
Peruspäivärahatukiaista,1
Portu,1
20dun6fbk,1
Geeniperimäraportit,1
Asuneidenkin,1
Asumishistorialtaan,1
Tutustunko,1
Isaani,1
Nvsij8w,1
Liberaalivassariks,1
Futistossuja,1
Testipalvelimet,1
Tuotantopaketillesi,1
Lasiviilalla,1
Hivenainepuutoksia,1
Poliisiasemaansa,1
Väistöksi,1
Kyberkommareita,1
Erikätisyyteen,1
Möyrimällä,1
Annattaisi,1
Kulttuurineminemistä,1
Dominoidun,1
Naamiaisasuna,1
Samosita,1
Tekopyhempi,1
Kopensoimaan,1
Roskisdyykkausta,1
Tottumuksetkin,1
Australialaine,1
Syrjintäongelmaan,1
Luettelevien,1
Länkkärimaailmassa,1
Pientyön,1
Pientyöstä,1
Pientyöhön,1
Pientyö,1
Paperitulostekansioiden,1
Pientöille,1
Skitsofreenisellä,1
Minispecsien,1
Alzhaimeriakaan,1
Outletissahan,1
Alapreferenssit,1
Noitarumpujuttu,1
Tölvivän,1
Rikoksenuhreja,1
Toteemipaalujen,1
Kulttuurikseen,1
Luoneeesi,1
Legitoimit,1
Diskurssiksi,1
Kotimyyjien,1
Provikkapohjaisia,1
Homoseksualisuuteen,1
Arpomis,1
Kasvomaalien,1
Superfresh,1
Bilelook,1
Kuvaussessiossa,1
Atdailycaller,1
Hwalaz,1
Tiedot_ja_taidot,1
Unelmapaatti,1
Myyntipuolesta,1
Tepsa,1
Arkeoloogiisien,1
Palautuskuppeja,1
Pyhittämääsi,1
Tulokuninkaat,1
Kasvupalvelu,1
Alistuspistematriiseja,1
Matalapalkkavirkamiehenä,1
Myyntialalle,1
Sörsselssönhän,1
Uhriasteikolle,1
8jyaumb6,1
750euroon,1
Internetplebien,1
Pahoittajilta,1
Tapaamissoittaja,1
Tyrmätippoina,1
Argumenttivirhelistalla,1
Jhuovari,1
Sensaationhakuiselle,1
Pulppuamiselle,1
Tiipiihin,1
Takkuisuudesta,1
Erikoispuljussa,1
Plaseboefektillä,1
Käsikammettavalla,1
7ze560,1
Suomessa_ei_olla_kiinnostuneita_kasvavien,1
Kriisitapaamisineen,1
Seksivauskandaalista,1
Ntwdh3q54zy,1
Metrisissä,1
Rannikkoasemien,1
Uisteluhommat,1
Navigaatioliiton,1
Teoriataidot,1
Veneenomistajana,1
Veneilykin,1
D3jwoxu,1
Patenttitoimistoa,1
Viikinkirapbattleista,1
Aikakauslehtitilaus,1
Yllatyssaastosta,1
Vaalilupaukseen,1
Lisäkustannuskohteita,1
_huonompia_,1
Plaseboihin,1
Farmakologiselle,1
Ryyneille,1
Masennustapauksille,1
Rannikkolaivurikurssin,1
Merkintälaskuja,1
Saaristolaivurikurssilla,1
Paikanmääritys,1
Myyntineuvottelijoiden,1
Talvisäilytyspaikka,1
2x200,1
Kilpaloitsinta,1
Epätyylikästä,1
Kopiokalju,1
Paskanlapioimishommissa,1
Fintelligentsit,1
Mediahehkutusta,1
Loikkariryhmänä,1
Bustereiden,1
Talvitelakoinnin,1
Polynesialaisen,1
Siteraauksissa,1
Lisänneillä,1
Paukkurautansa,1
Talkootyolla,1
W2rkx,1
Royaleksi,1
Ohjuspattereilla,1
Kanaalivene,1
Opiskelulainaa,1
Tutkimusvapaata,1
Helpostikkaan,1
Sinistenkin,1
Perustuslaeissahan,1
Miliisijoukoille,1
Häälyvämmän,1
Perusteettiin,1
Suuntautimiset,1
Valetyöpaikkoja,1
1xblvvbqihu,1
Kertakäyttöpoppi,1
Kertäkäyttöistä,1
Listapopista,1
Skdt4,1
Teinielitismin,1
Yhtiölainakuplasta,1
Arkaluontoisuutta,1
Haittaelementeiltä,1
Saamelaislakeista,1
Saamelaislakeissa,1
Nunnukavitsi,1
Valtiottomassa,1
Voihan_nyt,1
D3f33b2e415b,1
Luototuslaitokset,1
Maalaistaustaista,1
Maakuntapohjista,1
Maakuntalähtöisyyden,1
Aluerakenteen,1
Työkykyisyydestäni,1
Jefferiesillä,1
4m54s,1
Liitttymään,1
Eläineillä,1
Pilaantumispisteessä,1
Syrjätytyneelle,1
Nolillla,1
Angstiselle,1
Lisäesteet,1
Joukkoampumissuunnitelmistaan,1
Jenkkimentaliteetin,1
Alkoholiasenteen,1
Perversoinnit,1
Viinilaisi,1
Vasemmistodefenssikommentin,1
Taaperoisilla,1
3dcd815eeae6,1
Kuertunturin,1
Jalkapallovalmentajista,1
Valekari,1
Soral,1
Yalta,1
Vetouistelisit,1
Valelehti,1
Detroitilaisittain,1
M3lvifhcogy,1
Paljln,1
Kaulapannoilla,1
Vääliinputoaja,1
Vuoropomona,1
Lisätoimintoimina,1
Mainostempaukseen,1
Perusutuvan,1
Kitinäkommentin,1
Jakelutavasta,1
Propagandavapautta,1
Fiktoin,1
Skywalkerista,1
Intiaanipäähinen,1
Siirtoyhtiösi,1
Regressioanalyysien,1
1hh6ljozoxay,1
Laskurytmit,1
Vanhingoittaa,1
Neuovostoliiton,1
Venäläistämistoimenpiteet,1
Kulttiurien,1
Kulttuurinomimiskeskustelussa,1
Harmittomaltakin,1
Yllätysratsioita,1
Kannabiksenpössyttelijä,1
Inkkaripäähineisiin,1
Mielenpahoittamisviestiä,1
Kulttuurihistoriapalasesta,1
Kalastusveneitä,1
Retkiveneet,1
Vetokalastusvehkeinä,1
Gsvmi,1
Matkaveneilyä,1
Heittokalastuksessa,1
6wkemmu,1
Rantalelujen,1
Merikelpoisuusluokan,1
Ryönäämiseen,1
Pakkausjumppa,1
Ankkurijumppa,1
Uliko,1
Työpaikanvaihdokset,1
Hallituskierrokselle,1
Voitonteolle,1
Symboleihinsa,1
Fasisimilta,1
Rotupuhtaalla,1
Eläkettäkkö,1
Menestyslajeihin,1
Arvouttamatta,1
Synynnäinen,1
Seminuiva,1
Käyttökiintiö,1
Gangbangereiden,1
Pitiko,1
Mitalitilastossa,1
Kissat_koiria,1
Lempparikohtauksesi,1
Gunganeja,1
Slewckh,1
Tähtistatuksella,1
Depry,1
Love_rocks_starring_shakira,1
Naamiasasut,1
Fossiilipuolue,1
Kanattajat,1
Vallankaappausprojektiin,1
Yksistyistäminen,1
Opiaattiöverit,1
Uhriutumispolitiikalla,1
Identiteettidialogiroinaa,1
7z6ma6,1
Oulun_yliopistolla_tapahtuu,1
Dun2hd3,1
Kieliasuilla,1
Aseenomistusoikeutta,1
Lasikuitilaminoinnin,1
Viraalimarkkinoinu,1
Kauneusalalla,1
Lasikuitujen,1
Nutturapäiseltä,1
Tietokonekielellä,1
Piilotustemppu,1
Laimeena,1
Ragia,1
Loukkausfobia,1
Raivatta,1
Pumpuliseksi,1
Perversiydessään,1
Testipalvelin,1
Tuotantopalvelin,1
8liwcai,1
Asepisnes,1
World_s_best_boss,1
Sisäänostajaksi,1
Jannenkadulle,1
Penkkareissaan,1
Kammatessa,1
Pienveneellä,1
Ruopattuja,1
Pikkupaatteja,1
Väistövelvollisuuksista,1
Kurkottaessa,1
Opettajaryhmää,1
Valetyöllistetty,1
Angoamerikkalaisen,1
Identitettihäiriö,1
Paarioiden,1
Silmärei,1
Karvasemmat,1
Koululehdet,1
Uutisankkurille,1
Makoilemisella,1
Yhm2ezq,1
Mitalisaumoista,1
Pelaistui,1
Aistiharhaisen,1
Sosiaaliviranomaisella,1
Didlle,1
Eduttaat,1
Lomakorvaukseen,1
Analysoituani,1
Maalaisvaiheessa,1
Yleismaat,1
Liikamaana,1
Vikerneslifeprotips,1
Tappiakin,1
Stigmas_b_6806090,1
Valittajillakin,1
Hulluimpiahan,1
Kimonopajaa,1
Enemmistökansat,1
Uhriutumisbrändäyksen,1
Uhriutumiseretoriikkahan,1
Kulttuurilainauksista,1
Rumpupelleilyyn,1
Ulkoilmamuseoon,1
Läsäriä,1
Lasikuitupaattiansa,1
Énsimmäistä,1
Merielämästä,1
Aseongelmasta,1
Täysautomaattiaseilla,1
Kaikkikavereille,1
Näkevyyttä,1
Rodullstamiskysymyksen,1
Suorakulmaisena,1
Melkeinkeski,1
Kanjoneista,1
Paksuudessaan,1
Glazelta,1
Venelakoista,1
Alkydilakkaa,1
Halkeilemista,1
Cidesco,1
Ruutikaasun,1
Rihlauksella,1
Alkuräjähteenä,1
Hienomekaaniseen,1
Massakohtainen,1
Urheiluhommaan,1
Metallikiekoilla,1
Kertaaluokkaa,1
Alkuperäskansojen,1
Jannekatu,1
Palvelutakeita,1
Ryöstäretkiä,1
Samanarvoisuudeksi,1
Salakatsojilta,1
Raivaripilakuvat,1
Throwbackia,1
Internetheittely,1
Ladatappa,1
Sarjakuvahiirtä,1
Silmänreikiään,1
Rokkaamisesta,1
Rastatukkien,1
Nosteleeko,1
Lähiötulevaisuuden,1
Perinneasuista,1
Kimonopaja,1
Muutosaalto,1
Asuinaleista,1
Oj7csnm3pmu,1
Himaelf,1
Anabolisiasteroideja,1
Dehumanisaatioon,1
Lääkeainepitoisuuteen,1
Alkuhoidossa,1
Raketinkeksijä,1
Sibeliuksenkatu,1
Kolmoskaupungit,1
Rkollisuuteen,1
Myynein,1
Levymoguleille,1
Zuzqeeah4fo,1
Satutinko,1
Ryöstöhetkellä,1
Tulotasovertauksia,1
Piinaamia,1
Työllistettyina,1
Sisäänpäästessäni,1
Gradusemmassa,1
Jakomielitautia,1
Aseiile,1
Jenkkivauhkoomisen,1
Puheissaankin,1
Lattajalat,1
Kasvattkaa,1
Hyvitysmenettely,1
Vegaseita,1
Myrkkymaaleja,1
Purkkapatenttien,1
Automaattipilssi,1
Buproa,1
Taantumassahan,1
Huumaustapauksia,1
Huumaamistapauksia,1
Antikolinergien,1
Wg6vq4a,1
Ryhmäidentiteettiinsä,1
Identiteettiän,1
Finksitee_deen,1
Kandivaiheenkin,1
Vainoharhasten,1
Asesekoilut,1
Patrioottilandiassa,1
Uraputkien,1
Ylivieskaankaan,1
Musakentältä,1
Silmänreikämies,1
2fcgcookie,1
2f3_2,1
Exercise_foot01,1
Haqz_hog7o4,1
Carusone,1
Kirjakurssia,1
Orjudesta,1
Sanakirjoilla,1
Aseenostoon,1
Yksipesäinen,1
Retroilemaan,1
Kilpavalmennus,1
Alppilajeja,1
Evakkorekiajo,1
Vesikelkantyöntö,1
Lumijuoksu,1
Poronpulkka,1
Rajankäynneissä,1
Poronviljelyn,1
Intiaanimenoa,1
Koutokeinon_kansannousu,1
Rajajutussa,1
Homogeenisuusinnossaan,1
Rovita,1
Taustalaskelmia,1
Kuluttajabrandin,1
Päinpois,1
Totalitaristisempaan,1
Yksityisaseita,1
Bygatty,1
Pahvikomeroita,1
Asumistilasta,1
Lyhykäisyydessän,1
Säilytystelineiden,1
Järjestysongelmille,1
Rjlsiassuis,1
Fantasiapäähineistä,1
Palkintoseremonioissa,1
Äntätsit,1
Qnss4wc,1
Sipliä,1
Karenssijaksoista,1
Potilaaltaan,1
Aseongelmalle,1
Mulham,1
Frankminiter,1
75f6958f181e,1
Vihervasurimädättäjät,1
Kahdeksaiseksi,1
Jvastasin,1
Hiustyypin,1
Ylivieskassahan,1
Peleillähän,1
Katselmoidaan,1
Wickejä,1
Goodlivingille,1
Suuruudenhullus,1
Toimintokytkimen,1
Poiskuluneet,1
Saatonupit,1
Vastapäiväisessä,1
Pikalämpö,1
Erimerkkisessä,1
Luuseripoikien,1
Ohjelmoituu,1
Luikkivasta,1
Luuserihummerista,1
Spermalastin,1
Kuorenvaihdon,1
Luuserihummerin,1
Vakionopeussäätimettömien,1
Kaksinkamppailusta,1
Käsipaperikasa,1
Lveychk,1
Kumilaivaosuus,1
Alumiinipohjan,1
Tukiputket,1
Kumilaivasäkin,1
Kumiveneilevät,1
Klomozr,1
Emnhlxz,1
Extravittumainen,1
Äijänjässikkää,1
Rojuakin,1
Heppaisista,1
Kokokategoria,1
Heppaiset,1
Plaanaa,1
Keulamiestä,1
Perälaudallista,1
Kumikanoottia,1
Mcsea,1
Ilmapohja,1
Plaanavanakin,1
7zf2in,1
Sotebisneksissä,1
Vakioasettelusta,1
Arialista,1
Kassanhoitajista,1
Ectstä,1
Resursointiongelmissa,1
Kyzymyz,1
Terminaalipotilaat,1
Takaisinajaminen,1
Intiaanipäähineelle,1
Päähineelle,1
Intiaanpäähineen,1
Phabletin,1
Meemitoimittaja,1
Kuvajalle,1
Bznygvrrmpe,1
Helsinkiläispäiväkotien,1
Taivaanrannssa,1
Libertaariselle,1
Vapausplaneetalle,1
Esdabljuu,1
Varriorrsseja,1
Korkeakirjallisuudessa,1
Harrastajapooli,1
Ihmetroppi,1
Tasapaksuttaa,1
Tunteenkuohaduksia,1
Teksitimuodossa,1
Kaupfhing,1
Glitninr,1
Säästörahani,1
Kaupthingiin,1
Näytönsäästäjästä,1
Lähteviitteiden,1
Sijaispyynnöistä,1
Kahtalaisilla,1
Päiväkodintädeillä,1
Päiväkodintäteily,1
Paivakotihoidossa,1
Serotooni,1
Palkkaneuvottelutilanteeseen,1
Lisensioinnista,1
Hbjym,1
Keskiarvoliksoja,1
Uraodotukset,1
Kalastuskajakille,1
Pikolinaattia,1
Markettisinkkien,1
Imetyminen,1
Laseronti,1
Aleosasto,1
Kunnianloukkauksenkaan,1
7zfnqd,1
Tanskalaisella_neekerispermalla_siitetty,1
Gigantti_myi_uutena_käytetyn_television_jonka,1
Rappusiakin,1
Profiilitsekkailun,1
Syynikko,1
Saatavuu,1
Kuunn,1
Mäga,1
Kulttuurinomimisläpätys,1
Iskiakselta,1
Noidannuolia,1
Visanyhet,1
Käyttäjähankintainvestointien,1
Käyttäjähankinnan,1
Liikevoittomarginaaliin,1
Peliliiketoiminnan,1
Retuuttanu,1
Mikroilmetestillä,1
Testilautakunnan,1
Gigantti_myi_uutena_k,1
A4ytetyn_television_jonka,1
Penkkareilta,1
Kulttuuriaproriaatiosyytökset,1
Saamelaisryhmästä,1
Pohjoissaamelaisista,1
Säpikkäät,1
Linttailee,1
Proviisota,1
Myyntiboonus,1
Lakanassasi,1
Polisiilta,1
Kraniologiaa,1
Bollocksit,1
Päiväkotiongelmassa,1
Jatkopohdiskelun,1
Tönäisemiseen,1
Ihmetableteilla,1
Nakkiruokavaliota,1
Hittikandidaatti,1
Biathletes,1
Ovrebo,1
Urheiluosaston,1
Mitalisaaliisiin,1
Hyperbiotics,1
Pihkaset,1
Balanzeja,1
Täyspsykopaatti,1
Asbojen,1
Ydinsotaskenaariosta,1
Omanlaisinaan,1
Ingraatio,1
Monikulttuurisuudellakin,1
Viimoiset,1
Jälkeläisissään,1
Komissiopohjainen,1
Markkinaodotuksista,1
Vitamiinisettiä,1
Grocerystore,1
Työukkopakut,1
Ohitussuorituksia,1
Vitamiinipurkkiani,1
Pikkuduuneissa,1
Mielialasairauksiin,1
Lääkityshoidon,1
Spyreports,1
Vitamiiniohramallaspirtelöä,1
Kusipäisyyksiä,1
Adaptogeenien,1
Ruusunjuuri,1
Replikaan,1
Ncac,1
Kimonos,1
Japaneseamericaninboston,1
Monets,1
Japonaise,1
Kokkeroisten,1
Muuttoaikeiden,1
Valkosipulikapseleita,1
Monivitskua,1
Ruusujuurta,1
Liotettava,1
Thorneen,1
Wcgnlczvmwm,1
Luciaseppelettä,1
Hoivamuottiin,1
Lelumarkkinointi,1
Natiivijapanilaisia,1
Kemikaalialtistusta,1
Nollatuntisoppereita,1
Monivitamiiniporetabletin,1
8hp,1
Retkeiltäisiin,1
Mietittynyt,1
Ilmapohjaisia,1
Pelticops,1
Bastarder,1
Mittarinkatsominen,1
Provoisointi,1
Poliitikkoväki,1
Steississä,1
Adaptogeeniä,1
Ruusujuuren,1
Paniikkihäiriötaipumuksesta,1
Biotiiniä,1
Kanadaksi,1
Aseharrastajistakin,1
Synnyinperäiset,1
Räjähdeliiviin,1
Saamelaisrumpukohussa,1
Paniikkinappulalle,1
Bthycvk,1
Voigh,1
Työnhauissaan,1
Persoonallisuustestauksia,1
Raahaappas,1
Ylinopeusrikkomuksesta,1
Varhaiskolmekymppisenä,1
Saatanpalvojiksi,1
Kappalaisia,1
Siellissä,1
Hemokuuri,1
Proviisiopalkkio,1
Puhelinpalvelukeskusten,1
Työpaikkailmoissa,1
Urheiluravinnebisnes,1
Sallitti,1
Ylinopeuskilometri,1
Aswhagandha,1
Ölympiaanit,1
Nopeusrajoitusmerkissä,1
Oksalaatit,1
Autsaidiin,1
Terminkäytöstä,1
Paljastavat_valheet,1
Tuiskulumen,1
201612012200034659_uu,1
Tiimiani,1
6bbpozo,1
Ashwagandalla,1
Amcaeb,1
Lumiaurahan,1
Osoottaa,1
Nopeuskylttiin,1
Huputtamassa,1
Peltipollari,1
Tuollaissilla,1
Likitilanteita,1
Reissuillakin,1
Fe3,1
Fe2,1
Vasikanmaksaa,1
7x4c1n,1
Safe_happy_and_free_does_finland_have_all_the,1
Du6jprf,1
M62va6ft2cw,1
Asemurhiin,1
Juoksutettavissa,1
Chakrataozenashwagandhatetragrammatonomm,1
Rohtokoisioon,1
Jenkkinaamat,1
Trndiä,1
Supernaseva,1
2pxggxv,1
Poliiisiasemalla,1
Naukuvien,1
Vaihtoehtomaailma,1
Edettävää,1
Infopaukku,1
Erillaila,1
Resistantilta,1
Tiheampään,1
Mobiilikopiopeli,1
Luovuusvajeensa,1
Havainnollistettavia,1
Palkkigraafeilla,1
Epäiltyrekisteristä,1
Tunnistusosioita,1
Kuvaspuhelin,1
Paikkatietorekisterien,1
Henkilöprofiilin,1
Satunnaisvastauksen,1
Isolaattijauheen,1
Käämisi,1
Accounttiasi,1
2x450mg,1
Vetokalastus,1
Sisäjärvillä,1
Tuulilasimalleja,1
Huppeilla,1
Firestartteri,1
Ainejärjestöpesteihin,1
Ruokavaliosääntöjä,1
Monikulttuurisuussopan,1
Jatkavatpa,1
Liskonaivojuttuja,1
Itsensäkorottamispyrkimyksiä,1
Välähtäneidenkin,1
Trendauksissa,1
Sysipaskana,1
Huudahduksenomaisille,1
Tunnevalidointia,1
Vähentymättömänä,1
Psykhoidoissa,1
Tenavaansa,1
Vihamiinia,1
Pankkipetoksista,1
Venäjätutkinnan,1
Oletusasetuksillahan,1
Listautumistaan,1
35ii,1
Lisätienestirajan,1
Rästivuokra,1
Kuletukseen,1
Työttömyysnumeroista,1
Deader,1
Komissiomyynti,1
Totetuttavan,1
Mobiilipelikuplan,1
Yllätyspulla,1
Keskustafani,1
Pikselipuuroksi,1
Likaisa,1
5senttisiä,1
Ulosvetäjästä,1
Nobiskrugin,1
Vinkurana,1
Putsimassa,1
Autokouluope,1
Pysähtelet,1
Stopeillasi,1
Maansiirtoajokyltin,1
Suuttunnu,1
Palautusroinaa,1
Jattaneen,1
Aluekaupunkiin,1
Konstekstistaan,1
Kantomäärä,1
Perinnölisen,1
Pommiani,1
Kipupotilaaksi,1
Lapsettomuuspäätöksessä,1
192m,1
Mielitemppumestari,1
Mielenpahoitussotien,1
Kirjainsekoituksia,1
Dumlesta,1
Mulde,1
6tkwlyfl,1
Välähdyksistä,1
Välähdysherkkyys,1
Vikatilastaan,1
Twitterviestisi,1
Hallintotasonkorruptiosta,1
Ikäluokassahan,1
Tasasuuruisten,1
Nykyeläkemaksuista,1
Palautusoikeudethan,1
Cowly,1
Ostoskynnystä,1
Evfd46qabi0,1
Gymnasiumiksi,1
Purutabletissa,1
Lisävarmistuksista,1
Kohutwiitti,1
Kossuna,1
Jarrutaa,1
Turvaominaisuutena,1
Pudotettuasikin,1
Qw6zo3p,1
Välähtelevän,1
Venäläisyhteydet,1
Rahanpesukuvio,1
Käännyttettyä,1
Erikoissyyttäjällä,1
Nikkiki,1
Piikkisian,1
Päälajina,1
Vakaampaankin,1
Jigailee,1
Hyllyttäminenkään,1
Suonenvedoista,1
Stressillisinä,1
Vitamiiniporetabletti,1
Serlacdn,1
Serla_kateva_taiteltu_talouspaperiarkki,1
Tiedotteet2014,1
Ifkjecmoz,1
Tiedote_r_16,1
Perusoikeusmyönteisen,1
Vapautuslaista,1
24ab7cadee9566f90db23332dd6e3fcd,1
Kaanteentekevan,1
Totaalikieltaytyja,1
Karvialle,1
Kreatiinismiin,1
Viisisenttisenkin,1
Vierisi,1
Jääskrapalla,1
Äänestysratkaisu,1
Pastafariaan,1
Jehovalaisuus,1
Siviilipalvelusvelvollisuutta,1
Alennusaikaa,1
Totaalikieltäytyisivät,1
Dieselini,1
Th1,1
Varteenotettavempi,1
Ampumakykyistä,1
Adaptiiivinen,1
Paskaväli,1
Rovioa,1
Peliyhtiöksi,1
Läpilyöneen,1
Ohjeiskrääsää,1
Kansalaispalvelijana,1
Avokadovoileipään,1
Giekury,1
Oyyn,1
Muskarivideolla,1
Kummulta,1
Möläytystensä,1
7zmkq8,1
Hovioikeus_linjaa_jehovan_todistajien_vapautus,1
Perussanomani,1
Ryysätä,1
Lobbauskeskustelua,1
Läpinäkyvyysrekisteriä,1
Avoimuusjärjestelmissä,1
Hokmarkin,1
Hellitin,1
Esimes,1
Trumppejakin,1
Yksityistiellään,1
Läppäosakkeena,1
Identiteetinrakennukseen,1
Aseestäkieltäytyjien,1
Liikennesuunnitelmat,1
Taivaskeijuni,1
Liiketoimintaongelma,1
Elämänviisauksesta,1
Bfdrgpwnesx,1
Conscentious,1
Tähtäilly,1
Jodaillaan,1
_taide,1
Ilmapiiriä_,1
Pidettelemistä,1
Edesauttamaksi,1
Roijattuna,1
Padavaani,1
Catapultcat,1
Meriklusteria,1
Parturikampaamolat,1
Esimiesjohtaminen,1
Tikettipohjainen,1
Alkoholivalmistajilla,1
Kirpputoriyhteisöt,1
Pöljii,1
Usenetia,1
Sanomalehtii,1
Marbury_v,1
_madison,1
Expound,1
Jälleenmyyntiasteella,1
Altiallakin,1
Psykoaktiivitrippien,1
Semiläheisessä,1
Psykoaktiiveja,1
Audikuskille,1
Kömpiköön,1
Jekkumaakareita,1
Viiteenkymmeen,1
Varapuhelimeen,1
Hiusvärini,1
Lintukirjoloilla,1
Ajatuksenkulkuja,1
Natsipirkot,1
Arkistressiin,1
Yksityistetyä,1
Vilkuileeko,1
Autorivi,1
Seksistisyyttä,1
Kasvukolmiohelsinki,1
Helsinkitampereturku,1
Kellokorttiduunarit,1
Vilkustakin,1
Nopeusmittaritkin,1
Vahventuneessa,1
Olemuksiin,1
Pikkukaupungeille,1
Automaatioklusteri,1
Prizz,1
Wo_4cohua70,1
Onnettomuustekijöinä,1
Kolariuhreista,1
Vankeusrangastukseen,1
Tukseltanin,1
Mesosyn,1
Equalityjustice,1
Romaniasiakkaita,1
Asunnonvuokraajat,1
Romaninuorelle,1
Käsienheiluttelijakonsultti,1
Ennakointiperiaate,1
Haaveitahan,1
Metropolikehitykset,1
Uudituksessa,1
Säilöönottoajan,1
Maahantultua,1
Jesaroitua,1
Killmongeria,1
Artesaaniraakamakkara,1
Kissamedia,1
20dupaap0,1
Menemättömien,1
Urhelluspäivinä,1
Monivitamiinisekoitusta,1
Treenirepussa,1
Palautusjuomajauhe,1
Koirakuulumisia,1
Wzz8vfa,1
Tekemäatä,1
Metropolikehityksellä,1
22_esko,1
Selvityshenkiloksi,1
Kotirintamastakin,1
Pysakoimisesta,1
Asbiyfk,1
Kohdealusta,1
2xb2yjl,1
Syrjimiskoneisto,1
Jehowa,1
Thre,1
Punsihment,1
Avokentillä,1
Lumiaikaan,1
Koomisimmillaan,1
Virollekki,1
Ands,1
Sotimistaitoa,1
Lisähassuuden,1
Lakiuutiset,1
Vesimaksunsa,1
Institutioitunut,1
Allthingsd,1
Simmittömyys,1
Id6zap4,1
Ouukin,1
Aterioitsimille,1
Aseistakieltäytyjäliittojen,1
Opastamat,1
Kieltäytymistaktiikat,1
Schemantics,1
Ykpeyden,1
Perustlut,1
Järjestöss,1
Intersubjektiivisessa,1
Tirkistelyreiän,1
Käveee,1
Vastustusargumentteja,1
Kuuntella,1
Saamiksesi,1
Etäohjelmoitava,1
Neuvotteloissa,1
Korekan,1
Taidekeräilijälle,1
Paukkakunnilla,1
Yhtäpaskaksi,1
Makkaramielipide,1
Varusmiespalveluskausi,1
Vertaisemman,1
Julkisuudenhallintayrityksessään,1
Goblino,1
Creatura,1
Rosvotakseni,1
Nenäliinatkin,1
Jätätisi,1
Maakuntahengestä,1
Synninpäivänä,1
Kaksikymmentäsataakahdeksantoista,1
Kirjeenvaihtokaveri,1
Pawless90,1
Makkaravaihtoehdoista,1
Lihaisimmilta,1
Spessumakukabanossi,1
Makkaranpaistomahdollisuus,1
Ddfzw,1
Paintistä,1
Rhpkc,1
Hondani,1
Murrikan,1
Integeroitu,1
Itsepalvelusivuilla,1
Pragmaattisuudellakaan,1
Tyeleistä,1
Cbcd6cd84da5ff630e487ffc0b1a88a6,1
Haukka_,1
Pasifisteissa,1
Nn3k727v08g01,1
Nationalisima,1
Eläimiinsekaantuvaa,1
Kzsrgbe,1
Patriassa,1
Nardolillo,1
Dropdownmenu,1
Finns_opinions_on_foreign_and_security_policy_national_defence_and_security_november_2017,1
Kokosiko,1
Kululeikkaus,1
Automoitaviin,1
Tyokay_2010_03_2012,1
Palvelutyöntekijä,1
Metropolipolitiikka,1
Vikasijoituksia,1
Tukibudjetti,1
Seitsemänvuotinen,1
Budjettikausi,1
Kaupunkivastaisuus,1
67kmh,1
Roskapelejä,1
Roskapelit,1
Siviilipalveluslakiin,1
Taivaskeijujen,1
Powerleveleitä,1
Hyvävelikerhoina,1
Pikkukuprun,1
Yhteiskuntamoraaliamme,1
Romurai,1
Tripatessa,1
Hippon,1
Synodissa,1
Krakovat,1
Duuniressiä,1
Noisemusiikkia,1
Soijamakkaroita,1
Makkarangrillailus,1
Fiilistelelyyn,1
Kunnnianhimoisia,1
Valopyrstöä,1
Klikkiartikkeliksi,1
Puusilimät,1
Kepulilla,1
Hanhikivisuhmuroinnit,1
Kblpy_rvski,1
Uepxlf_f_bi,1
Aaaaaaaagyc,1
Jgw,1
Rhyrnbw,1
Selvittelyosa,1
Kokonaislaskuna,1
Poliittisbyrokraattinen,1
Pakkomuutettiin,1
Maakuntapelleilyyn,1
Perustuslaintuomintoja,1
Oikeusministerinkin,1
Jaxua,1
Kokonaisarvioimista,1
Pidempikantaista,1
Höpä,1
Mielenpshoitus,1
Hiihhihhiiii,1
Mikrolihvimine,1
Makkarahifistelijä,1
K3sweaf,1
Koireita,1
Sensuurointia,1
Q_c2r67r5i4,1
Fidgdet,1
Monikulttuurisuuskonsulttien,1
Latvialiettua,1
Poikaryhmälle,1
Tuomanen,1
Kierrätysliiketoiminnoista,1
Grigoriev,1
Länsihorisontin,1
Ilmakehaan,1
Lapparitölkki,1
Asemarkkinointiin,1
Iiiihana,1
Sinisestähän,1
Rangaistuksettoman,1
Reseptilääkkeemme,1
Työkyvyttömyyseläkehakemuksia,1
Työkyvyttömyyshakemus,1
Kolmiopn,1
Mielekkyydessäkin,1
Vankeusrangangaistukseen,1
Vergipullon,1
Panttailussa,1
Motifake,1
Euromonney,1
Huvittavempaa,1
Metallivalamo,1
Ruostevyöhykkeitä,1
Koheesiotavoitteiden,1
Oikeudenmukaisuustavoitetta,1
Koheesiotavoitteisiin,1
Ilmoitusprosessissa,1
Kutsuansa,1
D6ae838369,1
Broukkeripalvelu,1
Pakettikyytejä,1
Hinnoittelujärjestelmät,1
Plural_marriage_and_placement_marriage,1
Talouskasvulukua,1
Hiidenmaalla,1
Vallotettu,1
Penareissa,1
Lumelääkeeseen,1
Uhkapelimäistä,1
Ajatustrikillä,1
Ahterilta,1
Ahvenanmaalaisiinkin,1
Origin_of_latter_day_saint_polygamy,1
List_of_joseph_smith,1
Vokaalinimen,1
Laatu_ja_kardinaalivokaalit,1
Lääkeriippuvaisena,1
Palkkaerollani,1
Tiltiltäsi,1
Cesletter,1
Pääroolisi,1
Vältyyä,1
Päivätyöllensä,1
Eukonkantodopingia,1
Paskakarvankaan,1
Teleporttikoneeseen,1
Kaatopaikkasilppuriin,1
Teleporttiin,1
Islanneille,1
Aktiivipoliitikoilla,1
Siviilipalveluslaitos,1
Muovikossu,1
Vioman,1
Koskenkorvankin,1
Ruisryynäriä,1
Kimppakyytijärjestelyt,1
Kannustajaan,1
Washbear,1
_uniikki_,1
Keissiruuhkasta,1
Korruptiokirstuun,1
Biohankkeet,1
Ylpeydestämme,1
Vierotusoireissa,1
Mountain_meadowsin_veril,1
Arvauksenahan,1
Asennemuutosvinkkien,1
Valittessaan,1
Pahevat,1
Oireyhdistelmällä,1
Liikaunisuutena,1
Ruokahaluna,1
Steamiinsa,1
Pöytägrillissä,1
Hiirimattoani,1
Nsrjvp5,1
Shekkivihot,1
Maggarana,1
Hulluntuhti,1
Wigreniin,1
Kallistaha,1
Rivijäseniäkin,1
Äännähdykseen,1
Suupielienkään,1
Sirkenevät,1
Superolennoille,1
Teloitettavina,1
Maahanmuuttoturistit,1
Henkilösiirtimen,1
Katsastetusta,1
Takarinteillä,1
Suomalaiskansallisuuttasi,1
Tahokkaista,1
Lähei,1
Lakiteknisneutraalia,1
Henkilöidenpäivää,1
Perusoikeustulkinta,1
Uskonvapauskysymysten,1
Specifiable,1
Consequents,1
Antecedent,1
Kurssian,1
Sosiaaliantropologiaan,1
Sosiaaliantropologia,1
Tulorajamekanismin,1
Kryptovaluuttalompakkoja,1
Niskuttelusta,1
Shekkivihollain,1
Tutkimuksalat,1
Tyttötutkimus,1
Rahannosteluhousujen,1
Ongelmistanu,1
Toddlerhood,1
Autoliikeauto,1
Perusviat,1
Alustanosa,1
Shellinbaarilegendojen,1
Uskontopolitiikkaa,1
Crenellated,1
Kouluarvostelussa,1
Teekaappiin,1
Tuoremakkarat,1
Pakkaskestäväksi,1
Standardimuoto,1
Siniittisiä,1
Alemannimurteet,1
Nokitteli,1
Grk1uzm,1
Parempiarvoisuuteen,1
Posadisteihin,1
_mieltä_,1
Siltaprojekteja,1
Aisankannattajakansaa,1
Identtiteettikriisissä,1
Huonontuminenkin,1
Poismuuttosyynä,1
Alennukseessa,1
Depcl,1
Laajentumisstrategia,1
Enimmäisomistajana,1
Kiertosymmetrisistä,1
Laatoituksista,1
Muuntuen,1
Viidesosissa,1
Kvasiperiodisia,1
Kiertosymmetrisiä,1
Laatoituksia,1
Kuusikulmion,1
Kvasikristallit,1
Yletyinen,1
Ympyrämäisesti,1
Yhteisartikkelissa,1
Quasiperiodic,1
Rhombic,1
Tilings,1
Vitsahduksia,1
Mieskäyttäjille,1
Raflaavaksihan,1
Pääntyhjennystekniikka,1
Töös,1
Skyfieldistä,1
Kiinnitinpähän,1
Yritysrekstierin,1
Käyttäytymistieteilijä,1
Vierasluennot,1
Clearwaterissa,1
Yritysrekiterin,1
Facelytixillä,1
Facelytix,1
Facelytixin,1
Postilokeroa,1
Mevaluationiin,1
Referensseistään,1
Mentaalivalmentajasta,1
Neurolinguist,1
Persoonallisuusanalyysi,1
Pmc2877627,1
Saastetilasto,1
Suostumisjuttu,1
Linlossa,1
Tilasuhteiden,1
Työhönottotestejä,1
Markettikahviksi,1
Nedstark,1
Mevaluationia,1
Rekisteröinyttä,1
Robothink,1
Tieteenalojakin,1
Kuoppamäkikin,1
Kesimisistä,1
Kuvaamataidontyösi,1
Jonkinlaiseks,1
Nippelitiedoks,1
Tietokoneruudulle,1
Seksiteollisuutta,1
Pornomainoksen,1
Ikärajatarkistukset,1
7ed9fe2af683fc193cd890b5b84e7a38,1
Tumblr_nphnyho19a1ryumqgo1_500,1
Kitooosss,1
Sukukunta,1
Majolättyjä,1
Miljoonaliikevaihdon,1
Aurellaa,1
Sinihomejuustovurstia,1
Perussininen,1
Y0tvux1,1
Epäiisin,1
Keplottelisin,1
Vakioromut,1
Hangonkeksillä,1
Huumediilerissä,1
Meppiään,1
Aluperäisiin,1
Pilarinosturi,1
Kmuaf,1
Myöhstyä,1
Välijäähdyttimistä,1
Vikkelyyskään,1
Välijäähdyttimet,1
Nosturitallia,1
Kinttupolutkin,1
Orkkisosat,1
Savottahan,1
Välijäähyt,1
Imupuoli,1
Laiskemmissa,1
Laiskempiin,1
Katsastusotteeseen,1
225hp,1
Meribiologit,1
So_long,1
_and_thanks_for_all_the_fish,1
Fun107,1
Elvytyksineen,1
Kurijärjestelyt,1
Käristepaketit,1
Krapulaoksentamista,1
Öööörgh,1
Õõõõõrgh,1
Võõras,1
S1yqtl8wiaqm,1
Keelen,1
Lämpömittaristani,1
Kokolihapihvit,1
Ylipäälliköissä,1
Maahantuontipäivä,1
Vittuperkelemikäshow,1
Savottasi,1
Merkkistereotypiointia,1
Paukkupakkasetkin,1
Etukäteisilmoittautumisia,1
Misclicked,1
Horinoistani,1
Myyntilappukin,1
Normihuoltoja,1
Statfin__vrm,1
Bcc793d3,1
95e1,1
936b,1
452753689e24,1
Ratavaurio,1
Kellertäviin,1
Krapulaedit,1
Uiskenneltu,1
Audisteista,1
Tuuripelia,1
Vabariik,1
6tln6hq7q,1
3bd566ce08d53c7a282504996c6414d2,1
Tulojärjestyksen,1
Neuvokkuudelle,1
Epäsuotaisat,1
Kokoomuspojat,1
Turbonvaihto,1
Pakopuoli,1
Kyttäilläänkään,1
Katsastusmiehellä,1
Opiumista,1
Mediaaniäänestäjän,1
Kryptofyrkat,1
Kielisetki,1
Kurkkulohikäärme,1
Voimaannuttamiskursille,1
Muurahaiskarhulta,1
Päällimmäisellä,1
Tartutaampas,1
Itsemurhakurssi,1
Isompipalkkaisille,1
Kenttäväellä,1
Kertakäyntiin,1
Asiatyylisin,1
Piiloviestinnällä,1
Ekosuunnitelma,1
Toimintaedellytyksien,1
Peliiv,1
Hiihtokisoissakin,1
Lisääntymisaspektin,1
Liveshoweja,1
Liveshoweista,1
Ominaispäästöjärjestelmän,1
Maskeerauksista,1
Markkinointijehut,1
Dginx5pvgpg,1
7zvbf1,1
Ferry_honking_happy_birthday_to_estonia_at,1
Katsurikin,1
Alttikevyt,1
Pealinnaleht,1
Markkinointijampat,1
Makeisvalmistajan,1
Karkkimainoksella,1
Seksuaalinuori,1
Elopikselikin,1
Järjestötovereita,1
Kokoomusmielisiksi,1
Teknologiailtapaska,1
Hyvävelikoneisto,1
Tallinnanristeilyillä,1
Virolaisnimi,1
Jättiläiskokoisista,1
Kalevanpojista,1
Sünnipäevaks,1
Salesconia,1
Myevaluationia,1
Myyntidirikka,1
Advisoreissa,1
Uskottavuusväitteeni,1
Vuokrajohtajabisneksen,1
Advisorit,1
Myevaluationissa,1
Myevaluation,1
Työnanatajarekisterissä,1
Clearwateria,1
Mikoilmeistä,1
Like4like,1
Pseudoverkostoitumista,1
Tilitoimistoreferenssien,1
Coreajatukseen,1
Juonivia,1
Mikroilmeanalysointipalvelua,1
Sinkkku,1
Bieberilläkin,1
Yliopistofuksi,1
Trudeaulle,1
Pullahdettu,1
Risteilytukiaisia,1
Idioottipoliitikot,1
Jcpgfuq,1
Suomalaisurheilun,1
Ab82e146,1
957b,1
7fc10fa0dfc3,1
Transtutkimuksista,1
Konsrnsuksella,1
Tappelurektiäkään,1
Nössöhomo,1
Suomidoping,1
Vitsikategoriaan,1
Finlandconspiracyn,1
Kuninkuusmatka,1
Diaboloa,1
Lunastusturvalla,1
Kavereillä,1
Morneau,1
Iduskbn1cm36a,1
Sqgatmfmxeg,1
Kätöksessään,1
Deflektiotaktiikat,1
Kansanedustaien,1
Satelisivat,1
Edustajapaikoissa,1
Toimittajaparivaljakko,1
Arhinmaet,1
Globaalinuoret,1
Somaliseura,1
Kuuloyhdistys,1
Tuseta,1
Stepeurope,1
Tukkeutuvankin,1
Tuloilmasuodattimet,1
Korvausilmahimmelistä,1
60pnk,1
Tuloaukko,1
Metallilatikkoa,1
Alinda,1
Kesvi,1
Tweettailisi,1
Informaatiosiipeä,1
Taustatahoista,1
Raiskausaaltoon,1
Rasististisesti,1
46wdxz2z5mo,1
Jatkotarkistuksen,1
Maksimiasetusta,1
Foorumiketjuja,1
Rf6mgmy,1
Suunnala,1
Köyhyyksineen,1
Loukkaantumisistaan,1
Somepöhinään,1
Joukkopahastumisen,1
Lievittelemään,1
Riemuidioottifeministeillä,1
Riemuidioottifeministit,1
Kohderyhmäuskollisesti,1
Monikulttuurifanaatikkoja,1
Hyväksijöitä,1
Ylemmyyskompleksiksi,1
Internetkommentoijalta,1
Esiinkaivamiseksi,1
Tahtikirkas,1
Hölökausti,1
Nykyroutsissa,1
Syntymapaiva,1
Löytötavarapalvelua,1
Hukkaajalle,1
Ekokaupunkiin,1
Suunitelmataloudellinen,1
Elintasonheikennys,1
Ekologisuutensa,1
Asuinaluieisiin,1
Nopeasyklistä,1
Suodatinharsoa,1
Olymppalaiset,1
Kannustushuudoksi,1
Equalsia,1
Väestönkorvauskansanmurhien,1
Informaatiosiiven,1
Doupingissa,1
Maahanmuuttojärjestelmät,1
Armeihan,1
Parisuhdenormatiivisuus,1
Seksiriippuvaisilla,1
Josno,1
Muutakia,1
Anomusmallit,1
Vakioturbon,1
Hashcoden,1
Hashcodea,1
30cmx20cmx15cm,1
Uhriutuvaan,1
Toriuduttautukaamme,1
Kaljakiekkoturnauksessa,1
Rahoitusliikkeestä,1
Vastaostetussa,1
Osavastaus,1
Soveltamiskelpoinen,1
Nilittämistä,1
Authoritääriset,1
Keskennään,1
Kahvittaan,1
Lyöntitiheyttä,1
Jobbaritalo,1
Kestävyysurheilukilpailussa,1
Aholaisiakaan,1
Populismijuttuja,1
Tomperihan,1
Sivistäjät,1
Sivistäjille,1
Löytätavarapalvelu,1
Pulpettiinsa,1
Turvapaikkakäytäntöjään,1
Passivisten,1
Raiskaajapoliitikkoja,1
Hönkäilyä,1
Tulokanavistosta,1
Puhtaustarkistus,1
Uudelleensäätö,1
Nuohousväliä,1
Naisvarussotilas,1
Jaspal,1
Atwalin,1
Ifwell,1
Vakauttamistyössä,1
Hyödytävää,1
Joukkomurhallaan,1
Naissptilaasta,1
Itkuporkujen,1
Kommenttiketjuistani,1
Yliopistoplaneetta,1
Rautarouvien,1
Naispalvelijois,1
Missikisajuttu,1
Conspiracy_theories_surrounding_the_oslo_attacks,1
Allegations_that_the_attacks_were_a_false_flag_operation_to_defame_the_right,1
Verityo,1
Jsekmeav4ps,1
Standardimateiaalista,1
Kokonumeroin,1
Yleissaunaan,1
Mikälihyvin,1
Mieleräjäytetty,1
Laatikollakaan,1
Muukalaisalue,1
Meppimäärä,1
Eljääntoista,1
Tödennköisesti,1
Mietiskelenpähän,1
Parlamenttipaikkoja,1
Virtaviivaistamiseen,1
Nenilles,1
Naamiootuna,1
Koripallosa,1
Demokraattisrn,1
Worldarchery,1
Lyöntisykkeen,1
0zjscz7d,1
Mp2wqzhh,1
H0dlewuladggnibfnjghphehm8tkmvrdyy,1
Maaelu,1
Televik,1
Mahtipontisemmankin,1
Httpswwwallergia,1
Apufiputkisuodatus,1
Curlaaja,1
Purkkiei,1
Luottokorttiasiakkaalle,1
Homojonne,1
Joskaivo,1
Mutkatsuoriksi,1
0zfalz3vbvm,1
Dopingtapaus,1
Probablywell,1
Takeitwell,1
Resurssienkulutuksen,1
Energialuokituksilla,1
Mto42,1
Viro100,1
Snahp,1
88viro100,1
Notmyiivo,1
Floodaamasta,1
Jooyes,1
Fzre0kw,1
70yknfiwa6i01,1
Turbaanipään,1
Ympäristöprofessorilta,1
Pisteentekijöitä,1
Haippisarjassame,1
Haippinsa,1
Gymtag,1
Hummeriäijän,1
Tuloilmakoneen,1
Työntilauksen,1
Dopariryssälle,1
Sosiaaliturvaperusteiseen,1
Sijoitusrahastoksi,1
Arvioitsijoiden,1
Kehitysyhteistyöhankkeissa,1
201704132200101581_uu,1
Mitäväliäsilläonmillänopeudellajotakinkuunnellaanihmehifistelyätaas,1
Liittohelvettiin,1
Luksutuotteita,1
4x_,1
0072fc64,1
793bd29dc03f,1
Riiippumaton,1
Ivolle,1
Poltoraninille,1
Ilonpurkauksen,1
Normaalihengitystä,1
Venäjänpelosta,1
Minilisäri,1
Robottikansasta,1
Qwbaowxg7vk,1
Vinyylikokoelmani,1
Onmo,1
Lnocola,1
Pügama,1
Pügala,1
Väärindamine,1
A4rindamine,1
Väärtuse,1
Tõstmine,1
A4rtuse,1
B5stmine,1
Lisaväärtuse,1
Lisamine,1
Diffrentiate,1
Solisiti,1
Cor75xa,1
Hyväksyneestä,1
5oscm,1
Legitimeetistä,1
Moocfordummies,1
Battleangel,1
Jaurèsin,1
Ranskalaisnaista,1
Kanavasuodatin,1
Harvarakenteista,1
Tuloilmavirtausta,1
Loppukurssille,1
Cmrfm711vxi,1
Ixrje2rxlma,1
Thaumatodryinus_tuukkaraski,1
7zyg7n,1
Tutkimus_jopa_joka_kahdeksas_ranskalaisnainen_on,1
Battelangel,1
Alitaa,1
Neuvostopropagandalla,1
Bonuskerroksia,1
Lomakäytännöistä,1
Palkkavaatimuksilla,1
Olympiavoittoja,1
Hummingbird,1
Berbers,1
Ilmanvaihtohäkkyrä,1
Huutolaisuudelta,1
Asumiskuluthan,1
Suomensisäistä,1
Asumiskuluineen,1
Twhczzc2axm,1
Qe1gqrrk43i,1
R3sj3xtogjm,1
54m17s,1
Atkos,1
Eurocom,1
Depora,1
Maksekeskuse,1
Nacionalais,1
Maksajumu,1
Centrs,1
Nacionalinis,1
Atsiskaitymu,1
Centras,1
Xwecncy,1
Päästävämmän,1
Puoliaution,1
Jxcr23aea2w,1
Veikeeltä,1
3lisxallq0a,1
Taajuuskorjattuna,1
Mgrjwa1gqq0,1
Imusuutin,1
Sähkötupakoitsija,1
Nauttiaakseen,1
Umqwizbxi6q,1
201802242200770065_ul,1
Kaapuviritelmä,1
Turvaisassa,1
Durawxb,1
Durgjhi,1
Tarkennusviestin,1
Durj4fz,1
Durjnwv,1
Voimassaolevasti,1
Vakkarisoppariinkiin,1
Xxdxdxdxd,1
Simopot,1
Terveynhuollon,1
Kehittyneimmältä,1
Ktvx6,1
Moninkeskeistä,1
Minullaoniso,1
Jonnetus,1
Espörriäinen,1
Kelloonjoyhdeksän,1
Tuntemukia,1
Sketsiviihdettähän,1
Kaikenratkaiseva,1
Amarylliseksessä,1
Tuuhennettu,1
Nollapelillä,1
39vnqqhdc,1
Neuvostopropagandistit,1
Juomalaulusta,1
Voldemar,1
Jannsen,1
Eestinkieliset,1
Laulujuhlilla,1
Rwhcuan,1
Maahanmuuttajakorttia,1
Fiksudiiliä,1
Virheilmosta,1
Yhtäsuuruusvertailu,1
Pakolaistenauttajalle,1
Hyllyylä,1
Jälkinäytöt,1
Semiasialliselta,1
Vuokratilansa,1
Tulonluontiin,1
Maailmannäkemykseensä,1
Breakcoressa,1
4nxdtr,1
Killuglyradio,1
Bpr1115_side1_matrix,1
Foliohattulanka,1
Lajisorto,1
59e80366a9db098f5ce8f8ad,1
5a63586971c10be0a0556a01,1
4664_fpp,1
Muksumaari,1
Kyfcwswozfw,1
Aakkossopa,1
Sisäpiirivitsiksi,1
Somevaluuttaa,1
Moonofalabama,1
Indictement,1
Ydinaseohjemaa,1
South_africa_and_weapons_of_mass_destruction,1
Vanhollisislamistinen,1
Vaikutusmateriaalia,1
Besmenovilainen,1
Vanhollisislamistit,1
Ärconspiracystä,1
Vapepohja,1
Nollanestettä,1
Crowdfunds,1
Kilistetty,1
Balansoivaa,1
Kritoisoidaan,1
Deeppejä,1
He5ca4jjegg,1
Sona2018,1
Ramaphosas,1
Plaas,1
Keinokastelua,1
Khoisan,1
Nukettaissin,1
Extrasolaariselta,1
Orbitilta,1
Bgpt94gwjxe,1
Parlametin,1
Camsahab,1
Eqzwjtw,1
Turfloopin,1
Piritassa,1
Francoissia,1
Keskiarvovertailuja,1
Efektikooltaan,1
Nollahypoteesit,1
Kehikkovirhe,1
Varastojannun,1
Erpt,1
Dkxe8dki0mg,1
Nikotiinilaastarista,1
Vapottajien,1
Nikotiiniallergiasta,1
Vapohöyryt,1
Debil,1
Mlksei,1
Kopioitavilla,1
Maanjakopolitiikka,1
Kampaviineriduunin,1
Byrokraattilaitoksen,1
156hp,1
184hp,1
07kdwy,1
Kylänvalittaja,1
Yxlulkwhgrc,1
Järkkyisikin,1
Rotuerotterun,1
Sairaalarakentajana,1
Reformaamaan,1
Vironmatkoihin,1
Joudunäin,1
Vapeamisen,1
Työskelntelevästä,1
Rabb,1
Kehämäisiä,1
Materiaalilähteistä,1
Sotamekaniikkoihin,1
Anteeksnytvaan,1
Raivorasisteja,1
Nippontytön,1
Materiaalikorvaukset,1
Teknossa,1
Mv0f_xir48q,1
9agrhopmrug,1
Stadloberilla,1
Merirastilalaiset,1
Luokkasotahengessä,1
Turhajulkkiskulttuuria,1
Peliarvioissa,1
Taustatyötkin,1
27993467_10155500170124385_2491168217548899212_o,1
5637c5ce910e0180100acf49cfd8af1b,1
5b4c03b9,1
Parkkeerauksestako,1
Pellenatsia,1
Likaantuneilta,1
Tekstiilikuiduilta,1
Äänenvaimennusmateriaalilta,1
Urheilijahan,1
Bluessiksi,1
Constrictoriin,1
Eksoottisuudetkin,1
Lisäjännityksenä,1
Lukkarivinkin,1
Remonttiakaipaavalla,1
Remontoidulla,1
Tutkijakouluopiskelijoista,1
Ekstraduuneja,1
Korjauspisteet,1
Modulaarisynat,1
Organismeina,1
201612072200037331_lb,1
Vapettajissa,1
Insinöörintöissäkin,1
Sexual_violence_in_south_africa,1
Statssa,1
Xenophobia_in_south_africa,1
May_2008_riots,1
Umshini,1
Wami,1
Article34128998,1
Panssarintorjuntakivääristä,1
Etätyökelponen,1
Reittimuutos,1
Katkeruuskerroin,1
Pyöräilyhousumateriaalin,1
Muovikalvolle,1
Animaatiokalvot,1
Mikkihiirivinoparkkiin,1
Luisupulkkani,1
Eitodellakaanminä_irl,1
Ireissuilla,1
Polttoaineautoilu,1
Vammaisisia,1
Ekotehokkuus,1
Maaseutujakin,1
Mikälihyvinnin,1
Mayb,1
Kojusisän,1
Valtuustoyhteisön,1
Satumuotoinen,1
Liikennevaloksi,1
Jobbareista,1
Lautapelailtua,1
Digitalisoitumiselle,1
Kimblet,1
Yiqsjscwg34,1
Samanpituisina,1
Puistotoimessakin,1
Säätömies,1
Päivityspalvelimeltaan,1
Virustonjuntaohjelmiston,1
Kertaalle,1
Nykyverrokkeihin,1
Maahanjäämislupa,1
Cäbi,1
Hyväntekeväisyysyhdustyksen,1
Separeiden,1
Peruselintarvikeita,1
Sometarinat,1
Leluäijä,1
Yllätuuuuush,1
Christmasille,1
201802252200770681_vd,1
Tuloilmahajoittimessa,1
Ilmanvaihotokone,1
Isännöisijään,1
Kiinteistänne,1
Tulokaskauttansa,1
Kohtuutyytyväistä,1
Homopatia,1
Igluhotellilta,1
Ainebuumi,1
Romahdusvauhtia,1
Tuomarineuvoston,1
Prykari,1
Havutuksilla,1
Paalitus,1
Tarjoilijakoulutukseen,1
Välittömämpänä,1
Housuunpaskantamisjutulle,1
Avaruusstrategiapeli,1
Emopelin,1
Ötökkäteemalla,1
Tiimijaolla,1
Kauhuelokuvahuumoria,1
Yliopistokulttuureineen,1
Vainvihkainen,1
Virastoasioiden,1
Koiratarhat,1
Hyökkätksiä,1
Täysautomaattiaseen,1
Lesotholla,1
Kankaanpätkä,1
Konfilkteineen,1
Hyväntekeväisjärjestöistä,1
Hyväntekeväisyystarkoituksiin,1
Lahjatavaroita,1
Kirjanpidossamme,1
Talousasioissamme,1
Tilinpäätöksemme,1
Taseemme,1
Lahjoitustemme,1
Tapauksistaan,1
Avunsaaneista,1
Avustustemme,1
Ntekeva,1
Isyysprojekteihin,1
Ulkosuomalaisuuteen,1
Väliaikaiseilta,1
Kokosydämmellisesti,1
Luokkakuplissaan,1
Kauppaketjuihinsa,1
Markkinointiyhteistyön,1
Sponsoreiltaan,1
Hyväntekeväisyystoimijaksi,1
Laskuteltu,1
Eriarvottavaa,1
Kansanvalistuksesta,1
Remontintekijä,1
Sekoittajahanat,1
Pärmäkoskella,1
Mitalisaalis,1
Salaatinkerän,1
Ulkomaalaiskaverinsa,1
Holidayhin,1
Adoptiotaan,1
Itävaltalaishiihtäjän,1
Dopingnäytteessä,1
Heikola,1
Muovikalvoissa,1
Hapertuisi,1
Animaatiokalvotkin,1
Publications_resources,1
Pohjustettuun,1
Liipaistuisikin,1
Paratiisistako,1
Pitkänomaiselle,1
Varalaattoja,1
Rakennusvuodestakin,1
Infonäytöstä,1
Kamppittaisi,1
Separipuheita,1
Kunnianloukkaussyytteisiin,1
Universaalimonologi,1
Hyvänteväisyyttä,1
Kansalaisaloitetouhun,1
Hyödyntäjinä,1
Kylmettäminen,1
Empaatittomuus,1
Kaakelikeskus,1
Yksittäistavaraa,1
Mosaiikkina,1
Pelastusgalgon,1
Aukoliikkeeltä,1
Silkkipupelot,1
Adoptiohakemus,1
Kotihoitopaikkaan,1
Ihanvaankatsojiin,1
Viettipommia,1
Verifcation,1
Yliopistolehteni,1
Varapäätoimittaja,1
Työkavereistanikaan,1
Opiskelukeikalta,1
Stadloberin,1
Kilpasiskona,1
Hopealta,1
Varjosalama,1
Hyökkäysprikaatti,1
Klubiasia,1
Ajantappopelaamista,1
Randomisoituihin,1
Avaruusarmada,1
Toimintakortilla,1
Hermoheikki,1
Conditioneita,1
Apuuni,1
Quitin,1
Quittaajan,1
Diplomatisoitavaa,1
Peliurani,1
Muistettavimpia,1
Quittaaja,1
Ovenpaiskoja,1
Sähkötupakkayritystä,1
Puoluelehtijutuissa,1
Kalenterilukutaidon,1
Ghettonaapurustossa,1
Vedeneristettäkään,1
Sosialidemokraattisempaan,1
Seurastakin,1
Pelattaisiinkin,1
Kuittalu,1
Asenellaan,1
Myyko,1
Korruptiorekrytointeja,1
Eedeninsän,1
Taiteentutkimuksesta,1
Hippiopiskelija,1
Minimalistisellakin,1
Toisinajattelijapointtiin,1
Huomiohuorataiteilijat,1
Taideaallot,1
Mitalistaan,1
Kampittaisit,1
Vakuutustaistelu,1
Erikoisnumerokin,1
Vientiyhtiöistä,1
Aganst,1
Linnamäelläkin,1
Elämystyöpaikka,1
Kaljoittelupelit,1
Finca,1
Funkenschlag,1
Lautapelaajalle,1
Cayluksen,1
Koskam,1
962k,1
Mututat,1
Markerien,1
Weirdimpää,1
Muodollisemmaksi,1
Apteekkivirkailija,1
Iltamyähäselle,1
Talismanit,1
Jättidiesel,1
Näyttelijätärtä,1
Sridevi,1
Sridevin,1
Hawa,1
Y_fpwx0irxe,1
Tonttinaapurin,1
吉科寧,1
Loppukommentista,1
Hyväntekeväisyyskampanjoista,1
Dickshit,1
Kolututtamaan,1
Varitat,1
Nirhimään,1
Lelumaakareita,1
Hämevaarassa,1
Viikatetie,1
Worldvectorlogo,1
Pidatyskuvan,1
Syötetäänköhän,1
Lautapelipäiviä,1
Paikaillisia,1
33c82b82e029ab0b77fdff6fe40131c2,1
Jlh6o,1
Julkisuuskampanjaan,1
Pyyteellisyyttä,1
Lämmitysmenetelmä,1
Kaasuboilereita,1
Councililta,1
Yhdenväriseen,1
Toisenväriseen,1
Kansalaisvirastossa,1
Pikkuremontit,1
Ikkunankahvan,1
Taiteilijaelämäntavan,1
Opiskelijavuosi,1
Chaveja,1
Nilkkeyden,1
Tiedonantajalta,1
Maaselkalehti,1
Kunnallisaloitteelle,1
Kuparipitoisuuden,1
Rakennusjatteen,1
Lisäuskottavuuden,1
Voitonhaluinen,1
Leppilammessa,1
Arvalluttaa,1
Kommunikaattoia,1
259usf,1
Kakkasoftia,1
Hyväntekijnä,1
Hyväksyttykkään,1
Pitsapippaloita,1
201802252200771079_u0,1
Nokialaiskäyttis,1
Jiophone,1
Jiiijjisuzc,1
Olympiatoiminnan,1
Yhdenvertaisuussäännökset,1
Paperilääkäri,1
Puolueideologi,1
Rotuideologisin,1
Vakuutusoikeudesta,1
Korruptioklikkejä,1
Uudelleenimetty,1
Yunos,1
Erkilä,1
Pakkokuljetettiin,1
Ludvik,1
Latureitillä,1
Kilpaveikko,1
Hopeamitalistaan,1
Facebookmainen,1
Flickfetchkin,1
Suksivalinnasta,1
Kilpakaverin,1
Lisähankaluutensa,1
Merkinantaja,1
Tekoälyttömän,1
Uudelleensolmimiseksi,1
Lainatukea,1
Opisjelu,1
Uskonnollistaustainen,1
Holidayksi,1
Adoptiotaustaisen,1
Sheivausterät,1
Goingzerowaste,1
Ekohammasharja,1
Allianceonline,1
Psbio001,1
Cj0kcqia2snubrdfarisaigfpqfcafolgp0khb_blb6ewb3ehqscsoy0u_rswp9tdkjgjwagxxhbzx8aapqkealw_wcb,1
Keepcup,1
Ikimukeja,1
Muutunkin,1
Newera,1
Mulanduleni,1
Tarkoituksenmukaisimmalla,1
Rikostutkijaan,1
Maksumuuriohranan,1
Kumonneessa,1
Ammattitautilaissa,1
L16p121,1
7zmww7,1
Siniset_laajentaisi_ansiosidonnaisen,1
3ornk6katdjf9hel1k,1
Hämevaaraa,1
Tekehnyt,1
Brittijuttu,1
Häskäämään,1
Käänneetiin,1
Porkkanamaan,1
Kaljoittelupeleihin,1
Pelikorttiversiota,1
Saaisi,1
Käsittelykansiota,1
Nodus,1
Kulttuuriavustuksien,1
Lisärahoituksilla,1
Järjestelyelin,1
Läpinäkymättömyyttä,1
Rasitteestaan,1
Älypuhelinyksiköstään,1
Kylpysuoloiksi,1
Xsh9jbp,1
Eurokarttaki,1
Onkäynnistetty,1
Tuoteteksti,1
Silkenfloki,1
Guiroa,1
Päästäseen,1
Ajatustkin,1
Pastatko,1
Ilmamassoja,1
Drive45,1
Sweeteneristä,1
Deskpop,1
Kompilaatiolevyllään,1
Deskpopmusic,1
2gdtgj5u68pojs60swrxdv,1
Auktoriteettiratkaisua,1
Kettukarkeille,1
Moukkamaisuuttaan,1
Junakuulutukset,1
Eurokartat,1
Ruattil,1
Huoltajalleni,1
Huoltoryhmälleen,1
Suksivalinnoissa,1
Porttaajat,1
Multithreadingista,1
Azdo,1
Jatkuvatoimiset,1
Palanderit,1
Humalatoilailu,1
Omemmmilta,1
Runttuisuudessaan,1
Kotoisesti,1
Järjestyskuluja,1
Olympiarenkaita,1
Kisakaupunkejakin,1
Autovyöhykkeelle,1
Supermarkettivyöhykkeellä,1
Strathy,1
Fetishised,1
Glesga,1
Glasussa,1
Twangin,1
Tumpeloimista,1
Niukkasella,1
Teemuniukkanen,1
Mainosohjaajia,1
Hokijumalan,1
M2olqivxkwo,1
Maddogin,1
Luonnollisemalta,1
Tavallisemalta,1
Kotipitäjästäkin,1
87mw43o_xp8,1
Pelivideokanavalta,1
Porttaajissa,1
February_2018_monthly,1
Civilization6,1
Finchley,1
1saf1qipobenjo8tcpksokdlx2n2,1
2faf1qipobenjo8tcpksokdlx2n2,1
H123,1
7i4086,1
8i2490,1
1ssainsbury,1
0x1ec532e242897adf,1
Refundaamassa,1
Transseksualisuuteen,1
Porkkanajuomia,1
Camdenissa,1
Localia,1
Bishopsgatella,1
Moorgatella,1
Krogiusta,1
Laivamiehistöltä,1
Vihollisalus,1
Eurokartalla,1
4hqer,1
Meemuarvo,1
Muoviks,1
Mainosoksennukset,1
Algoritmisekoilut,1
Iltalehtiäkin,1
Julkkisuutisessakin,1
Seuratulla,1
Kierrätyslaatikot,1
Pikkumuovipusseja,1
Tetleys,1
Lastenneuvolapalvelut,1
Perhesuunnitteluneuvolan,1
Kuntalaisiltakin,1
Hyörysauna,1
Vähyyteenhän,1
Советском,1
Районе,1
Тулы,1
Утра,1
Марта,1
Указаны,1
Rajonin,1
Environmentissa,1
Simkorttiin,1
Y550,1
Highteciltä,1
Toverilapsoset,1
Biologisjohteisella,1
Biologisjohteisuus,1
Näppäimistölliset,1
Englantilaisin,1
Asettuisinko,1
Puolibrittiläisyyteni,1
Kertakäyttömukeissahan,1
Keepcupia,1
Keepcupin,1
Harjottelureissun,1
Kielioppilisia,1
Lempifraasi,1
Kisuksi,1
Tagitoiminnon,1
Konkretisoimalla,1
Laittaneesta,1
Kulmakaupat,1
Vwu8isusym,1
Mettämökit,1
Mettästetähä,1
Mulkkukunkut,1
Transportfever,1
Virhteettömästi,1
7wnkbq,1
Sid_meiers_civilization_vi_freetoplay_weekend_1,1
Du20kcr,1
Pelimoottorinkoodaaja,1
Oikeasuomalaiseksi,1
Istuppahan,1
Algoritmikikkailut,1
Irwl7uwxx3a,1
Hiihtosaavutukset,1
Porkkananhimo,1
Verorahoittesesti,1
Rättipäänkin,1
Kommarifantasioita,1
Voitaisiinkö,1
Qara,1
Khitai,1
Yehuling,1
Inalchuq,1
Juvayni,1
Käsittelisiköhän,1
Liissannut,1
Suomikommarit,1
Bändijunaan,1
Lutkauksessa,1
Sinunnin,1
Päevittäenen,1
Kuntalaisaloitteesta,1
Poimisikin,1
Geoffrey_roberts,1
Bacevich,1
Haslam,1
Lumilautailupaikkoja,1
Kritereeistä,1
Yhteistarjouksen,1
Selkääntaputtelijoilla,1
Seiskagolffi,1
Hihnalliseksi,1
Kuivaseiskoihin,1
Kutosdsg,1
Terottaisin,1
Tietojenkäsittelyntieteiden,1
Yrittäjyysinfoja,1
Yrittämiseenkin,1
Ideoimastani,1
Homopatialääkäri,1
Tasarahaksi,1
Ounastelut,1
Etiikkaamme,1
Muuttimen,1
Tekijänoikeuskäsityksellä,1
Maksumuurinkiertäjien,1
Sisälajeille,1
Pikaluisteluareena,1
Kelkkailuradat,1
Tobyllä,1
Sponsorisopimuksilla,1
Kostenkon,1
Tulossivujaan,1
Jenkkikarttaan,1
Perhepeleihin,1
Asemasääntöjen,1
Pelastakaapas,1
Punavirheet,1
Ensipuhelimet,1
Vaalitilaisuudessahan,1
Poliisiepäilyksiä,1
Lippumäärästä,1
Haavapiste,1
Kisapaikkainfra,1
Valekilpailutilanne,1
Ristiinmenoa,1
Minivoivaa,1
Jäähdytysefektiä,1
Nukleoimien,1
Sidonnaissuhteita,1
Mutakasa,1
Diabetekseltä,1
Imzy,1
Alppihiihtolajit,1
Vauhtilajeille,1
Kelkkailurata,1
Perinnönsaajia,1
Tulonsaantiin,1
Luokkamuutoksia,1
Varallisuustasot,1
Historianpohdinta,1
Ammatikorkeakouluja,1
Verotyypeistä,1
Hapanimeläkastikkeella,1
Valtatyhjiötaistelu,1
Yhtiöteorian,1
5y8l14,1
Saatanan_kanit_komedia_49vuotiaasta_raimosta,1
Je40654n,1
1f3239bb,1
Rahasuvuille,1
Kulmakauppojen,1
Crusaderia,1
Skippausnappi,1
Lisäryöstöä,1
Kiinantulkkia,1
Säteilytyöturvallisuusjohtajan,1
Synkähkön,1
Hakkaamia,1
Kaipamaankin,1
Kokolattiamatollinen,1
Halkasemalla,1
Tärväsi,1
Opastevälille,1
Opastevälin,1
Turvallisuuskäytäntö,1
Opasteväliä,1
Jarrutusmatkansa,1
Jättiomaisuudet,1
Perintöverossahan,1
Koneoppimisetkin,1
Lisämaksuaikana,1
Yrittäjäkontekstissa,1
Derivoitavalla,1
Foxconniltakin,1
Kunnallisaktiivia,1
Nopeempaahan,1
Kansaperinnettä,1
Verottakoon,1
Sainsburyn,1
Kokoomuspäättäjät,1
6887e,1
Vallankunämoukset,1
Sibalit,1
Pillittämistäkin,1
Läppäkantilta,1
Tuohikkaissani,1
Centauristakin,1
Xai6m2x6nf4,1
Braxi,1
Loopu,1
Profiliinsa,1
Koriksessahan,1
Tgyc0q2,1
Punavirheistä,1
Maksamisvelvollisuuteen,1
Kuunteluhuoneita,1
Stalkkauksesi,1
Kokoomuslaisudeesta,1
Kampushankkeesta,1
Tilakustannuksiaan,1
Konsernirakenteeseen,1
Tulossuunnittelukeino,1
Egwsgmdw,1
Piraattirysä,1
Slic,1
Mehmed_the_conqueror,1
Riistotyöehdot,1
Perintöveroton,1
Pannalistalle,1
Uskonnolliskonservatiiveille,1
Ateisteillekin,1
Totalitarismitapimuksen,1
Feministilaidan,1
Paltamolaiselle,1
Carl_emil_pettersson,1
Silppuamisessa,1
Socialised,1
Meterolo,1
Pappisuvun,1
Romukultaa,1
Kultaperintö,1
Ghanalais,1
Järkyttävänhintaisia,1
Vuokraneliöihin,1
Veiviäsi,1
Elämällen,1
Keskivertotuottavuus,1
Mekanimsi,1
Saapuivatkaan,1
Gonzalo_jiménez_de_quesada,1
Lywzifo,1
Jankin,1
Ajatatella,1
Ivestoinneista,1
Lounaspakoissa,1
Parikytsenttiä,1
Hartaina,1
Civloordi,1
Universalikset,1
Heviörinää,1
562a6aeded79cbf4fb55c8f013f64932,1
Ekstreemitapauskysymys,1
Kertapläjäyksellä,1
Supervaltioilla,1
Hyvinvointitukea,1
Perintöprosessia,1
Kaupunkivaltioliitot,1
Feudalismo,1
Reconnectaamaan,1
Kuunteluetäisyys,1
Runsalaön,1
Landscaped,1
Verandas,1
Huippuansa,1
Yliopistoliberaalit,1
Realisoituvana,1
Rivitalokämppänä,1
Sitovampia,1
Luennoillansa,1
Vijeli,1
Kulttuurimarkismi,1
312153eac99a,1
Ydinperhettäkin,1
Jakofiltterit,1
Piirtelijää,1
Metaforisin,1
Totuuslausuntoja,1
Arkkityypillisiä,1
Totuuslausuntojaan,1
Laittiamia,1
Ulostottokelpoisuus,1
Atsteekithan,1
Hellenistiseksi,1
Tenotichlania,1
Texcocoa,1
Atstekistiseksi,1
Maksukykyäkin,1
Vuokrauspalvelusta,1
Taskussakaan,1
Kotiläksyjeni,1
Hengähdyksinä,1
Lakijupakan,1
Totuusnäkemys,1
Esiintymistaitojansa,1
Varallisuusjärjestelyjä,1
Yliopistoprofessoriksi,1
Leksinski,1
Feudaaliseksi,1
Siilipäitä,1
Periytettään,1
Tlatoani,1
Tlatoque,1
Ajatusjuttu,1
Perinnönsaantioikeus,1
Yksityishenkilötkään,1
Vasallijärjestelmän,1
Eudalism,1
Vassals,1
Fiefs,1
Vähisetkin,1
Toivollekin,1
Kumirengaskuljetukset,1
Lisenssityypissä,1
Konekohtainen,1
Fqc,1
Huippumestana,1
Tekoälykissan,1
Muovisaastuttajan,1
Doccontent,1
Globaalihallitus,1
Sekoitusjärjestelmät,1
Nettivouhotusta,1
Jennisauli_vi,1
Jennisauli1_vi,1
Posari,1
E2bc515224,1
Miljardipohatta,1
Puolihuviksi,1
Maturiteettiloikka,1
Tekoälyhypessä,1
Datainfrastruktuuria,1
Olympiavoittojen,1
Uintimatkoilla,1
Wozniackin,1
Pännän,1
Feudaaliyhteisö,1
Erikoisnihtejä,1
Polisus,1
Periytät,1
Haastteluja,1
Rahanhimonsa,1
Linkitsemääsi,1
Äärivasemmistokuplan,1
Huhumyllystä,1
Dialogivideoita,1
Juoruartikkelin,1
Jordanfaniboy,1
Pupujuttu,1
Eqgiwwkmjdo,1
Earthissä,1
Thorkildsen,1
Ivaille,1
Mietohan,1
Reirnikaatio,1
Työntekijävaltaisella,1
Pääomina,1
Wäiskä,1
Wanhimmasta,1
Nationalistipopulismin,1
Demokratiairvikuva,1
Toissavaaleissa,1
201802242200769651_u0,1
Kesäajastakaan,1
Njg,1
Lgmpvya,1
Hallituselimet,1
Infrastruktuuripäivityksiä,1
Kauppiasluokkaa,1
Kauppiasluokalle,1
Barbareeja,1
Jäsedyyden,1
Talviurheilujärjestelmä,1
Hiihtovalmennus,1
Naapuritelttaan,1
Georg_kajanus,1
Vaino_vahasarja,1
Degeneroituvalle,1
Huippuyksilössä,1
Juniorikehityksen,1
Osallistamisella,1
Posennut,1
Oz_qiyc133u,1
Pedersonin,1
Lestinheittäjille,1
Ilmaispainoksen,1
Muovinkäyttökohde,1
Peruskyynisyyden,1
Konseptualisella,1
Työvoimavaltaiselle,1
Vände,1
Ändrande,1
Verojenkeplotus,1
Maatilatukiin,1
Deittisivustoprofiili,1
Hyökkäysnoppia,1
Liikkumisnoppia,1
Sipalikuutiot,1
Metallikiekkojen,1
Tisupallerot,1
Urheilukaupoille,1
Huipputiiviiksi,1
Omakotitaloalueeksi,1
Psykoositsäänssit,1
Härkäpäisyys,1
Tvedtiltä,1
Tvedtin,1
Treeniolosuhteet,1
Kauppablokista,1
Kilpailykykyisempi,1
Maksakyvyn,1
Olympiastandardit,1
Pyramiidia,1
7x8yaz,1
Kela_karhuaa_opintotukea_takaisin_kymmenesosalta,1
_3mvosye0ow,1
Taustadokumentti,1
Uudelleenkäsittelypyyntöä,1
Valmistumistodistus,1
Bellezza,1
Elokuvakasvatus,1
Mietittty,1
Jytkyttelijät,1
Yleistapausta,1
Varallisuuslahjoja,1
Ståtligt,1
Buskagen,1
Obestämd,1
Träden,1
0x1xpvgleqq,1
Retaileja,1
Liveympäristössä,1
Esilletulleet,1
Perintökiinteistöistä,1
Kaikentasoiseen,1
Maskipeitteistä,1
Autovanhukseen,1
Töllistelijöitä,1
Tukikuukausilta,1
Bretweinstein,1
7lrg32,1
Literally_false_metaphorically_true,1
Peruskommariargumentaatiota,1
Ulosottokelpoisuuden,1
Onnenssa,1
Monikulttuurisuudestakin,1
Liipaisemalle,1
Verbaalilaukeamiselle,1
Mustanaamiopitkiksiin,1
Lähisuvulleni,1
Velvollisuudentuntoisella,1
Mosavitutuksen,1
Auktoriteettivastaisuuden,1
Koulukiusaamistraumojen,1
Aikuistumisprosessissa,1
Lyhtentää,1
Myyntiarvoakaan,1
Kulttuurikanava,1
Filleriohjelmista,1
Feminkin,1
Tyä_ukkon,1
Pääsiäiskani,1
Hymähdyttävää,1
Pressaehdokkaille,1
Beuqmsojonx,1
Paaaavoooo,1
Besofjrddyj,1
Beprkvmdg_c,1
Benhisnjyoy,1
Bekhcgpjc3d,1
Beh0hp1joen,1
Befjlukj5hj,1
Päästöajureita,1
Käveltävyys,1
Joukkoliikennemuodossa,1
Ekomurrokseen,1
Yleisauto,1
Korvamerkitsemässä,1
Maatalousmaaksi,1
Tropiikit,1
Imeytyen,1
Haittaveromuotoinen,1
Ryöstöviljelykään,1
Arknan,1
186383_en,1
Peltotila,1
Tuotantopotentiaalinsa,1
Sekaviljelystä,1
Biopolttoainetarpeista,1
Sarjaviljelyyn,1
Hehtaaritarve,1
Sarjaviljelyllä,1
Sekaviljelty,1
Maatalousajattelusta,1
Suitsutukseen,1
Luonnonvaloakin,1
Kaupunkiseuduillakin,1
Vertikaaliviljelylle,1
Ekopolitiikasta,1
Tuupoja,1
Ydinvoimasketsi,1
Kaupunkipuoluehan,1
Samaistumiskoukku,1
Uskonnolliskonservatiiviselle,1
Mitääntekemätön,1
Yltiöindividualistinen,1
Lähettävillä,1
Selkeinpänä,1
Lahjaverollakin,1
Suhmuroinnistakin,1
Lahjaveroprosentit,1
Lahjoituskierros,1
Arvostuskikkailuilla,1
Holdingyhtiöjärjestelyin,1
Structuralistiseen,1
Altruistisiin,1
Maailmanparantajiin,1
Tunnempana,1
Heikkotuottoisena,1
Perusluontoamme,1
Valetyöllinenkin,1
Hämäräpalstoilta,1
Volyymilisenssit,1
Twgbt3v0yvc,1
Palorypälehappo,1
Ruokamaakareista,1
Mölyäviin,1
Hiihtotähdet,1
Kendotähtemme,1
Saadakseeen,1
Hiihtolajista,1
Sellujohdannaisella,1
Opintotukihakemuksien,1
Suorittamispäivä,1
Ennakkoonilmoittamisesta,1
Maskisuojan,1
Rakettitieteilijän,1
Lainakirjoissa,1
Istuimelleni,1
Metaforassasi,1
Asialukemista,1
Watchmakerkaan,1
Ilmestymisajankohdan,1
Funtsailut,1
Törkypuheinen,1
Oksetusreaktioita,1
Kulttuurimarxists,1
Pälinätkin,1
Tusinapopparin,1
Rakkkaudellaan,1
Nykykantimet,1
_koposen,1
Cuckstereita,1
Utulaisten,1
Triviaaliasioihin,1
Lähdepohjalta,1
Lapselapsen,1
Hyväntekeväisyystyöllä,1
Easisimi,1
5er1loarlgg,1
Laattapoisheitto,1
Hecklaaks,1
Jengiss,1
Kruunuradiolla,1
Pembrokes,1
Kuumotakaan,1
Misogyynisinä,1
Jättivaltava,1
Kaikenikäisenä,1
Kuntoluokitukseksi,1
Pakkohajottamisella,1
Kissanpoikasella,1
Oudouksistaan,1
Sisältössä,1
Uusjaolla,1
Marikana,1
Dastardly,1
Corgies,1
Kennelwindwinners,1
Torekelpi,1
Kulttuurimarxilaisuuteen,1
Harlem_globetrotters,1
Hevosmiäheen,1
Näkökulmissaan,1
Danieldennett,1
Safariseikkailulle,1
Loikkaruutta,1
Metropoliahan,1
Ajanvietteenähän,1
Dx27,1
Pesäpallossakaan,1
Ajankohtaonen,1
Vetelehtikö,1
Polujen,1
Nctj,1
Ammattivaltuudet,1
Pikakirjoitusta,1
Peruskonservatiivia,1
Ihmiseläjille,1
Kuvakirkon,1
Paltaniemi,1
Kuvakirkko,1
Paltamoa,1
Cajanusten,1
Kuoriaitauksen,1
Cajanuksella,1
Nimikkopenkki,1
Etulautoihin,1
Myötämielisty,1
Ohjelmaväleihin,1
Superjuttuja,1
Shermeristä,1
Julistettavilla,1
Hifikaupoissa,1
8052m5,1
Kolmen_lapsen_is,1
A4_on_nyt_nainen_olen_niin,1
Dutlprw,1
Ntersukupuolisuuden,1
Lelumiehestä,1
4h7sonl9n,1
Maatalouskyliä,1
Korukauppoja,1
Meikkiostokset,1
Matkustusajalla,1
Pyöräilykulttuurinsa,1
Geordiet,1
Lempiporukkaani,1
Bddb4243,1
78fb,1
383d,1
1057951bff20,1
Tarpeetomaksi,1
Lahjaverona,1
Myyntivoittoverona,1
Sukupolvenvaihdosohjelma,1
Kumppanisihan,1
Autokädettömille,1
Epävarmuustason,1
Sterilisaatiopakkoa,1
Soveltamansa,1
Sinunku,1
Normijuttua,1
Sovellusesta,1
Satuiluista,1
Paimentolaisajoilta,1
Poraattekin,1
Äijähtävälle,1
Commitmenttiä,1
Downloadiin,1
400c705b,1
Maakaimoihin,1
Ajattelemattakin,1
Imagoetuaan,1
Pronssijäsen,1
Yhistyi,1
Korkotuetussa,1
Tulorajoitetussa,1
Eläinlääköriparillekin,1
Demonisoidessaan,1
Moraalitotalitarismia,1
Moninutkaisesta,1
Safir2014,1
Ydinenergia_alan_tutkimusstrategia_170414,1
Haulikkoukkeli,1
Armeijavelvollisuuden,1
Safety_features,1
Protyyppejä,1
Hyväntekeväisyysjärjestelmän,1
Moraalipanikoivat,1
Säteilijätoimittelijat,1
Äiäfilantrooppi,1
Paljastuskokonaisuutta,1
Keulimmaiseksi,1
Majestät,1
Lämplig,1
Färja,1
Styrde,1
Stäven,1
Tangomarkkinoillaki,1
Nyökkäilivätkö,1
Sulasuoloreaktorit,1
Techeistä,1
Paloittelijan,1
Kartuttama,1
Kauppatieteellisenä,1
Tiedekuntana,1
Jatkolahjoituksia,1
Teleportaatiopolttoainetta,1
Teleportaatiopolttoaine,1
Myrrha,1
Tänmöönen,1
Trollisoluttautuja,1
Nettiördäämisestä,1
Kiiinteistönhuolto,1
3a3f2ec6,1
Velijoulu,1
Toimittajaraukkansa,1
Uusvasemmistonatseja,1
Oksettavavaa,1
Painaavat,1
Mongolijohtajana,1
Keskivertoperussuomalaisen,1
Dokumenttipätkiä,1
Sannissa,1
Liiskaamista,1
Juoruroskajournalismia,1
Ajatustuomarina,1
Ajatuspyövelinä,1
Penkinpäälliskankaita,1
Vaatekerroiksi,1
Jalkamattoa,1
Sitomisvälineksi,1
Kokkausterapia,1
Tuplakompa,1
Sivistystäkään,1
Neuvostonuorison,1
Rauhanjuhlaa,1
Helsingin_nuorisofestivaalit_1962,1
Penkkariajelu,1
Realistisenä,1
Järjestyshäiriötilastojen,1
Kännykkämastoineen,1
Vimputtia,1
Alfapeto,1
Retrievers,1
Mailanhuitaisujen,1
Varmaankim,1
Twilightatulta,1
Pintaperhokalastuksen,1
Asuinhuoneen_määritelmä,1
Kiinteistökuvio,1
Poliisihälytystä,1
Halytysta,1
4jef2c4t1_a,1
Karvaleikkuria,1
Sudeista,1
Tiedekuntakohtaiset,1
Tenttipaperit,1
Peritöveroa,1
Pyröien,1
Kuolemaverosta,1
Erityisrangaistusalueiksi,1
Feispuukit,1
Kruunuradio,1
Shamanististen,1
Tietovisasarjassa,1
Murtamatonta,1
Köyttäneet,1
Vp09cfc,1
Puutarhapalstan,1
Siltarumpuhankkeita,1
Rataremontit,1
Seuramatkalla,1
Aloitttaa,1
Kulttuurimarximismin,1
Johdatusketju,1
Johdatteluketju,1
Kohdiilleen,1
Vastuuelmästäsi,1
Vetätyy,1
Kriitikoitten,1
Fiolsofian,1
Posikeluita,1
Järkevätä,1
Kulttuurrimarxismia,1
Vijeon,1
Kyynikkokin,1
Lifestyleään,1
Äidinrakkaudelle,1
Isänrakkaus,1
Myötähäpeäanarkia,1
Liikkamaikaksi,1
Sosisaalisessa,1
Iskevyydestä,1
Ystäväryhmiä,1
Faniutumista,1
Huutajilla,1
Ryssätason,1
Salingeria,1
Informaatioprosessointia,1
Ennustevaihtoehtoihin,1
Osallistumallahan,1
Prosessointitason,1
Sivubetti,1
Reaalimonikulttuurisuutta,1
Skinareille,1
Bifter,1
Bevvie,1
Virheetöntäkin,1
Lakeseilla,1
Carlislessa,1
Latestagefeudalism,1
Mäkkaiveroin,1
Lisälämmikkeeksi,1
Magnesiumkorvakon,1
Tuluksiksi,1
Astiankorvike,1
Kumartelemattomuutta,1
Mehevimmistä,1
Kuluttajajääkaappeja,1
Selättävät,1
Rahasotkuun,1
Karstoittamaan,1
Raaputtelet,1
Julkkisosastolta,1
7zw5ep,1
Kirjaarvio_yhdestoista_vitsaus_on_norjalaisen,1
Je4vpk23,1
E5306d67,1
Maahanmuuttajamyönteinen,1
Olympiavoitosta,1
Mannerfilosofit,1
Fenomenologisista,1
Teleportatusta,1
Eramaisin,1
Kasivarren,1
Várdoaivi,1
Tapahtumaselosteesta,1
Erämaataivallukseen,1
Särjetystä,1
Verhoilumateriaalista,1
Kulkusuunnaksi,1
Vesistöesteitä,1
Liveversiot,1
Valokuvaustekniikkaa,1
Picosong,1
Wkjg2,1
Copyrighteistä,1
M4v5zzp,1
Nähhää,1
Vihervasurihippimusaa,1
Zx88wzsx_ii,1
Kulttuuriappropisiaatiosshiittä,1
Hpe4aizlz9u,1
Oikurit,1
Rankaisukäytäntöä,1
Rikollisyys,1
7z4skv,1
Spanish_rapper_voltonyc_to_spend_three_years_in,1
Kauppamatalaisia,1
Duunailun,1
Kouluttautumattomuusongelma,1
Vankeuskäytäntöjen,1
Tiukemma,1
Aktivointikepillään,1
Alkukasvatuksella,1
Residenttikin,1
Matikkanörttiä,1
Paedofiliaa,1
Punchlinee,1
Progressiivistakin,1
Tamadur,1
Ramah,1
Varatyöministeriksi,1
Käppäseltä,1
Apv2,1
Etukentän,1
Pelaaajaan,1
Hevosenkyrpää,1
Maihoksia,1
Kommenttiosiostakin,1
Mietimpä,1
Käyttämättäjättämisen,1
Byzantinvastaista,1
Lemmikkitalouksiin,1
Happirinki,1
Eroamismäärissä,1
Komentajie,1
Moneyshottiin,1
Väliunen,1
Etuisuuslupien,1
Vertaisnillitys,1
Horjumattoman,1
Maailmantulkintansa,1
Vertaisnillitysprosessia,1
Seksillämyymislisä,1
Aamukoomasta,1
Kasvatussuosituksiin,1
Henkistenkään,1
Ilottomaan,1
Turvapakettia,1
Taustaprosessia,1
Hedelmöityshoitolakia,1
Luovutusmäärät,1
Tyhmennettäisiin,1
Kehitysaskeliin,1
Opiskelijavirrassa,1
Korkeakoulupolun,1
Aloituspaikoilla,1
Väkevöityisi,1
Ilmastonmuutosskeptisismiin,1
Personaallisuuskulttuvibaa,1
Viisastaminen,1
Jälkeläisiltähän,1
Ohjehinnan,1
Aloispaikkoja,1
Jalkelaisia,1
Kilttiseta,1
Aparatuet,1
Paperipistettä,1
11pistettä,1
Opinnonohjauksessa,1
Väittelytekniikkaan,1
Hsqlksbfdso,1
Retoriikkoja,1
Commoditytrademantra,1
119492_orig,1
Eroamiskäyrä,1
Isänmurhabuumi,1
Jäsenryhmä,1
Asumistukipumpulla,1
Tukipumppua,1
Okjvrpw,1
Pikarakentamiseen,1
Ääriajatteluismi,1
Ideologiologinen,1
Ääriajattelulogia,1
Äärialpakat,1
Kosteimpiin,1
Triglyt,1
Kiinalaisdoppelganger,1
Keskustelutaktiikkaa,1
Koulupesäpalloa,1
Suommalaiselta,1
Turvapaketti,1
Kunnioittaenkin,1
Naapuriheimolla,1
Suhdannehuippua,1
Humoristinörtit,1
Munakoisokin,1
Aragonés,1
Yläastejannu,1
Väpätysviivat,1
Mielivapailla,1
Parkkipaikkanormeilla,1
Julksisen,1
Afd19524c43115c1e89892c1313d4dc0,1
Ääripäistää,1
Enimmäisrajojen,1
Vuokraisännillehän,1
Asuntokysymystä,1
Asunnontarvitsijoiden,1
Kasvissyönninvastaiseksi,1
Lähtönopeudessa,1
Pitcherille,1
Pilishave,1
Harhaannuttavasti,1
Suvikumpua,1
Mainospaitojen,1
Sivujuonista,1
Istuinparilla,1
Feikkiakkountti,1
Imarreltuneisuuteni,1
Puppulausegeneraattorityyppisiä,1
Kirjoittajataitojani,1
Korkeesee,1
Syrjämetsistä,1
Irtirepäisy,1
Epäselkoa,1
Ääripäämielipide,1
Hyperboliikkaa,1
Alentamatonta,1
Alennusilmaisu,1
Ruksihinta,1
Teknorumpuja,1
Mediakritiikiksi,1
Roiskaisusta,1
Koripalloamerikkalainen,1
Aamuoluelle,1
Rintapanssarinvenytin,1
Hy_kandiohjelmiin_hakeneet_ja_hyvaksytyt_yhteishaussa_2017,1
Karsimiskierros,1
Epävarmimmille,1
Vuokratasoksi,1
Numeroidan,1
Henkilokuvat,1
Asumismenot2017,1
Internetistyminen,1
Ulilaudat,1
Kommunikaatiotaidoiltaan,1
Esimerkillemme,1
Luurijuoppous,1
Jurrisena,1
Maalitauluamerikkalainen,1
Neliörajojen,1
Asumispreferenssien,1
Lainankorolla,1
Asemain,1
Kasivuotiaan,1
Eroottuu,1
Suvakkikommaricuck,1
Hitonkielenkäyttöä,1
Miekkosena,1
Kokorajoja,1
Asumistukisysteemimme,1
Ahlaislaiset,1
Yleistetyllä,1
Opiskelupaikkashoppailu,1
Ensikertalaisstatusta,1
Lempipaikkaansa,1
Tradenomiohjelmaan,1
Allekirjoittamattomat,1
