Virhemäärät,1
Donitsivarastot,1
Saippuapommeilla,1
Rockshowta,1
Karjatilansa,1
Pyöränne,1
Ruokataukojakaan,1
Lorvailuhommia,1
Kivinta,1
Tyhmävihaa,1
Addiktiovihaa,1
Lyhytvihaa,1
Lihavavihaa,1
Köyhävihaa,1
Normaalipuuhaaja,1
Paskanmyrskyn,1
Tartuntarulettia,1
Kakkospiikkiä,1
Ykköspiikistä,1
Avoillamme,1
Viikonloppubrunssilla,1
Naapurigalaksissa,1
Lihavaviha,1
Fatfobiaksi,1
Uotiasta,1
Astrazn,1
Äijiän,1
Aloittamine,1
Päämäärällisempää,1
Kapakkaanki,1
_miksköhän_,1
Irtileikatuilla,1
Rokotevastaisuusessa,1
Kristinuskovaisen,1
Kulusummat,1
Ratlaisukokeilut,1
Huliflopperiin,1
Rysslandiin,1
Kiillotuskapula,1
Kuulapäävasara,1
Pietisestä,1
Nordenissa,1
Pankkifirman,1
Heseenkää,1
Valtavirtaharrastuksessa,1
Lyhytkestoisempien,1
Epäsyvällisten,1
Kristillistenkään,1
Elokapinoitsijoissa,1
Vanginvartijoillakin,1
Altistumispaikassa,1
Vankimielenterveydenhoito,1
Satuttajiaan,1
Kiduttajiaan,1
Kopperin,1
Maaresonoinnista,1
Leipassa,1
Siskoistasikin,1
Varianttitehdasta,1
Velkatappiota,1
Temonlq2mqi,1
Melatoniininappi,1
Unetta,1
Kuumeenkin,1
Lepakkonuhan,1
Mikrosirupiikin,1
Veitsiluotoa,1
Paperimarkkinoilla,1
Vastuuttomaks,1
Joenrannasta,1
Sodanaikanen,1
Konetulipesäke,1
Sodanaikasista,1
Kultamuseo,1
Reksiviitaksi,1
Tykkipattereita,1
Luontopoluksi,1
Oppimistyylinsa,1
Omaistesikin,1
Identiteettifeminismiä,1
Investointipankkiireille,1
Ruokakuntiaan,1
Suomipullukan,1
Isosiskolleni,1
Idioottileiriin,1
Analysteistä,1
Rokonarpien,1
Rotekriittinen,1
Töykseen,1
Itsellääkin,1
Diabeteshoidoista,1
Telomisista,1
Syntyvisen,1
Pätkimisissä,1
Julkaisupelin,1
Vyöryipä,1
Se_rokote_otetaan,1
Galosseilta,1
Salaliittoteoreetikkosisko,1
Pistojäljellä,1
Pennuiltakin,1
Hyväkuntoisiltakin,1
Ikäisiltäkin,1
Saunakyrpä,1
Lähesiä,1
Vakoiluteknologiafirma,1
Vakoiluohjelmiston,1
Nson,1
Omvlcv,1
Revealed_leak_uncovers_global_abuse_of,1
H5q23q3,1
Airpodin,1
Elektroniikkaahan,1
Lisähappitarpeen,1
Futisten,1
Simahtaneesta,1
Vauhdettavat,1
Wm6exo00t5i,1
Antikvariaattisilla,1
Kirjamyyjäisillä,1
Urheiluvoitoista,1
Peruspäivitykset,1
Lukitussiruja,1
Lobbausmyrsky,1
Kurvailisivat,1
Valmkstetuilla,1
Kouobugay7u,1
Päljon,1
Irtisanoutumisina,1
Maahantuontien,1
Alihankintasopimuksistaan,1
Etabloitunutta,1
Technologya,1
Digikeyhin,1
Avapaa,1
Systereille,1
Koulutuspohjansa,1
Panovähennystä,1
Sormiakun,1
Juotoskorvilla,1
Samanlaisuudelle,1
Segmentissäkin,1
Posahtamaa,1
Yltiöindividualismiin,1
Ideologiamuutosten,1
Valuaatiomallien,1
Harkkarikin,1
Parannuskeinoilla,1
Energiavitamiineja,1
Normivuokra,1
Junnuporras,1
Luontaistuotefanaatikot,1
Skeemerit,1
Astrologiahihhulit,1
Luomuvitamiineja,1
Sisäänsulkeutunut,1
Konsultointimaailman,1
Mindlessin,1
Kokemustanikin,1
Kiiretilanteesta,1
Suklaisempia,1
Tuhannenviisataa,1
Alfakansatkin,1
Kuvalehtilähde,1
Ylelinkki,1
Huoraisivat,1
Nämv,1
Terassipaikat,1
Uberrikkaiden,1
Pyörittämiskyky,1
Päätöksesihän,1
Sanamörkö,1
Rokoteallergikkojen,1
Mututuntuilun,1
Pitkäaikaivaikutuksien,1
Housesitting,1
Niittirannekkeisiin,1
Hevimörköjen,1
Superliimalla,1
Yhyeisiä,1
Henkl,1
Eripäästä,1
Naistentasa,1
Kilmiok,1
Ilmoitetuiks,1
Lukuvaikeutesi,1
Kulttimenolta,1
Viiteryhmätkin,1
Hellaripiireihin,1
Muuttotappiokuntansa,1
Ruokapstokset,1
Apitöisikö,1
Asuntosijottajan,1
E6xnmjvxiacisvu,1
Supermarketitkaan,1
Uudenmaankadulta,1
Koskavain,1
Säilityspidike,1
Modulaarisessa,1
Fairphonethan,1
Klipsuihin,1
Noksuissa,1
Porvariliset,1
Proteiinisalimaket,1
Verotuskaava,1
Hätäisemmällä,1
Coronapiikki,1
Nasupiikkiä,1
Coronapiikin,1
Rokotekäsi,1
Erillishaut,1
Elämäntapaindikaattori,1
Salimakeilevat,1
Käytännöllisyysykysymys,1
Huumediileritkin,1
Sirupuoli,1
Täyttävämmistä,1
Rangon,1
Roskesuojaus,1
Nääsiä,1
Sulattaaksesi,1
Kehonkoostumusmittausta,1
Jugenditkin,1
Korppujuristiksi,1
Dimenssioita,1
Ykköskielesi,1
Varattunakaan,1
Sotamarsun,1
Suositusprosentit,1
Jumpallakin,1
Lukuvarmuus,1
Sijaintitietos,1
5110n,1
Injektiosiruista,1
Testilaitteiden,1
Virusperheen,1
Rokotetyyppi,1
Välitysaineista,1
Pfhizer,1
Kausinuharokote,1
Rokotusruljanssi,1
Kallio_church,1
2c_helsinki_2004,1
Jiec,1
Tutuhkoja,1
Hiilijalanjälkeeni,1
Salitreeniähän,1
Kulttuurisotameemujen,1
Ledditiä,1
Haittavaikutuspotilaita,1
Kommunistiutopiassa,1
Kommunistiutopiansa,1
Wakandamaisiin,1
Säihkyvään,1
Kommunistiparatiisiin,1
Taudinkesto,1
Piilin,1
Palkkiokdiy,1
Mitakkaappas,1
Hyllyvääkin,1
Ihmisvihanmielisen,1
Haluss,1
Käyttäydypä,1
Lausastu,1
Aterimeksi,1
Pelta,1
Psylolooginen,1
Hyytelosokeri,1
Työterveylääkäri,1
H5stp69,1
Persy,1
Airpodista,1
Aiehuta,1
Zenecassa,1
Laatikkofunktionalismi,1
Uusrenesanssi,1
Täyttämulkkuvoimaa,1
Näköaistimus,1
Rokotepäätöksesi,1
Jätskifirmalta,1
Eridsyssellissä,1
Deltaturisteille,1
Levittämästäkin,1
Leatherhouse,1
Classictoo,1
Jatkopuuhiin,1
Kirurgunen,1
Terrotistei,1
Holokaustivitsailun,1
Paperinukkiensa,1
Holokaustileikistä,1
Holokaustiviittauksesta,1
Teatterimies,1
Holokaustivitsailua,1
Siankorvin,1
Ylppärikieltä,1
Kirjoitusvirhemäärillä,1
Kalpealla,1
Nemesissi,1
Iluureissakin,1
Jatkokehityskin,1
Kuluttajakorjauksen,1
Teknologiahöpinä,1
Hypepaskaa,1
Datakaapelitkin,1
Lekurikaverilta,1
Feikkirokotetta,1
Ristitappi,1
Laakeroitu,1
Kosteusvaihrelut,1
Lähtöreijät,1
Sinkilän,1
Haponkesävällä,1
Löylymunassa,1
Lupsuttaa,1
Mielehelle,1
Pikkuveljestään,1
Syopariskia,1
Syopavaaraa,1
Kirjoituskokeen,1
Vastakkaisetkin,1
Rokoteettomuus,1
Matkusteluille,1
Pikkunaluasta,1
Loppuunasri,1
Koskenkorva121,1
Tuotekehityskustannuksin,1
Tuntist,1
Caikeatkin,1
Vastakkainasettelevuudesta,1
Nettikäyttäytymiseesi,1
Valioaineiden,1
Saarnaavana,1
Kehollssn,1
Riippuvatta,1
Koronahysteerikoksi,1
Tilastoversioista,1
Hirviömiehen,1
Siruhommat,1
Lisäsiruja,1
Motivaatiojakso,1
Työkseninään,1
Yhteisrekisteriä,1
Ylikulutusjuhlasta,1
Ihannejärjestelmältä,1
Tavisrokotteen,1
Oikeuslauseet,1
Öyhömeiningillä,1
Sometweetille,1
Alipainolle,1
Sesonkimaisista,1
Eläinproteeni,1
Roskavalio,1
Tyhjänpäiväsenä,1
Maalaamisena,1
Fungin,1
Aineessasi,1
Touhukta,1
Kyläyhteisömäinen,1
Harrasteputki,1
Tuppien,1
Innostama,1
Ylikuntokaan,1
Kohotteluks,1
Toimistotyöntekijäpiireissä,1
Vanhantyylisen,1
Seurantatarkoituksiin,1
Olow0q,1
Valiotekstit_2021,1
H5hbyh6,1
Rautaviila,1
Sssyödä,1
Rokotustapa,1
Lipidipartikkelit,1
Mietityttikö,1
Keskusvaltapakotukset,1
Tuputaminen,1
Asiantuntijalausontojen,1
Onision,1
Ylioppilaskirjoitus,1
Jätskei,1
Pikkumaksusta,1
Ikäluokkajakaumilla,1
Valmispaskan,1
Kunniamloukkaus,1
Karkkihiiriä,1
Pilanneena,1
Eabf1771,1
Pitkäaikaisturvallisuuteen,1
Makustelussa,1
Polymeraasit,1
Bugittaako,1
Lipidinyyttien,1
Lipidinyytit,1
Luuydinsolut,1
Hätäilläkin,1
Autokyydeillä,1
Harrastusmatkoja,1
Todennäköisyydellähän,1
Rempsahtanut,1
Verovapauskin,1
Luiskattua,1
Kaverinaisellani,1
Hahmottuuko,1
Faktojenpoimimiseen,1
Sairaalakuormittumiseen,1
Immuniteetintaso,1
Sairaalamäärissä,1
Nykykasvulla,1
Vähemmistöuskonnolle,1
Murjapuro,1
Brutaaleimmasta,1
Rähjäsimpään,1
Kilpaurheilulajia,1
Lihaspainonen,1
Ihmiselämäni,1
Rastaletti,1
Läskipainostaan,1
Länsimaiseem,1
Tujummaksi,1
Peruskoronassa,1
Jysähtävän,1
Nine_familial_exterminations,1
Puitsimatta,1
Öyhötyksenvapaus,1
Unipa,1
Harvardid,1
Eneminninkin,1
Valiotekstistatuksen,1
Sairastaisitkin,1
Saatuttu,1
Thatsracin,1
Article217540295,1
Rokotekriitikoille,1
_sssyödä_,1
Autismoa,1
Sateelliittejen,1
Pohdikseleva,1
Haihtuvaista,1
Varastoiduissa,1
Sssssyödä,1
Vaihtaman,1
Eslestadiolainen,1
Miehitysajalta,1
Lynkkauksille,1
Kankeloinnilta,1
Chindiaperi,1
Tartuntoineen,1
S8vwqrhr9a4,1
Kontaktimallinnusta,1
Gryndreille,1
Vahingontuottamiskeinoa,1
Muovikuplassa,1
Lähtemista,1
Keittämiinsä,1
Jalkareenit,1
Ruumiinrakennekaan,1
Kroppatyyppejä,1
Väestöikärakenteen,1
Oviittaa,1
Darkwebia,1
H5ukgqa,1
Suprajohtavuudessa,1
Tiedealaspesifejä,1
Valtavirtaisesti,1
Kohokohdistani,1
Laittetiden,1
Direktiiviillä,1
Korjausvastaisia,1
Näyttökokoonpano,1
Matalariskisemmän,1
Hashipiipulta,1
Macintoshing,1
Lähdetekseistä,1
Syyttävälläkään,1
Tarranomaiset,1
Avaajista,1
Kettumaisemmalta,1
Sähköhammasharjani,1
Оllenkaan,1
Epämieluisaakin,1
Ajastinkondomi,1
Ystävyyssuhteisiinsa,1
Vakiopakki,1
Paljastelusyytöksiä,1
Moraalituhahtelua,1
Jugen,1
Huonevuokralaisuus,1
Satelliittihömpötykset,1
Sananvapaussotureilla,1
Calahtanut,1
Läskiverolle,1
Sairausvakuutusmaksulla,1
Potentiaaliltamme,1
Earthereillakin,1
Raketoivissa,1
Rakennuslupavastainen,1
Saunallakaan,1
Kenttäpakista,1
Paperityöntekijöitä,1
Kontaktiasia,1
Alastomuudellaan,1
A25586046,1
Tissiflahsmobeja,1
Nippleä,1
Nänninvapautusliikkeelle,1
Ärsuomalaistakin,1
Talibaanille,1
Seremoniatanssi,1
Kessutauot,1
Aml2010,1
Kolmenumerotason,1
Ammattinimekkeet,1
Nelinumerotasolla,1
Tutkijakäyttöön,1
Kontaktimallinnus,1
Kristityttjä,1
Kehonpainoindeksi,1
Melekosessa,1
Maratoonikunnossa,1
Kotitalouksissaan,1
Critical_race_theory,1
C26b037b,1
00bf0b98d646,1
Koronakonkurssiaaltoa,1
Marttyyrifetissiä,1
Surmaamisensa,1
12q7eclb0fg,1
Kelmutuksen,1
Konkurssipoikkeuslait,1
Op7bu7,1
Unesco_poistaa_liverpoolin_satamaalueen,1
H63gp9v,1
Kauhakauppiaita,1
Meemipakottajanatsit,1
Nettipööpöilystä,1
Pyyhältämään,1
Tyssätään,1
Kansallisasua,1
Haalarikulttuuria,1
Piikkiproteiiniksi,1
Vaccine_hesitancy,1
Cytosol,1
Solunesteessä,1
Käänteiskopiointimekanismia,1
Pienempimuotoisesti,1
Endcapattu,1
Käänteiskopiointiin,1
Ej839495,1
Discources,1
Criticalracetheory,1
Mennonitewomenusa,1
Malinda,1
Timbrel,1
Olveva,1
Likittyneempi,1
Ulkosivut,1
Uhripukki,1
Aivokopiin,1
Opettajapolvelta,1
Yliopistokokemusten,1
Ihmisvihamielista,1
Repeilemiseen,1
Sumentamiset,1
Sumentajat,1
Valioaineesta,1
Itsensäruoskintateksti,1
Verenperimälle,1
Anorektikoksiko,1
Elimistöös,1
Epidemialuokitteluun,1
Mcsafkaan,1
Sokeiroituihin,1
Harhaanjohtavahko,1
Idsa,1
Peppuhenkilöitä,1
Shotsit,1
Jalkafetissejä,1
Yläosattomista,1
Valiotekstinä,1
Ideologisempien,1
Korvausjärjestely,1
Nykyrakennetta,1
Alankomaahan,1
Treenasim,1
Kupitella,1
Tsemppip,1
Transfereita,1
Ratakovskit,1
Tissienpaljastelijat,1
Roikkutissisiä,1
Kovettumalla,1
Juoppotappelu,1
Urheiluautollaan,1
Martyyriuudest,1
Rokotusproseduureja,1
Tt14055432,1
Valituksemme,1
Lingvistisiin,1
Klwvvxo,1
Coolaidin,1
Työviikontunnit,1
Tappotunteja,1
Laihatäytteisiä,1
Buffetpaikka,1
Varovaisuusperiaattella,1
Trendikäyristä,1
P_fbtiqcnni,1
Kasvatkaa,1
Nimittänin,1
Waw9upwfzd4,1
Kentaron,1
Kiihoittuneita,1
Argumentointitekniikkaa,1
Göbbelssit,1
Rokoteampulleihin,1
Rokotepistoksen,1
Uskonnontutkimuksessa,1
Viikonlopputyöntekijät,1
_characteristic,1
Pizzabuffassa,1
Käsittelykysi,1
Tipahtaisko,1
Fentassa,1
Alkuviikonkin,1
Erikoispalkkoja,1
Rastafareista,1
Jaṭā,1
Jalkafetistelijöitä,1
Sovintosopimuksesta,1
Naapurijoukkoa,1
Akastaan,1
Avoinaiselta,1
Ladatur,1
Kaupunkilaisetko,1
Ilmaisosuuden,1
Annostelivat,1
Ravintolapomot,1
Työbtekijän,1
Kotikartano,1
Liekeis,1
Kuormiattavuuden,1
Ruuhkalisän,1
Larynx,1
Tissifläsmobista,1
Kaivamistasi,1
Pottulastua,1
Budjettiversiolla,1
Caementicium,1
Raivoonsa,1
Myösrokotevastainen,1
Huuhaanettisivujen,1
Foliohattupropagandaa,1
Tilastolukuihin,1
Ruuhkalisää,1
Kyrpiintyneinä,1
Ruuhkalisä,1
Ruuhkatunteja,1
Piilläkin,1
Eniceis,1
Rokotenesteessä,1
Seksuaalivaste,1
Terveydenhuollonpuolelta,1
Ruokailukulttuurikin,1
Munkkeutta,1
Naislähtöisesti,1
Ravintolapalvelussa,1
Perustuntipalkkoihin,1
Kalsarikännäämällä,1
Desinfiointivälin,1
Intervalliehdotus,1
Ennusteilta,1
Runtattavaan,1
Distinction_,1
Kargokulttilogiikka,1
Rahtilentueita,1
Ekshibiotionismisyytökset,1
Nudistikulttuuri,1
Processhistory,1
Nudism,1
Feministiprotesteissa,1
Democratandchronicle,1
Rochesters,1
Topfree,1
Nänniprotesteista,1
Gonzompi,1
43gy7n,1
Nudismin,1
Viikonloppupalkkaa,1
Lääkehoitopalveluiden,1
Patistanu,1
Keskiarvopainoindeksi,1
Fuxit,1
Tehdasmentaliteetin,1
Juutalaisheimojen,1
Kroniikoihin,1
Viikonpäiväjako,1
Sääkamerat,1
Hyötyarkiliikunta,1
Kovakuntoisuus,1
Punttisikoja,1
Kestävyyshommia,1
Cooperkunnossa,1
Voimailujengiä,1
Salimakemeiningin,1
Hengästyviä,1
Sikanostajia,1
Kestävyyslajitausta,1
Halpisruokala,1
685f61ff,1
Opahua,1
Ravintolaalaa,1
_vaivaa,1
_kova,1
_työntekijäpula,1
Sterilointiaineena,1
Narisististen,1
Ratkaissutkin,1
Steitmenttiä,1
Pitsabuffaa,1
Valioteksiin,1
Sykevälimittauksella,1
Peläkstään,1
Taikahöttöä,1
Kalorittomilla,1
N8jq8bulato,1
Jäätelöresepti,1
Safkailtua,1
Määrällisesit,1
Kisaaville,1
Raindrops,1
6nwzpsyaibu,1
Someaddiktion,1
70jotai,1
Kuupannu,1
Kauppatavaroissa,1
Historyplace,1
Worldwar2,1
Riseofhitler,1
25points,1
Vääristeltävät,1
Rauhoittuisikin,1
Todistaisitteko,1
Palavelloo,1
Tutustumistilaisuuksia,1
Klikkienkalastelujuttu,1
Vertailutilasto,1
Jenkkituotua,1
Ihmishirviöden,1
Raadeltiin,1
Viihdeohjelmalle,1
Häirinneeni,1
Tottuneemmat,1
Seksualisoidusta,1
Ruumiinosasta,1
Betoneita,1
Sittnen,1
Moposudittamon,1
Murmelieläimille,1
Rasvasoosia,1
Peruslähtökohtainen,1
Tutkimusotettaa,1
Valtavirtaistamisesta,1
Arkikielisyyteen,1
Äyräistään,1
Äikänopettajaasi,1
Koesysteemissä,1
Laajaatietopohjaa,1
Kultuurivallankumouksen,1
Natsimisi,1
Elementtilähiöitä,1
Tessisähän,1
Juutalaisvitsistä,1
Puritanistisesta,1
Pukeutumiskontrolloinnista,1
Hallintohistoriallisen,1
Kansanterveysprojekti,1
Palasaippuapistooli,1
Kisaformaatti,1
Petipotilaille,1
Suuntaustahan,1
Peruspoljento,1
Olympistadion,1
Satdioineilla,1
Arvokisatasolla,1
Extrakorvauksen,1
Paskavuorojen,1
Kultsa,1
Tiilelle,1
Saarnaustaan,1
Luontoretkert,1
Elvytyssuunnitelmansa,1
Araljärvelle,1
Kulliki,1
Bottikokit,1
Vakionimet,1
Satelliittihöpinöihin,1
Tekstintuottamiskoe,1
Alistumiskoe,1
Avasikaan,1
Valioaineissa,1
Kapakkapöydän,1
Tuhonvimmaansa,1
Lähimmäsillä,1
Hydrostaattista,1
Bioimpedanssileluilla,1
Ihopoimupihdeillä,1
Taustaolettamuksilla,1
Animejynkkyä,1
Insestifantasioita,1
Urheilutapahtumalle,1
Akjournals,1
Mating_preferences,1
Pmc3546926,1
Lähdettäisikään,1
Kirjavataustaista,1
Viristää,1
Auttavapuhelin,1
Siaraalahoitoon,1
Mölykoneiksi,1
Määrielmän,1
Sumplattua,1
Minimikapasiteettin,1
Suvutauteihin,1
Sivutauteja,1
Rokoitteista,1
Isäntäkaupungit,1
National_anthem_sung,1
Mopoporukassa,1
Kohdetoiveeksi,1
Vaihtoakustoa,1
Edgymeemuilua,1
Syrjäänjääviä,1
Kouluampumismeeni,1
Treenitunnit,1
Sukupuolityypillisiä,1
Siveellisyyskäsitykset,1
Dikitkin,1
Kehopositiivisuuspakotuksessa,1
Kunnonsa,1
Basehyppääjälle,1
Neomarxismikommunismia,1
Kulttuuriteokseen,1
Kritisoimallakin,1
Mallasseppiä,1
Täystehonen,1
__sinulle__,1
Kardashieneihin,1
Rintasyöpätoipujille,1
Diagnostiikkaohjelma,1
Bundesministerium,1
Umwelt,1
Naturschutz,1
Reaktorsicherheit,1
Taszka,1
Domergue,1
Mehlhart,1
Jul2021,1
Nmc532,1
Painonnostoliikkeitä,1
Yhteistuloksensa,1
Voimalajia,1
Jinbeihin,1
Tuliaiksi,1
スオミ,1
Teollistumattomien,1
Unionii,1
Terveydeltänsä,1
Konkarikommarilta,1
Public_good_,1
Mallassepät,1
Mallaskoskeen,1
Brewingilla,1
Korjauspyrkimys,1
Vitsimuotoinen,1
Suollettuna,1
Valmislihaliemikuution,1
Valmismausteita,1
Elintarviketeollisuuskaan,1
Koodikammoisena,1
E334,1
Valmistusprosessilla,1
Kortisonistakin,1
Resiliteettiä,1
Pienyrittäminenkin,1
Päivittäimisen,1
Progressiiviesti,1
Yrittäjyysalustat,1
Pääomankeruuvaihtoehdoiksi,1
Hennilöstä,1
Vitusperäinen,1
Bakteeritartunnan,1
Lieysomalle,1
Kausipiikkejä,1
Koronapiikkiäkään,1
Kutkkukipu,1
Jalkapallotapahtumaa,1
Perusvitsiformaatissa,1
Urheilupesevälle,1
Autokratialle,1
Coolheadiltä,1
Mallassepiltä,1
Linjastossaan,1
Kesäpäiväksi,1
Nilkko,1
Sessioipa,1
Karviaissouri,1
Motueka,1
Kummatkaa,1
Sivityneeseen,1
A8s_sorel,1
Avaruuslaaserilla,1
Jytämusa,1
Saxit,1
Hyötyvektorihan,1
Arvonlisäverotettavan,1
Lipputuloineen,1
Sponsorituloineen,1
Diakoniatyöntekijää,1
Vaiklapa,1
Järjeatelmiin,1
Kolmansilel,1
Etkon,1
Verotukivirityksiä,1
Sähköhäristimiä,1
Kaupunginjohtajavaaliin,1
Ea36411b,1
Ddfb,1
Dbbf5fa1e501,1
Videopelejään,1
Enteelliset,1
Relevent,1
Moikkailuista,1
De3744ca,1
Überrikkailla,1
Kisaisännyyttä,1
Oheistuloja,1
Ravintolaopas_2018_web,1
Kannattavuuslaskelmasta,1
Päivälaskutustarve,1
Lounasmyyntiä,1
Seurueellesi,1
Nykymenetelmät,1
Nykyrakentajat,1
Nelihinnoista,1
Futishan,1
Kokonaisstatistiikkaa,1
19_a_e_fi,1
Korruptoitumattomasti,1
Holokaustivitsit,1
Akisirkesalo,1
Snadinadi,1
Merkkasitko,1
Maahanmuuttopalstoja,1
Suomimeemupalstasta,1
Maahanmuuttofoorumin,1
Kairattukin,1
Takaisinmaksuvaateen,1
Lapsiansakaan,1
Edesehkäistävissä,1
Päihdepsykiatriatrisessa,1
Päihdepsykiatriaa,1
Työnantajallle,1
Sunnuntaivapailla,1
Juuxd,1
Kivihiiliesimerkkiä,1
Mistes,1
817b5fe8,1
Fb860b6b3603,1
Torniolaisella,1
Suosikkilajin,1
Kisatapahtuma,1
Herätyskommentteja,1
Raxeissakin,1
Kavereittan,1
Burgereistakin,1
Slaisissin,1
Olymppiastadionille,1
Lentokenttävirkailijalla,1
Alanuolitin,1
Snickerssit,1
Epäfaktuaaliseksi,1
Lukijakritiikki,1
The_history_of_underclothes,1
Undergarments,1
Edwardian,1
Cunningtons,1
Symbolized,1
Rääpi,1
Broadblogs,1
Intojen,1
Tarkoittamissasi,1
Jäävuorille,1
Olumppiastadion,1
Pulskalta,1
Liikalihavalta,1
Hoikilta,1
Kulttuurikisoille,1
Supertankkereilla,1
Pmc4062022,1
Kommunistivaltiossakin,1
00b84308,1
6e6a,1
4d7a98872ce4,1
Rokotteennaiheuttamiin,1
Kudosreaktiot,1
Jäykkäkouristusrokotteella,1
Papilloomaa,1
Keuhkoterveyttä,1
Vihalehdyköitä,1
Kasleriin,1
Roiskeläppiinkään,1
Karjalainentoteaa,1
Kestoikäon,1
000kilometriä,1
Onkaikilla,1
000kilometriäkin,1
Käyttöikäarvio,1
Taulukkoeditoria,1
Lounasetuisen,1
Superpituutensa,1
Futiskaan,1
Hiraganassa,1
Energiajuomatkaan,1
Vaaliargumentti,1
Stadionillekin,1
Uudelleenajatella,1
Hyväkatteiselle,1
Jäykistetään,1
Astevuosien,1
Työvoimasäätelyjen,1
Haukkumuninen,1
Pommipoika,1
Jysäytettäväksi,1
Psykoosityöryhmästä,1
Riippuvuusvastaanotolle,1
Moisiosta,1
Sonnisaarelaiset,1
Omnaisuudet,1
Utte,1
Satunnaiserillä,1
Fukaura,1
Aomori,1
Naie,1
Niiza,1
Shimane,1
Ystavyyskunnat,1
Valvontayhteiskuntakaan,1
Louskuttajalla,1
Ruvaa,1
Rasvaprosentiksi,1
Kremlbottimaiselta,1
L3cilyu,1
Kokonaispalkki,1
Katsojamäärätkin,1
O0gdsk,1
Perheellistymisest,1
A4_haaveileva_mies_osallistu,1
Vitsijätti,1
Kokopäiväisikis,1
Raaksoaaa,1
Kukkuraa,1
Normaalipainosenakin,1
Cvl5iok,1
Ammparin,1
Ravintolakusetuksissa,1
Islampositiivisuutta,1
Nelitahtimopoilla,1
Hitleriaanisen,1
Vajaaälyllisinä,1
Huonostikasvatettujen,1
Tuholaisensa,1
Leikkivermeet,1
Rasvamaksaton,1
Rasvamaksallinen,1
Opettajaystävältäni,1
Japanilaislapsien,1
Patriotsissa,1
Oikeistokriittistä,1
Viuhoi,1
Havainta,1
S9o4yhxbcfe,1
Kaasuttelijat,1
Microlino,1
Tuomitsemattomuutta,1
Gsitduo8wss,1
Jäätelöist,1
Rankoinkin,1
Ruttoepidemian,1
Great_plague_of_marseille,1
Zoekin,1
Sähköpotkulaidoissa,1
Futanari,1
Voissaanoo,1
Sivustakärsijä,1
Vuodatettujen,1
Itkupotkuparkukommenttien,1
Syytelläänkin,1
Hätänumerokynnyksellä,1
Positiivella,1
Futisliiga,1
Lainakypärät,1
Vasemmistolaisiinkin,1
Ilmasiltoja,1
Risteävyyttä,1
Japanilaisautojen,1
Kuumalähdekylpemiselle,1
Vuokrakypärän,1
2397e,1
Fundementalistisemmallekkin,1
Koloniolismia,1
Kaatumisalttiimpia,1
Jarrutettavia,1
Temppuillen,1
Moisistasynneistä,1
Kaupankäyntimahdollisuuksia,1
Kansanmurhaimperiumin,1
Palmyöljytislettä,1
Rikesakkouudistuksissa,1
Näyttäisisuomalaiset,1
09cm,1
03cm,1
Tankojuopoksi,1
Pervoteorialle,1
Siietokuntalaiset,1
Futisrunkkarit,1
Austenilta,1
Aivotoimintahäiriön,1
Muurutvirran,1
Drummor,1
Perättömiksikin,1
Vesiliikuntavälineille,1
Laskuvarjohyppääjille,1
Mugi,1
Caritan,1
Onnettomuusvaaraa,1
Valioteksteihin,1
Säilykehernekeittoa,1
Megabuumia,1
Lätkävoitosta,1
Nationalisuuksien,1
Wsbtv,1
O5gsyb4cnvgs5m36l7mxuvgwk4,1
Kaupunkiskootterin,1
Raaksoa,1
Kykkyraa,1
Puuvillakauppa,1
Kolkuttavalle,1
Parisuhdejutuissa,1
Pariutumisjutussa,1
Kultsusta,1
Chewitsii,1
Wethers,1
Shastana,1
Arvioaika,1
Ängerretä,1
エレベーター,1
Erebeetaa,1
パソコン,1
ムーットマットマナ,1
Dehumanizes,1
Tuontyyppisesti,1
Pyöräilymaiksi,1
Ökyomaisuuden,1
Tekoälypuoluetta,1
Ruokalähettejäkin,1
Tuuputtamaan,1
Dd2g9l971bg,1
Market_socialism,1
Ystäväkaupunki,1
Fiiting,1
Furiganojen,1
Graet,1
Rauhanmuurin,1
Vastasitkaan,1
Jälkitarkastuksia,1
Kuviosi,1
Satasesi,1
Käyttörahani,1
Searchata,1
Kirkasotsaisimmat,1
Palmyöljyplantaasien,1
Hyytelökarkkeja,1
Wyclef,1
Kulttuurisidosten,1
Pyöräpoliisi,1
Nopeustajoitetun,1
Allokointikysymys,1
Tankojuoppotapauksessa,1
Preppiä,1
Toteamasaa,1
Piirrustustaidoista,1
Sahamiehillä,1
Vaahtokarkkipizzalle,1
Superhajautettu,1
Brewingiksi,1
Wargamers,1
Paasonaa,1
Komupuutaa,1
Pasokoniksi,1
Lusikoinesi,1
Kesäduunienkin,1
Työelämärelevantti,1
Kansislaisia,1
Totaalisössiminen,1
Bakua,1
Kisakaupungiksi,1
Matkojenkin,1
Kotietuongelmat,1
Äärikikkailulla,1
Polkupyöräilylle,1
Jorinoihisi,1
Mielenkiinnota,1
Nousuta,1
Suulaamman,1
Pelastaminenko,1
Mitätä,1
Pienemmisä,1
Atoz,1
Arvostelluimmista,1
Puhdistautuu,1
Kosmetiikkateollisuuttakin,1
Nettigigolot,1
Ummikkous,1
Sporttimersun,1
Meikkasinkin,1
Alatyylejä,1
Hedelmäisenä,1
Mehumaisena,1
Doomrider,1
Dugges,1
Paahteiselta,1
Suklaiselta,1
Kahviselta,1
Jälkiruokamaiset,1
Pastrystoutit,1
Jälkiruokamaisesti,1
Oreokekseillä,1
Oluthommasta,1
Valikoimallakin,1
Lmepi,1
Euroihmeessä,1
Alekk01klajfxxuanwrr4swlha9nql9dta,1
2ahukewjkiyeju_fxahwi,1
Yokhxmmahgq_auoaxoecaiqaw,1
Purkauduttuakin,1
Wb80npq,1
Raxilla,1
Mättöpaikan,1
Pienpanimohinnoilla,1
Turkkilaiskepsu,1
Tankojuoppoihin,1
Pyöräly,1
Tankojuoppojen,1
Vihalehdykkä,1
Etkolle,1
Maistilalle,1
Instrumentally,1
Kuppikokoon,1
Herkulesmaista,1
Campino,1
Kyrpääsikö,1
Döneristäkin,1
Samuraikulttuurista,1
Kokojotain,1
Nzxamyl,1
Skeittilaiudat,1
Väittelyhomma,1
Rasvalenkkarit,1
Laskentatoimia,1
Pääaineneena,1
Yliopisotutkinto,1
Demoralisointiyritys,1
Seurantahärpäke,1
Choppiness,1
Mangalta,1
Narrattiiveja,1
Historiapohjainen,1
Tissiprotestoijista,1
Feministiveteraaneja,1
Kimppakkydiksi,1
931650_in_western_european_fashion,1
931700_in_western_european_fashion,1
Eksihibitionismi,1
Kerrattavaksi,1
Jatkokehittelet,1
Isestään,1
Omaisuudenjakoon,1
Henkivakuutuskuntoon,1
Perintoasioihin,1
Pedonallen,1
Vaalirahasotkujakin,1
Salmiakkijäynän,1
Ujoudellaan,1
Noloontumisen,1
Naaurettavana,1
Googkettamalla,1
Multimediafiles,1
Officialdocument,1
Uefaorg,1
2463061_download,1
Katsojakapasiteeteistä,1
List_of_stadiums_in_the_nordic_countries_by_capacity,1
Vipuvarella,1
Kyykytettäis,1
Lahtarimarssi,1
Slaughterer,1
Architebal,1
_arch_getty,1
Research_and_ideas,1
680243af24da33f9e1b63d31ac8c82ef,1
Rakennustyömaathan,1
Korjausurakoissa,1
Kyljväjien,1
Uskomatotanta,1
Katteltuaan,1
Jareslav,1
Kuormittavuusseikkoihin,1
Kerskailevaan,1
Raivoripulikohtauksen,1
Työharjottelijat,1
Suolakurkkukuutiot,1
5vybg8qdimi,1
Suoduin,1
Julkaisina,1
Toppenilla,1
Medvind,1
Motvind,1
Eeville,1
Pariutumispeliä,1
Kevytliikennekeskustelusta,1
Saunomiskulttuurin,1
Ehotteleva,1
Tarvot,1
Jkuy6p,1
Based_based_on_what,1
Moikkailtii,1
Vaihdettiinki,1
Egoisteista,1
Journaliststoo,1
Pakkoparisuhdetta,1
Iisimmän,1
Yhteistentulojen,1
Poutakelit,1
Suomivierailu,1
Hallinomistajille,1
Johtohahmoillakin,1
0ph,1
T8mile,1
Monopolisesti,1
Ihkuhaleja,1
Highschools,1
Bookseries,1
A4e40ebdc3e371adff845072e1c73f37,1
W2qtqc_875940_0,1
5hc5u0,1
Ichiba,1
Aatelissuvuille,1
Amiraaleiksi,1
Ettäbmikään,1
Rajaylityksessä,1
Perämetsäläisillä,1
Valioaineina,1
Suomalaisfani,1
Lössinsä,1
Perusrakennuspalikka,1
Laitaoikeistopiirit,1
Markkinliberaalia,1
Patronyymeinä,1
Tawastsjärna,1
Rälssitilallisia,1
Hyötyäksen,1
Simpittää,1
Suhteisuus,1
Typyli,1
Materialization,1
Rakantaneet,1
Tveriläisiltä,1
Kysyenet,1
Gööteiltä,1
Hevostilalliset,1
Kutsuntalakot,1
Siemennestetippaakin,1
Äkkiyllätyksenä,1
Lomavarusteissaan,1
Halmdocka,1
Pyyhityistä,1
Oikeallepyyhkimissuhde,1
Palohaavoille,1
Hymyileminenkin,1
Litkiviltä,1
Matkaavaan,1
Tavaravaunuun,1
Parempaanki,1
Konservatisuutta,1
Bagille,1
Vaayivuus,1
Ajoluvallisiksi,1
Vakuutusvaatimukset,1
Kuolonkapina,1
Suorasyöttöhäpeää,1
Tsuubiduubiduubia,1
Pizzabuffaa,1
Katumusharjotukset,1
Yhteiskäyttökypärät,1
Laboratorioihinsa,1
Sukupuolisiveyteen,1
Siveellisyysnormit,1
Monivammaisen,1
Siirtoistuttaa,1
Nännijutut,1
Imettämisestäkään,1
Siveysnormeista,1
Vku5oc2d0hc,1
Pehmytkudosvammat,1
Pitkäön,1
Ryökäleiden,1
Vekaaneja,1
Luuloisia,1
Selvitämättä,1
Syntyperälle,1
Josephbernstein,1
Giellagas,1
Lieväoireisuus,1
Tartunnansaaneen,1
Kosteudessakin,1
Leviämismekanismin,1
Lastenohjelmasketsien,1
Kaivelujen,1
Neljännessadan,1
Oikeuttakaa,1
Orkesterireissulla,1
Koronastestistä,1
Swaippailisivat,1
Epänirsosti,1
Oikeallemenoprosenttia,1
Eevillä,1
Millimunia,1
Savukepit,1
Syykö,1
Pitkänsitkeydellä,1
Mediaanimäärä,1
64f8b28,1
840x473,1
2fc8,1
2fd1,1
2f2b5e5424571280d0dfda82da25eb,1
Pedofiiliseltä,1
Etude,1
Xmwapghgeug,1
Jäätelöäkö,1
Opettajaneiti,1
Seurustelemattomana,1
Suhdemielessä,1
Ihmisestå,1
Matals,1
Valtionkapitalismista,1
Liikenteekin,1
Ilmiantontokulttuuri,1
Lomauttaiskohan,1
Hitoksi,1
Asennevinoumassakaan,1
Treffiehdotukselle,1
Juttelustakin,1
Nuorekkaammissa,1
Soittajinakin,1
Selväpäisempi,1
Prykmasterin,1
Sulkaalle,1
Simolakin,1
Kielenkäytössäkin,1
The_crew,1
Gtff3d,1
Theres_something_about_this_creating_liveries,1
Wannabesuhde,1
Nettideittisovellusta,1
Kisaisännille,1
Kisaisännistä,1
Rähjäseltä,1
Nokkakin,1
Hunterina,1
Tervapaaskyt,1
Nykypuitteilla,1
Kiitolaukka,1
Hevosen_askellaji,1
Perimysoikeuteen,1
Saksalaisperäisiä,1
Kansallisvaltiorajoja,1
Yhtenäisvaltiot,1
Privilegeillä,1
Perheenjästenten,1
Geenijätteestä,1
Kymmeniset,1
Suhteentynkää,1
Höppölööröö,1
Kauppasaarra,1
Sausit,1
Jenkkilibertaarit,1
Acton_institute,1
Pakovalmiuttaan,1
Laukkaamalla,1
Hevostieto,1
Laumaelain,1
Työpaikkavarmuus,1
Ratinanniemen,1
Desinfiointipisteitä,1
Taiteilijajärjestö,1
Kuvakeskeisyys,1
Catfishaamisesta,1
Ännnnntinen,1
Hô,1
Sissiryhmille,1
Työväentaloihin,1
F22a8512,1
9bfb,1
F161c5f7bece,1
Aakkostuksesta,1
Nimimerkiillä,1
Swipeaamassa,1
Parittuisivat,1
Downstreamissa,1
Länkkärituotteissa,1
Nutkuhyllyllä,1
Hangrynä,1
Juttelumielessä,1
Kiinnostavaakaan,1
Höpöttäjän,1
Julituksia,1
Reaktorittyypin,1
Pintaliitopirkoilta,1
Kiljupunkkareille,1
Oletuskuvaksi,1
Helluntaille,1
Silittelemiseen,1
Rahtiraiteita,1
Urbaaniseikkailijaan,1
Lahjakkaillekaan,1
Desibelirajoitus,1
Liivipoikien,1
Totaalikontrolli,1
Solvattiinn,1
Aivovammoistahan,1
Rippumatonta,1
Vaanannetaan,1
Tupakkikasvin,1
Bloom_botanics,1
26c5e6142f61,1
Kantsunkaan,1
Kaupanhyllytupakkihan,1
Aaaaaikas,1
Perunakuva,1
Siipinmieheksi,1
Loistokikka,1
Selvittellyyn,1
Oimaishoidon,1
Perusprofiili,1
Naistenpöytään,1
Nahkakegät,1
Tukikaverin,1
Vaatetukseltaan,1
Verkkahousuista,1
Höyryttimeen,1
Nikotiinikickit,1
Linjanvedoin,1
Hevikapakkaa,1
Groupieita,1
Kävylle,1
Viikkotuntiselvitykset,1
Onnittelupuhelu,1
Laillistaakaan,1
Kuvapainotteisessa,1
606d835e99742000014749f2,1
Kronismin,1
Marxiinkin,1
Wojakkeihin,1
Pelikavereitten,1
Perusrikollisuuteen,1
Uutisnalyytikon,1
Islamistisiiveksi,1
Neukkuliitosta,1
Ylijäämäosan,1
Nepsyongelmainen,1
Satalitraa,1
Niksapotkun,1
Onglemaahan,1
Kuluttajasektoriin,1
Jätepohjaisten,1
Ruokapohjaisten,1
Suuntautuneempi,1
Kyborgeiksi,1
Sortamisvapaan,1
Virkamiesluokkaa,1
Suomalaistamistoimenpiteisiin,1
Henkosiin,1
Dippadaapaa,1
Hankintapaperit,1
Kilpailutuspapereita,1
Rakentaaksen,1
Päihteidenkäytöstäs,1
75y7a1,1
Keikkajärkkärien,1
Skenstä,1
Ennakkovarmistelu,1
Vapoteltava,1
Röökelöstä,1
Tetoimiston,1
Työpaikkasen,1
Postiliuukun,1
Ruuminrakennetta,1
Alilupaa,1
Retusoivat,1
Lypsettävän,1
Tinderchatti,1
Mieskäyttäjään,1
Esittelytekstittömät,1
Emojiesittelyoksennusteksti,1
Turvallisuuskultturissa,1
Ryöstöraiskanneet,1
Appelbeum,1
Raakiksia,1
Keikkailevien,1
Adrenaliinihuuruista,1
Alayhteisönsä,1
Valtapäihteenä,1
Musiikkialakulttuurien,1
Maistin,1
Pappamallit,1
Värikkäätki,1
Biottomat,1
Kuvamachoilijat,1
_dsc0011,1
Bubiruusuja,1
Hippaloissa,1
Stemissäkin,1
Historiakäsitykset,1
Historiantuntijoita,1
Opintoajathan,1
Qanoilu,1
Vapetushype,1
Vapetuskamoja,1
5xm5ws,1
Enablereille,1
Banishissasivat,1
Farmstedeiltä,1
Countryssä,1
Murderoivat,1
Tulososuuden,1
Biottomia,1
Deittaillakkaan,1
Karnivalismi,1
Carnivalesque,1
Seurusteluhistoriassa,1
Rheilija,1
Revananttia,1
Arubanmatkalla,1
Napsittuihin,1
Sauraanhoitajana,1
Työnsisällölliseen,1
Ammattikohtaiseen,1
Herzogilla,1
Porvon,1
Vertauskuvauksi,1
Kirkonraunioita,1
Yhtenäisverotusaluetta,1
Luokkasiirtymiä,1
Punapillöröity,1
Perunamalli,1
Kaikuluotaimella,1
Multipliklaatiolaskut,1
Suosikkit,1
Ylituttavallinen,1
Radiochemical,1
Parametres,1
Alkuperäisdokumentit,1
Riksarkivetin,1
Henkilösuhteisiin,1
Yksityisarkistoissa,1
Kannattaijaan,1
Ramaphose,1
Kaiketin,1
Tervapaaskyn,1
Pesista,1
Karistysuuneja,1
Tupakkavermeitä,1
Metelikeikka,1
Kansakäsitys,1
Tapailukokemuksellani,1
L8p30,1
L8p32,1
Tankojuoppoa,1
Huoltoseisakkiin,1
Aikens,1
Cinched,1
Normiröökaajat,1
Oääskynen,1
Niksakoukko,1
Yksityiskoulunsa,1
Manikyroidussa,1
Kultakalamaljassa,1
Trollitekstit,1
Tankkirekat,1
Transuotila,1
Otilalle,1
Loppusäilytyksen,1
Erottamamattomana,1
Talousmatematiikalla,1
Nollasäästöt,1
Teoreettikkona,1
Kehittyän,1
Taovin,1
Kropanhallinnalla,1
Vjqqkip,1
Lriin,1
9ea8765a2019ac19a3476f103e9d19ad,1
G2lc1dd,1
Verotuille,1
20minnesota,1
_ext,1
Eiqpflu8nhw1r0ax8s,1
3wplpvsa5flu8nhw1r0bb8s,1
3wplpvsa,1
Kirjotuksestasi,1
Notkahdettuaan,1
Otsikkolista,1
Aineistoksesi,1
Monisuorittamista,1
Monisuorittamisesta,1
Huijarivibat,1
Löyttäydytään,1
Nyyhks,1
Urheilukaverit,1
Kioskiryöstöä,1
Lentoautokuskeja,1
Telonutta,1
Transbros,1
Masokismipornoa,1
Dipattavana,1
Lempikasvikseni,1
Paistoksissa,1
Lempparinani,1
Ohutreunaisimmat,1
Savoryspin,1
Epäperustettu,1
Tilastokoneesi,1
Kikille,1
Tt0119051,1
Tt1601913,1
Salibandytapahtuma,1
Rahavitsi,1
Rwqkaus,1
Puolivuosikin,1
Zsalp1b,1
2016q4,1
2018q2,1
2020q3,1
Transsukupyoliset,1
Pantavina,1
Tahallisuusarvioinnin,1
Sivukeikkana,1
Normityönantajat,1
Määräysvaltaisessa,1
Raahakin,1
Karkotettaispa,1
Mallimuijat,1
Turistisaaria,1
Suomalaiskohde,1
Suosiossamme,1
Yksipuolisempana,1
Suhdekuvioihin,1
Ryöstöraiskauksista,1
Öyhäti,1
Helsinkiläisjoukkueen,1
Ulkomaalaispelaajista,1
Nanomolin,1
Uhrikokemuksetkaan,1
Roudatiin,1
Tankkirekkafirmoja,1
Määriteämät,1
Keskitypä,1
Perimäänkään,1
Implikoiman,1
Paikkaustyöt,1
Mielipidepösilöitä,1
Transuotilan,1
Sailioautot,1
35ee83fa,1
D21e,1
B10a,1
676905e749e8,1
Hinti,1
Vihjeetöntä,1
Työttömyyskorvauksiltakin,1
Reisitaskupersu,1
Kirveenki,1
Ryöstöraiskausista,1
Pikkuvoimalasta,1
Tshernobylejä,1
Suomistumus18,1
Jormeli,1
Pulssinlyömällä,1
Turvasanaani,1
Jaostomme,1
Poikkeuslakioikeuksin,1
Yökerhoilta,1
Elämänvaiheeksi,1
Länkkärituotteita,1
Pustin,1
Investointipäätöksissään,1
Hampurilaispilvi,1
Oikkial,1
Funteerannu,1
Vaarallisuusluokkaan,1
Syöpävaarallisuuttakaan,1
Yksipuolisilta,1
Tekstimuotona,1
Operaaiota,1
Qrrnvqo49u8,1
Itketät,1
Onnellisuudestakin,1
Trexillä,1
Maollakin,1
Uhrikokemuskysely,1
Merkistöasetukset,1
Kieliasetuksena,1
Koronalainasta,1
Räkäliman,1
Irrallaankaan,1
Glyseroleista,1
Sankebetsu_brown_bear_incident,1
Rrrheilija,1
Todennäköisyystahallisuudella,1
Kehäargumenttia,1
Kabineettipolitiikka,1
Suomalaistamalla,1
Erillishistoriana,1
Omallekuvallemme,1
Montulta,1
Palmuöljyvapaata,1
Ihalijoita,1
Lausuttaen,1
Syrjiäkään,1
Mannermaasulkemaan,1
Vähälukuisesta,1
Hallitsijanvakuutuksen,1
Kenraalikuvernöraatin,1
Teollisuustuotteille,1
Säätyvallan,1
Poliisivaltiomaisempia,1
Väitöskirjamainen,1
Töipaikat,1
Muodostettakoon,1
Skenekohtaisesti,1
Mölyisen,1
Hankaluuksii,1
Testosteronipituisuus,1
Hormihoitoja,1
Sukjpuolittuneiden,1
Imijöitten,1
_kaverit,1
Voimailulaji,1
Odottamaam,1
Realisoimisessa,1
Transitioimattomille,1
Hormoniblokkerihoitoja,1
Blokkerihoidoista,1
Transperheet,1
Transperheiden,1
Detransitioijat,1
Paluumuuttajatkin,1
Dysforiset,1
Luustorakennetta,1
Ögalla,1
Nuoruudenkokemustaan,1
J5or4zru1zm,1
Mielivihannes,1
Lähetyssaarnausta,1
Powersuittia,1
Keijokaarisateeseen,1
Amerikanpsykoa,1
Social_history,1
New_social_history_movement,1
Lähikuukauden,1
Keijokaarisateet,1
Korjauspalstoja,1
Saiminuthymyilemaan,1
Pjääkhauphuginsheudulla,1
Tuotteesa,1
Valasasiakkaiden,1
Reaktorikemian,1
Mewannu,1
Slitti,1
Tuijotuksessa,1
Minoxii,1
Valekorot,1
Jelqqaan,1
Coachattiin,1
Perseit,1
Minimimiehistövaatimus,1
Naisnostajia,1
Löydettyinä,1
Levinneisyysalueista,1
Urheilijadiiva,1
Nykyautotkin,1
2fbucketeer,1
E05bbc84,1
Baa3,1
Adb32be77984,1
2f4eb3d7d3,1
F730,1
Afb0,1
92fdb5f7755e_849x490,1
Kiintiömielensäpahoittaja,1
Yksityisautolobbareiden,1
Naisistoisia,1
Muunsukupuolistoisia,1
Sellattet,1
Opintosuunnitteljalta,1
Pääainejutusta,1
Enemlistöllä,1
Geenimutaatioista,1
Prosessimunaus,1
Valikoivampikaan,1
Valikoijan,1
Julkaispäivänä,1
Kenttääkin,1
Remedyläisten,1
Sukupuolipoikkeavuudet,1
Paimensivat,1
Pitkäluiset,1
Pitkäluinen,1
Lyhytluisten,1
Naispainonnostajaan,1
Mieshormonicocktailin,1
Tunnistushommiin,1
Pcgamingwikistä,1
Alusvaatteiksi,1
Sähköpyörätuolisalibandyä,1
Hulluudenmääritelmän,1
Mötorhead,1
Diggarinakin,1
Tsernobyliähän,1
Juomasuositus,1
Seltzerille,1
Pallinpuristimet,1
Turvatiloi,1
Kompetenssii,1
Intiimisuhteisiimme,1
Rakastajamme,1
Laukeamme,1
Äärioikeistoryhmälle,1
Kyseeenalaiselta,1
Irtisanoma,1
Rikoshistoriatietoja,1
Kiikaritähtäimensä,1
Hävitettäviä,1
Pituushyppyssä,1
Kaverinihan,1
Mixuk,1
Kentäntekotutoriaalin,1
Persupatriarkaattia,1
Ripasen,1
Podetaa,1
Pilviburgerin,1
Habsburgeihin,1
Ptolemaioksiin,1
Munanvalkuaisbratwurstien,1
Vegetarisoida,1
Salaliiitto,1
Analytsiä,1
Thllälle,1
Kepapu,1
Vegenakkien,1
Vegenakkivaihtoehtoa,1
Rasvahapposysteemiin,1
Pihakutsut,1
Pilviburgeria,1
Arkistoleima,1
Yksityiskohtais,1
Todennäkäisenä,1
Imeon,1
Kristillistenkin,1
Röökinesteisiin,1
Vitusto,1
Pelisuunittelu,1
Aigmented,1
Homeeseenkaan,1
Kakkososio,1
Huumekeisarin,1
Kuvastumaan,1
Kaasunaamarifetisistien,1
Kaasunaamareissaan,1
Halveksumasta,1
Pääkallopailalla,1
Rokotetuiden,1
Näytteenantajalta,1
Massahaulla,1
Diagnoosikoodeittain,1
V7vtly4,1
Tunnistustilanteisiin,1
Envaa,1
Kirjittaa,1
Pyhäpuvun,1
Kakkkuloista,1
Tarvikelistan,1
Priiffissä,1
Cbcid2gtax0,1
Lagunitasin,1
Lagunitasta,1
Helvetillis,1
Kansantaloustieteellä,1
Kansantaloustieteella,1
Otsamolla,1
Päivätupaan,1
Tapaturmapoleilla,1
Huoltoreiteiksi,1
Sammyn,1
Toisssijaista,1
Donaldus,1
Trumpus,1
Mäknificentti,1
Libraalien,1
Viritysohjelmia,1
9035e,1
Tänäpistä,1
Skenä,1
Dutee_chand,1
Maria_josé_mart,1
Adnez,1
Patiño,1
Santhi_soundarajan,1
Ewa_kłobukowska,1
Erik_schinegger,1
Sex_verification_in_sports,1
Letsrun,1
Solvauskäytössä,1
Pintalukuisesti,1
Lopputulemanahan,1
Häirimään,1
Vangitsemiskeinoja,1
Omenaviinipohja,1
Battaatti,1
Kohtuutuloisena,1
Ruostetönö,1
Fuckylis,1
Satanalis,1
Olenninen,1
Puolikiireprojektit,1
Pikaviestiin,1
Tallikone,1
Pyhkäistä,1
Kasvihuoneprojektia,1
Korpitakapajula,1
Swipataan,1
Swippaamalla,1
Kuulanheittimellä,1
Yhteenmössäytynyttä,1
Kuusilammella,1
Omistuslaudoilla,1
Tuontantokausi,1
Flatoutille,1
Paynille,1
Virkistyttävistä,1
Räsynukkefysiikat,1
Wooshasinko,1
Kaupankäyntiverkostosta,1
Epätotuudenmukaista,1
Sepustuksiakin,1
Kompenssoin,1
Amiskoulustani,1
Sirpalevaikutus,1
Säikyttelemästä,1
Ihmismateriaalista,1
Kanarapuvarras,1
Yhdydvallat,1
Dokanut,1
Promilleiden,1
Kanelilörtsyjä,1
Uudelleenkirjoitukseksi,1
Talousverkostoja,1
Sokerimössöähän,1
Kaitaallekkin,1
Bissiä,1
Jaoler,1
Statusruokaa,1
Statusvapaata,1
Pilviburgeri,1
Ruostelevy,1
Kasvihuoneprojekti,1
Kinunu,1
Kasvailee,1
Xxlintu_was_in_bed_w,1
_ya_momxx,1
Hakutilannetta,1
Hyväksymisprosenttien,1
Jenkkikuplassaan,1
260op,1
Koepistekiintöistä,1
Lukioaikanaan,1
Sisäänpääsevät,1
Esivaatimuksilla,1
Intagramajassa,1
Statusnarkkeja,1
Keemikot,1
Isomeriasta,1
Huippujuoksijoille,1
Juoksulajista,1
Elektroniikkasuunnittelijoita,1
Puolivoltteihin,1
Pilkallisuuden,1
Transsukupuolisestakin,1
Paccu,1
Toucca,1
Säteilymäärää,1
Sushiani,1
Akkuraatisti,1
Granolamyslit,1
Katsuista,1
Kostiaiselta,1
Vaahterasiirappipullon,1
Griersonin,1
Kulttimainettakin,1
Viehättyneinä,1
Fiktioelokuvassa,1
Brašinskin,1
Munakoisosuosikkini,1
Miespainonnostajasta,1
Naisnostajaksi,1
Ainensosia,1
Miesnostajasta,1
Naisnostaja,1
9m2tdns95xw,1
Epämodernisti,1
Vaikeavammanen,1
Käännösjutulta,1
Ohjettakaan,1
Deitilleni,1
Vastalahjoille,1
Haarapääskyt,1
Valtavirtanarratiivi,1
Sushii,1
Aineosaluetteloon,1
Omenaviinissä,1
Tuoresushi,1
Ydinvoimafirmaa,1
Kuvantunnistuksia,1
Suhsit,1
Tinderinhä,1
Käyttäkohtaisesti,1
Jalkatappi,1
Käynnistysmis,1
Finmopo,1
Entisöityjen,1
Skootterivammat,1
Käyttäjäongelmasta,1
Ronkiskelet,1
Taistelutoiminnassa,1
Matkatoimistomaantieteelle,1
Lounasbuffasushi,1
Pätkäsuhteen,1
Finassitapahtuma,1
Finassipuolen,1
Ylitysmaahan,1
Tönästää,1
Akustiikkasuunnittelija,1
Worstbaijeri,1
Laitahyökkääjille,1
Okonomiyakimestoja,1
Korkeastatus,1
Taustaisuuden,1
Skumppalasillisia,1
Kurkkusalaattikuula,1
Ikuisuusmalli,1
Seinäelementeiksi,1
Paikalleenvalettuja,1
Patiorakenteen,1
Puutarhalaattoja,1
Hiekkapedillä,1
Ankkuripulteilla,1
Aaltokuvioitua,1
Seinäkehikoiden,1
Kakkoskakkosta,1
Vanerilapuilla,1
Hakasnaulaimella,1
Seinäpystyt,1
Alumiinikehikoiden,1
Päätyprofiili,1
Pikagooglatussa,1
Sanus,1
Vaakalautaan,1
Rakennusmuovia,1
Puuosilta,1
Laastipaljut,1
Kasvatusaltaiden,1
Betonilaattalattian,1
Valulaatat,1
Kasvihuonekauden,1
140x120,1
Statusmoskaan,1
Rauniokirkon,1
Meikkigurujen,1
Jalkapallouutisia,1
Entisaikanakin,1
Lewikset,1
Huokeisiin,1
Nyrpistyä,1
Virheenäkään,1
Rannikkotykistössäkin,1
Risteilijään,1
Rangaistusmasiinan,1
Kastelukannullista,1
Päätyikkuna,1
Kasvimökin,1
Kierrätysvärkeistä,1
Aluslaatta,1
Huovanpala,1
Ankkuripultissa,1
Runkopuut,1
Laastipaljuja,1
Kompostoitavissa,1
Multapurkissa,1
Kasvatusmalliin,1
Betonilattiamalli,1
Vesiviljelyn,1
Okonomiyakeja,1
Sushinugeteiksi,1
Lempisekopääni,1
Ympäristödirektiiviä,1
Merkkivaatteeni,1
Joukkolynkkaukselta,1
Rakkainterveisin,1
Suomenpuolustusvoimat,1
Pizerioissa,1
Paikallispaikalla,1
Käyneeneen,1
Tipaksi,1
Kaupankäyntihän,1
Extratakuuta,1
Terassioluella,1
Ottoilmaputken,1
Metallisäleikköä,1
Sisääntulopuolelta,1
Ulostulopuolelle,1
Sisääntulopuolelle,1
Jeessinnäköinen,1
Rationalisaatiota,1
Sävytyksestä,1
Vauvamaitokorvikehommista,1
Ketjupaskallaan,1
Seitsenpäinen,1
Partateräkauppiasta,1
Vääristämisenä,1
Leveleinä,1
Epäröijä,1
Työkyvyttömyyseläkepäätösten,1
Statusleikkiä,1
Ylitiedostavn,1
Vieatissäsi,1
Kilpailunvastaisia,1
Ympäristövihamielisiä,1
Julkitranssukupuolinen,1
Bokotissa,1
Ilmanviilentäjällä,1
Lisäturvakusetukseen,1
Lomalentämisestä,1
Muotikrääsästä,1
Korjaamishoitoja,1
Uiguuripuuvillaan,1
Typistit,1
Insinööriporno,1
Kuukalenteria,1
Alkutuotteessa,1
Nettihämmästely,1
Ikäpoliittinen,1
Deittailukulttuuriltaan,1
Minkäläisia,1
Paralympialaisiinkaan,1
Olympiaanisten,1
Kromosomitesteissä,1
Sulauma,1
Puolustusvoimani,1
Menestymispotentiaalinsa,1
Uw1cjec,1
Gallerial,1
Teksisisältöä,1
350cc,1
Yamahansa,1
Ympäriajolle,1
Makimisokerimäärän,1
Jäätelöpakkauksessa,1
Syömiskertaan,1
Liittytkö,1
Toimistosalaatille,1
Epämulkkuja,1
Bändilogo,1
Pinost,1
Kinoaulan,1
Taustakirjoittajia,1
Sigantista,1
Merkkihuppari,1
Longinesia,1
Piraattitelevisioita,1
Okonomiyakia,1
Elintarviketietoasetuksessa,1
Makeuttavat,1
Lisätyksi,1
Hunajaksi,1
Näyttökerroilla,1
Kodinelektroniikkaliikettä,1
Vakionopeushiipijät,1
Perintätätoimistolta,1
Reportattavaa,1
Lukioateistilta,1
Pahoittelevaan,1
Annoskokopelleilyistä,1
Jäätelöpintit,1
Luottorahoituksia,1
Ostotiheys,1
Kledjuje,1
Rameeniin,1
Poliitikoltakin,1
Ferencz,1
Edustajinsa,1
Bamlasi,1
Siirtomaamäärittely,1
Itämaalla,1
Livlandilta,1
Uutettiin,1
Vatteita,1
Navelinas,1
Lisenssoinnille,1
Huumoriperformanssin,1
Fleksailuun,1
Taulle,1
Toimimismalli,1
Taulukkohinnat,1
Modeiltakin,1
Seremoneja,1
Filmilook,1
Eugeniikkasekoiluja,1
Nettipalstoista,1
Nykyajaista,1
Uuttamistarkoituksessa,1
Markkinatrollaus,1
Havuvyöhykkeellä,1
Autenttisilta,1
Voimafantasiapostauksilta,1
Kryptovaluuttakonsulttina,1
Sokeritomat,1
Pizzawoltteilulla,1
Itsenäistymällä,1
Mieliterveysongelmiin,1
Erirdfc,1
Lakiargumentointia,1
Skaalautuksi,1
Politiikkaesimerkkiäni,1
Persuteemaiseen,1
Tarjoomisesta,1
Paskamölymainoksia,1
Citymoukka,1
Ymmärrettävia,1
Valtionvallalle,1
Kthnxbye,1
Ompä,1
Inoittaa,1
Parisuhdevinkeillään,1
Aerosoliuhkia,1
Pohjavesiasian,1
Halpavaatemerkit,1
Guccii,1
Leppäliiteriä,1
Dressaamista,1
Jaotellaa,1
Ilmanvaihtokonehuoneeseen,1
Kannustintaan,1
Työmaarajoitukset,1
Liikenneturvakeskustelu,1
Paskajäykkyyden,1
Luontasella,1
Trendilajeja,1
Pariaatteesta,1
Fatbikeja,1
Kusiköyhälle,1
Väiteltyään,1
Humanistitohtoria,1
Harrastelemiseen,1
Toisku,1
Runokirjasi,1
Maikkaampaa,1
Oliwitko,1
Muumilisää,1
Menetätät,1
Niminoi,1
Luontokohteelle,1
Kokoomuspamppujen,1
Viesteissänne,1
Rajoitusalueeksi,1
Salaliittopaskasta,1
Siirtomaattomista,1
Kauppakäytäntöä,1
Erohon,1
Ohittakaas,1
Abelismia,1
Taustakilpi,1
Itseraportti,1
Bodykitit,1
1cdi,1
Kauppakorina,1
Vaatekeskusteluun,1
Parisuhdeneuvoihin,1
Hajamielisyyteen,1
Rikesakollinen,1
Luomupellavasta,1
Poistomynnistä,1
Huuhaatutkimuksilta,1
Dsc_7798_800x,1
Gigsut,1
Abilistista,1
Järkiintyivät,1
Monipolifirman,1
Zoomeriksi,1
Juksutuksen,1
Giganttikokemuksiin,1
Naisennäköisen,1
Aamukahviselailusta,1
Hippityty,1
Pettäjätkään,1
Tissityttö,1
Objektoi,1
Kullankaivuusfiilis,1
Pusukalahuulinen,1
Pyykkilautavatsainen,1
Bikinityttö,1
Ruskeasilmä,1
Vankumista,1
Luontakuvaprofiili,1
Tykätät,1
Populistiroskaa,1
Luuseriuttaa,1
Välistävetäjäfirmoja,1
Cropp,1
Pikamuotiketjuja,1
Norjalainenkaan,1
Lähipizzeriaani,1
Internettuntemattomat,1
Dixons,1
Carphone,1
Awilhelmsen,1
Ilmastotutkijaan,1
Itsekehuakin,1
Trollivaroitin,1
Mökkifanatismia,1
Roskelehdille,1
Työttömyyskorvauksiakin,1
Erisuuruisina,1
Treffisaiteilla,1
Säätyläisen,1
Norrlanti,1
Syyslomatonnista,1
Joulumiljoonasta,1
Realisointiryhmää,1
Hormonikorvaushoidoksi,1
Transfobiaanne,1
Katastrofiskenaariot,1
Pankkivirkailijassakaan,1
Purjehduskaan,1
Reparaatio,1
Hyöytynyt,1
Reparaatioiden,1
Kaistalemainen,1
Giganttimyyjää,1
Viikonloppulukemat,1
Kolonualismia,1
Turvallosuudests,1
Idioottiporukan,1
Verkkotilauspalveluntarjoaja,1
Verkkotarjoaja,1
Elisateliadna,1
Hampaankoloista,1
Kehuskelematta,1
Kinkyseksistä,1
Yhteiskuntaongelmia,1
Pajautuspajan,1
Kokonaisrokotekattavuudesta,1
Rokotepositiiviselle,1
Sairaalakuolemien,1
Rokotustapana,1
Vaihdilta,1
Toivoat,1
Alkupetäisen,1
Ruotsalaistanut,1
Murehdikaan,1
Ostavissa,1
Toronnon,1
Ylipönkittämistä,1
Iiteefirman,1
Yhdistäisä,1
Esikaupunkialueillakin,1
Esimerkkitapauksiakin,1
_tartunnoista_,1
_tartunnoilta_,1
_tartuntojen_,1
Aiaankuuluvalla,1
_vinci,1
_autoroutes,1
_foundation,1
_limiters,1
Pr_vinci_autoroutes_foundation_cruise_control_and_speed_limiters_impact_,1
Hovijuorutoimittajalle,1
Comppanyn,1
Võrun,1
Satunnaiskokeista,1
Hyllyjvenvälissä,1
Pakkaustehon,1
Viikkolehtiskeibasta,1
Kapitalisaatiota,1
Myyräkukkulalla,1
Pääomakseen,1
Ihastuspohjalta,1
Periferiallla,1
Höpöjuomaa,1
Erikoisvärin,1
Armeijavertaus,1
Jalankulkuteitäkään,1
Chatboxin,1
Heteropariskunnan,1
Mediadraamalla,1
Aktiivisimmatkin,1
Äänestäjämäärät,1
Vesirokkotilanne,1
Komediakauhussa,1
Generalistipaperit,1
Tuommosiakin,1
Purjehdusennakkoluuloa,1
Tinderointimenestys,1
Barbinuket,1
Antifleksi,1
Tivailtu,1
Servailujeni,1
Koronatuuletusvaatimukset,1
Tonöissä,1
Laboratoriorakennuksen,1
Laboratoriotöissä,1
Megakoisoilija,1
Saksankaupan,1
Vegeosastolta,1
Köppästä,1
Heikkonäköisellä,1
Valoisessa,1
Juorutiedon,1
Netflixkamasta,1
Rajotteinen,1
Terli,1
Laskutusfirmat,1
Ratkaiauja,1
Progeveron,1
Punkaharjun_valtionhotelli,1
Lätkäpelaajasta,1
Ylipistopudokasta,1
Tulospalkkausmallia,1
Metsänvartijanmaja,1
Hygieniatarkoituksiin,1
Tarkoutukseltaan,1
Uncertaintyn,1
Draamailijat,1
Kruunupuisto,1
Hurrikaita,1
Drengpoi,1
Skåånelaisia,1
Järkkyhintaisia,1
Avaruusgeometriassa,1
Aineskehä,1
Ulkovaippa,1
Vastuutoimittajan,1
Metakeskustelukommenttina,1
Kokoomusnillittämisestä,1
Sikaporsas,1
Sikaporsasman,1
Evätkää,1
Veblenin_hyödyke,1
Tyrkkypaska,1
Tavoittavin,1
Kamujesi,1
Selfieitään,1
Glämyyriä,1
Ouverläppää,1
Nuorisosarjan,1
Henkkiksen,1
Hammaskuorimassikeisari,1
Ghostaaminenkin,1
Lcb0lnrmfw4,1
Lukioesseitäkin,1
Perustuslakitrollaus,1
Sotilaspoliisiosasto,1
Piispanmunkeissa,1
Jokäpäiväsestä,1
Bannnitkin,1
Ilmastonmuutoksenkoeltäjät,1
Kylttejen,1
Ederseen,1
Jäännössokeriksi,1
Appelsiinimehutiiviste,1
Normaalitoimi,1
Mujia,1
Varoitusvärisiä,1
Ilmastokiihkoilijakaan,1
Tukivivut,1
Amislapulla,1
Kolonialistiriistäjänä,1
Piispajutut,1
Kiskurihintaisiksi,1
Perumisaikeesi,1
Ohjelmistoissaan,1
Myyntifunkkareiden,1
Myyntiputki,1
Prospektivaihe,1
Liidivaihe,1
Tarjousvaihe,1
Minipunkaharju,1
Amh2020964302769,1
Img_7808,1
Kallahdenniemestä,1
Ullistravelstudio,1
Kallahdenniemi_panorama,1
1226x0,1
Matchailla,1
Apupykälät,1
Lakiasioille,1
Paikkako,1
Uranaiskaverini,1
Prioritynä,1
Futuurimuodoissa,1
Hörhöohjelmaa,1
Umpikeskiluokkaisia,1
Hommapäissään,1
Opintotukihakemukseen,1
Lahjoitusmaitten,1
Iskeymiä,1
Koripallokengät,1
Vakuutusjärjestelmissä,1
Kolonialistiriistäjiä,1
Syöpäisyydellä,1
Höstettynä,1
Erikoisjääkäreilläkin,1
Systeemiyhtiöstä,1
Krossista,1
Svaippaamatta,1
Koronarokoteqanonhörhöksi,1
Kelpuuttanutkaan,1
Astrofyysikkobikinimallia,1
Kansalaisuusvelvollisuudelle,1
Hantimantit,1
Rikosasioihinhan,1
Astrofyysikkobikinmallin,1
Jalustaltasi,1
Yöpaidoilta,1
Ruumiinrakenteelleni,1
Secondhandinä,1
Sinähetkenä,1
Lukioesseetä,1
Qfd2zois6na,1
405s,1
Jätskipallo,1
Karhupeli,1
Niikutelee,1
Niikutteluun,1
Tinderiaikoina,1
Hamstraajahan,1
Napattiinkiin,1
Maitopropagandahan,1
Kieritelty,1
Maalaistyttöjen,1
Partneriaki,1
Takaatulevia,1
Infrastruktuurillisista,1
Viakeuksia,1
Televisiosarjakin,1
Handu_pumpulla,1
Swaippaukset,1
Ulkonäköarvioon,1
Ulkonäköarviota,1
5xz,1
Täytetermi,1
Semirauhallisia,1
Bilehileelle,1
Happiletkut,1
Mediumpihvejä,1
Mediummiinusta,1
Sivusanomalla,1
Cardinal_direction,1
Unique_,1
_names_of_intercardinal_directions,1
Aakkostuvat,1
Jugran,1
Sukukansoilla,1
Hesekesähessu,1
Muistussääntö,1
Verkkainenkin,1
Timantithan,1
Hantimanteille,1
Pidp446111120,1
Tuunnistaahan,1
Tinderiå,1
Catfishien,1
Tomaattikermakastikkeessa,1
Haukilampihan,1
Varttikilometriin,1
Purjehdulsesta,1
Sivistyksettömön,1
Takymetriä,1
Proptsit,1
Pikamuotipuljuja,1
Tässähön,1
Perusperheessä,1
Tarjouslenkkitossut,1
Integroituteet,1
Töllökanavilla,1
Kanavakarttoja,1
Oleminenki,1
Jokt,1
Kuormallisia,1
Svaippaisin,1
Noooope,1
Jäsennöimään,1
Gatheringistä,1
Rempaten,1
Papiskan,1
Hujakoillakin,1
Havaittavissakin,1
Itäkairasta,1
Palmuöljyy,1
Funnelin,1
Swaippelemaan,1
Taktiikkaani,1
Personaallisuutensa,1
Profiilinluontihetkellä,1
Menestysstrategiat,1
Manipulointikilpailulta,1
Kääsai,1
Legasovin,1
Videosotapeleihin,1
Kyenneitä,1
Ilmari_juutilainen,1
Siilimiehenä,1
Tietokirjallisuuspuoli,1
Shabushabu,1
Vaalimainonnastaan,1
Berliininmunkkina,1
Reumaperäinen,1
Ihmisainetta,1
Profiilitekstivaatimusta,1
J66bo5j,1
Kurkottajat,1
Veneilevänsä,1
Kryptohuijari,1
Ilmasevat,1
Böömiläisiä,1
Hippitaiteilijoita,1
Radiohiljasuus,1
Unmatchannu,1
Konepistoolitaistelun,1
Taisteluhan,1
Audie_murphy,1
Uusmerkitys,1
Sanakirjoihinkin,1
Digitoimista,1
Henricus,1
Tawaliset,1
Sananlascut,1
Flor1702_rdf,1
Romaanikäännöksissä,1
Viidenkolmatta,1
Mikkhän,1
Sahtuu,1
Pieäiti,1
Hommaajat,1
Ykkönönen,1
Säälittääpä,1
Sinkoilusi,1
Rajakahakoinnista,1
Girgisia,1
Girkisia,1
Kirkisia,1
Uuraanin,1
Koirateoria,1
Puujalkavitsimerkitys,1
Integroitumishaluisten,1
Flufferbunnie,1
Ravistelemasi,1
Sanakirjatasollakaan,1
Kbjw0y8u,1
Kolmekkymmentä,1
Kuusikkymmentä,1
Inveented,1
Suurlähetystystöjen,1
Tytötteleekin,1
Heikennykseksi,1
Sikidiöiden,1
Suunniteleville,1
Sikiöepämuodostumiin,1
Uniqlokin,1
Uiguuripuuvillatouhuissa,1
Hyhmäisimmätkin,1
Funnelimme,1
Kouluttautuneeksi,1
Hirvitykseenkin,1
Kireina,1
Ilusat,1
Nägin,1
Aznap,1
Gyönyörű,1
Àlmot,1
Làttam,1
Immunisolujen,1
Solukoneisto,1
Antigeeninä,1
Solumyrkyllinen,1
Endoteelisolujen,1
Circresaha,1
Ciab465,1
Ydinfuusioon,1
Näkyvät_,1
Nelosvaiheeseen,1
Teratogeenisiä,1
Turvallisuusskandaaleissa,1
Uhkakuvineni,1
Tiedemaailmakin,1
Alkuperäissarjoiksi,1
Roastailla,1
Ympyröineen,1
Kieliopetusvelvollisuudestaan,1
Kieltäosaavan,1
Kielikuplissaan,1
Monikulttuureissa,1
Kompastuksen,1
Aiurek,1
Valmisviestissä,1
Ääskynen,1
Ugrilaiskielisten,1
Geenimuuntelematon,1
Jnekertaisesti,1
Alkumenestyksestä,1
Arvostelustaan,1
Rokotevektori,1
923px,1
Feeld,1
21259833v1,1
Kolmenumeroisista,1
Filologogrammata,1
Hassakasta,1
Hässä,1
Häsy,1
Muodosteina,1
Vasemmistojengi,1
Troolaukset,1
Suositusnopeuksia,1
Kiertokeinojen,1
Integraatiotestissä,1
Uussuomalaistamiseen,1
Tinderöimistä,1
Esittelykirjettä,1
Poliititinen,1
Vastatukimuksen,1
Nettideittisaiteilla,1
Vitutuksiin,1
Hedelmäpelinä,1
Myyntiajattelusysteemille,1
Liigani,1
Taitotesteihin,1
Suosikkijuomat,1
Kiveskierre,1
Lukulaseille,1
Oleskeluperustaista,1
Nettitreffailin,1
Baarideiteillä,1
E3hhpn0ucacj244,1
Jyyriltä,1
Osuustoimintamalli,1
Kärkirintamassa,1
Sivukanavan,1
Supertykkäyksen,1
Tytöttelu,1
Seksikaveria,1
Liiittymän,1
Vastineistani,1
Korvauspäätöksensä,1
Vakkarikävijästä,1
Väärinymmärretyimmän,1
Testikapasiteettiä,1
Ihmiskieleen,1
Neljännesmikä,1
Maidege,1
Maksatahti,1
Ratikkavideossa,1
Romutushommista,1
Tirautappa,1
Epiccien,1
Pepsodenttihymy,1
Elfunk,1
Maitohappobakteerijuoma,1
Tärskyilyä,1
Suippokaali,1
Kiehräävät,1
Merirosvotyylistä,1
Laumaelukoita,1
Tuhoelukoita,1
Ykköselukka,1
Homeopatiahippien,1
Maanpetturihallituksen,1
Römpsyilevä,1
Fuusioesimerkki,1
Hånd,1
Mmattitaitoisempia,1
Lisäturvakusetus,1
Laskutuskokemukseni,1
Pakettilaskusta,1
Kevytmielisiin,1
Pitkäaikaisriskeille,1
Väliinjättämiselle,1
Virusproteiinit,1
Riskipuolelta,1
Ryppyotsaiseen,1
Portapotty,1
Uudelleentwiittausten,1
Normaalivakkarilla,1
Viheliäisyys,1
Progressiostakin,1
Oudonlaista,1
Pakkolomautusta,1
Yliopistofyysikon,1
Korkeakoulumallin,1
Lämpimämmältäköhän,1
Alekk00jsau0k7lwubtqp0qtkepdbvljya,1
2ahukewjo_qbixvzxahxpmiskhrubaliq_auoaxoecaiqaq,1
Striimausboksiin,1
Pfblocker,1
Holistisempi,1
Argumentoinniltaan,1
Lievähaittaiseksi,1
Tuotantoputkien,1
Nukleoidista,1
Altistuvuutta,1
Korrerokotteet,1
Tajunnanräjäytävässä,1
Lisääntymiskuolletetujen,1
Virusvektorien,1
Tehoavaisuuksineen,1
Tuotantopullonkauloja,1
Ratkaisukyvylle,1
Lämpenevällä,1
Puljaukselta,1
Vähälahjaisesta,1
Perikardiitin,1
Influensseriopintojen,1
Järvisuomeen,1
Metsästysstrategia,1
Saaliseläinkin,1
Ylisunnuntai,1
Ylilauantai,1
Matchiensä,1
Nyttten,1
Kurssivaihtoehtoja,1
Mainitsemanihan,1
Tenteiksi,1
Mobiilidataki,1
Burgerikontekstissa,1
Yllittynyt,1
Mrfrtjj,1
Riskialtteilla,1
Lektassa,1
Sisäkurvista,1
Kyykkymallisesta,1
Kävelyvauhdilta,1
Moottoritet,1
Logotonta,1
Halpishupparia,1
Trendimerkin,1
_tykistötuli,1
Elopisteet,1
Aluehaarukka,1
Perushinnaston,1
Eikelpaata,1
Saivareiden,1
Kietâ,1
Vegaanimakkaraa,1
Murreilmiö,1
Tinderonnen,1
Kaveripiti,1
Em3rrson,1
Sukulaiskielinä,1
Typologisena,1
Kieliryhmänä,1
Sukulaissanojen,1
Altaihypoteesin,1
Uralilaiskielien,1
Uralistit,1
Sanalumivyory,1
Nykylukijat,1
Suomiysiviis,1
Ravintolallinen,1
Buffettisushiet,1
Kuvientoistolaitteellani,1
Tvnez4wwqik,1
Johdannaissanoja,1
Tippakanyylin,1
Reddttiin,1
Yliopistokirjoituksiin,1
Osaamittomien,1
Esitietokokeita,1
Ammattiopetukselta,1
Yhdistämismuutoksessa,1
Opppilaat,1
Keskikoulusysteemissä,1
Ma_ops,1
Lukiotavoitteet,1
Sushimättö,1
Kantasuomalaisvahvistus,1
Tarkoillä,1
1kω,1
Selventäminenkin,1
Hammaslammasta,1
Polttoainettaa,1
Muotitaloissa,1
Kesälomareissulta,1
76km,1
Vakiintumisensa,1
Corcojen,1
Eräksin,1
Kokkiruotsin,1
Alkohomahoolia,1
Kopier,1
Våningen,1
Reparatören,1
Kaakkureiden,1
Kaakkureita,1
Influensaavat,1
Kokeiluasiantuntijana,1
Uhrimäärässä,1
Toteamuksiini,1
Narsistinia,1
Juppimainen,1
Hupaisista,1
Lääkitysreitti,1
Hallitaakseen,1
Aerochrome,1
Infrapunafilmi,1
Pursa,1
Pursaseura,1
Koronavoittajaksi,1
Etänäkemiset,1
Mediatuotannosta,1
Lukulaisesti,1
Girlies,1
Tuomariakaan,1
Mokšista,1
Mokshas,1
Mokšien,1
186f,1
Siivoavinaan,1
Tehokkuusmallissa,1
Paraha,1
Metallibaari,1
Uudelleenmäärittelevät,1
Influensserikoulutuksen,1
Jouluakselilla,1
Unehtua,1
Lyhytkestoisemmissa,1
Pyrofobisiksi,1
Tikkuaski,1
Kuvausreissuja,1
Kajaanissahan,1
Mätsätessä,1
Kopittua,1
Olimmen,1
Ilmaispyöritysten,1
Alwksanteri,1
Psykoseksuaalisista,1
Mielensäpahennusta,1
Ajattelijayksilöiden,1
Lasilevyjen,1
Detaljointi,1
Influensserikoulutuksessakin,1
Ilmansunnille,1
Veroraippaan,1
Lähiluennoille,1
Ilmansuunnathan,1
Verokannoissa,1
Tiettävistä,1
Vasen_,1
Fanikatras,1
Koirapuistossako,1
Hevoshommista,1
Sponsorisi,1
Oleskelulupatyypeille,1
Voimaantujalle,1
Raamattutalebanien,1
Suhteutuksiahan,1
Leukkaamisen,1
Helppoyrittäjyys,1
Tiepinnoittetta,1
Valtakuunnansyyttäjän,1
Sunmalla,1
Täysipäiväisillä,1
Könyymään,1
Venäläisjohtajien,1
Veroraipasta,1
Nykymainonnassa,1
Tukijapiirissä,1
Minimilyhennystä,1
Määritteliisn,1
Influensserikoulutus,1
Oppimistehtävän,1
Suosikkikaan,1
Nippelitedolla,1
Vegevastineet,1
Maustetummat,1
Ohiampuminen,1
Epäopiskelu,1
Hajoilisin,1
Säilytettäessä,1
Alkuriimi,1
Slobokäkkäreillä,1
Nopeusratsian,1
Puhallutusratsian,1
Pyheen,1
Mieslapsikommentilla,1
Moottoritieolosuhteet,1
Sakkokiintiöitään,1
Monikkomuotojen,1
Orareren,1
Uurareeren,1
Taivutellessa,1
Perheelokuva,1
Dh3,1
Kuumuusjärjestyksessä,1
Futas,1
Lintutieteilijä,1
Gasen,1
Doike,1
Myötäotteessa,1
Terveystilaani,1
Sormisäännön,1
Rystysluut,1
Rystysvälin,1
Asiakasongelmia,1
Junnuhakija,1
Kehäraakilla,1
Openfullstack,1
Fronttikokemuksen,1
Onats,1
Komennuksina,1
Esikaupunkikämpässä,1
Suurisuiseen,1
Kaulussa,1
53dd6676e4b0fedfbc26ea91,1
77mbm7rn4hdj8n0mmza3,1
7stroad,1
Lonelier,1
Lisäopiskeluille,1
Korporaatioelämään,1
Juoppoukko,1
Networkingistä,1
Diplomityöseminaarikurssi,1
Perusreiskat,1
Paasse,1
Rauniokoirakoulutuksessa,1
Valjakkotapahtumissa,1
Luolakoiratesteissä,1
Kennelpoika,1
Ruokalistoissakin,1
Aakosjärjestyksessä,1
Varaamattomat,1
Taikajuomakauppias,1
Taikajuomasi,1
Etätunneilla,1
Alusvaatekuvatyttöjä,1
Rankingille,1
Mieskäyttäjistä,1
Kerrytäkään,1
Eläintensuojeluyhdistyksiä,1
Lääketieteelljsiä,1
Vakkarimyyjiä,1
Viikkoharjoituksia,1
Sorviakin,1
Muistisäännöthän,1
Nopeusalennusta,1
Lukejat,1
Kemiantunnilta,1
Omaopettajasi,1
Footterista,1
Aloittamisenkaan,1
Kurvaamassa,1
Sanakirjantekijä,1
Demokraaattista,1
Keskisarvo,1
Bnna9g,1
Hellyyttelynimeltä,1
Istumisongelmaisiin,1
Pikkuvanhoihin,1
Luppasee,1
Piirustuksella,1
Camp_follower,1
Vivandière,1
Vivandi,1
Muonitsemisessa,1
Germaaninaisten,1
Die_frauen_der_teutonen_verteidigen_die_wagenburg_by_heinrich_leutemann,1
Kimbrisodassa,1
Aquae,1
Sextiaen,1
Battle_of_aquae_sextiae,1
Kaupankäyntivaiheeseen,1
Seminaarikurssi,1
Opintolinjasi,1
Maaimansota,1
Taudinlinkoajia,1
Kurssituksina,1
Videokoulutukselta,1
Influensseriuran,1
Areiksi,1
Pätevältähän,1
Kiitossignaaleja,1
Kovempai,1
Arvosanakeskustelua,1
Tutkaillakseni,1
Buumerista,1
Trigonometrisille,1
Ysäreintä,1
Shakkilautatekstuuri,1
Vesileveli,1
Paikallisjärjestöön,1
Pyrstökään,1
Luulisik,1
Klyyvi,1
Jobärsyttää,1
Jymkyowvajy,1
Somelaiset,1
Aamuluennon,1
Opiskeluporukoihin,1
Polarisoituinein,1
Bursahan,1
Brandingin,1
Profittei,1
Investmenteil,1
Maanataiks,1
Dropataa,1
Viihdepodcasteja,1
Interventioni,1
Osuuskuntahommia,1
Opiskelukaupunkia,1
1685e,1
Liittokanslerinviraston,1
Vähätartuntainen,1
Punafiltterikohdasta,1
Viestintävälineineen,1
Pääilmansuunnissa,1
Ilmansuuntapelin,1
Utopistik,1
Koilliskone,1
Hartoitasi,1
Korttimaksupäätteiden,1
Käymisellekin,1
Rikkis,1
Chiili,1
Pfosfori,1
Vetyh,1
Znsinkki,1
Helluntaisaarnaaja,1
Hets,1
Folkgrupp,1
Tautimääriin,1
Perseilypolitiikan,1
Rutiinill,1
Täysinajan,1
Wghrj2,1
Vvs8,1
Herrahissi,1
Terskanperänmasentavaan,1
Turkkilaisvaikutusta,1
Kanehira,1
Kieliteoriaa,1
Kiirretään,1
Vammaisyhdistykset,1
Kunnianarvoisen,1
Isota,1
Deittauspostauksissa,1
Interventionilla,1
Diitsit,1
Terapiapuoli,1
Snaipsu,1
Diaesityksillä,1
Historianoppilailla,1
Hallitsijanumerot,1
Keisareina,1
Empatiattomuudesta,1
Pikityöntekijöitä,1
Tartintaudin,1
Eläinasiaan,1
Eläinpäivystys,1
Claymoreswitch,1
Akimboglitch,1
Topspin,1
Ladderstall,1
Wallbangin,1
T3_oqlm8r,1
2fcgdev,1
2fthree,1
Aqaadfd9ylv_oroobjfhycoiultytmxkkgws0m1cxdsftoatdjst,1
Prtoan,1
Läpipääsyt,1
Liveroolipelaajat,1
Kokoontunu,1
Snipsuilu,1
Tartuntakerta,1
Influenssariksi,1
Antimonin,1
Tynkäinen,1
Marisevaa,1
Ylimitoiteut,1
Sekauinnin,1
Lajijärjestys,1
Selkäuinnilla,1
Sekauinti,1
Pewwwwkele,1
Jorisin,1
Sanontojahan,1
Rokotepassiskanneri,1
Tuplarokotusta,1
Minuuuuuun,1
Nordinisteja,1
Dronelennokit,1
Ulkoilutettavaksi,1
Ulkoilutusavusta,1
Ohikulkijathan,1
Nuorakka,1
Huojennetuissa,1
Osingoissakin,1
Pönkittyisi,1
Giving101,1
Maistuks,1
Pyöräilyseuroja,1
Itsensäparantamisen,1
Löytöeläintoimintaan,1
Sairalloista,1
Ainemittauksen,1
Pöyrätietä,1
Kilpapyöräilijöitäkään,1
Kevyenliikenteenväylälläkään,1
Ajoradallekaan,1
Korporaatiokratiaa,1
Pyöräilisikin,1
Neljääkymppii,1
Ruoistakin,1
Omaope,1
Omaopen,1
Asapscience,1
Diskrimoida,1
Kaluamiset,1
Poissuljettuina,1
Ylisosiaalisuuden,1
Ylisosiaalisuutensa,1
Kllk,1
Elo_rating_system,1
Snipsuilla,1
Katuohjus,1
Pyöräilypaidassa,1
Fiilispyöräilijä,1
Ainemalli,1
Haikkaamaan,1
Olkatuelle,1
Kasvistossa,1
Lahjakorttihuijausten,1
Takuusummia,1
Ravintoille,1
Hintaohjaukseen,1
Koulupapereista,1
Metatodellisuudessa,1
Sepustuskokoelman,1
Narratiivishakkia,1
Nepsyvaivatiedoista,1
Nepsyvaivasta,1
Seulontalomakkeiden,1
Ongelmakäyttäytyvistä,1
Panssarimieheksi,1
Tankkikuskiksi,1
Pehmiskoneeseen,1
Panssarikuski,1
Kevyenliikenteenkaistaleita,1
Stongassa,1
Suhastaa,1
Ammattikiletä,1
Vauhtikiitureille,1
Epämukavuustekijöitä,1
Asfalttisaumoja,1
Scämmereillä,1
Emailii,1
Tnipsu,1
Hiffattavampaa,1
Textityxet,1
Päällysteessä,1
Selvitänkin,1
Punalehtiset,1
Koristepuuna,1
Spandexkiituria,1
Tutkijanurallekin,1
Tutkijantaidot,1
Kurrikulaarinen,1
Konffaosallistumiset,1
Vittumaisuusesta,1
Tietokonepelaajaopintojen,1
Sulkasatoaika,1
Kilpapyöräilijöidenkin,1
Kansanterveysriskejä,1
Selainlisäosaksi,1
Logoelementillä,1
Lisäosani,1
Vekslasin,1
Rokotekriitikosta,1
Mummopyörälläkään,1
Asetietämys,1
Sivuun_,1
Nettipropagandan,1
Baarijuoksivat,1
Pandemialomamatkailijat,1
Karanteeninvälttelijät,1
Deltajalkapalloilijat,1
Marianordinistit,1
Milivaltaisin,1
Aikaansaamattomampia,1
Huonohygienisimpiä,1
Keskinopeusrunkkareille,1
Mersuksi,1
Septem,1
Luonnonsuojelutarkoitukseen,1
Liibalaabatutkinnot,1
Unas,1
Muistisääntösanan,1
Tasred,1
Cubettamiseen,1
Thul,1
Amethyst,1
Nattohan,1
Painajaispolttoaineen,1
Lukukelvottomaksim,1
Simpppeli,1
Risteyspaikkoihin,1
Idiotistisia,1
Päällysteisessä,1
Suosisttelen,1
Tuottavuuskehitysta,1
Verotukihan,1
Killeripaikka,1
Asuntoesittelyihin,1
Sullottavissa,1
Uhrheiluseurat,1
85op,1
Disambiguate_civil_law,1
Yksityislaakarit,1
Sukkahousutorpedot,1
Kilpapylöräilyvarustus,1
Sukkahousutorpedo,1
Verosopimusvaltiossa,1
Liiketuloa,1
Liiketuloon,1
Tulotyyppejä,1
Tykistömuseossa,1
Miinatehtaalla,1
Pohjahiivaoluita,1
Insomniumer,1
Userscriptiksikin,1
Elviställä,1
Puolivaikeasta,1
Opintokuraattori,1
Tuomioehdotus,1
Vipstaakiin,1
Ykkösrauta,1
Nucleobase,1
Typpiemäkset,1
Gtca,1
Guca,1
Guaca,1
Arvomerkkiviiva,1
Nykyarvolaskun,1
Tarkoituksellisilta,1
Onnistumisilta,1
Kirjastokortistakin,1
Rawjyqfyyt,1
Camppereitä,1
Nettiopinnoissa,1
Näkövammaisiahan,1
Yhdenkoon,1
Lipputangolta,1
Tuolimoduuloita,1
Lautalattialla,1
Laivapuolella,1
Portside,1
Pvasen,1
Meijoosin,1
Mitoosissa,1
Meijoosissa,1
Menestyskirjailija,1
Oikeusepäsuhtaa,1
Kaikkeavoi,1
Valtakunnanlaajuisen,1
Tahdinpitäjän,1
Lukutyypeille,1
Lopc,1
Ythstä,1
Kusetuskursseja,1
4ntzzsxy,1
Kpnewkrw,1
Pyörätuolipotilaskin,1
H6haq1s,1
Lähdelinkeistä,1
Asiakaslounaaksi,1
Luontokeskuksessa,1
Luontomuseossa,1
Edettiinkö,1
Pysähdyskuvien,1
Orvonnäköinen,1
Luenneoi,1
Elämäntilanteeseem,1
Tapailuhalut,1
Kiireisilläkin,1
Käristuskupoli,1
Sähkövempaimilla,1
Tieraivokapasiteetin,1
Kiukkusemmasta,1
Uusintatenttien,1
Vetootte,1
Käyttjiin,1
Citizensadvice,1
Avioeronneita,1
Huumekammo,1
Eläinasioissa,1
Lohikäärmekenttää,1
Ylipäivänä,1
Tiieteellisesti,1
Mittarinopeudessa,1
Valmistumistilaisuus,1
Kiltahuonetta,1
Numikkakaan,1
Tarkennuksenkin,1
Rääkästä,1
Effektiiviseen,1
Diuv3xzqxyc,1
Ajatuskehykseen,1
Tiejärjestelmää,1
Päätömmän,1
Samnuksiin,1
Retkipyöräilyä,1
Ruoanlaittovälineistä,1
Reittivalintaani,1
Taso_2,1
その夜に綺麗な夢を見た,1
Kotiosoitteessasi,1
Energisointiin,1
Shungiitti,1
Hämeensilta,1
Kanadanpoppeli,1
Vastaargumentista,1
97t,1
1s5kesp5tc3gecohjrfczvvq,1
1sfa9cj5ro4vxbgejpek1elq,1
Vaivatuivat,1
Käljessä,1
Kääntyessää,1
Helpoompaa,1
Peilillään,1
Ratikanhan,1
Kuntoilukysymys,1
Nylkyttämiseksi,1
Jääkylmiin,1
Kefswcc,1
Kuvailtaa,1
Flankkaa,1
Lampaitani,1
Homojenvastaisista,1
Papuva,1
Vesitatko,1
Kuolonriski,1
Hatanpäänvaltatien,1
Virtaviivasemman,1
Vaivaatte,1
Banaanimalli,1
Kiertolenkin,1
Kanttarien,1
Asiointipyöräilyä,1
Injektoimiseksi,1
Todellut,1
Xl9q_8uhs58,1
Asioisitko,1
Adrenaaliini,1
Bbjnm14f,1
Lisäosastasi,1
Mutationobserveriä,1
Tietoturvasoftissa,1
Pituustajoitukset,1
Kurssitöitäkin,1
Terveyskeskuskaan,1
Ritaroimassa,1
Ktmn,1
Läskärilläkin,1
Pyöräväkeä,1
Hipotykki,1
Lasinsileän,1
Sullotussa,1
Lasinsileä,1
Enlannista,1
Vaivaamalle,1
Aivohermot,1
Olfactorius,1
Oculomotorius,1
Trochlearis,1
Trigeminus,1
Abducens,1
Facialis,1
Vestibulocochlearis,1
Glossopharyngealis,1
Accessorius,1
Hypoglossus,1
Arkca,1
Käärmepaikat,1
Töyssyisiä,1
Huorahallitus,1
Maamilmanjärjestyksestä,1
Yhdyskuntapistiäiset,1
Yhteiskuntapistiäiset,1
Yhteiskuntapistiäisiä,1
Yhdyskuntapistiäisiksi,1
Kulmamieheksi,1
Pituuskilpailun,1
Saapassiteillä,1
Kirjaittamatonta,1
Jälkipidosta,1
Popatsua,1
Karstausta,1
Pelastuslaitoksesi,1
Traktionia,1
Eldmor,1
Graniittipaasia,1
Kanttikiviksi,1
Loivennetuksi,1
Terävemmissä,1
Performanssikin,1
Cdonaldsin,1
Mcswitch,1
Alistuskonjuktio,1
Mariokart,1
Battlefield7,1
H2no4,1
Hookaksnone,1
Atomicity,1
Tietokantatransaktiot,1
Pemdas,1
Surgeryllään,1
Bijektiofunktion,1
Johdonmyötäisesti,1
Buffalla,1
Psykoblaablaa,1
Asteopintojen,1
Ängettäis,1
Turvallisenkaan,1
Räplääjistä,1
Bemarijonneista,1
Oravapeliä,1
Vakoojatrillerin,1
Punalehtinen,1
Koristepuita,1
Aktivismilaki,1
Väittämällähän,1
Venyteltynä,1
Valehdeltunakin,1
Moraaliseulan,1
Tiedossasikin,1
Taruttavat,1
Valittamaakun,1
Kiitureissa,1
Saurastumista,1
Ylihysteerisistä,1
Taruttaa,1
Kehitykkään,1
Aukku,1
Suxvittuun,1
Paskasaitit,1
Reupata,1
Ohx7,1
Höyhyenen,1
Äppipaskalla,1
Sääklikkijutut,1
Kärkipoliitikolta,1
Hankolatvan,1
Liikennesääntöopas,1
Natsatkin,1
Veikkausliigalta,1
Lorumuoto,1
Kominansa,1
Venäläispelaajan,1
Aasialaispelaajan,1
Italialaispelaajan,1
Guidoksi,1
Koomamaisesti,1
Valmistamiisen,1
Liikennevaloisiin,1
Boulderhalli,1
Ettäalkeis,1
Samatapainen,1
Kuvapalvelinta,1
Figupelaajat,1
Jakoalustalle,1
Erityissemin,1
Esimiestänikään,1
Lisäainevapaa,1
Tilannenopus,1
Saunaryhmiin,1
Vakkarimyyjille,1
Rollaattoriystävällisiä,1
Xoikealle,1
Zyvyys,1
Stalagmite,1
Stalactite,1
Hapettumaton,1
Viilettävänsä,1
Buffettilounaan,1
Tiskauksineen,1
Lautasittain,1
Puutavarakaupan,1
Prujailee,1
Vaihtokohteilla,1
Dipalla,1
Toimistokesätyössä,1
Sivuaineilija,1
Mainoskökköytensä,1
Kumarrusasennossa,1
Laventaja,1
Huutelemisensa,1
Homohuutelija,1
Sosiaalistumiskeinoista,1
Frequentative,1
Mielipidetiedustelut_ja_yleinen_mielipide,1
Presidenttivaalikampanjansa,1
Kompromissikannan,1
Pariliittojen,1
Kymmenisellä,1
Pienpuoluehörhöjen,1
Keikahtavat,1
Vastustamastasi,1
Samansisältöisistä,1
Leveemmillä,1
Kivireunat,1
Ylikanslerijumalaa,1
Korpikylästä,1
Menestyskirjailijameteorologi,1
H6hsw01,1
Lahiapina,1
Seuravalinnoista,1
Paygoolla,1
Luomtotuhon,1
Teräskasojen,1
Treenisuoritteen,1
Lemmikkirekisteri,1
Kiiturien,1
Cuntiksi,1
Skouttiin,1
Siirreätään,1
Noscopeilla,1
Sateenkaariukko,1
Takararengas,1
Pienoisiin,1
L3p33,1
Roskakorikategoriaan,1
Lemmikinomistusta,1
Kaupunkikoirilla,1
Käytöshäiriöille,1
Todaysveterinarypractice,1
Pyrolta,1
Demomaniksi,1
Kapeakumisella,1
Ehjäasvalttinenkin,1
Kananmunasilppojakoneella,1
Persoonallisuusteoria,1
Aaaatsi,1
Svengaaa,1
Muistilause,1
Lothian,1
H6k19rw,1
Kationeihin,1
Anioneihin,1
Vegaanipizzaa,1
Vehnäsalamipizzaa,1
Vegaanikeskusteluissa,1
Lemmikkikulttuuri,1
Kuskilupien,1
162km,1
Kiinnijääninopeuden,1
Asvalttityömaalta,1
Uudelleensulatettua,1
Jätelasia,1
Perämettältä,1
N1252764,1
_nr31lv6h8,1
Cadko2000,1
Potkulautaidiootti,1
Herkkukurkut,1
Kummeliturskat,1
Protoplasmat,1
Synnynnäis,1
Sunnuntaipyöräilijänäkin,1
Routavahingot,1
Likatahroihin,1
Dataraidan,1
Pressakseen,1
Rumppiakin,1
Sikakatsomoa,1
Keskenkokoiseksi,1
Käyttömopona,1
Verailumuotojen,1
Substanttiivien,1
Paikallisvivahde,1
Yashican,1
Pyörteen,1
Refined_bitumen,1
Obsidiaanii,1
Pihakiveä,1
Naarmutu,1
Frisbeerata,1
Jäännöskin,1
Pusuruvu,1
Teräväsärmäisempää,1
Lasittuneelta,1
Obsidiaanissa,1
Lasikuona,1
Misogyniasyytösten,1
Ryydittämät,1
Naispolitiikosta,1
Traineepaikkoihin,1
A010d1c9cf441b3f1ee6abb9c84721c6,1
Emäksille,1
Ehkäisevämmin,1
Takanojassa,1
Huuteluitten,1
Sieraimilla,1
Aivastelemasta,1
Lankakeriin,1
Lisäainelankaa,1
Puheministeriöltä,1
Rikosajattelu,1
Mietyttä,1
Henkilöautollekin,1
Histamiinilla,1
Oletusheitto,1
Majoneesipakkaukseen,1
Kokoontaitto,1
Satuttavampi,1
Idioottipaska,1
Chihuahuoitten,1
Seefferit,1
Lonkkineen,1
Muoltoidut,1
Kadullavastaan,1
Oleilupaikan,1
Cooleriviritystä,1
Liimajämien,1
Yliv_lmvacm,1
Maaillmankartalle,1
Hesemättöineni,1
Jokeripiste,1
Harrastuspisteitä,1
Majoneesipakkauksella,1
Kittauspaikkaa,1
Gnrnrn5de58,1
Tarkkuusvälineitä,1
Viivoittimia,1
Ihmissyöntirituaaleja,1
Ikkunaongelmat,1
Hkrjl2a41qq,1
Ärtymystäsi,1
Turvallisuusuhkakaan,1
Autostamyöskin,1
Turvaketjuun,1
Eväsrasiakaan,1
Urheil,1
Kosteudenpoistossa,1
Puolisokia,1
Varhemmista,1
Murskaantuuko,1
Hätähuoneeseen,1
Paahtaviin,1
Pinnoittettuun,1
Uzjuzpu9ue4,1
Jumbomed,1
Meditalo,1
5d0b33f1,1
E104,1
32ec,1
Ea152d0b2ce1,1
Potilaskato,1
Veronmaksuongelmat,1
Talontavoille,1
Järjestyshäiriköinnin,1
Hellämielisyydestä,1
Rasittavatkin,1
Mainehaitastaan,1
Suorakulmiopötikkä,1
Suosikkinaapureitani,1
Jalkakaytävälle,1
Spandextorpedoilla,1
Minipizzoja,1
Eutanasiakulut,1
Odotetunlaisia,1
Talonumero,1
Ruokaretardi,1
Työkulttuureineen,1
Fromtokyo,1
Plcpuu5bzmasc7ci,1
B713ey3xdpwrlhddh,1
Läsähtivät,1
Somenillittämiseksi,1
Riisitärkkelyksestä,1
Majoneesipakkaus,1
Mallleissani,1
Muistilehtö,1
Eitoivottua,1
Pikselimössöt,1
Kotipirskeitä,1
Pyöränlijän,1
Mottoripyöräilijän,1
Risteämäkohdassa,1
Fillariletkaa,1
Naispyöräilijät,1
Fillariparrat,1
Hiekkapenkereen,1
Spandexpyllyt,1
Aerodynaamisessa,1
Konkeloitua,1
Fillaripartojen,1
Kulkuisempi,1
Sähkögrillillä,1
Viivoitetut,1
Puimureissa,1
Spandexkiiturilla,1
Syntyvyydensä,1
Väylänkäyttäjien,1
Laulumikkinä,1
Elektretti,1
D880,1
Raidalleen,1
Ardourilla,1
Kdenlivellä,1
Saxton,1
Nelitonnisen,1
Halosmaisia,1
Kokouspöytien,1
Suodatinpussipakkauksen,1
Kaskenkadulla,1
Pihaalue,1
Hikkapillin,1
Ed4f6dff,1
1c67,1
96ff,1
365873d363b4,1
Energistehokkaampaa,1
Takaraivot,1
Pituusrajotuksia,1
Panssarirukin,1
Cveet,1
Hajunpoistajat,1
Urheilukamoihin,1
Vartalonkuorintaan,1
Normisaippuaa,1
Kelv,1
941ab6ef836efa6f852e2a3f2a52a4ba,1
Konmarittajat,1
Sirutomien,1
Lemmikkieläintilanne,1
Amisbassoa,1
Kosteudenpoistopussit,1
Laskitkin,1
Kommervenkkejen,1
Roikkumisestaan,1
Trinitiitissä,1
Trinitite,1
Levittäjähörhöjä,1
Tauli,1
Symmetrisemmän,1
Seivästämistä,1
Viinijutut,1
Hackiks,1
Asikaisten,1
Rannikkobogie,1
Suihlussa,1
Päätöstoikkarissa,1
Jussaröhön,1
Lyhyttsanaisesti,1
Kaakkuriksi,1
Nauttimisajan,1
Risteyskokemukset,1
Tilannenopeudelta,1
Suojatiehidasteet,1
Kulttuurikriittinen,1
Sänkyllä,1
Rekrytointimarkkinoille,1
Työnpätkää,1
Päivärahakaan,1
Abayaan,1
Edgecase,1
Macarenaksi,1
Kkuja,1
Cameraphones,1
Epanorama,1
Pöyrilijät,1
Liikennessääntöihin,1
Valkosipulinkuorijaa,1
Rentoutumisajasta,1
Sairaudestakin,1
H64,1
Suomalaispulmuset,1
Persuksissasi,1
Rakempia,1
Sukupolvessaan,1
Lasilinnassaan,1
Toosen,1
Taksivene,1
Puuhanneen,1
Yhdistelmäajoneuvonkuljettajaksi,1
Yhdistelmäajoneuvonkuljettajan,1
Selittelyitäsi,1
Kakssuuntainen,1
Meuhkaavista,1
Naaaaaaaaants,1
Ennaltamainittuihin,1
Indiktioliesiä,1
Pilaantuakin,1
Pellavaisille,1
Louskuttava,1
Trhtyjä,1
Sikataklin,1
Taklin,1
Piruilun,1
Sormikameralla,1
Amerikkalaistaustaisilla,1
Konstruoimalla,1
Varusmiespäivärahaan,1
Vankeuspäiviä,1
Narkkariporukka,1
Amplifioitua,1
Allokoimattomille,1
Ryhmäkalentereita,1
Häätökämpässä,1
Psyykkauksena,1
Futiskatsomoissa,1
Pyörittämistäkään,1
Tilastoillako,1
Juhliä,1
Välistysvirhe,1
Raiskaamattomille,1
Sotavarusteluita,1
Lavaiteollisuutta,1
Tapporahoja,1
Romankulttuuri,1
Romanijunnu,1
Tavisyhteiskuntaan,1
Edellispäivä,1
Edellissunnuntai,1
Epävarsinaisessa,1
Toissapäiväksi,1
Trollais,1
Vastaavanlaisii,1
Alihankkkijana,1
Rinkimasturbointia,1
Softakonsulttitalossa,1
Mhstats,1
Childrensmentalhealth,1
Johtamistaidossa,1
8a64f870,1
86fe073c9477,1
Seksielama,1
Yhdyntamaarat,1
Muistaakaahan,1
Kuusimyppisenä,1
Haipou,1
Kirkkaanpunaisella,1
Sarjaliputhan,1
Vedenkeitimessä,1
Induktiokaan,1
Kattilanpohjaa,1
Lämpenemiseensä,1
Nopeudellani,1
Apinahuutonsa,1
Polttoainekriisistä,1
Hopeapatonkimättöä,1
Pehmomiekkailua,1
Biojätökset,1
Rekkakortilliset,1
Yövuorolais,1
Kopteripiloteilla,1
Iltaruokailu,1
Allaaahu,1
Tairyhmätöissä,1
Ennakkokäsitysteni,1
Cozzzy,1
Tuotemyynnissä,1
Jäytävistä,1
Kuvamuotoista,1
Spesiaalitunnustusta,1
Kaapeliverkot,1
Vähenenässä,1
Sosiaaliteatterissa,1
Henkillölisyystodistukseksi,1
Treenihän,1
Yiddishiltä,1
Ohimokiehkuroilla,1
Anekdoottisilla,1
Väistämisvelvollisiakin,1
Mökääville,1
Äänekäatä,1
Juoppoporukoista,1
Huomauttamaankaan,1
Kattilankannella,1
Äänieristyksissä,1
Jumputat,1
Oikeestä,1
Ylätasoja,1
Muoviastoille,1
Taudinlevittäjien,1
Antenniuudistus,1
Askartelupaperiksi,1
Vöhähdys,1
Afaatikko,1
Qanonhörhöt,1
Tarkoituksenhakuisilta,1
Megaälykköjä,1
E3dq_gjwqauhssg,1
Puhelinverkkokin,1
Puhelinosakeyhtiöt,1
Henskeleitä,1
Maaseutuyritykset,1
Konkurssiyrityksiä,1
Vuokraliittymästä,1
Sähköverkkokokeilussa,1
Vankityövoimaan,1
Sopeutumisrahoista,1
Homeopaattihuorat,1
Asiakaskontaktoinnit,1
Lomasijaisen,1
Laskutuslistaan,1
Ostolaskurästit,1
Myyntilaskurästit,1
Häädeettiin,1
Poliisijen,1
Aseplavelusta,1
Maalikaukalon,1
Naapuritoiminta,1
Kakossijaa,1
Muslimikäytäntöjä,1
Ramadaninkaan,1
Äänentoistolaiteinvestointiin,1
Notalllahtelaiset,1
Myöntöpäiväksi,1
Maanantaiaamuina,1
Kolmipäiväisellä,1
Tarpojat,1
Hampuraisen,1
Taskuksi,1
Virkistäneenä,1
Käteenottamisesta,1
Jumalautanen,1
Valomerkkeihin,1
Lääkäristatukseen,1
Kesäluettavaa,1
Markkinatalousajattelun,1
Ylityökuolema,1
Obsidiaaan,1
Nohinykin,1
Tarkkaileeks,1
Koronneena,1
Kokonaisummasta,1
Viitsivätkin,1
Kmsallispuistoja,1
Surakan,1
Määrittelyista,1
Hoitolanpitäjän,1
Eläinlääkärikäynnistä,1
Lomaketyökalun,1
Huuhteilla,1
Käsinruokinnalla,1
Kaniherra,1
Lapsikoehenkilöryhmillä,1
Sähköhelloilla,1
Manletista,1
Eurooppaneuvostoa,1
Farmarihousuihin,1
Lempifarmareideni,1
Hamsteriostos,1
Monopsonihinnoittelulla,1
Itsemurhanhaluisia,1
Matelevalla,1
15m³,1
20m³,1
Rokotetwiiteistä,1
Pienpuoluemainen,1
Ulkopoliittissa,1
Valitseehan,1
Tulehduttaneet,1
Väkertäisin,1
Esimiestehtävillä,1
Heikennettäisin,1
Kuikkakin,1
Esimiehiltäkin,1
Karsimasta,1
Loukkaavuusskaala,1
Olankohahduksella,1
Sanakirjamerkitykset,1
Vuorenvarmuudella,1
Hevosteltu,1
Raastavuus,1
Kimppapyöräilyalueella,1
Hidolf,1
Atler,1
Ylennyspalkinnot,1
Videopelityylinen,1
Kustomisointivalikko,1
Popsahtaisi,1
Suomenlinnaakin,1
Muutoskyvyttömyyden,1
Opistotutkinnolla,1
Lähtonsä,1
Lentovirkailija,1
Rokotatteko,1
Kutsumusluonteisuuteen,1
1ft,1
2inch,1
Resinous,1
Siivottaisiinkin,1
Bonusosa,1
Virhemenettelyissä,1
Ylityösopimuksen,1
Vähennettiinkin,1
Soveltuvine,1
Tukiasemavehkeen,1
Killukin,1
Asentamisestaan,1
Öykkääviä,1
Porttikonkispurduja,1
Kalankasvatukseen,1
Konkluusiotahan,1
Kiertohuimaus,1
Märkärakkulainen,1
Vihervassarilaiseksi,1
Patakonservatiiviseksi,1
Päätoimittajakaudella,1
Aaiivan,1
Unitendified,1
Elinrytmi,1
Rautahiukkasia,1
Työvoimapulapaikkakunnilla,1
Jazzpinaatti,1
Hunajahieronnoista,1
Harskeja,1
1cc847ed,1
Effa,1
A45d,1
2371409b825b,1
Anafylaksiseen,1
Moniallergiset,1
Reppäissyt,1
Ainoallekkaan,1
Karikón,1
Hoitotekniikoita,1
Matalastikkin,1
Pilkkineen,1
Libisvassarimeininkiin,1
Naynsseja,1
Monisyisempiin,1
Maadoitusliuskat,1
Hyppysähköä,1
Voltobox,1
Cjwkcajwuvmhbhaxeiwawayj,1
Mq3ltewyfnf2m3dxxr1zamxvyumxj5vtlvq_n3cxzsfunqewmamzxocufyqavd_bwe,1
Voltboxin,1
Sähköurakoitsijat,1
Etsinyyteen,1
Sotekoneistoa,1
Luoput,1
Amerikkalaismaisesta,1
Loppuunmyyntitarjoukset,1
Moderoitaessakin,1
Perämättää,1
Delkriteriet,1
Storleksfördelningen,1
Tillämpa,1
Bedömde,1
Sambandet,1
Beståndsstatus,1
Tillfredsställande,1
Klarlagt,1
Beståndens,1
Efterfrågas,1
Hanteras,1
Löpande,1
Beslutades,1
Implementeringen,1
Bredare,1
Ekosystembaserad,1
Ansats,1
Fiskeripolitiken,1
Initierats,1
Definierade,1
Förvaltningsmål,1
Integrerade,1
Fokuserar,1
Kommissionen,1
Beslutsfattarna,1
Integrering,1
Storleksstrukturen,1
Åstadkomma,1
Förändrad,1
Målkonflikt,1
Storleksfördelning,1
Medsom,1
Yksityiskäymälä,1
Persviballa,1
Turvallisuusseurantaa,1
Rokotusohjeiden,1
Miinustettin,1
Leffamiksaus,1
Televisiomiksaukseen,1
Äänitöihin,1
Pyörittäneeseen,1
Rokoteturvakeskus,1
Niuhempia,1
Ärrrrrsuomeen,1
Ilmakuplasta,1
Röyhtäistyä,1
Todellisuusdenialismiksi,1
Hostaajalta,1
Boffaajien,1
Koronaisena,1
Muutoksenvastustaminen,1
Oikestolaisuudella,1
Kropotkinissa,1
Logiikkapolku,1
8hoiqjilubg,1
Hypersupermegaspatializer,1
Verkkosäätelyn,1
Kristillistotalitarismin,1
Miten_arvioidaan,1
Kuolintodistuksien,1
Peruskuolemansyyhyn,1
35e93527,1
70f3,1
De91a8d5ba87,1
Juomiskulttuurista,1
Omatuiksi,1
Stereovahvariin,1
Hypermegabassboomeja,1
Juoksupojille,1
Häkepäivystäjäksi,1
Multiplexed,1
Ryhmienväliset,1
Ryhmienvälisistä,1
Äänenvoimakkuuksien,1
List_of_longest_bridges,1
Tiskienpesuainetta,1
Erikoispinnoitteita,1
Tiskienpesuaine,1
Vaihesiirtoa,1
Xtar,1
Vc4,1
Vaateyksilöä,1
Vaateyksilöiden,1
Hotellilaatuun,1
Suoositellaan,1
Kollektivoisivat,1
Tiristäen,1
Kalpeahipiäisiin,1
Kristallihomeopatiahihhulit,1
Pömpelillä,1
Paholaispaniikki,1
Rakensitpas,1
Epäoleennaisiin,1
Äänittäjältä,1
Äänisuunnittelijalta,1
Puolivapaat,1
Lemmikillren,1
Rapussasi,1
Kuutiomeduusalajin,1
Irukandji_jellyfish,1
Hilkuri,1
Nykyisisten,1
Asukkaihin,1
Kokonaiskuolemissa,1
Tautikuolemat,1
Ennensikaiset,1
Normaalipoikkeamiin,1
Huurunpoistoon,1
Uhattomissa,1
Ihmisarvonikin,1
Hörökorvistaan,1
Dgjkenfa794,1
Ajatuksenpuhtauskomissio,1
Kovakätisellä,1
Kohdeltavina,1
Epäyksilöinä,1
Aigeuttamaan,1
Kuvaelmasi,1
Olkiukonsi,1
Teetättäs,1
Sääntölinjaa,1
Pmc4461039,1
Päämittarina,1
Pennworldtable,1
Ilmoitusnumeroita,1
Influenssarokotusohjelmalla,1
Turvallisuustestit,1
Haittareaktioita,1
Massatesti,1
60fe3b4680139,1
Sairastuksella,1
Hörökorvaisten,1
Agendanvastaista,1
Lukijakannasta,1
Kuntoudua,1
Mielenterveysongelmattomaksi,1
Suunnitteluprojekteihin,1
Rivitöihin,1
Esimiestoiminnan,1
Johtamisguru,1
Mlliiillmin,1
Orujsc,1
Ei_n,1
H6ktii9,1
Homeopatialääkäri,1
Kollektisoin,1
Viettejen,1
Kollektisointi,1
Vasemmistobuzzword,1
Kommentoinninj,1
Busywork,1
Tyhjäntuijjottamismaailmaan,1
Kiintiövangeiksi,1
Verobudjettia,1
Höyryjyrää,1
Myyntijohtamista,1
Osastonhoitajallahan,1
Henkilöstöosaamista,1
Kehitysosaamista,1
Mutinoilta,1
Talousjohtamisessa,1
Substanssijohtamisesta,1
Urapolkuajatteluun,1
Homeopati,1
Honeypotteina,1
Businessmoguli,1
Letaliteetti,1
Homeopaattiseen,1
Parantoloissa,1
Notsohumblebrag,1
Nielemiskikat,1
Hikotus,1
Rokoteskeptisiä,1
Paskalavalla,1
Paskasammiota,1
Epätodenmukaisemman,1
Maalikylästä,1
Viikinkijuomaa,1
Siivonnutkin,1
Alttiinakaan,1
Ongelmaviestit,1
Kopypastaamalla,1
Levityskoneen,1
Kaapimesta,1
Tiedontarpeeseen,1
Vibraniumia,1
Meningokokkitauti,1
Sisallysluettelo,1
Meningokokkitaudista,1
Tautimuodoista,1
Rrrstä,1
Arrstä,1
Rrrllä,1
Hairahtamassa,1
Kuumennoususta,1
H6k5yqn,1
Kuulustelumaiselta,1
Tarkoitusperäkin,1
H6ktqjp,1
Kiitoksiakin,1
Kohtamaasta,1
Coronatarkastusta,1
Polaroidissa,1
Pikakameroissa,1
Digitaaliseksikin,1
Hätäkeskuspäivystäksi,1
Turvallisuusprofiilista,1
Kristallivesihörhöantivaxxereiksi,1
Polarisaatiopaskaksi,1
Tutkimuslääkäri,1
Äreikä,1
He2qlei,1
Pillunen,1
Naurunröhähtelyä,1
Muminapuuroa,1
Öyhötyskentäksi,1
Riskreduction,1
Idusl2n2nk1xa,1
Brittiohjelmissa,1
Komplikaatiomäärästä,1
Sukkagamea,1
Teepannullakin,1
Liveäänitys,1
Liveäänitystä,1
Dubbaamassa,1
Moderoidaankin,1
Ryönäviemäripesäkkeitä,1
Vaalisalaliittoihin,1
Mccainkin,1
Kongressiedustajaa,1
Glitchanneista,1
Tarkastuslaskuun,1
Tarttuisitte,1
Trippailijaksi,1
Rekentavaan,1
Lässyttääkkään,1
Itkupotkukilarit,1
Noppasäkää,1
Turhemmansorttista,1
Kirjoitusmahdollisuutta,1
Mvlehdet,1
Öyhötyslaudat,1
Sanavapaasti,1
Näennäissyy,1
Hoksaatte,1
Itseksennekin,1
Päitänne,1
Suomenlinnassahan,1
Itseristiriidassa,1
Klikkiroskalle,1
Sinivihreyttä,1
Soteuudistuspakettiin,1
Miksaussäätimen,1
Koronarokotuskuolemien,1
Tuntemattomampaan,1
Sotepelleily,1
Lainvalmisteluvirkamiesten,1
Höpöhöpöuudistuksilla,1
Siivoustoimet,1
Kulttuurilippuja,1
Nettivarauksessa,1
Jonoprioriteetit,1
Koronapsykoosissaan,1
Elovenatyttöjä,1
Bläkkisfacella,1
Hehkeämpiä,1
Bläkkismutru,1
Raskauskokeilut,1
Kyselisikään,1
Ihmissyöntirituaalit,1
Kidutussymboliikka,1
Laatutakkeja,1
Uudelleenpaketoituina,1
Foliohatturunkkareista,1
T2wmlmh5sc9qkqlf7,1
Tartuntaturvalliset,1
Jurvonen,1
Leiriöiltä,1
Leiriyöraha,1
Metsäradiossa,1
Rokotefirmoilta,1
Herkkähipiät,1
Mitaleitaan,1
Vihertyypit,1
Thermometers,1
On0wkk,1
How_to_possibly_reach_39c_degree_core_body,1
Nähtävösti,1
Sahalaitaisesta,1
Kärmeestä,1
Evoluutiomalleihin,1
Hengenlähtövaaraa,1
Ammattialkoholistien,1
Enkkukontekstissa,1
_kalsarikänneistä_,1
Ylityökuolemat,1
Bonuskertoimella,1
Pakettitehtaan,1
Trierissä,1
Hirschel,1
Juutalaissyrjinnän,1
Westphalenin,1
Westfalenien,1
Ylhäisaatelistoa,1
Juutalaissukuisen,1
Porvarissäätyisen,1
Westphalen,1
Kihlautuivat,1
Kommunisni,1
Powertrippailemassa,1
Reklamoinneilta,1
Midsåmmar,1
Käyttäytymismatriiseihinhän,1
Bläkkismeininki,1
Ylänuolettamassa,1
Tampereellekaan,1
Logoani,1
Huuhaapiirit,1
Metsäradion,1
Ylärimaa,1
Teettäjäksi,1
Urakoitsijasi,1
Maaurakoitsijalla,1
Rakennuslakikin,1
Vähenenevät,1
Hikkaniksi,1
Twutter,1
Kuskikoulutukset,1
Leirivuorokaudelta,1
Konfirmaatiobiasia,1
Terveysvaikuttajat,1
Musiikintuotannossa,1
Autoradioitakin,1
Dialogiääniraidoista,1
Kuuluvuuskamppailua,1
Syömätikuilla,1
Gympietä,1
5bovme0xrqy,1
Saksalaisauton,1
Jotton,1
Anekdoottejakin,1
Piikkiähän,1
Hypnoottismagneettisine,1
Katseineen,1
Strereotypiansa,1
Ydinvihreitä,1
Ulilautaa,1
Esimiehewtä,1
Seikkailuasi,1
Affordable_care_act,1
Sairaustyypin,1
Kellarirunkkaaja,1
Kuskikoulutettavista,1
Nuhteettomuusvaatimuskaan,1
Eläinkuljetuksia,1
Scanioiden,1
Vähemmistöedustajista,1
Grillikäryjen,1
Mettäpäivästä,1
Sotaharjoituskorvauksen,1
Sotaharjoituspäivärahan,1
Mettäjakson,1
Lämmittihän,1
Kampanjakuva,1
Urheilupamppu,1
Iltashown,1
Huumorilaulua,1
Punkstoot,1
Kasuaalimpana,1
Taajamarajaa,1
Megapixeliä,1
Keilauksista,1
Lehmänhönkästä,1
Diagnosen,1
Postcovid,1
Tähtiehdokkaista,1
Modelogiikalla,1
Banerjee,1
Anekdoottikulttuurirasseilijoiden,1
Selviettäväksi,1
Yhteiskuntasuhdejohtajana,1
Oikoluitko,1
Öyhötysvapauden,1
Virallisiiin,1
Elämy,1
Yhteiskunnallisellakaan,1
Erillaisuudellaan,1
Hopeavesitiedettä,1
Mäkiosuudet,1
Harpunsoittoon,1
Meluvan,1
Ääniongelmaisen,1
Suomikäännöksissä,1
Vihantäytteisillä,1
Saavuttamisyrityksessä,1
Rokotushuijaus,1
Ajanvaraussivustolta,1
Erikoisaloineen,1
Allekirjoituslomakkeen,1
Verkkotoimitsijoita,1
Väkivaltatyöstä,1
Liikennelogiikkaa,1
Hidasteistakin,1
Vaurioittamatta,1
Kotiryyppääminen,1
Kalsaroida,1
Mythopoloksen,1
Yhteytiedot,1
Rakentamispolitiikkaa,1
Kokonaisanalyysistä,1
Luvallistetut,1
Huuhaasontaa,1
Allekirjoituslomakkeeseen,1
Allekirjoituslomakkeella,1
Salailukulttuurin,1
Toolchainia,1
Pistepilvestä,1
Karttatiedosta,1
Sinkkulevyjen,1
Jukeboksien,1
Miksatuimmaksi,1
Hommaristiretkiä,1
Tukeutuiko,1
Raportointisivusto,1
Uutitsotsikoidenkin,1
Vähemmistöryhmäläisittäin,1
Sokerivesifirmojen,1
Gamerjuomana,1
Stereonakin,1
Äänenkontrolli,1
Bluestackilla,1
Tarveharkintaperusteisuus,1
Polarisoinninlisäykseen,1
Poterointiin,1
Hännystelijävalkoritarilta,1
Droneensa,1
Huopakattosi,1
Duckining,1
Siivouslastan,1
Siivoussienen,1
Kestokangaskassit,1
Kuljettajavalintojen,1
Meripoika,1
Yhdistelmäluvat,1
Vesijettivuokraamoiden,1
Haittavaikutustapauksia,1
Decodecin,1
Peilikatolla,1
Vaihteistorikkonaista,1
Vitsisimuttapaskempi,1
Vaihtotarpeella,1
Palathan,1
Vuotiaassakin,1
Siitsti,1
Krabbor,1
Tokentubella,1
Heristäneet,1
Romati,1
Monikanavaiseksi,1
Kommenttiosastoista,1
Täysmuotoisia,1
Takomiselle,1
Signiä,1
Työkalusetille,1
Musiikkiesityksissä,1
Pikaviestinpalvelujen,1
Hubaisin,1
Testipuikoissa,1
Klikkaikka,1
Liposomivektorit,1
Ekspression,1
Analflyktisista,1
Verenkiertoasioita,1
Laserkeilaustaan,1
Rantakäsipalloliitolta,1
Kieltäytyisinkö,1
Anafylektisen,1
Neorasismi,1
Opkskelin,1
Npusseet,1
Demareinen,1
Familly,1
7upista,1
Lvyyrm1ekomm9zn,1
Histenväristä,1
Pitkäteräisestä,1
Nipotuksista,1
Metaillaan,1
Ensivitutuksen,1
Nakuhalailemassa,1
Reaktioitaa,1
Tilavammilla,1
Koronavirusekspertit,1
Ääriviivoillakin,1
Rokotekorttiani,1
Nk6s7pl,1
Pahamaineisemmat,1
Henkirikollisista,1
Pmc5906799,1
Gamebananasta,1
Moderointoa,1
Hullupyssymies,1
Prinsessahäitä,1
Helvattaa,1
Bläkkisylläri,1
Juhannusyöhön,1
Jenkkituotannoissa,1
Kosovolaisiahan,1
Kommuunikokeilut,1
Piilohierarkiaa,1
Piilohierarkioiden,1
Keskivertomieheltä,1
Krakasolmun,1
Itkuhalipiiri,1
Koulukiusaamistilanteessa,1
Piggyn,1
Kummpania,1
Lähdelimu,1
Týömarkkinaneuvottelusta,1
Neuvottelukaveria,1
Ketjuisa,1
Keskikanavaan,1
Stereoraita,1
Kääpiöitymään,1
Järvessään,1
Naapurijärveltä,1
Rökästä,1
Järveensä,1
Muikkuverkkoa,1
Troolareillaan,1
Raiskatumpia,1
Faktioihin,1
Defenstraatiota,1
Mämmikourista,1
Ylikuolleisuudet,1
Excess_mortality_in_the_european_union_between_january_2020_and_may_2021,1
Markkinointiisastolle,1
Nessassery,1
Suunnitteluprosessista,1
Ottammisen,1
Pihaporukasta,1
Rokotepassijärjestelmää,1
Graffittivideoita,1
Tunnistusavun,1
Bikinimimmeistä,1
Naistensukkiin,1
Pornestarin,1
Vastaehdokkaalla,1
Bwaaaaaaaa,1
Höpistii,1
Pyykivaihossa,1
Maanmittauslaitoksenkin,1
Rakennuspykälät,1
Vaelluksesi,1
Kumuloima,1
Internettijonneille,1
Sopimuspiirustuksissa,1
Paratkoot,1
Odtamalla,1
Lestadiolaiskulttuuri,1
Hyvävelimeininki,1
Henkirikosuhreissa,1
Talonlaajennus,1
Vaihtoehtopiirin,1
Hyvävelimeininkiä,1
Mainisemieni,1
Emitterien,1
Vetouisteluveneitä,1
Kitkemisoperaatiot,1
Paloturvallisuuslain,1
Spraypurkilta,1
Diffurent,1
Treeenamista,1
Rokotepropaganda,1
Propagandakonttorin,1
Volssia,1
Viikkoraporteissa,1
Lestayhteisössä,1
Rokottautumattomissa,1
Stjärnor,1
Ohjelmateollisuuden,1
Sairaalatarpeita,1
Lainavehkeinä,1
Perustushiekat,1
Lecaharkoista,1
Kukkalaatikko,1
Salaojitettiin,1
Vuokrakaivuri,1
Pintamultaa,1
Pikkukaivuriin,1
Vuokravehkeellä,1
Makkarakakkajakkara,1
Ebu_r_128,1
Hjäklar,1
Bläkkislogoo,1
Miljuunasta,1
Naplitsoossa,1
Плече,1
Pletshe,1
Naplitshee,1
Äärioikeistoryssäbottien,1
Laboratoriotestihän,1
Paarempaakaan,1
Плечо,1
Naplitshoo,1
Googletteluiden,1
Epäsivistyny,1
Ilmatukialuksella,1
Rxm9kahnj,1
Ihmissyöjäheimot,1
Töhöähän,1
Mielipidevankiloita,1
Compoo,1
Sponssituloja,1
Ukkoskaari,1
Hetalian,1
Kaaottisiksi,1
Geeniteknologinen,1
Väriterapia,1
_kuolet,1
Ingvarilla,1
Keskikajaria,1
Pikkukajareita,1
Kääntäneelle,1
Saundipolitiikan,1
Kävyltä,1
Ihmissyöjäkulttuurista,1
Stereovahvarista,1
Stereokamat,1
Aivanuusivirke,1
Suomen_thaimaalaiset,1
Midsommarista,1
Alakulttuuripiireihin,1
Prosessointiketjulla,1
Ennakkokarsia,1
Normitelkkarilla,1
Ammattilainenhan,1
Ihmisrymiä,1
Nokkosenkin,1
Hipaisetko,1
Nokkospusikkoon,1
Tautitapaukselta,1
Kitalakena,1
Yyyyyäääääääh,1
Esimerkillisyyden,1
Ulosotonkaan,1
Tilaatokeskuksen,1
Tietokantapalvelusta,1
Naidten,1
Pienemmiöään,1
Kokoaluetta,1
Syvyyttäkään,1
Sementtisäiliöt,1
Ränneiltä,1
Sadetynnyri,1
Yhteistoimivuus,1
Painesensorit,1
Äänisensorikin,1
Pussihousu,1
Sementtiastiat,1
Myyräihmisestä,1
Kurmuutat,1
Nykytilannettan,1
Yliveloittamisen,1
Reunakivissä,1
Astroturffasi,1
Hakutermeissä,1
Paskatägiä,1
Neliömäisyys,1
Pitämättään,1
Lompakkotaskussa,1
Persalamäki,1
Thaikkuravintolaksi,1
Miehenmallina,1
Totrahmnxls,1
Ihmisraunoita,1
Byrokrtaialle,1
Screeshotattu,1
Reunattoman,1
Vierasvenesatamalle,1
Näkemyjkset,1
Paljhon,1
Pouolia,1
Noidebn,1
Piuhimaan,1
Monikanavajärjestelmälle,1
Fiksuusperusteisiksi,1
Ktshc,1
Jarjestojohtaminen,1
Eaiaiqobchmiqdirrbyc8givjmltch2usaefeaayaiaaegi,1
D_d_bwe,1
Vahinkosaneerausprojektia,1
Kuuluinut,1
Vihasubista,1
Mopopojistakin,1
Jälkituotantoon,1
Kaatopaikkaakin,1
Sotkijoillensa,1
Edelläolevassa,1
Tujottavia,1
Bemarikuskeihin,1
Radikaaliseuroihin,1
Puhdistusmaksut,1
Vaneerilevy,1
Vaneerille,1
Bommaamista,1
Pmmpeetä,1
Saaristolaisveneilijäpariskunnan,1
Keskimoottoriwickströmin,1
Länkyllä,1
Mustavalkoasettelulla,1
Kevyenliikenteenväylään,1
Keskushermostohakuista,1
