Yritysjätin,1
Verotusuudistuksia,1
Myrkyllistähän,1
Retardimmin,1
Verkkopankkiviestejä,1
Pikamaksutoimeksiantojen,1
Peruskepappiloista,1
Ravintolatarjonnassa,1
Pizzoistani,1
Makeampikin,1
Pitsaketjukin,1
Veroympäristön,1
Alemmuudentuntoisena,1
Statusahdistujana,1
Hiillosmakkaroiden,1
Vähärasvaiseksi,1
Laktoosittomassa,1
Perhepizzasta,1
Sotasurmien,1
Valtiollinen_poliisi,1
Sotavankitoimiston,1
_sotavankitoimisto,1
Pikamaksutoimeksiannot,1
A1444703052330,1
23baaa62a33bff4a35f5d12562e9a1ac,1
A1305992826339,1
B5dc332a34a41d4ddd720319c9181b29,1
Mortgageja,1
Greenspanilla,1
Otsikkotoimittajaksi,1
Magneettistimuloitaisiin,1
Koordinaatiotehtäviä,1
Verkkopankkisopimustasi,1
Sumutorveksi,1
Byrokatia,1
Yhteysmies,1
Työmurheiden,1
Ottolapsestaan,1
Leilasta,1
Paatso,1
Nuudelipää,1
Punelius,1
Tuplajuustopizzaan,1
Tuntihinnoitellulla,1
Asiakkuustyypistä,1
Maksutoimeksiannoissa,1
Rahanpesuepäilyistä,1
Postikyselyn,1
Konttorikäyntiä,1
Konttorikäynneillä,1
Ylisosialistisia,1
Rasvalätyt,1
Maksutoimeksiannot,1
Verkkotapaamiseen,1
Verkkotapaamisessakin,1
Houkutustekijöistä,1
Kävijäkunnassa,1
Volkswagenien,1
Verkkotapaamisella,1
Kuluiksikin,1
Googleltakin,1
Hipsteryhteisöiden,1
Omakodista,1
Radonissa,1
Piperrysannosten,1
Nahkalompsassa,1
Kraakenin,1
Räjäyttämätöntä,1
Verbaliikkasi,1
Sytytyslankani,1
Tietosuojastandardeja,1
Rautanikkeli,1
Tilinavaustoiminnot,1
Vilettaa,1
Kaktusviikunasta,1
Tuntemisvelvoitteen,1
Wordsearch,1
Word_search,1
Länsimurre,1
Vakoiluvirastoilta,1
Verotietoihisi,1
Vilettasta,1
Savuporopitsasta,1
Arkimeininkiä,1
Vieruksille,1
Kylmäkoneille,1
Lämminvesivaraajaankin,1
Aggrekaatilta,1
Kuormansäädön,1
Vaiheisellakin,1
Aggrekaatissa,1
Hätävalaistusta,1
Lähihuoltoasemalta,1
Verotasoaan,1
Kokonaisbruttokansantuotteesta,1
Euroexittiä,1
Puujalkakommentin,1
Somemarkkinointivastaava,1
Pakolaiskulttuurikeskus,1
Monikultturi,1
Divinefapperin,1
Päällesyljeskely,1
Kertainvestointinahan,1
Markettideodorantteja,1
Naisvankilalle,1
Rentouttivat,1
Hashell,1
Pizzakonseptia,1
Talkinsa,1
Talteenottojärjestelmät,1
Gatemouth,1
Tnrkk9v8ekw,1
Montreuxissa,1
Verdsfv,1
Wpq,1
Rahansiirrolliset,1
Restamaxin,1
Italialaispaikka,1
Rtvbz,1
Avaremmilta,1
Lempparimerkkiä,1
Tulijakin,1
Pizzapohjakin,1
Muslimikeskeisen,1
Läheisyysvaje,1
_naisiin,1
Kohdistuvaa_,1
Kymmenlapsisen,1
Hihhulitutkimukset,1
Erivärisävyinen,1
Pmfc,1
Neuromodulation,1
Mk5zmxyvca0,1
Auramon,1
Keväällisten,1
Hirmupakkasista,1
Hätävarasähköllä,1
Kilpailemaankin,1
Malala_yousafzai,1
Kritisodia,1
Kääntäenhän,1
Asfaltintekijät,1
Oppiluokilla,1
Sovinistipaskan,1
Dieseltehdas,1
Infraäänimelua,1
Vieraanvaraisuuteni,1
Naapurillisella,1
Alunperä,1
Hammaslankailu,1
Vapauttamisiin,1
Vankeinhoitokulttuurin,1
Copypastattuun,1
Olovelvollisuutensa,1
Minfocopypastauksen,1
Sarjakuolemantuottaja,1
Pikkurikossumasta,1
Tehotarkkailemaan,1
Venesatamissa,1
Roskiskalat,1
Vittuvirkkausta,1
Slummiutumisongelmat,1
Yksityistapauksista,1
Ärtyyntyjässä,1
Keskustelufoorumilainen,1
Taustajutuista,1
Lapsirahoja,1
Äänitutkimusta,1
Torrenteistako,1
2itwx1,1
I_accidentally_watched_the_90_minutes_of_deleted,1
Yhteenliimattu,1
Twinpeaksdeletedscenespetition,1
Qp8dquq5umq,1
Yleiskäsitteillä,1
Valaistuneisuudessansa,1
Naispedofiilia,1
Vihalahko,1
Sisäsiistinä,1
Ojalaa,1
Muistuuttaakseni,1
Reisiparta,1
Ikipms,1
Mammapöksynsä,1
Kotikulttuurimme,1
3oq1kc,1
Nuivien_esinahkat_palaa_kohta_poroiksi_jos,1
Rikosilmotuksii,1
Rikosilmotuksist,1
Keskustoriin,1
Pizzoistaan,1
Äänioikeustapaus,1
Huomiotajättämisen,1
Äänioikeuskysymyksen,1
Luokkakysymyksenä,1
Ajoivathan,1
Luonnonkaloille,1
Ystavaa,1
9d4bf2ae,1
Suomalaispankin,1
Mamuist,1
Syonniinvitunoikein,1
Rymäseksiä,1
Tulouttamattomat,1
Imnkä,1
Möödä,1
Kokatakaan,1
Jauhekalapihviä,1
Hiilokselle,1
Järjestyksenvälvoja,1
Salkkunäkökulma,1
Espooseen_avataan_uusi_vastaanottokeskus_alaikaisille_turvapaikanhakijoille,1
Imseventeen,1
A1305985742440,1
A1443925773958,1
Heittettäis,1
Pireis,1
Sekavalt,1
Documentista,1
Mortgaget,1
Cdo_squared,1
Jumbos,1
Ostoskeskuksis,1
Långströmillä,1
Rapakaljoista,1
Talousteoreettisia,1
Scifihtäviä,1
Thesimpsonsforever,1
Chiefwiggumfiles,1
Sylkenyttä,1
Etuoikeutetummasta,1
Lounaspaikaks,1
Viruttuaan,1
Taikinalätkää,1
Veroparatiisitoimet,1
Megapankit,1
Pankkireformin,1
85_en,1
Salatieteeseen,1
Rattijuoppoepäilystä,1
Röllirollit,1
Snipattu,1
Koontitililtä,1
Lakkakin,1
Täysjärkisemmältä,1
Suurkäyttäjiin,1
Jokeripokerista,1
Taulukkolaskuri,1
Laskentaspesialistin,1
Tekstinkäsittelyohjelmisto,1
Postipojan,1
Panssariammusluin,1
Toimintaehtoja,1
Ylväälle,1
Nobelistihan,1
Penkkiurheilukokemusta,1
Väkevöittämään,1
Ynnäyslasku,1
Addiktiivisena,1
Fantasialiigoihin,1
Lapiopää,1
Lipukkeina,1
Lottojärjestelmässä,1
Vaatimmalla,1
Rehevöittämisen,1
Kulutusyksyntää,1
Heiolen,1
Perunanistutuksessa,1
Paskiaisuudella,1
Turvansoittaminen,1
Epäinhimillenä,1
Mieslaumoille,1
Vastaksia,1
Kansalaiskeskusteluyhteiskunta,1
Markettiasteikolla,1
Kassakonetyyppipakon,1
Ammattilaisuhreja,1
Ihmisokeuksellisesti,1
Miesoikeusaktivismi,1
Equalitarianismi,1
Oikeuttettuja,1
Sukupuolioikeus,1
Astutusajan,1
Kiimamittarilla,1
Siemennykselle,1
Astutukselle,1
Pienelaimet,1
Pankkireformia,1
Pankkireformi,1
Reservipääomaa,1
Johdannaispositioita,1
Kokkinurkassa,1
Lunastusoikeutta,1
Biancanevuto,1
Uskonsisarten,1
Nysvättävää,1
Kiimalima,1
Betvmcp,1
Slummiutumisessa,1
Pelionnesta,1
En20030612,1
W9x7kzb,1
Ilmailuteollisuudessa,1
Feministijulkaisuja,1
Pahvimainen,1
Kiimanmittaajia,1
Varoitettais,1
Ahdisteltais,1
Koirankasvattajalle,1
Dailytech,1
Article20038,1
Lukaste,1
Ptvlqjc,1
Pohojaalaasen,1
Kuumeesesti,1
Kauniisa,1
Maisemisa,1
Vilmissä,1
Ilmestysi,1
Itkumasturboi,1
Vedonlyöntipuljut,1
Zibaletta,1
Keskiväki,1
Pakastekalapuikkoa,1
Laatukalastamisesta,1
Käteisnettipokeria,1
Kiimoista,1
Kerotimia,1
Vedonvälittäjiltä,1
Mielikuvituspitoisen,1
Olkiukkovuodatuksen,1
Maksupäätetosite,1
Maksupäätetositteen,1
Salatreffeillä,1
Kaulailivat,1
Valvontakameralaitteistot,1
Tallenteineen,1
Benriachin,1
Birnie,1
Satojen_miljoonien_verotulot_tarjolla__simppeli_keino_ei_kelpaa_suomessa,1
Uinahtelee,1
Raflaruokaa,1
Sinitakkista,1
Buonnahabhain,1
Ilay,1
Khmeeriksi,1
Giiirl,1
Innostuipa,1
Häpykarvojenikin,1
Kanssapelaajina,1
Päivätyöpanosta,1
Houu,1
Flamea,1
Yltiömäisellä,1
Ardbergin,1
Viskihuuruissa,1
Ardberginhan,1
Euroarktisen,1
Toimistokohtaisia,1
Kiihotttaa,1
Ajavamme,1
Esnimmäiseksi,1
Viherpeikot,1
Natsipoliisista,1
Ravintolasäädöksiä,1
Veronkiertokikkailujaan,1
2015101320513220_uu,1
Alkosa,1
Paljoaka,1
Kiimaisimpia,1
Poikettavissa,1
Vipperästä,1
Vipperä,1
Viuhunaa,1
Roolimalliinsa,1
Karikatyyrikuvaansa,1
Astelmaan,1
Sympatisoitaisiin,1
Patriarikaalisen,1
Puhtaaksipestä,1
Omantuntoaan,1
Sortaakseni,1
Totosta,1
Kiimanmittaaja,1
Kiimanmittaritar,1
Kiimanmittarittaritta,1
Katukielen,1
Laprhoiag,1
Verojakiertävät,1
Syynäilyllä,1
Kusipääliikettä,1
Jaksottelemaan,1
Höröhöröhörö,1
Aktivismiliikettä,1
Paitajupakan,1
Yleiskansallisesti,1
Nazipuolueen,1
Perhelomaleireissä,1
Etuliiite,1
Pizzantekoa,1
Rahapanos,1
Ilmaispokerit,1
Satummoisin,1
Lingvistisenä,1
Lukutaidoistani,1
Uimavalmentaja,1
Lähiöpartion,1
Peltosaaren,1
Turmelluttamaan,1
Kylpyammeineen,1
Siisteytymisvälineineen,1
Laatukanavat,1
Vartionnin,1
Inttämisenhalua,1
Rimpuilussa,1
Fantasiasession,1
Valkkailen,1
Sanapalkalla,1
Feminisnit,1
Krapulaläpyskästä,1
Vänkäysviestejä,1
Järkitoveri,1
Hyvinvarusteltuun,1
Luksusgulagiin,1
Voittoihisi,1
Ennätysavointa,1
Vihatoimi,1
Raviontoloiden,1
Vieraillakkin,1
Matkailusivuilta,1
Maailmankatsomusfiltteri,1
Ohimyynnin,1
Uhkapuhe,1
Röntgensilmiä,1
Huumepotista,1
Järkiperäinenkin,1
0kj9w0km,1
3op3vc,1
Ravintolap,1
A4n_pizzan_pit,1
A4isi_maksaa_15,1
Viesin,1
Suvakkivässykät,1
Peaty,1
1zpgmlltexf99kcqgjcnwgdy7_dceq8cdil1ijklkoue,1
1px70thec5v,1
Te8ficlmrfmhel6er5yzp_tnykadtavo,1
Viskiarvosteluista,1
1kew19,1
Scotchit_reviews_an_analysis_update,1
Ardbegilta,1
Muistikuvanikin,1
Reagoivalle,1
Urheiluvedonlyöntiin,1
Yksittäiskohdetta,1
Quartteri,1
Maistamati,1
Kuuple,1
Hakulauseita,1
Antifeministisyydessään,1
Reunajäsenet,1
Reunaeliö,1
Mediauskottavuus,1
Magneettisimulaatiota,1
Hotellivankilassa,1
Liikennekuljetukset,1
Laitossafkaa,1
Raitisvesiautomaatista,1
Poliisisalaliittoa,1
Kasvojenmenetyskulttuurissa,1
Finedrams,1
Ls2dcji,1
Ekvalisteille,1
Pakolliseseta,1
Leikkausraivossaan,1
Menokuriahan,1
Jäsenfirmoille,1
Aktiivijärjestöissä,1
Vertaisryhmähoitoon,1
Päiväkirjaterapiaan,1
Kutistama,1
Allegorioihin,1
Yksituumaiselta,1
Sukupuolentutkimusseminaareissa,1
Koululaitoksellemme,1
Huumoristisesta,1
Tulosseurattavaa,1
Projen,1
Poronpallien,1
Suburahat,1
Katumyyjinä,1
Informaatiokulutustapojen,1
Systetisoimaan,1
Kristisoimasta,1
Sävyisille,1
Asennettansa,1
Ruokaprotesti,1
Suvakointina,1
Monikuulttuurisuus,1
Bussikuormallisisa,1
Salakuljetusrinki,1
Käyttöjörjestelmää,1
Sammalloitumisen,1
Populäärimielipidettä,1
Toteutunt,1
Ylävenettelee,1
Valtiobudjetteihin,1
Verkkoterapialla,1
Masennuksenhoidossa,1
Masennuksenhoitokeinot,1
Mielenterveyshoitomme,1
Masennuksenhoitoon,1
Masennuspilleriä,1
Pillerireseptien,1
A1337652905033,1
90b25d4b84fd27212e1b07c462f49723,1
Samaanaikaansuomessa,1
Kalastusretki,1
Myrskyoloissa,1
Karigasniemeä,1
Lääkekänneissään,1
Huumevalistusjutuista,1
Thl_rapo1_2015_web,1
Sukupuolentutkijasta,1
Radikaalivihreys,1
Naiskirjoittajat,1
Feminismisuuntaukset,1
Bollywoodilaisen,1
Vampyyrikultti,1
Rustaamiksi,1
Bulkkijuomista,1
Tyttökohu,1
Rzyn6ib,1
Swzvfhj,1
Cvwwpi7,1
Eijjjjjumalauta,1
Esikiroilijoina,1
Horonkäristys,1
Markettilaagereista,1
Roskakoridiagnoosi,1
Kellopeliperuna,1
Pärekorityöpajassa,1
Terveysimago,1
Hedelmainen,1
Aamiaismysli,1
2a9336746,1
Päivähoitolaeilla,1
Oshirase,1
140425_1,1
Verkkoterapiassa,1
Pääkätköään,1
Välitilejäkin,1
Edesvastuuttomampaa,1
Ghostrideria,1
Virranrajoittimet,1
Elektrodia,1
Elektrodiasettelulla,1
Rwnpsiks,1
9fz7r8vdv4o,1
3s0x46920bcafd16dec7,1
0xf813a98613a63932,1
8j1444669200,1
Roadcam,1
3ort3x,1
Fin_across_helsinki_in_a_motorcycle_in_10_minutes,1
Cvzv9yd,1
Trollanneesi,1
Pistäisittekö,1
Vaginaanne,1
Sadrin,1
Teinihelvettiin,1
Poseeraajien,1
Imitaatioitaan,1
Veroepäselvyydet,1
Tuomionlukuun,1
Petosvyyhtituomiotaan,1
Warpwallet,1
Warp_1,1
6_sha256_e68d4587b0e2ec34a7b554fbd1ed2d0fedfaeacf3e47fbb6c5403e252348cbfc,1
Hirmupaha,1
Maksimirankaiseminen,1
Ansaitsemismahdollisuuksiin,1
Kajoamattomuutta,1
Yksityisluontoista,1
Lenmem,1
Dvdi,1
Rzy,1
A1444882831925,1
383c7fc0ddb087ffbfb3f262fae8061a,1
Paloittelumurhaajia,1
Kustannusanalyysista,1
Suunnanvaihtoon,1
Päivähoitolait,1
Salarymaneiksi,1
Womaneiksi,1
Ohimyynti,1
Hihavakioon,1
Xqevmsvqdlg,1
Scanner_wear_1,1
Shellinkän,1
Ongelmahn,1
Parkkeeraamasta,1
0cc0qtwiwamovchmiwsdgyrxeyaivsocach0epgxd,1
3dok3ohl5lvew,1
Afqjcnen1sab97cd9mkcrht5zjxww9,1
0cceqtwiwagovchmiwsdgyrxeyaivsocach0epgxd,1
3dk6nfb5vmrh0,1
Afqjcnhadjduisgahlnr0kkzdomxuxfm6w,1
0cccqtwiwawovchmiwsdgyrxeyaivsocach0epgxd,1
3dfelglm9cuuk,1
Afqjcnfahx3wu_wkwcnr6qzw6cpzwsdjna,1
Analyytikkofirmojen,1
Barbarahelsingius,1
Vasas,1
Mqsoeuzmevy,1
Saginaw,1
Jp5hjsaerju,1
Jhfptwzfrue,1
1b69f817,1
36f4,1
05f5497713f4,1
1qhsdlfs1je,1
Dbexrdvfqoi,1
Fhvuaw8xu9a,1
Springbankia,1
Stv9abeja5u,1
7d59eyccfwy,1
Kokoelmatuplalevy,1
Paikkakunnnista,1
Matkailukaupunki,1
Uhrilampaiksi,1
Lapsisyntyvyyden,1
Luettelo_helsingist,1
A4_kertovista_lauluista,1
Jalkapallojengeistä,1
Penkaissut,1
Nykyimagoon,1
Почемучка,1
Promosivut,1
Artikuloinnistasi,1
Standardidevianssin,1
Etuliikkeitä,1
Jälleenristiä,1
Yksityisluontoisen,1
Dilemmoistaan,1
Trolliartikkelit,1
Mootiivia,1
Vertaisarvioisi,1
Väärinkäyttöaikeet,1
Rinkirunkkaajina,1
Tukoholmankadun,1
Pyöräilijätappaja,1
Artikuloinniltas,1
Argumentoinniltas,1
Jalkapöytäänsä,1
Yhteiskuntavaikuttajiemme,1
Hirttotapaa,1
Kannatusbiisiks,1
Pxleyes,1
Syömäkalaa,1
Jäseenydestä,1
Säänölisellä,1
Reddiquettesta,1
Lääketieteeltäkin,1
Kestävyysvajearvio,1
A1444793373935,1
50c6c00ad9c48bfbecb8ac778aecc065,1
Alentavampana,1
Viraalimainostaja,1
Devianteiksi,1
Oheisseurauksena,1
Etsintädataan,1
Korruptoimattomimmassa,1
Participants_in_operation_enduring_freedom,1
Hääkulkueisiin,1
Niittamaassa,1
Varusmiesajoiltasi,1
Lqmpgs9ouxvmcq8,1
20151015_171243,1
Kiimanmittarittareitta,1
Yksityistenhintojen,1
Tumblrelita,1
Mielenterveystilaltaan,1
Kielitutkijana,1
Radikaalisiipiin,1
Korkeastikoulutettujakin,1
Käyttvän,1
Oudywvxnkbu,1
Kiveskannot,1
Poronnahat,1
Mediakytköksiään,1
Maahanmuuttobisneskytköksiä,1
Kirjottavia,1
Shillauksesta,1
Sympatointi,1
A4lotta_virallinen2014_1,1
Da54f775,1
1b08,1
6ed50b062d4f,1
Sivistysjärjestelmää,1
Ylilihavilla,1
Ääriratkaisuun,1
Epänormalius,1
Dixonia,1
Transseksuaasten,1
Transseuksuaalista,1
Kehitysvammaisliiton,1
Huiuiix,1
Jalkapohjaani,1
Puoltametriä,1
7cagcex,1
Kbffzt3,1
Myöhästeleviä,1
Kulukorvaustyöhön,1
Salamurhakampanjaa,1
Pac1i9d,1
Natohullujen,1
Trailsit,1
Reputtais,1
Kansalaistestissä,1
K5d1js2,1
Machir,1
Hongkongilais,1
Osakeviranomaiset,1
Tilintarkatusyhtiöltä,1
Ekstravahvan,1
Aktivismishorttaus,1
Mysteeriajatukset,1
Huumelasteihin,1
12167416_10207950767344008_738300703_n,1
59882fe96c1d4584b7d88f527922913e,1
5621da9d,1
Pacmaneja,1
Luottamusmieskurssilla,1
Jarppahan,1
Mökkitalkkarin,1
Kinnostumattomien,1
Viheredustajien,1
Kylpylähotelleihin,1
Tulkkauspalveluihin,1
Maasaan,1
Säälikyyneliä,1
Mokotusta,1
Hyysäysjärjestelmästä,1
Rajavalvontaoperaatiolle,1
Heterosuomalaiset,1
Erityisopetukset,1
Ylyeissopimuksen,1
Asiantuntija_pienempi_palkka_voisi_avata_tyopaikkoja_nuorille,1
O4e3il6,1
Täydellisestäkin,1
Järjelleni,1
Luidsjoqcmg,1
Mukakosteita,1
Cw0le9y,1
Ogot9yqkbnm,1
Takakanavaa,1
A1444884069090,1
C40ac9e0f3c072d999a72f0b9a73594a,1
Tumblr_lh1gu2qlac1qa5cluo1_r1_540,1
Tähtitieteeen,1
Neuvojenantajaa,1
Mentuluus,1
Komppanianpäällikkömme,1
Avainseikka,1
Xui,1
Shljuxa,1
Photshopmestareita,1
Mptchya8bxo,1
Holderit,1
Teliasoneralta,1
Сергей,1
Вернуться,1
Суоми24,1
Платим,1
Реддит,1
Caissista,1
Veromätkyihin,1
Liikennevaakuutusmaksuista,1
Törttölynsä,1
Savitaipaletta,1
Zerohedgea,1
Fgaolq9,1
Nyttämättä,1
Bxj7e9estoq,1
Tiputtamaksi,1
Kanjapisturismimarkkinoille,1
Länneltäkin,1
Avustusrekka,1
Ak8wgyu,1
Asbhrai,1
217oapifsy8,1
Opefxkclqqw,1
Snoukkamesta,1
Messuankin,1
Kasavattavat,1
Pääliiketoiminnaksi,1
Zq8ugsqwe7i,1
Verkkoterapiasta,1
Verkkoterapian,1
Verkkohoidon,1
Tsl90s4,1
Ylimukavasta,1
Sovittelijaimmista,1
Weekendfestival,1
Sietäisittä,1
Porsasteluanne,1
Puoluellista,1
Valaistuneintakin,1
Korruptiokopla,1
Tasavertaisiks,1
Valittaviks,1
Breakeveniä,1
Nlhe,1
Säkälläkin,1
Pikkuturnauksia,1
Säkäilin,1
Tiistaiturnauksen,1
Alikertoimia,1
Kortinlaskija,1
Kortinlaskua,1
Qvyc3sh_igk,1
Uunip,1
Ajettuapyörätie,1
Jalankulkujärjestelyt,1
Ravintolakriitikoita,1
Tarpeessaolevia,1
Eleläafrikkalaisnaista,1
64er6mx47h8,1
Trademarkattuina,1
Suosikkijuiceni,1
Lempikappaleitani,1
Cg947oiwwaaqfa7,1
Owtqsimmavm,1
Meick,1
6jiriqnlynw,1
Oeepntvaxds,1
2ajdi8lc4xs,1
Nqkhhyp2kag,1
Huastelepa,1
Puijontorni,1
Oc7hjbn8xqo,1
C6ssph8dpmc5uu6iv5vifu7gkrx5enobzkx80q0v8du,1
Noteeratuille,1
Kiinalaisyhtiöille,1
Erääntyivät,1
Kiikkuus,1
Kynäillen,1
Euczylo,1
Hotdogei,1
Hotpigei,1
Mervinkin,1
United_kingdom_national_debt,1
Pilvikulttuurista,1
Neljältänä,1
Räyhäsit,1
Ulostaluttaminen,1
Epätodenäkköistä,1
Aktivismishorttaaminen,1
Koulukiusaajanihan,1
Mainosjulisteesta,1
Kodinsuojelujoukkoihin,1
Mervilläkin,1
Mukavimpiakin,1
Longpig,1
Ylikorjaa,1
Laillistusprosessia,1
Työttömyystukijärjestelmän,1
Ravintolajohtajankaan,1
Silminnäköijöistä,1
Työllistymisratkaisuna,1
Kuplamarkkinoilta,1
Kylläppä,1
Häiriöasiakkaita,1
Adfah,1
Fkahfa,1
Ffaf,1
Akjf,1
Hasfda,1
Adfjh,1
Fkashjdgf,1
Afasd,1
Asdfas,1
Dffdss,1
Asddfhf,1
Hfg,1
Fgf,1
Afhsdf,1
Lkjljsdasfa,1
Fz9ekxrhp9f1s,1
Pokeistakin,1
Dokaushistorian,1
Sitoomuksella,1
Oinospentti,1
Orientoituna,1
Meaterin,1
Hypemouhotukselle,1
Kukistelemassa,1
0bw1vy8x1wzhdwdlbvjlhmfc2uja,1
Avaruuspelit,1
Bwk0g7f,1
Ifx69z0m0rw,1
Citizenconilla,1
Squardon,1
Keynoten,1
Varallisuusrakennetta,1
Myyntikuluihin,1
Oöguioöön,1
Laktoosillisena,1
Portablena,1
Norttipertti,1
Prophecyyn,1
Ensituntumaltaan,1
Sijoitusasunnossakin,1
Kaalisilppua,1
Tusinasoosissa,1
Lääkintäteknologista,1
Hioöoiöh,1
Kaatosateista,1
Väestöräjähdystensä,1
Resurssiongelmiensa,1
Ulottuvistamme,1
Kännykkäraudalla,1
Normisalaattipöytä,1
450ppi,1
Bladeen,1
Idioottí,1
Ikälisistä,1
Kosketushiirtä,1
Swordikin,1
Taikinalätyllä,1
Säilykeruoan,1
Juustonkaltaisella,1
Vuokraisännillä,1
Voileipäänkin,1
Krait,1
Tunnistuskuumotuksia,1
Persuedarin,1
Pahenemistaa,1
Emissions1965,1
00cfb7,1
News_docs,1
A1305993357196,1
B4910cc0c7a853072d03cb2453556d5f,1
Kaikenkarvaisena,1
Kuramutkalainen,1
Kuramutkansanomat,1
13e6,1
Mertasen,1
Ruotsinlaivasimulaatiota,1
Milliklubista,1
A1384920123305,1
7bc1e10ca597f6960039506e908b8caa,1
Mentaaligymnastiaa,1
Drunkencookery,1
Arkisetin,1
Crowdsoursattua,1
Enneaikojaan,1
Meikiksen,1
Kaupunkipyöräst,1
Kaupunkipyöräsysteemiä,1
Pyörävuokraamoille,1
Perinneruokapäivä,1
Tattooscreens,1
Bulk_images_sleeve,1
Libelous,1
Lowtaxin,1
Hardistakaan,1
9yhl24qynom,1
Alakoulust,1
Sähköpistokkeellinen,1
Softapino,1
Perustoiminnallisuutta,1
Terminaalisyöpätuomion,1
99_law,1
List_of_bicycle,1
Sharing_systems,1
Kuluttajakansalaisille,1
Naamioinnilla,1
Baariolosuhteissa,1
Hertzikään,1
Tuplapärinät,1
Omistuskämpälle,1
Välityspalkkioineen,1
Halimiseksi,1
Toyota_iq,1
Thecrewgame,1
Ferlh8kaysijme,1
Dafp67ysif3xda,1
Bysiwdpnjhj7w4,1
Truckeista,1
Lohipiirakan,1
Kolmosvaihtoehtona,1
Vuosipäivälle,1
A9lib,1
Santander_cycles,1
Hubway,1
Pyöräystävällisyydestään,1
Kompuutting,1
Disktup,1
Töörti,1
Kameraväite,1
Mertasella,1
Ravintolapäälliköllä,1
Tieliikennetraktoreita,1
Tieliikennetraktorilla,1
Th4vkd5,1
Ravintolaluvan,1
Brittiruokasi,1
Debtbombshell,1
Päivähoitoonkin,1
Yliopistokersojen,1
Sinkkuopiskelijan,1
Opiskelijanassikka,1
Päiväkirurgista,1
Poliklinikkakäyntiä,1
Serkuntytön,1
Kaupunkipyöräpalveluja,1
Robottihydrojen,1
Silverlock,1
Nvac,1
_new_vegas,1
Essential_improvements,1
Yukichigai,1
Definiittinen,1
Väkijuomalain,1
Tenu2000,1
Rahaarahaa,1
Rahaarahaarahaa,1
Rahaarahaarahaarahaa,1
Tunemytractor,1
Australialaisperheessä,1
Brittiruokia,1
H9at4kv,1
Harakkamies,1
Kuivaharjoittelut,1
Asumistuotantoon,1
Mertasta,1
Oahun,1
Unlimitedistä,1
Tarinamielessä,1
3ouhvw,1
Science_ama_series_im_dr_kevin_hill_an_addiction,1
Ullatys,1
Flässi,1
Emmctä,1
Jälkibuumissa,1
Corpsmanin,1
Patevyydet,1
Nayttotutkinnolla,1
Proposalin,1
Laaturavintolaa,1
Lorviako,1
Armeijahaarat,1
Pakkatyötä,1
Roskiinheittämät,1
Seteliselkärankaa,1
950xl,1
Oah5vkt,1
Ampumisvitsailua,1
Battlecruiser,1
Avaruussimulaattorien,1
Luuraavasta,1
Mikroaaltouunithaikkulaatikosta,1
Opiskelijanassikoiden,1
Yliopistokersat,1
Xymgogc,1
Kokeilukautta,1
Kovakumipyörät,1
Trashays,1
Ilmaislahja,1
Ammuyövuorossa,1
Hỏa_lò_prison,1
Uurisraporttia,1
Werewolfiakin,1
Tilaamattomalla,1
Yksityiskeikalla,1
Cgmagonline,1
Totalbiscut,1
Äänestysaloite,1
Aikasoppariks,1
Kortinlukupäätteitä,1
Nlrboyj,1
Modiporukan,1
Yzdqtpsdl1w,1
L4ueoc5,1
Auchentoshanin,1
Kyläleileen,1
Muffinia,1
8xnqhgsr,1
Liuskekivellä,1
Suulaudella,1
Hissipuheen,1
Croudsourcingilla,1
7h8dcod,1
Ampumisvitsistä,1
Pohjasakkakommentista,1
Tietovuoto_paljastaa_yhdysvaltojen_lennokki,1
Iskut_erittain_epatarkoiksi,1
Avustusjarjesto_syyttaa_yhdysvaltoja_luvattomasta_tunkeutumisesta_kundusin_sairaalaan,1
Syytäjillä,1
Kärrypantilla,1
Korttipohjaiset,1
Lukitussysteemit,1
Pizzayrittäjälupia,1
Kartellirikkurit,1
Kustomiteemalla,1
Mastermarf,1
Missiollesi,1
Tasaerälyhenteisellä,1
Ostoajankohdalla,1
Lörssonillekin,1
Omistasen,1
Dfgfdsgsd,1
Pizzankaltainen,1
Ravintolakokemukseksi,1
Soikeenaan,1
Hampurilaisaterioitaan,1
Toiseksimainittua,1
Innovaati,1
Volateelina,1
Nakoispatsas,1
Minitietokonetta,1
Vakioruokala,1
Yläveneenne,1
Shoitajistasta,1
Tieliikennetraktori,1
Lähihoitajistoa,1
Tkrutp4,1
Tuottavuusperustelulla,1
Muistovideo,1
Baaristapoisto,1
Blogihessu,1
Eriksonkin,1
Veltostuttavat,1
Bixiä,1
Lukitussysteemiin,1
Kaupunkimenopelin,1
Puhkeilevat,1
Pyöränkumit,1
Nippeliosaaminen,1
Ajokorttivaatimuksista,1
Maatalousajoja,1
Moottoripolttoöljyn,1
Ajokorttitulkinnasta,1
Odelma,1
Korttimalleja,1
Tulkintaohjeiden,1
Ajokorttivalikoimaan,1
Liikennetraktorikortti,1
Avioliitonvälitys,1
Alallista,1
Salamurhaohjelmasta,1
Petturitapaus,1
Kaljamahaiseen,1
Puoleluetoimiston,1
Traktoripoikia,1
Arkirealistista,1
Liikekiinteistönsä,1
Kannattavuushintoja,1
Theory_of_value_,1
28economics,1
Minikoneita,1
Päivitysmahdollisutta,1
Yhteensopivuusstandardeja,1
Työpöytäohjelmiston,1
Kohveria,1
Oux0nle,1
Laununtekijä,1
Moog_konttinen,1
Zoneinfoa,1
Nuianleseqm,1
Kultuurituotanto,1
Meisselisetä,1
Saavutuksellanni,1
Stabilisioitunut,1
Patsassa,1
Muistipelistä,1
Jeselnikin,1
Liikenneradioon,1
Traktoriongelman,1
Taiteilijaeläkkeestään,1
Ryntäsitkö,1
Junttileimaa,1
Hanoin_torni,1
Puoliaasialaisessa,1
Interceptiin,1
Hypänneelle,1
Tiedustelukoneeksi,1
Medialukee,1
Kalsarikänneillen,1
3____,1
Pestaavat,1
8ijk8s4,1
Vetästää,1
Solidifoituu,1
Naapurejaan,1
Laitostapauksia,1
Laitostumisalttiutta,1
Kannatusjäsenyys,1
Kannatusjäsenyydestä,1
Kannatusjäsenyyden,1
Xe7xpbg,1
4s8rqhd6,1
20oispa,1
20kaljaa,1
Deletraziseni,1
Ylinuolia,1
Hydrauliikkalohkoja,1
S1349770591457,1
Rio_de_janeiron_kristus,1
2c_j,1
A4ljittelij,1
A4t_ja_kilpailijat,1
Statistiikkana,1
Heilamarkkinoilta,1
Kestotilaat,1
Subscriptionista,1
Uhritemppeli,1
Munanjohdin,1
Hoitokielteinen,1
Vauhkoajatko,1
Tuhotaksemme,1
Kommunikaatioyrityksesi,1
Asiantuntijapaneelia,1
Päähinesovelluksista,1
Suvakkimokotusmediat,1
3orbup,1
Rulkonasilmukasta_pizzakeskustelu,1
Cvzul30,1
A1444962734812,1
1a0ab049f47406b84eacbeff7d5d446c,1
A1444969393745,1
38f006683a91147c2bf0a124102ae986,1
3okezc,1
Poliisi_kertoo_teille_pitsoista_me_kerromme_v,1
Cvy0p1h,1
3opgmt,1
Ravintola_m,1
B6i_16_euron_pizzaa_590_eurolla,1
Cvz9cd1,1
Raportoikaan,1
_aussi,1
Insinööri_,1
Orjuutussuunnutelmia,1
Piinapenkillä,1
Meritukikohdasta,1
Nappamisyritykset,1
Yanukovitsia,1
Yanukovits,1
Yanukovtsin,1
Tahtomattomasti,1
Ydiniskuista,1
Mainostoimistoyrittäjä,1
Ravintoloitsijapariskunnan,1
Pizzajahdissa,1
Hätänumeroissa,1
Tulostajista,1
Renderöidyt,1
Pikkuresolla,1
Tslrcm,1
Arvokäsityksiltään,1
Paheksunnassa,1
Haalineelle,1
Hyökkäystavat,1
Gressel,1
Koulutustilanteiseen,1
Syrjäyttämis,1
Uutisraportilla,1
Nvussa,1
Acapela,1
Facebookkailut,1
Wxxrpe0,1
Ovppa1c,1
Alueeelle,1
Sp76vrn,1
Vedenlähteensä,1
Vedenlähteeseen,1
Basiniin,1
Harperhan,1
Korjattavaakaan,1
Tiehaaraan,1
Lempipainija,1
Patsaskaan,1
Doktriinilta,1
Velivenäläiseltä,1
Backannut,1
Ennakkotilauksissa,1
Preordereihin,1
Nojautuukin,1
Hyväntekeväisyysbordellitoiminta,1
Subscribaamisen,1
Netissäkeskustelu,1
Hommatyylistä,1
Zpjq8jqrpq8,1
Tiedonjulkistamispalkintojen,1
Kotitukikohtaa,1
Erikoihallintoaluen,1
Rauhanturvasopimukset,1
Tskhinvalissa,1
Ossettien,1
Läpikulkualueesta,1
Ihmisvahinkoilta,1
Rauhanturvaajasopimuksen,1
Väkisinliittolaismaissa,1
Realitettiä,1
Muodasta,1
Yliarvoineensa,1
Joukkoujen,1
Aivoaineksesta,1
Kunikaita,1
Hakanloituvat,1
Maatietä,1
Pakolaisporukalle,1
Flamesodat,1
Tuhlaamaani,1
Somejakojen,1
Valmiussuunnitelmien,1
Sotakorkeaan,1
Torjuntasodan,1
Mamupizzoja,1
Mamupizzayrittäjä,1
Halpispizzojensa,1
Käteispizzaostot,1
Mysteerimenun,1
Sairaaksihan,1
Talousrikostukijoita,1
11902324_10153682340729095_1763855757145638721_n,1
Lehmänpaskatorttuihin,1
Pyörilöydyin,1
Kannabiskahviloissa,1
Riskienottohalusta,1
Herkullisempiakin,1
A1444963424386,1
F096a1b55d969859b2bd1596918531cc,1
Jättibanneri,1
Joulupesä,1
Aromipesa_verkkokauppa_1000x370,1
Cacheprevention,1
Normipalkkatyössä,1
Marmattaneet,1
Yliopistokersa,1
Swanljung,1
Perhetuttuihin,1
Kannabispiikittelyt,1
Ylittäessämme,1
Läppäisemään,1
Viskiänne,1
Sairastajillakin,1
Valtuutetullesi,1
Laamaantumisena,1
Nykyiselään,1
Omasuojalaitteiden,1
Pahkiksessa,1
Mällipaperiin,1
Libidollensa,1
Alkuperäinekin,1
Viraalitarinan,1
Sponssituotteiden,1
Mainosarvoltaan,1
Kakissa,1
Ajattelins,1
Lämpökeskuksena,1
Neekeriukkojulisteita,1
Ehdoksista,1
Anniskelumäärien,1
Vaputtauttamaan,1
Mietintäryhmälle,1
Anlhygo,1
Huvituksensekaisella,1
Surullisenhuvittavamman,1
Mainosverkkojen,1
Tietoturvakolojen,1
Säilyttämisestäkin,1
Keskikaljakohukaan,1
Chansseja,1
Kohtaloituneet,1
8tf,1
Nspt,1
Yritysoppeineen,1
Pallivahalainen,1
Neohipsteri,1
Popsimiensa,1
Suosikkielokuvansa,1
Nimikkohahmo,1
Vastaraitistunut,1
Mtiqmhflsuk,1
Plb4a096fe55865235,1
Yllätyslähetys,1
Verkkomainostajien,1
Halpislyhärin,1
Soveltamisten,1
Triplaviski,1
Verhoutunee,1
Selviytymisestäni,1
De6tpxs,1
Masturbointitarina,1
Perustarpeistakin,1
Niksipalsta,1
Huuruisempi,1
Naislaumaan,1
Be6vt7w,1
Alottelubisse,1
Barbaarimaisesti,1
Laitetoimittajilta,1
Tietoprojektit,1
Purukumiviritykset,1
Directorya,1
Veropalautusprosentista,1
Aluetukipolitiikasta,1
Juomavedella,1
Kannullisetkin,1
Kirjautumishommat,1
Exchangeksi,1
Deusm,1
Allledlighting,1
Perusjärjestelmä,1
Ongelmatuotteen,1
Tuotepisteeseen,1
Austinilaisittain,1
Igdjlx7,1
Naminamikivaihqa,1
Monottajallekkaan,1
Hurrikaaninvarma,1
Monenkirjavaan,1
Ohjelmistovalikoimaan,1
Käyttäjäkaartiin,1
Lempikäyttiksestä,1
Uudelleenkäynnistämässä,1
Lenovo_firmware_nasty,1
Rautaongelmat,1
Vgseduq,1
Virttään,1
Kuorossaan,1
Jorkkelia,1
Toimittajatyölle,1
Juoppokavereiden,1
Edustelemaan,1
Tukemiä,1
Itserakastelu,1
Promotyötä,1
Crapawarea,1
Thinkpädien,1
Maitothreadi,1
2sjbkn,1
Milk_consumption_in_europe_in_liters_per_year_per,1
Viskiketjun,1
3orf9t,1
Viskimiehet_tarvitsen_apuanne,1
Nettoetuina,1
Syöjäkuormaan,1
Kulttuurinvaihtoketju,1
Femtolasikissa,1
Jamesoneja,1
Pėres,1
Hemingwaystä,1
Sixpackille,1
Vh4awowblzk,1
Vasenakselilla,1
Titaanisankaiset,1
Ohennetuilla,1
Kovapinnoitelinsseillä,1
Naarmuuntumisongelmaa,1
Specsaverssilta,1
Nettipalveluit,1
Katsastellu,1
Rililt,1
Dsquaredit,1
Silmälääkäreil,1
Optikoil,1
Kuvaamoihin,1
Instyle,1
Kehyksiset,1
Perusrillit,1
Työläppäristäni,1
Bisnesrautaa,1
3p3iu0,1
Vasemmiston_kannatus_nousee_vaikka_kummastakaan,1
Cw37pwx,1
Perussoftien,1
Ydinliiketoimintajärjestelmiä,1
Valmissoftalla,1
Toteutustyöstä,1
Valtionhankkeiden,1
Valttikorttimme,1
Frgonvx,1
Rikollisjahdissa,1
Naamakertoimiakaan,1
Valtioteteitä,1
Salmiakkivodkaa,1
Vanhempainyhdistyksille,1
Kerhotoimintana,1
Materiaalihankintoina,1
Sosiaalitukiinkin,1
Sorkkisin,1
Leikkuupäälle,1
Silmälasimyynti,1
Teollisuuslaitoskin,1
Nauruhalpaa,1
Rekisteroitymisella,1
J7juuudvsua,1
Kuvapotretteja,1
Tarrakuvien,1
Miinuksellemenovara,1
Croppaantunut,1
Moottorialuksella,1
Maudlin,1
Sentimentalists,1
Scoundrels,1
Flatterers,1
Disgus,1
Weeper,1
Irremediable,1
Propre,1
Vaarn,1
39dollarglasses,1
Runkusta,1
Esitippakin,1
Itsetyydytyshommiin,1
Orgasmisi,1
Emperorit,1
Arozzo,1
Monzat,1
Sopettamistoimista,1
Reunahiotaan,1
Hoyiin,1
Essilorista,1
Erikoiskaarevia,1
Reunahiontoja,1
Varastolinssit,1
Polkupyörälähetillä,1
Lääkemainontaan,1
Kustantajatkin,1
Pikkukorruptioon,1
Pohdittavanaan,1
Dokumenttistandardi,1
Massayritys,1
Hengenpitimikseni,1
Troppeineen,1
Lakoaakin,1
Setäpuoliniinistö,1
Tulorakennetilastosta,1
Paidanpesun,1
Maisteriopiskelijoilla,1
Tutkimusinvestointeihin,1
Tulehtumiset,1
Kuivasilmäisyyden,1
Scrollatko,1
Marginaaliverokeskusteluun,1
Inttävä,1
Rapulapäivänä,1
Amerikkasiiven,1
Rikastukaan,1
Työintoon,1
Lisäponnisteluista,1
Hintavaikutuksista,1
Homopalstasta,1
Aluepolitiittisin,1
Päivittäistavaroilla,1
Nettotyöansio,1
Rakennusammattilaisen,1
Mukavahän,1
Erotican,1
Karkkirahoiksi,1
Triplaviskejä,1
Ameerikassa,1
Palveluasteen,1
Homopornolehteä,1
Liberaalinpopulistinen,1
Ennalaa,1
Attribuutiksi,1
Tiedonkeruupalveluiden,1
Huutojohtamalta,1
Herrailemaan,1
Yliopistovastineensa,1
Palvelusitoumuksella,1
Viikonloppupäivystyksissä,1
Keikkalääkärifirmoilta,1
Tuontivetoisia,1
Humanististyylinen,1
Haaveilitteko,1
Välimerenkin,1
Matsonius,1
Ucpsiigpyn_rllw2rfrncjvq,1
Viiltävimmällä,1
Ihmiskyvyn,1
Pakkosäästämään,1
Jättisuurien,1
Popuk1f,1
Mwq,1
10m43s,1
Ymmärtämättömyydensä,1
Puutavaraliikkeessä,1
Tekstinsyöttöäkin,1
Facades,1
Sulkemaaan,1
Ulkomaalaisvalvontatehtäviin,1
Vatsahappoisen,1
Kestoisa,1
Röyhtäyksellä,1
Fruugolla,1
Nettikauppaliiketoiminnasta,1
Markkinasiivu,1
Miljardiliikevaihtoa,1
Zalandon_liikevaihto_lahestyy_jo_kahta_miljardia__mutta_voittoa_ei_tule,1
Krapulapatukka,1
Aborttipötkylä,1
Henkilöstöpanostuksilla,1
Jakätevämpi,1
Rillipäiden,1
Kuivasilmäisyydestä,1
Perhse,1
Kuivasilmäisyyttä,1
Palkkojenmaksu,1
Marssinutta,1
Toimistomummojen,1
Muovihötköttimiä,1
Qd26s,1
Tulosyllatys,1
Magneettipatjaan,1
Dippainsseistäkin,1
Muovilelusta,1
Ashi_2015_06_2015,1
Asvu_2015_02_2015,1
2015q2,1
Tiedeohjelmana,1
Bemeristit,1
B005lpziz6,1
Sponsoridiileistä,1
Myyntitavaksi,1
Ruokkimismaksuista,1
Balanssirannekkeet,1
Läpimurtotutkimuksia,1
Markkinatietoisesti,1
Motivaatiopuute,1
Lokamylly,1
Verkostokusetukset,1
Pitkämäestä,1
Libertaarian,1
Kaupanpitosäädöksiä,1
Prismastako,1
Amwaylla,1
Neliövuokrina,1
Tilastonkannalta,1
Prosentuaalisille,1
Markettidödöä,1
Ammattiylpeydestään,1
Purchase_rationalization,1
Outox,1
Obsessionhan,1
Znbikkxm2p8,1
Hidastajina,1
Netittömiä,1
Pilotoimiin,1
Seuraamuskia,1
Käteispalvelutkin,1
Litkis,1
Litkisikin,1
Pääomatuloverokertymän,1
Hevosvaunusta,1
Metallisankaset,1
Nykymuodinmukaisia,1
Muovilaseista,1
Ohennustekniikat,1
Sokkopöllöksi,1
Fåniga,1
Påhitten,1
Rajanvalvontasuunnitelmaa,1
Plussast,1
Mielipidebarometreillä,1
Communicaattorien,1
Mq20n0u,1
Naisvauvojen,1
Sahtor,1
3p8fdn,1
Tvt_180_player_event_armafinland_fin_vs_tushino,1
Takuuvarmavoitto,1
A1436153186111,1
Haineväuutteiden,1
Hainevän,1
Hailta,1
Lakushotin,1
Perushanaolutta,1
Alkoholiaficionado,1
Paskatequilasta,1
Procenten,1
Avunpyytäjistä,1
Hakeutivista,1
Rintamaidostahan,1
Hakupalsta,1
Norjaanko,1
Twitc,1
Haaste32008,1
Rikoksentorjuntaaalkoholipolitiikalla,1
Pokerilobbarin,1
Maahantuontiraja,1
Tölikassa,1
Fllbv4gw9j8,1
Alijäämäongelmaa,1
Tehottomuustappiota,1
Trokannu,1
Resistiiviseen,1
Khilafassa,1
Jäsenmaksuvähennys,1
Vitosversio,1
Kutosversio,1
Ankkurivauvat,1
Kerjäilevät,1
Pönikkäviinien,1
Viininkulutusta,1
Mukanapysyvät,1
Kohtuutuloiset,1
Viinipönikän,1
Olutvalikoimilta,1
Viinivalikoimilta,1
Myyntiveikkoja,1
Lakimuutosasetelman,1
Kulutusmuutoksen,1
Saatavuusmuutoksista,1
Ruokakauppaviinin,1
Markettiviinit,1
Peruskeskiolutta,1
Kärkidensoja,1
Hamstratessaan,1
Tissuteltuna,1
Leffaidean,1
Värinäpiiriä,1
Paitahommissa,1
Silityksessä,1
Kauluspaitamiehelle,1
Henkinäkijän,1
Syntymäpaikassa,1
Genetiikoissa,1
_vuosittain_,1
Sunnuntaisafkat,1
Voittajakuvista,1
Huippuviroista,1
Luontokuvalla,1
Kaarisulje,1
Asianaisena,1
Superveronmaksajia,1
Zuurnalistia,1
2fsarjavoittajat,1
Atteelle,1
Amatööriluontokuvaajille,1
L12bdl8,1
Iänylittäneet,1
Teollisuushallikonseptia,1
Nasaalipissisääni,1
Täydennysmieheltä,1
Rillirollet,1
3fkzwki,1
Adrealiinipitoista,1
Kotiviiniks,1
Perusreitti,1
Kiiteltävissä,1
Kuitenekaan,1
Sjoittajalle,1
Rahastuttaa,1
Ycazxectbna,1
Lauluja_forssasta,1
Folkloristisuudesta,1
Kiihkoileviin,1
Yliopistoteologia,1
Häkkimatsin,1
Vapaataistelu,1
Rosenbergille,1
Funtsittuja,1
Spamfiltteristä,1
Naistumisesta,1
Syöpäoireet,1
Spämmikoriin,1
Megaliittojen,1
Pesulapalveluihin,1
Kruunattavaksi,1
C26e3824,1
E868,1
56e0,1
Cca04d4bb9b9add5,1
Ddtuwtz,1
Olutmainoksissa,1
Mököttävällä,1
Varallisuuskuplia,1
Määräaikaistallettajilta,1
Lainanmyöntöhetkellä,1
Väkisinsäilyttäminen,1
Oluttilausta,1
Verkostopyramidit,1
Luottoluokitukselle,1
Velkarahoitteisissa,1
Maanantaivitutukseen,1
Kotikasvatushitlerakan,1
Persereijistä,1
Pohjakoulutettuja,1
Mamumiljardöörit,1
Öljysheikkiä,1
Mamuttanut,1
Eteenpään,1
Torpedopöllö,1
Sarjavoittajat2014,1
Ln9bbub,1
A1445218925879,1
6da97da6560473c184aa8382a1d4dad2,1
Farmaritkin,1
3nfx1r,1
B6katsaus_roopeset,1
A4_ja_rahareformi,1
Rahareformista,1
Šokilta,1
Ekonomiateoriaan,1
Kulutuskäyttöäni,1
Aktivistisijoitan,1
Mölähdystä,1
Velkatililläkin,1
Lyhynnyksenä,1
Velkatililtä,1
Verkestomarkkinoinnilta,1
Pyramidipelien,1
Ekonomiateoriasta,1
Xshraud,1
Pelikonemuseossa,1
Laatumerkeistä,1
Guessit,1
Verbaalitemput,1
Halvoiksikin,1
Hernerouhetta,1
Kolmeakymppiäkään,1
Elähdyttävästi,1
Barbaarijuntilta,1
Tyylikkyyskriteerit,1
Artikkeili,1
Kokoajiksi,1
Homopaska,1
Liikuntamaikalla,1
Joukkuevalintatilanteessa,1
Susku,1
Jääkäriyhdistykseltä,1
Väripolitiikkaa,1
20nielty,1
20tikkanen,1
Tissuttelupöhnään,1
Näytemyynnistä,1
Hipstereilyyn,1
Ottipäähän,1
Sukeltajakortin,1
Allasvaihtoehto,1
Vinc,1
Ncxnaowf9sw,1
Hipsteripeukut,1
Tjqi6ii,1
Selittäkäpä,1
Pääömaa,1
A1445219922316,1
62620e82f83491d13de4070d83b53f5d,1
Puhuttelumuodot,1
Palveluhenkilökunnalta,1
Värikoordinoi,1
Grigio,1
Juokkuueenkokoajiksi,1
Viimeiseksivalittuja,1
Kaverilinjalla,1
Lohelalla,1
Pukeutumiskysymyksissä,1
Suomifirmoista,1
Riistotehtaalta,1
Kalusteissaan,1
Integraatiomyönteinen,1
Mausssa,1
Käytöstapojahan,1
Liikuntatuntimuistojani,1
Lätkäjannut,1
Kakkosjoukkueessa,1
Pinkomalla,1
Puheenvuorossanne,1
Lukumatona,1
Tahingossa,1
Melentjeff,1
Tbzbzyv,1
Kapteenivalintojen,1
Reippainta,1
Alfauroksenalkuja,1
Joukkueidenvalintaa,1
Hitaammanlaista,1
Ihmekalsarit,1
Mifazwy,1
Tuplahousujakin,1
Oskillaation,1
Nylkemiskulttuuriiin,1
Munapussi,1
Sanamuotoilun,1
Pukeutumisohjeisiin,1
Pukeutumisohjeista,1
Problematisoisin,1
Sirfluffyn,1
Kontekstinappulalla,1
Purkinavaajista,1
Urheiluharrastajille,1
Tasoistensa,1
Huutojaoista,1
Yksityisrahallakin,1
Nyppiny,1
Kepulinvahvuisia,1
Punkutkin,1
Maitokauppaviinistä,1
Ludwug_van,1
Vastikkellista,1
Kasattukkin,1
Tiukastihan,1
3p4shh,1
Ceo_steve_here_to_answer_more_questions,1
Cw34nuj,1
Yksilöliikuntavaihtoehtoja,1
Tarkoituksensamukaisesti,1
Kehoilusta,1
Ihmislippua,1
Platzilta,1
Leffavuokrauksen,1
Ohmahgerd,1
Kylpylähotellivastaanottokeskuksia,1
Rahoituslaitoksissahan,1
Sicarioa,1
Rikostrilleri,1
Hbokin,1
Kuvapastea,1
Lähiömäisesti,1
Tehostespektaakkelit,1
Staarvarssi,1
Matkarihkamamyymälää,1
Hydrauliikkafilmejä,1
Järjestöpuku,1
Ed2f3d14552597ad56419c74d709f329aafa2876c111ebbdf8a0142f3ca609e4,1
Toimintakuvaa,1
Img_3950,1
Itseksekin,1
Ghiblimäisestä,1
Maksakastikkeella,1
Pukeutuakaan,1
Pullukatkin,1
Uimapukumuotia,1
Paa43ri,1
Junttirasismilla,1
Sopeutusohjelmien,1
Lyncille,1
Wync,1
Klaustrofobiseen,1
Juomatyyppeihin,1
1syrjäyttänyt,1
Scifileffoiksi,1
Kultturellimmalta,1
Nykynyttiläisetkin,1
Poikamiesillan,1
Sirvili,1
Juomistapojaan,1
W7k17y3,1
Glvkviui0bg,1
Liikunnanharrastaja,1
Tehosteissa,1
Elokuvamaussani,1
Swordsman,1
Tt0057715,1
Samuraileffoja,1
Mizoguchi,1
Anarkiaassa,1
Cinessä,1
Цена,1
13р,1
80к,1
Kopika,1
Kopikas,1
Noustutta,1
Laputtavaan,1
3pcz6m,1
A_month_passed_by_and_felt_the_need_for_some_new,1
Finnpolin,1
Teatterivalikoiman,1
Againin,1
Learningfilm,1
Moviesinthemaking,1
Selkikielellä,1
Juodulle,1
Yskilölajit,1
Liuskekaasusta,1
Nyrjähtely,1
Laistelun,1
Leikkaussuunnitelmaa,1
Virheasennon,1
Pesulautaa,1
Tonttupuvussa,1
Doogeneitä,1
Antipodinen,1
Alkoholisoivalle,1
Pikkolopulloja,1
Alahyllypullonkin,1
Velkojaltakin,1
Kommunikoitaisi,1
Jengiperinnällä,1
Timchenkoa,1
Cw53wn8,1
Alkuverryttelylenkillä,1
Tirkkoselle,1
Etuseinämä,1
Xcdgfkf,1
Vuosivuokran,1
Alivuokrausketju,1
Alivuokralaissopimuksia,1
Mokutusmedialla,1
Taululukaupat,1
Sponsorivermeiden,1
Rahasummillakin,1
Kalliemmat,1
Talvinahkakengät,1
Ylipositiivisuutta,1
Pikamääräyksellä,1
Mukavuusseikat,1
Naururaidallas,1
Milkoaikio,1
Elämäpistemittari,1
Kamppanjoit,1
Sarjafilmien,1
Parkkisakkojasi,1
Nimäe,1
Laputettavalta,1
Mätkitiin,1
Ydinmädän,1
Splitiltä,1
Y2g2_8l9sza,1
2015101720514202_tb,1
Tätäkeskusta,1
_lähi,1
Idän_,1
Puskabaarin,1
Puliveivarilta,1
Sinähänsä,1
Väliaikaismajoituksissa,1
Mainontasponsorointijatuotesijoittelu,1
Pawtrekkeriä,1
Tilapäismajoitukselle,1
Kirjoittimen,1
Moonvien,1
Savustuneilta,1
Iñárritun,1
Huippunäytteliät,1
Glazerin,1
Sicariokin,1
Toimintatrillerit,1
Baumbachin,1
Rakkaudessani,1
Hipsterikomedioihin,1
Opetusputkesta,1
Ihmestykseni,1
Canalin,1
Naurunpyrähdykset,1
Sanoeen,1
Kähähähää,1
Myötähepeän,1
Pippelisuola,1
J4x04bh,1
Kanjapispöllyissään,1
Traktoripirut,1
Saunoistakin,1
Siviilisessä,1
Yhteiskuntahistoriassa,1
Kotouttamisyritysten,1
Arbetsmarknadsnytt,1
Hojd,1
Pelivälin,1
Valintarivistä,1
Suosikkikisa,1
Thzfjwlqfnm,1
Yllätyslyöntiin,1
Gscqcbt,1
Bangladeshiläistä,1
Ensinäytös,1
Tt1226229,1
Soundtrackkiin,1
Jonkumoises,1
Järjestykseks,1
Kansallisuuksie,1
Väliste,1
Kasvetaa,1
Muotoutuis,1
Hevoskisasta,1
Matikkakilpailut,1
Psoasilta,1
Tt0118708,1
Leffateatterikäyntejä,1
Feigin,1
Myrkkypäästöihin,1
Herttaiseen,1
Tutkakuvaan,1
Tt0082334,1
Kauhupätkät,1
Väkivaltarikostuomioihin,1
Epätasasuuden,1
Brittikielellä,1
Näytelmäkirjailijaa,1
Salakuuntelevasta,1
Draamajutuista,1
Verorahahintaan,1
Alkaenka,1
Aiheutetaa,1
Keskiarvollahan,1
Puhelinjäljitystekniikan,1
Kasvattaneetkaan,1
Nostalgioimaa,1
Beavisilta,1
Beavisandbutthead,1
Havaittii,1
Suomalaisetha,1
Tutkimustuloksee,1
Törmäämisest,1
Nyhjöttämällä,1
Liikuntatunneila,1
3pc2pm,1
Koululiikunnan_myrkytt,1
A4n_opiskelijan_kirjoitus,1
Cw56119,1
Moonvie,1
Vaikutelmahan,1
Cringettäneeni,1
Asuntolainojahan,1
Ajanpäästä,1
Miestenvaatetusliike,1
Popcorntimes,1
Suurkäytössä,1
Kevyään,1
Kekkaloimalla,1
Kahdetkin,1
Pehmoisilla,1
Popojen,1
Reunospohjakenkiä,1
Lankillakaan,1
Haukeakaan,1
Muovipuku,1
Opetusryhmäjako,1
Alkamisvuonna,1
Purkkipissaus,1
Poistorekkiä,1
Harsuuntuminen,1
Soikeasta,1
Kolmiulotteisuudesta,1
Gravityt,1
Fanittelukohteita,1
Yusc6k2,1
Tt0114558,1
Tulevaisuuselokuvia,1
Tt0102536,1
Rajaukkelit,1
Planet_of_the_apes,1
Spoilaamattomia,1
Tt0970416,1
Ticket_prices,1
Elokuvakohtaiseksi,1
Plussasetelillä,1
Rekryyteille,1
Melekoosen,1
Yksityisautoiluriippuvaisuuteen,1
Yhteisövoimin,1
Klikinsäästötekstin,1
Yhteisövoimalla,1
Rekiströityneet,1
Euroopanlaajuisessakin,1
Lisenssimaksulle,1
3½kk,1
Identiteettivarkaustilejä,1
Uutiskanavina,1
Turoissa,1
Kontrolloikaan,1
Merentutkimuslaitos,1
Ympäristökeskuksessa,1
Meritutkimusta,1
Syke_info,1
Finmari,1
Merentutkimuksen,1
Wingiin,1
Sekakäyttäjäporukoissa,1
Asperiini,1
Alkoholilasin,1
Ongelmallistettiin,1
Jumitutte,1
Satunnaispolttelijalla,1
Pottele,1
Leffakeräilyn,1
Digiuutisoinnin,1
Sokerimuroille,1
Hiihtodopingjuttuja,1
Sisäänpäinkääntymistä,1
Olkinukkeharjoitelmalta,1
Huumetesteisteistä,1
2015102020537606_uu,1
Rekryessä,1
Setäilyltä,1
Kusitesteissäkin,1
Faketilejä,1
Yhteinen_tilastollisten_alueyksik,1
B6iden_nimikkeist,1
Euroopanlaajuisesta,1
Keskiarvoindeksi,1
Kannabiksenhaittavaikutukset,1
Epäjumalanpalvelukseen,1
Farmakeus,1
Eksytettiin,1
Henkioppaiksi,1
Rohdoksista,1
2c_in_purchasing_power_standard_,1
28pps,1
2c_by_nuts_level_2_region,1
2c_2013_,1
29_ryb15,1
Päihdekäsityksestä,1
Neekeripesäke,1
Köyhdyttäähän,1
Vaalialueetkin,1
Nekrutpitaatappaa,1
Selittöisiköhän,1
Yksityistetymmät,1
6945e6q0f,1
Leffatorrentteja,1
Ideoineensa,1
Elokuvateatteriketjuilla,1
Elokuvapaneelin,1
Investointihankkeen,1
Annanilta,1
Veteraanijohtajia,1
Poliitikkoyhteyksiin,1
Asiantuntijapyyntöjen,1
Ylippilaskuntien,1
Aamupalatuotteet,1
Tasapainoittamalla,1
Yllätysrakasteltiin,1
Pornosarjakuva,1
Ostovoimallakin,1
A1445303955643,1
409e3cc93dda422b105056b3dbacf2fd,1
Reputettiinko,1
Cw67ltm,1
Latausrinkulaa,1
Päättäjävaikuttamisesta,1
Lamameiningillä,1
Kreikkameininki,1
Rämpillä,1
Töihintulotarkastuksessa,1
Gross_domestic_product_gdp_per_inhabitant_in_purchasing_power_standard_pps_by_nuts_2,1
Filled1,1
Tonyisback,1
Aamiaismurojani,1
Hurrrrjan,1
Mkasut,1
Reagoineensa,1
Tekijänoikeusrikkomuksessa,1
Cw681bx,1
Ympäristökeskuksella,1
Meribiologin,1
Roskasivustoa,1
Väliaikaistiedostoja,1
Tallennetuiksi,1
Materiaalialia,1
Korkkaakaan,1
Tyrkättäisiin,1
Kitaransoittokoe,1
Kitar,1
Elokuvioida,1
A1445222739106,1
845f88c6ea5a1dacb0c98056233735c5,1
Überrasistisia,1
Stereotypisoitumista,1
Ostovoimaindeksissä,1
Blue_banana,1
Planeettajärjestys,1
Merkuriuksella,1
Telkkuohjelmista,1
Kakruille,1
Guggenheimideologiaa,1
Merentutkimusta,1
Meribiologiaan,1
Merinisäkkäistä,1
Kalatalousvaikutusten,1
Ymparistotieteet,1
Akvaattiset_tieteet,1
Biovetmiljoochmarinbiologi,1
Merinisäkästutkimuksessa,1
Alasottomenetelmät,1
Ojvzglwtrcs,1
Havaittiinko,1
Yhdysvaltalaiskoneen,1
Huimaustestit,1
Syrjässäkinhän,1
Areenaleffoja,1
Valikoitavan,1
Professionaliakin,1
Kiristysriski,1
Työttömyyskammoinen,1
Huumejuoruilla,1
Kiristäville,1
Mittaluokalta,1
Veikkailisi,1
Porntubet,1
Terveydenhuoltosysteemiinsä,1
Zo14w5s,1
Kohtame,1
Hiisaakin,1
Polttelufrekvenssi,1
Kahvitusbudjetista,1
Ongelmallistamisen,1
Torrenttivehkeet,1
Patjastaan,1
Kiiltokuvapoikana,1
Fecessä,1
Nightit,1
Omantakeinen,1
Goofyltä,1
Talouspulu,1
Dtdd,1
Shitlords,1
Milankragujevic,1
A1305906199012,1
Morsiankin,1
Kahdeksanvuotiaskin,1
Avioliittoluvan,1
Kuiken,1
Perusmuotoisessakin,1
Väljak,1
Sädekimppu,1
Päihdeohjelmasta,1
Kattopaanut,1
Didaktiivisia,1
Lapsirakkausfobian,1
Ylivelkaannuttu,1
Elintarvikestandardit,1
Avioliittoahan,1
Ages_of_consent_in_south_america,1
Mannemeininkiä,1
Tuhlaajapoikiin,1
Palkkavetoista,1
Kaltevuuskulmassa,1
Pallonpuoliskoille,1
Alkasem,1
Normilukiolaista,1
A1445311178306,1
0a8685113fa171dcf6eb5a0458e17fc4,1
Selvityskaavakkeet,1
Tieyissä,1
Tyzadcz,1
Mainoskampanjana,1
Koulutusmaana,1
Erikoisavioliitossa,1
Pelinappulanaan,1
Acoc,1
Crf101915,1
X29,1
Inflight,1
Mbb_x,1
31_landing,1
Palautussopimuskin,1
Im_really_offended,1
Hallitus_suunnittelee_lukuvuosimaksuja_eta,1
Alueen_ulkopuolisille_opiskelijoille,1
Yrjösellä,1
Hävittäjäasiantuntijoiden,1
Vähäsuolaiset,1
Ylen_toimittaja_sloveniassa_satoja_pakolaisia_alkeellisessa_leirissa__he_ovat_kiihtyneita,1
Politiikkatyökalulla,1
Kaljaporukoihin,1
Päänsäkyy,1
Cse455,1
08wi,1
Project3,1
Jonobird,1
Ncall,1
Xw1,1
Pgomseegc_4,1
Kk8i9106cfc,1
Avaruustoimina,1
Suomen_avaruustoiminta,1
Kotitalouspalveluja,1
Vajaakäytöstä,1
Nykyjäsenille,1
Halventuneina,1
Pauhulla,1
Rajanvalvojien,1
Tuotekritiikki,1
Atomisaattoreille,1
Vieroitustuotteille,1
Niksutarroille,1
3ph9i6,1
250_000_ihmist,1
A4_marssi_lauantaina_ttipt,1
Cw6d417,1
Kyselyjensä,1
Sinnittelisikin,1
Iltaleipä,1
Iänestä,1
Kannatuski,1
Keskustaopiskelijoiden,1
6d9d9317,1
Ba2c,1
724d1ff0207d,1
Suomesta_ei_haluta_houkuttelevaa_maata,1
Tolpannut,1
Ränkingien,1
Kiituuttelivat,1
2syvä4minä,1
Perifennialaiseen,1
Folksamma,1
Suomen_kannabisyhdistys,1
Paskakulttuureiksi,1
Tärkeämmätkää,1
Ban_on_exports,1
Mamulauman,1
Pakkausapua,1
Isänmaallistuu,1
Ebofilista,1
Pedofiliahuutelijat,1
Koodistoamme,1
Reliefistä,1
Kuitutarpeen,1
Perussi,1
Multiroolihävittäjänä,1
Korvaamaanhan,1
Asetelluksi,1
Sinivalaistuin,1
Monitoimisemmaksi,1
Maataistelukoneen,1
Palveluskokemusta,1
Metnet,1
Siiderinkin,1
Loïc,1
Mutakikkelit,1
Hävittäjätyypeistä,1
Ilmaherruuskoneiksi,1
Vihollishävittäjiä,1
Ruskeasilmisiin,1
Ruskeasilmänen,1
30th83,1
A4_helvetin_vitusta_t,1
A4ki_loska_tuli_saatana,1
Keuhkorakkulatulehdukseksi,1
Popcornkeuhko,1
Maakäräjäkuntia,1
Map_combo2007countyborders,1
Viisausko,1
Marsmetnet,1
Exomars,1
Opiskelijaviisumit,1
Banaalimmalta,1
Kenkäesimerkki,1
Muotoiluohjeita,1
Simkl,1
Xm8wmikj5go,1
Nooooooooooooouuuuuu,1
Kansainvälistymisstrategian,1
Alkoholikoulutuksen,1
Maastamuuttajiksi,1
Mallasetikkaa,1
Sipseissään,1
Crispsejä,1
Kansainälistymisen,1
Peräpohjan,1
Guggenheiminkin,1
Etuseinämän,1
Multikultimmaksi,1
Balkanisoimaan,1
Hiilloksille,1
Trolliemme,1
Rysslandiaa,1
Centrialla,1
Sivukampukset,1
Sivukampuksia,1
Maailmanhalaamista,1
Maakuntajuttu,1
Koodaukselta,1
Perähikiäläisen,1
Tutoroineena,1
Tutoroitavien,1
Elostelevat,1
Rasiti,1
Suojaikärajahan,1
Akunsäästötoiminto,1
Laturinnokassa,1
Päihdeavusteinen,1
Emootioräjähdys,1
Supertuimat,1
Muussiperunat,1
Q9gnmdtotvc,1
Whatthefuckamireading,1
Hallintoviidakosta,1
Akkenguru,1
3pkuh2,1
My_friend_took_this_on_a_subway_in_nyc,1
Cw7783e,1
Heluivat,1
Viestintäohjeistuksessa,1
Verovähennetyt,1
Virhemarginaaliahan,1
4hxthpd,1
Vauhdittamina,1
T154,1
Extrapoloiva,1
Neurosiksen,1
Yp7dz4bh5ue,1
Pl2xyxl9ydrmukw,1
Xjworcejyof3wozt_k,1
Soonisessa,1
Betonijyrän,1
Etikkasipseihinsä,1
Supersankariseurueessa,1
Kuuluttelee,1
Ynnykkään,1
Kuuntelutottumuksia,1
Fmpc,1
G004,1
M6nqmeg,1
Köhköhf,1
35köhköh,1
Korottajana,1
Hevosenne,1
Tulostaulukon,1
Ostallistujilta,1
Kontrollimuuttujaksi,1
Aktivointialueista,1
Kyselydatakin,1
Vakuttaisi,1
E8n6tqf,1
Tiedote5,1
Herkkäluonteinen,1
Henkilötietojenkeräysasioista,1
Varianssianalyysia,1
Kerroinparametri,1
Neuroottisuudelle,1
Approksimaatiolla,1
Eläketemppuihin,1
Vanhuudestamme,1
Veronkiertoruljanssin,1
Nyyttärikesteille,1
Astarte,1
Epäitsenäisiä,1
Belgiahan,1
Pitkalta,1
Hatherwoodiksi,1
Brittibrändiksi,1
Brittiteemaviikko,1
Viittauksellahan,1
Suomalaissyntyperäinen,1
Materialisminvastaisuus,1
Juppeihin,1
Teknologiavideoita,1
Jie8xk6rl1w,1
Muut_uutiset,1
Vaimeus,1
Viinietikkasipseistä,1
Erityiskouluksi,1
Kokonaistukimäärää,1
Rahatueksi,1
Vuokraindeksit,1
Vireiden,1
A1444969031446,1
Cb9db2dae9e55c96ec73b2e71ada437a,1
Demokratiakaudella,1
Massaturvapaikkaturismille,1
Metastrategialta,1
Vasemmistolaispolitiikkoharjoittelijoita,1
Professori_suomi_on_palannut_provinssiksi__itsenaisyydesta_puhuminen_on_turhaa,1
Vianetsintäaskel,1
Rillipäille,1
Urheilualmanakan,1
Johtopääökseni,1
Selostuksessakin,1
Bcr,1
Patterinvaihtoon,1
Erikoisruuvari,1
Vaihtotoimenpide,1
Tiedotuskäytäntöä,1
Tiedotusohjeissamme,1
Lipol,1
Slummiutuisi,1
Bundyna,1
Koulutusstatuksen,1
Työnsivukuluja,1
Saksalaismainen,1
Mamubisneksellä,1
Suhdanneluonteisia,1
Twopack,1
Gavno,1
Maidottomiksi,1
Käyttäytymisvelvoitteensa,1
Päihdevoittoisesta,1
Siirtomenettelyihin,1
Privacystatement,1
Gavarju,1
Toimitettaisin,1
Selluloosamatriksi,1
Kaikkienhyödyn,1
Extraparempien,1
Chauvinismia,1
Määrittelikö,1
Suomalaiskirjailija_kuittasi_naisiin_kohdistamansa_torkykirjoitukset,1
Solvanneiden,1
Anteeksipyyntöjäkään,1
Tötterman,1
Töttermanilta,1
Tikkaremminsä,1
Gastroenteorologi,1
3pmacs,1
Modig_vet,1
A4ytyi_perussuomalaisten_nuorten,1
Cw7h8gp,1
Härdelliähän,1
Joulupukkikoulutukseen,1
Pojat_lorvivat_toissa__yrittaja_poltti_pareensa_ja_haukkui_kaikki_nuoret_aines_on_huonoa,1
Mervi_on_mieluummin_tyoton_kuin_hoitoalan_toissa_tama_on_minun_elamani,1
Lieksalainen_leipomoyrittaja_hammastelee_kun_varma_tyo_ei_tyottomia_kiinnosta__saako_tukia_liian_helposti,1
Viiden_tonnin_kuukausipalkka_ei_kelvannut_purjehduskausikin_alkaa_pian,1
Paljon_tyopaikkoja_nolla_hakijaa__suomessa_on_tyota_joka_ei_kelpaa,1
Tuimissa,1
Tuplakravatit,1
6begaoi,1
Töostä,1
Englanta,1
Ygnodiq,1
Polelta,1
Islamikoulua,1
Jonpaa,1
Kermaanisten,1
Kosinnaksi,1
Kannustusloukuissa,1
Kititstä,1
Mannemeiningiltä,1
Kahisevasti,1
Suorasanaisempaan,1
Verkottuneena,1
Löytöretkiajoista,1
Itseriittoisuusaatetta,1
Epäitsenäistä,1
Standardisoivaa,1
Säästämisvaihtoehto,1
Toivumuslähteeseen,1
Nettikuplassa,1
Devalvaatioaikaan,1
Studia_generalia_suvanto_2004,1
Nähtiinhan,1
Saksassaha,1
Persusuomalaiset,1
Puutettako,1
Markkinoillekkin,1
Valmistustiloille,1
Art29_press_material,1
20151016_wp29_statement_on_schrems_judgement,1
Mukiloijastakin,1
Mukilointinsa,1
Mukiloijasta,1
Lainauksetko,1
Mitissa,1
Mukanapitäminen,1
Käyttötarina,1
Yhdeystiedot,1
Änkyröinteihin,1
Petolinnunperseenä,1
Tuhottomista,1
Eksklusiivisemmasta,1
Tieneliö,1
Lumenpoistokustannuksia,1
Flairijuttuun,1
Pakolaisiskysymyksestä,1
مرهبن,1
سمي,1
ابفسدس,1
كيف,1
حالك,1
Purjehtijan,1
Piiskaamasta,1
Pinperoa,1
Farrage,1
Imisille,1
Prizztech,1
Työnvälitysverkosto,1
Huudellassaan,1
Pornograafiaa,1
Jari_hanska,1
Pakkohuostaanotosta,1
Feed_assets,1
4d8a2597f3263,1
Kolmospuolueena,1
Kakkospestistä,1
Standardiarabia,1
Myötähäpeädokumentti,1
Kielipuhtauden,1
Ylähylllyiltä,1
Merkittavamman,1
Vuonu,1
Yskitt,1
Istapaud,1
21alanko,1
02pekonen,1
Ulkomaalaistaustaisuudestakaan,1
Läpikoluttua,1
Turvapaikkastatusmaininta,1
Juutalaissuvakkien,1
Kamallehan,1
Vahvistusvinoumani,1
Lääkepilleri,1
3pn3mb,1
Avointa_hallintoa_suomesta_toimittajaa_ei,1
Pimittava,1
Hxiaacsvggwa2jlx,1
Herrasmieslehtenä,1
Luomuintoilija,1
Luomuviiniä,1
Viinihedarilta,1
Suojelusperusteella,1
Kjsj4tm,1
Loppuheittoni,1
Siivotessaskin,1
Veronkiertäjämiljonääri,1
Veronkierroille,1
Lumun,1
Lomuruoka,1
Ekogolisesti,1
Lumua,1
Suomalaismiljonääri,1
Viestintäohjeet,1
Tiedotuspolitiikan,1
2015102120543834_cm,1
2015102120543833_uu,1
Käyttelevän,1
Asiapostaukseksi,1
Lahjonn,1
Ruokasella,1
Verorikollisten,1
Valehtelva,1
Briiffaukseen,1
Taiteitlija,1
Qsx7vab,1
Tilaisuuksiinhan,1
Lukukuittauksia,1
Postiensa,1
A1445398804600,1
465b615c6f99af1a081e45352a968745,1
Vassaripersut,1
Vieraanlaatuinen,1
Norjattuminen,1
Normimaidoille,1
Normimaitoon,1
Fortifikaatiolla,1
Seleeniäkin,1
Kaikenvastustajia,1
Rasvahappokoostumuksesta,1
Beaconeiksi,1
Web_beacon,1
Avausprosentti,1
Avausprosentilta,1
Massasähköpostiin,1
Työelämämessuista,1
Turvapaikanhakijuudesta,1
Yleismajoitukseen,1
J675fyt,1
Cymp70jn1ue,1
Httpblogsscientificamericancomscience,1
Sushi20110718mythbusting,1
Saapujamäärät,1
2015102120539667_uu,1
3plq18,1
B6kulma_talousrikollisten_parhaat_kaverit_nyt,1
Cw7expz,1
Lakimiehes,1
Itsenäisyysharhassa,1
Vatsaongelmaisuus,1
Tutkumuksen,1
Nimeltämainitsematomien,1
Väikkä,1
Väikässä,1
Elintarviketieteellisempää,1
Tutkintotieto,1
Työssäkäyntitietoon,1
Suparmanista,1
Gofaxon,1
Lohikärmesten,1
Gaalaillallinen,1
Maastako,1
Nimrin,1
Setbackeja,1
Hehkutteluks,1
Rakkauspuuhissa,1
Muunmoisia,1
Eksistentialistis,1
Rasvaliukonen,1
Ravintorasvoja,1
Tuntusesta,1
Kortinpeluu,1
Lauseiks,1
Lukioelämä,1
Vanhentuvalta,1
Opiskelijakunnilta,1
Käytäntölle,1
Mamulat,1
Uppposi,1
Peruskakkaan,1
Toissäpäivänä,1
Tappoajastimen,1
Ihmiskroppaan,1
Funktioitaa,1
A1305737185130,1
Nuivaillut,1
Lukioihastukset,1
Tiadottaja,1
Urhoollisuusmitalin,1
Sitaaattia,1
Jouluruolla,1
P2fbznf,1
Vituttikaan,1
Asiakastyytyväisyyskyselyä,1
Ripittämällä,1
Videoreportaasien,1
Vekkulimaa,1
Maistumista,1
Kaksoissokkokokeissa,1
Rehupelloilla,1
Rasvapatit,1
Varsiluomet,1
Internetanglismit,1
Syksylllä,1
Mustalaisiakaan,1
Panoksellamme,1
Avaruuskansa,1
Tohun,1
Vehnälajit,1
Hölmöydelläni,1
Lemppas,1
Läheisriippuvaisuuden,1
Ternimaitomiehen,1
Holocaustit,1
Retuperseelleen,1
Jeesuksenkaveri,1
Ravimakkara,1
Punamultahallitusten,1
Turvallisuusarvio_paivitettiin_ei_turvapaikkaa_irakilaisille_lahtoalueen_perusteella_yksilollinen_tilanne_ratkaisee,1
Hakuina,1
Filmeillekin,1
A1445396410420,1
0681c0067d5d74d557ebc681af371fd1,1
Nteh,1
Däj,1
Otenk,1
Palloilusali,1
Kantaisuus,1
_puolikkaat_,1
Maahanmuuttomielipidetutkimus,1
Gzjnmil,1
Ennalat,1
Aktiivikäyttäjäkin,1
Cqiaiwv,1
Hörhöilykulttuuri,1
Mamukirjailijoita,1
Laktoosilliset,1
Kotiplaneetallaan,1
Lapuanliikeantimitävittuakommunistirasisti,1
Vapaamuurarisymboliikan,1
Kuvamotiivi,1
Pilapiirroskilpailun,1
Maksuhäiriöllä,1
Ajatuksenvirtaasi,1
Mmdydy5,1
Koetitkin,1
Kääntääkkin,1
Tsemppaamisella,1
Koepistekiintiössä,1
Pisteytysohjeita,1
Puoluejakautumasta,1
Vessavetimien,1
Tyttöystäväkandidaatteina,1
Hanskakin,1
Takaiskuihin,1
Lääkärinnappi,1
Lääkitkään,1
Kantalahjoittajaa,1
Temmattuakaan,1
Wcgtbbn,1
Töölöläisyksiössä,1
Pohjasairautta,1
Luottotietolaki,1
Henkilöluottotietojen,1
Ruokaprotesteista,1
Reunavaltioille,1
Kotiinlähettämistä,1
Rajallepysäyttämistä,1
Muuttoajalla,1
Diethylamiden,1
Provosoituisivatkin,1
Sysäisit,1
Ujopiimä,1
Mitättömiäkin,1
Kiinteistöveromaksuja,1
Galluptutkimuksessa,1
Kossunjuonti,1
Kaatumissarjis,1
Ylöspääsemistä,1
Omakustanneperusteisia,1
3ozms2,1
Maahanmuuttajat_viev,1
A4t_meid,1
A4n_naiset,1
Korttienjaossa,1
Kunnianpaikka,1
Pituusrajoitusten,1
Säilyttänään,1
Spenceriläisen,1
Hirvillekään,1
Kulttuurivivahteesta,1
Selvittelypöydälle,1
Naistutkimusdiplomi,1
Tulonjaollisista,1
Leirikausi,1
Keskenmenohistorialla,1
Sosiaaliavustusohjelmaa,1
Meksikopssa,1
Työnhakuhalukkuuteen,1
Monikymmentuhantinen,1
Pakarassani,1
Riettaampiinkin,1
Raiskausaihetta,1
Luotonvalvontaa,1
Luottokauppaan,1
Luotonvalvonnalla,1
Luotonvalvonnassaan,1
Röllijäbä,1
Luottotiedottumuus,1
Elämänhallinnantaidoista,1
Töppäyksiään,1
Informaatiosodankin,1
Hymyilyttivät,1
Vattupaa,1
Ihmissuhdestrategia,1
Otoäy,1
Tyhmävuori,1
Tollolaakso,1
Turvapaikanhakijataustasta,1
Yhdyssanaongelmiesi,1
Energianpolitiikan,1
Verbittäminen,1
Lainalaisuuteen,1
Sossuaukkoa,1
Sossuhorisontti,1
Henkllöllä,1
Sossuhorisontin,1
Sossuaukossa,1
Monopolituotto,1
Osinkopolitiikkaansa,1
Tariffihintoja,1
Nuijamaatakin,1
Lammastele,1
Ttela,1
Eläimiinsekaantumisista,1
Eläimiinsekaantujille,1
Agiproppaus,1
Keskustelijoillakin,1
Jäsentääkseni,1
Lamminaholta,1
Honkamökkien,1
Kestotrolli,1
Ruoantuontantoon,1
Synteettiseti,1
Pakoiletko,1
Verbisöidä,1
Superilluminati,1
Abstergon,1
Musiikkisiiven,1
Mielivaltaisimmin,1
Matkustustiedotetta,1
Määritelmäeron,1
Koulukiusauksestakaan,1
Nössökusipään,1
Laitakaupingilla,1
Muslimitietoisuus,1
Väheksyjien,1
Edellisiltaa,1
Sczdf7c,1
Syytesuojien,1
Rölliarmeija,1
Eicqzmze5hlaw,1
Opiskelukuri,1
Kurssialueen,1
Asumistarpeella,1
Hiekkamönkijät,1
Valikoimattoman,1
Xixsie4,1
Yhbwhlc,1
B4llfvf,1
Vuokratakuulle,1
Arvokuutoissa,1
Lämmittäjämäärän,1
Minijobsin,1
Mulkkujärvenvarrelle,1
Sitouttamisratkaisuja,1
Edustamissakin,1
Tapelullaan,1
Nettivinkkisen,1
Muhametilaisia,1
Paskamuslimeja,1
Paskanekrumuslimirakastajia,1
Fjasu3t,1
Sijotusasunnosta,1
Nettovuosipalkan,1
Jallukin,1
Läskihaalarit,1
Käsitesana,1
Verbaannutus,1
Slryfwd,1
Penki,1
Prismacittaria,1
Motarinristeyksessä,1
020_vaerak_tau_101_fi,1
31d8b50a,1
641d,1
A2f3,1
Ff98dd76d24e,1
Massatyottomyys,1
Rinne_hallituksen_pakkolait_perustuslain_vastaisia,1
Tuijoitella,1
Vaihtoreissulta,1
Kaapelihessut,1
Kneejerkkauksella,1
Ruumissäkkeihin,1
Tuotantovarmuudella,1
Pallivahassa,1
Naughtysparsegoldenretriever,1
Verbuuttaa,1
Maahanmuuttajavähemmistöä,1
Ecdxexc,1
3l88q4,1
Ne_vie_meij,1
A4n_naiset_vai_viek,1
B6_sittenkin,1
Cv4hvv5,1
Allfreepapers,1
6dhv2gpttu,1
Vn1xzevcwstoz,1
Crkj3kl,1
1tuiu,1
0cceq6aewagovchmispam3azwyaivxgssch3gegiw,1
6dhv2gpstp,1
Sw0nak5id_5ckblmidgmstgmmlw,1
0cceq6aewagovchmi8jpkqqzwyaivrvusch3i8wnn,1
Yazadeita,1
Ipadiensa,1
Deekupaikka,1
Nössökusipäälle,1
Kristinuskoonkaan,1
Paasaaamaan,1
Joustoahan,1
Importtaaa,1
Nykytoimenpiteiden,1
Välimatkaongelmaa,1
Puolituttavia,1
Määräero,1
Mittasuhdevirheestä,1
Junttidiscon,1
Oxg9utc,1
Kaljansaannin,1
Pillerikommentit,1
A1381713958228,1
Cd9ab56444bc16d575c67fe4d04b2b25,1
Orjaliksat,1
Menettettävää,1
Turuuseen,1
Rynnäkkökiväärikranaattimieheksi,1
Alkoholinvastaisuutta,1
Pienyksiköiden,1
Elkääs,1
Saatteluteksti,1
Tuksupuku,1
Herostratos,1
Herostraattisen,1
Nykytasossa,1
Mamutusjunista,1
Uwdagryycey,1
Lunastuskoodin,1
Avioliittolaista_hurja_vaittely_eduskunnassa_ministerit_ja_kansanedustajat_ovat_saaneet_tehtavansa_jumalalta,1
Yoolu97,1
Tilaajalistalta,1
Kertalämmitteistä,1
Vitamiinipreparaatiossa,1
Homogenointilinjassa,1
Homokkiin,1
Meijeripiireissä,1
Kattilamaidoksi,1
Lasinkeräystä,1
Ulkovoimin,1
Seismisestä,1
Joulupukkeihin,1
Intoleranteista,1
Rasvapallosen,1
Voimalaisen,1
Saunanlämmitäjä,1
Henkiöstä,1
Pullonpalautuskoneeseen,1
Särkyynhän,1
Minkätyylisistä,1
Commentpage,1
Vakuutustekosyy,1
Taksikaskot,1
Välinevinkki,1
Savusteolut,1
Aechtilta,1
Savusia,1
Selaanpa,1
Juomalokista,1
Fundamenttaalisemman,1
Liitoksesta_iso_lasku_yritt,1
A4lle_6258543,1
Illut,1
Dj_rzy,1
Tervetuloo_helsinkiin,1
Setistänne,1
Jengiänne,1
Jätteidenkö,1
Hellaongelmaan,1
Riskitönhän,1
Juhlagrafiikka,1
Klorinin,1
Patapadan,1
Kiinnipalaneeseen,1
A1423548625023,1
8f3f2c9c5c926c174c2b03c612e034eb,1
Diplomatic_career,1
Sunturnbrew,1
Nextimpi,1
Aechtin,1
Sipulisirkkeliä,1
Sibulasta,1
Sienipaistosta,1
Esiinpanosta,1
Keinotekoisuudessaan,1
3prc6x,1
Miekkamies_hy,1
A4si_kouluun_ruotsissa,1
Cw90utu,1
50tya9f,1
Jääkaaapista,1
Pekoniherkkusienipaistosta,1
Lihasoosiin,1
Syöpyyn,1
Matalakatteisiin,1
Nauramisenkin,1
Agljadörgabrsörgjöabsgpaksjnga,1
Slfkbhadsrpoguibhasgölfsng,1
Takakavioiden,1
Hamstraatko,1
Reportoidun,1
Uutislähetyksessäkin,1
Freduhan,1
Idiaminista,1
Tsingiskaanista,1
Alinakin,1
Flairittomana,1
Lurkkailevat,1
Keltasipulilla,1
Taliakin,1
Murharaiskaajakin,1
Matalakatteisella,1
Korkeakatteisille,1
Korkealaatuisiin,1
Kasvukekkereihin,1
Yksitysviesti,1
Tuonsuuntaisessa,1
Sokeripalajutun,1
Ullkona,1
Hikikomoroitumista,1
Kusetuskarkkia,1
Piffinpaisto,1
Ohjevihkosta,1
Vääääärin,1
Vesihöyrypatjan,1
Metalistoissa,1
Parempikatteisten,1
Hikipajakin,1
Koneellistettuun,1
Olusiaan,1
Puttatkaa,1
Valkeaksimaalattu,1
Betonikattokin,1
Punkkutahroista,1
Superkannattavaksi,1
Hikipajakommentin,1
Korkeakatteiset,1
A1426913818570,1
A08974fbd3aafece4d2b92e783fbc388,1
Lakisäädäntökään,1
Salmiakkigate,1
Salmiakinvihaaja,1
Imgurialaiset,1
Maksimisuhteutukseen,1
Parilana,1
Varausteho,1
Natokiimani,1
Biotalouskuppaus,1
Huuhaahankkeita,1
Kanssakäyttäjieni,1
Nyhjäisyyn,1
Huippustartuppeja,1
Dbv9llp,1
Mannerheimon,1
Neljäkaanissa,1
Trollhättanista,1
Leikkaustotuus,1
Puukkoilun,1
Metsästysmestari,1
Lohikäärmemestari,1
Mannerhemmo,1
Stopsalmiakkishaming,1
Sienikastikekin,1
Finnishmeat,1
Sillevapautuu,1
Kulutusmahdollisuuksiaan,1
Pelossahan,1
Urpola,1
Happamemmasta,1
Ylnyncauim4,1
Räikeimmällä,1
Paikallet,1
Prostestoijilla,1
Provotrolleiksi,1
Levadalta,1
Alttimpi,1
Huoneenlämpäöinen,1
Jääkaapikylmän,1
Alikanttii,1
Epäuskovaisista,1
Joutuneitakin,1
Naapurit_riitelevat_koirien_haukunnasta_savonlinnassa__ymparistoviranomainen_maarasi_meluesteet_koiratarhaan,1
Asumisterveysohje,1
Terveydensuojelulaissa,1
07sipuli,1
Sipulisilppurit,1
Miedohkoa,1
Lähiostoskeskuksella,1
Pikkukaupalle,1
Sipulimurskaan,1
Liittiä,1
Muahaaa,1
Vesienergiavarat,1
Voimantarpeesta,1
Vesienergialla,1
Ailahtelevaisuutta,1
Biosähköstä,1
Tehostuuko,1
Metsäretkimaksu,1
Sulkkisvuoroja,1
Aliredditeissämme,1
Ulkomaanelämää,1
Jakaneilla,1
Kiristyskampanjassaan,1
Radiostreami,1
Hieehhh,1
Polkupyöräilevää,1
Promootiotarkoituksiin,1
Jenkkilobbarien,1
Vahingonkorvauskertoimella,1
Asiantuntijaluetteloa,1
Kertomanne,1
Varmennetaa,1
Seissakin,1
Kosketustauluilta,1
Semikätevää,1
Einämä,1
Biletalot,1
Biletalonsa,1
Yötunneille,1
Lakiyritykset,1
Kiitolevyjeni,1
Cryptaamista,1
Kunnallistalouttaan,1
Hakkeroitavia,1
Ponitallia,1
Toimituksen_blogi,1
Onko_mikki_tylsa,1
Kiristysretoriikka,1
Asianajajatoimistoja,1
Sovettelevia,1
A1305994842242,1
Bbcda35e20cc9b1952f8340fb553b99d,1
Raskateollisuus,1
Pronssikirveen,1
Härkävoimasta,1
Dillingerejeä,1
Ironman2,1
200x25,1
Rautamies2,1
Clienttisi,1
Talonväestä,1
Eg_gdp_puse_ko_pp_kd,1
Leivottuani,1
Hyvävelipoliitikot,1
Pelleneuvoston,1
Tekijänoikeusfirman,1
Kirjekiristyksessä,1
Rikousoikeudellista,1
Vahingonkorvausbonus,1
Kaapelimodeemiliittymän,1
Seedaamattomuus,1
Haittalogiikkaa,1
Wardrivingista,1
Blogautukseen,1
Melunneen,1
Kukkahattutätinaapurit,1
Poramiehistä,1
Tiistainyönä,1
Poramiestä,1
Poramiehiä,1
Heikki_salo_,1
28asianajaja,1
Warneria,1
Ketaleesta,1
Lainkäyntiprosessista,1
Ammattilaismoderaattorina,1
Bussipysäkkikansan,1
Jynkytti,1
Tärykalvoihini,1
Melunvastaiset,1
Tyttöpoppia,1
Korviltani,1
Asuinyksikkööni,1
Veremaku,1
Pesisuraansa,1
Pelireissusta,1
Porukkakyytien,1
Wdxqjtgjmpw,1
Italiaanosta,1
K203zygk0nu,1
Eläinavioliittoja,1
Maahanmuuttoargumenttiin,1
Kasettinauhoittimien,1
Krapulamorkkiksessa,1
Paperijulkaisusta,1
Spaaaaceee,1
Kaulapartaterroristit,1
Cw9t6ms,1
Cw9uhrg,1
Cw9tyev,1
Waremuodossa,1
Warenörtti,1
Lakisääteisestihän,1
Ylipistoluennot,1
Valmitautuminen,1
Teknoguruilla,1
Esteratana,1
Kiinnipalaneen,1
Vesitilkasta,1
G6turm7kgby,1
Redditmoderoinnista,1
Ammattipätevyyskinkerit,1
Jokumuupahoinvointi,1
Vihervassarimädätyssuvakkien,1
Hitsaantuvat,1
Mädättäjänatseja,1
Perussettiähän,1
Elintarvikepassi,1
Nuuskivansa,1
Kantapäilläpomppijaa,1
Kauhunaapureista,1
Piheiksi,1
Miniaalinen,1
Suvakkimädättäjänatsien,1
Salaliittouma,1
Tulostimillekin,1
Screeneri,1
Piraattiratsian,1
Kantapäähirviön,1
Leimasimessasi,1
Vertaisverkkokorvausten,1
Siirtolaistilannetta,1
Mädättämiset,1
Wlanissasi,1
Natitetun,1
Purkillesi,1
Muistipetä,1
Voimajärjestelmästä,1
Virrankulutukseltaan,1
Torrentverkoissa,1
Villisikaliivi,1
Yleistaustoitus,1
Latailustahan,1
Tekijänoikeustyyppejä,1
Imagizer,1
Img911,1
Eyp2k0,1
Feargod,1
Pakettiohje,1
Cdnx,1
Vew7eb,1
Hitler_2076063b,1
Ikeamorden,1
Mordarens,1
Ärimisellä,1
Apagio,1
Valkopikselöi,1
Vodlockerin,1
Finnish_army,1
Ratkaisukäytäntöään,1
Minimituomiolla,1
Evakkomatkat,1
Kunniavieraille,1
Torrentpalvelinta,1
Immateriaalirikoksista,1
Aloittelijakurssi,1
Lataat_tai_loukkaat_rikotko_lakia_testaa_tietosi,1
Kaksoismurhista,1
Mamubisneksensä,1
Kustannusvapaus,1
Suurleirit,1
Kasvatustieteilijälle,1
Kasvatusympäristöt,1
Yhdyskuntapalvelutuomio,1
Höpötellessään,1
Kuvittelutaloutta,1
Ideaaliperheen,1
Moderointikoulun,1
Äriminen,1
Elkhound,1
Sunne,1
Kidutuskomppaniat,1
Paskanheittokilpailussa,1
Laaridiskurssi,1
Suojattinne,1
Sj0sgta4gyw,1
Uteliiata,1
Ietybkl1pm4,1
Painiottelulla,1
Vaatimuskirjeiden,1
Ruokavaliointoilijat,1
Golfeissa,1
A1445564416090,1
39125a4bec63dab54674497368115a0d,1
Lempidosenttini,1
Pahoittelukirjekkin,1
White_pixelization,1
Valkopikselointia,1
Ruotsalaislehdiston,1
Ovaskanen,1
Puhekielenkään,1
Poliittistalinjausta,1
Ajatelluissa,1
Heitämpäs,1
Vermintideä,1
Auditiivisiksi,1
Valmistumiskustannuksia,1
Skypettäen,1
Irdzjv5,1
Yläsokkelien,1
Turun_vankila,1
Kauhukierrokselle,1
Nestetankkauksella,1
Kassihikikin,1
Klikkirahan,1
Kakolarundille,1
2274a9,1
Savuoluelle,1
Opppilaiden,1
A1305962808651,1
820d4929e7e00c3ff70573c236bf64e6,1
Rinkkalasku,1
Vouttaan,1
Unitilaa,1
Ravistelevaan,1
Sukkeroitu,1
Linkkikasassasi,1
Unohduksissaan,1
Pikavinkki,1
Vaatemielipteistä,1
Ilmastonsaastutus,1
Erehdyksiään,1
Ovenpielistä,1
Rajoitusohjelman,1
Pikkutytöteille,1
Dieselitekniikkaa,1
Bensiinikalustoa,1
Purupururin,1
Utonpzm,1
Fco9svaoahm,1
P840vlq0hiq,1
Testimoodissa,1
Tflcar,1
Bändilön,1
Ruokakuvaukseen,1
Esilämmöstä,1
Kvartsineekerimäisiin,1
Accomplishes,1
Komentelin,1
L9ou3vmuoi0,1
Maataloustukikriittisyyttä,1
Ladattiinko,1
Luiskahtaan,1
Jarrukaapeli,1
Muutoskonflikteja,1
Rasahdun,1
Minkääntyyppisenä,1
Tapausrypäs,1
Valkotasapainokin,1
Pielessssä,1
Kitkerämmän,1
Jäklellä,1
Poppiksiin,1
Aterioidensa,1
Pääainesosaksi,1
Irakilaissyntyistä,1
Syyrialaissyntyistä,1
Somalisyntyistä,1
Turkkilaissyntyistä,1
Kaikkiruokanen,1
Swägin,1
Bassorankaisua,1
Visuissa,1
Harborfreight,1
Image_12774,1
Alkoholituottajiin,1
Spectral_imaging_device,1
Kiertoradallepääsyä,1
Escies,1
Webdocumentfile,1
Kaupunkiaurinkovoimaloista,1
Ruuansäilöntäaineet,1
Patenttisysteemiin,1
Liittovaltaan,1
Terveydenpalvelu,1
Lyhytkaisesta,1
Lähtijäkunta,1
Storms_of_my_grandchildren,1
Rytmikitaristin,1
Maahanottokriteerejä,1
Kalsiumpitoisia,1
Mokannutkin,1
Kirjanpitolautakunnan,1
Veriysköksiin,1
Yskänpuuskat,1
Persekamalalta,1
Vknlpp,1
Pki6uqr,1
Imagestore,1
7de7d18d,1
7f5f,1
Fe826677affc,1
Mellakoivilta,1
Vavahteli,1
Suruvaate,1
Maaläntillä,1
Ulkomaanruhtinaita,1
Hipsterbändi,1
Meetit,1
Sosioekologinen,1
Wmgmgwh,1
Conservationmagazine,1
Rintakarvoihin,1
Nuamaan,1
Panatooli,1
Kelevata,1
Uamulla,1
Hukkafobiaan,1
Susiskeptisyyteen,1
Hyperspeksin,1
Salmiakkimämminä,1
Lqdn,1
Call2,1
Netneutrality_2015_2,1
S3tauw5,1
Ikeatapauksen,1
Beobachterin,1
Kansalaisjuornalismi,1
Heurestiikkoihin,1
Mieltäkuohuttavaa,1
Sanomalehdistötoimintaa,1
Kohteliaisuusleikkejään,1
Varjojuhlia,1
Norminpulkutalkojen,1
Puhkaisivat,1
Hhrudge,1
Xxjkjis,1
Raudannostamisesta,1
Ruoskimme,1
Hayabusalla,1
L0fvigu,1
Referennsitoteutus,1
Hp9memm,1
Kf9roxu,1
Seedaamiseksi,1
Ottomaneista,1
Kasakkaliikehän,1
Säheltämistäkin,1
Torirantaan,1
Virkistysjuhlia,1
Tyypillisisti,1
Tissipostaukses,1
Hajupommit,1
Vahvaranteinen,1
Valtiorajoitusta,1
Läkkändekkerinkin,1
I5wdyleihci,1
5275_en,1
Extramaksuja,1
G6fxpo8uqta,1
Quotekuva,1
Prioritisation,1
Quotekuvasta,1
Politisoituisivat,1
Kauhisteluille,1
Junttisunnien,1
Länkkärihikkyjen,1
Resupekkaporukka,1
Kalifaattilippu,1
Sählyäkin,1
Follatkaa,1
Painanevat,1
Myötätuntonne,1
Article21614606,1
Klari,1
Ruotsindemokraateilta,1
3pw56t,1
Koiran_n,1
B6kulmasta_kuvattu_video_paljastaa,1
Viihdeteoksia,1
Kiristysjuristit,1
Nörttityttöjä,1
Upboatata,1
Sairaalaverkko,1
Allokoidulla,1
Kauppiksellakaan,1
Ruumismäärässä,1
Hahahahahaistakaa,1
Pakkasenvastaiseen,1
Rasvakertoimeen,1
Velkavipuehdotuksen,1
Alkoholinmyyntiin,1
Riisi_ohje,1
Ipnzgsz,1
Kuljetuskäytävissä,1
Pysyväisratkaisuksi,1
Potilaidensiirron,1
Epäseksikkyyteni,1
Ihmetekniikalla,1
Mullattu,1
Ennakkotarkastusjärjestelmä,1
Teatterinäytelmät,1
Kmpym,1
2m59s,1
Tumblriittojen,1
Priviledgeen,1
Priviledgemme,1
Sytytyspaikan,1
Mongoliorjien,1
Arvioltas,1
Pablotron,1
Sadismiharjoituksiksi,1
Islen,1
Vaneriteollisuuden,1
Koivutukkia,1
Käsittelyleimat,1
Maahansaapuvalle,1
Muovipaletit,1
Vanerikoneesta,1
Ku8g9,1
Unfpy,1
Jalommassa,1
Indoeurooppalaisilla,1
Koliikkibotille,1
T4mqsf7,1
Smugnessin,1
Isovihalla,1
Lineaarisuutensa,1
Pelinsarjan,1
Koulutusrahoilla,1
Virkaloisten,1
Velhokaapuihin,1
Kuvasetin,1
Tuttavamoodiin,1
Peruskivojen,1
Jaanojen,1
Eväslaukku,1
Xe4sh,1
Porajumalan,1
Seinistäkään,1
Porajumala,1
Kuussataakiloinen,1
Sititten,1
Puukotusliiviä,1
Burenin,1
Obsidianhan,1
Patchaamaton,1
Liimaselkäinen,1
Sopimustarjouksen,1
Sopimusvahvistusta,1
Kylmäsoittelunkin,1
Xlzew,1
Erikoispainoksesta,1
Jauhopurkkeja,1
Elitistiporukkaan,1
Lorerikkomisia,1
Vaulttecin,1
Westtekistä,1
Armeijatukikohtaan,1
Vaulttecillä,1
Mariposassa,1
Ihmiskokeineen,1
Tenpenny,1
Megatonissa,1
Tenpennyä,1
Hökkelikylää,1
Rauniotaloista,1
Toistavineen,1
Metroineen,1
Raunioineen,1
Bokseistani,1
Peliostokselle,1
Pariksisadaksi,1
Tiedeprojektin,1
Sanaleikein,1
Kauhukabinettiharjoitelmia,1
Cliffhängereitä,1
Equsta,1
Tyynty,1
Tropikaaliseks,1
Kasakkaliike,1
Orjuutusretkillä,1
Loppuvaihessaan,1
Ihmissaaliistaan,1
Poikkueksellisen,1
2015092320398118_uu,1
Nykystandardilla,1
Myymäläpäällikko,1
Somaliväestöllä,1
Nettisivuakin,1
Yksityiskäyttön,1
Astriidi,1
Mustalaismummo,1
Kaljaporukalle,1
Alaäänestelkö,1
Syrjintäjutuista,1
Valtraus,1
Koliikkibotilta,1
Osastokuntoon,1
Verikostolle,1
Tuoimioita,1
Kauppakaravaaneja,1
Vitsinväännöllä,1
Kehittnyeestä,1
Valkolistattu,1
Cwb488t,1
Jengiarmeijaan,1
Uusroomalaisiin,1
Mojavessa,1
Sotatarpeiksi,1
Ydinhahmojen,1
Loppuratkaisujakin,1
Musiikkilangassa,1
Puolijärkiset,1
Vähäjärkinenkin,1
Itsenäisyyspippalot,1
Leipäjonoleipää,1
Hevostapaukseen,1
Kaukomyyntia_koskevat_arvonlisaverosaann,1
20suomesta,1
20muihin,1
Valkotornado,1
Karjalan_kansanpuku,1
Ajatusleikkeineen,1
V2hzvnd,1
Ilmoksi,1
Maanviljeljä,1
5vd2sat,1
Turvapaikkahakustatuksen,1
3ng8za,1
Japanese_live_streamer_accidentally_burns_his,1
Partaimaami,1
Unissakävelemme,1
Hakkamaalla,1
Lxg6soo,1
Ayixnch,1
7qvkr5r,1
Piensijoituksia,1
W1czjxm,1
Izwk2,1
Laittaivat,1
Pikakurssiksi,1
Telkkarirobotissa,1
Suomenopiskelunsa,1
Tietokonejäbä,1
Icewindit,1
Tarinamodeja,1
Lämmöntuotosta,1
Hommasiivelle,1
Lämpöpumputkaan,1
Telaketjukommaria,1
Yksikertaisiksi,1
Aputoiminimellä,1
Kolapojat,1
Hapokkaisiin,1
Lietteisiin,1
Öljykasveilla,1
Ruoanhintakriisin,1
Tolkuliselle,1
Tähtitieteiden,1
Uhastakaan,1
Etäpoikaystävän,1
Piilohahmo,1
Freesidella,1
Tähtäyslaitteella,1
Tradingpostilla,1
Ennustajalapsi,1
Psyker,1
Victorista,1
Unconcious,1
Savusivat,1
Ilmaversion,1
Lämmityspuoli,1
Tuplapolttoinen,1
F4skttr,1
Takan_sytyttaminen_on_taitolaji,1
Öljykauppiaden,1
Pelonlietsontaosa,1
Kalifaattissa,1
Turvakuplien,1
12144854_10153375361792479_7280556324066379483_n,1
7171482a5d74b055fede42dce6c57e0b,1
56cdc41c,1
Ivgafu,1
Remakoimmat,1
Robottikaiffari,1
Roolipelimaailmaa,1
Fundikseksi,1
Virtanäppiä,1
Invaliidisäätiön,1
Invavitsejä,1
Invaliiteriksi,1
Muslimilähiöitä,1
9otxn5gb0xe,1
Fasismirasismilässytys,1
Siviilisaatiolta,1
Siviilisaatioista,1
Kotoutuskolutuksiin,1
Purkautta,1
Asuntoontunkeutumiset,1
Mokotetaan,1
Agrissiivisena,1
Invalidstan,1
Huumorihupailultaan,1
Huumoripläjäyksensä,1
Settinkiä,1
Bussikakkagaten,1
Huvinvointiin,1
Wdi,1
Dawkings,1
Shamelessamerica,1
Jonnekuulokkeille,1
Hyväkää,1
Rushie,1
Sietohoitona,1
Sotin,1
Sarekselle,1
Ilsmailaisen,1
Palamattomissa,1
Savukaasuissa,1
Maleksivista,1
Saattalemina,1
Rasistifasismista,1
Pärstäkohtaisesti,1
Rikkauttajien,1
228c40d5a0484460b82640fd6fb64bb8,1
Analyytikothan,1
Rikoskategorioille,1
Omaisuusrikoksest,1
Syrjintärikoksista,1
Nykytapaa,1
Pakolaisteemajuhlista,1
Loukkaantumisrinkiä,1
Hampulaishihamerkeistä,1
Ammattiloukkaantumistrendiä,1
Johdettavilta,1
Kansanpuvun,1
Hippipaikkaan,1
Erityisasu,1
Tuliterine,1
Vaatteine,1
Vittuilluksi,1
Syrjintärapsut,1
Syrjintätapauksessa,1
Tapauskonnollinen,1
Säkeetkin,1
Kulttuurisiirrettä,1
Pyörilöytynytkään,1
Yeixfrj,1
Tavaramäärässä,1
24okcud,1
Selvitytymis,1
Rajataukio24,1
Kyläpahasensa,1
Kaupunkiketjua,1
Aluepolitiikkaahan,1
Pyynnölläsi,1
Kieltoruuvia,1
Aserasismia,1
Maailmanpallolla,1
Kliseekavalkadin,1
Saapastelevat,1
Ajatusyhdistelmiä,1
Sarjanumeroltaan,1
Uskontokäsityksiään,1
Barrikoineet,1
Tulonsiirtorahansa,1
Maaseutulaisina,1
Nozu2ipa8,1
Kaupungistumisasteelle,1
Palvelurikas,1
Herrainolut,1
Vuodinolut,1
Huovinolut,1
Varallisuudesiiliin,1
Thorsteiner,1
Huppariäijien,1
Pöyrisymis,1
Kameroidin,1
Ukonvakkoja,1
Kirkkojuomingit,1
Jauhaisella,1
Muukalaiskammosi,1
Polvirefleksillisen,1
Antifeminismisi,1
Taidekalleuksien,1
Rikastumisellekaan,1
Kulttuuripirskeitä,1
Kahvikekkereitä,1
Vesipiippuineen,1
Kosmopoliiteiksi,1
Sivistysihmisiksi,1
Diversidad,1
Huovien,1
Päivämuonaan,1
Ymmärtämättömuudestä,1
Polttopullonheittäjien,1
Agitaattoreilta,1
Välisektorin,1
Tienparannusta,1
Tönkkösäännellyssä,1
Rakentamiskulttuurissa,1
Triplaantumisesta,1
Brändiparodia,1
Oppimisvaikeushousut,1
Kuusivaneri,1
Haapasellu,1
Epäoleennaista,1
Politicalcorrectnessgonemad,1
Polkupyöränavaimet,1
Nykyreseptit,1
Harmittaminen,1
Suomijäbät,1
Osli5w5,1
Kantoliinan,1
Energiadirektiivit,1
Eventiksi,1
Siirtomaksuna,1
Keittiogalleriassa,1
Tallinkhotels,1
Suvaitsevaisuuttakaan,1
Äärisuvaitsevaistolta,1
Insinöörityypeillä,1
Punalipusta,1
Suntiota,1
Kaksoisnegatiivi,1
Pakolaisteema,1
Homomainstreamista,1
Ampumasedirektiivi,1
Deaktivoinnille,1
Iarms,1
Yhteentoimivuushankkeen,1
Lisääntyneiksi,1
Matkailutoimialoilla,1
Matkailutuloista,1
Ansioituneelta,1
Komediaklubilla,1
Älähtävätköhän,1
Ammuntalajien,1
Harrastamismahdollisuuden,1
Vastaanottokulu,1
Vitsikriittinen,1
Perusasenteena,1
Tulosuodattimia,1
Vesikennojälkilämmitykset,1
Mukapätevät,1
Inspehtorinkadun,1
Uc5l1edkb_kf98_p3hqrbvca,1
3pxwua,1
Kid_with_22_subscribers_makes_epic_dinosaur,1
3pzk7f,1
Dinosaur_video_kid_shocked_and_grateful_that_his,1
Änäritappiota,1
2yoaw,1
Huippumuodista,1
Vastamainoksia,1
Hiekanrepimisjäljet,1
O81ig9xokvs,1
Kirjeidenkirjoittajan,1
Kodinhoitotilat,1
Klikkamainonnan,1
Shokkivaikutuksella,1
Siloittelevaan,1
Ilmaiskuun,1
Kohauttavampia,1
2hbsmj4h_vo,1
Rationalisoituna,1
Arukkua,1
Asejunteille,1
Itkeneenä,1
Itseladattavat,1
Kiliseppä,1
Militilitantti,1
Haraldssonin,1
Itsemurhaviestiksi,1
Kasaamaansa,1
Assimilaatiomalli,1
Katsomusero,1
Somaliäitien,1
Irakilaisnuorukaisten,1
Perheidenyhdistämiseen,1
Tarveharkintavaatimukset,1
Vastaanottokylpylälomahotellien,1
Nettofoorumilla,1
A4iskiv,1
Naud4m3lepm,1
Oyy1xt45d9y,1
Rdoyy1xt45d9y,1
Szkw8nuf0iq,1
Metsäradiota,1
N8d41rfkxn4,1
Huurteistakin,1
Bnmj_qkto2c,1
7fcii0vyevu,1
Pzwrpauets0,1
72xctxe49oa,1
Halihalipusipusi,1
Uudelleenbrandattyä,1
Militarisoituneempi,1
U44d3qkkgpu,1
Tcitsvan5ks,1
S7xx5wwdu_8,1
Secondamendment,1
Aktiivihärpäkkeen,1
Väärinsäädetty,1
Ilmanvaihtotulia,1
Ihannoivatkin,1
Idiootimmaksi,1
Selvenneenä,1
Pillittämässä,1
Selkojärkinen,1
Illuminatti,1
Fuc_cp4dmjs,1
Höperöidä,1
Puolvoltin,1
Gszytsn,1
Murojättiä,1
Koheltamisketjun,1
38w6z1,1
Kuukausiketju_mitä_olet_koheltanut_viimeaikoina,1
Crynxdr,1
Sattumanvaraisuuden,1
Kospahtaessa,1
Oikaistuvat,1
Kansanuskohan,1
Seinäventtiili,1
Lasittomaan,1
Muovitapetit,1
Toimistorakentamiseen,1
Materiaalipaksuuden,1
Hyötyneliöistä,1
Rakennustilan,1
Hobbeslainen,1
Ulkoilujutut,1
Komposiittijuttua,1
Päälakeakaan,1
Livevastine,1
Kyberväkivallalle,1
Lukittumisella,1
Kärjistettiin,1
Pakkokollektivoisoidaan,1
Teollisuuskombinaatteja,1
Allokoimaa,1
Iivisniemessä,1
Jdyizspym9s,1
Oraalid0nitsi,1
Nrew2npsids,1
Rikastakaamme,1
Vedenjakeluprosissa,1
Hyödynnetyiksi,1
Luokanopettajakoulutuksesta,1
Syndeistä,1
Ressupiireissä,1
Ysifemma,1
Mita_sanoi,1
Siirtolavoista,1
Tammipuiset,1
Cadillacit,1
0ezppoq,1
Karkotusesta,1
Elinvoimaisimman,1
Rekisteröimättömillä,1
Specifioinut,1
Lempiyoutubettaja,1
Keksimuotoon,1
50egeä,1
Haudankaivajakin,1
Vahinkokerroin,1
Kuluttamattajääneelle,1
Vuturama,1
_ke5jjnzgq8,1
Fitnesspersoona,1
Theamazingatheist,1
Rhettandlink2,1
Idubbbztv,1
Plpclvninngnsiqpczxicqfof34j8hg5iv,1
Kameroid,1
Aussijätkätkin,1
Mt2ws9o,1
60etsc,1
Kandidaattiopintoihin,1
Kandidaattiessee,1
Sertifikaatioprosessia,1
Polymeerikemisti,1
Liikalihavuuten,1
Lämmönvaihtimellinen,1
Konvektoiva,1
Ilmapatsas,1
Lasimoduli,1
Tulkinnavaraista,1
Viidenkynpin,1
Kalapaliikissa,1
Lastikulttilaiset,1
Omantuntonne,1
Maalautuneita,1
Kirkkokännit,1
Jotkuihin,1
Räävittömälle,1
Pedagogikaa,1
Economicseilla,1
Aihetui,1
Jaapaloista,1
Virvoitusjuomin,1
Jugurteissakin,1
M9ma0ew8yyw,1
Pesubetonilaatoitettu,1
Tarrakaupassa,1
Lööppeihinsä,1
Konstruoimassa,1
Keksikikkailussa,1
Ympäristörikkomuksista,1
Symbolijärjestelmän,1
Bullshittery,1
Sohvastasi,1
A1444882370097,1
Aef95927e35865e094b33f3663763817,1
Alusvaatteen,1
Persenetistä,1
Riksgalden,1
Premieobligationer,1
Sipiltä,1
Lörppähuuliveron,1
Pakkotupakointia,1
Huoltopäästöt,1
Paikallisyrittäjien,1
Tukiryhmältä,1
Rypälemehutiiviste,1
Suomen_suurin_varavoimalaitos_on_miljoonainvestointi_jolle_ei_toivota_kayttoa,1
Hiesumaata,1
Savetheinternet,1
Urakoinaan,1
Lopputarkastuksiin,1
Tsekkauksiin,1
Vesieristehän,1
Tiedotteet_energia,1
89519_m,1
Iduistakin,1
Holhousverot,1
Monikulttuurillisuutesi,1
Rysähtävän,1
Tiilimuurin,1
Korvausilmakanavat,1
Konseptisuunnitelmassa,1
Savupiipputöröt,1
Ilmastointihormeja,1
Slummirakentaminen,1
Tukiasumisella,1
Ulkokuntiin,1
Hipsterialueelle,1
Takasinpalatessa,1
Viheriökorttilaisia,1
Kokdemarien,1
Sähköverkkotöistä,1
Miekkamurhaajan,1
Aussijätkät,1
Keskusteluilmpiiriä,1
Suomituubaa,1
Guigptwlvho,1
Kaavannyhväys,1
Vjykrwqhhm,1
Kaivosýhtiön,1
Vlmadl6,1
Uiiae3a,1
Kasvatusmalja,1
Esitäisin,1
Pienileukaiselle,1
Narukäsiplösöpallolle,1
Names_0,1
Höpsisjuttuja,1
Tölöökkiä,1
Läpihomeista,1
Omakotitalomatolla,1
Köyhimmilläänkin,1
Slummiutumisenkin,1
Kannattaisiin,1
Tuulivoimakorruptiota,1
Eurocopter_ec120_colibri,1
Icaroksesta,1
Liekittäjänä,1
Tervaakaan,1
Kankeamaan,1
Mongolimulatteja,1
Listakohu,1
Hupsiskeikkaa,1
Vastarintatyypit,1
Rockabillyllä,1
Maksimipäiväannosta,1
Mediapeluriksi,1
Käänntettyä,1
Nuorpoliitikot,1
Elokaan,1
Sätkiäkin,1
Vänkyröintihankkeisiin,1
S1349781105793,1
Sebastianina,1
Ominaisuuksineni,1
Pedagokisiin,1
Yahtzee19,1
Perussuomalaisille_vaikea_lex_vennamo_pois__ryhman_hajotessa_puoluetuki_jaa_puolueelle,1
Cr1tikalia,1
Panofirma,1
A1445745330595,1
485280544ea3dd5d57952f3e53ed479e,1
Vihart,1
Ucogeu,1
1fig3rrdjhm9zs_wg,1
Gcrwiuuze8,1
Rasistipossut,1
Asuinmukavuuteen,1
Rossipohjalattia,1
Pullotaloista,1
Tsäkätsäkätsäkätsäkä,1
Hakunen,1
Fooruminaan,1
Vilkkunutkaan,1
Alakoulaikoinani,1
Suomilaine,1
Ahkmbahamalamadamad,1
Vasteettomasti,1
Osallistumishalukkuus,1
Myötähäpeäsektorille,1
Jokeritehtävällä,1
Armolahjasta,1
Bigbrother2011,1
Käyttyvän,1
Kansalaisvalmiuksiin,1
Pilapiirroskilpailulle,1
Absurdisuudessaan,1
Nettivainojen,1
Verkkopresenssiä,1
Dominoefektille,1
Q3idqmn,1
Tiedotteet_tyo,1
Sattumainvaraista,1
Optimiaikavyöhykettä,1
Kaamosoireet,1
Kaamosoireileva,1
Tarmottomuudesta,1
Itäreunalle,1
Hihamerkkikrjoitusta,1
Natsiperformanssiksi,1
Karsteinin,1
12065922_10153664366723905_6012705732298776526_n,1
5a4c3dc68c883cfba2de1edf8c198015,1
56bd3873,1
Tyreksiä,1
Kopteristakin,1
120b,1
Colibri,1
Tappouhkauksiaan,1
Kakkapostia,1
Digiviestinten,1
Erottamisperusteista,1
Päivittikin,1
Maahanmuuttavierailla,1
Mamujuontajalla,1
Höpöuhkauksia,1
Ministerimersupopulistien,1
Maahanmuuttokeskusteluakin,1
Floorakirjo,1
Antibioottiripuli,1
Regeneroivan,1
Lääkepolulle,1
Matalahiilariseen,1
Marjadieettiin,1
Markkinalalue,1
Vi4ahx7hdiu,1
Miettusen_iii_hallitus,1
Seksiväitteitä,1
2015102520559652_uu,1
Saartin,1
Saart,1
3q21dx,1
A4n_lapsen_somali,1
A4iti_ry,1
Somaliäidillä,1
Fanivideot,1
Liitteleviä,1
Ihmettelyks,1
Tynkkyskeissi,1
Mamubudjettiin,1
Asumistukimäärärahankin,1
Viihdesivustoille,1
Bakteerien_puute_sairastuttaa,1
12115735_1221451811214975_6908240640941143767_n,1
Ulosteensiirtotutkimuksia,1
Klikkienkalasteluotsikoihin,1
Todellisuuspohjaisilta,1
Palvelullasi,1
Oloxllnsgmaj,1
2bhttp,1
Axkuvqgteckqywpmn6qgdw,1
Luonnonkumiletku,1
Paskansiirto,1
Vetomittana,1
Painomittana,1
Jyristelemällä,1
1599e,1
Käsinukkeni,1
Oikeusvertailevia,1
37f3124ef002605aab7a75e47e1889b1,1
Asenteellisuudessaan,1
Mambojamboksi,1
Osmanille,1
Oluitanne,1
Mj0sxcbzt3mtu,1
Soinnilta,1
Littlefun,1
5238f637e691b207720e58b2_736,1
Hittler,1
3pm4jc,1
Netanyahu_recently_claimed_that_hittler_wished_to,1
Michman,1
Puolimielisen,1
Kalassahan,1
Nettimenyyssä,1
Raiskausflairin,1
Ohueet,1
Julkisoikeudesta,1
Assburgers,1
Pääsyvaatimuksien,1
Lahetetyt,1
Syyllisitä,1
Erottamisvaltaa,1
Puolehallitukselle,1
Nuorisoliitoilla,1
Lähettilisi,1
Kuvittelitpa,1
Hiekkaperse,1
Muhammetilais,1
Raiskaajaapinoita,1
Suuhuuhan,1
A1445832017285,1
A712e84e86fe8ccdcacaa0fcf935018d,1
Leikalta,1
Ääntestäjille,1
Katkaraputeoria,1
Fji,1
Informeisön,1
Magneettikortteja,1
Segregoidumpi,1
Sykäyttävää,1
Kynänpyörittäjää,1
Revisoimaan,1
Sirpalepuoluetta,1
Euroskeptikkopuolueeksi,1
Äänibuustin,1
Protestiäänilleen,1
Astiaongelma,1
Kellonsiirto,1
Seuraavassako,1
Mukadänkki,1
Lohicarpaccio,1
Pakastelohi,1
Kolesteroliksi,1
Syöpäluokituksesta,1
Terveellisyysvaatimukseenkin,1
Makenmammona,1
20pennia,1
Keksittyäkään,1
Edustusoikeudessa,1
Vittasiin,1
Ihmisturvallisena,1
Natriumnitraatilla,1
Punaisuutensa,1
Natsileimaisimen,1
Puolueenjohtamismetodit,1
Lioitetut,1
Kurkkuraastetta,1
Holauta,1
Reikäkauhalla,1
Ketjuntappajat,1
Finebros,1
Pewd,1
Ampuskelemaan,1
Idís,1
Suolistobakteeriflooraa,1
3ic8yk,1
Tehdään_ruokaa_pastamättö,1
Pomeranssi,1
Satovahinkohommat,1
Maatalousyrittäjiin,1
Pastepusseihin,1
Tommaattiliha,1
Työteliäämmät,1
Alkuvalmistelua,1
Vakioruokiani,1
Vinkistäkin,1
Sekoitusastialle,1
Syömäkulhon,1
Ruokajyvat,1
Taysjyva,1
Hippiyhteensopivaa,1
Freuendalin,1
Keittokasvissekoitusta,1
Päiväystarjouksia,1
Pippuriseos,1
Pakkopaikassa,1
Kaksoisneuvotteluja,1
Sotarikosistumessa,1
Wislicenyn,1
Keitoksistani,1
Kasvatusrikokset,1
2015022119234210_uu,1
Katsomattomaan,1
Tuntiseurantajärjestelmää,1
Versi,1
Tomaatimurska,1
Tuhdiksi,1
Matkapulimella,1
Westia,1
Tynkkysgate,1
4aatv1v2kru,1
Ydinvoimasijoitusten,1
Valkosipuliperunaa,1
Broilerisuikaletta,1
Panttivankikaan,1
Faktuaallisia,1
Piikkilankaraja,1
Maahanmuuttoyhteisöjen,1
Toimeentulovaatimusrajoja,1
Sillanrakentamisessa,1
Voisiko_suomalainen_poliisi_nayttaa_talta,1
Perunasipulisekotuksen,1
Xfyttgzale,1
Rintamerkeistä,1
Komistamia,1
731168_thumb,1
Hävinneemme,1
Tekonamme,1
Haavoituvaisimpia,1
Kotouttamispoliittisen,1
Puoluekannatuskyselyä,1
A1445486772922,1
Syöntimääräsuositus,1
Jhn5681,1
Tofuhampurilaiset,1
Maustuessa,1
Tomaattikamat,1
Tofuviipaleet,1
Jämäköityvät,1
Paprikarenkaita,1
Hernekeittotöhnä,1
Hernekeittotöhnään,1
Puhemiehenpaikka,1
Kanamättöä,1
Kanafilesuikaleita,1
Sörssää,1
Pakkokäännytyksessä,1
Islamistikulttuuria,1
Ravitsemusneuvottelukunnalla,1
Sapelienkalistelu,1
Pirstoutuneesta,1
Sattum,1
Hungryinpori,1
Wasabimuusin,1
Pihviäkään,1
Läpipaistettuna,1
Höyrystety,1
Intomielisillä,1
Vainomiaan,1
Kijoittajia,1
Catriotismista,1
Kanaladokumentin,1
Jallamarketista,1
Intiasekoitukset,1
Teurastamaa,1
Couscouspika,1
Monikulttuuripaskallaan,1
Traktoritallin,1
Tilateurastomon,1
Kuljetuskopilla,1
Sähkösakset,1
Taintunut,1
Sähkösaksetuksen,1
Sähkösaksien,1
Tainnuttua,1
Kettinkikoukku,1
Takasorkista,1
Potkimisrefleksin,1
Kattoraiteille,1
Teurastuspäivinä,1
Tilateurastuksen,1
Teurastomoille,1
Poikuessa,1
Ulkokarsinassa,1
Verenlaskeminen,1
Dietandcancerreport,1
Cancer_resource_center,1
Second_expert_report_full,1
Keittoasitaan,1
Kukkuralle,1
Pienteurastamo,1
Q64begl,1
Kqhuhiaxfk0,1
A4inj,1
Uskomuksiakin,1
Juustoliemi,1
Pyridiini,1
Pyraziini,1
Asitan,1
Lyöyy,1
Ruokakupasta,1
Kanaliemikuutiosta,1
Kanafondia,1
Paketistia,1
Maustepussukan,1
Vajottuaan,1
Suolistosairausten,1
Kasassapitämiseksi,1
Kiehautettuuun,1
Kesäpyörien,1
Riipputusoksaan,1
Mitah,1
Objektisoidaan,1
Jumalruokien,1
Valotatko,1
Uramon,1
Nyyppälippukuntia,1
Partioerätaitokoulutukset,1
Furat,1
Kalimera,1
Karjalankadun,1
Oliivitarjonta,1
Maustemestasta,1
Rivipersuille,1
Tahrautuneet,1
Populismilinjalle,1
Enteerinen,1
Kustannutettaisiin,1
Ympäristovaikutuksia,1
Ruokahukkaa,1
Vegetaareilla,1
Nonvegetarians,1
½dl,1
Perkuuta,1
Partioura,1
Mamboj,1
Loppuunkäyttö,1
Massavanhentuminen,1
Jvxgrlh,1
Dekopyssyjen,1
9ce7b213e06888f0056ee0e87d3982f1,1
Fa37b100480d5549d55056c482d49fcd,1
9540cdd39188da4df3e3c45495be860e,1
94662735d0a417b245d9b4f9b80d97f7,1
3071c22b305d26836cb96b36e6329441,1
Qchgv0yvqoi,1
Argonilla,1
Noin_2_miljoonaa_sikaa_tainnutetaan_vuosittain_kaasulla__aina_kun_kaytetaan_hiilidioksidia_tulee_tukehtumisen_tunne,1
Teurastomot,1
Kansallisfilmografia,1
Uutisfilmit,1
20uutiskatsaus,1
Dokkarinpätkät,1
Mykkäelokuvista,1
Mykkaelokuvista,1
Kansalliskeksijämme,1
Uutisrainaa,1
Ruokailukerraks,1
Adventistitutkimus,1
Fathead,1
Kanafetasalaatti,1
Neliöi,1
Valkoviinietikassa,1
Rintafileistä,1
Säilytysastiassa,1
Tonnikalakastiketta,1
Ruokakulhoon,1
Valkohipuli,1
Kuskusisi,1
Hummusia,1
Nationalisteiltä,1
Kookosmaitotölkki,1
Peltillisen,1
Veissi,1
Erikarkiat,1
Käjenlämpöstä,1
2x5sec,1
Hajuks,1
Kulhosa,1
Vesijuttuun,1
Peltin,1
79nt,1
Valkosipulitomaattimurskapaketti,1
Vapaavalintaset,1
Aurajuustomurupussin,1
Asteesa,1
Återvändo,1
Frivillighet,1
Papperslöshet,1
Returneras,1
Erhålla,1
Paperittomuudella,1
Papperslös,1
Visum,1
Upphört,1
Identitetsbevis,1
Clostrium,1
Rokotuskammoon,1
Raastamisessa,1
Jauhelihapohjaista,1
Vaikuttuneempi,1
Botulinumin,1
Perfringens,1
Metmyoglobiinia,1
Typpioksidimyoglobiinia,1
Typpioksidimyokromogeeniä,1
Henklökohtaisesta,1
Vigour,1
Hajuaineita,1
Enemmälläkö,1
Hämmentäen,1
Nokareiksi,1
Eitteivät,1
Lammitän,1
Aamuherääjät,1
Lätkäkautta,1
Aivan_asian_sivusta,1
Ydintavoitteisiinsa,1
Neekeripuheista,1
Pyrosequencing,1
S1075996410001010,1
Pyrosekvensointi,1
Bakreerisukuja,1
Elitavat,1
Mikrobikoostumuksessa,1
Mikrobikoostumus,1
Altistavasti,1
Minkäskokoisia,1
Opintolainavelkoja,1
Facebookulina,1
Miellytyksen,1
Ripeälläkin,1
Takaisinmaksutahdilla,1
Kahdehdittuun,1
Vähäriskisesti,1
Puoluevaltuustoja,1
Poliisiilaitosten,1
Nautituissa,1
Makeanhimoepäilys,1
Itseäänviiltelijä,1
Kunnianimike,1
Day_of_ashura,1
Muslimimölinämarsseja,1
Alī,1
Abī,1
Tālib,1
Surupäivänsä,1
Surujuhlan,1
Rotestiin,1
Katuväestä,1
Tulenpahan,1
Vasemmistoaallon,1
Takaisintulolippu,1
Karjalaisnaiset,1
Sporttihuivi,1
Velkajärjestelyineen,1
Pienyrittäjänkin,1
F8ziu53,1
Riistäjäkapitalistilta,1
Vähimmäisosingon,1
A1445570831539,1
Ed8c6e5e9e9ab6503d5fe1baefa1b1ac,1
Tilateurastamon,1
Pykälänviilaajien,1
Teurastajayrittäjät,1
Valtiokanslerimme,1
Päättäneissä,1
Suomikyykky,1
Mediahyökkäykset,1
Paviaanilaumansa,1
Käteispuskuriksi,1
Uskonkiistojen,1
Teurastomoon,1
Lastausalueelta,1
Kiiltokuvamaisista,1
Mainosmateriaaleista,1
Perustouhuahan,1
Sikayrittäjien,1
Sikayrittaja_teurastamokuvat_eivat_yllattaneet,1
Salavideoista,1
Antirasistiporukasta,1
Soini_tynkkysen_erottamispaatos_pitaa__viime_kadessa_oikeus_paattaa,1
Erottamisasiaa,1
Natsimölinämarsseja,1
Privaattilinjoja,1
Pavunvarsipalkojaamitäovatkaan,1
Kyytimieheksi,1
Kasvissyojan,1
Rendezvous_with_rama,1
Delfiinihoitajien,1
Kolntfj,1
Mahtiuutinen,1
Iraqis_march_for_peace_in_helsinki,1
Lqgbrfmpsss,1
Oxw,1
0_lpw88,1
Muotoileva,1
Natsimölinämarssit,1
Muslimimölinämarssien,1
Vangeudessa,1
Merieläinkohteeseen,1
Tuoreyrttipuskasta,1
Kotiteurastuksesta,1
Uramolla,1
Tuottajapalautukset,1
Raakakypsyttelyjä,1
Jälleenmyyntipakkauksia,1
Kasvatuksiaan,1
Nököttömään,1
Merieläinkohde,1
350epee,1
Käyttyjä,1
Laitevaatimuksia,1
Delfinaariosta,1
Muuttopäiväsi,1
Naputtavaa,1
Prossukeskeinen,1
Atpoa,1
Zcizjz5,1
Keittopohja,1
Tonnikalahässäkkä,1
Peruskäyttökone,1
Arastan,1
Grafiikkaetua,1
Ssdtön,1
Anaalipartio,1
Superman_in_red_son,1
Solifferi,1
Z0jebt4kipu,1
Privaattilinjain,1
Tonnikalapitsoja,1
Sokerinsyöntiin,1
Keskiarvosaanti,1
Lightlimutölkin,1
Yleistämisestäsi,1
Vaatimusajan,1
Eläintarhapelleilyt,1
Ääliöhelppo,1
Mörssää,1
Lihaisaksi,1
Uudelit,1
Putinokratiaa,1
Henkivartijoille,1
Marginaalillahan,1
Eyefodder,1
Porkkanansyöntiopas,1
Mielipidevoittoisia,1
Ylläpitokulujako,1
Sähköaivot,1
Nippondenson,1
Jytäkkää,1
Lisäaineperäisen,1
Nitraatiin,1
Kokonaissaannista,1
Opintoajanrajauksen,1
Vähennystäky,1
Paremminpärjääville,1
Kasvissyöntiaapiseen,1
Lihatiloista,1
Kettanavetoita,1
Lehmänavetoissa,1
Parsipaikkoja,1
Jyväjemmarille,1
Sonnivasikka,1
Persvakoanalyysillä,1
Ikionnellisena,1
Kakkukuva,1
Julkilesbo,1
Autolainaostoksille,1
Normaalipalkoilla,1
Pullomeriin,1
Italialaisillakin,1
Pakkokiintiöillä,1
Euroopalaisiin,1
Tapaankuulumattomasti,1
Konsoleillekkin,1
Itsepuolustusministeriö,1
Matelijatalo,1
Yliopistohallinnolla,1
Paperinpyörittelypuuhastelua,1
Työajanseurantajärjestelmä,1
Rotusyrjivästä,1
Automaattikuivain,1
Kuivainpa,1
Täsmentämättömästä,1
Paremminpärjäävä,1
Olattaen,1
Puuhissakin,1
Ihmetyttäää,1
Harrastuskohde,1
Lentokoenessa,1
2012021415200402_uu,1
Mcbealissa,1
19xettjnjfa,1
Viittamat,1
Käyttömääriltä,1
Eissaaa,1
Rojektikotteron,1
Autonhakuun,1
Tallikaveria,1
Teurastamovideoilla,1
Suklaapikkukakkuset,1
Virkaruotsiedellytyksestä,1
Talvisiirtoja,1
Edelleytys,1
Dell_optiplex_990_i5_2400_4gb_250gb_win7_pro_21896965,1
Kissatalolta,1
Anistrophic,1
Aliasit,1
Gyn8pauymys,1
Paikallisbussirahan,1
Loppuelämänsa,1
Tanelle,1
Sympaattisuusfaktori,1
Junalippuselitys,1
Sebiastiania,1
A1445919880445,1
E03be00177e3831b07d7765c4cb74992,1
Päräyttäminen,1
Apyr48gaczc,1
Muistimääränkin,1
Höhlän,1
Turvasumuttimeenhan,1
2012041615459685_uu,1
Etäkuristi,1
Jyllättiin,1
Puheejohtajakaudestaan,1
3qevvk,1
Nuorellemiehelle,1
Pummaajista,1
11150583_10152925626477434_7653712595791981142_n,1
015ea1926725b436d20313f0f4f03635,1
566b82e4,1
Kaakelialtaassa,1
Askitupakkiin,1
Nokkelas,1
Survojat,1
Walkkaamalla,1
Kuha_sipila,1
Pummailijat,1
Kylpylähotellien,1
Avioliittotouhuja,1
Useimmilal,1
Klikkimääristä,1
Pörröpäinen,1
Iso_ja_porropainen_mies_taisi_tykata_seksista__jalkelaisia_jo_23_000,1
Budjettimenoihin,1
Pysähtysin,1
Mannemamma,1
Pummimisen,1
Vähempiriskiseen,1
Korkotiliin,1
20151022ipr98802,1
Verkkovierailumaksujen,1
Aleksanterikadulla,1
Kotiutusohjelmaa,1
Nabise,1
Louskuttavaksi,1
Znb7qqj,1
Verovastuunsa,1
Naamallehyppijöille,1
Muullekka,1
Lompsasa,1
Uskonnollisellekki,1
Tarkastuksiinsa,1
Peltotien,1
Pistoluontoisesti,1
Miekkahotellin,1
Elukkalekut,1
Sinipunaviritys,1
Kerjäläisellekkin,1
Randomkeissit,1
Sisäisista,1
Suutia,1
Perussuomalaisryhmiä,1
Wqrc4dy,1
Kunnoittamisessa,1
Elintasokumpuakin,1
Riiiiiiiiiiiiiii,1
Kotiutusohjelman,1
Aggressiivisemmille,1
Mäkkärinpurilaiseen,1
Feceskirja,1
Perussuomalaispoliitikot,1
Ukkiakaan,1
Yleispalveluehtoja,1
Openforumacademy,1
20neutrality,1
20factsheets,1
Bmad_omdsik,1
Kioskiläppää,1
Miekkoseen,1
Ugt,1
Aamuhorrokset,1
Katuarvonnassa,1
Vivahderikas,1
Blogikirjoittelijoita,1
Liittolaisalennuksella,1
Ydinvoimalasähläyksen,1
Ukrainasotku,1
Propagandailee,1
Venäjänmielisin,1
Kotiutussuunnitelmasta,1
Azzarellon,1
Luthorista,1
Teräsmiehet,1
Kreikkapaketeista,1
Tupakkarahoja,1
Yhdysvaltalaismieliset,1
Neuvostomieliset,1
Koirinaan,1
Suurvaltapoliitikaan,1
Yhdysvaltaisia,1
Ilmatorjuntamme,1
Valtainstituutioita,1
Rafaleja,1
Itutus,1
Alentamishanke,1
Kannatusdroppi,1
Ultrarealistisiksi,1
Voitonjanon,1
Brändäävän,1
Kukkaahattujen,1
Urheilutoppi,1
Perheenyhdistämispäätös,1
Valittajansa,1
Minimimmäksi,1
Ykkosjakelut,1
Luistellakaan,1
Hiiiidaaas,1
Häämääääläääiin,1
Vatuloikaan,1
A1445922302839,1
6e757f724b164206c31cff7d1005bb8d,1
Endashin,1
Kylpylähotellipuljaukset,1
Kerjätköön,1
F9646nnzn2u,1
Ulkomaalaismedia,1
Märrällä,1
Ruotsalaiskylän,1
Vesileimoin,1
Kustannusyhtymän,1
Fep,1
The_happiness_of_reading_presentation,1
6d47676ec7285b97e0e56ab09b669f3977baf3ba,1
Kysymyskohtainen,1
Romanipummeille,1
Debunkanttu,1
Asetarvikkeet,1
Pesisharjoituksiin,1
Pakettiveistä,1
Puukko_ei_kuulu_katukuvaan,1
Turvapaikansaantiin,1
Limedsforsenin,1
Laskentaoppi,1
Limedsforseniin,1
Syväluotausartikkeleita,1
Asiamiespostitoimistolla,1
Yhtiötunnus,1
2294m,1
