Työpaikkakeskittymään,1
Lähiöhelvetti,1
Varissuokaan,1
Ensinäkääm,1
Ettätässä,1
Palveluasumiskohteita,1
Ennakkonäkemyksiin,1
Totuudenkertoja,1
Keräysmetodit,1
Aurinkopaneelillisten,1
Hampurilaisarvo,1
Töör,1
Tööbs,1
Etiikkavalinta,1
Postitoimialuelle,1
Riistasiltoja,1
Döködöö,1
Mutullla,1
Järvikalaruokavaliolla,1
Vihrealippu,1
Rosengårdimme,1
129777_900x900,1
Koulupopulaation,1
Omth_11_2018_tuomioistuinten_ty,1
B6tilastoja_2017,1
Vaurastumishaaveeni,1
Rverse,1
Sanajärjestykseenkään,1
Paskamyrskyklusterin,1
Static8,1
Depositphotos_8704115,1
Palohalytysta,1
Keylla,1
Tiirikkapyssyllä,1
Kulttuuriperinteissä,1
Vähemmisötjen,1
Kiskaisseet,1
Korkeasivistyksen,1
Kulkijoillekin,1
Peseytymispaikkana,1
Putkikatseisesta,1
Hakamaa,1
Biotoopeilla,1
Räklänny,1
Tiirikkasarjalla,1
Kansanoikeudentajua,1
Tpimensa,1
Mukinen,1
Oikeudenkähntiä,1
Piolilla,1
Kokonaisruoantuotantoratkaisua,1
Kyrvövirvelö,1
Viljelymekanismeilla,1
Energiapitoisempi,1
307143011_1,1
Superbussilinja,1
Jatkotutkimukseni,1
Vatupassiaistiin,1
Park_chung,1
Jeppisratkaisu,1
Viinatoimitusten,1
Viranomaiskorruptiosta,1
Tarkoituksenmukaisuduen,1
Hiilipäästöinen,1
Hälyyttävässä,1
Virulaisel,1
Aksentil,1
Kuntojakaumaa,1
Konseravtiiviset,1
Parrattovat,1
Hevariuttaan,1
Lempinimelle,1
Raitsu,1
Ranuli,1
Ännyytee,1
Sanelevia,1
Korvaankuiskuttelijoita,1
Peruslobbareissa,1
Superbussia,1
Kunnianhan,1
Kunniakultturista,1
Haittatapeista,1
Aidoitukset,1
Vihnen,1
Asukkeineen,1
Maleskelun,1
Sorkkimella,1
Väältää,1
Epäsuomalaisten,1
Ylikansoittamana,1
Denssimaku,1
Kuonolle,1
Automekaanikoille,1
Elämänloppu,1
Äitienpäiväviikonloppua,1
Masentavimmasta,1
Sienilaulusta,1
Oikeusvaltioprojektiin,1
N792776,1
Laukkujensa,1
Liekkimerenä,1
Neljästäkymmenestäyhdestä,1
Oísko,1
Levähdyspaikassaan,1
Liputuspaikoista,1
Narkkirottien,1
Stadialisten,1
Jäkättävän,1
Käyttäjäinformaatiota,1
Vauhtimato,1
Kottikärryttäin,1
Olympiatulta,1
Wrzvmsiiawm,1
Ryssiväni,1
Metsäarossa,1
Pernontietä,1
Hövelissä,1
Ryssittelevät,1
Raipessa,1
Kotouttamistoimenpiteistä,1
Pikkulaukkuja,1
Laukkukaaoksen,1
Patoluukkut,1
Lasketterulinteitä,1
Mertarantakaan,1
Homokammoon,1
Tapahtumiisi,1
Liimapuutehdas,1
Pelkosennimelle,1
Väännettuä,1
Saamelaiskaupunki,1
Pilkotussa,1
Ääripäisemmäksi,1
Sateenkaarimarssit,1
Cashewpähkinät,1
Vasectomiaa,1
Äänisiksi,1
Multimediasirkuksiksi,1
Kirjastokäsityksen,1
Ruumalaukuilla,1
Rimowa,1
Veroprosenttejakin,1
Suomistreamit,1
Uusintayrityksiä,1
Varissuollekin,1
Maasustustapauksista,1
Märehtiätuotanosta,1
Työsuhteestakaan,1
Eturistiriitatilanteeseen,1
Tetragrammatonit,1
Ulkomaaomistuksessa,1
Hautatestamentissa,1
Levähdyspaikkana,1
Ilmaisstreamiin,1
Moreja,1
Maksuunpanemiseen,1
Inhimillistettäisiin,1
Mertarantakin,1
Edit_2221,1
Bkwkce,1
Danish_farright_party_calling_for_muslim,1
Naimiselta,1
Mussolineja,1
Antennitelkkarilähetyksiä,1
Miinustuksen,1
Arvomaailmallekin,1
Seurantalaitoksen,1
Varastusrikollisuutta,1
Hyväveliristirunkku,1
Pikhadzilly,1
Sircus,1
Näpäyttääksesi,1
Sopeutuneista,1
Ghettoviritelmä,1
Sähköpostilaatikostasikin,1
Nettohyödyttäjiä,1
Vuotsolaisille,1
Hävitetää,1
Sonnistautuneena,1
Pieruverkkarehin,1
Risupartaan,1
Konkluusia,1
Biologispohjaisten,1
Paskaski,1
Väärinkäytöstähän,1
Varissuolaiseen,1
Lätkähypea,1
Puoluepukarius,1
Tällaisis,1
Postumaan,1
World_bank_data,1
Tinkeröimistä,1
Glorifikointi,1
Alikeskustelu,1
Itsekuviteltuja,1
Buustaamista,1
Vaatepaskaa,1
Kyhjötetä,1
Omaisuuspuoleen,1
Jesidikristityistä,1
Arkkivihollisiaan,1
Ennaltaehkäiseva,1
Kouluampuseksi,1
Vähemmistöukko,1
Slayerlippu,1
Oppilasikäisiä,1
Ipadc,1
Epäammattimasta,1
Kompostelijooni,1
Kompostelijoonin,1
Kiinnittäisivätpä,1
Maahanmuuttokeinona,1
Minkäkielinen,1
Asujamistoa,1
Hupsankeikkaan,1
Piirrusten,1
Childrenwith,1
Atadoption,1
Shortertime,1
Ofpreadoption,1
Lessof,1
Thegroups,1
Alsosignificant,1
Familiesof,1
Seducation,1
Table10,1
Hadpoorer,1
Itwill,1
Thatthese,1
Iqdifferences,1
Twoblack,1
Adolescence1,1
Perusrahastoja,1
Liioittelusi,1
Kiduttajaraiskaajansa,1
Palatkoot,1
Uratoiveista,1
Tuomarinuralle,1
Vastavaginasta,1
Salkunhoitotaitoihini,1
Aurinkovoimaloistaan,1
Markkinointipäätökselle,1
Asteekkijumalalta,1
_philippe_rushton,1
Sateenkaariaatteesta,1
Kampanjoia,1
Vonkuralta,1
Sotesäästöt,1
Ffdba9d5,1
6a67,1
026283b61536,1
Tililöinneille,1
Tarkentavalle,1
Tililöinnit,1
Väärinkäytösepäilyille,1
Scienceandnature,1
Põrgus,1
Sattumanvara,1
Pohjanväylä,1
Osittautuisi,1
Roskajätteiden,1
Kätkeäminen,1
Melplayn,1
Karaokenauhoiksi,1
Kysynaisilta,1
Kysymiehiltä,1
Ollanpidemmät,1
Pullakahvikäynti,1
Jääkarhumukista,1
Kasviosta,1
Ez4kakko,1
Tunnekiihtymyksessä,1
Raivomisessa,1
Psykoosihöyryiset,1
Kätilöiksi,1
Betonimajassaan,1
Tengchong,1
Triiditappioden,1
Udén,1
Riskisyy,1
Riskisyitä,1
Parnterin,1
Kesätyöläine,1
Kallionperää,1
Tavarankuljetuksesta,1
Bosniabill,1
Vierasvelkapantinantajan,1
Voimarit,1
Raflaavaksikin,1
Rahastojahan,1
Oo0d1ztafka,1
Hammaskeijulla,1
Anarkistivallankumoukseen,1
Kaljufedoraliitto,1
Uqoeqxj,1
Hyvätapaisuuttaanko,1
Saivartelusarjan,1
Murheettomasta,1
Mielenvikaselle,1
Käsittelykykysi,1
Intepretoi,1
Raivonparteella,1
Kilpailukielloilla,1
Ällöttelee,1
Huorattelee,1
Mainunnut,1
Viattomastikin,1
Harhaanjohtanminen,1
Oodis,1
Mustkaa,1
Paristohyllylle,1
Familyman,1
Koulunkäyntimahdolisuudet,1
Pelkill,1
Testailijat,1
Ekokehitelmiin,1
Skuruhan,1
28fi,1
Verkkoartikkeleita,1
Maahanmuuttonumerot,1
Niitäkun,1
Viilenteli,1
Luokitteluperusteina,1
Tasapainoituksesta,1
Säästövinkeistä,1
Luovuuskatopäiviä,1
Keräilllä,1
Avuttomuudenkin,1
Korruptiokahveihin,1
Korruptiopiirakkaa,1
Hakkavaat,1
Combo_2,1
Perjantailasillinen,1
Shamaaneiksi,1
Turvallisuusvideoon,1
Onnettomuuskoneen,1
Orivedessä,1
Psilobysiinin,1
Ｓｅｉｓ,1
Olutterasseineen,1
E9xx,1
Inhousepaikkaa,1
Dandolo,1
Ramseksista,1
Leikannet,1
Arkistotetsausleiri,1
Totuuspohjaisena,1
Alareddititjoilleluulinputoavani,1
Quagmirena,1
Clevelandina,1
Proaktivista,1
Hiomalaikalle,1
Sotesuhmuroinnille,1
Meikkamatta,1
Paksummasti,1
Kevyemmästi,1
Lifegoals,1
Leffajippo,1
Sormenjäljettömiä,1
Koeaikapidennykseen,1
Julkkismaailma,1
Pirikaapistansa,1
Kokoomusidioottien,1
Kerjäläismummuille,1
Kerjäläismummulle,1
Tutkimustyylinen,1
Kalastamansa,1
Ensimyyntiä,1
Rapuerää,1
Poromäärille,1
Luonnokala,1
Journalistinliiton,1
Kamppaniatuote,1
Menekiltään,1
Burgerkingejä,1
D2_2018,1
Hopulle,1
Killstreakit,1
Paikantunee,1
Meetfrankista,1
Opaali02,1
Bgm954,1
Reddit_global_meetup_day_will_be_saturday_june_22,1
Haarakepiä,1
Sukupuolinesteiden,1
8mkcip,1
A4rturkulainen_global_reddit_meetup_day_lauantaina,1
Tuomiokirkonpuistossa,1
Ramauttamisesta,1
Harjoteltavaa,1
Löyhkäsin,1
Piiloryhmään,1
Feijoille,1
Romaninaapurini,1
Povikateutta,1
Pantavampaa,1
Autistella,1
Kendomm,1
Kartiutuisi,1
Koodiputkia,1
Sählääjille,1
Jäkättävää,1
Vastakkaiseta,1
Alkuvoitto,1
Hitsautumiselle,1
Fantsukivaa,1
Silmävalkaisun,1
Lupauksenne,1
Keskikokoselta,1
35ksek,1
Ffk9owg,1
Vastumasisesta,1
Maustepöydästä,1
Maaseutuväestö,1
Ilmastonmuutoskiintiötä,1
Utopistisetkin,1
Kajahtavista,1
Äläääää,1
Vittuuuuuuuuhhhhh,1
Taloussivustojen,1
Ihimistieteistä,1
Vihkiraamatun,1
Natsisikakyrpien,1
Megahampparit,1
Pitakebabhampparihan,1
Hauraaampia,1
Standardimitoitettuja,1
Ominaistoimistolämpötilansa,1
Trolliartikkelia,1
Skaputkin,1
Manageroidussa,1
Ovinkarmeihin,1
Bussiessa,1
Jodlaajat,1
Xwymekc,1
Ei0tsyyvj7921,1
L02rh7u3cmq11,1
Peruskyrvät,1
Ruuhkauttamalla,1
Heocu2bwhhe,1
Testanneista,1
Mallinoida,1
Miespotilaista,1
Loikkansa,1
Hämärätyypeiltä,1
Harjoituskohtaisesti,1
Semiviralliset,1
Vartenotettavaa,1
Pitsatahrainen,1
Haahkakannoista,1
Uroshaahkaa,1
Tillater,1
Varjakt,1
Guding,1
Kevätlinnustus,1
1446_fi,1
Kevätmetsästystä,1
Kesätyöhakijoille,1
Risupartaisena,1
Perhepuukottajakin,1
Tipuset,1
Muinoisista,1
Kotouttamisrahasta,1
Turun_kaupungin_toimintasuunnitelma_2018,1
Tilinpaatos_2018,1
Talousarviostakaan,1
Kuntatalousohjelmassa,1
0212891f,1
515ab32a45b1,1
Fac234d1,1
6e66d3dab807,1
Kooderille,1
Vaakkuja,1
Hx50,1
Sadesumuinen,1
Oijee,1
Norjanlaivalle,1
Uppermummo,1
Kaulojakatkovat,1
Kiekonhallinta,1
Siittiöltä,1
Balkanialaiset,1
Kiertuekartalle,1
Juojatkin,1
Asikasprojekteja,1
D6aadab5,1
27ce,1
B11a,1
34d217aef037,1
Skråmon,1
Tvsi,1
Sanomisita,1
Tympeentyminen,1
Matkalaskupyynnöillä,1
Optikkoketjuja,1
Kommunikoitiväline,1
Opiskelijakolleigoihin,1
Someaddiktio,1
Silmälekuria,1
Kiinatilaus,1
Kylmäluoma,1
Vihapuhekortin,1
Mikälieksi,1
Vaaksuttimia,1
Rasismileikki,1
Tarhatouhua,1
Itäjuutalaisten,1
Tikarinpistoon,1
Ijlezvp,1
Esikuvaamme,1
Ympäristöpaskaaja,1
Aishaksi,1
Karaokepohjista,1
Valintaportaan,1
Kasvokosmetiikka,1
Persukunnissa,1
Euronjuustot,1
Lapsikotiin,1
Kenkäisyissä,1
Titaanisangoilla,1
Ohennuksilla,1
Pinnoituksilla,1
Verkkotilaaminen,1
3kdq7f,1
Ordering_prescription_lenses_from_china_eg,1
Eyewear,1
23c12816043,1
Ecae6102b3f8,1
Oiioooiiii,1
Siims,1
Vaiolens,1
Säks,1
Tiivii,1
Moisialla,1
Tissikaljalätkä,1
Manletejä,1
Kohillako,1
Guantánamoksi,1
Ruokahifisti,1
Onkkopata,1
Hiivajauhot,1
Jäystetyt,1
Sisäpiiritasolla,1
Ulosottojuttuja,1
Myöntämisessäsi,1
Huomausit,1
Raivoamiselta,1
Hölmöilyysi,1
Iskunkestäviäkin,1
Espanjallani,1
Sähläisikään,1
Verkkosähköstä,1
Mavericsille,1
Verolliksi,1
Läsci,1
Linnuke,1
Koskikeskukselta,1
Jalostetumpiin,1
Kantsuautomaattiin,1
Pakkaustyyppi,1
Veroremontin,1
A5rkice686511,1
Meemipleksin,1
Naputtaisin,1
Pikkuvelan,1
Muchewa,1
Asuntohajautuspolitiikka,1
Rasinkankaanmukaan,1
Varisuolle,1
Terveydenhoitokokonaisuutta,1
Opistosihteeri,1
Maustepöydässä,1
Sanonisistaan,1
Kirjoittamiataan,1
Itkihän,1
Löyhäpäisiä,1
Uutiskirjoitelma,1
Vastustukyvyn,1
Kausilenssut,1
Kaplas,1
Phaccsu,1
Muhqu,1
Nykymaailmalta,1
Byret2r_uq,1
12m53s,1
Plussavahvuus,1
Miinuslaseja,1
Taloustiimissä,1
Verotustiimissä,1
Myöskäpän,1
Vaalilupauksethan,1
Sananvapauskorttia,1
Yksityisomistetuilla,1
Mittapalalla,1
Rautasillan,1
Valtavirtaoikeiston,1
Kmmentista,1
Agendapuskemisesta,1
Pyhätunturista,1
Primatology,1
Londa,1
Schiebinger,1
Vaakkujia,1
Elänenää,1
Yheiskuntakelpoisia,1
Riskisemmin,1
Alkurahalla,1
Hyvinvoinhiyhteiskunnan,1
Kultalusikkasuulliset,1
Profiilihan,1
Jozurzv,1
Äänestyspartiointiin,1
Viikinkijoukko,1
Kamppaniatuotteelta,1
Romanileiriksi,1
Valmistamistamisesta,1
Pakanauskonnollisten,1
Radwan,1
Optik,1
Hyökkännyt,1
Pilkanneeseen,1
Murhayrityksiin,1
Rantajuoppo,1
Vastaanostokeskuksia,1
Ketjuliikkeillä,1
Kirjotusvirheit,1
Korkkikseen,1
Tiedetäään,1
Bullucca,1
Urheiluketjuun,1
Pässinraatobiljardia,1
Islamofobiasyytösten,1
Natsipojan,1
Rasistipoikia,1
Anglosfääriseen,1
Oligopolisille,1
Rahoitusfirmoilta,1
Uskoivatpa,1
Persluurisi,1
Realiteetithan,1
Veroeuromme,1
Tucewa,1
Westergaardia,1
Osinkoverovapaista,1
Burnedivoryking,1
Xkx1kca9a0q21,1
Qfupesr,1
0k1gopclcgs21,1
Rhtm7rt0bjg21,1
E3iuwan,1
Vihervassariaktivisti,1
Internetpeikkojen,1
Suurliikenneonnettomuusvaara,1
Ikätvereiden,1
Pälkästään,1
Hävettömästi,1
Pikavipien,1
Ottamisilla,1
Ihmisoikeussoppimusten,1
Ajatusrikoskreiseys,1
Selaamikokemustaan,1
Studioyleisömme,1
Provosoitumiselle,1
Kääntyntyt,1
Scanburgerista,1
Superaterialla,1
Pshc01h8pey,1
Birdpics,1
F7c0a713,1
De00,1
52046ea45ced,1
Kulunkeineen,1
Pettäneeseen,1
Väärinkäsitit,1
Populistisyytöksillä,1
Vihervassariheimo,1
Instapostauksessa,1
Dbry,1
Nauerettava,1
Lapsipsykiatri,1
Radikalistin,1
Lähtöainekset,1
Radikalisointumiseen,1
Pesänrakennusainesta,1
Lasiastiasta,1
Vapollisella,1
Cagematchin,1
Randy_gardner_,1
Record_holder,1
Tutkimusrahoille,1
Ekologistiksi,1
Nietzhceä,1
Möksähtänyt,1
Weltsukin,1
Bmwiua,1
Voiko_testamentill,1
A4_asiat,1
Kantolanlahdella,1
Kevätpuku,1
Loukis,1
Harhautuksien,1
Tunnepurkinsa,1
Jallatusta,1
Valeuutismeemiä,1
Identifioutuu,1
Oikeistopesäkkeestä,1
Tvtn,1
Tähkiönkatua,1
Mn6qi7zhnoo,1
Twittershow,1
Beckyn,1
Juutalaiskriittinen,1
Syntymäpaikkasi,1
63nbj1d,1
Eliasleino,1
Valmetinkadun,1
Hyrkköistentie,1
Sudenkorennonpolulla,1
Megayhtiöihin,1
Monopolissä,1
Turvallisillekin,1
Arabikauppiaat,1
Hmmpf,1
Ongelmatalot,1
7405990ba5947475b26e922bfba392fd,1
Eläkeikärajoilla,1
Purkavatkin,1
Rahoituspalveluun,1
Syrjinnässäkin,1
Emluukh,1
Rautakehikon,1
Sanssouccin,1
Nuoleta,1
Ycsiccö,1
Tyoelakkeiden_rahoitus,1
Suotuisella,1
Kilpajuoksuesimerkki,1
Tilhit,1
Toveriuskovainen,1
Sanavapaussoturi,1
Iref,1
Uqam,1
Prog_3cycle,1
Schrebinger_feminisim_changed_sciences,1
Tt0070030,1
G86i_tp8z6g,1
Normirasismi,1
Läppäreile,1
Tabeleteile,1
Elisakaa,1
Lukioateisti,1
Uhriutumisfantasialta,1
Väärinköytön,1
Mikrounia,1
Rastaskuoron,1
Instrumenttiemme,1
Pohjavalot,1
Silmillemenevä,1
Pikavippiyhtiöitä,1
Kansenedustajana,1
Räpytin,1
Romanikerjäläisyyteen,1
Erottelumekanismeihin,1
Exclusions,1
Pretexts,1
Subordinating,1
Yhtitöitä,1
Pakkonaitetut,1
Foliohattuilevalle,1
Faktalähteillä,1
Faktaiskuja,1
Kokoomusfantasiat,1
Työvoimaintensiiviiä,1
Valokuvakaveri,1
Eliminoija,1
Lurkkaankin,1
Nyhnnqg,1
Suolataa,1
Keittimest,1
Menneisyydessa,1
Palveluammatteilla,1
Heitteillejättämistä,1
Asiallisestii,1
Kiksesitä,1
Pesemisestään,1
Pedofiilivanhempi,1
Syrjintäesimerkistä,1
Kelkkkansa,1
Keskusktaa,1
Blairismin,1
Meemimestarit,1
0a5501d4224f,1
Johdankin,1
Huipputuottaville,1
Kaukosäätimellisen,1
Asuinlähiötä,1
Mettäläisiä,1
Semiin,1
Transdesimaaliluvut,1
Kymmen¹,1
Duodesimaalijärjestelmässä,1
Transdesimaalin,1
Mayojen_numerot,1
Varjoverkkonsa,1
Vassaripakotus,1
Tyypillisii,1
Näkemyksii,1
Feministiliikkeitä,1
Soettellooooo,1
Shaktin,1
Indian_numerals,1
Tanssiaskeleesta,1
Hallitussuunnitelmat,1
Villitsijät,1
1ofptnspu_w,1
Pönacca,1
Strömsössa,1
Kännisuhmurointikatumuksella,1
Evolution_of_symbols,1
Kanadalaisinta,1
Ristiinpukeutujana,1
Paikkamerkinnässä,1
Kouluammuntakuolema,1
Cloudburst,1
Puskeville,1
Sarjakuvanaamalla,1
Kiipeilypaikkaan,1
Kiipeilypaikassa,1
Sinioikeisto,1
Krapulapizzana,1
Omaisuusverotuksesta,1
Vaippabudjetin,1
Villakoiralettuja,1
Peppukipuilee,1
Selväjärkisimmältä,1
Hitaksien,1
Alustatoimijoiden,1
Kehitysapukaan,1
Hexadesimaaleihin,1
Anteeksiannoksi,1
Lobbarirekisterille,1
Aktiivimallittamista,1
Nostelevasta,1
Loppuratkasua,1
Verovoitot,1
Nikotiiniriippuvaistetut,1
Velanottajapuolue,1
Vaalivoittajalta,1
Oravapaistia,1
Oravapaistin,1
Sähkölinjansa,1
Sontsatakkinsa,1
Neukkudystopiassa,1
Otravat,1
E4e119,1
Säätämisestäkin,1
Vainoajiansa,1
Besserwisseroida,1
Epämielyttävällä,1
Tietoarkistoihin,1
Seeprakuvioiset,1
Penkinpääliset,1
Kansanrintamahallitukseen,1
Kenttavaki,1
Selostamassasi,1
Kuponkiarkit,1
Neuvotteuihin,1
Kävelykansien,1
Maalaispojassa,1
Ylm5vfk,1
Katsepisteen,1
Soijapapufarmeilla,1
Nyhtökaurapelloilla,1
Mgtowista,1
Hallituspuoludeiden,1
Rakennusaineesta,1
Varjeleminenhan,1
Stereotypiapersu,1
Asuntoarvonnan,1
Asuntolisään,1
Kansaosien,1
Angelessa,1
Tyylisiäkin,1
Kirkkoampumisen,1
Luonnevammaisten,1
Oikienkirotus,1
Macías,1
Maissinjyvältä,1
Pariutumispakon,1
Risteytetyn,1
Lattelehmän,1
Vetotoimana,1
Ihmisoikeusaktivistia,1
Velhokirjan,1
Lääkevalikoiman,1
Rytminkääntöjä,1
Hitasista,1
Kansanosathan,1
Aktivointiongelma,1
Bm8sv9,1
Bmw_connected_drive_is_down_since_monday_and_has,1
Sukshma,1
Sharira,1
Astraalikeho,1
Mättölevitteitä,1
Luonnonvoimansa,1
Maataloustukipuolue,1
Alkeisasioista,1
Silppurivirkailija,1
Blaastauksen,1
Mustarastailla,1
Hyväntuulisin,1
Äärioikeistoyleisölleen,1
Femisnismillä,1
Naisasiainliiton,1
Moniväritukkaiset,1
Huutojat,1
Rekkikset,1
M6vjrrswkvk,1
Löysempääkin,1
Sanktiointiakaan,1
Budjettivapaan,1
Ilmastoneuvottelussa,1
Seikkaperäisyyttä,1
Toistatetaan,1
Ihmiskielessä,1
Neukkuromantiikka,1
Ihmisklimppinä,1
Varpusvihreitä,1
Elinkaarivertailun,1
Parametrisointikysymys,1
Kuvaruutukaappauksista,1
Jatkosijoituksia,1
Avioehtosoppari,1
Prenuptial,1
Prenupissa,1
Seireeninlauluun,1
Apukirjoittamiseen,1
Suttukirjoittaminen,1
Digabissa,1
Voimanuolet,1
Fysiikanpiirto,1
Abittiympäristössä,1
Voimanuolten,1
Vektoriviiva,1
Alaindeksissä,1
Vastakkaissuuntaisen,1
Voimanuolen,1
Läpileikkausmaisesti,1
Tekemisprosessina,1
Käytettävyystutkimus,1
Piilopropagandaa,1
Tunnepelailua,1
Markkinaylihinnoiteltuihin,1
Pankkiiriystäviä,1
Siedettävältäkin,1
Hillotolppahallituksen,1
Tonttivastikkeissa,1
Tonttivastikkeiden,1
Ohjelmistovalintojen,1
Tietoisuu,1
Kolmiulottainen,1
Thebrag,1
Vyanshakti,1
Pranashakti,1
Chaitanya,1
Chaitanyan,1
Shivaksi,1
Kynnyksennä,1
Prenupin,1
Tuomioteatterissa,1
Mykkäs,1
Orpolaista,1
Kukkahattufalangia,1
Lentorottia,1
Mngm,1
Parisuhdehomma,1
Huoltajuusmaksujen,1
Jääbandy,1
Viehättävääkin,1
Kaljala,1
Muhcea,1
Tekorikosoikeus,1
Viharikosluonne,1
Pesutiheys,1
Tihentänyt,1
Syrjintäeaimerkki,1
Kisainnosta,1
Metsätalouspolitiikan,1
Suojeluvastainen,1
Pahvilaatikoiksi,1
Tuolijuttu,1
Turvajarrun,1
Turvajarrupaketti,1
Ozavwu14g4,1
Onnistumispainetta,1
Sulkakin,1
Vuokratuettua,1
Hiilodioksidipositiivinen,1
Valmiinta,1
Komistukselta,1
Luonnonsuojeluvideo,1
Tänkinkäännön,1
Hattutemppuki,1
Astraaliksen,1
Äijjääh,1
Läääh,1
Blastraliksella,1
Nörttiseksikästä,1
0xaf,1
Metrotjoihinihastuin,1
Väitettytään,1
Godsent,1
Kaivamistyöllä,1
Yksinoikeuskuviota,1
Kilpakalenterissa,1
Arvoturnausten,1
Blastralis,1
Kärkijoukkueena,1
Overtimea,1
1½päivän,1
Horjuneet,1
Munkkiluostareihin,1
Sinkkuelämältä,1
Päämäärättömille,1
Murheenaiheeksi,1
Lähisuhdeväkivaltatapauksista,1
Toimitusministeriössä,1
Sovittelumenettelyn,1
Turvajarrut,1
Pyöräkierrosten,1
Kielipolitiikassakin,1
Turkkilaisnaisella,1
Rapiaksi,1
Happiletku,1
Arabialaisuudella,1
Buffettipoika,1
Kilpapelaamistahan,1
Blastraliksen,1
Olen11jatämäonhauskaa,1
Vassarilehtiä,1
Muhahahahahaaa,1
Lääkäribisneksellä,1
Sotevastaava,1
Kiillottelija,1
Komissaarityön,1
Taqiyalaisella,1
Vastaanottajakaan,1
Ammuntalajitkaan,1
Nuuskutellen,1
Venekorjaamon,1
Jatkub,1
Mentaalifakiiri,1
Ottaisinhan,1
Isämmaaliset,1
Juurevalta,1
Uudistusvimmassaan,1
Kassakoneena,1
Globaalimmalta,1
Hm59kghk7v8,1
Klxu_g6t2ua,1
4vjnw1i9qyu,1
C5onpjozg8a,1
Shy7rwxyoog,1
Imn2fpl0u3i,1
Snsd,1
Rakastuin_m,1
A4_looseriin,1
Hukkakiintiöön,1
Laatukorjaus,1
Tuottajiahan,1
Tekijäluetteloista,1
Iwjupy,1
2eim,1
E0y3abqk7m4,1
Jvr41j0zigc,1
G8vks2fmf7m,1
Inhimillisiltäkin,1
Neurobiologisen,1
Kotiinlähtörahalla,1
Könkelit,1
Shimmausvarma,1
Räikkäsysteemejä,1
Bumbkey,1
Kiekkohaittalukko,1
Tiirikkasankarit,1
Kiekkohaittamekanismi,1
Akkurälläkälle,1
Lukkoturvallisuus,1
Cqvnvjtf8cc,1
Äitienpäivätekstaria,1
Syysahdistuksen,1
Murjujen,1
Ceeelebrate,1
Kaksinaismoralaistista,1
Sanelutalkoot,1
Siroloita,1
Musiikkimarkkinalta,1
Laatikaiset,1
Suuttumis,1
Ounastelemaan,1
Kutsuliikenteeseen,1
Bms9xu,1
Blast_pro_series_madrid_2019,1
Pöhkötpojat,1
Pekonikääryleitä,1
Herkkusienirulla,1
Repäisykohdat,1
Siirtohinnoittelulle,1
Pakkokeskittämisestä,1
Talonpojantappotalkoissaan,1
Suomenkirjoitus,1
Syodaanko,1
Peitejärjestöjä,1
Seuraajajärjestöjen,1
Paketistai,1
Msuicmarket1973,1
Pumpilla,1
Lastenkasvatttamisen,1
Kauppakeskuskessa,1
Metakäyttäytymistä,1
Ruokajuomanaan,1
Perineistä,1
Evakkoajan,1
Inkorporoitiin,1
Puolueetomuuteen,1
Katseyhteys,1
Eritttämään,1
Lisääntymisstrategointi,1
Poikasistaan,1
Haaremiaan,1
Paritellakseen,1
Haaremiomistajia,1
Avomiestäni,1
Erittäminen,1
Pariutumisstrategiani,1
Kirjainyhdisyelmät,1
Yhteiseloomme,1
Oksitosiiniin,1
Poikkeavaisuus,1
Syrjäseutukyytejä,1
Oluthanoista,1
Numeoista,1
Galluptulokseen,1
Yhdysoligarkit,1
Islamilaiskonservatiiviset,1
Uskonserkukset,1
Mieleisistään,1
Vastaikkainasetettua,1
Tiimipäällikköä,1
Ulkokerrokseen,1
Nauruanne,1
Poistohetkeä,1
Arkkitehtuurityyleistä,1
Sukellappa,1
Fraktaalien,1
Leivätjoitavartenkukkuloidutan,1
Jsywfizhnce,1
83a8d4804e9dddec4a7b2ee4b4df3104,1
Missasinks,1
Gilgameksen,1
Tulvatarinassa,1
Gilgamesh_flood_myth,1
Atrahasis,1
Tulvamyyttien,1
2859f2f600c06664074a3d7147186411,1
Softaominaisuudesta,1
Törmäilyvideossa,1
Mandelbrotin,1
Väritulostimet,1
Ylävenettäneille,1
Aikamoita,1
Ausmistukea,1
Egyptphonekeypad,1
Arabialaset,1
Väeistöstä,1
Nörttiseksikkäämpi,1
Merkistönä,1
Datatyyppejäkään,1
Huijaustapauksista,1
Yksinomaiseen,1
Kulmakivellä,1
Arabialaisuuskin,1
Zarahustralaiset,1
Numerojärjestelmään,1
Kiinnostusasteeni,1
Ajatusmoskan,1
Perunamuussimies,1
Jäynämäinen,1
Linjakeskustelua,1
Pipipäällä,1
Santikko,1
Pääomatulorakenteeseeni,1
Punapillerimeininkiä,1
Punapillerimeiningillä,1
Anettavaa,1
Disneyromantiikan,1
Itsensäkehityssetit,1
Karistamisesta,1
Tinderpimuja,1
Pariutumisahdistuksia,1
Lammaslaumoja,1
Trollingina,1
Mielenkiinnonaiheisiin,1
Vihaongelmattomista,1
Karttavoittoa,1
D6twfq5waaaxb0q,1
Fourieriin,1
Taajuustasoon,1
Masseyltä,1
Segregoiminenko,1
Sotaveteraaniudelle,1
Politiikkasuodattimen,1
Doktoriinia,1
Doktoriinilla,1
Arabiliaset,1
Alliikkoon,1
Varpusiksi,1
Mittarikaan,1
Kattohinnoittelua,1
4jqsmwx,1
Kantaköyhällistön,1
Joukkorynnistystä,1
Lobbariverkostot,1
Familiarisia,1
Kiihkomielisestä,1
Asemapaikkasääntelyä,1
Jakeluajankohta,1
Hallituskysymyksiin,1
Myymättömillä,1
Leipomotuotteilla,1
Pikkupässille,1
Villintyy,1
Editointivastaus,1
Mietintöihini,1
Fanitustakin,1
Maahanmuuttajavähemmistöön,1
Numerosymbolien,1
Keskistyleirit,1
Parafraseerasin,1
Vastaanottavaisina,1
Tahdovastaista,1
Läheisyteen,1
Pääkimään,1
Sivistyspuolelle,1
Digitalisering,1
Skattesmall,1
Frifagbevegelse,1
Ntlmagasinet,1
Proffe,1
Ubersjaforar,1
Skatten,1
Samtidig,1
Sjaforane,1
66ab08b668,1
Valkoisenvoiman,1
Maahanmuuttoonsa,1
Lätkätietäjiä,1
Koitmaiseksi,1
Vahdetaan,1
Metsäleireillekin,1
Sjvivjumfwa,1
Tosnoi,1
Qaedat,1
Pilkkoontumassa,1
Käyttäjäehdoissaan,1
Varhaisjuutalaisuutta,1
Horusta,1
Luostariyhteisöön,1
Rituaalipeseytyminen,1
Mikvah,1
Profia,1
Ishtarilta,1
Pascha,1
Silpputyöllisyyteen,1
Takarentaiden,1
Kumiosaan,1
Pässijuttua,1
Pysäytettä,1
Karvahattuarviolla,1
Vihkimiskaavoihin,1
Auvovammaisten,1
Länsiarbialaisista,1
Itäarabialaisista,1
Vaikutuksila,1
Phaidonin,1
Lippaus,1
Puolipituiset,1
Uskontomaailma,1
Arabisilla,1
Onkee,1
A4ydent,1
Taksiriihimaki,1
Isommalata,1
Lömpökin,1
Numerojärjestelmiä,1
9gnn8k,1
98bo8l,1
Bdd1q7,1
Mestari_on_mestari,1
6ucn6q,1
Mestari_tykitt,1
Manim,1
Nuottaaminen,1
Pienyrittäjävetoista,1
Huomioittakoon,1
Khwarizimi,1
Aritmeettisissa,1
Huputtajia,1
Sukupuolettomuuttaan,1
Bolteissa,1
Yangoissa,1
Puolueellinenkään,1
Sormennapautuksella,1
Qms6prm,1
_portaali,1
Santikon,1
Liniskursseilla,1
Sotaveteraanimuistomerkistä,1
Erähäviöistä,1
Tappiobonuksen,1
Jalkapalloki,1
The_brahmi_numeral_system_and_its_descendants,1
Lakanastani,1
Vihreimpään,1
Numerosysteemimme,1
Golkin,1
Valenssielektronit,1
Verotoimituksista,1
Lattaisivat,1
Muovipölystä,1
Muovijätevuoresta,1
Humoristiseti,1
Taivasjoulupukkia,1
Näperreltyä,1
Xtwkrwy,1
Energiantuotantofantasioita,1
Sijoituttaiskin,1
Etsessään,1
Identiteettipuolueita,1
Ec93bcfa5630b3a3ce6c8edbe1e1500d,1
Arabialaisillakin,1
Arabialisilla,1
Järkipolitiikot,1
Savuhailia,1
Kannaotoissa,1
Avioitavien,1
Lumevaalit,1
Laivanupotusjuttua,1
Käytöksiksi,1
Kansallisruokansa,1
Muovipohjainen,1
Arabikalifaatteja,1
Brahmi,1
Velanottopainotteista,1
Stkboui,1
Iwar3ctswfrm0putganjggth53c2yx9r3orv4tndygxo_jxkkiy9ysjp,1
Xpwi,1
Iwar1ecqjzp3as5sxiwz9cdsk6vzwgxaxj8gh6tzr21bsua,1
M9uqbwzswfqxo,1
Kuohuviinia,1
Iwar0_fkzy,1
Xiovhibznq8ppv2zy9eeczp5vctkyzso9rva48li93auw2zta4,1
Iwar0inbccrmnzx65lltvoelnn26q3raewlxugx4uvetztxkmd,1
Wob1ubfnjo,1
D540d759,1
1b5de44a07a5,1
Iwar22ntxvrttdqc27_0lwfs7fxwgy,1
Zse2bxqgeadfrax3fogpp,1
Pa8fm4ym,1
Iwar2zqhgokc8vfcmg18a8bfps56fyt0decmv25pxmvbairylsc_foghwakeg,1
Lobbarilistat,1
Larvinen12,1
Räiminnästä,1
Tarjoilemissa,1
Hallituaneuvotteluissa,1
Demarihallituksissa,1
Speshul,1
Teiniluvut,1
Neuraaliverkoista,1
Ihmismielenkin,1
Sinätuubassa,1
Hallitustunnustelijapuolueiden,1
Pyöröovihomma,1
Stoppimekanismeja,1
Lanssiäijä,1
Huumehäröt,1
Ammattiyhdistysleiriin,1
Leiriytyvää,1
Maksimibonari,1
Häviöbonarila,1
Stackata,1
Eräbonareita,1
Valepakolaisten,1
Seuravaakaan,1
Persukontekstissa,1
Symboleiltaan,1
Bengali_numerals,1
Päivystysvastaanotolla,1
Tuplalukolliseen,1
Onguardin,1
Tuplalukot,1
Moneyfucked,1
Säästörundia,1
Säästöerät,1
Samzalallekin,1
Epärealistenkin,1
Ambulanssikuskitkin,1
Sifran,1
Pääpuoleista,1
Kannatustensa,1
Perusluvut,1
Kymmenjörjestelmässä,1
Puoluevaalidebattia,1
Trumpilaisesti,1
Kelaonki,1
Normionki,1
Vaalimittauksissa,1
Komminustipuolue,1
Pistettäviilaava,1
Mentäesssä,1
Etukäteisarviointi,1
Haittamaahanmuutaja,1
Feisbuukkyselyitä,1
Voimakertoimena,1
Ruokalähetitkin,1
Auvovammaiset,1
Moomican,1
一二三,1
Medianäkyminen,1
Numerojärjestelmistä,1
Santikolla,1
Floppitasolla,1
Euroviisuhistoriaa,1
Pikkufloppi,1
Lobbarisyytöksiä,1
Jättäyti,1
Kannattamattomatkin,1
Rotuyksilöstä,1
Numerojärjestelmäksi,1
Asuinkaupunkiasi,1
Joulumerkin,1
Hallitukdesta,1
Myöntnyt,1
Vasemistohallitukseen,1
Mullekkiin,1
Sivistyspuolueeni,1
Kituutelleet,1
Puolueaktiiveistakin,1
Tetyistä,1
Maaanmuuton,1
Terästulleja,1
Vastatariffeja,1
Jesuksessa,1
Sotesekoilujen,1
Filand,1
Pohjaonki,1
Valmiiksimöyhitty,1
Kauppasotimaan,1
Litkaamisessa,1
2002_venezuelan_coup_d,1
Allegations_of_us_involvement,1
Big_stick_ideology,1
Soininvaaralaisille,1
Vastaajiltaan,1
Faktatilastona,1
Auvovammainen,1
Aivohalvauksessa,1
Mielenosoitusmarssiensa,1
Tehdashankkeen,1
Pikaspurtti,1
Itsepuolustuslajini,1
Huururilli,1
Huuruttelija,1
Lälläpytty,1
Pyttymaakari,1
Kyllitsee,1
Perheväkivaltatilanteissa,1
Mahdollistettuja,1
Yhteiskuntakehitykselle,1
Ääriryhmittymiä,1
Vappuakaan,1
Simajuhlan,1
Missaisimme,1
Giljotiinimeemit,1
Nettopanosta,1
Hyvyyspisteillä,1
Yksilökohtaisestikin,1
Sinä_,1
Kalaherkut,1
Mietoksiini,1
Kuntatasoisesti,1
Kuivaruokakaapilla,1
Lir31p5,1
Vaalilähetystä,1
Pmpywox,1
Sananvapausperiaatetta,1
Hyvänänsä,1
Muovipillikieltoa,1
Hakkuumaariin,1
Tehdashanketta,1
Viljelyteollisuuden,1
Maavyöryjä,1
Luottoliikkeelle,1
Alikaytöllä,1
Immastosta,1
Rarttis,1
Trhdas,1
Ollajoku,1
Katowicesta,1
Myöhäsemmälle,1
Kylmentynyt,1
Kärkyttävän,1
Lukamaan,1
Volvoistit,1
Talkoomakkaraa,1
Hilasit,1
Synttärikorttiin,1
Silakkalitkan,1
Litkataan,1
Hipsuttimilla,1
C473fd6a658b6f1203c5067f56f78014,1
Tul3v415uud3n,1
Su0m4l415nu0rt3n,1
Tul33,1
0s4t4,1
K00d4t4,1
P3ru5k0ulun,1
Jälk33n,1
Mälsäpuh,1
Happihydroksidi,1
Ajelehtimsen,1
Kohkatessaan,1
Elelinpä,1
Äkkiämpää,1
Sokeutemme,1
Kansalaisvellollisuus,1
Työttömyyskeskustelu,1
Hilavitkuttimestaan,1
Xn_gsxtdnyc,1
Hipsterileimasta,1
Sscii,1
Linkkiketjuja,1
Tietosampoa,1
Haarautettaisiin,1
Baarikeskuskusteluissa,1
Partioimista,1
Hyödyllisyysrajoitteista,1
Japsineloset,1
Raiskausuhka,1
Lastensynnytykseen,1
Remmiahtimet,1
Albiinolehmästä,1
Hilavitkutinkaupassa,1
Adjusteeraa,1
Tappiollisin,1
Tuontipuolta,1
Miniyksiöiksi,1
Ekoboxit,1
Hilavitkutinvalmistaja,1
Pienennöslasi,1
Kustantanma,1
Yhteismoottori,1
Miniyksiöllä,1
O2h,1
Vetyhydroksidi,1
Edesvastuuttomassa,1
Suomenruotsalaiskavereista,1
Painitreeneissä,1
Woodforfactin,1
Konspetina,1
Ilmastomuutoslainsäädäntöä,1
Nykyfeminesteille,1
Eläinkarkotin,1
Opintomuotoja,1
Rahoitusuudistukset,1
Kirvailematta,1
Eläkemaksupohja,1
Volvomiehelle,1
Kahvinkeittoduuni,1
Kustannushyötyarvioiltaan,1
Eteenpin,1
Kemrbaperseet,1
Milemniaalit,1
Söytiin,1
Seliästä,1
Äänestyspaperin,1
Sovubm3ay35flrmdu3uyqw,1
Maksimainen,1
Varjelussakin,1
Bulkkisellutehdas,1
Hiokesellu,1
Eurovaalissa,1
Hajaantuneempaa,1
Harhaanjohtumiseen,1
Hallintoautomaation,1
Tuomist,1
Alieveilmiöistä,1
Lämmittiminä,1
Veitsikisa,1
Trollen,1
_tehdasta_,1
Viuhuttelijat,1
Numerokysymyksen,1
Teollisuusosaamista,1
Kauniinpunaisia,1
Jeesuskriittisten,1
Meemienkään,1
Factcheckkasin,1
Alahuoneessakin,1
Norjatyylistä,1
Polviheijastemaisen,1
Monikulttuurimädätykseksi,1
Sujuvuaa,1
Hypoteettiesti,1
Asumuksien,1
Hiilidioksidimäärällä,1
Otaksumaa,1
Tuottavampii,1
Mustavalkotelkkaristasi,1
Elokuvissakävijä,1
Tt0063522,1
Tt0082619,1
Marleen,1
Tt0082661,1
Tt0067093,1
Amerikkalaiselokuva,1
Tt0077416,1
Tutkintotehtaista,1
Ilmastonmuuuuuuutosta,1
F075bcc2,1
A6b5,1
A95ab2d2d348,1
Ilmastotuholaiselle,1
Erosopimusneuvottelu,1
Päätöksentekokyvyttömässä,1
Dokumentointiasi,1
Divetymonoxidin,1
Heimotoveria,1
Viherhype,1
Bh6f0k,1
Teinijullit,1
Västönvaihto,1
Ylemmätkö,1
4cee30b4d5e8667f77e1b6f85437bba8f17207b7_hq,1
Politiikkafantasioita,1
Proteesilähetettä,1
Hankaloitu,1
Munakellona,1
Sara_forsberg,1
Writing_credits,1
Lå,1
Lölle,1
Lööllä,1
Löltä,1
Lööltä,1
Löhön,1
Lööhön,1
Löstä,1
Firstworldproblemsien,1
Palohälyttimellä,1
Rasvakokkailusessioiden,1
Orangefani,1
Järjestöpuolue,1
Koralliriutta,1
Koralleilla,1
Liikakalastukselta,1
Ilmastonmuutossäätelyä,1
Kauhukämppikset,1
Paineongelmista,1
Korvatorvi,1
Paineistuksesta,1
Henkilöstöhallinnoksi,1
Pillittömyyttään,1
_gautama,1
Siddhartha_gautama,1
Elintaseroista,1
Kalastusemoji,1
Murkinalta,1
Protestiryhmiä,1
Pillittömyyttä,1
Nettiappeja,1
Itessääki,1
Käyttävii,1
Saksankieline,1
Himostellu,1
Jäkisliigan,1
Qztl8sgjd_y,1
Muovipilleista,1
Aktiivijäseniltä,1
Pakasteranskalaisten,1
Neutralisoivaan,1
Kehityneeseen,1
Makaryllien,1
Konservatiivikannattajat,1
Liberaalioikeistovihreille,1
Viherahovirallinen,1
Luisteluvoimaa,1
Mättösafkan,1
Klikinsäästölläsi,1
Yksiöissäkin,1
Tuomitsevinaan,1
Kiistävinään,1
Protestivaltaansa,1
Kaupunkiliberalismia,1
Ulkooveeni,1
Haluvalle,1
Minorist,1
Mätkähdyksestä,1
I4m41,1
Streptokokin,1
Nielutulehduksilla,1
Sokeripommeilla,1
Ikrtecfur,1
Käsivarrestakin,1
Alapäävitsisanamuunnos,1
Videoeditoida,1
Tubettajakseni,1
Emikukintoja,1
Kävyiksi,1
Maahanmuuttonäkemys,1
Japanilaisamerikkalaisille,1
Muumidubit,1
Vierivieren,1
5kalaa,1
Sekuraalisessa,1
Isoäidinpäivä,1
0wqjlb3,1
Kesksutelee,1
Venäläislääkärin,1
Kansallisuuksiinsa,1
Ammattitaitoihinsa,1
A4inen_kumppanuus,1
Arialaisiksi,1
Miehittysjoukot,1
Sinappiseen,1
Sekaleivästä,1
Gorillateipattu,1
Opiskelijapuolen,1
Ydinjuttua,1
Hrrää,1
Tavannomainen,1
Osaaat,1
Äitienpäiväkukka,1
Maalitetuilla,1
Järkisuuntaan,1
Puollustusratkaisu,1
Östmanin,1
Autolobbarien,1
Metsäekologia,1
Alfaurostarjonnan,1
Lantakasa,1
Tättyisivät,1
Verotusperustein,1
Pintaongen,1
Syötillisen,1
Syötitöntä,1
Vastustamattoasti,1
Pintaongella,1
Raakalaisväkivaltaa,1
Silvotuttavia,1
Silvotuttanutta,1
Lastsalaenohtutjelmelämatät,1
Realitypaskaan,1
Loppunurkilla,1
Huumenappeja,1
Miestenoikeusaktivisteja,1
Trustivapaata,1
Kartonkipilliä,1
Häpeäkulttuurissa,1
Lutkamaiset,1
Siteerauskykyjen,1
Saarnaamani,1
Liikennevuoroja,1
Työssäkäyntiajoista,1
Vapaaväki,1
Pysäköintimerkinnöistä,1
Peruskouluvaiheessa,1
Koristepuska,1
Alkoholifirmoihin,1
Valtioneläkkeellä,1
Moottoriurheiluakin,1
Itkuvinkuparku,1
Huippumallineitsyttä,1
Solukämppävuosista,1
Jälkioloihin,1
Vuosikertomus2018,1
Veritas_tilinpaatos_2018_fi,1
Sporttii,1
Fightpassiki,1
Prelimsit,1
Uhreilut,1
Linjaukseltaan,1
Voitaisiino,1
Postilaatikkoani,1
Kultaputki,1
Medal_table,1
Yhysvalloissa,1
Valkopaitaisten,1
8cln5,1
Liikuntetunnille,1
Tuontinormaalina,1
Multikulturalismissa,1
Perheväkivaltailevat,1
Ahdettujen,1
Japsienelosten,1
Dieselilla,1
Somepäivityksillään,1
Perustelemattomuutta,1
Arvostelustakin,1
Maahanmuuttokysmyksiin,1
5477uu,1
10p374,1
Persuvaltaisessa,1
Katottaava,1
Kilpailumuotoa,1
Ajnabi,1
Uyf6zwtlonm,1
Image1453208635,1
1024x578,1
209daf446ce54dc2a1d7a1df5cb692aa,1
Aae2dbc10cef47dd8c18d9120aed804c,1
Koulupakkoon,1
Immidietly,1
Kilpaliikuntaa,1
Autourheilumuodot,1
Foreginers,1
Hotelliyrityksiä,1
Curlingissä,1
Käsityöskentelyä,1
Ekasti,1
_lot_,1
Bnppcw,1
Ts_suomalaiset_el,1
B6t_sijoittivat_satoja,1
Superselviytyjiä,1
Superluusereita,1
Kiintiöittämällä,1
Superselviytyjien,1
Raivaamia,1
Selviytyjänaisille,1
Moottoriurheilukaan,1
Tiimikuvia,1
Loppurannikko,1
Pampasjoukkoon,1
Pampasjoukot,1
Fnindex,1
Wenäläinen,1
Redsin,1
Kantasuomalaisemäntä,1
Kpqvjqp,1
L1fe,1
0vv,1
Jutusteluissaan,1
Redsiä,1
Y5bikqqwy1g,1
Vähänevän,1
Vientiloikkaa,1
Unsupportive,1
A6728181,1
Perhefarkulle,1
Ärsyttävääki,1
Reproductive_health_act,1
Dekriminaloisitiin,1
Kömmähtelisi,1
Suomalaisvenäläistä,1
Kekkoslandiaa,1
Virtuaalinäytöt,1
Pleasantries,1
Massaspektrometrinsä,1
Edelleenviedä,1
Edelleenvientiä,1
Kaksikäyttötuote,1
Vientivalvonta,1
Vientivalvonnan,1
Selitysvaihtoehdoista,1
Öyhyämisen,1
Kunniaväkivaltansa,1
Klikkiotsikkomielistä,1
Graffiittikynä,1
Kaatuillu,1
Viideksikymmeneksivuodeksi,1
Lainasummmaa,1
Knaapi,1
Raikkaanaa,1
Itsemääritelmänä,1
Ydinkestustassa,1
Pistepaikoissa,1
Erikoisluonteen,1
Cheataukseen,1
Urheilijaoikeuksista,1
Tunkettua,1
Ilmastosäädöksillä,1
Kemianopiskelijoilleen,1
Nopeutuivat,1
Pysätymisen,1
Kulkunevoihin,1
Sähköpötkulaudan,1
Kalastusfoorumeilla,1
Viehekortin,1
Kalastuskuntaan,1
Alempikoulutetut,1
Kaupankassallakaan,1
Feminsteillä,1
Sukupuolittumatonta,1
Litmustestiä,1
Uhriutumishierarkiaa,1
Viiltelevänsä,1
Hygienisyyspuolustusta,1
Isoäitejämme,1
B8vbc8,1
Rakensin_pikavaalikoneen_jonka_voi_tehd,1
A4_alle,1
Reporttaile,1
Rataverkostoon,1
Matkusmukavuuteen,1
Vinyylilevyvitsi,1
He1oppg,1
Jelm,1
Salery,1
Rittääkö,1
Sylipuudelinsa,1
Rivotriliahan,1
Lääkkeeillä,1
Synnyttäneetkään,1
Ihmistarvot,1
Spuppi,1
Narkkisukupolvet,1
Ydinaselabraan,1
Massaspektrometristä,1
Asunnonvuokraukseen,1
Verosuunnittelurahat,1
Pyramidihuijauskuvioiden,1
Kanavoitujen,1
Piiloverojen,1
Järjetselmä,1
Verrainnolliseksi,1
Aivokatona,1
Eläkevakuutusmaksunsa,1
Pöllintä,1
Gambitilla,1
Flushaki,1
Hitureita,1
Välityskin,1
Immärsit,1
Täyteaineella,1
Työntantajahan,1
Työnantajaosuuksina,1
Temppelissähän,1
Tehokäyrään,1
Liimamestareiden,1
Piiputykseksi,1
Lauat,1
Bnvj2o,1
Kannanotto_poikien_eil,1
Enaqh12,1
Tumppikin,1
Nettotaakkana,1
Sairaudenhoitokulujen,1
Ylikulumisen,1
Seurausina,1
Pngssä,1
Viidennällä,1
Henkilövapaus,1
Hipsteröintijuttu,1
Uurteisia,1
Pyykkitilat,1
Tuloverotuspaineita,1
Vientiteollisuuttaan,1
Vientirahtikuluista,1
Ydinaseesi,1
Tt0064451,1
Liikehuoneistoksi,1
Iltaesityspäivän,1
Venäläisrulettikohtaukset,1
Joukkotuhoaseessa,1
Hierontahuoneen,1
Kokkauskerhon,1
Turvaseikka,1
Majoituslaitoksilta,1
Matkustajaluettelon,1
Asumiskortteleita,1
Turistikortteleiksi,1
Massaspektrometrejä,1
Analyysilaitteena,1
Pompottaneet,1
Ylikansallisvaltio,1
Olymppialajitkin,1
Temppeleiksi,1
Rakennusnimiin,1
Palvontarakennuksista,1
Downvotekampanjoita,1
Cerq,1
Puuhasteellaan,1
Peristyntiin,1
Itsevalitsemallaan,1
Linjavalikoimat,1
Äläkuoleavoinsisällä,1
Trollikäyttis,1
Kuntun,1
Kaatoiässä,1
Hiilensitomisiässä,1
Ilmastonmuutosaspektiin,1
H_670,1
H_648,1
Pitkäaikainenkin,1
Rappunaapuri,1
Indeksisssä,1
Koulutettas,1
Suvunjatkamiskykysi,1
Varteenotettevia,1
Satavuotiskaudelle,1
Moottoriueheilusta,1
Ympäristönsuojelumielipide,1
Maahanmuuttomielipide,1
Rajoittavammat,1
Terveydenhuoltolaitosta,1
Mölkynpeluulla,1
Vahinkoraskaustilanteessa,1
Säännöstelemättömällä,1
Kilpapeliyhteisöllä,1
Pitäiviä,1
Balansointilähtöpiste,1
Sijoittelukilpailu,1
Urheilumalliin,1
3kkm,1
Lukioikänen,1
Evitskogiin,1
Mojahtamaan,1
Hotelliyritys,1
Kotiasuja,1
Hotelliasujien,1
Kartoittamattomana,1
Yllättäväiä,1
Päivävuokraamisella,1
Tutuimpiin,1
Pacmanilta,1
Mekaniikassaan,1
Fagottihöyrypumppauskonees,1
Huippuvoimat,1
Uskontopsykooseissa,1
Idenetiteettipolitiikka,1
Dissonanssimausteella,1
Rasistipuolueesta,1
Martialtribes,1
Rikkainkin,1
Maatilkkuunsa,1
Klapeihini,1
Punajoukkoja,1
Täpäränä,1
Välttymisenä,1
Junnautunut,1
Accomodating,1
Betamalethecuckboy,1
Kertakulutustuotteiden,1
Metsitysprojektia,1
Kasvukelpoista,1
Istutuskustannukset,1
Kasvukelpoisella,1
Ennaltaehkäisytyöhön,1
Sääntöhistoriaa,1
Autoverorahat,1
Normivuokrakohteessa,1
Keppimies,1
Biljardinpelaajaksi,1
Elvytysvelvollisuuden,1
Otsahiessä,1
Ohters,1
Tallar,1
Finaalikaksikosta,1
Kilpailumenestyksessä,1
Velanlyhennys,1
Bookstire,1
Ihannemaiden,1
Aukana,1
Kriisiytyäkään,1
Kansallisaatteensa,1
Sitoutumattomanakin,1
Ympärileikattuihin,1
Mutiloinnille,1
Kisasija,1
Rajoittuneisuudellesi,1
Sakeudella,1
Somekuplarinkisi,1
Sotatilaankin,1
Metsittämistähän,1
Yhteikuntasuunnittelulla,1
Pffffft,1
Avaruusluksushomokommunisti,1
Änkyräkristillisyyden,1
5e0b2f8ee447393222bba11e256ebdce,1
Icehockeyuk,1
Sääntövariaationsa,1
Ruokaohjelmaan,1
Tähtitulevaisuus,1
Josnyeikuitenkaan,1
Helsinkiläislähiöissä,1
Sisällissotaolosuhteita,1
Jollois,1
Tapöaa,1
Peruskeskivihreä,1
Tähtidemokratiatulevaisuusliike,1
Linkkaushan,1
Välineissäkään,1
Mieluisaansa,1
Tsitsulle,1
Dokausbudjettia,1
Syömärahapulalle,1
Paheisiini,1
Puiilla,1
Tekstiilijäteroskiksia,1
Kierrätyspisteiltä,1
Tekstiilijätteelle,1
Lordistahan,1
Integroitaviin,1
Maahanpääsykriteereihin,1
Antibioottiresistanssisuuksien,1
Voittajaksikaan,1
Urheuiun,1
Eräänalista,1
Hubbabubbahengen,1
Nipsimisessä,1
Äänitallenteiden,1
Vittuaaaahhhhhhj,1
Muslimimiehissä,1
B_hifeshm8k,1
Hyokkaaminen,1
Miehittamaan,1
Holokaustitilanteessa,1
Lyhyttukkaisina,1
Hampurisi,1
Sikhiläisyyteen,1
D510c1b0,1
902bd9a35b62,1
Tutkintahaarassa,1
Näsäviisaatelusta,1
Persianlahdensodassa,1
Joukkotuhoaseistakaan,1
Joukkotuhoaseensa,1
Vahvaranteista,1
Wirtschaftswissenschaft,1
Tähtiliikkeessä,1
Yhdenyönpano,1
Kieltäneiltä,1
Osallistumishalukkuuden,1
Johdakkaaan,1
Vastaanottokeskusbisneksissä,1
Ensijulkaisusta,1
Toisiokammioon,1
Sakraalirakennus,1
Murtosaa,1
Rasvatta,1
Steariinipommejaan,1
Vastasyntyneeen,1
Huoneistohotellitoiminnan,1
Vuokratoimintaan,1
Turistirysässähän,1
Autospeksit,1
Ruputallin,1
Lolvolla,1
Mottoreita,1
Tehomoottori,1
Jenkkikatiskoilla,1
Turbottomuutta,1
Sylinteritilavuutta,1
Lolvoilla,1
Gurdwaras,1
Granth,1
Akhand,1
Recitation,1
Kirtan,1
Granthis,1
Eläkesekoilunsa,1
Mutiloiduksi,1
Harhapäisestä,1
Hörinästä,1
Ääniomistusta,1
Teloitettaessa,1
Viihdearvonkin,1
Sopovasti,1
Annoatelu,1
Ääritermit,1
Iwar34,1
Kdcofdchd2pb,1
Bgsieaexy8kirik2r2gg3z40q9lc9wstgm3swrpd8,1
Keuhkosyöpäriskissä,1
Monimutkaisistaa,1
Webkitiä,1
Pidettavä,1
Sukellusvenevoimat,1
Käytossa,1
321kpl,1
Hyokkäyksiä,1
Pngquant,1
Aikaperspektiivisi,1
Slummimotelli,1
Naapurihuoneissa,1
Umpirasistina,1
Virittemen,1
Hellustelu,1
Helluntalaisen,1
Ateistipakanaa,1
Ulkomaanpokia,1
Opetellevat,1
Intrenetkeskustelijatkin,1
Urheiluseurakulttuuri,1
Sopimuskuvioista,1
Fuulauksia,1
Matriarkaalin,1
Polarisointikärjistäjä,1
Tähtikokoomufeministinenliberaalisillmälappuliitto,1
Sdpktkflsln,1
Enustan,1
Selvitytjää,1
Liikkaopeista,1
Jäsenmedia,1
Pelottomassa,1
Kuluess,1
Videostandardiksi,1
Kohuullisilla,1
Toimeksiantosuhdetta,1
Neuvonannolle,1
Pikavippiyrityksiltä,1
Regressioikeuden,1
Shortish,1
Standartista,1
Finlandforumilla,1
Forgeiner,1
Vähimmäispituudet,1
Vuokravakuuksinakin,1
Supportingly,1
Silmälappumiehet,1
Meleellä,1
Takeawaypusseissa,1
Markkinointijampan,1
Maailmanpelastusagendaa,1
Pillihysteria,1
Gerald_bull,1
Pukeentuu,1
Kertaluontoisestakin,1
Eskaloimismahdollisuus,1
Teollisuusjätteen,1
Kieltosyy,1
Arpajaisperusteinen,1
Vuokrasäännelty,1
Asuntopolitiikkana,1
Kilpalajeille,1
Ampumaurheilulle,1
4channer,1
Papatian,1
Artificial_cranial_deformation,1
Ac_allianssi,1
Kausi_2005_,1
93_ulkomaalaisomistus_ja_vedonly,1
B6ntirikosep,1
A4ilyj,1
Atlantis_fc,1
Soluissahan,1
Mielipiteistäsikin,1
Hajontakuvana,1
Pelaajarulettia,1
Laskulaatikossa,1
Käärmekansa,1
Asiallisiinkin,1
Itsesäätelyelimien,1
Lähestyminenkään,1
Esinn,1
Valehtelist,1
Epärehellisiiin,1
Muslimiväkivallasta,1
Epätäsmällisyydessä,1
71ujpc8ud9l,1
Hyppelyn,1
Naruhyppelyn,1
Vetoamisetkaan,1
Identiteettivarkaushän,1
Langueage,1
Törkkäsit,1
Gradunhiomiseen,1
Matubisnes,1
Läskipersepaikka,1
Matubisneksessä,1
Siisisti,1
Mediahiljaisuudelle,1
Eurovaalistickyn,1
Sienesi,1
Rsuomi_ja_sen_yhteisö,1
Lapasi,1
Eduskantavaaleihin,1
Eläkesekoilujen,1
Livekatsomon,1
Jäkikses,1
Reppureissaaviin,1
Jenkkituristeihin,1
Pakkolunastusoikeudet,1
Umpirasisteista,1
Häpeävakivallasta,1
Asumisvuodessa,1
Laskintaa,1
Alalahkoihin,1
Äärisukovaiset,1
Puolisukovaiset,1
Suorituskykyynsä,1
Kestävyysvajeelta,1
Romanisaatiolla,1
Jalkakamppia,1
Sukupolvinäkökulman,1
Ylianteliaasta,1
Khalastusta,1
Kynnettömiä,1
Mtvjaakiekko,1
Rotubingoa,1
Finnpanelissa,1
Vastaanottokeskusbisnekset,1
8z06hr,1
Jos_paavo_perustaa_viel,1
A4_kolmannen_puolueen_sy,1
Tunnuslukugeneraattorit,1
Keskustelupalstoina,1
Petostella,1
Kertakäyttösalasanalistan,1
Nyrjähtäneesti,1
Looppikone,1
Kestämättömille,1
Vaikeutuminenhan,1
Tunnuslukuäppejä,1
Rahalähetykseksi,1
Feministisestikin,1
Näyttökysymysten,1
Perserunkkaamista,1
Overselves,1
Foreignborn,1
Tunnistamisvälineisiin,1
Melkojen,1
Yllätyisikö,1
Meikkaamisesi,1
Maahanmuuttahjien,1
Kännättiin,1
Perussettiisiis,1
Uustaistolaisuus,1
Pohjolanperukoille,1
A8859016,1
6752f8e6e101,1
Annalisagirardi,1
67ef6a637820,1
Amhzziugm9qvbdyzojelss7mlrntnu_1oky1refizco,1
Cthqjedpgpmcjgtoworiv1,1
Xptp5cyxkw4uax7ztx6t16ec9xujnei7fjhb9j0fufvjtldumqqlykdgbflzxegzo79b6t,1
Kmmpamjhkb9wfj09b9,1
Gwy2chvrkew0msr8ez4wu4k0qjxc,1
Yjlytmaqxfs6l,1
Hlwmnjzha08g8iauvbmzeipgydihgnicrpnejr4au42l30pgtldjy5szcdzb31hmznlaqrykzjijsj75adxw7qz196tkrto2neewe3anyjg81,1
Xbaok81e1nnabyiyslrbwgb,1
Yq7zxnbhl8xjrgs566kq,1
0ahukewjw1paaizniahxfpiskhbl1cgi4fbdy0wmifg,1
Harkimollekki,1
Fjwmepjzcam,1
Toissahallutuksen,1
Mestarillemme,1
Vejlen,1
Omistajakuvioissa,1
Pelaajasiirroissa,1
9u1o86,1
Documents_from_football_leaks_shows_that,1
Asfaltointitöinä,1
Hifkiläiset,1
Bo58ye,1
Eu_pelk,1
A4_disinformaatiota_ven,1
A4_eurovaalien,1
F6o6ab6errucurky4dnd,1
Luottopäätöksistä,1
Luototuspäätökset,1
Silpomisjuttujen,1
Shakiltaan,1
Kelluskelemaan,1
Ilmesyi,1
Hynähdin,1
Jaksanutkin,1
Suvakkimädättäjäpropagandaa,1
Tunnuslukusovelluksessa,1
Tunnuslukusovellulselle,1
Tunnuslukusovellukselta,1
Sieppaisit,1
Kömpeölyden,1
Tahallallaan,1
Puuvillahousutyyliin,1
A79957726164,1
Alizadkin,1
Muslimivaimon,1
Virtavirtahepo,1
Tutustumistarkoituksessa,1
Börjelle,1
Taitajiksi,1
Havainnollesempi,1
8uedpov,1
Vastakohtaisuusharhan,1
Azcdwfj,1
Pajatsohan,1
Kaksoispist,1
Krtsh,1
Hippioletettu,1
Sz719oniaoc,1
Softaväkivalta,1
Makkarakeppejä,1
Asianajajapäivytys,1
Äitiinkään,1
Rahattomuudellekin,1
Lapioonnojailusta,1
Puolueetomuuttaan,1
Kommunikaatiotilanteissa,1
Kuusiuloitteusuus,1
Neljänteentoista,1
Kuudenteensataan,1
Anglosaksisetkin,1
Aasialaisperäinen,1
Hullunkurisuuksia,1
Natsinkarkoitustarkoitukseen,1
Pope_card,1
Euskovat,1
Myyntilastoja,1
Koeponnistuksissa,1
Justukseen,1
Salaliittoteoriasubinne,1
Syytöstenne,1
Taikaloitsun,1
Taivuttamassa,1
Aikatekoja,1
Todistavinanne,1
Raisoja,1
Einoja,1
Arvokeskustaa,1
Trollivideo,1
Masinointikampanjan,1
Lempielokuvaohjaaja,1
Asunnonomistajasta,1
Käkivertauksen,1
Käkivertauskuva,1
Pitkäaikaisasukkaita,1
Sosiolekteista,1
Opiskelijakeskiviikkoa,1
Liittovaltiomyönteisiä,1
Muslimiblogittajasta,1
Persutuksia,1
Pippelinsilpojien,1
Aavikkokulttia,1
El9szlww4tk,1
Kehitystasokin,1
Pääkommentit,1
Pääkommentteihin,1
Etusivultakaan,1
Kuristaakkin,1
Yksinmyyntioikeus,1
Murremestari,1
Gvjjgxk,1
Iskemähä,1
Kotiha,1
Mihinkähä,1
Meneep,1
Murrepläjäys,1
Valtiovallal,1
E1cb5eeb,1
Ca76afad5d3e,1
Asuintontille,1
Kärkiehdokkaina,1
Aiheenopettaja,1
Omnious,1
Jakkumekkoja,1
Jakkumekko,1
Näytönkaappari,1
Lukijasuhde,1
Ldnddqy,1
Liikeyrityksenä,1
Vituttamalla,1
Ruutulautaurheiluna,1
Itsesäätelyelintä,1
Itsesäätelyllä,1
Propagandalinkit,1
R1nazcifzyu,1
H_f9gpg4t6c,1
Lpxeyp0wmrk,1
Ao1gzhwqcvi,1
Vittuilulisä,1
Maatalousvaltaisella,1
Vihollispropagandaksi,1
Yhtäsuuruusnuolia,1
Miellettäisikään,1
Keskustelunaloituksestani,1
Vaatelafkoja,1
Sentrifugilla,1
Rikastella,1
Gas_centrifuge_cascade,1
7ydt2mb,1
Loottailla,1
Meppia,1
Allthewaythrough,1
Kirjaamattomana,1
Muutamillekin,1
Arvattomat,1
Pehmyttarvikehurme,1
Opiskelutahtiaan,1
Tiedustelupalvelutakaovia,1
Tunnuslukuakaan,1
Kapitalistises,1
Kansallisintoilija,1
Vierasperäisetkin,1
Opinyojen,1
Eiihin,1
Kiteytetyllä,1
Tietokonepelaamiseksi,1
Vbscriptiä,1
Tyylimäärittelyitä,1
Layoutmalleja,1
Chromekehittäjät,1
Safarihan,1
Tukemattomuuden,1
Prossutuuletinta,1
Piripäämyllyttäjiä,1
Idioottiversionsa,1
Idioottiversioiden,1
一次,1
永遠,1
Eläinrottaiseistä,1
Huonotapaisista,1
Pontikkalasi,1
Keekailevista,1
Fazelta,1
Viisumiongelmien,1
Lainamuotoisia,1
Bnzozc,1
Elektronista_urheilua_ei_tulisi_kutsua_urheiluksi,1
Virtatiikeri,1
Faktatarkistajat,1
Rattoisien,1
Eduskuntatyöllä,1
Ketuttavampi,1
Pannuaan,1
Roundappia,1
Racle,1
Puoluejulkaisuilla,1
Ensimmmäiset,1
Opintosuiritukset,1
Muumilaulu,1
Buipx3xvvb8,1
Tuhnujournalismikohuja,1
Huviopiskelija,1
Steinerlukio,1
Arvioimaankin,1
Vaihtiksesta,1
Miesasiamiehestä,1
Majoitustoiminnalla,1
Salahotellien,1
Vammaiskeskuksista,1
Roundupista,1
Ydinuskomuksen,1
Määritelmälinjalle,1
Kilpashakkikin,1
Salahotellitapauksilla,1
Hippopotamusb,1
Ekaritari,1
Egali,1
Lausuessasi,1
Ekalitari,1
Kurssiesseiden,1
A4ttiputket,1
Useampivuotinen,1
Miesvihafeministin,1
Velvollisuusorrettujen,1
Salahotellit,1
Ympärileikkaustapauksia,1
Nostamimen,1
Geneerisyydessä,1
Mutilaatioon,1
Häirikkömasinointia,1
Kuluttamiseenkaan,1
Hiusrajasi,1
Suhahdusta,1
Sipomisesta,1
Torjumisessahan,1
Vinkkupullon,1
Syynäykselle,1
Jokskikin,1
Perivihollisuutena,1
Riskiratkaisut,1
Tavoiteaikataulut,1
Käytänöllisyys,1
Hippopothanos,1
Märehimisen,1
Tyränrytkytystahti,1
Meneevää,1
Tyrääni,1
Rytkyttäköön,1
Rytkytän,1
Riskiyhdistelmiä,1
Kodinsiisteyteen,1
Rusikoineille,1
Edusmiehisyyden,1
Vahingongkorvauksiin,1
Rasismisyyttelijöiden,1
Rasismisyyttelystä,1
Loppurivillä,1
Rykköseksi,1
Rytköseksi,1
Sukupuolineutraliteettia,1
Bawvp6,1
Osa_smobiilin_k,1
A4hnyt_toisen,1
Ekept5d,1
Rykkönen,1
Pyöräpiireissä,1
Tyyppiesimerkittely,1
Persutoimittajaa,1
Agendatoimittelusta,1
Vähättelisitkö,1
Herätysiä,1
Elinikätuloksen,1
Annualreport2018,1
Eläkeläisnäkökulmasta,1
Yllyttämisiä,1
Sukupuolioletuksesi,1
Sorineen,1
Juomakaivot,1
Reinomuoti,1
Vuosken,1
Makaamiseks,1
Tekemiskokonaisuuksia,1
Urheampaa,1
Ypn06fk,1
Tarkkavaisuushäiriöltä,1
Karsintakyselyyn,1
Väsemmistoliiton,1
Jalkapallohulinointi,1
Seksuaalisillä,1
Häirintäpuheillaa,1
Jäsenyysmaksuista,1
Markkinointiliiketoiminnan,1
Rahanansaintamekanismille,1
Takaisinmaksutahti,1
Epsps,1
Aminohappotuotantoa,1
Miljaridilla,1
Oikeuvvenkäyntikulut,1
Induktiivinen_p,1
Rankaisumetodeita,1
Arvoisenpia,1
Päänääränsä,1
Kaupantekovaiheessa,1
Uisijoita,1
Perheoikeudellinen,1
Säteilyille,1
Eiminunhommani,1
Ympäristöliikeaikoina,1
Teiniabortit,1
Lisätestosteronia,1
Reisitreeniä,1
Ampukohan,1
Irwinmäiseen,1
Kulutustavaroidenkin,1
Kestohyödykkeistä,1
Lapsentekotalkoita,1
Projokaatiosi,1
Esittämänäsi,1
Rukikuukaudet,1
Olkiukkoasetelmia,1
Kappalesitaatti,1
Maybelinen,1
Sloagan,1
Taipuvaiselle,1
Esimerkkiväitteet,1
Raamatunlukua,1
Baomjivg_ew,1
Surullisuutena,1
Madennuslääkkeillä,1
Dopamiinivastetta,1
Nappuloineen,1
Gagi,1
Tiedostaaksesi,1
Jenkkihallituksessa,1
Kiihkoislamilaisten,1
Turmiollisesti,1
Painajaiskuvitelmasta,1
Opintorahojakin,1
Jokaissut,1
Selostamassani,1
Aiemmakin,1
Verkkoteknologioita,1
Tukeuu,1
Lähetystaajuuksiin,1
Intersektionaalisuudessaan,1
Filsofia,1
Bussikuluista,1
3vuorotyö,1
Ovenkäyntikulut,1
Poikkeemista,1
Kännykkäkansasta,1
Einespakastepitsat,1
Teurasjätejauheliha,1
Velkaputkessa,1
Asuntotoimisto,1
Psykiatriyksilön,1
Pyskiatri,1
Lääkkeenvaihdon,1
Tähdentämättä,1
Välittäjäaineelle,1
Valvontapyyntöihin,1
Kruunusekoitusta,1
Äänieristyksissäkin,1
Eläintarvikeliikkeestä,1
Siskoillani,1
Diskokragia,1
Darude_discography,1
Sinkkulistan,1
Sinkkulistalla,1
Sinkkulistoilla,1
Lähetystaajuutta,1
Eläinsuojeluilmoituskin,1
Elamssa,1
Kordinoituja,1
Hankeelta,1
Henkilostokuluihin,1
Uskomushoitopaskan,1
Mielipidevaikutuskamaa,1
Spelialisoituu,1
Aatevirtausta,1
Ytimessäni,1
Taippui,1
Kaukoitävalmisteisten,1
Huonolaatuisempien,1
Suurfirmoihin,1
Sakkoluonteisena,1
Nuumero,1
Oletusnimeksi,1
Luovutuista,1
Kauppakartellille,1
Työkenkäpuolella,1
Ruohonjuurimarkkinoinnin,1
Harjoituskaudet,1
Harjoituspuvunkin,1
Harjoituspuvun,1
Draamailemassa,1
Helvvetin,1
Massasäveltäjä,1
Kartellihommiin,1
Erottus,1
Valmiskastikejauho,1
Rosmariiniruukku,1
Mintturuukku,1
Ksyks,1
Qyks,1
Qaks,1
Eläinlääkäriinkin,1
Eläinsuojeluasioissa,1
Rappuunsa,1
Lähikorttelistosta,1
Mainosseinämä,1
Estrogeenihuhua,1
Draamailivat,1
76ajgvqy0r411,1
Reeilusti,1
Jogurttipohjaista,1
Fuskututtaa,1
Nachopeltimälli,1
Kulmakivituotteet,1
Työvuoronin,1
Isannoitsija,1
Aariesimerkin,1
Virtuliheppuli,1
Suomenruåttilaiset,1
Selittelyartikkeli,1
Vaikuttajaviestintätoimistossa,1
Fundmentaalinen,1
Alkoviat,1
Vaikuttavatn,1
Kudoskerrosta,1
Suoojamassa,1
Anarkistitarraa,1
Kansanpettureihin,1
And9gcqgfm8jwnuj7eyql4dbzaje5e1armc5etg4gmmiuwwrdeq_lc4u,1
Miljoonasosaksi,1
Megahertziä,1
Toimivapaalla,1
D6dgpq0wsay7bjj,1
Djhla3qwwaatr6y,1
Dazxqip,1
Kaausputkiyhtöä,1
Toiimii,1
Tihieämpää,1
Aaltopituuteen,1
Gammasäteilyyn,1
Varoitusteksteissä,1
Henkilötakaajaa,1
Valmistumisikä,1
Perusostoslista,1
Propagandatuubaa,1
Kierrätysaatetta,1
Vähennettyinä,1
Pikkujenkkilässä,1
Kyseesse,1
Vaikuttajaviestintäfirma,1
Opintovelassa,1
Korkeakouluopiskelikalla,1
Paistutaanko,1
Harjoitusveitsi,1
Absorbotuvia,1
Ostoslistoista,1
Pariskuntailta,1
Paistohyllyn,1
Munanvalkuaiset,1
Fijutsuun,1
Acid2,1
Energiatehokkuusoptimointeja,1
Kavereitmden,1
Desibelimilliwateilla,1
Feministipresidenttiehdokas,1
Kakskymppisellä,1
Reisitreeni,1
Velitieteilyä,1
Kasarmillekkin,1
14vklp,1
Suojakerroksella,1
Foliovaatteisiin,1
Mäkkäripakettien,1
Hallintaanottoon,1
Motivaatiokemikaali,1
Laatubrändit,1
Kansaloinen,1
Kommunistienkkn,1
Myihinki,1
Omistusauntoja,1
Pakolaisvyörystä,1
Spyta,1
Kohteisiiin,1
Kieltolakijärjestelmässämme,1
Stimulanttienkin,1
Itsesuojeluvaistoaan,1
Keskijanalla,1
Vr6qa9p,1
Di700a,1
Iso1000,1
Yhden_hitin_ihme,1
Tuplatuoton,1
Poliitikkouraansa,1
Haamutarkastajan,1
Legoikäinen,1
C3d35344bdbfdf7cc6be17d2b53f2cb8,1
Sauditoisinajattelijan,1
Meksikolaistoimittajien,1
Huonosit,1
Uransyrjään,1
Vannoutuneinta,1
Kokonaiskorvaussummasta,1
Lämpäyttää,1
Megaspektaakkeli,1
Surkeapalkkaisen,1
Laitenhankinnoista,1
Personaana,1
Ylemmilta,1
Onnelisesta,1
Teiniraskaudesta,1
Lempisivu,1
Kiinteistöhuollos,1
Siivoustarkotukses,1
Tuhkistaki,1
Eduskuntavaalimainokseen,1
Nakusaitilla,1
_minkä_,1
_tahansa_,1
Ostomääräyksiä,1
Rituaalipuhdistuksena,1
Koivulaaksonkaan,1
Ymbj_tu7hru,1
Kattorajaan,1
Sylkemisesta,1
Asejäljitelmistä,1
Aseleluista,1
Selaatkin,1
Hankintavalvontaan,1
Veitsenkin,1
Huippukusetus,1
Suomiporno,1
Henkilökohtaisuuksiakin,1
Suosikkitoimittajaa,1
Stressaavaahan,1
Poskiparroista,1
Integraatiojutussa,1
Projektiorganisaatioon,1
Kahvihuonekeskustelujen,1
Röökistumpin,1
Perkkaahan,1
Kuvanu,1
Vastuuullisempia,1
Yliopistohörhö,1
Blaastaus,1
Qm4vhx6rli4,1
Naapuhurin,1
Lähetintehoa,1
Mikroaaltouuniasi,1
Päivitystahtikin,1
Käyttispäivitysten,1
Nightlyillä,1
Tyränrynkytystahtia,1
Epäinhimillistät,1
Viharyhmille,1
Valokuvazoomauksen,1
21721e346c8e1e3744274516d3b73582,1
Arsyttaako,1
0afc509e,1
125b,1
3eb0,1
9a06,1
Bc152e029ea5,1
Lautalan,1
Suisaidi,1
Opintotehtäviä,1
Tehotyöasemia,1
Risteilykortteja,1
Maailmanennätys_kuha,1
Konelajiteltu,1
Konelajitelluista,1
Positunut,1
Beverlyhills,1
Melroseplace,1
Kauopoissa,1
Hedelmäsmoothien,1
Riisituotteilla,1
Työmiessketsin,1
Ryhmäkäytännöillä,1
30ellä,1
D3ufurn,1
Katosha,1
Aiothan,1
Pörräävien,1
Kakkaroskikset,1
Avoroskiksia,1
Pinoomaan,1
Ittiäiset,1
Opintooikeuden,1
Laskunkäsittelijää,1
Kaljanostoreissulla,1
Kansanedustajatyön,1
Päikkärihetken,1
Kellokorttivaatimuksia,1
Kääpiölajikkeita,1
Panttisysteemiähän,1
Mehupurkeillekin,1
Kryptotuotteita,1
Kyrptoihin,1
Tallustelet,1
Aikataulustekniikoista,1
Lopetuksista,1
Cciitos,1
Itsevihaisista,1
Ajatusrakenteista,1
Toimintakykä,1
Kiinalaitteissa,1
Cps_htgm,1
Puhellusta,1
Liukasteessa,1
Elokuvafestivaaleillakin,1
Yhteenlätkimisen,1
Uwdfqx5r9ym,1
Totallynotphotoshopped,1
Matalaotsaisinta,1
A5ebyr,1
Some_of_the_problems_with_the_lightning_network,1
Flexa,1
Lounastamisensa,1
Dealsit,1
Kodinhoitajiin,1
Edistyksellisimpien,1
Abortiti,1
Röhöttelin,1
Tl5kiom3cmi,1
Vanhushuollosta,1
Pelintekoa,1
Myähäiseks,1
Klapeis,1
Suorittamist,1
Kierrätysprosentin,1
Menestyssaumaa,1
Legoikäiken,1
Liitovaltiona,1
Kinkkuleikkeleitä,1
Liisauskoneet,1
Konehankintafirman,1
Keikkapestin,1
Lusmuaville,1
Emokalat,1
Vartiointisopimus,1
Lisäehdolla,1
Turvallisuuspäällikköä,1
Saunottamassa,1
Terättömänäki,1
Legokasaa,1
Soijasuikaleitakin,1
Ruokaöljyinä,1
Välipalajuomia,1
Omegaöljykapseleita,1
Välipalapalleroita,1
Highjackata,1
Sebastianiksi,1
Videoconverterilla,1
Korvausmaksuihin,1
Päihdeyksikköön,1
Harrastepeliini,1
Kiittoos,1
Nykypersujakin,1
Trrveellisempänä,1
Hiilaripainoitteisia,1
Energialisäkkeitä,1
Ruokavaliokokonaisuuteen,1
Infinadasta,1
Finvoicella,1
Eettisyyslautakunta,1
Kilpailutustuloksineen,1
Kyselyraportteja,1
Vuorotettaisiin,1
Sektron,1
Oasiskin,1
Metelöinninkin,1
Maalittamistarkoituksessa,1
Julkisuuskelpoisia,1
Demokratiallakin,1
Arabiallekin,1
Hyökkäyskoneiston,1
Pikkurahoilta,1
Inkkarivivahteen,1
Taikauskokaan,1
Hoitohistoriastasi,1
Hutiloidummin,1
Kotidiagnostiikka,1
Rauhoitutko,1
Työntekopillereitä,1
Jaineel,1
Videoconvertor,1
Vitutuksien,1
Paraillan,1
Heheeheehee,1
Säteilytyypeillä,1
Lymfoomien,1
Lymfoomamäärä,1
Säteilyryhmien,1
Rottakannalle,1
Epäsystemaattisuus,1
Aequus,1
Vocare,1
Karkoitusvaatimukset,1
Tivaako,1
Jätevesimääräykset,1
Rekeesi,1
Liikenneturvavirasto,1
Lastimme,1
Nikkaroineet,1
Turvakeskus,1
Takkaanko,1
Omistusluokan,1
Liisteröi,1
Tärkkelyksestäkin,1
Retrogradoitunut,1
Ravintokuituna,1
Motivointivinkit,1
Alqaws,1
Aswatgroup,1
Varjoviisuilla,1
65c2a191,1
20fucks,1
Skippaillut,1
Daaam,1
Jäätikkölaskelmien,1
Itsearvioinnille,1
Kurpitsansiemenet,1
Ulvonnassa,1
Termilistaus,1
Amerikkalaistaneet,1
Maailmojasyleilevä,1
Kovaaaa,1
Itsemotivoinnit,1
Teollisuusmangnaatti,1
Oligarkkipussissa,1
Viljayliherkkyys,1
Korruptiontorjunnan,1
Pakkoliikeet,1
Keittiöveittetkin,1
Laitehankintojesi,1
Inkiväärimehua,1
Kunnaista,1
Kokoomasivuun,1
Säteilyryhmistä,1
Syöpätodennäköisyyden,1
Menetemää,1
Tutkimuspapereihin,1
Kannmunia,1
Ideologuioista,1
Terällista,1
Skinillinen,1
Vetelehtivään,1
Setlementtiin,1
Rahoitustuototkin,1
Jouluvitsi,1
Uskallamattomuudn,1
Tajuasin,1
Koodieditorit,1
Huolimattomuuksistani,1
Paaponeiden,1
Tervetulluttakaan,1
Keskusteluajoilla,1
Kognitiotasi,1
Nielaseppa,1
Tarjousehtoja,1
Vallanvaihdoksissa,1
Vasurilinja,1
Röhkivän,1
Amatöörikokin,1
Perussipuleita,1
Brunssimehuihin,1
Kokkailtuna,1
Simpukkapasta,1
Aloitekyvyttömyydeltä,1
Termolaatikoita,1
Blogimainonnan,1
Täysruokaa,1
Kuitumäärä,1
Heviosastoon,1
Merileväjauheesta,1
Muovityyppejä,1
Muovituotteissahan,1
Muovienkeräyslootaan,1
Muovien_materiaalimerkit,1
Elintarvikepakkauksistakin,1
Muovimateriaaleista,1
Veristäkin,1
Vasemmistolaisvallan,1
Pikkusiskollani,1
Priorisoidumpi,1
Kuiteka,1
Parikymppisenkää,1
Terveyshyödythän,1
Eteenpäinmenossa,1
Rahanpoltosta,1
Wwsd,1
Ghg_emissions2018_standapril2019_uba_gross4aprilneu,1
E2icak6m,1
Kosteustasoni,1
Päässälaskutoimituksella,1
Meinhofit,1
_sanoin,1
Ehkäää_,1
Tuntosarvillaan,1
Sutinoita,1
Nyyhkitty,1
Halailtukin,1
Messitsiä,1
Euredditionin,1
Chevre,1
Lihaleikkelettä,1
Painonpudotustarkoitukseen,1
G7rgn9ijwe4,1
Taloustaitoasia,1
Filtteripäästä,1
Lässitystä,1
Kvaaks,1
Hankintalasku,1
Paukkujakin,1
3elxnbyjowy,1
Vakaussopimusrikkomukset,1
Aloituspaketeilla,1
Lyonessin,1
Saapasjalkamaan,1
Ostosyksiköt,1
Varastoyksiköt,1
Pilviosuudet,1
Chattiaikaa,1
Opintopsykologeista,1
Diagnosointitarkoituksissa,1
Opetustapahtumaa,1
Verkkovelhot,1
Tuntosarveaan,1
Höpelmä,1
Pönkittämää,1
Taloustiedottomia,1
Väärär,1
Kynisismi,1
Tuoresalaatteja,1
Bisneslounaat,1
Balisongit,1
Varallisuusdesiilien,1
Prosessijärjestelmien,1
Historiatoimintojen,1
Yöelämäporukkaan,1
Varjoviisuja,1
Veittesä,1
Alivuokrattu,1
Vinkkininä,1
Flippaamis,1
Terävälläki,1
Pukeutumispakosta,1
Pukeutumispakolla,1
Aistispesifinen,1
Karkinsyömistä,1
Arvotaideteos,1
Laajentumispyrkimyksistä,1
Ossetialaisalueista,1
Novorossiasta,1
Iippoja,1
Laihtumistahti,1
Painonylläpitokaloreilla,1
Kalorimääränä,1
Ylläpitokalorimäärän,1
Watsuppia,1
Päästötavoitteesta,1
Lllne6vyoki,1
Ulkoilutusapua,1
Ääntensaantia,1
Freestylettaa,1
Testikierroksen,1
Lopputestauksessa,1
Lampast,1
Kokovartalopukua,1
Ihmeparantamista,1
Trikooasuista,1
Eu_versus_usa_0_0,1
Rahastosijoituksesta,1
Tumppiastia,1
Vauvanhoitovuoroon,1
Airsofteilla,1
Hyvännäkösissä,1
Ylläpitomoodissa,1
Dietteihin,1
Semisäännölliset,1
Ylläpitojaksot,1
Sisäänastuneita,1
Viimästyminen,1
Jjfi63xxxxxxxx,1
Uunimunakaskin,1
Integraatiopolulla,1
Integroitumispyrkimistä,1
Opiskeluluvan,1
Selvityshankkeita,1
Projektiryhmäläisillä,1
Tuotantosoftaa,1
Asiantuntevallekin,1
Nimekkäimmissä,1
Yliaggressiivisia,1
Direktiovastuunsa,1
Sähköliittymästäsi,1
Kudottuun,1
V0acyjdmafy,1
Polypropeenista,1
Kierrätystunnus,1
Uusiomuovirakeista,1
Mesimelonin,1
Elintarvikepakkaukset,1
Deepintopuu,1
Jenkkilaisissa,1
Latkamatsit,1
Energiahittien,1
Slide4,1
Kunniapresidentiksi,1
Kirjareferaatin,1
Pakkausmuoveille,1
Polyvinyylikloridia,1
Muovimateriaalista,1
Lasinkeräykseenkään,1
Dildoksi,1
Harkkaveitsikin,1
Muoviesineille,1
Jätelainsäädännössä,1
Järjestämisvelvoitetta,1
Vähennysolettaman,1
Muovisatsin,1
Muoviesineen,1
Polttokattilan,1
Polttokattila,1
Lasityyppejä,1
Pakkauslasit,1
Lunastussopimusten,1
Vesimeloneihin,1
Muovikamman,1
Thaikkusafka,1
Muovilaatikoon,1
Muovidildoon,1
Valmissmoothieitakin,1
Ahdistustunteiden,1
Verkostossani,1
Raiskatako,1
Omistushimo,1
Omisteisesti,1
Hiilinielumetsänomistus,1
Lampunjalkoja,1
Vesimelonilajike,1
Tuottetena,1
Pakkauslasiksi,1
Hunajamelonin,1
Vesihunaja,1
Melonimeloni,1
Ateriapakkauksetkin,1
Sukupolvenvaihdoshuojennuksella,1
Arvostamisohjeesta,1
Lahjanluonteisella,1
Perintömökeistään,1
Suojelujärjestöt,1
Hunasimeloni,1
Fanihomoja,1
Venajameloni,1
Progressiotahan,1
Lyhytvartisemmillakin,1
Zettairyouiki,1
Muovikääreisiinkään,1
Kierrätyslogiikka,1
Vosukaan,1
Pornonkäytön,1
Cittarihan,1
Tuttujemme,1
Mysteerimuoviastia,1
Thighhigh,1
Pysytvätkö,1
Nuremmalle,1
Korkeakoulututkinnonvaativissa,1
Aloituspåalkat,1
Joutmista,1
Työttömyysprossa,1
Nopeammion,1
Itsää,1
Yhteenlaskettunahan,1
Vakutuusmaksuina,1
Ostvoima,1
Edellisempaa,1
Graduate_unemployment,1
Alityöllistettynä,1
Duunareittensa,1
Sukupolvenvaihdoshuojennuksetkaan,1
Äänestyslippuani,1
B002v5bv96,1
Yhdysvaltalaistalouksien,1
Luokkalukioon,1
Ryhmäopiskelutahdin,1
Maakuution,1
Kuittaustekstarin,1
Oletuspisteelle,1
Rauhasiluonto,1
Muovipakkaukselta,1
Kotiintuontia,1
Aivohalvaantuneet,1
Perhospuukko,1
Haukkumistapauksiin,1
Seyllä,1
Laitatuttanut,1
Sisäänkirjata,1
Eroahdistuneen,1
Kantsuttelukaverit,1
Laiskemminkin,1
Maahanmuuttorunsaalla,1
Muovityyppien,1
Kellokorttiaan,1
Vaikedesta,1
Kierrätyssysteemissä,1
Soirramassa,1
Coachellassa,1
Winderista,1
Elektronimiään,1
Pornoklipin,1
Omistamisestani,1
Risuttuu,1
Tilastotutkimuksissa,1
Perijälleen,1
Koekappaleisiin,1
Imusolmukesyövät,1
Koekappaleilla,1
Evidencen,1
Yrittääneensä,1
Ryhmäjuttujakin,1
Varallisuuseristä,1
Kotitalousvarallisuutta,1
Subitjoihinsinälankesit,1
Näprättävästä,1
Kehityskaariin,1
Arkivinkkelistä,1
Hakualgometrit,1
Sönköttäjiksi,1
Massaspektrometrilla,1
Maahanmuuttokritiikkille,1
Säteilyvaikutuksen,1
Hepatoblastomassa,1
Evidencena,1
Annosryhmälle,1
Fibrosarkomassa,1
Lyphomassa,1
Rr3208,1
Rr0680,1
50852247_lymphoma_development_of_simultaneously_combined_exposure_to_two_radiofrequency_signals_in_akrj_mice,1
Ntpn,1
Enihnwn,1
Enj7r1l,1
Eni4ila,1
Ymmärtämääni,1
22fit,1
Absorbtio,1
Lääketurvallisuusvirastolle,1
Tuotevalvontalaboratoriot,1
Lurked,1
Iduskbn1od1rq,1
Luetellako,1
Kiertelyäsi,1
Ntpllä,1
Urosrottien,1
_pani_,1
Maksakooma,1
Leposykkeeni,1
Enj321l,1
Enj9ytx,1
Copypasteisi,1
Uudisinvestointeja,1
Alentanutkaan,1
Mauahtavan,1
Kaiverrusprojektin,1
Poppuppeja,1
Marxilaistouhuista,1
Verimeloni,1
Hyvänmakusia,1
Halppisjuustoa,1
Heikkoravinteinen,1
Taklauksella,1
Vilvoitta,1
Hortnomi,1
Terveydenhoidollahan,1
Kattohuopanaula,1
Yhtäläisyysindikaatioita,1
Rinnakkaisulottuvuudessakaan,1
Talouseliittinä,1
Unité,1
Radicale,1
Kansallisbolsevikeilta,1
Kapd,1
Myöhemmen,1
Sosiaaliprogressiivisesta,1
Egalitaarisuudesta,1
Moukkamaisuuteen,1
Vastahaaraa,1
Saalistaakseen,1
Iguaaniin,1
Jalkafetissiä,1
Uudelleenrankkauksen,1
Paletillaan,1
Tuloshankkimiskulujen,1
Koskisiki,1
Yhteisjä,1
Häviövastausta,1
Sukkanauhavyökin,1
Töllölähetyksestä,1
Uskomuspohjalla,1
Teksteei,1
Kyselyrumba,1
Ystävänki,1
V1511342709,1
4447485a1541e70cc79,1
Kanssamummu,1
Maitopuolelta,1
Sikatouhussa,1
Huvitettava,1
Kaupingille,1
Qk7arulrsiv21,1
Ansitsisivat,1
Polvimittasia,1
Karvasempiinkin,1
Eurheilijoita,1
Ykkösvihollisen,1
Ydinasemittelöstä,1
Pommitteluihin,1
Uhitteluihin,1
Aluevalloitussotiin,1
Sisäpolitiikkan,1
Weview,1
Lammastilallinen,1
Tuomitsemassakaan,1
Kusetusmeiningillä,1
Kaveriainesta,1
Urheilullekin,1
Varmistusviestin,1
Leegoinsinööri,1
Hakukirjeetkin,1
Spämmiohjelmaa,1
Toimistomammat,1
Palestiinalaishallinnosta,1
Lgbt_rights_in_the_state_of_palestine,1
Chiagoo,1
Puikkomerkin,1
Pyöröihin,1
Karbonzit,1
Alakääpiä,1
Flexileluksi,1
Liikakastella,1
Eurheilukoulut,1
Konekudotuiksi,1
Steeppi,1
30krs,1
Mallikertoihin,1
Tikutti,1
Mallikerran,1
Lapionkin,1
Tehdastiloille,1
Verotuskikkailujen,1
Ammattikoulutuspaikkaa,1
Ammattikoulutusverkostoa,1
Kymppiluokkien,1
Ihemtelleet,1
Kerrakaikkiaan,1
Sukkanaisia,1
Siirtolaislähiöihin,1
Butiikit,1
Sossuturvasta,1
Elämänskenaariot,1
Neulepiireissä,1
Lankarahoilleen,1
Varsinsiirroksi,1
Saarnaas,1
Integroikaa,1
Tehdasmiehetkin,1
Käsiteavaruuden,1
Tietoaineita,1
Merkonomiaa,1
Datanomiopintoja,1
Raksatutkintoa,1
Lähtijöikään,1
Suurmenestystä,1
Vetouistelulla,1
Ruokakalanakaan,1
Mötköltä,1
Uistiminen,1
Laitoksenkin,1
Asiakaspalvelupaikkojen,1
Masinointisubredditin,1
Kansallisbolsevikit,1
Vasemmistokäsitteitä,1
Jälkikouluttautumista,1
Flexilelu,1
Nettomaksajuudelle,1
Omakustanteisessa,1
Näkemäti,1
Erikoispainotus,1
Perhosveitteä,1
Art2389039,1
Varallaisuutta,1
Maksuttumat,1
Ameriiikkalaisten,1
Islanninkieli,1
160mljrd,1
Eurheilulinjat,1
Alaäänennyt,1
Raivomasturboida,1
Tiädäk,1
Takais8n,1
Kääpästä,1
Viettöneenä,1
Kanssaveljien,1
Ghettoamikset,1
Ghettolukiot,1
Brassailtiin,1
Asuinmukavuutensa,1
Kirjavalmistajille,1
Kohdemaastaan,1
Blpyo4,1
Koulutetut_j,1
A4t_suomen_karuja_lukuja,1
Emqge81,1
Työnsaamiseen,1
_0x6oadmi,1
Suomenteräasekeskus,1
Lukiojako,1
Trashtaste,1
Willapöksymiäs,1
Ykstyistämis,1
Leikkauskuurille,1
Epäeettisimmistä,1
Maleksijoista,1
Kääpänen,1
Yleispohjoismaalaiselle,1
Ylioppilaskokeetkin,1
Keglut,1
Estymään,1
Klassikkokuvaa,1
Epäeettisimpinä,1
Maahanmuuttajakysymyksestäkin,1
Stårmblost,1
4jgsd5us9wg,1
Epävakausseikat,1
Mesivelooni,1
Yrityksetkö,1
Imfrastruktuurista,1
Talousliberalistien,1
Leikkausagendaa,1
Verotuskohteista,1
Minimisäästö,1
Pommitehtaaksi,1
Sanelelemalla,1
Muuttosuunnitelmias,1
Mysteeriseksi,1
Älytaulujakaan,1
Islamafobia,1
Pääpuolueilla,1
Joukkotiedusteluyhteistyötä,1
Antiravinne,1
Varjotapahtumassa,1
Maailmanparantajalinjalle,1
84000e,1
Taantumamaa,1
Sukkakirjasta,1
Gaussitetaan,1
Maalitoppia,1
Saarnastuolissaan,1
Kusimeloneja,1
Gluteenistahan,1
Varattomimpaan,1
Kertymäfuktiokuvaaja,1
Skytteltä,1
Valjulksi,1
Seiskaveikasta,1
Osaperinnön,1
Osaperintö,1
Tukahduttamistakin,1
Geenimäärän,1
Suhtautumistapaeron,1
Geneettiskulttuurillista,1
Selviytymistaisteluaan,1
Sekoittuneista,1
Varttisaamelaisista,1
Unmask,1
Konekudotusta,1
Harjoitusversiosta,1
Juutalaisvitsi,1
Velkaantumiskierteeltä,1
Kiroilukieltoon,1
Päästelehän,1
Antiravinteeksi,1
Vehnäallergikot,1
Tupakannatsojaan,1
Bimmereillä,1
Kauppaduopoli,1
Rypsiporsaasta,1
Asuntomarkinoihin,1
Teollisuusjärjestelmän,1
Politiikkoyhteyksien,1
Arvoperällä,1
Lippushown,1
Kejitysmaihin,1
Lisäksä,1
Vallankumouksellisiksi,1
Seurattin,1
Silmälasimme,1
Ymmärtnyt,1
Urheilulukiota,1
Jenkkiyden,1
Propagandakoneistoomme,1
Oeu4iq5kl,1
Eurovaaleilla,1
Oppilaitosympäristössä,1
Ammattikoulukirjat,1
Peruskoulukirjoihin,1
Rikaatiin,1
Suomenhistoriaan,1
Hanurinrei,1
Sovijärvellä,1
Patofysiologiset,1
Suurpaaoman,1
Aantasi,1
Motivoitui,1
Jabjuuri,1
Paikallisosastolla,1
Loisto_setlementti,1
Harjoitusmaksut,1
Nettovarallisuudet,1
Huhtikuisissa,1
Veronkiertokonetta,1
Binomepoisson,1
Käyttöveroon,1
Eriarvoistais,1
Kymmenyksittäinen,1
Maistaispalana,1
Paratiisioskarikaan,1
Järjestelmähankinnoissa,1
Hankintaspeksin,1
Räätälöimistä,1
Antimemers,1
Nykeröstä,1
Arkikielisemmässä,1
Rundaasti,1
Huoltsikoita,1
Huonovoisimmatkin,1
Nyrkkipajakommenttini,1
Tyyppitilanteessa,1
Normiperinnöissäkin,1
Yrittäjäriskinkin,1
Sisarosuuksiakin,1
Koneinvestointien,1
Sukupolvenvaihdosasiat,1
Lahjanluonteisilla,1
Vieroksuvimmatkin,1
Kuitaat,1
Kyseltyään,1
Ylläpitoehto,1
Pakkoköyhyytä,1
Varastoallalla,1
Lisäävuoroja,1
Tienatetusta,1
Kehitettykkään,1
Kartelloitumisen,1
Työvoimatukien,1
Puuhastelutöissä,1
Hultgren,1
Nelöstietä,1
Tuplakiskot,1
Tukkijunaa,1
Askeltunnistusalgoritmiikkaa,1
Ilmastokantansa,1
Konservatiivienemmistöiseksi,1
Yrittäjämielisten,1
Ongelmavaiheen,1
Yläkouluilta,1
T9ffrj0,1
Verotavoitteista,1
Asuinpientalokiinteistöjen,1
Sorrettaisiinkin,1
Aborttifanaatikkoa,1
Nimitettykin,1
Etuajattelu,1
964me,1
719me,1
1683me,1
1106me,1
468me,1
955me,1
806me,1
Bussikuskiki,1
Toykee,1
Äitikuolleisuudesta,1
Islanissa,1
Oppioikeus,1
Eshkol,1
Egypriltä,1
Vaiheilen,1
Nojoystickin,1
3_2017,1
Huippupostaaminen,1
Ruplamassitkin,1
Huutistelukeskustelut,1
Työllistyisivätkö,1
Seksuaaliterveysohjelman,1
Pänttäykset,1
Osaamispohjaisille,1
Duunarihommille,1
Pissavessa,1
Ryynitkin,1
Chilinkäyttäjä,1
Aperisena,1
Kreikkaakan,1
Tekosenne,1
Rahanliikkeessä,1
Ärhäkämpiäkin,1
Alullepanotavan,1
Käsitystän,1
Toleransseil,1
257k,1
Rahoitusvelvoitetta,1
Lisäsivätkin,1
Tuostaa,1
Viisminuuttisen,1
Vohkis,1
Hääsarjat,1
Möksähtely,1
Puhemalleja,1
Kevennyksista,1
570b9cce,1
F721,1
307a,1
D171694f742f,1
Ulwefih,1
2c_nordfrankreich,1
2c_panzer_vi_,1
28tiger_i,1
Päästörajojahan,1
Rajoitteisuudellesi,1
Täjiä,1
Kahvinkeitinjuttu,1
Eineskastikkeita,1
Pepperseeds,1
Bhutlahin,1
Hotpeppers,1
Euroviisujuontajiksi,1
Irlantilaisviha,1
Bisneskartellit,1
Goberment,1
I2gwxa8,1
Seksuaalivalistuspolitiikka,1
Potkupukunsa,1
Bootstrapeistä,1
Pappisviralla,1
Pappisvihkimyksessä,1
Maksajaryhmää,1
Äänestysluvasta,1
C28c1aa3764d72559e350535e645ec01,1
Coveroimassa,1
Euroviisupopbiisiä,1
Höllenemään,1
Aborttifiilien,1
Q8ove49zyb8,1
Pudokkaina,1
Raskaudenaikaisista,1
Normiraskaus,1
Lapsenpäivähoito,1
Nesteytetyillä,1
Muolempien,1
Sikiölla,1
Äidillelä,1
Valmennustuen,1
Harjoittelulleen,1
Vakuutuksettomuuden,1
Kehitysmaalaisuuteen,1
Kömpeölitä,1
Talibana,1
Sikiössa,1
Tekijänoikeusartiklaa,1
Tekijänoikeusartiklassa,1
Äänestyskysymyksistä,1
Vastustamistoimeksi,1
161026_transrasvat,1
Ammattikoulutushaarat,1
Arvosanavaatimuksensa,1
Huonomaiseen,1
Vanheimpainvapaata,1
Mitenmeppiaanesti_matkustajatiedot,1
Äitiyslomadirektiiviä,1
150115_,1
A4itiyslomadirektiivi,1
160225_eursemester_tasaarvo,1
Massakeruu,1
160414_pnr,1
Vanheimpainvapaiden,1
160512_vanhempainvapaiden_kaytto,1
Työpaikkaväkivaltaan,1
Tyopaikkavakivalta,1
Lerneristä,1
Rikkomustoimia,1
Rikkomustoimet_unkaria_vastaan,1
161214_infosota,1
1ndorbo,1
Tekijänoikeuslinja,1
150708_cbcr,1
151125_taxenest,1
160308_petostentorjunta,1
160512_verotietojen_vaihto,1
160706_patenttiboksit,1
Veroraportointi,1
Verosuunnittelustrategiat,1
Verosuunnittelustrategia,1
Mitenmeppiaanesti_yritysvastuu,1
150520_konfliktimineraalit_kannykkavalmistajien_vastuu,1
Vastuullisuussääntöjä,1
150520_konfliktimineraalit_vastuullisuus_muutluonnonvarat,1
Riidanratkaisujärjestelmä,1
150708_ttip_isds,1
150709_kiertotalous,1
Tarkastusviranomaisten,1
151027_viranomaistenautoteollyhteydet,1
160225_asevientikielto_saudit,1
160309_tupakkasopimukset,1
Sosiaalilainsäädäntöä,1
160914_ty,1
B6syrjint,1
161006_bisfenolia,1
161123_ceta_ecj,1
161123_asevienti,1
Päästöhuijauksiin,1
Lainapäätökset,1
2018_02_11_volkswagen,1
A4kijuomat,1
Kertakivat,1
Kokonaisnettotulojen,1
Mepit_sukupuolten_tasa,1
Mepit_hairinnanvastaiset_saannot,1
Brexit2,1
160428_trilogitavoimuus,1
84_kulukorvaus,1
160428_kulukorvauksent,1
A4ysiavoimuus,1
Ifgwvms,1
150429_marenostrum_ii,1
Turvapaikkakiintiöt,1
150429_turvapaikkakiinti,1
150910_pysyva_taakanjakojarjestelma,1
160412_pakolaiskriisi_uudelleensijoittaminen,1
Kokonaissegregaatio,1
Fossiiliautoilijoita,1
Raiskausksista,1
Onesia,1
Tamäruskistunut,1
Sairaalasynnytyksestä,1
Luetsä,1
Chilimylly,1
Fataliigourmet,1
Luittien,1
Yuooa,1
Arkulaatiota,1
Monoteistiseen,1
Stressisstä,1
Turvalliskesi,1
Zyrteckin,1
Kuitia,1
76a0247eaae52da8cef487abe0df7ad1,1
Säilyttäneiden,1
Vähätteleväntyylinen,1
Polttomoottoriautoilijoiden,1
Hardwared,1
Slaavikykkyyn,1
Zyrteckissähän,1
Holhousajattelun,1
Bensanimppaajiksi,1
Luovuudenkehittämisen,1
Ryöväreiksi,1
Jälkiehkäsypillerit,1
Ultrakilpailullisen,1
Sähköautonvastustajissa,1
Työasemiakaan,1
Jälkiehkäisypillerien,1
Sukupuolivalistuksen,1
Nettikaupois,1
Sananvapausasian,1
Konsensuta,1
Kuplivalle,1
Pelihetkille,1
Koneistuskeskuksella,1
Sellunpilaamo,1
Hanurisii,1
Nikotiinipitoistakin,1
Karmabaaria,1
Topvapea,1
Isämmaalline,1
Monimuotosempi,1
Omannäköses,1
Piankohan,1
Aivovirran,1
Vegettiiviseen,1
Kulutusvirta,1
Puupölkyistä,1
Umbilical,1
Atomisoosia,1
Ohjelmoitavista,1
Kommenttipalstoissa,1
Muotoilumman,1
Osavaltiolain,1
Arviointikehikon,1
Tuomarinvirkojen,1
_federal_election_commission,1
Shelby_county_v,1
_holder,1
Historiankulussa,1
Neulepaitaani,1
Neulemallin,1
Pitsisukkia,1
Vapefoorumeilta,1
Kikyilisin,1
Fotoperiodikasvi,1
Veekutosella,1
Vapaastihengittävälle,1
Kesakoksi,1
Talitinttikin,1
Talousliberalistisen,1
Pussieläin,1
Kotipuoskarille,1
Henkarihoitoon,1
Mummoiltanne,1
Kotiaborttien,1
Pitsineuletta,1
Nurjissa,1
Rautaperseitä,1
Sikiöineen,1
Bcg15o,1
Oletko_jo_tutustunut_hallaahon_sek,1
A4_muiden,1
Nelikuukautisena,1
Fossiiliautoilijoista,1
Bensageneraattorilla,1
Yhdeksäneurolaista,1
Mersutehdasta,1
Pseudonyymiudestani,1
Nettokorvauksen,1
Velvottaisit,1
Ruotsalaisperua,1
Kullittelulle,1
Swaffelen,1
Nelikuinen,1
Br1hfqy,1
Kotroa,1
Karkasit,1
Toimeentuloloukusta,1
Sähköturvallisuuslaista,1
Riipputasku,1
Kasvojentunnistuskielto,1
Whocares,1
Corpsefuckershitlord69,1
Derpien,1
Derppejä,1
Hyvävelihommista,1
Kaljankiskominen,1
Rautaperseilen,1
600hv,1
Alexjonesin,1
Pakujakaan,1
Vasemmistobyrokratia,1
Vastavalmistetun,1
Pedulumi,1
Chililajikkeista,1
Fotoperiodista,1
Nettovaralisuus,1
Opiskelutyökalu,1
Kävwlin,1
Tönäisit,1
Mi91ge4,1
Niksaputeli,1
Rajanvetohan,1
Ruljannsia,1
Nesteem,1
Passiivisaktiivinen,1
Neulomissuuntaa,1
Brutoillahan,1
Alasiivessä,1
Evakuointikäskyä,1
Amadosta,1
Tilastointimuutoksista,1
Kirpputorikeskus,1
836no8c,1
Juomishistoria,1
Lupauskaan,1
Kjehkjehkhehjeh,1
Ilmottamisesta,1
042ac370,1
Ad20,1
562720d563e5,1
Uudelleenkoulutuskampanjan,1
Palvelunnimi,1
Vanhoillisfundamentalisti,1
Latausinfrastruktuurista,1
Yhtiökokousasiat,1
Vääntäneelle,1
Tietokontrolli,1
Hybridimonopoli,1
Lukionihilistit,1
Sisältömuutoksilla,1
Aatemaailmoihin,1
Polttomoottoriautoilijan,1
Qwg8djsdezk,1
Peruskouluyrittäjiä,1
Lähipiirissa,1
Lohkolämppäripistoke,1
Arkikäytännössä,1
Mökkireissutkin,1
Vasemmisohallituksen,1
Pmrikmgxrh0,1
Mäkinkassalla,1
Etsiään,1
Hahmontunnistusjärjestelmiä,1
Greenfell,1
Fugin,1
Kivijalkayrittäjien,1
Hupparimiljonäärejä,1
Viertävä,1
Sexual_violence_in_the_democratic_republic_of_the_congo,1
Human_rights_in_the_democratic_republic_of_the_congo,1
Kaksiredditoriayhdessäkupissa,1
Lagavulinua,1
Maailmanpolittisesti,1
Insestiuhrit,1
Äänestyskäyttäytymiskuvat,1
Noidenmoisia,1
Nettikommenttie,1
Miniläppärimiehet,1
18mrdista,1
Liikuntasuoritukseni,1
Käyttömehuna,1
Lituimeja,1
Katalysaattorissa,1
Hodastelua,1
Markkinaovimille,1
Tälläkäkään,1
Perintöjärjestelyiden,1
Yhteiskunnanrattaisiin,1
Pozzinkin,1
Republikaanitason,1
Hiekanlapioinnissa,1
Feikkiprofiiliks,1
Vahinkoraskauksiahan,1
Euroillani,1
Liittovaltiokeskustelua,1
Pyhimysteko,1
Piraattimielisiä,1
Alligaattorilta,1
Chilinsiemenet,1
Moritzia,1
Pakkototutteluun,1
Lastenlajike,1
Autolajikkeet,1
Vaihtoehtoehdokasta,1
Tiskailemassa,1
17_at_4,1
43_pm,1
Väkisinmakuupussin,1
Virhem,1
Parenthoodissa,1
Kokoomusjuristi,1
Ln52vyktx_i,1
Rukkaselle,1
Naamioasussa,1
Labyrinttipelifiiliksillä,1
Aiheuutukin,1
Firstresponders,1
Bensauskovaisiksi,1
Lokkaako,1
Vehkoa,1
Propagandaliikkeenä,1
Lisättin,1
1solqrfum6yqrdqjv2mtxtvq,1
Huolestusttaa,1
Adoptiotutkimuksessa,1
Koulunkäyntiasenteeseen,1
Pääpissa,1
Jodelijuttuja,1
Erästön,1
Painostustaktiikkaa,1
Erästö,1
Jatoka,1
Dinosaurusfirmalta,1
Beeeelzebuub,1
Mcceb,1
Kertositteko,1
Aivopierukohtauksen,1
Vuokranantajaltakaan,1
Opiskelijakaupingeissa,1
Sapuskataukojen,1
Normikäytössähän,1
Päästöintensiivisesti,1
Mirageen,1
Oletattaan,1
Ameerilla,1
Teräsarkun,1
Pelastustyöntekijöille,1
188g,1
Oletaaan,1
Korrelaatoitus,1
Materiellistä,1
6d8e9a493b3643fc47d641e0403d2d1f06ddf6fc,1
Kiinalaissii,1
Melkoinenpähkinä,1
Myyntikieltoja,1
Sahkoautoissa,1
Ilmastoministerit,1
Ilmastoyhteistyon,1
Alotusannoksen,1
Masislääkkeen,1
Haittalistaa,1
Zagrosvuorten,1
Kupatakin,1
Shokkivaikutuksesta,1
Kauppasaarrollla,1
Mjzqmm5,1
Viharikokselle,1
Viharikokseks,1
Filippiniläistä,1
Joulusaarella,1
Täysmyllytys,1
Syväkärsille,1
Paukamien,1
Välittämisestäsi,1
Sikakalliiden,1
Tt6763664,1
Muistutussähköpostia,1
Kojailtu,1
Vilppeilyn,1
Taidekalaksi,1
Eteläsuomest,1
Diesil,1
Kaupunkeis,1
Puolikkaal,1
Todellisuut,1
Hallitusneuvottilejoiden,1
Chilimurskaa,1
Jolokiamurska,1
Dsd0ktx,1
Seinajoenkaupunginteatteri,1
Koirienkalevala,1
1200x686,1
Ryömiimään,1
Kuvanmuokkauksissa,1
Sprayäät,1
Kiesittämään,1
Arkikikemuksen,1
In_electric_vehicle_fire_incidents,1
Lisälatauksen,1
Nappiparistoon,1
Meterin,1
Hakaristikakkuja,1
Betonihirviö,1
Kasvistarhat,1
Vuokratasoakin,1
Vahinkoriskien,1
Muistutusviestien,1
Jäätelönmyyntipaikan,1
Jäätelönmyynnin,1
Kehittämistoimikunta,1
Gylders,1
Taksamittaripakon,1
Korttelivälin,1
Lakritsikojua,1
Teinimuslimista,1
Castissakaan,1
Kotiappäi,1
Henkilöautoillessaan,1
Bussiongelmaan,1
Jauhoklöntin,1
Maksapiffin,1
Ristiinnaulittais,1
Markkinatapahtumassa,1
Lakukoju,1
Kuopp,1
Psyjuridicassa,1
Kermamössörullia,1
Kioskipaikat,1
Torimaksuilla,1
Kehittämisrahansa,1
Nyppiikin,1
Ylioppilassuorituksesta,1
Ylistettävään,1
Sarnaajista,1
Shooting_the_messenger,1
Uskonoista,1
Normaaaleille,1
Ptäskö,1
Pendelumi,1
Eufraatin,1
1666e,1
684e,1
05kpl,1
040e,1
544e,1
Senvaikutuksista,1
Päättävämme,1
Huiluttaa,1
Kalavirvelit,1
Hengityksestäkään,1
Vesikysymyksern,1
Verovälttelyäänestyksen,1
Turvapaikkajuttujen,1
Talviurheiluna,1
Syyskalastus,1
Exstkzhsbdm,1
Toivejärjestykseen,1
Väittvät,1
Tmfg,1
Filsa,1
Kritisoimisessaan,1
Oppitunneiltaan,1
Turvapaikkapuolta,1
Käsipallo22,1
Läpsiäkin,1
Hyytavaa,1
561af4b8,1
B484,1
730432bbde8e,1
Arseenipronssia,1
Roomalaisesineitä,1
Perintöesine,1
Uudislöytö,1
Kalmistopiirissä,1
Roomalaisesineistä,1
Juopumishommiin,1
Asepalveluksenki,1
Juomismiestä,1
Yritimmä,1
Ääläbääma,1
Tididid,1
Logiikkapuolue,1
Laiskuudestas,1
Elintavoiltaa,1
Puujärvi,1
Asiakkaassani,1
Kirjeäänestäminen,1
Rajavartiolaitoksilla,1
Tönkkösuolausta,1
Otsikonmukaisesta,1
Qqxzzktcfgc,1
Megahimmelin,1
Monikulmiotyökalu,1
Psykedeeliterapiasessioiden,1
Purkamiseenkin,1
Liikemomenttia,1
Psykedeeliterapiasessioista,1
Integrointipalvelua,1
Integraatiotyön,1
Yleisökysymyksille,1
Mädätysjuonihan,1
Vidlhi,1
Qvfm,1
Jvqcd1xq,1
6bcaa8b8,1
Keskmiääräset,1
Omamaatila,1
Ommeltavaks,1
Vaatteiks,1
Nettishoppaajalle,1
Konkelointi,1
Ääriekologistit,1
Luolaihmiselämää,1
Maantiellähän,1
Väestöntiheyteemme,1
Avainvaatimus,1
Urautuneelle,1
Mitävitun,1
Ruokamarkettia,1
Sortissa,1
Meetkää,1
Indialaisen,1
Conflicto,1
Ituhippujengit,1
Rinkelikojujen,1
Rinkelikojun,1
Metallinilmaisinlöytöjen,1
Peltoroskaa,1
Löytösarjaa,1
Piippariharrastajia,1
Viranomaisvaiheen,1
Kulutuskapasiteettia,1
Suunnitelmatalousihmiset,1
Kasvuhaaveista,1
Aurinkivoimasta,1
Moraalinen_agentti,1
Nykykulutukselle,1
Äänestyspaperit,1
Yhteisomistetuilla,1
Tranin,1
Länsiautoa,1
Ammattiliittokaverit,1
Luokkapetturuudesta,1
Suomalaiser,1
Syysvaatteet,1
Intternettikirjottelijan,1
Jätskikioskeja,1
Poutapäivinä,1
Kertakäyttösadeviittaa,1
Kravattimiesten,1
Mormoneitako,1
Moottorillisia,1
Väestöntiheyksiä,1
Igw7dzg,1
Kekkoslaisuuteen,1
Pullomainen,1
Pienenergiatalo,1
Polkupöyrämättömyyteen,1
Erämaajussi,1
Pyöräilyksi,1
Opiskelijaliitolta,1
Mielenterveydellisin,1
Ratwayssa,1
Varkaidenkillan,1
Väitella,1
Elinaikakertoimet,1
Ajatustenhallinnan,1
Lisääntymistavat,1
Faktapläjäyksestäsi,1
Geoinsinöörejä,1
Maanmittareita,1
Metallurgeja,1
Ratasuunnittelijoita,1
Lupavirkamiehiä,1
Maalajitutkimuksia,1
Routasuunnittelua,1
Ratahallituksen,1
Argumentointiinsa,1
Kommarityylisellä,1
Kunnelko,1
Sairaanhoitajaopiston,1
Pillulinna,1
Omaisuusterroristien,1
Festivaalitkin,1
Riehuuvat,1
Hurreissa,1
Mamuhysterialle,1
Välitäkö,1
Videotaltiointeja,1
Metallihäkkyrää,1
Tukimetallia,1
Irtojäätelö,1
Jäykkäkouristusmyönteinen,1
Hinkuyskämyönteinen,1
Tuhkarokkomyönteinen,1
Nykylaskentatavoilla,1
Sympatioitavia,1
Torikojuista,1
Vaurastuneina,1
Inttipaikkakunnalle,1
Susirajallekin,1
Grafikalla,1
Kännykkäaplikaatiolla,1
Oikeusministeriöin,1
Kunniansuojallakaan,1
Toimeentulleen,1
Leimaukselta,1
Vakuutuksii,1
Puolustuspykälät,1
Onnistumisprosentissa,1
Varmojakin,1
Eteentulee,1
Mallikkuuteen,1
Mallikkuudesta,1
Vuosisatoiva,1
Kansantasavalloilla,1
Ilmastotaistelusta,1
Ruotsalaissotilas,1
Piilojäsen,1
Liikkumisvälineensä,1
Syntymätaustasta,1
Alanuoliryöpyn,1
Aurorixia,1
Työaikaleimat,1
Poliomyönteinen,1
Tuberkuloosimyönteinen,1
Hepatiittimyönteinen,1
Papilloomamyönteinen,1
Isorokkomyönteisyyden,1
Casissa,1
Toivejärjestyksessä,1
Ykköstoiveen,1
Valintakohteeseen,1
Oppisopimuslaitokselle,1
Sweduthan,1
Sotilasruotsi,1
Protestilähtö,1
Kansallisillasopimuksilla,1
Pösilän,1
Tornilehtiä,1
Muotopohjalliset,1
Nykykulutuksellaan,1
Hiiliduoksiidi,1
K2011,1
Portaittainenkin,1
Hivelyt,1
Jähmeiksi,1
Sekaantumiseksikaan,1
Ammattitehtäviä,1
Muistisairaina,1
Kirjurinkin,1
Aavikkoasujien,1
Viidakkoasujat,1
Vegaanilaumat,1
Punaverisen,1
Lataamisellekaan,1
Bruttopäästöistä,1
Alkuvuosikin,1
Muikkelia,1
Todistajile,1
Synttäreitäkään,1
Kolariturvallisuustestit,1
Citymaasturilka,1
Päräkärryä,1
Lianeita,1
Viidakkoihmisille,1
Ostaisivqt,1
Haminastakin,1
Noiturilta,1
Yhteiskunnanjäseneksi,1
Montu,1
Pääkirkosta,1
Huoltokompaniaan,1
Syöpäsarjakuvan,1
Intuitiimattomuus,1
Erillisotanaan,1
Amerikanvihansa,1
Luntteihin,1
Suttaama,1
Ikuisuuksista,1
Hevettiin,1
Väestönkoko,1
Googleilin,1
Kaasuskodassa,1
Siirtotappioista,1
Tötseliin,1
Lämppärinhuudatusajot,1
Koulufysiikalla,1
Tenttitilaan,1
Harjakaiselle,1
Teslallakaan,1
P100l,1
Kuluttamassakaan,1
Comedyhomicide,1
Kumotaaan,1
Motivaatiovempaksi,1
Konversiontekijöitä,1
Huoltovälissä,1
Laitako,1
Rahanpesureiden,1
Plaguebearer,1
Vilppeilystä,1
Vakiomatkaa,1
Rajoitamisesta,1
Vohvelilla,1
Jäätelöboksin,1
Jätskipalloa,1
Vohvelitkaan,1
Jäätelönmyyntioikeuksien,1
Kehittämisyhdistyksen,1
Automaattipääministeriys,1
Vakuutuksest,1
Kerettäiskö,1
Maantiekiituriin,1
Suutahda,1
Parturikaamo,1
Notallhyttyset,1
Kirjautumispisteistä,1
Mobiilikirjautumiseen,1
Kilometreistähän,1
Käyttövoimaverosaa,1
17000km,1
Boksereillani,1
Elintasohyvesignaaleilla,1
Mittakaavalalla,1
Kuormitustasoaan,1
Minissäänkin,1
Sikäläiseenkään,1
Selviytymistilasta,1
Hengissäselviytymisen,1
Elintilakilpailua,1
Minimiylläpitokoneiston,1
Ihmisfarmauslaitteistoksi,1
Luonnonvaraisuus,1
Kokonaissaasteiden,1
Sähkövertailussa,1
Lämpömarkkina,1
Satamaankin,1
Syömätahtimme,1
Lannoitevaroja,1
Regressoidut,1
Turkujunan,1
Tamperejunan,1
Torialuetta,1
Kulotuksenkaan,1
Sukupuolitilastoa,1
Miljardipäätöstä,1
Grippenien,1
Puuhastelematta,1
Polttomoottorivoimalinjaa,1
Panssaroinnista,1
Semenyahan,1
Maaöljytisleen,1
Yrittäjäjyyden,1
Makuvammainen,1
Hedelmistäkin,1
Tieteli,1
Ropookaan,1
Afrikkalaisil,1
Maapuista,1
Huolettua,1
Piilopirttejä,1
Kammeja,1
Kaasuskodan,1
Sähköautokilometriksi,1
Kaasugolf,1
Vastapoimittua,1
Pitaijan,1
Potkukelkkailumatka,1
Listautaa,1
Metsänhoitojärjestöt,1
Talouskasvuajatteluun,1
Paikannusperusteisen,1
Sähkötaksin,1
Hiilijalanjälkimittaukset,1
Kakkoslempparini,1
Vahongoittamatta,1
Miljoonatsiljoona,1
Panostusvaatimus,1
Sijoitusosuuttasi,1
Huijausrahastoissa,1
Hoitokuluilla,1
Listautumisanneissa,1
Listautumisanneista,1
Karpalotkaan,1
Puolukansukuinen,1
Väärinpäinristi,1
Intressiwen,1
Esiteinitkin,1
Täydennetäänpä,1
Banaaneitakin,1
Aprikoosilta,1
Vadelmilta,1
Alys,1
Sulkaavanukasta,1
Vesilahtikin,1
Vaihtoaktiviisuus,1
Osakesäilytyssopimus,1
Kirpsakan,1
Karpaloissa,1
Työhyvinvointihimmelin,1
Auringonsäteilyltä,1
Saulaoluella,1
Hievahdus,1
Öllenauttia,1
Llenaut,1
Maitokauppaoluita,1
Saunakaverina,1
Yleisindeksirahastolla,1
Mielikuvapokeria,1
Tulipaikkaa,1
Pykättya,1
Opiskelijatuttuni,1
Parturikampammmm,1
Kiwien,1
Yöihmiset,1
Maastokuvioiduilla,1
Pitkäkarvaisilta,1
Villakoirilta,1
Vuorolistoilla,1
Kekkosslovakkiasta,1
Taivalliset,1
Turkkityyppi,1
Listautumisselvityksessä,1
Markkinatakaajia,1
Kasvillisuutensa,1
Jokiaan,1
Happoaltaiksi,1
Tietokannoiksi,1
Kauppalagerista,1
Alkoholiautomaatit,1
Ydinvoimaprojektiensa,1
Päästöhyötyjen,1
Elintyyliä,1
Littasia,1
Talousintressiensä,1
Tarpilla,1
Korjaisisin,1
Zombiapokalypsihenkinen,1
Selviäjinä,1
Ryöstöstrategiaa,1
Nykytyylisellä,1
Walliniin,1
Lobbaustoimistot,1
Milttonit,1
Sivistystoimialanjohtaja,1
Jalanjälkemme,1
Seksuaalisoitumisella,1
Seksualisoitumista,1
Maahanmuuttofanatismin,1
Mussulmaanihysterian,1
Fundamentalistimuslimeista,1
Konservatiiviuskontojen,1
Murskannet,1
Perseenpussaajaoikeisto,1
Lemmikkiajokorttia,1
Hyperseksuaaliseksi,1
Hidasälyisemmillekin,1
Vuokrapalvelua,1
Maapuulupa,1
Maapuutakin,1
Balettitunnille,1
Pastellimainen,1
Nappulassaki,1
Pääpotiksi,1
Tekoälytki,1
Katsastusväleillä,1
Epäkuolleelta,1
Hupipaskaa,1
Veriroiskeen,1
Uudelleennimenny,1
Viikinkisielut,1
Kesaturkki,1
Ilmastoposeerauksella,1
Ininätraumoja,1
Saiastetun,1
Tykkimiehellä,1
Ruotsinlaivaturismilla,1
Uusiutu,1
Päästötäntä,1
Minkavarinen,1
Vuennolla,1
Seksualisoitumiseen,1
Viomme,1
Kamppailevasta,1
Hyvinvointijärjestelmästämme,1
Seksualisoituneen,1
Seksualisoituneet,1
Kansakunnittain,1
Monikulttuurimädätystä,1
Päättäisitte,1
Alusvaatekatalogin,1
Yhteistyörintamaa,1
Putininmielistelijöiden,1
D7a29c8414ab43110a3e0dc1d9b12eb9,1
Kritisoitaviksi,1
Hupihauska,1
Tutkimuskerrasta,1
Yhdyntämäärien,1
Innovaatiobudjetteja,1
Maksasnut,1
Supistamme,1
Talousmetsäähän,1
Mormonille,1
Irreligious,1
Rupattelemaankin,1
Kaupunkijuppina,1
Huutokauppageippari,1
Seksualisoituva,1
Tyydyksen,1
Suljetummaksi,1
Eläintarhojenkin,1
Naapuriyhdistys,1
Tekoaivonpaloja,1
Kepuloordia,1
Saastuttanu,1
Päristeltäis,1
Juomakeisarilla,1
175kiloa,1
Pesimisaikaa,1
Lavakoomikoiden,1
Jenkkikolleegoilta,1
Hyperseksualisoituu,1
Parasiittihotellia,1
Jenkkiformaattia,1
Etanolisofta,1
Siskonsakkaan,1
Seksualisoitumisella,1
Seksualisaatiota,1
Hyperseksualisoitunut,1
Yhdyntätilastoissasi,1
Seksuaalikehitystä,1
Seksualisoituneempi,1
Yhdynnöillä,1
Itsekeskeisempään,1
Voitelupotista,1
Minimointitapa,1
Mättövaihtoehto,1
_ilmoitustenmaarapuoluettain,1
Raportti_ilmoitustenmaarapuoluettain,1
Vesitilkkanen,1
Ranskankieliseltä,1
Ajantasaus,1
Liikenneraiteille,1
Sivulaiturit,1
Junankääntöjä,1
Kilometrihinnalla,1
Marjakojut,1
Puollettavaa,1
Seksisävytteisten,1
Seksualisaatio,1
Promoilu,1
Tappoverotuksesta,1
Velankehityksessä,1
25a7c2f3,1
D9cb,1
896c,1
585cb6a8a77b,1
Äänestäjävarmuus,1
Äänestäjävarmuudella,1
Julkisivumuutoksesta,1
Seksualisaatioon,1
Vannetyo_teemu,1
Hulevesisysteemejä,1
Kaavoitetuilta,1
Piirikunnillakin,1
Voksu,1
Viherpuputtaja,1
Ff00ff,1
Mukaansatempaamattomia,1
5baae2,1
Hymyilyttaa,1
Kaupunkitontilla,1
Puutarhakaytossa,1
Hyotykasvelle,1
Kannustinkeinoilla,1
Demariyhteiskunta,1
Vanhuspalvelukuluja,1
Vanhuusaikanaan,1
Hormooniturkki,1
Mohawkia,1
Harrasteluokassa,1
Ympäristövahingonteko,1
Vaihtotaseemme,1
Kuluttamisenkin,1
71nvwnavzfs,1
Satunnaisvirheellä,1
Kejuskelivat,1
Vihakommenttia,1
Rinkionanointiyhteisön,1
Kysymyssääntö,1
Testoteronitasot,1
Halutesaan,1
Hufvudstadsbladettia,1
Vklpun,1
Myöhempääkään,1
Korttimaksuominaisuuden,1
Toisiltaanhan,1
Nappulanlaskijoiden,1
Silmänlumejärjestelmän,1
Yleiskulujen,1
Esiaineistosta,1
Aineistotehtävästä,1
Yläluokillahan,1
Miedänki,1
Purijalta,1
Paksuturkkisten,1
Krääsämme,1
Taulakääviltä,1
Kantokääpiä,1
Okoneelta,1
Containerid,1
Sanomalehtilakanat,1
Sotilaskotilähetiksi,1
Kokrmukset,1
Sanomalehtikultakala,1
Magnesimedistä,1
Sportid,1
Dba311d720824e0e46d125d38150db2d,1
Halpatyöreservi,1
Hoitajavastaanotolle,1
Pitaija,1
Kausihedelmä,1
Tukkaleikkuufirma,1
Yhtälä,1
_kutsu_,1
Kerroslukumäärä,1
Kattomuodot,1
Guzzolene,1
320cdi,1
Tutkimusapinana,1
Liittovaltuustoon,1
Maaseutuhulluudesta,1
Vastauskorttikin,1
Karaati,1
Napanöyhdän,1
Shenkin,1
Ivhnr7t,1
Sikariufo,1
6aquyv4,1
Bf9585db,1
D2a3,1
8df3,1
6b582119fe44,1
Liukastuiko,1
Pppeen,1
Sopimusalalta,1
Kikykirjauksen,1
Gallupoitsijan,1
Laatusilla,1
Karaatilta,1
Unohdeltaisiinko,1
Ilmastosulkeisia,1
Känniöyhöttäjät,1
Vaalivoittajaan,1
94a4bb119f7a4e1a933119a5efcb8fff,1
Fde99142,1
Ilmastonmuutostietoisuudessa,1
Allonhuippu,1
Aallonhuippua,1
Vihreiden_sarjakuvamainos_0,1
Uj34krvx,1
Ilmastoprofetialle,1
Kristillisjuutalainen,1
Lihasnesteessä,1
Lastentekoajokorttia,1
Lähettämältä,1
Tunnuslukukirjeeltä,1
Länsivitunsataman,1
Tihkuaa,1
Läyhä,1
Viinaamosta,1
Hyeenalta,1
Triplaturkkiselta,1
Kepposessa,1
Matkustajaterminaalin,1
Taksikaistaan,1
Mäkuitenkaan,1
_60764899918,1
Man_60764899918,1
Hyvinvointineuvoja,1
Siveysstandardien,1
Panovideo,1
Ranskalaismiehenä,1
Vesiautomaatista,1
Rimahommien,1
Sapuskakin,1
Ovelimmalla,1
Pulmanratkontatehtävää,1
Tiimiltähän,1
Manipuloimiksi,1
Pelihimoisempia,1
Turkeissa,1
Pitkäturkkiselle,1
Lammaskoiralle,1
Wuolteella,1
Otsinko,1
Hiisillä,1
Asiakassuora,1
Asiakassuorana,1
Kelttibereiltä,1
Fruthark,1
Kelttiberien,1
Liittotumattomuuslinjastaan,1
Ydinsulkusopimusneuvotteluihin,1
Kusetusjärjelmää,1
Ajankohdallaan,1
001pt,1
Muovikimalletta,1
Kaunistajana,1
Sähköisena,1
Tiendeo,1
Ympäristöjuttu,1
Inssiopiskelijaksi,1
Kansanperinnetä,1
Hormoonihelvetti,1
Kusivärkeistään,1
Paljastelisivat,1
Seksivalistustakin,1
Munapilluunahah,1
Fullscreenata,1
6b4gv,1
Välkkyyn,1
Lämpösäätely,1
Pohjanukan,1
Sileekarvaset,1
Nypintä,1
1ukleht,1
Kevättalvalla,1
Ackhyally,1
Légende,1
Ponchoon,1
Tuuhemmalta,1
Ajoseurannan,1
Koostetietoa,1
2542km,1
4503km,1
Nähtävissäsi,1
Mittarilukemisessa,1
Syrjyttää,1
Viherhiippari,1
Markkinamiehien,1
Bushcraftihaaveet,1
Countably,1
Ilmaisjakelusellaisia,1
Joukkokrematiointi,1
Formulakansaa,1
Ilmoittajakin,1
Oikeiteen,1
Rakla,1
Toimenpidelupapäätöksestä,1
Julkisivumuutoksista,1
Asemakaavaalueella,1
Värimuutosasiassa,1
A6255484,1
Skriptullä,1
Osuivaat,1
Vegereuokavaliossa,1
Direct_proof,1
Sotilasavustuksessa,1
Sotilasavustuslaissa,1
Palmuölyt,1
Harkkatyttö,1
Foliohattuiluteoriaa,1
Minareetiksi,1
Mangeettisesti,1
Kokoelinkaaren,1
Fanifoorumeilla,1
Väliäpitämättömämmille,1
Metsienhakkuut,1
Säästörajoista,1
Tehdasinvestoinnista,1
Ennätysvuosiaan,1
Uudessakaupungissakin,1
Hoksaaamaan,1
Puuhailuni,1
Riskipelaamisen,1
Pikköl,1
Riiik,1
Autonvaihtomainoksia,1
Taksiyhtiöistä,1
Lopetusasetelmiin,1
A1e9d17bd87a23e306f5fd25c1b73839,1
Tumblr_muld3wiaix1s01qkyo1_500,1
Liköör,1
Olemattomammiksi,1
Bannaamisilla,1
851444818_1b221f7567_b,1
Muutoslukuja,1
Kirjahuhun,1
Kustantajani,1
Jälkikasvustakaan,1
Uskontolukutaitoa,1
Kusettaunt,1
Luovuttamattomasta,1
Läpisusia,1
Taivasukkeleiden,1
Tsaarinaikaisesti,1
Pseudoliberaaleja,1
Rajoittamisilla,1
Materiaaliosuutta,1
Jumalanpilkkalakeihin,1
Urheilubaarin,1
Vihapuhesakkoasiaa,1
