Pesäpallopeliin,1
Vireillepanoon,1
Kommunistikalsareissa,1
Vanerikyhäelmässä,1
Kiljusaaviksi,1
Julkaisupakkolle,1
Ehdokkaisiinne,1
Gcsy724gtgi,1
Ominsi,1
Katutolppien,1
Yrrrjjööhhhh,1
Ruksautuu,1
Pesisinkin,1
Suolistoverenvuodot,1
Toipuvalla,1
Ongelmanratkaisutaidon,1
Esileikkikoulussa,1
Arcadeissa,1
Cochons,1
Aukiolovapautuslakihan,1
Sääntäjen,1
A4n_youtube_sitten_p,1
A4ttikin_suomentaa,1
9n419x,1
Rliev,1
A4_kun_youtube_n,1
9ms4cx,1
Onko_kukaan_muu_huomannut_t,1
Korttias,1
Kiroiluripuleihin,1
Jätkämäisyydellä,1
Vitsisaitti,1
Wqqngvf,1
Pankkiryöstäjääkin,1
Pikkusenteillä,1
Råddjuret,1
Matkijoiden,1
Oddlystatisfying,1
Puolituttuakin,1
Ulkoparlamentarismiksi,1
Pahoinpitelykohusta,1
Maansiirroilla,1
Ontologisestikin,1
Mainosestolistan,1
Kelaketju,1
8yju3b,1
What_is_going_on_with_udavidme_over_at_rdrama,1
E2beph4,1
Asuntovalintansa,1
Majailutarpeensa,1
Kulttuuriseuran,1
Haukkanen,1
Tehdaskukkakaalia,1
Artisaanikukkakaalia,1
E8csjeb,1
Kielikelpoisuuden,1
Värikirjompi,1
Tura,1
Oppivuodenkin,1
Suuruudenhulluudelta,1
Profeetanomaisesti,1
9kixqk,1
Utouko_aalto_lopettaa,1
B647251e,1
Cab10b36ef59,1
Youssefdisla,1
4a9f93f7737b,1
Powertipit,1
Sopivammatkin,1
Itkukilarit,1
Konsultointitaitoihinsa,1
Edesvatuuttomammin,1
Ammatiitaitoaan,1
Fortninet,1
Harrastata,1
Tarkastamaani,1
Muunroituisia,1
Kikkelinvenyttelyasenne,1
Puskakokkarointi,1
Linkolalaisempaan,1
Ekstrakarkit,1
Vuuphhh,1
Tuhatlukuja,1
Saiitko,1
Katkaisukohdaksi,1
Eläkeukoilla,1
Vaikutunut,1
20matkakortti,1
20897_3,1
Puffiartikkelin,1
Loopuun,1
Maksukysysi,1
Velkäjärjestelyyn,1
Työssäolijoiden,1
Tavoitejoukkona,1
Paranemistoivotuksia,1
Nestelähetyksiä,1
Parantuko,1
Uutiste,1
X_d,1
Ennnustanut,1
Linnakenite,1
Viimeisiniä,1
Internetiähän,1
Yllätyssakkia,1
Sosiaalisuudenkin,1
_hetkinen,1
Oikeushelvetissä,1
88stersundom,1
Viitasaarelaisittain,1
Röddödörömptön,1
Valmissalaattiannoksista,1
8f4365474ebf6723ee77052050bcb0d8,1
Lääkekorvaustavoilla,1
Vähittäistavarakauppaan,1
Apteekkipolitiikka,1
Vähittäistavaratoimintaa,1
Apteekkeissaan,1
Muunrotuisiin,1
Uroshirvien,1
Sedättelyineen,1
Luutuva,1
Uudistujalta,1
Hippiporukka,1
Muovivalmisteita,1
Jututeta,1
Erävaatevalmistajan,1
Vapenesteiden,1
Propagandansasta,1
Neuvonaan,1
Jälleenmyynnim,1
Höyrystimenkin,1
Kantelukone,1
Robottiedustajan,1
Sanaripuliketjuissa,1
Ostathan,1
Paidanniskasta,1
Jonkintapaisella,1
Ämmittelyn,1
Akattelun,1
Itsevahingon,1
Itsehoitol,1
9352d07b,1
0b4d,1
Ce99,1
2f64,1
D0b413f89480,1
Vähittäiskauppasääntöjen,1
Vaihtooikeudet,1
Paracetamolituotteet,1
Ibuprofeiinipohjainen,1
Kokonaishoidollisia,1
Liiketalousinsinööri,1
Moniketjuista,1
Terveysasemaketju,1
Ketjualennuksen,1
Apteekistaan,1
Salittaisi,1
Haarakonttoreilla,1
Gexqx4pxxg8,1
Baaritakseilijalle,1
Kekitettiin,1
Täyskattavuuden,1
Nettiapteekkien,1
Pakkotasaaminen,1
Apteekkiverolla,1
Apteekkiverkon,1
Degressiivinen,1
Ruokakauppapuolella,1
Kuorijoina,1
Henkilökuntavelvoitteesta,1
Ruotsalaisuusselitystä,1
Jäteasemilla,1
Tuontikonsoleille,1
Videoarkiston,1
Wojcicki,1
Vevoa,1
Karismapojot,1
Kaavoitusresursseja,1
Vastuuarkkitehdit,1
Ostokärryn,1
Söderkullasta,1
Disruptiiviset,1
Lspgalore,1
Rakennuspäätöksiä,1
Heikkolahjasempi,1
Foourmit,1
Trollivoimaa,1
Nettitrollaamisella,1
Hakkerietiikka,1
Hacker_ethic,1
Vaalimutuilu,1
Vaalifiilistely,1
Hallintoviranomaiseen,1
Perheenhuoltovelvollisuudet,1
Sijaintialueelle,1
Apteekkialueita,1
Sijaintialueellaan,1
Sivuapteekkien,1
Ketjuttuisivat,1
Asiakaspalvelukokemusten,1
Käyttäisikkään,1
Kumpulanlaakso,1
Myyntimenetykset,1
Asevientifirman,1
Saudienvastainen,1
8bitandrewmcneil,1
Antenninväsääjällä,1
Nikkarilla,1
Ab9il,1
Wifi1,1
Sivistynyttähän,1
Ykkösautolle,1
Östersundomilaisille,1
Lieventy,1
Kampanjassahan,1
Arvoteltiin,1
Vastustajiansa,1
Lähiseutulaisia,1
Huumorikysymys,1
Bitcoinneilla,1
Ärjestetä,1
Metsätuvassa,1
Sysmällä,1
Redditspämmi,1
Jeesustelubotin,1
Tölkitetyn,1
Vapaakauppatuotteet,1
Lääkemyynnillä,1
Vapaatavaratuotteita,1
Vieläjotenkin,1
Doxauskampanjaksi,1
Varastointivelvoitetta,1
Toimittjalta,1
Borning,1
Halveeraamasta,1
Viitasaarta,1
Silminnäkijälertomuksia,1
Aikalaisisten,1
Seurasaarenselälle,1
Haapaniemenkatu,1
Isonniitynkatu,1
Jaahy,1
Globaalillakaan,1
Pendelöintikunta,1
Pakotesodat,1
Kauppasodatkin,1
Stadikoita,1
Arvoalueista,1
Möötissä,1
Neukkulähiön,1
Kirjainmarket,1
Mvhkqab,1
Twitterbotilta,1
Ympäristörilliset,1
Kuuija,1
_tulkitsee_,1
Freimeilläkään,1
Krääsäkansion,1
Spikeja,1
Cc5ruj7,1
Vahingollinenhakaristi,1
Läpikulkuasema,1
Tiksikin,1
Traa_irl,1
Kansanliikkeettä,1
Kuninkaanmaita,1
Kandidaatintutkielmassa,1
Kartoitettavaksi,1
Starwarssit,1
Ruutukorttelia,1
Velvoitetetta,1
Iilmaisutapani,1
Anothershittybimbo,1
Laiturikapasiteettia,1
Laiturikapasiteetti,1
Puolenvaihtovaihteita,1
Liittojohtajien,1
Talorivissä,1
Homonpaljastussähkötuoleja,1
Sivustaisku,1
Panssariarmeijaa,1
Kansanpresidentti,1
Turun_kuntaliitokset,1
Turun_seudun_kuntajakoselvitys,1
Helsinki_liitosalueet,1
Sipoolaista,1
Itsepintaisella,1
Porvoolta,1
Sotilaallisuuteen,1
Selväpiirteisyyteen,1
Parturoinnissani,1
Korttilaitetta,1
Joulupapereita,1
Entismaailmasta,1
Kättäytyminen,1
Internetdraamalta,1
Homonpaljastusjutun,1
Siirtymävaarassa,1
Särmäkkyyden,1
Ruikutuspostiin,1
Puhelinpankkia,1
Velkasijoituksen,1
Pörssisijoitus,1
Petraantunut,1
Talvitassuja,1
Junasimulaattori,1
Ibuprofeiinivalmisteita,1
Veranohennuslääkkeiden,1
Yhd_yss,1
Ahdistuskohtauksissa,1
120bpm,1
Whoisia,1
Cl7vkhqvzca,1
Kommenttipuujono,1
Rymstreeraaminen,1
Sähköporan,1
Arvailuoikeus,1
Westendit,1
Tapiolat,1
Läpivalaisulaitteet,1
Hammaspyykkivehkeet,1
Puheenjohtajanaan,1
Kannattajakanta,1
Ljwvxumi458,1
Konsoleillekin,1
Puoluekokousäänistä,1
Ketjusuojani,1
Puuttuukos,1
Fifapelit,1
Kireäpipoinen,1
Eritteleemään,1
Saikkukarenssia,1
2015090920318415_uu,1
Pankkikusetukset,1
Osinkoverokikkailusta,1
Höperehdintää,1
Punaviheriäinen,1
Porvarissäädölle,1
Trotskyistinä,1
Plopsautettiin,1
Essentialistisiä,1
Binääriliitteet,1
Myrskyävien,1
Suosionosoituksien,1
Ulkokaarteesa,1
Sisäkaarteen,1
9r8w37,1
A4nsinaapurimme_suunnittelee_suurvallan,1
Konservatiivisiiveksi,1
Poisheittokäyttäjääkin,1
Piempää,1
_naisilla_,1
Löysäpipoisena,1
Mallistoahan,1
Rehibilitation,1
Apteekkiketjulle,1
Apteekkiomistuksen,1
Perustamlla,1
Puhefiltterillä,1
American_nationalism,1
Mainilaan_41838,1
8ust9x,1
Oikeusministeri_h,1
A4nen_lopettaisi_alaik,1
Tyttokalentereita,1
Setelinipussa,1
1cnhzla,1
Standardiravintolassa,1
Erikoistavaraliikkeistä,1
Nojatuolifilosofiaa,1
Hetihetkessä,1
Tunnistimelle,1
Langattomiensa,1
Broadcommin,1
Taustapapereista,1
Pulireiskan,1
Jakaantumiselle,1
Lähettläitä,1
Punomasta,1
Kansanläheisyydestä,1
Hukuvat,1
Kerotmiseksi,1
Bisnesmunaus,1
Julkaisupelejä,1
Tuusulanväylästä,1
Päiväodit,1
Neuvolareissuista,1
Unimääriä,1
Itestäänselvinä,1
_harhaluulo_,1
Vavisuttaviin,1
Naamioima,1
Rasismittomat,1
Parallellaaleja,1
Pakkoluovuttamisen,1
Homouutisia,1
Vinttikoiramessuja,1
Johtajavaali,1
Buddhistinen,1
Elämänpäätökseni,1
Seuraajaltani,1
Muumipeikkokaan,1
Normikaksiossa,1
Senssin,1
Vihollisstondiksen,1
Suomenkielisiinkin,1
Eläma,1
Koneharrastusta,1
Vaihtohiekkaa,1
Mjcznl,1
F_i8,1
Klaarnan,1
Pisnesideaa,1
Perustuslaittomasti,1
Satamahinaajaksi,1
Kokoamisoperaatioon,1
Stefansson,1
Tämänikäisellä,1
Myohaiseksi,1
Lamanhan,1
Laatufirman,1
Ykkösveikkaus,1
Uussuomalaiseen,1
Sinimustuuteen,1
Erkkolan,1
Hallituksiltamme,1
Kesänakeillakin,1
Syyllistämispaskasta,1
Syyllistämisaihe,1
Ylikansoituksellaan,1
Amplifoi,1
Laatunosto,1
Jfbr1hlwszt11,1
9qsmuk,1
Lapsudessani,1
Kermitillä,1
M3bezyeryxq,1
Sukupuoliyhteiden,1
Kivanpitäminen,1
Omso_21_2018_alaikaisavioliitot,1
Erikoislupahakemuksia,1
Olmassa,1
Oikeustietäjiltä,1
Seksuaaliväkivaltarikosten,1
Samaikäisenä,1
Korttikauppias,1
Moottoriratkaisuja,1
Katsotuimpina,1
Seksiannaalit,1
Sahkopostini,1
Varinaista,1
Viivytelleitä,1
E_qaas77zdc,1
Nextjs,1
Chrisdwheatley,1
Lastentekoikkuna,1
Synkeämpää,1
Homoklubobilla,1
Medianalyyttisesti,1
Ajokortillakaan,1
Mutsimpi,1
Nutsimpi,1
Velvoitteidentäyteiseen,1
A73dc63ee5ef2915d4b6766bfe7eaf3f,1
Salibandykaverini,1
Pouteito,1
Poutahto,1
Häpeäosastolle,1
Eduskuntatiedotuksen,1
Arabilapsiavioliittoryntäyksen,1
Pakoloista,1
Kaavaselityksen,1
Dokumenttiiin,1
Lapsikeskeisinä,1
Isäehdokkaallakin,1
Tukiverkostoakin,1
Poikkeusnaimalupahakemusten,1
Erityislupahakemusten,1
Antisuvakit,1
Punehtuneena,1
Konkurrenssioppi,1
Kyldyyriläpälläni,1
Ählyjen,1
Nuolenkuvan,1
Suosikkivaihtoehtoihini,1
Oviluukun,1
Tunntko,1
Naimisiinmenijä,1
Korttilaitteet,1
Kouluterveysvirkoja,1
Henkilömuistiin,1
Proviisorille,1
Ketjuuntumisessahan,1
Eazemode,1
Potkulaidat,1
Lapsiavioliittohakemuksia,1
Opi_ja_osallistu,1
Vkoloppulisät,1
Sipilöimällä,1
Laatuesimerkkejä,1
Gilmoomin,1
Sormiruokailusta,1
Konkurssiosaamiseni,1
Kuvoihin,1
Lapsiavioliittohakemusten,1
Kulttuuriltansa,1
Mielenterveysongelmaisa,1
Normikonkurrenssi,1
Valehtelevimman,1
Konkurrenssisääntöhän,1
Unohtuneensa,1
Rikkainakin,1
9qzsws,1
Clintonien_ja_obaman_postin_seasta_löytyi_räjähde,1
E8eyflp,1
Flagiakin,1
Konkurrenssiongelmaa,1
9r9cp6,1
A4_lapsenraiskaus_tulossa_rikoslakiin,1
E8fj8da,1
Kiireisetkin,1
Keskustilastosta,1
Deakincomsci2016,1
Hälytysfunktiota,1
Rekvisiittakamaa,1
Keskivertotoimittajakaan,1
Peloterekvisiittaa,1
13_800x449,1
Feikkipommi,1
27d,1
Muokkailit,1
Dqxlmbbx4aadoil,1
Hevoisvoimaa,1
Tyrkkäätkään,1
Ahmed_mohamed_clock_incident,1
Mainstreamviihteen,1
Rekvisiitalta,1
Moniplörinä,1
Kültürellit,1
Etuvartijat,1
Dlk00151,1
Pmc3672329,1
Ennakomaan,1
Kortsuttomalla,1
Kännipanolla,1
Yritysaikaa,1
Vastikekki,1
3atoppilansalmen_siilot,1
Ä_,1
Uktechnet,1
Palkansaajajarjestoille,1
Suunsoittoo,1
Tietoliikenteen_h,1
Vauvakuumeiset,1
Nyrpeiden,1
Golffailut,1
Jurputtavien,1
Sitoutumiskammoiset,1
Puolinaisen,1
Tyyppivä,1
Äärivapaamielisten,1
Kristilliskonservaatisten,1
Diaaritietoja,1
Mepeilta,1
_kokeillut_,1
Saaperisti,1
Ympäripyöreydestään,1
Lapsiavioliittoinen,1
Karenssiaikahan,1
Rattaidenväliin,1
Kausalitettia,1
Aasilaisiin,1
Käynnistysongelmat,1
Kepunaudan,1
Työvoimaintensiivisempää,1
Viitekortit,1
Samanikäisyyden,1
Samanikäisyydestä,1
Huonomeemi,1
Kannantot,1
Vihervassarikuplailijan,1
Jokivarsipolkupyöräilyäni,1
Kolmikantatyön,1
Tarkeammat,1
Aarimmaisessa,1
Devaluoitunut,1
Lahitulevaisuudessa,1
Epavarmuustekijat,1
Pitajalta,1
Jaktuvien,1
Oppilastapauksien,1
Aikuiselama,1
Mielenkaan,1
Kavelisi,1
Perheenlisaykseen,1
Negativisuus,1
Kyvyttomaksi,1
Elaisikaan,1
Pahankuuloisesti,1
Mcmanlinsson,1
Jääseinää,1
Tranfoobikoksi,1
Viitekortteja,1
Tuulimyllypuistoa,1
Ennätyshuipussaan,1
Automagilla,1
Hamuillu,1
Eeloni,1
Kulttuurittomille,1
Q8vrr,1
Wscru,1
Algoritmistahan,1
Algoritmibotti,1
Tuuppimisia,1
Mökötyksen,1
Bleidaajia,1
Vieroituksissa,1
Diileriänsä,1
Osamaksuvolvo,1
Nuhapumppudiisselillä,1
Bensacorollalla,1
Vaihdekepiltä,1
Boottiloaderi,1
Systeemilevyn,1
Optimointiasetukset,1
Rapahtuva,1
Takaissta,1
Kihloissahan,1
Kvineoalla,1
Postdoccaamaan,1
Ydinvoimatyyppejä,1
Tuulivoimalapuistot,1
Aurinkovoimapuistot,1
Ideallisti,1
59e4c976efa0a_thumb,1
Lähentevään,1
Itäaurinkotuomio,1
Sipoonrannassa,1
Ajonautintoni,1
Observaatiot,1
Moottoripyöräkursseilla,1
Metalliboksia,1
Lisenssiserverin,1
Vuoshan,1
Rakennusmetodi,1
Kaksipuoluemallit,1
Synnytyssukupolven,1
Voimailusarja,1
Raivatussa,1
Kokkejen,1
Työmääräyksistä,1
Turvottamiselle,1
Aw5txir,1
Virhalähde,1
Puutarhakaupunkiunelma,1
Kyseenalasinta,1
Lukitustavoilla,1
Viimetarkistukseni,1
Kevytuntuvarotsit,1
R709djg,1
Oikeusasiamehen,1
Piempähä,1
Faniprojektit,1
Puolisoillamme,1
Kalevassaki,1
Kittilähä,1
Vaihtamaha,1
Tilauskeskusten,1
Lupasäännökset,1
Jössikkälän,1
Ajovelvoitetta,1
Suokiitäjiä,1
Casioon,1
Kumpaankos,1
Rattijuopumistapauksessa,1
Exceptionit,1
Kyttäysfirman,1
Mainosscriptin,1
Eu_cookie_compliance,1
Kirjekokoelmat,1
Kiinnoistuit,1
Parisuhteenvalinta,1
Kolmenkymppinen,1
Väliinpitämättömistä,1
Kalenteritkin,1
Stimulaatori,1
Miehistykää,1
Itsevihaisilta,1
Julkiseksikaan,1
S_famnen,1
Helläks,1
Huomaavaiseks,1
Mieleenpainuvimmist,1
Protosserin,1
Suomilanilla,1
Fudisturnaukseen,1
Poikakalentereista,1
Feikkikaliaohjuksen,1
Väestökorjausta,1
Maahanmuuttajakeskeisessä,1
Konetiloista,1
Konevalvomon,1
Poikakalenterin,1
Reakatioita,1
Höppänälle,1
Poikakalentereitakaan,1
Kalentereille,1
Seksisävytteiset,1
Barbaralla,1
Voitollisimpia,1
Koneenkasaajan,1
Höyryttämättä,1
Marjasiemenjauhe,1
Länsimetrokalsarit,1
Cnadace,1
Owensille,1
Eivätköö,1
Vähemmistöjää,1
Aateongelma,1
Nuuksiot,1
Sipoonkorvet,1
Sääskinen,1
Virkistysarvo,1
Varmlandstingsratt,1
Dv_press,1
Mellerudissa,1
Itäläisissä,1
Pöydänalussopimuksella,1
Mölndalissa,1
Lapsiasivaltuutettu,1
Malmbergilla,1
Rasismipelon,1
Westlund,1
Sosiaalihallituksesta,1
Sarar,1
Skeittien,1
Juhliinne,1
Takariviheitto,1
Astalolta,1
Korttilaitteiden,1
Ääriesimerkeissä,1
Takariviheiton,1
Sateenkaarimerkkistä,1
Hmmhhhhh,1
Nyrkkimagneettia,1
Kaupanvalitsijat,1
Vuokauksen,1
Käitä,1
Letkailemassa,1
Tekopyhyysestään,1
Fikausti,1
Kilomäärältään,1
Albinoot,1
Vanhollisuudessa,1
Yleenaäkkin,1
Vähemmistönpuoltajia,1
Pussitettavaa,1
Idp446127792,1
Keha_2018,1
24_kvsto_18_el,1
E7b727f4,1
58a8,1
C8c7,1
66864b900000,1
Valtuutettu_abdirahim_mohamedin_aloite_kaupungin_t,1
Valitsijamiespresidentin,1
Palkkaaviin,1
Pelitaidetta,1
Erityisteknologiasta,1
Spesialistifirma,1
Kumpaanlaam,1
Korrelaatikerrointa,1
Uotilaisen,1
Haitannutkin,1
Maksasitko,1
Softapalkat,1
Kokoneella,1
Mnimenomaan,1
Huippulafkojen,1
Softalan,1
Kikpailukykyisiä,1
Islamoinnin,1
Fiilispäätöksiä,1
Mutsinka,1
Työtapaturmatilanteissa,1
Konkurssiyrityksen,1
Poweriks,1
Puistovastaisuutta,1
Ajankohtaisohjelmissaan,1
Lehtiartikkeleissaan,1
Finanssihärät,1
Yhdysvältojen,1
Vakiokuluina,1
Parinvalintakriteeeeitään,1
Koulukiusausanalogiaa,1
Pyörimäänkään,1
Argumentitiinko,1
Unhri,1
Lisäyksenkin,1
Ailman,1
Vuokraamattomuusperusteisiin,1
Kampanialla,1
Rajoitusperustetta,1
Maallikkoedustajiksi,1
Äänestäpä,1
Käsitykseenkään,1
Maksuporras,1
Eläkevakuutuksestaan,1
Kausiluonteisessa,1
Islaminuskoisistakin,1
Riiheää,1
Pikkuehostuksia,1
Poppamiesleikkeihisi,1
Poppamiesleikkeihin,1
Tuntihintaansa,1
Perssuksiin,1
Yhdenvertaisuuspykälien,1
Heimottunut,1
Nuanssille,1
Minimikunnioitusta,1
Pichain,1
Ahdistelusyytosten,1
Nykyisilläänkin,1
Ohjailtuani,1
Työmatkaajat,1
Ammattirekkakuskin,1
Hulppeimmiksi,1
Softabisnesten,1
Alaäänissähän,1
Vastuunrajaus,1
Premiumeillakin,1
Arameijan,1
Sänkkyä,1
Laattiat,1
Suaatanan,1
Rasvajälkeä,1
Insinööriliksat,1
Käsårmi,1
Jäjestöille,1
Voimakeinoina,1
Sosiaaliasioista,1
Epäyhdenmukaisuus,1
Orjavälittäjiä,1
Islamofiliaa,1
Protosser,1
Tosser,1
Seksuaallivähemmistöjen,1
Zssudo3,1
Paratiisiyhteiskunta,1
Edellämaimittuihin,1
Ultimateissa,1
Kivikautisuudessaan,1
Eläkesijoitusjärjestelmä,1
Rahastoimisosuutta,1
Suuruuserojen,1
Jyvitettyihin,1
Graduunm,1
Maahanmuuttajilel,1
Thisiss,1
Suvaccimädättäjä,1
Varjokirjamessuilta,1
Kapitslisti,1
Pessimismikarnevaalia,1
Lavaohjelmaa,1
Pessimismikarnevaali,1
Poppamieskerhoosi,1
Julkituoden,1
Muovikassillisella,1
Verotoimitossa,1
Ohjelmistöinsinööreille,1
Illuminativäitteitä,1
Kristittty,1
Balkanilaisesta,1
Listilleni,1
Pihatonpuhdistusrobotti,1
Rehunsiirtäjä,1
Hoitokarsina,1
Liimaillaankin,1
Exmuslimeihin,1
Exmuslimien,1
Parikseksi,1
V1sw9ig,1
Tieraivoamaan,1
Verosuunnitteliu,1
Maanvuokravastiketta,1
Purattaisi,1
Selkeentyä,1
Suosioäänestys,1
Talomarkkinoilla,1
A4mmitys,1
K00403,1
A4taulukko,1
Rakennuosien,1
Käyttöiöistä,1
Hometalkoisiin,1
Tutustuvalle,1
Arvositoutumisista,1
Arvositoutumista,1
Sovittelujen,1
Uussuomalaisuuteen,1
Muuttovoittoseuduilla,1
Palveluputiikeissa,1
Juolsevia,1
Normaaliaikataulun,1
Projektitoimituksessa,1
Väitettää,1
Sähkömonopolin,1
Sähkömonopoli,1
Kirjaimellisestiottaja,1
Mönsyjä,1
Uhrihierarkis,1
Palkkavertailusivusto,1
Pelikuvaakin,1
Yksilöidentiteetti,1
Lunastushinnalla,1
Toteuttamattajättämisestä,1
Säännöstössään,1
Keskustelujutuissa,1
Mielenkiinnonaiheita,1
Epäuskovana,1
Yleispointtini,1
Animemaratoni,1
Vuosiliksasta,1
Jenkkikansalainen,1
Konfliktipaikkoja,1
Intternetsivustolla,1
Manauksineen,1
5d0c87fb,1
3dd1,1
42c65a1c3ca8,1
Kananmunakotelo,1
Hyönteisansa,1
Dettol,1
Tuplapuhelinluettelot,1
Minipakkaukset,1
Vaipankätkijä,1
9ri56y,1
Suomea_johtaa_nyt_hallitus_jonka_kannatus,1
E8ha2qt,1
9rc3ri,1
Mies_oletko_kokenut_v,1
A4kivaltaa_parisuhteessasi,1
E8g4ddy,1
Nettiostossa,1
Kuriiripostina,1
Itsetullaajille,1
Idp447655888,1
Eligs,1
Huippaahan,1
Ihmisoikeuselin,1
Overheadi,1
Saamaat,1
Tosimuslimin,1
Oivb3ddrgqu,1
Rukoustilaa,1
Osatolleen,1
Aikamoiden,1
Hyväansioinen,1
Korttisodan,1
Munasolutilanteen,1
Ultaäänitutkimuksissa,1
Baddesign,1
Yrittävänä,1
Massakäyttjäkuntaa,1
Downvotejja,1
Otantatutkimuksen,1
Maakaapeleihin,1
Vasemmistoaiheisia,1
Voittajatuotteita,1
Hupiehdotuksista,1
Pääomakikkailulla,1
Aitolahdella,1
Perusäänestäjäkuntaa,1
Antifeminismikin,1
Uimahallissakaan,1
Piireiissä,1
Politiitikoille,1
Naiskalenterin,1
Järjestööni,1
Nutua,1
Chilijauheessa,1
Paskavedesta,1
Korkovahennysoikeuden_rajoitukset_elink,1
Vapautusperusteen,1
Liitelomakkeella,1
Konsernitilinpäätös,1
Konsernikaavio,1
Tasevapautuksen,1
Konsernitaseen,1
Steelbookit,1
Suosikkipelisarjastani,1
Takaossa,1
Apostaattia,1
Peruspilaaria,1
Kannttavasi,1
L8r6ndm,1
Temperamenttisuuden,1
Yliopistoiltakin,1
Kummituskirjeen,1
Säikylle,1
Jaottumisessa,1
Epäselkeällä,1
Maksimikate,1
Itsetullauksestakin,1
560kgco2e,1
Lentoverona,1
Ulkoilukamat,1
Siistitukkainen,1
Koksubileisiin,1
Nugentia,1
Estrogeenitasoista,1
Vessapaperinpalaa,1
Pyttyvaihtoehtoa,1
Islamiaista,1
Äärinäkökanta,1
Ankeuttajarakennusten,1
Jemkemit,1
Kaupunkibulevaardeja,1
Rötömtöm,1
Lasanga,1
Kotkaankaan,1
K6ky8ws,1
Bussissa_paskaisen_naurun_pidätteleminen,1
Sähläyksissä,1
0bd5o9f,1
Tasetesti,1
Puoluekentälla,1
Kehystämäni,1
Peikkoluolaasi,1
Odottelijoille,1
Mosaic_section_1_layout_index_1_layout_type_twos_tile_index_1,1
Scribblenautsia,1
Monopolisijoittajille,1
Carunakauppa,1
Hävityssota,1
Keskuspaikoilta,1
Levollisemman,1
Countrytanssiloota,1
Sukupuuttokommentti,1
Heimoasennetta,1
Tensorflown,1
Kerasin,1
Irtonuuskalla,1
Ronskimmankin,1
Taksiliiketoiminnasta,1
Hyvinkääläisille,1
Henkilötöä,1
Työsuhdeteslaa,1
Urakkamiehiksi,1
Pisoaareissa,1
Itsekorjaus,1
Marginaaliporukaksi,1
Kuitenkaana,1
Boikottihehkutuksia,1
Yhteenkokoamisleireiksi,1
Tww2,1
Vasemistolaisilta,1
Jöllikkälästä,1
Roiskeenkestäviä,1
E8cn7o6,1
Lämpenemmään,1
Lätkävitutuksen,1
Vestitiivis,1
Ouluissa,1
Kauramaitopurkeilla,1
Koodarei,1
Pintaliitoskomponentit,1
Purettaviin,1
Jälkäprässiä,1
Vastaamiskelpoinen,1
Paineilmat,1
Xjymyyzuta8,1
Länismaiset,1
Kontestoin,1
Aatehistoriallisissa,1
Talvisotaveteraanit,1
Konkretisoituiko,1
1cys7yy,1
Modulaariksi,1
Naksuteltas,1
Kaljoittelija,1
Useestikkin,1
Lätkäpenat,1
Voiperkele,1
Sosiaalikonservatiivisemmat,1
Sisäinenpuoluejako,1
Klikkitasolla,1
Joukkotuhoaseetkin,1
Vaihdellakseen,1
Sivuaineopinnoiksi,1
Tuloskortit,1
Rehellisimiä,1
Kloonikoneet,1
Työmarkkinasäädöksillä,1
Newsbtc,1
Michaeldelcastillo,1
Darrynpollock,1
Ethereumworldnews,1
Cryptomarkets,1
Modular_design,1
Ministeriydensä,1
Phoneblocks,1
Hajustetussa,1
Saippualaitteesta,1
Osakaslainoistaan,1
Oikeuskutsua,1
Sekäisin,1
Tonic0,1
Finblock,1
Mergeämisessä,1
Täydennysosan,1
Rasissssmia,1
Pidätyttää,1
Kansallistunteestani,1
Threaadi,1
Mellestävästä,1
Superperus,1
Hhhhhhhhhhhhhhhh,1
At0p8vp,1
Wetteriltä,1
Törmättyyn,1
Korjaamomestarin,1
Lumiotuksia,1
Verkkolupa,1
Verkkolupaan,1
Jakeluverkonhaltijalla,1
Senareista,1
Syrjimiskriteereitä,1
Tuhisit,1
Kaverisuhteidenkin,1
Huipputienesteille,1
Suomipalkoille,1
Harrastepiireistä,1
Parteilla,1
Kilpailutusvaiheen,1
Yläasteaikaista,1
Saippuapumppua,1
Kontaminaatiopisteen,1
Defekaation,1
Sinkkutaloudessani,1
Sekatavararoskia,1
Kauppamatkoilla,1
Einespakkauksista,1
Yläasteluokaltani,1
Lapikoi,1
Summamääräisesti,1
Itärajaltakin,1
Peräsavo,1
Kapulassani,1
Ministerinpenkki,1
Karunassa,1
Piristyspuhe,1
Pikkukieliin,1
Googletrans,1
Ärsyttääkun,1
Komennen,1
Seineen,1
Jammusetää,1
Uskonrauhat,1
Tyhkäksi,1
Bonex,1
Huonesäädintä,1
Säätimelle,1
Hituvirta,1
Nollapotentiaali,1
Huonesäätimet,1
Semmoisiissa,1
Animeconissa,1
Popcultissa,1
Känniöykkäreitä,1
Kyläreissu,1
Ranteellakin,1
Työkemikaalit,1
Kuljettaakin,1
Nuottikorvattomana,1
La_r,1
A9publique_en_marche,1
Vesioikeutensakin,1
Työtaistelutoimensa,1
Jatkovalmistellaan,1
Erottajina,1
Äidillisesi,1
Tuplaantuvalle,1
Treffiin,1
Nettideittitunnarit,1
Irtosanan,1
Hienhajuja,1
Keskuskauppiaiden,1
Käännösvirhevalitusten,1
Muhiksesta,1
Yhdeksänvuotista,1
Muslioppineita,1
Pohjatietouden,1
Rukoustilaisuudet,1
Uskonvakaumuksensa,1
Kirkkovihkimisestä,1
Tekovihkimys,1
Vihkiparia,1
Kirkkovihkimykselle,1
Mököttävänä,1
Sadepilvenä,1
Morjenstaakseen,1
Pukariluonteet,1
Lukiovalintaa,1
Lukiovaihtoehtoja,1
Suunitteleminen,1
Ylihuolehtivaisia,1
Lähitulevaisuuttaan,1
Alkoholiläträys,1
Miitteihinkään,1
Pojkearne,1
Lautamaisesti,1
Kasvatusammattilainen,1
Yläkoulumeininkiä,1
Mökötykseksi,1
Aasua,1
Motorola_solutions,1
Luotaansatyöntävämpää,1
Mainossa,1
Valkuutusyhtiö,1
Lemmikillesi,1
Piristyspuheesta,1
Jgdvro1_8si,1
Helluntailaiskarismaattiset,1
Keskivertotyönantajaan,1
Roimakaupalla,1
Körmyksi,1
Kolmikymppiseks,1
Viehtymykselleen,1
Liikehdinnöistä,1
Keulapainona,1
Ut9zeush5kp11,1
9kffhc,1
Jnq8hw1r,1
Bf68839a,1
Häiriintyneempiä,1
Lestaporukoihin,1
Zmisjvtf8t8,1
Yhtynyttä,1
Pohjosessakaan,1
Kuurasta,1
Miljardiväestön,1
Dogmille,1
Rrrrräjäyttävän,1
Assholepost,1
Xbonex,1
Vihkipareja,1
Ihmisoikeudelliseksi,1
Massasielu,1
Aikuisempiin,1
Leikkiveturia,1
Kurpitsaksi,1
Kurpitsapuvuksi,1
Eqoaaoswc0dbu8zx,1
L640,1
Suurlähetystötkään,1
Puberteetissä,1
Evolutioota,1
Suvunjatkamisella,1
Dqceon,1
Xgaaxp90,1
6kt6ejx,1
Fleijareita,1
Fleijarit,1
Ekseptionalismissaan,1
Hindinkielinen,1
Motorola_mobility,1
Suojaiät,1
Tasavertaisuusperiaatteesta,1
Tuupi,1
Ujouskin,1
Iltalehmässä,1
Jkatainen,1
B6verkot,1
Carunas,1
B6verkkoyhti,1
Sukupolviamme,1
1oyoewtmssu,1
Moikkailulla,1
Ryhmäytyvän,1
Lattakaapelien,1
Sensaationhakuisuuteen,1
Mukaanlukiken,1
Vasemistolaisten,1
Ideologiallenne,1
E13maie,1
Juomillalla,1
Souritkin,1
Lapsenraiskauskehotushan,1
Määrjärvi,1
Simijärvellä,1
Kattopalkilla,1
Simijärveksi,1
Kiittivätkö,1
Takapainosena,1
596d497d,1
248f,1
Bc6f9273b789,1
Voinvienti,1
Yliammattilainen,1
الحديث,1
Ḥadīt,1
Todistajaketjusta,1
Oppikiistoja,1
Mehhenings,1
Normal_5766_mg_9227,1
Pakastetaikinalevy,1
Valveillaolohetket,1
Korjausunet,1
Takapenkkeihin,1
Vaelitysmyynti,1
Huojuttava,1
Tuumiskeltiin,1
Selkälihas,1
Liikkeellelasketuista,1
Lainosta,1
Liirausta,1
Lastenraiskausohjekirjaan,1
Turisenkin,1
Valmennetulla,1
Tutkimusseminaariesitelmä,1
Epäformaalimpien,1
Sisäpuoleisuus,1
Geertiäkin,1
Takaisinliimaaminen,1
Kotivaihtajalle,1
Digitizer,1
Uskontosuunta,1
Uskontolähteenä,1
Narrations,1
Sughra,1
Malikis,1
Madhhabs,1
Muwatta,1
Yahduruhu,1
Tahdhib,1
Ahkam,1
Istibsar,1
Tartib,1
Musnad,1
Canons,1
Quranists,1
Uskonsuunnassa,1
Uskottavuusluokkiin,1
4giihu,1
The_donald_rises_fanart,1
Pakukollaasista,1
Pcistäkin,1
Käyttäjätasoisesta,1
Nörttäämässä,1
Parisuhdevinkkiä,1
Lapsenraiskausmanuaalin,1
Yläastekaverini,1
Kanssaopiskelijaam,1
Parityöstä,1
Soveltavilta,1
Tekoälyosaamisellani,1
Asuntolainavertauksesta,1
Toissijaistaminen,1
Lukittaudumme,1
Ruokapro,1
Sirkkataikinan,1
Seminoleintiaaneihin,1
Paperiarkit,1
Arkkiensa,1
Vaihtosetin,1
Spesiaaliruuvia,1
Jumalanpilkkalainsäädäntöä,1
Cf88c8e3,1
Perimätietoaan,1
Tärkeysluokat,1
Sola_scriptura,1
Strategisemmalle,1
Koodarihuumori,1
Karistuu,1
Hulppeä,1
Pikkukloppina,1
Pikkuryhmää,1
St21,1
Malliinko,1
Muovaamissa,1
Normaaliuttasi,1
Lentolaskurin,1
H_monta_hyv_syyt_v_hent_lihan_kulutusta,1
Kyseenalaisuudessa,1
Sienihipiksi,1
Vaihtisvuosi,1
Rynkytettäis,1
Päästeltyihin,1
Kotikorjaamot,1
Puoleisempi,1
Lokeroineeksi,1
Osavaltioks,1
Porsaallakin,1
Reallifelorea,1
Urlretrieve,1
043821jas,1
Ankka_images,1
Teaching_ankka,1
Ankka_arvio,1
Ankka_num_index,1
Ankka_array_1,1
Imgread,1
Imread_greyscale,1
Exeption,1
Create_training_data,1
Training_data,1
Cankka,1
Moduläärisen,1
Thaikkuloma,1
Vakauttamistoimiin,1
Keynesialaisuus,1
Junanvaihdolla,1
Persoonallisemmaksi,1
Ämpärikiimaan,1
Avioitumisiän,1
Käpykyläläisille,1
Taukkiremmille,1
Änkyräoikeistolaisista,1
Uskonrauhanrikkomuksen,1
Puksuttelu,1
Reilaukseksikin,1
Jouluhengestä,1
Höyrymäärä,1
Käräyteltävää,1
Määräpohjainen,1
Instagibbia,1
Quakeksi,1
Hyvästääkään,1
Punavihermistöt,1
9chatissa,1
Yhstävällisiä,1
Kepunet,1
Persenuuska,1
Kielitieteilijäharrastelijana,1
Potenssille,1
Jopeki,1
Lievemmästäkin,1
Niskaperseotteellaa,1
Yräräm,1
Rd2,1
Piiriäs,1
Kuperkeikkaöljy,1
Ruokajärjestön,1
Pakolaisperheille,1
Tuottoväitteiden,1
Saataviks,1
Jenkkituttavuuteen,1
Uudisraivaajilta,1
Räkäkuppeja,1
Miinuspäästöillä,1
Reeeeeeeeeeeeeeeeeeeeeeeeeeeeeeeeeeeeeeeeeeeeeeeee,1
Aimmessa,1
Armomurhahan,1
Nuorisoani,1
Intternetmedian,1
Konnattomaksi,1
Valtiontukisäännöksistä,1
Käyttölisensseistä,1
Politikointilista,1
Isodd,1
Nerffaamista,1
Rikoskanisteriakaan,1
Lapsla,1
Premiumpuhelimia,1
Varaosillakaan,1
Uudelleenmyynnillä,1
Ilmastonmuutoshomma,1
Lentokenttäinfra,1
Lennonaikana,1
Työkielekseen,1
Termitarkkaa,1
Kauppatieteilleen,1
Tajuaisimme,1
Pattayaan,1
9lkflnckbi0,1
Härkätori,1
Pirtille,1
Räjähdeasiantuntijoiden,1
Sanomisoikeus,1
Mukaanlähtemistä,1
Halpisälyluurista,1
Päihdehomma,1
Korkeatasoisimmissa,1
9ka,1
Sitoutumisstressiä,1
Kurssiryhmissä,1
Ryhmäkeskustelutehtäviä,1
Fysiikkaihmiset,1
Bilsaihmiset,1
Tutustutkin,1
Sosiaalisuuteeni,1
Koulukiusaamisajoilta,1
Painostuksessaan,1
Yksityishenkiköiden,1
Mehhenings___laatuisena,1
Karjarehua,1
Inflaatiokorotuksin,1
Toteutunein,1
Herätystoimintoa,1
Vitamiiniannoksenne,1
Billycorben,1
Lesleyabravanel,1
Hceo3vj,1
Handholding,1
D9jd5z8aalu11,1
Kannatajasta,1
Selailuvälineeksi,1
Photodune,1
Ahahahahahahahahahahahahahahhahah,1
Totolta,1
Salillemeno,1
Aloittelijatreeniohjelma,1
Cudamalloc,1
Liipaistaa,1
Tosielämäisesti,1
Suosikkiradio,1
Pakettiautokseen,1
Q4j2zembxju11,1
9rlx52,1
The_magabombers_van,1
Vihkimisiin,1
Lentoliikenteen_paastokauppa,1
Selviäminenkin,1
Kurkkuvitamiineja,1
Ylärajanousee,1
Anastavan,1
Foliolompakkoa,1
Instagibissä,1
Mitalitavoite,1
Paperiankka,1
Kasvihuonekasviksien,1
Šiialaisilla,1
Kokolmien,1
Moothaq,1
Sahiheissa,1
Kommenttisasi,1
Tekninologisen,1
Mestarityön,1
Mictosoftilta,1
Npcdale,1
Kulutuspintaakaan,1
Sähkökirjamuodossa,1
9rcw6t,1
Varmuuskopio_fin_finnish_addition_to_easylist,1
Jammuismi,1
Erikoisidea,1
Höröhöhö,1
Huomasitki,1
Itsejulistamaa,1
Annatteisiin,1
Arkistointimediana,1
Arkistomatskukin,1
Kulttuurinjanoa,1
Tubesisällöstä,1
Jakelukanaville,1
Tyttökavereilla,1
Yliopistotuttuaan,1
Lihasrefleksimuisti,1
Ohjelmoiduksi,1
Käsikirjotelmiin,1
Npcsta,1
Ppi6wtcpljm,1
Rännärille,1
E8h7mjp,1
E8h7va3,1
Koirarumpu,1
Paranoidimmatkin,1
Monentuista,1
Pismuk4,1
Pubisa,1
Epävarmuuksiistaan,1
Punastumistaan,1
Aivopeseyttämään,1
Slodsym8yiq,1
Galego,1
Kielenmuutoksella,1
Kielenmuutoksen,1
Kuullostappas,1
Kaverillenne,1
Xu_9ucffhdi,1
Studionaurua,1
Ymmäryskykyrajoitteinen,1
Taikauskohin,1
Talvikasvihuoneilu,1
Viljelymenetelmästä,1
Talvikasvihuonevihannesten,1
Purupussi,1
Uskalletakkaa,1
Huipputrolli,1
Syyltäminen,1
Vaihtovuodelle,1
Höyrypääjuttuihin,1
Sovereignit,1
Freemanit,1
Rekisterikilvittä,1
Taipumuksenaan,1
Kieltolakipolitiikkaan,1
Tarinanaihetta,1
Kirjoittajakoulussa,1
Mafiaeliitti,1
Tulkitsemismahdottomia,1
Vaalianalysoinnista,1
9risu6,1
Ulos_nyt,1
9rja6f,1
Okei_okei,1
9rsyqv,1
Painovoimaaaltojen_havaitseminen_on,1
Rekisterikilpiskannerin,1
Hampurilaisindeksiä,1
Poikakalenterit,1
Fronttipuoli,1
Meemeilyineen,1
Purkkaspagettia,1
Jiiässällä,1
Clojurescriptiin,1
Webbidevaustalot,1
Legacysta,1
Jakautuisikin,1
Kryptoniitit,1
Supersankarigenrestä,1
Wis2l2nul,1
Kaukolukija,1
Räpsäytetään,1
Läpikulkeneilta,1
Ameri,1
Mulumballe,1
Nokitelleet,1
Ryssäbottihomma,1
Klikkisyötteilyn,1
Coltsin,1
Keskushyökkääjänä,1
Ebt0l8s3amq,1
Mökäöljy,1
Kotimaanpolitiikassa,1
Meemimukit,1
Kenttäkelpinen,1
Läppärityötä,1
Jqn_p8tlk6e,1
Monikulttuuripakotuksen,1
Dippikytkimet,1
595kg,1
Päästöprosentteihin,1
Kansanakin,1
Rebublikaanisenaattorit,1
Kännitupakoitsijana,1
Nykyhintakin,1
Hankkimiskustannuksineen,1
Pakastemämmi,1
Watersista,1
Mustalaisversiota,1
Syyttettyjä,1
Ostotietosi,1
Tietoaifista,1
Epäluottamuksessa,1
Istuinkulutukseksi,1
Ajokulutus,1
Istuinkulutus,1
Midtermien,1
Gannot,1
Bany,1
Sburgers,1
Debeufin,1
Heimoistumiseen,1
Sokeerasi,1
Heimoistumisen,1
Bonuskorttiarvailuissa,1
Koruliikkeidenryöstöissä,1
Riggeröinnit,1
Urheilutilanteissa,1
Musiikkitarrat,1
Lenkkeilytarrat,1
Värkänneenä,1
Unix_philosophy,1
Välivuottaitseään,1
Negampi,1
Suuripäästöisempää,1
Katolisenkaan,1
Uudestaankirjoittamaan,1
Loppulinkin,1
Blörsönärö,1
Talousenglanti,1
Kongressiedustajalta,1
Vastustajiinne,1
Koodannur,1
Kolkytneljä,1
321hp,1
Pistämiesi,1
Työtehtävinään,1
Suunaa,1
Baswaresta,1
Tweetistäni,1
Myyntiankan,1
Parrantamissen,1
Tuontiromani,1
1730kg,1
3250km,1
Kilpailummille,1
Lentomatkansa,1
Suorittaneellakin,1
Tietojenkäpistelijäksi,1
Kansikseen,1
Tietojenkäpistelyynkin,1
Koodausharrastuksesta,1
Sisältölä,1
Expressioneiden,1
Sponssattuakin,1
Supersankarigenre,1
Kevytsisältöistä,1
Rikosleffa,1
Supersankarointia,1
Supersankaritoimintaa,1
Superpahista,1
Sonista,1
Returnsin,1
Opintolainavelkani,1
Keinotekoisemmasta,1
Romanialaiskerjäläinen,1
Katumuusikkoja,1
Islamapologisti,1
Lisähynää,1
Selässsä,1
Vaihtokassallinen,1
Äktiönmäneillä,1
Hyötyautoiksi,1
Avolavojhen,1
Supersankariviihdettä,1
Kiinnostavammista,1
Tunnusluvustasi,1
Aikavyöhykekirjasto,1
Lakilarppauksia,1
Kommarihömpötystä,1
Lain_kumous,1
Puukkohippoisiin,1
Pikkukiskan,1
Soito,1
Liyi7tl,1
Purupussitkin,1
Hammaslekuria,1
Imutteluksi,1
Tuottaminaan,1
Amerikkamme,1
Ohjelmistöinsinöörille,1
Terveydenhuoltovakuutukset,1
Kommari_verot,1
Murresuunnasta,1
Kentinä,1
Nyanssierolla,1
Elokuvauniversumien,1
Bisnesvainunsa,1
Leffauniversumia,1
Leffakolmikkoon,1
Hanuristeille,1
Perusoikeuksa,1
Discrodia,1
Angelesissahan,1
Downtonissa,1
Kooderilla,1
Koodikaveri,1
Soldieria,1
Finaalijaksoista,1
Jenkkiperhe,1
Ohjelmoinnissahan,1
Huumorihetkiä,1
Teinineitiäänellä,1
Supersankarimarkkinoille,1
Kaiverrettunakin,1
Esikäsittelee,1
Suomimarkkinat,1
Grossnationalhappiness,1
Nettuautossa,1
Laivauskustannutkset,1
Kaiverruspäivänä,1
Harhaisempiakin,1
Suontyhjennysretoriikka,1
Kypäräkolahdusten,1
Kaivertamattomat,1
Nettivainukuonooni,1
Ignoranttiin,1
Rekkaiskusta,1
Tavanic,1
Farmaseuttikaverini,1
Litalgin,1
Siirtoromaani,1
Haitarinsoittaja,1
Työnsara,1
Hakeuvat,1
Sairasvakuutuskaan,1
Katukaupustelijalle,1
Välinnä,1
Klassikkokappaleita,1
Monikultuuriseen,1
Heimostuminen,1
Rokkimuusikoille,1
Orkesteritason,1
Kilikalimiehiä,1
Kiitospäiväkin,1
Nimistönhuollon,1
Pöhkölisukkeita,1
Maksutapavaiheeseen,1
Virtuaalivisalle,1
Lörölärä,1
Kellojensiirtelypelleilyn,1
Scroogella,1
Diipiks,1
Kdka,1
Alasvetokommenttiin,1
Tarkistutit,1
Yyhhbyäää,1
Kirjotelko,1
Eroanomuksia,1
Trollaustyyliisi,1
Pseudointellectual,1
Windedly,1
Whät,1
Performas,1
Speedtail,1
Responsive_1460w_scale,1
Mclaren_speedtail,1
Sffmirnl4ndesg69j7,1
N0adh1zzjq,1
Othowjz0,1
Chevyjä,1
Leukaöljy,1
Bonusvihjeenä,1
Kurpitsamausteseosta,1
Sometilikuvakaappauksia,1
Juutalaissalaliitosta,1
Lähimaksuetälukijarikollisia,1
Lähiuutiskanavaa,1
Glyseroliliemien,1
Kirkkoammuskelut,1
Conspiracy_theories_involving_jews,1
Patalaiskan,1
Nuottiöljy,1
20killed,1
Erikoistatukseen,1
Juutalaislapsen,1
Ryhmittäisesti,1
Wräpätty,1
Huippusairaalaan,1
Seitsemännenkin,1
Torinvasara,1
Kansakoulumäeltä,1
Koruverkko,1
Web_2202170_1303_d27,1
Vaihtojaksoa,1
Vingutussooloa,1
Vapottelukaan,1
Muukalaisvihamielisyydeltä,1
Maahanmuuttokriittisyydeltä,1
Lihapitoisempi,1
Kierraetyskeskuksesta,1
Taeysii,1
Kirpparivinyyliltae,1
Näkemästi,1
Ksenofoobisiksi,1
Uxxxmrw7ohy,1
Lppannu,1
Militantismin,1
Vasarastaan,1
Viitatturen,1
E3fcwhmnhjk,1
Alikoulutetun,1
Olonssa,1
Pikaveto,1
Kolutetumpaa,1
Salaliittojutuksi,1
Nousukausiko,1
Kustannustalo,1
Ubxy3c2oafa,1
Nykyteippivalikoimassa,1
Panoslippaan,1
Vesitiivistämiseen,1
Täsmätehtävä,1
Jesareista,1
Geneerisempien,1
Jesareiden,1
Eminaisuuksia,1
Vahaiseen,1
Liimatahmaa,1
Tahmajäljet,1
Liimoiltaan,1
Kurad,1
Lähinguväljal,1
Kuituosaltaan,1
Powertape,1
Tahmallaan,1
Powertapea,1
Liimaominaisuuksiltaan,1
Mattoteippiä,1
Kuituosa,1
Gaffateippi,1
Korttisuojien,1
Perusjutustelu,1
Värikoodaan,1
Suunittelijalla,1
Edistyksellisiäkin,1
Fullstackii,1
Alushousukokoelma,1
Saattokodeista,1
Robotiikkaohjelmoijana,1
Suunittelijana,1
Häpeämehu,1
Parhaallaan,1
Kvanttitietokoneelle,1
Köyhäinhuollosta,1
Käytäntöönoton,1
Sukkanukeissa,1
Mecheleniin,1
Hupsuihin,1
Webbidevausfirmoila,1
Rekrypyyntöjä,1
Rekrytädin,1
Sr15_chapter4,1
8hsdfz,1
Ilmatonlämpenemisen,1
Oocl,1
Oocl_hong_kong,1
Putipihdas,1
Worldsnews,1
Uskonpuhdistustansa,1
Weggen,1
Kuvattavina,1
Geertweggen,1
Meemilaatikko,1
Sananmukaisuutta,1
Ilmiselväti,1
Puuhallut,1
Soitinkoteloon,1
Vahinkoampumisia,1
62x39m,1
Väkivallantekouhin,1
Rynnäkkökiväärilläkin,1
Taktikooleihin,1
Omistajuusprosentilla,1
Aserikollisuuteen,1
Automaattisuudella,1
Perustusrumban,1
Preciis,1
Ohjelmoijakavereille,1
Pyllähdystä,1
Egiiaw,1
Tännäämieopin,1
Ammuskeluväline,1
Ammuskelukulttuuri,1
Erlainen,1
Röökikset,1
Toksisimpaan,1
Rk7,1
Ratapäivistä,1
Amismakelta,1
Kingdom_come_,1
Turvallisuusallalla,1
Vouhottojat,1
Punalakki,1
Kleptokraateille,1
Harmaapapukaijojen,1
Gondolaksi,1
Kukalielle,1
Yleiskielemme,1
Propagandankampanjan,1
Lohimureke,1
Selaintekniikat,1
Webbikehityksessä,1
Noituudelta,1
Luokkaerottautumista,1
Vaihtarijaksoja,1
Elolliseksi,1
Haarniskaksi,1
Kouluttautuneisuuden,1
G9wibvr,1
209s1fch,1
Aamukahaveja,1
Unstudied,1
Etälukijarosvoja,1
Ansaitsisikohan,1
Huomaamatontakaan,1
Komikympisinä,1
Noppamääristä,1
Socialdemokraterna_,1
Täystyöllisyyksineen,1
Mökkinaapurikin,1
Erikoislisensit,1
Lentokieltolista,1
Hereetikko,1
Karikatyyrihahmon,1
Helskotta,1
Paistinastia,1
Itetekemiä,1
Hyvinsäilyvää,1
Ultrakevyitä,1
Kirkkaanoransseja,1
Avaruuskankaita,1
Tunturitelttoja,1
Tunturihiihtoja,1
Kuivamuonista,1
Retkiaterioita,1
Tiskaamistakin,1
Varustelista,1
Lapinvaellusta,1
U0lye7u,1
Kierrätyskeskuses,1
Väiteltävvää,1
Pohjoisuudesta,1
Alaiköisten,1
Fiskalkemi,1
Adventage,1
Discrase,1
Supervisers,1
Ihmistaaperon,1
Aukipyörittelystä,1
Aloksi,1
Rwv6byuxa,1
Riippumattoilun,1
Moniuskonnollisuutta,1
Tallustamista,1
Retkimuonapussit,1
Pikapuuropussit,1
Kamamäärä,1
Rinkaksi,1
Halpisrinkka,1
Tupavaelluksen,1
Päivänmatkoja,1
Lukiolaistyyliset,1
Coplinille,1
Huippuintellektuellit,1
Kielimuodossa,1
Lynkkauskampanjoita,1
Kauplautumistani,1
Muodostumistahti,1
Tragedialangoissa,1
Tattadadaa,1
S_views_on_scottish_independence,1
Quimby,1
Uskointoina,1
Pronoministä,1
Iframea,1
Käskimäärin,1
Negatiivisemmille,1
Bargh,1
Muureinen,1
Tasaveroisuudesta,1
Nälkälaaksoista,1
Teollisuuskunta,1
Koettelemuksiin,1
Tällais,1
Hiddentribes,1
Republikaanipresidentistä,1
Liiotteluille,1
Janey,1
Worldistooblue,1
Tooka,1
Kooka,1
Suoatakoon,1
Poliitiikojen,1
Nartseilla,1
9rllgm,1
God_is_already_getting_ready_to_destroy_the_world,1
Vaeltamiskokemuksella,1
Fiskal,1
Alkemi,1
Sosiaalipsykolgia,1
Psykohistoriaa,1
Sidepoint,1
Erikoisosaamisena,1
Hupilukemiseksi,1
Lyhyeinä,1
Eppanja,1
Resepterna,1
Salmonsåppa,1
Tanssikoreografiasta,1
Ohjelmakonseptissa,1
6d5utj6,1
Leffaakaa,1
Vehkaamisen,1
Identiteetti_,1
Oma_identiteetti_vai_omaksuttu_identiteetti,1
Paskakadut,1
Kritisoineesta,1
Äitiyspakkauksessakin,1
Taiteltuakin,1
Tänäpän,1
Kansankiihotuslakeihin,1
Tupakointituotteiden,1
Hutiloinniksi,1
0qg9pznji_k,1
Arcadi,1
Volodos,1
Versioinsa,1
365klubi,1
Lainauspalvelu,1
Partiolippukunnilta,1
Kidsismin,1
Ilmaisutaidonlukio,1
Kriteerejänsä,1
Vartijajampat,1
Vihapuhetulkinnoilla,1
Väörinkäytön,1
Robotiikkasoluja,1
Tehdasympäristöön,1
Anslutning,1
Korporaatioviestintä,1
Squonk,1
Makuaineina,1
Elintarvikeaineita,1
Suomensomaleilta,1
Pisteteet,1
Pinkkihatut,1
Vakavastiotettavine,1
Känslan,1
Klickat,1
Nepaalillakin,1
9rxyeh,1
Luigi_finds_out_about_apu,1
Yritysintressit,1
Epäsuosituimmalla,1
Lawiin,1
Paripyöräpickuppi,1
Dokumentaristina,1
Työstäkieltäytyjäliittoa,1
Tarioitan,1
Kulttuurishockin,1
Inadmissable,1
Pääsiäsenä,1
Heimostumiseen,1
Timebusinessblog,1
Hv901_welfar_g_20150413121700,1
Katkisruikutusta,1
Novgorodi,1
Ahnedi,1
Grammailee,1
Vähtätuloinen,1
Zgzveqbvkp8,1
Jumalanpilkkalakinsa,1
Esiintulleet,1
Typerimistä,1
Valtaosiin,1
Maailmankuuluista,1
Huppuyliopistot,1
Roskakorkeakouluja,1
Päväkirja,1
Kansalaiskestelua,1
Paremmuusjärjestykset,1
Kirkostaaampujasta,1
Päiväkotiampujasta,1
Konserttiampujsta,1
Maailmaavääristelevä,1
Telkkarissia,1
Murrekohtainen,1
Tilivelvollisuuksistaan,1
S8dukmc,1
Belgialaismoskeijat,1
Belgialaisviranomaiset,1
Saudimoskeijan,1
Belgialaiskaupunginosa,1
Vihakysymystä,1
Harām,1
Üterin,1
Ralphin,1
Barneyn,1
Tilivelvollisen,1
Kiteyttämisen,1
Puolueidentiteetistä,1
Murtautuvaa,1
Ector,1
Etnisyydetkään,1
Ls068982220,1
Andreborges,1
Wkd1lnmf2zw,1
Kauppaukeskus,1
Moskeijjat,1
Välienslevittelynä,1
Luotujensa,1
Luotunsa,1
Satelliittipuhelinta,1
Sylkyn,1
Koodauslankoja,1
Aserekistereitä,1
Esvac,1
2014_en,1
Antibiottiresistenssien,1
Teurastusvaroaikojen,1
Noudattamattajäämisellä,1
20180618ipr06039,1
Överisubjektiivisessa,1
Kouluteurastuksessa,1
Meloneena,1
Vaellusharrastusta,1
Tuvilta,1
Lohitetaan,1
Hyvälttä,1
Kesätelttoja,1
Eräjormiin,1
Jokkoammuskelun,1
Antibioottiongelmaa,1
Arvoyhteiskunta,1
Alaäänipommitetaan,1
Aivojumpannut,1
5sf61bt,1
Ridogin,1
L1djeqoknkg,1
E_ykzucblka,1
Taikakangas,1
Iskupartio,1
Dunblanen,1
Dunblane_massacre,1
Criticism_of_the_authorities,1
Väitteineni,1
Maksettiinkohan,1
Asuallisena,1
Pinkkihattukommenttiin,1
Countryksi,1
Asuntovaunurahvaaksi,1
Keuksiin,1
Jenkkianalyyseissäkään,1
Ocasio2018,1
Verikontaki,1
Mrsata,1
Moetoerheaediae,1
Vaellusseuran,1
2ahukewiz3uyaykneahukkiwkhbtmdqsqfjaaegqicrac,1
2f1773,1
2ffarm,1
Aovvaw2boskoolng0crpidd07fhq,1
Hiilipäästötaakasta,1
Klasariopiskelijoita,1
Miähessä,1
Roudariteipeissä,1
Ammattijesseteipeissä,1
Sitrusöljyllä,1
Liimamähniä,1
Motörpenis,1
Visiothan,1
Hahhha,1
Cncsnwb,1
Osavatioiden,1
Taistemuuhelikoptereita,1
Italianpatapussit,1
Suoijalla,1
Puunkuoresta,1
Diggedy,1
Suomalaisopistot,1
Kokonaimäärän,1
Taipuneilla,1
Uunikuhaa,1
Lohiruokalajin,1
Ylttikö,1
Etcor,1
Yksityisomistajiksi,1
Endowmentfiles,1
E71088cdc05c76fca30072da109f91bbc10b0290,1
Heimoistuminen,1
Ulkoperää,1
Aikakonemurhat,1
Kokonaismäärästään,1
Suomalaisyliopisto,1
Yhdysvaltalaisyliopistoista,1
Guihessu,1
Tukijoukkona,1
Stereotypisillä,1
Hjehheheh,1
Tkkcc6d0,1
Tutkimusräpeltelyä,1
Wjla,1
Muulihakoptereita,1
Cityvaeltajatyyliin,1
Oott,1
Festariteltallakin,1
Kissanruokapusseissa,1
Nuudelithan,1
Koostas,1
Päiväsafkat,1
Päivämarssin,1
Kotiseuturakkauen,1
Rintakuvasi,1
Vedenpitävyyskin,1
Festariponchoa,1
Budjettivermeet,1
Ylijäämähousuja,1
Priimavermeet,1
Reissullekin,1
Omistuspohjansa,1
Dumbfuckistan,1
9s4axn,1
Number_of_top_500_universities_in_europe_by,1
Jakeluosuudet,1
Mechelenin,1
Karmeammilla,1
Liimatahmojen,1
Teippiliimat,1
Colt_canada_c7_rifle,1
Skottilaisessa,1
Suomalaisvainojen,1
Kukistamissuunnitelmaan,1
Williestä,1
Remonteeraamista,1
Abolish_ice,1
Varteenotettavuutta,1
Member_states_of_the_league_of_nations,1
Selviytymiskeinoa,1
Autoevoluutio,1
Vihaideologiakätyriä,1
Ilmastonmuutostalkoista,1
Kommunismivainojen,1
Syöksevällä,1
Hirmuliskolla,1
Balttilaisessa,1
Lainakerrostumassa,1
Antibiooteistaan,1
Namimatskua,1
Asemoiva,1
Sosiaaliperusteisten,1
Progressioluokka,1
Lihaboikottia,1
Kuulosena,1
Korkeampiä,1
Haitaripiipertäjät,1
Sianlanta,1
Bakteeripommi,1
Ulkoministerinkin,1
Luokkavihollisesta,1
Kahviporoja,1
Vätystelen,1
Juustossani,1
Valkosibalipatonki,1
Beyxeka,1
Yliopistorankingitkin,1
Otoksellahan,1
Top1000,1
Toisarvoisilta,1
Opiskelijaelämänvaiheen,1
Wäinöä,1
Vitsintynkiä,1
Jäähylogin,1
Pitkäaikaiskäyttäjä,1
Numeroissakaan,1
Polina_zhemchuzhina,1
Μolotov,1
Zhemchuzhina,1
Granovsky,1
Animereferenssiä,1
Arwu2018,1
Profylaktisesti,1
Teuraskypsäksi,1
Tilateurastettu,1
Tarkastusleimat,1
Ählämrukoukset,1
Riiputtamatonta,1
Tilasavustamolta,1
Ammattitautihan,1
Pidätysvaikeudet,1
Nastahampaan,1
Vakuutusyhtiönlääkäreiden,1
Mittariensa,1
Espinosaan,1
Spellmanille,1
Mbamin,1
Savitaululla,1
Islamisaatiolla,1
Lääkkeitäki,1
Klikkailisikin,1
38ddd4db,1
28sireenit,1
20soivat,1
Odotteleman,1
Löydetuksi,1
Länsirannikoa,1
Mxvii,1
Jekkeihin,1
Jäähylogi,1
Vastaanpistoille,1
Mopojonnepäivistäni,1
Mopopojaksi,1
Teräsalkemistin,1
Eläkeläispommiin,1
Irkkutalkkari,1
Uskontohuuhattelija,1
Ilmastonmuutosahdistuksesta,1
Viitemaksua,1
Opintolainajärjestelyt,1
Kutsuisia,1
Verovapauksissa,1
Metsätieteissä,1
Ilmastoausterityä,1
Välittämättömissä,1
Elintasotoivekehyksessä,1
Asteroidilouhintaan,1
Hirrenharmaassa,1
Leutotalvessa,1
Ykköspetturiksi,1
Liipasoitui,1
Hörhöporukalleen,1
Suojakammiona,1
Sertifoinnit,1
Rummuttamiselta,1
Spellmanista,1
Ilmastoausterity,1
9ow57i,1
B6n_kuva_tavallisista_suomalaispojista,1
Virusturvaksi,1
Pienkerrostaloaluetta,1
Kunnossapitoremontit,1
Purkamiskustannukset,1
Perehtyiset,1
Stalinistifanitusta,1
Tusinajengiä,1
Haudatakaan,1
Känniölyämisosasto,1
Jätkäsaarelaisten,1
Lihajuttua,1
Kippistämisen,1
Akuuttitila,1
Balsonaron,1
Handlesi,1
Sähköpostipalvelimilla,1
Käyttäjäprofiilina,1
Hostipalvelusysteemi,1
Massahostiserverin,1
Hostiryhmään,1
Joinasit,1
Nikkinimesi,1
Muotitietoisille,1
Työväenluokkaisella,1
Tukinumeron,1
Ruuanlaittotavaraa,1
Tulivärkit,1
Paskatiedostoja,1
Defenderikään,1
Sandboxiessa,1
Käyttäjätunnusvaihdoksistaan,1
Ucboyq,1
_iiy5hhf01pvgv,1
Ucboyq_iiy5hhf01pvgv,1
Toteutettuinakaan,1
Ibmän,1
Openshiftiin,1
Ibmästä,1
Dusnt,1
Hiilineutraliksi,1
Hengauspaikkoja,1
Läheisyydessähän,1
Leikkikerhoon,1
Finnvapekin,1
Pinochetissä,1
Varpaankynsiensä,1
Ikäkaudelle,1
Yhteispistevalinnasta,1
Ylioppilaskoekaan,1
Hirvistyttää,1
Afäärejä,1
Rappioporukan,1
Elementtitaloon,1
Marmoriseinät,1
Kunnostelua,1
Neekereily,1
Täyspalvelun,1
Antibioottiongelma,1
Lukuinnolla,1
Päteväänkin,1
Perusklassisseen,1
Freudilais,1
Innoittuneeseen,1
Populaarilehti,1
Huuhaaklusteriin,1
Kehitttymiselle,1
Mopopojittelet,1
Loukkaudut,1
Nuoruusvuosiesi,1
Löytivätkö,1
Jäädyitkö,1
Puheenjohtajakokemuksensa,1
Sairausalan,1
Geopökäleessä,1
Sheems,1
Dhat,1
Dje,1
Adverter,1
Kypäräpappiosasto,1
Nuorimiehellä,1
Työstressikään,1
Pyhytään,1
Kuriirilähetyksiä,1
Jakelevassa,1
On3ngug,1
Personoituminen,1
Silvaan,1
Marionetiltahan,1
Animaatiosarjalle,1
Tarkoituksikaan,1
Holokaustikieltäjät,1
Geocacher,1
Turvaverkoissakaan,1
Suhdedraamat,1
Nillityksistä,1
Puoliväleissäkin,1
Kuittauskäytäntöjä,1
Kokonaisa,1
Käyttöjärjestelmiäkin,1
Budjettiyllätyksen,1
Debianille,1
Linuxforce,1
Linuxbox,1
Freexian,1
Täyspäiväsenkin,1
Jollasia,1
Conffitiedostot,1
Riippuvuusjutut,1
Osoitteisiini,1
Kaupunkiosoitteisiin,1
A4_kaverukset_kehottavat_ihmisi,1
A4_menem,1
Mystiikkaviihteen,1
Avgasrör,1
Vahdokseen,1
Shuttleworthin,1
Ilmastovideoon,1
Vakaavaraisin,1
Illmuosiin,1
9frontia,1
9frontin,1
Liittykköhän,1
Buffaamaankaan,1
Kansanmurhatoimintaansa,1
Eufemismeihin,1
Alueillekin,1
A8485656,1
Dutertelta,1
Varastointimaksua,1
Projektivetoisuuden,1
Ixsystems,1
Harratelijoilta,1
Järestelmää,1
Alkukotimaakuntani,1
Kielipalvelunsa,1
Valtapolitiikalta,1
Einsteins,1
Freebsdfoundation,1
Jan_koum,1
Rekiströidy,1
Geokätköilyhommaan,1
Huoltotarvemerkinnän,1
Kätköttäjälle,1
8fvtxv46ano,1
Äveryydellään,1
Ääälkää,1
Nykkiläiset,1
Tasakiloisilla,1
Mangoilla,1
Hännänheilutuksia,1
Yhteisöviestintänne,1
Paivakirjat,1
Paikallispäällikköä,1
Kommendantti,1
Päväkirjassa,1
Megele,1
Arvutimängur,1
Kitkuteltu,1
Tiikerikani,1
Taruina,1
Dokumentoineen,1
Solonilta,1
Suunnistusradan,1
9sbfzf,1
Saako_maanomistaja_heitt,1
A4_geok,1
B6n_pois,1
E8nmmwf,1
Peräyskä,1
Kommunistikätyrit,1
Alkoholisointunut,1
Vastusjien,1
Postituksena,1
Spurreilla,1
Troijakin,1
Sopimusrikkojiin,1
Saktiota,1
Valtioliseen,1
Maantieellisistä,1
Maanviljelystoiminnasta,1
Fq2jmrz_xgu,1
Maljakoiden,1
Serenaadia,1
Götterfunken,1
Betreten,1
Feuertrunken,1
Himmlische,1
Heiligtum,1
Halaxin,1
Ihmisoikeuspuolesta,1
Kyöhemmissä,1
Kalastusvälineisiin,1
Oikeistohöpsöjen,1
Hyvesignalointigeneraattoriksi,1
Trackingboard,1
T_w780,1
Froala,1
32cdcb60,1
Kasaridiscon,1
Palvelutiheys,1
Byrokratiapäällikkö,1
Fajn4ohjegw,1
Yffm9odocno,1
D8pnk0of31c01,1
Minolaisessa,1
Tieteellisempiin,1
Liippaakohan,1
Kukas_siellä_suihkutiloissa_kyylääkään,1
Kukas_siell,1
A4_suihkutiloissa_kyyl,1
Jalkasilsalta,1
Videosensuroijaa,1
Videosensuurilailla,1
Sähköpippelinen,1
Arvausmanguuri,1
Betonirakenteista,1
Suuntautumispolku,1
Taskumattitalot,1
Armeijatasoisiin,1
Ruutiaseesta,1
Tuhovaikutukseltaan,1
Firaxiksella,1
Vastaanottajakuntaan,1
Vastakommenteilla,1
Équipes,1
Eutanisoinnin,1
Tuhoamispuolesta,1
Vakioaiheista,1
Diktaattorifantasioihin,1
Näköetäisyydessä,1
Holkkumaan,1
Hallinnanoikeutta,1
Pihapiirikseen,1
Pihapiirikäytössä,1
Kätkikö,1
Badgerbadger,1
Nl6cdfn2i3i,1
Rässit,1
Klenssit,1
Stinssit,1
Pledjut,1
Uusimaallakaan,1
Äärilaitoina,1
Lueteltiinkin,1
Neuvostomiehittäjät,1
Baltialaskätyreitä,1
Kiehtoviksi,1
Eloonjäämismahdollisuudet,1
Kirjalyhyesti,1
Norilevyillä,1
Otsitko,1
C4e98caef7ee,1
Puhuinkun,1
Palvelindistroista,1
Kätköhän,1
Bitumisivelyn,1
Kosteuseristeenä,1
Sivelyllä,1
Kosteusjälkia,1
Annukkaansa,1
Semikyykyssä,1
Perähygieniasta,1
Täyttösepelin,1
Kalastaneiden,1
Tehdaslaivat,1
Piilottajaan,1
Apokalypsinhevosmies,1
Liittopäivävaaleissa,1
Pääsykoeammattilainen,1
Hunajakennokuvion,1
Poispurettuun,1
3o6mbsyidmx7kaygw4,1
Työhönpakotusta,1
Vähäduunisin,1
Vakaumuksentutkintalautakunnan,1
Märkätilahan,1
Ihmeelisyys,1
Punavuorelta,1
Testiympäristönä,1
Rheliin,1
Geokätkölle,1
Kätköntekijän,1
Voimattomat,1
Korkeakoulutetumpia,1
Alapohjatila,1
Digilehtitilausta,1
Oppositiolehden,1
Rajoitussopimuksista,1
Bustaillaan,1
Kriisinhallintaveteraaneja,1
Kriisinhallitsijana,1
Paijannu,1
Kriisinhalitsijat,1
Kriisinhallitsija,1
Esvaimf,1
E7r43,1
Suseen,1
Aissaatttana,1
Tuotantoservereistäkin,1
Jonneilija,1
Aviran,1
Emojulkaisu,1
Globalisaatiokritiikki,1
Srjaa,1
Otsikkotestaukselta,1
Federöitu,1
Federöinti,1
Koodareitä,1
Federöinnin,1
Spurdomeemit,1
Manningface,1
Vitsihahmorooleja,1
Rassimissi,1
Lihaboikotteja,1
Massahostiaccountien,1
Punasiksikkö,1
Rööhkistä,1
Lihaboikkotteja,1
2l88ao,1
Lasivuoria,1
Ennakkotoiminnalla,1
Uusimaalaisissa,1
Äänestettty,1
Favelojen,1
Balsonaro,1
Nuorisokannatusmittaukset,1
Eurooppanuorilla,1
Tarkasteluryhmä,1
Vajaaihanteellisilla,1
_ujj19t0,1
Halattuani,1
Normalisointikampanja,1
Liberaalikansainvälisyyttä,1
Vivahdein,1
Kääntäjänne,1
Redneckkiä,1
Hilbillyä,1
Tiotosanakirjan,1
Redneckiksi,1
Trendialueiden,1
Luksusalueiksi,1
Tunkkaisemmalta,1
Privaatimmin,1
H3ymnv6fo9s,1
Geokätkönkin,1
Hyvävelibusinesskorruptoitunutta,1
Konservatiivikokoomusta,1
Liberaalikokoomusta,1
Kansanomaisemmaksi,1
Typakoitsijoita,1
Bumblebee_man,1
Wiggumiin,1
Ralph_wiggum,1
Pukupelleistä,1
Asialafka,1
Ajopakko,1
Avuntantajan,1
Avunantaminen,1
Ihemetellyt,1
Tupakkateollisuudessakin,1
Hipsterikahvilassa,1
Spessukahvin,1
Uraaliväestöön,1
Kanssaeurooppalaisiakin,1
Vihaviestiensä,1
120days,1
Longtermthinking,1
Bisnesriskiä,1
Paijailee,1
Servukokonpanoilla,1
Maintainerit,1
Containerien,1
Lxc,1
Debianillakin,1
Lxd,1
Trolltechita,1
Eriarvoisemmaksi,1
Kalifornialaismiljardöörejä,1
Lisäkatsojan,1
Halunneeko,1
Ilmastorikkurit,1
Ansiblelle,1
Versiostahan,1
Sulkisivatkin,1
Ääriuskonnollisena,1
Acima,1
Afghanistanilaisilla,1
Homokakkukohun,1
Yrityksiltähän,1
Epätietosuus,1
Voiteluvaiheen,1
Flandersille,1
Lovejoylle,1
Intiimikarvoituksen,1
2012pubs,1
Erillishakaristinä,1
Ajopuuhakaristi,1
Ujumisbasseinis,1
Igasugune,1
Juuste,1
Väljalangemise,1
Nettiyrityksistä,1
Nukkemaista,1
Varjomiehiä,1
Ypalista,1
Vihapuheina,1
Applevirman,1
Pyorailyrullat,1
Suurjänniteisiä,1
Satavakka,1
Pienkuluttajakäyttöpaikkoja,1
Suhteuttetu,1
Kätkörasiaan,1
Holvialahan,1
Torilaudulla,1
Lapsilaumalle,1
Putkenpuhdistajaa,1
Deplatformingina,1
Gabille,1
Internetiään,1
Uusnatsisivustolle,1
Dollarinvihreään,1
Viestinvälittäjiä,1
Toimijoit,1
Sekopääterroristista,1
Nollabenefitti,1
Amazon2,1
Paypal2,1
Hhhhhhhhehheh,1
Gds2017,1
Sylttytehtailla,1
Mediaylivoiman,1
Petetyksikin,1
4_idhcca2xm,1
Häiriintyneisyydeksi,1
Pelitkortit,1
Hostatkaa,1
Laukaistuu,1
Tonavaasi,1
Konttausmatkan,1
Talvinopeusrajoutus,1
Algoritmistään,1
Toisetta,1
Ravitsemusterapeutiksi,1
Pidetääks,1
Terrorism_in_finland,1
Huumekauppaaa,1
Propelliäiti,1
8mjrue,1
Lady_shaves_legs_in_hotel_pool,1
Syvävaltiokoneisto,1
Perässäajajia,1
Kyhnytä,1
Rukoilemattomuus,1
Postailujani,1
Vetkuttimen,1
Muovipussitaistelua,1
Homokakun,1
Rääkide,1
Merah,1
Nemmouche,1
Tilkkarifima,1
Hilpatipuppaa,1
Hutelitsihuu,1
Motoriilla,1
Perästäni,1
Hätäsii,1
Problematiikkana,1
L2p25,1
Snackfacts,1
Kysylleyt,1
Kateltuani,1
Perverssejen,1
Perverssihommaan,1
Homomarssit,1
Trumppibiileistä,1
Hiekkajuoksu,1
Lentohiekka,1
Kummunkin,1
Musliminaapurista,1
Naapuussovittelijasta,1
Naapuruussovittelijan,1
Harkistusta,1
Sytkärileikit,1
Mistäân,1
Pimittämille,1
Asiallaat,1
Vähäkarvainen,1
Hammasvälin,1
Puhistukseen,1
Flossaattiin,1
L2p48,1
Lähdeviitteistetty,1
Tiekäyttäjille,1
Poliisiajoneuvolla,1
Autokameralle,1
Arusaadav,1
Korvausvelvollisuuus,1
Esiintymisharjoittelu,1
Ek_paras,1
Suomi_31,1
Lisaamiseksi_ek_kommentit_29,1
Laadukkaammissakin,1
Läsnäolemalla,1
Toteutustatavaltaan,1
Diasporasta,1
Hesarimaisen,1
Ristiäislahjaksi,1
Kertoneetkaan,1
Mugabismia,1
Konseptoidaan,1
Maassamuuttoa,1
Kulttuuripalveluille,1
Lempitrendiruokaa,1
Harrastussetelimalli,1
Muuntokoulutukselle,1
Yhtiötyyppien,1
Puolitoistavuotiaaseen,1
Vanhempainrahakausi,1
Yhteisöveroaan,1
Optioetua,1
Säädösvaltaa,1
Johdetuille,1
Liikenneratkaisuin,1
Kasviviljelyn,1
Akkustrategia,1
Kerrosviljelyn,1
Maakuntaidentiteetistä,1
Maakuntaviiri,1
Maakuntaidentiteetillä,1
M9bla,1
Terroristiiskuihin,1
Äiteessäs,1
Lahotaan,1
Tutkimusmatkaa,1
Eikäytetty,1
Potkineista,1
Hostifirmallekkin,1
Oppialalla,1
Enostasi,1
Etupihaansa,1
Painepesuroi,1
Yhteydentarjoajille,1
B6ilyss,1
Lieveilmi,1
Spreedly,1
Yhteydentarjoajalla,1
Depeerattu,1
Karvojahan,1
Persemättäästä,1
Datacentermap,1
Pöhinäpäälliköksi,1
Webille,1
Haastatteluhetkeen,1
Kristsllipallosta,1
Julkisuuden_henkilö,1
Piirustelijan,1
Ruopaamaan,1
Yhdyntäsuostumuksen,1
Ulkolaisporukan,1
Viidakkoveitseillä,1
Juntaa,1
Öötöötöööö,1
Lentoliikennekeskus,1
Hämympiäkin,1
Urheiluapplikaatiossa,1
Huudisd,1
Vanhapäätä,1
Alapuolellle,1
Revittäisin,1
Blankosti,1
Ransut_irl,1
Jäljittelijää,1
Kummallisemmiksi,1
Skybasen,1
Omistaneesta,1
Aktiebolagista,1
Tubetuskurssi,1
Improvisaatiokurssiksi,1
Rk199e649cnl,1
Räkkiluku,1
Blade_server,1
Samantehoista,1
Sähkökulutusrajat,1
Jäähdytysvaatimukset,1
Paristovarmennuksen,1
Johtajamaku,1
Jäänneiden,1
Monikäyttöpussihyveliputtajat,1
Kestomuovi,1
Heidisbierbar,1
Henkilöönmenemistä,1
Kotipalvelimeksi,1
Epäkunto,1
Rekisteriviranomainen,1
Rodunjalostuksellisesti,1
Folioooo,1
Webbikyselyistä,1
Lakimiehitetty,1
Peruskanaviin,1
Taitettavuudestaan,1
Turveverkkoa,1
Salaisimmissa,1
Yllätyskirjan,1
Valtiohenkilöistä,1
Viereste,1
Pissiksetkin,1
Downeihinkin,1
Downeistakin,1
Lomasijaisuuksia,1
Oottamista,1
Valtiovoiman,1
Muovipoli,1
Ymparistoviranomaisten,1
Ostoskassivaihtoehto,1
Hippialoilta,1
Tarkoitukshakuista,1
Jaicom,1
Korjaantuuhan,1
Painopistealueekseen,1
Painopistealueeseen,1
Hormoonihoidolla,1
Kumipallotkin,1
Kiihdyttävänsä,1
Ohituskaistakin,1
Bimmerinsä,1
Liberalisoijana,1
E81p4o0,1
Muutnkin,1
Viihdytyn,1
Myyntipakkauksiin,1
Asentamattomana,1
Syndeoomalle,1
Etsijöillä,1
Tuotantoaikaan,1
Apukeinonsa,1
Lähihoitajaopiskelijoista,1
Yhteystietojansa,1
Pöllityjen,1
Pukeutumistaidot,1
Lääkehoidonkokeesta,1
Antiaborttiretoriikkaa,1
Sääntösaivarteluun,1
Sivutuuotteena,1
Um0vpzr,1
Pakkoduunit,1
Dementiaosasto,1
Tukiyksiköt,1
Sovelluskokeet,1
Viemäröidystä,1
Ympäristöitsemurha,1
Sukulaistytöt,1
Kikykepu,1
Yhtäläisyksiä,1
Loppuunkoluttu,1
Raflatac,1
Muistakkseni,1
Paatokselliseksi,1
Lebonk,1
Egella,1
Ulkoisvaikutuksis,1
Geeniseulonnan,1
Lääkehoidonkokeessa,1
Miehentapainen,1
Lähimaksupaikkaan,1
Pripyattissa,1
Ingalinnan,1
Saksankieliseltä,1
Ilmastoideologian,1
Ammatillisuudella,1
Räkälämpää,1
Swengissä,1
Tönäistäänpä,1
Kotiruutu,1
Rahotuksenhakukierros,1
Massateini,1
Pubimaisempi,1
Yökerhoskene,1
Varusmiespalv,1
Ihmisoliot,1
Kuvailemilleni,1
Syyllistämiseni,1
9sh19r,1
Konsta_punkka_squirrel_whisperer_artist_profile,1
Koulutusajoilla,1
Pokeriautomaattiin,1
Metrirajat,1
Politiikkaviikon,1
Käytöstaidot,1
Äkkisektään,1
Ruokaroskat,1
Totuusteoriaan,1
Verrattiinpa,1
Tiedustelunjohdon,1
Esipuheiden,1
Perustyytyväisiksi,1
Horisointin,1
Kuvauskulmilla,1
Uupumattomien,1
Muksuksi,1
Lähimaksupaikalle,1
Doctionary,1
Konesalille,1
Teoriaopetuksen,1
Teoriatietojen,1
Otsoonikatokin,1
Lentämisenkin,1
Kaikukatu,1
Yökerhokeskittymä,1
Sheivailijat,1
Kanssakylpijöiltä,1
Lähestyisitkin,1
Kuvasusta,1
Asiakasdatalla,1
Ziljonäärejä,1
Kuluttajaltahan,1
Pivoonsa,1
Veikkausbisneksen,1
Resortteja,1
Vartiointiyrityksenä,1
Ostoskäyttäytymiset,1
Adsensestä,1
Skynetiksi,1
Toivetuotetta,1
Lumipallomalliin,1
Hikikomerovaarassa,1
Varastotyömiehinä,1
21m4s,1
Teadmiseks,1
Kõrgemas,1
Sõjakoolis,1
Mitmetel,1
Salajastel,1
Reididel,1
Kinnitatud,1
Tapmise,1
Jalaväelane,1
Snaiper,1
Väe,1
Kooseisus,1
Sihtmärk,1
Kinnisilmi,1
Täpsusega,1
Hoolega,1
Tõesti,1
Sellist,1
Mõtle,1
Ambaal,1
Blääd,1
Kontakteeruda,1
Spiooni,1
Võrgustiga,1
Laiali,1
Niiet,1
Värdjas,1
Pühib,1
Sitaplekkigi,1
Ükskõik,1
Suudan,1
Hävitada,1
Seitsmesajal,1
Erineval,1
Viisil,1
Paljaste,1
Kätega,1
Käinud,1
Mmas,1
Relvade,1
Dutys,1
Alluvuses,1
Sõdalased,1
Veganid,1
Sinusugust,1
Väikst,1
Ebardit,1
Nahhuij,1
Pühkima,1
Teadnud,1
Nilbeid,1
Tagajärgi,1
Väikene,1
Munnihigist,1
Imbunud,1
Hoidnud,1
Teinud,1
Paskaak,1
Maksad,1
Türastanud,1
Täis,1
Niimodi,1
Upud,1
Surnud,1
Tatt,1
Pelikonerivit,1
Kolikkokoneen,1
Fringejuttu,1
Raiteeessa,1
Liberaalivajakki,1
Palveluntarjoajillehan,1
Koettelevien,1
Myrkyttäisimme,1
Tiinapalotie,1
Suunntelmista,1
Syrjätyneellä,1
Osttelee,1
Vajerilukko,1
Kanapulliksi,1
Kalapullissa,1
9smg6k,1
A4savossa_ja_kainuussa_yli_40_yli_16vuotiaista,1
Rötösputki,1
Rasismilisä,1
Raportointikiellot,1
Raiskaajajengistä,1
Livestreaminsä,1
Wlqumu4emta,1
11m37s,1
Foliopussiin,1
Kengättä,1
Jalkasyyliä,1
Foliopussia,1
Lähimaksamisominaisuutta,1
Perunavauvan,1
Ruokateknisesti,1
Lihapäällyste,1
Esiintymispaikkojen,1
Uhraamiskultin,1
Mainoskomboihin,1
Sarvikuonolajia,1
Yleisimpienkin,1
10qrqy,1
Lastenjärjestön,1
Lukutaitokuilun,1
Vaikutustekijä,1
Sensuurijutuissa,1
Bisnesriskistä,1
Mielikuvariskistä,1
Vaapukkamehuapa,1
Tietosuojakaytanto,1
Snfr2nh,1
Ekofasismit,1
A3flbcyi1cr11,1
Airindex,1
Aamupaskallaaa,1
Voisilmäpyöryköitä,1
Lajiteltuun,1
Huppistavaan,1
Vekkarien,1
Tuottavuuskilpailuun,1
Kansansadutkin,1
John_henry_,1
Kuntoutumishypytystä,1
Vihervasemmistokapinan,1
Ydinvoimalapaikkakunnalla,1
Istishhadista,1
Palkintovirkanne,1
Paskapostat,1
Polyuretaanivaahtotehtaat,1
Lounaspyörykkää,1
Lounaskäärylettä,1
Kehitysvammoilla,1
Ilmastoniksipirkan,1
Kirppistelevä,1
Ajatumista,1
Mammanpoikailulta,1
Jaetuuun,1
Rebulikaanit,1
Rutiina,1
Virastolimbossa,1
Mosen,1
Avaimenluovutuksen,1
Likeevässä,1
Tarinankerrontatapaa,1
Valtiopaatin,1
Tuontitulleihin,1
Asuntoyhtiöltäkin,1
Pantitettaisi,1
Kierrätysnäkökulmasta,1
Pittyneet,1
Kehoitaneet,1
Homoseksualiisuuden,1
Pelisaleiksi,1
Parantelisi,1
Geeniviat,1
Vikatikkejä,1
Dokumentaristista,1
Sekakiisselioksennusta,1
Editointityylin,1
Imitoijien,1
Studiokeskustelut,1
Nimeltämainisematon,1
Soumella,1
Pastakulmansa,1
Kenkäkeko,1
Choudaryä,1
Muhajouroun,1
A8589236,1
Erheeseeni,1
Muuttopäivältä,1
Harmaar,1
_autististista,1
Huutoa_,1
Ilammas,1
Fanidroidi,1
Vakuuvuokrasta,1
Kämmpiksen,1
Tuholaistorjuntafirmaan,1
Paluuviestissä,1
Tuholaistorjujakin,1
Lutikoista,1
Kuutosteiden,1
Hurjastelutien,1
Hazardiohituksen,1
Jabissa,1
Kiiltävänpuhtaasta,1
Lähtiestään,1
Sisäänmuuttaessaan,1
Vakuuvuokransa,1
Yöseuran,1
Syksyvaelluksille,1
Huslaamat,1
Nutut,1
Osiltansa,1
Vuokranpalautusta,1
Ludeongelmasta,1
Huopakynä,1
Ludeongelmaan,1
Japancentre,1
Nikuman,1
Ratikkalipulla,1
Motivoituneemmista,1
Ratikkakyydistä,1
Robositoitulta,1
Soitolta,1
Salemissa,1
Pränteistä,1
Sysätäkseen,1
Puheentuotannon,1
Roskanumero,1
Roomallekin,1
Hulluäijä,1
Siivousaineilla,1
Taustadadaa,1
Vastavirtaklubin,1
Pikkumerenrantamestoja,1
Papattamista,1
Sängynjäljistä,1
Lakihenkilöitetty,1
Täåmä,1
Monikulttuurisuushehkutus,1
Sisäänmuuttaja,1
Avaintenluovutussopimuksen,1
Nettituttavaani,1
Ludeongelmista,1
Alkoholipullojen,1
Seinänreunoille,1
Jälleenvuokraustoimintaa,1
Kertakäyttölakanoita,1
Luderumballa,1
Kaupusteluksi,1
Lihabul,1
Sähköistynee,1
Aasianmatkat,1
Rahoittamaton,1
Kivihiiöen,1
Päästöperusteiset,1
Ilmanlaatuongelmista,1
Lähteäviä,1
6xs9uggfq,1
6xs9mevpf,1
Riiiiiiiiiiiiiiiiiiiiiiiiiiiiiiiiiiiiiiiiiiiiiiiiiiiiiiiiii,1
Lanseerasaa,1
Kautelainen,1
Itäespoosta,1
Edistäävän,1
Kivääriyhdistykselle,1
Vrrän,1
Jumbosijasta,1
Kasvihuonekaasumäärän,1
Globalistikapitalistit,1
Elisa_lompakko,1
Toukopoukolle,1
Porthaniankatua,1
Separatistiryhmään,1
Ahwaz,1
Khūzestānin,1
Feit,1
Loukkaamattomuuten,1
Loukkaamattomiin,1
Indeksoimasta,1
Rangaistustaulukon,1
Osallistavaksi,1
Erilajisella,1
Ääniohjaustuote,1
Sisäänmuuttaessakaan,1
Kuvauksestakaan,1
Indeksiinkin,1
Bisnesriskeiksi,1
Siirtolaisketjussa,1
Kokonaisvalmiusasteesta,1
Huddersfield_child_sex_abuse_ring,1
Operation_doublet,1
Kuulloisia,1
Voimafantasioissaa,1
Binksjarofbinks,1
Tuplakoukkuun,1
Outsourcettu,1
Puhedatasta,1
Seesamtietä,1
Yyyyyyyyyyyyyyyyy,1
Bussikyytien,1
Linjatiheydestä,1
Talkkunajauhosäkkien,1
1v1_irl,1
Wwfllä,1
Tiikerinluisen,1
Koppakuoriaisongelma,1
Myrkytyksenkään,1
Täysmyrkytyksenkin,1
Ötökkätaloksi,1
Ötökkäongelma,1
Tuholaistorjuntahistorian,1
Verannollista,1
Arvokivitalon,1
Ludeasuntoon,1
Kalastuskoukkujahan,1
Otaniemeläisenä,1
Palloiltiin,1
Minihaastatteluihin,1
Viemärinousuja,1
Höyrytetyistä,1
Oppihistoriallisesti,1
Ordodoksiset,1
Kepu_irl,1
Lehdella,1
Roskapostiviestejä,1
Vastauslomakkeita,1
Puhelinnumeoissa,1
Kapselirotuilua,1
Maaltatulijoihin,1
Äärihipstereiksi,1
Viiksivahayrittäjä,1
Nahkakamaravalmiste,1
Iänkaikkinensa,1
Lunastaaksensa,1
Fagotto,1
Üüüüüüüüüüüüüüü,1
Rakuunoiden,1
Rakuunaeskadroona,1
Ptpgsbecwk4,1
_taulukko,1
_vyohykkeet,1
Kalastuskoukut,1
Hyivä,1
Hyppäreillä,1
Hoitajisihmisillä,1
Shampoopurkkeja,1
Pullonpalautusinfastruktuurissa,1
Hipiäsi,1
Meemihometauti,1
Meemisyöpä,1
Ympyröivällä,1
Täähn,1
Numeort,1
Contributaat,1
Osallistuessanne,1
Suojatyöläteille,1
Seutulipuissa,1
Vuosilipuissa,1
Autokefalisia,1
Valaskalat,1
Tammihiiri,1
A4vinneet_selk,1
A4rankaiset_vertebrata,1
Takapajuisemmassa,1
Uskonnollisemmassa,1
Pidetettäisiin,1
Homoilevia,1
Sheivarilla,1
Sansibarilla,1
_tanzania,1
Islam_in_tanzania,1
Häviäijiä,1
Nerffatkaa,1
Yritivat,1
Vastavasivat,1
Äännösten,1
Ananeakset,1
Poliisiyhteistyön,1
Einesvalmiste,1
A84bn,1
Magufulin,1
Asettautuneista,1
Iranilaisesti,1
Kannatettavaakin,1
Hallitukstakin,1
Viheliäisempiä,1
Meemimesoteliooma,1
Kännykkäkaudessa,1
Militaristeilta,1
Kierrätysmuovipullojahan,1
Tammihiirin,1
Pyöriäisten,1
Levinneisyysalueensa,1
Pohjoisrajoilla,1
Sinisammestakin,1
Taustayhteisot,1
Opiskelijajäjestöjen,1
Opiskelijavihamieliseksi,1
Säätiössään,1
Sympaattisiahan,1
Omaishoidettuina,1
Vqxmq5kzfbe,1
Maitopurnukkaa,1
Toimeenpanevaksi,1
Elintapaongelmien,1
Pyyteetöntäkään,1
Muuttokuormana,1
Eorold,1
Tilauskehotukseen,1
Soittojärjestelmällä,1
Herätetyssä,1
Harvestauksessa,1
Coloradot,1
Meemeilyjä,1
Kaupunkialireddittiin,1
Maileistakin,1
Vaalikamppiselle,1
Sensuuripalvelut,1
Saiteillaan,1
Mediapäivästä,1
Sijaisuudeksihan,1
Keppihevosuutisoinnilta,1
Tekoälyrobotista,1
Kaupunkiasukit,1
Y7glveyobu0,1
Pussukaan,1
Velvollisuudentunteella,1
Vouhkaajien,1
Ymmäärrys,1
Sijoituspalveluista,1
Hygs,1
Salakerhona,1
Perehdytykeessä,1
Siivoskeltiin,1
Siivouspyynnön,1
Pöhölle,1
Hypoteettien,1
Talkkunalettuja,1
Lastenlapsenlapsillekin,1
B01lwvw6kp,1
The_mind_illuminated_,1
_kuuden_kohdan_valmistautuminen,1
Kyrpiinnyttävään,1
Koulupsykologina,1
Suutavetistäviä,1
Salamiissa,1
Salamis_,1
Whopdidoo,1
Kuopiolaisäitiä,1
Emotionaalisina,1
Samaistumiskynnys,1
Hamstraamiseni,1
Persuksii,1
Ulvoomaan,1
Koirolanssi,1
Cripsrin,1
Toeutettavat,1
Mainostusrajoitteita,1
_pahentamasta_,1
Ilmaisutyylillään,1
Luovutusestot,1
Ruususessa,1
Huooookaus,1
List_of_israeli_assassinations,1
Ludemyrkkyä,1
Tuholaistorjujista,1
Naistutkimusaiheita,1
Talousfaktoilla,1
Veroton_myynti_suomessa_vieraileville_m2,1
Kannabispelottelu,1
Trekkaajien,1
Vuoristotautia,1
Münchenin_verilöyly,1
Operations_conducted_by_the_mossad,1
Kannabisuutisissa,1
Seitsemnthdenliike,1
Rtbc,1
Kannattajakortti_a6_v,1
Biletysbailaus,1
Heidisissä,1
Päivänvalos,1
Lachmann,1
Amfetamiinimaa,1
Vauhtinapit,1
Amfetamiinipitoisuuksissa,1
Kunnalisvaaleista,1
Ydinpommikokeita,1
Tukialuetoiminta,1
Kiusallisistakin,1
Tukialuetoiminnan,1
Itseriittoisiin,1
Serenityyn,1
Kodinkansiossa,1
Varapatteri,1
Masteroituna,1
Täytejaksot,1
16662277_303,1
Humanistitaustaisia,1
Koutusta,1
Ebv7uut_,1
Ogkyc0cq3ra,1
Kirkkokoulussa,1
Palovarotinpäivänä,1
Piipittäisi,1
Tyrkytysyrityksistä,1
Sähkökatkojakaan,1
Sisäänmuuttava,1
Estoihinkin,1
Työpenkkiekonomina,1
Puhelinmyyntipuljun,1
Matalatarkkuuksisia,1
Amsterdamille,1
Facebookmamma,1
Hätäkeskuspäivä,1
Simpsoneitakin,1
Vegaanidiettiä,1
Naistenvaatemerkki,1
Kernatulla,1
Lennettävistä,1
Työmatkoistakin,1
Tähtiketjupelaajan,1
Extraordinary_rendition,1
Tukiriippuvuuksiin,1
Koronkiskurin,1
Puhelinmyyntifirmaahan,1
Muovilaadulle,1
Uusiokäyttökohdetta,1
Jauhelihalaatikoista,1
Jauhelihalaatikoita,1
Ymmärretävistä,1
Bromattuja,1
Vientipalvelulla,1
Taksinkäyttöoikeuksia,1
Rouhinnalla,1
Puhallutusratsiasta,1
Köyhäintukeen,1
Tukikorotuksien,1
Lupailijoita,1
Holtittomuudella,1
Vuokrakuplaan,1
Kämppävakuutus,1
Lopakkoa,1
Refleksihoitoja,1
Sensomotorisesta,1
Äänihäiriöt,1
Auditiiviset,1
Mielenterveysäiriöt,1
Kolikkopeliriippuvaista,1
Saksalaisuuteen,1
Ydinarvoa,1
7b2f6fc95919_pi,1
Sbsta40,1
Ar5wgiii_tubiello_140606,1
Iaastdn,1
Eritellee,1
Meemeiarvonsa,1
Meniskös,1
Outi_alanko,1
Menettäneistähän,1
2014073118531910_uu,1
Verkostomarkkinointihuijaukset,1
Verkostohuijauksena,1
Verkostomarkkinointikultistit,1
Sivupalveluiden,1
Ravintoneuvonnan,1
Lajidiversiteetti,1
Eliöyhteisöä,1
Eliöyhteisö,1
Lajijoukko,1
Avainlajit,1
Avainlajina,1
Luottopelureita,1
Työläisyyttä,1
Koronkiskuroinnin,1
Anneettin,1
Läpitunkemaa,1
Karimeilta,1
Kaupparuhtinaat,1
Rahanlainaus,1
Valomaja,1
Fashionnetwork,1
Adbf,1
B98b,1
1fb5,1
02d9,1
762d,1
B4ac,1
4d4d,1
9d19,1
Vientimenettely,1
Luteitten,1
Metsiensuojelujärjestölle,1
Fmdmz9d,1
Pembientin,1
Kuonosarvia,1
Valmistusyrityksiä,1
Sarvikuononluun,1
Kysynnännousua,1
Sarvikuononluulle,1
Sarvikuononluuta,1
Pembienin,1
Jjtad_ty9tw,1
Avataans,1
Weedii,1
Vakuumimamerkkiä,1
Säilöntälaite,1
Ylilyövälle,1
Koomisemmin,1
Diileriverkot,1
4db6a508f6eeb2a08d690a1a277758ca,1
Filteröivät,1
Postaukssin,1
Hankis,1
6xaaaa,1
Lippispuolue,1
Käräytyslinjaksi,1
Vasikointikanavaksi,1
Glooriana,1
Johtajatasoinen,1
Jääväiltyä,1
Eripuralta,1
Lasraicesocultas,1
Etunansa,1
Esimieshierarkia,1
Vartiakaan,1
Ysivolttisia,1
Oppipoikamenetelmää,1
Puolisalamyhkäisesti,1
Xiannian,1
Shangkun,1
Hydrauliikkainsinööri,1
Kemianinsinööri,1
Hopeavesihöpötys,1
Viljalajikkeesta,1
Tsistolaistaustaiset,1
Tsistolaistaustaista,1
Lääkärimiehensä,1
Pöätö,1
Takaussotkustakin,1
Pelittömän,1
Alkoholivapinat,1
Valmisteruokakikkare,1
Ignatov,1
Shvernik,1
Vorotnikov,1
Lentokoneinsinööri,1
List_of_leaders_of_the_russian_sfsr,1
Isäryhmien,1
Haikalet,1
Huuhaaahoitoihin,1
Puhelinmyyntipaskalafkoihin,1
Huurupäänähän,1
Päästövähennystavoittesta,1
Niputtava,1
Sheffieldissäkin,1
Kyynärsauvan,1
Loppuunpalamistaan,1
Vaughanille,1
Selkäongelmilta,1
Nivelrikolta,1
Hakemuksenteon,1
Työväenpuoluelaisista,1
Konservatiiviministerin,1
Yleistuella,1
Työllistymisvaikutuksetkin,1
Eläkevaliokunnan,1
Yleistukikurjuus,1
Lisäpuntaa,1
Yleistukiuudistuksesta,1
Mcveylle,1
Kuukivihoitola,1
Kemikaalivanavalvomo,1
Lentomatkaavat,1
Koevastauksesta,1
Nirraamistakaan,1
Merkittäväiä,1
Oikeistopolitiikalta,1
Ajatuspajakin,1
Taikaluita,1
9sefx8,1
Pittsburghin_ampuja_levitti_vihaviesti,1
A4n_vapaan,1
Kääntämänäni,1
Vastaviestinsä,1
Roskamedialähteiden,1
Richat,1
Qr4nfc8qeac,1
Harmautena,1
Perusharmaata,1
Pikakelata,1
Erikoisparistot,1
Kellollinen,1
Ayoo,1
Homokakkukohussa,1
Syntymäpäiväjuhlataulua,1
Juutalaismaalarillakaan,1
Revamp,1
Sensationalised,1
Demonetize,1
Algorithmic,1
Sweden_report_october_2018,1
Llrtlt2,1
Kieltohaaveet,1
Kuuluisuuksilla,1
Aidqwzh,1
Voimalaitosinsinööri,1
Tipahellu,1
Haukikebab,1
Positiivisimpana,1
Energisimpänä,1
Myyntipäälliköinti,1
Nettiavautumuskeskustelusta,1
Antimaterialisti,1
Gamergurl,1
Peliputket,1
Heroquestiä,1
Voivoteltavaa,1
Perskipeyttä,1
Rodunvaalijoissa,1
Patavanhollista,1
Päiväasennot,1
Lämpötilanmuutoksiin,1
Päiväasento,1
Ylitehokkuuden,1
Lämpötilastabilisaatio,1
Yöasento,1
Rakennusautomaatiolaitteiston,1
Ilmastoahdostuksesta,1
Kannattajajiukkoja,1
Sujakoi,1
Tarkoituksessakin,1
Paristonvaihtoon,1
Mannettelu,1
Romaniniminä,1
Advertisingilla,1
Töllöesiintymisiä,1
Esitysajankohdasta,1
Vakiojäsenistä,1
Paneeliformaatteja,1
Artikkeleistään,1
Hyllyttäjällä,1
Developerilla,1
Pecsissä,1
Hörpintö,1
Kärttyyntyneen,1
Pojainen,1
Rahaoitusta,1
Näyttöarvioinnissa,1
Romanisukunimet,1
Juonettu,1
Kulttuurimaailmassa,1
Ehdollistua,1
Reboundin,1
Tyydyttänytkään,1
Veljilles,1
Fingerporiaineista,1
Intialaisamerikkalaisten,1
Jf2zjf8fmfg,1
Hakemussysteemejä,1
Hommiiin,1
Syrjintäväitteille,1
Vieroksutumpi,1
Maahanmuutajavastaiset,1
Tautisista,1
Treadia,1
Manneläppää,1
Avautumisviestien,1
Kouluversiosta,1
Kasvstussuunnitelmaa,1
Hiisaatko,1
Valkopesuterminä,1
Lohikebab,1
Lintujen_ja_nisakkaiden_punaiset_listat_2015,1
Räystäspääskynen,1
Kkpp71,1
Raystaspaasky,1
Keskushermostodepressivinen,1
Keskushermostolamaaja,1
Hmmedit,1
Mieliruokaani,1
Makumielipiteet,1
Syöpäkemikaalia,1
Jasinskaja,1
Romanivastaisuudella,1
Yritysvalmentajana,1
Semantiikallakin,1
Myyntipuheeni,1
Ruuhkatakseja,1
Lätynpilaajaan,1
Dippainssinpaperit,1
Liikkujankin,1
Bentsoriippuvuuden,1
Päihteilyllä,1
Myyntityylillä,1
Cvsta,1
Ruokabloggari,1
Keittokirjailija,1
Spokespeople,1
Diatribes,1
Meteoric,1
Arnett,1
Oecds,1
Efivideo,1
N6v0adzbyaa,1
Colliver,1
Uscanada,1
Taloustilasta,1
Tapiksen,1
Sisäänkäyti,1
Kj3z8iflk9u,1
Vanhussakki,1
Lääkeväärennöksiähän,1
Vuosiliikevaihdosta,1
Koirapillittävän,1
Vuokratontilta,1
Facultyres,1
Diversity_studies,1
Bertrand_lakishajamal,1
Lakiasiamiehillä,1
Korvausvaatimuksissaan,1
Virkistysarvoja,1
Rakennusrikoksesta,1
Mitaisia,1
Yhteisösakkojakaan,1
Pitsumaakari,1
Oksennusläjän,1
Peilailulta,1
Videopelikonsolin,1
Ääniprikaatia,1
Dokauselämään,1
Puutteenjälkeinen,1
Palautelaatikkoa,1
Kaatelevat,1
Rangaistuksenomaisilla,1
Yksityisyrittäjätkin,1
Janessa,1
Etunimenään,1
Sanavälien,1
Seksuaaliseti,1
Punapäisestä,1
Asiakastiheämmillä,1
Rautalankaporo,1
Kerninging,1
Sensaatiomallisella,1
Multiplecountry,1
Sponsorships,1
Viidakkovaimon,1
Maahantuonnilta,1
Avioitumistarvetta,1
Chatjuontajalle,1
Zombipuuhaa,1
Manneläppä,1
Perinnenimi,1
Feija,1
Sanaliitosta,1
Riskienhallinnaksi,1
Paniikkimaisesta,1
Oppialoille,1
Nykyminä,1
Vastahuomion,1
Opiskeluvaihetta,1
Ohellasi,1
Kaupusteli,1
Tonnikalanvihaajat,1
Työhönottajalle,1
Moralisoijalla,1
Rekryperusteistaan,1
Keskivertosuomalaisenkin,1
Meemiteoriasta,1
Chattimeemien,1
Purkkisontaa,1
Kyykytyspuolue,1
Supersankarihuttua,1
Tusinaviihteeksi,1
Lawlerin,1
Ananananas,1
Fyysisimmästä,1
Kärjistämisenäkin,1
Homeopatiassahan,1
Embusket,1
Työkypärät,1
Hagertilla,1
Ammattikuntamme,1
Osakepääomana,1
Koronmaksuaikataulun,1
Marunouchista,1
Nirk02n,1
Mahonkivene,1
Kiinnostustenkohteiden,1
Pesutermi,1
Murhakansanmurhaamisjoukkotuhonnalle,1
Eivasemmisto,1
Suhteistakaan,1
Herrasmiesiltamia,1
Rikoshyötyjä,1
Kirjanpitovelvollisuuden,1
Vakiojäsenet,1
Viinikerhoon,1
Kulmakaupoista,1
Kotihökkelin,1
Myyntituotteina,1
Säilykebonito,1
Hin6ag5,1
Ruottalaisiksi,1
Univertaali,1
G6qkefa2,1
Investointiargumentti,1
Sähköverkkoluvista,1
Korkokikkailun,1
Jännittävillä,1
Franchisensa,1
Väittäsiin,1
Fjökit,1
Masennuspuolta,1
Nostalgointia,1
Synnyinperäisen,1
Nickille,1
Media_studies,1
Sokerilimonaadeja,1
Ihmisoikeudettomassa,1
Plebeijaanit,1
Dopesmokeria,1
Paniikkimaista,1
Synnyinperäinen,1
Syyrialaisparturille,1
Koneajona,1
Borrowaamaan,1
Woordeja,1
Possibiilista,1
Etevämmät,1
Tunteeseesta,1
Yleisöovi,1
Potilaskuljetuksi,1
Kaupustelupuheluja,1
Nuhjukuopassa,1
Ymparivuorokautista,1
Viisveissattiin,1
Kauppapäätöstä,1
Matapalkkasektorista,1
Räätälöitäisiinkin,1
Halvimmiksi,1
Normaaliannoksesta,1
Photoshoppailee,1
Lihapullapitkon,1
Lihabull,1
Laukkumiestä,1
Minimilakien,1
Arkkitehtuuristakin,1
Herkistys,1
Arvostuksellani,1
Kontroiloida,1
Kontroillmme,1
Omistusvuonna,1
Yksioleskelu,1
Jännäkulmaa,1
Riskikorolla,1
Haluammillaan,1
Haastevideoissa,1
Illuusiotahan,1
Pantittomille,1
Tuotteisssa,1
Talousala,1
Erikoispätevyys,1
Kirjanpitoala,1
Tekstiilikierrätykset,1
Tissisyöpä,1
Apukerhossa,1
Tyynyille,1
Ekstrabentsoo,1
Peruse,1
Onmeta,1
Plorat,1
Ffoku,1
Nonst,1
Kupinoton,1
Leffaprojektiini,1
9q6zc4,1
Lokakuun_kauhuleffat_3_rec_espanja_2007,1
_turkinpippuria_,1
Käyttötuotetta,1
Aloittajaryhmä,1
Minigrippejen,1
Shokkiuutisointiin,1
Jauhotettuu,1
Keskivertopitserian,1
Säilykepaprikatyyppistä,1
Ferreliä,1
Kolikkoi,1
Tilirajat,1
Turkinpippuritäytteellä,1
Hmrc,1
Paydays,1
Passported,1
Kiroilukulttuureihin,1
Mikrorahastusintensiivinen,1
Itsetuhosen,1
Jätkävittuilu,1
Puunpätkän,1
Loppusijottamaan,1
Naisvaltaisel,1
Mielenterveysongelmii,1
Mankuisi,1
Xfjyvcxo,1
Saappaasee,1
Pyörittelehän,1
Hassujamerkkejätähän,1
Vpesports,1
Nettisessioita,1
Burnar,1
Crossmoppe,1
Lupailemalle,1
Bensiinikustannukset,1
Tuohuksenpitimiksi,1
Tuohusta,1
Rukouskynttilää,1
Taksiperseily,1
Paianian,1
Paianía,1
Tietoinfrastruktuuri,1
Paianialainen,1
Opiskelutekniikkojen,1
Kerningikin,1
Eritysnäytöksiä,1
Kiertokirjeistä,1
Kielioppinatsismi,1
Informaatiovaikuttamisessaan,1
Itävallansaksalaisia,1
Tshekkejä,1
Ruteeneja,1
Yrtiltä,1
Hoidonaikaisista,1
Huippuhakuajanjaksoon,1
Ma5f86pd7o4,1
Pyyäkää,1
Säilykechiliä,1
Pepperonityyppistä,1
Joovaiei,1
Olenhyvinsatunnainen,1
Tt1068680,1
Piirakkakuviona,1
Vuosityöajoissa,1
Kontrolliryhmillä,1
Bpotdjvl,1
Chatjuontaja,1
Lakineuvoihin,1
Varjostaneita,1
Päänsekoituksista,1
Ruskeantai,1
Tulojenjakamis,1
Näkyvyyslogiikka,1
Yhteispelloista,1
Varakaampia,1
Bohemianin,1
Vauvakinoja,1
Kyyticom,1
Vissypaketteja,1
Urkupillin,1
Tilauskeskuksista,1
Iwar3ubog2mmaif39lzighh2nu1mujiv7vefowrztgescr_e3,1
Po4j__mv8,1
5asd7pq,1
C96d6147,1
3e55,1
Aaff,1
45c31d79e3f8,1
Iwar1jicxqkefyyizctogxur1,1
Mz48sfzz34edmxj6zzyxk2eelm5vxesafmy,1
Tilausvälityskeskukseen,1
Mökinmummojen,1
Kauppakyydit,1
Flägätä,1
Ihmisterveydelle,1
Velkajärjelyyn,1
Lunkina,1
Mielipahamörköä,1
Harrastajaryhmälle,1
Elannollisen,1
Em_muista,1
Pakolaiskiintiöille,1
Jaaeityhjäpoissa,1
Populoimissa,1
Kantolaksi,1
Eduskunnankyselytunti,1
Kappalevaihdoksia,1
Taksikeskusien,1
Pillutiiveista,1
Tuloutustavasta,1
Päiväkeikan,1
Bhah,1
Saantikriteerejä,1
Genetiiivimuodossa,1
Objektilauseita,1
Finiittinä,1
Varauksellisesmmin,1
Nykymainoksiin,1
Lainalainalainalaina,1
Porhojaarli,1
Pihvinpyörittelijöiden,1
Isomnalta,1
Tukiväärinkäytöksiä,1
Pihvinpyörittelijää,1
Elokuvajulistetyyppi,1
3dexport,1
3d_pie_model_model_3d_model_c4d_max_obj_fbx_ma_lwo_3ds_3dm_stl_2138878_o,1
Touhurahoiksi,1
Presidenttimahdollisuutensa,1
Jättituloista,1
Tilaushommaksi,1
Korvaamisarvoa,1
Tukkihintaa,1
Sprechgesangia,1
Mhihihkikikii,1
Puheenjohtajaksiko,1
Mmminä,1
Mmmhihiii,1
Vuokratietoja,1
Jälkipolvellesi,1
F5pusxjuuz1ba,1
Fantasiaelokuvia,1
Phrak,1
Aloittelijaohjelmaa,1
Kokeilisikaan,1
Tirpoa,1
50tontusta,1
Fundejahan,1
Nbly60bt3ov11,1
Alkumaksuosuuden,1
Deepspacehesa,1
Animaatioalalta,1
Statusymbolin,1
Kaljanyssäkkä,1
Rahastoratkaisulla,1
Hentaiksi,1
Tuubilinkki,1
Korvakoruissaan,1
Suosikkikappaleella,1
Wanahainkodissa,1
Walehella,1
10seen,1
Tiezkareita,1
Poisheitton,1
Veroaa,1
Sekoittaessanne,1
Ilmoittti,1
Perintäpuljusta,1
Pankkiautomaattihuijareita,1
Asuntomurtautujia,1
Sunlaistes,1
Huopatussi,1
Eepistyyliin,1
Fanikirjeet,1
Vihreihim,1
Standardiformaatti,1
Pätkäjohtajuuteen,1
Taidetyötä,1
Taidearvojakin,1
Typertymistä,1
Napsahtaapi,1
Antamlla,1
Lainaisikin,1
Käyttörahaksikin,1
Lääkeyritykselle,1
Puheenjohtajakaudet,1
Pätkäkausi,1
Sähkösähköposti,1
Elvettiä,1
Peater,1
Fortniestä,1
Liberaalitorttu,1
Vasenvamminen,1
Eebbistä,1
Mielenterveyteys,1
Sisäänrakennetummasta,1
Rockstarelämää,1
Siklalla,1
Väärinkäytöstutkimusten,1
Hiirenklikkailulla,1
Yhteistyökortin,1
Saunakaljakuvista,1
Luonnonvaraisien,1
Saunakaljafiilistä,1
Tietoiskullinen,1
Kehittämiskustannusten,1
Sähköelektroninenposti,1
Theftin,1
Kuomani,1
Tuomitsemisestani,1
Elätettäviksemme,1
Escitalopramin,1
Normaalirytminen,1
Paskantamistahti,1
Yhteistyöskentelytiloissa,1
Velkakurimuksesta,1
Nimihakukin,1
Hakukoneestaan,1
Alkoholismiakin,1
Ulosottoisena,1
Säämassa,1
Luottotietohäiriö,1
Hengenpaloaan,1
Utkomststöd,1
Maahanmuuttajavastaisuudessa,1
Perintätöimiston,1
Tekstinen,1
Huthasaari,1
Jonkillaine,1
Ominpäi,1
Pätkäkauden,1
Viikonlopuiks,1
Ajanvietoista,1
Säästöhenkivakuutuksessa,1
Tahdiksikkin,1
Jälkimmäisentyyppisten,1
Lattianlakaisijaan,1
Monttuhärkä,1
Laeaekekehitys,1
Vakuutusesitteessä,1
Puolukirjaa,1
Puoluesääntöihin,1
Ehdokkaitanu,1
Välityskeskuksista,1
Omaisuuslistauksien,1
Tirkistelynilosta,1
Järkihinnat,1
Sunnuntaipelaamiseksi,1
Esittelytyyliäsi,1
Tilastojakaumien,1
Vähähaittasempi,1
Äänesätmässä,1
Kontskteja,1
Maailmanleveä,1
Pornojaarli,1
Lohkonumerot,1
Tarkkuusgps,1
Tonttinumero,1
Palstalleen,1
Ajokoneet,1
Sovitunkokoiset,1
Puolihehtaaria,1
Karttapohjassa,1
Urakointifirmalle,1
Karttasoftan,1
Ilmoituspuutteita,1
Ozyn,1
Mediapuljusta,1
Nettioperaattorilla,1
Sähköpostikalastukseen,1
Tilansaantia,1
Talosjärjestelmä,1
Osakeyhtiöpystyyn,1
Minimipääomalla,1
1de,1
Viihdeluonteinen,1
Chättienkään,1
Setämiessyytöksiltä,1
Ikämiesmittelyssä,1
Mediaanipuheenjohtaja,1
Digimarkkinointikonsultti,1
Aaltovoimalan,1
Lisääntymisluvat,1
Viherfasistiksi,1
Kuvauskojuun,1
Yksityisyysvaltioksi,1
Ideaalivaihtoehdot,1
Elimensiirtoa,1
Putoamistodennäköisyys,1
Kohmea,1
Yritysluettelosta,1
Kalastusmailin,1
Loukkaantumiskisaa,1
Funcion,1
Perillö,1
Blizzua,1
Vesiohjelmien,1
Santalan,1
Demographics_of_ethiopia,1
Tulosraportissa,1
Sijoitusmuotoinen,1
Yrityspainotteinen,1
Sijoitusrahoituksen,1
Sijoitusrahoitusyhtiö,1
Domainvarmennusta,1
Perussähköpostissa,1
Velkajärjestelyin,1
Videoinstallaationa,1
Daimohjeen,1
Mailipalvelut,1
Sivultaa,1
Apteekkiyrittäjistä,1
Kasvihuoneilmiöilemme,1
Ilmastotöihin,1
Raijattaisi,1
Kansanhuvissa,1
Sosiaalituuksia,1
Kuntopyörägeneraattori,1
Verojenv,1
Astakohta,1
Sairauspäivärahatiedoilla,1
Viherfasistini,1
Äänestyslomakkeita,1
Parviainenkin,1
Kmailissa,1
Tassan,1
Perusarvosi,1
Verokunkkuja,1
_menetelmiä_,1
Myyntinäkökulmasta,1
Maistijaiset,1
Sivuapteekin,1
Apteekkisotaan,1
A6729966,1
Juiciest,1
Galluppäätöksentekoa,1
Sirkkabisnekseen,1
Valtahahmoja,1
Virkamiesveijari,1
Kopioidessakin,1
Äänioiketetuista,1
Ihannemalliasi,1
Kahdestisadastituhannesti,1
Lasissakaan,1
Päätöksentekomenetelmään,1
Idänpää,1
Kuvataiteellekin,1
Varastattavaa,1
Pankkitillilä,1
Kidnauppaukset,1
Hekillö,1
Napataanko,1
Kaipaamastasi,1
Puolitoistakertaisissa,1
Vottovaroihin,1
Listavaaleina,1
Hallitusloton,1
Uusituvat,1
Energiateknologiat,1
Pullonkorkilta,1
Puolustani,1
Maallisuuteni,1
Animebody,1
Erityisplussapisteitä,1
Alamittaisista,1
Venlaflaxiinin,1
Tuntevatkaan,1
Vortioxetiiniin,1
Veitseniskuun,1
Kellojenosteluvaiheeseen,1
Hilpepinnat,1
Tyelil,1
Lomaileeko,1
Kateuspäivällä,1
Verokorttilaskuristakin,1
Pokineet,1
Ulosottoprosessi,1
Suoramyyntilafka,1
Alkukivun,1
Väännettyjä_,1
Kielitiedemiehenä,1
Virtuaalivaluuttatuloja,1
Velkasuummasta,1
Velkojenmaksua,1
Ulosottotoimistolle,1
Mijardiluokan,1
Vertailupohjat,1
Vikimisessä,1
Karttavertauksella,1
Korkeaudella,1
Hiilidioksidivaara,1
Tonyhalmeiden,1
Koravuksetkin,1
Bändillesi,1
Angstimätön,1
Puurometelin,1
Runsasjuojista,1
Juomatilastoja,1
Bruttojuomantahdin,1
Juotavanaan,1
Tilastonvääristymän,1
Tippaefekti,1
Juomaeliitin,1
Juomatarjonnan,1
Veronvelvollisella,1
Yritykseltäkin,1
Hinnoitteluasi,1
Tilaamattomien,1
Polypropeenivaijeria,1
Pääakseli,1
Äänettömättömyyttäni,1
Vsuht,1
Tornina,1
Ulkopingispöytä,1
Nimeämistapansa,1
667milj,1
758milj,1
872milj,1
815milj,1
813milj,1
674milj,1
Jarruteltaisiin,1
_äänestä,1
_tyhjää_,1
_tyhjiä,1
Aivonikin,1
Ammattihierojalta,1
Sopulikansalle,1
Psykedeliapläjäyksiä,1
Zoqxsifqzyu,1
Läksyjentekoalusta,1
Hotellibisnestä,1
Hiilidioksidiongelma,1
Sh_dyn_mort,1
Hyvinvointiyrityksen,1
Isöaitini,1
Isoisässäkään,1
Sirkkarikkaita,1
Lääkeostoksille,1
Hankkimati,1
Potkurimoottoreihin,1
Lisävoitelua,1
Petrokemiallisessa,1
Kevyemällä,1
Oikeistojohtoinen,1
Suolinäytteen,1
Markkinapaikassa,1
Leikkidoltsuihin,1
Vähentämät,1
Päästelyistä,1
V2013,1
Pikavoitoksi,1
Eroamispäätökset,1
Priorisaatiosta,1
Satunnaisäänestäjiä,1
Ainoaina,1
Ajanvietemahdollisuuksina,1
Beloguzov,1
Savitskyä,1
Erikoisturboeigiboksireititin,1
Suoramarkkinointilakiin,1
Pasteijoista,1
Kasvisvaihtoja,1
Sopasella,1
Rönstäillen,1
Saasista,1
Tyollistamistoiminta,1
Kierrätystavarataloketju,1
Syväpaistaja,1
Huumorikäsityksen,1
Suositussuhde,1
Aktivointimallia,1
Budjetointitaidoista,1
Sibeliuskadun,1
Seuraajaehdokkaan,1
Opiskelijoiltaeläkeläisille,1
Pulusakkia,1
Ylätööttäsin,1
Verokavallus,1
Taannehtiva_laki,1
Liuttää,1
Työntekomaasta,1
Lahdenniemi,1
Vihanekset,1
Vedottaan,1
Lihatuontannon,1
Härkäpävun,1
Torstilaa,1
Tivax,1
Tmssoft,1
Vuosikertomus_2017_su,1
Useest,1
Lepikönrantaa,1
Stolishnajat,1
Vakoojii,1
Kontaktei,1
Porsaanreik,1
Tilitintä,1
Tilikartat,1
Tilinpäätöstulosteet,1
Vaalikonelupausten,1
Tt1588875,1
Mallinnuslaskuri,1
Verosuunnittelujärjestelyjen,1
Legitimiisyysperiaate,1
Markkinointikieltoon,1
Verotuskaudesta,1
Rr7ybzx,1
Cv3m3xm,1
Puheenjohtjan,1
Lipaskerääjä,1
Jokeexplainerpeter,1
Merkkä,1
Lakisääteisteen,1
Rahasammiot,1
Welgom,1
Metallitikkua,1
Amisryhmä,1
Kouluprojektikseen,1
Lipaskerääjistä,1
Helipad,1
Netting,1
Sotilastiedusteluyhteyksiä,1
Sukellusvenejahdeissa,1
Hurger,1
Sirkkasnacksejä,1
Lipputankohomma,1
Lipputankopuisto,1
Vuakrajäpälle,1
Rohdospuolella,1
Betonituet,1
Apteekkilisää,1
Erikoialiikkeessä,1
Ansainneesta,1
09a4878f21d94e16d5676e7ef4493adc,1
Ylifaarao,1
Hydrojärjestelmiä,1
Norvegianilta,1
Ääninauru,1
Vertikaaliviljelmä,1
Vertikaaliviljelmän,1
Amirlatifi,1
Koetehtaassaan,1
Ravinneliuosten,1
Innovaatiopalkinnonkin,1
Amirlatifin,1
Mansikkaprojekti,1
Siemenperunakeskuksen,1
Korvauslääkkeen,1
Donatehfc,1
Hyväntekeväisyyskampanja,1
Killinkit,1
Ympäriystävällisemmin,1
Uusirikas,1
Sijoitusbisnestä,1
Housuillani,1
Ilmastoihmisiin,1
Koulusurmausta,1
Vedonlyöntipalvelu,1
Kolaurheilujuoma,1
Cateringilta,1
Korjautit,1
Ilmastofanaatikolle,1
Jökötä,1
Lapsentekoneena,1
Arvailuina,1
Sotilastukikohtaväitteiden,1
Somejuoruista,1
Pysyttäytyi,1
Tomaattihirvityksissä,1
Aamiaisherkkuna,1
Gulassiin,1
Rotansyömät,1
Gulassipakkauksiin,1
Perustehtava,1
Rypsipossusta,1
Tölkkiklipsut,1
Verivalmisteista,1
Määrämuotoisesta,1
Eeeeeeeeee,1
Salapolisiityö,1
Pienituottoisempia,1
Ostositoumus,1
Sijoittajaprofiilisi,1
Avustusjärjestöjille,1
World_war_iii,1
Suomalaismetsästä,1
Kehitysidean,1
Internerateistien,1
Altruismisäätiö,1
Ilmastomurha,1
Hommaamistaktiikoissaan,1
Yskänpastillit,1
Sivukulusta,1
Sunnutain,1
Merkoni,1
Työntekijöisä,1
Kotinurkillani,1
Ohikuulin,1
Parkkipirkkojeb,1
Wagyuuta,1
Kuuhunasti,1
Laajakaistaoperaattorillasi,1
Keräämälläsi,1
Usalaiseen,1
Vanhemmuuslomia,1
Vedonvälittäjäksi,1
Raudoituksista,1
Uhrattavassa,1
Kolanvastiketta,1
Hengähdän,1
Priom,1
Brigaz,1
Armii,1
Idvinee,1
Stalytsa,1
Toshna,1
Matikkakysymykset,1
Jenkkiparkaa,1
Muonapakkausta,1
Rypsipossun,1
Wagyuhin,1
Kikkaillaaan,1
Työttöminänä,1
7sfdrf,1
B6llistymisen_todenn,1
B6isyys_ty,1
B6myysviikon,1
Jariksen,1
Wagyuu,1
Grilllattuna,1
Fonklmyxupo,1
Sukiyakissa,1
Huoltovaraus,1
Kulutustottumuksistani,1
Kivaraha,1
Halusbtestata,1
Oikeuttavaksi,1
Ympäristöalalta,1
841hlö,1
Prosenttisivukuluista,1
Työsuojelukoulutus,1
Luottamusmieskoulutus,1
Työntekijäjakauman,1
Henkilöstökululla,1
Nuoriasteelle,1
Menetelmäopintoja,1
Lähtöpisteiksi,1
Rutteloita,1
Lähituntia,1
Lipsuttaen,1
Lisäkurssejakin,1
Haöuamatta,1
Ohjelmmallisen,1
Perinteisestäkään,1
Valuuttaspekuloinnista,1
Raamikkaat,1
Sabotaasikeikkoihin,1
Urgersburger,1
Urgersburgerina,1
Mainostilansa,1
Nakitetaankoha,1
Raflaavampiin,1
Ehtoisilta,1
A201710,1
K_q4project,1
Kotikommunistini,1
Liberaadiulle,1
Ympäristönsuojelemisen,1
Erikoisammattitutkintojen,1
Vapaaehtoistatoimintaa,1
Elukoillehan,1
Savitskyn,1
Rauhanturvahommiin,1
Lähipiiriäisi,1
Ulkomaanreissaaja,1
Olwt,1
Obtuuseja,1
Luettavimmaksi,1
Nostetaampa,1
_esoub8c7he,1
Kasvuopen,1
Ylijäämäselluä,1
Subunarkkien,1
Armymochaa,1
Turvakamerankuvaa,1
Lentomailin,1
Maailmanympärys,1
Maksupostin,1
Trävellääjiä,1
Kommunikaatiolaitteisto,1
Ragiotaajuista,1
Enisimmäiseen,1
Hakukelpoisiksi,1
Väärikoodaus,1
0aqcdfq,1
Jugurttimainokset,1
Murtautumiskohdetta,1
Taksisuhailua,1
Rahatalletuksia,1
Urheilujuomalle,1
Antiikkimuonia,1
Imaginaarilukuja,1
Byyriä,1
Antiikkisafkojen,1
Ylijäreää,1
Kommunikaatiovälineistöä,1
Rahanpesututkimus,1
Pientukohdan,1
Ollliiii,1
Hakkaamasi,1
Mukavuusvalinnat,1
Mukavuusvalinnoista,1
Miljonääriksikin,1
Huvioilta,1
Lautasantenneja,1
Hälyytysjärjestelmät,1
N6atpvs,1
Sabotaasikeikkoja,1
Couscousista,1
Täysipitkässä,1
Kokonaisjälki,1
Kastikebuffet,1
Keiteltäviä,1
Dildkaupan,1
Huippukivoista,1
Kaalimadoista,1
Opiaattirefloissa,1
Psykologipalvelu,1
Subventioidaan,1
Yritystilanteista,1
Seksityöliiton,1
Tilivuodelle,1
Tapaturmapoissaolot,1
Tilanauhasta,1
Sprstä,1
Loppuspiikki,1
Mbs10,1
Juhlayleisö,1
Certejä,1
Reppuhommista,1
Lukiolaiasesta,1
Ateenalaisittain,1
Gentrifioituvan,1
Kuluttajarajapinnan,1
Ohjelmistotointegraattori,1
Kolmikantayhteistyö,1
Lototko,1
Tuollapuolenkin,1
Sählingin,1
Takaisinmaksuongelmia,1
Lautalurkkaajaa,1
Hähähähh,1
Flunssapäiviin,1
Radiohäirintälaitteita,1
Läpäisemättömäksi,1
Sivuhistoriallani,1
Bisneslounaalle,1
Venemainos,1
Ezqdojr,1
Idioottiveroksi,1
Yksinolomeininki,1
Välimäelläkin,1
Faraday_cage,1
Rättivalinnan,1
Insinöörityötähän,1
Reppukoirat,1
Reissukorvauksista,1
Epäodotettuthanos,1
Lärvilautasia,1
Järjestöhommaan,1
Paikaisessa,1
Jalkatilapaikkaa,1
Laajarunkokoneen,1
Vallannet,1
Huutovideoiden,1
Kännykkäät,1
Hevoskuusistanin,1
Borisoglebsk,1
2_550,1
Lomakkeellakin,1
Jatkokyssärin,1
Subscribeaa,1
Viettielämästä,1
Impotenttina,1
Sateliittipuhelin,1
Kyttäämän,1
Kulttuuriisiin,1
Koulupukukustannukset,1
School_uniforms_in_england,1
Markettilager,1
Saunanjälkeisiksi,1
Perjantainillitys,1
Ikkunateippaus,1
Prostituutioministeriö,1
Alaikäisyydestäsi,1
Arvomaailmakuilu,1
Lidlbisse,1
Majavanpaskakin,1
Kannatuspotentiaalien,1
Maksimikannatusta,1
Rwy3jtu,1
4izplnr,1
Fcul0vu,1
Lihasäilykkeillä,1
Palkintoöitä,1
Palkintoyö,1
Radiohäirintälaitteen,1
Trilateraatiolla,1
Lapioineita,1
Sähkökiukaansa,1
Täysöljy,1
Telkkaritta,1
Sikkusaarella,1
Opintomuoto,1
Moraalittomast,1
Beethovenisti,1
Tasaviisikoilla,1
Kymppikerholaisiin,1
Sinetöintikoneeseen,1
Ohjelmistointegraattori,1
Logiikkaohjelman,1
Konenäköjärjestelmän,1
Porvoon_vaakuna,1
Markkinstrategiaan,1
Osakeosuutensa,1
Lainarahallakaan,1
Rantalaiset,1
Kusiaspesässä,1
Likuhihnaa,1
Automaatiokunnossapitoa,1
Matkatunti,1
Kohusaarnaajan,1
Hakumoottorin,1
Onanointilakko,1
Autenttisemmissa,1
Turismituottona,1
Änärikaukalon,1
Jölkkä,1
Mököjölkkää,1
20hkl,1
Lähetysaikataulujen,1
Taalaliigaa,1
Etsisivätkään,1
Muropaketttiin,1
Tuooosta,1
Lainehan,1
Olisipaminairl,1
Suomimamut,1
Omaisuusarvosta,1
Kvintiileiden,1
S2211368118301050,1
Sotilasvalmiita,1
Huoltoreitille,1
Rihkamatorilla,1
Valtimotalo,1
Torjuntaosuus,1
Yksinoikeussisältöä,1
Iltalehes,1
Pikavippimainoksista,1
Ylitarjotaan,1
Vapaayöt,1
Ddtlgl3,1
Televisioteknologian,1
9tbotp,1
Korkovähennysrajoitukseen,1
Veronkiertodirektiivissä,1
Tasevapautussääntöä,1
Lausuntoversiossa,1
Joustokohtia,1
Väärinkäytösepäilykset,1
Erillisalueelle,1
Guernseyhyn,1
Verosuunnittelurakenteista,1
Piiskoppel,1
7dcgatz,1
Lainapankeilla,1
Medialukutaitoiseen,1
Videostriimauspalvelu,1
Ehlersin,1
Puolivalot,1
Pagodilla,1
Antennitalouksiin,1
Täysinautomatisoidusta,1
Spekulaatiotia,1
Vauvakinoissakin,1
Hiljemmän,1
Karkkilaarit,1
Syyttelevämpää,1
Datasäätämisen,1
Stewille,1
Laksatiiveistä,1
Viidetkymmenet,1
Orifoa,1
Fores,1
Realitive,1
Scandivanian,1
Ysärimainosten,1
Vuosipäivämainos,1
U1nqpusqefo,1
Serverihalleihin,1
Vakoilutekniikkaa,1
Super_micro_chinese_spy_chip_sec,1
Uutispalvelulta,1
Exhibit991_20181018,1
Jassy,1
Ajassy,1
Siiloajattelijoiksi,1
Definitioniksi,1
Liiskineeni,1
