Hypernaiselliset,1
Polkkatukat,1
Judgment_of_solomon,1
Saunahulluna,1
Omistusjärjestelyissä,1
Motoiltu,1
Suuremaksi,1
Ateistikäännynnäistä,1
Pisuaarinkäyttäjien,1
Jännäpissakertoimeen,1
Sukkahousujaan,1
Vessassajahkailijoista,1
Puoliyksityisiä,1
Ilmoitusperiaatteella,1
Alkuperäisintiaanit,1
Kehityskoneetkaan,1
Vessasota,1
Naapurivalituksia,1
Luukussakaan,1
Yhteisvessojakin,1
Riippuvuudethan,1
Kansalaisuuslakiahan,1
Ratsaava,1
Totanoinniinkuikkäänsäjuu,1
63f9l7,1
A4in_kuvan_miss,1
A4_verrataan_afganistanin,1
Asianomistajienkin,1
Vittui,1
Starttinappulasta,1
Kytkintään,1
Vastavaitteet,1
Rivikäyttäjistä,1
Tappelunaihetta,1
Estetiikkanäppäimistöni,1
6m0i06,1
Oululaista_e_s_t_e_t_i_i_k_k_a_a,1
Djy07sk,1
S54xv,1
Tampooninsa,1
Estettinen,1
Vaporwarelle,1
Extieluohanille,1
Vaunuhenkilökunta,1
Ｅｉ,1
Lippulogo,1
Muovituksessa,1
Kateellisessa,1
Hämmästyksessään,1
Theleighreview,1
Njhomelandsecurity,1
Siitoimineen,1
Dokailevana,1
Kinisijät,1
Sosiaalipissailut,1
Laskuperässä,1
Valelippu,1
Saaristofiilis,1
Señoritaa,1
Ilmapiuhat,1
Verkkoviritykset,1
Asiantuntijamyyjän,1
Mekkaloitsijoita,1
Iduskbn19t124,1
5961733004d301374307dc7a,1
Halabi,1
Lukulaisuudesta,1
Sisämuodosta,1
Tekopainovoima,1
Parikaapelointi,1
Sulakerasioiden,1
Designeerattiin,1
Suurhuolloissa,1
Nivelvaunusarja,1
Perinteisissa,1
Hklnr1,1
Hkl45_taka_010497_jr,1
Nusssis,1
Parikäyttäytyminen,1
Paukattii,1
Merihakassa,1
Brutalismilla,1
Lrturku_hirvensalo,1
Lakimuutoskin,1
Suunniteluasteella,1
Trainattu,1
Tuorempaan,1
Spontaaneita,1
Pehmistää,1
Homosaatioituksia,1
Pääeepoksille,1
Jaeddh0,1
Buttonitkin,1
Viittaamisiesi,1
Talopaketeissa,1
Talomyyjä,1
Puristamana,1
Metroopasvideo,1
Lohdukseni,1
Peppiltä,1
Vastaterveiset,1
Jatkolupakaan,1
Kuljettajattomasta,1
Stickyttäkö,1
Sss5kk,1
Ss2kk,1
Asettelevaa,1
Ristiinkytkentäpaneli,1
Tuplaverkkorasiaa,1
Eteiskaappiin,1
Räkkitelineen,1
Htcreative,1
Maurasolo,1
Hupielektroniikan,1
Modeemireitittimen,1
Gigaeetteriverkon,1
Ｅｓｔｅｔｉｉｋｋａａ,1
Standardipillereiden,1
Eufenismit,1
Markkinointivaikutukset,1
Testiluontoisena,1
Ristivertailemaan,1
Homonpyörittäjän,1
Peppukipee,1
Pahakyllä,1
Taikarobotit,1
Tietohyökkäyksen,1
Vaalipalvelimia,1
ご,1
で,1
Luoteiskulmassa,1
Jugendtyyliä,1
Willimiehenjaljilla,1
Sankarieta,1
Sankaruuteen,1
Suuniteilla,1
Tekstiviestitiedotteeseen,1
Narcissus_,1
Hättäillään,1
Hakaristikeskustelu,1
Pusistasi,1
Humataristinen,1
Tasajaolta,1
Erisuhta,1
Huiskaistu,1
Favelatyyliin,1
Merihakalaisena,1
Pikkuteatteria,1
Votkaryyppyjä,1
Standarttia,1
Ilmasuudessa,1
Räiskälekojut,1
Tsuffee,1
Rojaalisti,1
Digaisit,1
Vastaidea,1
Swagfags,1
Fucktards,1
Kaapeloinnilla,1
Paukkulanka,1
Mediapalvelimelta,1
Ehdokaskaistoja,1
Laajakaistaisetkin,1
Rakennusvaimennukset,1
Teräsbetoniseinää,1
Höttöpöttö,1
Normivessat,1
6m6fnf,1
Antakaa_meid,1
A4_edes_naisten_vessat,1
Djz9j3h,1
Kommunikointityylissä,1
Kaukolämpökanaalit,1
Paikkanumerot,1
Vehakkoja,1
Kazauwaa,1
Eipämuutakuin,1
Lentopaskat,1
Seuraavava,1
Nyrpistelevä,1
Cinnemon,1
Röllöihin,1
Voileipävälipala,1
Logailet,1
Chicken_egg_sizes,1
Portionid,1
Paahtoleipäslaissin,1
108kcal,1
Paahtoleip,1
20vehn,1
20fazer,1
20viipale,1
Kokonaisröllöksi,1
Liikuntamuodoittain,1
Tukkulähde,1
Luokkaretkeltäni,1
Työtovereillani,1
Ruokintan,1
Sahille,1
Kaapelimies,1
Turkuversion,1
Mikssei,1
Rettelöinnissä,1
Pissapullo,1
Vaalihakkerointijutut,1
Janitskeja,1
Backmanneja,1
Mökkiryyppäjäisiä,1
Punkkitarkistuksia,1
Kuidunvedosta,1
Pikseliseltä,1
Pikselirajat,1
Pikseligrafiikalta,1
Välipaletin,1
Aikamieshomo,1
Arttien,1
Hotellisviitistä,1
Panovuosien,1
Tunnusbiisikin,1
Yritysillä,1
Nuhaflussia,1
Illallistetaan,1
Turvapaikkahätää,1
Punkkikin,1
Peliprokkiksissa,1
Muuttopolitiikka,1
Maalilman,1
Vastaideahan,1
Messutapahtumaan,1
Vasaalin,1
Rahanmerkit,1
シュールな作品,1
資本主義,1
消費者,1
Fredricjameson420,1
Homopornofilmeiltä,1
Markkinamurroksen,1
Putlerfanien,1
Lopppuisi,1
Ryypyreissu,1
Paraatipaikoista,1
Vektrorina,1
Muovipalmuja,1
Tällläisestä,1
Tarkotuksellisen,1
Bannisuojatuiksi,1
Stickereiksi,1
Rölliänkyröiden,1
Metsästysmaailmasta,1
Puremiksi,1
Musaliikkeen,1
Esittelyvitriinistä,1
Esplan,1
Mietitäämpäs,1
Popsahtaako,1
549_1499502091,1
Kyberyhteistyö,1
Flaijeriin,1
Soittoaikojen,1
Musiikkikaupoilta,1
Keikkapäivä,1
Soitinkaapeli,1
Puuasiat,1
Pikselarttia,1
Arttihan,1
Soitinliikettä,1
Albumobiili,1
Levyikkuna,1
Soitinliike,1
Antifalipun,1
Merkityseroihin,1
Fnpzmeg,1
Nummelalaiselta,1
Lehdilläkö,1
0rw3ll,1
Lihamarinaadistanne,1
Bannivasaroista,1
Kumine,1
Ylwn,1
6142ddcd68f4,1
Huolettomampikin,1
Kierrästyskeskuksessa,1
Häiriöilmoitukseen,1
Hamottaminen,1
Tuoetesuojattua,1
Tammerpianossa,1
_puraisee,1
Ää_,1
G9pdlf,1
Huomaamattomuudelle,1
Masterpassu,1
Bassoihmisenä,1
Raitiotievaunuteitse,1
Esittäijiä,1
Hoksaatkin,1
Pörröpupulta,1
Valinnanvapausuudistuksen,1
Pikselille,1
Opintotukileikkausten,1
Satiirikirjoissa,1
Pakinapalstoillakin,1
Maakäräjille,1
Nettituntemus,1
Aihetuntemus,1
Lomapolitiikka,1
Ilosanomas,1
Opintotukileikkauksilla,1
Liippasee,1
Myönteisyyttään,1
Digitalisaatiokoulutuksia,1
Vastapillu,1
Likkiäsi,1
Mieleneterveys,1
Brigadoimasta,1
Bobeja,1
201707102200256613_u0,1
Pilipalijuttujen,1
Ristiinnaulittuina,1
Kesäsijaisena,1
Yritteliäisyyspalkintona,1
Royalteihin,1
Vaihtoehtokoululaisten,1
Construct2,1
Koodaustaitojakin,1
Ylexxx,1
Nostalignen,1
6mdp8p,1
Sonni_ty,1
B6nsi_j,1
A4rveen_noin_60vuotias_mies_hukkui,1
Neitsyyslupaus,1
Pörröpupulle,1
Valvontakameraverkostolla,1
Ostotottumusanalyysin,1
Perushintatasolle,1
Näkymyksillä,1
Pakkotaakanjako,1
Kielteisempien,1
Kättelykieltoon,1
Epäheteroutensa,1
Pickkaa,1
Häiritsevimmän,1
Ammattiterapeutin,1
Valtamielipidettä,1
Wnuej,1
Nollapalvelun,1
Euroopplaista,1
Vakikävijöitä,1
Tammerpiano,1
Hintatarrassa,1
Lmqhwdz,1
Kannattajamainos,1
Venkoilullasi,1
Laskuhumalapitsat,1
6ma05p,1
A4_homoina_t,1
A4llainen_elokuvasta_piti,1
Dk0swsf,1
Puotikin,1
Omaamat,1
Mediatuotantoyhtiötä,1
Ponttoja,1
Väyrysvihaa,1
Automaagiona,1
Lykkäyshakemus,1
Mefaforineen,1
Mediatutkijoiden,1
Kuneliuksen,1
C__rb1624930__skunelius__p0,1
2c4__orightresult__u__x4,1
8efabe08598d7029f1864f9494da30f8,1
Videoalvelu,1
Hardya,1
Forsyten,1
Kivuttomuten,1
Legiitillä,1
Lykkäyskutsunnoissa,1
Päihdepotilaiden,1
Suisidiyrityksen,1
Ryssäryhmissä,1
D3d85re,1
D3cty62,1
Läpikäymänsä,1
Feikkimetalli,1
Kapinallisalueesta,1
Adzharia,1
Saakashvilille,1
Raketinheitinkeskityksessä,1
Tskhinvalia,1
Osseettien,1
Georgialaiskyliin,1
Postikuoreen,1
Jumbosijojakin,1
Swartzin,1
Tuplanollana,1
Russianissa,1
Suomiareenaa,1
Jattinaytolla,1
Wbj8cug,1
Pelastajamaassa,1
Höyrytessä,1
Terveydenhuoltofirmoilla,1
Vapaahuora,1
Otsaanlyöntikisan,1
Markkinatyrannialta,1
Fasismini,1
Sll1143,1
Tositarpeeseen,1
Kouluvuosikaan,1
Venakoista,1
Viskilibertaaripuolue,1
Krugeriisi,1
Suicidin,1
Parasuicidin,1
Puolueruoskalta,1
Relationsia,1
Tirnac2k,1
Hammaspäivystyksen,1
Bipolaaripotilaat,1
Projektiekonomistina,1
Lkis1sn,1
Heräostellessani,1
Tuittuilevasti,1
Toppuutteluja,1
Mielipidepuhdistuksesta,1
Puoluetoimintaviisautta,1
Rasistisyyttestä,1
Sw_fnr_id,1
Fnr_t,1
_ppsiauefdg,1
Classsic,1
Ezx,1
Dzdit_3rhrc,1
Kontrolleripohjaiset,1
Kynnnys,1
Varmistuukin,1
Työvoimatoimistoilla,1
Englanninkielesta,1
Poisssolon,1
Gdqstat,1
Sivuille_diabeteksen,1
0925bda6,1
F6ba,1
Cb01e38753d6,1
Riippuvaisuuskin,1
Nettotuojia,1
Opintoajalle,1
Sambergin,1
Sossurahaperäistä,1
Musajätille,1
Rasistisyyttelyn,1
Dk12wa2,1
Blokkausbannerin,1
Loneny,1
Lonkkakulumasta,1
Paraneeks,1
Lvl21,1
Metsia,1
Vihervasemmistolaisuutensa,1
Armostako,1
Moderoitussa,1
Yleissivistykseltäänkin,1
Lapsipornorunkkaamisen,1
Papruiks,1
Lekurintarkastuksissa,1
Tieturia,1
Ohjelmapuhujat,1
Soroptimist,1
Ruokakuplassa,1
Ilmastokokki,1
Krämmäle,1
Opintosuoriteote,1
Oikeuslapun,1
Opiskelijakeskuksessa,1
Transhomosweetheart,1
Opintotodistuksella,1
Opintosuoriteotteita,1
Viherhasemmistolaisuus,1
Käyttöohjeille,1
Bulvaanikauppias,1
Välityskulun,1
Koillismaalaisiksi,1
Koillismaalainenkaan,1
Miljonääriguru,1
Sijoitusoppaat,1
Kommunistidiktatuuritkin,1
Maaorjayhteiskuntina,1
Kesksutelemasta,1
Nimisetään,1
Mölkeröiden,1
Mamusteluksi,1
Mielenkiinnonkohdistani,1
Katkeroittavana,1
Itseinhoaan,1
Suisidiä,1
Hoitovuorokausi,1
6lcemc,1
Suomi_vuonna_2017_kun_nainen_haluaa,1
Djswbr1,1
Syytteeseesi,1
Perustelemaattomiin,1
Syytösteni,1
Pääässäni,1
Ofermod,1
Kuulumiin,1
Lvl40,1
Latautunueesta,1
Liberaalemmaiksi,1
Kiintiömamupoliitikko,1
Ykkösprioriteettinsä,1
Introspektiostasi,1
Helenalindgrenmäinen,1
Homojutuille,1
Nykyämmin,1
Ulvilvan,1
Vakoiluepäilyt,1
Nöyräpröystäillä,1
Tulliut,1
Shreddaget,1
Parasuicidia,1
Palvluiden,1
Parasuicidien,1
Somatiikassa,1
Sillankantolaskemilleen,1
Perstuntumien,1
Vihreyteni,1
Loukkaustapa,1
Kopiointighazia,1
Redditdraamaa,1
Gowu1lu,1
Mxpui,1
Hallnnon,1
Surfausta,1
Dk14fbe,1
Hesbowda,1
Jormaner,1
A4makasiini_m62,1
Draamani,1
Pitkäkarvaisille,1
Appzi,1
Kyllämuutkin,1
Eliminoivassa,1
Toistoohjelmat,1
Asenneongelmaisena,1
Klassikkosarjoja,1
Uussaksalainen,1
Zfhyf5kwswa,1
Promovoitu,1
Maisterispostaus,1
Pupughazigate,1
Tukalimmassa,1
Kokeilujaksoista,1
Persukellari,1
Sbs1ulwmf2i,1
Rautahansikasta,1
Vuosisatohenkin,1
Edellisethän,1
Kuristuskohta,1
Fording,1
Provoisovassa,1
Organisaatioreorganisaatiodividenssin,1
Netinkäyttönä,1
Signalointipaskaan,1
Spriteistä,1
Spritejen,1
Asepritessä,1
Koulutusesimerkiksi,1
Natsimodeilmoitus,1
Kyselemellä,1
Superlesbo,1
Lepakkopowereilla,1
Grevgården,1
Hammarkullenin,1
Husie,1
Menenetään,1
Räväkkyydessä,1
Hömeliini,1
Viisysistä,1
Triangeleita,1
Muusikkikaupan,1
Soitinkauppiaille,1
Voimaloitsun,1
Lausuttuani,1
Porstualle,1
Kultturishokki,1
Holotnaa,1
Brxnz,1
Stratosfäärinen,1
Craigille,1
Homestuck,1
Cosplayereille,1
Elukkoja,1
Halpakepakoita,1
200812098740435_uu,1
Suurlähettiläshommiin,1
Linkkikaapeli,1
Agraarihengessä,1
Kyntöpuuhista,1
Pykiatrin,1
Klflorx,1
Coupontype,1
Emea90dayfree,1
Saattajilla,1
Pannukakot,1
Karjanlaskupäivä,1
Draamakuninkaallisista,1
Puskettuja,1
Pikseliräpellykset,1
Hieholauma,1
Muuuuuuu,1
Memlameemuttelu,1
Nuden,1
Sävyisissä,1
Jekuttelujuoni,1
Kynttelikköjä,1
Kauttaviivoilla,1
Käännytelty,1
Kätkyeissä,1
Akuuttipuolelta,1
Kommentoitsijat,1
Taloustietäjiä,1
Kanveesiihin,1
Katumapäällensä,1
Turvelolle,1
Nth0tpxr11w,1
Istuinjärjestyksen,1
Tunnuksettomana,1
Kokardihan,1
Monopoliliiketoiminnalla,1
Sorsahatun,1
Heidänlaisiansa,1
Heitukoita,1
7fgxd,1
Yhteiskuntaopetusta,1
Verkkoajuri,1
Com4,1
Portiin,1
ʖʘ,1
Lähipyöräkaupasta,1
Oyl3f87r478,1
Whn0wo,1
Sluibailijan,1
Bjblghs,1
Lakiteknisyyden,1
Jättämättäkin,1
Kärkimiehestä,1
Hk8__8td9fc,1
Hajuasia,1
Ryhmitymät,1
Jememissäkin,1
Viineiks,1
Kiljureseptiä,1
Rakastettavalta,1
Rankaisukäytännöistä,1
Sotakiihkoilu,1
Tykistövalmistelun,1
Laivueittain,1
Kärsämäkiselle,1
Keskustelumallin,1
Mainosjulisteena,1
Kaverimodejesi,1
Koputettavaksi,1
Yleiskasvattava,1
Orjasuhteita,1
Koomailujatkoja,1
Ylitsetulviva,1
Rautaperseilyn,1
Ultrapitkänmatkanjuoksu,1
Yhteyskuntaoppikurssien,1
Pochrelwrqs,1
Nimenoimaan,1
Hampuusikaveritkin,1
Suvakkiälyköksi,1
J672pun,1
Sähkösavustimella,1
Meluisiakin,1
Kompleksikysymyksesi,1
Dk11t2d,1
Kompleksikysymykset,1
Vaimonhakkaajakysymys,1
2010052411726140_uu,1
Varusmiespalvelulseen,1
Singappre,1
Työkseen_,1
Kanervaltakin,1
Jamaikakukan,1
Testipössyn,1
Aktiivihiilifiltterit,1
Testiteltassa,1
G6x2guhvu_w,1
Käyttöikkuna,1
Jokahommassa,1
Sotavahvuus,1
Paskavatkaamo,1
Vanhoinen,1
Puhdistamoihin,1
Kokomuuspuolueesta,1
Kokousaloitteen,1
Jäsenkokouksessa,1
Mielipidepuhdistus,1
Testipössy,1
Testiteltta,1
Kotikoloissa,1
Palvelusoikeuttaan,1
Sunnihallinnon,1
Shiiahallinnon,1
Voittokululle,1
Testikkeliä,1
Suitsutettua,1
Markkinavääristymää,1
Kaupunkihampuusin,1
Testimieltymyksiä,1
Testikkelien,1
Testikikkeli,1
Kilpasiskoistaan,1
Ratsais,1
Ratsauksen,1
Dekarboksyloimalla,1
Poltiikkan,1
Kivapoliisi,1
Valtakulttuurina,1
Tupakanhajut,1
Paloeriste,1
Palvelukanavien,1
Kunnantyöntekijöistä,1
Idp432154384,1
Nettiformikutsuntoihin,1
Toothpastefordinner,1
Testikkeli,1
Pätkimiseltä,1
Pullamössösivareita,1
Nordiciltakin,1
Astmaatikkomiehiä,1
Tukiporsasyhtiöille,1
Talouyhtiö,1
Mamuapologistien,1
Draftable,1
Conscription_in_germany,1
Parantamimistä,1
Sotatieteilijöihin,1
Tykkimiesmäärä,1
Perusensiaputaitoja,1
Indoktrinaatioleiri,1
Ilmaistekijät,1
Wikiquotesissa,1
Valkosaatio,1
Uhkumisen,1
Normijääkärin,1
Miessotilasta,1
Kuntoisuustutkimukset,1
Pienimuotoiselta,1
Salakaupalta,1
Dystopiatutka,1
_eräs_,1
Huojennuin,1
Kysytän,1
Occupyheriin,1
Kysymysmerkilllä,1
Maahanmuuttokriitikkokaan,1
Työpalveluspaikattomille,1
Palveluunastumispäivä,1
Työpalveluspaikkaa,1
Aurinkolämmölle,1
Tukiöyhötystä,1
Energiaympäristö,1
Koomailujatko,1
Pamauttelemassa,1
Pullapoikien,1
Käyttöikkunaan,1
Polkuhintojenmetsästysorgiastasi,1
Alennuslehtisiä,1
Soittopeliin,1
Lähiputiikista,1
Kaksoisveljellään,1
Jackilla,1
Rothbardilainen,1
Maastoväriessä,1
Sissinkään,1
Loukkaannuttuasi,1
Puolustusasiantuntijoita,1
Systeeminkään,1
Kiristyst,1
Piipittäjät,1
Block1,1
Pössytteleminen,1
Kansalaisyhteisön,1
Kommennettavissa,1
Enregiamuotojen,1
Hyödyntämissuhteen,1
Royaltien,1
Käyttöliittymäohjeet,1
Monisanaisia,1
Patsulisuitsukkeita,1
Kannatushimot,1
Hengenheimolaisenaan,1
Aurinkonenergian,1
Säätövoimavero,1
Virtsapulloon,1
Ihkaoikeaan,1
Palkkaamiskustannukset,1
Oheistyöksi,1
Lisäsäätövoimasta,1
Brgrsiä,1
Burkereissaan,1
Yläkertalaisella,1
Keskiarvonaista,1
Pikkupuskan,1
Diilailemaan,1
Keskimäärähinnalla,1
Kitarankieliin,1
Lähiputiikkien,1
Musiikkikauppiaita,1
312f43d76ccb,1
Roistojoukon,1
Aurinkosuojaksi,1
Sisustusratkaisuista,1
Karsittiinko,1
Majoitusharjoituksesi,1
3c3eb40f4,1
Limnellille,1
Rääkkays,1
Vainoudu,1
Tuulivoimaveroja,1
Tukkuliikkeeltä,1
Foodstock,1
Pörssihinnoilteltu,1
Sähkönmyyntihintana,1
Suorakaitaisimpia,1
Hameenreunoja,1
Konsesuspolitiikkaa,1
Botnetillä,1
Valitollinen,1
Semmosselle,1
Käyräyttelijän,1
Pikselartin,1
Cyberhyökkäysten,1
Puolustuskerrosten,1
Poliisissa_ei_ole_todettu_kiellettya_etnista_profilointia_61344,1
Uusiutuviensa,1
Vuoristopatoineen,1
Vesivoimareservi,1
Täyskuntoiset,1
Informaatiotieteisiin,1
Ehdottomas,1
Sisämaakaupunkeja,1
Mozaffarin,1
Majoitusharjoitukseen,1
Jalkalihaksen,1
Taisteluvarustuksien,1
Kassutavaroita,1
Verryttelyasua,1
Itsestaanselvista,1
Erataitoja,1
Aurinkoasennus,1
Ympäristösaasteen,1
Puunpolttoteknologian,1
Yhdistysavustuksiin,1
Uteliaitten,1
Nipottelua,1
Vässykkästigma,1
Raakalaisuus,1
Raakalaismurhista,1
Raakalaisväkivallasta,1
Sopuratkaisuun,1
Kotirapussa,1
Ittiajan,1
Nykyisesessä,1
Infratöiden,1
Kyvykkåäiksi,1
Ylijäämähake,1
Brassiomistuksessa,1
Imagoinvestointi,1
Ilmaisjakelupäivät,1
Jakopyörään,1
B6valiokunta,1
A4visimme,1
Ykkösprioriteetikseen,1
Suomiäijät,1
Päättäjilä,1
Ilmanvaihtoventtiili,1
Powerwallilla,1
Köhväyrynenköh,1
Ketjuhinnoittelusta,1
Nauriitakin,1
Kartellisössötystäkin,1
Acquistion,1
Iwjcvnp,1
Hämäräsäädöt,1
Sekoiluajat,1
Rottineen,1
Säätöpaikoissa,1
Maanpuolustustuksessa,1
Kulttuurikoulutus,1
Palkkahuipun,1
Vapotukseen,1
Höyrystymisprosessi,1
Dekarboksylaatioon,1
Höyrystettä,1
Juomahommissa,1
Psykoaktiivisimman,1
Höyryhommiin,1
Korvausmiehiä,1
Kuivapitolämmitykseen,1
Takapiiriä,1
Koulurouan,1
Spoofaamaan,1
Asuttavammassa,1
Puhkiammuttujen,1
Harjoitusaseiden,1
Kiinteistösijoituksistaan,1
Neukkulähiössä,1
Halutunsuuntaisia,1
Settamaan,1
Tuotantopotentiaaliltaan,1
Maanpuolustusintoni,1
Iduskbn19w1aw,1
6mm5ec,1
Syrian_observatory_says_has_confirmed_information,1
Työkokeilukierteeseen,1
Demarijuttuja,1
Viilaamatta,1
Markkinatyrannia,1
Ketsuppibrändiä,1
Janssoninkiusauksenkin,1
Markkinatyranniassasi,1
Hikipajatöiltä,1
Keskiluokkansa,1
Ljagushinan,1
Säätämisessaä,1
Hiilisuodattimella,1
Kangastusefekti,1
Tasapainoilisin,1
Siltäl,1
Yksityisalueilleen,1
Esikoulutasolta,1
Haluneesta,1
Yhteiskuntainfrasta,1
Kuopattomat,1
Hiustyylisi,1
Kotiesintä,1
Pakkausmerkintää,1
_epäiltäisi_,1
Rikollisnerot,1
Mussuttelee,1
Maassaoloperusteet,1
Todennäkäisemmin,1
Työvelvollisesta,1
Selvitysty,1
Ruoka2030,1
C4e1c5d8,1
B1ca,1
7c6159b7c03d,1
Väestönliikkeisiin,1
Rakennakkaan,1
Puutostavara,1
Puskankasvattajaa,1
Kasvatusilman,1
Normoväestöltä,1
Hamppujahti,1
Lainvalvontakoneiston,1
Koskenperkausjohtokunta,1
P1e_vrkyf4w,1
Ekoarkkitehti,1
Paukkupatruunoissa,1
Itselataukseen,1
Auringovoiman,1
Kiinteistökohtaisesti,1
Tuomareissakin,1
Dk2a4u7,1
Rapujuhlaa,1
Capitulations,1
55th,1
61st,1
26pm0zypvuk,1
Masentaan,1
Veronkiertäjinä,1
Buustattais,1
Legiteimmistä,1
Oikeistosuuntaisuus,1
Nuorisopuoleet,1
Huutolaispoikia,1
6ml66x,1
Sumaria_news_isil_announces_death_of_baghdadi_in,1
Törimiseltä,1
Pärähä,1
Luonnonsuojelutoimenpiteenä,1
Metelihaittaa,1
Yksityistämishankkeista,1
Jenkkitekniikkaa,1
Hävittäjäkilpailun,1
Keskivaihtelu,1
Maahyökkäysreitti,1
Vaalikulut,1
Oikestopuolueen,1
Sekularistisemmilta,1
Urheilupostauksia,1
Jantterimme,1
Antennijärjestelmät,1
Omistajaohjausvastuun,1
Neukkukuutioalueista,1
Rapujuhlijat,1
Mikkovlttil,1
Aamulehdessa,1
Hiilestähän,1
Isovarpaalle,1
Kokonaistypenpoisto,1
Typpikaasuna,1
Sisämaakaupunkien,1
Stocklalta,1
Ratsatkaa,1
Skimmailessa,1
Aritmetiikalle,1
Profiloinin,1
Sepostella,1
Ruotsiseinfomakernewspilotnewsmlnpdocb3ee54d2etoimii,1
Ilmailutoimittajalta,1
16_users_article2,1
Ylläpitokykyjä,1
Kukkarosssa,1
Sijaittaisi,1
Abruzzossa,1
Pulitimme,1
Määrityy,1
Kutistemuoveihin,1
20yhteistyo,1
Huoltovarmuuskriittinen,1
Äitiö,1
Varmuusvarastoidaan,1
Autoveroasioissa,1
Mulkvistivirkamiehen,1
Tsetseniakin,1
Vuorikuningas,1
Tonkinin,1
Vattuilla,1
Telakkatukena,1
Jäissäkulkevia,1
Suomalaiserityispiirteen,1
Merimiinoituksen,1
Harppisaksan,1
Sähköteipin,1
Kurdidiaspora,1
Sirumaksutapaa,1
Lukioltasi,1
Taisto_huuskonen,1
Fasistipropagandana,1
Webbipalvelulla,1
2pnczink,1
Keuhkoissakin,1
Dqhuajtzqf0,1
Tuottorajoista,1
Hinnankorotuk,1
Pysselöllä,1
Konfederalismiä,1
Loisrinnakkaisyhteiskuntia,1
Isäntäyhteiskunta,1
65j1ke,1
Saako_suomesta_secret_hitler_lautapeliä,1
Lenismin,1
Puhelinkorjausmestaa,1
Uiqnlbj,1
Luonnosuojelua,1
Melontareissua,1
Seuralin,1
Erkki_lamp,1
Nuoriyrittäjyysohjelma,1
Nyvuosiyrittajana,1
Vuosikatsauksenkin,1
Kauppatilan,1
Asevelvollisutta,1
Dead_hand_,1
Nuclear_war,1
Energiatarpeissa,1
Unionivastaisiksi,1
Periferiamme,1
Valiteettavasti,1
Peruutetaanko,1
Budjettiprosessia,1
Tilinpitokäytäntöä,1
Tilinpitokäytäntö,1
Korjausvelanoton,1
Yleisosan,1
Kirjalainat,1
Kassavirtavaikutustahan,1
Perusparannusinvestointeja,1
6ict1m,1
Hallitus_aikeissa_mahdollistaa_valtion_nesten,1
Dj59g8v,1
Matruunat,1
Skypeäkin,1
Rahantahkoamispuolen,1
Tzm8l86ass8,1
Mashhadanin,1
Pallittomasta,1
Hufvudsbladenista,1
Ympäristömaksuja,1
Mamuleiriä,1
Jarruraitaisia,1
Asiakkailt,1
Yoloo,1
Eezyjä,1
Raskaspiippuinen,1
Valtameriveneilijöiden,1
Laskutusosuuskunnat,1
Yhteyskasveihin,1
Yhteyspesukoneisiin,1
Pesukonekuiskaaja,1
Vasemmistolaishenkisiä,1
Kollektiivisideologisesta,1
Soneralaisista,1
Lisääntymiskysely,1
Älylaitteestaan,1
Sukellusvenetukikohtiin,1
Tohkeuden,1
Alkoholiuutisoinnin,1
Kehitystahtoisia,1
Hydrophonien,1
Tarkkailijakoneet,1
Hyökkäyssukellusvene,1
Ydinsukellusvenepeloite,1
Uimatuomarimainen,1
Unteb,1
Checkmateathiest,1
Puolustusammunnan,1
Vyötti,1
Leninisteja,1
Kyleorton1991,1
Vaalikysymykseksi,1
Suoraosto,1
Kehitysohjelmassakin,1
Taukoilevaa,1
Egually,1
Kokkarisuhmurointi,1
Kilpailukutsun,1
Vandeput,1
Fgov,1
20proposal_0,1
Iltapäivälehtimäiseen,1
Uutiskuvastosta,1
Radikaalipunaisuus,1
Metsänkäyttöastetta,1
Pehmoleluilta,1
Uudelleenjärjestelyiden,1
Mulukunlahti,1
Ullanlinnassakaan,1
Nupuriin,1
Tiedusteluosastolle,1
Monitahoisimmista,1
Oikeistokristillisiä,1
Tekstiformationnin,1
Tqf9s,1
Äpäräjärjestelmä,1
Kermanvärisistä,1
Nupurilaiset,1
Pentukarva,1
Röökinvetäjät,1
Ij7pn,1
Vippakonstin,1
Lurkkaamis,1
Omgelmaa,1
Pelossakaan,1
Vapaudenriistoaspektia,1
Aloistamme,1
6mlgjw,1
Moni_maahanmuuttajanainen_j,1
A4_ilman_ty,1
A4_koska,1
Klapini,1
Tuntematto,1
Opettajamainen,1
Antibioottihomma,1
Antibioottiglyfosaattitorjunta,1
Ainemuhjua,1
6mklpn,1
Jussi_hallaaholta_yll,1
A4_linjaus_en_kannata,1
Dk2ku1m,1
Lapinkoiraseniori,1
Eläkkeisiini,1
Sovellusvelho,1
Täydennysveroja,1
Palvelujesi,1
Pytte,1
Sukellusveneentorjunnasta,1
Sutokyky,1
Metsäpohjaisen,1
Mörtsell,1
Koulutusvastaava,1
Teknologiasiivellä,1
Ydinvoimajuttuakin,1
Selviån,1
Vantaanmies,1
Varapuhelimet,1
Atomisi,1
Poliiskaan,1
Kuralätkiä,1
Hypotettisellä,1
Maahanmuuttajakritiikkiä,1
Äänestäjiltäsi,1
10534401nok,1
Vasemmistosuuntuksiin,1
Itsenäisyysvaatimukset,1
Blogikirjoitusen,1
Krijoittajan,1
Valkuperäisen,1
Perustuslakituomioistuimestakaan,1
Vinkeensä,1
Biotalousvisioiden,1
Metsienkayton,1
Aurinkovoimaidiotismiin,1
Firmamaailmassa,1
Lahjanantajaa,1
Ebenpuu,1
Yleistitköhän,1
Henkilöyrityksestä,1
Päivähoitoikäisten,1
Päivähoitomaksuilla,1
Pikkuviilausta,1
Vanhapiikaveroihin,1
Ikivihreyden,1
Kokonaisenergiankulutuksessa,1
Peltobiomassan,1
Turvepunteilla,1
Raapaisemalma,1
Liikuntasäkit,1
Kestävyysarvioihin,1
Huoltamofranchiset,1
Kesäkassa,1
Ravintolamaisuutta,1
Kerrannaishaitoillaan,1
Osamaksajana,1
Psykoosimittaria,1
Hufvudstads,1
Ålandstidningeniä,1
Kehujille,1
2500mg,1
Faktakritisointi,1
3awolf_distr,1
Sähköpostipaljastukset,1
Perustamistani,1
Menestymätön,1
Rääkyvine,1
Mukaliberalistinen,1
Uuskonservatistista,1
Antiliberalistista,1
Järkyttämättä,1
Ravintolapointin,1
Nautintopaikka,1
Jyrkistyessä,1
Frangeista,1
Atomium,1
Freedom_of_panorama,1
Päänhuoleksi,1
Äitikoiraa,1
Isäkoira,1
Rykimähommiin,1
Eaiaiqobchmi1kj8goyd1qivsiwzch3nngmueaayasaaegji8_d_bwe,1
Keulamiehet,1
Jalostustoimi,1
Ryssänatsivalemedialta,1
Värväysmielessä,1
Vuolennat,1
Äänikirjastoa,1
Puhelinlainaus,1
Yrittäjyyskurssit,1
Yhdeksäntuhannen,1
Kätilökeikka,1
Paniikkireaktioista,1
Teurastettavaa,1
Downvotettuna,1
Establishementin,1
Brazileyn,1
Hakkerointikulmaa,1
Vedänpitävä,1
Debattiamanuaali,1
Lateksipukuista,1
Noudatanhan,1
Perustukisa,1
Seurusteltuaan,1
Hölöpäti,1
Pölöpäti,1
Jäkätijäkjäkäjäk,1
Tilanvaltaamiset,1
Hillaroi,1
Presidentinvaaliehdokkaan,1
Soitattava,1
Kohunnan,1
Rikastamoiden,1
Jwlluke,1
Haamusavut,1
Sturm22,1
Historiadokkari,1
Palavasieluisimpien,1
Akulan,1
Ydinbunkkerista,1
Uittamisista,1
Interlaced,1
Globaalistumisesta,1
Mailikeskustelut,1
G92i3swexz8z,1
Maailmanparantajafilantrooppeja,1
Aikaperspektiivinkin,1
Sepossa,1
Laatunaudasta,1
Rintapaloista,1
Foxkaan,1
Ilahtuneesti,1
Foxinkaa,1
Mielipidetiedustelijoiden,1
Mustamiesosoittaapäätäänsormella,1
Vahtivuoroissa,1
Takinkääntöalttiista,1
Ammattikusettajista,1
Mas17,1
Tiputtaneesta,1
Kilkkaus,1
Jenkkipinssinsä,1
Proteinipitosuuden,1
Toivioretkelle,1
Kasvumateriaalina,1
Commentary_on_u,1
Villerannat,1
Iikkakivet,1
Ilveiltävää,1
Jysexton,1
Konsteinkin,1
Ihan_järjettömällä_hiilijalanjäljellä,1
Suosikkidokuni,1
Shitismejä,1
1337420d,1
Pähteet,1
Kampanjarahoituslakia,1
Sf86,1
Tedlieu,1
Lokalammikossa,1
Aappojen,1
Landserin,1
Landser_,1
Vehkeile,1
Ongelmapankit,1
Vakoojakoneistonsa,1
Ajatustenprojektiolaitteidensa,1
Ajatustykkiensä,1
Asuntonisisäpinnat,1
Tukevammilta,1
Edustajahuoneissa,1
Memoilla,1
Sisäpoliittisa,1
Toimijoitaan,1
Valtionjohdollakaan,1
Vaalivastustajasta,1
Maakaapelointisuhde,1
Fosfaattikaivosten,1
Fosfaatitkin,1
Jalostustekniikkaa,1
Sibilyanev,1
Teurastusarvo,1
Paasikivenaukio,1
List_of_countries_by_body_mass_index_,1
Who_data_on_prevalence_of_obesity_,1
28bmi_,1
A5_30kg,1
2fm2,1
Edutajaa,1
Opponoijilta,1
Brittitermein,1
Prosecutorista,1
Governmentilla,1
Verkkooperaattoreita,1
Sadetekemisen,1
Ystävänu,1
Hurjaksu,1
Atomiumista,1
Maisemanvapautta,1
Surusävelmää,1
Kiinteistöbisbekset,1
Qataribisnesmieheltä,1
Watergateksi,1
6m7g3t,1
A4_tunnistaa_aidon_suomi_juntin,1
Djzgqdp,1
Viidakkovarustus,1
Viidakkopuvun,1
Rämepäähän,1
Kulovaaraa,1
Tuliteräksellä,1
Sytykkeisiin,1
Sytykepalojen,1
Grillihiiliin,1
Paperirullaan,1
Muhjupallura,1
Wyf1d,1
Seuranainen,1
5f4qi2,1
Every_pub_in_the_uk,1
Yhteisohjelmaa,1
Painttista,1
Impliedly,1
Ahtaampiinkin,1
Majapaikalla,1
Ettiäkseen,1
Johtovaltioista,1
Ltä_,1
Hyödyttäväati,1
Hallintokaveri,1
Taksita,1
Grebu,1
Eurobiitit,1
Paskalikööri,1
Tsibu,1
Asfaltoimattomana,1
Naisasianajaja,1
Hakkerointiuutisten,1
Bestiksien,1
Aikamarginaalilla,1
Netilläni,1
Kampanjointiyhteistyö,1
Kuvakaapauksista,1
Suhlasen,1
Valtamediallamme,1
Intressia,1
48o79l2xgyc,1
Bottiapua,1
Bleachbitata,1
Ilmastotieteilioista,1
Keksittya,1
Sulo_etu_miia_071216_lb,1
Valtionpäihin,1
Kalorimäärältä,1
Jokaviikonloppuisesta,1
Vehkeilleensä,1
Juntihtava,1
Haottaakos,1
Laskettelulomasta,1
Brainstromilla,1
Juhlakalujen,1
Häälahjatilille,1
Äänestäjärekistereiden,1
Demaripresidentin,1
Lokasankoilemaan,1
Lokasankoilu,1
Uskuivatkin,1
Sameammista,1
Polttaritarinoihin,1
Tekevänsäkin,1
Ötökänraadoista,1
Chowit,1
Suvannolla,1
Vaalipreppausaineisto,1
Selänrapsuttelusta,1
Kuplafutis,1
Maililangassa,1
Hyshystietoa,1
V0kqt1mfdvw,1
Mhqn,1
Fssl4i,1
Vehkeilit,1
Koiravinkkithreadissä,1
Kärvisteltävänä,1
Hakuiässä,1
Painavimmilla,1
Vetovipuna,1
Lisäpolarisaatioon,1
Hajoitetussa,1
Pondin,1
Polarisoitumislinjalle,1
Tiedusteluinstituutioista,1
Salaliittodokumenttejä,1
Dossierit,1
Tiedustelukulttuuristaan,1
Vastatiedustelussa,1
Väärälahkeisena,1
Taideperformansseja,1
30miljoonan,1
Rottafarmi,1
Megafonikieltoa,1
Ypgs,1
Zionismiin,1
Labor_zionism,1
Järjestäytymisensä,1
Suhauttelin,1
Polttarijengiin,1
2hjxya0cwco,1
Jakaamisessa,1
Äidillisestä,1
Pyykkirumban,1
Itsesensuroinnin,1
Samanmyötäistä,1
Yllyttavien,1
Palveluhuoltiksella,1
Totoukkojen,1
Miesasianajaja,1
Vehkeillystä,1
Kuhavale,1
Lauston,1
Lgbt_rights_in_malta,1
Psalmia,1
Lakifiktiossahan,1
Pelimiesliikkeitä,1
Aikaistettuihin,1
Täytevaaleihin,1
Obamsta,1
Toimintametodia,1
Juurikohta,1
Valmas,1
Vesiperäksi,1
Riemukarkeloita,1
Vasmmistolaisuutta,1
Hyväuskoisuudessakin,1
Kalastusreissuillekin,1
Turkkilon,1
The_väyrynen,1
Nothinburgereistä,1
Z7zb0h7,1
Viikonloppusikailua,1
Nuukempikin,1
Vadak1s,1
Kampanjalain,1
Miekattomasta,1
Sadevarustus,1
Pakkaustekstien,1
Elintarviketeolliset,1
Wx2jl,1
Erityislahjakkuutta,1
Poskisolistinuraa,1
Genreilleen,1
Perintöosaksi,1
Heettiläiset,1
Amorilaiset,1
Perissiläiset,1
Hivviläiset,1
Jebusilaiset,1
Märkligt,1
Etusivupaikka,1
Edustitkaan,1
Sähköpostitunnus,1
Tuoksunen,1
Lidit,1
Lysähtäminen,1
Aavistinki,1
Luennointihan,1
Artikuloimalla,1
Kasvatustieteelliset,1
Keskenjättävät,1
Ruokatarjoilunkin,1
Dearpenthouse,1
Omakotitalounelmasta,1
Hiekkalaatikkokahinointia,1
Oikeamedialaisuuden,1
Napottamista,1
H5srjuu,1
Kakkajenkka,1
Ruotsinpoeka,1
Vainrsuomijutut,1
Yakutia_sukhoi_superjet_100_,1
40_vvo,1
300_1494846839,1
Superjetin,1
Syytettävääkään,1
Otsikoidensa,1
Huvisaalistusta,1
Emämkoululaisen,1
Perusperjantain,1
Zdxpy65,1
Y1xvl2w,1
Kolikkokuppejaan,1
Porukassakaan,1
Sekaporukan,1
Juomapuolesta,1
Puhdistuvana,1
G1gf4gnb,1
Piensuihkuluokassa,1
Hukkapannu,1
Kiintyneempi,1
Hoitovitreet,1
Potilaskuolleisuus,1
Morbethia,1
July12,1
Puhdistuvasta,1
Luonnonpuhtauden,1
Tapauskonnossa,1
Luultavammim,1
Seittekööt,1
Tsöörkuurtin,1
Pankkipaprut,1
Broadcastit,1
Raatiosta,1
Isäpappakin,1
Ysäriparhautta,1
Koirankasvattavajat,1
Korvikekoirien,1
Fellaatiojuttu,1
Dorkinta,1
Päiväkinkereihin,1
2alffa4this,1
Laibachista,1
Piipunvaihdon,1
Vz52,1
Pätkivässä,1
Asesepinnällä,1
Havainollistaneet,1
Bändilta,1
6svlyis3nli,1
Nxa8_p8tl1e,1
Jjäi,1
Riennosta,1
Paskahalvauksilla,1
Humoristisenkin,1
Vitsisubreddit,1
Totuinko,1
Nopeutuiko,1
Kyyvedestä,1
Tummavetinen,1
Turveliejusta,1
Implanttisiru,1
Il96,1
Yksityiskoneenaan,1
Lapsettomuusbuumin,1
Monopolitapauksissa,1
Luparumban,1
Kmdupcclon4,1
Käsittelevllä,1
Työtunneilleen,1
Rahavaroilla,1
Vastavalmistautuneita,1
Nuivistakin,1
Merijäätikön,1
Tulppaavasta,1
Etuosastaan,1
Tulppaavaa,1
Tulppaavia,1
Tasavertoiset,1
Luikertelevasta,1
Kaapelihässäkästä,1
Uudelleenlämmitelty,1
Myyntilukemiin,1
Kynikset,1
Pariviikkoisen,1
Kuusikymppisena,1
Siittoita,1
Asumisoikeusjärjestelmää,1
Markkinoillehan,1
Cityjetillä,1
Fanataan,1
Siideripissiksistä,1
Tacobellnautoja,1
2rnuwcp,1
Luomispyrkimyksissään,1
Viikonloppumiljonäärikerhossa,1
Ryyppyvuodet,1
Pressgangaamista,1
Rutistettiinkin,1
Refugeeswelcomettaa,1
Meilläonunelmattaa,1
Pelipoikittaa,1
Syyrialaislapsia,1
Syyrialaislapsinarratiivia,1
Värikuularadalla,1
Polttaripäivänään,1
Neivottelun,1
Morsiustaikoja,1
Mökkiruuat,1
Nyyttäriperustein,1
Erottamiskampanjointia,1
Ihmisrobotit,1
Murmattaessa,1
Juhannusspesiaalin,1
Kissanruokakuppimies,1
Naurunhyminät,1
Perjantaiviihdettä,1
Radionteko,1
Räppiohjelma,1
Heviohjelma,1
Hevifriistailit,1
Panteraräppi,1
Djenttitausta,1
Spirituallysmart,1
Kuuntelemattomana,1
Eläkeläisenmieliset,1
Raatokuoriainen,1
Gpduy6pgx_0,1
Väykkäläisillä,1
Atmosfrääri,1
Radiomusikaali,1
Vanhemmuuttakin,1
Unonhtamatta,1
Avausrepliikeillä,1
Aknevalaat,1
Kumiveneilla,1
Hallituskriisisirkuksen,1
7ku76pzd,1
Vaaliväittelyiltana,1
Voihketta,1
Kohdunvuokrausmahdollisuudesta,1
Kunkkuillan,1
Bestmänistä,1
Paikallisjoukkuuen,1
Vuokrasaunassa,1
Passiivisaggressivisesti,1
Kaatuilijalle,1
Haalaripuvut,1
Eläinprintillä,1
Rauhottys,1
0twwumauqrq,1
Kansoitukseen,1
Nettideiteiltä,1
Ikäisinähän,1
Pöytäsitran,1
Rääkymisiä,1
Kuuntelijapuheluihin,1
Pehkosessa,1
Tonikaan,1
Avautuvaiselta,1
Käyttöliittymäin,1
Suosikkipodcastit,1
Peruskonservatiivinen,1
Polkuhinnoittelulta,1
Sakemanniuroot,1
Stolepovin,1
Kansojenvälisen,1
Pilamatskut,1
Lähitiede,1
Nanokemia,1
Välipätkän,1
Vaihtorumbasta,1
Varustelekat,1
Huostaanottokauhutarinoiden,1
Psykologejakaan,1
Työttömyystilastotkaan,1
Riistohakkaajat,1
Kepuvihan,1
Känttyrät,1
Maanpuolusturatkaisu,1
Pedanttiuttani,1
Ttxjnqlahaq,1
Palonilmaisimia,1
Kaunismäki,1
Revähtymiä,1
Keskustelukierrokselle,1
3wzuv3lm969z,1
Tietoverkkokatkos,1
Nettikatkos,1
Rantaruattia,1
Lapsellekki,1
Aaaaaaahhhhhhh,1
Valta___media,1
2c_2015_and_2016_,1
28thousands_of_first_time_applicants,1
Tyyppihyväksyntämerkki,1
Varmistusmerkissä,1
Piispanhattu,1
Kannatuskortteihin,1
Puolueellekuin,1
Valitsijamiesyhdistysleikistä,1
Suomettuneisuudenkin,1
Valemediamme,1
Propagandaluonnettaan,1
Elämämkoulumiehet,1
Perintöverorästinsä,1
Palveluskurssi,1
Rikostilastopiikeissä,1
Country_of_origin_for_persons_born_abroad,1
Vatusseista,1
Sympatiseeraten,1
Dekadivirhe,1
Klikkihuorauskieltä,1
Iiiitse,1
Lappeenrantalaisethan,1
Jäänmurtopalveluja,1
Filippiiniläismerimiehiä,1
Lupiineistani,1
Rahankeräyskampanjalla,1
Aseisttuja,1
Kuuvilla,1
Integraatiopolitiikkaan,1
Fasfsasafd,1
Vierautuneet,1
Маркоn,1
Suvakkialuksia,1
Aurinkovoiderasvattuna,1
Pakkosuomittaa,1
Pakkoranskistaminenkaan,1
Gq9jmwgotza,1
Seurantaradionsa,1
Identitaarilaivan,1
Anarkistiamme,1
Naisasiapaneeleissa,1
Kontraktorit,1
Projektivalvontaa,1
Duplikoituja,1
Taaratusta,1
Vihamusiikki,1
Erbium,1
Holmium,1
Volframikin,1
Ytterbium,1
296de2dce135a5a05a1403c37a4252b5,1
Vaakahuijarit,1
Ketjuliikkeellä,1
Ituksen,1
Kieliprotektionismi,1
Kieliänkyrä,1
Kutsunnoistahan,1
Terveystarkastustodistukset,1
Sijoitusneuvonnalla,1
Sanastovaatimukset,1
Vuorovaikuuksissa,1
5f73a9a5,1
418a,1
F78bd7afa3d4,1
Liikenteenohjauslaitteen,1
Hoitopalkkioita,1
Etupuskurina,1
Kikkareidein,1
Kuvausteksteinä,1
Synnytyshenkilökuntaa,1
Kasvatushommaansa,1
Finlandconspiracycon,1
Tekijänoikeuskirjeet,1
Rahastuskeinosta,1
Gadolinium,1
Pedanttiuttasi,1
Elätttämään,1
Whateverkortti,1
Käyttökokemustani,1
Omaisuusprosenttin,1
Ravintolakertaa,1
Herätyksellisyyttä,1
Kajkunnas,1
Herrakerhoksi,1
Logiltahan,1
Valtionmahtavapoksi,1
Itsenäisyysjuhlastakin,1
Puhdistautumisrituaali,1
Buffett_rule,1
Vahvisterokotteet,1
Minimikuntoa,1
Kutsuntajuttua,1
Verotietonsakin,1
Möliseville,1
Otepintaa,1
Kiistääksesi,1
Syyttömyytäsi,1
Pankkivihaa,1
Ansanana,1
Päätöskyvytön,1
Lisäeskaloitumista,1
Euroverkon,1
Paskapääpoliisi,1
Liputtaahan,1
Dogmaattisuudeksi,1
Peltipoliisisakoista,1
Kulmikkaalle,1
Siirtomaahommelit,1
Naapurimaitakaan,1
Pankkisijoituksen,1
Aasianreissulle,1
Vihapuhehysteriassa,1
Paalutetut,1
Kakkosluokkaistavana,1
Sotilasyhteistoimintaa,1
Mieslotta,1
Aikaansaamisia,1
Muovipaneeli,1
Valituskäsittelymaksu,1
Pähkinäpussiin,1
Extrapähkinät,1
Siviliijutuissa,1
3854ift,1
Tuplaheijastui,1
Ajamisessakin,1
Siviilliasia,1
Listattas,1
Identiatarismin,1
Syyllistämiskampanja,1
Voimaannuttaisiin,1
Metaulinakommentit,1
Laukaustenvaihtoja,1
Peltilootien,1
Kurkkusaalaatti,1
Suorittamattomista,1
Makuutettua,1
Manifestesti,1
Ideotiaan,1
Saavutuksistamme,1
Sivuulle,1
Hyökkäystahtoon,1
Mobilisointiaika,1
Täpötäydeltä,1
Mediapöhinän,1
Hihnattomia,1
346er,1
Painetasaus,1
Tuplailisi,1
6n09k7,1
Raiskausten_,1
Palkaamatta,1
54ab0fe769bedd9e7887050a,1
Cotd,1
Bill_ja_melinda_gatesin_s,1
Rokotusprojekteja,1
Rokotesäätiölle,1
Keltakuumerokotevalmistukseen,1
Institutea,1
Viitoslevelille,1
Taittumisongelma,1
Kiidolla,1
Pohjoispreeriasta,1
Induktiosilmukkaa,1
Piezosähköiset,1
Vqgsi4ke7su,1
Rikosilmoitustehtailu,1
Symbolinen_asema_ja_tunnukset,1
Valtiolipusssa,1
Kaupunkifestivaaleilla,1
Trikkeröidy,1
Käsitutka,1
Crashi,1
Lähimmäista,1
Puolipiiloindeksirahasto,1
Rahastonhoitajalla,1
Korentorumilus,1
Ylijäämältä,1
Taideannos,1
Okcupidilla,1
51bd25ae9a75,1
Puukottaapi,1
Ihannemaailmassahan,1
Tilastoistaisi,1
Provokaatisesti,1
Paineentasausongelmiin,1
Nestepussiin,1
Kehiteltäisiinkö,1
Pikkumaana,1
Hihnallahan,1
Markkinointiteknistä,1
Heräteostettavaksi,1
Pakattaessa,1
Kauppapisteeksi,1
Taloussei,1
Iessuolat,1
Skandaalihakuisessa,1
Piilopassiiviset,1
Yrityskäynneillä,1
Lastelastensa,1
Muussaantuivat,1
Pakkauspyödällä,1
Käännyttämislentojen,1
Autoflagellaation,1
Kiinteistöosakeyhtiössä,1
Vastikeasiat,1
Laskutusperusteeksi,1
Kulutusperusteen,1
Autofellaatiokin,1
Vuositalossa,1
Kaupanteonyhteydessä,1
Rullasto,1
Saavustuksista,1
Raapustukselta,1
Nytimesilta,1
Verovälttelijän,1
Bershire,1
Alkukauppa,1
Loppukauppa,1
Mullistaakseen,1
Suomipankeista,1
Bhargava,1
Uutisbuffin,1
Huonestojen,1
Sähkövastike,1
Fintecheiksi,1
Thieliksi,1
Banaaninsa,1
Monipuolisine,1
Sotakuolemia,1
Sotakuoleman,1
Piiloindeksointihuijaus,1
Esitteissäkin,1
Talletuspankkien,1
Myyntiajankohdasta,1
Nq100,1
Teknologiaindeksi,1
Arparahat,1
Voittotodenäkäisyys,1
Arvonkasvu,1
Sähköasioden,1
Palkkiomaksuja,1
Peruspankkitapaamisessa,1
Osakepainoilla,1
Aunesluoma,1
Vassarivuosieni,1
Googolpleks,1
Tutha,1
Ylätunnisteessa,1
Päytäkirja,1
Historiakäyrässä,1
Sijoitusmarkkinan,1
Lentohyökkäys,1
Raiskauspontevia,1
Vuositulokseksi,1
Rullalautailemasta,1
Madaltumistaan,1
Yliaktuaareja,1
Suosikkipalindromiani,1
Taarapainona,1
Taarapainoa,1
Vaaat,1
Tapahtumasuuntia,1
Häpeäpilkut,1
Päräytysoikeus,1
Heimosodille,1
Okykalliisiin,1
8ymoo,1
Miehistettyä,1
Lottapalvelua,1
Säästötilliläkin,1
Anumaksapillukakkakullipaskamuna,1
Fintecheille,1
S_arctic_sea,1
Zh1s9,1
Räppänäsi,1
Balancionin,1
Budjetointityökaluja,1
Säteilymittauksien,1
20tailtiin,1
Testiyleisöä,1
Kaalirikasta,1
Hakemusasia,1
Identitettivarkaus,1
Akhanistan,1
Evakkorees,1
Natsinahkas,1
X5zavqf,1
Zhirinovskeja,1
Ruohorinne,1
Eläimillläkin,1
Aaso,1
Verkottumiset,1
Salakuljetuskuviossa,1
Kritisoivinaan,1
Massaimporttaamisella,1
Lepsummiksi,1
Yksityisyydeensuoja,1
Menetellyllä,1
1sfp45,1
Hapenkin,1
Suomalaisuuskansliaa,1
Kansallisperintöämme,1
Säteilymittauksiin,1
Sateilymittari,1
Varahtanyt,1
P256564,1
Appiukossa,1
Toteutuksellaan,1
Nvn7e6a,1
Alimmaisetkaan,1
Marteissa,1
Collinin,1
Bättremmät,1
5cb765668e49162a2ba1c98dc41ee42a,1
Tvfort,1
21c484,1
Häpeilivät,1
Hillsistä,1
Estoniakin,1
Tinapipojuttuja,1
Korkohyrrät,1
Perusgranilaista,1
Perusgranilainen,1
Superiorwasteaward,1
Chiliadmystery,1
1uq68v,1
How_to_flair_your_post,1
Ihmisoikeuskäytännöissä,1
Hintakeskusteluja,1
Natsifasistibasisti,1
Kauniaislaistenkin,1
Tarjottavata,1
Liukeneekohan,1
Realismilasit,1
Kirjatoissa,1
Lähtöviivana,1
Bäckmanilaista,1
Ihmisoikeusvelvotteiden,1
Yksilönoikeusmittauksissa,1
Tilinhoitomaksujen,1
Pakkoyhdyntä,1
Puistokävelyn,1
Maksulippuja,1
Orchestras,1
Seksismiongelmaa,1
Henkisestö,1
Savusukeltajakoulutukseen,1
Uyzlbcy9cny,1
Holoseenikausi,1
6n0cr0,1
Yritys_vältti_yli_250_miljoonan_euron_verot,1
Opetuskauhupeli,1
Konseptisivulla,1
Virhemaksussa,1
Lautakuntapaikoista,1
Uhrauksineen,1
Dk5rymx,1
Tietoturvallisestikin,1
Nollasummapelitapauksessa,1
Jingoism,1
Käsityydytyskalmari,1
Consequentialist,1
Consequentialism,1
Esittämänäni,1
Osateon,1
Rpk_2017_02_2017,1
Näinnikkään,1
O_vdg38dwt0,1
Oheisgrafiikat,1
Jämähät,1
Huolimattomuuuteen,1
Kiihottamissyytöksille,1
Kieltaytymisprosessi,1
Siviilipalvelusmieheksi,1
Kieltäytymiskirje,1
Aufiksguqxq,1
Ongelmallisa,1
Yliedustivat,1
Koulutettuneet,1
Aavelettu,1
Sirkuttelevaa,1
Rasistifasistinatsistisia,1
Baarinpitäjäkään,1
Kaiverrettuani,1
Hiihtokisamitalia,1
Vänkäävien,1
Alivaltiosiihterin,1
Kännykällesi,1
Salasanasuojata,1
Tekessiltä,1
Iltauutisesmerkki,1
Täyttynevät,1
M50ntg0,1
Tarrojenliimailijat,1
Pitsaketjut,1
Dk5s0k3,1
Sakkopoliitiikassa,1
Kausilippunsa,1
Päivittäistasolla,1
Rasvankestävät,1
Mamukonstia,1
Telakoitumistesti,1
Biojätesiman,1
Sotatempuista,1
Kansaneyhmää,1
Nännikään,1
_kakkoseen,1
Palindrom,1
Päättelykkyä,1
Kielikorvakin,1
Lauseentäytettä,1
Stivisuositus,1
Oikeusjarjestys,1
Luentoaikataulujen,1
Mukautuksista,1
Keskustanuorethan,1
Nuorkeskusta,1
Cdf592ae57,1
Mjn1j8c,1
Viidenkybän,1
Päiväbudjettini,1
Varikkopäällikön,1
Uhkaneen,1
Hallitsijoissa,1
Mittauspaikasta,1
Kserkses,1
Elämänvaiheeseensa,1
Eläkeläisetu,1
Kullipaskamuna,1
Kakkak,1
Muitselisin,1
Julkaissessan,1
Tehtaanomistajissa,1
Yksityisautoilijoissa,1
Kärjistetystihän,1
Holoseenikauden,1
Yrityslobbaamista,1
Savustettujen,1
Joojooja,1
Yksityisyysrauhaa,1
Keskittymiskykykoe,1
Matemaattisloogisen,1
Nuinnikkaasti,1
Kurisositeettina,1
Nollasummapelitilanteissa,1
Pankkisovelluksille,1
Budjettityökaluille,1
Arvokeskusteluhan,1
Sorgenbörje,1
Hiffannunna,1
Aakasemmin,1
Tukatonta,1
Polttarimeininki,1
Nousukaapeloinnin,1
Muuntamossa,1
Lucu,1
Doubler,1
Kielenhuolto_kielitoimistossa,1
Korporatokratistisia,1
Talouseliittiläisille,1
Ryssästähän,1
Mobiilimatkalippujen,1
Kanssasuorittajien,1
Liiottelemalla,1
Perustuslakiulina,1
Natsiii,1
Fasistiiiiööööhhhhh,1
Lautakuntapaikkaa,1
Gladwellia,1
Tekijänoikeuskiistan,1
Macaca,1
Nigrasta,1
Sulawesinmakakista,1
Dokumentoinniksi,1
Torstaipähkinä,1
Kesätyttöjen,1
Päättämisilmoituksen,1
Ripuliehdoitukset,1
Uustaistolaisuusbingon,1
Eesim,1
Määräytymishetki,1
Tienkäytösta,1
Inoissaan,1
Ennekkotilattu,1
Seksinälkä,1
Lqkq8vfy2xa,1
Hofrn0kihou,1
Kiintiöllisissä,1
Nollasummapelitilanteen,1
Palindromirunokirjasta,1
Hydrokinonia,1
Fitu,1
Keepcalm,1
20hairinta,1
Mobiilioperaattorilta,1
0oaraptjgii,1
Varatuomareita,1
Tuopilliseksi,1
Taidemaailmastakin,1
Crewdson,1
Provokaatioviestin,1
Valokuvatulla,1
Crested,1
6n1m4k,1
Google_kyll,1
A4_osaa_nettisivujen_previewt,1
Asetehtailta,1
Kierrätysromuun,1
Hävityskanavasta,1
Suunnittelutilaisuuteen,1
Hyväilyjä,1
Normivapaat,1
Suvakkidemarien,1
Suvakkidemarit,1
Pääomamyönteisiä,1
Pilipalipuolueita,1
Värikorjailuja,1
Raakaruutuja,1
Workflowssaan,1
Asianosasia,1
Kaupunkilaissukupolvi,1
Palkkaamattomuuden,1
4kuoazv,1
Vastaavissä,1
Risujemmaajatapaus,1
Teidentukkona,1
Pitemmilllä,1
Sijoitusasiakkaita,1
Aknekin,1
Hammashoittoon,1
Valikoitunee,1
Värikorjailut,1
Raakaruutujen,1
Jämäköittämällä,1
Pmc3445337,1
Tekeijänoikeuslain,1
Rantaani,1
Kihertelyä,1
Vsstaavaksi,1
Kolarialttiudessa,1
Riskinottotaipumuksesta,1
Arkiaamuvuoroa,1
Kieltänytkin,1
Todistusmateriaaliksi,1
Noinnikkäänkö,1
Suoramarkkinoinnit,1
Rajakkihuorilla,1
Ryntyyt,1
Teenäistä,1
Poliitiikoihin,1
Skynetistä,1
Bussiyhtiöön,1
Liipaistustarkoituksessa,1
Puhelinterrorismia,1
Sananvapausniilo,1
Miinuskommenteista,1
20kuvanneelle,1
20kouvolalaismiehelle,1
20vahingonkorvaus,1
20lataaja,1
20joutuu,1
20syytteeseen,1
20viestint,1
20professori,1
20arvioi,1
20millaisissa,1
20tapauksissa,1
20saatetaan,1
20rikkoa,1
20lakia,1
Örveltäjästä,1
Jouodaan,1
Techcrunchissa,1
Rahastusmahdollisuus,1
Ajopelikseen,1
Maalaistöissä,1
Puhelinterroristiksi,1
Nopeustietokin,1
Arduinosetillä,1
Palkkalupaus,1
Spottiverot,1
Aviopuoliskon,1
Kesänäyttelyn,1
Kulttuurisäätö,1
Pohjoispuistossa,1
Aluuelta,1
Siveyssäännöstöä,1
Uutiskuvaaja,1
Diskorahaan,1
Kokosääntelyn,1
Homosyrjinnän,1
Homoavoliittoa,1
Risutapausta,1
Kuvaparit,1
Saiarauden,1
Terveydenhuoltotarjoajia,1
Monisairain,1
Sisaruksenne,1
14½e,1
Onnitumisen,1
Tilasot,1
Yltiösurkeasta,1
A4iritsevyys,1
20kahdella,1
20tutkimuspaikkakunnalla,1
Aviopariin,1
Tuotesittely,1
Pidimmillä,1
Tuotelaukun,1
Takuupalkaksi,1
201706062200188208_u0,1
Kallistettava,1
_muutaman_,1
Tilastokyselyitä,1
Varanneella,1
Vastapaineessa,1
Tavarahyllyt,1
Pedokavereita,1
U52kx9l7hhg,1
Fucl,1
Pasba,1
Syytttä,1
Työpaikkoilla,1
Märäst,1
Asenteeliselta,1
Ruokoustilat,1
Tyyttyväisenä,1
Kj8brp0,1
Pelotteluotsikoista,1
Hilightattuna,1
Takaisinmallinnettavissa,1
Ymmärtämiseksesi,1
Vastaanottovelvoitteen,1
Korkkasta,1
Mtco2,1
Janipetter,1
Gullervonholmingin,1
Iltaripulii,1
Selkänojiaan,1
Seksihommiksi,1
Halollako,1
Huomiohuoraamasta,1
Kulttuuritaustainen,1
Nolauksella,1
Kakkoshommaksi,1
Lisäbisneksen,1
Mainostenjakelua,1
Jakohommassa,1
Lisätienestiltä,1
Jakokeikalle,1
Nopeudenrajoittaminen,1
Nopeudenrajoitus,1
Ohjainlaitteeseen,1
Korotushärdelli,1
Sahauslinjatkin,1
Ulkolämpötiloista,1
Niputettavan,1
Ennakkoprosennti,1
Korotettavana,1
Ennakkoina,1
Oikeustoimenpiteillä,1
Koijaripummille,1
Päiväkirjailuksi,1
Skriivailun,1
Korvasyöpään,1
Sokerilapsia,1
Kondoomeista,1
Autonröttelön,1
Karkoitettavissa,1
Murharaiskaajille,1
Rasvajäljen,1
Myyntituotteiden,1
Ennjaksaisi,1
Yritysmarkkinointiin,1
Slutshamingiksi,1
Tulospalkalla,1
Masterchieffin,1
Facefuck,1
Asianomistajuuden,1
Taarannut,1
Irtotuotevaakaansa,1
Pähkinähyllyjen,1
Irtotuotepussit,1
Taaraamattoman,1
Invididualismia,1
Unown,1
Uutisspotti,1
Julkaisulupia,1
Vaivaamisesta,1
Keskustelukaverit,1
Kesävaatteista,1
Lämpötilapreferenssi,1
Radiokaistat,1
Nwqyc,1
Tuohtuneille,1
Apinallakaan,1
Pufkp3m,1
Kyntöhommiksi,1
Ruiskukkapeltoon,1
Jyiuhoo,1
Tijuavh,1
Kattopuhuttelu,1
The_saulin,1
Rahapeliautomaattilautoilla,1
Intellektuaalia,1
Kokemiamme,1
Listalenkkien,1
Amistuunauksia,1
Irtomutteri,1
Puunpienintään,1
Liiteriäkin,1
Reippailis,1
Halkaisukirveen,1
Messinkiliittimiä,1
Kirvexellä,1
Savustushommia,1
Savustuspalat,1
Koskellet,1
Ilmojapidellyt,1
Mielipideasiaan,1
_yritetään_,1
Aihedu,1
Kuvaajakuskille,1
Polttopuuhommiin,1
Erudition,1
Mohit,1
_influence_people,1
Bansheet,1
Harrastamina,1
Tosikkomeininkiin,1
Haloonline,1
Halomaps,1
Installation01,1
Ulkotaloudelliset,1
Kondomipakkausten,1
Saunakontin,1
6n9iy7,1
Palkintosivun,1
Indeksinkin,1
Meetiassa,1
Kemiskeiltyä,1
Massiruhtinat,1
Sivilisaationtekeleitä,1
Vuotisbonus,1
Kesurina,1
Tsäigädäidää,1
Lapsenvahtiapuna,1
Koivuvastan,1
Kauneudentajua,1
Museolehtori,1
Monotonisille,1
Tattipäinen,1
Lepakkojengi,1
Ajoitavat,1
Helleviikkoihin,1
Ankassakaan,1
Kusetussoppareita,1
Homofiileille,1
Kookkaammasta,1
Runkopalkkiin,1
Jälkitaistelun,1
Aikomuksettomuudesta,1
Vappunaamaria,1
Osakestrategia,1
Rwtnu8qj,1
Kauml,1
3bsite,1
Uusimuotinen,1
Työkokeilurumba,1
Kakkavau,1
Lörtsähtipäs,1
Lankakahvila,1
Yhteislähdön,1
Polttopuutarinoita,1
Polttopuukuorma,1
Sytykepuita,1
Pilkkomonen,1
Kirveenkäyttäjä,1
Penisekspertti,1
Nautittuamme,1
Halkookin,1
1llnbr0,1
Sekspertti,1
Ulkotaloudellisia,1
Näytteidenottaja,1
Turistikadolta,1
Vetkutetaan,1
Käyttöpäälliköltä,1
Emmätiiälle,1
3ba5,1
3dcb6d61b56c,1
Studiollaan,1
Rikosuhripäivystyksessä,1
Juomavettäsi,1
Turistikato,1
Etävalvontakin,1
Äänitysstudioista,1
Mikakalliowannabe,1
Kiinanhirmulla,1
Yhteenliittymillä,1
Rotuideologinen,1
Yhteenniputtamisella,1
Hegemonisoineessa,1
Pippelinvenytystä,1
Ränkyttäjä,1
Pärisytin,1
Moporalliin,1
Eristäisikin,1
Bzvmt25,1
Pilkkomakirveen,1
Eräkorven,1
Pippelirallia,1
Järjestäänhän,1
Kqedojpz7yi,1
Checkeillä,1
Bussimiehella,1
Valvontoresurssien,1
Kuittikonetta,1
Vaimentaisiko,1
Matonkuteista,1
Pornokarvamatto,1
Tellingin,1
Mattoseinän,1
Alkoholilakiakaan,1
Kolmoskaljankittaajiin,1
Nollasummapelitilanteeseen,1
Muslimisankareista,1
Googlehakuanalyysien,1
David_and_goliath_,1
Noncontractors,1
Ketokiven,1
Sumeilemattomia,1
Lainvalvontainstituutioissakin,1
Raiskausrikollisiahan,1
Rokkikeikka,1
Sivussaki,1
Peniseksperttiksi,1
Lerneron,1
Metaleimaamista,1
Avainsanaks,1
Meemidildo,1
Mamukuskeista,1
Lisäintegraatioon,1
Pärjäsivätkin,1
Avoparikin,1
Monkeying,1
Piipanneita,1
Kuvanottajalle,1
Matkalipunlukijan,1
Puudildohomma,1
Paparatsikuviin,1
Kakkoskenttä,1
Nostalgiakaljat,1
Tilannekuvausta,1
Royalounge,1
Paparazzi1,1
Animaatiotaide,1
Alijaamaa,1
Hattutemppuun,1
Oletettavati,1
Auttamismahdollisuuksiemme,1
Hyz4tst,1
Helepostikko,1
Kevarikortille,1
Kerroon,1
7g2hq0u,1
Kesälomastani,1
O2mzlpc,1
Somalitarinoista,1
Irtolippujen,1
6na6dp,1
Halosta_suomineidossa_halossa_halossa,1
Dk8d74o,1
Tietotekniikkabrändin,1
Tunnetusssa,1
Symppaajistaan,1
Rehellisyyttäänkin,1
Äänieristäviä,1
Laminaattilaseja,1
Parvekelasiasennuksissa,1
Kumiliuskaa,1
Kepoiselle,1
Fataalitason,1
Hylsynpoiston,1
Vesisuodatuksella,1
Suomihalkoneitohaloja,1
Työpisteelläkään,1
Määräävyys,1
Etuoikeuspoiston,1
Identiteettirikos,1
1vma69ukf98,1
Sitäpaitsimyös,1
Nonbinaryn,1
Näihäse,1
Ujuttaisit,1
Perinneajo,1
Huomionhakemisena,1
Poikkeustilanteille,1
Snippauksella,1
Multikultivärinät,1
Vankityrmät,1
Sovitteluyritykset,1
Äänestysblokkeja,1
Hyväntahtoisellakin,1
Sotilaillansa,1
Kehitysmaapuolella,1
Konser,1
Paramilitaristisia,1
Huonohiuksisella,1
Roikkuvanaamaisella,1
Etuperseellä,1
Sukupuoliolento,1
Ai1jrhgsfbi,1
Tuskaannuin,1
Terroriorganisaation,1
Glaaniin,1
Glaani,1
Haavanki,1
Vakavuusasteikolle,1
Jälkeleisensä,1
Puudildobisnekseen,1
Dpu6d4a,1
Itslzow,1
Tuomiotko,1
Happoiskun,1
Käyttöpäällikön,1
Kuntalaisetkin,1
Välirikoista,1
Hammaspesujutut,1
Konservatorioille,1
Flairatessaan,1
Linkkiänsä,1
Mashanmuutto,1
Anura,1
Koirahirvi,1
Stigmasoitaisi,1
Ahmatovaa,1
Resurssiperustelulla,1
Ibm4efi,1
Inkommensuraabeleita,1
Merkintäohjekirjaa,1
U2nstl,1
Pakkosijoituksille,1
Italialaisvenäläinen,1
Perintätemppu,1
Öllölää,1
Kaavottaessa,1
_oletetaan_,1
Sekametelihallituksensa,1
Ansiotuloverotulot,1
Päivänpaavo,1
L0jnf2q,1
Kesätoimittajakin,1
Niittaajankadulla,1
Paikkatutkintaa,1
Toimittajatunarit,1
Henkevämmästä,1
Jonneilunsa,1
Väittelytilanteista,1
Oppimisaineisto,1
Axcpaco,1
Sänkyteollisuus,1
Sänkyteollisuuden,1
Femiinisen,1
Unituli,1
Huonekaluketjuille,1
Päällyskangas,1
Impulssiletkun,1
1autxev0lxu,1
Putkiraivaimia,1
Putkiraivaimesta,1
Aikatulilanka,1
Aikatulilangan,1
Vaahtokarkkiin,1
Improvisedlife,1
Toimistotyöpaikkojen,1
Pistoolillakin,1
Osumillakaan,1
Niittajankadulla,1
Tbfwkmrftjm,1
Jätevesimäärää,1
Odottelikin,1
Liittymämyynti,1
Heinäsavotta,1
Villieläinhoitolasta,1
Uniasiantuntijat,1
Toyotannokkaa,1
Jenkkinetissä,1
Teinifoorumien,1
Liikenneturvakeskustelua,1
Sekopäänkin,1
Nojatko,1
Hirvirö,1
Etunä,1
Kertalaukeeva,1
Karjapiiasta,1
Nenäänvedolla,1
Olkaapää,1
Avauspalvelun,1
Antipsykoosilääkityksen,1
Ammattilaiskuvaaja,1
Tunnuksellisten,1
Odottelualue,1
Suosikkianimaatiosarjat,1
Animoiduiksi,1
Chiisana,1
Ōkina,1
Mahōtsukai,1
Hedelmöityshoitokliniikan,1
Tomás,1
Juuttispermaan,1
Enkunkielisestä,1
Roomalisista,1
6na5du,1
What_xrated_history_facts_dont_they_teach_you_in,1
Dk8y2q3,1
Luovuttajiakin,1
Puollustuskantainen,1
Puollustavalta,1
Labeoufia,1
Suvakkihuorittelu,1
Natsittelum,1
Kuvainnollistamaan,1
Putkiviritteiset,1
Mukaralliautot,1
Täysleveän,1
Pomz,1
Miespareilla,1
Toivottomin,1
Airfoamia,1
Erikoisvaahdon,1
Paavoprosentti,1
Hämmenyksissään,1
Konstruoituihin,1
Ihanteessani,1
Kehollistaminen,1
Eksaktimpaan,1
Sosialisoituneita,1
Fiilistelymateriaalia,1
16il7,1
Razaq,1
Djabbar,1
Abdulrasaq,1
Nawzad,1
Abdulrazak,1
Vankeurangaistukseen,1
Irfan,1
Huutelijatkin,1
Puhelinmyyjäks,1
Sekamoottoristen,1
Esiintaikomista,1
Cah7xd,1
Kähveltäen,1
Puistometsikkö,1
Emvtkc,1
Kopautan,1
6nf6xv,1
Tired_old_man_becomes_a_new_excited_baby_at_the,1
Lapsenhuoltolakiin,1
Hösättäväksi,1
Kulttiuskovainen,1
Foamijutskat,1
Sporttiautoon,1
Jyskeissä,1
160x220,1
Päräyttävässä,1
Erssit,1
Kerssit,1
Toitottajalle,1
Elokuva_luotola,1
20lappeenranta,1
20finnkinolle,1
Korruptioroistoja,1
Ylikapasiteetillä,1
Makatista,1
Itsensämyyjiä,1
Valtapoliitikko,1
Foliohattuheittona,1
Valepopulisteja,1
Vaalimisenkin,1
Pakkotyöhakemusfloodaus,1
Zflqr,1
Länkkärimeiningiksi,1
Kepupappoja,1
Ristipostaappa,1
Luuytimelläni,1
Luovuttajarekisterissä,1
Invwtns,1
Voimamsiirtohäviöt,1
Syntetisoimiseksi,1
Peräine,1
Vankituomiolla,1
Posteriorpelvictilt,1
Postures,1
Esilämmityshässäköitä,1
Tehteeni,1
02b2ooly,1
Munkkipalvelukseen,1
Theravadalaisessa,1
Bioaineilla,1
Nostagialla,1
Ramppaajana,1
Perslämmitin,1
Geovakio,1
Opintopistettään,1
Pukeutumisaiheisen,1
Sokkoluovuttajaksi,1
Dieselitkään,1
Yeeeeaaaaaaahh,1
Cissinä,1
Sukupuolisillekin,1
Teknoraveja,1
Teknoravit,1
Spermalahjoituksesta,1
Tunnedraamalta,1
Keinohedelmöityslapsille,1
Munkkitreeniä,1
Bvbqhpsigaa1dis,1
Spiritismilautaa,1
Alkuperheensä,1
Hanurikerhostahan,1
Perusjärkiset,1
Munkkipalveluksen,1
Munkkipalvelus,1
Kajlaa,1
Karljaa,1
Ulkoilettua,1
Ulkoilututsa,1
Varabensakanisteri,1
Roolihahmoni,1
Modeemikoneella,1
Mysteerinäytöksiä,1
Michaelbay,1
Räimeitä,1
Spermanluovutusprosessin,1
Supermieslokeronkin,1
Rangaistuksellista,1
Biopolttoaineelle,1
Biodiisselistä,1
Pitchford,1
Siittiöistäni,1
2011090414323764_vi,1
Pumblerista,1
Mörketin,1
Vääntäytymistä,1
Kekkishän,1
18m56s,1
Eugeniikkafiltterin,1
Bussinesssss,1
Ruuduillekkin,1
Scorscesen,1
Elh9b7o,1
Työmarkkinakiistat,1
Joukkoristiinnaulitsemisiin,1
Third_servile_war,1
Varastomaksuista,1
Kehittää_,1
Lisäkuluttaa,1
Konstruktiivisista,1
Mitähen,1
Fittuas,1
Iarittelet,1
Tiettäväxi,1
Haccapeliitta,1
Regimentisä,1
Saladulla,1
Tehtäwällä,1
Enembi,1
Techden,1
Saaddanut,1
Taidhan,1
Reflatulla,1
Gefvärillä,1
Ampumises,1
Parembata,1
Caicken,1
Cronun,1
Sodaväjes,1
Minullen,1
Kochde,1
Helwettihin,1
Tarkcwella,1
Ionca,1
Wertoa,1
Valdacunnasa,1
Nächty,1
Merckjllen,1
Temä,1
Lwlet,1
Pälckähästä,1
Päsewäsi,1
Ilciän,1
Iorun,1
Jälcken,1
Wdesthan,1
Cirjen,1
Jägmestarini,1
Jahtinkäymisen,1
Jälestämises,1
Alcanet,1
Walmistaus,1
Tächden,1
Maanmadone,1
Myrsckyn,1
Myrscky,1
Katcaisee,1
Elantoisi,1
Kutsunechdet,1
Cuollut,1
Kettana,1
Seitzemällensadalla,1
Tuochon,1
Lucun,1
Palijan,1
Kenstin,1
Waicka,1
Laajemmaldi,1
Käsikächmesä,1
Haccapeliittan,1
Waldhani,1
Täyesä,1
Lachiudesa,1
Cäyttämen,1
Laastaxeni,1
Surcian,1
Percies,1
Täldä,1
Continentiltan,1
Sondacockare,1
Iuonigas,1
Luulid,1
Olewas,1
Iorua,1
Iulgistanesses,1
Iosba,1
Wainen,1
Olisid,1
Tiennen,1
Epäpuchdas,1
Perckelen,1
Kijles,1
Nuchtes,1
Pidämän,1
Pidänt,1
Ätcen,1
Taijnt,1
Welckabää,1
Jaawelin,1
Jaaritusämmä,1
Pascantaman,1
Ymbärilles,1
Huckuman,1
Cuollud,1
Surcia,1
Q65qjy1m,1
Meemuilit,1
Bondaillaan,1
Maahanmuuttajayhteisöiden,1
Kantisjournalisteista,1
Alkukommenttisi,1
Kunniavakivallasta,1
Kulttuuriilmiona,1
Mcqmxjalnoy,1
Vasemmisosuvakki,1
Luotisella,1
Kertalaakiin,1
Levittelevältä,1
Lehtipä,1
Huumoiset,1
Acrobat_distiller,1
Muutama_ajatus_kunniavakivallasta,1
Kunniaväkivaltakeskusteluun,1
Kulttuuristamisen,1
A4hestymiskielto,1
Keskinen2,1
Ce24e7e6,1
3ee2,1
Ca6c7b1a0b3c,1
Monikulttuurisuuskeskustelun,1
Kulturalismi,1
Kulturalistisen,1
Me_ja_muut_kunniaan_liittyv,1
A4kivalta_median_kuvauksissa,1
Tettäisiin,1
Sauraajana,1
Haittamaahanmuutton,1
Kierrätyskolmioon,1
Pahkasikahan,1
Autioitetaan,1
Bussimatkailua,1
Patruunahuoltoa,1
Tekstaajia,1
Lainausmerkkijournalismia,1
Tuntureiltahan,1
Väkivaltahimoisina,1
Poteroitumisessa,1
Minkäännnäköinen,1
Tunturiltahan,1
Korrosioitua,1
Loppuunmyytynä,1
Roman_heitti_schatzit_silmille,1
Cg94v2r,1
Labeeleja,1
Identoituvat,1
Epäbinääriedustuksen,1
Vänkässä,1
Spodifaissa,1
Jälkeisebä,1
Pippelipoppeja,1
Rkhrtbpvhc8,1
Yöajelumusan,1
E81u2vxuoec,1
Välumeren,1
Välimertä,1
Koheesiorahasto,1
Demokratiakehityksestäkin,1
Mopoas,1
Nelarista,1
Auktoritääris,1
Suvaitsevaisuuslistassa,1
Kokoomusvassarit,1
Lähtöasetelmakin,1
Etelälaajentumisesta,1
Lattiallal,1
Ulottuvuusportti,1
Jbtfxakvegs,1
Dominationilta,1
Fodin,1
Rentolavalle,1
Nuotiopiiri,1
Bluetoothkaiutinpiiri,1
Olympiasankarin,1
Lähtökuopille,1
Maahanmuuttokriittisenäkään,1
Tyylilajiini,1
Salakulkureitin,1
Linnunlahdessa,1
Pavilijonkiteltassa,1
4gcv0jtkhdrs0exn9q7ep4,1
Pestasivat,1
Kakkoslaulajan,1
Strömmerin,1
Biisinäytettä,1
6jcvh4g,1
Glq,1
65hamtsjqkq,1
Lajentakaa,1
Tajuntaanne,1
Säröpörinällä,1
Pinkkicrocsinen,1
Festarimajurilla,1
Kicksin,1
_wrrfdnwne0,1
6n82ui,1
Sosiaalipolitiikan_professorin_heikki_hiilamon,1
Tyttöblogisti,1
Belyn,1
Aforismista,1
Tavoitetiloista,1
Tunnekomponentti,1
Puhallusratsiatkin,1
Rockmylly,1
5hye48cjomcou5gkqu2faq,1
Eläytyminenkin,1
Pikkurypyltä,1
Kunniaväkivaltakysymyksen,1
Saaedin,1
Rapelissa,1
Vetokoukkudilemma,1
Elåmässä,1
Valitsrminenkin,1
Rinkirunkkuryhmät,1
Vaivainenkin,1
Maksimikulukorvaukset,1
Yllätyivät,1
Italianthro,1
Gerontofiili,1
Turtleksella,1
Maustesipuli,1
Rimpauttelee,1
Skitsoidia,1
Zmithejä,1
Onnistumisellakaan,1
Miseria,1
Age4fem2cbe,1
Kiihtyttää,1
Kalossinkuvan,1
Paahtopaistilla,1
Vaihtoehtia,1
Temmaistulta,1
Opioidiriippuvaiselle,1
76drjv0zs3w,1
J4ksuizabuu,1
Suoraviivaisemmilla,1
Dieselautoiluun,1
Dieselmoottoriajoneuvon,1
Maanrakennuskoneista,1
Penisluuta,1
Voileipätaiteilijaa,1
Juurimöhöpitsa,1
Zgrlwcyp7mm,1
Trkugu3nv2e,1
Rd49x3dgzbw,1
Albinö,1
H_xoqaed4sc,1
Dytnjxbrxzy,1
Erdön,1
Hahahahahahahahahahahahahahahahahahahahahahahah,1
Cubtwnyngyu,1
Somevalistuksesta,1
Muovikilpikonnakin,1
Putkakuoleman,1
Aseenpiiput,1
Murjaistu,1
Foinikkalaisilla,1
Kaupankäyntiyhteisö,1
Heroiinibileistä,1
Öötkers,1
Kalakertomus,1
Loimulokkia,1
Juurimöhö,1
Pulverimuodossa,1
Massilia,1
Idiootto,1
Hyppyrimäistä,1
Fszvme0,1
Buanissima,1
Buonissimo,1
Täyteseloste,1
Asuntomurtautujan,1
Fentanyyliongelman,1
Nitkupäissään,1
X96yy3j,1
Mallikuskeilta,1
Sijoitusneuvoihin,1
Keskinkertasiin,1
Tauriinikin,1
Jenkkikonservstiiveille,1
Erkanevampia,1
Psykerockiin,1
Electronicaan,1
De3i6ymuiaevihc,1
Buenissimo,1
Ilottomuudestani,1
0p0000oo21,1
Tuoretiskistä,1
Maantiepöly,1
Tiepinnoitusta,1
Vihollispäällikköä,1
Tomahawkein,1
Opintopalkkaan,1
Gn2nb0bsila,1
O51f1bzkpoo,1
Puritanistisille,1
Peniksenpelkääjille,1
Mcdiddysissä,1
Jrlrhi1ixam,1
Plvblx3r6kljumty2x7fkxjxhntgptr1hc,1
Keihästin,1
Meteoriitiin,1
Ylimedikalisoitua,1
Pörssihait,1
Pankkirahastot,1
Toxicologists_explain_the_medical_impossibility_of_overdosing_by_touching,1
Wpsrc,1
Sh_all_mob_fb_top,1
Jeanmarie,1
Transdermal,1
Työvuorossahan,1
Töhriinny,1
81j2fdohbil,1
Sw_tilauslomake110125,1
Isonvihasta,1
Juumoria,1
Naisalikeille,1
Lievevaikutuksiin,1
Oxycodenia,1
Karkuunlähteneen,1
Lyijyputken,1
Heimoaatepaskassa,1
Hommahtamisen,1
Kinokses,1
Sijoitusneuvojiinkaan,1
Matalakuluisten,1
Tiimikaverilla,1
Kolmossijaan,1
Voitonjanoa,1
Kaavakettaan,1
Sijoitusammattilaisille,1
Dissaavalla,1
Amatöörisijoittajalla,1
Nuolemisena,1
Polikliininen,1
Laihaakin,1
Laihoimmin,1
Lomatko,1
Pankkineuvojaa,1
Laihotkin,1
Ddbo,1
20fe30b,1
20lainaehdot,1
20fi4000219670,1
Sijoitusneuvontaan,1
Kalastussopimusta,1
Harjoittamismahdollisuuksia,1
Lohikannoista,1
Lisääntymisjoista,1
Arvopaperilautakunnan,1
Marsinnut,1
Hajautettavissa,1
Uudelleensanoitus,1
Laiheammat,1
Perurururururerurerkele,1
Erehdyksenä,1
Bathroy,1
0rzhg2i8nzu,1
Kartongilta,1
Monimiljonäärin,1
Mettäää,1
Vikisis,1
Rikosoikeuksellisena,1
Asenteenhan,1
Qhfbjqnb3z9z,1
Pronssimiekka,1
Säteilyalueen,1
Tenojoelta,1
Nousulohitilastoja,1
Lohisaalis,1
Kalastusmatkailijat,1
Kalastuksellinen,1
Kalastussääntö,1
Liite2,1
Kalastuss,1
A4e2831e,1
2389bc411d1c,1
Toteamallasi,1
Asiantuntijuuttakin,1
Sijoituspäälliköt,1
Heikkoinakin,1
Pitäkestoisesta,1
Sänkyvinkit,1
Parittelutapojen,1
Ilmatiiviyden,1
Apinaoikeudenkäynti,1
Daytonin_apinaoikeudenk,1
Vuokranmaksukykys,1
Bemareitä,1
Kaymakcı,1
Metsiäkö,1
Oregaanoon,1
Rajapintasysteemi,1
Yllätysvauvoja,1
Subimyyjälle,1
Wannabie,1
Rahaastoonsa,1
Loppuunlukiessa,1
V66jxq6h,1
Konseptialbuminsa,1
Juubituubista,1
Livevetojen,1
Xhnliw9qxuk,1
Stalinviiksinen,1
Lahoin,1
Enetin,1
Antibioottiensa,1
Yllätyssynnytys,1
Sänkkäriartistit,1
Valehtelimme,1
Maastokelpaisuutta,1
Teivaanmäen,1
Kuovilajit,1
Auuuuuuts,1
2f1973,1
Livingroom,1
Iliketowatch,1
Autolehdissäkään,1
Autopyydyksiä,1
Rantalukemiseksi,1
Hamilttonia,1
Champpanijaa,1
Mclarenissa,1
6dbuzm0nuu6auhba0ttgzl,1
Deathblows,1
Zsm_ptjz168,1
Wovocgg,1
Qdw,1
Aaamulehti,1
Erillisvarallisuus,1
Hyödyllisyysvaatimuksesta,1
Säädekirjalla,1
Perustamisluvan,1
Sääntöperintösäännösten,1
Säätiöasetuksessa,1
Säädepääoman,1
Lahjalupausten,1
Perustamismääräyksen,1
Säätiöfuusiota,1
Säätiörekisteriin,1
Lakkauttamispykälässä,1
Sääntömääräystä,1
Luottamustoimisia,1
Sukusäätiö,1
Säätiötyyppi,1
Loukkaantuneiksi,1
Ananaksin,1
Hw3yhyv,1
Ärdoänin,1
Nettitietokirjaa,1
Huumos,1
Omkaan,1
Raaaaarghsljdflsjdflsdjf,1
Ruotsalaisenemmistöä,1
Finnofobiasta,1
Tekniikkalehtiä,1
Yleiselläpuolella,1
2pd2ycbidsy,1
Rzurzj7jro4,1
Nqglzpvmoo8,1
Watchmojoon,1
Samallisen,1
Naistenlehdetkin,1
Seksikäämpiä,1
Kommunistimoderaattoreita,1
Palikkaleikit,1
Viännettiin,1
Tehtävänjakona,1
Sateisilta,1
Saadqa,1
Minimitaulukkopalkat,1
Oloisivat,1
Vähimmäistuntimäärää,1
Nollasopimuksissa,1
Vähimmäistunnit,1
Perrustuloa,1
Toimeentulotulla,1
Sijoitamatta,1
Puolustitko,1
Narkahtava,1
Donaattorin,1
Kryptorasismiargumentit,1
Erillislaeista,1
Punapersepaviaanin,1
Banaalianaalipaviaani,1
Kaappikommarien,1
Palkkahajonta,1
Hulttiokämppis,1
Opintorahansa,1
Tuheroansa,1
Trenditietoisten,1
Maailmankritiikki,1
Sähkötolpaan,1
Kiiltänyt,1
Eiiiihhhh,1
Reissukuskina,1
Prwbg8a3rdg,1
Pohjoismaarahastot,1
Nollakulurahastoja,1
Jäytiäinen,1
A4yti,1
Syntikkasoundtrack,1
Prometheusleirejä,1
Markettiaerosolilla,1
Fishereitä,1
Saunalämpötilat,1
Sijoituspäälliköitä,1
Valmisvuorot,1
Sängynalunen,1
Leesta,1
Vetyautossakin,1
_f2enn8x5s,1
Sängynjalkojen,1
Koomapotilaalla,1
Maantiematkat,1
20falel3gws,1
Hetmanilta,1
Pardnereilta,1
Armeijaanne,1
Pardnerit,1
Hetmanniporukan,1
Epäoptimaalisesi,1
Vanhenneeseen,1
Rippijuhlan,1
Lisävaiheena,1
Alasajetuksi,1
Kaduvarteen,1
Yöruokailun,1
Valikoitumistakin,1
Kierrätykseeen,1
Kryptorasismiin,1
Romanielämästä,1
Rappiokulttuurilla,1
Selvennäks,1
Uutisosiollaan,1
Nesteys,1
Lenkkeilypolullaan,1
Yöhelteet,1
Kyykkypyöristä,1
Harrikkasedistä,1
Paukkulaakerineen,1
Rykelmäpuremia,1
Mysteeriötökkä,1
Todellisuuskuplissa,1
Poroporvarillista,1
Agendavapaita,1
Jaqailen,1
Loukkaantumisiakin,1
Kuolaniemen,1
Juha_marttila,1
Tukinetti,1
Marjataito,1
Sipilämedia,1
Itsemurhaliivillä,1
5ont8y8vw1e,1
Rippikuvakin,1
Koneellisin,1
89grtsbdrr8,1
Perusviljelyä,1
Lohkolämmittimille,1
Kolmivaihepistoketta,1
Tapahtumasssa,1
Maakaasuverkkoa,1
Orjuutetumpia,1
Koristekirsikkoja,1
Tukkutoiminnot,1
Istutettavissa,1
Sääoutoutta,1
Kesäjäät,1
Talvijäätkin,1
Kirjaannu,1
Raineriksi,1
Loikoiluyhteiskunta,1
Hajanaisemmassa,1
Korttihärdellin,1
Maksusofta,1
Pienikuluisin,1
Aikuisviihdekeiju,1
Sagkxr93l,1
Ukpp0ag3g,1
Presseportal,1
Blaulicht,1
Rafaehl,1
Behr,1
Sakankielen,1
Marcusenger,1
Paimentolaiselämä,1
Laidunalueeseen,1
Pakettivolyymistä,1
20160212_tulos,1
Kirjastokortinnumero,1
Palautuspäiväkorttiin,1
Palautuskorteissa,1
Kirjastokortinnumeron,1
6d25be1e98d203325a01b4eba9c0d3d9,1
Dokumenttileffan,1
Ketturepuista,1
Tuotevaarennokset,1
Voimaannuttavassa,1
Lähihallini,1
Nuori_3342,1
Marifarmaria,1
Kasvatustuloksilla,1
Kerrosviljellä,1
Fjällräveneistä,1
Ihmisravinnolla,1
Laskoksesta,1
Lähietäisyydestä,1
Pikakiinnitysleuka,1
Askelmoottorin,1
Kierreadaptereita,1
Ajureineen,1
Kiinapaketithan,1
Da8124fff153,1
Joukkepeleihin,1
Finaalikaksikossa,1
Palautuskorttiin,1
Saveourbones,1
Stopchildabuse,1
Dalít,1
Irtopäillä,1
Vänkkivänsä,1
40d9f56500000578,1
54_1495893778157,1
Kalorienkulutus,1
3x230x16a,1
Käyttösyklinsä,1
Taustaperusteluksi,1
Markkinakontrolleja,1
Arvotutkimuksia,1
Emeritustutkijaksi,1
Jaksokuvauksena,1
Pikkupakettivolyymi,1
Wik,1
Konferenzbeitraege,1
16th_koenigswinter_seminar,1
S2_3_campbell,1
Media10,1
Lillebrotalipallot,1
232421_lillebro_meisenkn_pq_8,1
Lyijymaalatut,1
Hiressä,1
Fidings,1
Fiancial,1
Tampponeissa,1
Massasopimukset,1
Bulkkidiilillä,1
Alantoimijat,1
Ostovimmasta,1
Korppujan,1
Hötsyntötsyt,1
Wi7rirqvexs,1
31a8573c6867,1
Suuntautumisessaan,1
Evlin,1
Kuluttomuudesta,1
Mielikuvitusrajoista,1
Nahkasuonta,1
Maaseututaajaman,1
Jxr1u,1
Elastisiin,1
Massahyödykkeisiin,1
Peg9naksz6u,1
Gechjold6m8,1
Pierutaiteilijoihin,1
Vetäjätiimiin,1
Porofiili,1
Paljakoiden,1
Pikkutehtävillä,1
Feministipuolueiksi,1
Kansannedustajamme,1
Lobbaushommat,1
Hinnakseen,1
Pienmaatalousyrittäjillä,1
Ripulivakuutuksen,1
Camplinssejä,1
Paatoksiasi,1
Alkuperäistrilogiansa,1
Pamahtele,1
Kaasuliesitalossa,1
Agriassa,1
Tarjoilemisesta,1
Centipedestä,1
Originaalissahan,1
Peuraihmistä,1
Vaellusrippileirin,1
Uskoonkaan,1
Davideddings,1
Orjaetuoikeutesi,1
Pavuistasi,1
Herkkutriosta,1
Mansikkasuklaavitamiineja,1
Sijaisperheelle,1
Nollatuntijärjestelmä,1
Pysäköininormi,1
Verolehmä,1
Teräsrunkoinenkin,1
Ducatoakin,1
Kalmossa,1
Mielenterveysjakaumia,1
Aikahistorian,1
Koulureissua,1
Kokokartta,1
Konversiolla,1
Kalorikonversiolla,1
150miljoonan,1
Väestötiede,1
Talousliitot,1
Mannerheiminkuja,1
Cjj643kjm0az,1
6nlwzn,1
American_wwii_solider_meets_kangaroo_australia,1
Dkasj8f,1
Hupuloida,1
Googlatakki,1
Muttà,1
Karstastakin,1
Sheikkiin,1
Insuliiniresponssi,1
Ateriassaan,1
Terveysarvoja,1
Lehmun,1
Estrogeeniähän,1
Hormoonitasoon,1
2fs00394,1
Antibioottitesti,1
Enkkuwikipediassa,1
070401_lactose,1
S0100,1
879x2007001100004,1
Perunasatojen,1
Udota,1
Luokkaanut,1
Rädditointi,1
Leffasessio,1
Valaisutavat,1
Lobbyamassa,1
Loisteputkipakkoa,1
Laidunnuspainetta,1
Savanniensuojelualueen,1
Aidattaiisiin,1
Porottomalla,1
Mallalla,1
Garrettiin,1
Nestekaasulisälämmittimellä,1
Tvtropesia,1
Poikkekseutta,1
Loisteputkihan,1
Meekonjärven,1
Hydrogen_sulfide,1
Boxereitasi,1
Tarkennustasosta,1
Valvontakameralinssejä,1
Tilttaus,1
Laatumedioilla,1
Uutsioida,1
Paskalähde,1
Alkuperöiseen,1
Cy5w8mro3x,1
Qoyn7na0le,1
Pideälkää,1
Terveyssiteitäni,1
Vielävirtaa,1
6nofw0,1
Hampurin_mellakkapoliisien_loukkaantumisten,1
Dkbt2h8,1
Rikkipuhki,1
Torstaiaamupäivään,1
Boonuskorttien,1
Todistuts,1
Lahtisetit,1
Rippeitäsi,1
Persemolekyylit,1
Persemolekyylejä,1
Sukusäätö,1
Jaime_and_cersei_1x03,1
Turkishmidgetgayporn,1
Kuukausisäästäjän,1
Normihintalapun,1
Suurnisäkäslaumat,1
Biisonilauma,1
Stiigailla,1
Hupulointi,1
Ostosnarkkausta,1
Parisuhdedraamojen,1
Europolillakin,1
Vbm75b,1
Capacitive,1
Loisvirtaa,1
Kynmppiä,1
Kylppäriolosuhteet,1
Yxomg,1
Ylimitoitetuille,1
Tukisekoilua,1
Tuollainekin,1
Pinnankorkeusanturi,1
Juomavesilähde,1
Tavoitenopeudestasi,1
Miekkaripaikalla,1
6muogm,1
Yks_hörhö_suomi_ensin_miekkaripaikalla_youtube,1
Countdownille,1
Stumping,1
Alapesusuihkulla,1
Suosikkiohjelmni,1
0b37kn51h8h18sdzmujdzz092tdq,1
Terveystieteilijöitä,1
Glykokeeninen,1
Secretagogue,1
Teorisoinnit,1
Galaktoosista,1
Kaloririkkaat,1
Tenojoellakin,1
Atomimoottori,1
Ihminenkun,1
Rege4vl,1
Oireettomiuden,1
Pysyväisyyskin,1
Haittaaavalta,1
Tietämättömyydenkin,1
Tuoloeron,1
Kokonaishiilijalanjälkeä,1
Vanhempainvapaamallilla,1
Lastenhoitotöitä,1
Ykkösvanhemman,1
Norjalaisdokkarissa,1
Tuplapostaan,1
Oblivionilla,1
Hoivalat,1
Miestentöistä,1
Graduistakin,1
Päänsekoittajien,1
Tarjontaskaalan,1
Akkulämmittimen,1
14mw,1
Tyytyma,1
Myytta,1
Leikkurikerroin,1
Ureointi,1
Kohtuulliisen,1
Ruumiinterveyttään,1
Hyväntekeväisyysproggikselle,1
1sn14a,1
Vittuilupenkkejäkin,1
Punsuxtawneyn,1
Extreme_points_of_earth,1
Aucanquilcha,1
Uhrikupla,1
Seksikkäämmät,1
Tali_by_spacemaxmarine,1
D9kr5yu,1
Hinkkaantuu,1
Kalsrit,1
Promillieja,1
Ratkomaat,1
Tuplapostauksesta,1
Levittelemmällä,1
Makoilupenkki,1
Horisontaalipenkki,1
Etenemistahtinsa,1
Päävaihtoehtoina,1
Välikokeilla,1
Laskaripisteillä,1
Semmoja,1
L11a,1
Palautusmenettelyt,1
Palaustuskulut,1
Oleskelulupana,1
Internoitava,1
Merivalokuitukaapelit,1
Klipsuje,1
Konfilktit,1
Kunnallisvaravaltuutettu,1
Paskavuodoista,1
Varojärjestelmät,1
Ansaittavat,1
Kerrostaloviljelijöitä,1
Lukujärjestykseni,1
Tarjoaavat,1
Lukupiireillä,1
Ainejärjestötoimintaa,1
Tiivitys,1
Hervantalyfe,1
Loisteputkelliseen,1
Oikosulkupalalla,1
Stroboskooppi,1
Liitäntälaitteiden,1
Metaanikuplat,1
Aineenvaihduntaprosessille,1
Tarvehierarkioita,1
Tunnetilojensa,1
Kompensointipatteristolla,1
Vesihuoltoinfrastruktuuri,1
Viemärilaitos,1
Madscientist,1
Juhtana,1
535da6_1dc19a7fc2ff449b91b6dea6d4b34807,1
Jpg_256,1
Melodramaattisella,1
Misbepnluio,1
Jätevesipäästöjen,1
Vhvsy,1
Upload_pdf,1
20_vantaanjoen_j,1
E4tevesip,1
F6jen_hallinta,1
Mikkihiiriasiaan,1
Työntekijäryhmittäin,1
Nosykzt,1
Lainhuudot,1
Keskituntinopeuden,1
400x1,1
100x5,1
Nordicparadox,1
Käynnistysvirrat,1
Katkaravu,1
Tohtorimies,1
Hellfesteillä,1
Asentojaan,1
Hirttäytymiseltä,1
Kiveenhakattujen,1
Agraariyhteiskuntalainen,1
Vaaranarvioinnit,1
Rikosepäilyuutisointia,1
Kokkarikeississä,1
Kokoomuskeissistä,1
Jotnkin,1
Ravinnontuotantokykyä,1
Harrastelijatutkijalle,1
Aktiivielektroniikkaa,1
Paliskunnilta,1
Lisäruokintakin,1
Peilikaappeja,1
Diffuusorimuovin,1
Alumiinikoteloisen,1
Himmennettävän,1
Yksittäiskappaleenakin,1
Hlg,1
Dnazhagato1oupbxfl2doa,1
Kaivostyöntekijöiksi,1
Arvohyllyyn,1
6mdyzj,1
Tutkimus_neitsyyslupaus_ei_tuonut_auvoista,1
Dk1195l,1
Uudelleenarvioinut,1
Kyykistyt,1
Varautumisten,1
Säätöreservinä,1
Laitteeneen,1
Lataushuippujen,1
Yrittäjyystaustan,1
Yrittäjätaustalla,1
Pakkoyrittäjyydessä,1
Varavoimasysteemejä,1
Kuormanpudotuskeinoja,1
Tunturisaamelaisten,1
Pyyntikulttuurissa,1
Palkkajakaumalla,1
Tilastoaineistojen,1
Tilastoaineistoista,1
Keskituntipalkoista,1
Tilastoanalyysejä,1
Miespalkansaajille,1
Laskemaansa,1
Nippelitietosi,1
Piripäämurhaajaporukassa,1
Sekoittajiin,1
Tyhjätäänpä,1
Myötätuntoonsa,1
Nautinnonlähteideni,1
Pösäys,1
Valuuttakurssitreidaamisesta,1
Demotreidaamalla,1
Folder511,1
Kotilantaa,1
Aputeollisuutta,1
Ryöstölaiduntaa,1
Korkeatuottoisissa,1
Karuhin,1
Tunneliverkostohan,1
Lacunoita,1
Lisäruokinnasta,1
Laiduntajia,1
Lisäruokintaa,1
Luonnonniittyjä,1
Luonnonniityt,1
Jäkäläpaalit,1
Massanälkäkuolemia,1
Lohikannasta,1
Retkeilyalueet,1
Värvärinä,1
Saparoille,1
Sumomavejen,1
Poroelinkeinosta,1
Paimentolaisporonhoito,1
Peuranpyynti,1
Porotilastojen,1
Rounalan,1
Suonttavaaran,1
Aavasaksalle,1
Lypsyporoja,1
Ilmastonmuutospohdiskelujensa,1
Porohommeleiden,1
Telttayöpymisellä,1
Pyllylihakset,1
Bokserialueen,1
Laidunnettaisi,1
Ylilaidunnettaisiin,1
Porolaidunnus,1
Parabeli,1
Ilmastonmuutossäiden,1
Nollakelisyksyt,1
V9dzci48w4gstlmibm3eow0aziqgskhpwspqd1wre08,1
F9ee8ad6b38835f509e184b249166e61,1
Laiduneläimet,1
Keskituntipalkasta,1
Capital_punishment_in_syria,1
Capital_punishment_in_iraq,1
Saamelaisiamme,1
Apusekoitin,1
Teholanta,1
Intuitiopumput,1
Fiilareitani,1
Mielenmuutokseni,1
Ylivuotoviemärin,1
Ylivuotopaikkaa,1
Tukkeentunut,1
Rollailua,1
Maanviljelyalueilla,1
Luonnonkansoille,1
Huoltajuusongelmat,1
Verenperintökysymyksineen,1
Keminsaamelainen,1
Siirtolaisväestöön,1
Ajastaika,1
Tuulettuessaan,1
Sukkiakaan,1
Vajavaisuudella,1
Agregaattitasojen,1
Palkkasektoreittain,1
Agregaattitaineiston,1
Äitiysllomaa,1
Hienovaraisest,1
Legohahmoja,1
Peruskorjaushommia,1
Nollatunteihin,1
Hähätellyt,1
Harrastematematiikallaan,1
Dkcikln,1
Yksinkertaistetuimmat,1
Kaukajärvessä,1
Teutoniritareiden,1
Venäläisvoittona,1
Taistleu,1
Ehotetaankin,1
Hhahaahhaha,1
Filnads,1
Keinonahkatakilla,1
Pellebilling,1
Ofrivilligt,1
Deltidsarbete,1
Kullankeltaisina,1
Aggregaattiparadoksi,1
Keskiarvoluvulle,1
Palkkajakaumia,1
Työtuntierot,1
Ammattitutkijalle,1
Vesikalliolle,1
Lehtivastineissa,1
Kallubbia,1
Munan_reikää,1
Ennakkoasenteines,1
Chronicler,1
Długosz,1
Allenstein,1
Olsztyn,1
Paleologosta,1
Ympäristöteknologiaan,1
Kurmutti,1
Huonoosaisia,1
Kerjäläisongelma,1
Lappuilijaan,1
Romanianromaniin,1
Aluevaihdoista,1
Aikavuoden,1
Peppurasva,1
Viisastuisikin,1
Matkajärjestäjille,1
Pikkurikollisuutte,1
Kovisteluakotiin,1
Kerjaajat,1
Poropopulaatiot,1
Peitemuovi,1
Internettiläisiltä,1
Junahenkilökunnalla,1
Konduktoorilla,1
Jarjestyksenvalvojana,1
Toimintatapavaihtoehdot,1
Piikkivirrat,1
Kuparikaan,1
Dkcs8wx,1
Täysietuisen,1
Nollatuntisoppariksi,1
Vuorihin,1
Kokoomuspoliittisesti,1
Kaunistettiin,1
Täysipäiväset,1
Tilaustenkäsitelyssä,1
Revisionisoidaaan,1
Vinoonkatsomista,1
Repusenaattoreista,1
Lappumiehen,1
Oksitosiiniryöppy,1
Keräyskohteena,1
Sepalusasiaan,1
Päätuloisesti,1
Haihattelussakin,1
Sormi_ohimolla,1
Leningraadille,1
Mallaillessa,1
Antibolshevikkisotilaita,1
Jaeskeltiin,1
Boxereiden,1
Iefjmqb,1
Millionaireplayboy,1
7dad_04,1
Happoiskua,1
Valtiouskontoamme,1
Tummenisi,1
Oleskeluluvattomat,1
Kerrytämiseksi,1
Tällannen,1
Harjotelu,1
Tälasista,1
Npuolue,1
Kaljakyltistä,1
Banditoosiin,1
Happohyökkääjästä,1
Televisiodokumentissa,1
Itälontoolaisen,1
Naccisämpylä,1
Opetuslupaan,1
Vakmentavana,1
Pullantuoksuisiksi,1
Kansanrambot,1
6ns2gc,1
Poliisi_tunnista_kuvassa_olevat_henkil,1
Vahakankaille,1
Silikonipitoista,1
Waterprooferia,1
Fabsil,1
Sokkiarvoa,1
Pähteisiin,1
Syövytetyksi,1
Happohyökkäysuutisia,1
Kulttuuriglobalisaatio,1
Glorifiontia,1
Kirjoittamistapa,1
Kauneuteensa,1
Jengienväliseen,1
Priorisoimattomassa,1
Kauneudenhoitoalat,1
Korkeampipalkkaisessa,1
Kosteussuojasuihkeet,1
Woly,1
Jalkineidenhoito,1
Kosteussuojasuihke,1
Happoiskuthan,1
Ympärisyön,1
Sikanasselaukun,1
Ihmiskuvistani,1
Vahinkopotretti,1
G4nhpm,1
Punakynäämiseen,1
Tuntiansionsa,1
Kokonaissummien,1
Työtuntiansio,1
Työtuntiajan,1
Nykypäivähän,1
Ulottavissa,1
Urheiluaseita,1
Ketunmetsästys,1
Prätkähiirijengit,1
Koirapuistokaverin,1
Ylipäiväiseksikin,1
Kirjakääröjään,1
Allaskaappeja,1
Harjoituksi,1
Cjwkcajw47blbrbkeiwabh,1
Pksbf94nruwxyqpgiv2hb9c5fkxbjfgaljjlhatul6knlp1a_s51mgxocosaqavd_bwe,1
Hiiliyhteisö,1
Rahastajaan,1
Liikennehenkilökuntaan,1
Prätkähiirijengi,1
Roadeissa,1
Neurobiologeista,1
Humanistisenä,1
Sukupuolettuminen,1
Sukupuolettumisen,1
Vihaperäisiä,1
Ottowillet,1
Liittymissivu,1
Rikosjärjestöön,1
Happokylpy,1
Pullatuoksuinen,1
Sijoitustapaamista,1
Pienikuluisuuteen,1
Suosikkitempuksi,1
Yötyövuoroja,1
Tykistökantamalla,1
Guantanamonlahden,1
Änkyrärepublikaanit,1
Korporatistirepublikaanit,1
Kesämökillään_ollut_mies_ampui_tontilleen,1
Syman,1
Paluuautomatiikkaa,1
Suuntavalot,1
Valkotalossa,1
Hiekkistä,1
Zuptjg2ebpw,1
Bilehuutaminen,1
Pörpötys,1
Mopeti,1
Kamerallisella,1
Esivalitaan,1
Istumasuunta,1
Kulmapenkit,1
Hampparikääryleen,1
Roijaamaan,1
Arvottamisena,1
Psykoosihullut,1
Bunkkereihinnekin,1
Kerjäämisesta,1
Sairausvaikutuksia,1
Ryöstönsä,1
Saapumispäivämäärän,1
Miehitysuhka,1
Painivissa,1
Teräsbetonirakenteen,1
Satametrisestä,1
Konventionaalisilta,1
Strategistinsa,1
Moscow_metro,1
Cold_war_era,1
Pftsoru,1
Jwoxuk8,1
Naskalinaamoja,1
Cpvyf9q,1
Neulahampaillaan,1
Rijsnkj,1
2doxskn,1
Uwu4qia,1
Lordaavat,1
Szkt1jl,1
Nappisilmissä,1
Y4pzbmx,1
Czo5oqf,1
Kerjäläisagenda,1
Poliisivakuutus,1
Ennakkojuomaraha,1
Donaattori,1
The_f_word_,1
Făg,1
Päristelymopon,1
Runkkarimaisuuden,1
Dystopiascifistä,1
Fraktioiden,1
Harrikkaveikoille,1
Pärinäpojille,1
Polkupyöränpumppu,1
Varoittaaksesi,1
1azihg3,1
Dokaavilta,1
Kekäläisem,1
Tyällistämispalveluista,1
Ehämmulla,1
Tairaaki,1
Vanhentunneet,1
Listini,1
Rytistäminen,1
Pyrkyrinousukkaita,1
Bisnesäijällä,1
Pdgjpqzae0e,1
Pcmejjv,1
5js9o8,1
Huvittaisi_katsoa_joku_anime_mutta_mik,1
Kiersivätköhän,1
Kaverivihkot,1
Spaketista,1
Populisteilemalla,1
Kirjoittivathan,1
Laukkunnekin,1
Pyykkipulverit,1
Penetratioksi,1
Mukatieteellisen,1
Arvuutteluihin,1
Homoseksualisoinut,1
Lohkolta,1
Kauhukin,1
Polttoainekanistereita,1
Raudanpätkää,1
Jalkatuettomaan,1
Kaasunaamarilaukku,1
Reunakohdasta,1
Langanpätkää,1
Keinokuitumateriaalit,1
Silitettäessä,1
Keinokuidussa,1
Täyspuuvillan,1
Ruokamenon,1
Ruokamenoksi,1
Pakastelet,1
Suippenevina,1
Clokattuu,1
Venakkoon,1
Toimitapainotteisesta,1
Skimmailemalla,1
Linssibolognesea,1
Kanasuikalepaketin,1
Kasvisprotskujen,1
Maustekokoelmaan,1
Kasvisreseptejäni,1
Koostumuksellista,1
Orpokotejakaan,1
Avocadosalaatti,1
Proteeinina,1
Benghazia,1
Feministilogiikkaa,1
Laskumella,1
Laualaja,1
Persläpiplaneettoja,1
Rangaistuksellisesti,1
Liikennekäyttäytymisellään,1
Venäjäyhteistyötapahtumaan,1
Talousrikospullaa,1
Ympyräargumentilla,1
Uudelleentarkistuttaa,1
Kompleksisti,1
Seksuaalisuusryhmän,1
Homomiehethän,1
Verenluovutuskieltokin,1
Seksikokemuksiin,1
Katukerjääminen,1
Avaruusyhteiskunta,1
Jph2qwxj,1
Yhteiskuntajärjeselmiin,1
Takatapeilla,1
Lumihitauleensa,1
Liittolaissuomi,1
Nojautuvaksi,1
Oppositiopuoleissakin,1
Lipsuilee,1
Soodastreameriin,1
Aisakkaille,1
Vastaväittämän,1
Maaseutuvilla,1
Mulkeroks,1
C1clx9mf7gu,1
Tn4whtgwlhy,1
Gated_community,1
Parkeerannu,1
Glorifioivankin,1
Menneisyyessä,1
Epankissa,1
Spesiaalimulkkuutta,1
Kärrääviä,1
Mahdollisuuksienkaan,1
Sosiaalipornonyyhkytystapaus,1
Autonpuhdistustarvikkeet,1
Eipäreilu,1
Vakutuusyhtiölle,1
Vallattavan,1
Vartijakseen,1
Teräsvahvisteisesta,1
Hexunimg,1
Ucxgdu,1
Koiramamman,1
Pb8vl,1
Koiroparan,1
Kerjäysilmiö,1
Lennokkilainsäädäntö,1
Lennonjohtoselvityksen,1
Ilmailusopimuksen,1
Tt0479547,1
Pirisäkkejä,1
Riemastuisivatkin,1
Väestönsuojahommat,1
Putinistanilla,1
Pommisuojabetonit,1
Romaanihan,1
Sotilastunnelit,1
Fimassa,1
Kaverinepotismilla,1
Luottaaman,1
Luokittelumahdollisuus,1
Busterista,1
Täggäämisen,1
Intoilussa,1
Loskapaskarospuutto,1
Masennuspönötyspäivän,1
Räntätuiskussa,1
Huivimiesten,1
Soihtumatojen,1
Flarilla,1
Näköesteillä,1
Yöaktiviteetteinä,1
Huonojousisella,1
Kiertoliitymät,1
Ongelmakuskeja,1
Mobiiliversioitakin,1
Kanahäkeistä,1
Vieraspaikoilta,1
Turpalöylyjä,1
Karjaistu,1
Rikollisringille,1
Nahkatakkiklopit,1
Kerjäyslappusen,1
Rahanvonkaamis,1
Ruttaamisella,1
Nahkatakkikloppi,1
3c0279af5f9f697a130e6615c4468d1e,1
Qer_mzf06y,1
Forcefulnastyguanaco,1
Mamubusineksesta,1
Normishakkia,1
9joqoletcru,1
Jengirintamalla,1
Yhdyssananmuodostusta,1
Kaksiosaisuudestaankin,1
Huonoryhtisen,1
Varusjantterin,1
Kateltaa,1
Normishakki,1
Mastersofgames,1
Vaapaat,1
Indoktroituja,1
Dodgena,1
Maahntulokielto,1
Kertakäyttöpoliitikko,1
Oopiumikaupalla,1
Vieraspaikoilla,1
Revän,1
Sanakombinaation,1
Tiiättäkös,1
Spesifisempiä,1
Kunnianloukkauskuumotteluun,1
Aggressioni,1
Bravuuriaihe,1
Huolehtimattomalla,1
Freemonttina,1
Amexi,1
Uosis,1
Laardinvarsi,1
Seikkalunhalua,1
Vähemmistörekry,1
Monikulttuuristaunelmaa,1
Poliisiampumista,1
Eriväirisä,1
Homoje,1
Itketttäväksi,1
Lasagnevuokaan,1
Ulkonapitämiseksi,1
Maahanmuuttopaskaa,1
Mobilisoituvaa,1
Kelpoisuusvaatimuksiin,1
Ylivalotuksesta,1
Brigtnestä,1
Hullunlehmä,1
Sellaisis,1
Fillarinlukkoja,1
Actionmättö,1
Hjerppe,1
Ympäröikö,1
Päättelytyöhön,1
Ajatteluprosessilla,1
Mopoautojengi,1
Jenkkisala,1
Etäisyysennätys,1
Itsaribileet,1
Jaksetaans,1
Tesla_model_s,1
Epikriisitekstit,1
Terveyskeskushessu,1
Lukkopesiin,1
Blqffg3,1
Viittavakin,1
Kapsäkkis,1
Lyijypainon,1
Karjapuskurit,1
Egobuustaajat,1
Wokkivihannessotkua,1
Xdkgwxu,1
Lippujuhlaksi,1
Varjageja,1
51pm,1
Koleuden,1
Luolastokompleksin,1
Kohukierteitä,1
Torjuntayksiköstä,1
Peruspaku,1
Soijavelliä,1
Kokkausiltaman,1
Kokoomuspäättäjän,1
Turvapaikkahakijabisneksestä,1
Zuurnalistista,1
Ambitiotakin,1
Umpisuossa,1
Pitkospuitakin,1
Maksast,1
Ruuanvalmistusvehkeet,1
Varjobudjettina,1
Illanviettorahaa,1
Swattauksissa,1
Kuiskailit,1
Klommojahan,1
Mcdaid,1
A7677071,1
Pyaäköityjä,1
Elecroswingihmisiä,1
Stelarin,1
Hiteimmät,1
Kulttuurisivustot,1
Sotahomman,1
Nikkihän,1
Nikiksi,1
D2_rogue_encampment,1
Alustatyypin,1
Tuttavaperheisiin,1
Sentenniaalibileiden,1
Naamamiitin,1
Superpaskat,1
Palkkasäästöjä,1
Ensiapuhenkilöt,1
Patenttihakemukselta,1
Sadankahdenkympin,1
Telavirityksiä,1
Ryssänmailla,1
Konkelillekin,1
Rapsutuslangan,1
Wsad,1
Motivaatiotarkastuksen,1
Mahtavuusyhteiskunta,1
Sosiosfääriin,1
Sosialistisä,1
Lamakrapulaa,1
Kapitalistivettä,1
Vakiduuneista,1
Piiloduuni,1
Koulukaverillesi,1
Imeväisessä,1
Keynesiläisroskaa,1
Laukasualustana,1
30mkk,1
Officelissuja,1
Eduouka,1
Windowssejakin,1
Nopeusalueilla,1
Ylinopeushurjasteleva,1
Makkaramiljonääri,1
Nelinumeroisesti,1
Lähiönvanhin,1
Öljyvärineen,1
Virtsattuaan,1
Raotettuun,1
Somalipoliisi,1
Polytrickseihin,1
Hartiosta,1
Siviilisuojiin,1
Palokirveellä,1
3a2sedg,1
Poz,1
Yleiskäyttöauto,1
Officepaketti,1
Ulottumattomisssa,1
Järjestelläkin,1
A7333506,1
Valvontakulu,1
Rikkeentekijän,1
Perintärekisteriin,1
Kerrostalopaloa,1
Fiiliskilpikonnapuolustukselta,1
6o0nrp,1
Robber_in_motorcycle_helmet_doesnt_see_the,1
Lönnrothinkadulle,1
Lönkalta,1
Fredrikinkadulle,1
Lerssinkärjellä,1
Tuttavilleenkin,1
Deaktivoidakin,1
Isännnöitsijälle,1
Tutkimuslautakuntien,1
Natiivimummo,1
Jättirotuisia,1
Geopoliitiikka,1
Kumiliivejä,1
Lp8lqfk,1
191r2k,1
For_those_of_us_with_edu_email_address_what,1
Harjoittelunepotismi,1
Stelarista,1
Kokoomasoittolistoja,1
Voilevät,1
Juurespohjaisia,1
Vastatulia,1
Sähkömuutossarjan,1
Kumiliivit,1
Hapeensaantia,1
Talousrahoille,1
Pakolliisiin,1
Muutoskatsastuksella,1
Negretskulovia,1
Pedofiilijärjestöltä,1
Fillarikommarin,1
Kommariosuutta,1
Henkilövuokrafirma,1
Henkilövuokrausyritykselle,1
Resortilla,1
Tukikohdastani,1
Vuokraneukkarissa,1
Trnk41k_7uy,1
Kiireongelmista,1
Sairaalahierarkiassa,1
Työntekijäryhmille,1
Urosmunakoison,1
Naarasmunakoisoissa,1
Viirumaisen,1
8mofqh6,1
Gimmickki,1
Kriisintorjuntaharjoitus,1
Taloustililtä,1
Ihmeruoan,1
Txsdytw,1
Usvahirvikuva,1
Unelmahöttöiseen,1
Pakolaispolitiikassaan,1
20045472_1216635595114923_4857098743295337004_o,1
572285f02c65b2fba785aec5aec82f5c,1
5a0bc959,1
Sanottakoo,1
Logistiikkakustannuksiltaan,1
Lämmityskuluiltaan,1
Lievitt,1
Hyädyllisempää,1
Lääketroppeja,1
Psykoteriapiassa,1
Purkkibasilikaa,1
Tuuheina,1
Perustanevat,1
Kehitysmaadiktatuurissa,1
20nainen,1
20voisi,1
20hallita,1
20maailmaa,1
Nettilistasta,1
Odotteluprosessin,1
Osastonlääkärit,1
Sairaanhoitajapulaa,1
Ammattiego,1
Pgaa7e6icx0,1
Hylsyjään,1
Feaster,1
Bikedetail,1
Bike_details,1
Bike_id,1
C15b18c32f73097c76bd42715075f623,1
Pienennyksellä,1
Tapaamassakin,1
Vuosikolmannes,1
Valmispyörää,1
Joustamasta,1
Pelastamisessahan,1
Pelastesta,1
Hupasan,1
G18,1
Julkisalaisesta,1
Supinasta,1
Stardistoon,1
Hyppäänkö,1
Odotusjaksojen,1
Happosylkeen,1
Välittämisellään,1
Lausuntokone,1
Lausunnankirjoittelun,1
Kytkösmeininki,1
Parkkipaikallamme,1
Psykoterapiapätevyys,1
Psykootikot,1
Brenkuttelun,1
Alkoholirasitus,1
Ördäkänniksi,1
Itiötee,1
Ihquun,1
Zoomamallakaan,1
Konttilaitosta,1
Ygaaajg,1
Soijakasvilla,1
Ak9gy3vlku4,1
Lippisukko,1
Pahnanpohjinmaiset,1
Hyödennettäväksi,1
6o66qn,1
Uuden_vaihtoehdon_kannatus_vain_25_prosenttia,1
Dkf0fo4,1
Stl78su_dya,1
Invalidipaikalle,1
Eurooppalaisvirkamiehen,1
Yksityisempiin,1
Päivällistapaaminen,1
Terapiakorvaushakemusta,1
Evättin,1
Enskapyörä,1
Perushoitomuoto,1
Parkkiipaikkaa,1
Soseruokaa,1
Romantiikannälkäisten,1
Pyyhittäväksi,1
Kompuuttaa,1
Lääkärinplantuilla,1
Kq4lvuj39fe,1
Palaveerasi,1
A7847636,1
Painoitteisuus,1
Näätteks,1
Sotaaaan,1
Pmc4172306,1
Tutkimustaustalla,1
Keskivaikeissakin,1
Diagnosoijina,1
Paimentensa,1
Hyväksikäyttötoiminta,1
Etuakseleiden,1
Zxq5ons,1
Vinyylihipsteristereotyyppiä,1
Krebaamiseen,1
Kokovartalopuudutuksen,1
Feikkivihreitä,1
Italian_lentil_and_69054,1
Pakastepurkkiin,1
Parmesanraasten,1
Italialaissävytteisiä,1
Lisäraudaksi,1
Inkivääritahnat,1
Neilshealthymeals,1
Perusmaustekombot,1
Muovipussilliset,1
Kardemummansiemeniä,1
Peruscurryt,1
Tortillamixit,1
Perusyrtit,1
0etusivu,1
Tkat_map,1
Mtype,1
Electroswingrevolution,1
Ympäristödiipadaapa,1
Miittinkit,1
Äännestyskäyttäytymiseen,1
Vegaanisoijaa,1
Löiköhän,1
Terapiapalveluitaan,1
Ruokakasveissakin,1
Ayahuscan,1
Ayahuscaa,1
Auahuasca,1
Intensiivivalvonnasta,1
Intensiivivalvonta,1
Rivijäsenien,1
Dcd4a49598f5f92da560f6ed85703f30,1
Juttu727214_page0,1
Suopajärvi,1
Unelmakokoonpano,1
Ajapxnms,1
Katsojakunnille,1
Tekijänoikeuskiristäminen,1
Mulukuksi,1
Lohduttavinta,1
Menesitymiseen,1
Mollauksilta,1
Kannatamansa,1
Tatuointitarkastaja,1
Koulutusjärjetelmä,1
Persukommari,1
Baselineni,1
Känniurpoilua,1
Joukkoirtisanomisetkaan,1
Onkologiakin,1
Lämpöhuolto,1
Hipsteripyöräily,1
Minimimiehitykset,1
Pelastuspaikasta,1
Ooiimńn,1
Kiintöpakolaiset,1
Vartijanaisen,1
Pälättäen,1
Kiinniottanutta,1
Kovinknaan,1
Työpaikkaruokailua,1
Kulttuurihässäkkää,1
Lähestymismallin,1
Maizièren,1
Paikannuslähettimensä,1
6o06nf,1
New_york_times_näin_härskisti_italian_mafia,1
Perintäverot,1
Kiristyssummia,1
Kiristysrahojahan,1
Katumaasuri,1
Kyykistelemässä,1
Arabinuorukaiset,1
6nwi1f,1
Someone_dropped_a_concrete_block_from_a_highrise,1
Monotyyppejä,1
Hevosenpaskavertailu,1
Kiteytyvä,1
Allaahuu,1
Akbaaar,1
Vaihellaan,1
Hallussaa,1
Lomamaita,1
Adrenaliinisyöksyssä,1
Tekijänoikeusammattilaisen,1
Kämmenistään,1
Robottiekin,1
Ihmispiirteitä,1
Hauskuuskäsitykseni,1
Synaptista,1
Chillienkin,1
Vonkausreissulla,1
Desensitoimaan,1
Effitaustan,1
Somelakimiehiä,1
Turvallisuusluokituksella,1
Aaaoooaa,1
Ysineljää,1
Ravintonappulansa,1
Luonteenpiirresanaa,1
Häpäeää,1
F0v,1
Yaogryw,1
Viisastenkiveähän,1
Todistuskappaleet,1
Harjoitusohelma,1
Bp8h1284,1
Kännyköitsijät,1
Epsanjalaisia,1
Pilasoittajia,1
Totallynotrobotsmeirl,1
Oikkarinen,1
Amatöörirunkkareille,1
Riskipelistä,1
Tatuoijalla,1
Eltonin,1
Videotarjontaan,1
Ammattitumputtaja,1
Otannassakin,1
Aikaustyön,1
Hankaloiduttua,1
Nykytestilläkään,1
Päänkatkomispelistä,1
Typeröintejäni,1
Onnettomuusalttiissa,1
Maaukoille,1
Jeesushommia,1
Suomessalmella,1
Orgasmeerata,1
Perustulokokeilututkimus,1
Parkkipaikkavaatimuksia,1
Epäjohdonmukaisuutensa,1
Maanpetosasia,1
Trumpinvastaisia,1
Kräkkääjien,1
Tuulivoimakammo,1
Reast,1
Potilaslähtöisyyden,1
Mau5torm,1
Playfultemperedfloofgiveplz,1
Tatuoijia,1
Itsearviointilomakkeen,1
Lääkevuoden,1
Otrtaan,1
Tauoistaan,1
Rfl4i6krkkq,1
Vahvoisiin,1
Oikeutttaan,1
Vajaakuntoisina,1
Nykypäivan,1
Rapjack,1
Dpa_fact_sheet_portugal_decriminalization_feb2015,1
Päiväkirurgisten,1
Zombiarmeijoita,1
Juhlapäivävajausta,1
Juhlamielen,1
Deliriant,1
Hallitusposition,1
Ruudinkeksijyyttä,1
Murenivatko,1
Masennussyövereissä,1
Amanitas_effects,1
Huumeoden,1
Lähimmäisimpiään,1
Huumeidem,1
Lapjack,1
Läpsyminen,1
Jutkuilen,1
6o18d8,1
Sata_vuotta_sitten_suomi_julistautui_ensimm,1
Mnl9hpe8lee,1
Guota,1
Suklaajunavideo,1
I53hdr0,1
Qew,1
Hyvänolonpurskauksia,1
Mobiiliruudulta,1
Vaalihakkeroinnista,1
Päihteellisiä,1
Fixaajan,1
Roskabisnekseen,1
Liikealoja,1
Ilmeisimmillä,1
Hakusanayhdistelmillä,1
Manifestoivaksi,1
Δηλοῦν,1
Psychē,1
Dēloun,1
Persuvaravaltuutetun,1
Sekuntimuna,1
Aamulenkkeilijä,1
Yhteistanssista,1
Polskimiseen,1
Vanhustenhoitokin,1
Haittamatsinfixaus,1
Fixers,1
Vanhustenhoitokorttikin,1
Keskivertoverrokkejaan,1
Keräilyrobotitkaan,1
Autostereotyyppejä,1
Vicii,1
Articles_2014_breaking_the_laws,1
Valtuutettuhan,1
Suuteloi,1
Ryöpyttäisivät,1
Paeaettaejien,1
Hyvaeksymae,1
Tilannekartoituksen,1
Meinanu,1
Hiihrulaiset,1
Electricsense,1
_fi_0vts,1
Vihermölkeröt,1
Miljardikuluista,1
Wöördpressillä,1
Uhkaussoittoon,1
Uhkauspuhelua,1
201707192200275173_jp,1
Yrjönheikin,1
Raatinsaari,1
Kannustustimien,1
Tyybytreffien,1
Keinohamppukoysi,1
36mm,1
Koalapaintissa,1
Sukupuolitauteildta,1
Misogyniahysteriasta,1
Vauvatehtaisiin,1
Abortikäytännöille,1
Sairaimmin,1
Järjestetäynyt,1
Rangaistiinpa,1
Yu5bpmcdn3m,1
Järjenkäyttötilaan,1
Tavaranmyyjät,1
Vaaraantumisesta,1
Multicolor,1
Mokailisikin,1
Yhtämittaisia,1
Valvotetun,1
Hoitajakunnassa,1
Valikoituvien,1
Kikkelinmaku,1
Humppatapahtuma,1
4ghenkään,1
Farageagaan,1
Keskituloisemmat,1
Faragehan,1
Valepukeista,1
Hampinsa,1
Räkätyspuhelu,1
Kikkeliys,1
Pimpu,1
Lapsiperheiltäkin,1
Marrrjattttaaaaaaa,1
_niin_kyllästyttää,1
Koulun_penkillä,1
Kanavapakettitarjoukseen,1
Näivetystauti,1
Woohoooo,1
Fah0r4c6q2q,1
Nykyfyffen,1
Igrin,1
Hoitajakoulu,1
Juupelia,1
Autokouluajoilta,1
Rajallisuudessaan,1
Kotitalouksiensa,1
Monimaailmahypoteesiin,1
Simulaatioargumenttiin,1
Hitlerspinneristä,1
Videoeditti,1
Tunnepuolinen,1
Massaenemmistöinen,1
Perhevelvollisuudet,1
Gimppigagin,1
Blogipostauslähteessä,1
Koiraesi,1
Päivystyslomat,1
Keikkapalkoista,1
Perus_taidot_,1
Paineluelvytti,1
Hallinoimisen,1
Kuolemanenkeliä,1
Kollegiaalisuutta,1
Enduromoottoripyöriin,1
Poincare,1
Päivätilaisuudessa,1
Kasaavaa,1
Megajournaalia,1
Vuosiero,1
Raihnaisuuteen,1
Elonvoimassa,1
Kotiinjääjiä,1
Kotiteurastaja,1
Kiertokulkuahan,1
Tiedeyhteisolla,1
Jattikustantajalla,1
Hintakiista,1
Nbvlxdq8,1
Kuolemanenkeleistä,1
Marttyyrimieliala,1
Angstaile,1
Ajatuskeloja,1
Spinnereita,1
Turvallisuuspykäliä,1
Kuluttajasuojaviraston,1
Ydinaiheeksi,1
Rospotrebnadzor,1
News_details,1
Element_id,1
Erowidista,1
Ajanvirtaan,1
Nakukäveli,1
Yleisöönkin,1
Taikatalvea,1
Epätyydyttävistäkin,1
Ideaalikokemuksen,1
Itsariviesti,1
Kesähessutarinoiden,1
Yololtahan,1
Emeritustutkijasta,1
Lychee_and_dog_meat_festival,1
Hevirumpali,1
Kidutusvehkeestä,1
Promillestakaan,1
Fusseforumilta,1
Wkndin,1
Teinipissismaku,1
Perhetoimintojen,1
Elämäntoiveistaan,1
Ideaaliparisuhteesta,1
Lipsumiset,1
Livekuoleman,1
Traumaattinenkin,1
Elonpyörää,1
Raihnaisin,1
Nivelin,1
Hardstyleheebot,1
Teknofiilinä,1
Projisoituun,1
Uwv,1
Rakenteliko,1
Jigauksensa,1
Muistoineni,1
Lopullisuu,1
Myötämielin,1
Puppepuppefagiasta,1
Vihollisiensa,1
Olli_j,1
A4rhinen,1
68162aa,1
Renderöintiklusterin,1
Olemattomuudestahan,1
Pjkohan,1
Liukuhihnalääkäristä,1
Ekistentiaalista,1
Puhtii,1
Vilautteluthan,1
Tajuttomuustilan,1
Huumoripakkoväännöstä,1
Alastonuintiin,1
